# mapa variacional (Lambda, theta) | filas = Lambda (200), columnas = theta (200) | sector=even, sign=+1, N_FOCK=50, r_thresh=1e-05
-7.69952146e-09 -7.69957420e-09 -7.69973207e-09 -7.69999431e-09 -7.70035979e-09 -7.70082764e-09 -7.70139541e-09 -7.70206104e-09 -7.70282221e-09 -7.70367536e-09 -7.70461772e-09 -7.70564484e-09 -7.70675351e-09 -7.70793873e-09 -7.70919584e-09 -7.71052011e-09 -7.71190634e-09 -7.71334868e-09 -7.71484154e-09 -7.71637942e-09 -7.71795566e-09 -7.71956410e-09 -7.72119857e-09 -7.72285236e-09 -7.72451897e-09 -7.72619169e-09 -7.72786407e-09 -7.72952935e-09 -7.73118058e-09 -7.73281150e-09 -7.73441566e-09 -7.73598646e-09 -7.73751752e-09 -7.73900311e-09 -7.74043657e-09 -7.74181297e-09 -7.74312625e-09 -7.74437137e-09 -7.74554343e-09 -7.74663722e-09 -7.74764913e-09 -7.74857450e-09 -7.74940973e-09 -7.75015163e-09 -7.75079684e-09 -7.75134334e-09 -7.75178866e-09 -7.75213055e-09 -7.75236836e-09 -7.75250064e-09 -7.75252706e-09 -7.75244768e-09 -7.75226261e-09 -7.75197234e-09 -7.75157871e-09 -7.75108255e-09 -7.75048636e-09 -7.74979247e-09 -7.74900349e-09 -7.74812292e-09 -7.74715375e-09 -7.74610048e-09 -7.74496678e-09 -7.74375758e-09 -7.74247794e-09 -7.74113224e-09 -7.73972664e-09 -7.73826625e-09 -7.73675735e-09 -7.73520553e-09 -7.73361730e-09 -7.73199921e-09 -7.73035713e-09 -7.72869796e-09 -7.72702835e-09 -7.72535497e-09 -7.72368469e-09 -7.72202335e-09 -7.72037834e-09 -7.71875630e-09 -7.71716313e-09 -7.71560532e-09 -7.71408909e-09 -7.71262088e-09 -7.71120567e-09 -7.70984981e-09 -7.70855868e-09 -7.70733682e-09 -7.70618924e-09 -7.70512076e-09 -7.70413561e-09 -7.70323744e-09 -7.70242986e-09 -7.70171615e-09 -7.70109898e-09 -7.70058101e-09 -7.70016428e-09 -7.69985004e-09 -7.69963998e-09 -7.69953468e-09 -7.69953468e-09 -7.69963998e-09 -7.69985004e-09 -7.70016428e-09 -7.70058101e-09 -7.70109898e-09 -7.70171615e-09 -7.70242986e-09 -7.70323744e-09 -7.70413561e-09 -7.70512076e-09 -7.70618924e-09 -7.70733682e-09 -7.70855868e-09 -7.70984981e-09 -7.71120567e-09 -7.71262088e-09 -7.71408909e-09 -7.71560532e-09 -7.71716313e-09 -7.71875630e-09 -7.72037834e-09 -7.72202335e-09 -7.72368469e-09 -7.72535497e-09 -7.72702835e-09 -7.72869796e-09 -7.73035713e-09 -7.73199921e-09 -7.73361730e-09 -7.73520553e-09 -7.73675735e-09 -7.73826625e-09 -7.73972664e-09 -7.74113224e-09 -7.74247794e-09 -7.74375758e-09 -7.74496678e-09 -7.74610048e-09 -7.74715375e-09 -7.74812292e-09 -7.74900349e-09 -7.74979247e-09 -7.75048636e-09 -7.75108255e-09 -7.75157871e-09 -7.75197234e-09 -7.75226261e-09 -7.75244768e-09 -7.75252706e-09 -7.75250064e-09 -7.75236836e-09 -7.75213055e-09 -7.75178866e-09 -7.75134334e-09 -7.75079684e-09 -7.75015163e-09 -7.74940973e-09 -7.74857450e-09 -7.74764913e-09 -7.74663722e-09 -7.74554343e-09 -7.74437137e-09 -7.74312625e-09 -7.74181297e-09 -7.74043657e-09 -7.73900311e-09 -7.73751752e-09 -7.73598646e-09 -7.73441566e-09 -7.73281150e-09 -7.73118058e-09 -7.72952935e-09 -7.72786407e-09 -7.72619169e-09 -7.72451897e-09 -7.72285236e-09 -7.72119857e-09 -7.71956410e-09 -7.71795566e-09 -7.71637942e-09 -7.71484154e-09 -7.71334868e-09 -7.71190634e-09 -7.71052011e-09 -7.70919584e-09 -7.70793873e-09 -7.70675351e-09 -7.70564484e-09 -7.70461772e-09 -7.70367536e-09 -7.70282221e-09 -7.70206104e-09 -7.70139541e-09 -7.70082764e-09 -7.70035979e-09 -7.69999431e-09 -7.69973207e-09 -7.69957420e-09 -7.69952146e-09
-7.61769520e-09 -7.61782853e-09 -7.61822749e-09 -7.61889074e-09 -7.61981567e-09 -7.62099872e-09 -7.62243513e-09 -7.62411978e-09 -7.62604530e-09 -7.62820507e-09 -7.63058988e-09 -7.63319119e-09 -7.63599800e-09 -7.63900004e-09 -7.64218533e-09 -7.64554098e-09 -7.64905450e-09 -7.65271169e-09 -7.65649810e-09 -7.66039920e-09 -7.66439895e-09 -7.66848218e-09 -7.67263236e-09 -7.67683328e-09 -7.68106806e-09 -7.68531966e-09 -7.68957165e-09 -7.69380670e-09 -7.69800790e-09 -7.70215869e-09 -7.70624231e-09 -7.71024217e-09 -7.71414238e-09 -7.71792708e-09 -7.72158137e-09 -7.72509018e-09 -7.72843917e-09 -7.73161501e-09 -7.73460507e-09 -7.73739683e-09 -7.73997910e-09 -7.74234127e-09 -7.74447406e-09 -7.74636832e-09 -7.74801656e-09 -7.74941222e-09 -7.75054931e-09 -7.75142328e-09 -7.75203052e-09 -7.75236897e-09 -7.75243669e-09 -7.75223347e-09 -7.75176051e-09 -7.75101938e-09 -7.75001330e-09 -7.74874626e-09 -7.74722375e-09 -7.74545139e-09 -7.74343695e-09 -7.74118825e-09 -7.73871478e-09 -7.73602643e-09 -7.73313402e-09 -7.73004966e-09 -7.72678532e-09 -7.72335473e-09 -7.71977143e-09 -7.71605008e-09 -7.71220565e-09 -7.70825365e-09 -7.70420983e-09 -7.70009068e-09 -7.69591246e-09 -7.69169234e-09 -7.68744685e-09 -7.68319280e-09 -7.67894748e-09 -7.67472746e-09 -7.67055003e-09 -7.66643138e-09 -7.66238750e-09 -7.65843544e-09 -7.65458963e-09 -7.65086622e-09 -7.64727892e-09 -7.64384278e-09 -7.64057029e-09 -7.63747543e-09 -7.63456953e-09 -7.63186414e-09 -7.62936980e-09 -7.62709645e-09 -7.62505287e-09 -7.62324665e-09 -7.62168567e-09 -7.62037505e-09 -7.61932062e-09 -7.61852620e-09 -7.61799490e-09 -7.61772867e-09 -7.61772867e-09 -7.61799490e-09 -7.61852620e-09 -7.61932062e-09 -7.62037505e-09 -7.62168567e-09 -7.62324665e-09 -7.62505287e-09 -7.62709645e-09 -7.62936980e-09 -7.63186414e-09 -7.63456953e-09 -7.63747543e-09 -7.64057029e-09 -7.64384278e-09 -7.64727892e-09 -7.65086622e-09 -7.65458963e-09 -7.65843544e-09 -7.66238750e-09 -7.66643138e-09 -7.67055003e-09 -7.67472746e-09 -7.67894748e-09 -7.68319280e-09 -7.68744685e-09 -7.69169234e-09 -7.69591246e-09 -7.70009068e-09 -7.70420983e-09 -7.70825365e-09 -7.71220565e-09 -7.71605008e-09 -7.71977143e-09 -7.72335473e-09 -7.72678532e-09 -7.73004966e-09 -7.73313402e-09 -7.73602643e-09 -7.73871478e-09 -7.74118825e-09 -7.74343695e-09 -7.74545139e-09 -7.74722375e-09 -7.74874626e-09 -7.75001330e-09 -7.75101938e-09 -7.75176051e-09 -7.75223347e-09 -7.75243669e-09 -7.75236897e-09 -7.75203052e-09 -7.75142328e-09 -7.75054931e-09 -7.74941222e-09 -7.74801656e-09 -7.74636832e-09 -7.74447406e-09 -7.74234127e-09 -7.73997910e-09 -7.73739683e-09 -7.73460507e-09 -7.73161501e-09 -7.72843917e-09 -7.72509018e-09 -7.72158137e-09 -7.71792708e-09 -7.71414238e-09 -7.71024217e-09 -7.70624231e-09 -7.70215869e-09 -7.69800790e-09 -7.69380670e-09 -7.68957165e-09 -7.68531966e-09 -7.68106806e-09 -7.67683328e-09 -7.67263236e-09 -7.66848218e-09 -7.66439895e-09 -7.66039920e-09 -7.65649810e-09 -7.65271169e-09 -7.64905450e-09 -7.64554098e-09 -7.64218533e-09 -7.63900004e-09 -7.63599800e-09 -7.63319119e-09 -7.63058988e-09 -7.62820507e-09 -7.62604530e-09 -7.62411978e-09 -7.62243513e-09 -7.62099872e-09 -7.61981567e-09 -7.61889074e-09 -7.61822749e-09 -7.61782853e-09 -7.61769520e-09
-7.49958240e-09 -7.49983037e-09 -7.50057327e-09 -7.50180817e-09 -7.50353091e-09 -7.50573437e-09 -7.50841023e-09 -7.51154849e-09 -7.51513729e-09 -7.51916263e-09 -7.52360929e-09 -7.52845991e-09 -7.53369661e-09 -7.53929841e-09 -7.54524443e-09 -7.55151125e-09 -7.55807489e-09 -7.56490970e-09 -7.57198915e-09 -7.57928564e-09 -7.58677066e-09 -7.59441476e-09 -7.60218821e-09 -7.61005992e-09 -7.61799857e-09 -7.62597330e-09 -7.63395197e-09 -7.64190267e-09 -7.64979408e-09 -7.65759350e-09 -7.66527031e-09 -7.67279340e-09 -7.68013225e-09 -7.68725694e-09 -7.69413833e-09 -7.70074871e-09 -7.70706055e-09 -7.71304820e-09 -7.71868724e-09 -7.72395409e-09 -7.72882736e-09 -7.73328634e-09 -7.73731312e-09 -7.74089048e-09 -7.74400383e-09 -7.74664038e-09 -7.74878883e-09 -7.75044073e-09 -7.75158848e-09 -7.75222775e-09 -7.75235565e-09 -7.75197195e-09 -7.75107800e-09 -7.74967740e-09 -7.74777631e-09 -7.74538245e-09 -7.74250597e-09 -7.73915892e-09 -7.73535491e-09 -7.73110975e-09 -7.72644121e-09 -7.72136849e-09 -7.71591285e-09 -7.71009656e-09 -7.70394348e-09 -7.69747915e-09 -7.69072989e-09 -7.68372310e-09 -7.67648789e-09 -7.66905323e-09 -7.66144931e-09 -7.65370700e-09 -7.64585784e-09 -7.63793279e-09 -7.62996410e-09 -7.62198349e-09 -7.61402269e-09 -7.60611363e-09 -7.59828728e-09 -7.59057484e-09 -7.58300661e-09 -7.57561197e-09 -7.56842056e-09 -7.56146007e-09 -7.55475743e-09 -7.54833918e-09 -7.54222979e-09 -7.53645307e-09 -7.53103113e-09 -7.52598517e-09 -7.52133433e-09 -7.51709639e-09 -7.51328733e-09 -7.50992235e-09 -7.50701379e-09 -7.50457302e-09 -7.50260898e-09 -7.50112955e-09 -7.50014001e-09 -7.49964446e-09 -7.49964446e-09 -7.50014001e-09 -7.50112955e-09 -7.50260898e-09 -7.50457302e-09 -7.50701379e-09 -7.50992235e-09 -7.51328733e-09 -7.51709639e-09 -7.52133433e-09 -7.52598517e-09 -7.53103113e-09 -7.53645307e-09 -7.54222979e-09 -7.54833918e-09 -7.55475743e-09 -7.56146007e-09 -7.56842056e-09 -7.57561197e-09 -7.58300661e-09 -7.59057484e-09 -7.59828728e-09 -7.60611363e-09 -7.61402269e-09 -7.62198349e-09 -7.62996410e-09 -7.63793279e-09 -7.64585784e-09 -7.65370700e-09 -7.66144931e-09 -7.66905323e-09 -7.67648789e-09 -7.68372310e-09 -7.69072989e-09 -7.69747915e-09 -7.70394348e-09 -7.71009656e-09 -7.71591285e-09 -7.72136849e-09 -7.72644121e-09 -7.73110975e-09 -7.73535491e-09 -7.73915892e-09 -7.74250597e-09 -7.74538245e-09 -7.74777631e-09 -7.74967740e-09 -7.75107800e-09 -7.75197195e-09 -7.75235565e-09 -7.75222775e-09 -7.75158848e-09 -7.75044073e-09 -7.74878883e-09 -7.74664038e-09 -7.74400383e-09 -7.74089048e-09 -7.73731312e-09 -7.73328634e-09 -7.72882736e-09 -7.72395409e-09 -7.71868724e-09 -7.71304820e-09 -7.70706055e-09 -7.70074871e-09 -7.69413833e-09 -7.68725694e-09 -7.68013225e-09 -7.67279340e-09 -7.66527031e-09 -7.65759350e-09 -7.64979408e-09 -7.64190267e-09 -7.63395197e-09 -7.62597330e-09 -7.61799857e-09 -7.61005992e-09 -7.60218821e-09 -7.59441476e-09 -7.58677066e-09 -7.57928564e-09 -7.57198915e-09 -7.56490970e-09 -7.55807489e-09 -7.55151125e-09 -7.54524443e-09 -7.53929841e-09 -7.53369661e-09 -7.52845991e-09 -7.52360929e-09 -7.51916263e-09 -7.51513729e-09 -7.51154849e-09 -7.50841023e-09 -7.50573437e-09 -7.50353091e-09 -7.50180817e-09 -7.50057327e-09 -7.49983037e-09 -7.49958240e-09
-7.34664996e-09 -7.34704414e-09 -7.34822458e-09 -7.35018718e-09 -7.35292482e-09 -7.35642702e-09 -7.36068162e-09 -7.36567218e-09 -7.37138023e-09 -7.37778499e-09 -7.38486244e-09 -7.39258588e-09 -7.40092687e-09 -7.40985401e-09 -7.41933343e-09 -7.42932921e-09 -7.43980355e-09 -7.45071665e-09 -7.46202666e-09 -7.47368967e-09 -7.48566098e-09 -7.49789431e-09 -7.51034140e-09 -7.52295382e-09 -7.53568197e-09 -7.54847551e-09 -7.56128321e-09 -7.57405394e-09 -7.58673674e-09 -7.59928021e-09 -7.61163382e-09 -7.62374675e-09 -7.63556979e-09 -7.64705449e-09 -7.65815300e-09 -7.66881986e-09 -7.67901021e-09 -7.68868191e-09 -7.69779390e-09 -7.70630854e-09 -7.71418940e-09 -7.72140357e-09 -7.72792019e-09 -7.73371156e-09 -7.73875297e-09 -7.74302306e-09 -7.74650355e-09 -7.74917941e-09 -7.75103942e-09 -7.75207520e-09 -7.75228248e-09 -7.75166037e-09 -7.75021192e-09 -7.74794279e-09 -7.74486325e-09 -7.74098580e-09 -7.73632758e-09 -7.73090814e-09 -7.72475084e-09 -7.71788211e-09 -7.71033032e-09 -7.70212838e-09 -7.69331021e-09 -7.68391339e-09 -7.67397701e-09 -7.66354302e-09 -7.65265495e-09 -7.64135749e-09 -7.62969771e-09 -7.61772345e-09 -7.60548402e-09 -7.59302921e-09 -7.58040963e-09 -7.56767643e-09 -7.55488078e-09 -7.54207358e-09 -7.52930684e-09 -7.51663015e-09 -7.50409412e-09 -7.49174783e-09 -7.47963963e-09 -7.46781681e-09 -7.45632478e-09 -7.44520789e-09 -7.43450901e-09 -7.42426909e-09 -7.41452699e-09 -7.40531936e-09 -7.39668132e-09 -7.38864525e-09 -7.38124117e-09 -7.37449690e-09 -7.36843780e-09 -7.36308614e-09 -7.35846128e-09 -7.35458100e-09 -7.35145944e-09 -7.34910854e-09 -7.34753641e-09 -7.34674860e-09 -7.34674860e-09 -7.34753641e-09 -7.34910854e-09 -7.35145944e-09 -7.35458100e-09 -7.35846128e-09 -7.36308614e-09 -7.36843780e-09 -7.37449690e-09 -7.38124117e-09 -7.38864525e-09 -7.39668132e-09 -7.40531936e-09 -7.41452699e-09 -7.42426909e-09 -7.43450901e-09 -7.44520789e-09 -7.45632478e-09 -7.46781681e-09 -7.47963963e-09 -7.49174783e-09 -7.50409412e-09 -7.51663015e-09 -7.52930684e-09 -7.54207358e-09 -7.55488078e-09 -7.56767643e-09 -7.58040963e-09 -7.59302921e-09 -7.60548402e-09 -7.61772345e-09 -7.62969771e-09 -7.64135749e-09 -7.65265495e-09 -7.66354302e-09 -7.67397701e-09 -7.68391339e-09 -7.69331021e-09 -7.70212838e-09 -7.71033032e-09 -7.71788211e-09 -7.72475084e-09 -7.73090814e-09 -7.73632758e-09 -7.74098580e-09 -7.74486325e-09 -7.74794279e-09 -7.75021192e-09 -7.75166037e-09 -7.75228248e-09 -7.75207520e-09 -7.75103942e-09 -7.74917941e-09 -7.74650355e-09 -7.74302306e-09 -7.73875297e-09 -7.73371156e-09 -7.72792019e-09 -7.72140357e-09 -7.71418940e-09 -7.70630854e-09 -7.69779390e-09 -7.68868191e-09 -7.67901021e-09 -7.66881986e-09 -7.65815300e-09 -7.64705449e-09 -7.63556979e-09 -7.62374675e-09 -7.61163382e-09 -7.59928021e-09 -7.58673674e-09 -7.57405394e-09 -7.56128321e-09 -7.54847551e-09 -7.53568197e-09 -7.52295382e-09 -7.51034140e-09 -7.49789431e-09 -7.48566098e-09 -7.47368967e-09 -7.46202666e-09 -7.45071665e-09 -7.43980355e-09 -7.42932921e-09 -7.41933343e-09 -7.40985401e-09 -7.40092687e-09 -7.39258588e-09 -7.38486244e-09 -7.37778499e-09 -7.37138023e-09 -7.36567218e-09 -7.36068162e-09 -7.35642702e-09 -7.35292482e-09 -7.35018718e-09 -7.34822458e-09 -7.34704414e-09 -7.34664996e-09
-7.16078818e-09 -7.16135568e-09 -7.16305576e-09 -7.16588272e-09 -7.16982640e-09 -7.17487275e-09 -7.18100368e-09 -7.18819798e-09 -7.19642973e-09 -7.20566901e-09 -7.21588289e-09 -7.22703480e-09 -7.23908389e-09 -7.25198634e-09 -7.26569493e-09 -7.28015914e-09 -7.29532557e-09 -7.31113731e-09 -7.32753497e-09 -7.34445688e-09 -7.36183831e-09 -7.37961325e-09 -7.39771261e-09 -7.41606621e-09 -7.43460238e-09 -7.45324791e-09 -7.47192885e-09 -7.49057039e-09 -7.50909745e-09 -7.52743506e-09 -7.54550811e-09 -7.56324248e-09 -7.58056479e-09 -7.59740237e-09 -7.61368557e-09 -7.62934510e-09 -7.64431440e-09 -7.65853025e-09 -7.67193126e-09 -7.68445974e-09 -7.69606184e-09 -7.70668662e-09 -7.71628805e-09 -7.72482411e-09 -7.73225739e-09 -7.73855480e-09 -7.74368897e-09 -7.74763687e-09 -7.75038134e-09 -7.75190989e-09 -7.75221598e-09 -7.75129816e-09 -7.74916054e-09 -7.74581244e-09 -7.74126885e-09 -7.73554992e-09 -7.72868081e-09 -7.72069192e-09 -7.71161801e-09 -7.70149933e-09 -7.69038000e-09 -7.67830821e-09 -7.66533642e-09 -7.65152042e-09 -7.63691999e-09 -7.62159746e-09 -7.60561775e-09 -7.58904856e-09 -7.57195967e-09 -7.55442220e-09 -7.53650919e-09 -7.51829449e-09 -7.49985285e-09 -7.48125900e-09 -7.46258855e-09 -7.44391604e-09 -7.42531608e-09 -7.40686223e-09 -7.38862671e-09 -7.37068107e-09 -7.35309430e-09 -7.33593419e-09 -7.31926647e-09 -7.30315441e-09 -7.28765825e-09 -7.27283611e-09 -7.25874288e-09 -7.24543125e-09 -7.23294979e-09 -7.22134408e-09 -7.21065613e-09 -7.20092530e-09 -7.19218574e-09 -7.18446957e-09 -7.17780391e-09 -7.17221271e-09 -7.16771587e-09 -7.16432902e-09 -7.16206444e-09 -7.16093040e-09 -7.16093040e-09 -7.16206444e-09 -7.16432902e-09 -7.16771587e-09 -7.17221271e-09 -7.17780391e-09 -7.18446957e-09 -7.19218562e-09 -7.20092530e-09 -7.21065618e-09 -7.22134408e-09 -7.23294974e-09 -7.24543125e-09 -7.25874288e-09 -7.27283611e-09 -7.28765814e-09 -7.30315441e-09 -7.31926647e-09 -7.33593419e-09 -7.35309430e-09 -7.37068107e-09 -7.38862671e-09 -7.40686223e-09 -7.42531608e-09 -7.44391604e-09 -7.46258855e-09 -7.48125900e-09 -7.49985285e-09 -7.51829449e-09 -7.53650919e-09 -7.55442220e-09 -7.57195967e-09 -7.58904856e-09 -7.60561775e-09 -7.62159746e-09 -7.63692010e-09 -7.65152042e-09 -7.66533642e-09 -7.67830821e-09 -7.69038000e-09 -7.70149933e-09 -7.71161801e-09 -7.72069192e-09 -7.72868081e-09 -7.73554992e-09 -7.74126885e-09 -7.74581244e-09 -7.74916054e-09 -7.75129816e-09 -7.75221598e-09 -7.75190989e-09 -7.75038134e-09 -7.74763687e-09 -7.74368897e-09 -7.73855485e-09 -7.73225739e-09 -7.72482411e-09 -7.71628805e-09 -7.70668662e-09 -7.69606184e-09 -7.68445974e-09 -7.67193126e-09 -7.65853025e-09 -7.64431440e-09 -7.62934510e-09 -7.61368557e-09 -7.59740243e-09 -7.58056479e-09 -7.56324248e-09 -7.54550811e-09 -7.52743506e-09 -7.50909745e-09 -7.49057039e-09 -7.47192885e-09 -7.45324791e-09 -7.43460238e-09 -7.41606621e-09 -7.39771261e-09 -7.37961325e-09 -7.36183831e-09 -7.34445688e-09 -7.32753497e-09 -7.31113731e-09 -7.29532557e-09 -7.28015914e-09 -7.26569493e-09 -7.25198634e-09 -7.23908389e-09 -7.22703475e-09 -7.21588289e-09 -7.20566901e-09 -7.19642973e-09 -7.18819798e-09 -7.18100385e-09 -7.17487275e-09 -7.16982640e-09 -7.16588272e-09 -7.16305604e-09 -7.16135573e-09 -7.16078818e-09
-6.94427749e-09 -6.94504099e-09 -6.94732910e-09 -6.95113395e-09 -6.95644331e-09 -6.96323849e-09 -6.97149682e-09 -6.98119040e-09 -6.99228614e-09 -7.00474589e-09 -7.01852720e-09 -7.03358188e-09 -7.04985748e-09 -7.06729697e-09 -7.08583875e-09 -7.10541664e-09 -7.12596004e-09 -7.14739468e-09 -7.16964199e-09 -7.19261950e-09 -7.21624177e-09 -7.24041987e-09 -7.26506144e-09 -7.29007221e-09 -7.31535460e-09 -7.34080996e-09 -7.36633710e-09 -7.39183376e-09 -7.41719752e-09 -7.44232426e-09 -7.46711093e-09 -7.49145446e-09 -7.51525259e-09 -7.53840429e-09 -7.56081114e-09 -7.58237673e-09 -7.60300750e-09 -7.62261310e-09 -7.64110730e-09 -7.65840835e-09 -7.67443920e-09 -7.68912761e-09 -7.70240760e-09 -7.71421932e-09 -7.72450837e-09 -7.73322872e-09 -7.74033998e-09 -7.74580955e-09 -7.74961206e-09 -7.75173026e-09 -7.75215447e-09 -7.75088271e-09 -7.74792053e-09 -7.74328174e-09 -7.73698777e-09 -7.72906761e-09 -7.71955744e-09 -7.70850062e-09 -7.69594749e-09 -7.68195529e-09 -7.66658698e-09 -7.64991187e-09 -7.63200425e-09 -7.61294394e-09 -7.59281460e-09 -7.57170499e-09 -7.54970675e-09 -7.52691520e-09 -7.50342788e-09 -7.47934448e-09 -7.45476675e-09 -7.42979700e-09 -7.40453865e-09 -7.37909561e-09 -7.35357086e-09 -7.32806693e-09 -7.30268568e-09 -7.27752669e-09 -7.25268856e-09 -7.22826710e-09 -7.20435556e-09 -7.18104481e-09 -7.15842191e-09 -7.13657078e-09 -7.11557224e-09 -7.09550246e-09 -7.07643416e-09 -7.05843550e-09 -7.04157038e-09 -7.02589836e-09 -7.01147429e-09 -6.99834801e-09 -6.98656527e-09 -6.97616614e-09 -6.96718622e-09 -6.95965613e-09 -6.95360158e-09 -6.94904279e-09 -6.94599483e-09 -6.94446833e-09 -6.94446833e-09 -6.94599483e-09 -6.94904279e-09 -6.95360158e-09 -6.95965613e-09 -6.96718622e-09 -6.97616614e-09 -6.98656527e-09 -6.99834801e-09 -7.01147429e-09 -7.02589836e-09 -7.04157038e-09 -7.05843550e-09 -7.07643416e-09 -7.09550246e-09 -7.11557224e-09 -7.13657078e-09 -7.15842191e-09 -7.18104481e-09 -7.20435556e-09 -7.22826710e-09 -7.25268856e-09 -7.27752669e-09 -7.30268568e-09 -7.32806693e-09 -7.35357086e-09 -7.37909561e-09 -7.40453865e-09 -7.42979700e-09 -7.45476675e-09 -7.47934448e-09 -7.50342788e-09 -7.52691520e-09 -7.54970675e-09 -7.57170499e-09 -7.59281460e-09 -7.61294394e-09 -7.63200425e-09 -7.64991187e-09 -7.66658698e-09 -7.68195529e-09 -7.69594749e-09 -7.70850062e-09 -7.71955744e-09 -7.72906761e-09 -7.73698777e-09 -7.74328174e-09 -7.74792053e-09 -7.75088271e-09 -7.75215447e-09 -7.75173026e-09 -7.74961206e-09 -7.74580955e-09 -7.74033998e-09 -7.73322872e-09 -7.72450837e-09 -7.71421932e-09 -7.70240760e-09 -7.68912761e-09 -7.67443920e-09 -7.65840835e-09 -7.64110730e-09 -7.62261310e-09 -7.60300750e-09 -7.58237673e-09 -7.56081114e-09 -7.53840429e-09 -7.51525259e-09 -7.49145446e-09 -7.46711093e-09 -7.44232426e-09 -7.41719752e-09 -7.39183376e-09 -7.36633710e-09 -7.34080996e-09 -7.31535460e-09 -7.29007221e-09 -7.26506144e-09 -7.24041987e-09 -7.21624177e-09 -7.19261950e-09 -7.16964199e-09 -7.14739468e-09 -7.12596004e-09 -7.10541664e-09 -7.08583875e-09 -7.06729697e-09 -7.04985748e-09 -7.03358188e-09 -7.01852720e-09 -7.00474589e-09 -6.99228614e-09 -6.98119040e-09 -6.97149682e-09 -6.96323849e-09 -6.95644331e-09 -6.95113395e-09 -6.94732910e-09 -6.94504099e-09 -6.94427749e-09
-6.69974753e-09 -6.70072509e-09 -6.70365424e-09 -6.70852557e-09 -6.71532407e-09 -6.72402811e-09 -6.73460987e-09 -6.74703560e-09 -6.76126527e-09 -6.77725281e-09 -6.79494588e-09 -6.81428652e-09 -6.83521023e-09 -6.85764695e-09 -6.88152074e-09 -6.90674978e-09 -6.93324625e-09 -6.96091762e-09 -6.98966540e-09 -7.01938629e-09 -7.04997183e-09 -7.08130926e-09 -7.11328135e-09 -7.14576642e-09 -7.17863996e-09 -7.21177401e-09 -7.24503724e-09 -7.27829708e-09 -7.31141836e-09 -7.34426564e-09 -7.37670147e-09 -7.40859019e-09 -7.43979545e-09 -7.47018292e-09 -7.49962026e-09 -7.52797780e-09 -7.55512952e-09 -7.58095337e-09 -7.60533236e-09 -7.62815500e-09 -7.64931612e-09 -7.66871749e-09 -7.68626829e-09 -7.70188646e-09 -7.71549774e-09 -7.72703779e-09 -7.73645148e-09 -7.74369385e-09 -7.74872988e-09 -7.75153552e-09 -7.75209719e-09 -7.75041237e-09 -7.74648934e-09 -7.74034659e-09 -7.73201342e-09 -7.72153053e-09 -7.70894726e-09 -7.69432373e-09 -7.67772940e-09 -7.65924257e-09 -7.63894947e-09 -7.61694496e-09 -7.59333063e-09 -7.56821500e-09 -7.54171214e-09 -7.51394191e-09 -7.48502854e-09 -7.45509970e-09 -7.42428646e-09 -7.39272288e-09 -7.36054356e-09 -7.32788485e-09 -7.29488364e-09 -7.26167615e-09 -7.22839788e-09 -7.19518267e-09 -7.16216253e-09 -7.12946724e-09 -7.09722348e-09 -7.06555386e-09 -7.03457786e-09 -7.00441083e-09 -6.97516345e-09 -6.94694113e-09 -6.91984525e-09 -6.89397117e-09 -6.86940921e-09 -6.84624413e-09 -6.82455470e-09 -6.80441414e-09 -6.78588952e-09 -6.76904233e-09 -6.75392769e-09 -6.74059447e-09 -6.72908634e-09 -6.71943956e-09 -6.71168521e-09 -6.70584777e-09 -6.70194611e-09 -6.69999223e-09 -6.69999223e-09 -6.70194611e-09 -6.70584777e-09 -6.71168521e-09 -6.71943956e-09 -6.72908634e-09 -6.74059447e-09 -6.75392769e-09 -6.76904233e-09 -6.78588952e-09 -6.80441414e-09 -6.82455470e-09 -6.84624413e-09 -6.86940921e-09 -6.89397112e-09 -6.91984525e-09 -6.94694113e-09 -6.97516345e-09 -7.00441083e-09 -7.03457786e-09 -7.06555386e-09 -7.09722348e-09 -7.12946724e-09 -7.16216253e-09 -7.19518267e-09 -7.22839788e-09 -7.26167615e-09 -7.29488364e-09 -7.32788485e-09 -7.36054356e-09 -7.39272288e-09 -7.42428646e-09 -7.45509970e-09 -7.48502854e-09 -7.51394191e-09 -7.54171214e-09 -7.56821500e-09 -7.59333063e-09 -7.61694496e-09 -7.63894947e-09 -7.65924257e-09 -7.67772940e-09 -7.69432373e-09 -7.70894726e-09 -7.72153053e-09 -7.73201342e-09 -7.74034659e-09 -7.74648934e-09 -7.75041237e-09 -7.75209719e-09 -7.75153552e-09 -7.74872988e-09 -7.74369385e-09 -7.73645148e-09 -7.72703779e-09 -7.71549774e-09 -7.70188646e-09 -7.68626829e-09 -7.66871749e-09 -7.64931612e-09 -7.62815500e-09 -7.60533236e-09 -7.58095337e-09 -7.55512952e-09 -7.52797774e-09 -7.49962026e-09 -7.47018292e-09 -7.43979545e-09 -7.40859019e-09 -7.37670147e-09 -7.34426564e-09 -7.31141836e-09 -7.27829708e-09 -7.24503724e-09 -7.21177401e-09 -7.17863996e-09 -7.14576642e-09 -7.11328135e-09 -7.08130926e-09 -7.04997183e-09 -7.01938629e-09 -6.98966540e-09 -6.96091762e-09 -6.93324625e-09 -6.90674978e-09 -6.88152074e-09 -6.85764695e-09 -6.83521023e-09 -6.81428652e-09 -6.79494588e-09 -6.77725281e-09 -6.76126533e-09 -6.74703560e-09 -6.73460987e-09 -6.72402811e-09 -6.71532407e-09 -6.70852557e-09 -6.70365424e-09 -6.70072509e-09 -6.69974753e-09
-6.43013537e-09 -6.43133868e-09 -6.43494474e-09 -6.44094328e-09 -6.44931658e-09 -6.46004028e-09 -6.47308218e-09 -6.48840420e-09 -6.50595966e-09 -6.52569582e-09 -6.54755239e-09 -6.57146132e-09 -6.59734822e-09 -6.62513111e-09 -6.65471978e-09 -6.68601841e-09 -6.71892281e-09 -6.75332246e-09 -6.78909939e-09 -6.82612872e-09 -6.86427981e-09 -6.90341473e-09 -6.94339025e-09 -6.98405705e-09 -7.02526076e-09 -7.06684222e-09 -7.10863790e-09 -7.15048043e-09 -7.19220011e-09 -7.23362453e-09 -7.27457927e-09 -7.31489008e-09 -7.35438210e-09 -7.39288192e-09 -7.43021816e-09 -7.46622197e-09 -7.50072882e-09 -7.53357904e-09 -7.56461849e-09 -7.59370100e-09 -7.62068669e-09 -7.64544594e-09 -7.66785868e-09 -7.68781427e-09 -7.70521474e-09 -7.71997349e-09 -7.73201736e-09 -7.74128572e-09 -7.74773201e-09 -7.75132397e-09 -7.75204323e-09 -7.74988618e-09 -7.74486408e-09 -7.73700182e-09 -7.72633890e-09 -7.71292907e-09 -7.69683955e-09 -7.67814967e-09 -7.65695263e-09 -7.63335239e-09 -7.60746427e-09 -7.57941326e-09 -7.54933432e-09 -7.51737078e-09 -7.48367240e-09 -7.44839701e-09 -7.41170619e-09 -7.37376671e-09 -7.33474925e-09 -7.29482619e-09 -7.25417149e-09 -7.21296017e-09 -7.17136661e-09 -7.12956394e-09 -7.08772346e-09 -7.04601455e-09 -7.00460168e-09 -6.96364683e-09 -6.92330671e-09 -6.88373314e-09 -6.84507273e-09 -6.80746542e-09 -6.77104650e-09 -6.73594303e-09 -6.70227668e-09 -6.67016187e-09 -6.63970540e-09 -6.61100807e-09 -6.58416266e-09 -6.55925464e-09 -6.53636301e-09 -6.51555876e-09 -6.49690574e-09 -6.48046083e-09 -6.46627363e-09 -6.45438636e-09 -6.44483450e-09 -6.43764575e-09 -6.43284176e-09 -6.43043641e-09 -6.43043641e-09 -6.43284176e-09 -6.43764575e-09 -6.44483450e-09 -6.45438636e-09 -6.46627363e-09 -6.48046083e-09 -6.49690574e-09 -6.51555876e-09 -6.53636301e-09 -6.55925464e-09 -6.58416266e-09 -6.61100807e-09 -6.63970540e-09 -6.67016187e-09 -6.70227668e-09 -6.73594303e-09 -6.77104650e-09 -6.80746542e-09 -6.84507273e-09 -6.88373314e-09 -6.92330671e-09 -6.96364683e-09 -7.00460168e-09 -7.04601455e-09 -7.08772346e-09 -7.12956394e-09 -7.17136661e-09 -7.21296017e-09 -7.25417149e-09 -7.29482619e-09 -7.33474925e-09 -7.37376671e-09 -7.41170619e-09 -7.44839701e-09 -7.48367240e-09 -7.51737078e-09 -7.54933432e-09 -7.57941326e-09 -7.60746427e-09 -7.63335239e-09 -7.65695263e-09 -7.67814967e-09 -7.69683955e-09 -7.71292907e-09 -7.72633890e-09 -7.73700182e-09 -7.74486408e-09 -7.74988618e-09 -7.75204323e-09 -7.75132397e-09 -7.74773201e-09 -7.74128572e-09 -7.73201736e-09 -7.71997349e-09 -7.70521474e-09 -7.68781427e-09 -7.66785868e-09 -7.64544594e-09 -7.62068669e-09 -7.59370100e-09 -7.56461849e-09 -7.53357904e-09 -7.50072882e-09 -7.46622197e-09 -7.43021816e-09 -7.39288192e-09 -7.35438210e-09 -7.31489008e-09 -7.27457927e-09 -7.23362453e-09 -7.19220011e-09 -7.15048043e-09 -7.10863790e-09 -7.06684222e-09 -7.02526076e-09 -6.98405705e-09 -6.94339025e-09 -6.90341473e-09 -6.86427981e-09 -6.82612872e-09 -6.78909939e-09 -6.75332246e-09 -6.71892281e-09 -6.68601841e-09 -6.65471978e-09 -6.62513111e-09 -6.59734822e-09 -6.57146132e-09 -6.54755239e-09 -6.52569582e-09 -6.50595966e-09 -6.48840420e-09 -6.47308218e-09 -6.46004045e-09 -6.44931658e-09 -6.44094328e-09 -6.43494474e-09 -6.43133868e-09 -6.43013537e-09
-6.13863221e-09 -6.14006712e-09 -6.14436912e-09 -6.15152562e-09 -6.16151868e-09 -6.17432094e-09 -6.18989793e-09 -6.20820761e-09 -6.22919877e-09 -6.25281377e-09 -6.27898544e-09 -6.30763908e-09 -6.33869091e-09 -6.37204889e-09 -6.40761222e-09 -6.44527159e-09 -6.48490844e-09 -6.52639537e-09 -6.56959709e-09 -6.61436789e-09 -6.66055555e-09 -6.70799771e-09 -6.75652484e-09 -6.80595891e-09 -6.85611562e-09 -6.90680257e-09 -6.95782221e-09 -7.00897052e-09 -7.06003889e-09 -7.11081505e-09 -7.16108356e-09 -7.21062693e-09 -7.25922678e-09 -7.30666488e-09 -7.35272515e-09 -7.39719341e-09 -7.43986017e-09 -7.48052181e-09 -7.51898072e-09 -7.55504820e-09 -7.58854496e-09 -7.61930247e-09 -7.64716485e-09 -7.67198927e-09 -7.69364739e-09 -7.71202657e-09 -7.72703090e-09 -7.73858133e-09 -7.74661690e-09 -7.75109488e-09 -7.75199172e-09 -7.74930248e-09 -7.74304160e-09 -7.73324210e-09 -7.71995617e-09 -7.70325315e-09 -7.68322145e-09 -7.65996527e-09 -7.63360475e-09 -7.60427621e-09 -7.57212876e-09 -7.53732499e-09 -7.50003842e-09 -7.46045414e-09 -7.41876482e-09 -7.37517136e-09 -7.32988070e-09 -7.28310490e-09 -7.23505850e-09 -7.18595955e-09 -7.13602621e-09 -7.08547704e-09 -7.03452785e-09 -6.98339331e-09 -6.93228347e-09 -6.88140517e-09 -6.83095880e-09 -6.78113982e-09 -6.73213657e-09 -6.68413014e-09 -6.63729482e-09 -6.59179566e-09 -6.54779075e-09 -6.50542886e-09 -6.46485049e-09 -6.42618697e-09 -6.38956166e-09 -6.35508768e-09 -6.32287078e-09 -6.29300706e-09 -6.26558444e-09 -6.24068242e-09 -6.21837143e-09 -6.19871438e-09 -6.18176521e-09 -6.16757079e-09 -6.15616924e-09 -6.14759144e-09 -6.14186035e-09 -6.13899076e-09 -6.13899076e-09 -6.14186035e-09 -6.14759144e-09 -6.15616924e-09 -6.16757079e-09 -6.18176521e-09 -6.19871438e-09 -6.21837143e-09 -6.24068242e-09 -6.26558444e-09 -6.29300706e-09 -6.32287078e-09 -6.35508768e-09 -6.38956166e-09 -6.42618697e-09 -6.46485049e-09 -6.50542881e-09 -6.54779075e-09 -6.59179566e-09 -6.63729482e-09 -6.68413014e-09 -6.73213657e-09 -6.78113982e-09 -6.83095880e-09 -6.88140517e-09 -6.93228341e-09 -6.98339331e-09 -7.03452785e-09 -7.08547704e-09 -7.13602621e-09 -7.18595955e-09 -7.23505850e-09 -7.28310490e-09 -7.32988070e-09 -7.37517136e-09 -7.41876482e-09 -7.46045414e-09 -7.50003842e-09 -7.53732499e-09 -7.57212876e-09 -7.60427621e-09 -7.63360475e-09 -7.65996527e-09 -7.68322145e-09 -7.70325331e-09 -7.71995617e-09 -7.73324194e-09 -7.74304160e-09 -7.74930248e-09 -7.75199172e-09 -7.75109488e-09 -7.74661690e-09 -7.73858133e-09 -7.72703090e-09 -7.71202657e-09 -7.69364739e-09 -7.67198927e-09 -7.64716490e-09 -7.61930247e-09 -7.58854496e-09 -7.55504820e-09 -7.51898072e-09 -7.48052187e-09 -7.43986017e-09 -7.39719341e-09 -7.35272515e-09 -7.30666488e-09 -7.25922678e-09 -7.21062693e-09 -7.16108356e-09 -7.11081505e-09 -7.06003889e-09 -7.00897052e-09 -6.95782221e-09 -6.90680257e-09 -6.85611562e-09 -6.80595891e-09 -6.75652484e-09 -6.70799771e-09 -6.66055555e-09 -6.61436789e-09 -6.56959709e-09 -6.52639537e-09 -6.48490844e-09 -6.44527159e-09 -6.40761222e-09 -6.37204889e-09 -6.33869091e-09 -6.30763908e-09 -6.27898544e-09 -6.25281377e-09 -6.22919877e-09 -6.20820761e-09 -6.18989793e-09 -6.17432089e-09 -6.16151868e-09 -6.15152584e-09 -6.14436912e-09 -6.14006712e-09 -6.13863221e-09
-5.82863108e-09 -5.83029830e-09 -5.83529602e-09 -5.84361248e-09 -5.85522841e-09 -5.87011550e-09 -5.88823801e-09 -5.90955201e-09 -5.93400484e-09 -5.96153454e-09 -5.99207090e-09 -6.02553440e-09 -6.06183509e-09 -6.10087403e-09 -6.14254214e-09 -6.18671964e-09 -6.23327645e-09 -6.28207164e-09 -6.33295333e-09 -6.38575870e-09 -6.44031439e-09 -6.49643567e-09 -6.55392779e-09 -6.61258515e-09 -6.67219191e-09 -6.73252332e-09 -6.79334522e-09 -6.85441559e-09 -6.91548474e-09 -6.97629754e-09 -7.03659248e-09 -7.09610576e-09 -7.15456938e-09 -7.21171539e-09 -7.26727667e-09 -7.32098715e-09 -7.37258637e-09 -7.42181833e-09 -7.46843531e-09 -7.51219942e-09 -7.55288360e-09 -7.59027430e-09 -7.62417263e-09 -7.65439689e-09 -7.68078318e-09 -7.70318670e-09 -7.72148490e-09 -7.73557596e-09 -7.74538167e-09 -7.75084691e-09 -7.75194164e-09 -7.74865927e-09 -7.74101849e-09 -7.72906183e-09 -7.71285602e-09 -7.69249098e-09 -7.66807923e-09 -7.63975488e-09 -7.60767183e-09 -7.57200325e-09 -7.53294022e-09 -7.49068840e-09 -7.44546869e-09 -7.39751393e-09 -7.34706690e-09 -7.29437988e-09 -7.23971078e-09 -7.18332394e-09 -7.12548559e-09 -7.06646347e-09 -7.00652619e-09 -6.94593921e-09 -6.88496626e-09 -6.82386470e-09 -6.76288792e-09 -6.70228156e-09 -6.64228367e-09 -6.58312410e-09 -6.52502319e-09 -6.46819137e-09 -6.41282888e-09 -6.35912600e-09 -6.30726144e-09 -6.25740354e-09 -6.20970930e-09 -6.16432522e-09 -6.12138690e-09 -6.08101891e-09 -6.04333583e-09 -6.00844202e-09 -5.97643163e-09 -5.94738925e-09 -5.92138960e-09 -5.89849908e-09 -5.87877491e-09 -5.86226490e-09 -5.84900955e-09 -5.83904036e-09 -5.83238124e-09 -5.82904791e-09 -5.82904791e-09 -5.83238124e-09 -5.83904036e-09 -5.84900955e-09 -5.86226490e-09 -5.87877491e-09 -5.89849908e-09 -5.92138960e-09 -5.94738925e-09 -5.97643163e-09 -6.00844202e-09 -6.04333583e-09 -6.08101891e-09 -6.12138690e-09 -6.16432522e-09 -6.20970930e-09 -6.25740354e-09 -6.30726144e-09 -6.35912600e-09 -6.41282888e-09 -6.46819137e-09 -6.52502319e-09 -6.58312416e-09 -6.64228367e-09 -6.70228156e-09 -6.76288792e-09 -6.82386470e-09 -6.88496626e-09 -6.94593921e-09 -7.00652619e-09 -7.06646347e-09 -7.12548559e-09 -7.18332394e-09 -7.23971078e-09 -7.29437988e-09 -7.34706690e-09 -7.39751393e-09 -7.44546869e-09 -7.49068840e-09 -7.53294022e-09 -7.57200325e-09 -7.60767183e-09 -7.63975488e-09 -7.66807923e-09 -7.69249098e-09 -7.71285602e-09 -7.72906183e-09 -7.74101849e-09 -7.74865927e-09 -7.75194164e-09 -7.75084691e-09 -7.74538167e-09 -7.73557596e-09 -7.72148490e-09 -7.70318670e-09 -7.68078318e-09 -7.65439689e-09 -7.62417263e-09 -7.59027430e-09 -7.55288360e-09 -7.51219942e-09 -7.46843531e-09 -7.42181833e-09 -7.37258637e-09 -7.32098715e-09 -7.26727667e-09 -7.21171539e-09 -7.15456938e-09 -7.09610576e-09 -7.03659248e-09 -6.97629754e-09 -6.91548474e-09 -6.85441559e-09 -6.79334522e-09 -6.73252332e-09 -6.67219191e-09 -6.61258515e-09 -6.55392779e-09 -6.49643567e-09 -6.44031439e-09 -6.38575870e-09 -6.33295333e-09 -6.28207164e-09 -6.23327645e-09 -6.18671964e-09 -6.14254214e-09 -6.10087403e-09 -6.06183509e-09 -6.02553440e-09 -5.99207090e-09 -5.96153454e-09 -5.93400484e-09 -5.90955207e-09 -5.88823801e-09 -5.87011550e-09 -5.85522841e-09 -5.84361248e-09 -5.83529602e-09 -5.83029830e-09 -5.82863108e-09
-5.50366908e-09 -5.50556267e-09 -5.51123902e-09 -5.52068713e-09 -5.53388724e-09 -5.55081270e-09 -5.57142793e-09 -5.59568936e-09 -5.62354413e-09 -5.65493080e-09 -5.68977837e-09 -5.72800501e-09 -5.76952003e-09 -5.81422022e-09 -5.86199150e-09 -5.91270827e-09 -5.96623217e-09 -6.02241235e-09 -6.08108458e-09 -6.14207163e-09 -6.20518192e-09 -6.27021129e-09 -6.33694081e-09 -6.40513909e-09 -6.47456044e-09 -6.54494714e-09 -6.61602922e-09 -6.68752420e-09 -6.75914069e-09 -6.83057633e-09 -6.90152230e-09 -6.97166214e-09 -7.04067499e-09 -7.10823689e-09 -7.17402299e-09 -7.23770976e-09 -7.29897670e-09 -7.35750932e-09 -7.41300155e-09 -7.46515771e-09 -7.51369500e-09 -7.55834756e-09 -7.59886565e-09 -7.63502095e-09 -7.66660735e-09 -7.69344266e-09 -7.71537123e-09 -7.73226483e-09 -7.74402398e-09 -7.75057951e-09 -7.75189257e-09 -7.74795544e-09 -7.73879116e-09 -7.72445413e-09 -7.70502906e-09 -7.68062930e-09 -7.65139724e-09 -7.61750213e-09 -7.57913826e-09 -7.53652291e-09 -7.48989570e-09 -7.43951445e-09 -7.38565409e-09 -7.32860417e-09 -7.26866545e-09 -7.20614896e-09 -7.14137216e-09 -7.07465764e-09 -7.00632957e-09 -6.93671287e-09 -6.86613016e-09 -6.79490009e-09 -6.72333572e-09 -6.65174305e-09 -6.58041860e-09 -6.50964971e-09 -6.43971265e-09 -6.37087127e-09 -6.30337760e-09 -6.23746998e-09 -6.17337370e-09 -6.11130035e-09 -6.05144784e-09 -5.99400019e-09 -5.93912836e-09 -5.88699006e-09 -5.83772963e-09 -5.79147863e-09 -5.74835779e-09 -5.70847447e-09 -5.67192682e-09 -5.63880009e-09 -5.60917124e-09 -5.58310587e-09 -5.56066171e-09 -5.54188656e-09 -5.52681978e-09 -5.51549262e-09 -5.50792856e-09 -5.50414236e-09 -5.50414236e-09 -5.50792856e-09 -5.51549262e-09 -5.52681978e-09 -5.54188656e-09 -5.56066171e-09 -5.58310587e-09 -5.60917124e-09 -5.63880009e-09 -5.67192682e-09 -5.70847447e-09 -5.74835779e-09 -5.79147863e-09 -5.83772963e-09 -5.88699006e-09 -5.93912836e-09 -5.99400019e-09 -6.05144784e-09 -6.11130035e-09 -6.17337370e-09 -6.23746998e-09 -6.30337760e-09 -6.37087127e-09 -6.43971265e-09 -6.50964971e-09 -6.58041860e-09 -6.65174305e-09 -6.72333572e-09 -6.79490009e-09 -6.86613016e-09 -6.93671287e-09 -7.00632957e-09 -7.07465764e-09 -7.14137216e-09 -7.20614896e-09 -7.26866545e-09 -7.32860417e-09 -7.38565409e-09 -7.43951445e-09 -7.48989570e-09 -7.53652291e-09 -7.57913826e-09 -7.61750213e-09 -7.65139724e-09 -7.68062930e-09 -7.70502906e-09 -7.72445413e-09 -7.73879116e-09 -7.74795544e-09 -7.75189257e-09 -7.75057951e-09 -7.74402398e-09 -7.73226483e-09 -7.71537123e-09 -7.69344266e-09 -7.66660735e-09 -7.63502095e-09 -7.59886565e-09 -7.55834756e-09 -7.51369500e-09 -7.46515771e-09 -7.41300155e-09 -7.35750932e-09 -7.29897670e-09 -7.23770976e-09 -7.17402299e-09 -7.10823689e-09 -7.04067493e-09 -6.97166214e-09 -6.90152230e-09 -6.83057633e-09 -6.75914058e-09 -6.68752420e-09 -6.61602922e-09 -6.54494714e-09 -6.47456044e-09 -6.40513909e-09 -6.33694081e-09 -6.27021129e-09 -6.20518192e-09 -6.14207163e-09 -6.08108458e-09 -6.02241235e-09 -5.96623217e-09 -5.91270827e-09 -5.86199150e-09 -5.81422022e-09 -5.76951997e-09 -5.72800501e-09 -5.68977837e-09 -5.65493080e-09 -5.62354413e-09 -5.59568936e-09 -5.57142793e-09 -5.55081270e-09 -5.53388724e-09 -5.52068713e-09 -5.51123902e-09 -5.50556267e-09 -5.50366908e-09
-5.16736925e-09 -5.16947707e-09 -5.17579762e-09 -5.18632004e-09 -5.20102683e-09 -5.21989307e-09 -5.24288601e-09 -5.26996458e-09 -5.30108002e-09 -5.33617334e-09 -5.37517680e-09 -5.41801137e-09 -5.46458773e-09 -5.51480417e-09 -5.56854618e-09 -5.62568725e-09 -5.68608449e-09 -5.74958231e-09 -5.81600840e-09 -5.88517557e-09 -5.95687855e-09 -6.03089600e-09 -6.10699014e-09 -6.18490453e-09 -6.26436658e-09 -6.34508646e-09 -6.42675846e-09 -6.50906101e-09 -6.59165789e-09 -6.67419964e-09 -6.75632489e-09 -6.83766271e-09 -6.91783375e-09 -6.99645231e-09 -7.07312986e-09 -7.14747761e-09 -7.21910831e-09 -7.28764044e-09 -7.35270034e-09 -7.41392647e-09 -7.47097179e-09 -7.52350726e-09 -7.57122587e-09 -7.61384356e-09 -7.65110458e-09 -7.68278169e-09 -7.70868103e-09 -7.72864228e-09 -7.74254144e-09 -7.75029146e-09 -7.75184406e-09 -7.74718895e-09 -7.73635606e-09 -7.71941255e-09 -7.69646441e-09 -7.66765379e-09 -7.63315855e-09 -7.59318886e-09 -7.54798707e-09 -7.49782297e-09 -7.44299267e-09 -7.38381467e-09 -7.32062727e-09 -7.25378535e-09 -7.18365667e-09 -7.11061932e-09 -7.03505820e-09 -6.95736113e-09 -6.87791823e-09 -6.79711615e-09 -6.71533729e-09 -6.63295785e-09 -6.55034393e-09 -6.46785170e-09 -6.38582320e-09 -6.30458802e-09 -6.22445967e-09 -6.14573625e-09 -6.06869915e-09 -5.99361244e-09 -5.92072347e-09 -5.85026205e-09 -5.78244086e-09 -5.71745618e-09 -5.65548824e-09 -5.59670038e-09 -5.54124219e-09 -5.48924778e-09 -5.44083795e-09 -5.39612044e-09 -5.35519107e-09 -5.31813349e-09 -5.28502109e-09 -5.25591737e-09 -5.23087612e-09 -5.20994192e-09 -5.19315180e-09 -5.18053450e-09 -5.17211129e-09 -5.16789617e-09 -5.16789617e-09 -5.17211129e-09 -5.18053450e-09 -5.19315174e-09 -5.20994192e-09 -5.23087612e-09 -5.25591737e-09 -5.28502109e-09 -5.31813349e-09 -5.35519107e-09 -5.39612044e-09 -5.44083795e-09 -5.48924778e-09 -5.54124219e-09 -5.59670038e-09 -5.65548824e-09 -5.71745618e-09 -5.78244086e-09 -5.85026205e-09 -5.92072347e-09 -5.99361244e-09 -6.06869915e-09 -6.14573625e-09 -6.22445967e-09 -6.30458802e-09 -6.38582320e-09 -6.46785170e-09 -6.55034393e-09 -6.63295785e-09 -6.71533729e-09 -6.79711615e-09 -6.87791823e-09 -6.95736113e-09 -7.03505820e-09 -7.11061932e-09 -7.18365667e-09 -7.25378535e-09 -7.32062727e-09 -7.38381467e-09 -7.44299267e-09 -7.49782297e-09 -7.54798707e-09 -7.59318886e-09 -7.63315855e-09 -7.66765379e-09 -7.69646441e-09 -7.71941255e-09 -7.73635606e-09 -7.74718895e-09 -7.75184406e-09 -7.75029146e-09 -7.74254144e-09 -7.72864228e-09 -7.70868103e-09 -7.68278169e-09 -7.65110458e-09 -7.61384356e-09 -7.57122587e-09 -7.52350726e-09 -7.47097179e-09 -7.41392647e-09 -7.35270034e-09 -7.28764044e-09 -7.21910831e-09 -7.14747761e-09 -7.07312986e-09 -6.99645231e-09 -6.91783375e-09 -6.83766271e-09 -6.75632489e-09 -6.67419964e-09 -6.59165783e-09 -6.50906101e-09 -6.42675846e-09 -6.34508646e-09 -6.26436658e-09 -6.18490453e-09 -6.10699014e-09 -6.03089600e-09 -5.95687855e-09 -5.88517557e-09 -5.81600840e-09 -5.74958231e-09 -5.68608449e-09 -5.62568725e-09 -5.56854618e-09 -5.51480417e-09 -5.46458773e-09 -5.41801137e-09 -5.37517680e-09 -5.33617334e-09 -5.30108002e-09 -5.26996458e-09 -5.24288601e-09 -5.21989307e-09 -5.20102683e-09 -5.18632004e-09 -5.17579762e-09 -5.16947707e-09 -5.16736925e-09
-4.82337958e-09 -4.82568507e-09 -4.83259849e-09 -4.84411145e-09 -4.86020907e-09 -4.88087026e-09 -4.90606744e-09 -4.93576546e-09 -4.96992142e-09 -5.00848368e-09 -5.05139108e-09 -5.09857229e-09 -5.14994403e-09 -5.20541105e-09 -5.26486382e-09 -5.32817956e-09 -5.39521811e-09 -5.46582346e-09 -5.53982138e-09 -5.61701863e-09 -5.69720249e-09 -5.78013970e-09 -5.86557647e-09 -5.95323624e-09 -6.04282213e-09 -6.13401552e-09 -6.22647589e-09 -6.31984254e-09 -6.41373532e-09 -6.50775600e-09 -6.60148880e-09 -6.69450434e-09 -6.78635992e-09 -6.87660406e-09 -6.96477775e-09 -7.05041892e-09 -7.13306636e-09 -7.21226173e-09 -7.28755534e-09 -7.35851013e-09 -7.42470463e-09 -7.48573764e-09 -7.54123380e-09 -7.59084517e-09 -7.63425673e-09 -7.67118996e-09 -7.70140468e-09 -7.72470310e-09 -7.74093145e-09 -7.74998238e-09 -7.75179537e-09 -7.74635900e-09 -7.73370890e-09 -7.71392888e-09 -7.68715031e-09 -7.65354907e-09 -7.61334434e-09 -7.56679552e-09 -7.51420048e-09 -7.45589024e-09 -7.39222805e-09 -7.32360206e-09 -7.25042382e-09 -7.17312398e-09 -7.09214570e-09 -7.00794384e-09 -6.92097846e-09 -6.83171208e-09 -6.74060519e-09 -6.64811373e-09 -6.55468491e-09 -6.46075538e-09 -6.36674757e-09 -6.27306912e-09 -6.18010920e-09 -6.08823869e-09 -5.99780803e-09 -5.90914651e-09 -5.82256243e-09 -5.73834230e-09 -5.65675118e-09 -5.57803281e-09 -5.50240986e-09 -5.43008549e-09 -5.36124284e-09 -5.29604738e-09 -5.23464677e-09 -5.17717191e-09 -5.12374004e-09 -5.07445252e-09 -5.02939862e-09 -4.98865527e-09 -4.95228925e-09 -4.92035640e-09 -4.89290403e-09 -4.86997070e-09 -4.85158824e-09 -4.83778084e-09 -4.82856616e-09 -4.82395579e-09 -4.82395579e-09 -4.82856616e-09 -4.83778084e-09 -4.85158830e-09 -4.86997070e-09 -4.89290403e-09 -4.92035640e-09 -4.95228925e-09 -4.98865527e-09 -5.02939862e-09 -5.07445252e-09 -5.12374004e-09 -5.17717191e-09 -5.23464677e-09 -5.29604738e-09 -5.36124278e-09 -5.43008549e-09 -5.50240986e-09 -5.57803281e-09 -5.65675118e-09 -5.73834230e-09 -5.82256243e-09 -5.90914651e-09 -5.99780803e-09 -6.08823869e-09 -6.18010920e-09 -6.27306912e-09 -6.36674757e-09 -6.46075538e-09 -6.55468491e-09 -6.64811373e-09 -6.74060519e-09 -6.83171208e-09 -6.92097846e-09 -7.00794384e-09 -7.09214570e-09 -7.17312398e-09 -7.25042382e-09 -7.32360206e-09 -7.39222805e-09 -7.45589024e-09 -7.51420048e-09 -7.56679552e-09 -7.61334434e-09 -7.65354907e-09 -7.68715031e-09 -7.71392888e-09 -7.73370890e-09 -7.74635900e-09 -7.75179537e-09 -7.74998238e-09 -7.74093145e-09 -7.72470310e-09 -7.70140468e-09 -7.67118996e-09 -7.63425673e-09 -7.59084517e-09 -7.54123380e-09 -7.48573764e-09 -7.42470463e-09 -7.35851013e-09 -7.28755534e-09 -7.21226173e-09 -7.13306636e-09 -7.05041897e-09 -6.96477775e-09 -6.87660406e-09 -6.78635992e-09 -6.69450434e-09 -6.60148880e-09 -6.50775600e-09 -6.41373532e-09 -6.31984254e-09 -6.22647589e-09 -6.13401552e-09 -6.04282213e-09 -5.95323624e-09 -5.86557647e-09 -5.78013970e-09 -5.69720249e-09 -5.61701863e-09 -5.53982138e-09 -5.46582346e-09 -5.39521811e-09 -5.32817956e-09 -5.26486382e-09 -5.20541105e-09 -5.14994403e-09 -5.09857229e-09 -5.05139108e-09 -5.00848368e-09 -4.96992142e-09 -4.93576546e-09 -4.90606744e-09 -4.88087043e-09 -4.86020907e-09 -4.84411145e-09 -4.83259849e-09 -4.82568507e-09 -4.82337958e-09
-4.47531490e-09 -4.47779580e-09 -4.48523702e-09 -4.49763216e-09 -4.51497051e-09 -4.53723742e-09 -4.56441235e-09 -4.59646865e-09 -4.63337335e-09 -4.67508554e-09 -4.72155537e-09 -4.77272333e-09 -4.82851781e-09 -4.88885560e-09 -4.95363822e-09 -5.02275177e-09 -5.09606557e-09 -5.17342968e-09 -5.25467414e-09 -5.33960653e-09 -5.42801226e-09 -5.51965196e-09 -5.61426144e-09 -5.71154923e-09 -5.81119830e-09 -5.91286403e-09 -6.01617511e-09 -6.12073348e-09 -6.22611540e-09 -6.33187319e-09 -6.43753562e-09 -6.54261184e-09 -6.64659289e-09 -6.74895456e-09 -6.84916179e-09 -6.94667324e-09 -7.04094272e-09 -7.13142834e-09 -7.21759336e-09 -7.29891436e-09 -7.37488459e-09 -7.44502088e-09 -7.50886797e-09 -7.56600427e-09 -7.61604563e-09 -7.65865249e-09 -7.69353170e-09 -7.72044040e-09 -7.73919073e-09 -7.74965070e-09 -7.75174647e-09 -7.74546322e-09 -7.73084530e-09 -7.70799546e-09 -7.67707448e-09 -7.63829805e-09 -7.59193425e-09 -7.53829976e-09 -7.47775808e-09 -7.41071116e-09 -7.33759942e-09 -7.25889154e-09 -7.17508419e-09 -7.08669240e-09 -6.99424701e-09 -6.89828838e-09 -6.79936107e-09 -6.69800915e-09 -6.59477184e-09 -6.49017851e-09 -6.38474651e-09 -6.27897623e-09 -6.17334905e-09 -6.06832418e-09 -5.96433819e-09 -5.86180171e-09 -5.76109949e-09 -5.66258973e-09 -5.56660301e-09 -5.47344364e-09 -5.38338968e-09 -5.29669181e-09 -5.21357835e-09 -5.13425169e-09 -5.05889269e-09 -4.98766140e-09 -4.92069796e-09 -4.85812462e-09 -4.80004708e-09 -4.74655637e-09 -4.69772926e-09 -4.65363137e-09 -4.61431748e-09 -4.57983229e-09 -4.55021310e-09 -4.52548898e-09 -4.50568416e-09 -4.49081589e-09 -4.48089660e-09 -4.47593512e-09 -4.47593512e-09 -4.48089660e-09 -4.49081589e-09 -4.50568416e-09 -4.52548909e-09 -4.55021304e-09 -4.57983218e-09 -4.61431726e-09 -4.65363137e-09 -4.69772926e-09 -4.74655637e-09 -4.80004708e-09 -4.85812462e-09 -4.92069796e-09 -4.98766140e-09 -5.05889269e-09 -5.13425136e-09 -5.21357835e-09 -5.29669186e-09 -5.38338968e-09 -5.47344364e-09 -5.56660301e-09 -5.66258984e-09 -5.76109949e-09 -5.86180171e-09 -5.96433825e-09 -6.06832429e-09 -6.17334905e-09 -6.27897623e-09 -6.38474651e-09 -6.49017851e-09 -6.59477184e-09 -6.69800915e-09 -6.79936135e-09 -6.89828850e-09 -6.99424707e-09 -7.08669234e-09 -7.17508408e-09 -7.25889154e-09 -7.33759897e-09 -7.41071138e-09 -7.47775808e-09 -7.53829976e-09 -7.59193425e-09 -7.63829811e-09 -7.67707448e-09 -7.70799546e-09 -7.73084530e-09 -7.74546322e-09 -7.75174647e-09 -7.74965070e-09 -7.73919073e-09 -7.72044040e-09 -7.69353170e-09 -7.65865249e-09 -7.61604568e-09 -7.56600427e-09 -7.50886797e-09 -7.44502088e-09 -7.37488459e-09 -7.29891436e-09 -7.21759336e-09 -7.13142828e-09 -7.04094272e-09 -6.94667313e-09 -6.84916179e-09 -6.74895456e-09 -6.64659289e-09 -6.54261184e-09 -6.43753562e-09 -6.33187319e-09 -6.22611540e-09 -6.12073336e-09 -6.01617511e-09 -5.91286403e-09 -5.81119847e-09 -5.71154923e-09 -5.61426139e-09 -5.51965207e-09 -5.42801210e-09 -5.33960653e-09 -5.25467414e-09 -5.17342963e-09 -5.09606568e-09 -5.02275171e-09 -4.95363806e-09 -4.88885560e-09 -4.82851781e-09 -4.77272333e-09 -4.72155537e-09 -4.67508560e-09 -4.63337335e-09 -4.59646865e-09 -4.56441235e-09 -4.53723747e-09 -4.51497051e-09 -4.49763199e-09 -4.48523707e-09 -4.47779580e-09 -4.47531490e-09
-4.12669915e-09 -4.12932954e-09 -4.13722012e-09 -4.15036766e-09 -4.16876761e-09 -4.19241231e-09 -4.22129121e-09 -4.25538954e-09 -4.29468716e-09 -4.33915770e-09 -4.38876768e-09 -4.44347337e-09 -4.50322141e-09 -4.56794519e-09 -4.63756383e-09 -4.71197997e-09 -4.79107781e-09 -4.87472102e-09 -4.96275065e-09 -5.05498321e-09 -5.15120879e-09 -5.25118865e-09 -5.35465461e-09 -5.46130741e-09 -5.57081448e-09 -5.68281078e-09 -5.79689768e-09 -5.91264288e-09 -6.02958095e-09 -6.14721574e-09 -6.26501978e-09 -6.38243919e-09 -6.49889415e-09 -6.61378474e-09 -6.72649325e-09 -6.83639001e-09 -6.94283864e-09 -7.04520031e-09 -7.14284304e-09 -7.23514493e-09 -7.32150285e-09 -7.40133849e-09 -7.47410589e-09 -7.53929752e-09 -7.59645047e-09 -7.64515351e-09 -7.68505065e-09 -7.71584796e-09 -7.73731679e-09 -7.74929643e-09 -7.75169678e-09 -7.74450010e-09 -7.72776015e-09 -7.70160258e-09 -7.66622277e-09 -7.62188201e-09 -7.56890589e-09 -7.50767876e-09 -7.43863865e-09 -7.36227074e-09 -7.27910354e-09 -7.18969961e-09 -7.09465081e-09 -6.99457020e-09 -6.89008545e-09 -6.78183298e-09 -6.67045091e-09 -6.55657340e-09 -6.44082415e-09 -6.32381308e-09 -6.20613044e-09 -6.08834350e-09 -5.97099298e-09 -5.85459137e-09 -5.73961922e-09 -5.62652552e-09 -5.51572615e-09 -5.40760264e-09 -5.30250377e-09 -5.20074539e-09 -5.10261100e-09 -5.00835418e-09 -4.91819829e-09 -4.83234075e-09 -4.75095163e-09 -4.67417915e-09 -4.60214833e-09 -4.53496601e-09 -4.47272086e-09 -4.41548653e-09 -4.36332276e-09 -4.31627772e-09 -4.27438990e-09 -4.23768909e-09 -4.20619856e-09 -4.17993501e-09 -4.15891155e-09 -4.14313700e-09 -4.13261741e-09 -4.12735690e-09 -4.12735690e-09 -4.13261741e-09 -4.14313700e-09 -4.15891155e-09 -4.17993501e-09 -4.20619856e-09 -4.23768909e-09 -4.27438990e-09 -4.31627772e-09 -4.36332276e-09 -4.41548653e-09 -4.47272086e-09 -4.53496601e-09 -4.60214833e-09 -4.67417915e-09 -4.75095163e-09 -4.83234075e-09 -4.91819829e-09 -5.00835418e-09 -5.10261100e-09 -5.20074539e-09 -5.30250377e-09 -5.40760264e-09 -5.51572615e-09 -5.62652552e-09 -5.73961922e-09 -5.85459137e-09 -5.97099298e-09 -6.08834350e-09 -6.20613044e-09 -6.32381308e-09 -6.44082415e-09 -6.55657340e-09 -6.67045091e-09 -6.78183298e-09 -6.89008545e-09 -6.99457020e-09 -7.09465081e-09 -7.18969961e-09 -7.27910354e-09 -7.36227074e-09 -7.43863865e-09 -7.50767876e-09 -7.56890589e-09 -7.62188201e-09 -7.66622277e-09 -7.70160258e-09 -7.72776015e-09 -7.74450010e-09 -7.75169678e-09 -7.74929643e-09 -7.73731679e-09 -7.71584796e-09 -7.68505065e-09 -7.64515351e-09 -7.59645047e-09 -7.53929752e-09 -7.47410589e-09 -7.40133849e-09 -7.32150285e-09 -7.23514493e-09 -7.14284304e-09 -7.04520031e-09 -6.94283864e-09 -6.83639007e-09 -6.72649325e-09 -6.61378474e-09 -6.49889415e-09 -6.38243919e-09 -6.26501978e-09 -6.14721574e-09 -6.02958095e-09 -5.91264288e-09 -5.79689768e-09 -5.68281078e-09 -5.57081448e-09 -5.46130741e-09 -5.35465461e-09 -5.25118865e-09 -5.15120874e-09 -5.05498321e-09 -4.96275060e-09 -4.87472102e-09 -4.79107781e-09 -4.71197992e-09 -4.63756383e-09 -4.56794519e-09 -4.50322141e-09 -4.44347337e-09 -4.38876768e-09 -4.33915770e-09 -4.29468716e-09 -4.25538954e-09 -4.22129121e-09 -4.19241231e-09 -4.16876761e-09 -4.15036766e-09 -4.13722012e-09 -4.12932954e-09 -4.12669915e-09
-3.78091047e-09 -3.78366055e-09 -3.79191145e-09 -3.80566462e-09 -3.82492160e-09 -3.84968463e-09 -3.87995502e-09 -3.91573196e-09 -3.95701233e-09 -4.00378786e-09 -4.05604539e-09 -4.11376300e-09 -4.17690971e-09 -4.24544216e-09 -4.31930303e-09 -4.39841819e-09 -4.48269410e-09 -4.57201554e-09 -4.66624289e-09 -4.76520856e-09 -4.86871538e-09 -4.97653374e-09 -5.08839937e-09 -5.20401133e-09 -5.32302935e-09 -5.44507384e-09 -5.56972418e-09 -5.69651759e-09 -5.82495135e-09 -5.95448174e-09 -6.08452633e-09 -6.21446605e-09 -6.34364949e-09 -6.47139520e-09 -6.59699778e-09 -6.71973238e-09 -6.83886181e-09 -6.95364322e-09 -7.06333575e-09 -7.16720849e-09 -7.26454830e-09 -7.35466971e-09 -7.43692252e-09 -7.51070039e-09 -7.57544927e-09 -7.63067465e-09 -7.67594932e-09 -7.71091835e-09 -7.73530606e-09 -7.74891806e-09 -7.75164577e-09 -7.74346764e-09 -7.72444908e-09 -7.69474107e-09 -7.65457958e-09 -7.60428076e-09 -7.54423585e-09 -7.47490686e-09 -7.39681882e-09 -7.31055294e-09 -7.21673843e-09 -7.11604475e-09 -7.00917169e-09 -6.89684260e-09 -6.77979406e-09 -6.65876954e-09 -6.53450938e-09 -6.40774556e-09 -6.27919428e-09 -6.14954920e-09 -6.01947764e-09 -5.88961502e-09 -5.76056258e-09 -5.63288344e-09 -5.50710111e-09 -5.38369860e-09 -5.26311739e-09 -5.14575760e-09 -5.03197850e-09 -4.92210134e-09 -4.81640783e-09 -4.71514500e-09 -4.61852584e-09 -4.52673232e-09 -4.43991766e-09 -4.35820890e-09 -4.28171076e-09 -4.21050572e-09 -4.14466006e-09 -4.08422335e-09 -4.02923245e-09 -3.97971389e-09 -3.93568467e-09 -3.89715538e-09 -3.86413129e-09 -3.83661486e-09 -3.81460491e-09 -3.79810006e-09 -3.78709847e-09 -3.78159792e-09 -3.78159792e-09 -3.78709847e-09 -3.79810006e-09 -3.81460491e-09 -3.83661486e-09 -3.86413129e-09 -3.89715538e-09 -3.93568467e-09 -3.97971389e-09 -4.02923245e-09 -4.08422335e-09 -4.14466006e-09 -4.21050572e-09 -4.28171076e-09 -4.35820890e-09 -4.43991766e-09 -4.52673232e-09 -4.61852584e-09 -4.71514500e-09 -4.81640783e-09 -4.92210134e-09 -5.03197850e-09 -5.14575760e-09 -5.26311739e-09 -5.38369860e-09 -5.50710111e-09 -5.63288344e-09 -5.76056264e-09 -5.88961502e-09 -6.01947764e-09 -6.14954920e-09 -6.27919428e-09 -6.40774556e-09 -6.53450938e-09 -6.65876954e-09 -6.77979406e-09 -6.89684260e-09 -7.00917169e-09 -7.11604475e-09 -7.21673843e-09 -7.31055294e-09 -7.39681882e-09 -7.47490686e-09 -7.54423585e-09 -7.60428076e-09 -7.65457958e-09 -7.69474107e-09 -7.72444908e-09 -7.74346764e-09 -7.75164577e-09 -7.74891806e-09 -7.73530606e-09 -7.71091835e-09 -7.67594932e-09 -7.63067465e-09 -7.57544927e-09 -7.51070039e-09 -7.43692252e-09 -7.35466971e-09 -7.26454830e-09 -7.16720849e-09 -7.06333575e-09 -6.95364322e-09 -6.83886181e-09 -6.71973238e-09 -6.59699778e-09 -6.47139520e-09 -6.34364949e-09 -6.21446605e-09 -6.08452633e-09 -5.95448174e-09 -5.82495135e-09 -5.69651759e-09 -5.56972418e-09 -5.44507384e-09 -5.32302935e-09 -5.20401111e-09 -5.08839942e-09 -4.97653374e-09 -4.86871538e-09 -4.76520856e-09 -4.66624289e-09 -4.57201554e-09 -4.48269410e-09 -4.39841819e-09 -4.31930303e-09 -4.24544216e-09 -4.17690971e-09 -4.11376300e-09 -4.05604539e-09 -4.00378786e-09 -3.95701233e-09 -3.91573196e-09 -3.87995502e-09 -3.84968463e-09 -3.82492160e-09 -3.80566462e-09 -3.79191145e-09 -3.78366055e-09 -3.78091047e-09
-3.44113249e-09 -3.44396989e-09 -3.45248485e-09 -3.46668261e-09 -3.48657375e-09 -3.51217072e-09 -3.54348895e-09 -3.58054486e-09 -3.62335451e-09 -3.67193198e-09 -3.72628783e-09 -3.78642684e-09 -3.85234566e-09 -3.92403016e-09 -4.00145261e-09 -4.08456907e-09 -4.17331603e-09 -4.26760682e-09 -4.36732883e-09 -4.47233928e-09 -4.58246285e-09 -4.69748718e-09 -4.81716073e-09 -4.94118924e-09 -5.06923342e-09 -5.20090582e-09 -5.33577071e-09 -5.47334145e-09 -5.61308139e-09 -5.75440307e-09 -5.89667032e-09 -6.03920064e-09 -6.18126761e-09 -6.32210617e-09 -6.46091702e-09 -6.59687377e-09 -6.72913003e-09 -6.85682822e-09 -6.97910696e-09 -7.09511344e-09 -7.20401155e-09 -7.30499411e-09 -7.39729183e-09 -7.48018603e-09 -7.55301760e-09 -7.61519736e-09 -7.66621411e-09 -7.70564346e-09 -7.73315473e-09 -7.74851494e-09 -7.75159359e-09 -7.74236442e-09 -7.72090591e-09 -7.68740022e-09 -7.64212976e-09 -7.58547292e-09 -7.51789836e-09 -7.43995698e-09 -7.35227462e-09 -7.25554133e-09 -7.15050236e-09 -7.03794700e-09 -6.91869873e-09 -6.79360274e-09 -6.66351802e-09 -6.52930454e-09 -6.39181613e-09 -6.25188978e-09 -6.11033885e-09 -5.96794703e-09 -5.82545995e-09 -5.68358299e-09 -5.54297586e-09 -5.40425005e-09 -5.26796823e-09 -5.13464204e-09 -5.00473252e-09 -4.87865071e-09 -4.75676032e-09 -4.63937710e-09 -4.52677434e-09 -4.41918313e-09 -4.31679714e-09 -4.21977486e-09 -4.12824364e-09 -4.04230255e-09 -3.96202648e-09 -3.88746851e-09 -3.81866450e-09 -3.75563453e-09 -3.69838704e-09 -3.64692143e-09 -3.60122943e-09 -3.56129892e-09 -3.52711366e-09 -3.49865792e-09 -3.47591567e-09 -3.45887269e-09 -3.44751738e-09 -3.44184187e-09 -3.44184187e-09 -3.44751738e-09 -3.45887269e-09 -3.47591572e-09 -3.49865775e-09 -3.52711366e-09 -3.56129892e-09 -3.60122970e-09 -3.64692143e-09 -3.69838710e-09 -3.75563453e-09 -3.81866450e-09 -3.88746851e-09 -3.96202648e-09 -4.04230255e-09 -4.12824364e-09 -4.21977486e-09 -4.31679714e-09 -4.41918313e-09 -4.52677434e-09 -4.63937710e-09 -4.75676032e-09 -4.87865071e-09 -5.00473252e-09 -5.13464204e-09 -5.26796823e-09 -5.40425005e-09 -5.54297586e-09 -5.68358294e-09 -5.82545995e-09 -5.96794703e-09 -6.11033885e-09 -6.25188978e-09 -6.39181613e-09 -6.52930454e-09 -6.66351802e-09 -6.79360274e-09 -6.91869873e-09 -7.03794700e-09 -7.15050236e-09 -7.25554133e-09 -7.35227462e-09 -7.43995698e-09 -7.51789836e-09 -7.58547292e-09 -7.64212976e-09 -7.68740022e-09 -7.72090591e-09 -7.74236442e-09 -7.75159359e-09 -7.74851494e-09 -7.73315473e-09 -7.70564346e-09 -7.66621411e-09 -7.61519736e-09 -7.55301760e-09 -7.48018603e-09 -7.39729178e-09 -7.30499411e-09 -7.20401155e-09 -7.09511344e-09 -6.97910696e-09 -6.85682822e-09 -6.72913003e-09 -6.59687377e-09 -6.46091702e-09 -6.32210617e-09 -6.18126761e-09 -6.03920064e-09 -5.89667032e-09 -5.75440307e-09 -5.61308139e-09 -5.47334145e-09 -5.33577071e-09 -5.20090582e-09 -5.06923342e-09 -4.94118929e-09 -4.81716073e-09 -4.69748707e-09 -4.58246285e-09 -4.47233928e-09 -4.36732883e-09 -4.26760682e-09 -4.17331603e-09 -4.08456907e-09 -4.00145261e-09 -3.92403016e-09 -3.85234566e-09 -3.78642684e-09 -3.72628783e-09 -3.67193198e-09 -3.62335451e-09 -3.58054486e-09 -3.54348895e-09 -3.51217072e-09 -3.48657375e-09 -3.46668261e-09 -3.45248485e-09 -3.44396989e-09 -3.44113249e-09
-3.11030335e-09 -3.11319442e-09 -3.12187065e-09 -3.13634396e-09 -3.15663273e-09 -3.18276294e-09 -3.21476484e-09 -3.25267374e-09 -3.29652794e-09 -3.34636713e-09 -3.40222950e-09 -3.46415030e-09 -3.53215857e-09 -3.60627517e-09 -3.68650799e-09 -3.77284992e-09 -3.86527460e-09 -3.96373162e-09 -4.06814404e-09 -4.17840329e-09 -4.29436414e-09 -4.41584136e-09 -4.54260601e-09 -4.67437972e-09 -4.81083301e-09 -4.95158037e-09 -5.09617848e-09 -5.24412369e-09 -5.39485207e-09 -5.54773738e-09 -5.70209291e-09 -5.85717352e-09 -6.01217798e-09 -6.16625456e-09 -6.31850672e-09 -6.46799941e-09 -6.61376887e-09 -6.75483119e-09 -6.89019453e-09 -7.01886882e-09 -7.13988185e-09 -7.25228783e-09 -7.35518468e-09 -7.44772510e-09 -7.52912988e-09 -7.59870061e-09 -7.65583086e-09 -7.70001524e-09 -7.73085979e-09 -7.74808639e-09 -7.75153941e-09 -7.74118791e-09 -7.71712505e-09 -7.67956859e-09 -7.62885483e-09 -7.56543483e-09 -7.48986512e-09 -7.40280004e-09 -7.30497940e-09 -7.19721821e-09 -7.08039316e-09 -6.95542907e-09 -6.82328710e-09 -6.68495037e-09 -6.54141075e-09 -6.39365771e-09 -6.24266655e-09 -6.08938738e-09 -5.93473737e-09 -5.77959142e-09 -5.62477681e-09 -5.47106671e-09 -5.31917765e-09 -5.16976639e-09 -5.02342806e-09 -4.88069624e-09 -4.74204437e-09 -4.60788618e-09 -4.47857895e-09 -4.35442649e-09 -4.23568158e-09 -4.12255108e-09 -4.01519945e-09 -3.91375310e-09 -3.81830434e-09 -3.72891645e-09 -3.64562697e-09 -3.56845242e-09 -3.49739182e-09 -3.43243045e-09 -3.37354333e-09 -3.32069700e-09 -3.27385513e-09 -3.23297844e-09 -3.19802784e-09 -3.16896587e-09 -3.14575999e-09 -3.12838161e-09 -3.11680881e-09 -3.11102610e-09 -3.11102610e-09 -3.11680881e-09 -3.12838161e-09 -3.14575999e-09 -3.16896587e-09 -3.19802784e-09 -3.23297844e-09 -3.27385513e-09 -3.32069700e-09 -3.37354333e-09 -3.43243045e-09 -3.49739182e-09 -3.56845242e-09 -3.64562697e-09 -3.72891645e-09 -3.81830434e-09 -3.91375310e-09 -4.01519945e-09 -4.12255108e-09 -4.23568158e-09 -4.35442649e-09 -4.47857895e-09 -4.60788618e-09 -4.74204437e-09 -4.88069624e-09 -5.02342806e-09 -5.16976639e-09 -5.31917765e-09 -5.47106671e-09 -5.62477681e-09 -5.77959142e-09 -5.93473737e-09 -6.08938738e-09 -6.24266661e-09 -6.39365771e-09 -6.54141075e-09 -6.68495037e-09 -6.82328710e-09 -6.95542907e-09 -7.08039316e-09 -7.19721821e-09 -7.30497940e-09 -7.40279998e-09 -7.48986512e-09 -7.56543483e-09 -7.62885483e-09 -7.67956859e-09 -7.71712505e-09 -7.74118791e-09 -7.75153941e-09 -7.74808639e-09 -7.73085979e-09 -7.70001524e-09 -7.65583086e-09 -7.59870061e-09 -7.52912988e-09 -7.44772510e-09 -7.35518468e-09 -7.25228783e-09 -7.13988185e-09 -7.01886882e-09 -6.89019453e-09 -6.75483119e-09 -6.61376887e-09 -6.46799941e-09 -6.31850672e-09 -6.16625456e-09 -6.01217798e-09 -5.85717352e-09 -5.70209291e-09 -5.54773738e-09 -5.39485207e-09 -5.24412369e-09 -5.09617848e-09 -4.95158037e-09 -4.81083301e-09 -4.67437966e-09 -4.54260601e-09 -4.41584136e-09 -4.29436414e-09 -4.17840329e-09 -4.06814404e-09 -3.96373162e-09 -3.86527460e-09 -3.77284992e-09 -3.68650799e-09 -3.60627517e-09 -3.53215857e-09 -3.46415030e-09 -3.40222950e-09 -3.34636713e-09 -3.29652794e-09 -3.25267374e-09 -3.21476484e-09 -3.18276294e-09 -3.15663273e-09 -3.13634396e-09 -3.12187065e-09 -3.11319442e-09 -3.11030335e-09
-2.79108137e-09 -2.79399076e-09 -2.80272427e-09 -2.81729928e-09 -2.83774410e-09 -2.86409718e-09 -2.89640645e-09 -2.93472791e-09 -2.97912417e-09 -3.02966158e-09 -3.08641090e-09 -3.14944010e-09 -3.21881605e-09 -3.29459837e-09 -3.37683698e-09 -3.46556717e-09 -3.56080698e-09 -3.66255049e-09 -3.77076481e-09 -3.88538296e-09 -4.00630118e-09 -4.13337098e-09 -4.26639557e-09 -4.40512415e-09 -4.54924626e-09 -4.69838835e-09 -4.85211027e-09 -5.00989961e-09 -5.17117271e-09 -5.33527100e-09 -5.50146195e-09 -5.66894043e-09 -5.83683224e-09 -6.00419814e-09 -6.17003937e-09 -6.33330755e-09 -6.49291237e-09 -6.64773547e-09 -6.79663947e-09 -6.93848590e-09 -7.07214809e-09 -7.19652771e-09 -7.31057165e-09 -7.41328676e-09 -7.50375823e-09 -7.58116270e-09 -7.64478403e-09 -7.69402420e-09 -7.72841630e-09 -7.74763120e-09 -7.75148323e-09 -7.73993597e-09 -7.71310038e-09 -7.67123415e-09 -7.61473640e-09 -7.54414109e-09 -7.46010664e-09 -7.36340455e-09 -7.25490540e-09 -7.13556536e-09 -7.00640945e-09 -6.86851565e-09 -6.72299849e-09 -6.57099253e-09 -6.41363729e-09 -6.25206231e-09 -6.08737372e-09 -5.92064225e-09 -5.75289194e-09 -5.58509317e-09 -5.41815331e-09 -5.25291277e-09 -5.09014025e-09 -4.93053132e-09 -4.77470702e-09 -4.62321570e-09 -4.47653270e-09 -4.33506475e-09 -4.19915325e-09 -4.06907830e-09 -3.94506294e-09 -3.82727894e-09 -3.71585213e-09 -3.61086733e-09 -3.51237328e-09 -3.42038919e-09 -3.33490785e-09 -3.25590316e-09 -3.18333077e-09 -3.11713610e-09 -3.05725545e-09 -3.00362080e-09 -2.95616254e-09 -2.91481189e-09 -2.87950386e-09 -2.85017920e-09 -2.82678581e-09 -2.80928003e-09 -2.79762857e-09 -2.79180862e-09 -2.79180862e-09 -2.79762857e-09 -2.80928003e-09 -2.82678581e-09 -2.85017920e-09 -2.87950408e-09 -2.91481184e-09 -2.95616254e-09 -3.00362080e-09 -3.05725550e-09 -3.11713610e-09 -3.18333077e-09 -3.25590316e-09 -3.33490791e-09 -3.42038919e-09 -3.51237323e-09 -3.61086711e-09 -3.71585213e-09 -3.82727894e-09 -3.94506294e-09 -4.06907830e-09 -4.19915325e-09 -4.33506475e-09 -4.47653270e-09 -4.62321570e-09 -4.77470702e-09 -4.93053132e-09 -5.09014025e-09 -5.25291277e-09 -5.41815331e-09 -5.58509305e-09 -5.75289183e-09 -5.92064225e-09 -6.08737372e-09 -6.25206231e-09 -6.41363729e-09 -6.57099253e-09 -6.72299849e-09 -6.86851565e-09 -7.00640945e-09 -7.13556536e-09 -7.25490534e-09 -7.36340450e-09 -7.46010664e-09 -7.54414115e-09 -7.61473640e-09 -7.67123415e-09 -7.71310038e-09 -7.73993597e-09 -7.75148323e-09 -7.74763120e-09 -7.72841630e-09 -7.69402431e-09 -7.64478386e-09 -7.58116270e-09 -7.50375823e-09 -7.41328676e-09 -7.31057165e-09 -7.19652771e-09 -7.07214809e-09 -6.93848590e-09 -6.79663947e-09 -6.64773547e-09 -6.49291237e-09 -6.33330755e-09 -6.17003937e-09 -6.00419814e-09 -5.83683224e-09 -5.66894043e-09 -5.50146195e-09 -5.33527100e-09 -5.17117271e-09 -5.00989966e-09 -4.85211027e-09 -4.69838835e-09 -4.54924626e-09 -4.40512415e-09 -4.26639557e-09 -4.13337098e-09 -4.00630118e-09 -3.88538296e-09 -3.77076481e-09 -3.66255054e-09 -3.56080698e-09 -3.46556722e-09 -3.37683698e-09 -3.29459848e-09 -3.21881605e-09 -3.14944004e-09 -3.08641079e-09 -3.02966158e-09 -2.97912417e-09 -2.93472791e-09 -2.89640645e-09 -2.86409718e-09 -2.83774404e-09 -2.81729928e-09 -2.80272422e-09 -2.79399076e-09 -2.79108137e-09
-2.48580861e-09 -2.48870163e-09 -2.49738807e-09 -2.51189181e-09 -2.53225035e-09 -2.55851623e-09 -2.59075561e-09 -2.62904576e-09 -2.67347500e-09 -2.72414014e-09 -2.78114354e-09 -2.84459184e-09 -2.91459118e-09 -2.99124503e-09 -3.07464953e-09 -3.16488868e-09 -3.26203109e-09 -3.36612244e-09 -3.47718171e-09 -3.59519386e-09 -3.72010467e-09 -3.85181353e-09 -3.99016664e-09 -4.13495094e-09 -4.28588831e-09 -4.44262777e-09 -4.60474198e-09 -4.77172213e-09 -4.94297275e-09 -5.11781151e-09 -5.29546718e-09 -5.47507956e-09 -5.65570324e-09 -5.83631138e-09 -6.01580202e-09 -6.19300761e-09 -6.36670544e-09 -6.53562937e-09 -6.69848754e-09 -6.85397622e-09 -7.00079961e-09 -7.13768861e-09 -7.26342014e-09 -7.37683808e-09 -7.47687279e-09 -7.56255958e-09 -7.63305663e-09 -7.68766051e-09 -7.72582093e-09 -7.74714859e-09 -7.75142478e-09 -7.73860637e-09 -7.70882436e-09 -7.66238339e-09 -7.59975394e-09 -7.52156520e-09 -7.42859130e-09 -7.32173705e-09 -7.20202303e-09 -7.07056358e-09 -6.92855112e-09 -6.77723444e-09 -6.61789812e-09 -6.45184428e-09 -6.28037344e-09 -6.10476592e-09 -5.92626787e-09 -5.74607634e-09 -5.56532737e-09 -5.38508571e-09 -5.20633892e-09 -5.02998987e-09 -4.85685425e-09 -4.68765904e-09 -4.52304283e-09 -4.36355752e-09 -4.20967061e-09 -4.06177059e-09 -3.92017119e-09 -3.78511766e-09 -3.65679209e-09 -3.53532092e-09 -3.42078088e-09 -3.31320643e-09 -3.21259375e-09 -3.11891019e-09 -3.03209791e-09 -2.95208014e-09 -2.87876623e-09 -2.81205548e-09 -2.75184281e-09 -2.69802181e-09 -2.65048722e-09 -2.60913902e-09 -2.57388466e-09 -2.54464122e-09 -2.52133625e-09 -2.50391091e-09 -2.49231963e-09 -2.48653170e-09 -2.48653170e-09 -2.49231963e-09 -2.50391075e-09 -2.52133625e-09 -2.54464122e-09 -2.57388466e-09 -2.60913896e-09 -2.65048716e-09 -2.69802181e-09 -2.75184286e-09 -2.81205548e-09 -2.87876623e-09 -2.95208019e-09 -3.03209780e-09 -3.11891019e-09 -3.21259358e-09 -3.31320638e-09 -3.42078088e-09 -3.53532092e-09 -3.65679209e-09 -3.78511766e-09 -3.92017119e-09 -4.06177059e-09 -4.20967061e-09 -4.36355752e-09 -4.52304305e-09 -4.68765904e-09 -4.85685425e-09 -5.02999004e-09 -5.20633892e-09 -5.38508571e-09 -5.56532731e-09 -5.74607634e-09 -5.92626781e-09 -6.10476592e-09 -6.28037333e-09 -6.45184428e-09 -6.61789812e-09 -6.77723444e-09 -6.92855112e-09 -7.07056369e-09 -7.20202303e-09 -7.32173711e-09 -7.42859130e-09 -7.52156515e-09 -7.59975399e-09 -7.66238339e-09 -7.70882436e-09 -7.73860637e-09 -7.75142478e-09 -7.74714859e-09 -7.72582093e-09 -7.68766073e-09 -7.63305663e-09 -7.56255947e-09 -7.47687257e-09 -7.37683808e-09 -7.26342014e-09 -7.13768861e-09 -7.00079961e-09 -6.85397622e-09 -6.69848754e-09 -6.53562926e-09 -6.36670533e-09 -6.19300766e-09 -6.01580202e-09 -5.83631138e-09 -5.65570302e-09 -5.47507956e-09 -5.29546718e-09 -5.11781151e-09 -4.94297275e-09 -4.77172213e-09 -4.60474225e-09 -4.44262777e-09 -4.28588831e-09 -4.13495094e-09 -3.99016664e-09 -3.85181315e-09 -3.72010467e-09 -3.59519386e-09 -3.47718176e-09 -3.36612238e-09 -3.26203109e-09 -3.16488902e-09 -3.07464953e-09 -2.99124503e-09 -2.91459118e-09 -2.84459190e-09 -2.78114354e-09 -2.72414014e-09 -2.67347516e-09 -2.62904576e-09 -2.59075555e-09 -2.55851651e-09 -2.53225030e-09 -2.51189181e-09 -2.49738807e-09 -2.48870163e-09 -2.48580861e-09
-2.19648510e-09 -2.19932811e-09 -2.20786694e-09 -2.22213070e-09 -2.24216767e-09 -2.26804420e-09 -2.29984404e-09 -2.33766750e-09 -2.38162878e-09 -2.43185577e-09 -2.48848520e-09 -2.55166233e-09 -2.62153693e-09 -2.69825812e-09 -2.78197310e-09 -2.87281898e-09 -2.97092040e-09 -3.07638137e-09 -3.18928067e-09 -3.30966388e-09 -3.43753537e-09 -3.57285268e-09 -3.71551717e-09 -3.86536514e-09 -4.02216210e-09 -4.18559254e-09 -4.35525560e-09 -4.53065552e-09 -4.71119821e-09 -4.89618723e-09 -5.08482034e-09 -5.27618954e-09 -5.46928292e-09 -5.66298752e-09 -5.85609805e-09 -6.04732331e-09 -6.23530061e-09 -6.41860926e-09 -6.59578797e-09 -6.76535417e-09 -6.92582558e-09 -7.07574366e-09 -7.21369608e-09 -7.33834349e-09 -7.44844186e-09 -7.54286561e-09 -7.62063102e-09 -7.68091413e-09 -7.72306863e-09 -7.74663744e-09 -7.75136411e-09 -7.73719688e-09 -7.70429054e-09 -7.65300257e-09 -7.58388596e-09 -7.49767781e-09 -7.39528466e-09 -7.27776323e-09 -7.14630111e-09 -7.00219349e-09 -6.84681872e-09 -6.68161565e-09 -6.50805720e-09 -6.32762914e-09 -6.14180556e-09 -5.95202976e-09 -5.75969583e-09 -5.56613217e-09 -5.37258793e-09 -5.18022381e-09 -4.99010244e-09 -4.80318463e-09 -4.62032512e-09 -4.44227316e-09 -4.26967406e-09 -4.10307099e-09 -3.94291277e-09 -3.78955606e-09 -3.64327535e-09 -3.50426826e-09 -3.37266481e-09 -3.24853533e-09 -3.13189763e-09 -3.02272535e-09 -2.92095576e-09 -2.82649659e-09 -2.73923256e-09 -2.65903244e-09 -2.58575306e-09 -2.51924620e-09 -2.45936110e-09 -2.40595077e-09 -2.35887321e-09 -2.31799591e-09 -2.28319780e-09 -2.25437102e-09 -2.23142382e-09 -2.21428070e-09 -2.20288404e-09 -2.19719565e-09 -2.19719565e-09 -2.20288404e-09 -2.21428070e-09 -2.23142382e-09 -2.25437102e-09 -2.28319780e-09 -2.31799591e-09 -2.35887321e-09 -2.40595077e-09 -2.45936110e-09 -2.51924620e-09 -2.58575306e-09 -2.65903244e-09 -2.73923256e-09 -2.82649659e-09 -2.92095581e-09 -3.02272535e-09 -3.13189763e-09 -3.24853533e-09 -3.37266481e-09 -3.50426826e-09 -3.64327535e-09 -3.78955606e-09 -3.94291283e-09 -4.10307099e-09 -4.26967406e-09 -4.44227316e-09 -4.62032512e-09 -4.80318468e-09 -4.99010244e-09 -5.18022381e-09 -5.37258793e-09 -5.56613217e-09 -5.75969583e-09 -5.95202976e-09 -6.14180556e-09 -6.32762914e-09 -6.50805720e-09 -6.68161565e-09 -6.84681872e-09 -7.00219349e-09 -7.14630111e-09 -7.27776339e-09 -7.39528466e-09 -7.49767787e-09 -7.58388596e-09 -7.65300257e-09 -7.70429054e-09 -7.73719688e-09 -7.75136411e-09 -7.74663744e-09 -7.72306863e-09 -7.68091413e-09 -7.62063102e-09 -7.54286561e-09 -7.44844186e-09 -7.33834349e-09 -7.21369608e-09 -7.07574366e-09 -6.92582558e-09 -6.76535417e-09 -6.59578797e-09 -6.41860926e-09 -6.23530061e-09 -6.04732331e-09 -5.85609805e-09 -5.66298752e-09 -5.46928292e-09 -5.27618954e-09 -5.08482034e-09 -4.89618723e-09 -4.71119821e-09 -4.53065552e-09 -4.35525560e-09 -4.18559254e-09 -4.02216210e-09 -3.86536514e-09 -3.71551717e-09 -3.57285268e-09 -3.43753537e-09 -3.30966388e-09 -3.18928067e-09 -3.07638137e-09 -2.97092040e-09 -2.87281898e-09 -2.78197310e-09 -2.69825812e-09 -2.62153693e-09 -2.55166233e-09 -2.48848520e-09 -2.43185577e-09 -2.38162878e-09 -2.33766750e-09 -2.29984404e-09 -2.26804420e-09 -2.24216767e-09 -2.22213070e-09 -2.20786694e-09 -2.19932811e-09 -2.19648510e-09
-1.92475125e-09 -1.92751271e-09 -1.93580840e-09 -1.94967348e-09 -1.96916572e-09 -1.99436562e-09 -2.02537476e-09 -2.06231515e-09 -2.10532769e-09 -2.15457002e-09 -2.21021568e-09 -2.27244867e-09 -2.34146302e-09 -2.41745685e-09 -2.50063031e-09 -2.59117744e-09 -2.68928368e-09 -2.79511769e-09 -2.90882396e-09 -3.03051617e-09 -3.16026844e-09 -3.29810579e-09 -3.44399470e-09 -3.59783497e-09 -3.75944753e-09 -3.92856692e-09 -4.10483081e-09 -4.28777103e-09 -4.47680798e-09 -4.67124234e-09 -4.87025220e-09 -5.07288989e-09 -5.27808297e-09 -5.48463841e-09 -5.69124564e-09 -5.89648946e-09 -6.09886214e-09 -6.29677788e-09 -6.48859472e-09 -6.67263589e-09 -6.84721568e-09 -7.01066544e-09 -7.16136428e-09 -7.29776611e-09 -7.41843109e-09 -7.52205348e-09 -7.60748797e-09 -7.67377328e-09 -7.72015418e-09 -7.74609682e-09 -7.75130038e-09 -7.73570480e-09 -7.69949060e-09 -7.64307662e-09 -7.56710872e-09 -7.47244827e-09 -7.36015077e-09 -7.23144505e-09 -7.08770742e-09 -6.93043462e-09 -6.76121353e-09 -6.58169286e-09 -6.39355291e-09 -6.19847840e-09 -5.99813221e-09 -5.79413040e-09 -5.58802138e-09 -5.38126965e-09 -5.17523879e-09 -4.97118158e-09 -4.77023154e-09 -4.57339899e-09 -4.38156833e-09 -4.19549984e-09 -4.01583250e-09 -3.84308929e-09 -3.67768421e-09 -3.51993013e-09 -3.37004824e-09 -3.22817717e-09 -3.09438225e-09 -2.96866620e-09 -2.85097879e-09 -2.74122502e-09 -2.63927469e-09 -2.54497018e-09 -2.45813386e-09 -2.37857528e-09 -2.30609598e-09 -2.24049690e-09 -2.18158130e-09 -2.12915979e-09 -2.08305267e-09 -2.04309525e-09 -2.00913686e-09 -1.98104638e-09 -1.95871169e-09 -1.94204175e-09 -1.93096716e-09 -1.92544158e-09 -1.92544158e-09 -1.93096716e-09 -1.94204175e-09 -1.95871169e-09 -1.98104638e-09 -2.00913686e-09 -2.04309525e-09 -2.08305267e-09 -2.12915974e-09 -2.18158130e-09 -2.24049690e-09 -2.30609598e-09 -2.37857523e-09 -2.45813386e-09 -2.54497018e-09 -2.63927469e-09 -2.74122502e-09 -2.85097879e-09 -2.96866604e-09 -3.09438225e-09 -3.22817717e-09 -3.37004824e-09 -3.51993013e-09 -3.67768421e-09 -3.84308929e-09 -4.01583250e-09 -4.19549984e-09 -4.38156833e-09 -4.57339899e-09 -4.77023154e-09 -4.97118158e-09 -5.17523879e-09 -5.38126965e-09 -5.58802138e-09 -5.79413040e-09 -5.99813221e-09 -6.19847840e-09 -6.39355291e-09 -6.58169286e-09 -6.76121353e-09 -6.93043462e-09 -7.08770742e-09 -7.23144500e-09 -7.36015077e-09 -7.47244827e-09 -7.56710872e-09 -7.64307662e-09 -7.69949060e-09 -7.73570480e-09 -7.75130038e-09 -7.74609682e-09 -7.72015418e-09 -7.67377328e-09 -7.60748797e-09 -7.52205348e-09 -7.41843109e-09 -7.29776611e-09 -7.16136428e-09 -7.01066544e-09 -6.84721568e-09 -6.67263589e-09 -6.48859472e-09 -6.29677788e-09 -6.09886219e-09 -5.89648946e-09 -5.69124564e-09 -5.48463841e-09 -5.27808297e-09 -5.07288989e-09 -4.87025215e-09 -4.67124234e-09 -4.47680798e-09 -4.28777103e-09 -4.10483081e-09 -3.92856692e-09 -3.75944753e-09 -3.59783497e-09 -3.44399465e-09 -3.29810579e-09 -3.16026844e-09 -3.03051617e-09 -2.90882396e-09 -2.79511769e-09 -2.68928368e-09 -2.59117744e-09 -2.50063031e-09 -2.41745685e-09 -2.34146302e-09 -2.27244867e-09 -2.21021568e-09 -2.15457002e-09 -2.10532769e-09 -2.06231515e-09 -2.02537476e-09 -1.99436567e-09 -1.96916572e-09 -1.94967348e-09 -1.93580846e-09 -1.92751271e-09 -1.92475125e-09
-1.67187741e-09 -1.67452807e-09 -1.68249331e-09 -1.69581393e-09 -1.71455694e-09 -1.73881520e-09 -1.76870818e-09 -1.80437837e-09 -1.84599253e-09 -1.89373828e-09 -1.94782279e-09 -2.00847072e-09 -2.07591966e-09 -2.15041834e-09 -2.23222030e-09 -2.32157998e-09 -2.41874715e-09 -2.52395832e-09 -2.63743066e-09 -2.75935325e-09 -2.88987706e-09 -3.02910497e-09 -3.17708126e-09 -3.33377959e-09 -3.49909107e-09 -3.67281333e-09 -3.85463805e-09 -4.04414013e-09 -4.24076785e-09 -4.44383375e-09 -4.65250860e-09 -4.86581664e-09 -5.08263409e-09 -5.30169175e-09 -5.52157947e-09 -5.74075626e-09 -5.95756378e-09 -6.17024543e-09 -6.37696618e-09 -6.57584032e-09 -6.76495970e-09 -6.94242608e-09 -7.10638615e-09 -7.25506555e-09 -7.38680472e-09 -7.50009432e-09 -7.59360663e-09 -7.66622599e-09 -7.71707298e-09 -7.74552589e-09 -7.75123399e-09 -7.73412723e-09 -7.69441610e-09 -7.63258867e-09 -7.54939750e-09 -7.44584328e-09 -7.32315086e-09 -7.18274273e-09 -7.02620773e-09 -6.85526685e-09 -6.67173861e-09 -6.47750331e-09 -6.27446811e-09 -6.06453371e-09 -5.84956378e-09 -5.63135766e-09 -5.41162515e-09 -5.19196797e-09 -4.97386277e-09 -4.75865025e-09 -4.54752758e-09 -4.34154429e-09 -4.14160306e-09 -3.94846078e-09 -3.76273662e-09 -3.58491759e-09 -3.41536910e-09 -3.25434502e-09 -3.10199960e-09 -2.95839880e-09 -2.82353246e-09 -2.69732514e-09 -2.57964905e-09 -2.47033305e-09 -2.36917247e-09 -2.27593966e-09 -2.19039059e-09 -2.11227219e-09 -2.04132972e-09 -1.97731165e-09 -1.91997451e-09 -1.86908622e-09 -1.82443133e-09 -1.78581128e-09 -1.75304893e-09 -1.72599002e-09 -1.70450243e-09 -1.68848058e-09 -1.67784447e-09 -1.67253977e-09 -1.67253977e-09 -1.67784447e-09 -1.68848058e-09 -1.70450243e-09 -1.72599002e-09 -1.75304893e-09 -1.78581128e-09 -1.82443133e-09 -1.86908622e-09 -1.91997451e-09 -1.97731165e-09 -2.04132977e-09 -2.11227213e-09 -2.19039054e-09 -2.27593966e-09 -2.36917252e-09 -2.47033305e-09 -2.57964905e-09 -2.69732514e-09 -2.82353246e-09 -2.95839886e-09 -3.10199960e-09 -3.25434502e-09 -3.41536910e-09 -3.58491759e-09 -3.76273657e-09 -3.94846078e-09 -4.14160306e-09 -4.34154429e-09 -4.54752758e-09 -4.75865025e-09 -4.97386277e-09 -5.19196797e-09 -5.41162515e-09 -5.63135766e-09 -5.84956378e-09 -6.06453371e-09 -6.27446811e-09 -6.47750331e-09 -6.67173861e-09 -6.85526685e-09 -7.02620773e-09 -7.18274273e-09 -7.32315086e-09 -7.44584328e-09 -7.54939750e-09 -7.63258867e-09 -7.69441610e-09 -7.73412723e-09 -7.75123399e-09 -7.74552589e-09 -7.71707298e-09 -7.66622599e-09 -7.59360663e-09 -7.50009432e-09 -7.38680472e-09 -7.25506555e-09 -7.10638615e-09 -6.94242608e-09 -6.76495970e-09 -6.57584032e-09 -6.37696618e-09 -6.17024543e-09 -5.95756378e-09 -5.74075626e-09 -5.52157947e-09 -5.30169175e-09 -5.08263409e-09 -4.86581664e-09 -4.65250877e-09 -4.44383375e-09 -4.24076785e-09 -4.04414013e-09 -3.85463805e-09 -3.67281333e-09 -3.49909107e-09 -3.33377959e-09 -3.17708126e-09 -3.02910497e-09 -2.88987700e-09 -2.75935325e-09 -2.63743066e-09 -2.52395832e-09 -2.41874715e-09 -2.32157998e-09 -2.23222030e-09 -2.15041834e-09 -2.07591966e-09 -2.00847072e-09 -1.94782279e-09 -1.89373828e-09 -1.84599253e-09 -1.80437837e-09 -1.76870818e-09 -1.73881520e-09 -1.71455694e-09 -1.69581393e-09 -1.68249331e-09 -1.67452807e-09 -1.67187741e-09
-1.43876067e-09 -1.44127466e-09 -1.44883250e-09 -1.46147972e-09 -1.47929091e-09 -1.50237223e-09 -1.53085705e-09 -1.56490865e-09 -1.60471630e-09 -1.65049696e-09 -1.70249070e-09 -1.76095927e-09 -1.82618476e-09 -1.89846361e-09 -1.97810557e-09 -2.06542516e-09 -2.16073781e-09 -2.26435221e-09 -2.37656272e-09 -2.49763910e-09 -2.62781746e-09 -2.76728729e-09 -2.91618096e-09 -3.07455805e-09 -3.24239435e-09 -3.41956485e-09 -3.60583102e-09 -3.80082754e-09 -4.00404604e-09 -4.21482771e-09 -4.43235060e-09 -4.65562383e-09 -4.88348417e-09 -5.11459475e-09 -5.34745004e-09 -5.58038582e-09 -5.81159126e-09 -6.03913125e-09 -6.26096691e-09 -6.47498888e-09 -6.67904831e-09 -6.87099627e-09 -7.04872299e-09 -7.21020005e-09 -7.35352401e-09 -7.47695655e-09 -7.57896534e-09 -7.65825936e-09 -7.71381903e-09 -7.74492320e-09 -7.75116460e-09 -7.73246123e-09 -7.68905839e-09 -7.62152214e-09 -7.53072582e-09 -7.41782774e-09 -7.28424410e-09 -7.13161497e-09 -6.96176644e-09 -6.77666934e-09 -6.57839849e-09 -6.36908848e-09 -6.15089257e-09 -5.92594485e-09 -5.69632308e-09 -5.46401768e-09 -5.23090460e-09 -4.99872344e-09 -4.76906015e-09 -4.54333710e-09 -4.32280445e-09 -4.10853912e-09 -3.90144650e-09 -3.70226660e-09 -3.51158069e-09 -3.32982486e-09 -3.15729920e-09 -2.99418351e-09 -2.84055046e-09 -2.69638123e-09 -2.56157762e-09 -2.43597703e-09 -2.31936548e-09 -2.21148838e-09 -2.11206264e-09 -2.02078582e-09 -1.93734478e-09 -1.86142346e-09 -1.79270898e-09 -1.73089820e-09 -1.67570124e-09 -1.62684582e-09 -1.58407987e-09 -1.54717578e-09 -1.51592944e-09 -1.49016521e-09 -1.46973389e-09 -1.45451595e-09 -1.44442119e-09 -1.43938877e-09 -1.43938877e-09 -1.44442119e-09 -1.45451595e-09 -1.46973389e-09 -1.49016521e-09 -1.51592944e-09 -1.54717578e-09 -1.58407987e-09 -1.62684577e-09 -1.67570130e-09 -1.73089820e-09 -1.79270898e-09 -1.86142346e-09 -1.93734478e-09 -2.02078582e-09 -2.11206264e-09 -2.21148838e-09 -2.31936548e-09 -2.43597703e-09 -2.56157762e-09 -2.69638123e-09 -2.84055046e-09 -2.99418351e-09 -3.15729920e-09 -3.32982486e-09 -3.51158069e-09 -3.70226660e-09 -3.90144650e-09 -4.10853912e-09 -4.32280445e-09 -4.54333710e-09 -4.76906015e-09 -4.99872344e-09 -5.23090460e-09 -5.46401768e-09 -5.69632308e-09 -5.92594485e-09 -6.15089257e-09 -6.36908848e-09 -6.57839849e-09 -6.77666934e-09 -6.96176644e-09 -7.13161491e-09 -7.28424410e-09 -7.41782780e-09 -7.53072582e-09 -7.62152214e-09 -7.68905839e-09 -7.73246123e-09 -7.75116460e-09 -7.74492320e-09 -7.71381903e-09 -7.65825936e-09 -7.57896534e-09 -7.47695655e-09 -7.35352401e-09 -7.21020005e-09 -7.04872299e-09 -6.87099627e-09 -6.67904831e-09 -6.47498888e-09 -6.26096691e-09 -6.03913120e-09 -5.81159132e-09 -5.58038582e-09 -5.34745004e-09 -5.11459475e-09 -4.88348417e-09 -4.65562383e-09 -4.43235060e-09 -4.21482771e-09 -4.00404598e-09 -3.80082754e-09 -3.60583102e-09 -3.41956480e-09 -3.24239435e-09 -3.07455805e-09 -2.91618096e-09 -2.76728729e-09 -2.62781746e-09 -2.49763910e-09 -2.37656272e-09 -2.26435221e-09 -2.16073781e-09 -2.06542516e-09 -1.97810557e-09 -1.89846361e-09 -1.82618476e-09 -1.76095927e-09 -1.70249070e-09 -1.65049696e-09 -1.60471630e-09 -1.56490865e-09 -1.53085705e-09 -1.50237223e-09 -1.47929091e-09 -1.46147972e-09 -1.44883250e-09 -1.44127466e-09 -1.43876067e-09
-1.22593113e-09 -1.22828714e-09 -1.23537236e-09 -1.24723609e-09 -1.26396094e-09 -1.28566247e-09 -1.31248801e-09 -1.34461753e-09 -1.38226314e-09 -1.42566542e-09 -1.47509549e-09 -1.53085078e-09 -1.59325431e-09 -1.66265013e-09 -1.73940018e-09 -1.82388010e-09 -1.91647165e-09 -2.01755734e-09 -2.12751100e-09 -2.24668845e-09 -2.37541603e-09 -2.51397891e-09 -2.66260669e-09 -2.82145790e-09 -2.99060487e-09 -3.17001636e-09 -3.35954009e-09 -3.55888552e-09 -3.76760873e-09 -3.98509559e-09 -4.21054885e-09 -4.44297960e-09 -4.68119726e-09 -4.92380947e-09 -5.16922360e-09 -5.41565526e-09 -5.66114156e-09 -5.90356208e-09 -6.14066631e-09 -6.37010594e-09 -6.58947319e-09 -6.79634582e-09 -6.98833269e-09 -7.16312565e-09 -7.31854810e-09 -7.45260720e-09 -7.56354029e-09 -7.64985930e-09 -7.71038644e-09 -7.74428777e-09 -7.75109177e-09 -7.73070352e-09 -7.68340724e-09 -7.60985797e-09 -7.51106455e-09 -7.38836436e-09 -7.24338739e-09 -7.07801817e-09 -6.89434676e-09 -6.69462197e-09 -6.48119997e-09 -6.25649388e-09 -6.02292366e-09 -5.78287290e-09 -5.53864571e-09 -5.29243105e-09 -5.04627351e-09 -4.80204915e-09 -4.56144716e-09 -4.32596170e-09 -4.09688372e-09 -3.87530180e-09 -3.66210928e-09 -3.45800888e-09 -3.26352878e-09 -3.07903408e-09 -2.90474389e-09 -2.74074741e-09 -2.58702293e-09 -2.44345211e-09 -2.30983943e-09 -2.18592550e-09 -2.07140310e-09 -1.96592903e-09 -1.86913812e-09 -1.78065029e-09 -1.70008252e-09 -1.62705577e-09 -1.56120061e-09 -1.50216306e-09 -1.44960888e-09 -1.40322837e-09 -1.36273670e-09 -1.32787742e-09 -1.29842409e-09 -1.27418098e-09 -1.25498451e-09 -1.24070260e-09 -1.23123639e-09 -1.22652011e-09 -1.22652011e-09 -1.23123639e-09 -1.24070260e-09 -1.25498451e-09 -1.27418098e-09 -1.29842409e-09 -1.32787742e-09 -1.36273648e-09 -1.40322842e-09 -1.44960888e-09 -1.50216306e-09 -1.56120039e-09 -1.62705577e-09 -1.70008252e-09 -1.78065029e-09 -1.86913812e-09 -1.96592903e-09 -2.07140310e-09 -2.18592550e-09 -2.30983938e-09 -2.44345211e-09 -2.58702293e-09 -2.74074741e-09 -2.90474389e-09 -3.07903408e-09 -3.26352878e-09 -3.45800882e-09 -3.66210928e-09 -3.87530180e-09 -4.09688378e-09 -4.32596170e-09 -4.56144716e-09 -4.80204915e-09 -5.04627351e-09 -5.29243105e-09 -5.53864571e-09 -5.78287296e-09 -6.02292366e-09 -6.25649388e-09 -6.48120019e-09 -6.69462197e-09 -6.89434676e-09 -7.07801817e-09 -7.24338739e-09 -7.38836436e-09 -7.51106455e-09 -7.60985797e-09 -7.68340724e-09 -7.73070352e-09 -7.75109177e-09 -7.74428777e-09 -7.71038644e-09 -7.64985930e-09 -7.56354029e-09 -7.45260720e-09 -7.31854810e-09 -7.16312565e-09 -6.98833269e-09 -6.79634582e-09 -6.58947319e-09 -6.37010594e-09 -6.14066631e-09 -5.90356208e-09 -5.66114167e-09 -5.41565526e-09 -5.16922360e-09 -4.92380947e-09 -4.68119726e-09 -4.44297960e-09 -4.21054885e-09 -3.98509559e-09 -3.76760867e-09 -3.55888552e-09 -3.35954009e-09 -3.17001636e-09 -2.99060487e-09 -2.82145790e-09 -2.66260669e-09 -2.51397886e-09 -2.37541609e-09 -2.24668845e-09 -2.12751100e-09 -2.01755734e-09 -1.91647165e-09 -1.82388010e-09 -1.73940018e-09 -1.66265002e-09 -1.59325431e-09 -1.53085078e-09 -1.47509549e-09 -1.42566542e-09 -1.38226314e-09 -1.34461753e-09 -1.31248801e-09 -1.28566247e-09 -1.26396094e-09 -1.24723609e-09 -1.23537236e-09 -1.22828714e-09 -1.22593113e-09
-1.03356668e-09 -1.03574743e-09 -1.04230768e-09 -1.05329978e-09 -1.06881243e-09 -1.08896936e-09 -1.11392956e-09 -1.14388699e-09 -1.17907140e-09 -1.21974575e-09 -1.26620781e-09 -1.31878675e-09 -1.37784312e-09 -1.44376483e-09 -1.51696455e-09 -1.59787583e-09 -1.68694597e-09 -1.78463061e-09 -1.89138472e-09 -2.00765277e-09 -2.13385737e-09 -2.27038466e-09 -2.41757059e-09 -2.57568411e-09 -2.74490647e-09 -2.92531532e-09 -3.11686099e-09 -3.31934791e-09 -3.53241397e-09 -3.75550979e-09 -3.98788380e-09 -4.22856478e-09 -4.47635362e-09 -4.72981643e-09 -4.98728353e-09 -5.24685678e-09 -5.50642310e-09 -5.76367520e-09 -6.01614120e-09 -6.26122021e-09 -6.49622750e-09 -6.71844425e-09 -6.92517277e-09 -7.11379516e-09 -7.28183375e-09 -7.42701101e-09 -7.54730667e-09 -7.64101110e-09 -7.70676906e-09 -7.74361841e-09 -7.75101550e-09 -7.72885100e-09 -7.67745306e-09 -7.59757623e-09 -7.49038376e-09 -7.35741290e-09 -7.20053522e-09 -7.02190611e-09 -6.82391066e-09 -6.60910437e-09 -6.38015257e-09 -6.13977047e-09 -5.89066668e-09 -5.63548969e-09 -5.37678069e-09 -5.11693427e-09 -4.85816287e-09 -4.60247473e-09 -4.35165493e-09 -4.10725526e-09 -3.87059240e-09 -3.64275010e-09 -3.42458839e-09 -3.21675525e-09 -3.01970432e-09 -2.83371254e-09 -2.65889916e-09 -2.49524790e-09 -2.34262698e-09 -2.20080826e-09 -2.06948775e-09 -1.94830246e-09 -1.83684606e-09 -1.73468273e-09 -1.64136255e-09 -1.55642871e-09 -1.47942825e-09 -1.40992051e-09 -1.34748163e-09 -1.29171074e-09 -1.24223348e-09 -1.19870441e-09 -1.16081028e-09 -1.12827009e-09 -1.10083781e-09 -1.07830123e-09 -1.06048426e-09 -1.04724485e-09 -1.03847758e-09 -1.03411152e-09 -1.03411152e-09 -1.03847758e-09 -1.04724485e-09 -1.06048409e-09 -1.07830123e-09 -1.10083764e-09 -1.12827009e-09 -1.16081011e-09 -1.19870441e-09 -1.24223348e-09 -1.29171085e-09 -1.34748168e-09 -1.40992051e-09 -1.47942836e-09 -1.55642871e-09 -1.64136255e-09 -1.73468284e-09 -1.83684606e-09 -1.94830263e-09 -2.06948769e-09 -2.20080820e-09 -2.34262698e-09 -2.49524790e-09 -2.65889899e-09 -2.83371260e-09 -3.01970432e-09 -3.21675525e-09 -3.42458834e-09 -3.64275005e-09 -3.87059240e-09 -4.10725520e-09 -4.35165493e-09 -4.60247473e-09 -4.85816287e-09 -5.11693399e-09 -5.37678074e-09 -5.63548974e-09 -5.89066651e-09 -6.13977047e-09 -6.38015257e-09 -6.60910454e-09 -6.82391071e-09 -7.02190617e-09 -7.20053522e-09 -7.35741285e-09 -7.49038376e-09 -7.59757629e-09 -7.67745306e-09 -7.72885100e-09 -7.75101550e-09 -7.74361841e-09 -7.70676906e-09 -7.64101110e-09 -7.54730667e-09 -7.42701106e-09 -7.28183375e-09 -7.11379533e-09 -6.92517277e-09 -6.71844425e-09 -6.49622750e-09 -6.26122021e-09 -6.01614131e-09 -5.76367531e-09 -5.50642310e-09 -5.24685667e-09 -4.98728353e-09 -4.72981643e-09 -4.47635362e-09 -4.22856483e-09 -3.98788386e-09 -3.75550979e-09 -3.53241397e-09 -3.31934791e-09 -3.11686071e-09 -2.92531521e-09 -2.74490647e-09 -2.57568411e-09 -2.41757059e-09 -2.27038466e-09 -2.13385737e-09 -2.00765277e-09 -1.89138477e-09 -1.78463067e-09 -1.68694597e-09 -1.59787583e-09 -1.51696455e-09 -1.44376477e-09 -1.37784328e-09 -1.31878675e-09 -1.26620781e-09 -1.21974575e-09 -1.17907140e-09 -1.14388699e-09 -1.11392956e-09 -1.08896936e-09 -1.06881237e-09 -1.05329984e-09 -1.04230768e-09 -1.03574743e-09 -1.03356668e-09
-8.61512084e-10 -8.63504768e-10 -8.69501027e-10 -8.79556539e-10 -8.93763563e-10 -9.12251774e-10 -9.35188926e-10 -9.62779689e-10 -9.95267757e-10 -1.03293452e-09 -1.07609921e-09 -1.12511861e-09 -1.18038562e-09 -1.24232791e-09 -1.31140443e-09 -1.38810236e-09 -1.47293189e-09 -1.56642033e-09 -1.66910286e-09 -1.78151416e-09 -1.90417487e-09 -2.03757822e-09 -2.18217383e-09 -2.33834929e-09 -2.50640897e-09 -2.68655270e-09 -2.87885144e-09 -3.08322279e-09 -3.29940664e-09 -3.52694074e-09 -3.76513898e-09 -4.01307121e-09 -4.26954833e-09 -4.53311139e-09 -4.80202789e-09 -5.07429671e-09 -5.34765837e-09 -5.61961788e-09 -5.88747473e-09 -6.14836432e-09 -6.39930597e-09 -6.63726119e-09 -6.85919821e-09 -7.06215991e-09 -7.24333515e-09 -7.40013034e-09 -7.53023777e-09 -7.63169894e-09 -7.70295921e-09 -7.74291331e-09 -7.75093534e-09 -7.72690034e-09 -7.67118413e-09 -7.58465618e-09 -7.46865125e-09 -7.32493183e-09 -7.15563897e-09 -6.96323110e-09 -6.75041972e-09 -6.52009707e-09 -6.27526764e-09 -6.01897476e-09 -5.75423498e-09 -5.48397794e-09 -5.21099180e-09 -4.93787877e-09 -4.66701927e-09 -4.40054609e-09 -4.14032647e-09 -3.88795662e-09 -3.64475927e-09 -3.41179229e-09 -3.18986210e-09 -2.97953995e-09 -2.78118423e-09 -2.59496274e-09 -2.42087861e-09 -2.25879287e-09 -2.10845114e-09 -1.96950423e-09 -1.84153187e-09 -1.72405967e-09 -1.61657882e-09 -1.51856044e-09 -1.42946810e-09 -1.34876921e-09 -1.27594457e-09 -1.21049448e-09 -1.15194532e-09 -1.09985338e-09 -1.05380810e-09 -1.01343478e-09 -9.78394921e-10 -9.48388201e-10 -9.23152277e-10 -9.02462938e-10 -8.86133944e-10 -8.74016692e-10 -8.65999716e-10 -8.62009908e-10 -8.62009908e-10 -8.65999661e-10 -8.74016692e-10 -8.86133888e-10 -9.02462938e-10 -9.23152166e-10 -9.48388201e-10 -9.78394921e-10 -1.01343478e-09 -1.05380826e-09 -1.09985338e-09 -1.15194532e-09 -1.21049459e-09 -1.27594463e-09 -1.34876915e-09 -1.42946810e-09 -1.51856039e-09 -1.61657882e-09 -1.72405967e-09 -1.84153187e-09 -1.96950423e-09 -2.10845114e-09 -2.25879282e-09 -2.42087833e-09 -2.59496274e-09 -2.78118417e-09 -2.97953989e-09 -3.18986210e-09 -3.41179240e-09 -3.64475927e-09 -3.88795662e-09 -4.14032647e-09 -4.40054615e-09 -4.66701927e-09 -4.93787877e-09 -5.21099180e-09 -5.48397794e-09 -5.75423487e-09 -6.01897476e-09 -6.27526764e-09 -6.52009713e-09 -6.75041945e-09 -6.96323110e-09 -7.15563897e-09 -7.32493188e-09 -7.46865125e-09 -7.58465624e-09 -7.67118413e-09 -7.72690034e-09 -7.75093534e-09 -7.74291331e-09 -7.70295921e-09 -7.63169894e-09 -7.53023777e-09 -7.40013034e-09 -7.24333515e-09 -7.06215991e-09 -6.85919821e-09 -6.63726119e-09 -6.39930564e-09 -6.14836432e-09 -5.88747473e-09 -5.61961783e-09 -5.34765843e-09 -5.07429671e-09 -4.80202789e-09 -4.53311133e-09 -4.26954833e-09 -4.01307121e-09 -3.76513887e-09 -3.52694074e-09 -3.29940664e-09 -3.08322279e-09 -2.87885160e-09 -2.68655270e-09 -2.50640891e-09 -2.33834929e-09 -2.18217383e-09 -2.03757822e-09 -1.90417482e-09 -1.78151416e-09 -1.66910297e-09 -1.56642033e-09 -1.47293178e-09 -1.38810241e-09 -1.31140432e-09 -1.24232796e-09 -1.18038562e-09 -1.12511861e-09 -1.07609921e-09 -1.03293452e-09 -9.95267757e-10 -9.62779689e-10 -9.35188926e-10 -9.12251941e-10 -8.93763563e-10 -8.79556428e-10 -8.69501138e-10 -8.63504768e-10 -8.61512084e-10
-7.09306225e-10 -7.11102788e-10 -7.16511239e-10 -7.25588312e-10 -7.38428763e-10 -7.55165819e-10 -7.75972175e-10 -8.01060607e-10 -8.30684077e-10 -8.65137018e-10 -9.04755881e-10 -9.49918588e-10 -1.00104530e-09 -1.05859677e-09 -1.12307258e-09 -1.19500915e-09 -1.27497446e-09 -1.36356360e-09 -1.46138968e-09 -1.56907604e-09 -1.68724273e-09 -1.81649296e-09 -1.95739580e-09 -2.11046569e-09 -2.27614033e-09 -2.45475679e-09 -2.64652211e-09 -2.85148655e-09 -3.06951398e-09 -3.30025135e-09 -3.54310203e-09 -3.79720033e-09 -4.06138922e-09 -4.33420594e-09 -4.61387284e-09 -4.89829755e-09 -5.18508281e-09 -5.47154771e-09 -5.75475873e-09 -6.03157568e-09 -6.29870500e-09 -6.55276589e-09 -6.79036338e-09 -7.00816888e-09 -7.20300425e-09 -7.37192529e-09 -7.51230461e-09 -7.62190577e-09 -7.69895031e-09 -7.74217129e-09 -7.75085174e-09 -7.72484671e-09 -7.66458952e-09 -7.57107499e-09 -7.44583234e-09 -7.29087668e-09 -7.10864828e-09 -6.90194324e-09 -6.67383315e-09 -6.42758191e-09 -6.16656148e-09 -5.89416954e-09 -5.61375196e-09 -5.32853317e-09 -5.04155662e-09 -4.75563350e-09 -4.47330667e-09 -4.19682267e-09 -3.92811733e-09 -3.66881037e-09 -3.42021012e-09 -3.18332527e-09 -2.95888419e-09 -2.74735845e-09 -2.54898858e-09 -2.36381453e-09 -2.19170371e-09 -2.03238038e-09 -1.88545396e-09 -1.75044601e-09 -1.62681119e-09 -1.51396140e-09 -1.41128320e-09 -1.31815325e-09 -1.23395172e-09 -1.15807353e-09 -1.08993647e-09 -1.02898734e-09 -9.74708481e-10 -9.26619059e-10 -8.84278151e-10 -8.47286907e-10 -8.15288115e-10 -7.87966470e-10 -7.65048025e-10 -7.46300077e-10 -7.31530614e-10 -7.20586146e-10 -7.13352932e-10 -7.09755144e-10 -7.09755144e-10 -7.13352932e-10 -7.20586146e-10 -7.31530614e-10 -7.46300077e-10 -7.65048025e-10 -7.87966470e-10 -8.15288115e-10 -8.47286907e-10 -8.84278151e-10 -9.26619059e-10 -9.74708481e-10 -1.02898734e-09 -1.08993647e-09 -1.15807353e-09 -1.23395172e-09 -1.31815325e-09 -1.41128320e-09 -1.51396140e-09 -1.62681119e-09 -1.75044601e-09 -1.88545396e-09 -2.03238038e-09 -2.19170371e-09 -2.36381453e-09 -2.54898858e-09 -2.74735845e-09 -2.95888419e-09 -3.18332527e-09 -3.42021012e-09 -3.66881037e-09 -3.92811733e-09 -4.19682267e-09 -4.47330667e-09 -4.75563350e-09 -5.04155662e-09 -5.32853317e-09 -5.61375191e-09 -5.89416960e-09 -6.16656148e-09 -6.42758191e-09 -6.67383315e-09 -6.90194324e-09 -7.10864828e-09 -7.29087662e-09 -7.44583234e-09 -7.57107499e-09 -7.66458952e-09 -7.72484671e-09 -7.75085174e-09 -7.74217129e-09 -7.69895031e-09 -7.62190577e-09 -7.51230461e-09 -7.37192529e-09 -7.20300425e-09 -7.00816888e-09 -6.79036338e-09 -6.55276589e-09 -6.29870500e-09 -6.03157568e-09 -5.75475873e-09 -5.47154771e-09 -5.18508281e-09 -4.89829755e-09 -4.61387284e-09 -4.33420611e-09 -4.06138922e-09 -3.79720033e-09 -3.54310203e-09 -3.30025135e-09 -3.06951398e-09 -2.85148655e-09 -2.64652211e-09 -2.45475679e-09 -2.27614033e-09 -2.11046569e-09 -1.95739580e-09 -1.81649296e-09 -1.68724273e-09 -1.56907604e-09 -1.46138968e-09 -1.36356360e-09 -1.27497446e-09 -1.19500915e-09 -1.12307258e-09 -1.05859677e-09 -1.00104530e-09 -9.49918588e-10 -9.04755881e-10 -8.65137018e-10 -8.30684077e-10 -8.01060607e-10 -7.75972175e-10 -7.55165819e-10 -7.38428707e-10 -7.25588312e-10 -7.16511239e-10 -7.11102788e-10 -7.09306225e-10
-5.76216741e-10 -5.77813575e-10 -5.82623561e-10 -5.90703486e-10 -6.02148609e-10 -6.17093876e-10 -6.35712927e-10 -6.58222477e-10 -6.84880430e-10 -7.15989490e-10 -7.51896545e-10 -7.92995225e-10 -8.39725844e-10 -8.92575291e-10 -9.52077639e-10 -1.01881054e-09 -1.09339438e-09 -1.17648546e-09 -1.26877109e-09 -1.37095979e-09 -1.48377011e-09 -1.60791541e-09 -1.74408765e-09 -1.89293486e-09 -2.05503803e-09 -2.23088259e-09 -2.42082859e-09 -2.62507782e-09 -2.84363899e-09 -3.07629300e-09 -3.32255828e-09 -3.58165886e-09 -3.85249643e-09 -4.13362777e-09 -4.42325043e-09 -4.71919798e-09 -5.01894670e-09 -5.31963418e-09 -5.61809321e-09 -5.91089810e-09 -6.19442531e-09 -6.46492843e-09 -6.71862066e-09 -6.95176816e-09 -7.16078985e-09 -7.34235395e-09 -7.49347717e-09 -7.61161378e-09 -7.69473435e-09 -7.74139119e-09 -7.75076359e-09 -7.72268716e-09 -7.65765579e-09 -7.55680857e-09 -7.42189099e-09 -7.25519961e-09 -7.05950998e-09 -6.83799095e-09 -6.59411153e-09 -6.33154162e-09 -6.05405365e-09 -5.76542514e-09 -5.46935125e-09 -5.16936444e-09 -4.86876844e-09 -4.57058302e-09 -4.27750435e-09 -3.99187960e-09 -3.71569248e-09 -3.45056489e-09 -3.19776555e-09 -2.95822805e-09 -2.73257750e-09 -2.52115973e-09 -2.32407604e-09 -2.14121665e-09 -1.97229649e-09 -1.81688870e-09 -1.67445652e-09 -1.54438212e-09 -1.42599238e-09 -1.31858297e-09 -1.22143518e-09 -1.13383414e-09 -1.05508113e-09 -9.84502535e-10 -9.21459742e-10 -8.65353234e-10 -8.15627121e-10 -7.71770592e-10 -7.33319849e-10 -6.99858282e-10 -6.71015132e-10 -6.46466325e-10 -6.25931584e-10 -6.09173656e-10 -5.95998140e-10 -5.86249826e-10 -5.79814363e-10 -5.76615478e-10 -5.76615478e-10 -5.79814308e-10 -5.86249826e-10 -5.95998084e-10 -6.09173656e-10 -6.25931584e-10 -6.46466158e-10 -6.71015132e-10 -6.99858227e-10 -7.33319849e-10 -7.71770647e-10 -8.15627121e-10 -8.65353234e-10 -9.21459686e-10 -9.84502535e-10 -1.05508086e-09 -1.13383414e-09 -1.22143518e-09 -1.31858302e-09 -1.42599238e-09 -1.54438218e-09 -1.67445652e-09 -1.81688870e-09 -1.97229649e-09 -2.14121665e-09 -2.32407604e-09 -2.52115967e-09 -2.73257739e-09 -2.95822805e-09 -3.19776550e-09 -3.45056489e-09 -3.71569248e-09 -3.99187955e-09 -4.27750441e-09 -4.57058297e-09 -4.86876850e-09 -5.16936427e-09 -5.46935125e-09 -5.76542514e-09 -6.05405348e-09 -6.33154185e-09 -6.59411153e-09 -6.83799095e-09 -7.05950998e-09 -7.25519977e-09 -7.42189116e-09 -7.55680857e-09 -7.65765579e-09 -7.72268716e-09 -7.75076359e-09 -7.74139119e-09 -7.69473435e-09 -7.61161378e-09 -7.49347717e-09 -7.34235395e-09 -7.16078985e-09 -6.95176816e-09 -6.71862038e-09 -6.46492843e-09 -6.19442553e-09 -5.91089810e-09 -5.61809332e-09 -5.31963429e-09 -5.01894670e-09 -4.71919820e-09 -4.42325043e-09 -4.13362777e-09 -3.85249638e-09 -3.58165886e-09 -3.32255828e-09 -3.07629300e-09 -2.84363921e-09 -2.62507788e-09 -2.42082854e-09 -2.23088259e-09 -2.05503792e-09 -1.89293481e-09 -1.74408776e-09 -1.60791536e-09 -1.48377011e-09 -1.37095979e-09 -1.26877109e-09 -1.17648552e-09 -1.09339438e-09 -1.01881054e-09 -9.52077472e-10 -8.92575236e-10 -8.39725789e-10 -7.92995225e-10 -7.51896545e-10 -7.15989490e-10 -6.84880541e-10 -6.58222477e-10 -6.35712927e-10 -6.17093598e-10 -6.02148775e-10 -5.90703597e-10 -5.82623561e-10 -5.77813575e-10 -5.76216741e-10
-4.61274130e-10 -4.62672844e-10 -4.66887473e-10 -4.73974082e-10 -4.84026874e-10 -4.97178854e-10 -5.13602993e-10 -5.33515065e-10 -5.57173585e-10 -5.84883142e-10 -6.16995954e-10 -6.53913756e-10 -6.96089963e-10 -7.44030337e-10 -7.98294486e-10 -8.59494254e-10 -9.28293165e-10 -1.00540237e-09 -1.09157644e-09 -1.18760368e-09 -1.29429745e-09 -1.41247969e-09 -1.54296687e-09 -1.68654379e-09 -1.84394156e-09 -2.01580674e-09 -2.20266538e-09 -2.40489018e-09 -2.62265576e-09 -2.85590179e-09 -3.10428871e-09 -3.36715905e-09 -3.64350100e-09 -3.93191857e-09 -4.23060897e-09 -4.53735305e-09 -4.84951501e-09 -5.16406018e-09 -5.47758805e-09 -5.78638071e-09 -6.08646977e-09 -6.37371944e-09 -6.64392141e-09 -6.89290264e-09 -7.11663861e-09 -7.31137162e-09 -7.47372370e-09 -7.60080365e-09 -7.69030289e-09 -7.74057085e-09 -7.75067144e-09 -7.72041631e-09 -7.65037045e-09 -7.54183149e-09 -7.39678852e-09 -7.21785193e-09 -7.00816871e-09 -6.77132106e-09 -6.51121435e-09 -6.23196206e-09 -5.93776855e-09 -5.63281938e-09 -5.32117694e-09 -5.00669423e-09 -4.69293732e-09 -4.38312947e-09 -4.08010842e-09 -3.78630327e-09 -3.50372409e-09 -3.23396809e-09 -2.97823582e-09 -2.73735812e-09 -2.51182808e-09 -2.30184116e-09 -2.10733453e-09 -1.92802962e-09 -1.76347226e-09 -1.61307157e-09 -1.47613510e-09 -1.35190104e-09 -1.23956578e-09 -1.13830800e-09 -1.04730780e-09 -9.65762692e-10 -8.92900309e-10 -8.27986901e-10 -7.70335129e-10 -7.19305948e-10 -6.74314160e-10 -6.34827080e-10 -6.00365258e-10 -5.70501202e-10 -5.44858214e-10 -5.23108223e-10 -5.04969400e-10 -4.90205543e-10 -4.78622308e-10 -4.70066652e-10 -4.64425498e-10 -4.61623628e-10 -4.61623628e-10 -4.64425498e-10 -4.70066652e-10 -4.78622308e-10 -4.90205543e-10 -5.04969400e-10 -5.23108223e-10 -5.44858214e-10 -5.70501313e-10 -6.00365258e-10 -6.34827080e-10 -6.74314160e-10 -7.19305948e-10 -7.70335074e-10 -8.27986901e-10 -8.92900309e-10 -9.65762692e-10 -1.04730780e-09 -1.13830800e-09 -1.23956578e-09 -1.35190104e-09 -1.47613510e-09 -1.61307157e-09 -1.76347226e-09 -1.92802962e-09 -2.10733453e-09 -2.30184105e-09 -2.51182808e-09 -2.73735795e-09 -2.97823582e-09 -3.23396809e-09 -3.50372409e-09 -3.78630327e-09 -4.08010842e-09 -4.38312947e-09 -4.69293732e-09 -5.00669423e-09 -5.32117705e-09 -5.63281943e-09 -5.93776855e-09 -6.23196206e-09 -6.51121440e-09 -6.77132106e-09 -7.00816871e-09 -7.21785198e-09 -7.39678852e-09 -7.54183149e-09 -7.65037045e-09 -7.72041631e-09 -7.75067144e-09 -7.74057085e-09 -7.69030289e-09 -7.60080365e-09 -7.47372370e-09 -7.31137151e-09 -7.11663861e-09 -6.89290264e-09 -6.64392141e-09 -6.37371944e-09 -6.08646983e-09 -5.78638071e-09 -5.47758805e-09 -5.16406018e-09 -4.84951501e-09 -4.53735299e-09 -4.23060897e-09 -3.93191857e-09 -3.64350100e-09 -3.36715905e-09 -3.10428871e-09 -2.85590179e-09 -2.62265576e-09 -2.40489012e-09 -2.20266538e-09 -2.01580674e-09 -1.84394156e-09 -1.68654379e-09 -1.54296687e-09 -1.41247969e-09 -1.29429745e-09 -1.18760368e-09 -1.09157644e-09 -1.00540237e-09 -9.28293165e-10 -8.59494254e-10 -7.98294486e-10 -7.44030337e-10 -6.96089963e-10 -6.53913701e-10 -6.16995954e-10 -5.84883142e-10 -5.57173585e-10 -5.33515065e-10 -5.13602993e-10 -4.97178743e-10 -4.84026819e-10 -4.73974082e-10 -4.66887307e-10 -4.62672844e-10 -4.61274130e-10
-3.63315600e-10 -3.64521302e-10 -3.68155728e-10 -3.74273723e-10 -3.82965770e-10 -3.94361377e-10 -4.08629131e-10 -4.25980029e-10 -4.46668202e-10 -4.70995243e-10 -4.99311481e-10 -5.32020761e-10 -5.69581271e-10 -6.12509043e-10 -6.61380617e-10 -7.16832704e-10 -7.79562692e-10 -8.50328197e-10 -9.29940958e-10 -1.01926284e-09 -1.11919501e-09 -1.23066518e-09 -1.35461065e-09 -1.49195617e-09 -1.64358782e-09 -1.81031995e-09 -1.99286015e-09 -2.19176666e-09 -2.40740372e-09 -2.63989347e-09 -2.88906654e-09 -3.15441451e-09 -3.43504331e-09 -3.72963443e-09 -4.03641465e-09 -4.35313530e-09 -4.67706945e-09 -5.00502206e-09 -5.33336408e-09 -5.65808073e-09 -5.97484562e-09 -6.27911112e-09 -6.56621729e-09 -6.83151435e-09 -7.07049513e-09 -7.27893157e-09 -7.45300960e-09 -7.58945529e-09 -7.68564734e-09 -7.73970893e-09 -7.75057474e-09 -7.71803055e-09 -7.64271862e-09 -7.52611690e-09 -7.37048411e-09 -7.17878101e-09 -6.95456670e-09 -6.70187850e-09 -6.42510162e-09 -6.12883078e-09 -5.81773740e-09 -5.49643964e-09 -5.16938725e-09 -4.84076068e-09 -4.51438981e-09 -4.19369167e-09 -3.88163024e-09 -3.58069369e-09 -3.29289085e-09 -3.01976516e-09 -2.76241807e-09 -2.52154519e-09 -2.29748010e-09 -2.09023981e-09 -1.89957505e-09 -1.72501891e-09 -1.56593327e-09 -1.42155177e-09 -1.29102012e-09 -1.17342930e-09 -1.06784515e-09 -9.73332803e-10 -8.88975726e-10 -8.13891510e-10 -7.47241935e-10 -6.88241686e-10 -6.36163566e-10 -5.90339444e-10 -5.50163637e-10 -5.15089582e-10 -4.84630669e-10 -4.58355909e-10 -4.35889158e-10 -4.16904511e-10 -4.01124300e-10 -3.88315990e-10 -3.78290732e-10 -3.70899533e-10 -3.66032316e-10 -3.63616803e-10 -3.63616803e-10 -3.66032316e-10 -3.70899533e-10 -3.78290732e-10 -3.88316101e-10 -4.01124245e-10 -4.16904400e-10 -4.35889158e-10 -4.58355909e-10 -4.84630669e-10 -5.15089582e-10 -5.50163637e-10 -5.90339444e-10 -6.36163566e-10 -6.88241686e-10 -7.47241824e-10 -8.13891510e-10 -8.88975726e-10 -9.73332803e-10 -1.06784515e-09 -1.17342935e-09 -1.29102018e-09 -1.42155177e-09 -1.56593327e-09 -1.72501891e-09 -1.89957500e-09 -2.09023981e-09 -2.29748010e-09 -2.52154519e-09 -2.76241807e-09 -3.01976516e-09 -3.29289085e-09 -3.58069369e-09 -3.88163024e-09 -4.19369167e-09 -4.51438981e-09 -4.84076068e-09 -5.16938725e-09 -5.49643964e-09 -5.81773740e-09 -6.12883078e-09 -6.42510162e-09 -6.70187850e-09 -6.95456670e-09 -7.17878101e-09 -7.37048411e-09 -7.52611679e-09 -7.64271862e-09 -7.71803055e-09 -7.75057474e-09 -7.73970893e-09 -7.68564734e-09 -7.58945529e-09 -7.45300960e-09 -7.27893157e-09 -7.07049513e-09 -6.83151435e-09 -6.56621724e-09 -6.27911112e-09 -5.97484562e-09 -5.65808073e-09 -5.33336397e-09 -5.00502206e-09 -4.67706940e-09 -4.35313530e-09 -4.03641465e-09 -3.72963443e-09 -3.43504331e-09 -3.15441451e-09 -2.88906654e-09 -2.63989347e-09 -2.40740372e-09 -2.19176666e-09 -1.99286015e-09 -1.81031995e-09 -1.64358788e-09 -1.49195623e-09 -1.35461065e-09 -1.23066518e-09 -1.11919507e-09 -1.01926284e-09 -9.29940958e-10 -8.50328197e-10 -7.79562748e-10 -7.16832704e-10 -6.61380617e-10 -6.12509043e-10 -5.69581271e-10 -5.32020761e-10 -4.99311648e-10 -4.70995243e-10 -4.46668202e-10 -4.25980029e-10 -4.08629131e-10 -3.94361377e-10 -3.82965770e-10 -3.74273723e-10 -3.68155728e-10 -3.64521302e-10 -3.63315600e-10
-2.81025814e-10 -2.82047163e-10 -2.85128199e-10 -2.90320101e-10 -2.97709246e-10 -3.07418979e-10 -3.19610727e-10 -3.34486272e-10 -3.52291862e-10 -3.73320153e-10 -3.97913869e-10 -4.26471192e-10 -4.59447702e-10 -4.97360930e-10 -5.40794576e-10 -5.90400007e-10 -6.46898979e-10 -7.11083303e-10 -7.83813514e-10 -8.66013927e-10 -9.58665480e-10 -1.06279430e-09 -1.17945542e-09 -1.30971056e-09 -1.45460244e-09 -1.61512137e-09 -1.79216525e-09 -1.98649475e-09 -2.19868235e-09 -2.42905873e-09 -2.67765343e-09 -2.94413810e-09 -3.22777094e-09 -3.52734530e-09 -3.84114918e-09 -4.16693535e-09 -4.50190851e-09 -4.84273133e-09 -5.18555376e-09 -5.52606361e-09 -5.85956483e-09 -6.18107737e-09 -6.48545828e-09 -6.76754408e-09 -7.02230063e-09 -7.24498445e-09 -7.43129952e-09 -7.57754676e-09 -7.68075759e-09 -7.73880332e-09 -7.75047343e-09 -7.71552400e-09 -7.63468577e-09 -7.50963547e-09 -7.34293487e-09 -7.13793247e-09 -6.89864349e-09 -6.62960764e-09 -6.33573349e-09 -6.02213923e-09 -5.69399650e-09 -5.35638323e-09 -5.01415198e-09 -4.67181777e-09 -4.33346958e-09 -4.00270639e-09 -3.68259628e-09 -3.37566014e-09 -3.08387493e-09 -2.80869550e-09 -2.55109006e-09 -2.31158725e-09 -2.09032913e-09 -1.88712845e-09 -1.70152636e-09 -1.53284968e-09 -1.38026335e-09 -1.24281752e-09 -1.11949194e-09 -1.00922992e-09 -9.10969966e-10 -8.23669744e-10 -7.46323781e-10 -6.77978229e-10 -6.17739970e-10 -5.64782554e-10 -5.18348475e-10 -4.77752504e-10 -4.42376247e-10 -4.11670142e-10 -3.85147858e-10 -3.62382957e-10 -3.43005790e-10 -3.26698668e-10 -3.13192750e-10 -3.02265046e-10 -2.93733149e-10 -2.87455504e-10 -2.83327806e-10 -2.81280832e-10 -2.81280832e-10 -2.83327806e-10 -2.87455504e-10 -2.93733260e-10 -3.02265046e-10 -3.13192750e-10 -3.26698668e-10 -3.43005790e-10 -3.62383012e-10 -3.85147858e-10 -4.11670142e-10 -4.42376247e-10 -4.77752504e-10 -5.18348697e-10 -5.64782499e-10 -6.17740026e-10 -6.77978340e-10 -7.46323781e-10 -8.23669744e-10 -9.10969966e-10 -1.00922992e-09 -1.11949194e-09 -1.24281752e-09 -1.38026335e-09 -1.53284974e-09 -1.70152614e-09 -1.88712834e-09 -2.09032913e-09 -2.31158731e-09 -2.55109006e-09 -2.80869555e-09 -3.08387493e-09 -3.37566014e-09 -3.68259645e-09 -4.00270639e-09 -4.33346958e-09 -4.67181782e-09 -5.01415198e-09 -5.35638323e-09 -5.69399650e-09 -6.02213901e-09 -6.33573338e-09 -6.62960764e-09 -6.89864371e-09 -7.13793247e-09 -7.34293487e-09 -7.50963569e-09 -7.63468577e-09 -7.71552400e-09 -7.75047343e-09 -7.73880332e-09 -7.68075759e-09 -7.57754676e-09 -7.43129952e-09 -7.24498439e-09 -7.02230085e-09 -6.76754408e-09 -6.48545828e-09 -6.18107737e-09 -5.85956494e-09 -5.52606361e-09 -5.18555365e-09 -4.84273133e-09 -4.50190851e-09 -4.16693524e-09 -3.84114918e-09 -3.52734525e-09 -3.22777094e-09 -2.94413810e-09 -2.67765327e-09 -2.42905873e-09 -2.19868235e-09 -1.98649469e-09 -1.79216514e-09 -1.61512137e-09 -1.45460233e-09 -1.30971051e-09 -1.17945542e-09 -1.06279430e-09 -9.58665647e-10 -8.66013927e-10 -7.83813625e-10 -7.11083414e-10 -6.46899090e-10 -5.90400118e-10 -5.40794520e-10 -4.97360930e-10 -4.59447758e-10 -4.26471192e-10 -3.97913813e-10 -3.73320153e-10 -3.52291862e-10 -3.34486272e-10 -3.19610727e-10 -3.07418868e-10 -2.97709246e-10 -2.90320101e-10 -2.85128143e-10 -2.82047163e-10 -2.81025814e-10
-2.12980800e-10 -2.13829954e-10 -2.16392682e-10 -2.20717444e-10 -2.26883845e-10 -2.35007569e-10 -2.45239440e-10 -2.57770139e-10 -2.72832534e-10 -2.90706237e-10 -3.11720316e-10 -3.36260242e-10 -3.64770991e-10 -3.97763489e-10 -4.35818270e-10 -4.79590978e-10 -5.29816191e-10 -5.87308591e-10 -6.52964960e-10 -7.27760407e-10 -8.12745593e-10 -9.09034681e-10 -1.01779274e-09 -1.14021431e-09 -1.27749838e-09 -1.43081280e-09 -1.60125424e-09 -1.78979864e-09 -1.99724626e-09 -2.22415886e-09 -2.47079451e-09 -2.73703893e-09 -3.02233755e-09 -3.32563310e-09 -3.64531239e-09 -3.97916211e-09 -4.32434905e-09 -4.67741523e-09 -5.03430264e-09 -5.39040462e-09 -5.74064635e-09 -6.07959516e-09 -6.40159609e-09 -6.70093081e-09 -6.97199432e-09 -7.20947796e-09 -7.40855460e-09 -7.56505525e-09 -7.67562447e-09 -7.73785208e-09 -7.75036690e-09 -7.71289194e-09 -7.62625518e-09 -7.49235729e-09 -7.31409516e-09 -7.09524878e-09 -6.84033757e-09 -6.55445170e-09 -6.24307189e-09 -5.91188248e-09 -5.56659063e-09 -5.21275922e-09 -4.85565704e-09 -4.50013715e-09 -4.15054002e-09 -3.81062809e-09 -3.48354851e-09 -3.17182314e-09 -2.87736007e-09 -2.60148936e-09 -2.34500885e-09 -2.10824536e-09 -1.89111804e-09 -1.69320863e-09 -1.51382834e-09 -1.35208117e-09 -1.20692445e-09 -1.07722037e-09 -9.61780766e-10 -8.59405214e-10 -7.68910935e-10 -6.89156232e-10 -6.19057139e-10 -5.57599911e-10 -5.03848074e-10 -4.56945815e-10 -4.16118751e-10 -3.80672271e-10 -3.49988816e-10 -3.23523097e-10 -3.00797831e-10 -2.81398793e-10 -2.64968603e-10 -2.51203836e-10 -2.39848919e-10 -2.30692465e-10 -2.23564112e-10 -2.18330631e-10 -2.14894991e-10 -2.13192908e-10 -2.13192908e-10 -2.14894991e-10 -2.18330631e-10 -2.23564112e-10 -2.30692465e-10 -2.39848919e-10 -2.51203836e-10 -2.64968603e-10 -2.81398793e-10 -3.00797831e-10 -3.23523097e-10 -3.49988816e-10 -3.80672271e-10 -4.16118751e-10 -4.56945815e-10 -5.03848074e-10 -5.57599911e-10 -6.19057139e-10 -6.89156232e-10 -7.68910879e-10 -8.59405214e-10 -9.61780766e-10 -1.07722031e-09 -1.20692445e-09 -1.35208117e-09 -1.51382834e-09 -1.69320863e-09 -1.89111804e-09 -2.10824536e-09 -2.34500885e-09 -2.60148936e-09 -2.87736007e-09 -3.17182314e-09 -3.48354851e-09 -3.81062809e-09 -4.15054013e-09 -4.50013715e-09 -4.85565688e-09 -5.21275922e-09 -5.56659069e-09 -5.91188248e-09 -6.24307189e-09 -6.55445170e-09 -6.84033757e-09 -7.09524878e-09 -7.31409516e-09 -7.49235729e-09 -7.62625518e-09 -7.71289194e-09 -7.75036690e-09 -7.73785208e-09 -7.67562447e-09 -7.56505525e-09 -7.40855460e-09 -7.20947796e-09 -6.97199432e-09 -6.70093081e-09 -6.40159609e-09 -6.07959516e-09 -5.74064635e-09 -5.39040462e-09 -5.03430264e-09 -4.67741523e-09 -4.32434905e-09 -3.97916211e-09 -3.64531239e-09 -3.32563316e-09 -3.02233755e-09 -2.73703893e-09 -2.47079451e-09 -2.22415886e-09 -1.99724626e-09 -1.78979864e-09 -1.60125430e-09 -1.43081280e-09 -1.27749838e-09 -1.14021431e-09 -1.01779274e-09 -9.09034681e-10 -8.12745593e-10 -7.27760407e-10 -6.52964960e-10 -5.87308591e-10 -5.29816191e-10 -4.79590978e-10 -4.35818270e-10 -3.97763489e-10 -3.64770991e-10 -3.36260242e-10 -3.11720316e-10 -2.90706237e-10 -2.72832534e-10 -2.57770139e-10 -2.45239440e-10 -2.35007680e-10 -2.26883845e-10 -2.20717444e-10 -2.16392682e-10 -2.13829954e-10 -2.12980800e-10
-1.57691527e-10 -1.58382696e-10 -1.60470803e-10 -1.63998926e-10 -1.69041114e-10 -1.75702008e-10 -1.84120552e-10 -1.94473160e-10 -2.06976214e-10 -2.21890728e-10 -2.39527898e-10 -2.60253818e-10 -2.84495649e-10 -3.12748605e-10 -3.45581008e-10 -3.83641785e-10 -4.27665903e-10 -4.78478868e-10 -5.36999889e-10 -6.04242434e-10 -6.81312506e-10 -7.69400987e-10 -8.69772199e-10 -9.83745752e-10 -1.11267140e-09 -1.25789512e-09 -1.42071588e-09 -1.60233593e-09 -1.80379889e-09 -2.02592115e-09 -2.26921720e-09 -2.53381982e-09 -2.81940049e-09 -3.12509202e-09 -3.44941942e-09 -3.79024390e-09 -4.14472756e-09 -4.50931920e-09 -4.87977142e-09 -5.25118921e-09 -5.61811475e-09 -5.97464467e-09 -6.31458108e-09 -6.63161237e-09 -6.91951352e-09 -7.17235799e-09 -7.38473543e-09 -7.55195639e-09 -7.67023700e-09 -7.73685349e-09 -7.75025555e-09 -7.71012859e-09 -7.61741059e-09 -7.47425027e-09 -7.28391752e-09 -7.05067066e-09 -6.77958412e-09 -6.47635340e-09 -6.14708084e-09 -5.79806159e-09 -5.43557388e-09 -5.06568876e-09 -4.69410422e-09 -4.32600916e-09 -3.96598360e-09 -3.61793007e-09 -3.28504346e-09 -2.96980962e-09 -2.67402867e-09 -2.39886389e-09 -2.14490414e-09 -1.91223742e-09 -1.70052983e-09 -1.50910606e-09 -1.33702766e-09 -1.18316312e-09 -1.04625503e-09 -9.24974430e-10 -8.17969859e-10 -7.23901827e-10 -6.41476372e-10 -5.69463809e-10 -5.06714670e-10 -4.52168691e-10 -4.04859091e-10 -3.63914121e-10 -3.28553629e-10 -2.98087111e-10 -2.71906164e-10 -2.49479659e-10 -2.30347519e-10 -2.14113838e-10 -2.00440886e-10 -1.89042781e-10 -1.79681436e-10 -1.72161285e-10 -1.66325065e-10 -1.62051039e-10 -1.59250002e-10 -1.57863944e-10 -1.57863944e-10 -1.59250002e-10 -1.62051039e-10 -1.66325065e-10 -1.72161285e-10 -1.79681492e-10 -1.89042726e-10 -2.00440886e-10 -2.14113838e-10 -2.30347519e-10 -2.49479659e-10 -2.71906164e-10 -2.98087111e-10 -3.28553629e-10 -3.63914121e-10 -4.04859091e-10 -4.52168691e-10 -5.06714670e-10 -5.69463809e-10 -6.41476428e-10 -7.23901716e-10 -8.17969859e-10 -9.24974763e-10 -1.04625497e-09 -1.18316312e-09 -1.33702766e-09 -1.50910606e-09 -1.70052983e-09 -1.91223742e-09 -2.14490414e-09 -2.39886389e-09 -2.67402867e-09 -2.96980962e-09 -3.28504346e-09 -3.61793007e-09 -3.96598343e-09 -4.32600916e-09 -4.69410422e-09 -5.06568876e-09 -5.43557388e-09 -5.79806170e-09 -6.14708084e-09 -6.47635340e-09 -6.77958412e-09 -7.05067066e-09 -7.28391752e-09 -7.47425027e-09 -7.61741059e-09 -7.71012859e-09 -7.75025555e-09 -7.73685349e-09 -7.67023700e-09 -7.55195623e-09 -7.38473543e-09 -7.17235799e-09 -6.91951352e-09 -6.63161237e-09 -6.31458108e-09 -5.97464467e-09 -5.61811475e-09 -5.25118921e-09 -4.87977142e-09 -4.50931920e-09 -4.14472756e-09 -3.79024390e-09 -3.44941942e-09 -3.12509202e-09 -2.81940055e-09 -2.53381982e-09 -2.26921704e-09 -2.02592115e-09 -1.80379889e-09 -1.60233593e-09 -1.42071588e-09 -1.25789512e-09 -1.11267140e-09 -9.83745752e-10 -8.69772143e-10 -7.69400987e-10 -6.81312506e-10 -6.04242434e-10 -5.36999889e-10 -4.78478868e-10 -4.27665903e-10 -3.83641785e-10 -3.45581008e-10 -3.12748716e-10 -2.84495649e-10 -2.60253818e-10 -2.39527953e-10 -2.21890728e-10 -2.06976214e-10 -1.94473160e-10 -1.84120552e-10 -1.75702064e-10 -1.69041170e-10 -1.63998926e-10 -1.60470803e-10 -1.58382696e-10 -1.57691527e-10
-1.13644538e-10 -1.14194099e-10 -1.15855825e-10 -1.18668408e-10 -1.22697297e-10 -1.28036803e-10 -1.34812161e-10 -1.43181744e-10 -1.53343505e-10 -1.65537029e-10 -1.80049919e-10 -1.97223682e-10 -2.17461049e-10 -2.41233145e-10 -2.69087086e-10 -3.01654424e-10 -3.39658413e-10 -3.83922061e-10 -4.35372682e-10 -4.95047559e-10 -5.64092606e-10 -6.43760600e-10 -7.35402295e-10 -8.40450820e-10 -9.60397872e-10 -1.09676296e-09 -1.25104932e-09 -1.42469136e-09 -1.61898894e-09 -1.83503379e-09 -2.07362394e-09 -2.33517372e-09 -2.61961935e-09 -2.92632613e-09 -3.25400273e-09 -3.60062835e-09 -3.96340027e-09 -4.33870706e-09 -4.72213590e-09 -5.10851600e-09 -5.49200396e-09 -5.86621035e-09 -6.22436658e-09 -6.55952576e-09 -6.86479240e-09 -7.13356774e-09 -7.35979966e-09 -7.53822454e-09 -7.66458341e-09 -7.73580533e-09 -7.75013825e-09 -7.70722819e-09 -7.60813390e-09 -7.45528023e-09 -7.25235177e-09 -7.00413538e-09 -6.71631778e-09 -6.39525566e-09 -6.04772726e-09 -5.68068365e-09 -5.30100996e-09 -4.91530794e-09 -4.52971266e-09 -4.14974399e-09 -3.78020271e-09 -3.42510326e-09 -3.08765158e-09 -2.77025453e-09 -2.47455983e-09 -2.20152080e-09 -1.95147482e-09 -1.72423520e-09 -1.51918411e-09 -1.33536571e-09 -1.17157400e-09 -1.02643311e-09 -8.98467301e-10 -7.86158472e-10 -6.87997104e-10 -6.02516481e-10 -5.28322719e-10 -4.64112970e-10 -4.08686807e-10 -3.60952324e-10 -3.19927862e-10 -2.84738511e-10 -2.54612553e-10 -2.28873032e-10 -2.06931694e-10 -1.88280391e-10 -1.72483527e-10 -1.59169788e-10 -1.48024815e-10 -1.38786205e-10 -1.31235744e-10 -1.25196131e-10 -1.20525701e-10 -1.17114873e-10 -1.14884324e-10 -1.13781595e-10 -1.13781595e-10 -1.14884324e-10 -1.17114873e-10 -1.20525701e-10 -1.25196131e-10 -1.31235744e-10 -1.38786205e-10 -1.48024815e-10 -1.59169788e-10 -1.72483527e-10 -1.88280391e-10 -2.06931694e-10 -2.28873032e-10 -2.54612553e-10 -2.84738511e-10 -3.19927862e-10 -3.60952324e-10 -4.08686807e-10 -4.64113137e-10 -5.28322719e-10 -6.02516426e-10 -6.87997104e-10 -7.86158472e-10 -8.98467301e-10 -1.02643305e-09 -1.17157400e-09 -1.33536571e-09 -1.51918406e-09 -1.72423520e-09 -1.95147482e-09 -2.20152074e-09 -2.47455983e-09 -2.77025447e-09 -3.08765152e-09 -3.42510331e-09 -3.78020271e-09 -4.14974399e-09 -4.52971266e-09 -4.91530794e-09 -5.30100996e-09 -5.68068365e-09 -6.04772732e-09 -6.39525571e-09 -6.71631778e-09 -7.00413538e-09 -7.25235177e-09 -7.45528006e-09 -7.60813390e-09 -7.70722819e-09 -7.75013825e-09 -7.73580533e-09 -7.66458341e-09 -7.53822449e-09 -7.35979966e-09 -7.13356774e-09 -6.86479246e-09 -6.55952576e-09 -6.22436658e-09 -5.86621035e-09 -5.49200396e-09 -5.10851600e-09 -4.72213590e-09 -4.33870706e-09 -3.96340027e-09 -3.60062835e-09 -3.25400273e-09 -2.92632607e-09 -2.61961941e-09 -2.33517361e-09 -2.07362388e-09 -1.83503379e-09 -1.61898894e-09 -1.42469136e-09 -1.25104932e-09 -1.09676296e-09 -9.60397983e-10 -8.40450765e-10 -7.35402295e-10 -6.43760600e-10 -5.64092550e-10 -4.95047559e-10 -4.35372682e-10 -3.83922061e-10 -3.39658413e-10 -3.01654424e-10 -2.69087086e-10 -2.41233145e-10 -2.17461049e-10 -1.97223682e-10 -1.80050141e-10 -1.65537029e-10 -1.53343505e-10 -1.43181744e-10 -1.34812161e-10 -1.28036803e-10 -1.22697297e-10 -1.18668464e-10 -1.15855825e-10 -1.14194099e-10 -1.13644538e-10
-7.93404231e-11 -7.97659161e-11 -8.10533862e-11 -8.32366398e-11 -8.63727423e-11 -9.05440722e-11 -9.58605972e-11 -1.02463371e-10 -1.10528087e-10 -1.20269794e-10 -1.31949396e-10 -1.45879642e-10 -1.62432456e-10 -1.82047766e-10 -2.05242989e-10 -2.32621811e-10 -2.64884226e-10 -3.02837477e-10 -3.47402607e-10 -3.99623556e-10 -4.60670668e-10 -5.31841404e-10 -6.14555684e-10 -7.10345949e-10 -8.20834067e-10 -9.47704581e-10 -1.09266074e-09 -1.25737176e-09 -1.44340440e-09 -1.65214153e-09 -1.88469096e-09 -2.14178103e-09 -2.42365289e-09 -2.72994938e-09 -3.05961123e-09 -3.41078382e-09 -3.78074533e-09 -4.16586399e-09 -4.56159099e-09 -4.96249708e-09 -5.36235678e-09 -5.75428272e-09 -6.13090723e-09 -6.48460674e-09 -6.80776435e-09 -7.09304793e-09 -7.33370309e-09 -7.52383256e-09 -7.65865271e-09 -7.73470488e-09 -7.75001541e-09 -7.70418451e-09 -7.59840568e-09 -7.43541145e-09 -7.21934607e-09 -6.95557945e-09 -6.65047162e-09 -6.31110192e-09 -5.94498084e-09 -5.55976326e-09 -5.16297449e-09 -4.76176848e-09 -4.36272091e-09 -3.97167316e-09 -3.59362146e-09 -3.23265792e-09 -2.89195579e-09 -2.57379662e-09 -2.27962649e-09 -2.01014083e-09 -1.76538417e-09 -1.54485813e-09 -1.34763128e-09 -1.17244586e-09 -1.01781611e-09 -8.82115159e-10 -7.63648367e-10 -6.60716870e-10 -5.71662218e-10 -4.94904340e-10 -4.28965696e-10 -3.72485931e-10 -3.24231308e-10 -2.83094881e-10 -2.48094767e-10 -2.18367935e-10 -1.93162208e-10 -1.71826775e-10 -1.53802304e-10 -1.38611345e-10 -1.25849275e-10 -1.15174148e-10 -1.06300468e-10 -9.89910931e-11 -9.30510669e-11 -8.83226825e-11 -8.46808179e-11 -8.20301604e-11 -8.03004330e-11 -7.94466715e-11 -7.94466715e-11 -8.03004330e-11 -8.20301604e-11 -8.46810955e-11 -8.83226825e-11 -9.30510669e-11 -9.89910931e-11 -1.06300468e-10 -1.15174148e-10 -1.25849275e-10 -1.38611345e-10 -1.53802304e-10 -1.71826775e-10 -1.93162208e-10 -2.18367935e-10 -2.48094767e-10 -2.83094881e-10 -3.24231308e-10 -3.72485931e-10 -4.28965696e-10 -4.94904340e-10 -5.71662273e-10 -6.60716815e-10 -7.63648367e-10 -8.82115048e-10 -1.01781611e-09 -1.17244586e-09 -1.34763123e-09 -1.54485813e-09 -1.76538417e-09 -2.01014083e-09 -2.27962649e-09 -2.57379662e-09 -2.89195590e-09 -3.23265792e-09 -3.59362146e-09 -3.97167310e-09 -4.36272091e-09 -4.76176848e-09 -5.16297449e-09 -5.55976326e-09 -5.94498073e-09 -6.31110186e-09 -6.65047162e-09 -6.95557945e-09 -7.21934579e-09 -7.43541145e-09 -7.59840568e-09 -7.70418451e-09 -7.75001541e-09 -7.73470488e-09 -7.65865271e-09 -7.52383256e-09 -7.33370309e-09 -7.09304793e-09 -6.80776435e-09 -6.48460668e-09 -6.13090723e-09 -5.75428272e-09 -5.36235673e-09 -4.96249708e-09 -4.56159099e-09 -4.16586393e-09 -3.78074533e-09 -3.41078382e-09 -3.05961123e-09 -2.72994938e-09 -2.42365283e-09 -2.14178103e-09 -1.88469090e-09 -1.65214153e-09 -1.44340440e-09 -1.25737176e-09 -1.09266074e-09 -9.47704581e-10 -8.20834178e-10 -7.10346004e-10 -6.14555851e-10 -5.31841404e-10 -4.60670724e-10 -3.99623556e-10 -3.47402551e-10 -3.02837477e-10 -2.64884226e-10 -2.32621811e-10 -2.05242989e-10 -1.82047821e-10 -1.62432290e-10 -1.45879642e-10 -1.31949396e-10 -1.20269794e-10 -1.10528087e-10 -1.02463371e-10 -9.58605972e-11 -9.05441278e-11 -8.63727978e-11 -8.32366398e-11 -8.10533862e-11 -7.97659161e-11 -7.93404231e-11
-5.33298405e-11 -5.36487521e-11 -5.46153123e-11 -5.62576652e-11 -5.86251048e-11 -6.17871310e-11 -6.58388899e-11 -7.09018400e-11 -7.71288589e-11 -8.47091286e-11 -9.38737421e-11 -1.04902531e-10 -1.18132670e-10 -1.33967060e-10 -1.52885316e-10 -1.75453985e-10 -2.02339367e-10 -2.34318787e-10 -2.72292688e-10 -3.17294968e-10 -3.70502740e-10 -4.33238556e-10 -5.06974240e-10 -5.93321892e-10 -6.94018287e-10 -8.10899015e-10 -9.45860557e-10 -1.10080411e-09 -1.27756777e-09 -1.47784063e-09 -1.70306180e-09 -1.95430538e-09 -2.23215674e-09 -2.53658322e-09 -2.86680912e-09 -3.22119909e-09 -3.59716373e-09 -3.99109679e-09 -4.39835013e-09 -4.81325990e-09 -5.22922738e-09 -5.63885827e-09 -6.03416028e-09 -6.40679260e-09 -6.74836020e-09 -7.05073711e-09 -7.30639915e-09 -7.50875223e-09 -7.65243158e-09 -7.73355019e-09 -7.74988640e-09 -7.70099051e-09 -7.58820651e-09 -7.41460693e-09 -7.18484516e-09 -6.90493585e-09 -6.58197763e-09 -6.22383711e-09 -5.83881671e-09 -5.43532336e-09 -5.02155684e-09 -4.60523986e-09 -4.19338925e-09 -3.79215037e-09 -3.40668571e-09 -3.04112219e-09 -2.69855244e-09 -2.38107778e-09 -2.08989098e-09 -1.82538135e-09 -1.58725577e-09 -1.37466866e-09 -1.18634802e-09 -1.02071751e-09 -8.76000383e-10 -7.50317974e-10 -6.41763698e-10 -5.48465662e-10 -4.68633909e-10 -4.00591005e-10 -3.42793904e-10 -2.93845004e-10 -2.52494914e-10 -2.17639073e-10 -1.88311255e-10 -1.63674130e-10 -1.43007550e-10 -1.25696398e-10 -1.11219034e-10 -9.91353666e-11 -8.90770790e-11 -8.07364731e-11 -7.38589745e-11 -6.82350287e-11 -6.36949382e-11 -6.01013683e-11 -5.73470715e-11 -5.53495583e-11 -5.40497647e-11 -5.34091660e-11 -5.34091660e-11 -5.40497647e-11 -5.53495583e-11 -5.73470715e-11 -6.01013683e-11 -6.36949382e-11 -6.82349177e-11 -7.38589745e-11 -8.07364731e-11 -8.90770790e-11 -9.91353666e-11 -1.11218978e-10 -1.25696342e-10 -1.43007550e-10 -1.63674130e-10 -1.88311255e-10 -2.17639073e-10 -2.52494914e-10 -2.93845004e-10 -3.42793960e-10 -4.00591060e-10 -4.68633909e-10 -5.48465662e-10 -6.41763698e-10 -7.50317974e-10 -8.76000383e-10 -1.02071751e-09 -1.18634802e-09 -1.37466871e-09 -1.58725577e-09 -1.82538135e-09 -2.08989104e-09 -2.38107778e-09 -2.69855238e-09 -3.04112219e-09 -3.40668560e-09 -3.79215037e-09 -4.19338941e-09 -4.60523986e-09 -5.02155684e-09 -5.43532336e-09 -5.83881671e-09 -6.22383695e-09 -6.58197763e-09 -6.90493573e-09 -7.18484516e-09 -7.41460693e-09 -7.58820651e-09 -7.70099051e-09 -7.74988640e-09 -7.73355019e-09 -7.65243158e-09 -7.50875223e-09 -7.30639915e-09 -7.05073711e-09 -6.74836026e-09 -6.40679237e-09 -6.03416028e-09 -5.63885827e-09 -5.22922750e-09 -4.81325990e-09 -4.39835002e-09 -3.99109690e-09 -3.59716373e-09 -3.22119897e-09 -2.86680912e-09 -2.53658322e-09 -2.23215674e-09 -1.95430538e-09 -1.70306191e-09 -1.47784063e-09 -1.27756777e-09 -1.10080411e-09 -9.45860557e-10 -8.10899015e-10 -6.94018287e-10 -5.93321836e-10 -5.06974240e-10 -4.33238556e-10 -3.70502740e-10 -3.17294968e-10 -2.72292688e-10 -2.34318787e-10 -2.02339423e-10 -1.75453985e-10 -1.52885316e-10 -1.33967171e-10 -1.18132670e-10 -1.04902531e-10 -9.38736866e-11 -8.47091286e-11 -7.71288589e-11 -7.09018400e-11 -6.58388899e-11 -6.17870755e-11 -5.86251048e-11 -5.62578872e-11 -5.46152013e-11 -5.36487521e-11 -5.33298405e-11
-3.42405548e-11 -3.44705375e-11 -3.51689233e-11 -3.63590269e-11 -3.80806497e-11 -4.03929112e-11 -4.33746927e-11 -4.71280792e-11 -5.17832444e-11 -5.75020032e-11 -6.44844178e-11 -7.29753480e-11 -8.32733327e-11 -9.57395829e-11 -1.10809861e-10 -1.29005584e-10 -1.50948809e-10 -1.77375115e-10 -2.09149420e-10 -2.47279697e-10 -2.92929347e-10 -3.47428086e-10 -4.12276935e-10 -4.89147056e-10 -5.79869708e-10 -6.86415758e-10 -8.10860046e-10 -9.55329149e-10 -1.12193299e-09 -1.31267502e-09 -1.52934443e-09 -1.77339016e-09 -2.04578066e-09 -2.34685549e-09 -2.67617628e-09 -3.03238401e-09 -3.41308032e-09 -3.81473625e-09 -4.23264856e-09 -4.66094990e-09 -5.09268300e-09 -5.51994228e-09 -5.93408755e-09 -6.32601960e-09 -6.68651057e-09 -7.00657177e-09 -7.27783944e-09 -7.49295365e-09 -7.64590691e-09 -7.73233849e-09 -7.74975145e-09 -7.69763953e-09 -7.57751450e-09 -7.39282657e-09 -7.14879272e-09 -6.85213658e-09 -6.51076715e-09 -6.13340811e-09 -5.72921555e-09 -5.30739747e-09 -4.87686169e-09 -4.44591131e-09 -4.02200018e-09 -3.61155461e-09 -3.21986454e-09 -2.85104346e-09 -2.50804688e-09 -2.19273999e-09 -1.90600441e-09 -1.64787178e-09 -1.41766865e-09 -1.21416849e-09 -1.03573528e-09 -8.80458095e-10 -7.46268158e-10 -6.31037000e-10 -5.32656474e-10 -4.49098370e-10 -3.78458265e-10 -3.18982729e-10 -2.69085421e-10 -2.27351082e-10 -1.92534211e-10 -1.63550562e-10 -1.39465772e-10 -1.19480759e-10 -1.02918785e-10 -8.92101393e-11 -7.78776488e-11 -6.85237977e-11 -6.08211259e-11 -5.44982948e-11 -4.93335373e-11 -4.51474413e-11 -4.17942903e-11 -3.91584543e-11 -3.71501718e-11 -3.57003871e-11 -3.47601392e-11 -3.42980089e-11 -3.42980089e-11 -3.47601947e-11 -3.57003871e-11 -3.71500608e-11 -3.91584543e-11 -4.17942903e-11 -4.51474413e-11 -4.93336483e-11 -5.44981837e-11 -6.08211259e-11 -6.85237977e-11 -7.78775933e-11 -8.92101948e-11 -1.02918896e-10 -1.19480537e-10 -1.39465772e-10 -1.63550562e-10 -1.92534211e-10 -2.27351082e-10 -2.69085421e-10 -3.18982951e-10 -3.78458265e-10 -4.49098370e-10 -5.32656586e-10 -6.31037111e-10 -7.46268103e-10 -8.80458151e-10 -1.03573528e-09 -1.21416827e-09 -1.41766865e-09 -1.64787178e-09 -1.90600441e-09 -2.19273999e-09 -2.50804688e-09 -2.85104357e-09 -3.21986454e-09 -3.61155461e-09 -4.02200029e-09 -4.44591108e-09 -4.87686180e-09 -5.30739747e-09 -5.72921577e-09 -6.13340811e-09 -6.51076715e-09 -6.85213675e-09 -7.14879256e-09 -7.39282657e-09 -7.57751450e-09 -7.69763953e-09 -7.74975145e-09 -7.73233849e-09 -7.64590691e-09 -7.49295359e-09 -7.27783944e-09 -7.00657182e-09 -6.68651051e-09 -6.32601960e-09 -5.93408755e-09 -5.51994228e-09 -5.09268300e-09 -4.66094990e-09 -4.23264856e-09 -3.81473630e-09 -3.41308048e-09 -3.03238434e-09 -2.67617628e-09 -2.34685549e-09 -2.04578066e-09 -1.77339016e-09 -1.52934443e-09 -1.31267502e-09 -1.12193288e-09 -9.55329149e-10 -8.10860046e-10 -6.86415702e-10 -5.79869708e-10 -4.89147056e-10 -4.12276990e-10 -3.47428086e-10 -2.92929347e-10 -2.47279697e-10 -2.09149309e-10 -1.77375115e-10 -1.50948753e-10 -1.29005751e-10 -1.10809861e-10 -9.57395829e-11 -8.32733882e-11 -7.29753480e-11 -6.44844178e-11 -5.75020032e-11 -5.17831333e-11 -4.71280792e-11 -4.33746372e-11 -4.03929112e-11 -3.80807608e-11 -3.63589159e-11 -3.51689788e-11 -3.44705375e-11 -3.42405548e-11
-2.08040252e-11 -2.09623430e-11 -2.14428475e-11 -2.22646346e-11 -2.34600117e-11 -2.50763854e-11 -2.71777600e-11 -2.98477909e-11 -3.31937811e-11 -3.73505671e-11 -4.24869584e-11 -4.88113994e-11 -5.65822944e-11 -6.61158905e-11 -7.77987674e-11 -9.21012155e-11 -1.09592335e-10 -1.30954747e-10 -1.57004465e-10 -1.88706273e-10 -2.27192598e-10 -2.73777778e-10 -3.29969385e-10 -3.97474331e-10 -4.78195150e-10 -5.74215897e-10 -6.87770840e-10 -8.21200163e-10 -9.76879799e-10 -1.15713050e-09 -1.36410583e-09 -1.59965474e-09 -1.86516569e-09 -2.16139823e-09 -2.48830634e-09 -2.84487045e-09 -3.22894472e-09 -3.63713837e-09 -4.06474537e-09 -4.50573268e-09 -4.95280555e-09 -5.39754919e-09 -5.83065585e-09 -6.24222707e-09 -6.62214411e-09 -6.96048630e-09 -7.24797333e-09 -7.47640483e-09 -7.63906510e-09 -7.73106695e-09 -7.74960957e-09 -7.69412434e-09 -7.56630802e-09 -7.37003014e-09 -7.11112946e-09 -6.79711248e-09 -6.43677212e-09 -6.03976535e-09 -5.61616609e-09 -5.17603260e-09 -4.72901024e-09 -4.28399416e-09 -3.84886173e-09 -3.43028961e-09 -3.03365050e-09 -2.66298755e-09 -2.32105674e-09 -2.00942363e-09 -1.72860054e-09 -1.47820889e-09 -1.25715316e-09 -1.06379355e-09 -8.96111130e-10 -7.51852747e-10 -6.28656849e-10 -5.24156274e-10 -4.36056635e-10 -3.62193442e-10 -3.00570568e-10 -2.49383292e-10 -2.07023843e-10 -1.72082126e-10 -1.43337064e-10 -1.19741994e-10 -1.00408626e-10 -8.45895021e-11 -7.16614545e-11 -6.11063422e-11 -5.24978394e-11 -4.54857263e-11 -3.97841760e-11 -3.51611518e-11 -3.14285820e-11 -2.84354762e-11 -2.60617083e-11 -2.42120768e-11 -2.28129737e-11 -2.18093321e-11 -2.11614060e-11 -2.08435491e-11 -2.08435491e-11 -2.11614060e-11 -2.18093321e-11 -2.28131403e-11 -2.42120768e-11 -2.60615418e-11 -2.84354207e-11 -3.14285820e-11 -3.51610963e-11 -3.97841760e-11 -4.54857263e-11 -5.24978394e-11 -6.11063422e-11 -7.16614545e-11 -8.45895021e-11 -1.00408626e-10 -1.19741883e-10 -1.43337064e-10 -1.72082015e-10 -2.07023843e-10 -2.49383292e-10 -3.00570568e-10 -3.62193442e-10 -4.36056635e-10 -5.24156274e-10 -6.28656849e-10 -7.51852747e-10 -8.96111130e-10 -1.06379350e-09 -1.25715310e-09 -1.47820889e-09 -1.72860054e-09 -2.00942363e-09 -2.32105679e-09 -2.66298755e-09 -3.03365050e-09 -3.43028961e-09 -3.84886173e-09 -4.28399416e-09 -4.72901029e-09 -5.17603249e-09 -5.61616609e-09 -6.03976524e-09 -6.43677212e-09 -6.79711243e-09 -7.11112941e-09 -7.37003014e-09 -7.56630802e-09 -7.69412434e-09 -7.74960957e-09 -7.73106695e-09 -7.63906510e-09 -7.47640483e-09 -7.24797333e-09 -6.96048630e-09 -6.62214411e-09 -6.24222707e-09 -5.83065596e-09 -5.39754919e-09 -4.95280555e-09 -4.50573268e-09 -4.06474537e-09 -3.63713848e-09 -3.22894472e-09 -2.84487045e-09 -2.48830634e-09 -2.16139801e-09 -1.86516569e-09 -1.59965474e-09 -1.36410583e-09 -1.15713050e-09 -9.76879799e-10 -8.21200163e-10 -6.87771007e-10 -5.74215897e-10 -4.78195150e-10 -3.97474331e-10 -3.29969496e-10 -2.73777778e-10 -2.27192598e-10 -1.88706273e-10 -1.57004465e-10 -1.30954803e-10 -1.09592335e-10 -9.21012155e-11 -7.77987674e-11 -6.61158905e-11 -5.65821834e-11 -4.88113994e-11 -4.24869584e-11 -3.73505671e-11 -3.31937811e-11 -2.98477909e-11 -2.71777600e-11 -2.50763854e-11 -2.34600117e-11 -2.22646346e-11 -2.14428475e-11 -2.09623430e-11 -2.08040252e-11
-1.17955645e-11 -1.19035892e-11 -1.22317156e-11 -1.27911015e-11 -1.35960687e-11 -1.46618273e-11 -1.60614300e-11 -1.78624893e-11 -2.01508810e-11 -2.30351294e-11 -2.66538458e-11 -3.11797810e-11 -3.68298725e-11 -4.38736825e-11 -5.26464983e-11 -6.35621000e-11 -7.71291364e-11 -9.39688882e-11 -1.14835030e-10 -1.40635392e-10 -1.72451387e-10 -2.11561102e-10 -2.59454791e-10 -3.17849580e-10 -3.88692023e-10 -4.74153272e-10 -5.76604986e-10 -6.98580915e-10 -8.42711012e-10 -1.01163145e-09 -1.20786792e-09 -1.43369022e-09 -1.69094089e-09 -1.98084477e-09 -2.30380670e-09 -2.65921052e-09 -3.04523279e-09 -3.45868723e-09 -3.89492494e-09 -4.34779485e-09 -4.80969370e-09 -5.27170552e-09 -5.72383813e-09 -6.15535545e-09 -6.55518961e-09 -6.91241364e-09 -7.21674931e-09 -7.45907347e-09 -7.63189084e-09 -7.72973296e-09 -7.74946068e-09 -7.69043723e-09 -7.55456375e-09 -7.34617445e-09 -7.07179543e-09 -6.73979139e-09 -6.35992525e-09 -5.94286331e-09 -5.49966472e-09 -5.04128811e-09 -4.57814464e-09 -4.11972312e-09 -3.67430764e-09 -3.24878624e-09 -2.84855994e-09 -2.47753718e-09 -2.13820556e-09 -1.83176413e-09 -1.55829366e-09 -1.31695338e-09 -1.10618520e-09 -9.23910393e-10 -7.67710617e-10 -6.34989505e-10 -5.23100008e-10 -4.29451308e-10 -3.51584206e-10 -2.87223245e-10 -2.34308017e-10 -1.91006433e-10 -1.55716218e-10 -1.27055089e-10 -1.03845876e-10 -8.50960968e-11 -6.99780789e-11 -5.78072035e-11 -4.80200324e-11 -4.01582101e-11 -3.38488126e-11 -2.87911917e-11 -2.47428189e-11 -2.15106821e-11 -1.89396832e-11 -1.69068648e-11 -1.53158597e-11 -1.40911172e-11 -1.31623601e-11 -1.24816824e-11 -1.20399246e-11 -1.18225429e-11 -1.18225429e-11 -1.20399246e-11 -1.24816824e-11 -1.31623601e-11 -1.40911172e-11 -1.53158597e-11 -1.69068648e-11 -1.89396832e-11 -2.15107376e-11 -2.47428189e-11 -2.87911917e-11 -3.38489237e-11 -4.01584321e-11 -4.80200324e-11 -5.78070924e-11 -6.99780789e-11 -8.50961523e-11 -1.03845876e-10 -1.27055089e-10 -1.55716218e-10 -1.91006433e-10 -2.34308017e-10 -2.87223245e-10 -3.51584262e-10 -4.29451585e-10 -5.23100008e-10 -6.34989505e-10 -7.67710673e-10 -9.23910393e-10 -1.10618514e-09 -1.31695338e-09 -1.55829361e-09 -1.83176413e-09 -2.13820550e-09 -2.47753718e-09 -2.84855994e-09 -3.24878624e-09 -3.67430764e-09 -4.11972312e-09 -4.57814453e-09 -5.04128816e-09 -5.49966478e-09 -5.94286331e-09 -6.35992525e-09 -6.73979139e-09 -7.07179537e-09 -7.34617445e-09 -7.55456375e-09 -7.69043723e-09 -7.74946068e-09 -7.72973296e-09 -7.63189084e-09 -7.45907347e-09 -7.21674931e-09 -6.91241375e-09 -6.55518961e-09 -6.15535561e-09 -5.72383813e-09 -5.27170552e-09 -4.80969387e-09 -4.34779485e-09 -3.89492494e-09 -3.45868723e-09 -3.04523279e-09 -2.65921046e-09 -2.30380670e-09 -1.98084460e-09 -1.69094094e-09 -1.43369022e-09 -1.20786781e-09 -1.01163145e-09 -8.42711012e-10 -6.98580915e-10 -5.76604986e-10 -4.74153272e-10 -3.88692079e-10 -3.17849747e-10 -2.59454791e-10 -2.11561102e-10 -1.72451387e-10 -1.40635392e-10 -1.14835030e-10 -9.39688882e-11 -7.71291919e-11 -6.35620445e-11 -5.26464983e-11 -4.38736825e-11 -3.68298725e-11 -3.11797810e-11 -2.66539013e-11 -2.30351294e-11 -2.01508810e-11 -1.78624893e-11 -1.60614855e-11 -1.46617163e-11 -1.35960687e-11 -1.27911015e-11 -1.22317156e-11 -1.19035892e-11 -1.17955645e-11
1.78745907e-13 -6.23390228e-14 -7.71827047e-13 -1.90625293e-12 -3.32567307e-12 -5.08532105e-12 -6.98358038e-12 -9.02278252e-12 -1.11471388e-11 -1.33647537e-11 -1.58476010e-11 -1.89273042e-11 -2.28509434e-11 -2.78424506e-11 -3.41833228e-11 -4.22282209e-11 -5.24208454e-11 -6.53129217e-11 -8.15865153e-11 -1.02076902e-10 -1.27798883e-10 -1.59972480e-10 -2.00046091e-10 -2.49719745e-10 -3.10954817e-10 -3.85979360e-10 -4.77274664e-10 -5.87542903e-10 -7.19649229e-10 -8.76536121e-10 -1.06110321e-09 -1.27605537e-09 -1.52371887e-09 -1.80582865e-09 -2.12329671e-09 -2.47597909e-09 -2.86244717e-09 -3.27979555e-09 -3.72349973e-09 -4.18734780e-09 -4.66346578e-09 -5.14245035e-09 -5.61361546e-09 -6.06535011e-09 -6.48557663e-09 -6.86228546e-09 -7.18411247e-09 -7.44092543e-09 -7.62436891e-09 -7.72833331e-09 -7.74930464e-09 -7.68656960e-09 -7.54225743e-09 -7.32121552e-09 -7.03072783e-09 -6.68010308e-09 -6.28016100e-09 -5.84266147e-09 -5.37971945e-09 -4.90324115e-09 -4.42442705e-09 -3.95335986e-09 -3.49870172e-09 -3.06750497e-09 -2.66513489e-09 -2.29529284e-09 -1.96012423e-09 -1.66038877e-09 -1.39567330e-09 -1.16462429e-09 -9.65183988e-10 -7.94811217e-10 -6.50683063e-10 -5.29860988e-10 -4.29428826e-10 -3.46593754e-10 -2.78759127e-10 -2.23566776e-10 -1.78921655e-10 -1.42994172e-10 -1.14212750e-10 -9.12457332e-11 -7.29786787e-11 -5.84902127e-11 -4.70242734e-11 -3.79672960e-11 -3.08236769e-11 -2.51972887e-11 -2.07710515e-11 -1.72938330e-11 -1.45516377e-11 -1.22332700e-11 -1.00748854e-11 -8.00753908e-12 -6.01635408e-12 -4.17210710e-12 -2.57993626e-12 -1.28774769e-12 -3.58379992e-13 1.17239551e-13 1.17239551e-13 -3.58379992e-13 -1.28808075e-12 -2.57993626e-12 -4.17210710e-12 -6.01635408e-12 -8.00753908e-12 -1.00748854e-11 -1.22332700e-11 -1.45516377e-11 -1.72938330e-11 -2.07710515e-11 -2.51972887e-11 -3.08237880e-11 -3.79672960e-11 -4.70242734e-11 -5.84902127e-11 -7.29786787e-11 -9.12457332e-11 -1.14212750e-10 -1.42994117e-10 -1.78921655e-10 -2.23566776e-10 -2.78759127e-10 -3.46593754e-10 -4.29428826e-10 -5.29860933e-10 -6.50683063e-10 -7.94811217e-10 -9.65183933e-10 -1.16462434e-09 -1.39567330e-09 -1.66038877e-09 -1.96012417e-09 -2.29529284e-09 -2.66513489e-09 -3.06750497e-09 -3.49870172e-09 -3.95335986e-09 -4.42442705e-09 -4.90324115e-09 -5.37971945e-09 -5.84266147e-09 -6.28016100e-09 -6.68010314e-09 -7.03072783e-09 -7.32121552e-09 -7.54225743e-09 -7.68656960e-09 -7.74930464e-09 -7.72833331e-09 -7.62436891e-09 -7.44092543e-09 -7.18411247e-09 -6.86228546e-09 -6.48557663e-09 -6.06535011e-09 -5.61361546e-09 -5.14245030e-09 -4.66346584e-09 -4.18734780e-09 -3.72349973e-09 -3.27979549e-09 -2.86244717e-09 -2.47597909e-09 -2.12329671e-09 -1.80582865e-09 -1.52371887e-09 -1.27605537e-09 -1.06110315e-09 -8.76536121e-10 -7.19649285e-10 -5.87542959e-10 -4.77274664e-10 -3.85979360e-10 -3.10954817e-10 -2.49719689e-10 -2.00046091e-10 -1.59972480e-10 -1.27798772e-10 -1.02076902e-10 -8.15865153e-11 -6.53129217e-11 -5.24208454e-11 -4.22282209e-11 -3.41833228e-11 -2.78424506e-11 -2.28509434e-11 -1.89273042e-11 -1.58476010e-11 -1.33647537e-11 -1.11471388e-11 -9.02278252e-12 -6.98352487e-12 -5.08532105e-12 -3.32567307e-12 -1.90625293e-12 -7.71827047e-13 -6.23390228e-14 1.78745907e-13
3.58614249e-11 3.51945140e-11 3.32348593e-11 2.99942293e-11 2.56413779e-11 2.07702744e-11 1.52229340e-11 9.70246106e-12 4.26703117e-12 -8.37885317e-13 -5.46340750e-12 -9.58766400e-12 -1.32679978e-11 -1.69221304e-11 -2.12962425e-11 -2.69814726e-11 -3.43536311e-11 -4.38900583e-11 -5.61925506e-11 -7.20126181e-11 -9.22824595e-11 -1.18143662e-10 -1.50979784e-10 -1.92444061e-10 -2.44482268e-10 -3.09346382e-10 -3.89593691e-10 -4.88064589e-10 -6.07834227e-10 -7.52133245e-10 -9.24229360e-10 -1.12727183e-09 -1.36409295e-09 -1.63697877e-09 -1.94740579e-09 -2.29577041e-09 -2.68111860e-09 -3.10090675e-09 -3.55081298e-09 -4.02462991e-09 -4.51426135e-09 -5.00983943e-09 -5.49997886e-09 -5.97215999e-09 -6.41323566e-09 -6.81003198e-09 -7.15000759e-09 -7.42192496e-09 -7.61648344e-09 -7.72686498e-09 -7.74914077e-09 -7.68251346e-09 -7.52936391e-09 -7.29510691e-09 -6.98786307e-09 -6.61797533e-09 -6.19741625e-09 -5.73912795e-09 -5.25635041e-09 -4.76198680e-09 -4.26804636e-09 -3.78519516e-09 -3.32243832e-09 -2.88693447e-09 -2.48394083e-09 -2.11687090e-09 -1.78744641e-09 -1.49591339e-09 -1.24130140e-09 -1.02169528e-09 -8.34505021e-10 -6.76712686e-10 -5.45087642e-10 -4.36363834e-10 -3.47375684e-10 -2.75158341e-10 -2.17007801e-10 -1.70518877e-10 -1.33593192e-10 -1.04433351e-10 -8.15251200e-11 -6.36091180e-11 -4.96525598e-11 -3.88170607e-11 -3.04293812e-11 -2.39536169e-11 -1.89654403e-11 -1.50628399e-11 -1.14566689e-11 -7.57105489e-12 -3.23829852e-12 1.61504143e-12 6.93156643e-12 1.25324195e-11 1.80380155e-11 2.32548425e-11 2.79373191e-11 3.17881277e-11 3.43614026e-11 3.56952246e-11 3.56951135e-11 3.43614026e-11 3.17882387e-11 2.79372081e-11 2.32548425e-11 1.80380155e-11 1.25325306e-11 6.93156643e-12 1.61481939e-12 -3.23829852e-12 -7.57105489e-12 -1.14566134e-11 -1.50628399e-11 -1.89654403e-11 -2.39536724e-11 -3.04293812e-11 -3.88170607e-11 -4.96524488e-11 -6.36090625e-11 -8.15251200e-11 -1.04433573e-10 -1.33593248e-10 -1.70518877e-10 -2.17007745e-10 -2.75158341e-10 -3.47375684e-10 -4.36363834e-10 -5.45087586e-10 -6.76712686e-10 -8.34505076e-10 -1.02169534e-09 -1.24130140e-09 -1.49591339e-09 -1.78744641e-09 -2.11687090e-09 -2.48394072e-09 -2.88693447e-09 -3.32243832e-09 -3.78519510e-09 -4.26804636e-09 -4.76198686e-09 -5.25635041e-09 -5.73912795e-09 -6.19741625e-09 -6.61797533e-09 -6.98786307e-09 -7.29510691e-09 -7.52936391e-09 -7.68251346e-09 -7.74914077e-09 -7.72686498e-09 -7.61648344e-09 -7.42192496e-09 -7.15000759e-09 -6.81003220e-09 -6.41323561e-09 -5.97215999e-09 -5.49997875e-09 -5.00983943e-09 -4.51426124e-09 -4.02462991e-09 -3.55081298e-09 -3.10090675e-09 -2.68111860e-09 -2.29577041e-09 -1.94740579e-09 -1.63697877e-09 -1.36409295e-09 -1.12727183e-09 -9.24229471e-10 -7.52133245e-10 -6.07834227e-10 -4.88064533e-10 -3.89593691e-10 -3.09346382e-10 -2.44482268e-10 -1.92444116e-10 -1.50979895e-10 -1.18143717e-10 -9.22824595e-11 -7.20126181e-11 -5.61925506e-11 -4.38900583e-11 -3.43536311e-11 -2.69815281e-11 -2.12962425e-11 -1.69221304e-11 -1.32679978e-11 -9.58766400e-12 -5.46340750e-12 -8.37885317e-13 4.26703117e-12 9.70246106e-12 1.52228230e-11 2.07702744e-11 2.56413779e-11 2.99941183e-11 3.32349703e-11 3.51945140e-11 3.58614249e-11
1.43899670e-10 1.41877843e-10 1.36048062e-10 1.27069577e-10 1.14727561e-10 1.00091491e-10 8.43068948e-11 6.79891698e-11 5.17172971e-11 3.65446562e-11 2.30273578e-11 1.14301901e-11 1.85174098e-12 -5.70443692e-12 -1.16988641e-11 -1.66804903e-11 -2.18586815e-11 -2.86306534e-11 -3.75960374e-11 -4.94142505e-11 -6.49200693e-11 -8.51601012e-11 -1.11428700e-10 -1.45304990e-10 -1.88686400e-10 -2.43813636e-10 -3.13281678e-10 -4.00033118e-10 -5.07320796e-10 -6.38637809e-10 -7.97606592e-10 -9.87818716e-10 -1.21263238e-09 -1.47491802e-09 -1.77677140e-09 -2.11919976e-09 -2.50180615e-09 -2.92249697e-09 -3.37724004e-09 -3.85990973e-09 -4.36224457e-09 -4.87394591e-09 -5.38293049e-09 -5.87574034e-09 -6.33809877e-09 -6.75558409e-09 -7.11437737e-09 -7.40203498e-09 -7.60821794e-09 -7.72532460e-09 -7.74896908e-09 -7.67825958e-09 -7.51585660e-09 -7.26780180e-09 -6.94313612e-09 -6.55333737e-09 -6.11163242e-09 -5.63223779e-09 -5.12959253e-09 -4.61764171e-09 -4.10921697e-09 -3.61555091e-09 -3.14594450e-09 -2.70759520e-09 -2.30556840e-09 -1.94290184e-09 -1.62080643e-09 -1.33893857e-09 -1.09570619e-09 -8.88588869e-10 -7.14438453e-10 -5.69750691e-10 -4.50896209e-10 -3.54300311e-10 -2.76578760e-10 -2.14628093e-10 -1.65675806e-10 -1.27305166e-10 -9.74494374e-11 -7.43737294e-11 -5.66460212e-11 -4.31007452e-11 -3.28017613e-11 -2.50057197e-11 -1.91294203e-11 -1.42644785e-11 -8.87145912e-12 -2.13096207e-12 6.35780317e-12 1.69508851e-11 2.95945490e-11 4.39999148e-11 5.96852567e-11 7.59317054e-11 9.25347576e-11 1.07524323e-10 1.21314403e-10 1.31941347e-10 1.39358969e-10 1.43396406e-10 1.43396406e-10 1.39358969e-10 1.31941347e-10 1.21314403e-10 1.07524323e-10 9.25347576e-11 7.59314833e-11 5.96852567e-11 4.39999148e-11 2.95945490e-11 1.69508851e-11 6.35780317e-12 -2.13096207e-12 -8.87145912e-12 -1.42644230e-11 -1.91290317e-11 -2.50057197e-11 -3.28017613e-11 -4.31007452e-11 -5.66460212e-11 -7.43737294e-11 -9.74494374e-11 -1.27305166e-10 -1.65675806e-10 -2.14628093e-10 -2.76578760e-10 -3.54300145e-10 -4.50896209e-10 -5.69750580e-10 -7.14438453e-10 -8.88588869e-10 -1.09570619e-09 -1.33893857e-09 -1.62080643e-09 -1.94290184e-09 -2.30556835e-09 -2.70759520e-09 -3.14594439e-09 -3.61555091e-09 -4.10921697e-09 -4.61764171e-09 -5.12959253e-09 -5.63223779e-09 -6.11163242e-09 -6.55333743e-09 -6.94313618e-09 -7.26780180e-09 -7.51585660e-09 -7.67825958e-09 -7.74896908e-09 -7.72532460e-09 -7.60821794e-09 -7.40203498e-09 -7.11437737e-09 -6.75558409e-09 -6.33809877e-09 -5.87574034e-09 -5.38293043e-09 -4.87394591e-09 -4.36224457e-09 -3.85990973e-09 -3.37724004e-09 -2.92249697e-09 -2.50180615e-09 -2.11919976e-09 -1.77677140e-09 -1.47491802e-09 -1.21263238e-09 -9.87818716e-10 -7.97606536e-10 -6.38637809e-10 -5.07320685e-10 -4.00033229e-10 -3.13281678e-10 -2.43813525e-10 -1.88686400e-10 -1.45305101e-10 -1.11428700e-10 -8.51601012e-11 -6.49200138e-11 -4.94142505e-11 -3.75960374e-11 -2.86306534e-11 -2.18586815e-11 -1.66806013e-11 -1.16988641e-11 -5.70454795e-12 1.85174098e-12 1.14301901e-11 2.30273578e-11 3.65446562e-11 5.17172971e-11 6.79891698e-11 8.43068948e-11 1.00091491e-10 1.14727561e-10 1.27069577e-10 1.36047951e-10 1.41877843e-10 1.43899670e-10
4.48422410e-10 4.42966552e-10 4.27119895e-10 4.02743394e-10 3.69775988e-10 3.29356542e-10 2.86262458e-10 2.40128584e-10 1.93939642e-10 1.50553792e-10 1.11011200e-10 7.66826602e-11 4.83358908e-11 2.57083244e-11 8.87523388e-12 -3.32278649e-12 -1.19407817e-11 -1.83935089e-11 -2.47681875e-11 -3.32622263e-11 -4.47203941e-11 -6.00780536e-11 -8.05192579e-11 -1.07522491e-10 -1.42903134e-10 -1.88853599e-10 -2.47966148e-10 -3.23243654e-10 -4.18076518e-10 -5.36187983e-10 -6.81529611e-10 -8.58129012e-10 -1.06987658e-09 -1.32025768e-09 -1.61203606e-09 -1.94690064e-09 -2.32509695e-09 -2.74507567e-09 -3.20319155e-09 -3.69348718e-09 -4.20760693e-09 -4.73486378e-09 -5.26248667e-09 -5.77605430e-09 -6.26010166e-09 -6.69887157e-09 -7.07716419e-09 -7.38121808e-09 -7.59955465e-09 -7.72370923e-09 -7.74878905e-09 -7.67379915e-09 -7.50170820e-09 -7.23925114e-09 -6.89648155e-09 -6.48611953e-09 -6.02275579e-09 -5.52197776e-09 -4.99949843e-09 -4.47034659e-09 -3.94818445e-09 -3.44478279e-09 -2.96968283e-09 -2.53003923e-09 -2.13063317e-09 -1.77402937e-09 -1.46083712e-09 -1.19004395e-09 -9.59378355e-10 -7.65672969e-10 -6.05202943e-10 -4.73979300e-10 -3.67989694e-10 -2.83380985e-10 -2.16586304e-10 -1.64404657e-10 -1.24037669e-10 -9.30954203e-11 -6.95782321e-11 -5.18440846e-11 -3.85674825e-11 -2.86945467e-11 -2.13985496e-11 -1.53330681e-11 -7.99549316e-12 2.25319763e-12 1.66570091e-11 3.62520014e-11 6.18098905e-11 9.33324529e-11 1.30573996e-10 1.72377335e-10 2.17201146e-10 2.62845856e-10 3.08591708e-10 3.50254714e-10 3.87563315e-10 4.16135459e-10 4.36253478e-10 4.47048176e-10 4.47048176e-10 4.36253478e-10 4.16135459e-10 3.87563315e-10 3.50254714e-10 3.08591708e-10 2.62845856e-10 2.17201146e-10 1.72377335e-10 1.30573996e-10 9.33324529e-11 6.18098905e-11 3.62521124e-11 1.66570091e-11 2.25319763e-12 -7.99543765e-12 -1.53330681e-11 -2.13985496e-11 -2.86943802e-11 -3.85674825e-11 -5.18440846e-11 -6.95782321e-11 -9.30954203e-11 -1.24037669e-10 -1.64404657e-10 -2.16586304e-10 -2.83380985e-10 -3.67989694e-10 -4.73979300e-10 -6.05202943e-10 -7.65672747e-10 -9.59378355e-10 -1.19004406e-09 -1.46083712e-09 -1.77402937e-09 -2.13063317e-09 -2.53003923e-09 -2.96968283e-09 -3.44478279e-09 -3.94818434e-09 -4.47034659e-09 -4.99949843e-09 -5.52197776e-09 -6.02275579e-09 -6.48611953e-09 -6.89648155e-09 -7.23925114e-09 -7.50170820e-09 -7.67379915e-09 -7.74878905e-09 -7.72370923e-09 -7.59955465e-09 -7.38121808e-09 -7.07716419e-09 -6.69887157e-09 -6.26010166e-09 -5.77605447e-09 -5.26248667e-09 -4.73486378e-09 -4.20760693e-09 -3.69348718e-09 -3.20319155e-09 -2.74507578e-09 -2.32509678e-09 -1.94690064e-09 -1.61203617e-09 -1.32025768e-09 -1.06987641e-09 -8.58129012e-10 -6.81529666e-10 -5.36187983e-10 -4.18076573e-10 -3.23243654e-10 -2.47966148e-10 -1.88853599e-10 -1.42903134e-10 -1.07522269e-10 -8.05192579e-11 -6.00781092e-11 -4.47203941e-11 -3.32622263e-11 -2.47681875e-11 -1.83935089e-11 -1.19408372e-11 -3.32273098e-12 8.87523388e-12 2.57085464e-11 4.83360019e-11 7.66826602e-11 1.11011200e-10 1.50553792e-10 1.93939531e-10 2.40128584e-10 2.86262458e-10 3.29356320e-10 3.69775988e-10 4.02743394e-10 4.27119673e-10 4.42966552e-10 4.48422410e-10
1.24794419e-09 1.23467259e-09 1.19707189e-09 1.13527077e-09 1.05007936e-09 9.48001233e-10 8.35848613e-10 7.15318027e-10 5.92552230e-10 4.75750217e-10 3.67057718e-10 2.70315437e-10 1.88946414e-10 1.23265398e-10 7.27391480e-11 3.61293218e-11 1.12185816e-11 -4.85955720e-12 -1.51851864e-11 -2.25435781e-11 -3.06991099e-11 -4.19410617e-11 -5.73454617e-11 -7.82647835e-11 -1.06401998e-10 -1.43860590e-10 -1.93188687e-10 -2.57401767e-10 -3.39982487e-10 -4.44841164e-10 -5.76227510e-10 -7.38583583e-10 -9.36331457e-10 -1.17359322e-09 -1.45384538e-09 -1.77952464e-09 -2.15160662e-09 -2.56918814e-09 -3.02911490e-09 -3.52569840e-09 -4.05057071e-09 -4.59271055e-09 -5.13867993e-09 -5.67307495e-09 -6.17918389e-09 -6.63982652e-09 -7.03830938e-09 -7.35943562e-09 -7.59047558e-09 -7.72201447e-09 -7.74860009e-09 -7.66912212e-09 -7.48689138e-09 -7.20940635e-09 -6.84783452e-09 -6.41625503e-09 -5.93073868e-09 -5.40834710e-09 -4.86613988e-09 -4.32026942e-09 -3.78522691e-09 -3.27328414e-09 -2.79415185e-09 -2.35485059e-09 -1.95977296e-09 -1.61090646e-09 -1.30816391e-09 -1.04978642e-09 -8.32765079e-10 -6.53254117e-10 -5.06943154e-10 -3.89368038e-10 -2.96160985e-10 -2.23227492e-10 -1.66863634e-10 -1.23817623e-10 -9.13096265e-11 -6.70182243e-11 -4.90459895e-11 -3.58723051e-11 -2.62991851e-11 -1.90297778e-11 -1.05719322e-11 2.26740848e-12 2.24082974e-11 5.27708988e-11 9.61607460e-11 1.53859481e-10 2.28094654e-10 3.17602833e-10 4.20763424e-10 5.34837952e-10 6.54692078e-10 7.74803888e-10 8.94244900e-10 1.00022723e-09 1.09549414e-09 1.16864840e-09 1.21870358e-09 1.24452948e-09 1.24452948e-09 1.21870358e-09 1.16864840e-09 1.09549436e-09 1.00022723e-09 8.94244900e-10 7.74803888e-10 6.54692078e-10 5.34837952e-10 4.20763424e-10 3.17602833e-10 2.28094654e-10 1.53859481e-10 9.61608571e-11 5.27708988e-11 2.24084085e-11 2.26751951e-12 -1.05719877e-11 -1.90297778e-11 -2.62991851e-11 -3.58723051e-11 -4.90459895e-11 -6.70182243e-11 -9.13097375e-11 -1.23817623e-10 -1.66863856e-10 -2.23227603e-10 -2.96160985e-10 -3.89368038e-10 -5.06943154e-10 -6.53254228e-10 -8.32765079e-10 -1.04978642e-09 -1.30816391e-09 -1.61090646e-09 -1.95977290e-09 -2.35485054e-09 -2.79415191e-09 -3.27328414e-09 -3.78522691e-09 -4.32026942e-09 -4.86613994e-09 -5.40834721e-09 -5.93073868e-09 -6.41625503e-09 -6.84783452e-09 -7.20940641e-09 -7.48689138e-09 -7.66912212e-09 -7.74860009e-09 -7.72201447e-09 -7.59047558e-09 -7.35943573e-09 -7.03830938e-09 -6.63982647e-09 -6.17918405e-09 -5.67307495e-09 -5.13867993e-09 -4.59271055e-09 -4.05057066e-09 -3.52569840e-09 -3.02911490e-09 -2.56918814e-09 -2.15160662e-09 -1.77952464e-09 -1.45384538e-09 -1.17359322e-09 -9.36331457e-10 -7.38583472e-10 -5.76227510e-10 -4.44841164e-10 -3.39982487e-10 -2.57401711e-10 -1.93188687e-10 -1.43860590e-10 -1.06401998e-10 -7.82648946e-11 -5.73455172e-11 -4.19410062e-11 -3.06991654e-11 -2.25435781e-11 -1.51851864e-11 -4.85955720e-12 1.12185816e-11 3.61293218e-11 7.27391480e-11 1.23265398e-10 1.88946414e-10 2.70315437e-10 3.67057829e-10 4.75750217e-10 5.92552230e-10 7.15318027e-10 8.35848613e-10 9.48001122e-10 1.05007936e-09 1.13527077e-09 1.19707189e-09 1.23467259e-09 1.24794419e-09
3.22638216e-09 3.19545745e-09 3.10535553e-09 2.95391334e-09 2.74945922e-09 2.51201793e-09 2.23450158e-09 1.94356586e-09 1.63708047e-09 1.33930089e-09 1.05974296e-09 8.05977729e-10 5.86899640e-10 4.06151779e-10 2.62570632e-10 1.57034497e-10 8.32236502e-11 3.48566731e-11 5.51125812e-12 -1.15047971e-11 -2.15178986e-11 -2.97967206e-11 -4.09852152e-11 -5.66658387e-11 -7.83978438e-11 -1.08160481e-10 -1.48410451e-10 -2.02126815e-10 -2.72832201e-10 -3.64574038e-10 -4.81856000e-10 -6.29504948e-10 -8.12463874e-10 -1.03550080e-09 -1.30284206e-09 -1.61773689e-09 -1.98197847e-09 -2.39541514e-09 -2.85549756e-09 -3.35691780e-09 -3.89139054e-09 -4.44763015e-09 -5.01156155e-09 -5.56678592e-09 -6.09529138e-09 -6.57838151e-09 -6.99775382e-09 -7.33664762e-09 -7.58096264e-09 -7.72023745e-09 -7.74840192e-09 -7.66421904e-09 -7.47137685e-09 -7.17821674e-09 -6.79712953e-09 -6.34367997e-09 -5.83554316e-09 -5.29136002e-09 -4.72961187e-09 -4.16760815e-09 -3.62065922e-09 -3.10148729e-09 -2.61988931e-09 -2.18264595e-09 -1.79364767e-09 -1.45419310e-09 -1.16340187e-09 -9.18690790e-10 -7.16264825e-10 -5.51575119e-10 -4.19726198e-10 -3.15801441e-10 -2.35114705e-10 -1.73377979e-10 -1.26800792e-10 -9.21335230e-11 -6.66623423e-11 -4.81755746e-11 -3.49122398e-11 -2.54891663e-11 -1.70455872e-11 -4.17377244e-12 1.81850091e-11 5.62956348e-11 1.16531451e-10 2.05463868e-10 3.29740346e-10 4.91348295e-10 6.92882862e-10 9.31205779e-10 1.19994126e-09 1.48992030e-09 1.78969095e-09 2.08842321e-09 2.37829045e-09 2.63516453e-09 2.85762858e-09 3.03650205e-09 3.15794813e-09 3.21851479e-09 3.21851479e-09 3.15794813e-09 3.03650205e-09 2.85762880e-09 2.63516431e-09 2.37829045e-09 2.08842321e-09 1.78969040e-09 1.48992030e-09 1.19994126e-09 9.31206001e-10 6.92882862e-10 4.91348295e-10 3.29740457e-10 2.05463868e-10 1.16531229e-10 5.62956348e-11 1.81850091e-11 -4.17382795e-12 -1.70455872e-11 -2.54891108e-11 -3.49122398e-11 -4.81756302e-11 -6.66621203e-11 -9.21338561e-11 -1.26801014e-10 -1.73377812e-10 -2.35114705e-10 -3.15801441e-10 -4.19726254e-10 -5.51575119e-10 -7.16264714e-10 -9.18690790e-10 -1.16340182e-09 -1.45419310e-09 -1.79364767e-09 -2.18264584e-09 -2.61988942e-09 -3.10148729e-09 -3.62065899e-09 -4.16760798e-09 -4.72961204e-09 -5.29136002e-09 -5.83554316e-09 -6.34368008e-09 -6.79712953e-09 -7.17821669e-09 -7.47137685e-09 -7.66421904e-09 -7.74840192e-09 -7.72023745e-09 -7.58096264e-09 -7.33664773e-09 -6.99775382e-09 -6.57838167e-09 -6.09529155e-09 -5.56678592e-09 -5.01156155e-09 -4.44763015e-09 -3.89139054e-09 -3.35691780e-09 -2.85549745e-09 -2.39541526e-09 -1.98197853e-09 -1.61773694e-09 -1.30284206e-09 -1.03550080e-09 -8.12463874e-10 -6.29505170e-10 -4.81856000e-10 -3.64574038e-10 -2.72832201e-10 -2.02126926e-10 -1.48410451e-10 -1.08160481e-10 -7.83978438e-11 -5.66658387e-11 -4.09851597e-11 -2.97965541e-11 -2.15181206e-11 -1.15047971e-11 5.51125812e-12 3.48566731e-11 8.32234281e-11 1.57034274e-10 2.62570299e-10 4.06151668e-10 5.86899973e-10 8.05977729e-10 1.05974296e-09 1.33930089e-09 1.63708047e-09 1.94356586e-09 2.23450158e-09 2.51201848e-09 2.74945866e-09 2.95391323e-09 3.10535553e-09 3.19545745e-09 3.22638216e-09
7.81606502e-09 7.74589459e-09 7.53678553e-09 7.20604909e-09 6.76939549e-09 6.21635687e-09 5.59200930e-09 4.91175578e-09 4.21123802e-09 3.49866169e-09 2.81768453e-09 2.19270868e-09 1.64135183e-09 1.17270804e-09 7.91507859e-10 5.03739161e-10 2.96078051e-10 1.55916502e-10 6.84626800e-11 1.86608506e-11 -7.87159227e-12 -2.15510942e-11 -3.05148129e-11 -4.18360901e-11 -5.80649973e-11 -8.10188583e-11 -1.13018761e-10 -1.56955338e-10 -2.16332841e-10 -2.95277858e-10 -3.98494904e-10 -5.31154509e-10 -6.98694547e-10 -9.06529407e-10 -1.15966320e-09 -1.46221546e-09 -1.81688309e-09 -2.22437380e-09 -2.68286793e-09 -3.18756044e-09 -3.73035958e-09 -4.29979685e-09 -4.88120444e-09 -5.45718509e-09 -6.00837680e-09 -6.51447318e-09 -6.95543889e-09 -7.31281441e-09 -7.57099661e-09 -7.71837400e-09 -7.74819420e-09 -7.65907981e-09 -7.45513556e-09 -7.14563159e-09 -6.74430339e-09 -6.26833552e-09 -5.73714010e-09 -5.17104809e-09 -4.59003519e-09 -4.01259426e-09 -3.45483520e-09 -2.92986591e-09 -2.44747123e-09 -2.01407402e-09 -1.63293745e-09 -1.30455369e-09 -1.02714975e-09 -7.97247601e-10 -6.10221595e-10 -4.60808114e-10 -3.43538087e-10 -2.53077781e-10 -1.84470494e-10 -1.33290767e-10 -9.57214308e-11 -6.85689283e-11 -4.92343943e-11 -3.56578100e-11 -2.61299316e-11 -1.57658886e-11 3.10007575e-12 3.99229538e-11 1.06631037e-10 2.18496776e-10 3.90633081e-10 6.36710906e-10 9.71280389e-10 1.39320433e-09 1.90861160e-09 2.50173049e-09 3.15699666e-09 3.84984067e-09 4.55536719e-09 5.26358734e-09 5.90654969e-09 6.50706489e-09 7.00408787e-09 7.38524952e-09 7.65900410e-09 7.79825715e-09 7.79825715e-09 7.65900399e-09 7.38524952e-09 7.00408775e-09 6.50706489e-09 5.90654969e-09 5.26358757e-09 4.55536719e-09 3.84984045e-09 3.15699666e-09 2.50173038e-09 1.90861149e-09 1.39320433e-09 9.71280389e-10 6.36711017e-10 3.90633081e-10 2.18496776e-10 1.06630926e-10 3.99228428e-11 3.09996473e-12 -1.57658886e-11 -2.61299871e-11 -3.56578100e-11 -4.92343943e-11 -6.85690393e-11 -9.57215418e-11 -1.33290823e-10 -1.84470383e-10 -2.53077892e-10 -3.43538198e-10 -4.60808003e-10 -6.10221429e-10 -7.97247601e-10 -1.02714964e-09 -1.30455358e-09 -1.63293756e-09 -2.01407424e-09 -2.44747156e-09 -2.92986591e-09 -3.45483520e-09 -4.01259426e-09 -4.59003513e-09 -5.17104809e-09 -5.73714010e-09 -6.26833546e-09 -6.74430339e-09 -7.14563198e-09 -7.45513556e-09 -7.65907981e-09 -7.74819420e-09 -7.71837400e-09 -7.57099655e-09 -7.31281441e-09 -6.95543889e-09 -6.51447307e-09 -6.00837685e-09 -5.45718509e-09 -4.88120450e-09 -4.29979674e-09 -3.73035958e-09 -3.18756044e-09 -2.68286798e-09 -2.22437380e-09 -1.81688287e-09 -1.46221546e-09 -1.15966320e-09 -9.06529463e-10 -6.98694547e-10 -5.31154509e-10 -3.98494904e-10 -2.95277858e-10 -2.16332952e-10 -1.56955393e-10 -1.13018594e-10 -8.10188583e-11 -5.80649973e-11 -4.18360346e-11 -3.05149239e-11 -2.15510942e-11 -7.87148124e-12 1.86608506e-11 6.84626800e-11 1.55916502e-10 2.96078162e-10 5.03739050e-10 7.91508081e-10 1.17270815e-09 1.64135183e-09 2.19270868e-09 2.81768442e-09 3.49866169e-09 4.21123780e-09 4.91175578e-09 5.59200930e-09 6.21635687e-09 6.76939527e-09 7.20604909e-09 7.53678564e-09 7.74589459e-09 7.81606502e-09
1.79363477e-08 1.77924626e-08 1.73710704e-08 1.66635090e-08 1.56914792e-08 1.45464656e-08 1.31944331e-08 1.17145917e-08 1.01467899e-08 8.57699078e-09 7.03420977e-09 5.57707946e-09 4.25713542e-09 3.11600656e-09 2.17208229e-09 1.43119216e-09 8.83627727e-10 5.01729325e-10 2.54903654e-10 1.09710463e-10 3.15748538e-11 -6.12182527e-12 -2.32447395e-11 -3.28790883e-11 -4.45479209e-11 -6.16532381e-11 -8.63371041e-11 -1.21346599e-10 -1.70106929e-10 -2.36759001e-10 -3.26145166e-10 -4.43724668e-10 -5.95392791e-10 -7.87196863e-10 -1.02493497e-09 -1.31364603e-09 -1.65701375e-09 -2.05671813e-09 -2.51179744e-09 -3.01808567e-09 -3.56780977e-09 -4.14941759e-09 -4.74770578e-09 -5.34428701e-09 -5.91840166e-09 -6.44804088e-09 -6.91130725e-09 -7.28789462e-09 -7.56055857e-09 -7.71642045e-09 -7.74797621e-09 -7.65369401e-09 -7.43813805e-09 -7.11160159e-09 -6.68929473e-09 -6.19016904e-09 -5.63551383e-09 -5.04746350e-09 -4.44755888e-09 -3.85549681e-09 -3.28815153e-09 -2.75893819e-09 -2.27751529e-09 -1.84981508e-09 -1.47833823e-09 -1.16264931e-09 -8.99984587e-10 -6.85904278e-10 -5.14919163e-10 -3.81049747e-10 -2.78281731e-10 -2.00909511e-10 -1.43765999e-10 -1.02353348e-10 -7.28912486e-11 -5.23002752e-11 -3.81462639e-11 -2.83344459e-11 -1.63131730e-11 9.07207642e-12 6.40374420e-11 1.71676562e-10 3.63611585e-10 6.73767264e-10 1.13519205e-09 1.77477677e-09 2.62065614e-09 3.65955399e-09 4.88692842e-09 6.27573693e-09 7.77828213e-09 9.35948685e-09 1.09502947e-08 1.24536346e-08 1.39003045e-08 1.51364605e-08 1.62048013e-08 1.70508826e-08 1.76174154e-08 1.79000725e-08 1.79000725e-08 1.76174154e-08 1.70508826e-08 1.62048013e-08 1.51364605e-08 1.39003077e-08 1.24536346e-08 1.09502947e-08 9.35948674e-09 7.77828213e-09 6.27573693e-09 4.88692842e-09 3.65955399e-09 2.62065614e-09 1.77477677e-09 1.13519216e-09 6.73767264e-10 3.63611585e-10 1.71676562e-10 6.40374420e-11 9.07207642e-12 -1.63132841e-11 -2.83345569e-11 -3.81462639e-11 -5.23002752e-11 -7.28911376e-11 -1.02353348e-10 -1.43765999e-10 -2.00909678e-10 -2.78281731e-10 -3.81049914e-10 -5.14919163e-10 -6.85904278e-10 -8.99984587e-10 -1.16264931e-09 -1.47833823e-09 -1.84981508e-09 -2.27751529e-09 -2.75893819e-09 -3.28815153e-09 -3.85549681e-09 -4.44755888e-09 -5.04746356e-09 -5.63551383e-09 -6.19016916e-09 -6.68929473e-09 -7.11160153e-09 -7.43813805e-09 -7.65369401e-09 -7.74797621e-09 -7.71642045e-09 -7.56055857e-09 -7.28789462e-09 -6.91130725e-09 -6.44804088e-09 -5.91840166e-09 -5.34428701e-09 -4.74770578e-09 -4.14941759e-09 -3.56780988e-09 -3.01808567e-09 -2.51179744e-09 -2.05671807e-09 -1.65701375e-09 -1.31364619e-09 -1.02493497e-09 -7.87196863e-10 -5.95392791e-10 -4.43724668e-10 -3.26145277e-10 -2.36759001e-10 -1.70106929e-10 -1.21346599e-10 -8.63369931e-11 -6.16532381e-11 -4.45479209e-11 -3.28791994e-11 -2.32447395e-11 -6.12176976e-12 3.15748538e-11 1.09710463e-10 2.54903654e-10 5.01728992e-10 8.83627727e-10 1.43119216e-09 2.17208229e-09 3.11600723e-09 4.25713542e-09 5.57707946e-09 7.03420977e-09 8.57699078e-09 1.01467900e-08 1.17145917e-08 1.31944331e-08 1.45464680e-08 1.56914829e-08 1.66635090e-08 1.73710704e-08 1.77924626e-08 1.79363477e-08
3.90316668e-08 3.87497940e-08 3.79512921e-08 3.65745305e-08 3.46698344e-08 3.22502701e-08 2.95489108e-08 2.64575728e-08 2.32357024e-08 1.98426795e-08 1.64940399e-08 1.33075009e-08 1.03614637e-08 7.75762987e-09 5.55431612e-09 3.75894049e-09 2.40084308e-09 1.42379308e-09 7.70478459e-10 3.70800279e-10 1.48133950e-10 3.86117804e-11 -8.78164208e-12 -2.73771561e-11 -3.69758113e-11 -4.92443863e-11 -6.76309564e-11 -9.46875911e-11 -1.33695000e-10 -1.88737803e-10 -2.64724132e-10 -3.67334108e-10 -5.02869191e-10 -6.77981504e-10 -8.99264552e-10 -1.17271770e-09 -1.50308743e-09 -1.89313726e-09 -2.34290037e-09 -2.84899804e-09 -3.40411688e-09 -3.99673622e-09 -4.61119132e-09 -5.22812399e-09 -5.82533821e-09 -6.37902919e-09 -6.86530222e-09 -7.26184884e-09 -7.54962898e-09 -7.71437292e-09 -7.74774761e-09 -7.64805097e-09 -7.42035411e-09 -7.07607689e-09 -6.63204469e-09 -6.10913486e-09 -5.53066265e-09 -4.92068147e-09 -4.30236591e-09 -3.69662440e-09 -3.12105009e-09 -2.58926758e-09 -2.11067891e-09 -1.69057779e-09 -1.33056000e-09 -1.02913550e-09 -7.82455489e-10 -5.85059168e-10 -4.30574465e-10 -3.12319171e-10 -2.23774943e-10 -1.58924429e-10 -1.12461485e-10 -7.98886512e-11 -5.75294257e-11 -4.24786872e-11 -3.23872040e-11 -2.01851313e-11 9.55324708e-12 8.31341662e-11 2.42177056e-10 5.43123213e-10 1.06159515e-09 1.86800553e-09 3.02848702e-09 4.60415872e-09 6.60299504e-09 9.02440989e-09 1.18235406e-08 1.49136103e-08 1.81902977e-08 2.15304596e-08 2.48548266e-08 2.80537449e-08 3.09452237e-08 3.35062680e-08 3.56937369e-08 3.73370159e-08 3.84184693e-08 3.89609378e-08 3.89609378e-08 3.84184693e-08 3.73370159e-08 3.56937369e-08 3.35062680e-08 3.09452239e-08 2.80537449e-08 2.48548266e-08 2.15304596e-08 1.81902975e-08 1.49136103e-08 1.18235406e-08 9.02441000e-09 6.60299504e-09 4.60415872e-09 3.02848702e-09 1.86800553e-09 1.06159503e-09 5.43123213e-10 2.42177056e-10 8.31341662e-11 9.55324708e-12 -2.01851313e-11 -3.23870930e-11 -4.24786872e-11 -5.75294812e-11 -7.98886512e-11 -1.12461374e-10 -1.58924429e-10 -2.23774943e-10 -3.12319060e-10 -4.30574465e-10 -5.85059168e-10 -7.82455545e-10 -1.02913555e-09 -1.33055988e-09 -1.69057779e-09 -2.11067896e-09 -2.58926758e-09 -3.12105009e-09 -3.69662412e-09 -4.30236591e-09 -4.92068147e-09 -5.53066265e-09 -6.10913486e-09 -6.63204469e-09 -7.07607689e-09 -7.42035411e-09 -7.64805097e-09 -7.74774761e-09 -7.71437292e-09 -7.54962898e-09 -7.26184884e-09 -6.86530222e-09 -6.37902919e-09 -5.82533816e-09 -5.22812399e-09 -4.61119132e-09 -3.99673622e-09 -3.40411688e-09 -2.84899804e-09 -2.34290037e-09 -1.89313720e-09 -1.50308743e-09 -1.17271770e-09 -8.99264552e-10 -6.77981504e-10 -5.02869246e-10 -3.67334108e-10 -2.64724020e-10 -1.88737803e-10 -1.33695000e-10 -9.46875911e-11 -6.76309564e-11 -4.92443863e-11 -3.69759778e-11 -2.73771561e-11 -8.78169759e-12 3.86117804e-11 1.48133950e-10 3.70800279e-10 7.70478348e-10 1.42379308e-09 2.40084319e-09 3.75894049e-09 5.55431612e-09 7.75762976e-09 1.03614636e-08 1.33075009e-08 1.64940399e-08 1.98426795e-08 2.32357024e-08 2.64575728e-08 2.95489108e-08 3.22502701e-08 3.46698344e-08 3.65745305e-08 3.79512921e-08 3.87497940e-08 3.90316668e-08
8.13074048e-08 8.07442591e-08 7.90953336e-08 7.65671394e-08 7.29694432e-08 6.83339361e-08 6.29760527e-08 5.70091960e-08 5.04757942e-08 4.36763159e-08 3.68786452e-08 3.02200012e-08 2.39419611e-08 1.82686566e-08 1.33304328e-08 9.28976496e-09 6.08534889e-09 3.73224818e-09 2.10383211e-09 1.07355991e-09 4.74390749e-10 1.68168368e-10 3.26674243e-11 -1.77304837e-11 -3.39521744e-11 -4.29475344e-11 -5.61213853e-11 -7.63010766e-11 -1.06560039e-10 -1.50849888e-10 -2.14062934e-10 -3.02022629e-10 -4.21370050e-10 -5.79315262e-10 -7.83236254e-10 -1.04011727e-09 -1.35583811e-09 -1.73435460e-09 -2.17683666e-09 -2.68085187e-09 -3.23970312e-09 -3.84203686e-09 -4.47181764e-09 -5.10875053e-09 -5.72917269e-09 -6.30739039e-09 -6.81737039e-09 -7.23463667e-09 -7.53818807e-09 -7.71222741e-09 -7.74750819e-09 -7.64214042e-09 -7.40175415e-09 -7.03900849e-09 -6.57249899e-09 -6.02519773e-09 -5.42260198e-09 -4.79080381e-09 -4.15467316e-09 -3.53632990e-09 -2.95402114e-09 -2.42146514e-09 -1.94765892e-09 -1.53709839e-09 -1.19032023e-09 -9.04654296e-10 -6.75075551e-10 -4.95055108e-10 -3.57331720e-10 -2.54551102e-10 -1.79748050e-10 -1.26667565e-10 -8.99452179e-11 -6.51628196e-11 -4.88192820e-11 -3.82413545e-11 -2.80198642e-11 7.16315895e-13 8.54296633e-11 2.94336666e-10 7.30274619e-10 1.52483981e-09 2.83554680e-09 4.81131046e-09 7.57807406e-09 1.12150507e-08 1.57054415e-08 2.09786113e-08 2.69582429e-08 3.34391932e-08 4.02598495e-08 4.71540339e-08 5.37335687e-08 6.00909373e-08 6.56878490e-08 7.07823224e-08 7.49008062e-08 7.79290449e-08 8.00526698e-08 8.11655221e-08 8.11655221e-08 8.00526698e-08 7.79290449e-08 7.49008062e-08 7.07823224e-08 6.56878490e-08 6.00909374e-08 5.37335685e-08 4.71540337e-08 4.02598491e-08 3.34391931e-08 2.69582430e-08 2.09786113e-08 1.57054414e-08 1.12150506e-08 7.57807417e-09 4.81131068e-09 2.83554680e-09 1.52483981e-09 7.30274730e-10 2.94336666e-10 8.54296633e-11 7.16315895e-13 -2.80196422e-11 -3.82413545e-11 -4.88192820e-11 -6.51627641e-11 -8.99453845e-11 -1.26667787e-10 -1.79747994e-10 -2.54551158e-10 -3.57331831e-10 -4.95055108e-10 -6.75075551e-10 -9.04654296e-10 -1.19032018e-09 -1.53709850e-09 -1.94765892e-09 -2.42146514e-09 -2.95402114e-09 -3.53632990e-09 -4.15467316e-09 -4.79080381e-09 -5.42260198e-09 -6.02519767e-09 -6.57249910e-09 -7.03900849e-09 -7.40175415e-09 -7.64214042e-09 -7.74750819e-09 -7.71222741e-09 -7.53818807e-09 -7.23463667e-09 -6.81737039e-09 -6.30739061e-09 -5.72917241e-09 -5.10875053e-09 -4.47181758e-09 -3.84203686e-09 -3.23970317e-09 -2.68085187e-09 -2.17683682e-09 -1.73435460e-09 -1.35583816e-09 -1.04011744e-09 -7.83236254e-10 -5.79315262e-10 -4.21370050e-10 -3.02022685e-10 -2.14062879e-10 -1.50849888e-10 -1.06560039e-10 -7.63011321e-11 -5.61214408e-11 -4.29475344e-11 -3.39520079e-11 -1.77305948e-11 3.26674243e-11 1.68168368e-10 4.74390749e-10 1.07355991e-09 2.10383200e-09 3.73224818e-09 6.08534889e-09 9.28976496e-09 1.33304328e-08 1.82686566e-08 2.39419612e-08 3.02200011e-08 3.68786452e-08 4.36763159e-08 5.04757941e-08 5.70091960e-08 6.29760527e-08 6.83339361e-08 7.29694432e-08 7.65671395e-08 7.90953333e-08 8.07442591e-08 8.13074048e-08
1.62262322e-07 1.61252198e-07 1.58232174e-07 1.53498992e-07 1.46998847e-07 1.38557950e-07 1.28368040e-07 1.17312268e-07 1.04733914e-07 9.18178839e-08 7.84587910e-08 6.51320646e-08 5.24417774e-08 4.07772450e-08 3.04151901e-08 2.15991663e-08 1.45764629e-08 9.18950249e-09 5.36866573e-09 2.84685053e-09 1.33119193e-09 5.22991650e-10 1.50447432e-10 8.76654305e-12 -3.20743987e-11 -4.19059232e-11 -5.09918774e-11 -6.54530874e-11 -8.80907014e-11 -1.22645116e-10 -1.73905002e-10 -2.47747045e-10 -3.51068286e-10 -4.91575891e-10 -6.77400580e-10 -9.16523135e-10 -1.21601340e-09 -1.58112534e-09 -2.01431011e-09 -2.51425047e-09 -3.07504033e-09 -3.68564707e-09 -4.32977620e-09 -4.98624569e-09 -5.62990538e-09 -6.23308288e-09 -6.76746126e-09 -7.20621945e-09 -7.52621632e-09 -7.70997960e-09 -7.74725750e-09 -7.63595165e-09 -7.38230860e-09 -7.00035019e-09 -6.51060916e-09 -5.93833327e-09 -5.31136735e-09 -4.65796179e-09 -4.00473871e-09 -3.37501349e-09 -2.78760504e-09 -2.25618946e-09 -1.78919213e-09 -1.39013595e-09 -1.05834008e-09 -7.89826538e-10 -5.78313453e-10 -4.16169876e-10 -2.95256430e-10 -2.07594275e-10 -1.45845169e-10 -1.03604625e-10 -7.55398522e-11 -5.73960324e-11 -4.59192684e-11 -3.82869847e-11 -1.87223015e-11 6.02673467e-11 2.97455394e-10 8.59581295e-10 1.98262784e-09 3.96353395e-09 7.09690351e-09 1.16775767e-08 1.78817242e-08 2.57922764e-08 3.53639903e-08 4.64544532e-08 5.87032970e-08 7.17038664e-08 8.49854684e-08 9.84026961e-08 1.11117278e-07 1.23082685e-07 1.33612377e-07 1.43024842e-07 1.50544561e-07 1.56014332e-07 1.59989987e-07 1.62010899e-07 1.62010899e-07 1.59989987e-07 1.56014332e-07 1.50544561e-07 1.43024842e-07 1.33612377e-07 1.23082684e-07 1.11117278e-07 9.84026961e-08 8.49854684e-08 7.17038664e-08 5.87032970e-08 4.64544532e-08 3.53639902e-08 2.57922764e-08 1.78817241e-08 1.16775767e-08 7.09690373e-09 3.96353383e-09 1.98262784e-09 8.59581295e-10 2.97455505e-10 6.02672356e-11 -1.87222460e-11 -3.82870402e-11 -4.59193239e-11 -5.73960324e-11 -7.55396856e-11 -1.03604736e-10 -1.45845169e-10 -2.07594275e-10 -2.95256430e-10 -4.16169599e-10 -5.78313175e-10 -7.89826482e-10 -1.05834008e-09 -1.39013601e-09 -1.78919213e-09 -2.25618946e-09 -2.78760498e-09 -3.37501349e-09 -4.00473876e-09 -4.65796179e-09 -5.31136735e-09 -5.93833327e-09 -6.51060916e-09 -7.00035024e-09 -7.38230860e-09 -7.63595165e-09 -7.74725750e-09 -7.70997960e-09 -7.52621632e-09 -7.20621945e-09 -6.76746126e-09 -6.23308294e-09 -5.62990538e-09 -4.98624575e-09 -4.32977620e-09 -3.68564707e-09 -3.07504033e-09 -2.51425047e-09 -2.01431011e-09 -1.58112534e-09 -1.21601340e-09 -9.16523135e-10 -6.77400580e-10 -4.91575891e-10 -3.51068286e-10 -2.47747045e-10 -1.73904890e-10 -1.22645116e-10 -8.80907014e-11 -6.54530874e-11 -5.09919884e-11 -4.19060897e-11 -3.20743987e-11 8.76665407e-12 1.50447432e-10 5.22991650e-10 1.33119205e-09 2.84685053e-09 5.36866551e-09 9.18950249e-09 1.45764630e-08 2.15991663e-08 3.04151901e-08 4.07772451e-08 5.24417774e-08 6.51320647e-08 7.84587910e-08 9.18178839e-08 1.04733914e-07 1.17312268e-07 1.28368040e-07 1.38557950e-07 1.46998847e-07 1.53498992e-07 1.58232174e-07 1.61252198e-07 1.62262322e-07
3.11112610e-07 3.09375843e-07 3.04148773e-07 2.96114645e-07 2.84568415e-07 2.69560009e-07 2.51356417e-07 2.31470717e-07 2.08513961e-07 1.84692773e-07 1.59511819e-07 1.34142533e-07 1.09594841e-07 8.65946795e-08 6.58629546e-08 4.78938004e-08 3.29354405e-08 2.13554814e-08 1.28501458e-08 7.04709280e-09 3.45290629e-09 1.43938783e-09 4.69453698e-10 8.43669579e-11 -2.75814371e-11 -4.52620164e-11 -5.14028820e-11 -6.13624707e-11 -7.76091413e-11 -1.03592690e-10 -1.43904721e-10 -2.04374351e-10 -2.92057600e-10 -4.15077750e-10 -5.82267734e-10 -8.02596323e-10 -1.08436793e-09 -1.43423246e-09 -1.85606691e-09 -2.34984843e-09 -2.91065272e-09 -3.52794172e-09 -4.18529633e-09 -4.86071650e-09 -5.52755508e-09 -6.15607565e-09 -6.71552836e-09 -7.17655901e-09 -7.51369478e-09 -7.70762576e-09 -7.74699460e-09 -7.62947394e-09 -7.36198896e-09 -6.96005786e-09 -6.44633247e-09 -5.84853010e-09 -5.19701659e-09 -4.52232018e-09 -3.85286270e-09 -3.21312554e-09 -2.62239397e-09 -2.09414680e-09 -1.63605057e-09 -1.25046795e-09 -9.35334699e-10 -6.85244417e-10 -4.92585917e-10 -3.48609808e-10 -2.44328557e-10 -1.71206549e-10 -1.21622934e-10 -8.91251517e-11 -6.85090873e-11 -5.57717206e-11 -4.79758455e-11 -4.13460377e-11 8.22353297e-12 2.26065389e-10 8.55566951e-10 2.27990871e-09 5.00880326e-09 9.63899671e-09 1.67384787e-08 2.67431333e-08 4.00261906e-08 5.64216702e-08 7.59942562e-08 9.80607442e-08 1.21984111e-07 1.46911419e-07 1.71976124e-07 1.96905412e-07 2.20227045e-07 2.41923379e-07 2.60752081e-07 2.77487312e-07 2.90827328e-07 3.00474361e-07 3.07175365e-07 3.10680380e-07 3.10680380e-07 3.07175365e-07 3.00474361e-07 2.90827328e-07 2.77487312e-07 2.60752081e-07 2.41923379e-07 2.20227045e-07 1.96905412e-07 1.71976124e-07 1.46911419e-07 1.21984111e-07 9.80607443e-08 7.59942562e-08 5.64216702e-08 4.00261906e-08 2.67431333e-08 1.67384787e-08 9.63899671e-09 5.00880326e-09 2.27990871e-09 8.55566951e-10 2.26065389e-10 8.22353297e-12 -4.13460377e-11 -4.79760121e-11 -5.57718871e-11 -6.85092538e-11 -8.91251517e-11 -1.21622767e-10 -1.71206604e-10 -2.44328557e-10 -3.48609808e-10 -4.92585972e-10 -6.85244417e-10 -9.35334754e-10 -1.25046795e-09 -1.63605057e-09 -2.09414680e-09 -2.62239397e-09 -3.21312554e-09 -3.85286270e-09 -4.52232018e-09 -5.19701659e-09 -5.84853010e-09 -6.44633247e-09 -6.96005786e-09 -7.36198896e-09 -7.62947394e-09 -7.74699460e-09 -7.70762576e-09 -7.51369478e-09 -7.17655901e-09 -6.71552836e-09 -6.15607565e-09 -5.52755508e-09 -4.86071650e-09 -4.18529633e-09 -3.52794172e-09 -2.91065272e-09 -2.34984843e-09 -1.85606691e-09 -1.43423229e-09 -1.08436810e-09 -8.02596101e-10 -5.82267734e-10 -4.15077750e-10 -2.92057600e-10 -2.04374406e-10 -1.43904777e-10 -1.03592690e-10 -7.76091413e-11 -6.13624707e-11 -5.14028820e-11 -4.52620719e-11 -2.75814371e-11 8.43669579e-11 4.69453698e-10 1.43938783e-09 3.45290629e-09 7.04709280e-09 1.28501458e-08 2.13554814e-08 3.29354402e-08 4.78938003e-08 6.58629546e-08 8.65946795e-08 1.09594841e-07 1.34142533e-07 1.59511819e-07 1.84692773e-07 2.08513961e-07 2.31470717e-07 2.51356417e-07 2.69560009e-07 2.84568415e-07 2.96114645e-07 3.04148773e-07 3.09375843e-07 3.11112610e-07
5.75385549e-07 5.72676554e-07 5.64569292e-07 5.50514460e-07 5.30613650e-07 5.04758403e-07 4.74447753e-07 4.39331686e-07 3.99126715e-07 3.56795377e-07 3.11572053e-07 2.65143843e-07 2.19669846e-07 1.76199747e-07 1.36119224e-07 1.00965936e-07 7.09711521e-08 4.71492757e-08 2.91381473e-08 1.65036280e-08 8.35294545e-09 3.65535346e-09 1.27810496e-09 2.92122881e-10 -9.00901576e-12 -5.21706567e-11 -5.65005820e-11 -6.32088826e-11 -7.43751172e-11 -9.30820976e-11 -1.23626442e-10 -1.71679670e-10 -2.44345988e-10 -3.50063756e-10 -4.98296460e-10 -6.98972380e-10 -9.61657087e-10 -1.29448191e-09 -1.70289427e-09 -2.18835150e-09 -2.74711731e-09 -3.36934630e-09 -4.03865014e-09 -4.73230044e-09 -5.42216033e-09 -6.07634942e-09 -6.66153110e-09 -7.14561965e-09 -7.50060447e-09 -7.70516229e-09 -7.74671949e-09 -7.62269675e-09 -7.34076694e-09 -6.91809077e-09 -6.37963421e-09 -5.75579351e-09 -5.07963333e-09 -4.38407965e-09 -3.69939274e-09 -3.05116865e-09 -2.45903520e-09 -1.93609162e-09 -1.48903961e-09 -1.11888321e-09 -8.22007906e-10 -5.91461158e-10 -4.18247659e-10 -2.92500690e-10 -2.04437689e-10 -1.45053858e-10 -1.06553655e-10 -8.25481905e-11 -6.80680512e-11 -5.94482241e-11 -5.41350853e-11 -4.52745619e-11 8.83477735e-11 6.62699562e-10 2.23166219e-09 5.64466984e-09 1.19398721e-08 2.22012246e-08 3.74270772e-08 5.83565057e-08 8.51019937e-08 1.18001216e-07 1.55922052e-07 1.98007209e-07 2.42781024e-07 2.88616907e-07 3.33986148e-07 3.78620177e-07 4.19572402e-07 4.57623183e-07 4.89699321e-07 5.18504589e-07 5.41323663e-07 5.58326543e-07 5.69322606e-07 5.74694890e-07 5.74694890e-07 5.69322606e-07 5.58326543e-07 5.41323663e-07 5.18504589e-07 4.89699321e-07 4.57623183e-07 4.19572402e-07 3.78620177e-07 3.33986148e-07 2.88616907e-07 2.42781024e-07 1.98007209e-07 1.55922052e-07 1.18001216e-07 8.51019936e-08 5.83565056e-08 3.74270772e-08 2.22012246e-08 1.19398721e-08 5.64466984e-09 2.23166219e-09 6.62699673e-10 8.83477735e-11 -4.52745619e-11 -5.41350853e-11 -5.94481686e-11 -6.80680512e-11 -8.25481905e-11 -1.06553655e-10 -1.45053858e-10 -2.04437689e-10 -2.92500690e-10 -4.18247659e-10 -5.91461102e-10 -8.22007795e-10 -1.11888321e-09 -1.48903961e-09 -1.93609162e-09 -2.45903520e-09 -3.05116865e-09 -3.69939274e-09 -4.38407971e-09 -5.07963333e-09 -5.75579329e-09 -6.37963421e-09 -6.91809077e-09 -7.34076705e-09 -7.62269675e-09 -7.74671949e-09 -7.70516229e-09 -7.50060447e-09 -7.14561943e-09 -6.66153110e-09 -6.07634942e-09 -5.42216050e-09 -4.73230044e-09 -4.03865014e-09 -3.36934630e-09 -2.74711737e-09 -2.18835150e-09 -1.70289427e-09 -1.29448169e-09 -9.61657087e-10 -6.98972435e-10 -4.98296460e-10 -3.50063756e-10 -2.44345988e-10 -1.71679670e-10 -1.23626442e-10 -9.30820976e-11 -7.43751172e-11 -6.32088826e-11 -5.65005820e-11 -5.21705457e-11 -9.00901576e-12 2.92122659e-10 1.27810484e-09 3.65535358e-09 8.35294545e-09 1.65036280e-08 2.91381473e-08 4.71492757e-08 7.09711521e-08 1.00965936e-07 1.36119224e-07 1.76199746e-07 2.19669846e-07 2.65143843e-07 3.11572053e-07 3.56795377e-07 3.99126715e-07 4.39331686e-07 4.74447753e-07 5.04758403e-07 5.30613650e-07 5.50514461e-07 5.64569292e-07 5.72676554e-07 5.75385549e-07
1.03015442e-06 1.02555017e-06 1.01150872e-06 9.88143619e-07 9.55134577e-07 9.13130753e-07 8.64001412e-07 8.03888349e-07 7.37754289e-07 6.63614703e-07 5.85976204e-07 5.04470829e-07 4.22714929e-07 3.43876618e-07 2.69867983e-07 2.03551365e-07 1.46156331e-07 9.90603498e-08 6.26283339e-08 3.64804080e-08 1.91449177e-08 8.67636007e-09 3.19712268e-09 8.14596168e-10 5.05079312e-11 -6.18097795e-11 -6.54304944e-11 -7.01451675e-11 -7.75973175e-11 -9.04289976e-11 -1.12544751e-10 -1.49341706e-10 -2.07846573e-10 -2.96694336e-10 -4.25883995e-10 -6.06250938e-10 -8.48626724e-10 -1.16269677e-09 -1.55561675e-09 -2.03051642e-09 -2.58506772e-09 -3.21033816e-09 -3.89015314e-09 -4.60116922e-09 -5.31378330e-09 -5.99389760e-09 -6.60543464e-09 -7.11336801e-09 -7.48692719e-09 -7.70258501e-09 -7.74643172e-09 -7.61561048e-09 -7.31861632e-09 -6.87441176e-09 -6.31048991e-09 -5.66014524e-09 -4.95932878e-09 -4.24348134e-09 -3.54472485e-09 -2.88970131e-09 -2.29822861e-09 -1.78282128e-09 -1.34899286e-09 -9.96176142e-10 -7.19040272e-10 -5.08981413e-10 -3.55580787e-10 -2.47879661e-10 -1.75376991e-10 -1.28707656e-10 -1.00026265e-10 -8.31295033e-11 -7.33905714e-11 -6.75685619e-11 -6.35545505e-11 -4.55095406e-11 3.01909164e-10 1.72502324e-09 5.45490342e-09 1.31708293e-08 2.68309239e-08 4.83568472e-08 7.94675882e-08 1.21326015e-07 1.73338897e-07 2.35940002e-07 3.06677318e-07 3.83684361e-07 4.64175347e-07 5.45170055e-07 6.24899182e-07 7.01813220e-07 7.70575193e-07 8.35205714e-07 8.90118443e-07 9.35079503e-07 9.72907664e-07 1.00094340e-06 1.01971075e-06 1.02900895e-06 1.02900895e-06 1.01971075e-06 1.00094340e-06 9.72907664e-07 9.35079503e-07 8.90118443e-07 8.35205714e-07 7.70575193e-07 7.01813220e-07 6.24899182e-07 5.45170055e-07 4.64175347e-07 3.83684361e-07 3.06677318e-07 2.35940002e-07 1.73338897e-07 1.21326015e-07 7.94675883e-08 4.83568472e-08 2.68309239e-08 1.31708293e-08 5.45490364e-09 1.72502324e-09 3.01909164e-10 -4.55094851e-11 -6.35546060e-11 -6.75686729e-11 -7.33905159e-11 -8.31295033e-11 -1.00026210e-10 -1.28707600e-10 -1.75376935e-10 -2.47879717e-10 -3.55580787e-10 -5.08981413e-10 -7.19040272e-10 -9.96176142e-10 -1.34899286e-09 -1.78282128e-09 -2.29822850e-09 -2.88970131e-09 -3.54472479e-09 -4.24348134e-09 -4.95932878e-09 -5.66014524e-09 -6.31048991e-09 -6.87441176e-09 -7.31861632e-09 -7.61561048e-09 -7.74643172e-09 -7.70258501e-09 -7.48692719e-09 -7.11336795e-09 -6.60543464e-09 -5.99389760e-09 -5.31378336e-09 -4.60116922e-09 -3.89015314e-09 -3.21033816e-09 -2.58506772e-09 -2.03051642e-09 -1.55561675e-09 -1.16269677e-09 -8.48626780e-10 -6.06250883e-10 -4.25883995e-10 -2.96694336e-10 -2.07846573e-10 -1.49341706e-10 -1.12544751e-10 -9.04289976e-11 -7.75974840e-11 -7.01450009e-11 -6.54304944e-11 -6.18098350e-11 5.05079312e-11 8.14596057e-10 3.19712268e-09 8.67636007e-09 1.91449177e-08 3.64804080e-08 6.26283339e-08 9.90603498e-08 1.46156331e-07 2.03551365e-07 2.69867983e-07 3.43876618e-07 4.22714929e-07 5.04470829e-07 5.85976204e-07 6.63614703e-07 7.37754289e-07 8.03888349e-07 8.64001412e-07 9.13130753e-07 9.55134577e-07 9.88143619e-07 1.01150872e-06 1.02555017e-06 1.03015442e-06
1.78257513e-06 1.77527178e-06 1.75336442e-06 1.71691576e-06 1.66777756e-06 1.60240781e-06 1.52027392e-06 1.42355482e-06 1.31602312e-06 1.19260130e-06 1.06291257e-06 9.25268573e-07 7.84463712e-07 6.45759450e-07 5.14299482e-07 3.94074522e-07 2.88069716e-07 1.99009528e-07 1.28915850e-07 7.70096740e-08 4.14618598e-08 1.95213519e-08 7.51373164e-09 2.03954231e-09 2.08806306e-10 -7.33942906e-11 -7.73494602e-11 -8.13078493e-11 -8.64398553e-11 -9.48804924e-11 -1.10046583e-10 -1.36940237e-10 -1.82373283e-10 -2.55039989e-10 -3.65355857e-10 -5.24984445e-10 -7.46004702e-10 -1.03970943e-09 -1.41509165e-09 -1.87714749e-09 -2.42519382e-09 -3.05145220e-09 -3.74017106e-09 -4.46753279e-09 -5.20251114e-09 -5.90872912e-09 -6.54721266e-09 -7.07977404e-09 -7.47264550e-09 -7.69989017e-09 -7.74613068e-09 -7.60820518e-09 -7.29551208e-09 -6.82898987e-09 -6.23888541e-09 -5.56162771e-09 -4.83624651e-09 -4.10080891e-09 -3.38930872e-09 -2.72933881e-09 -2.14072815e-09 -1.63517638e-09 -1.21676458e-09 -8.83136231e-10 -6.27079833e-10 -4.38248604e-10 -3.04784087e-10 -2.14688045e-10 -1.56839430e-10 -1.21645971e-10 -1.01350650e-10 -9.00670094e-11 -8.36201663e-11 -7.92739763e-11 -7.54154517e-11 -3.29548611e-11 8.23080715e-10 4.15650026e-09 1.24484522e-08 2.90668765e-08 5.73568684e-08 1.00781139e-07 1.61569399e-07 2.41389438e-07 3.38480138e-07 4.52858485e-07 5.79777632e-07 7.15501729e-07 8.54836305e-07 9.93350437e-07 1.12981367e-06 1.25540828e-06 1.37253996e-06 1.47313653e-06 1.56327574e-06 1.63738816e-06 1.69398231e-06 1.73699072e-06 1.76605597e-06 1.78075846e-06 1.78075846e-06 1.76605597e-06 1.73699072e-06 1.69398231e-06 1.63738816e-06 1.56327574e-06 1.47313653e-06 1.37253996e-06 1.25540828e-06 1.12981367e-06 9.93350437e-07 8.54836303e-07 7.15501730e-07 5.79777632e-07 4.52858485e-07 3.38480138e-07 2.41389438e-07 1.61569399e-07 1.00781139e-07 5.73568684e-08 2.90668765e-08 1.24484522e-08 4.15650014e-09 8.23080604e-10 -3.29548611e-11 -7.54154517e-11 -7.92739763e-11 -8.36201108e-11 -9.00668984e-11 -1.01350650e-10 -1.21646027e-10 -1.56839486e-10 -2.14688045e-10 -3.04783976e-10 -4.38248604e-10 -6.27079944e-10 -8.83136175e-10 -1.21676458e-09 -1.63517638e-09 -2.14072798e-09 -2.72933853e-09 -3.38930867e-09 -4.10080891e-09 -4.83624651e-09 -5.56162760e-09 -6.23888541e-09 -6.82899004e-09 -7.29551192e-09 -7.60820518e-09 -7.74613068e-09 -7.69989017e-09 -7.47264550e-09 -7.07977427e-09 -6.54721266e-09 -5.90872939e-09 -5.20251114e-09 -4.46753279e-09 -3.74017106e-09 -3.05145220e-09 -2.42519382e-09 -1.87714749e-09 -1.41509160e-09 -1.03970943e-09 -7.46004702e-10 -5.24984223e-10 -3.65355857e-10 -2.55039878e-10 -1.82373339e-10 -1.36940237e-10 -1.10046638e-10 -9.48804924e-11 -8.64400773e-11 -8.13077383e-11 -7.73494602e-11 -7.33941796e-11 2.08806306e-10 2.03954242e-09 7.51373164e-09 1.95213520e-08 4.14618598e-08 7.70096740e-08 1.28915850e-07 1.99009528e-07 2.88069716e-07 3.94074523e-07 5.14299482e-07 6.45759450e-07 7.84463712e-07 9.25268573e-07 1.06291257e-06 1.19260130e-06 1.31602312e-06 1.42355482e-06 1.52027392e-06 1.60240780e-06 1.66777756e-06 1.71691576e-06 1.75336443e-06 1.77527178e-06 1.78257513e-06
3.00239800e-06 2.99180460e-06 2.95913335e-06 2.90383940e-06 2.82396630e-06 2.72078477e-06 2.59673296e-06 2.44806296e-06 2.27129195e-06 2.07993031e-06 1.86353260e-06 1.63966900e-06 1.40640117e-06 1.17170039e-06 9.45373347e-07 7.34260657e-07 5.45114051e-07 3.83902764e-07 2.53821945e-07 1.55234457e-07 8.58236383e-08 4.16606381e-08 1.66126486e-08 4.75992934e-09 5.81749093e-10 -8.61836713e-11 -9.14359699e-11 -9.58285118e-11 -1.00033759e-10 -1.05622677e-10 -1.15434995e-10 -1.33955069e-10 -1.67634351e-10 -2.25070573e-10 -3.16952353e-10 -4.55665228e-10 -6.54487908e-10 -9.26351496e-10 -1.28220207e-09 -1.72909531e-09 -2.26824043e-09 -2.89327828e-09 -3.58912000e-09 -4.33164088e-09 -5.08845976e-09 -5.82087128e-09 -6.48684750e-09 -7.04481168e-09 -7.45774398e-09 -7.69707453e-09 -7.74581599e-09 -7.60047170e-09 -7.27143218e-09 -6.78179979e-09 -6.16482071e-09 -5.46030671e-09 -4.71056449e-09 -3.95639277e-09 -3.23364813e-09 -2.57075305e-09 -1.98733940e-09 -1.49403379e-09 -1.09322318e-09 -7.80537524e-10 -5.46728995e-10 -3.79633547e-10 -2.65964140e-10 -1.92760807e-10 -1.48413504e-10 -1.23252575e-10 -1.09763421e-10 -1.02512110e-10 -9.78815362e-11 -9.37147582e-11 -8.89334162e-11 1.01348929e-11 2.01108574e-09 9.39447442e-09 2.70865902e-08 6.08935224e-08 1.17187722e-07 2.00737898e-07 3.14723528e-07 4.61119012e-07 6.35373219e-07 8.36719403e-07 1.05634492e-06 1.28724975e-06 1.52128716e-06 1.75447951e-06 1.97421757e-06 2.17846608e-06 2.36294718e-06 2.52625774e-06 2.66046433e-06 2.77536948e-06 2.86675494e-06 2.93458785e-06 2.97834970e-06 2.99976382e-06 2.99976382e-06 2.97834970e-06 2.93458784e-06 2.86675494e-06 2.77536948e-06 2.66046433e-06 2.52625775e-06 2.36294718e-06 2.17846608e-06 1.97421757e-06 1.75447951e-06 1.52128716e-06 1.28724975e-06 1.05634492e-06 8.36719403e-07 6.35373219e-07 4.61119012e-07 3.14723528e-07 2.00737898e-07 1.17187722e-07 6.08935223e-08 2.70865903e-08 9.39447453e-09 2.01108552e-09 1.01348929e-11 -8.89333607e-11 -9.37147027e-11 -9.78815362e-11 -1.02511999e-10 -1.09763421e-10 -1.23252519e-10 -1.48413504e-10 -1.92760807e-10 -2.65964140e-10 -3.79633380e-10 -5.46728884e-10 -7.80537524e-10 -1.09322318e-09 -1.49403379e-09 -1.98733940e-09 -2.57075305e-09 -3.23364813e-09 -3.95639299e-09 -4.71056472e-09 -5.46030671e-09 -6.16482071e-09 -6.78179968e-09 -7.27143212e-09 -7.60047170e-09 -7.74581599e-09 -7.69707453e-09 -7.45774398e-09 -7.04481140e-09 -6.48684750e-09 -5.82087128e-09 -5.08845976e-09 -4.33164088e-09 -3.58911989e-09 -2.89327828e-09 -2.26824043e-09 -1.72909531e-09 -1.28220207e-09 -9.26351496e-10 -6.54487908e-10 -4.55665117e-10 -3.16952353e-10 -2.25070573e-10 -1.67634351e-10 -1.33955180e-10 -1.15434995e-10 -1.05622677e-10 -1.00033648e-10 -9.58285673e-11 -9.14358589e-11 -8.61836158e-11 5.81748982e-10 4.75992934e-09 1.66126486e-08 4.16606381e-08 8.58236383e-08 1.55234457e-07 2.53821945e-07 3.83902763e-07 5.45114051e-07 7.34260657e-07 9.45373347e-07 1.17170039e-06 1.40640117e-06 1.63966900e-06 1.86353260e-06 2.07993031e-06 2.27129195e-06 2.44806296e-06 2.59673296e-06 2.72078477e-06 2.82396630e-06 2.90383940e-06 2.95913335e-06 2.99180460e-06 3.00239800e-06
4.90755614e-06 4.89198180e-06 4.84436259e-06 4.76633223e-06 4.65431783e-06 4.50367280e-06 4.31008898e-06 4.07887784e-06 3.81780445e-06 3.50907950e-06 3.17817638e-06 2.81215756e-06 2.43568097e-06 2.05334143e-06 1.67626353e-06 1.31914754e-06 9.93214409e-07 7.12721975e-07 4.79659550e-07 2.99725926e-07 1.69843593e-07 8.45942931e-08 3.47708846e-08 1.04269124e-08 1.41681911e-09 -9.94931360e-11 -1.06903042e-10 -1.12846288e-10 -1.17486354e-10 -1.21788191e-10 -1.27932331e-10 -1.39765977e-10 -1.63226654e-10 -2.06645923e-10 -2.80817980e-10 -3.98712452e-10 -5.74729986e-10 -8.23443536e-10 -1.15784965e-09 -1.58725166e-09 -2.11500761e-09 -2.73646628e-09 -3.43746931e-09 -4.19378765e-09 -4.97177649e-09 -5.73036935e-09 -6.42433207e-09 -7.00845892e-09 -7.44220729e-09 -7.69413439e-09 -7.74548747e-09 -7.59240160e-09 -7.24635640e-09 -6.73282252e-09 -6.08830913e-09 -5.35627254e-09 -4.58249849e-09 -3.81061305e-09 -3.07830444e-09 -2.41467435e-09 -1.83891691e-09 -1.36030093e-09 -9.79240411e-10 -6.89126867e-10 -4.78530549e-10 -3.33421124e-10 -2.39121778e-10 -1.81823279e-10 -1.49580570e-10 -1.32820310e-10 -1.24433797e-10 -1.19576959e-10 -1.15292109e-10 -1.10062182e-10 -1.03370312e-10 1.23669519e-10 4.53911353e-09 2.01407818e-08 5.59774826e-08 1.22021284e-07 2.28932084e-07 3.83277004e-07 5.89117869e-07 8.48189918e-07 1.15198638e-06 1.49280091e-06 1.86080138e-06 2.24418710e-06 2.62820790e-06 2.99710004e-06 3.34741513e-06 3.66905469e-06 3.95453423e-06 4.19889754e-06 4.41155550e-06 4.58443580e-06 4.71399803e-06 4.80896699e-06 4.87224693e-06 4.90364877e-06 4.90364877e-06 4.87224693e-06 4.80896699e-06 4.71399803e-06 4.58443581e-06 4.41155550e-06 4.19889754e-06 3.95453423e-06 3.66905469e-06 3.34741512e-06 2.99710005e-06 2.62820790e-06 2.24418710e-06 1.86080138e-06 1.49280091e-06 1.15198638e-06 8.48189918e-07 5.89117869e-07 3.83277005e-07 2.28932084e-07 1.22021284e-07 5.59774826e-08 2.01407817e-08 4.53911353e-09 1.23669519e-10 -1.03370312e-10 -1.10062182e-10 -1.15292109e-10 -1.19577126e-10 -1.24433797e-10 -1.32820310e-10 -1.49580737e-10 -1.81823279e-10 -2.39121833e-10 -3.33421124e-10 -4.78530660e-10 -6.89126978e-10 -9.79240411e-10 -1.36030093e-09 -1.83891719e-09 -2.41467435e-09 -3.07830417e-09 -3.81061305e-09 -4.58249849e-09 -5.35627243e-09 -6.08830897e-09 -6.73282280e-09 -7.24635663e-09 -7.59240160e-09 -7.74548747e-09 -7.69413439e-09 -7.44220724e-09 -7.00845887e-09 -6.42433207e-09 -5.73036935e-09 -4.97177649e-09 -4.19378765e-09 -3.43746936e-09 -2.73646628e-09 -2.11500767e-09 -1.58725166e-09 -1.15784948e-09 -8.23443536e-10 -5.74729986e-10 -3.98712396e-10 -2.80817980e-10 -2.06645867e-10 -1.63226543e-10 -1.39766032e-10 -1.27932442e-10 -1.21788191e-10 -1.17486354e-10 -1.12846288e-10 -1.06903042e-10 -9.94931360e-11 1.41681888e-09 1.04269124e-08 3.47708845e-08 8.45942933e-08 1.69843593e-07 2.99725926e-07 4.79659550e-07 7.12721975e-07 9.93214409e-07 1.31914754e-06 1.67626353e-06 2.05334143e-06 2.43568096e-06 2.81215755e-06 3.17817638e-06 3.50907950e-06 3.81780445e-06 4.07887784e-06 4.31008898e-06 4.50367280e-06 4.65431784e-06 4.76633223e-06 4.84436259e-06 4.89198180e-06 4.90755614e-06
7.84511265e-06 7.82151237e-06 7.75216010e-06 7.63222760e-06 7.46083510e-06 7.24532626e-06 6.97371026e-06 6.63030791e-06 6.22410213e-06 5.77291282e-06 5.24806981e-06 4.69427412e-06 4.09912608e-06 3.48251055e-06 2.87358349e-06 2.28978177e-06 1.75140039e-06 1.27537075e-06 8.72586928e-07 5.55819930e-07 3.22087587e-07 1.64565095e-07 6.97013635e-08 2.15673925e-08 3.13286397e-09 -1.12703458e-10 -1.23008714e-10 -1.31519129e-10 -1.37894807e-10 -1.42466927e-10 -1.46687718e-10 -1.53653867e-10 -1.68633885e-10 -1.99508965e-10 -2.56988097e-10 -3.54457685e-10 -5.07326681e-10 -7.31781191e-10 -1.04294295e-09 -1.45254120e-09 -1.96634636e-09 -2.58172317e-09 -3.28574501e-09 -4.05431300e-09 -4.85264262e-09 -5.63729197e-09 -6.35967135e-09 -6.97069974e-09 -7.42602346e-09 -7.69106662e-09 -7.74514453e-09 -7.58398716e-09 -7.22026927e-09 -6.68204919e-09 -6.00938155e-09 -5.24964361e-09 -4.45230419e-09 -3.66390018e-09 -2.92389624e-09 -2.26188901e-09 -1.69635966e-09 -1.23490673e-09 -8.75681694e-10 -6.09610640e-10 -4.22955115e-10 -2.99796910e-10 -2.24144148e-10 -1.81481885e-10 -1.59714741e-10 -1.49555368e-10 -1.44472434e-10 -1.40347678e-10 -1.34973588e-10 -1.27520439e-10 -1.18042964e-10 3.64694275e-10 9.61458602e-09 4.10143388e-08 1.10414467e-07 2.34339883e-07 4.29114563e-07 7.03484203e-07 1.06436324e-06 1.50285825e-06 2.01598578e-06 2.58184391e-06 3.18262587e-06 3.79427869e-06 4.39467004e-06 4.98149111e-06 5.51902358e-06 6.00818528e-06 6.43468227e-06 6.81107093e-06 7.11716681e-06 7.35865554e-06 7.55230749e-06 7.69926985e-06 7.79244462e-06 7.83924681e-06 7.83924681e-06 7.79244462e-06 7.69926985e-06 7.55230749e-06 7.35865554e-06 7.11716681e-06 6.81107093e-06 6.43468227e-06 6.00818528e-06 5.51902358e-06 4.98149111e-06 4.39467004e-06 3.79427869e-06 3.18262587e-06 2.58184391e-06 2.01598578e-06 1.50285825e-06 1.06436324e-06 7.03484203e-07 4.29114563e-07 2.34339883e-07 1.10414467e-07 4.10143387e-08 9.61458602e-09 3.64694164e-10 -1.18043131e-10 -1.27520716e-10 -1.34973588e-10 -1.40347622e-10 -1.44472601e-10 -1.49555368e-10 -1.59714741e-10 -1.81481885e-10 -2.24143981e-10 -2.99796910e-10 -4.22955171e-10 -6.09610640e-10 -8.75681638e-10 -1.23490673e-09 -1.69635966e-09 -2.26188895e-09 -2.92389624e-09 -3.66390041e-09 -4.45230419e-09 -5.24964361e-09 -6.00938155e-09 -6.68204891e-09 -7.22026927e-09 -7.58398716e-09 -7.74514453e-09 -7.69106662e-09 -7.42602346e-09 -6.97069974e-09 -6.35967135e-09 -5.63729202e-09 -4.85264262e-09 -4.05431300e-09 -3.28574501e-09 -2.58172317e-09 -1.96634642e-09 -1.45254120e-09 -1.04294290e-09 -7.31781191e-10 -5.07326847e-10 -3.54457685e-10 -2.56988097e-10 -1.99508965e-10 -1.68633996e-10 -1.53653867e-10 -1.46687773e-10 -1.42466927e-10 -1.37894751e-10 -1.31519240e-10 -1.23008714e-10 -1.12703402e-10 3.13286397e-09 2.15673926e-08 6.97013636e-08 1.64565095e-07 3.22087587e-07 5.55819930e-07 8.72586929e-07 1.27537075e-06 1.75140039e-06 2.28978177e-06 2.87358349e-06 3.48251055e-06 4.09912608e-06 4.69427412e-06 5.24806981e-06 5.77291282e-06 6.22410213e-06 6.63030791e-06 6.97371026e-06 7.24532626e-06 7.46083510e-06 7.63222760e-06 7.75216010e-06 7.82151237e-06 7.84511265e-06
1.22284087e-05 1.21975045e-05 1.21030147e-05 1.19434804e-05 1.17035312e-05 1.13796612e-05 1.09849366e-05 1.05066980e-05 9.91299003e-06 9.22772056e-06 8.46479854e-06 7.61248368e-06 6.69650076e-06 5.75362230e-06 4.79780268e-06 3.86397274e-06 2.98990875e-06 2.20167798e-06 1.53560325e-06 9.93990647e-07 5.87582578e-07 3.07640515e-07 1.33612155e-07 4.26304079e-08 6.47224130e-09 -1.25264965e-10 -1.39065759e-10 -1.51037072e-10 -1.60358060e-10 -1.66716418e-10 -1.70784331e-10 -1.74804171e-10 -1.83222548e-10 -2.03276618e-10 -2.45378107e-10 -3.23130467e-10 -4.52800686e-10 -6.52122745e-10 -9.38387923e-10 -1.32591593e-09 -1.82315507e-09 -2.42981368e-09 -3.13452875e-09 -3.91360566e-09 -4.73127626e-09 -5.54173057e-09 -6.29288377e-09 -6.93152380e-09 -7.40918144e-09 -7.68786934e-09 -7.74478676e-09 -7.57522223e-09 -7.19315751e-09 -6.62947863e-09 -5.92808647e-09 -5.14056869e-09 -4.32028063e-09 -3.51673946e-09 -2.77110090e-09 -2.11323636e-09 -1.56060370e-09 -1.11879367e-09 -7.83389797e-10 -5.42636991e-10 -3.80382947e-10 -2.78833512e-10 -2.20792828e-10 -1.91221261e-10 -1.78082493e-10 -1.72581449e-10 -1.68940806e-10 -1.63895064e-10 -1.56065327e-10 -1.45338575e-10 -1.32333255e-10 8.74999184e-10 1.94238086e-08 7.98162603e-08 2.08849340e-07 4.32825251e-07 7.74292993e-07 1.24812532e-06 1.85476574e-06 2.58435681e-06 3.41190383e-06 4.31761044e-06 5.26493670e-06 6.22881737e-06 7.16581675e-06 8.03956754e-06 8.86347427e-06 9.57887423e-06 1.02235690e-05 1.07578893e-05 1.11896857e-05 1.15535209e-05 1.18332822e-05 1.20324283e-05 1.21584897e-05 1.22207319e-05 1.22207319e-05 1.21584897e-05 1.20324283e-05 1.18332822e-05 1.15535209e-05 1.11896857e-05 1.07578893e-05 1.02235690e-05 9.57887423e-06 8.86347427e-06 8.03956716e-06 7.16581675e-06 6.22881737e-06 5.26493670e-06 4.31761044e-06 3.41190383e-06 2.58435666e-06 1.85476574e-06 1.24812532e-06 7.74292993e-07 4.32825288e-07 2.08849340e-07 7.98162676e-08 1.94238086e-08 8.74999184e-10 -1.32333200e-10 -1.45338686e-10 -1.56065216e-10 -1.63895009e-10 -1.68940806e-10 -1.72581560e-10 -1.78082660e-10 -1.91221261e-10 -2.20792995e-10 -2.78833512e-10 -3.80382836e-10 -5.42636991e-10 -7.83389686e-10 -1.11879367e-09 -1.56060370e-09 -2.11323636e-09 -2.77110090e-09 -3.51673934e-09 -4.32028063e-09 -5.14056853e-09 -5.92808647e-09 -6.62947847e-09 -7.19315751e-09 -7.57522223e-09 -7.74478676e-09 -7.68786934e-09 -7.40918160e-09 -6.93152385e-09 -6.29288377e-09 -5.54173057e-09 -4.73127632e-09 -3.91360544e-09 -3.13452886e-09 -2.42981368e-09 -1.82315507e-09 -1.32591593e-09 -9.38387923e-10 -6.52122745e-10 -4.52800686e-10 -3.23130467e-10 -2.45378107e-10 -2.03276729e-10 -1.83222437e-10 -1.74804171e-10 -1.70784387e-10 -1.66716418e-10 -1.60357894e-10 -1.51037072e-10 -1.39065759e-10 -1.25264799e-10 6.47224208e-09 4.26304079e-08 1.33612155e-07 3.07640515e-07 5.87582631e-07 9.93990647e-07 1.53560326e-06 2.20167783e-06 2.98990875e-06 3.86397274e-06 4.79780268e-06 5.75362230e-06 6.69650076e-06 7.61248368e-06 8.46479854e-06 9.22772056e-06 9.91299003e-06 1.05066980e-05 1.09849366e-05 1.13796611e-05 1.17035312e-05 1.19434804e-05 1.21030151e-05 1.21975045e-05 1.22284087e-05
1.86376592e-05 1.85961464e-05 1.84713559e-05 1.82533321e-05 1.79349695e-05 1.74946765e-05 1.69178926e-05 1.62394419e-05 1.54125975e-05 1.44098245e-05 1.32974869e-05 1.20236245e-05 1.06730274e-05 9.23200053e-06 7.75651209e-06 6.31234582e-06 4.94170193e-06 3.69688733e-06 2.60831418e-06 1.72100334e-06 1.03574991e-06 5.52958672e-07 2.45845836e-07 8.07941580e-08 1.27476838e-08 -1.36705758e-10 -1.54451896e-10 -1.70633396e-10 -1.83989379e-10 -1.93575322e-10 -1.99249950e-10 -2.02313055e-10 -2.06243522e-10 -2.17435181e-10 -2.45772069e-10 -3.04842984e-10 -4.11583767e-10 -5.85169802e-10 -8.45072790e-10 -1.20834431e-09 -1.68637337e-09 -2.28155661e-09 -2.98446035e-09 -3.77210491e-09 -4.60793415e-09 -5.44380341e-09 -6.22400254e-09 -6.89092844e-09 -7.39167361e-09 -7.68453945e-09 -7.74441444e-09 -7.56610075e-09 -7.16501369e-09 -6.57512050e-09 -5.84449283e-09 -5.02922842e-09 -4.18677149e-09 -3.36966965e-09 -2.62065281e-09 -1.96960598e-09 -1.43261591e-09 -1.01290309e-09 -7.03173242e-10 -4.88782681e-10 -3.51089990e-10 -2.70476641e-10 -2.28697172e-10 -2.10400530e-10 -2.03846329e-10 -2.00950645e-10 -1.96862526e-10 -1.89288141e-10 -1.77735937e-10 -1.62820035e-10 -1.45693180e-10 1.86348426e-09 3.74073875e-08 1.48994181e-07 3.79371125e-07 7.70838586e-07 1.35261439e-06 2.14035816e-06 3.12716941e-06 4.30206211e-06 5.62004330e-06 7.03894329e-06 8.50195931e-06 9.95026283e-06 1.13625974e-05 1.26804601e-05 1.38633116e-05 1.49296181e-05 1.58490592e-05 1.65907280e-05 1.72244953e-05 1.77320459e-05 1.81060702e-05 1.83735945e-05 1.85447458e-05 1.86273515e-05 1.86273515e-05 1.85447458e-05 1.83735936e-05 1.81060702e-05 1.77320459e-05 1.72244953e-05 1.65907288e-05 1.58490584e-05 1.49296181e-05 1.38633116e-05 1.26804595e-05 1.13625974e-05 9.95026283e-06 8.50195894e-06 7.03894329e-06 5.62004306e-06 4.30206193e-06 3.12716941e-06 2.14035816e-06 1.35261444e-06 7.70838586e-07 3.79371125e-07 1.48994181e-07 3.74073889e-08 1.86348426e-09 -1.45693180e-10 -1.62819813e-10 -1.77736215e-10 -1.89288141e-10 -1.96862526e-10 -2.00950645e-10 -2.03846717e-10 -2.10400586e-10 -2.28697117e-10 -2.70476641e-10 -3.51090046e-10 -4.88782681e-10 -7.03173075e-10 -1.01290309e-09 -1.43261591e-09 -1.96960598e-09 -2.62065281e-09 -3.36966988e-09 -4.18677149e-09 -5.02922820e-09 -5.84449289e-09 -6.57512067e-09 -7.16501369e-09 -7.56610075e-09 -7.74441433e-09 -7.68453945e-09 -7.39167361e-09 -6.89092844e-09 -6.22400254e-09 -5.44380352e-09 -4.60793398e-09 -3.77210496e-09 -2.98446035e-09 -2.28155661e-09 -1.68637337e-09 -1.20834431e-09 -8.45072790e-10 -5.85169913e-10 -4.11583823e-10 -3.04843151e-10 -2.45772069e-10 -2.17435125e-10 -2.06243522e-10 -2.02312944e-10 -1.99250061e-10 -1.93575322e-10 -1.83989379e-10 -1.70633452e-10 -1.54451951e-10 -1.36705924e-10 1.27476832e-08 8.07941551e-08 2.45845828e-07 5.52958672e-07 1.03574991e-06 1.72100334e-06 2.60831418e-06 3.69688718e-06 4.94170193e-06 6.31234582e-06 7.75651209e-06 9.23200013e-06 1.06730270e-05 1.20236245e-05 1.32974869e-05 1.44098245e-05 1.54125975e-05 1.62394419e-05 1.69178926e-05 1.74946765e-05 1.79349686e-05 1.82533330e-05 1.84713550e-05 1.85961464e-05 1.86376592e-05
2.78247614e-05 2.77724037e-05 2.76090895e-05 2.73229973e-05 2.68939273e-05 2.63091952e-05 2.55271451e-05 2.45524510e-05 2.34138612e-05 2.20029741e-05 2.03809952e-05 1.85718239e-05 1.65785434e-05 1.44301196e-05 1.22454797e-05 1.00584479e-05 7.95380278e-06 6.00420255e-06 4.30370346e-06 2.87306479e-06 1.76217052e-06 9.56999544e-07 4.37610738e-07 1.47352417e-07 2.39504896e-08 -1.46635759e-10 -1.68617120e-10 -1.89596394e-10 -2.07930451e-10 -2.22075913e-10 -2.31067387e-10 -2.35194531e-10 -2.36832942e-10 -2.41335230e-10 -2.57811328e-10 -2.99575531e-10 -3.84001109e-10 -5.31553135e-10 -7.63853147e-10 -1.10079845e-09 -1.55697377e-09 -2.13782303e-09 -2.83623591e-09 -3.63030261e-09 -4.48291393e-09 -5.34365674e-09 -6.15307783e-09 -6.84891843e-09 -7.37349443e-09 -7.68107572e-09 -7.74402648e-09 -7.55661866e-09 -7.13583359e-09 -6.51899779e-09 -5.75869152e-09 -4.91583774e-09 -4.05216805e-09 -3.22328608e-09 -2.47334153e-09 -1.83193050e-09 -1.31338429e-09 -9.18163934e-10 -6.35786479e-10 -4.48532933e-10 -3.35231176e-10 -2.74534728e-10 -2.47344645e-10 -2.38252362e-10 -2.36070330e-10 -2.33649877e-10 -2.27236341e-10 -2.15607643e-10 -1.99197547e-10 -1.79332715e-10 -1.57654334e-10 3.65635267e-09 6.89810696e-08 2.67094321e-07 6.63869594e-07 1.32239900e-06 2.27833988e-06 3.54696949e-06 5.12642887e-06 6.96158556e-06 8.98985252e-06 1.11467949e-05 1.33512039e-05 1.55228107e-05 1.75719222e-05 1.95131871e-05 2.12103462e-05 2.27431259e-05 2.40145066e-05 2.50559686e-05 2.59428205e-05 2.66206784e-05 2.71272457e-05 2.74805971e-05 2.77054901e-05 2.78117626e-05 2.78117626e-05 2.77054901e-05 2.74805971e-05 2.71272457e-05 2.66206784e-05 2.59428205e-05 2.50559686e-05 2.40145066e-05 2.27431259e-05 2.12103462e-05 1.95131871e-05 1.75719222e-05 1.55228107e-05 1.33512039e-05 1.11467949e-05 8.98985252e-06 6.96158556e-06 5.12642887e-06 3.54696949e-06 2.27833989e-06 1.32239900e-06 6.63869594e-07 2.67094321e-07 6.89810695e-08 3.65635255e-09 -1.57654334e-10 -1.79332715e-10 -1.99197436e-10 -2.15607643e-10 -2.27236230e-10 -2.33649711e-10 -2.36070163e-10 -2.38252362e-10 -2.47344700e-10 -2.74534784e-10 -3.35231176e-10 -4.48532878e-10 -6.35786312e-10 -9.18163878e-10 -1.31338401e-09 -1.83193061e-09 -2.47334131e-09 -3.22328619e-09 -4.05216805e-09 -4.91583790e-09 -5.75869158e-09 -6.51899779e-09 -7.13583359e-09 -7.55661866e-09 -7.74402648e-09 -7.68107572e-09 -7.37349443e-09 -6.84891843e-09 -6.15307783e-09 -5.34365691e-09 -4.48291410e-09 -3.63030261e-09 -2.83623602e-09 -2.13782303e-09 -1.55697383e-09 -1.10079845e-09 -7.63853203e-10 -5.31553246e-10 -3.84001164e-10 -2.99575365e-10 -2.57811328e-10 -2.41335230e-10 -2.36832887e-10 -2.35194419e-10 -2.31067443e-10 -2.22075913e-10 -2.07930617e-10 -1.89596394e-10 -1.68617065e-10 -1.46635759e-10 2.39504894e-08 1.47352417e-07 4.37610739e-07 9.56999543e-07 1.76217052e-06 2.87306479e-06 4.30370346e-06 6.00420255e-06 7.95380278e-06 1.00584479e-05 1.22454797e-05 1.44301196e-05 1.65785434e-05 1.85718239e-05 2.03809952e-05 2.20029741e-05 2.34138612e-05 2.45524510e-05 2.55271450e-05 2.63091952e-05 2.68939273e-05 2.73229973e-05 2.76090894e-05 2.77724037e-05 2.78247614e-05
4.07519829e-05 4.06853031e-05 4.04767996e-05 4.01064573e-05 3.95460115e-05 3.87607300e-05 3.77255093e-05 3.63832614e-05 3.48193627e-05 3.28746083e-05 3.05781717e-05 2.80260015e-05 2.51275888e-05 2.20550943e-05 1.88616120e-05 1.56223437e-05 1.24639562e-05 9.52065071e-06 6.88471615e-06 4.67349447e-06 2.90406558e-06 1.60767843e-06 7.48317586e-07 2.58547168e-07 4.34382834e-08 -1.54747715e-10 -1.81090754e-10 -2.07279527e-10 -2.31365482e-10 -2.51259791e-10 -2.65189759e-10 -2.72390832e-10 -2.74018586e-10 -2.74190892e-10 -2.80988066e-10 -3.07161963e-10 -3.70252273e-10 -4.91812369e-10 -6.95534519e-10 -1.00424158e-09 -1.43595408e-09 -1.99952876e-09 -2.69060579e-09 -3.48874246e-09 -4.35655623e-09 -5.24146648e-09 -6.08017742e-09 -6.80550793e-09 -7.35464178e-09 -7.67747665e-09 -7.74362341e-09 -7.54677448e-09 -7.10562070e-09 -6.46114434e-09 -5.67079717e-09 -4.80064971e-09 -3.91690930e-09 -3.07823783e-09 -2.33000852e-09 -1.70117981e-09 -1.20390281e-09 -8.35475300e-10 -5.81913628e-10 -4.22262947e-10 -3.32823213e-10 -2.90664715e-10 -2.76078771e-10 -2.73884970e-10 -2.73725931e-10 -2.69616218e-10 -2.59051336e-10 -2.41961562e-10 -2.19716800e-10 -1.94319283e-10 -1.67829972e-10 6.75333278e-09 1.22846390e-07 4.61502533e-07 1.12664938e-06 2.19742039e-06 3.73073296e-06 5.72595745e-06 8.16085818e-06 1.09407568e-05 1.40044193e-05 1.72081392e-05 2.04616236e-05 2.36400780e-05 2.66016056e-05 2.93516445e-05 3.17602589e-05 3.39016183e-05 3.56451031e-05 3.70910882e-05 3.82771923e-05 3.91799037e-05 3.98531107e-05 4.03123772e-05 4.06000252e-05 4.07354117e-05 4.07354117e-05 4.06000252e-05 4.03123772e-05 3.98531107e-05 3.91799037e-05 3.82771926e-05 3.70910878e-05 3.56451034e-05 3.39016183e-05 3.17602589e-05 2.93516448e-05 2.66016059e-05 2.36400778e-05 2.04616234e-05 1.72081394e-05 1.40044193e-05 1.09407568e-05 8.16085818e-06 5.72595745e-06 3.73073296e-06 2.19742035e-06 1.12664940e-06 4.61502533e-07 1.22846390e-07 6.75333278e-09 -1.67830083e-10 -1.94319338e-10 -2.19716800e-10 -2.41961451e-10 -2.59051447e-10 -2.69616052e-10 -2.73725986e-10 -2.73884970e-10 -2.76078604e-10 -2.90664937e-10 -3.32823324e-10 -4.22263002e-10 -5.81913628e-10 -8.35475300e-10 -1.20390281e-09 -1.70117992e-09 -2.33000852e-09 -3.07823783e-09 -3.91690924e-09 -4.80064949e-09 -5.67079717e-09 -6.46114434e-09 -7.10562070e-09 -7.54677448e-09 -7.74362341e-09 -7.67747665e-09 -7.35464178e-09 -6.80550793e-09 -6.08017742e-09 -5.24146671e-09 -4.35655634e-09 -3.48874246e-09 -2.69060579e-09 -1.99952876e-09 -1.43595413e-09 -1.00424158e-09 -6.95534352e-10 -4.91812313e-10 -3.70252495e-10 -3.07161907e-10 -2.80988066e-10 -2.74190781e-10 -2.74018586e-10 -2.72390832e-10 -2.65189759e-10 -2.51259791e-10 -2.31365371e-10 -2.07279582e-10 -1.81090809e-10 -1.54747548e-10 4.34382842e-08 2.58547168e-07 7.48317586e-07 1.60767843e-06 2.90406558e-06 4.67349447e-06 6.88471615e-06 9.52065058e-06 1.24639562e-05 1.56223437e-05 1.88616120e-05 2.20550941e-05 2.51275885e-05 2.80260015e-05 3.05781713e-05 3.28746083e-05 3.48193627e-05 3.63832614e-05 3.77255090e-05 3.87607300e-05 3.95460115e-05 4.01064576e-05 4.04767994e-05 4.06853031e-05 4.07519829e-05
5.86304897e-05 5.85451432e-05 5.82787780e-05 5.78051117e-05 5.70751122e-05 5.60428679e-05 5.46779302e-05 5.28950689e-05 5.07867324e-05 4.81304495e-05 4.49552775e-05 4.13989675e-05 3.73056267e-05 3.29626782e-05 2.83526908e-05 2.36501841e-05 1.90333347e-05 1.46846110e-05 1.07427705e-05 7.36031255e-06 4.64375537e-06 2.60940368e-06 1.23614365e-06 4.35560263e-07 7.55111869e-08 -1.60819524e-10 -1.91486882e-10 -2.23112417e-10 -2.53532528e-10 -2.80192813e-10 -3.00555192e-10 -3.12785464e-10 -3.16726478e-10 -3.15080018e-10 -3.14637760e-10 -3.27278815e-10 -3.70395214e-10 -4.66375938e-10 -6.40853426e-10 -9.19611831e-10 -1.32432376e-09 -1.86762894e-09 -2.54837274e-09 -3.34802053e-09 -4.22924606e-09 -5.13744053e-09 -6.00538791e-09 -6.76072009e-09 -7.33511740e-09 -7.67374170e-09 -7.74320508e-09 -7.53656693e-09 -7.07438358e-09 -6.40160941e-09 -5.58094992e-09 -4.68395345e-09 -3.78148340e-09 -2.93522823e-09 -2.19154273e-09 -1.57835067e-09 -1.10516296e-09 -7.65690400e-10 -5.42149270e-10 -4.10221912e-10 -3.43731432e-10 -3.18364668e-10 -3.14093918e-10 -3.16286553e-10 -3.15705240e-10 -3.07749326e-10 -2.91302316e-10 -2.67498246e-10 -2.38627118e-10 -2.07302842e-10 -1.75919668e-10 1.17677499e-08 2.09918175e-07 7.73827189e-07 1.84498176e-06 3.54292314e-06 5.91473843e-06 8.98011913e-06 1.26284915e-05 1.68125024e-05 2.13130384e-05 2.59872284e-05 3.06448476e-05 3.52094747e-05 3.94076796e-05 4.32441468e-05 4.65862578e-05 4.95318526e-05 5.19061164e-05 5.38368668e-05 5.54065307e-05 5.66031699e-05 5.74711443e-05 5.80719623e-05 5.84354989e-05 5.86093502e-05 5.86093502e-05 5.84354989e-05 5.80719623e-05 5.74711440e-05 5.66031699e-05 5.54065304e-05 5.38368665e-05 5.19061164e-05 4.95318523e-05 4.65862576e-05 4.32441465e-05 3.94076796e-05 3.52094747e-05 3.06448472e-05 2.59872284e-05 2.13130384e-05 1.68125024e-05 1.26284915e-05 8.98011927e-06 5.91473843e-06 3.54292314e-06 1.84498176e-06 7.73827176e-07 2.09918174e-07 1.17677499e-08 -1.75919612e-10 -2.07302897e-10 -2.38627118e-10 -2.67498024e-10 -2.91302205e-10 -3.07749326e-10 -3.15705240e-10 -3.16286553e-10 -3.14093973e-10 -3.18364668e-10 -3.43731488e-10 -4.10221856e-10 -5.42149381e-10 -7.65690400e-10 -1.10516302e-09 -1.57835073e-09 -2.19154273e-09 -2.93522834e-09 -3.78148340e-09 -4.68395323e-09 -5.58095004e-09 -6.40160941e-09 -7.07438358e-09 -7.53656693e-09 -7.74320508e-09 -7.67374170e-09 -7.33511740e-09 -6.76072009e-09 -6.00538791e-09 -5.13744058e-09 -4.22924601e-09 -3.34802031e-09 -2.54837274e-09 -1.86762894e-09 -1.32432360e-09 -9.19611831e-10 -6.40853315e-10 -4.66375938e-10 -3.70395381e-10 -3.27278815e-10 -3.14637760e-10 -3.15080184e-10 -3.16726478e-10 -3.12785409e-10 -3.00555081e-10 -2.80192813e-10 -2.53532362e-10 -2.23112417e-10 -1.91486771e-10 -1.60819524e-10 7.55111869e-08 4.35560266e-07 1.23614365e-06 2.60940369e-06 4.64375537e-06 7.36031255e-06 1.07427705e-05 1.46846110e-05 1.90333348e-05 2.36501842e-05 2.83526908e-05 3.29626782e-05 3.73056261e-05 4.13989675e-05 4.49552778e-05 4.81304488e-05 5.07867324e-05 5.28950689e-05 5.46779302e-05 5.60428682e-05 5.70751122e-05 5.78051120e-05 5.82787771e-05 5.85451432e-05 5.86304897e-05
8.29291907e-05 8.28212411e-05 8.24798950e-05 8.18686641e-05 8.09392464e-05 7.96036762e-05 7.78304116e-05 7.55624869e-05 7.27223569e-05 6.91353535e-05 6.48290095e-05 5.99459895e-05 5.42828210e-05 4.82173754e-05 4.17213255e-05 3.50164488e-05 2.83883815e-05 2.20828267e-05 1.63331862e-05 1.13145308e-05 7.23242834e-06 4.12981054e-06 1.98866223e-06 7.15806428e-07 1.25408051e-07 -1.64712743e-10 -1.99508077e-10 -2.36608066e-10 -2.73739587e-10 -3.07981862e-10 -3.36103645e-10 -3.55218743e-10 -3.63791774e-10 -3.62950059e-10 -3.57937457e-10 -3.59432761e-10 -3.84329124e-10 -4.55543603e-10 -6.00458461e-10 -8.47803827e-10 -1.22309152e-09 -1.74310938e-09 -2.41038722e-09 -3.20878429e-09 -4.10141243e-09 -5.03181918e-09 -5.92881744e-09 -6.71458955e-09 -7.31492728e-09 -7.66987091e-09 -7.74277126e-09 -7.52599727e-09 -7.04213765e-09 -6.34045683e-09 -5.48931595e-09 -4.56607824e-09 -3.64642805e-09 -2.79501122e-09 -2.05887352e-09 -1.46445639e-09 -1.01813391e-09 -7.09595938e-10 -5.16977128e-10 -4.12511136e-10 -3.67653796e-10 -3.56965180e-10 -3.60437902e-10 -3.64333452e-10 -3.60831809e-10 -3.46928763e-10 -3.23006455e-10 -2.91422386e-10 -2.55339916e-10 -2.17894813e-10 -1.81709092e-10 2.04689361e-08 3.46635904e-07 1.25054623e-06 2.94023506e-06 5.55843433e-06 9.15617163e-06 1.37106558e-05 1.91172347e-05 2.51988760e-05 3.17029026e-05 3.83699561e-05 4.49517174e-05 5.13585635e-05 5.71892931e-05 6.24944269e-05 6.70347835e-05 7.10324058e-05 7.42307990e-05 7.67314998e-05 7.87797624e-05 8.03131707e-05 8.14514131e-05 8.22091851e-05 8.26822123e-05 8.29024775e-05 8.29024775e-05 8.26822123e-05 8.22091851e-05 8.14514084e-05 8.03131659e-05 7.87797578e-05 7.67314998e-05 7.42307949e-05 7.10324058e-05 6.70347835e-05 6.24944232e-05 5.71892931e-05 5.13585635e-05 4.49517174e-05 3.83699561e-05 3.17029047e-05 2.51988760e-05 1.91172347e-05 1.37106558e-05 9.15617163e-06 5.55843474e-06 2.94023506e-06 1.25054614e-06 3.46635931e-07 2.04689361e-08 -1.81709148e-10 -2.17894702e-10 -2.55339749e-10 -2.91422442e-10 -3.23006344e-10 -3.46928763e-10 -3.60831809e-10 -3.64333341e-10 -3.60437846e-10 -3.56965235e-10 -3.67653907e-10 -4.12511192e-10 -5.16977128e-10 -7.09595938e-10 -1.01813391e-09 -1.46445650e-09 -2.05887363e-09 -2.79501133e-09 -3.64642805e-09 -4.56607818e-09 -5.48931595e-09 -6.34045683e-09 -7.04213765e-09 -7.52599727e-09 -7.74277126e-09 -7.66987091e-09 -7.31492728e-09 -6.71458955e-09 -5.92881744e-09 -5.03181907e-09 -4.10141243e-09 -3.20878429e-09 -2.41038722e-09 -1.74310938e-09 -1.22309152e-09 -8.47803827e-10 -6.00458350e-10 -4.55543547e-10 -3.84329069e-10 -3.59432706e-10 -3.57937457e-10 -3.62950003e-10 -3.63791830e-10 -3.55218743e-10 -3.36103700e-10 -3.07981862e-10 -2.73739531e-10 -2.36608177e-10 -1.99508021e-10 -1.64712910e-10 1.25408062e-07 7.15806428e-07 1.98866240e-06 4.12981085e-06 7.23242888e-06 1.13145308e-05 1.63331861e-05 2.20828282e-05 2.83883815e-05 3.50164488e-05 4.17213255e-05 4.82173754e-05 5.42828210e-05 5.99459895e-05 6.48290095e-05 6.91353535e-05 7.27223569e-05 7.55624869e-05 7.78304071e-05 7.96036718e-05 8.09392416e-05 8.18686641e-05 8.24798905e-05 8.28212458e-05 8.29291907e-05
1.15369186e-04 1.15234175e-04 1.14805167e-04 1.14040129e-04 1.12855137e-04 1.11207018e-04 1.08989527e-04 1.06125942e-04 1.02315039e-04 9.75280792e-05 9.18566843e-05 8.51763598e-05 7.75008739e-05 6.91421728e-05 6.01502973e-05 5.07868739e-05 4.14430011e-05 3.24814900e-05 2.42478148e-05 1.69728803e-05 1.09698009e-05 6.33828389e-06 3.10431563e-06 1.13139676e-06 2.04798668e-07 -1.66371139e-10 -2.04947503e-10 -2.47371790e-10 -2.91375035e-10 -3.33791217e-10 -3.70796727e-10 -3.98504840e-10 -4.13974632e-10 -4.16623624e-10 -4.09904000e-10 -4.02953226e-10 -4.11779499e-10 -4.59465410e-10 -5.74889247e-10 -7.89652566e-10 -1.13325022e-09 -1.62697633e-09 -2.27754149e-09 -3.07173109e-09 -3.97353006e-09 -4.92487778e-09 -5.85059562e-09 -6.66716177e-09 -7.29408106e-09 -7.66586505e-09 -7.74232217e-09 -7.51506912e-09 -7.00890629e-09 -6.27776758e-09 -5.39608991e-09 -4.44739395e-09 -3.51232843e-09 -2.65838873e-09 -1.93296362e-09 -1.36051448e-09 -9.43747580e-10 -6.67893407e-10 -5.06750031e-10 -4.29068892e-10 -4.04110467e-10 -4.05626588e-10 -4.14014489e-10 -4.16800983e-10 -4.07880063e-10 -3.86033761e-10 -3.53221286e-10 -3.13010007e-10 -2.69354372e-10 -2.25798491e-10 -1.85072624e-10 3.35575634e-08 5.57218483e-07 1.97205911e-06 4.54889610e-06 8.47377551e-06 1.38179132e-05 2.04445613e-05 2.82678760e-05 3.69314220e-05 4.61400429e-05 5.54786433e-05 6.46237778e-05 7.34725495e-05 8.14281594e-05 8.86719774e-05 9.47307350e-05 1.00057050e-04 1.04339488e-04 1.07673652e-04 1.10161436e-04 1.12105324e-04 1.13503912e-04 1.14467251e-04 1.15059792e-04 1.15335807e-04 1.15335807e-04 1.15059792e-04 1.14467251e-04 1.13503911e-04 1.12105324e-04 1.10161436e-04 1.07673652e-04 1.04339489e-04 1.00057050e-04 9.47307350e-05 8.86719767e-05 8.14281594e-05 7.34725495e-05 6.46237783e-05 5.54786428e-05 4.61400429e-05 3.69314220e-05 2.82678760e-05 2.04445613e-05 1.38179132e-05 8.47377551e-06 4.54889610e-06 1.97205909e-06 5.57218478e-07 3.35575634e-08 -1.85072513e-10 -2.25798380e-10 -2.69354206e-10 -3.13010229e-10 -3.53221452e-10 -3.86033538e-10 -4.07880119e-10 -4.16801038e-10 -4.14014434e-10 -4.05626532e-10 -4.04110412e-10 -4.29068892e-10 -5.06750086e-10 -6.67893407e-10 -9.43747525e-10 -1.36051470e-09 -1.93296384e-09 -2.65838856e-09 -3.51232843e-09 -4.44739423e-09 -5.39608991e-09 -6.27776742e-09 -7.00890629e-09 -7.51506912e-09 -7.74232217e-09 -7.66586505e-09 -7.29408101e-09 -6.66716177e-09 -5.85059562e-09 -4.92487784e-09 -3.97353001e-09 -3.07173109e-09 -2.27754149e-09 -1.62697622e-09 -1.13325027e-09 -7.89652566e-10 -5.74889247e-10 -4.59465410e-10 -4.11779388e-10 -4.02953171e-10 -4.09904000e-10 -4.16623569e-10 -4.13974632e-10 -3.98504785e-10 -3.70796727e-10 -3.33791217e-10 -2.91375091e-10 -2.47371790e-10 -2.04947503e-10 -1.66370973e-10 2.04798666e-07 1.13139676e-06 3.10431563e-06 6.33828389e-06 1.09698009e-05 1.69728803e-05 2.42478148e-05 3.24814900e-05 4.14430014e-05 5.07868743e-05 6.01502973e-05 6.91421728e-05 7.75008739e-05 8.51763598e-05 9.18566843e-05 9.75280792e-05 1.02315039e-04 1.06125942e-04 1.08989527e-04 1.11207018e-04 1.12855137e-04 1.14040130e-04 1.14805168e-04 1.15234175e-04 1.15369186e-04
1.57988430e-04 1.57830028e-04 1.57347544e-04 1.56458866e-04 1.55095547e-04 1.53145488e-04 1.50401927e-04 1.46589517e-04 1.41572493e-04 1.35296782e-04 1.27922956e-04 1.18901213e-04 1.08714021e-04 9.72877400e-05 8.50798074e-05 7.22396620e-05 5.93044298e-05 4.67917010e-05 3.52019525e-05 2.48776354e-05 1.62302906e-05 9.47851351e-06 4.70257376e-06 1.75076183e-06 3.20115010e-07 -1.65815250e-10 -2.07688922e-10 -2.55105048e-10 -3.05920178e-10 -3.56858654e-10 -4.03636014e-10 -4.41453429e-10 -4.65976369e-10 -4.74813411e-10 -4.69399852e-10 -4.56988003e-10 -4.52285320e-10 -4.78124318e-10 -5.64555069e-10 -7.45909334e-10 -1.05576081e-09 -1.52024371e-09 -2.15076312e-09 -2.93760394e-09 -3.84611865e-09 -4.81692686e-09 -5.77087489e-09 -6.61849414e-09 -7.27259353e-09 -7.66172620e-09 -7.74185782e-09 -7.50378804e-09 -6.97472047e-09 -6.21363838e-09 -5.30149552e-09 -4.32831071e-09 -3.37981781e-09 -2.52620447e-09 -1.81479992e-09 -1.26753197e-09 -8.82879214e-10 -6.41178444e-10 -5.11671372e-10 -4.59654148e-10 -4.52434867e-10 -4.63338146e-10 -4.73593331e-10 -4.72379302e-10 -4.55592342e-10 -4.23961422e-10 -3.81064291e-10 -3.31621730e-10 -2.80265922e-10 -2.30812314e-10 -1.85967464e-10 5.34664398e-08 8.68498729e-07 3.02014626e-06 6.85214143e-06 1.26036592e-05 2.03383323e-05 2.98094845e-05 4.08761823e-05 5.30064569e-05 6.57917474e-05 7.86521044e-05 9.12188998e-05 1.03197757e-04 1.13903105e-04 1.23628454e-04 1.31816247e-04 1.38606540e-04 1.44210005e-04 1.48641843e-04 1.51881548e-04 1.54208171e-04 1.55833026e-04 1.56961226e-04 1.57629899e-04 1.57949328e-04 1.57949328e-04 1.57629899e-04 1.56961226e-04 1.55833023e-04 1.54208172e-04 1.51881548e-04 1.48641845e-04 1.44210003e-04 1.38606540e-04 1.31816247e-04 1.23628455e-04 1.13903107e-04 1.03197757e-04 9.12189015e-05 7.86521053e-05 6.57917474e-05 5.30064569e-05 4.08761823e-05 2.98094845e-05 2.03383323e-05 1.26036589e-05 6.85214143e-06 3.02014626e-06 8.68498711e-07 5.34664404e-08 -1.85967353e-10 -2.30812258e-10 -2.80265922e-10 -3.31621730e-10 -3.81064180e-10 -4.23961477e-10 -4.55592342e-10 -4.72379358e-10 -4.73593276e-10 -4.63338201e-10 -4.52434812e-10 -4.59654204e-10 -5.11671316e-10 -6.41178444e-10 -8.82879214e-10 -1.26753180e-09 -1.81479998e-09 -2.52620458e-09 -3.37981781e-09 -4.32831082e-09 -5.30149552e-09 -6.21363838e-09 -6.97472047e-09 -7.50378804e-09 -7.74185782e-09 -7.66172620e-09 -7.27259353e-09 -6.61849414e-09 -5.77087489e-09 -4.81692697e-09 -3.84611865e-09 -2.93760383e-09 -2.15076312e-09 -1.52024371e-09 -1.05576076e-09 -7.45909334e-10 -5.64555069e-10 -4.78124318e-10 -4.52285376e-10 -4.56987947e-10 -4.69399852e-10 -4.74813411e-10 -4.65976369e-10 -4.41453485e-10 -4.03636014e-10 -3.56858654e-10 -3.05920234e-10 -2.55105326e-10 -2.07689088e-10 -1.65815306e-10 3.20115005e-07 1.75076183e-06 4.70257376e-06 9.47851338e-06 1.62302908e-05 2.48776354e-05 3.52019525e-05 4.67917010e-05 5.93044298e-05 7.22396620e-05 8.50798074e-05 9.72877389e-05 1.08714021e-04 1.18901213e-04 1.27922956e-04 1.35296782e-04 1.41572493e-04 1.46589517e-04 1.50401927e-04 1.53145488e-04 1.55095549e-04 1.56458869e-04 1.57347543e-04 1.57830028e-04 1.57988430e-04
2.13749959e-04 2.13576853e-04 2.13023108e-04 2.11967577e-04 2.10282699e-04 2.07780397e-04 2.04201610e-04 1.99263242e-04 1.92902644e-04 1.85103701e-04 1.75206041e-04 1.63281858e-04 1.49894849e-04 1.34529798e-04 1.18157462e-04 1.00836668e-04 8.32685219e-05 6.60989620e-05 5.00579850e-05 3.56575917e-05 2.34733321e-05 1.38652020e-05 6.96164237e-06 2.63505525e-06 4.90988991e-07 -1.63138780e-10 -2.07706519e-10 -2.59611055e-10 -3.16957460e-10 -3.76512266e-10 -4.33684533e-10 -4.82891949e-10 -5.18461052e-10 -5.36136746e-10 -5.35139211e-10 -5.20501586e-10 -5.05189446e-10 -5.11318099e-10 -5.69715275e-10 -7.17223725e-10 -9.91533189e-10 -1.42392148e-09 -2.03100692e-09 -2.80718848e-09 -3.71974063e-09 -4.70831180e-09 -5.68983216e-09 -6.56865806e-09 -7.25048466e-09 -7.65745656e-09 -7.74137865e-09 -7.49216300e-09 -6.93961943e-09 -6.14818579e-09 -5.20578636e-09 -4.20927881e-09 -3.24957300e-09 -2.39933956e-09 -1.70538106e-09 -1.18648857e-09 -8.36327674e-10 -6.29918118e-10 -5.31772626e-10 -5.03831865e-10 -5.11766907e-10 -5.28921518e-10 -5.37821121e-10 -5.29692734e-10 -5.02702380e-10 -4.59650984e-10 -4.05729506e-10 -3.46715878e-10 -2.87772972e-10 -2.32830866e-10 -1.84433524e-10 8.13900258e-08 1.31193724e-06 4.50034950e-06 1.00849758e-05 1.83271268e-05 2.92824539e-05 4.25452549e-05 5.78943452e-05 7.45734776e-05 9.20082988e-05 1.09449832e-04 1.26586700e-04 1.42411413e-04 1.56866545e-04 1.69455784e-04 1.80398713e-04 1.89265860e-04 1.96281350e-04 2.01901788e-04 2.06169600e-04 2.09157548e-04 2.11212870e-04 2.12566850e-04 2.13353695e-04 2.13706689e-04 2.13706689e-04 2.13353695e-04 2.12566850e-04 2.11212870e-04 2.09157548e-04 2.06169600e-04 2.01901788e-04 1.96281350e-04 1.89265860e-04 1.80398713e-04 1.69455784e-04 1.56866545e-04 1.42411413e-04 1.26586700e-04 1.09449832e-04 9.20082988e-05 7.45734776e-05 5.78943452e-05 4.25452549e-05 2.92824539e-05 1.83271268e-05 1.00849758e-05 4.50034950e-06 1.31193724e-06 8.13900259e-08 -1.84433524e-10 -2.32830866e-10 -2.87772806e-10 -3.46715878e-10 -4.05729506e-10 -4.59650984e-10 -5.02702435e-10 -5.29692734e-10 -5.37821065e-10 -5.28921518e-10 -5.11766962e-10 -5.03831754e-10 -5.31772515e-10 -6.29918118e-10 -8.36327896e-10 -1.18648863e-09 -1.70538117e-09 -2.39933956e-09 -3.24957300e-09 -4.20927893e-09 -5.20578630e-09 -6.14818585e-09 -6.93961943e-09 -7.49216300e-09 -7.74137865e-09 -7.65745656e-09 -7.25048466e-09 -6.56865806e-09 -5.68983216e-09 -4.70831180e-09 -3.71974057e-09 -2.80718870e-09 -2.03100697e-09 -1.42392148e-09 -9.91533133e-10 -7.17223725e-10 -5.69715275e-10 -5.11317988e-10 -5.05189501e-10 -5.20501364e-10 -5.35139211e-10 -5.36136802e-10 -5.18461052e-10 -4.82891949e-10 -4.33684422e-10 -3.76512266e-10 -3.16957516e-10 -2.59610999e-10 -2.07706519e-10 -1.63138780e-10 4.90988991e-07 2.63505525e-06 6.96164237e-06 1.38652020e-05 2.34733321e-05 3.56575917e-05 5.00579850e-05 6.60989620e-05 8.32685219e-05 1.00836668e-04 1.18157462e-04 1.34529798e-04 1.49894849e-04 1.63281858e-04 1.75206041e-04 1.85103701e-04 1.92902644e-04 1.99263242e-04 2.04201610e-04 2.07780397e-04 2.10282699e-04 2.11967577e-04 2.13023108e-04 2.13576853e-04 2.13749959e-04
2.85056019e-04 2.84844078e-04 2.84166462e-04 2.82905011e-04 2.80808841e-04 2.77704942e-04 2.73333532e-04 2.67487395e-04 2.59587368e-04 2.49103274e-04 2.36201790e-04 2.21168296e-04 2.03204379e-04 1.83268083e-04 1.61257355e-04 1.38307382e-04 1.14813333e-04 9.16464456e-05 6.97853112e-05 5.00619008e-05 3.32604956e-05 1.98316565e-05 1.00745624e-05 3.85982240e-06 7.32842115e-07 -1.58501601e-10 -2.05059414e-10 -2.60795163e-10 -3.24181015e-10 -3.92184618e-10 -4.60088079e-10 -5.21689636e-10 -5.70080871e-10 -5.99135963e-10 -6.05704265e-10 -5.92279448e-10 -5.69632563e-10 -5.58646018e-10 -5.90457350e-10 -7.04122760e-10 -9.41407841e-10 -1.33899836e-09 -1.91924410e-09 -2.68130845e-09 -3.59500152e-09 -4.59941496e-09 -5.60766866e-09 -6.51773746e-09 -7.22777971e-09 -7.65305991e-09 -7.74088504e-09 -7.48020507e-09 -6.90365254e-09 -6.08154455e-09 -5.10924703e-09 -4.09078887e-09 -3.12231258e-09 -2.27870384e-09 -1.60570723e-09 -1.11832110e-09 -8.04795730e-10 -6.34430897e-10 -5.66899527e-10 -5.60962388e-10 -5.81052817e-10 -6.01039329e-10 -6.05240025e-10 -5.87322080e-10 -5.47960344e-10 -4.92105690e-10 -4.26507551e-10 -3.57860963e-10 -2.91682622e-10 -2.31844155e-10 -1.80586768e-10 1.23665884e-07 1.93918296e-06 6.54348989e-06 1.45042549e-05 2.60816641e-05 4.12975892e-05 5.95433329e-05 8.04025394e-05 1.02988701e-04 1.26412873e-04 1.49989285e-04 1.72547279e-04 1.93396168e-04 2.12576630e-04 2.28987169e-04 2.43015968e-04 2.54670498e-04 2.63802288e-04 2.70638365e-04 2.75706500e-04 2.79379226e-04 2.81983870e-04 2.83623487e-04 2.84568977e-04 2.85003419e-04 2.85003419e-04 2.84568977e-04 2.83623487e-04 2.81983875e-04 2.79379226e-04 2.75706499e-04 2.70638365e-04 2.63802288e-04 2.54670498e-04 2.43015968e-04 2.28987169e-04 2.12576630e-04 1.93396168e-04 1.72547279e-04 1.49989285e-04 1.26412874e-04 1.02988701e-04 8.04025394e-05 5.95433329e-05 4.12975892e-05 2.60816641e-05 1.45042549e-05 6.54348989e-06 1.93918296e-06 1.23665884e-07 -1.80586657e-10 -2.31844099e-10 -2.91682734e-10 -3.57860963e-10 -4.26507551e-10 -4.92105634e-10 -5.47960233e-10 -5.87322024e-10 -6.05239969e-10 -6.01039329e-10 -5.81052817e-10 -5.60962388e-10 -5.66899583e-10 -6.34430897e-10 -8.04795730e-10 -1.11832099e-09 -1.60570723e-09 -2.27870400e-09 -3.12231252e-09 -4.09078887e-09 -5.10924703e-09 -6.08154449e-09 -6.90365248e-09 -7.48020507e-09 -7.74088504e-09 -7.65305991e-09 -7.22777971e-09 -6.51773746e-09 -5.60766861e-09 -4.59941502e-09 -3.59500152e-09 -2.68130845e-09 -1.91924421e-09 -1.33899836e-09 -9.41407952e-10 -7.04122760e-10 -5.90457350e-10 -5.58645963e-10 -5.69632508e-10 -5.92279670e-10 -6.05704265e-10 -5.99135963e-10 -5.70080871e-10 -5.21689636e-10 -4.60088079e-10 -3.92184618e-10 -3.24181015e-10 -2.60795219e-10 -2.05059303e-10 -1.58501545e-10 7.32842115e-07 3.85982240e-06 1.00745624e-05 1.98316565e-05 3.32604956e-05 5.00619008e-05 6.97853112e-05 9.16464456e-05 1.14813333e-04 1.38307382e-04 1.61257355e-04 1.83268083e-04 2.03204379e-04 2.21168296e-04 2.36201790e-04 2.49103274e-04 2.59587368e-04 2.67487395e-04 2.73333532e-04 2.77704942e-04 2.80808841e-04 2.82905011e-04 2.84166462e-04 2.84844078e-04 2.85056019e-04
3.75456131e-04 3.75243674e-04 3.74561830e-04 3.73225211e-04 3.70879143e-04 3.67213865e-04 3.61745394e-04 3.54198708e-04 3.43772884e-04 3.30665692e-04 3.14648331e-04 2.94770250e-04 2.71652108e-04 2.45617989e-04 2.16940965e-04 1.86477539e-04 1.55494074e-04 1.24729100e-04 9.55287776e-05 6.89425705e-05 4.62129329e-05 2.77806619e-05 1.42599181e-05 5.52680307e-06 1.06549457e-06 -1.52120316e-10 -1.99888439e-10 -2.58665422e-10 -3.27401550e-10 -4.03427070e-10 -4.82094697e-10 -5.56783064e-10 -6.19502671e-10 -6.62304822e-10 -6.79561407e-10 -6.70936917e-10 -6.44550358e-10 -6.19496010e-10 -6.26681707e-10 -7.06987136e-10 -9.06135389e-10 -1.26642818e-09 -1.81645216e-09 -2.56081761e-09 -3.47254631e-09 -4.49065385e-09 -5.52461160e-09 -6.46583170e-09 -7.20451032e-09 -7.64854108e-09 -7.74037734e-09 -7.46792839e-09 -6.86687823e-09 -6.01386929e-09 -5.01219266e-09 -3.97337063e-09 -2.99879260e-09 -2.16522877e-09 -1.51676460e-09 -1.06390402e-09 -7.88866972e-10 -6.54867216e-10 -6.16694418e-10 -6.30195340e-10 -6.59048593e-10 -6.78210321e-10 -6.74309164e-10 -6.43831821e-10 -5.90159144e-10 -5.20415711e-10 -4.42801684e-10 -3.64744790e-10 -2.91911995e-10 -2.27934283e-10 -1.74612547e-10 1.81701780e-07 2.79799161e-06 9.31414985e-06 2.04142300e-05 3.64011063e-05 5.71114152e-05 8.18695599e-05 1.09765823e-04 1.39923043e-04 1.71108238e-04 2.02005778e-04 2.31377140e-04 2.59088848e-04 2.83412567e-04 3.05150613e-04 3.23150777e-04 3.37571992e-04 3.49352865e-04 3.58260518e-04 3.64727557e-04 3.69234775e-04 3.72206381e-04 3.73993294e-04 3.74964113e-04 3.75404080e-04 3.75404080e-04 3.74964113e-04 3.73993294e-04 3.72206381e-04 3.69234775e-04 3.64727557e-04 3.58260518e-04 3.49352865e-04 3.37571992e-04 3.23150777e-04 3.05150613e-04 2.83412567e-04 2.59088848e-04 2.31377142e-04 2.02005778e-04 1.71108238e-04 1.39923043e-04 1.09765823e-04 8.18695605e-05 5.71114152e-05 3.64011063e-05 2.04142300e-05 9.31414992e-06 2.79799158e-06 1.81701780e-07 -1.74612547e-10 -2.27934283e-10 -2.91912050e-10 -3.64744790e-10 -4.42801518e-10 -5.20415822e-10 -5.90159255e-10 -6.43831932e-10 -6.74309275e-10 -6.78210377e-10 -6.59048704e-10 -6.30195340e-10 -6.16694251e-10 -6.54867216e-10 -7.88867083e-10 -1.06390396e-09 -1.51676438e-09 -2.16522872e-09 -2.99879260e-09 -3.97337069e-09 -5.01219266e-09 -6.01386912e-09 -6.86687823e-09 -7.46792839e-09 -7.74037734e-09 -7.64854108e-09 -7.20451032e-09 -6.46583181e-09 -5.52461160e-09 -4.49065385e-09 -3.47254636e-09 -2.56081756e-09 -1.81645199e-09 -1.26642818e-09 -9.06135500e-10 -7.06987136e-10 -6.26681762e-10 -6.19496010e-10 -6.44550413e-10 -6.70937084e-10 -6.79561407e-10 -6.62304933e-10 -6.19502560e-10 -5.56783286e-10 -4.82094642e-10 -4.03427070e-10 -3.27401661e-10 -2.58665533e-10 -1.99888439e-10 -1.52120316e-10 1.06549459e-06 5.52680307e-06 1.42599181e-05 2.77806619e-05 4.62129329e-05 6.89425705e-05 9.55287768e-05 1.24729100e-04 1.55494074e-04 1.86477539e-04 2.16940965e-04 2.45617989e-04 2.71652108e-04 2.94770252e-04 3.14648331e-04 3.30665692e-04 3.43772882e-04 3.54198708e-04 3.61745397e-04 3.67213862e-04 3.70879141e-04 3.73225208e-04 3.74561832e-04 3.75243674e-04 3.75456131e-04
4.89070591e-04 4.88803061e-04 4.87911670e-04 4.86218805e-04 4.83307412e-04 4.78695916e-04 4.72020934e-04 4.62914830e-04 4.50406467e-04 4.33879966e-04 4.12772002e-04 3.87611409e-04 3.58227174e-04 3.24236479e-04 2.87456235e-04 2.48017177e-04 2.07140872e-04 1.66916559e-04 1.28382068e-04 9.33569444e-05 6.29820332e-05 3.81963190e-05 1.97641762e-05 7.75243707e-06 1.51564694e-06 -1.44263490e-10 -1.92409422e-10 -2.53330024e-10 -3.26549676e-10 -4.09920431e-10 -4.99074670e-10 -5.87203175e-10 -6.65437372e-10 -7.24116322e-10 -7.55085994e-10 -7.54933227e-10 -7.28677618e-10 -6.93038515e-10 -6.78083756e-10 -7.26033678e-10 -8.86356488e-10 -1.20711041e-09 -1.72360226e-09 -2.44659487e-09 -3.35305606e-09 -4.38248116e-09 -5.44091316e-09 -6.41305509e-09 -7.18071369e-09 -7.64390562e-09 -7.73985614e-09 -7.45535056e-09 -6.82936574e-09 -5.94533522e-09 -4.91496954e-09 -3.85759069e-09 -2.87980140e-09 -2.05985640e-09 -1.43951262e-09 -1.02403136e-09 -7.88987597e-10 -6.91189272e-10 -6.80583645e-10 -7.10467241e-10 -7.44328155e-10 -7.58826835e-10 -7.43431927e-10 -6.97800373e-10 -6.28163965e-10 -5.43783019e-10 -4.54143723e-10 -3.67182229e-10 -2.88490232e-10 -2.21270779e-10 -1.66757608e-10 2.59904076e-07 3.94557379e-06 1.30003145e-05 2.81726528e-05 4.98487636e-05 7.74795759e-05 1.10497518e-04 1.47511256e-04 1.87174195e-04 2.27755376e-04 2.67691626e-04 3.06314594e-04 3.41580936e-04 3.73592912e-04 4.00596829e-04 4.23851448e-04 4.42744684e-04 4.57144698e-04 4.67834096e-04 4.75621841e-04 4.81244765e-04 4.84942494e-04 4.87183444e-04 4.88447301e-04 4.89004956e-04 4.89004956e-04 4.88447301e-04 4.87183444e-04 4.84942494e-04 4.81244765e-04 4.75621841e-04 4.67834096e-04 4.57144698e-04 4.42744684e-04 4.23851448e-04 4.00596829e-04 3.73592912e-04 3.41580936e-04 3.06314594e-04 2.67691626e-04 2.27755376e-04 1.87174195e-04 1.47511256e-04 1.10497518e-04 7.74795759e-05 4.98487636e-05 2.81726528e-05 1.30003145e-05 3.94557379e-06 2.59904076e-07 -1.66757441e-10 -2.21270890e-10 -2.88490232e-10 -3.67182063e-10 -4.54143778e-10 -5.43782908e-10 -6.28164076e-10 -6.97800484e-10 -7.43431927e-10 -7.58826779e-10 -7.44327933e-10 -7.10467185e-10 -6.80583478e-10 -6.91189272e-10 -7.88987653e-10 -1.02403136e-09 -1.43951262e-09 -2.05985656e-09 -2.87980162e-09 -3.85759069e-09 -4.91496954e-09 -5.94533522e-09 -6.82936568e-09 -7.45535056e-09 -7.73985614e-09 -7.64390556e-09 -7.18071369e-09 -6.41305509e-09 -5.44091316e-09 -4.38248116e-09 -3.35305589e-09 -2.44659487e-09 -1.72360232e-09 -1.20711041e-09 -8.86356488e-10 -7.26033678e-10 -6.78083756e-10 -6.93038460e-10 -7.28677674e-10 -7.54933227e-10 -7.55085994e-10 -7.24116211e-10 -6.65437372e-10 -5.87203119e-10 -4.99074670e-10 -4.09920431e-10 -3.26549454e-10 -2.53329968e-10 -1.92409422e-10 -1.44263601e-10 1.51564694e-06 7.75243707e-06 1.97641762e-05 3.81963190e-05 6.29820332e-05 9.33569444e-05 1.28382068e-04 1.66916559e-04 2.07140872e-04 2.48017177e-04 2.87456235e-04 3.24236479e-04 3.58227174e-04 3.87611409e-04 4.12772002e-04 4.33879966e-04 4.50406467e-04 4.62914830e-04 4.72020934e-04 4.78695916e-04 4.83307402e-04 4.86218805e-04 4.87911670e-04 4.88803061e-04 4.89070591e-04
6.30134696e-04 6.29833264e-04 6.28866069e-04 6.26977947e-04 6.23658033e-04 6.18372262e-04 6.10054376e-04 5.98288262e-04 5.82143445e-04 5.61351579e-04 5.35648995e-04 5.03408953e-04 4.65313741e-04 4.22960366e-04 3.75079930e-04 3.24722504e-04 2.72480025e-04 2.20282929e-04 1.70258320e-04 1.24358197e-04 8.42517504e-05 5.16014157e-05 2.69318909e-05 1.06600407e-05 2.10767905e-06 -1.35238154e-10 -1.82903248e-10 -2.44991250e-10 -3.21678184e-10 -4.11484291e-10 -5.10538500e-10 -6.12099982e-10 -7.06672443e-10 -7.83055509e-10 -8.30589486e-10 -8.42591330e-10 -8.20557178e-10 -7.78222708e-10 -7.44141193e-10 -7.61294805e-10 -8.82581230e-10 -1.16187449e-09 -1.64164643e-09 -2.33953423e-09 -3.23724536e-09 -4.27538394e-09 -5.35685440e-09 -6.35953734e-09 -7.15643445e-09 -7.63916030e-09 -7.73932241e-09 -7.44249196e-09 -6.79119416e-09 -5.87613891e-09 -4.81795626e-09 -3.74405090e-09 -2.76615447e-09 -1.96352923e-09 -1.37486567e-09 -9.99395566e-10 -8.05444489e-10 -7.43155981e-10 -7.57771179e-10 -8.00503497e-10 -8.35298331e-10 -8.41181458e-10 -8.10986778e-10 -7.47851503e-10 -6.60940080e-10 -5.61541758e-10 -4.60207095e-10 -3.65119435e-10 -2.81554169e-10 -2.12103779e-10 -1.57322100e-10 3.64002678e-07 5.44495524e-06 1.77940789e-05 3.82104416e-05 6.69771094e-05 1.03387198e-04 1.46531846e-04 1.94806200e-04 2.46057676e-04 2.98415591e-04 3.50588697e-04 3.99518614e-04 4.44980718e-04 4.85153754e-04 5.20321157e-04 5.49276809e-04 5.72349572e-04 5.90914273e-04 6.04627472e-04 6.14642414e-04 6.21329388e-04 6.25526498e-04 6.28074309e-04 6.29437386e-04 6.30061163e-04 6.30061163e-04 6.29437386e-04 6.28074309e-04 6.25526498e-04 6.21329411e-04 6.14642414e-04 6.04627472e-04 5.90914273e-04 5.72349561e-04 5.49276809e-04 5.20321157e-04 4.85153745e-04 4.44980718e-04 3.99518614e-04 3.50588697e-04 2.98415591e-04 2.46057680e-04 1.94806200e-04 1.46531846e-04 1.03387198e-04 6.69771094e-05 3.82104416e-05 1.77940789e-05 5.44495524e-06 3.64002678e-07 -1.57321933e-10 -2.12103834e-10 -2.81554224e-10 -3.65119435e-10 -4.60207150e-10 -5.61541758e-10 -6.60940080e-10 -7.47851447e-10 -8.10986778e-10 -8.41181458e-10 -8.35298275e-10 -8.00503441e-10 -7.57771235e-10 -7.43155981e-10 -8.05444378e-10 -9.99395566e-10 -1.37486555e-09 -1.96352956e-09 -2.76615447e-09 -3.74405085e-09 -4.81795631e-09 -5.87613891e-09 -6.79119416e-09 -7.44249196e-09 -7.73932241e-09 -7.63916030e-09 -7.15643445e-09 -6.35953734e-09 -5.35685440e-09 -4.27538394e-09 -3.23724536e-09 -2.33953429e-09 -1.64164643e-09 -1.16187432e-09 -8.82581341e-10 -7.61294805e-10 -7.44141193e-10 -7.78222708e-10 -8.20557178e-10 -8.42591441e-10 -8.30589486e-10 -7.83055509e-10 -7.06672498e-10 -6.12099982e-10 -5.10538500e-10 -4.11484291e-10 -3.21678129e-10 -2.44991250e-10 -1.82903137e-10 -1.35238154e-10 2.10767905e-06 1.06600407e-05 2.69318909e-05 5.16014157e-05 8.42517504e-05 1.24358197e-04 1.70258320e-04 2.20282929e-04 2.72480025e-04 3.24722504e-04 3.75079930e-04 4.22960366e-04 4.65313741e-04 5.03408953e-04 5.35648995e-04 5.61351579e-04 5.82143466e-04 5.98288262e-04 6.10054376e-04 6.18372262e-04 6.23658033e-04 6.26977947e-04 6.28866084e-04 6.29833264e-04 6.30134696e-04
8.02818632e-04 8.02487156e-04 8.01352014e-04 7.99049850e-04 7.94982539e-04 7.88634328e-04 7.79001130e-04 7.65061360e-04 7.45316454e-04 7.19210102e-04 6.85698174e-04 6.45941486e-04 5.98542322e-04 5.43622886e-04 4.84108432e-04 4.19415050e-04 3.52723264e-04 2.86174014e-04 2.22155469e-04 1.62857885e-04 1.11002489e-04 6.84208841e-05 3.60160207e-05 1.43535918e-05 2.87124695e-06 -1.25382316e-10 -1.71707426e-10 -2.33939923e-10 -3.12958492e-10 -4.08083900e-10 -5.16152787e-10 -6.30769326e-10 -7.42103268e-10 -8.37654446e-10 -9.04355257e-10 -9.32125488e-10 -9.18553456e-10 -8.73778161e-10 -8.24105284e-10 -8.12603262e-10 -8.95170382e-10 -1.13145948e-09 -1.57150287e-09 -2.24053776e-09 -3.12585691e-09 -4.16988266e-09 -5.27274063e-09 -6.30542446e-09 -7.13172332e-09 -7.63431462e-09 -7.73877712e-09 -7.42937756e-09 -6.75245532e-09 -5.80649850e-09 -4.72156042e-09 -3.63338604e-09 -2.65868710e-09 -1.87717997e-09 -1.32367917e-09 -9.90569848e-10 -8.38347780e-10 -8.10308598e-10 -8.47233839e-10 -8.98826680e-10 -9.30220567e-10 -9.23496335e-10 -8.75362116e-10 -7.92690025e-10 -6.87582768e-10 -5.73179504e-10 -4.60818217e-10 -3.58636953e-10 -2.71345724e-10 -2.00754802e-10 -1.46647472e-10 4.94866508e-07 7.37757856e-06 2.38715405e-05 5.08691581e-05 8.84540962e-05 1.36060354e-04 1.91772730e-04 2.53649910e-04 3.19509600e-04 3.86521564e-04 4.51995362e-04 5.14699571e-04 5.71806028e-04 6.23257059e-04 6.66543532e-04 7.03312782e-04 7.33058034e-04 7.55906926e-04 7.72724157e-04 7.84299402e-04 7.92097391e-04 7.97265774e-04 8.00368025e-04 8.02040299e-04 8.02738089e-04 8.02738089e-04 8.02040299e-04 8.00368025e-04 7.97265774e-04 7.92097391e-04 7.84299402e-04 7.72724157e-04 7.55906926e-04 7.33058034e-04 7.03312782e-04 6.66543532e-04 6.23257059e-04 5.71806028e-04 5.14699571e-04 4.51995362e-04 3.86521564e-04 3.19509600e-04 2.53649910e-04 1.91772730e-04 1.36060354e-04 8.84540962e-05 5.08691581e-05 2.38715405e-05 7.37757856e-06 4.94866508e-07 -1.46647472e-10 -2.00754968e-10 -2.71345890e-10 -3.58636842e-10 -4.60818272e-10 -5.73179504e-10 -6.87582824e-10 -7.92690136e-10 -8.75362227e-10 -9.23496335e-10 -9.30220456e-10 -8.98826680e-10 -8.47233839e-10 -8.10308542e-10 -8.38347725e-10 -9.90569904e-10 -1.32367894e-09 -1.87717997e-09 -2.65868710e-09 -3.63338593e-09 -4.72156042e-09 -5.80649845e-09 -6.75245515e-09 -7.42937756e-09 -7.73877712e-09 -7.63431462e-09 -7.13172332e-09 -6.30542446e-09 -5.27274063e-09 -4.16988266e-09 -3.12585691e-09 -2.24053781e-09 -1.57150282e-09 -1.13145948e-09 -8.95170271e-10 -8.12603262e-10 -8.24105284e-10 -8.73778161e-10 -9.18553344e-10 -9.32125488e-10 -9.04355257e-10 -8.37654501e-10 -7.42103268e-10 -6.30769326e-10 -5.16152565e-10 -4.08083900e-10 -3.12958381e-10 -2.33939867e-10 -1.71707482e-10 -1.25382427e-10 2.87124695e-06 1.43535918e-05 3.60160207e-05 6.84208841e-05 1.11002489e-04 1.62857885e-04 2.22155469e-04 2.86174014e-04 3.52723264e-04 4.19415050e-04 4.84108432e-04 5.43622886e-04 5.98542322e-04 6.45941486e-04 6.85698174e-04 7.19210102e-04 7.45316454e-04 7.65061360e-04 7.79001130e-04 7.88634328e-04 7.94982539e-04 7.99049850e-04 8.01352014e-04 8.02487156e-04 8.02818632e-04
1.01456812e-03 1.01416861e-03 1.01284971e-03 1.01011729e-03 1.00515678e-03 9.97015588e-04 9.84770220e-04 9.66720392e-04 9.42744184e-04 9.10958636e-04 8.69946720e-04 8.18867959e-04 7.59780713e-04 6.91929811e-04 6.16043237e-04 5.35226180e-04 4.51377478e-04 3.67124487e-04 2.85619479e-04 2.10551256e-04 1.44266901e-04 8.91177518e-05 4.72885779e-05 1.89710683e-05 3.80914517e-06 -1.15054410e-10 -1.59204760e-10 -2.20544416e-10 -3.00677594e-10 -3.99831390e-10 -5.15751386e-10 -6.42673748e-10 -7.70765896e-10 -8.86532070e-10 -9.74674452e-10 -1.02167158e-09 -1.02087572e-09 -9.78224224e-10 -9.16997478e-10 -8.79578077e-10 -9.24315402e-10 -1.11649734e-09 -1.51404139e-09 -2.15050411e-09 -3.01965758e-09 -4.06652889e-09 -5.18890525e-09 -6.25088081e-09 -7.10663950e-09 -7.62937713e-09 -7.73822090e-09 -7.41603567e-09 -6.71325173e-09 -5.73665437e-09 -4.62622146e-09 -3.52626006e-09 -2.55824717e-09 -1.80171683e-09 -1.28673050e-09 -9.97988192e-10 -8.87613205e-10 -8.91963059e-10 -9.47722789e-10 -1.00377373e-09 -1.02723696e-09 -1.00395975e-09 -9.34996580e-10 -8.31137381e-10 -7.07344794e-10 -5.78355031e-10 -4.55963656e-10 -3.47946505e-10 -2.58202792e-10 -1.87605709e-10 -1.35107259e-10 6.65919231e-07 9.86302407e-06 3.14185851e-05 6.64765984e-05 1.15250319e-04 1.75924312e-04 2.47167304e-04 3.25731460e-04 4.08808011e-04 4.93084401e-04 5.76595108e-04 6.54492447e-04 7.27077029e-04 7.90211662e-04 8.45714476e-04 8.91566933e-04 9.28017391e-04 9.55463961e-04 9.76566093e-04 9.91559825e-04 1.00149507e-03 1.00796228e-03 1.01171364e-03 1.01363376e-03 1.01447120e-03 1.01447120e-03 1.01363376e-03 1.01171364e-03 1.00796229e-03 1.00149507e-03 9.91559825e-04 9.76566093e-04 9.55463961e-04 9.28017391e-04 8.91566933e-04 8.45714476e-04 7.90211662e-04 7.27077029e-04 6.54492446e-04 5.76595108e-04 4.93084401e-04 4.08808011e-04 3.25731460e-04 2.47167304e-04 1.75924312e-04 1.15250319e-04 6.64765984e-05 3.14185851e-05 9.86302407e-06 6.65919231e-07 -1.35107259e-10 -1.87605764e-10 -2.58202848e-10 -3.47946449e-10 -4.55963711e-10 -5.78355197e-10 -7.07344794e-10 -8.31137159e-10 -9.34996580e-10 -1.00395969e-09 -1.02723696e-09 -1.00377373e-09 -9.47722734e-10 -8.91963059e-10 -8.87613094e-10 -9.97988192e-10 -1.28673067e-09 -1.80171661e-09 -2.55824717e-09 -3.52625995e-09 -4.62622146e-09 -5.73665448e-09 -6.71325179e-09 -7.41603567e-09 -7.73822090e-09 -7.62937707e-09 -7.10663944e-09 -6.25088081e-09 -5.18890525e-09 -4.06652867e-09 -3.01965752e-09 -2.15050411e-09 -1.51404145e-09 -1.11649734e-09 -9.24315624e-10 -8.79578077e-10 -9.16997700e-10 -9.78224168e-10 -1.02087572e-09 -1.02167169e-09 -9.74674452e-10 -8.86532125e-10 -7.70765785e-10 -6.42673803e-10 -5.15751220e-10 -3.99831390e-10 -3.00677483e-10 -2.20544472e-10 -1.59204872e-10 -1.15054410e-10 3.80914517e-06 1.89710683e-05 4.72885779e-05 8.91177518e-05 1.44266901e-04 2.10551256e-04 2.85619479e-04 3.67124487e-04 4.51377478e-04 5.35226180e-04 6.16043237e-04 6.91929811e-04 7.59780713e-04 8.18867959e-04 8.69946720e-04 9.10958636e-04 9.42744184e-04 9.66720392e-04 9.84770219e-04 9.97015588e-04 1.00515678e-03 1.01011729e-03 1.01284971e-03 1.01416861e-03 1.01456812e-03
1.26989107e-03 1.26946907e-03 1.26797192e-03 1.26473346e-03 1.25880150e-03 1.24906076e-03 1.23425803e-03 1.21206382e-03 1.18143713e-03 1.14101966e-03 1.09089404e-03 1.02878050e-03 9.54121438e-04 8.69848155e-04 7.75608477e-04 6.75091784e-04 5.69530766e-04 4.64437123e-04 3.62751084e-04 2.68050684e-04 1.84216856e-04 1.14897977e-04 6.12054795e-05 2.47790938e-05 5.02051773e-06 -1.04621756e-10 -1.45811030e-10 -2.05239825e-10 -2.85227397e-10 -3.86984000e-10 -5.09344456e-10 -6.47463749e-10 -7.91867738e-10 -9.28430222e-10 -1.03988718e-09 -1.10932591e-09 -1.12560428e-09 -1.08988429e-09 -1.02160902e-09 -9.61613011e-10 -9.70024283e-10 -1.11749465e-09 -1.47006907e-09 -2.07031958e-09 -2.91943136e-09 -3.96590377e-09 -5.10570863e-09 -6.19608675e-09 -7.08124914e-09 -7.62435981e-09 -7.73765541e-09 -7.40249850e-09 -6.67369981e-09 -5.66686964e-09 -4.53240728e-09 -3.42336309e-09 -2.46568865e-09 -1.73801218e-09 -1.26470440e-09 -1.02192876e-09 -9.52948331e-10 -9.87201709e-10 -1.05777120e-09 -1.11351389e-09 -1.12440363e-09 -1.08076464e-09 -9.88417570e-10 -8.62165617e-10 -7.19662774e-10 -5.76911574e-10 -4.45791348e-10 -3.33386097e-10 -2.42548426e-10 -1.73087988e-10 -1.23094979e-10 8.77534509e-07 1.28895146e-05 4.08722561e-05 8.59201932e-05 1.47692186e-04 2.24805888e-04 3.14287064e-04 4.13010566e-04 5.17169569e-04 6.22691286e-04 7.25483117e-04 8.24010322e-04 9.12532830e-04 9.92780127e-04 1.06139551e-03 1.11733711e-03 1.16254186e-03 1.19783508e-03 1.22422599e-03 1.24242725e-03 1.25445529e-03 1.26217203e-03 1.26662151e-03 1.26888741e-03 1.26978917e-03 1.26978917e-03 1.26888741e-03 1.26662151e-03 1.26217203e-03 1.25445529e-03 1.24242725e-03 1.22422610e-03 1.19783508e-03 1.16254196e-03 1.11733721e-03 1.06139551e-03 9.92780127e-04 9.12532830e-04 8.24010322e-04 7.25483117e-04 6.22691286e-04 5.17169569e-04 4.13010566e-04 3.14287064e-04 2.24805903e-04 1.47692186e-04 8.59201932e-05 4.08722536e-05 1.28895154e-05 8.77534549e-07 -1.23094701e-10 -1.73088155e-10 -2.42548370e-10 -3.33386152e-10 -4.45791293e-10 -5.76911630e-10 -7.19662885e-10 -8.62165672e-10 -9.88417459e-10 -1.08076470e-09 -1.12440363e-09 -1.11351395e-09 -1.05777109e-09 -9.87201709e-10 -9.52948498e-10 -1.02192876e-09 -1.26470451e-09 -1.73801235e-09 -2.46568865e-09 -3.42336304e-09 -4.53240734e-09 -5.66686964e-09 -6.67369981e-09 -7.40249850e-09 -7.73765541e-09 -7.62435981e-09 -7.08124914e-09 -6.19608670e-09 -5.10570863e-09 -3.96590377e-09 -2.91943125e-09 -2.07031942e-09 -1.47006907e-09 -1.11749465e-09 -9.70024172e-10 -9.61613011e-10 -1.02160902e-09 -1.08988418e-09 -1.12560428e-09 -1.10932585e-09 -1.03988718e-09 -9.28430555e-10 -7.91867849e-10 -6.47463749e-10 -5.09344456e-10 -3.86984000e-10 -2.85227397e-10 -2.05239936e-10 -1.45811085e-10 -1.04621811e-10 5.02051746e-06 2.47790938e-05 6.12054758e-05 1.14897977e-04 1.84216856e-04 2.68050684e-04 3.62751084e-04 4.64437123e-04 5.69530766e-04 6.75091784e-04 7.75608477e-04 8.69848155e-04 9.54121438e-04 1.02878050e-03 1.09089404e-03 1.14101966e-03 1.18143723e-03 1.21206382e-03 1.23425803e-03 1.24906088e-03 1.25880150e-03 1.26473334e-03 1.26797179e-03 1.26946907e-03 1.26989107e-03
1.57449904e-03 1.57397584e-03 1.57224418e-03 1.56861944e-03 1.56190523e-03 1.55027071e-03 1.53203665e-03 1.50514595e-03 1.46788486e-03 1.41775344e-03 1.35408458e-03 1.27802379e-03 1.18687607e-03 1.08119613e-03 9.66223836e-04 8.40568658e-04 7.11580373e-04 5.81512867e-04 4.54982252e-04 3.37502739e-04 2.33065040e-04 1.45355175e-04 7.80913052e-05 3.17979297e-05 6.54526123e-06 -9.44518908e-11 -1.31961664e-10 -1.88513649e-10 -2.67095901e-10 -3.69940023e-10 -4.97122732e-10 -6.44993003e-10 -8.04816380e-10 -9.62254720e-10 -1.09842924e-09 -1.19318644e-09 -1.23072563e-09 -1.20690580e-09 -1.13650700e-09 -1.05787185e-09 -1.03210474e-09 -1.13481413e-09 -1.44031270e-09 -2.00084593e-09 -2.82597540e-09 -3.86861621e-09 -5.02353831e-09 -6.14124163e-09 -7.05562797e-09 -7.61927554e-09 -7.73708164e-09 -7.38880318e-09 -6.63392768e-09 -5.59743113e-09 -4.44061582e-09 -3.32540723e-09 -2.38186121e-09 -1.68688985e-09 -1.25817490e-09 -1.06249570e-09 -1.03384268e-09 -1.09487597e-09 -1.17570842e-09 -1.22607979e-09 -1.21973115e-09 -1.15215487e-09 -1.03428477e-09 -8.84933682e-10 -7.24178162e-10 -5.68886771e-10 -4.30611546e-10 -3.15411641e-10 -2.24878782e-10 -1.57667102e-10 -1.11011700e-10 1.17172963e-06 1.65679238e-05 5.22921458e-05 1.09093463e-04 1.87036432e-04 2.82972761e-04 3.94567924e-04 5.16859997e-04 6.45571516e-04 7.77092297e-04 9.04502207e-04 1.02524558e-03 1.13573150e-03 1.23442723e-03 1.31761812e-03 1.38783570e-03 1.44436580e-03 1.48816522e-03 1.51970632e-03 1.54210940e-03 1.55680785e-03 1.56577143e-03 1.57073250e-03 1.57328415e-03 1.57437132e-03 1.57437132e-03 1.57328418e-03 1.57073250e-03 1.56577146e-03 1.55680785e-03 1.54210940e-03 1.51970632e-03 1.48816524e-03 1.44436580e-03 1.38783568e-03 1.31761812e-03 1.23442725e-03 1.13573150e-03 1.02524558e-03 9.04502207e-04 7.77092297e-04 6.45571516e-04 5.16859997e-04 3.94567932e-04 2.82972761e-04 1.87036432e-04 1.09093463e-04 5.22921458e-05 1.65679234e-05 1.17172963e-06 -1.11011700e-10 -1.57667102e-10 -2.24878727e-10 -3.15411475e-10 -4.30611435e-10 -5.68886938e-10 -7.24178162e-10 -8.84933571e-10 -1.03428466e-09 -1.15215493e-09 -1.21973109e-09 -1.22607985e-09 -1.17570820e-09 -1.09487580e-09 -1.03384268e-09 -1.06249565e-09 -1.25817479e-09 -1.68688991e-09 -2.38186126e-09 -3.32540717e-09 -4.44061582e-09 -5.59743119e-09 -6.63392763e-09 -7.38880318e-09 -7.73708164e-09 -7.61927554e-09 -7.05562797e-09 -6.14124168e-09 -5.02353831e-09 -3.86861632e-09 -2.82597556e-09 -2.00084593e-09 -1.44031270e-09 -1.13481413e-09 -1.03210474e-09 -1.05787185e-09 -1.13650700e-09 -1.20690591e-09 -1.23072574e-09 -1.19318644e-09 -1.09842924e-09 -9.62254720e-10 -8.04816436e-10 -6.44993059e-10 -4.97122676e-10 -3.69940023e-10 -2.67095679e-10 -1.88513594e-10 -1.31961719e-10 -9.44517797e-11 6.54526123e-06 3.17979297e-05 7.80913070e-05 1.45355175e-04 2.33065040e-04 3.37502739e-04 4.54982252e-04 5.81512867e-04 7.11580373e-04 8.40568658e-04 9.66223836e-04 1.08119615e-03 1.18687605e-03 1.27802381e-03 1.35408458e-03 1.41775344e-03 1.46788486e-03 1.50514595e-03 1.53203665e-03 1.55027073e-03 1.56190523e-03 1.56861944e-03 1.57224418e-03 1.57397584e-03 1.57449904e-03
1.93806007e-03 1.93736214e-03 1.93494756e-03 1.93013061e-03 1.92127774e-03 1.90669351e-03 1.88502116e-03 1.85238806e-03 1.80674020e-03 1.74607758e-03 1.66781204e-03 1.57207650e-03 1.46155273e-03 1.33268336e-03 1.19045360e-03 1.03794378e-03 8.79393442e-04 7.18389245e-04 5.63587633e-04 4.18728070e-04 2.90168426e-04 1.82370722e-04 9.81921689e-05 4.02908116e-05 8.27143165e-06 -8.49006976e-11 -1.18099752e-10 -1.70890302e-10 -2.46848875e-10 -3.49226426e-10 -4.79454809e-10 -6.35330011e-10 -8.09242895e-10 -9.87110171e-10 -1.14887422e-09 -1.27139976e-09 -1.33417238e-09 -1.32728950e-09 -1.26004884e-09 -1.16728704e-09 -1.11015419e-09 -1.16866150e-09 -1.42540701e-09 -1.94290994e-09 -2.74009160e-09 -3.77530007e-09 -4.94280800e-09 -6.08656431e-09 -7.02985936e-09 -7.61413899e-09 -7.73650133e-09 -7.37499167e-09 -6.59407862e-09 -5.52864859e-09 -4.35137126e-09 -3.23312277e-09 -2.30760377e-09 -1.64910968e-09 -1.26758803e-09 -1.11960641e-09 -1.12955850e-09 -1.21361016e-09 -1.29967931e-09 -1.33940026e-09 -1.31122668e-09 -1.21647048e-09 -1.07143211e-09 -8.98816355e-10 -7.20756232e-10 -5.54517543e-10 -4.10889545e-10 -2.94582803e-10 -2.05747530e-10 -1.41829770e-10 -9.92557148e-11 1.46322348e-06 2.11379586e-05 6.59745644e-05 1.37151068e-04 2.33368688e-04 3.52653862e-04 4.90220272e-04 6.40843200e-04 7.98797272e-04 9.57934073e-04 1.11560224e-03 1.26248984e-03 1.39926747e-03 1.51889384e-03 1.62215583e-03 1.70884964e-03 1.77844751e-03 1.83130118e-03 1.87020661e-03 1.89709171e-03 1.91475778e-03 1.92633313e-03 1.93292173e-03 1.93640849e-03 1.93789121e-03 1.93789121e-03 1.93640849e-03 1.93292173e-03 1.92633313e-03 1.91475778e-03 1.89709171e-03 1.87020661e-03 1.83130118e-03 1.77844751e-03 1.70884964e-03 1.62215583e-03 1.51889384e-03 1.39926747e-03 1.26248982e-03 1.11560226e-03 9.57934073e-04 7.98797272e-04 6.40843200e-04 4.90220272e-04 3.52653862e-04 2.33368688e-04 1.37151069e-04 6.59745644e-05 2.11379586e-05 1.46322348e-06 -9.92554927e-11 -1.41829437e-10 -2.05747586e-10 -2.94582803e-10 -4.10889656e-10 -5.54517543e-10 -7.20756232e-10 -8.98816355e-10 -1.07143211e-09 -1.21647059e-09 -1.31122657e-09 -1.33940026e-09 -1.29967936e-09 -1.21361021e-09 -1.12955867e-09 -1.11960646e-09 -1.26758781e-09 -1.64910985e-09 -2.30760377e-09 -3.23312271e-09 -4.35137126e-09 -5.52864859e-09 -6.59407862e-09 -7.37499167e-09 -7.73650133e-09 -7.61413899e-09 -7.02985925e-09 -6.08656431e-09 -4.94280800e-09 -3.77529996e-09 -2.74009154e-09 -1.94291006e-09 -1.42540707e-09 -1.16866150e-09 -1.11015414e-09 -1.16728704e-09 -1.26004873e-09 -1.32728972e-09 -1.33417222e-09 -1.27139982e-09 -1.14887422e-09 -9.87110282e-10 -8.09242895e-10 -6.35330011e-10 -4.79454865e-10 -3.49226426e-10 -2.46848875e-10 -1.70890468e-10 -1.18099752e-10 -8.49005866e-11 8.27143165e-06 4.02908112e-05 9.81921689e-05 1.82370722e-04 2.90168426e-04 4.18728070e-04 5.63587641e-04 7.18389245e-04 8.79393442e-04 1.03794378e-03 1.19045360e-03 1.33268339e-03 1.46155273e-03 1.57207650e-03 1.66781201e-03 1.74607758e-03 1.80674019e-03 1.85238806e-03 1.88502116e-03 1.90669351e-03 1.92127774e-03 1.93013061e-03 1.93494752e-03 1.93736214e-03 1.93806007e-03
2.36878431e-03 2.36793309e-03 2.36503829e-03 2.35890152e-03 2.34773556e-03 2.32929783e-03 2.30088655e-03 2.26075143e-03 2.20514571e-03 2.13125021e-03 2.03605393e-03 1.91952863e-03 1.78236914e-03 1.62703111e-03 1.45243639e-03 1.26814481e-03 1.07397639e-03 8.80055635e-04 6.91500119e-04 5.15357332e-04 3.57730106e-04 2.25473203e-04 1.21986607e-04 5.02871724e-05 1.04738609e-05 -7.63035746e-11 -1.04660558e-10 -1.52916291e-10 -2.25116703e-10 -3.25486638e-10 -4.56880977e-10 -6.18761486e-10 -8.05023437e-10 -1.00233699e-09 -1.18998011e-09 -1.34221223e-09 -1.43386814e-09 -1.44892315e-09 -1.39039963e-09 -1.28856303e-09 -1.20355204e-09 -1.21906912e-09 -1.42587725e-09 -1.89729282e-09 -2.66258171e-09 -3.68661163e-09 -4.86395946e-09 -6.03229322e-09 -7.00403696e-09 -7.60896657e-09 -7.73591702e-09 -7.36111050e-09 -6.55430993e-09 -5.46085649e-09 -4.26522606e-09 -3.14725368e-09 -2.24373320e-09 -1.62535652e-09 -1.29325040e-09 -1.19297888e-09 -1.23913046e-09 -1.34181266e-09 -1.42767315e-09 -1.45134188e-09 -1.39694339e-09 -1.27219696e-09 -1.09890763e-09 -9.03433883e-10 -7.09496573e-10 -5.34237488e-10 -3.87233967e-10 -2.71548117e-10 -1.85747862e-10 -1.26066713e-10 -8.82094398e-11 1.87700598e-06 2.63990815e-05 8.21103651e-05 1.69605261e-04 2.88630884e-04 4.33816675e-04 6.00897471e-04 7.84760833e-04 9.77340066e-04 1.17146320e-03 1.36194285e-03 1.54207836e-03 1.70756035e-03 1.85248592e-03 1.98040608e-03 2.08652465e-03 2.17034403e-03 2.23519711e-03 2.28220108e-03 2.31651441e-03 2.33962678e-03 2.35407151e-03 2.36248997e-03 2.36679391e-03 2.36857643e-03 2.36857643e-03 2.36679391e-03 2.36249001e-03 2.35407151e-03 2.33962678e-03 2.31651441e-03 2.28220108e-03 2.23519711e-03 2.17034403e-03 2.08652465e-03 1.98040608e-03 1.85248592e-03 1.70756035e-03 1.54207836e-03 1.36194285e-03 1.17146320e-03 9.77340066e-04 7.84760833e-04 6.00897471e-04 4.33816675e-04 2.88630884e-04 1.69605261e-04 8.21103651e-05 2.63990815e-05 1.87700598e-06 -8.82093287e-11 -1.26066657e-10 -1.85747751e-10 -2.71548117e-10 -3.87234023e-10 -5.34237488e-10 -7.09496462e-10 -9.03433883e-10 -1.09890780e-09 -1.27219690e-09 -1.39694345e-09 -1.45134171e-09 -1.42767320e-09 -1.34181266e-09 -1.23913046e-09 -1.19297872e-09 -1.29325023e-09 -1.62535652e-09 -2.24373320e-09 -3.14725379e-09 -4.26522595e-09 -5.46085649e-09 -6.55430987e-09 -7.36111050e-09 -7.73591702e-09 -7.60896657e-09 -7.00403696e-09 -6.03229316e-09 -4.86395946e-09 -3.68661157e-09 -2.66258171e-09 -1.89729288e-09 -1.42587742e-09 -1.21906912e-09 -1.20355204e-09 -1.28856303e-09 -1.39039957e-09 -1.44892320e-09 -1.43386819e-09 -1.34221206e-09 -1.18998011e-09 -1.00233699e-09 -8.05023603e-10 -6.18761486e-10 -4.56880977e-10 -3.25486638e-10 -2.25116703e-10 -1.52916402e-10 -1.04660391e-10 -7.63035746e-11 1.04738609e-05 5.02871724e-05 1.21986607e-04 2.25473203e-04 3.57730106e-04 5.15357332e-04 6.91500119e-04 8.80055635e-04 1.07397639e-03 1.26814481e-03 1.45243639e-03 1.62703111e-03 1.78236914e-03 1.91952863e-03 2.03605393e-03 2.13125021e-03 2.20514570e-03 2.26075143e-03 2.30088655e-03 2.32929783e-03 2.34773553e-03 2.35890152e-03 2.36503828e-03 2.36793309e-03 2.36878431e-03
2.87530701e-03 2.87419078e-03 2.87033336e-03 2.86237577e-03 2.84831681e-03 2.82572220e-03 2.79007373e-03 2.73917871e-03 2.67053721e-03 2.58008307e-03 2.46532343e-03 2.32372321e-03 2.15577476e-03 1.96849510e-03 1.75850943e-03 1.53459999e-03 1.30066411e-03 1.06752310e-03 8.40004421e-04 6.27166377e-04 4.36766700e-04 2.75695219e-04 1.49982539e-04 6.21232794e-05 1.29131106e-05 -6.89673318e-11 -9.20596377e-11 -1.35139788e-10 -2.02570738e-10 -2.99460068e-10 -4.30100122e-10 -5.95792027e-10 -7.92291399e-10 -1.00753850e-09 -1.22073229e-09 -1.40401707e-09 -1.52777835e-09 -1.56962238e-09 -1.52555979e-09 -1.42018519e-09 -1.31145533e-09 -1.28588551e-09 -1.44212570e-09 -1.86471716e-09 -2.59423966e-09 -3.60322783e-09 -4.78746132e-09 -5.97868810e-09 -6.97826474e-09 -7.60377711e-09 -7.73532988e-09 -7.34721195e-09 -6.51479470e-09 -5.39441503e-09 -4.18275770e-09 -3.06855286e-09 -2.19103602e-09 -1.61622549e-09 -1.33531203e-09 -1.28212385e-09 -1.36136619e-09 -1.47769474e-09 -1.55755586e-09 -1.55975499e-09 -1.47503332e-09 -1.31801203e-09 -1.11601067e-09 -8.98670582e-10 -6.90740798e-10 -5.08669940e-10 -3.60380614e-10 -2.47023069e-10 -1.65494618e-10 -1.10859988e-10 -7.82287568e-11 2.31705834e-06 3.27280173e-05 1.01310623e-04 2.08307021e-04 3.51930586e-04 5.27861544e-04 7.30321381e-04 9.50926030e-04 1.18391276e-03 1.41923838e-03 1.64671472e-03 1.86626161e-03 2.06507666e-03 2.24302366e-03 2.39770177e-03 2.52634819e-03 2.62823090e-03 2.70714186e-03 2.76670949e-03 2.80964205e-03 2.83837703e-03 2.85627274e-03 2.86695523e-03 2.87267849e-03 2.87503585e-03 2.87503585e-03 2.87267849e-03 2.86695523e-03 2.85627274e-03 2.83837703e-03 2.80964203e-03 2.76670949e-03 2.70714188e-03 2.62823090e-03 2.52634819e-03 2.39770177e-03 2.24302366e-03 2.06507667e-03 1.86626162e-03 1.64671472e-03 1.41923837e-03 1.18391276e-03 9.50926030e-04 7.30321381e-04 5.27861544e-04 3.51930586e-04 2.08307021e-04 1.01310623e-04 3.27280173e-05 2.31705834e-06 -7.82288678e-11 -1.10859988e-10 -1.65494674e-10 -2.47023069e-10 -3.60380614e-10 -5.08669940e-10 -6.90740964e-10 -8.98670582e-10 -1.11601067e-09 -1.31801214e-09 -1.47503337e-09 -1.55975516e-09 -1.55755586e-09 -1.47769474e-09 -1.36136624e-09 -1.28212407e-09 -1.33531197e-09 -1.61622538e-09 -2.19103602e-09 -3.06855269e-09 -4.18275770e-09 -5.39441503e-09 -6.51479470e-09 -7.34721195e-09 -7.73532988e-09 -7.60377711e-09 -6.97826474e-09 -5.97868804e-09 -4.78746132e-09 -3.60322783e-09 -2.59423960e-09 -1.86471727e-09 -1.44212553e-09 -1.28588551e-09 -1.31145544e-09 -1.42018519e-09 -1.52555979e-09 -1.56962232e-09 -1.52777835e-09 -1.40401696e-09 -1.22073229e-09 -1.00753855e-09 -7.92291566e-10 -5.95792138e-10 -4.30100178e-10 -2.99460068e-10 -2.02570793e-10 -1.35139788e-10 -9.20596377e-11 -6.89671653e-11 1.29131106e-05 6.21232794e-05 1.49982539e-04 2.75695219e-04 4.36766700e-04 6.27166377e-04 8.40004421e-04 1.06752310e-03 1.30066411e-03 1.53459999e-03 1.75850943e-03 1.96849510e-03 2.15577476e-03 2.32372321e-03 2.46532343e-03 2.58008307e-03 2.67053721e-03 2.73917871e-03 2.79007373e-03 2.82572222e-03 2.84831681e-03 2.86237579e-03 2.87033333e-03 2.87419078e-03 2.87530701e-03
3.46750155e-03 3.46598574e-03 3.46082256e-03 3.45061651e-03 3.43254605e-03 3.40383177e-03 3.36034779e-03 3.29693682e-03 3.21155329e-03 3.10125783e-03 2.96233345e-03 2.79092442e-03 2.58864562e-03 2.36176853e-03 2.11101721e-03 1.84108782e-03 1.56238531e-03 1.28228354e-03 1.00963932e-03 7.54387768e-04 5.26704360e-04 3.33978576e-04 1.81977128e-04 7.55813830e-05 1.59514355e-05 -6.31592556e-11 -8.06795186e-11 -1.18095866e-10 -1.79905091e-10 -2.71959510e-10 -3.99951294e-10 -5.67134451e-10 -7.71442854e-10 -1.00260600e-09 -1.24038468e-09 -1.45540885e-09 -1.61396352e-09 -1.68717745e-09 -1.66339648e-09 -1.56043678e-09 -1.43279855e-09 -1.36876488e-09 -1.47442081e-09 -1.84583632e-09 -2.53584420e-09 -3.52584273e-09 -4.71380973e-09 -5.92603056e-09 -6.95265723e-09 -7.59859142e-09 -7.73474229e-09 -7.33335437e-09 -6.47572301e-09 -5.32971028e-09 -4.10456924e-09 -2.99777786e-09 -2.15026036e-09 -1.62220926e-09 -1.39375705e-09 -1.38633954e-09 -1.49485591e-09 -1.61929375e-09 -1.68711101e-09 -1.66252501e-09 -1.54379820e-09 -1.35283340e-09 -1.12232434e-09 -8.84692375e-10 -6.65068001e-10 -4.78612316e-10 -3.31170924e-10 -2.21769270e-10 -1.45603307e-10 -9.66645097e-11 -6.96330771e-11 2.89379391e-06 4.00841749e-05 1.22774419e-04 2.52663303e-04 4.25176796e-04 6.36884275e-04 8.79332781e-04 1.14344660e-03 1.42066619e-03 1.70306416e-03 1.97660701e-03 2.23964073e-03 2.47757968e-03 2.69412564e-03 2.88064856e-03 3.03538700e-03 3.15975010e-03 3.25709845e-03 3.33123372e-03 3.38423269e-03 3.41976207e-03 3.44276350e-03 3.45645632e-03 3.46395092e-03 3.46712801e-03 3.46712801e-03 3.46395092e-03 3.45645632e-03 3.44276350e-03 3.41976207e-03 3.38423269e-03 3.33123372e-03 3.25709845e-03 3.15975012e-03 3.03538700e-03 2.88064856e-03 2.69412564e-03 2.47757968e-03 2.23964073e-03 1.97660701e-03 1.70306416e-03 1.42066619e-03 1.14344660e-03 8.79332781e-04 6.36884275e-04 4.25176796e-04 2.52663303e-04 1.22774419e-04 4.00841749e-05 2.89379391e-06 -6.96329661e-11 -9.66644542e-11 -1.45603307e-10 -2.21769381e-10 -3.31170980e-10 -4.78612261e-10 -6.65068001e-10 -8.84692375e-10 -1.12232423e-09 -1.35283340e-09 -1.54379820e-09 -1.66252501e-09 -1.68711106e-09 -1.61929381e-09 -1.49485568e-09 -1.38633960e-09 -1.39375722e-09 -1.62220931e-09 -2.15026036e-09 -2.99777786e-09 -4.10456924e-09 -5.32971034e-09 -6.47572301e-09 -7.33335437e-09 -7.73474229e-09 -7.59859142e-09 -6.95265723e-09 -5.92603056e-09 -4.71380973e-09 -3.52584278e-09 -2.53584420e-09 -1.84583626e-09 -1.47442059e-09 -1.36876488e-09 -1.43279849e-09 -1.56043678e-09 -1.66339642e-09 -1.68717740e-09 -1.61396352e-09 -1.45540902e-09 -1.24038468e-09 -1.00260600e-09 -7.71443021e-10 -5.67134562e-10 -3.99951183e-10 -2.71959510e-10 -1.79904980e-10 -1.18096199e-10 -8.06796296e-11 -6.31593111e-11 1.59514355e-05 7.55813830e-05 1.81977128e-04 3.33978576e-04 5.26704360e-04 7.54387768e-04 1.00963932e-03 1.28228354e-03 1.56238531e-03 1.84108782e-03 2.11101721e-03 2.36176853e-03 2.58864562e-03 2.79092442e-03 2.96233345e-03 3.10125783e-03 3.21155329e-03 3.29693682e-03 3.36034779e-03 3.40383177e-03 3.43254605e-03 3.45061649e-03 3.46082256e-03 3.46598574e-03 3.46750155e-03
4.15603045e-03 4.15408285e-03 4.14750346e-03 4.13408621e-03 4.11098396e-03 4.07439964e-03 4.02019938e-03 3.94238859e-03 3.83726049e-03 3.70253939e-03 3.53398667e-03 3.32846424e-03 3.08577428e-03 2.81241121e-03 2.51362094e-03 2.19046049e-03 1.86085175e-03 1.52730016e-03 1.20241856e-03 8.99774627e-04 6.29282430e-04 4.00345825e-04 2.18732346e-04 9.14344719e-05 1.93825597e-05 -5.91019456e-11 -7.08582082e-11 -1.02287123e-10 -1.57810487e-10 -2.43847276e-10 -3.67388897e-10 -5.33693478e-10 -7.43136330e-10 -9.87734783e-10 -1.24849242e-09 -1.49523194e-09 -1.69063463e-09 -1.79940496e-09 -1.80168291e-09 -1.70742154e-09 -1.56630081e-09 -1.46716217e-09 -1.52288326e-09 -1.84122523e-09 -2.48815368e-09 -3.45516649e-09 -4.64352917e-09 -5.87462573e-09 -6.92734181e-09 -7.59343299e-09 -7.73415720e-09 -7.31960309e-09 -6.43730275e-09 -5.26715560e-09 -4.03128819e-09 -2.93568675e-09 -2.12210555e-09 -1.64368941e-09 -1.46839296e-09 -1.50470958e-09 -1.63798258e-09 -1.76450382e-09 -1.81408533e-09 -1.75762727e-09 -1.60174529e-09 -1.37586137e-09 -1.11774068e-09 -8.61951510e-10 -6.33286756e-10 -4.45016801e-10 -3.00527547e-10 -1.96568706e-10 -1.26669841e-10 -8.38956682e-11 -6.26950714e-11 3.39482849e-06 4.82857741e-05 1.48249551e-04 3.02544343e-04 5.09305727e-04 7.61035963e-04 1.04908863e-03 1.36338162e-03 1.69161245e-03 2.02689483e-03 2.35359532e-03 2.66653778e-03 2.95126314e-03 3.21128411e-03 3.43608467e-03 3.62277294e-03 3.77349154e-03 3.89342220e-03 3.98474629e-03 4.04987260e-03 4.09468764e-03 4.12392521e-03 4.14183031e-03 4.15147650e-03 4.15555455e-03 4.15555455e-03 4.15147651e-03 4.14183031e-03 4.12392519e-03 4.09468764e-03 4.04987260e-03 3.98474627e-03 3.89342220e-03 3.77349152e-03 3.62277296e-03 3.43608467e-03 3.21128413e-03 2.95126315e-03 2.66653780e-03 2.35359532e-03 2.02689483e-03 1.69161247e-03 1.36338162e-03 1.04908864e-03 7.61035963e-04 5.09305722e-04 3.02544343e-04 1.48249553e-04 4.82857737e-05 3.39482849e-06 -6.26952379e-11 -8.38955572e-11 -1.26669897e-10 -1.96568650e-10 -3.00527325e-10 -4.45016801e-10 -6.33286978e-10 -8.61951510e-10 -1.11774090e-09 -1.37586148e-09 -1.60174529e-09 -1.75762727e-09 -1.81408527e-09 -1.76450382e-09 -1.63798264e-09 -1.50470980e-09 -1.46839291e-09 -1.64368918e-09 -2.12210555e-09 -2.93568658e-09 -4.03128819e-09 -5.26715560e-09 -6.43730275e-09 -7.31960309e-09 -7.73415720e-09 -7.59343299e-09 -6.92734187e-09 -5.87462573e-09 -4.64352917e-09 -3.45516649e-09 -2.48815385e-09 -1.84122517e-09 -1.52288332e-09 -1.46716217e-09 -1.56630103e-09 -1.70742154e-09 -1.80168291e-09 -1.79940485e-09 -1.69063469e-09 -1.49523183e-09 -1.24849242e-09 -9.87734894e-10 -7.43135997e-10 -5.33693367e-10 -3.67388953e-10 -2.43847276e-10 -1.57810431e-10 -1.02287123e-10 -7.08580972e-11 -5.91021676e-11 1.93825597e-05 9.14344719e-05 2.18732346e-04 4.00345825e-04 6.29282430e-04 8.99774627e-04 1.20241855e-03 1.52730016e-03 1.86085176e-03 2.19046049e-03 2.51362094e-03 2.81241120e-03 3.08577428e-03 3.32846424e-03 3.53398667e-03 3.70253941e-03 3.83726050e-03 3.94238859e-03 4.02019938e-03 4.07439967e-03 4.11098393e-03 4.13408621e-03 4.14750346e-03 4.15408285e-03 4.15603045e-03
4.95251071e-03 4.94986369e-03 4.94124748e-03 4.92430899e-03 4.89493719e-03 4.84863143e-03 4.78060162e-03 4.68518359e-03 4.55638531e-03 4.39254264e-03 4.18887936e-03 3.94223443e-03 3.65213027e-03 3.32543891e-03 2.97093855e-03 2.58825327e-03 2.19864769e-03 1.80388228e-03 1.42169735e-03 1.06564814e-03 7.45905193e-04 4.75188136e-04 2.60789552e-04 1.09406618e-04 2.30673036e-05 -5.69665426e-11 -6.28776475e-11 -8.81675288e-11 -1.36953560e-10 -2.16004603e-10 -3.33454542e-10 -4.96542363e-10 -7.08279213e-10 -9.63431168e-10 -1.24494220e-09 -1.52262453e-09 -1.75620901e-09 -1.90420296e-09 -1.93814431e-09 -1.85908899e-09 -1.71047548e-09 -1.58032898e-09 -1.58747931e-09 -1.85136795e-09 -2.45189880e-09 -3.39192180e-09 -4.57717320e-09 -5.82480514e-09 -6.90245899e-09 -7.58832808e-09 -7.73357778e-09 -7.30603028e-09 -6.39976272e-09 -5.20719340e-09 -3.96356553e-09 -2.88303292e-09 -2.10721440e-09 -1.68092129e-09 -1.55884383e-09 -1.63610736e-09 -1.78894488e-09 -1.91111382e-09 -1.93624172e-09 -1.84318327e-09 -1.64763891e-09 -1.38661638e-09 -1.10248055e-09 -8.31185287e-10 -5.96415639e-10 -4.08961032e-10 -2.69422151e-10 -1.72198533e-10 -1.09251275e-10 -7.29145078e-11 -5.76328429e-11 4.21437379e-06 5.79800001e-05 1.77153772e-04 3.59852256e-04 6.04766286e-04 9.01531318e-04 1.24085185e-03 1.61170969e-03 1.99884322e-03 2.39443836e-03 2.78192439e-03 3.15228696e-03 3.49173297e-03 3.80159214e-03 4.07112018e-03 4.29631296e-03 4.47877229e-03 4.62520249e-03 4.73690878e-03 4.81752054e-03 4.87418485e-03 4.91146993e-03 4.93404421e-03 4.94640293e-03 4.95185276e-03 4.95185276e-03 4.94640293e-03 4.93404421e-03 4.91146993e-03 4.87418485e-03 4.81752054e-03 4.73690876e-03 4.62520249e-03 4.47877229e-03 4.29631296e-03 4.07112018e-03 3.80159214e-03 3.49173297e-03 3.15228701e-03 2.78192439e-03 2.39443837e-03 1.99884322e-03 1.61170969e-03 1.24085185e-03 9.01531318e-04 6.04766286e-04 3.59852256e-04 1.77153772e-04 5.79800001e-05 4.21437379e-06 -5.76329540e-11 -7.29145078e-11 -1.09251497e-10 -1.72198478e-10 -2.69422096e-10 -4.08960810e-10 -5.96415695e-10 -8.31185287e-10 -1.10248050e-09 -1.38661638e-09 -1.64763891e-09 -1.84318333e-09 -1.93624156e-09 -1.91111382e-09 -1.78894488e-09 -1.63610736e-09 -1.55884394e-09 -1.68092124e-09 -2.10721440e-09 -2.88303292e-09 -3.96356570e-09 -5.20719345e-09 -6.39976266e-09 -7.30603028e-09 -7.73357778e-09 -7.58832808e-09 -6.90245899e-09 -5.82480514e-09 -4.57717320e-09 -3.39192180e-09 -2.45189885e-09 -1.85136795e-09 -1.58747926e-09 -1.58032898e-09 -1.71047554e-09 -1.85908899e-09 -1.93814426e-09 -1.90420302e-09 -1.75620907e-09 -1.52262458e-09 -1.24494220e-09 -9.63431057e-10 -7.08279102e-10 -4.96542363e-10 -3.33454486e-10 -2.16004603e-10 -1.36953338e-10 -8.81674178e-11 -6.28774810e-11 -5.69665426e-11 2.30673036e-05 1.09406618e-04 2.60789552e-04 4.75188136e-04 7.45905193e-04 1.06564814e-03 1.42169735e-03 1.80388228e-03 2.19864769e-03 2.58825331e-03 2.97093855e-03 3.32543891e-03 3.65213027e-03 3.94223443e-03 4.18887930e-03 4.39254270e-03 4.55638529e-03 4.68518359e-03 4.78060162e-03 4.84863143e-03 4.89493719e-03 4.92430902e-03 4.94124756e-03 4.94986369e-03 4.95251071e-03
5.87125838e-03 5.86760961e-03 5.85596234e-03 5.83388506e-03 5.79664706e-03 5.73806954e-03 5.65331000e-03 5.53585177e-03 5.37901059e-03 5.18107675e-03 4.93556194e-03 4.63976004e-03 4.29405884e-03 3.90635958e-03 3.48760164e-03 3.03673795e-03 2.57859672e-03 2.11524895e-03 1.66801531e-03 1.25172531e-03 8.77128320e-04 5.59078595e-04 3.07882680e-04 1.29433271e-04 2.75259430e-05 -5.68652903e-11 -5.69551073e-11 -7.61265495e-11 -1.17952093e-10 -1.89303295e-10 -2.99243019e-10 -4.56892191e-10 -6.68009204e-10 -9.30509780e-10 -1.22997146e-09 -1.53706281e-09 -1.80936516e-09 -1.99960920e-09 -2.07050521e-09 -2.01327166e-09 -1.86364646e-09 -1.70731618e-09 -1.66800973e-09 -1.87665128e-09 -2.42777670e-09 -3.33684452e-09 -4.51532595e-09 -5.77692749e-09 -6.87816354e-09 -7.58330587e-09 -7.73300673e-09 -7.29271643e-09 -6.36335235e-09 -5.15029835e-09 -3.90207833e-09 -2.84056295e-09 -2.10616491e-09 -1.73402986e-09 -1.66454572e-09 -1.77920279e-09 -1.94577965e-09 -2.05684980e-09 -2.05141193e-09 -1.91752003e-09 -1.68054826e-09 -1.38497014e-09 -1.07709786e-09 -7.93403343e-10 -5.55657020e-10 -3.71616293e-10 -2.38847164e-10 -1.49402990e-10 -9.38466527e-11 -6.40175690e-11 -5.46028778e-11 5.04850267e-06 6.91291432e-05 2.09480584e-04 4.25019509e-04 7.11655776e-04 1.05898505e-03 1.45587485e-03 1.89055475e-03 2.34461909e-03 2.80889112e-03 3.26483890e-03 3.70167405e-03 4.10396515e-03 4.47244529e-03 4.79366704e-03 5.06471158e-03 5.28492893e-03 5.46266910e-03 5.59903857e-03 5.69931774e-03 5.77046582e-03 5.81752048e-03 5.84649007e-03 5.86289724e-03 5.87035635e-03 5.87035635e-03 5.86289724e-03 5.84649007e-03 5.81752048e-03 5.77046582e-03 5.69931774e-03 5.59903857e-03 5.46266910e-03 5.28492893e-03 5.06471158e-03 4.79366704e-03 4.47244529e-03 4.10396515e-03 3.70167405e-03 3.26483890e-03 2.80889112e-03 2.34461909e-03 1.89055475e-03 1.45587485e-03 1.05898505e-03 7.11655776e-04 4.25019509e-04 2.09480584e-04 6.91291432e-05 5.04850267e-06 -5.46029333e-11 -6.40176245e-11 -9.38467637e-11 -1.49403157e-10 -2.38847275e-10 -3.71616349e-10 -5.55657076e-10 -7.93403565e-10 -1.07709797e-09 -1.38496992e-09 -1.68054815e-09 -1.91752003e-09 -2.05141171e-09 -2.05684975e-09 -1.94577982e-09 -1.77920279e-09 -1.66454572e-09 -1.73402992e-09 -2.10616491e-09 -2.84056284e-09 -3.90207833e-09 -5.15029830e-09 -6.36335235e-09 -7.29271643e-09 -7.73300673e-09 -7.58330587e-09 -6.87816354e-09 -5.77692760e-09 -4.51532600e-09 -3.33684447e-09 -2.42777670e-09 -1.87665128e-09 -1.66800956e-09 -1.70731618e-09 -1.86364646e-09 -2.01327166e-09 -2.07050521e-09 -1.99960920e-09 -1.80936499e-09 -1.53706298e-09 -1.22997146e-09 -9.30509725e-10 -6.68009148e-10 -4.56892302e-10 -2.99243019e-10 -1.89303295e-10 -1.17952259e-10 -7.61267716e-11 -5.69551628e-11 -5.68653458e-11 2.75259430e-05 1.29433271e-04 3.07882680e-04 5.59078595e-04 8.77128320e-04 1.25172531e-03 1.66801531e-03 2.11524895e-03 2.57859672e-03 3.03673795e-03 3.48760164e-03 3.90635958e-03 4.29405884e-03 4.63976004e-03 4.93556194e-03 5.18107675e-03 5.37901059e-03 5.53585177e-03 5.65331000e-03 5.73806954e-03 5.79664706e-03 5.83388506e-03 5.85596234e-03 5.86760961e-03 5.87125838e-03
6.92702495e-03 6.92202428e-03 6.90621024e-03 6.87739996e-03 6.83003937e-03 6.75653104e-03 6.65082219e-03 6.50665346e-03 6.31698645e-03 6.07816050e-03 5.78261566e-03 5.42890080e-03 5.01834695e-03 4.56158455e-03 4.06815337e-03 3.53953985e-03 3.00414291e-03 2.46367186e-03 1.94330898e-03 1.45883167e-03 1.02389799e-03 6.53556175e-04 3.60762229e-04 1.52124351e-04 3.25601189e-05 -5.88485372e-11 -5.32375255e-11 -6.64786004e-11 -1.01356090e-10 -1.64575076e-10 -2.65866107e-10 -4.16054746e-10 -6.23665342e-10 -8.90082175e-10 -1.20417687e-09 -1.53839141e-09 -1.84909466e-09 -2.08386031e-09 -2.19654828e-09 -2.16772467e-09 -2.02396966e-09 -1.84697724e-09 -1.76410808e-09 -1.91735477e-09 -2.41644527e-09 -3.29068006e-09 -4.45860532e-09 -5.73138365e-09 -6.85462842e-09 -7.57839924e-09 -7.73244802e-09 -7.27975169e-09 -6.32834674e-09 -5.09697912e-09 -3.84752796e-09 -2.80901247e-09 -2.11946399e-09 -1.80299931e-09 -1.78474624e-09 -1.93247662e-09 -2.10639467e-09 -2.19942259e-09 -2.15755708e-09 -1.97922567e-09 -1.69989300e-09 -1.37116585e-09 -1.04248299e-09 -7.49865836e-10 -5.12364484e-10 -3.34210770e-10 -2.09778694e-10 -1.28869304e-10 -8.08787481e-11 -5.74253978e-11 -5.36953260e-11 5.90920724e-06 8.11573130e-05 2.45329561e-04 4.97463419e-04 8.30954625e-04 1.23475546e-03 1.69635223e-03 2.20208339e-03 2.73135676e-03 3.27348386e-03 3.80667347e-03 4.32036492e-03 4.79346700e-03 5.22995990e-03 5.61202179e-03 5.93739635e-03 6.20399185e-03 6.41791740e-03 6.58357212e-03 6.70801138e-03 6.79717972e-03 6.85644625e-03 6.89370993e-03 6.91550141e-03 6.92579409e-03 6.92579409e-03 6.91550141e-03 6.89370993e-03 6.85644625e-03 6.79717972e-03 6.70801120e-03 6.58357212e-03 6.41791740e-03 6.20399185e-03 5.93739635e-03 5.61202179e-03 5.22995990e-03 4.79346700e-03 4.32036503e-03 3.80667347e-03 3.27348386e-03 2.73135669e-03 2.20208339e-03 1.69635223e-03 1.23475546e-03 8.30954625e-04 4.97463419e-04 2.45329561e-04 8.11573130e-05 5.90920724e-06 -5.36953815e-11 -5.74254533e-11 -8.08787481e-11 -1.28869471e-10 -2.09778583e-10 -3.34210826e-10 -5.12364262e-10 -7.49865836e-10 -1.04248304e-09 -1.37116585e-09 -1.69989289e-09 -1.97922589e-09 -2.15755724e-09 -2.19942264e-09 -2.10639473e-09 -1.93247662e-09 -1.78474624e-09 -1.80299925e-09 -2.11946399e-09 -2.80901247e-09 -3.84752796e-09 -5.09697928e-09 -6.32834674e-09 -7.27975169e-09 -7.73244802e-09 -7.57839924e-09 -6.85462842e-09 -5.73138359e-09 -4.45860532e-09 -3.29068017e-09 -2.41644538e-09 -1.91735494e-09 -1.76410808e-09 -1.84697724e-09 -2.02396966e-09 -2.16772467e-09 -2.19654828e-09 -2.08386031e-09 -1.84909471e-09 -1.53839147e-09 -1.20417687e-09 -8.90082064e-10 -6.23665175e-10 -4.16054746e-10 -2.65866051e-10 -1.64575076e-10 -1.01356090e-10 -6.64784339e-11 -5.32375810e-11 -5.88485927e-11 3.25601189e-05 1.52124351e-04 3.60762229e-04 6.53556175e-04 1.02389799e-03 1.45883167e-03 1.94330898e-03 2.46367186e-03 3.00414291e-03 3.53953985e-03 4.06815337e-03 4.56158455e-03 5.01834695e-03 5.42890080e-03 5.78261566e-03 6.07816050e-03 6.31698645e-03 6.50665346e-03 6.65082219e-03 6.75653104e-03 6.83003919e-03 6.87739996e-03 6.90621024e-03 6.92202428e-03 6.92702495e-03
8.13743777e-03 8.13097754e-03 8.11028607e-03 8.07206022e-03 8.01086020e-03 7.91926361e-03 7.78808036e-03 7.61295219e-03 7.38364849e-03 7.09390844e-03 6.73882468e-03 6.31727841e-03 5.83186500e-03 5.29710843e-03 4.71693390e-03 4.10053758e-03 3.47827876e-03 2.85172536e-03 2.24886610e-03 1.68895567e-03 1.18642176e-03 7.58418990e-04 4.19265919e-04 1.76999534e-04 3.82079325e-05 -6.29009067e-11 -5.17940135e-11 -5.94490013e-11 -8.76255735e-11 -1.42582612e-10 -2.34415043e-10 -3.75401599e-10 -5.76749759e-10 -8.43532799e-10 -1.16851528e-09 -1.52684926e-09 -1.87474913e-09 -2.15545232e-09 -2.31417141e-09 -2.32017172e-09 -2.18946133e-09 -1.99797950e-09 -1.87523702e-09 -1.97364619e-09 -2.41852016e-09 -3.25418598e-09 -4.40766534e-09 -5.68859859e-09 -6.83204476e-09 -7.57364516e-09 -7.73190534e-09 -7.26723687e-09 -6.29504854e-09 -5.04778364e-09 -3.80064397e-09 -2.78910456e-09 -2.14754142e-09 -1.88766808e-09 -1.91850758e-09 -2.09423723e-09 -2.26860475e-09 -2.33658459e-09 -2.25282948e-09 -2.02720574e-09 -1.70547804e-09 -1.34583322e-09 -9.99845540e-10 -7.02052527e-10 -4.67999250e-10 -2.97987302e-10 -1.83144055e-10 -1.11202714e-10 -7.06814607e-11 -5.32755506e-11 -5.49280066e-11 6.82173163e-06 9.44988356e-05 2.85263309e-04 5.77455944e-04 9.63104709e-04 1.42999971e-03 1.96347044e-03 2.54833494e-03 3.16157500e-03 3.79207489e-03 4.41193659e-03 5.01309748e-03 5.56798465e-03 6.08088456e-03 6.53532590e-03 6.92501185e-03 7.24667995e-03 7.50588037e-03 7.70576810e-03 7.85872978e-03 7.96950424e-03 8.04480218e-03 8.09366097e-03 8.12255879e-03 8.13584567e-03 8.13584567e-03 8.12255879e-03 8.09366097e-03 8.04480218e-03 7.96950404e-03 7.85872978e-03 7.70576810e-03 7.50588055e-03 7.24667995e-03 6.92501185e-03 6.53532590e-03 6.08088456e-03 5.56798465e-03 5.01309748e-03 4.41193659e-03 3.79207489e-03 3.16157500e-03 2.54833494e-03 1.96347039e-03 1.42999971e-03 9.63104709e-04 5.77455944e-04 2.85263309e-04 9.44988356e-05 6.82173163e-06 -5.49281176e-11 -5.32757172e-11 -7.06814607e-11 -1.11202714e-10 -1.83144222e-10 -2.97987413e-10 -4.67999417e-10 -7.02052527e-10 -9.99845651e-10 -1.34583322e-09 -1.70547804e-09 -2.02720563e-09 -2.25282959e-09 -2.33658481e-09 -2.26860480e-09 -2.09423734e-09 -1.91850769e-09 -1.88766808e-09 -2.14754142e-09 -2.78910456e-09 -3.80064424e-09 -5.04778364e-09 -6.29504848e-09 -7.26723687e-09 -7.73190534e-09 -7.57364516e-09 -6.83204482e-09 -5.68859859e-09 -4.40766534e-09 -3.25418592e-09 -2.41852027e-09 -1.97364619e-09 -1.87523702e-09 -1.99797950e-09 -2.18946145e-09 -2.32017172e-09 -2.31417141e-09 -2.15545237e-09 -1.87474913e-09 -1.52684926e-09 -1.16851528e-09 -8.43532799e-10 -5.76749815e-10 -3.75401599e-10 -2.34415154e-10 -1.42582612e-10 -8.76256845e-11 -5.94488903e-11 -5.17939025e-11 -6.29010177e-11 3.82079325e-05 1.76999534e-04 4.19265919e-04 7.58418990e-04 1.18642176e-03 1.68895567e-03 2.24886610e-03 2.85172536e-03 3.47827876e-03 4.10053758e-03 4.71693390e-03 5.29710846e-03 5.83186500e-03 6.31727841e-03 6.73882468e-03 7.09390844e-03 7.38364831e-03 7.61295219e-03 7.78808036e-03 7.91926361e-03 8.01086020e-03 8.07206022e-03 8.11028627e-03 8.13097754e-03 8.13743777e-03
9.52378024e-03 9.51513882e-03 9.48811260e-03 9.43882722e-03 9.36142850e-03 9.24745573e-03 9.08537859e-03 8.86992945e-03 8.59060023e-03 8.24013001e-03 7.81377185e-03 7.31352954e-03 6.74252147e-03 6.11915380e-03 5.44002128e-03 4.72474549e-03 4.00383969e-03 3.28179936e-03 2.58632197e-03 1.94293282e-03 1.36562847e-03 8.74044973e-04 4.83875022e-04 2.04574072e-04 4.43852653e-05 -6.89375224e-11 -5.26150790e-11 -5.51698687e-11 -7.71181452e-11 -1.23993593e-10 -2.05922945e-10 -3.36317862e-10 -5.28884270e-10 -7.92484967e-10 -1.12429016e-09 -1.50308466e-09 -1.88608013e-09 -2.21319685e-09 -2.42144671e-09 -2.46835707e-09 -2.35803133e-09 -2.15881835e-09 -2.00068878e-09 -2.04557604e-09 -2.43457093e-09 -3.22813298e-09 -4.36320180e-09 -5.64903890e-09 -6.81062662e-09 -7.56908530e-09 -7.73138398e-09 -7.25528537e-09 -6.26379326e-09 -5.00330272e-09 -3.76218778e-09 -2.78154877e-09 -2.19074481e-09 -1.98772793e-09 -2.06471340e-09 -2.26264546e-09 -2.43017656e-09 -2.46618354e-09 -2.33563124e-09 -2.06073175e-09 -1.69752368e-09 -1.30998729e-09 -9.50692913e-10 -6.51621757e-10 -4.24087543e-10 -2.64162858e-10 -1.59790126e-10 -9.69055947e-11 -6.34891029e-11 -5.16202081e-11 -5.82479065e-11 7.92536956e-06 1.09301537e-04 3.29423905e-04 6.65833278e-04 1.10904078e-03 1.64568324e-03 2.25870212e-03 2.93128092e-03 3.63798333e-03 4.36782358e-03 5.08472682e-03 5.78577586e-03 6.43733073e-03 7.03544120e-03 7.57291365e-03 8.03723063e-03 8.42328809e-03 8.73965703e-03 8.98423939e-03 9.17288165e-03 9.30966745e-03 9.40410826e-03 9.46666292e-03 9.50408275e-03 9.52164420e-03 9.52164420e-03 9.50408275e-03 9.46666292e-03 9.40410826e-03 9.30966745e-03 9.17288165e-03 8.98423939e-03 8.73965703e-03 8.42328797e-03 8.03723051e-03 7.57291365e-03 7.03544120e-03 6.43733073e-03 5.78577594e-03 5.08472682e-03 4.36782358e-03 3.63798333e-03 2.93128092e-03 2.25870212e-03 1.64568324e-03 1.10904078e-03 6.65833278e-04 3.29423905e-04 1.09301537e-04 7.92536956e-06 -5.82477955e-11 -5.16203746e-11 -6.34891029e-11 -9.69056502e-11 -1.59790015e-10 -2.64162914e-10 -4.24087376e-10 -6.51621757e-10 -9.50692747e-10 -1.30998712e-09 -1.69752334e-09 -2.06073175e-09 -2.33563119e-09 -2.46618354e-09 -2.43017650e-09 -2.26264535e-09 -2.06471329e-09 -1.98772793e-09 -2.19074481e-09 -2.78154899e-09 -3.76218778e-09 -5.00330277e-09 -6.26379348e-09 -7.25528537e-09 -7.73138437e-09 -7.56908530e-09 -6.81062667e-09 -5.64903896e-09 -4.36320180e-09 -3.22813276e-09 -2.43457088e-09 -2.04557626e-09 -2.00068884e-09 -2.15881835e-09 -2.35803133e-09 -2.46835707e-09 -2.42144682e-09 -2.21319690e-09 -1.88608024e-09 -1.50308455e-09 -1.12429016e-09 -7.92485078e-10 -5.28884381e-10 -3.36317862e-10 -2.05922834e-10 -1.23993593e-10 -7.71183117e-11 -5.51696466e-11 -5.26151345e-11 -6.89374113e-11 4.43852653e-05 2.04574072e-04 4.83875022e-04 8.74044973e-04 1.36562847e-03 1.94293282e-03 2.58632197e-03 3.28179936e-03 4.00383969e-03 4.72474556e-03 5.44002128e-03 6.11915380e-03 6.74252147e-03 7.31352954e-03 7.81377185e-03 8.24013013e-03 8.59060023e-03 8.86992945e-03 9.08537859e-03 9.24745573e-03 9.36142836e-03 9.43882736e-03 9.48811260e-03 9.51513882e-03 9.52378024e-03
1.11137210e-02 1.11023770e-02 1.10665876e-02 1.10024581e-02 1.09019796e-02 1.07566429e-02 1.05563485e-02 1.02914951e-02 9.95016014e-03 9.52887300e-03 9.01953025e-03 8.42761184e-03 7.76336590e-03 7.03262347e-03 6.24116073e-03 5.41918097e-03 4.58340763e-03 3.75708169e-03 2.95770759e-03 2.22211566e-03 1.56232462e-03 1.00079260e-03 5.55015097e-04 2.35018787e-04 5.11005370e-05 -7.68033415e-11 -5.56116819e-11 -5.36755640e-11 -7.00765002e-11 -1.09355969e-10 -1.81327398e-10 -3.00156622e-10 -4.81758522e-10 -7.38759498e-10 -1.07312925e-09 -1.46815826e-09 -1.88327254e-09 -2.25627594e-09 -2.51668730e-09 -2.61010130e-09 -2.52752275e-09 -2.32783515e-09 -2.13959112e-09 -2.13307583e-09 -2.46512105e-09 -3.21330773e-09 -4.32596009e-09 -5.61321745e-09 -6.79061440e-09 -7.56476726e-09 -7.73088937e-09 -7.24402494e-09 -6.23495455e-09 -4.96418057e-09 -3.73295805e-09 -2.78704282e-09 -2.24933894e-09 -2.10272194e-09 -2.22207830e-09 -2.43574272e-09 -2.58887523e-09 -2.58622718e-09 -2.40467601e-09 -2.07948836e-09 -1.67668235e-09 -1.26501637e-09 -8.96794194e-10 -6.00363925e-10 -3.82167797e-10 -2.33884967e-10 -1.40452094e-10 -8.63616956e-11 -5.94271299e-11 -5.24229549e-11 -6.35268504e-11 9.20540602e-06 1.25712592e-04 3.78150022e-04 7.62915451e-04 1.26957397e-03 1.88300798e-03 2.58405588e-03 3.35280623e-03 4.16339747e-03 5.00393099e-03 5.83136140e-03 6.64343586e-03 7.40651076e-03 8.10255410e-03 8.73459892e-03 9.28488356e-03 9.74928113e-03 1.01311249e-02 1.04324836e-02 1.06642448e-02 1.08353111e-02 1.09571716e-02 1.10385504e-02 1.10877855e-02 1.11109150e-02 1.11109150e-02 1.10877855e-02 1.10385504e-02 1.09571717e-02 1.08353111e-02 1.06642448e-02 1.04324835e-02 1.01311250e-02 9.74928113e-03 9.28488360e-03 8.73459887e-03 8.10255410e-03 7.40651076e-03 6.64343589e-03 5.83136140e-03 5.00393096e-03 4.16339746e-03 3.35280624e-03 2.58405588e-03 1.88300797e-03 1.26957397e-03 7.62915451e-04 3.78150022e-04 1.25712592e-04 9.20540602e-06 -6.35267394e-11 -5.24230104e-11 -5.94271299e-11 -8.63616401e-11 -1.40451983e-10 -2.33885022e-10 -3.82167797e-10 -6.00363981e-10 -8.96794305e-10 -1.26501665e-09 -1.67668235e-09 -2.07948836e-09 -2.40467590e-09 -2.58622718e-09 -2.58887523e-09 -2.43574289e-09 -2.22207847e-09 -2.10272222e-09 -2.24933894e-09 -2.78704293e-09 -3.73295800e-09 -4.96418051e-09 -6.23495455e-09 -7.24402494e-09 -7.73088937e-09 -7.56476726e-09 -6.79061440e-09 -5.61321745e-09 -4.32596009e-09 -3.21330806e-09 -2.46512100e-09 -2.13307572e-09 -2.13959123e-09 -2.32783515e-09 -2.52752280e-09 -2.61010130e-09 -2.51668714e-09 -2.25627583e-09 -1.88327243e-09 -1.46815826e-09 -1.07312925e-09 -7.38759498e-10 -4.81758522e-10 -3.00156622e-10 -1.81327398e-10 -1.09355969e-10 -7.00765002e-11 -5.36753419e-11 -5.56115709e-11 -7.68031194e-11 5.11005368e-05 2.35018788e-04 5.55015097e-04 1.00079260e-03 1.56232462e-03 2.22211566e-03 2.95770760e-03 3.75708169e-03 4.58340763e-03 5.41918097e-03 6.24116076e-03 7.03262347e-03 7.76336590e-03 8.42761184e-03 9.01953030e-03 9.52887300e-03 9.95016014e-03 1.02914950e-02 1.05563485e-02 1.07566428e-02 1.09019797e-02 1.10024581e-02 1.10665876e-02 1.11023770e-02 1.11137210e-02
1.29216715e-02 1.29067419e-02 1.28601018e-02 1.27767056e-02 1.26491457e-02 1.24673407e-02 1.22192985e-02 1.18918332e-02 1.14805925e-02 1.09728250e-02 1.03684430e-02 9.67518424e-03 8.90102124e-03 8.04564787e-03 7.12652290e-03 6.18514246e-03 5.22154471e-03 4.27832834e-03 3.36701773e-03 2.52734224e-03 1.77681443e-03 1.13939402e-03 6.32977542e-04 2.68499322e-04 5.85143327e-05 -8.62704352e-11 -6.06176775e-11 -5.49033041e-11 -6.66215971e-11 -9.90831861e-11 -1.61441416e-10 -2.68193523e-10 -4.37079761e-10 -6.84323542e-10 -1.01694764e-09 -1.42353673e-09 -1.86696841e-09 -2.28429287e-09 -2.59850796e-09 -2.74336365e-09 -2.69575628e-09 -2.50324506e-09 -2.29091490e-09 -2.23595931e-09 -2.51064863e-09 -3.21052174e-09 -4.29674352e-09 -5.58170515e-09 -6.77228040e-09 -7.56074570e-09 -7.73042697e-09 -7.23360200e-09 -6.20895130e-09 -4.93112262e-09 -3.71379882e-09 -2.80627710e-09 -2.32350539e-09 -2.23205066e-09 -2.38916636e-09 -2.61148819e-09 -2.74252066e-09 -2.69494549e-09 -2.45904791e-09 -2.08360973e-09 -1.64404751e-09 -1.21266441e-09 -8.40137959e-10 -5.50145263e-10 -3.43743589e-10 -2.08194684e-10 -1.25730537e-10 -7.98235367e-11 -5.85133053e-11 -5.55615554e-11 -7.05651648e-11 1.05982625e-05 1.43802065e-04 4.31758436e-04 8.69252077e-04 1.44532553e-03 2.14308048e-03 2.94033462e-03 3.81572116e-03 4.74443266e-03 5.70475911e-03 6.65903191e-03 7.59330158e-03 8.48209685e-03 9.29884733e-03 1.00327993e-02 1.06833462e-02 1.12376778e-02 1.16976810e-02 1.20658763e-02 1.23530581e-02 1.25653187e-02 1.27189497e-02 1.28233188e-02 1.28876112e-02 1.29179742e-02 1.29179742e-02 1.28876112e-02 1.28233188e-02 1.27189497e-02 1.25653187e-02 1.23530581e-02 1.20658762e-02 1.16976810e-02 1.12376778e-02 1.06833462e-02 1.00327993e-02 9.29884733e-03 8.48209685e-03 7.59330158e-03 6.65903191e-03 5.70475911e-03 4.74443266e-03 3.81572116e-03 2.94033462e-03 2.14308048e-03 1.44532552e-03 8.69252077e-04 4.31758436e-04 1.43802065e-04 1.05982625e-05 -7.05651648e-11 -5.55613333e-11 -5.85132498e-11 -7.98233701e-11 -1.25730537e-10 -2.08194351e-10 -3.43743700e-10 -5.50145485e-10 -8.40137959e-10 -1.21266441e-09 -1.64404768e-09 -2.08360951e-09 -2.45904797e-09 -2.69494549e-09 -2.74252066e-09 -2.61148830e-09 -2.38916631e-09 -2.23205077e-09 -2.32350539e-09 -2.80627688e-09 -3.71379882e-09 -4.93112262e-09 -6.20895130e-09 -7.23360200e-09 -7.73042697e-09 -7.56074570e-09 -6.77228046e-09 -5.58170521e-09 -4.29674352e-09 -3.21052174e-09 -2.51064874e-09 -2.23595931e-09 -2.29091474e-09 -2.50324506e-09 -2.69575640e-09 -2.74336365e-09 -2.59850791e-09 -2.28429275e-09 -1.86696830e-09 -1.42353690e-09 -1.01694764e-09 -6.84323487e-10 -4.37079761e-10 -2.68193523e-10 -1.61441416e-10 -9.90831861e-11 -6.66214306e-11 -5.49034151e-11 -6.06175665e-11 -8.62705463e-11 5.85143327e-05 2.68499322e-04 6.32977542e-04 1.13939402e-03 1.77681443e-03 2.52734224e-03 3.36701773e-03 4.27832834e-03 5.22154471e-03 6.18514246e-03 7.12652290e-03 8.04564787e-03 8.90102124e-03 9.67518425e-03 1.03684430e-02 1.09728250e-02 1.14805925e-02 1.18918332e-02 1.22192985e-02 1.24673407e-02 1.26491457e-02 1.27767056e-02 1.28601018e-02 1.29067419e-02 1.29216715e-02
1.49774757e-02 1.49580931e-02 1.48981288e-02 1.47911700e-02 1.46298150e-02 1.44017731e-02 1.40940719e-02 1.36957009e-02 1.31982476e-02 1.25920262e-02 1.18823632e-02 1.10739870e-02 1.01622409e-02 9.16542753e-03 8.11186863e-03 7.02663222e-03 5.92126033e-03 4.84807880e-03 3.81729979e-03 2.86075048e-03 2.01150643e-03 1.29111036e-03 7.17940711e-04 3.05305119e-04 6.66457460e-05 -9.70395986e-11 -6.73945899e-11 -5.86996007e-11 -6.67537692e-11 -9.34416988e-11 -1.46924584e-10 -2.41584530e-10 -3.96515487e-10 -6.31233565e-10 -9.57906754e-10 -1.37107242e-09 -1.83828025e-09 -2.29731634e-09 -2.66588956e-09 -2.86630547e-09 -2.86058399e-09 -2.68316747e-09 -2.45348802e-09 -2.35392761e-09 -2.57159422e-09 -3.22061899e-09 -4.27642965e-09 -5.55514201e-09 -6.75593514e-09 -7.55708240e-09 -7.73000430e-09 -7.22418420e-09 -6.18625923e-09 -4.90491098e-09 -3.70561437e-09 -2.83994123e-09 -2.41334702e-09 -2.37497788e-09 -2.56441074e-09 -2.78779788e-09 -2.88904661e-09 -2.79085843e-09 -2.49825799e-09 -2.07371054e-09 -1.60115265e-09 -1.15499321e-09 -7.82877818e-10 -5.02854758e-10 -3.10232173e-10 -1.87990512e-10 -1.16073540e-10 -7.74085240e-11 -6.06589778e-11 -6.08337269e-11 -7.90947308e-11 1.20691968e-05 1.63696033e-04 4.90592272e-04 9.84892938e-04 1.63714471e-03 2.42586366e-03 3.32821898e-03 4.32118785e-03 5.38254845e-03 6.47370468e-03 7.57368806e-03 8.64182301e-03 9.67264383e-03 1.06293042e-02 1.14916616e-02 1.22507072e-02 1.29077016e-02 1.34598661e-02 1.39067102e-02 1.42592062e-02 1.45248210e-02 1.47178669e-02 1.48510225e-02 1.49334849e-02 1.49726615e-02 1.49726615e-02 1.49334849e-02 1.48510224e-02 1.47178669e-02 1.45248210e-02 1.42592062e-02 1.39067102e-02 1.34598661e-02 1.29077016e-02 1.22507072e-02 1.14916616e-02 1.06293042e-02 9.67264383e-03 8.64182300e-03 7.57368806e-03 6.47370468e-03 5.38254845e-03 4.32118785e-03 3.32821898e-03 2.42586366e-03 1.63714471e-03 9.84892938e-04 4.90592272e-04 1.63696033e-04 1.20691968e-05 -7.90947308e-11 -6.08335049e-11 -6.06590334e-11 -7.74085795e-11 -1.16073595e-10 -1.87990512e-10 -3.10232173e-10 -5.02854980e-10 -7.82877874e-10 -1.15499332e-09 -1.60115277e-09 -2.07371054e-09 -2.49825788e-09 -2.79085843e-09 -2.88904661e-09 -2.78779788e-09 -2.56441079e-09 -2.37497771e-09 -2.41334702e-09 -2.83994106e-09 -3.70561448e-09 -4.90491103e-09 -6.18625917e-09 -7.22418420e-09 -7.73000430e-09 -7.55708240e-09 -6.75593514e-09 -5.55514201e-09 -4.27642965e-09 -3.22061888e-09 -2.57159422e-09 -2.35392755e-09 -2.45348786e-09 -2.68316747e-09 -2.86058399e-09 -2.86630547e-09 -2.66588956e-09 -2.29731639e-09 -1.83828019e-09 -1.37107237e-09 -9.57906754e-10 -6.31233621e-10 -3.96515376e-10 -2.41584530e-10 -1.46924473e-10 -9.34416988e-11 -6.67538247e-11 -5.86996007e-11 -6.73944234e-11 -9.70397096e-11 6.66457460e-05 3.05305119e-04 7.17940711e-04 1.29111036e-03 2.01150643e-03 2.86075048e-03 3.81729979e-03 4.84807880e-03 5.92126033e-03 7.02663222e-03 8.11186863e-03 9.16542753e-03 1.01622409e-02 1.10739870e-02 1.18823632e-02 1.25920262e-02 1.31982476e-02 1.36957009e-02 1.40940719e-02 1.44017731e-02 1.46298150e-02 1.47911700e-02 1.48981288e-02 1.49580931e-02 1.49774757e-02
1.73173073e-02 1.72922300e-02 1.72145285e-02 1.70794059e-02 1.68766333e-02 1.65913712e-02 1.62135216e-02 1.57305762e-02 1.51347709e-02 1.44203469e-02 1.35812410e-02 1.26261146e-02 1.15596747e-02 1.04048986e-02 9.20078183e-03 7.94905433e-03 6.69800930e-03 5.47016304e-03 4.30635099e-03 3.22773975e-03 2.26906898e-03 1.45755535e-03 8.09744315e-04 3.45554992e-04 7.54958633e-05 -1.08738685e-10 -7.56398277e-11 -6.48277543e-11 -7.03596625e-11 -9.25483579e-11 -1.38268064e-10 -2.21330065e-10 -3.61644714e-10 -5.81580117e-10 -8.98360664e-10 -1.31297628e-09 -1.79879778e-09 -2.29592101e-09 -2.71824402e-09 -2.97736102e-09 -3.01994535e-09 -2.86566260e-09 -2.62601474e-09 -2.48657905e-09 -2.64836891e-09 -3.24449578e-09 -4.26598923e-09 -5.53425572e-09 -6.74193873e-09 -7.55385138e-09 -7.72962960e-09 -7.21596682e-09 -6.16742352e-09 -4.88642393e-09 -3.70938719e-09 -2.88874036e-09 -2.51889787e-09 -2.53064403e-09 -2.74614281e-09 -2.96259650e-09 -3.02656661e-09 -2.87284441e-09 -2.52229726e-09 -2.05091022e-09 -1.54995561e-09 -1.09434400e-09 -7.27278182e-10 -4.60345428e-10 -2.82922019e-10 -1.74004589e-10 -1.11766041e-10 -7.91027244e-11 -6.56787402e-11 -6.79665768e-11 -8.87813711e-11 1.36191632e-05 1.85447795e-04 5.54621661e-04 1.11009362e-03 1.84500046e-03 2.73357108e-03 3.75037000e-03 4.87544456e-03 6.08089865e-03 7.31694713e-03 8.57858622e-03 9.80764101e-03 1.09880852e-02 1.21018679e-02 1.31186522e-02 1.40178491e-02 1.47920531e-02 1.54467629e-02 1.59847439e-02 1.64148195e-02 1.67454435e-02 1.69870660e-02 1.71545180e-02 1.72603383e-02 1.73110736e-02 1.73110736e-02 1.72603383e-02 1.71545180e-02 1.69870660e-02 1.67454435e-02 1.64148195e-02 1.59847439e-02 1.54467629e-02 1.47920531e-02 1.40178491e-02 1.31186522e-02 1.21018679e-02 1.09880852e-02 9.80764101e-03 8.57858622e-03 7.31694713e-03 6.08089865e-03 4.87544456e-03 3.75037000e-03 2.73357108e-03 1.84500046e-03 1.11009362e-03 5.54621657e-04 1.85447795e-04 1.36191632e-05 -8.87814267e-11 -6.79666323e-11 -6.56787402e-11 -7.91029464e-11 -1.11766207e-10 -1.74004755e-10 -2.82921908e-10 -4.60345317e-10 -7.27278127e-10 -1.09434400e-09 -1.54995566e-09 -2.05091022e-09 -2.52229737e-09 -2.87284435e-09 -3.02656666e-09 -2.96259650e-09 -2.74614298e-09 -2.53064403e-09 -2.51889787e-09 -2.88874019e-09 -3.70938713e-09 -4.88642393e-09 -6.16742352e-09 -7.21596682e-09 -7.72962960e-09 -7.55385138e-09 -6.74193873e-09 -5.53425572e-09 -4.26598923e-09 -3.24449589e-09 -2.64836875e-09 -2.48657905e-09 -2.62601485e-09 -2.86566254e-09 -3.01994529e-09 -2.97736102e-09 -2.71824407e-09 -2.29592106e-09 -1.79879767e-09 -1.31297628e-09 -8.98360664e-10 -5.81580228e-10 -3.61644659e-10 -2.21330121e-10 -1.38268064e-10 -9.25483579e-11 -7.03598291e-11 -6.48278098e-11 -7.56398277e-11 -1.08738574e-10 7.54958633e-05 3.45554992e-04 8.09744315e-04 1.45755535e-03 2.26906898e-03 3.22773975e-03 4.30635102e-03 5.47016304e-03 6.69800930e-03 7.94905433e-03 9.20078183e-03 1.04048986e-02 1.15596747e-02 1.26261145e-02 1.35812410e-02 1.44203469e-02 1.51347709e-02 1.57305762e-02 1.62135216e-02 1.65913712e-02 1.68766335e-02 1.70794059e-02 1.72145285e-02 1.72922300e-02 1.73173073e-02
2.00031423e-02 1.99710472e-02 1.98723729e-02 1.97005121e-02 1.94449468e-02 1.90908627e-02 1.86295909e-02 1.80456830e-02 1.73252467e-02 1.64699156e-02 1.54732690e-02 1.43472376e-02 1.31056137e-02 1.17858220e-02 1.03955803e-02 8.96197916e-03 7.54514464e-03 6.14985455e-03 4.83896040e-03 3.62622490e-03 2.54961128e-03 1.63734419e-03 9.09602954e-04 3.88970708e-04 8.50659087e-05 -1.20925436e-10 -8.49964543e-11 -7.29851179e-11 -7.72262254e-11 -9.63794600e-11 -1.35787825e-10 -2.08251638e-10 -3.33913175e-10 -5.37428324e-10 -8.40803205e-10 -1.25178262e-09 -1.75058462e-09 -2.28122216e-09 -2.75547618e-09 -3.07531278e-09 -3.17193621e-09 -3.04877962e-09 -2.80710311e-09 -2.63342659e-09 -2.74137535e-09 -3.28312666e-09 -4.26651853e-09 -5.51988633e-09 -6.73071276e-09 -7.55113866e-09 -7.72931280e-09 -7.20917959e-09 -6.15308016e-09 -4.87666552e-09 -3.72620823e-09 -2.95341507e-09 -2.64013983e-09 -2.69808859e-09 -2.93262747e-09 -3.13387294e-09 -3.15344717e-09 -2.94021263e-09 -2.53168964e-09 -2.01684841e-09 -1.49282192e-09 -1.03329023e-09 -6.75655865e-10 -4.24384028e-10 -2.62937450e-10 -1.66785918e-10 -1.12933662e-10 -8.47706905e-11 -7.33060279e-11 -7.66308128e-11 -9.92341209e-11 1.53913111e-05 2.09091747e-04 6.23663880e-04 1.24620959e-03 2.06994319e-03 3.06747985e-03 4.21182544e-03 5.48575543e-03 6.84251283e-03 8.24961942e-03 9.68031630e-03 1.10978324e-02 1.24510639e-02 1.37392581e-02 1.49264550e-02 1.59876590e-02 1.69165356e-02 1.77009151e-02 1.83548672e-02 1.88740032e-02 1.92810859e-02 1.95844089e-02 1.97959341e-02 1.99304063e-02 1.99951380e-02 1.99951380e-02 1.99304063e-02 1.97959341e-02 1.95844089e-02 1.92810862e-02 1.88740032e-02 1.83548672e-02 1.77009151e-02 1.69165356e-02 1.59876590e-02 1.49264550e-02 1.37392581e-02 1.24510639e-02 1.10978322e-02 9.68031630e-03 8.24961942e-03 6.84251283e-03 5.48575543e-03 4.21182538e-03 3.06747985e-03 2.06994322e-03 1.24620959e-03 6.23663880e-04 2.09091747e-04 1.53913111e-05 -9.92342875e-11 -7.66308128e-11 -7.33059169e-11 -8.47707460e-11 -1.12933440e-10 -1.66785807e-10 -2.62937228e-10 -4.24384139e-10 -6.75655976e-10 -1.03329012e-09 -1.49282176e-09 -2.01684830e-09 -2.53168964e-09 -2.94021263e-09 -3.15344728e-09 -3.13387283e-09 -2.93262759e-09 -2.69808864e-09 -2.64013983e-09 -2.95341490e-09 -3.72620823e-09 -4.87666552e-09 -6.15308016e-09 -7.20917959e-09 -7.72931280e-09 -7.55113866e-09 -6.73071276e-09 -5.51988644e-09 -4.26651853e-09 -3.28312671e-09 -2.74137546e-09 -2.63342659e-09 -2.80710283e-09 -3.04877945e-09 -3.17193610e-09 -3.07531278e-09 -2.75547618e-09 -2.28122216e-09 -1.75058451e-09 -1.25178257e-09 -8.40803205e-10 -5.37428380e-10 -3.33913286e-10 -2.08251527e-10 -1.35787770e-10 -9.63794600e-11 -7.72260034e-11 -7.29852845e-11 -8.49963433e-11 -1.20925381e-10 8.50659087e-05 3.88970708e-04 9.09602954e-04 1.63734419e-03 2.54961128e-03 3.62622490e-03 4.83896040e-03 6.14985455e-03 7.54514464e-03 8.96197916e-03 1.03955803e-02 1.17858220e-02 1.31056137e-02 1.43472376e-02 1.54732690e-02 1.64699156e-02 1.73252467e-02 1.80456830e-02 1.86295909e-02 1.90908627e-02 1.94449468e-02 1.97005121e-02 1.98723729e-02 1.99710472e-02 2.00031423e-02
2.30814751e-02 2.30400013e-02 2.29138468e-02 2.26963730e-02 2.23752991e-02 2.19368242e-02 2.13642203e-02 2.06523708e-02 1.97834124e-02 1.87602232e-02 1.75826445e-02 1.62654670e-02 1.48402657e-02 1.33106785e-02 1.17097688e-02 1.00842601e-02 8.46958443e-03 6.90198092e-03 5.41767462e-03 4.05954889e-03 2.85227875e-03 1.83236093e-03 1.01762677e-03 4.35839876e-04 9.55162168e-05 -1.33091704e-10 -9.50679535e-11 -8.28231372e-11 -8.70626904e-11 -1.04787901e-10 -1.39631029e-10 -2.02979300e-10 -3.14601623e-10 -5.00771979e-10 -7.87817034e-10 -1.19031207e-09 -1.69617453e-09 -2.25491104e-09 -2.77805523e-09 -3.15937410e-09 -3.31488520e-09 -3.23061394e-09 -2.99530112e-09 -2.79392498e-09 -2.85104029e-09 -3.33760325e-09 -4.27928087e-09 -5.51302332e-09 -6.72276079e-09 -7.54904861e-09 -7.72906544e-09 -7.20409926e-09 -6.14398243e-09 -4.87680657e-09 -3.75731957e-09 -3.03478065e-09 -2.77703138e-09 -2.87627872e-09 -3.12210979e-09 -3.29974797e-09 -3.26839145e-09 -2.99278236e-09 -2.52754279e-09 -1.97370142e-09 -1.43250045e-09 -9.74589964e-10 -6.30328179e-10 -3.96610467e-10 -2.51217602e-10 -1.66698766e-10 -1.19553645e-10 -9.41797196e-11 -8.32154345e-11 -8.64565086e-11 -1.10013221e-10 1.74240739e-05 2.34989163e-04 6.97811559e-04 1.39740428e-03 2.31519131e-03 3.42972184e-03 4.72064492e-03 6.14852077e-03 7.67371105e-03 9.27853516e-03 1.08931019e-02 1.25168865e-02 1.40869722e-02 1.55652781e-02 1.69387878e-02 1.81899887e-02 1.92919511e-02 2.02368930e-02 2.10273548e-02 2.16674287e-02 2.21719354e-02 2.25493540e-02 2.28173867e-02 2.29879261e-02 2.30711488e-02 2.30711488e-02 2.29879261e-02 2.28173867e-02 2.25493540e-02 2.21719354e-02 2.16674287e-02 2.10273548e-02 2.02368930e-02 1.92919511e-02 1.81899887e-02 1.69387878e-02 1.55652781e-02 1.40869722e-02 1.25168865e-02 1.08931019e-02 9.27853516e-03 7.67371105e-03 6.14852077e-03 4.72064492e-03 3.42972184e-03 2.31519131e-03 1.39740428e-03 6.97811559e-04 2.34989163e-04 1.74240739e-05 -1.10013110e-10 -8.64563421e-11 -8.32154345e-11 -9.41794420e-11 -1.19553811e-10 -1.66698821e-10 -2.51217380e-10 -3.96610578e-10 -6.30328012e-10 -9.74590020e-10 -1.43250045e-09 -1.97370137e-09 -2.52754290e-09 -2.99278236e-09 -3.26839139e-09 -3.29974814e-09 -3.12210990e-09 -2.87627872e-09 -2.77703138e-09 -3.03478082e-09 -3.75731951e-09 -4.87680657e-09 -6.14398243e-09 -7.20409926e-09 -7.72906544e-09 -7.54904833e-09 -6.72276079e-09 -5.51302332e-09 -4.27928087e-09 -3.33760325e-09 -2.85104040e-09 -2.79392492e-09 -2.99530112e-09 -3.23061394e-09 -3.31488537e-09 -3.15937410e-09 -2.77805506e-09 -2.25491098e-09 -1.69617453e-09 -1.19031224e-09 -7.87817034e-10 -5.00771757e-10 -3.14601678e-10 -2.02979578e-10 -1.39631029e-10 -1.04787901e-10 -8.70627459e-11 -8.28231372e-11 -9.50681200e-11 -1.33091760e-10 9.55162168e-05 4.35839876e-04 1.01762677e-03 1.83236093e-03 2.85227875e-03 4.05954889e-03 5.41767462e-03 6.90198092e-03 8.46958444e-03 1.00842601e-02 1.17097688e-02 1.33106785e-02 1.48402657e-02 1.62654670e-02 1.75826446e-02 1.87602232e-02 1.97834124e-02 2.06523708e-02 2.13642203e-02 2.19368242e-02 2.23752991e-02 2.26963730e-02 2.29138468e-02 2.30400013e-02 2.30814751e-02
2.66019936e-02 2.65494264e-02 2.63899173e-02 2.61149122e-02 2.57110820e-02 2.51647716e-02 2.44619978e-02 2.35979463e-02 2.25520511e-02 2.13354769e-02 1.99584788e-02 1.84306602e-02 1.67668328e-02 1.49939939e-02 1.31599926e-02 1.13219697e-02 9.48377284e-03 7.72442618e-03 6.05058582e-03 4.52950381e-03 3.18248645e-03 2.04396167e-03 1.13625658e-03 4.87361421e-04 1.06172563e-04 -1.44668943e-10 -1.05436604e-10 -9.39750500e-11 -9.95369898e-11 -1.17539256e-10 -1.49804169e-10 -2.05963857e-10 -3.04814007e-10 -4.73500239e-10 -7.42030493e-10 -1.13164211e-09 -1.63857150e-09 -2.21929736e-09 -2.78709017e-09 -3.22928778e-09 -3.44744644e-09 -3.40937933e-09 -3.18914900e-09 -2.96751518e-09 -2.97786423e-09 -3.40920170e-09 -4.30577796e-09 -5.51485968e-09 -6.71869671e-09 -7.54770879e-09 -7.72890241e-09 -7.20106352e-09 -6.14104573e-09 -4.88824914e-09 -3.80418497e-09 -3.13378390e-09 -2.92955238e-09 -3.06415615e-09 -3.31287542e-09 -3.45856010e-09 -3.37053496e-09 -3.03097347e-09 -2.51161358e-09 -1.92420208e-09 -1.37210793e-09 -9.21148824e-10 -5.93574523e-10 -3.78513665e-10 -2.48516152e-10 -1.73944525e-10 -1.31490485e-10 -1.07032272e-10 -9.50544088e-11 -9.70584724e-11 -1.20643606e-10 1.95294735e-05 2.62484508e-04 7.78429251e-04 1.56167024e-03 2.58499807e-03 3.83339241e-03 5.27405245e-03 6.87112002e-03 8.59279373e-03 1.04014669e-02 1.22483403e-02 1.40841527e-02 1.58940626e-02 1.76149805e-02 1.92110005e-02 2.06639891e-02 2.19672053e-02 2.30952098e-02 2.40529125e-02 2.48338530e-02 2.54572870e-02 2.59299617e-02 2.62676328e-02 2.64832329e-02 2.65888734e-02 2.65888734e-02 2.64832329e-02 2.62676328e-02 2.59299617e-02 2.54572870e-02 2.48338525e-02 2.40529121e-02 2.30952098e-02 2.19672049e-02 2.06639896e-02 1.92110005e-02 1.76149808e-02 1.58940623e-02 1.40841525e-02 1.22483401e-02 1.04014671e-02 8.59279361e-03 6.87112002e-03 5.27405236e-03 3.83339241e-03 2.58499807e-03 1.56167024e-03 7.78429251e-04 2.62484512e-04 1.95294735e-05 -1.20643606e-10 -9.70583058e-11 -9.50544643e-11 -1.07032272e-10 -1.31490652e-10 -1.73944636e-10 -2.48516152e-10 -3.78513498e-10 -5.93574523e-10 -9.21148990e-10 -1.37210820e-09 -1.92420208e-09 -2.51161347e-09 -3.03097336e-09 -3.37053518e-09 -3.45856005e-09 -3.31287564e-09 -3.06415615e-09 -2.92955243e-09 -3.13378407e-09 -3.80418497e-09 -4.88824908e-09 -6.14104578e-09 -7.20106352e-09 -7.72890241e-09 -7.54770879e-09 -6.71869665e-09 -5.51485962e-09 -4.30577796e-09 -3.40920198e-09 -2.97786407e-09 -2.96751512e-09 -3.18914906e-09 -3.40937945e-09 -3.44744666e-09 -3.22928778e-09 -2.78709011e-09 -2.21929719e-09 -1.63857145e-09 -1.13164228e-09 -7.42030493e-10 -4.73500239e-10 -3.04814063e-10 -2.05963968e-10 -1.49804169e-10 -1.17539256e-10 -9.95371563e-11 -9.39751055e-11 -1.05436604e-10 -1.44668943e-10 1.06172560e-04 4.87361421e-04 1.13625658e-03 2.04396166e-03 3.18248645e-03 4.52950381e-03 6.05058592e-03 7.72442604e-03 9.48377298e-03 1.13219695e-02 1.31599928e-02 1.49939942e-02 1.67668328e-02 1.84306605e-02 1.99584788e-02 2.13354769e-02 2.25520511e-02 2.35979469e-02 2.44619978e-02 2.51647722e-02 2.57110821e-02 2.61149116e-02 2.63899173e-02 2.65494264e-02 2.66019936e-02
3.06668762e-02 3.06002766e-02 3.03975320e-02 3.00483574e-02 2.95405008e-02 2.88638680e-02 2.80113683e-02 2.69638186e-02 2.57186054e-02 2.42745408e-02 2.26506677e-02 2.08509334e-02 1.89106565e-02 1.68692220e-02 1.47906359e-02 1.26838196e-02 1.06103625e-02 8.61994256e-03 6.75492675e-03 5.04469308e-03 3.54159610e-03 2.27364305e-03 1.26717686e-03 5.42243560e-04 1.17489025e-04 -1.55041202e-10 -1.15689569e-10 -1.06095410e-10 -1.14323329e-10 -1.34365852e-10 -1.66224590e-10 -2.17512897e-10 -3.05495407e-10 -4.57395399e-10 -7.06104952e-10 -1.07909748e-09 -1.58127000e-09 -2.17736967e-09 -2.78443485e-09 -3.28544864e-09 -3.56871804e-09 -3.58350299e-09 -3.38725309e-09 -3.15369453e-09 -3.12250648e-09 -3.49948664e-09 -4.34785663e-09 -5.52687796e-09 -6.71929112e-09 -7.54728008e-09 -7.72884179e-09 -7.20049698e-09 -6.14541218e-09 -4.91272584e-09 -3.86859778e-09 -3.25159732e-09 -3.09778264e-09 -3.26070598e-09 -3.50333518e-09 -3.60897190e-09 -3.45957241e-09 -3.05592229e-09 -2.48638837e-09 -1.87167948e-09 -1.31513095e-09 -8.76005046e-10 -5.67625669e-10 -3.71438713e-10 -2.55428734e-10 -1.88605909e-10 -1.48546508e-10 -1.23021260e-10 -1.08488329e-10 -1.08069054e-10 -1.30633837e-10 2.20329627e-05 2.92534525e-04 8.66439594e-04 1.73880217e-03 2.88062300e-03 4.27252465e-03 5.87756299e-03 7.66388043e-03 9.60661172e-03 1.16376619e-02 1.37405126e-02 1.58379815e-02 1.78994383e-02 1.98940111e-02 2.17657735e-02 2.34860649e-02 2.50240718e-02 2.63628551e-02 2.75125539e-02 2.84603419e-02 2.92250042e-02 2.98148152e-02 3.02423359e-02 3.05163380e-02 3.06502906e-02 3.06502906e-02 3.05163380e-02 3.02423359e-02 2.98148152e-02 2.92250042e-02 2.84603419e-02 2.75125539e-02 2.63628551e-02 2.50240718e-02 2.34860649e-02 2.17657735e-02 1.98940111e-02 1.78994383e-02 1.58379815e-02 1.37405126e-02 1.16376619e-02 9.60661172e-03 7.66388043e-03 5.87756299e-03 4.27252465e-03 2.88062300e-03 1.73880217e-03 8.66439594e-04 2.92534525e-04 2.20329627e-05 -1.30633782e-10 -1.08068998e-10 -1.08488329e-10 -1.23021038e-10 -1.48546508e-10 -1.88606075e-10 -2.55428845e-10 -3.71438824e-10 -5.67625558e-10 -8.76005157e-10 -1.31513084e-09 -1.87167959e-09 -2.48638843e-09 -3.05592263e-09 -3.45957230e-09 -3.60897201e-09 -3.50333518e-09 -3.26070593e-09 -3.09778253e-09 -3.25159732e-09 -3.86859778e-09 -4.91272584e-09 -6.14541218e-09 -7.20049698e-09 -7.72884179e-09 -7.54728013e-09 -6.71929112e-09 -5.52687779e-09 -4.34785663e-09 -3.49948664e-09 -3.12250642e-09 -3.15369464e-09 -3.38725292e-09 -3.58350311e-09 -3.56871799e-09 -3.28544864e-09 -2.78443479e-09 -2.17736978e-09 -1.58126978e-09 -1.07909726e-09 -7.06104952e-10 -4.57395344e-10 -3.05495351e-10 -2.17512841e-10 -1.66224534e-10 -1.34365852e-10 -1.14323329e-10 -1.06095577e-10 -1.15689736e-10 -1.55041313e-10 1.17489025e-04 5.42243560e-04 1.26717686e-03 2.27364305e-03 3.54159610e-03 5.04469308e-03 6.75492675e-03 8.61994256e-03 1.06103625e-02 1.26838196e-02 1.47906359e-02 1.68692220e-02 1.89106565e-02 2.08509334e-02 2.26506677e-02 2.42745408e-02 2.57186054e-02 2.69638186e-02 2.80113683e-02 2.88638680e-02 2.95405008e-02 3.00483574e-02 3.03975320e-02 3.06002766e-02 3.06668762e-02
3.54339419e-02 3.53489889e-02 3.50908684e-02 3.46520918e-02 3.40185615e-02 3.31816260e-02 3.21248029e-02 3.08475549e-02 2.93386766e-02 2.76129927e-02 2.56821051e-02 2.35706731e-02 2.13235300e-02 1.89956117e-02 1.65987277e-02 1.41947774e-02 1.18658425e-02 9.61093374e-03 7.52453849e-03 5.61877730e-03 3.94114448e-03 2.53055570e-03 1.41014337e-03 6.02945098e-04 1.32265909e-04 -1.63569269e-10 -1.25460087e-10 -1.18917154e-10 -1.31175848e-10 -1.55051527e-10 -1.88809135e-10 -2.37877829e-10 -3.17500026e-10 -4.54179638e-10 -6.82767731e-10 -1.03629139e-09 -1.52832264e-09 -2.13291157e-09 -2.77284207e-09 -3.32907840e-09 -3.67840647e-09 -3.75176340e-09 -3.58840091e-09 -3.35213562e-09 -3.28593369e-09 -3.61048486e-09 -4.40788817e-09 -5.55098861e-09 -6.72554068e-09 -7.54797291e-09 -7.72890757e-09 -7.20295179e-09 -6.15855766e-09 -4.95246533e-09 -3.95286331e-09 -3.38978556e-09 -3.28202882e-09 -3.46507034e-09 -3.69214759e-09 -3.75012266e-09 -3.53592783e-09 -3.06965142e-09 -2.45522108e-09 -1.82015059e-09 -1.26547828e-09 -8.42364067e-10 -5.54702340e-10 -3.76646381e-10 -2.72472711e-10 -2.10736817e-10 -1.70553849e-10 -1.41909706e-10 -1.23264732e-10 -1.19186438e-10 -1.39509182e-10 2.44515113e-05 3.25220919e-04 9.65993498e-04 1.93015763e-03 3.20280310e-03 4.75030008e-03 6.53727378e-03 8.54911067e-03 1.07247041e-02 1.30207977e-02 1.53940770e-02 1.78035421e-02 2.01718125e-02 2.24574296e-02 2.46451282e-02 2.66701299e-02 2.85032429e-02 3.01238686e-02 3.15135088e-02 3.26811718e-02 3.36259499e-02 3.43601966e-02 3.48948120e-02 3.52420613e-02 3.54127362e-02 3.54127362e-02 3.52420613e-02 3.48948120e-02 3.43601964e-02 3.36259499e-02 3.26811718e-02 3.15135088e-02 3.01238686e-02 2.85032429e-02 2.66701299e-02 2.46451282e-02 2.24574296e-02 2.01718125e-02 1.78035421e-02 1.53940770e-02 1.30207977e-02 1.07247041e-02 8.54911063e-03 6.53727378e-03 4.75030008e-03 3.20280310e-03 1.93015763e-03 9.65993498e-04 3.25220919e-04 2.44515113e-05 -1.39509182e-10 -1.19186383e-10 -1.23264565e-10 -1.41909762e-10 -1.70553849e-10 -2.10736872e-10 -2.72472822e-10 -3.76646547e-10 -5.54702284e-10 -8.42363956e-10 -1.26547811e-09 -1.82015036e-09 -2.45522092e-09 -3.06965137e-09 -3.53592766e-09 -3.75012266e-09 -3.69214764e-09 -3.46507023e-09 -3.28202870e-09 -3.38978551e-09 -3.95286320e-09 -4.95246533e-09 -6.15855766e-09 -7.20295179e-09 -7.72890757e-09 -7.54797291e-09 -6.72554068e-09 -5.55098856e-09 -4.40788817e-09 -3.61048491e-09 -3.28593386e-09 -3.35213568e-09 -3.58840091e-09 -3.75176334e-09 -3.67840625e-09 -3.32907840e-09 -2.77284223e-09 -2.13291146e-09 -1.52832258e-09 -1.03629128e-09 -6.82767731e-10 -4.54179583e-10 -3.17500137e-10 -2.37877995e-10 -1.88809302e-10 -1.55051527e-10 -1.31175792e-10 -1.18917154e-10 -1.25459920e-10 -1.63569214e-10 1.32265909e-04 6.02945098e-04 1.41014337e-03 2.53055570e-03 3.94114448e-03 5.61877730e-03 7.52453849e-03 9.61093374e-03 1.18658425e-02 1.41947774e-02 1.65987277e-02 1.89956118e-02 2.13235300e-02 2.35706731e-02 2.56821051e-02 2.76129927e-02 2.93386766e-02 3.08475549e-02 3.21248029e-02 3.31816260e-02 3.40185615e-02 3.46520918e-02 3.50908684e-02 3.53489889e-02 3.54339419e-02
4.10297963e-02 4.09212197e-02 4.05923061e-02 4.00358500e-02 3.92384793e-02 3.81940582e-02 3.68912247e-02 3.53271916e-02 3.35045431e-02 3.14366613e-02 2.91503494e-02 2.66946478e-02 2.40898839e-02 2.13839066e-02 1.86307722e-02 1.59126674e-02 1.32535553e-02 1.07323670e-02 8.37930620e-03 6.25373679e-03 4.38422774e-03 2.81441169e-03 1.56645560e-03 6.72123729e-04 1.48186254e-04 -1.69633529e-10 -1.34492695e-10 -1.32342803e-10 -1.50047197e-10 -1.79576076e-10 -2.17636575e-10 -2.67417477e-10 -3.41750239e-10 -4.65660399e-10 -6.74950096e-10 -1.00727221e-09 -1.48452278e-09 -2.09072587e-09 -2.75623091e-09 -3.36250416e-09 -3.77708181e-09 -3.91350385e-09 -3.79175119e-09 -3.56289304e-09 -3.46968021e-09 -3.74500408e-09 -4.48908077e-09 -5.58977270e-09 -6.73879741e-09 -7.55007079e-09 -7.72913233e-09 -7.20917670e-09 -6.18247920e-09 -5.01047681e-09 -4.06012257e-09 -3.55059454e-09 -3.48306090e-09 -3.67674036e-09 -3.87841842e-09 -3.88186228e-09 -3.60102703e-09 -3.07534409e-09 -2.42258269e-09 -1.77452170e-09 -1.22764193e-09 -8.23737634e-10 -5.57155877e-10 -3.95462330e-10 -3.00248715e-10 -2.40525988e-10 -1.97525885e-10 -1.63660974e-10 -1.39320000e-10 -1.30253475e-10 -1.46865964e-10 2.70408697e-05 3.62461104e-04 1.07529015e-03 2.14446945e-03 3.55715263e-03 5.27644276e-03 7.28467959e-03 9.53408168e-03 1.19694970e-02 1.45777807e-02 1.72608205e-02 2.00076665e-02 2.27472405e-02 2.54109424e-02 2.79424385e-02 3.03175489e-02 3.24987305e-02 3.44470591e-02 3.61388203e-02 3.75762220e-02 3.87465199e-02 3.96673443e-02 4.03435304e-02 4.07847083e-02 4.10027059e-02 4.10027059e-02 4.07847083e-02 4.03435304e-02 3.96673443e-02 3.87465199e-02 3.75762219e-02 3.61388203e-02 3.44470591e-02 3.24987305e-02 3.03175489e-02 2.79424385e-02 2.54109424e-02 2.27472405e-02 2.00076665e-02 1.72608205e-02 1.45777807e-02 1.19694970e-02 9.53408168e-03 7.28467959e-03 5.27644275e-03 3.55715263e-03 2.14446945e-03 1.07529015e-03 3.62461104e-04 2.70408697e-05 -1.46865964e-10 -1.30253586e-10 -1.39319889e-10 -1.63661085e-10 -1.97525940e-10 -2.40525933e-10 -3.00248715e-10 -3.95462219e-10 -5.57155988e-10 -8.23737689e-10 -1.22764193e-09 -1.77452186e-09 -2.42258275e-09 -3.07534409e-09 -3.60102698e-09 -3.88186217e-09 -3.87841814e-09 -3.67674019e-09 -3.48306090e-09 -3.55059449e-09 -4.06012274e-09 -5.01047659e-09 -6.18247920e-09 -7.20917676e-09 -7.72913228e-09 -7.55007079e-09 -6.73879746e-09 -5.58977281e-09 -4.48908077e-09 -3.74500408e-09 -3.46968032e-09 -3.56289293e-09 -3.79175119e-09 -3.91350380e-09 -3.77708176e-09 -3.36250416e-09 -2.75623063e-09 -2.09072576e-09 -1.48452295e-09 -1.00727238e-09 -6.74950096e-10 -4.65660510e-10 -3.41750184e-10 -2.67417422e-10 -2.17636797e-10 -1.79576076e-10 -1.50047308e-10 -1.32342914e-10 -1.34492695e-10 -1.69633751e-10 1.48186254e-04 6.72123729e-04 1.56645560e-03 2.81441169e-03 4.38422774e-03 6.25373679e-03 8.37930620e-03 1.07323670e-02 1.32535553e-02 1.59126674e-02 1.86307722e-02 2.13839066e-02 2.40898839e-02 2.66946478e-02 2.91503494e-02 3.14366613e-02 3.35045431e-02 3.53271916e-02 3.68912247e-02 3.81940582e-02 3.92384793e-02 4.00358500e-02 4.05923061e-02 4.09212197e-02 4.10297963e-02
4.77152584e-02 4.75751060e-02 4.71524204e-02 4.64428798e-02 4.54364868e-02 4.41333955e-02 4.25209913e-02 4.06023428e-02 3.84017966e-02 3.59378451e-02 3.32243954e-02 3.03174452e-02 2.72602430e-02 2.41124683e-02 2.09700738e-02 1.78601810e-02 1.48356673e-02 1.19961705e-02 9.34665154e-03 6.96588694e-03 4.88123813e-03 3.13036107e-03 1.74217989e-03 7.48761400e-04 1.64576345e-04 -1.72731052e-10 -1.42775791e-10 -1.46619050e-10 -1.71309134e-10 -2.08379758e-10 -2.53248922e-10 -3.06924930e-10 -3.79572040e-10 -4.94072339e-10 -6.86140089e-10 -9.96909277e-10 -1.45583867e-09 -2.05713102e-09 -2.74021333e-09 -3.38967210e-09 -3.86663040e-09 -4.06901235e-09 -3.99718614e-09 -3.78680698e-09 -3.67636110e-09 -3.90723154e-09 -4.59607641e-09 -5.64693409e-09 -6.76099698e-09 -7.55398227e-09 -7.72956227e-09 -7.22024390e-09 -6.22003826e-09 -5.09108905e-09 -4.19496743e-09 -3.73751829e-09 -3.70256259e-09 -3.89592592e-09 -4.06205541e-09 -4.00516609e-09 -3.65778463e-09 -3.07787540e-09 -2.39457570e-09 -1.74105685e-09 -1.20710569e-09 -8.24310009e-10 -5.77813020e-10 -4.29618230e-10 -3.39773543e-10 -2.78613799e-10 -2.29943120e-10 -1.88683069e-10 -1.56974433e-10 -1.41409662e-10 -1.52483692e-10 3.00530393e-05 4.05099070e-04 1.19564721e-03 2.39183226e-03 3.95899540e-03 5.88574495e-03 8.12653558e-03 1.06392309e-02 1.33989851e-02 1.63349283e-02 1.94154309e-02 2.25387150e-02 2.56991636e-02 2.88090923e-02 3.17984732e-02 3.46082961e-02 3.71995807e-02 3.95400202e-02 4.15942969e-02 4.33674180e-02 4.48227110e-02 4.59765271e-02 4.68341097e-02 4.73990973e-02 4.76802897e-02 4.76802897e-02 4.73990973e-02 4.68341097e-02 4.59765276e-02 4.48227110e-02 4.33674180e-02 4.15942974e-02 3.95400198e-02 3.71995807e-02 3.46082965e-02 3.17984732e-02 2.88090926e-02 2.56991633e-02 2.25387150e-02 1.94154309e-02 1.63349283e-02 1.33989851e-02 1.06392310e-02 8.12653558e-03 5.88574495e-03 3.95899540e-03 2.39183226e-03 1.19564719e-03 4.05099074e-04 3.00530393e-05 -1.52483803e-10 -1.41409440e-10 -1.56974322e-10 -1.88683069e-10 -2.29943009e-10 -2.78613910e-10 -3.39773654e-10 -4.29618285e-10 -5.77813075e-10 -8.24309787e-10 -1.20710580e-09 -1.74105658e-09 -2.39457565e-09 -3.07787545e-09 -3.65778469e-09 -4.00516614e-09 -4.06205536e-09 -3.89592558e-09 -3.70256259e-09 -3.73751824e-09 -4.19496737e-09 -5.09108922e-09 -6.22003848e-09 -7.22024390e-09 -7.72956227e-09 -7.55398211e-09 -6.76099693e-09 -5.64693414e-09 -4.59607641e-09 -3.90723154e-09 -3.67636110e-09 -3.78680709e-09 -3.99718619e-09 -4.06901240e-09 -3.86663035e-09 -3.38967210e-09 -2.74021333e-09 -2.05713091e-09 -1.45583867e-09 -9.96909333e-10 -6.86140089e-10 -4.94072394e-10 -3.79572040e-10 -3.06924708e-10 -2.53248866e-10 -2.08379758e-10 -1.71309078e-10 -1.46619272e-10 -1.42775958e-10 -1.72731052e-10 1.64576343e-04 7.48761400e-04 1.74217987e-03 3.13036107e-03 4.88123813e-03 6.96588694e-03 9.34665154e-03 1.19961705e-02 1.48356673e-02 1.78601808e-02 2.09700738e-02 2.41124683e-02 2.72602427e-02 3.03174449e-02 3.32243954e-02 3.59378451e-02 3.84017966e-02 4.06023428e-02 4.25209913e-02 4.41333955e-02 4.54364868e-02 4.64428792e-02 4.71524204e-02 4.75751060e-02 4.77152584e-02
5.59668612e-02 5.57864452e-02 5.52432779e-02 5.43357840e-02 5.30607454e-02 5.14118573e-02 4.93973907e-02 4.70292435e-02 4.43225898e-02 4.13235395e-02 3.80639955e-02 3.45958853e-02 3.09974225e-02 2.73566088e-02 2.37111936e-02 2.01251543e-02 1.66992567e-02 1.34549834e-02 1.04777176e-02 7.78758773e-03 5.44977954e-03 3.49508703e-03 1.94638780e-03 8.36465662e-04 1.82427063e-04 -1.72691084e-10 -1.50835677e-10 -1.62718505e-10 -1.96226868e-10 -2.42930676e-10 -2.97298963e-10 -3.58343299e-10 -4.33466929e-10 -5.42896728e-10 -7.21266935e-10 -1.01186304e-09 -1.45049089e-09 -2.04112044e-09 -2.73327405e-09 -3.41724071e-09 -3.95118827e-09 -4.22030505e-09 -4.20605356e-09 -4.02637090e-09 -3.91077137e-09 -4.10401974e-09 -4.73619621e-09 -5.72824149e-09 -6.79514361e-09 -7.56033774e-09 -7.73026998e-09 -7.23781651e-09 -6.27568142e-09 -5.20107796e-09 -4.36473946e-09 -3.95650723e-09 -3.94411070e-09 -4.12433698e-09 -4.24451430e-09 -4.12298451e-09 -3.71162290e-09 -3.08495790e-09 -2.38011577e-09 -1.72849846e-09 -1.21136978e-09 -8.49863013e-10 -6.20825835e-10 -4.82045848e-10 -3.93224842e-10 -3.26776051e-10 -2.69361367e-10 -2.18350005e-10 -1.77362403e-10 -1.53427382e-10 -1.56580915e-10 3.42411258e-05 4.51356445e-04 1.33399775e-03 2.66973590e-03 4.42946891e-03 6.58307891e-03 9.08916690e-03 1.19244077e-02 1.50503844e-02 1.83843763e-02 2.19067648e-02 2.55353711e-02 2.91791382e-02 3.28105198e-02 3.63490589e-02 3.97180775e-02 4.28613126e-02 4.57150355e-02 4.82575193e-02 5.04502457e-02 5.22852386e-02 5.37430265e-02 5.48357105e-02 5.55602570e-02 5.59218191e-02 5.59218191e-02 5.55602570e-02 5.48357105e-02 5.37430247e-02 5.22852386e-02 5.04502457e-02 4.82575193e-02 4.57150341e-02 4.28613140e-02 3.97180763e-02 3.63490600e-02 3.28105208e-02 2.91791374e-02 2.55353718e-02 2.19067648e-02 1.83843758e-02 1.50503840e-02 1.19244080e-02 9.08916690e-03 6.58307891e-03 4.42946891e-03 2.66973590e-03 1.33399775e-03 4.51356445e-04 3.42411250e-05 -1.56580859e-10 -1.53427271e-10 -1.77362514e-10 -2.18349894e-10 -2.69361311e-10 -3.26776106e-10 -3.93224786e-10 -4.82045848e-10 -6.20825835e-10 -8.49863013e-10 -1.21136967e-09 -1.72849846e-09 -2.38011560e-09 -3.08495790e-09 -3.71162290e-09 -4.12298473e-09 -4.24451435e-09 -4.12433704e-09 -3.94411070e-09 -3.95650712e-09 -4.36473935e-09 -5.20107779e-09 -6.27568142e-09 -7.23781651e-09 -7.73026998e-09 -7.56033774e-09 -6.79514367e-09 -5.72824160e-09 -4.73619627e-09 -4.10401990e-09 -3.91077137e-09 -4.02637090e-09 -4.20605339e-09 -4.22030505e-09 -3.95118832e-09 -3.41724071e-09 -2.73327400e-09 -2.04112044e-09 -1.45049084e-09 -1.01186287e-09 -7.21266935e-10 -5.42896728e-10 -4.33466929e-10 -3.58343522e-10 -2.97298852e-10 -2.42930676e-10 -1.96226924e-10 -1.62718450e-10 -1.50835788e-10 -1.72691250e-10 1.82427059e-04 8.36465642e-04 1.94638785e-03 3.49508694e-03 5.44977941e-03 7.78758773e-03 1.04777174e-02 1.34549830e-02 1.66992567e-02 2.01251543e-02 2.37111930e-02 2.73566081e-02 3.09974226e-02 3.45958863e-02 3.80639943e-02 4.13235382e-02 4.43225913e-02 4.70292435e-02 4.93973907e-02 5.14118573e-02 5.30607471e-02 5.43357822e-02 5.52432779e-02 5.57864452e-02 5.59668612e-02
6.65459665e-02 6.63074994e-02 6.55924998e-02 6.44064681e-02 6.27494432e-02 6.06293546e-02 5.80633514e-02 5.50754787e-02 5.17068914e-02 4.80092559e-02 4.40392666e-02 3.98774661e-02 3.56203923e-02 3.13198623e-02 2.70386263e-02 2.28840422e-02 1.89331245e-02 1.52118954e-02 1.18305297e-02 8.78546542e-03 6.13806545e-03 3.93348053e-03 2.19194576e-03 9.39108872e-04 2.06931780e-04 -1.70294223e-10 -1.60556846e-10 -1.83381754e-10 -2.28232211e-10 -2.87215252e-10 -3.54242191e-10 -4.26627289e-10 -5.09130460e-10 -6.19063856e-10 -7.89130095e-10 -1.06328713e-09 -1.48192203e-09 -2.05749562e-09 -2.74985090e-09 -3.45736495e-09 -4.03946931e-09 -4.37306558e-09 -4.42303216e-09 -4.28792662e-09 -4.18264595e-09 -4.34805947e-09 -4.92249430e-09 -5.84381010e-09 -6.84646351e-09 -7.57023444e-09 -7.73138015e-09 -7.26478278e-09 -6.35716807e-09 -5.35240219e-09 -4.58272542e-09 -4.21898272e-09 -4.21564589e-09 -4.36717146e-09 -4.43064907e-09 -4.24235347e-09 -3.77303544e-09 -3.11010379e-09 -2.39407005e-09 -1.75114234e-09 -1.25278921e-09 -9.10337472e-10 -6.93979874e-10 -5.58983027e-10 -4.65881445e-10 -3.89702604e-10 -3.20008131e-10 -2.56385801e-10 -2.03588479e-10 -1.68643599e-10 -1.60529146e-10 3.84498613e-05 5.07903271e-04 1.50042119e-03 3.00343529e-03 4.98247526e-03 7.41003704e-03 1.02504188e-02 1.34883562e-02 1.70415050e-02 2.08856129e-02 2.49398240e-02 2.91740344e-02 3.34746610e-02 3.77608316e-02 4.19788169e-02 4.60550276e-02 4.98937582e-02 5.34372801e-02 5.66228142e-02 5.94011814e-02 6.17477841e-02 6.36366155e-02 6.50579683e-02 6.60093912e-02 6.64863628e-02 6.64863628e-02 6.60093912e-02 6.50579683e-02 6.36366155e-02 6.17477841e-02 5.94011814e-02 5.66228142e-02 5.34372804e-02 4.98937582e-02 4.60550276e-02 4.19788169e-02 3.77608316e-02 3.34746610e-02 2.91740344e-02 2.49398240e-02 2.08856129e-02 1.70415050e-02 1.34883562e-02 1.02504188e-02 7.41003704e-03 4.98247526e-03 3.00343529e-03 1.50042119e-03 5.07903271e-04 3.84498613e-05 -1.60529257e-10 -1.68643710e-10 -2.03588479e-10 -2.56385913e-10 -3.20008020e-10 -3.89702548e-10 -4.65881556e-10 -5.58982916e-10 -6.93979874e-10 -9.10337583e-10 -1.25278921e-09 -1.75114240e-09 -2.39407005e-09 -3.11010367e-09 -3.77303522e-09 -4.24235336e-09 -4.43064896e-09 -4.36717151e-09 -4.21564589e-09 -4.21898283e-09 -4.58272525e-09 -5.35240208e-09 -6.35716813e-09 -7.26478278e-09 -7.73138009e-09 -7.57023444e-09 -6.84646345e-09 -5.84381005e-09 -4.92249430e-09 -4.34805958e-09 -4.18264612e-09 -4.28792646e-09 -4.42303216e-09 -4.37306547e-09 -4.03946931e-09 -3.45736495e-09 -2.74985090e-09 -2.05749556e-09 -1.48192203e-09 -1.06328713e-09 -7.89130095e-10 -6.19063911e-10 -5.09130627e-10 -4.26627067e-10 -3.54242302e-10 -2.87215252e-10 -2.28232100e-10 -1.83381754e-10 -1.60556846e-10 -1.70294112e-10 2.06931780e-04 9.39108872e-04 2.19194576e-03 3.93348053e-03 6.13806545e-03 8.78546542e-03 1.18305297e-02 1.52118954e-02 1.89331245e-02 2.28840422e-02 2.70386263e-02 3.13198623e-02 3.56203923e-02 3.98774661e-02 4.40392666e-02 4.80092559e-02 5.17068914e-02 5.50754787e-02 5.80633514e-02 6.06293546e-02 6.27494429e-02 6.44064681e-02 6.55924998e-02 6.63074994e-02 6.65459665e-02
8.11469354e-02 8.08224257e-02 7.98521610e-02 7.82478278e-02 7.60309646e-02 7.32170301e-02 6.98503943e-02 6.59763975e-02 6.16636144e-02 5.69868673e-02 5.20432596e-02 4.69394575e-02 4.17338256e-02 3.65204221e-02 3.14055851e-02 2.65069912e-02 2.18436624e-02 1.75157850e-02 1.35742156e-02 1.00710659e-02 7.02776808e-03 4.50017000e-03 2.50482069e-03 1.07426583e-03 2.36767105e-04 -1.69612269e-10 -1.78248249e-10 -2.16941576e-10 -2.77490475e-10 -3.52995744e-10 -4.37191394e-10 -5.26133137e-10 -6.22389751e-10 -7.40539297e-10 -9.10816089e-10 -1.17621146e-09 -1.57904745e-09 -2.13754114e-09 -2.82066848e-09 -3.53687513e-09 -4.15236534e-09 -4.54297877e-09 -4.66223427e-09 -4.58878613e-09 -4.51546311e-09 -4.66782030e-09 -5.18317500e-09 -6.01507111e-09 -6.92592139e-09 -7.58595986e-09 -7.73315345e-09 -7.30718275e-09 -6.48084475e-09 -5.57060992e-09 -4.87809149e-09 -4.55135718e-09 -4.53741755e-09 -4.63958505e-09 -4.63477101e-09 -4.38126935e-09 -3.86598903e-09 -3.18246990e-09 -2.46786980e-09 -1.83937821e-09 -1.35842737e-09 -1.02872655e-09 -8.16673562e-10 -6.77215395e-10 -5.72779879e-10 -4.81124696e-10 -3.94346111e-10 -3.13786996e-10 -2.44927856e-10 -1.94401828e-10 -1.69553538e-10 4.30047422e-05 5.81239252e-04 1.71970981e-03 3.42749310e-03 5.69683790e-03 8.48258405e-03 1.17589484e-02 1.54994698e-02 1.96311119e-02 2.41443531e-02 2.89161967e-02 3.39407758e-02 3.91218244e-02 4.43428904e-02 4.95087219e-02 5.45426939e-02 5.93616069e-02 6.38714922e-02 6.79745217e-02 7.16014655e-02 7.46934896e-02 7.72156515e-02 7.91273673e-02 8.04178906e-02 8.10657421e-02 8.10657421e-02 8.04178906e-02 7.91273673e-02 7.72156515e-02 7.46934896e-02 7.16014655e-02 6.79745214e-02 6.38714925e-02 5.93616067e-02 5.45426939e-02 4.95087219e-02 4.43428905e-02 3.91218244e-02 3.39407759e-02 2.89161968e-02 2.41443531e-02 1.96311119e-02 1.54994698e-02 1.17589484e-02 8.48258403e-03 5.69683789e-03 3.42749311e-03 1.71970981e-03 5.81239252e-04 4.30047423e-05 -1.69553704e-10 -1.94401939e-10 -2.44927856e-10 -3.13786885e-10 -3.94346222e-10 -4.81124807e-10 -5.72779935e-10 -6.77215339e-10 -8.16673618e-10 -1.02872660e-09 -1.35842715e-09 -1.83937826e-09 -2.46786963e-09 -3.18246990e-09 -3.86598897e-09 -4.38126918e-09 -4.63477118e-09 -4.63958516e-09 -4.53741755e-09 -4.55135712e-09 -4.87809138e-09 -5.57060997e-09 -6.48084464e-09 -7.30718275e-09 -7.73315356e-09 -7.58595992e-09 -6.92592117e-09 -6.01507116e-09 -5.18317500e-09 -4.66782024e-09 -4.51546317e-09 -4.58878580e-09 -4.66223432e-09 -4.54297888e-09 -4.15236540e-09 -3.53687513e-09 -2.82066848e-09 -2.13754114e-09 -1.57904778e-09 -1.17621152e-09 -9.10816089e-10 -7.40539352e-10 -6.22389640e-10 -5.26133581e-10 -4.37191283e-10 -3.52995744e-10 -2.77490364e-10 -2.16941520e-10 -1.78248194e-10 -1.69612435e-10 2.36767106e-04 1.07426583e-03 2.50482069e-03 4.50017000e-03 7.02776808e-03 1.00710659e-02 1.35742156e-02 1.75157850e-02 2.18436624e-02 2.65069912e-02 3.14055852e-02 3.65204222e-02 4.17338256e-02 4.69394575e-02 5.20432596e-02 5.69868673e-02 6.16636144e-02 6.59763975e-02 6.98503946e-02 7.32170301e-02 7.60309643e-02 7.82478278e-02 7.98521610e-02 8.08224257e-02 8.11469354e-02
1.05382306e-01 1.04904383e-01 1.03476379e-01 1.01131066e-01 9.79159373e-02 9.38821145e-02 8.91132589e-02 8.37075115e-02 7.77730269e-02 7.14403009e-02 6.48448256e-02 5.81376500e-02 5.13899523e-02 4.47226888e-02 3.82620801e-02 3.21375445e-02 2.63718457e-02 2.10698519e-02 1.62812527e-02 1.20503732e-02 8.39313574e-03 5.36415410e-03 2.98647075e-03 1.28030900e-03 2.82484515e-04 -1.93943972e-10 -2.34757769e-10 -3.01606018e-10 -3.89086097e-10 -4.91389374e-10 -6.02337513e-10 -7.17555904e-10 -8.38835501e-10 -9.79430648e-10 -1.16731180e-09 -1.44220513e-09 -1.84314597e-09 -2.38741077e-09 -3.04843678e-09 -3.74620468e-09 -4.36327352e-09 -4.78936518e-09 -4.97937702e-09 -4.99383329e-09 -4.99028396e-09 -5.15580934e-09 -5.60646868e-09 -6.30754715e-09 -7.06659425e-09 -7.61437202e-09 -7.73637077e-09 -7.38316730e-09 -6.69630440e-09 -5.93459248e-09 -5.34360400e-09 -5.04180847e-09 -4.98217867e-09 -5.00045066e-09 -4.91277130e-09 -4.60518601e-09 -4.07256529e-09 -3.39958978e-09 -2.70711575e-09 -2.09778450e-09 -1.62504743e-09 -1.29121053e-09 -1.06515763e-09 -9.05321484e-10 -7.76935849e-10 -6.59508281e-10 -5.46140189e-10 -4.38776238e-10 -3.43111706e-10 -2.65267475e-10 -2.10741535e-10 5.26459620e-05 6.93278927e-04 2.04684725e-03 4.08930845e-03 6.79553886e-03 1.01374786e-02 1.40850965e-02 1.86149864e-02 2.36574259e-02 2.92096709e-02 3.51440987e-02 4.14578217e-02 4.80380739e-02 5.47577902e-02 6.15022348e-02 6.81640502e-02 7.46507437e-02 8.07956587e-02 8.64807818e-02 9.15796999e-02 9.59957284e-02 9.96321953e-02 1.02415851e-01 1.04308426e-01 1.05262585e-01 1.05262585e-01 1.04308425e-01 1.02415851e-01 9.96321954e-02 9.59957284e-02 9.15796999e-02 8.64807818e-02 8.07956587e-02 7.46507436e-02 6.81640503e-02 6.15022348e-02 5.47577902e-02 4.80380739e-02 4.14578217e-02 3.51440987e-02 2.92096709e-02 2.36574259e-02 1.86149864e-02 1.40850965e-02 1.01374786e-02 6.79553886e-03 4.08930846e-03 2.04684725e-03 6.93278927e-04 5.26459620e-05 -2.10741591e-10 -2.65267475e-10 -3.43111872e-10 -4.38776182e-10 -5.46140300e-10 -6.59508281e-10 -7.76935960e-10 -9.05321540e-10 -1.06515763e-09 -1.29121080e-09 -1.62504754e-09 -2.09778450e-09 -2.70711559e-09 -3.39958978e-09 -4.07256512e-09 -4.60518573e-09 -4.91277147e-09 -5.00045039e-09 -4.98217867e-09 -5.04180864e-09 -5.34360389e-09 -5.93459237e-09 -6.69630451e-09 -7.38316730e-09 -7.73637077e-09 -7.61437202e-09 -7.06659431e-09 -6.30754715e-09 -5.60646868e-09 -5.15580911e-09 -4.99028407e-09 -4.99383340e-09 -4.97937713e-09 -4.78936524e-09 -4.36327352e-09 -3.74620468e-09 -3.04843650e-09 -2.38741066e-09 -1.84314586e-09 -1.44220530e-09 -1.16731180e-09 -9.79430537e-10 -8.38835446e-10 -7.17555848e-10 -6.02337347e-10 -4.91389374e-10 -3.89085930e-10 -3.01605907e-10 -2.34757824e-10 -1.93943972e-10 2.82484515e-04 1.28030900e-03 2.98647075e-03 5.36415410e-03 8.39313573e-03 1.20503732e-02 1.62812527e-02 2.10698519e-02 2.63718457e-02 3.21375445e-02 3.82620802e-02 4.47226888e-02 5.13899523e-02 5.81376500e-02 6.48448256e-02 7.14403009e-02 7.77730268e-02 8.37075115e-02 8.91132589e-02 9.38821145e-02 9.79159372e-02 1.01131066e-01 1.03476379e-01 1.04904383e-01 1.05382306e-01
1.63233813e-01 1.62362034e-01 1.59770245e-01 1.55531879e-01 1.49783416e-01 1.42698110e-01 1.34448624e-01 1.25273863e-01 1.15378806e-01 1.05015571e-01 9.44179968e-02 8.37938105e-02 7.33500098e-02 6.32781023e-02 5.37078198e-02 4.47171895e-02 3.64337386e-02 2.89231696e-02 2.22093199e-02 1.63373738e-02 1.13388085e-02 7.22267002e-03 4.01144907e-03 1.71897767e-03 3.78809989e-04 -5.77664805e-10 -7.11282533e-10 -8.61234029e-10 -1.02155984e-09 -1.18618249e-09 -1.35116868e-09 -1.51782764e-09 -1.69566045e-09 -1.90354033e-09 -2.16729745e-09 -2.51260701e-09 -2.95395536e-09 -3.48312085e-09 -4.06279277e-09 -4.63100913e-09 -5.11870535e-09 -5.47625628e-09 -5.69816005e-09 -5.83223120e-09 -5.96415983e-09 -6.17976509e-09 -6.52050558e-09 -6.95488889e-09 -7.38348493e-09 -7.67900826e-09 -7.74370412e-09 -7.55534985e-09 -7.17786686e-09 -6.73093681e-09 -6.33462127e-09 -6.05740358e-09 -5.89256066e-09 -5.77134796e-09 -5.60237401e-09 -5.31534206e-09 -4.88881124e-09 -4.35277031e-09 -3.77008225e-09 -3.20919902e-09 -2.72114264e-09 -2.32844571e-09 -2.02671030e-09 -1.79433329e-09 -1.60438052e-09 -1.43391432e-09 -1.26870980e-09 -1.10366416e-09 -9.40498124e-10 -7.84567578e-10 -6.42102205e-10 6.98089099e-05 9.28583525e-04 2.74518834e-03 5.50570568e-03 9.17284608e-03 1.37319663e-02 1.91771590e-02 2.54622584e-02 3.25840923e-02 4.04709779e-02 4.91327985e-02 5.84182521e-02 6.82340489e-02 7.85237230e-02 8.90892095e-02 9.97368646e-02 1.10248996e-01 1.20390968e-01 1.29961251e-01 1.38700138e-01 1.46392966e-01 1.52838343e-01 1.57849801e-01 1.61277939e-01 1.63015328e-01 1.63015328e-01 1.61277939e-01 1.57849801e-01 1.52838343e-01 1.46392966e-01 1.38700138e-01 1.29961251e-01 1.20390968e-01 1.10248996e-01 9.97368646e-02 8.90892095e-02 7.85237230e-02 6.82340489e-02 5.84182521e-02 4.91327985e-02 4.04709779e-02 3.25840923e-02 2.54622583e-02 1.91771590e-02 1.37319663e-02 9.17284608e-03 5.50570568e-03 2.74518834e-03 9.28583525e-04 6.98089099e-05 -6.42102205e-10 -7.84567633e-10 -9.40498124e-10 -1.10366416e-09 -1.26870980e-09 -1.43391432e-09 -1.60438063e-09 -1.79433313e-09 -2.02671030e-09 -2.32844571e-09 -2.72114253e-09 -3.20919902e-09 -3.77008236e-09 -4.35277031e-09 -4.88881136e-09 -5.31534206e-09 -5.60237390e-09 -5.77134807e-09 -5.89256066e-09 -6.05740347e-09 -6.33462138e-09 -6.73093686e-09 -7.17786686e-09 -7.55534985e-09 -7.74370429e-09 -7.67900826e-09 -7.38348505e-09 -6.95488900e-09 -6.52050558e-09 -6.17976498e-09 -5.96415972e-09 -5.83223125e-09 -5.69816017e-09 -5.47625628e-09 -5.11870524e-09 -4.63100913e-09 -4.06279260e-09 -3.48312096e-09 -2.95395525e-09 -2.51260701e-09 -2.16729745e-09 -1.90354021e-09 -1.69566039e-09 -1.51782759e-09 -1.35116862e-09 -1.18618249e-09 -1.02155984e-09 -8.61234029e-10 -7.11282588e-10 -5.77664749e-10 3.78809989e-04 1.71897767e-03 4.01144907e-03 7.22267002e-03 1.13388085e-02 1.63373738e-02 2.22093199e-02 2.89231696e-02 3.64337386e-02 4.47171895e-02 5.37078198e-02 6.32781023e-02 7.33500098e-02 8.37938105e-02 9.44179968e-02 1.05015571e-01 1.15378806e-01 1.25273863e-01 1.34448624e-01 1.42698110e-01 1.49783416e-01 1.55531879e-01 1.59770245e-01 1.62362034e-01 1.63233813e-01
1.95717955e-01 1.94618561e-01 1.91355861e-01 1.86036837e-01 1.78828272e-01 1.69944010e-01 1.59652354e-01 1.48260105e-01 1.36048371e-01 1.23342965e-01 1.10448340e-01 9.76171986e-02 8.51358980e-02 7.31340820e-02 6.17712458e-02 5.12011624e-02 4.15754743e-02 3.28522361e-02 2.51470318e-02 1.84384952e-02 1.27578516e-02 8.10834330e-03 4.49227868e-03 1.92331862e-03 4.21722080e-04 -1.28577582e-09 -1.48255208e-09 -1.68085212e-09 -1.87425714e-09 -2.05935585e-09 -2.23796853e-09 -2.41875336e-09 -2.61724004e-09 -2.85346163e-09 -3.14692239e-09 -3.50966844e-09 -3.93942456e-09 -4.41563908e-09 -4.90115082e-09 -5.35069172e-09 -5.72469283e-09 -6.00386724e-09 -6.19830243e-09 -6.34572306e-09 -6.49751386e-09 -6.69674460e-09 -6.95715335e-09 -7.25305599e-09 -7.52617074e-09 -7.70777009e-09 -7.74696002e-09 -7.63232566e-09 -7.39684436e-09 -7.10374687e-09 -6.81997514e-09 -6.58946031e-09 -6.41790854e-09 -6.27476149e-09 -6.10985901e-09 -5.87623317e-09 -5.54896462e-09 -5.13320603e-09 -4.66001604e-09 -4.17372442e-09 -3.71701325e-09 -3.31937344e-09 -2.99202219e-09 -2.72932704e-09 -2.51459076e-09 -2.32726538e-09 -2.14910245e-09 -1.96787769e-09 -1.77847714e-09 -1.58195673e-09 -1.38351519e-09 7.78590972e-05 1.03948367e-03 3.07694335e-03 6.16960524e-03 1.03110874e-02 1.54739504e-02 2.16660300e-02 2.88700415e-02 3.70888707e-02 4.62775898e-02 5.63853706e-02 6.73616221e-02 7.90605542e-02 9.13169273e-02 1.03994143e-01 1.16890535e-01 1.29741562e-01 1.42228582e-01 1.54083627e-01 1.64965667e-01 1.74576776e-01 1.82653675e-01 1.88944602e-01 1.93251582e-01 1.95442651e-01 1.95442651e-01 1.93251582e-01 1.88944602e-01 1.82653674e-01 1.74576776e-01 1.64965667e-01 1.54083627e-01 1.42228581e-01 1.29741562e-01 1.16890535e-01 1.03994143e-01 9.13169273e-02 7.90605544e-02 6.73616223e-02 5.63853706e-02 4.62775898e-02 3.70888707e-02 2.88700415e-02 2.16660300e-02 1.54739504e-02 1.03110874e-02 6.16960524e-03 3.07694335e-03 1.03948367e-03 7.78590972e-05 -1.38351530e-09 -1.58195668e-09 -1.77847714e-09 -1.96787764e-09 -2.14910256e-09 -2.32726538e-09 -2.51459076e-09 -2.72932688e-09 -2.99202219e-09 -3.31937344e-09 -3.71701325e-09 -4.17372431e-09 -4.66001615e-09 -5.13320603e-09 -5.54896473e-09 -5.87623306e-09 -6.10985906e-09 -6.27476149e-09 -6.41790865e-09 -6.58946009e-09 -6.81997514e-09 -7.10374681e-09 -7.39684447e-09 -7.63232566e-09 -7.74696024e-09 -7.70777009e-09 -7.52617074e-09 -7.25305599e-09 -6.95715335e-09 -6.69674466e-09 -6.49751408e-09 -6.34572306e-09 -6.19830220e-09 -6.00386729e-09 -5.72469283e-09 -5.35069172e-09 -4.90115082e-09 -4.41563908e-09 -3.93942468e-09 -3.50966833e-09 -3.14692239e-09 -2.85346152e-09 -2.61724009e-09 -2.41875336e-09 -2.23796837e-09 -2.05935585e-09 -1.87425697e-09 -1.68085212e-09 -1.48255197e-09 -1.28577576e-09 4.21722081e-04 1.92331862e-03 4.49227868e-03 8.10834328e-03 1.27578516e-02 1.84384952e-02 2.51470318e-02 3.28522361e-02 4.15754743e-02 5.12011624e-02 6.17712456e-02 7.31340820e-02 8.51358980e-02 9.76171986e-02 1.10448340e-01 1.23342965e-01 1.36048371e-01 1.48260105e-01 1.59652354e-01 1.69944011e-01 1.78828272e-01 1.86036837e-01 1.91355861e-01 1.94618561e-01 1.95717955e-01
2.10866211e-01 2.09652450e-01 2.06046272e-01 2.00170412e-01 1.92212065e-01 1.82480331e-01 1.71228547e-01 1.58821893e-01 1.45523246e-01 1.31724502e-01 1.17724153e-01 1.03796905e-01 9.02531744e-02 7.73236311e-02 6.51931396e-02 5.39225682e-02 4.36244945e-02 3.44293101e-02 2.62675882e-02 1.92317109e-02 1.32879799e-02 8.43025564e-03 4.66348015e-03 1.99495023e-03 4.38483232e-04 -1.86600591e-09 -2.08905027e-09 -2.30265018e-09 -2.50157944e-09 -2.68530631e-09 -2.85950641e-09 -3.03639069e-09 -3.23322014e-09 -3.46875284e-09 -3.75802423e-09 -4.10665529e-09 -4.50655963e-09 -4.93504404e-09 -5.35864314e-09 -5.74151721e-09 -6.05629102e-09 -6.29360630e-09 -6.46628334e-09 -6.60540861e-09 -6.74866862e-09 -6.92475133e-09 -7.13999715e-09 -7.37331096e-09 -7.58231666e-09 -7.71893938e-09 -7.74822118e-09 -7.66237507e-09 -7.48394779e-09 -7.25669336e-09 -7.02817060e-09 -6.83157525e-09 -6.67433397e-09 -6.53766186e-09 -6.38640507e-09 -6.18434592e-09 -5.90850779e-09 -5.55720903e-09 -5.14976151e-09 -4.71914779e-09 -4.30129465e-09 -3.92507227e-09 -3.60603697e-09 -3.34505312e-09 -3.13112003e-09 -2.94662106e-09 -2.77297985e-09 -2.59514549e-09 -2.40411363e-09 -2.19744462e-09 -1.97825289e-09 8.07226681e-05 1.07852083e-03 3.18981908e-03 6.41220038e-03 1.07177754e-02 1.61165826e-02 2.26195604e-02 3.02048172e-02 3.88947474e-02 4.86460466e-02 5.94524702e-02 7.11709159e-02 8.37051103e-02 9.69725302e-02 1.10732982e-01 1.24728743e-01 1.38681599e-01 1.52260581e-01 1.65148809e-01 1.77030711e-01 1.87547949e-01 1.96435984e-01 2.03381697e-01 2.08143038e-01 2.10562249e-01 2.10562249e-01 2.08143038e-01 2.03381697e-01 1.96435982e-01 1.87547948e-01 1.77030710e-01 1.65148809e-01 1.52260582e-01 1.38681599e-01 1.24728743e-01 1.10732982e-01 9.69725304e-02 8.37051103e-02 7.11709162e-02 5.94524700e-02 4.86460466e-02 3.88947474e-02 3.02048172e-02 2.26195604e-02 1.61165826e-02 1.07177753e-02 6.41220038e-03 3.18981908e-03 1.07852083e-03 8.07226681e-05 -1.97825301e-09 -2.19744462e-09 -2.40411374e-09 -2.59514521e-09 -2.77297985e-09 -2.94662095e-09 -3.13111992e-09 -3.34505335e-09 -3.60603702e-09 -3.92507238e-09 -4.30129465e-09 -4.71914774e-09 -5.14976162e-09 -5.55720903e-09 -5.90850813e-09 -6.18434604e-09 -6.38640513e-09 -6.53766186e-09 -6.67433409e-09 -6.83157531e-09 -7.02817055e-09 -7.25669347e-09 -7.48394802e-09 -7.66237507e-09 -7.74822118e-09 -7.71893938e-09 -7.58231666e-09 -7.37331118e-09 -7.13999715e-09 -6.92475133e-09 -6.74866862e-09 -6.60540866e-09 -6.46628340e-09 -6.29360641e-09 -6.05629091e-09 -5.74151721e-09 -5.35864297e-09 -4.93504404e-09 -4.50655968e-09 -4.10665546e-09 -3.75802423e-09 -3.46875290e-09 -3.23322019e-09 -3.03639081e-09 -2.85950635e-09 -2.68530631e-09 -2.50157939e-09 -2.30265007e-09 -2.08905027e-09 -1.86600591e-09 4.38483232e-04 1.99495023e-03 4.66348015e-03 8.43025564e-03 1.32879799e-02 1.92317109e-02 2.62675882e-02 3.44293101e-02 4.36244945e-02 5.39225683e-02 6.51931396e-02 7.73236314e-02 9.02531748e-02 1.03796905e-01 1.17724154e-01 1.31724502e-01 1.45523247e-01 1.58821893e-01 1.71228547e-01 1.82480332e-01 1.92212065e-01 2.00170413e-01 2.06046273e-01 2.09652450e-01 2.10866211e-01
2.21181569e-01 2.19886949e-01 2.16046938e-01 2.09795390e-01 2.01337061e-01 1.90958748e-01 1.78959335e-01 1.65713939e-01 1.51596745e-01 1.37021290e-01 1.22282322e-01 1.07672197e-01 9.34623609e-02 7.98960351e-02 6.71825486e-02 5.54785960e-02 4.48063299e-02 3.52593703e-02 2.68758660e-02 1.96374328e-02 1.35470955e-02 8.58526251e-03 4.74595696e-03 2.03102944e-03 4.46368695e-04 -2.37346365e-09 -2.61047206e-09 -2.82944146e-09 -3.02647013e-09 -3.20336974e-09 -3.36848899e-09 -3.53611151e-09 -3.72409059e-09 -3.94983452e-09 -4.22535817e-09 -4.55268651e-09 -4.92120389e-09 -5.30834021e-09 -5.68415753e-09 -6.01908773e-09 -6.29267843e-09 -6.50031484e-09 -6.65506772e-09 -6.78324197e-09 -6.91454283e-09 -7.07013975e-09 -7.25323118e-09 -7.44617001e-09 -7.61583652e-09 -7.72555453e-09 -7.74896691e-09 -7.68022873e-09 -7.53628809e-09 -7.35029337e-09 -7.15888626e-09 -6.98861002e-09 -6.84684415e-09 -6.72056016e-09 -6.58287308e-09 -6.40431774e-09 -6.16426121e-09 -5.85832183e-09 -5.49962503e-09 -5.11422227e-09 -4.73296180e-09 -4.38290298e-09 -4.08096845e-09 -3.83130522e-09 -3.62640212e-09 -3.45091522e-09 -3.28662936e-09 -3.11706866e-09 -2.93073438e-09 -2.72257206e-09 -2.49379861e-09 8.22539050e-05 1.09524224e-03 3.24677826e-03 6.51995298e-03 1.09254242e-02 1.64450384e-02 2.31060228e-02 3.09264358e-02 3.98827167e-02 5.00210288e-02 6.12148487e-02 7.34166726e-02 8.65881098e-02 1.00515633e-01 1.14948822e-01 1.29651092e-01 1.44329868e-01 1.58746085e-01 1.72462014e-01 1.85133946e-01 1.96362425e-01 2.05828455e-01 2.13210408e-01 2.18280153e-01 2.20856766e-01 2.20856766e-01 2.18280153e-01 2.13210408e-01 2.05828455e-01 1.96362426e-01 1.85133946e-01 1.72462014e-01 1.58746085e-01 1.44329868e-01 1.29651092e-01 1.14948822e-01 1.00515633e-01 8.65881098e-02 7.34166726e-02 6.12148487e-02 5.00210288e-02 3.98827167e-02 3.09264358e-02 2.31060228e-02 1.64450384e-02 1.09254242e-02 6.51995298e-03 3.24677826e-03 1.09524224e-03 8.22539050e-05 -2.49379861e-09 -2.72257206e-09 -2.93073443e-09 -3.11706877e-09 -3.28662952e-09 -3.45091516e-09 -3.62640212e-09 -3.83130522e-09 -4.08096856e-09 -4.38290304e-09 -4.73296186e-09 -5.11422216e-09 -5.49962464e-09 -5.85832183e-09 -6.16426127e-09 -6.40431780e-09 -6.58287308e-09 -6.72056011e-09 -6.84684415e-09 -6.98860991e-09 -7.15888632e-09 -7.35029348e-09 -7.53628809e-09 -7.68022868e-09 -7.74896691e-09 -7.72555453e-09 -7.61583652e-09 -7.44616996e-09 -7.25323118e-09 -7.07013970e-09 -6.91454244e-09 -6.78324197e-09 -6.65506783e-09 -6.50031495e-09 -6.29267827e-09 -6.01908773e-09 -5.68415753e-09 -5.30834027e-09 -4.92120400e-09 -4.55268639e-09 -4.22535817e-09 -3.94983452e-09 -3.72409048e-09 -3.53611168e-09 -3.36848888e-09 -3.20336974e-09 -3.02647013e-09 -2.82944135e-09 -2.61047201e-09 -2.37346365e-09 4.46368695e-04 2.03102944e-03 4.74595695e-03 8.58526251e-03 1.35470955e-02 1.96374328e-02 2.68758660e-02 3.52593703e-02 4.48063299e-02 5.54785960e-02 6.71825486e-02 7.98960351e-02 9.34623609e-02 1.07672197e-01 1.22282322e-01 1.37021290e-01 1.51596745e-01 1.65713939e-01 1.78959335e-01 1.90958748e-01 2.01337061e-01 2.09795390e-01 2.16046938e-01 2.19886949e-01 2.21181569e-01
2.29043133e-01 2.27685760e-01 2.23657588e-01 2.17093150e-01 2.08187888e-01 1.97287535e-01 1.84726904e-01 1.70887733e-01 1.56139361e-01 1.40889774e-01 1.25486451e-01 1.10338446e-01 9.56446217e-02 8.16364454e-02 6.85020995e-02 5.64354123e-02 4.55123083e-02 3.57428311e-02 2.72023616e-02 1.98275960e-02 1.36627959e-02 8.64808099e-03 4.78022492e-03 2.04370434e-03 4.49235360e-04 -2.82725610e-09 -3.07229692e-09 -3.29237904e-09 -3.48472490e-09 -3.65295599e-09 -3.80732823e-09 -3.96344274e-09 -4.13933393e-09 -4.35129166e-09 -4.60928101e-09 -4.91321850e-09 -5.25142829e-09 -5.60222541e-09 -5.93872151e-09 -6.23585034e-09 -6.47758569e-09 -6.66188160e-09 -6.80127032e-09 -6.91840091e-09 -7.03763092e-09 -7.17550064e-09 -7.33365046e-09 -7.49712181e-09 -7.63903180e-09 -7.73010600e-09 -7.74947939e-09 -7.69254049e-09 -7.57267654e-09 -7.41621686e-09 -7.25261118e-09 -7.10373282e-09 -6.97643321e-09 -6.86102086e-09 -6.73592615e-09 -6.57644350e-09 -6.36412956e-09 -6.09349532e-09 -5.77396014e-09 -5.42688761e-09 -5.07920206e-09 -4.75596595e-09 -4.47427029e-09 -4.23998248e-09 -4.04780265e-09 -3.88405308e-09 -3.73099834e-09 -3.57136237e-09 -3.39195222e-09 -3.18576965e-09 -2.95250424e-09 8.32377022e-05 1.10352638e-03 3.27106460e-03 6.57359767e-03 1.10168226e-02 1.66051047e-02 2.33636822e-02 3.13178085e-02 4.04845779e-02 5.08449881e-02 6.23202430e-02 7.49497586e-02 8.85466009e-02 1.02920343e-01 1.17867977e-01 1.33186162e-01 1.48546597e-01 1.63605603e-01 1.77941813e-01 1.91203863e-01 2.02955788e-01 2.12912729e-01 2.20681840e-01 2.25999803e-01 2.28702942e-01 2.28702942e-01 2.25999803e-01 2.20681840e-01 2.12912729e-01 2.02955788e-01 1.91203863e-01 1.77941813e-01 1.63605603e-01 1.48546597e-01 1.33186162e-01 1.17867977e-01 1.02920343e-01 8.85466009e-02 7.49497586e-02 6.23202430e-02 5.08449881e-02 4.04845779e-02 3.13178085e-02 2.33636822e-02 1.66051047e-02 1.10168226e-02 6.57359767e-03 3.27106460e-03 1.10352638e-03 8.32377022e-05 -2.95250424e-09 -3.18576987e-09 -3.39195216e-09 -3.57136237e-09 -3.73099829e-09 -3.88405319e-09 -4.04780254e-09 -4.23998248e-09 -4.47427029e-09 -4.75596607e-09 -5.07920217e-09 -5.42688761e-09 -5.77395998e-09 -6.09349526e-09 -6.36412939e-09 -6.57644361e-09 -6.73592615e-09 -6.86102075e-09 -6.97643315e-09 -7.10373282e-09 -7.25261118e-09 -7.41621670e-09 -7.57267643e-09 -7.69254049e-09 -7.74947939e-09 -7.73010606e-09 -7.63903174e-09 -7.49712181e-09 -7.33365052e-09 -7.17550064e-09 -7.03763087e-09 -6.91840091e-09 -6.80127038e-09 -6.66188155e-09 -6.47758569e-09 -6.23585034e-09 -5.93872151e-09 -5.60222552e-09 -5.25142840e-09 -4.91321828e-09 -4.60928101e-09 -4.35129177e-09 -4.13933399e-09 -3.96344246e-09 -3.80732823e-09 -3.65295599e-09 -3.48472490e-09 -3.29237909e-09 -3.07229686e-09 -2.82725604e-09 4.49235360e-04 2.04370434e-03 4.78022492e-03 8.64808098e-03 1.36627959e-02 1.98275960e-02 2.72023616e-02 3.57428311e-02 4.55123083e-02 5.64354123e-02 6.85020995e-02 8.16364453e-02 9.56446217e-02 1.10338446e-01 1.25486451e-01 1.40889774e-01 1.56139361e-01 1.70887733e-01 1.84726904e-01 1.97287535e-01 2.08187888e-01 2.17093150e-01 2.23657588e-01 2.27685760e-01 2.29043133e-01
2.35323891e-01 2.33912271e-01 2.29727474e-01 2.22914815e-01 2.13711207e-01 2.02383948e-01 1.89352313e-01 1.74947531e-01 1.59660467e-01 1.43876833e-01 1.27967624e-01 1.12295138e-01 9.71784277e-02 8.28313278e-02 6.94010473e-02 5.70447357e-02 4.59204084e-02 3.60082674e-02 2.73412062e-02 1.99119223e-02 1.37006039e-02 8.66122584e-03 4.78435376e-03 2.04381645e-03 4.48203336e-04 -3.23643473e-09 -3.48617657e-09 -3.70537417e-09 -3.89207200e-09 -4.05122674e-09 -4.19445079e-09 -4.33821212e-09 -4.50056448e-09 -4.69693728e-09 -4.93592067e-09 -5.21621879e-09 -5.52587137e-09 -5.84435755e-09 -6.14738860e-09 -6.41327691e-09 -6.62900923e-09 -6.79399315e-09 -6.91994273e-09 -7.02659875e-09 -7.13445825e-09 -7.25694549e-09 -7.39488187e-09 -7.53546336e-09 -7.65634633e-09 -7.73348829e-09 -7.74986020e-09 -7.70170649e-09 -7.59993612e-09 -7.46609424e-09 -7.32448768e-09 -7.19348914e-09 -7.07929060e-09 -6.97432301e-09 -6.86072599e-09 -6.71736994e-09 -6.52776078e-09 -6.28605229e-09 -5.99929917e-09 -5.68551106e-09 -5.36850259e-09 -5.07141285e-09 -4.81092954e-09 -4.59375676e-09 -4.41598647e-09 -4.26512675e-09 -4.12388285e-09 -3.97450922e-09 -3.80264187e-09 -3.59987051e-09 -3.36475275e-09 8.31942602e-05 1.10499657e-03 3.27009510e-03 6.58297461e-03 1.10358499e-02 1.66607105e-02 2.34778364e-02 3.15119713e-02 4.08246020e-02 5.13238182e-02 6.30765344e-02 7.59779542e-02 8.98883840e-02 1.04645732e-01 1.20084084e-01 1.35913746e-01 1.51794519e-01 1.67388534e-01 1.82300288e-01 1.96057155e-01 2.08289321e-01 2.18596311e-01 2.26635039e-01 2.32160325e-01 2.34970335e-01 2.34970335e-01 2.32160325e-01 2.26635039e-01 2.18596311e-01 2.08289321e-01 1.96057155e-01 1.82300288e-01 1.67388534e-01 1.51794519e-01 1.35913746e-01 1.20084084e-01 1.04645732e-01 8.98883840e-02 7.59779542e-02 6.30765344e-02 5.13238182e-02 4.08246020e-02 3.15119713e-02 2.34778364e-02 1.66607105e-02 1.10358499e-02 6.58297461e-03 3.27009510e-03 1.10499657e-03 8.31942602e-05 -3.36475264e-09 -3.59987062e-09 -3.80264187e-09 -3.97450928e-09 -4.12388274e-09 -4.26512664e-09 -4.41598652e-09 -4.59375671e-09 -4.81092938e-09 -5.07141262e-09 -5.36850264e-09 -5.68551090e-09 -5.99929922e-09 -6.28605235e-09 -6.52776061e-09 -6.71736977e-09 -6.86072599e-09 -6.97432301e-09 -7.07929060e-09 -7.19348925e-09 -7.32448757e-09 -7.46609435e-09 -7.59993607e-09 -7.70170649e-09 -7.74986020e-09 -7.73348818e-09 -7.65634633e-09 -7.53546336e-09 -7.39488187e-09 -7.25694549e-09 -7.13445830e-09 -7.02659875e-09 -6.91994279e-09 -6.79399331e-09 -6.62900940e-09 -6.41327691e-09 -6.14738871e-09 -5.84435755e-09 -5.52587154e-09 -5.21621879e-09 -4.93592067e-09 -4.69693734e-09 -4.50056442e-09 -4.33821212e-09 -4.19445095e-09 -4.05122674e-09 -3.89207194e-09 -3.70537412e-09 -3.48617668e-09 -3.23643479e-09 4.48203336e-04 2.04381645e-03 4.78435376e-03 8.66122584e-03 1.37006039e-02 1.99119223e-02 2.73412062e-02 3.60082674e-02 4.59204084e-02 5.70447357e-02 6.94010473e-02 8.28313278e-02 9.71784277e-02 1.12295138e-01 1.27967624e-01 1.43876833e-01 1.59660467e-01 1.74947531e-01 1.89352313e-01 2.02383948e-01 2.13711207e-01 2.22914815e-01 2.29727474e-01 2.33912271e-01 2.35323891e-01
2.40549608e-01 2.39084940e-01 2.34738261e-01 2.27687105e-01 2.18160307e-01 2.06495615e-01 1.93059697e-01 1.78265978e-01 1.62516299e-01 1.46231081e-01 1.29876260e-01 1.13798714e-01 9.82892133e-02 8.36270678e-02 6.99795759e-02 5.74295658e-02 4.61155028e-02 3.61137029e-02 2.73728500e-02 1.99098550e-02 1.36827687e-02 8.64129129e-03 4.76796654e-03 2.03797489e-03 4.47535969e-04 -3.60665869e-09 -3.85901938e-09 -4.07640210e-09 -4.25734414e-09 -4.40771314e-09 -4.54005528e-09 -4.67139843e-09 -4.81974843e-09 -4.99990388e-09 -5.21956117e-09 -5.47679224e-09 -5.75979853e-09 -6.04931150e-09 -6.32326741e-09 -6.56259225e-09 -6.75640688e-09 -6.90493762e-09 -7.01899222e-09 -7.11593490e-09 -7.21333654e-09 -7.32239946e-09 -7.44351131e-09 -7.56563234e-09 -7.66988240e-09 -7.73612291e-09 -7.75015607e-09 -7.70885672e-09 -7.62130847e-09 -7.50550933e-09 -7.38189398e-09 -7.26610405e-09 -7.16366139e-09 -7.06842718e-09 -6.96527530e-09 -6.83587364e-09 -6.66544642e-09 -6.44817993e-09 -6.18956453e-09 -5.90512134e-09 -5.61614838e-09 -5.34400107e-09 -5.10467402e-09 -4.90516416e-09 -4.74239781e-09 -4.60470140e-09 -4.47514259e-09 -4.33570424e-09 -4.17123314e-09 -3.97234379e-09 -3.73684583e-09 8.28291322e-05 1.10063183e-03 3.26053816e-03 6.55718642e-03 1.10116156e-02 1.66384120e-02 2.34878393e-02 3.15878326e-02 4.09647699e-02 5.16097097e-02 6.35440022e-02 7.66661268e-02 9.08373817e-02 1.05949373e-01 1.21790121e-01 1.38052137e-01 1.54424150e-01 1.70471449e-01 1.85811192e-01 1.99970914e-01 2.12573633e-01 2.23218317e-01 2.31535148e-01 2.37264610e-01 2.40182753e-01 2.40182753e-01 2.37264610e-01 2.31535148e-01 2.23218317e-01 2.12573633e-01 1.99970914e-01 1.85811192e-01 1.70471449e-01 1.54424150e-01 1.38052137e-01 1.21790121e-01 1.05949373e-01 9.08373817e-02 7.66661268e-02 6.35440022e-02 5.16097097e-02 4.09647699e-02 3.15878326e-02 2.34878393e-02 1.66384120e-02 1.10116156e-02 6.55718642e-03 3.26053816e-03 1.10063183e-03 8.28291322e-05 -3.73684605e-09 -3.97234379e-09 -4.17123325e-09 -4.33570418e-09 -4.47514248e-09 -4.60470140e-09 -4.74239781e-09 -4.90516427e-09 -5.10467424e-09 -5.34400135e-09 -5.61614866e-09 -5.90512117e-09 -6.18956453e-09 -6.44818010e-09 -6.66544653e-09 -6.83587370e-09 -6.96527519e-09 -7.06842701e-09 -7.16366133e-09 -7.26610416e-09 -7.38189404e-09 -7.50550921e-09 -7.62130842e-09 -7.70885666e-09 -7.75015607e-09 -7.73612302e-09 -7.66988240e-09 -7.56563234e-09 -7.44351131e-09 -7.32239941e-09 -7.21333659e-09 -7.11593506e-09 -7.01899222e-09 -6.90493751e-09 -6.75640671e-09 -6.56259225e-09 -6.32326741e-09 -6.04931127e-09 -5.75979858e-09 -5.47679235e-09 -5.21956117e-09 -4.99990377e-09 -4.81974854e-09 -4.67139832e-09 -4.54005517e-09 -4.40771314e-09 -4.25734403e-09 -4.07640233e-09 -3.85901955e-09 -3.60665869e-09 4.47535969e-04 2.03797489e-03 4.76796654e-03 8.64129129e-03 1.36827687e-02 1.99098550e-02 2.73728500e-02 3.61137029e-02 4.61155028e-02 5.74295657e-02 6.99795759e-02 8.36270678e-02 9.82892133e-02 1.13798714e-01 1.29876260e-01 1.46231081e-01 1.62516299e-01 1.78265978e-01 1.93059697e-01 2.06495615e-01 2.18160307e-01 2.27687105e-01 2.34738261e-01 2.39084940e-01 2.40549608e-01
2.45124999e-01 2.43610516e-01 2.39120108e-01 2.31829373e-01 2.22008534e-01 2.09970891e-01 1.96117829e-01 1.80913667e-01 1.64790462e-01 1.48157099e-01 1.31414189e-01 1.14948997e-01 9.91187581e-02 8.41623266e-02 7.02984068e-02 5.76239545e-02 4.61829283e-02 3.60939270e-02 2.73207728e-02 1.98404185e-02 1.36102400e-02 8.58815568e-03 4.73760003e-03 2.02536510e-03 4.44759102e-04 -3.94216038e-09 -4.19568569e-09 -4.41084641e-09 -4.58634331e-09 -4.72857825e-09 -4.85068108e-09 -4.97001279e-09 -5.10449744e-09 -5.26848681e-09 -5.46913437e-09 -5.70427172e-09 -5.96253003e-09 -6.22590202e-09 -6.47424192e-09 -6.69054878e-09 -6.86549573e-09 -6.99974562e-09 -7.10319237e-09 -7.19121929e-09 -7.27909877e-09 -7.37638217e-09 -7.48323753e-09 -7.59009294e-09 -7.68079955e-09 -7.73824188e-09 -7.75039433e-09 -7.71461356e-09 -7.63858621e-09 -7.53757834e-09 -7.42900441e-09 -7.32631250e-09 -7.23438986e-09 -7.14810544e-09 -7.05442615e-09 -6.93727459e-09 -6.78339185e-09 -6.58720317e-09 -6.35314790e-09 -6.09484763e-09 -5.83152637e-09 -5.58290530e-09 -5.36413475e-09 -5.18215382e-09 -5.03433256e-09 -4.90953778e-09 -4.79112156e-09 -4.66093342e-09 -4.50332954e-09 -4.30832414e-09 -4.07334161e-09 8.21960147e-05 1.09302241e-03 3.24088656e-03 6.51775442e-03 1.09537370e-02 1.65718915e-02 2.34110294e-02 3.15531249e-02 4.09646878e-02 5.17309630e-02 6.38025667e-02 7.70934659e-02 9.15119819e-02 1.06919951e-01 1.23102797e-01 1.39769803e-01 1.56518789e-01 1.72938810e-01 1.88668008e-01 2.03248548e-01 2.16242075e-01 2.27216320e-01 2.35808522e-01 2.41729788e-01 2.44745634e-01 2.44745634e-01 2.41729788e-01 2.35808522e-01 2.27216320e-01 2.16242075e-01 2.03248548e-01 1.88668008e-01 1.72938810e-01 1.56518789e-01 1.39769803e-01 1.23102797e-01 1.06919951e-01 9.15119819e-02 7.70934659e-02 6.38025667e-02 5.17309630e-02 4.09646878e-02 3.15531249e-02 2.34110294e-02 1.65718915e-02 1.09537370e-02 6.51775442e-03 3.24088656e-03 1.09302241e-03 8.21960147e-05 -4.07334161e-09 -4.30832420e-09 -4.50332943e-09 -4.66093342e-09 -4.79112172e-09 -4.90953778e-09 -5.03433251e-09 -5.18215360e-09 -5.36413480e-09 -5.58290525e-09 -5.83152621e-09 -6.09484774e-09 -6.35314779e-09 -6.58720312e-09 -6.78339174e-09 -6.93727475e-09 -7.05442588e-09 -7.14810544e-09 -7.23438986e-09 -7.32631250e-09 -7.42900458e-09 -7.53757839e-09 -7.63858632e-09 -7.71461356e-09 -7.75039433e-09 -7.73824188e-09 -7.68079961e-09 -7.59009294e-09 -7.48323753e-09 -7.37638228e-09 -7.27909888e-09 -7.19121918e-09 -7.10319231e-09 -6.99974567e-09 -6.86549556e-09 -6.69054878e-09 -6.47424170e-09 -6.22590207e-09 -5.96253003e-09 -5.70427156e-09 -5.46913437e-09 -5.26848687e-09 -5.10449738e-09 -4.97001279e-09 -4.85068091e-09 -4.72857825e-09 -4.58634325e-09 -4.41084652e-09 -4.19568591e-09 -3.94216043e-09 4.44759102e-04 2.02536510e-03 4.73760003e-03 8.58815568e-03 1.36102400e-02 1.98404185e-02 2.73207728e-02 3.60939270e-02 4.61829283e-02 5.76239545e-02 7.02984068e-02 8.41623266e-02 9.91187581e-02 1.14948997e-01 1.31414189e-01 1.48157099e-01 1.64790462e-01 1.80913667e-01 1.96117829e-01 2.09970891e-01 2.22008534e-01 2.31829373e-01 2.39120108e-01 2.43610516e-01 2.45124999e-01
2.49206012e-01 2.47645393e-01 2.43013760e-01 2.35491119e-01 2.25384708e-01 2.13003238e-01 1.98761719e-01 1.83176275e-01 1.66624607e-01 1.49638679e-01 1.32592415e-01 1.15827143e-01 9.96918640e-02 8.45058123e-02 7.04548794e-02 5.76447184e-02 4.61422846e-02 3.59819173e-02 2.71951791e-02 1.97163940e-02 1.35042888e-02 8.51302130e-03 4.69371140e-03 2.00477498e-03 4.40776762e-04 -4.24646796e-09 -4.50000476e-09 -4.71277178e-09 -4.88332041e-09 -5.01824649e-09 -5.13096349e-09 -5.23898008e-09 -5.36011346e-09 -5.50840989e-09 -5.69073527e-09 -5.90495064e-09 -6.14028467e-09 -6.37996106e-09 -6.60550559e-09 -6.80159740e-09 -6.96006131e-09 -7.08175757e-09 -7.17569687e-09 -7.25558169e-09 -7.33483169e-09 -7.42173079e-09 -7.51635038e-09 -7.61035529e-09 -7.68980390e-09 -7.73998510e-09 -7.75058995e-09 -7.71935482e-09 -7.65286445e-09 -7.56422025e-09 -7.46841888e-09 -7.37711042e-09 -7.29459965e-09 -7.21648874e-09 -7.13139564e-09 -7.02510350e-09 -6.88569463e-09 -6.70794648e-09 -6.49558585e-09 -6.26075242e-09 -6.02093025e-09 -5.79434795e-09 -5.59523444e-09 -5.43023793e-09 -5.29689526e-09 -5.18440435e-09 -5.07634190e-09 -4.95453245e-09 -4.80309315e-09 -4.61176697e-09 -4.37792713e-09 8.17546322e-05 1.08330838e-03 3.21056446e-03 6.46121723e-03 1.08633018e-02 1.64606083e-02 2.32850263e-02 3.14296527e-02 4.08870374e-02 5.17202478e-02 6.38896349e-02 7.73235850e-02 9.19656835e-02 1.07660062e-01 1.24151698e-01 1.41093164e-01 1.58174391e-01 1.74990023e-01 1.91121675e-01 2.06083523e-01 2.19457026e-01 2.30738406e-01 2.39596099e-01 2.45706158e-01 2.48815096e-01 2.48815096e-01 2.45706158e-01 2.39596099e-01 2.30738406e-01 2.19457026e-01 2.06083523e-01 1.91121675e-01 1.74990023e-01 1.58174391e-01 1.41093164e-01 1.24151698e-01 1.07660062e-01 9.19656835e-02 7.73235850e-02 6.38896349e-02 5.17202478e-02 4.08870374e-02 3.14296527e-02 2.32850263e-02 1.64606083e-02 1.08633018e-02 6.46121723e-03 3.21056446e-03 1.08330838e-03 8.17546322e-05 -4.37792708e-09 -4.61176702e-09 -4.80309326e-09 -4.95453223e-09 -5.07634201e-09 -5.18440429e-09 -5.29689531e-09 -5.43023793e-09 -5.59523433e-09 -5.79434811e-09 -6.02093020e-09 -6.26075242e-09 -6.49558574e-09 -6.70794642e-09 -6.88569474e-09 -7.02510361e-09 -7.13139564e-09 -7.21648868e-09 -7.29459965e-09 -7.37711053e-09 -7.46841888e-09 -7.56422008e-09 -7.65286445e-09 -7.71935482e-09 -7.75058995e-09 -7.73998510e-09 -7.68980390e-09 -7.61035546e-09 -7.51635032e-09 -7.42173079e-09 -7.33483174e-09 -7.25558180e-09 -7.17569693e-09 -7.08175740e-09 -6.96006153e-09 -6.80159740e-09 -6.60550564e-09 -6.37996089e-09 -6.14028467e-09 -5.90495064e-09 -5.69073527e-09 -5.50840995e-09 -5.36011346e-09 -5.23898019e-09 -5.13096338e-09 -5.01824649e-09 -4.88332041e-09 -4.71277184e-09 -4.50000481e-09 -4.24646796e-09 4.40776762e-04 2.00477498e-03 4.69371140e-03 8.51302130e-03 1.35042888e-02 1.97163940e-02 2.71951791e-02 3.59819173e-02 4.61422846e-02 5.76447184e-02 7.04548794e-02 8.45058123e-02 9.96918640e-02 1.15827143e-01 1.32592415e-01 1.49638679e-01 1.66624607e-01 1.83176275e-01 1.98761719e-01 2.13003238e-01 2.25384708e-01 2.35491119e-01 2.43013760e-01 2.47645393e-01 2.49206012e-01
2.52957721e-01 2.51349468e-01 2.46588021e-01 2.38839496e-01 2.28384620e-01 2.15682663e-01 2.01077462e-01 1.85101356e-01 1.68183929e-01 1.50838537e-01 1.33469293e-01 1.16453038e-01 1.00093008e-01 8.46751297e-02 7.04576204e-02 5.75588868e-02 4.59978788e-02 3.58009602e-02 2.70146026e-02 1.95524360e-02 1.33809996e-02 8.42355737e-03 4.64043064e-03 1.97997633e-03 4.34720014e-04 -4.52270010e-09 -4.77521828e-09 -4.98549352e-09 -5.15164078e-09 -5.28014182e-09 -5.38443146e-09 -5.48200230e-09 -5.59053615e-09 -5.72387554e-09 -5.88878374e-09 -6.08334116e-09 -6.29747565e-09 -6.51559873e-09 -6.72070832e-09 -6.89886887e-09 -7.04277703e-09 -7.15333648e-09 -7.23872284e-09 -7.31119310e-09 -7.38264100e-09 -7.46035034e-09 -7.54436802e-09 -7.62741192e-09 -7.69735609e-09 -7.74144449e-09 -7.75075382e-09 -7.72332648e-09 -7.66485908e-09 -7.58670032e-09 -7.50187179e-09 -7.42052608e-09 -7.34643968e-09 -7.27576605e-09 -7.19845650e-09 -7.10185649e-09 -6.97524183e-09 -6.81379947e-09 -6.62077232e-09 -6.40712194e-09 -6.18884960e-09 -5.98281663e-09 -5.80229531e-09 -5.65348779e-09 -5.53389956e-09 -5.43290746e-09 -5.33427258e-09 -5.21989257e-09 -5.07386566e-09 -4.88595547e-09 -4.65378985e-09 8.06689348e-05 1.07124672e-03 3.17091007e-03 6.39296615e-03 1.07535628e-02 1.63173461e-02 2.31180257e-02 3.12368547e-02 4.07176404e-02 5.15975230e-02 6.38424907e-02 7.74178007e-02 9.22608635e-02 1.08184203e-01 1.24892549e-01 1.42114419e-01 1.59554622e-01 1.76721059e-01 1.93228828e-01 2.08596492e-01 2.22287871e-01 2.33923854e-01 2.43071957e-01 2.49355397e-01 2.52554392e-01 2.52554392e-01 2.49355397e-01 2.43071957e-01 2.33923854e-01 2.22287871e-01 2.08596492e-01 1.93228828e-01 1.76721059e-01 1.59554622e-01 1.42114419e-01 1.24892549e-01 1.08184203e-01 9.22608635e-02 7.74178007e-02 6.38424907e-02 5.15975230e-02 4.07176404e-02 3.12368546e-02 2.31180257e-02 1.63173461e-02 1.07535628e-02 6.39296615e-03 3.17091007e-03 1.07124672e-03 8.06689348e-05 -4.65379002e-09 -4.88595553e-09 -5.07386555e-09 -5.21989257e-09 -5.33427247e-09 -5.43290740e-09 -5.53389951e-09 -5.65348779e-09 -5.80229526e-09 -5.98281652e-09 -6.18884960e-09 -6.40712200e-09 -6.62077226e-09 -6.81379964e-09 -6.97524194e-09 -7.10185649e-09 -7.19845661e-09 -7.27576610e-09 -7.34643968e-09 -7.42052608e-09 -7.50187190e-09 -7.58670032e-09 -7.66485897e-09 -7.72332648e-09 -7.75075382e-09 -7.74144449e-09 -7.69735609e-09 -7.62741192e-09 -7.54436802e-09 -7.46035039e-09 -7.38264094e-09 -7.31119298e-09 -7.23872279e-09 -7.15333653e-09 -7.04277686e-09 -6.89886887e-09 -6.72070832e-09 -6.51559856e-09 -6.29747576e-09 -6.08334133e-09 -5.88878374e-09 -5.72387554e-09 -5.59053609e-09 -5.48200241e-09 -5.38443151e-09 -5.28014182e-09 -5.15164078e-09 -4.98549357e-09 -4.77521833e-09 -4.52269999e-09 4.34720014e-04 1.97997633e-03 4.64043064e-03 8.42355737e-03 1.33809996e-02 1.95524360e-02 2.70146026e-02 3.58009602e-02 4.59978788e-02 5.75588868e-02 7.04576204e-02 8.46751297e-02 1.00093008e-01 1.16453038e-01 1.33469293e-01 1.50838537e-01 1.68183929e-01 1.85101356e-01 2.01077462e-01 2.15682663e-01 2.28384620e-01 2.38839496e-01 2.46588021e-01 2.51349468e-01 2.52957721e-01
2.56344601e-01 2.54697492e-01 2.49815184e-01 2.41888720e-01 2.31199250e-01 2.18151156e-01 2.03157388e-01 1.86758511e-01 1.69493817e-01 1.51804599e-01 1.34139095e-01 1.16845446e-01 1.00315366e-01 8.47411899e-02 7.03541333e-02 5.73625924e-02 4.57643205e-02 3.55696123e-02 2.67898993e-02 1.93592785e-02 1.32355450e-02 8.32361538e-03 4.57878922e-03 1.95404115e-03 4.30020442e-04 -4.77369577e-09 -5.02419006e-09 -5.23185650e-09 -5.39411643e-09 -5.51706308e-09 -5.61391655e-09 -5.70200354e-09 -5.79883291e-09 -5.91811267e-09 -6.06663503e-09 -6.24282870e-09 -6.43738418e-09 -6.63585015e-09 -6.82253692e-09 -6.98467162e-09 -7.11562026e-09 -7.21623317e-09 -7.29390404e-09 -7.35963301e-09 -7.42403461e-09 -7.49358564e-09 -7.56835011e-09 -7.64194835e-09 -7.70377262e-09 -7.74268216e-09 -7.75089265e-09 -7.72669745e-09 -7.67506420e-09 -7.60589797e-09 -7.53058005e-09 -7.45800005e-09 -7.39146166e-09 -7.32754030e-09 -7.25728877e-09 -7.16938359e-09 -7.05416653e-09 -6.90725854e-09 -6.73157774e-09 -6.53713039e-09 -6.33863562e-09 -6.15169526e-09 -5.98861721e-09 -5.85505328e-09 -5.74833653e-09 -5.65791708e-09 -5.56772123e-09 -5.45981549e-09 -5.31847466e-09 -5.13374759e-09 -4.90378876e-09 7.94197813e-05 1.05591050e-03 3.12891563e-03 6.30789803e-03 1.06212923e-02 1.61397374e-02 2.29079877e-02 3.10013218e-02 4.04846111e-02 5.13941273e-02 6.36855137e-02 7.73936646e-02 9.23980500e-02 1.08478706e-01 1.25413399e-01 1.42940072e-01 1.60671759e-01 1.78226368e-01 1.95090481e-01 2.10867328e-01 2.24944720e-01 2.36866901e-01 2.46215125e-01 2.52652955e-01 2.55931989e-01 2.55931989e-01 2.52652955e-01 2.46215125e-01 2.36866901e-01 2.24944720e-01 2.10867328e-01 1.95090481e-01 1.78226368e-01 1.60671759e-01 1.42940072e-01 1.25413399e-01 1.08478706e-01 9.23980500e-02 7.73936646e-02 6.36855137e-02 5.13941273e-02 4.04846111e-02 3.10013218e-02 2.29079877e-02 1.61397374e-02 1.06212923e-02 6.30789803e-03 3.12891563e-03 1.05591050e-03 7.94197813e-05 -4.90378887e-09 -5.13374754e-09 -5.31847477e-09 -5.45981554e-09 -5.56772145e-09 -5.65791713e-09 -5.74833647e-09 -5.85505339e-09 -5.98861716e-09 -6.15169526e-09 -6.33863545e-09 -6.53713039e-09 -6.73157780e-09 -6.90725843e-09 -7.05416670e-09 -7.16938353e-09 -7.25728905e-09 -7.32754030e-09 -7.39146166e-09 -7.45800016e-09 -7.53057999e-09 -7.60589791e-09 -7.67506414e-09 -7.72669745e-09 -7.75089259e-09 -7.74268216e-09 -7.70377262e-09 -7.64194846e-09 -7.56835017e-09 -7.49358547e-09 -7.42403450e-09 -7.35963301e-09 -7.29390393e-09 -7.21623333e-09 -7.11562015e-09 -6.98467162e-09 -6.82253698e-09 -6.63585020e-09 -6.43738418e-09 -6.24282881e-09 -6.06663503e-09 -5.91811239e-09 -5.79883308e-09 -5.70200337e-09 -5.61391655e-09 -5.51706308e-09 -5.39411638e-09 -5.23185639e-09 -5.02419006e-09 -4.77369577e-09 4.30020442e-04 1.95404115e-03 4.57878922e-03 8.32361538e-03 1.32355450e-02 1.93592785e-02 2.67898993e-02 3.55696123e-02 4.57643205e-02 5.73625924e-02 7.03541333e-02 8.47411898e-02 1.00315366e-01 1.16845446e-01 1.34139095e-01 1.51804599e-01 1.69493817e-01 1.86758511e-01 2.03157388e-01 2.18151156e-01 2.31199250e-01 2.41888720e-01 2.49815184e-01 2.54697492e-01 2.56344601e-01
2.59288081e-01 2.57610120e-01 2.52641527e-01 2.44553102e-01 2.33654284e-01 2.20334798e-01 2.05045768e-01 1.88301754e-01 1.70626472e-01 1.52586724e-01 1.34610711e-01 1.17108482e-01 1.00363999e-01 8.46770284e-02 7.01847922e-02 5.70819072e-02 4.54757416e-02 3.52830706e-02 2.65123233e-02 1.91410262e-02 1.30605145e-02 8.20669067e-03 4.51270071e-03 1.92622842e-03 4.23899448e-04 -5.00207048e-09 -5.24951205e-09 -5.45438250e-09 -5.61318847e-09 -5.73139070e-09 -5.82178161e-09 -5.90138138e-09 -5.98748057e-09 -6.09369011e-09 -6.22692242e-09 -6.38604170e-09 -6.56253568e-09 -6.74303968e-09 -6.91304530e-09 -7.06077147e-09 -7.18010829e-09 -7.27179172e-09 -7.34248717e-09 -7.40209261e-09 -7.46013418e-09 -7.52242374e-09 -7.58906510e-09 -7.65445901e-09 -7.70928099e-09 -7.74374298e-09 -7.75101150e-09 -7.72958897e-09 -7.68383479e-09 -7.62244823e-09 -7.55543128e-09 -7.49059725e-09 -7.43082634e-09 -7.37302863e-09 -7.30917937e-09 -7.22910448e-09 -7.12410253e-09 -6.99023200e-09 -6.83019657e-09 -6.65321392e-09 -6.47287851e-09 -6.30362690e-09 -6.15680829e-09 -6.03745709e-09 -5.94263938e-09 -5.86180726e-09 -5.77905362e-09 -5.67670694e-09 -5.53940144e-09 -5.35770422e-09 -5.13053577e-09 7.82013330e-05 1.04000755e-03 3.08288602e-03 6.21587552e-03 1.04808029e-02 1.59355150e-02 2.26644172e-02 3.07219438e-02 4.01934901e-02 5.10986710e-02 6.34615325e-02 7.72706015e-02 9.23821929e-02 1.08622824e-01 1.25794663e-01 1.43567533e-01 1.61609864e-01 1.79545722e-01 1.96824412e-01 2.12910391e-01 2.27267838e-01 2.39427752e-01 2.48972161e-01 2.55527578e-01 2.58867719e-01 2.58867719e-01 2.55527578e-01 2.48972161e-01 2.39427752e-01 2.27267838e-01 2.12910391e-01 1.96824412e-01 1.79545722e-01 1.61609864e-01 1.43567533e-01 1.25794663e-01 1.08622824e-01 9.23821929e-02 7.72706015e-02 6.34615325e-02 5.10986710e-02 4.01934901e-02 3.07219438e-02 2.26644172e-02 1.59355150e-02 1.04808029e-02 6.21587552e-03 3.08288602e-03 1.04000755e-03 7.82013330e-05 -5.13053577e-09 -5.35770417e-09 -5.53940144e-09 -5.67670710e-09 -5.77905379e-09 -5.86180726e-09 -5.94263955e-09 -6.03745720e-09 -6.15680840e-09 -6.30362706e-09 -6.47287857e-09 -6.65321376e-09 -6.83019652e-09 -6.99023195e-09 -7.12410242e-09 -7.22910459e-09 -7.30917937e-09 -7.37302852e-09 -7.43082634e-09 -7.49059709e-09 -7.55543117e-09 -7.62244812e-09 -7.68383479e-09 -7.72958897e-09 -7.75101150e-09 -7.74374298e-09 -7.70928099e-09 -7.65445918e-09 -7.58906510e-09 -7.52242352e-09 -7.46013401e-09 -7.40209249e-09 -7.34248728e-09 -7.27179156e-09 -7.18010817e-09 -7.06077147e-09 -6.91304536e-09 -6.74304002e-09 -6.56253574e-09 -6.38604181e-09 -6.22692242e-09 -6.09368989e-09 -5.98748057e-09 -5.90138138e-09 -5.82178145e-09 -5.73139070e-09 -5.61318853e-09 -5.45438267e-09 -5.24951205e-09 -5.00207048e-09 4.23899448e-04 1.92622842e-03 4.51270071e-03 8.20669067e-03 1.30605145e-02 1.91410262e-02 2.65123233e-02 3.52830706e-02 4.54757416e-02 5.70819072e-02 7.01847922e-02 8.46770284e-02 1.00363999e-01 1.17108482e-01 1.34610711e-01 1.52586724e-01 1.70626472e-01 1.88301754e-01 2.05045768e-01 2.20334798e-01 2.33654284e-01 2.44553102e-01 2.52641527e-01 2.57610120e-01 2.59288081e-01
2.62073630e-01 2.60345904e-01 2.55235355e-01 2.46924964e-01 2.35769970e-01 2.22189882e-01 2.06655533e-01 1.89618230e-01 1.71646151e-01 1.53234942e-01 1.34952246e-01 1.17210149e-01 1.00308156e-01 8.44776136e-02 6.99292001e-02 5.67520247e-02 4.51166415e-02 3.49535850e-02 2.62136609e-02 1.88975907e-02 1.28688409e-02 8.07807368e-03 4.43963140e-03 1.89394379e-03 4.16603952e-04 -5.21023824e-09 -5.45355855e-09 -5.65535246e-09 -5.81102921e-09 -5.92520616e-09 -6.01005579e-09 -6.08215989e-09 -6.15853391e-09 -6.25270830e-09 -6.37177100e-09 -6.51507870e-09 -6.67492966e-09 -6.83899737e-09 -6.99384706e-09 -7.12855847e-09 -7.23743809e-09 -7.32107153e-09 -7.38545008e-09 -7.43949635e-09 -7.49179851e-09 -7.54761104e-09 -7.60708929e-09 -7.66531172e-09 -7.71404879e-09 -7.74466002e-09 -7.75111436e-09 -7.73208969e-09 -7.69143388e-09 -7.63682512e-09 -7.57709395e-09 -7.51912754e-09 -7.46543038e-09 -7.41318118e-09 -7.35514166e-09 -7.28213995e-09 -7.18633664e-09 -7.06421982e-09 -6.91835444e-09 -6.75729461e-09 -6.59363641e-09 -6.44073134e-09 -6.30898589e-09 -6.20277768e-09 -6.11884449e-09 -6.04659917e-09 -5.97031946e-09 -5.87269067e-09 -5.73887182e-09 -5.56015645e-09 -5.33643424e-09 7.73250339e-05 1.02254235e-03 3.03336627e-03 6.11953029e-03 1.03245963e-02 1.57235277e-02 2.23903461e-02 3.04047957e-02 3.98565130e-02 5.07449869e-02 6.31650879e-02 7.70389308e-02 9.22377982e-02 1.08652251e-01 1.26007267e-01 1.44063419e-01 1.62464776e-01 1.80717707e-01 1.98285047e-01 2.14642916e-01 2.29251988e-01 2.41675947e-01 2.51461991e-01 2.58203869e-01 2.61640143e-01 2.61640143e-01 2.58203869e-01 2.51461991e-01 2.41675947e-01 2.29251988e-01 2.14642916e-01 1.98285047e-01 1.80717707e-01 1.62464776e-01 1.44063419e-01 1.26007267e-01 1.08652251e-01 9.22377982e-02 7.70389308e-02 6.31650879e-02 5.07449869e-02 3.98565130e-02 3.04047957e-02 2.23903461e-02 1.57235277e-02 1.03245963e-02 6.11953029e-03 3.03336627e-03 1.02254235e-03 7.73250339e-05 -5.33643418e-09 -5.56015645e-09 -5.73887193e-09 -5.87269067e-09 -5.97031935e-09 -6.04659917e-09 -6.11884454e-09 -6.20277768e-09 -6.30898578e-09 -6.44073139e-09 -6.59363641e-09 -6.75729461e-09 -6.91835456e-09 -7.06421988e-09 -7.18633675e-09 -7.28213978e-09 -7.35514172e-09 -7.41318118e-09 -7.46543038e-09 -7.51912765e-09 -7.57709390e-09 -7.63682517e-09 -7.69143388e-09 -7.73208969e-09 -7.75111436e-09 -7.74466002e-09 -7.71404879e-09 -7.66531166e-09 -7.60708929e-09 -7.54761087e-09 -7.49179840e-09 -7.43949646e-09 -7.38544992e-09 -7.32107153e-09 -7.23743809e-09 -7.12855847e-09 -6.99384700e-09 -6.83899748e-09 -6.67492961e-09 -6.51507875e-09 -6.37177100e-09 -6.25270830e-09 -6.15853413e-09 -6.08215994e-09 -6.01005579e-09 -5.92520616e-09 -5.81102921e-09 -5.65535252e-09 -5.45355849e-09 -5.21023819e-09 4.16603952e-04 1.89394379e-03 4.43963140e-03 8.07807368e-03 1.28688409e-02 1.88975907e-02 2.62136609e-02 3.49535850e-02 4.51166415e-02 5.67520247e-02 6.99292001e-02 8.44776136e-02 1.00308156e-01 1.17210149e-01 1.34952246e-01 1.53234942e-01 1.71646151e-01 1.89618230e-01 2.06655533e-01 2.22189882e-01 2.35769970e-01 2.46924964e-01 2.55235354e-01 2.60345904e-01 2.62073630e-01
2.64622185e-01 2.62862607e-01 2.57657668e-01 2.49213776e-01 2.37829381e-01 2.23900904e-01 2.07988076e-01 1.90684601e-01 1.72467424e-01 1.53796071e-01 1.35216240e-01 1.17218546e-01 1.00139624e-01 8.41917695e-02 6.95771355e-02 5.63865642e-02 4.47014439e-02 3.45854121e-02 2.58946710e-02 1.86356654e-02 1.26683101e-02 7.94050936e-03 4.36219275e-03 1.85931953e-03 4.07920818e-04 -5.40042217e-09 -5.63851393e-09 -5.83685095e-09 -5.98960392e-09 -6.10036682e-09 -6.18052176e-09 -6.24608620e-09 -6.31373820e-09 -6.39692227e-09 -6.50293341e-09 -6.63165062e-09 -6.77618400e-09 -6.92519686e-09 -7.06623998e-09 -7.18915094e-09 -7.28857530e-09 -7.36492756e-09 -7.42357775e-09 -7.47257900e-09 -7.51970208e-09 -7.56972734e-09 -7.62286601e-09 -7.67478681e-09 -7.71820363e-09 -7.74545883e-09 -7.75120401e-09 -7.73426767e-09 -7.69806169e-09 -7.64939223e-09 -7.59608365e-09 -7.54422375e-09 -7.49598084e-09 -7.44875656e-09 -7.39599126e-09 -7.32939492e-09 -7.24190696e-09 -7.13042936e-09 -6.99743929e-09 -6.85092444e-09 -6.70258088e-09 -6.56474608e-09 -6.44690651e-09 -6.35276454e-09 -6.27869418e-09 -6.21405255e-09 -6.14333306e-09 -6.04967437e-09 -5.91891125e-09 -5.74324377e-09 -5.52369805e-09 7.61175088e-05 1.00535655e-03 2.97815558e-03 6.01573918e-03 1.01604903e-02 1.54971475e-02 2.20892797e-02 3.00651502e-02 3.94586144e-02 5.03551558e-02 6.27997059e-02 7.67021007e-02 9.20152441e-02 1.08536800e-01 1.26105691e-01 1.44478329e-01 1.63149385e-01 1.81658542e-01 1.99487904e-01 2.16143390e-01 2.31152434e-01 2.43865766e-01 2.53820905e-01 2.60681285e-01 2.64180854e-01 2.64180854e-01 2.60681285e-01 2.53820905e-01 2.43865766e-01 2.31152434e-01 2.16143390e-01 1.99487904e-01 1.81658542e-01 1.63149385e-01 1.44478329e-01 1.26105691e-01 1.08536800e-01 9.20152441e-02 7.67021007e-02 6.27997059e-02 5.03551558e-02 3.94586144e-02 3.00651502e-02 2.20892797e-02 1.54971475e-02 1.01604903e-02 6.01573918e-03 2.97815558e-03 1.00535655e-03 7.61175088e-05 -5.52369800e-09 -5.74324377e-09 -5.91891125e-09 -6.04967437e-09 -6.14333323e-09 -6.21405238e-09 -6.27869423e-09 -6.35276454e-09 -6.44690634e-09 -6.56474608e-09 -6.70258088e-09 -6.85092438e-09 -6.99743929e-09 -7.13042925e-09 -7.24190680e-09 -7.32939498e-09 -7.39599132e-09 -7.44875672e-09 -7.49598084e-09 -7.54422369e-09 -7.59608354e-09 -7.64939223e-09 -7.69806158e-09 -7.73426767e-09 -7.75120401e-09 -7.74545883e-09 -7.71820396e-09 -7.67478681e-09 -7.62286601e-09 -7.56972729e-09 -7.51970175e-09 -7.47257906e-09 -7.42357747e-09 -7.36492756e-09 -7.28857530e-09 -7.18915094e-09 -7.06623993e-09 -6.92519697e-09 -6.77618395e-09 -6.63165056e-09 -6.50293341e-09 -6.39692233e-09 -6.31373809e-09 -6.24608615e-09 -6.18052176e-09 -6.10036682e-09 -5.98960387e-09 -5.83685100e-09 -5.63851388e-09 -5.40042211e-09 4.07920818e-04 1.85931953e-03 4.36219275e-03 7.94050936e-03 1.26683101e-02 1.86356654e-02 2.58946710e-02 3.45854121e-02 4.47014439e-02 5.63865642e-02 6.95771355e-02 8.41917695e-02 1.00139624e-01 1.17218547e-01 1.35216240e-01 1.53796071e-01 1.72467424e-01 1.90684601e-01 2.07988076e-01 2.23900904e-01 2.37829381e-01 2.49213776e-01 2.57657668e-01 2.62862608e-01 2.64622185e-01
2.66886154e-01 2.65093755e-01 2.59784394e-01 2.51164061e-01 2.39589893e-01 2.25463631e-01 2.09288861e-01 1.91608590e-01 1.73066996e-01 1.54185833e-01 1.35396255e-01 1.17144101e-01 9.98749305e-02 8.38414259e-02 6.91505409e-02 5.59551266e-02 4.42705263e-02 3.41796564e-02 2.55538819e-02 1.83502329e-02 1.24607337e-02 7.80234159e-03 4.27970694e-03 1.82318235e-03 4.00698126e-04 -5.57465429e-09 -5.80638793e-09 -6.00079558e-09 -6.15070883e-09 -6.25855234e-09 -6.33476882e-09 -6.39469355e-09 -6.45459974e-09 -6.52782506e-09 -6.62188004e-09 -6.73717920e-09 -6.86763207e-09 -7.00284797e-09 -7.13128789e-09 -7.24346710e-09 -7.33431338e-09 -7.40406247e-09 -7.45751100e-09 -7.50193507e-09 -7.54438489e-09 -7.58923213e-09 -7.63674257e-09 -7.68310304e-09 -7.72184522e-09 -7.74615794e-09 -7.75128239e-09 -7.73617564e-09 -7.70387387e-09 -7.66043334e-09 -7.61280805e-09 -7.56638874e-09 -7.52304746e-09 -7.48037293e-09 -7.43239675e-09 -7.37161276e-09 -7.29166572e-09 -7.18984922e-09 -7.06858949e-09 -6.93537849e-09 -6.80109435e-09 -6.67712152e-09 -6.57205451e-09 -6.48891740e-09 -6.42370623e-09 -6.36572461e-09 -6.29972596e-09 -6.20939417e-09 -6.08137768e-09 -5.90893612e-09 -5.69435998e-09 7.42057202e-05 9.85963930e-04 2.92055591e-03 5.90565179e-03 9.98803890e-03 1.52544835e-02 2.17762564e-02 2.96910914e-02 3.90250856e-02 4.99259468e-02 6.23636885e-02 7.63128196e-02 9.16796094e-02 1.08352803e-01 1.26178943e-01 1.44758647e-01 1.63643560e-01 1.82386865e-01 2.00609359e-01 2.17595848e-01 2.32820045e-01 2.45724357e-01 2.55868410e-01 2.62868770e-01 2.66437005e-01 2.66437006e-01 2.62868770e-01 2.55868410e-01 2.45724357e-01 2.32820045e-01 2.17595849e-01 2.00609359e-01 1.82386865e-01 1.63643560e-01 1.44758647e-01 1.26178943e-01 1.08352803e-01 9.16796094e-02 7.63128196e-02 6.23636885e-02 4.99259468e-02 3.90250856e-02 2.96910914e-02 2.17762564e-02 1.52544835e-02 9.98803890e-03 5.90565179e-03 2.92055591e-03 9.85963930e-04 7.42057202e-05 -5.69436004e-09 -5.90893623e-09 -6.08137768e-09 -6.20939433e-09 -6.29972585e-09 -6.36572439e-09 -6.42370596e-09 -6.48891757e-09 -6.57205446e-09 -6.67712147e-09 -6.80109447e-09 -6.93537838e-09 -7.06858949e-09 -7.18984927e-09 -7.29166583e-09 -7.37161276e-09 -7.43239659e-09 -7.48037299e-09 -7.52304746e-09 -7.56638868e-09 -7.61280800e-09 -7.66043318e-09 -7.70387376e-09 -7.73617564e-09 -7.75128239e-09 -7.74615799e-09 -7.72184522e-09 -7.68310304e-09 -7.63674257e-09 -7.58923235e-09 -7.54438467e-09 -7.50193491e-09 -7.45751094e-09 -7.40406247e-09 -7.33431338e-09 -7.24346710e-09 -7.13128806e-09 -7.00284791e-09 -6.86763213e-09 -6.73717920e-09 -6.62188004e-09 -6.52782500e-09 -6.45459974e-09 -6.39469355e-09 -6.33476871e-09 -6.25855234e-09 -6.15070878e-09 -6.00079553e-09 -5.80638798e-09 -5.57465418e-09 4.00698126e-04 1.82318235e-03 4.27970694e-03 7.80234159e-03 1.24607337e-02 1.83502329e-02 2.55538819e-02 3.41796564e-02 4.42705263e-02 5.59551265e-02 6.91505408e-02 8.38414259e-02 9.98749305e-02 1.17144101e-01 1.35396255e-01 1.54185833e-01 1.73066996e-01 1.91608590e-01 2.09288862e-01 2.25463631e-01 2.39589893e-01 2.51164061e-01 2.59784394e-01 2.65093755e-01 2.66886154e-01
2.68863267e-01 2.67037309e-01 2.61641619e-01 2.52884307e-01 2.41115213e-01 2.26772886e-01 2.10336929e-01 1.92458859e-01 1.73588267e-01 1.54398083e-01 1.35429076e-01 1.17020436e-01 9.95427474e-02 8.33924952e-02 6.86809817e-02 5.54635589e-02 4.38166842e-02 3.37398203e-02 2.51945290e-02 1.80486175e-02 1.22443406e-02 7.65830560e-03 4.19543167e-03 1.78709731e-03 3.93433795e-04 -5.73477887e-09 -5.95902439e-09 -6.14895135e-09 -6.29599506e-09 -6.40129649e-09 -6.47423254e-09 -6.52934784e-09 -6.58243871e-09 -6.64670469e-09 -6.72986422e-09 -6.83286239e-09 -6.95039004e-09 -7.07295822e-09 -7.18987603e-09 -7.29227179e-09 -7.37531408e-09 -7.43906103e-09 -7.48778178e-09 -7.52805296e-09 -7.56628626e-09 -7.60649566e-09 -7.64899755e-09 -7.69043462e-09 -7.72505127e-09 -7.74677317e-09 -7.75135134e-09 -7.73785469e-09 -7.70899439e-09 -7.67017461e-09 -7.62759328e-09 -7.58603103e-09 -7.54709639e-09 -7.50853973e-09 -7.46491480e-09 -7.40941364e-09 -7.33632227e-09 -7.24330340e-09 -7.13275222e-09 -7.01172165e-09 -6.89033741e-09 -6.77908679e-09 -6.68570216e-09 -6.61254002e-09 -6.55521998e-09 -6.50301202e-09 -6.44097847e-09 -6.35344100e-09 -6.22798157e-09 -6.05904460e-09 -5.85027682e-09 7.26011913e-05 9.65347706e-04 2.86275270e-03 5.78961364e-03 9.80053609e-03 1.49912034e-02 2.14511804e-02 2.92860060e-02 3.85796827e-02 4.94489405e-02 6.18656529e-02 7.58480168e-02 9.12878882e-02 1.08140902e-01 1.26125010e-01 1.44875224e-01 1.63988184e-01 1.83100287e-01 2.01552464e-01 2.18781744e-01 2.34237384e-01 2.47346725e-01 2.57664405e-01 2.64775429e-01 2.68405069e-01 2.68405069e-01 2.64775429e-01 2.57664405e-01 2.47346725e-01 2.34237384e-01 2.18781744e-01 2.01552464e-01 1.83100287e-01 1.63988184e-01 1.44875224e-01 1.26125010e-01 1.08140902e-01 9.12878882e-02 7.58480168e-02 6.18656529e-02 4.94489405e-02 3.85796827e-02 2.92860060e-02 2.14511804e-02 1.49912034e-02 9.80053609e-03 5.78961364e-03 2.86275270e-03 9.65347706e-04 7.26011913e-05 -5.85027682e-09 -6.05904449e-09 -6.22798169e-09 -6.35344100e-09 -6.44097842e-09 -6.50301191e-09 -6.55521998e-09 -6.61254002e-09 -6.68570233e-09 -6.77908657e-09 -6.89033752e-09 -7.01172159e-09 -7.13275239e-09 -7.24330340e-09 -7.33632216e-09 -7.40941364e-09 -7.46491469e-09 -7.50853962e-09 -7.54709639e-09 -7.58603103e-09 -7.62759345e-09 -7.67017494e-09 -7.70899439e-09 -7.73785469e-09 -7.75135134e-09 -7.74677317e-09 -7.72505127e-09 -7.69043462e-09 -7.64899755e-09 -7.60649554e-09 -7.56628638e-09 -7.52805296e-09 -7.48778195e-09 -7.43906092e-09 -7.37531403e-09 -7.29227179e-09 -7.18987614e-09 -7.07295844e-09 -6.95039015e-09 -6.83286239e-09 -6.72986422e-09 -6.64670485e-09 -6.58243859e-09 -6.52934784e-09 -6.47423237e-09 -6.40129649e-09 -6.29599495e-09 -6.14895140e-09 -5.95902427e-09 -5.73477882e-09 3.93433795e-04 1.78709731e-03 4.19543167e-03 7.65830560e-03 1.22443406e-02 1.80486175e-02 2.51945290e-02 3.37398203e-02 4.38166842e-02 5.54635589e-02 6.86809817e-02 8.33924952e-02 9.95427474e-02 1.17020436e-01 1.35429076e-01 1.54398083e-01 1.73588267e-01 1.92458859e-01 2.10336929e-01 2.26772886e-01 2.41115213e-01 2.52884307e-01 2.61641619e-01 2.67037309e-01 2.68863267e-01
2.71057822e-01 2.69173557e-01 2.63596838e-01 2.54569772e-01 2.42475368e-01 2.27850215e-01 2.11213467e-01 1.93071321e-01 1.73996740e-01 1.54574754e-01 1.35331564e-01 1.16791778e-01 9.92055039e-02 8.28891728e-02 6.81488841e-02 5.49339228e-02 4.33214571e-02 3.32868529e-02 2.48074073e-02 1.77461960e-02 1.20143214e-02 7.50673645e-03 4.10758969e-03 1.74911354e-03 3.85251001e-04 -5.88245258e-09 -6.09810580e-09 -6.28294261e-09 -6.42698367e-09 -6.53000781e-09 -6.60021915e-09 -6.65127575e-09 -6.69842548e-09 -6.75468748e-09 -6.82796664e-09 -6.91972341e-09 -7.02540420e-09 -7.13637849e-09 -7.24274973e-09 -7.33620886e-09 -7.41213607e-09 -7.47041723e-09 -7.51483725e-09 -7.55134094e-09 -7.58576996e-09 -7.62182062e-09 -7.65985675e-09 -7.69692160e-09 -7.72788522e-09 -7.74731651e-09 -7.75141218e-09 -7.73933845e-09 -7.71352238e-09 -7.67880026e-09 -7.64070618e-09 -7.60348567e-09 -7.56851415e-09 -7.53368434e-09 -7.49401319e-09 -7.44332096e-09 -7.37647643e-09 -7.29148519e-09 -7.19072624e-09 -7.08085390e-09 -6.97129787e-09 -6.87169543e-09 -6.78895412e-09 -6.72477934e-09 -6.67443301e-09 -6.62717892e-09 -6.56844618e-09 -6.48327919e-09 -6.36029918e-09 -6.19523077e-09 -5.99313110e-09 7.10604391e-05 9.44372322e-04 2.80309322e-03 5.67145937e-03 9.61206281e-03 1.47181512e-02 2.11074743e-02 2.88520949e-02 3.81128859e-02 4.89281882e-02 6.13403315e-02 7.53167477e-02 9.08634873e-02 1.07847540e-01 1.25950864e-01 1.44869092e-01 1.64312901e-01 1.83615281e-01 2.02290269e-01 2.19759919e-01 2.35443058e-01 2.48875468e-01 2.59494491e-01 2.66835472e-01 2.70585646e-01 2.70585646e-01 2.66835472e-01 2.59494491e-01 2.48875468e-01 2.35443058e-01 2.19759919e-01 2.02290269e-01 1.83615281e-01 1.64312901e-01 1.44869092e-01 1.25950864e-01 1.07847540e-01 9.08634873e-02 7.53167477e-02 6.13403315e-02 4.89281882e-02 3.81128859e-02 2.88520949e-02 2.11074743e-02 1.47181512e-02 9.61206281e-03 5.67145936e-03 2.80309322e-03 9.44372322e-04 7.10604391e-05 -5.99313099e-09 -6.19523066e-09 -6.36029895e-09 -6.48327930e-09 -6.56844612e-09 -6.62717881e-09 -6.67443290e-09 -6.72477929e-09 -6.78895418e-09 -6.87169560e-09 -6.97129782e-09 -7.08085368e-09 -7.19072607e-09 -7.29148508e-09 -7.37647632e-09 -7.44332102e-09 -7.49401302e-09 -7.53368434e-09 -7.56851415e-09 -7.60348579e-09 -7.64070618e-09 -7.67880015e-09 -7.71352232e-09 -7.73933845e-09 -7.75141218e-09 -7.74731634e-09 -7.72788511e-09 -7.69692166e-09 -7.65985675e-09 -7.62182073e-09 -7.58576990e-09 -7.55134089e-09 -7.51483720e-09 -7.47041717e-09 -7.41213607e-09 -7.33620886e-09 -7.24274973e-09 -7.13637843e-09 -7.02540415e-09 -6.91972357e-09 -6.82796664e-09 -6.75468736e-09 -6.69842559e-09 -6.65127575e-09 -6.60021909e-09 -6.53000781e-09 -6.42698372e-09 -6.28294261e-09 -6.09810569e-09 -5.88245253e-09 3.85251001e-04 1.74911354e-03 4.10758969e-03 7.50673645e-03 1.20143214e-02 1.77461960e-02 2.48074074e-02 3.32868529e-02 4.33214571e-02 5.49339228e-02 6.81488841e-02 8.28891728e-02 9.92055039e-02 1.16791778e-01 1.35331564e-01 1.54574754e-01 1.73996740e-01 1.93071321e-01 2.11213467e-01 2.27850215e-01 2.42475368e-01 2.54569772e-01 2.63596838e-01 2.69173557e-01 2.71057822e-01
2.73088471e-01 2.71176333e-01 2.65514986e-01 2.56323493e-01 2.43980854e-01 2.28994732e-01 2.11929890e-01 1.93521287e-01 1.74238569e-01 1.54638526e-01 1.35195482e-01 1.16440739e-01 9.87702465e-02 8.23892528e-02 6.75465900e-02 5.43768188e-02 4.27911699e-02 3.28221067e-02 2.44060399e-02 1.74338247e-02 1.17833306e-02 7.34842095e-03 4.01904894e-03 1.70949002e-03 3.75949133e-04 -6.01914879e-09 -6.22515894e-09 -6.40425935e-09 -6.54507792e-09 -6.64598288e-09 -6.71392558e-09 -6.76159101e-09 -6.80360768e-09 -6.85276719e-09 -6.91713004e-09 -6.99864583e-09 -7.09348447e-09 -7.19383392e-09 -7.29054489e-09 -7.37582861e-09 -7.44525597e-09 -7.49855134e-09 -7.53905621e-09 -7.57214219e-09 -7.60313851e-09 -7.63545854e-09 -7.66950664e-09 -7.70267911e-09 -7.73039865e-09 -7.74779835e-09 -7.75146625e-09 -7.74065390e-09 -7.71753961e-09 -7.68646014e-09 -7.65236652e-09 -7.61903163e-09 -7.58762569e-09 -7.55616791e-09 -7.52009083e-09 -7.47378154e-09 -7.41263895e-09 -7.33498651e-09 -7.24319149e-09 -7.14354453e-09 -7.04482334e-09 -6.95586255e-09 -6.88277879e-09 -6.82665557e-09 -6.78242268e-09 -6.73937739e-09 -6.68337413e-09 -6.60025984e-09 -6.47978038e-09 -6.31901154e-09 -6.12443707e-09 6.99955692e-05 9.23728590e-04 2.74111245e-03 5.55139695e-03 9.41806568e-03 1.44431077e-02 2.07495021e-02 2.84148451e-02 3.76118405e-02 4.83786947e-02 6.07562448e-02 7.47566285e-02 9.04030697e-02 1.07457965e-01 1.25681000e-01 1.44853322e-01 1.64436658e-01 1.83963712e-01 2.02855315e-01 2.20666172e-01 2.36783816e-01 2.50518019e-01 2.61342881e-01 2.68802749e-01 2.72609338e-01 2.72609338e-01 2.68802749e-01 2.61342881e-01 2.50518019e-01 2.36783816e-01 2.20666172e-01 2.02855315e-01 1.83963712e-01 1.64436658e-01 1.44853322e-01 1.25681000e-01 1.07457965e-01 9.04030697e-02 7.47566285e-02 6.07562448e-02 4.83786947e-02 3.76118405e-02 2.84148451e-02 2.07495021e-02 1.44431077e-02 9.41806568e-03 5.55139695e-03 2.74111245e-03 9.23728590e-04 6.99955692e-05 -6.12443696e-09 -6.31901165e-09 -6.47978021e-09 -6.60025973e-09 -6.68337413e-09 -6.73937756e-09 -6.78242262e-09 -6.82665535e-09 -6.88277885e-09 -6.95586261e-09 -7.04482328e-09 -7.14354431e-09 -7.24319155e-09 -7.33498651e-09 -7.41263878e-09 -7.47378170e-09 -7.52009083e-09 -7.55616791e-09 -7.58762564e-09 -7.61903174e-09 -7.65236641e-09 -7.68645986e-09 -7.71753961e-09 -7.74065390e-09 -7.75146625e-09 -7.74779835e-09 -7.73039865e-09 -7.70267911e-09 -7.66950664e-09 -7.63545854e-09 -7.60313856e-09 -7.57214214e-09 -7.53905605e-09 -7.49855134e-09 -7.44525591e-09 -7.37582861e-09 -7.29054472e-09 -7.19383392e-09 -7.09348452e-09 -6.99864566e-09 -6.91713004e-09 -6.85276724e-09 -6.80360779e-09 -6.76159101e-09 -6.71392575e-09 -6.64598288e-09 -6.54507798e-09 -6.40425935e-09 -6.22515900e-09 -6.01914885e-09 3.75949133e-04 1.70949002e-03 4.01904894e-03 7.34842095e-03 1.17833306e-02 1.74338247e-02 2.44060399e-02 3.28221067e-02 4.27911699e-02 5.43768188e-02 6.75465900e-02 8.23892528e-02 9.87702465e-02 1.16440739e-01 1.35195482e-01 1.54638526e-01 1.74238569e-01 1.93521287e-01 2.11929890e-01 2.28994732e-01 2.43980854e-01 2.56323493e-01 2.65514986e-01 2.71176333e-01 2.73088471e-01
2.74930500e-01 2.72983429e-01 2.67216922e-01 2.57872186e-01 2.45331737e-01 2.30112854e-01 2.12765597e-01 1.93917664e-01 1.74334701e-01 1.54543460e-01 1.34962908e-01 1.16044585e-01 9.82525429e-02 8.18324555e-02 6.69350035e-02 5.37720436e-02 4.22424476e-02 3.23388531e-02 2.39927498e-02 1.71109765e-02 1.15446571e-02 7.18502954e-03 3.92810877e-03 1.66923581e-03 3.65940068e-04 -6.14616297e-09 -6.34155894e-09 -6.51426352e-09 -6.65156952e-09 -6.75041922e-09 -6.81645240e-09 -6.86130763e-09 -6.89892976e-09 -6.94182911e-09 -6.99818348e-09 -7.07039827e-09 -7.15533233e-09 -7.24595006e-09 -7.33380723e-09 -7.41160278e-09 -7.47508450e-09 -7.52382556e-09 -7.56076346e-09 -7.59074925e-09 -7.61864910e-09 -7.64761982e-09 -7.67810138e-09 -7.70780273e-09 -7.73263398e-09 -7.74822667e-09 -7.75151432e-09 -7.74182352e-09 -7.72111330e-09 -7.69327946e-09 -7.66275776e-09 -7.63290414e-09 -7.60470625e-09 -7.57629892e-09 -7.54349039e-09 -7.50117962e-09 -7.44524964e-09 -7.37431538e-09 -7.29073402e-09 -7.20045695e-09 -7.11165071e-09 -7.03238823e-09 -6.96803354e-09 -6.91908220e-09 -6.88016727e-09 -6.84066359e-09 -6.78691037e-09 -6.70562816e-09 -6.58775756e-09 -6.43176501e-09 -6.24554342e-09 6.83651717e-05 9.02374296e-04 2.67672753e-03 5.42847422e-03 9.22399192e-03 1.41630998e-02 2.03831537e-02 2.79723389e-02 3.70915370e-02 4.78013870e-02 6.01337361e-02 7.41910765e-02 8.98672314e-02 1.06981212e-01 1.25406125e-01 1.44688233e-01 1.64437530e-01 1.84166508e-01 2.03479671e-01 2.21675393e-01 2.38023189e-01 2.51964601e-01 2.62970032e-01 2.70567491e-01 2.74442473e-01 2.74442473e-01 2.70567491e-01 2.62970032e-01 2.51964601e-01 2.38023189e-01 2.21675393e-01 2.03479670e-01 1.84166508e-01 1.64437530e-01 1.44688233e-01 1.25406125e-01 1.06981212e-01 8.98672314e-02 7.41910765e-02 6.01337361e-02 4.78013870e-02 3.70915370e-02 2.79723389e-02 2.03831537e-02 1.41630998e-02 9.22399191e-03 5.42847422e-03 2.67672753e-03 9.02374296e-04 6.83651717e-05 -6.24554342e-09 -6.43176501e-09 -6.58775756e-09 -6.70562816e-09 -6.78691037e-09 -6.84066387e-09 -6.88016721e-09 -6.91908209e-09 -6.96803371e-09 -7.03238834e-09 -7.11165066e-09 -7.20045701e-09 -7.29073413e-09 -7.37431527e-09 -7.44524942e-09 -7.50117957e-09 -7.54349039e-09 -7.57629903e-09 -7.60470625e-09 -7.63290420e-09 -7.66275787e-09 -7.69327935e-09 -7.72111319e-09 -7.74182352e-09 -7.75151449e-09 -7.74822667e-09 -7.73263387e-09 -7.70780267e-09 -7.67810138e-09 -7.64761982e-09 -7.61864893e-09 -7.59074914e-09 -7.56076352e-09 -7.52382567e-09 -7.47508461e-09 -7.41160278e-09 -7.33380723e-09 -7.24594995e-09 -7.15533210e-09 -7.07039827e-09 -6.99818348e-09 -6.94182922e-09 -6.89892965e-09 -6.86130763e-09 -6.81645229e-09 -6.75041922e-09 -6.65156952e-09 -6.51426346e-09 -6.34155878e-09 -6.14616291e-09 3.65940068e-04 1.66923581e-03 3.92810877e-03 7.18502954e-03 1.15446571e-02 1.71109765e-02 2.39927498e-02 3.23388531e-02 4.22424476e-02 5.37720437e-02 6.69350035e-02 8.18324555e-02 9.82525429e-02 1.16044585e-01 1.34962908e-01 1.54543460e-01 1.74334701e-01 1.93917664e-01 2.12765597e-01 2.30112854e-01 2.45331737e-01 2.57872186e-01 2.67216922e-01 2.72983429e-01 2.74930500e-01
2.76722977e-01 2.74721622e-01 2.68805351e-01 2.59294732e-01 2.46542970e-01 2.31052126e-01 2.13481833e-01 1.94374009e-01 1.74420696e-01 1.54330592e-01 1.34608283e-01 1.15605172e-01 9.76768629e-02 8.12196316e-02 6.63259259e-02 5.31180270e-02 4.16714318e-02 3.18315289e-02 2.35717500e-02 1.67768294e-02 1.12960988e-02 7.02532685e-03 3.83482107e-03 1.62867725e-03 3.57963391e-04 -6.26462032e-09 -6.44853448e-09 -6.61419336e-09 -6.74764528e-09 -6.84442064e-09 -6.90881274e-09 -6.95135555e-09 -6.98524794e-09 -7.02266739e-09 -7.07186271e-09 -7.13565707e-09 -7.21155879e-09 -7.29326954e-09 -7.37301081e-09 -7.44394146e-09 -7.50197637e-09 -7.54655383e-09 -7.58023988e-09 -7.60741320e-09 -7.63251939e-09 -7.65848257e-09 -7.68577169e-09 -7.71237219e-09 -7.73462600e-09 -7.74860831e-09 -7.75155706e-09 -7.74286579e-09 -7.72429942e-09 -7.69936281e-09 -7.67203534e-09 -7.64530206e-09 -7.61999142e-09 -7.59434360e-09 -7.56450713e-09 -7.52584817e-09 -7.47468942e-09 -7.40991202e-09 -7.33386157e-09 -7.25216920e-09 -7.17242410e-09 -7.10197834e-09 -7.04548309e-09 -7.00288372e-09 -6.96855823e-09 -6.93200780e-09 -6.88011359e-09 -6.80053247e-09 -6.68544864e-09 -6.53473398e-09 -6.35764180e-09 6.62593456e-05 8.80309275e-04 2.61196306e-03 5.30349961e-03 9.02471560e-03 1.38780205e-02 2.00040035e-02 2.75126009e-02 3.65576275e-02 4.71863101e-02 5.94994306e-02 7.35693334e-02 8.92655118e-02 1.06501905e-01 1.25000791e-01 1.44411722e-01 1.64346224e-01 1.84474959e-01 2.04077184e-01 2.22490764e-01 2.39099387e-01 2.53296448e-01 2.64480388e-01 2.72238841e-01 2.76221436e-01 2.76221436e-01 2.72238841e-01 2.64480388e-01 2.53296448e-01 2.39099387e-01 2.22490764e-01 2.04077184e-01 1.84474959e-01 1.64346224e-01 1.44411722e-01 1.25000791e-01 1.06501905e-01 8.92655118e-02 7.35693334e-02 5.94994306e-02 4.71863101e-02 3.65576275e-02 2.75126009e-02 2.00040035e-02 1.38780205e-02 9.02471560e-03 5.30349961e-03 2.61196306e-03 8.80309275e-04 6.62593456e-05 -6.35764180e-09 -6.53473403e-09 -6.68544864e-09 -6.80053225e-09 -6.88011353e-09 -6.93200786e-09 -6.96855834e-09 -7.00288361e-09 -7.04548309e-09 -7.10197834e-09 -7.17242410e-09 -7.25216914e-09 -7.33386157e-09 -7.40991218e-09 -7.47468937e-09 -7.52584828e-09 -7.56450708e-09 -7.59434360e-09 -7.61999136e-09 -7.64530206e-09 -7.67203534e-09 -7.69936254e-09 -7.72429942e-09 -7.74286579e-09 -7.75155706e-09 -7.74860831e-09 -7.73462594e-09 -7.71237230e-09 -7.68577169e-09 -7.65848279e-09 -7.63251951e-09 -7.60741331e-09 -7.58023988e-09 -7.54655377e-09 -7.50197632e-09 -7.44394146e-09 -7.37301081e-09 -7.29326943e-09 -7.21155879e-09 -7.13565701e-09 -7.07186271e-09 -7.02266723e-09 -6.98524810e-09 -6.95135538e-09 -6.90881280e-09 -6.84442064e-09 -6.74764539e-09 -6.61419342e-09 -6.44853460e-09 -6.26462027e-09 3.57963391e-04 1.62867725e-03 3.83482107e-03 7.02532685e-03 1.12960988e-02 1.67768294e-02 2.35717500e-02 3.18315289e-02 4.16714318e-02 5.31180270e-02 6.63259259e-02 8.12196316e-02 9.76768629e-02 1.15605172e-01 1.34608283e-01 1.54330592e-01 1.74420696e-01 1.94374009e-01 2.13481833e-01 2.31052126e-01 2.46542970e-01 2.59294732e-01 2.68805351e-01 2.74721622e-01 2.76722977e-01
2.78533377e-01 2.76495208e-01 2.70474104e-01 2.60757742e-01 2.47728208e-01 2.31909975e-01 2.14059411e-01 1.94696302e-01 1.74540360e-01 1.54126378e-01 1.34161401e-01 1.15066551e-01 9.71009908e-02 8.05481625e-02 6.56657993e-02 5.24768567e-02 4.10760456e-02 3.13203926e-02 2.31414486e-02 1.64363455e-02 1.10507018e-02 6.86432702e-03 3.73996436e-03 1.58836832e-03 3.49556966e-04 -6.37548692e-09 -6.54717552e-09 -6.70516898e-09 -6.83439227e-09 -6.92900604e-09 -6.99194247e-09 -7.03258912e-09 -7.06334424e-09 -7.09599784e-09 -7.13882481e-09 -7.19502002e-09 -7.26270155e-09 -7.33626637e-09 -7.40856809e-09 -7.47320156e-09 -7.52624263e-09 -7.56700852e-09 -7.59772900e-09 -7.62235108e-09 -7.64493724e-09 -7.66819913e-09 -7.69262787e-09 -7.71645481e-09 -7.73640574e-09 -7.74894909e-09 -7.75159525e-09 -7.74379671e-09 -7.72714542e-09 -7.70479919e-09 -7.68033076e-09 -7.65639618e-09 -7.63368374e-09 -7.61053198e-09 -7.58339969e-09 -7.54807794e-09 -7.50129109e-09 -7.44216105e-09 -7.37301731e-09 -7.29918670e-09 -7.22771121e-09 -7.16526027e-09 -7.11581333e-09 -7.07880832e-09 -7.04841258e-09 -7.01430397e-09 -6.96396130e-09 -6.88602808e-09 -6.77396328e-09 -6.62903343e-09 -6.46177234e-09 6.45660349e-05 8.57778170e-04 2.54760354e-03 5.17627436e-03 8.81965653e-03 1.35867096e-02 1.96136822e-02 2.70400130e-02 3.60043789e-02 4.65483714e-02 5.88620983e-02 7.29112734e-02 8.86294034e-02 1.05930895e-01 1.24500140e-01 1.44038420e-01 1.64315785e-01 1.84688816e-01 2.04528382e-01 2.23202013e-01 2.40118194e-01 2.54630898e-01 2.66053592e-01 2.73969467e-01 2.78022475e-01 2.78022475e-01 2.73969467e-01 2.66053592e-01 2.54630898e-01 2.40118194e-01 2.23202013e-01 2.04528382e-01 1.84688816e-01 1.64315785e-01 1.44038420e-01 1.24500140e-01 1.05930895e-01 8.86294034e-02 7.29112734e-02 5.88620983e-02 4.65483714e-02 3.60043789e-02 2.70400130e-02 1.96136822e-02 1.35867096e-02 8.81965653e-03 5.17627436e-03 2.54760354e-03 8.57778170e-04 6.45660349e-05 -6.46177239e-09 -6.62903343e-09 -6.77396328e-09 -6.88602803e-09 -6.96396113e-09 -7.01430375e-09 -7.04841252e-09 -7.07880843e-09 -7.11581338e-09 -7.16526033e-09 -7.22771115e-09 -7.29918676e-09 -7.37301742e-09 -7.44216111e-09 -7.50129081e-09 -7.54807794e-09 -7.58339957e-09 -7.61053198e-09 -7.63368374e-09 -7.65639618e-09 -7.68033076e-09 -7.70479902e-09 -7.72714548e-09 -7.74379671e-09 -7.75159531e-09 -7.74894893e-09 -7.73640568e-09 -7.71645470e-09 -7.69262792e-09 -7.66819919e-09 -7.64493729e-09 -7.62235108e-09 -7.59772889e-09 -7.56700852e-09 -7.52624274e-09 -7.47320156e-09 -7.40856820e-09 -7.33626621e-09 -7.26270155e-09 -7.19502014e-09 -7.13882481e-09 -7.09599779e-09 -7.06334424e-09 -7.03258918e-09 -6.99194258e-09 -6.92900604e-09 -6.83439227e-09 -6.70516898e-09 -6.54717541e-09 -6.37548669e-09 3.49556965e-04 1.58836832e-03 3.73996436e-03 6.86432702e-03 1.10507018e-02 1.64363455e-02 2.31414486e-02 3.13203926e-02 4.10760456e-02 5.24768567e-02 6.56657993e-02 8.05481625e-02 9.71009908e-02 1.15066551e-01 1.34161401e-01 1.54126378e-01 1.74540360e-01 1.94696302e-01 2.14059411e-01 2.31909975e-01 2.47728208e-01 2.60757742e-01 2.70474104e-01 2.76495208e-01 2.78533377e-01
2.80189583e-01 2.78124785e-01 2.72013217e-01 2.62119778e-01 2.48878111e-01 2.32818205e-01 2.14595868e-01 1.94934818e-01 1.74520152e-01 1.53922821e-01 1.33696864e-01 1.14450886e-01 9.64409941e-02 7.98712739e-02 6.49698217e-02 5.18329795e-02 4.04489013e-02 3.07947333e-02 2.27069423e-02 1.60931400e-02 1.08010391e-02 6.69973446e-03 3.64538912e-03 1.54722401e-03 3.40567149e-04 -6.47957876e-09 -6.63843841e-09 -6.78819750e-09 -6.91280233e-09 -7.00511071e-09 -7.06670505e-09 -7.10579484e-09 -7.13393289e-09 -7.16247106e-09 -7.19965920e-09 -7.24901972e-09 -7.30923438e-09 -7.37535816e-09 -7.44084216e-09 -7.49969642e-09 -7.54815499e-09 -7.58542923e-09 -7.61344376e-09 -7.63575159e-09 -7.65606500e-09 -7.67690034e-09 -7.69876474e-09 -7.72010783e-09 -7.73799774e-09 -7.74925402e-09 -7.75162939e-09 -7.74462949e-09 -7.72969211e-09 -7.70966457e-09 -7.68775732e-09 -7.66633412e-09 -7.64595931e-09 -7.62506497e-09 -7.60039376e-09 -7.56812391e-09 -7.52534596e-09 -7.47139928e-09 -7.40859057e-09 -7.34195560e-09 -7.27801580e-09 -7.22279564e-09 -7.17964410e-09 -7.14753728e-09 -7.12047959e-09 -7.08837655e-09 -7.03935432e-09 -6.96308255e-09 -6.85430751e-09 -6.71565487e-09 -6.55883492e-09 6.29549504e-05 8.34990662e-04 2.48274815e-03 5.04662449e-03 8.61030550e-03 1.32931809e-02 1.92233272e-02 2.65633345e-02 3.54227806e-02 4.59128852e-02 5.81847597e-02 7.21970087e-02 8.79677622e-02 1.05279047e-01 1.23925118e-01 1.43736465e-01 1.64211391e-01 1.84775894e-01 2.04896177e-01 2.23938345e-01 2.41157017e-01 2.55892883e-01 2.67515396e-01 2.75562819e-01 2.79672066e-01 2.79672066e-01 2.75562819e-01 2.67515396e-01 2.55892883e-01 2.41157017e-01 2.23938345e-01 2.04896177e-01 1.84775894e-01 1.64211391e-01 1.43736465e-01 1.23925118e-01 1.05279047e-01 8.79677622e-02 7.21970087e-02 5.81847597e-02 4.59128852e-02 3.54227806e-02 2.65633345e-02 1.92233272e-02 1.32931809e-02 8.61030550e-03 5.04662449e-03 2.48274815e-03 8.34990662e-04 6.29549504e-05 -6.55883498e-09 -6.71565487e-09 -6.85430773e-09 -6.96308250e-09 -7.03935443e-09 -7.08837655e-09 -7.12047948e-09 -7.14753740e-09 -7.17964416e-09 -7.22279564e-09 -7.27801591e-09 -7.34195560e-09 -7.40859057e-09 -7.47139928e-09 -7.52534590e-09 -7.56812391e-09 -7.60039359e-09 -7.62506480e-09 -7.64595931e-09 -7.66633418e-09 -7.68775738e-09 -7.70966452e-09 -7.72969211e-09 -7.74462949e-09 -7.75162934e-09 -7.74925379e-09 -7.73799774e-09 -7.72010783e-09 -7.69876468e-09 -7.67690039e-09 -7.65606500e-09 -7.63575159e-09 -7.61344388e-09 -7.58542928e-09 -7.54815510e-09 -7.49969642e-09 -7.44084205e-09 -7.37535816e-09 -7.30923438e-09 -7.24901961e-09 -7.19965920e-09 -7.16247106e-09 -7.13393278e-09 -7.10579473e-09 -7.06670500e-09 -7.00511071e-09 -6.91280233e-09 -6.78819745e-09 -6.63843847e-09 -6.47957882e-09 3.40567149e-04 1.54722401e-03 3.64538912e-03 6.69973446e-03 1.08010391e-02 1.60931400e-02 2.27069422e-02 3.07947333e-02 4.04489013e-02 5.18329795e-02 6.49698217e-02 7.98712739e-02 9.64409941e-02 1.14450886e-01 1.33696864e-01 1.53922821e-01 1.74520152e-01 1.94934818e-01 2.14595868e-01 2.32818205e-01 2.48878111e-01 2.62119778e-01 2.72013217e-01 2.78124785e-01 2.80189583e-01
2.81561970e-01 2.79471330e-01 2.73291566e-01 2.63282472e-01 2.49881629e-01 2.33625202e-01 2.15130772e-01 1.95173320e-01 1.74432388e-01 1.53615810e-01 1.33258299e-01 1.13787271e-01 9.57161774e-02 7.91594988e-02 6.42413386e-02 5.11520333e-02 3.98261133e-02 3.02542576e-02 2.22709912e-02 1.57439569e-02 1.05536450e-02 6.53267705e-03 3.55132539e-03 1.50539205e-03 3.30708462e-04 -6.57757682e-09 -6.72315625e-09 -6.86417817e-09 -6.98377589e-09 -7.07359532e-09 -7.13389586e-09 -7.17169801e-09 -7.19767018e-09 -7.22267862e-09 -7.25489885e-09 -7.29813221e-09 -7.35157984e-09 -7.41091361e-09 -7.47015239e-09 -7.52370244e-09 -7.56795354e-09 -7.60202756e-09 -7.62757146e-09 -7.64777991e-09 -7.66604408e-09 -7.68469910e-09 -7.70426417e-09 -7.72338082e-09 -7.73942399e-09 -7.74952708e-09 -7.75166009e-09 -7.74537573e-09 -7.73197334e-09 -7.71402359e-09 -7.69441288e-09 -7.67524327e-09 -7.65697206e-09 -7.63811886e-09 -7.61568708e-09 -7.58621027e-09 -7.54711105e-09 -7.49792395e-09 -7.44092554e-09 -7.38087080e-09 -7.32378663e-09 -7.27508820e-09 -7.23753735e-09 -7.20969406e-09 -7.18544990e-09 -7.15498677e-09 -7.10712272e-09 -7.03258007e-09 -6.92738844e-09 -6.79547418e-09 -6.64959798e-09 6.16107627e-05 8.12860221e-04 2.41738010e-03 4.91791175e-03 8.40059998e-03 1.29970458e-02 1.88311909e-02 2.60761328e-02 3.48278631e-02 4.52724721e-02 5.74821233e-02 7.14861290e-02 8.72286167e-02 1.04564696e-01 1.23378710e-01 1.43369190e-01 1.64016213e-01 1.84826546e-01 2.05297102e-01 2.24610763e-01 2.42069325e-01 2.56971032e-01 2.68741694e-01 2.76880293e-01 2.81037861e-01 2.81037861e-01 2.76880293e-01 2.68741694e-01 2.56971032e-01 2.42069325e-01 2.24610763e-01 2.05297102e-01 1.84826546e-01 1.64016213e-01 1.43369190e-01 1.23378710e-01 1.04564696e-01 8.72286167e-02 7.14861290e-02 5.74821233e-02 4.52724721e-02 3.48278631e-02 2.60761328e-02 1.88311909e-02 1.29970458e-02 8.40059998e-03 4.91791175e-03 2.41738010e-03 8.12860221e-04 6.16107627e-05 -6.64959798e-09 -6.79547407e-09 -6.92738850e-09 -7.03258007e-09 -7.10712267e-09 -7.15498683e-09 -7.18545001e-09 -7.20969412e-09 -7.23753746e-09 -7.27508809e-09 -7.32378669e-09 -7.38087080e-09 -7.44092565e-09 -7.49792395e-09 -7.54711110e-09 -7.58621033e-09 -7.61568708e-09 -7.63811886e-09 -7.65697206e-09 -7.67524344e-09 -7.69441288e-09 -7.71402375e-09 -7.73197339e-09 -7.74537573e-09 -7.75166004e-09 -7.74952708e-09 -7.73942394e-09 -7.72338082e-09 -7.70426417e-09 -7.68469910e-09 -7.66604402e-09 -7.64777974e-09 -7.62757124e-09 -7.60202751e-09 -7.56795338e-09 -7.52370244e-09 -7.47015227e-09 -7.41091349e-09 -7.35157979e-09 -7.29813221e-09 -7.25489885e-09 -7.22267868e-09 -7.19767018e-09 -7.17169801e-09 -7.13389564e-09 -7.07359532e-09 -6.98377595e-09 -6.86417823e-09 -6.72315614e-09 -6.57757693e-09 3.30708462e-04 1.50539205e-03 3.55132539e-03 6.53267706e-03 1.05536450e-02 1.57439569e-02 2.22709912e-02 3.02542576e-02 3.98261133e-02 5.11520333e-02 6.42413386e-02 7.91594988e-02 9.57161774e-02 1.13787271e-01 1.33258299e-01 1.53615810e-01 1.74432388e-01 1.95173320e-01 2.15130772e-01 2.33625202e-01 2.49881629e-01 2.63282472e-01 2.73291566e-01 2.79471330e-01 2.81561970e-01
2.82903862e-01 2.80752752e-01 2.74432495e-01 2.64251820e-01 2.50650566e-01 2.34221760e-01 2.15559082e-01 1.95357927e-01 1.74358765e-01 1.53264196e-01 1.32738961e-01 1.13163439e-01 9.49301059e-02 7.83817641e-02 6.35191355e-02 5.04500741e-02 3.92106339e-02 2.97049319e-02 2.18320448e-02 1.53933290e-02 1.03042481e-02 6.36564774e-03 3.45649961e-03 1.46367791e-03 3.20531608e-04 -6.67003980e-09 -6.80204715e-09 -6.93390972e-09 -7.04812814e-09 -7.13524595e-09 -7.19424836e-09 -7.23096727e-09 -7.25515920e-09 -7.27716165e-09 -7.30502719e-09 -7.34278616e-09 -7.39011469e-09 -7.44326123e-09 -7.49678220e-09 -7.54546375e-09 -7.58585011e-09 -7.61698904e-09 -7.64027702e-09 -7.65858071e-09 -7.67499764e-09 -7.69169417e-09 -7.70919600e-09 -7.72631664e-09 -7.74070330e-09 -7.74977210e-09 -7.75168735e-09 -7.74604492e-09 -7.73401987e-09 -7.71793340e-09 -7.70038217e-09 -7.68323538e-09 -7.66685671e-09 -7.64984864e-09 -7.62945601e-09 -7.60253588e-09 -7.56681456e-09 -7.52199825e-09 -7.47032747e-09 -7.41628436e-09 -7.36542632e-09 -7.32259359e-09 -7.29000454e-09 -7.26585037e-09 -7.24395893e-09 -7.21483606e-09 -7.16802762e-09 -7.09532549e-09 -6.99401942e-09 -6.86925888e-09 -6.73471046e-09 5.98817515e-05 7.90571625e-04 2.35096178e-03 4.78932159e-03 8.19476590e-03 1.26953277e-02 1.84361659e-02 2.55799077e-02 3.42329749e-02 4.46081172e-02 5.67497717e-02 7.07298980e-02 8.64475867e-02 1.03844277e-01 1.22804791e-01 1.42911559e-01 1.63775642e-01 1.84903228e-01 2.05605803e-01 2.25132215e-01 2.42756483e-01 2.57840691e-01 2.69800860e-01 2.78098345e-01 2.82364536e-01 2.82364536e-01 2.78098345e-01 2.69800860e-01 2.57840691e-01 2.42756483e-01 2.25132215e-01 2.05605803e-01 1.84903228e-01 1.63775642e-01 1.42911559e-01 1.22804791e-01 1.03844277e-01 8.64475867e-02 7.07298980e-02 5.67497717e-02 4.46081172e-02 3.42329749e-02 2.55799077e-02 1.84361659e-02 1.26953277e-02 8.19476590e-03 4.78932159e-03 2.35096178e-03 7.90571625e-04 5.98817515e-05 -6.73471029e-09 -6.86925894e-09 -6.99401936e-09 -7.09532555e-09 -7.16802762e-09 -7.21483612e-09 -7.24395888e-09 -7.26585025e-09 -7.29000449e-09 -7.32259353e-09 -7.36542621e-09 -7.41628459e-09 -7.47032736e-09 -7.52199825e-09 -7.56681456e-09 -7.60253605e-09 -7.62945596e-09 -7.64984881e-09 -7.66685659e-09 -7.68323560e-09 -7.70038228e-09 -7.71793329e-09 -7.73401987e-09 -7.74604492e-09 -7.75168735e-09 -7.74977216e-09 -7.74070330e-09 -7.72631664e-09 -7.70919600e-09 -7.69169417e-09 -7.67499742e-09 -7.65858071e-09 -7.64027713e-09 -7.61698887e-09 -7.58585028e-09 -7.54546375e-09 -7.49678220e-09 -7.44326123e-09 -7.39011469e-09 -7.34278616e-09 -7.30502719e-09 -7.27716165e-09 -7.25515925e-09 -7.23096727e-09 -7.19424836e-09 -7.13524595e-09 -7.04812814e-09 -6.93390989e-09 -6.80204704e-09 -6.67003969e-09 3.20531608e-04 1.46367791e-03 3.45649961e-03 6.36564774e-03 1.03042481e-02 1.53933290e-02 2.18320448e-02 2.97049319e-02 3.92106339e-02 5.04500741e-02 6.35191355e-02 7.83817641e-02 9.49301059e-02 1.13163439e-01 1.32738961e-01 1.53264196e-01 1.74358765e-01 1.95357927e-01 2.15559082e-01 2.34221760e-01 2.50650566e-01 2.64251820e-01 2.74432495e-01 2.80752752e-01 2.82903862e-01
2.84376509e-01 2.82200132e-01 2.75766832e-01 2.65344008e-01 2.51415060e-01 2.34673577e-01 2.15788686e-01 1.95425708e-01 1.74224424e-01 1.52921991e-01 1.32167561e-01 1.12488548e-01 9.41739229e-02 7.75614986e-02 6.27600322e-02 4.97340377e-02 3.85739209e-02 2.91464582e-02 2.13778760e-02 1.50486164e-02 1.00497718e-02 6.19812833e-03 3.36223563e-03 1.42154696e-03 3.12005369e-04 -6.75741785e-09 -6.87572393e-09 -6.99809544e-09 -7.10659132e-09 -7.19077992e-09 -7.24843635e-09 -7.28421945e-09 -7.30695560e-09 -7.32641586e-09 -7.35048300e-09 -7.38336892e-09 -7.42517714e-09 -7.47269413e-09 -7.52098439e-09 -7.56519791e-09 -7.60203395e-09 -7.63047975e-09 -7.65170688e-09 -7.66828295e-09 -7.68303421e-09 -7.69797165e-09 -7.71362230e-09 -7.72895137e-09 -7.74185166e-09 -7.74999204e-09 -7.75171222e-09 -7.74664555e-09 -7.73585651e-09 -7.72144276e-09 -7.70573932e-09 -7.69040792e-09 -7.67573127e-09 -7.66039165e-09 -7.64185526e-09 -7.61727709e-09 -7.58465779e-09 -7.54385598e-09 -7.49706763e-09 -7.44851170e-09 -7.40329698e-09 -7.36572497e-09 -7.33751260e-09 -7.31653105e-09 -7.29659277e-09 -7.26857052e-09 -7.22276761e-09 -7.15204868e-09 -7.05492470e-09 -6.93767543e-09 -6.81471291e-09 5.78413318e-05 7.68023489e-04 2.28370296e-03 4.66184846e-03 7.98871627e-03 1.23913253e-02 1.80397536e-02 2.50711882e-02 3.36438836e-02 4.39303179e-02 5.60239278e-02 6.99301078e-02 8.56350689e-02 1.03132746e-01 1.22155573e-01 1.42412561e-01 1.63542187e-01 1.84894263e-01 2.05747526e-01 2.25446525e-01 2.43344050e-01 2.58784105e-01 2.71030119e-01 2.79502553e-01 2.83830523e-01 2.83830523e-01 2.79502553e-01 2.71030119e-01 2.58784105e-01 2.43344050e-01 2.25446525e-01 2.05747526e-01 1.84894263e-01 1.63542187e-01 1.42412561e-01 1.22155573e-01 1.03132746e-01 8.56350689e-02 6.99301078e-02 5.60239278e-02 4.39303179e-02 3.36438836e-02 2.50711882e-02 1.80397536e-02 1.23913253e-02 7.98871627e-03 4.66184846e-03 2.28370296e-03 7.68023489e-04 5.78413318e-05 -6.81471279e-09 -6.93767543e-09 -7.05492487e-09 -7.15204868e-09 -7.22276766e-09 -7.26857041e-09 -7.29659277e-09 -7.31653121e-09 -7.33751243e-09 -7.36572492e-09 -7.40329698e-09 -7.44851164e-09 -7.49706774e-09 -7.54385604e-09 -7.58465790e-09 -7.61727725e-09 -7.64185526e-09 -7.66039177e-09 -7.67573127e-09 -7.69040787e-09 -7.70573927e-09 -7.72144265e-09 -7.73585662e-09 -7.74664549e-09 -7.75171222e-09 -7.74999204e-09 -7.74185160e-09 -7.72895148e-09 -7.71362230e-09 -7.69797170e-09 -7.68303415e-09 -7.66828284e-09 -7.65170688e-09 -7.63047969e-09 -7.60203400e-09 -7.56519791e-09 -7.52098422e-09 -7.47269430e-09 -7.42517703e-09 -7.38336897e-09 -7.35048300e-09 -7.32641581e-09 -7.30695554e-09 -7.28421923e-09 -7.24843635e-09 -7.19077992e-09 -7.10659132e-09 -6.99809538e-09 -6.87572399e-09 -6.75741796e-09 3.12005369e-04 1.42154696e-03 3.36223563e-03 6.19812833e-03 1.00497718e-02 1.50486164e-02 2.13778760e-02 2.91464582e-02 3.85739209e-02 4.97340377e-02 6.27600322e-02 7.75614986e-02 9.41739229e-02 1.12488548e-01 1.32167561e-01 1.52921991e-01 1.74224424e-01 1.95425708e-01 2.15788686e-01 2.34673577e-01 2.51415060e-01 2.65344008e-01 2.75766832e-01 2.82200132e-01 2.84376509e-01
2.85594371e-01 2.83386104e-01 2.76866896e-01 2.66351391e-01 2.52259722e-01 2.35232624e-01 2.15936231e-01 1.95319367e-01 1.73990329e-01 1.52529323e-01 1.31592833e-01 1.11753785e-01 9.34006984e-02 7.67349624e-02 6.19568677e-02 4.90230193e-02 3.79233466e-02 2.85977947e-02 2.09170866e-02 1.47010315e-02 9.79490324e-03 6.02945473e-03 3.26595393e-03 1.38039859e-03 3.03297335e-04 -6.84006790e-09 -6.94470464e-09 -7.05735054e-09 -7.15982174e-09 -7.24084920e-09 -7.29707772e-09 -7.33202232e-09 -7.35357092e-09 -7.37089667e-09 -7.39166828e-09 -7.42023132e-09 -7.45707163e-09 -7.49947454e-09 -7.54298357e-09 -7.58309832e-09 -7.61667263e-09 -7.64264652e-09 -7.66199054e-09 -7.67699904e-09 -7.69025005e-09 -7.70360753e-09 -7.71759678e-09 -7.73131820e-09 -7.74288345e-09 -7.75018982e-09 -7.75173431e-09 -7.74718556e-09 -7.73750652e-09 -7.72459391e-09 -7.71054914e-09 -7.69684749e-09 -7.68370129e-09 -7.66986952e-09 -7.65302349e-09 -7.63059077e-09 -7.60082108e-09 -7.56370627e-09 -7.52139018e-09 -7.47783557e-09 -7.43772599e-09 -7.40485762e-09 -7.38048944e-09 -7.36221972e-09 -7.34389183e-09 -7.31678462e-09 -7.27198052e-09 -7.20340776e-09 -7.11074688e-09 -7.00129832e-09 -6.89005075e-09 5.60906970e-05 7.45022014e-04 2.21823059e-03 4.53256628e-03 7.78171170e-03 1.20906506e-02 1.76371363e-02 2.45578521e-02 3.30434817e-02 4.32410008e-02 5.52604513e-02 6.91039619e-02 8.48319525e-02 1.02371469e-01 1.21484496e-01 1.41944360e-01 1.63234809e-01 1.84711085e-01 2.05755363e-01 2.25824705e-01 2.44070535e-01 2.59713411e-01 2.72087833e-01 2.80650216e-01 2.85040727e-01 2.85040727e-01 2.80650216e-01 2.72087833e-01 2.59713411e-01 2.44070535e-01 2.25824705e-01 2.05755363e-01 1.84711085e-01 1.63234809e-01 1.41944360e-01 1.21484496e-01 1.02371469e-01 8.48319525e-02 6.91039619e-02 5.52604513e-02 4.32410008e-02 3.30434817e-02 2.45578521e-02 1.76371363e-02 1.20906506e-02 7.78171170e-03 4.53256628e-03 2.21823059e-03 7.45022014e-04 5.60906970e-05 -6.89005086e-09 -7.00129837e-09 -7.11074705e-09 -7.20340776e-09 -7.27198063e-09 -7.31678462e-09 -7.34389172e-09 -7.36221972e-09 -7.38048944e-09 -7.40485750e-09 -7.43772610e-09 -7.47783580e-09 -7.52138996e-09 -7.56370622e-09 -7.60082131e-09 -7.63059083e-09 -7.65302344e-09 -7.66986957e-09 -7.68370134e-09 -7.69684738e-09 -7.71054898e-09 -7.72459391e-09 -7.73750680e-09 -7.74718556e-09 -7.75173431e-09 -7.75018982e-09 -7.74288339e-09 -7.73131825e-09 -7.71759678e-09 -7.70360759e-09 -7.69024994e-09 -7.67699915e-09 -7.66199065e-09 -7.64264652e-09 -7.61667235e-09 -7.58309832e-09 -7.54298363e-09 -7.49947460e-09 -7.45707163e-09 -7.42023148e-09 -7.39166828e-09 -7.37089673e-09 -7.35357097e-09 -7.33202243e-09 -7.29707772e-09 -7.24084920e-09 -7.15982162e-09 -7.05735054e-09 -6.94470476e-09 -6.84006785e-09 3.03297335e-04 1.38039859e-03 3.26595393e-03 6.02945473e-03 9.79490324e-03 1.47010315e-02 2.09170866e-02 2.85977947e-02 3.79233466e-02 4.90230193e-02 6.19568677e-02 7.67349624e-02 9.34006984e-02 1.11753785e-01 1.31592833e-01 1.52529323e-01 1.73990329e-01 1.95319367e-01 2.15936231e-01 2.35232624e-01 2.52259722e-01 2.66351391e-01 2.76866896e-01 2.83386104e-01 2.85594371e-01
2.86715119e-01 2.84475499e-01 2.77866331e-01 2.67184699e-01 2.52905091e-01 2.35680977e-01 2.16224987e-01 1.95210069e-01 1.73604043e-01 1.52042787e-01 1.30987870e-01 1.10998957e-01 9.25767207e-02 7.59070993e-02 6.11279676e-02 4.82874214e-02 3.72672687e-02 2.80401942e-02 2.04599708e-02 1.43512735e-02 9.53987783e-03 5.86485444e-03 3.17004205e-03 1.33986378e-03 2.94430712e-04 -6.91826674e-09 -7.00942204e-09 -7.11221015e-09 -7.20840299e-09 -7.28604410e-09 -7.34073846e-09 -7.37489914e-09 -7.39547701e-09 -7.41102230e-09 -7.42895001e-09 -7.45369305e-09 -7.48607398e-09 -7.52383883e-09 -7.56298246e-09 -7.59933821e-09 -7.62991603e-09 -7.65362074e-09 -7.67124386e-09 -7.68483077e-09 -7.69672953e-09 -7.70866881e-09 -7.72116759e-09 -7.73344522e-09 -7.74381081e-09 -7.75036729e-09 -7.75175418e-09 -7.74767089e-09 -7.73899000e-09 -7.72742570e-09 -7.71486919e-09 -7.70262965e-09 -7.69085934e-09 -7.67839031e-09 -7.66308378e-09 -7.64261721e-09 -7.61546559e-09 -7.58173541e-09 -7.54351270e-09 -7.50451140e-09 -7.46901041e-09 -7.44033490e-09 -7.41932793e-09 -7.40336159e-09 -7.38635403e-09 -7.36002415e-09 -7.31624739e-09 -7.24999488e-09 -7.16205129e-09 -7.06061798e-09 -6.96108532e-09 5.44264623e-05 7.22412967e-04 2.15314873e-03 4.40462184e-03 7.57271401e-03 1.17935169e-02 1.72318309e-02 2.40531879e-02 3.24355767e-02 4.25579832e-02 5.44718985e-02 6.82671099e-02 8.40176784e-02 1.01579085e-01 1.20833230e-01 1.41416786e-01 1.62791506e-01 1.84436883e-01 2.05850967e-01 2.26199729e-01 2.44602304e-01 2.60462735e-01 2.73009520e-01 2.81702122e-01 2.86153714e-01 2.86153714e-01 2.81702122e-01 2.73009520e-01 2.60462735e-01 2.44602304e-01 2.26199729e-01 2.05850967e-01 1.84436883e-01 1.62791506e-01 1.41416786e-01 1.20833230e-01 1.01579085e-01 8.40176784e-02 6.82671099e-02 5.44718985e-02 4.25579832e-02 3.24355767e-02 2.40531879e-02 1.72318309e-02 1.17935169e-02 7.57271401e-03 4.40462184e-03 2.15314873e-03 7.22412967e-04 5.44264623e-05 -6.96108549e-09 -7.06061820e-09 -7.16205129e-09 -7.24999488e-09 -7.31624750e-09 -7.36002420e-09 -7.38635397e-09 -7.40336148e-09 -7.41932799e-09 -7.44033490e-09 -7.46901030e-09 -7.50451151e-09 -7.54351293e-09 -7.58173535e-09 -7.61546565e-09 -7.64261732e-09 -7.66308372e-09 -7.67839031e-09 -7.69085934e-09 -7.70262959e-09 -7.71486908e-09 -7.72742559e-09 -7.73899000e-09 -7.74767089e-09 -7.75175418e-09 -7.75036729e-09 -7.74381081e-09 -7.73344511e-09 -7.72116759e-09 -7.70866876e-09 -7.69672953e-09 -7.68483072e-09 -7.67124386e-09 -7.65362074e-09 -7.62991587e-09 -7.59933821e-09 -7.56298230e-09 -7.52383900e-09 -7.48607409e-09 -7.45369300e-09 -7.42895001e-09 -7.41102257e-09 -7.39547706e-09 -7.37489919e-09 -7.34073852e-09 -7.28604410e-09 -7.20840310e-09 -7.11221004e-09 -7.00942188e-09 -6.91826679e-09 2.94430712e-04 1.33986378e-03 3.17004205e-03 5.86485444e-03 9.53987783e-03 1.43512735e-02 2.04599708e-02 2.80401942e-02 3.72672687e-02 4.82874214e-02 6.11279676e-02 7.59070993e-02 9.25767207e-02 1.10998957e-01 1.30987870e-01 1.52042787e-01 1.73604043e-01 1.95210069e-01 2.16224987e-01 2.35680977e-01 2.52905091e-01 2.67184699e-01 2.77866331e-01 2.84475499e-01 2.86715119e-01
2.87611996e-01 2.85348312e-01 2.78661912e-01 2.67876314e-01 2.53449987e-01 2.36005975e-01 2.16316151e-01 1.95150386e-01 1.73237011e-01 1.51435524e-01 1.30318755e-01 1.10261127e-01 9.17312065e-02 7.50655455e-02 6.03093636e-02 4.75265894e-02 3.66147814e-02 2.74824254e-02 2.00008574e-02 1.40014474e-02 9.28791605e-03 5.69983405e-03 3.07617737e-03 1.29862358e-03 2.84937014e-04 -6.99222524e-09 -7.07023390e-09 -7.16313514e-09 -7.25285282e-09 -7.32689626e-09 -7.37993466e-09 -7.41333006e-09 -7.43310863e-09 -7.44717871e-09 -7.46266532e-09 -7.48404483e-09 -7.51243379e-09 -7.54599982e-09 -7.58116164e-09 -7.61407348e-09 -7.64189828e-09 -7.66352037e-09 -7.67957031e-09 -7.69186714e-09 -7.70254854e-09 -7.71321418e-09 -7.72437564e-09 -7.73535702e-09 -7.74464515e-09 -7.75052711e-09 -7.75177217e-09 -7.74810716e-09 -7.74032338e-09 -7.72997055e-09 -7.71874986e-09 -7.70782227e-09 -7.69728858e-09 -7.68605063e-09 -7.67214658e-09 -7.65348190e-09 -7.62873553e-09 -7.59811131e-09 -7.56363239e-09 -7.52876972e-09 -7.49741991e-09 -7.47246975e-09 -7.45438883e-09 -7.44036632e-09 -7.42443762e-09 -7.39878947e-09 -7.35609496e-09 -7.29233873e-09 -7.20933241e-09 -7.11605053e-09 -7.02810637e-09 5.29788207e-05 7.00103431e-04 2.08890306e-03 4.27627353e-03 7.36629582e-03 1.14940280e-02 1.68300933e-02 2.35486521e-02 3.18272255e-02 4.18472896e-02 5.36668782e-02 6.74368174e-02 8.31654075e-02 1.00790817e-01 1.20132355e-01 1.40777425e-01 1.62262781e-01 1.84251936e-01 2.05874415e-01 2.26392183e-01 2.45064805e-01 2.61083244e-01 2.73755551e-01 2.82542168e-01 2.87044272e-01 2.87044272e-01 2.82542168e-01 2.73755551e-01 2.61083244e-01 2.45064805e-01 2.26392183e-01 2.05874415e-01 1.84251936e-01 1.62262781e-01 1.40777425e-01 1.20132355e-01 1.00790817e-01 8.31654075e-02 6.74368174e-02 5.36668782e-02 4.18472896e-02 3.18272255e-02 2.35486521e-02 1.68300933e-02 1.14940280e-02 7.36629582e-03 4.27627353e-03 2.08890306e-03 7.00103431e-04 5.29788207e-05 -7.02810626e-09 -7.11605064e-09 -7.20933263e-09 -7.29233884e-09 -7.35609496e-09 -7.39878936e-09 -7.42443762e-09 -7.44036632e-09 -7.45438877e-09 -7.47246987e-09 -7.49742007e-09 -7.52876989e-09 -7.56363228e-09 -7.59811114e-09 -7.62873553e-09 -7.65348185e-09 -7.67214636e-09 -7.68605080e-09 -7.69728858e-09 -7.70782227e-09 -7.71874986e-09 -7.72997061e-09 -7.74032349e-09 -7.74810716e-09 -7.75177217e-09 -7.75052700e-09 -7.74464515e-09 -7.73535702e-09 -7.72437564e-09 -7.71321440e-09 -7.70254854e-09 -7.69186709e-09 -7.67957004e-09 -7.66352015e-09 -7.64189828e-09 -7.61407348e-09 -7.58116159e-09 -7.54599977e-09 -7.51243390e-09 -7.48404494e-09 -7.46266532e-09 -7.44717860e-09 -7.43310846e-09 -7.41333023e-09 -7.37993455e-09 -7.32689626e-09 -7.25285287e-09 -7.16313520e-09 -7.07023395e-09 -6.99222524e-09 2.84937014e-04 1.29862358e-03 3.07617737e-03 5.69983405e-03 9.28791605e-03 1.40014474e-02 2.00008574e-02 2.74824254e-02 3.66147814e-02 4.75265894e-02 6.03093636e-02 7.50655455e-02 9.17312065e-02 1.10261127e-01 1.30318755e-01 1.51435524e-01 1.73237011e-01 1.95150386e-01 2.16316151e-01 2.36005975e-01 2.53449987e-01 2.67876314e-01 2.78661912e-01 2.85348312e-01 2.87611996e-01
2.88740050e-01 2.86394698e-01 2.79475288e-01 2.68368252e-01 2.53789159e-01 2.36201539e-01 2.16327746e-01 1.94937808e-01 1.72905544e-01 1.50826312e-01 1.29551998e-01 1.09476700e-01 9.09049813e-02 7.41877143e-02 5.94806861e-02 4.67492124e-02 3.59501352e-02 2.69213179e-02 1.95434066e-02 1.36541300e-02 9.03760784e-03 5.53668217e-03 2.98452316e-03 1.25777893e-03 2.75214390e-04 -7.06210235e-09 -7.12743431e-09 -7.21052074e-09 -7.29362637e-09 -7.36388334e-09 -7.41513545e-09 -7.44775597e-09 -7.46686557e-09 -7.47972029e-09 -7.49312334e-09 -7.51155366e-09 -7.53637835e-09 -7.56615037e-09 -7.59768504e-09 -7.62744284e-09 -7.65274022e-09 -7.67244990e-09 -7.68706138e-09 -7.69818848e-09 -7.70777353e-09 -7.71729725e-09 -7.72725889e-09 -7.73707642e-09 -7.74539533e-09 -7.75067088e-09 -7.75178799e-09 -7.74849984e-09 -7.74152298e-09 -7.73225800e-09 -7.72223635e-09 -7.71248532e-09 -7.70306263e-09 -7.69293707e-09 -7.68030972e-09 -7.66329716e-09 -7.64075958e-09 -7.61298502e-09 -7.58192648e-09 -7.55082030e-09 -7.52320123e-09 -7.50155055e-09 -7.48600393e-09 -7.47361228e-09 -7.45856388e-09 -7.43353712e-09 -7.39199996e-09 -7.33091032e-09 -7.25302141e-09 -7.16794479e-09 -7.09134251e-09 5.13682520e-05 6.78426244e-04 2.02513850e-03 4.14965457e-03 7.15996420e-03 1.11974839e-02 1.64282952e-02 2.30387420e-02 3.12243037e-02 4.11226603e-02 5.28647572e-02 6.65921016e-02 8.23012273e-02 9.99790493e-02 1.19354506e-01 1.40044851e-01 1.61813339e-01 1.83961044e-01 2.05775193e-01 2.26496892e-01 2.45331655e-01 2.61491768e-01 2.74401981e-01 2.83489096e-01 2.88151914e-01 2.88151914e-01 2.83489096e-01 2.74401981e-01 2.61491768e-01 2.45331655e-01 2.26496892e-01 2.05775193e-01 1.83961044e-01 1.61813339e-01 1.40044851e-01 1.19354506e-01 9.99790493e-02 8.23012273e-02 6.65921016e-02 5.28647572e-02 4.11226603e-02 3.12243037e-02 2.30387420e-02 1.64282952e-02 1.11974839e-02 7.15996420e-03 4.14965457e-03 2.02513850e-03 6.78426244e-04 5.13682520e-05 -7.09134251e-09 -7.16794479e-09 -7.25302163e-09 -7.33091027e-09 -7.39199996e-09 -7.43353729e-09 -7.45856399e-09 -7.47361240e-09 -7.48600393e-09 -7.50155049e-09 -7.52320117e-09 -7.55082019e-09 -7.58192642e-09 -7.61298502e-09 -7.64075958e-09 -7.66329705e-09 -7.68030961e-09 -7.69293684e-09 -7.70306263e-09 -7.71248532e-09 -7.72223635e-09 -7.73225811e-09 -7.74152298e-09 -7.74849984e-09 -7.75178799e-09 -7.75067099e-09 -7.74539527e-09 -7.73707626e-09 -7.72725889e-09 -7.71729730e-09 -7.70777348e-09 -7.69818859e-09 -7.68706154e-09 -7.67244968e-09 -7.65274011e-09 -7.62744284e-09 -7.59768515e-09 -7.56615032e-09 -7.53637835e-09 -7.51155371e-09 -7.49312334e-09 -7.47972023e-09 -7.46686568e-09 -7.44775597e-09 -7.41513556e-09 -7.36388334e-09 -7.29362626e-09 -7.21052063e-09 -7.12743420e-09 -7.06210235e-09 2.75214390e-04 1.25777893e-03 2.98452316e-03 5.53668217e-03 9.03760784e-03 1.36541300e-02 1.95434066e-02 2.69213179e-02 3.59501352e-02 4.67492124e-02 5.94806861e-02 7.41877143e-02 9.09049813e-02 1.09476700e-01 1.29551998e-01 1.50826312e-01 1.72905544e-01 1.94937808e-01 2.16327746e-01 2.36201539e-01 2.53789159e-01 2.68368252e-01 2.79475288e-01 2.86394698e-01 2.88740050e-01
2.90078877e-01 2.87705343e-01 2.80696084e-01 2.69381729e-01 2.54316190e-01 2.36234481e-01 2.16181811e-01 1.94661545e-01 1.72419274e-01 1.50254449e-01 1.28742127e-01 1.08620153e-01 9.00535122e-02 7.33149088e-02 5.86451973e-02 4.59830570e-02 3.52741670e-02 2.63664180e-02 1.90885465e-02 1.33071916e-02 8.78988283e-03 5.37356632e-03 2.89247547e-03 1.21726119e-03 2.66298838e-04 -7.12801396e-09 -7.18126142e-09 -7.25470273e-09 -7.33112243e-09 -7.39743222e-09 -7.44676654e-09 -7.47858031e-09 -7.49711671e-09 -7.50897428e-09 -7.52060897e-09 -7.53646323e-09 -7.55811486e-09 -7.58446550e-09 -7.61270086e-09 -7.63957253e-09 -7.66254982e-09 -7.68050412e-09 -7.69380093e-09 -7.70386682e-09 -7.71246489e-09 -7.72096420e-09 -7.72985015e-09 -7.73862224e-09 -7.74607062e-09 -7.75080056e-09 -7.75180264e-09 -7.74885345e-09 -7.74260189e-09 -7.73431486e-09 -7.72536846e-09 -7.71667258e-09 -7.70824726e-09 -7.69912628e-09 -7.68766306e-09 -7.67216413e-09 -7.65165542e-09 -7.62649288e-09 -7.59855540e-09 -7.57085311e-09 -7.54657886e-09 -7.52784035e-09 -7.51447926e-09 -7.50344720e-09 -7.48911999e-09 -7.46468420e-09 -7.42439199e-09 -7.36612654e-09 -7.29348948e-09 -7.21659216e-09 -7.15097370e-09 4.95309474e-05 6.56672740e-04 1.96064077e-03 4.02384105e-03 6.95412720e-03 1.09013737e-02 1.60241024e-02 2.25301128e-02 3.06136242e-02 4.03931140e-02 5.20602921e-02 6.57281827e-02 8.14527532e-02 9.91311463e-02 1.18494654e-01 1.39385571e-01 1.61282896e-01 1.83569270e-01 2.05564729e-01 2.26430470e-01 2.45589160e-01 2.62277522e-01 2.75547934e-01 2.84764969e-01 2.89483704e-01 2.89483704e-01 2.84764969e-01 2.75547934e-01 2.62277522e-01 2.45589160e-01 2.26430470e-01 2.05564729e-01 1.83569270e-01 1.61282896e-01 1.39385571e-01 1.18494654e-01 9.91311463e-02 8.14527532e-02 6.57281827e-02 5.20602921e-02 4.03931140e-02 3.06136242e-02 2.25301128e-02 1.60241024e-02 1.09013737e-02 6.95412720e-03 4.02384105e-03 1.96064077e-03 6.56672740e-04 4.95309474e-05 -7.15097370e-09 -7.21659227e-09 -7.29348948e-09 -7.36612643e-09 -7.42439199e-09 -7.46468420e-09 -7.48911982e-09 -7.50344720e-09 -7.51447915e-09 -7.52784041e-09 -7.54657881e-09 -7.57085311e-09 -7.59855545e-09 -7.62649288e-09 -7.65165520e-09 -7.67216413e-09 -7.68766290e-09 -7.69912639e-09 -7.70824721e-09 -7.71667258e-09 -7.72536857e-09 -7.73431497e-09 -7.74260184e-09 -7.74885339e-09 -7.75180264e-09 -7.75080061e-09 -7.74607056e-09 -7.73862235e-09 -7.72985020e-09 -7.72096415e-09 -7.71246489e-09 -7.70386677e-09 -7.69380087e-09 -7.68050412e-09 -7.66254971e-09 -7.63957253e-09 -7.61270080e-09 -7.58446544e-09 -7.55811502e-09 -7.53646334e-09 -7.52060897e-09 -7.50897433e-09 -7.49711665e-09 -7.47858031e-09 -7.44676654e-09 -7.39743222e-09 -7.33112232e-09 -7.25470284e-09 -7.18126147e-09 -7.12801401e-09 2.66298838e-04 1.21726119e-03 2.89247547e-03 5.37356632e-03 8.78988283e-03 1.33071916e-02 1.90885465e-02 2.63664180e-02 3.52741670e-02 4.59830570e-02 5.86451973e-02 7.33149088e-02 9.00535122e-02 1.08620153e-01 1.28742127e-01 1.50254449e-01 1.72419274e-01 1.94661545e-01 2.16181811e-01 2.36234481e-01 2.54316190e-01 2.69381729e-01 2.80696084e-01 2.87705343e-01 2.90078877e-01
2.91215308e-01 2.88810898e-01 2.81713406e-01 2.70267996e-01 2.55029004e-01 2.36683383e-01 2.16021049e-01 1.94231948e-01 1.71875573e-01 1.49555569e-01 1.28002623e-01 1.07697141e-01 8.91677370e-02 7.24590334e-02 5.77879206e-02 4.52129836e-02 3.45935910e-02 2.58052094e-02 1.86367877e-02 1.29598175e-02 8.54408793e-03 5.21221225e-03 2.80152496e-03 1.17685701e-03 2.57961276e-04 -7.19004800e-09 -7.23190818e-09 -7.29596483e-09 -7.36568828e-09 -7.42792278e-09 -7.47521250e-09 -7.50617080e-09 -7.52419960e-09 -7.53524187e-09 -7.54538354e-09 -7.55899759e-09 -7.57783236e-09 -7.60110397e-09 -7.62634189e-09 -7.65057567e-09 -7.67142461e-09 -7.68776826e-09 -7.69986308e-09 -7.70896624e-09 -7.71667658e-09 -7.72425701e-09 -7.73217856e-09 -7.74001296e-09 -7.74667819e-09 -7.75091696e-09 -7.75181580e-09 -7.74917158e-09 -7.74357251e-09 -7.73616382e-09 -7.72818209e-09 -7.72043163e-09 -7.71290176e-09 -7.70468855e-09 -7.69428465e-09 -7.68017355e-09 -7.66152691e-09 -7.63875763e-09 -7.61366536e-09 -7.58904156e-09 -7.56775909e-09 -7.55158225e-09 -7.54009616e-09 -7.53019136e-09 -7.51646023e-09 -7.49260914e-09 -7.45365636e-09 -7.39835504e-09 -7.33105643e-09 -7.26223398e-09 -7.20714044e-09 4.77034932e-05 6.34888816e-04 1.89607569e-03 3.89921229e-03 6.75122745e-03 1.06080420e-02 1.56226636e-02 2.20268261e-02 2.99867575e-02 3.96660037e-02 5.12500085e-02 6.48626752e-02 8.05713675e-02 9.82148791e-02 1.17654807e-01 1.38675635e-01 1.60668785e-01 1.83087307e-01 2.05197655e-01 2.26589870e-01 2.46201416e-01 2.63080632e-01 2.76505404e-01 2.85832319e-01 2.90612413e-01 2.90612413e-01 2.85832319e-01 2.76505404e-01 2.63080632e-01 2.46201416e-01 2.26589870e-01 2.05197655e-01 1.83087307e-01 1.60668785e-01 1.38675635e-01 1.17654807e-01 9.82148791e-02 8.05713675e-02 6.48626752e-02 5.12500085e-02 3.96660037e-02 2.99867575e-02 2.20268261e-02 1.56226636e-02 1.06080420e-02 6.75122745e-03 3.89921229e-03 1.89607569e-03 6.34888816e-04 4.77034932e-05 -7.20714022e-09 -7.26223393e-09 -7.33105643e-09 -7.39835482e-09 -7.45365614e-09 -7.49260926e-09 -7.51646034e-09 -7.53019125e-09 -7.54009621e-09 -7.55158236e-09 -7.56775898e-09 -7.58904162e-09 -7.61366548e-09 -7.63875768e-09 -7.66152686e-09 -7.68017339e-09 -7.69428460e-09 -7.70468839e-09 -7.71290176e-09 -7.72043152e-09 -7.72818193e-09 -7.73616360e-09 -7.74357245e-09 -7.74917158e-09 -7.75181574e-09 -7.75091696e-09 -7.74667808e-09 -7.74001296e-09 -7.73217862e-09 -7.72425690e-09 -7.71667641e-09 -7.70896624e-09 -7.69986314e-09 -7.68776826e-09 -7.67142450e-09 -7.65057567e-09 -7.62634189e-09 -7.60110397e-09 -7.57783231e-09 -7.55899754e-09 -7.54538354e-09 -7.53524199e-09 -7.52419965e-09 -7.50617085e-09 -7.47521256e-09 -7.42792278e-09 -7.36568839e-09 -7.29596472e-09 -7.23190835e-09 -7.19004811e-09 2.57961276e-04 1.17685701e-03 2.80152496e-03 5.21221225e-03 8.54408793e-03 1.29598175e-02 1.86367877e-02 2.58052094e-02 3.45935910e-02 4.52129836e-02 5.77879206e-02 7.24590334e-02 8.91677370e-02 1.07697141e-01 1.28002623e-01 1.49555569e-01 1.71875573e-01 1.94231948e-01 2.16021049e-01 2.36683383e-01 2.55029004e-01 2.70267996e-01 2.81713406e-01 2.88810898e-01 2.91215308e-01
2.92239040e-01 2.89796695e-01 2.82586123e-01 2.70962490e-01 2.55561128e-01 2.37034526e-01 2.16175933e-01 1.93866989e-01 1.71204281e-01 1.48822791e-01 1.27173892e-01 1.06825545e-01 8.82156089e-02 7.15797304e-02 5.69468786e-02 4.44401564e-02 3.39178031e-02 2.52379623e-02 1.81926477e-02 1.26108312e-02 8.30055511e-03 5.05275359e-03 2.71097539e-03 1.13806487e-03 2.49454745e-04 -7.24827115e-09 -7.27953009e-09 -7.33454614e-09 -7.39762540e-09 -7.45569195e-09 -7.50081997e-09 -7.53086354e-09 -7.54842500e-09 -7.55880003e-09 -7.56768881e-09 -7.57936192e-09 -7.59570390e-09 -7.61621077e-09 -7.63873031e-09 -7.66055502e-09 -7.67945291e-09 -7.69431852e-09 -7.70531444e-09 -7.71354453e-09 -7.72045583e-09 -7.72721326e-09 -7.73427061e-09 -7.74126346e-09 -7.74722508e-09 -7.75102194e-09 -7.75182751e-09 -7.74945785e-09 -7.74444575e-09 -7.73782571e-09 -7.73070902e-09 -7.72380571e-09 -7.71707920e-09 -7.70968500e-09 -7.70024694e-09 -7.68740754e-09 -7.67046981e-09 -7.64989028e-09 -7.62738861e-09 -7.60554492e-09 -7.58693097e-09 -7.57299923e-09 -7.56311369e-09 -7.55413898e-09 -7.54090895e-09 -7.51765483e-09 -7.48013773e-09 -7.42791811e-09 -7.36599537e-09 -7.30506861e-09 -7.25995275e-09 4.60888322e-05 6.13073953e-04 1.83379798e-03 3.77674255e-03 6.55202614e-03 1.03148263e-02 1.52275651e-02 2.15220817e-02 2.93588663e-02 3.89340407e-02 5.04332484e-02 6.40096961e-02 7.96566125e-02 9.72604903e-02 1.16825735e-01 1.37867707e-01 1.59968727e-01 1.82483997e-01 2.05146411e-01 2.26843936e-01 2.46641116e-01 2.63700492e-01 2.77292941e-01 2.86770819e-01 2.91626614e-01 2.91626614e-01 2.86770819e-01 2.77292941e-01 2.63700492e-01 2.46641116e-01 2.26843936e-01 2.05146411e-01 1.82483997e-01 1.59968727e-01 1.37867707e-01 1.16825735e-01 9.72604903e-02 7.96566125e-02 6.40096961e-02 5.04332484e-02 3.89340407e-02 2.93588663e-02 2.15220817e-02 1.52275651e-02 1.03148263e-02 6.55202614e-03 3.77674255e-03 1.83379798e-03 6.13073953e-04 4.60888322e-05 -7.25995264e-09 -7.30506877e-09 -7.36599542e-09 -7.42791806e-09 -7.48013768e-09 -7.51765494e-09 -7.54090890e-09 -7.55413898e-09 -7.56311364e-09 -7.57299917e-09 -7.58693092e-09 -7.60554481e-09 -7.62738839e-09 -7.64989028e-09 -7.67046970e-09 -7.68740760e-09 -7.70024683e-09 -7.70968506e-09 -7.71707920e-09 -7.72380560e-09 -7.73070902e-09 -7.73782599e-09 -7.74444575e-09 -7.74945785e-09 -7.75182740e-09 -7.75102194e-09 -7.74722508e-09 -7.74126335e-09 -7.73427061e-09 -7.72721315e-09 -7.72045594e-09 -7.71354469e-09 -7.70531444e-09 -7.69431863e-09 -7.67945280e-09 -7.66055502e-09 -7.63873031e-09 -7.61621083e-09 -7.59570407e-09 -7.57936192e-09 -7.56768881e-09 -7.55880003e-09 -7.54842494e-09 -7.53086349e-09 -7.50082002e-09 -7.45569195e-09 -7.39762535e-09 -7.33454608e-09 -7.27953003e-09 -7.24827115e-09 2.49454745e-04 1.13806487e-03 2.71097539e-03 5.05275359e-03 8.30055511e-03 1.26108312e-02 1.81926477e-02 2.52379623e-02 3.39178031e-02 4.44401564e-02 5.69468786e-02 7.15797304e-02 8.82156089e-02 1.06825545e-01 1.27173892e-01 1.48822791e-01 1.71204281e-01 1.93866989e-01 2.16175933e-01 2.37034526e-01 2.55561128e-01 2.70962490e-01 2.82586123e-01 2.89796695e-01 2.92239040e-01
2.93169443e-01 2.90695507e-01 2.83397217e-01 2.71636672e-01 2.55996791e-01 2.37213199e-01 2.16180862e-01 1.93698115e-01 1.70597299e-01 1.47985404e-01 1.26296639e-01 1.05932663e-01 8.72504705e-02 7.06652076e-02 5.61130725e-02 4.36582710e-02 3.32427200e-02 2.46726347e-02 1.77485301e-02 1.22693397e-02 8.05817574e-03 4.89461975e-03 2.62014609e-03 1.10006018e-03 2.40783352e-04 -7.30273853e-09 -7.32425248e-09 -7.37064648e-09 -7.42719375e-09 -7.48103690e-09 -7.52389989e-09 -7.55296292e-09 -7.57007657e-09 -7.57990370e-09 -7.58774632e-09 -7.59774604e-09 -7.61188867e-09 -7.62991803e-09 -7.64997576e-09 -7.66960356e-09 -7.68671377e-09 -7.70022401e-09 -7.71021524e-09 -7.71765363e-09 -7.72384662e-09 -7.72986664e-09 -7.73615005e-09 -7.74238745e-09 -7.74771702e-09 -7.75111630e-09 -7.75183812e-09 -7.74971548e-09 -7.74523112e-09 -7.73931935e-09 -7.73297848e-09 -7.72683306e-09 -7.72082726e-09 -7.71417275e-09 -7.70561415e-09 -7.69393954e-09 -7.67856861e-09 -7.65999203e-09 -7.63984526e-09 -7.62050689e-09 -7.60426760e-09 -7.59229657e-09 -7.58377078e-09 -7.57556035e-09 -7.56276214e-09 -7.54013169e-09 -7.50414281e-09 -7.45509743e-09 -7.39853900e-09 -7.34526040e-09 -7.30949912e-09 4.46810761e-05 5.91941597e-04 1.77251394e-03 3.65641571e-03 6.35553986e-03 1.00227428e-02 1.48395514e-02 2.10172520e-02 2.87426478e-02 3.82034453e-02 4.96243757e-02 6.31329768e-02 7.86955575e-02 9.63549060e-02 1.15901163e-01 1.37008832e-01 1.59156978e-01 1.82175631e-01 2.05058859e-01 2.26939961e-01 2.46943188e-01 2.64257327e-01 2.78042223e-01 2.87632557e-01 2.92549003e-01 2.92549003e-01 2.87632557e-01 2.78042223e-01 2.64257327e-01 2.46943188e-01 2.26939961e-01 2.05058859e-01 1.82175631e-01 1.59156978e-01 1.37008832e-01 1.15901163e-01 9.63549060e-02 7.86955575e-02 6.31329768e-02 4.96243757e-02 3.82034453e-02 2.87426478e-02 2.10172520e-02 1.48395514e-02 1.00227428e-02 6.35553986e-03 3.65641571e-03 1.77251394e-03 5.91941597e-04 4.46810761e-05 -7.30949917e-09 -7.34526034e-09 -7.39853889e-09 -7.45509726e-09 -7.50414275e-09 -7.54013174e-09 -7.56276203e-09 -7.57556029e-09 -7.58377072e-09 -7.59229668e-09 -7.60426766e-09 -7.62050700e-09 -7.63984542e-09 -7.65999220e-09 -7.67856861e-09 -7.69393949e-09 -7.70561415e-09 -7.71417291e-09 -7.72082726e-09 -7.72683295e-09 -7.73297837e-09 -7.73931941e-09 -7.74523107e-09 -7.74971542e-09 -7.75183812e-09 -7.75111642e-09 -7.74771680e-09 -7.74238751e-09 -7.73615005e-09 -7.72986669e-09 -7.72384656e-09 -7.71765368e-09 -7.71021536e-09 -7.70022401e-09 -7.68671360e-09 -7.66960356e-09 -7.64997576e-09 -7.62991792e-09 -7.61188873e-09 -7.59774615e-09 -7.58774632e-09 -7.57990370e-09 -7.57007657e-09 -7.55296281e-09 -7.52389989e-09 -7.48103690e-09 -7.42719364e-09 -7.37064648e-09 -7.32425243e-09 -7.30273847e-09 2.40783352e-04 1.10006018e-03 2.62014609e-03 4.89461975e-03 8.05817574e-03 1.22693397e-02 1.77485301e-02 2.46726347e-02 3.32427200e-02 4.36582710e-02 5.61130725e-02 7.06652076e-02 8.72504705e-02 1.05932663e-01 1.26296639e-01 1.47985404e-01 1.70597299e-01 1.93698115e-01 2.16180862e-01 2.37213199e-01 2.55996791e-01 2.71636672e-01 2.83397217e-01 2.90695507e-01 2.93169443e-01
2.94217561e-01 2.91690135e-01 2.84237545e-01 2.72215597e-01 2.56346887e-01 2.37366545e-01 2.16056021e-01 1.93393805e-01 1.70158060e-01 1.47150868e-01 1.25348585e-01 1.04962669e-01 8.63380537e-02 6.97077080e-02 5.52668762e-02 4.28874046e-02 3.25682588e-02 2.41120833e-02 1.73063430e-02 1.19356656e-02 7.81868605e-03 4.73926185e-03 2.53247288e-03 1.06176723e-03 2.32012431e-04 -7.35350136e-09 -7.36617878e-09 -7.40443351e-09 -7.45461659e-09 -7.50421869e-09 -7.54473051e-09 -7.57274504e-09 -7.58941454e-09 -7.59878743e-09 -7.60576080e-09 -7.61432373e-09 -7.62653174e-09 -7.64234676e-09 -7.66017877e-09 -7.67780473e-09 -7.69327879e-09 -7.70554626e-09 -7.71461994e-09 -7.72134007e-09 -7.72688702e-09 -7.73224745e-09 -7.73783781e-09 -7.74339798e-09 -7.74815934e-09 -7.75120124e-09 -7.75184761e-09 -7.74994713e-09 -7.74593728e-09 -7.74066122e-09 -7.73501480e-09 -7.72954845e-09 -7.72418873e-09 -7.71820180e-09 -7.71044423e-09 -7.69983644e-09 -7.68590191e-09 -7.66915476e-09 -7.65114622e-09 -7.63406138e-09 -7.61992891e-09 -7.60966373e-09 -7.60228719e-09 -7.59470342e-09 -7.58228880e-09 -7.56031893e-09 -7.52594415e-09 -7.48013773e-09 -7.42888412e-09 -7.38294437e-09 -7.35585376e-09 4.31816531e-05 5.71202484e-04 1.71311471e-03 3.53858971e-03 6.15905707e-03 9.73312126e-03 1.44547907e-02 2.05113841e-02 2.81226899e-02 3.74743622e-02 4.88222639e-02 6.22326445e-02 7.77332993e-02 9.54023271e-02 1.14956951e-01 1.36056264e-01 1.58577948e-01 1.81799405e-01 2.04833929e-01 2.26951452e-01 2.47194596e-01 2.64710797e-01 2.78765783e-01 2.88562272e-01 2.93583456e-01 2.93583456e-01 2.88562272e-01 2.78765783e-01 2.64710797e-01 2.47194596e-01 2.26951452e-01 2.04833929e-01 1.81799405e-01 1.58577948e-01 1.36056264e-01 1.14956951e-01 9.54023271e-02 7.77332993e-02 6.22326445e-02 4.88222639e-02 3.74743622e-02 2.81226899e-02 2.05113841e-02 1.44547907e-02 9.73312126e-03 6.15905707e-03 3.53858971e-03 1.71311471e-03 5.71202484e-04 4.31816531e-05 -7.35585381e-09 -7.38294437e-09 -7.42888423e-09 -7.48013779e-09 -7.52594403e-09 -7.56031893e-09 -7.58228891e-09 -7.59470342e-09 -7.60228719e-09 -7.60966368e-09 -7.61992902e-09 -7.63406144e-09 -7.65114627e-09 -7.66915481e-09 -7.68590191e-09 -7.69983649e-09 -7.71044406e-09 -7.71820169e-09 -7.72418868e-09 -7.72954845e-09 -7.73501496e-09 -7.74066133e-09 -7.74593745e-09 -7.74994724e-09 -7.75184772e-09 -7.75120124e-09 -7.74815923e-09 -7.74339803e-09 -7.73783781e-09 -7.73224756e-09 -7.72688702e-09 -7.72134012e-09 -7.71461972e-09 -7.70554637e-09 -7.69327879e-09 -7.67780473e-09 -7.66017894e-09 -7.64234664e-09 -7.62653196e-09 -7.61432356e-09 -7.60576080e-09 -7.59878727e-09 -7.58941454e-09 -7.57274510e-09 -7.54473051e-09 -7.50421869e-09 -7.45461654e-09 -7.40443346e-09 -7.36617878e-09 -7.35350147e-09 2.32012431e-04 1.06176723e-03 2.53247288e-03 4.73926185e-03 7.81868605e-03 1.19356656e-02 1.73063430e-02 2.41120833e-02 3.25682588e-02 4.28874046e-02 5.52668762e-02 6.97077080e-02 8.63380537e-02 1.04962669e-01 1.25348585e-01 1.47150868e-01 1.70158060e-01 1.93393805e-01 2.16056021e-01 2.37366545e-01 2.56346887e-01 2.72215597e-01 2.84237545e-01 2.91690135e-01 2.94217561e-01
2.95288151e-01 2.92710982e-01 2.85120952e-01 2.72935403e-01 2.56798402e-01 2.37414423e-01 2.15900817e-01 1.92991067e-01 1.69603448e-01 1.46489275e-01 1.24331175e-01 1.03963491e-01 8.53621842e-02 6.87748311e-02 5.43971800e-02 4.21284548e-02 3.18938057e-02 2.35519256e-02 1.68616115e-02 1.16068102e-02 7.58222516e-03 4.58559967e-03 2.44745378e-03 1.02414728e-03 2.23235562e-04 -7.40061235e-09 -7.40539607e-09 -7.43604689e-09 -7.48008522e-09 -7.52546647e-09 -7.56355933e-09 -7.59045948e-09 -7.60667551e-09 -7.61566576e-09 -7.62192021e-09 -7.62925484e-09 -7.63976737e-09 -7.65360719e-09 -7.66943076e-09 -7.68523556e-09 -7.69921288e-09 -7.71034214e-09 -7.71857700e-09 -7.72464626e-09 -7.72961289e-09 -7.73438247e-09 -7.73935294e-09 -7.74430620e-09 -7.74855718e-09 -7.75127784e-09 -7.75185627e-09 -7.75015585e-09 -7.74657222e-09 -7.74186687e-09 -7.73684244e-09 -7.73198294e-09 -7.72720193e-09 -7.72181774e-09 -7.71478942e-09 -7.70515868e-09 -7.69253916e-09 -7.67746200e-09 -7.66139130e-09 -7.64632913e-09 -7.63406144e-09 -7.62527452e-09 -7.61886465e-09 -7.61179497e-09 -7.59973395e-09 -7.57846719e-09 -7.54578217e-09 -7.50325135e-09 -7.45719786e-09 -7.41823325e-09 -7.39908274e-09 4.16151646e-05 5.51338113e-04 1.65454383e-03 3.42137203e-03 5.96665880e-03 9.44961506e-03 1.40723408e-02 2.00126133e-02 2.75017317e-02 3.67548284e-02 4.80048951e-02 6.13018855e-02 7.68023756e-02 9.44123765e-02 1.13939553e-01 1.35234566e-01 1.57966511e-01 1.81302262e-01 2.04563632e-01 2.26888286e-01 2.47453176e-01 2.65324449e-01 2.79571145e-01 2.89521296e-01 2.94641852e-01 2.94641852e-01 2.89521296e-01 2.79571145e-01 2.65324449e-01 2.47453176e-01 2.26888286e-01 2.04563632e-01 1.81302262e-01 1.57966511e-01 1.35234566e-01 1.13939553e-01 9.44123765e-02 7.68023756e-02 6.13018855e-02 4.80048951e-02 3.67548284e-02 2.75017317e-02 2.00126133e-02 1.40723408e-02 9.44961506e-03 5.96665880e-03 3.42137203e-03 1.65454383e-03 5.51338113e-04 4.16151646e-05 -7.39908268e-09 -7.41823336e-09 -7.45719780e-09 -7.50325141e-09 -7.54578222e-09 -7.57846697e-09 -7.59973384e-09 -7.61179497e-09 -7.61886448e-09 -7.62527452e-09 -7.63406155e-09 -7.64632913e-09 -7.66139141e-09 -7.67746205e-09 -7.69253922e-09 -7.70515868e-09 -7.71478936e-09 -7.72181780e-09 -7.72720188e-09 -7.73198294e-09 -7.73684239e-09 -7.74186687e-09 -7.74657216e-09 -7.75015585e-09 -7.75185627e-09 -7.75127784e-09 -7.74855702e-09 -7.74430609e-09 -7.73935294e-09 -7.73438247e-09 -7.72961289e-09 -7.72464637e-09 -7.71857683e-09 -7.71034225e-09 -7.69921299e-09 -7.68523556e-09 -7.66943076e-09 -7.65360697e-09 -7.63976726e-09 -7.62925489e-09 -7.62192021e-09 -7.61566571e-09 -7.60667562e-09 -7.59045948e-09 -7.56355922e-09 -7.52546647e-09 -7.48008516e-09 -7.43604678e-09 -7.40539602e-09 -7.40061246e-09 2.23235562e-04 1.02414728e-03 2.44745378e-03 4.58559967e-03 7.58222516e-03 1.16068102e-02 1.68616115e-02 2.35519256e-02 3.18938057e-02 4.21284548e-02 5.43971800e-02 6.87748311e-02 8.53621842e-02 1.03963491e-01 1.24331175e-01 1.46489275e-01 1.69603448e-01 1.92991067e-01 2.15900817e-01 2.37414423e-01 2.56798402e-01 2.72935403e-01 2.85120952e-01 2.92710982e-01 2.95288151e-01
2.96277618e-01 2.93672154e-01 2.85992201e-01 2.73646288e-01 2.57249845e-01 2.37608788e-01 2.15730321e-01 1.92543532e-01 1.68959198e-01 1.45745563e-01 1.23502299e-01 1.02899737e-01 8.43537332e-02 6.78569850e-02 5.35015392e-02 4.13584589e-02 3.12273748e-02 2.29918638e-02 1.64212553e-02 1.12793149e-02 7.34744292e-03 4.43399545e-03 2.36289606e-03 9.87171183e-04 2.15277688e-04 -7.44413065e-09 -7.44198048e-09 -7.46560447e-09 -7.50376317e-09 -7.54497947e-09 -7.58060714e-09 -7.60633090e-09 -7.62207508e-09 -7.63073571e-09 -7.63639779e-09 -7.64268709e-09 -7.65171793e-09 -7.66380087e-09 -7.67781527e-09 -7.69196506e-09 -7.70457531e-09 -7.71466202e-09 -7.72213060e-09 -7.72760989e-09 -7.73205483e-09 -7.73629660e-09 -7.74071252e-09 -7.74512193e-09 -7.74891501e-09 -7.75134645e-09 -7.75186382e-09 -7.75034348e-09 -7.74714282e-09 -7.74294906e-09 -7.73848158e-09 -7.73416453e-09 -7.72990194e-09 -7.72506115e-09 -7.71869713e-09 -7.70996050e-09 -7.69854458e-09 -7.68498926e-09 -7.67067293e-09 -7.65742209e-09 -7.64679992e-09 -7.63928931e-09 -7.63368813e-09 -7.62704216e-09 -7.61531904e-09 -7.59480057e-09 -7.56386920e-09 -7.52462159e-09 -7.48362156e-09 -7.45122286e-09 -7.43924877e-09 3.99260832e-05 5.31341009e-04 1.59566222e-03 3.30511648e-03 5.77795527e-03 9.17280274e-03 1.36870892e-02 1.95173624e-02 2.68852277e-02 3.60492682e-02 4.71779154e-02 6.03889645e-02 7.58258454e-02 9.33870886e-02 1.12927654e-01 1.34461560e-01 1.57254600e-01 1.80768644e-01 2.04210754e-01 2.26907347e-01 2.47772923e-01 2.65911978e-01 2.80364551e-01 2.90448144e-01 2.95624239e-01 2.95624239e-01 2.90448144e-01 2.80364551e-01 2.65911978e-01 2.47772923e-01 2.26907347e-01 2.04210754e-01 1.80768644e-01 1.57254600e-01 1.34461560e-01 1.12927654e-01 9.33870886e-02 7.58258454e-02 6.03889645e-02 4.71779154e-02 3.60492682e-02 2.68852277e-02 1.95173624e-02 1.36870892e-02 9.17280274e-03 5.77795527e-03 3.30511648e-03 1.59566222e-03 5.31341009e-04 3.99260832e-05 -7.43924861e-09 -7.45122275e-09 -7.48362150e-09 -7.52462165e-09 -7.56386909e-09 -7.59480057e-09 -7.61531910e-09 -7.62704222e-09 -7.63368813e-09 -7.63928920e-09 -7.64679997e-09 -7.65742209e-09 -7.67067287e-09 -7.68498926e-09 -7.69854458e-09 -7.70996045e-09 -7.71869713e-09 -7.72506137e-09 -7.72990194e-09 -7.73416453e-09 -7.73848163e-09 -7.74294906e-09 -7.74714282e-09 -7.75034348e-09 -7.75186382e-09 -7.75134645e-09 -7.74891495e-09 -7.74512177e-09 -7.74071252e-09 -7.73629660e-09 -7.73205494e-09 -7.72761005e-09 -7.72213066e-09 -7.71466202e-09 -7.70457542e-09 -7.69196506e-09 -7.67781538e-09 -7.66380082e-09 -7.65171793e-09 -7.64268715e-09 -7.63639779e-09 -7.63073571e-09 -7.62207508e-09 -7.60633095e-09 -7.58060714e-09 -7.54497947e-09 -7.50376306e-09 -7.46560447e-09 -7.44198053e-09 -7.44413076e-09 2.15277688e-04 9.87171183e-04 2.36289606e-03 4.43399545e-03 7.34744292e-03 1.12793149e-02 1.64212553e-02 2.29918638e-02 3.12273748e-02 4.13584589e-02 5.35015392e-02 6.78569850e-02 8.43537332e-02 1.02899737e-01 1.23502299e-01 1.45745563e-01 1.68959198e-01 1.92543532e-01 2.15730321e-01 2.37608788e-01 2.57249845e-01 2.73646288e-01 2.85992201e-01 2.93672154e-01 2.96277618e-01
2.96991717e-01 2.94365728e-01 2.86621921e-01 2.74161272e-01 2.57630279e-01 2.37797593e-01 2.15605117e-01 1.92116295e-01 1.68289027e-01 1.44912785e-01 1.22627147e-01 1.01894790e-01 8.33140443e-02 6.68888417e-02 5.26326143e-02 4.05836504e-02 3.05765359e-02 2.24371196e-02 1.59900704e-02 1.09526479e-02 7.11757229e-03 4.28705825e-03 2.28010650e-03 9.50264033e-04 2.07527099e-04 -7.48412543e-09 -7.47600176e-09 -7.49320722e-09 -7.52578999e-09 -7.56293184e-09 -7.59606877e-09 -7.62056129e-09 -7.63580943e-09 -7.64417785e-09 -7.64935187e-09 -7.65475616e-09 -7.66249686e-09 -7.67302033e-09 -7.68540853e-09 -7.69805664e-09 -7.70941883e-09 -7.71855174e-09 -7.72532083e-09 -7.73026504e-09 -7.73424180e-09 -7.73801156e-09 -7.74193204e-09 -7.74585429e-09 -7.74923659e-09 -7.75140840e-09 -7.75187076e-09 -7.75051223e-09 -7.74765546e-09 -7.74392017e-09 -7.73995062e-09 -7.73611841e-09 -7.73232006e-09 -7.72796976e-09 -7.72221020e-09 -7.71429098e-09 -7.70397590e-09 -7.69180586e-09 -7.67907460e-09 -7.66744312e-09 -7.65826857e-09 -7.65185509e-09 -7.64692815e-09 -7.64063379e-09 -7.62924446e-09 -7.60951957e-09 -7.58039120e-09 -7.54440665e-09 -7.50827500e-09 -7.48199558e-09 -7.47641571e-09 3.83591639e-05 5.11681107e-04 1.53730046e-03 3.18936549e-03 5.59138443e-03 8.89706654e-03 1.33060758e-02 1.90245445e-02 2.62760207e-02 3.53356694e-02 4.63341295e-02 5.94870629e-02 7.48342591e-02 9.23123850e-02 1.12043725e-01 1.33602570e-01 1.56507467e-01 1.80164652e-01 2.03977627e-01 2.26921039e-01 2.48075817e-01 2.66358660e-01 2.80947228e-01 2.91114471e-01 2.96333046e-01 2.96333046e-01 2.91114471e-01 2.80947228e-01 2.66358660e-01 2.48075817e-01 2.26921039e-01 2.03977627e-01 1.80164652e-01 1.56507467e-01 1.33602570e-01 1.12043725e-01 9.23123850e-02 7.48342591e-02 5.94870629e-02 4.63341295e-02 3.53356694e-02 2.62760207e-02 1.90245445e-02 1.33060758e-02 8.89706654e-03 5.59138443e-03 3.18936549e-03 1.53730046e-03 5.11681107e-04 3.83591639e-05 -7.47641582e-09 -7.48199552e-09 -7.50827500e-09 -7.54440671e-09 -7.58039120e-09 -7.60951957e-09 -7.62924440e-09 -7.64063379e-09 -7.64692804e-09 -7.65185509e-09 -7.65826857e-09 -7.66744301e-09 -7.67907449e-09 -7.69180597e-09 -7.70397596e-09 -7.71429104e-09 -7.72221032e-09 -7.72796960e-09 -7.73232001e-09 -7.73611836e-09 -7.73995079e-09 -7.74392012e-09 -7.74765541e-09 -7.75051229e-09 -7.75187076e-09 -7.75140840e-09 -7.74923647e-09 -7.74585429e-09 -7.74193204e-09 -7.73801151e-09 -7.73424180e-09 -7.73026504e-09 -7.72532072e-09 -7.71855174e-09 -7.70941871e-09 -7.69805664e-09 -7.68540853e-09 -7.67302044e-09 -7.66249697e-09 -7.65475605e-09 -7.64935187e-09 -7.64417768e-09 -7.63580921e-09 -7.62056129e-09 -7.59606866e-09 -7.56293184e-09 -7.52579005e-09 -7.49320733e-09 -7.47600171e-09 -7.48412549e-09 2.07527099e-04 9.50264033e-04 2.28010650e-03 4.28705825e-03 7.11757229e-03 1.09526479e-02 1.59900704e-02 2.24371196e-02 3.05765359e-02 4.05836504e-02 5.26326143e-02 6.68888417e-02 8.33140443e-02 1.01894790e-01 1.22627147e-01 1.44912785e-01 1.68289027e-01 1.92116295e-01 2.15605117e-01 2.37797593e-01 2.57630279e-01 2.74161272e-01 2.86621921e-01 2.94365728e-01 2.96991717e-01
2.97607465e-01 2.94936525e-01 2.87066069e-01 2.74463015e-01 2.57784673e-01 2.37826743e-01 2.15464486e-01 1.91717216e-01 1.67625484e-01 1.44063608e-01 1.21680252e-01 1.00959674e-01 8.22371677e-02 6.59126894e-02 5.17746005e-02 3.97943678e-02 2.99193804e-02 2.18922741e-02 1.55602610e-02 1.06304211e-02 6.89220610e-03 4.14325062e-03 2.19856024e-03 9.15480000e-04 1.99719320e-04 -7.52067886e-09 -7.50752760e-09 -7.51894152e-09 -7.54628576e-09 -7.57947372e-09 -7.61011626e-09 -7.63333130e-09 -7.64805508e-09 -7.65615604e-09 -7.66092889e-09 -7.66558689e-09 -7.67220826e-09 -7.68135155e-09 -7.69227981e-09 -7.70356778e-09 -7.71379216e-09 -7.72205272e-09 -7.72818282e-09 -7.73264269e-09 -7.73619901e-09 -7.73954723e-09 -7.74302511e-09 -7.74651165e-09 -7.74952547e-09 -7.75146408e-09 -7.75187714e-09 -7.75066367e-09 -7.74811565e-09 -7.74479136e-09 -7.74126707e-09 -7.73786746e-09 -7.73448450e-09 -7.73057618e-09 -7.72536701e-09 -7.71819564e-09 -7.70888542e-09 -7.69797509e-09 -7.68667402e-09 -7.67648622e-09 -7.66858155e-09 -7.66310798e-09 -7.65874053e-09 -7.65274188e-09 -7.64169039e-09 -7.62280233e-09 -7.59551122e-09 -7.56274227e-09 -7.53126095e-09 -7.51062601e-09 -7.51065332e-09 3.68835147e-05 4.91929949e-04 1.48054597e-03 3.07659482e-03 5.40786622e-03 8.62519416e-03 1.29361528e-02 1.85333592e-02 2.56849350e-02 3.46163688e-02 4.55052288e-02 5.85561579e-02 7.38097940e-02 9.13212472e-02 1.11103214e-01 1.32693240e-01 1.55702744e-01 1.79652160e-01 2.03711366e-01 2.26881843e-01 2.48162347e-01 2.66581286e-01 2.81311010e-01 2.91631075e-01 2.96937472e-01 2.96937472e-01 2.91631075e-01 2.81311010e-01 2.66581286e-01 2.48162347e-01 2.26881843e-01 2.03711366e-01 1.79652160e-01 1.55702744e-01 1.32693240e-01 1.11103214e-01 9.13212472e-02 7.38097940e-02 5.85561579e-02 4.55052288e-02 3.46163688e-02 2.56849350e-02 1.85333592e-02 1.29361528e-02 8.62519416e-03 5.40786622e-03 3.07659482e-03 1.48054597e-03 4.91929949e-04 3.68835147e-05 -7.51065332e-09 -7.51062579e-09 -7.53126106e-09 -7.56274215e-09 -7.59551122e-09 -7.62280239e-09 -7.64169039e-09 -7.65274200e-09 -7.65874042e-09 -7.66310793e-09 -7.66858160e-09 -7.67648622e-09 -7.68667391e-09 -7.69797509e-09 -7.70888547e-09 -7.71819564e-09 -7.72536701e-09 -7.73057612e-09 -7.73448450e-09 -7.73786757e-09 -7.74126702e-09 -7.74479125e-09 -7.74811582e-09 -7.75066361e-09 -7.75187714e-09 -7.75146392e-09 -7.74952563e-09 -7.74651165e-09 -7.74302511e-09 -7.73954728e-09 -7.73619901e-09 -7.73264269e-09 -7.72818298e-09 -7.72205272e-09 -7.71379216e-09 -7.70356778e-09 -7.69227981e-09 -7.68135150e-09 -7.67220820e-09 -7.66558678e-09 -7.66092889e-09 -7.65615610e-09 -7.64805530e-09 -7.63333136e-09 -7.61011609e-09 -7.57947372e-09 -7.54628571e-09 -7.51894158e-09 -7.50752749e-09 -7.52067880e-09 1.99719320e-04 9.15480000e-04 2.19856024e-03 4.14325062e-03 6.89220610e-03 1.06304211e-02 1.55602610e-02 2.18922741e-02 2.99193804e-02 3.97943678e-02 5.17746005e-02 6.59126894e-02 8.22371677e-02 1.00959674e-01 1.21680252e-01 1.44063608e-01 1.67625484e-01 1.91717216e-01 2.15464486e-01 2.37826743e-01 2.57784673e-01 2.74463015e-01 2.87066069e-01 2.94936525e-01 2.97607465e-01
2.98375205e-01 2.95642843e-01 2.87592884e-01 2.74766437e-01 2.57824621e-01 2.37649122e-01 2.15160056e-01 1.91303838e-01 1.66977422e-01 1.43187014e-01 1.20714030e-01 9.99725701e-02 8.12644884e-02 6.49108628e-02 5.08830118e-02 3.90180788e-02 2.92631541e-02 2.13626305e-02 1.51340858e-02 1.03174814e-02 6.66900537e-03 4.00184299e-03 2.11875624e-03 8.81349218e-04 1.92077884e-04 -7.55388707e-09 -7.53662588e-09 -7.54288454e-09 -7.56535257e-09 -7.59473617e-09 -7.62290142e-09 -7.64480279e-09 -7.65897334e-09 -7.66682084e-09 -7.67126274e-09 -7.67529373e-09 -7.68094727e-09 -7.68887221e-09 -7.69849329e-09 -7.70855046e-09 -7.71773867e-09 -7.72520231e-09 -7.73074971e-09 -7.73477049e-09 -7.73794950e-09 -7.74092185e-09 -7.74400466e-09 -7.74710129e-09 -7.74978492e-09 -7.75151393e-09 -7.75188291e-09 -7.75079984e-09 -7.74852893e-09 -7.74557241e-09 -7.74244591e-09 -7.73943226e-09 -7.73642050e-09 -7.73291109e-09 -7.72820230e-09 -7.72171410e-09 -7.71332120e-09 -7.70355496e-09 -7.69354114e-09 -7.68463831e-09 -7.67784397e-09 -7.67317193e-09 -7.66926711e-09 -7.66352282e-09 -7.65281938e-09 -7.63480718e-09 -7.60937163e-09 -7.57974528e-09 -7.55266827e-09 -7.53718304e-09 -7.54203722e-09 3.56397165e-05 4.73233750e-04 1.42563750e-03 2.96925739e-03 5.22598425e-03 8.35827831e-03 1.25674497e-02 1.80498509e-02 2.50901833e-02 3.38907948e-02 4.46876701e-02 5.76214907e-02 7.27612492e-02 9.03592963e-02 1.10100183e-01 1.31759313e-01 1.54980439e-01 1.79125074e-01 2.03347040e-01 2.26638898e-01 2.48067437e-01 2.66764231e-01 2.81732162e-01 2.92260872e-01 2.97689882e-01 2.97689882e-01 2.92260872e-01 2.81732162e-01 2.66764231e-01 2.48067437e-01 2.26638898e-01 2.03347040e-01 1.79125074e-01 1.54980439e-01 1.31759313e-01 1.10100183e-01 9.03592963e-02 7.27612492e-02 5.76214907e-02 4.46876701e-02 3.38907948e-02 2.50901833e-02 1.80498509e-02 1.25674497e-02 8.35827831e-03 5.22598425e-03 2.96925739e-03 1.42563750e-03 4.73233750e-04 3.56397165e-05 -7.54203722e-09 -7.53718304e-09 -7.55266816e-09 -7.57974505e-09 -7.60937169e-09 -7.63480712e-09 -7.65281943e-09 -7.66352276e-09 -7.66926722e-09 -7.67317188e-09 -7.67784397e-09 -7.68463831e-09 -7.69354114e-09 -7.70355502e-09 -7.71332137e-09 -7.72171421e-09 -7.72820236e-09 -7.73291109e-09 -7.73642050e-09 -7.73943215e-09 -7.74244596e-09 -7.74557235e-09 -7.74852882e-09 -7.75080000e-09 -7.75188269e-09 -7.75151399e-09 -7.74978487e-09 -7.74710135e-09 -7.74400466e-09 -7.74092179e-09 -7.73794945e-09 -7.73477060e-09 -7.73074971e-09 -7.72520226e-09 -7.71773878e-09 -7.70855046e-09 -7.69849329e-09 -7.68887221e-09 -7.68094732e-09 -7.67529373e-09 -7.67126274e-09 -7.66682084e-09 -7.65897340e-09 -7.64480279e-09 -7.62290153e-09 -7.59473617e-09 -7.56535251e-09 -7.54288454e-09 -7.53662588e-09 -7.55388702e-09 1.92077884e-04 8.81349218e-04 2.11875624e-03 4.00184299e-03 6.66900537e-03 1.03174814e-02 1.51340858e-02 2.13626305e-02 2.92631541e-02 3.90180788e-02 5.08830118e-02 6.49108628e-02 8.12644884e-02 9.99725701e-02 1.20714030e-01 1.43187014e-01 1.66977422e-01 1.91303838e-01 2.15160056e-01 2.37649122e-01 2.57824621e-01 2.74766437e-01 2.87592884e-01 2.95642843e-01 2.98375205e-01
2.99230136e-01 2.96471385e-01 2.88339766e-01 2.75267442e-01 2.57972223e-01 2.37451808e-01 2.14696717e-01 1.90723070e-01 1.66314096e-01 1.42354672e-01 1.19710016e-01 9.89427414e-02 8.02903613e-02 6.38974832e-02 4.99886298e-02 3.82606089e-02 2.86046448e-02 2.08360226e-02 1.47115691e-02 1.00078077e-02 6.45093904e-03 3.86188045e-03 2.04035448e-03 8.47772681e-04 1.84412656e-04 -7.58386165e-09 -7.56336727e-09 -7.56510565e-09 -7.58307916e-09 -7.60883229e-09 -7.63455732e-09 -7.65511932e-09 -7.66870800e-09 -7.67630859e-09 -7.68047559e-09 -7.68398234e-09 -7.68880221e-09 -7.69565445e-09 -7.70410691e-09 -7.71305281e-09 -7.72129854e-09 -7.72803482e-09 -7.73305092e-09 -7.73667397e-09 -7.73951453e-09 -7.74215092e-09 -7.74488185e-09 -7.74763009e-09 -7.75001729e-09 -7.75155895e-09 -7.75188774e-09 -7.75092190e-09 -7.74889947e-09 -7.74627201e-09 -7.74350062e-09 -7.74083098e-09 -7.73815162e-09 -7.73500142e-09 -7.73074782e-09 -7.72488318e-09 -7.71732678e-09 -7.70859737e-09 -7.69974079e-09 -7.69197867e-09 -7.68615260e-09 -7.68216118e-09 -7.67863884e-09 -7.67311747e-09 -7.66277697e-09 -7.64567348e-09 -7.62209640e-09 -7.59551683e-09 -7.57257401e-09 -7.56173346e-09 -7.57065238e-09 3.42839388e-05 4.54758273e-04 1.37240696e-03 2.86423666e-03 5.04745100e-03 8.09696830e-03 1.22006648e-02 1.75806658e-02 2.45027150e-02 3.31756570e-02 4.38503396e-02 5.66650913e-02 7.18020549e-02 8.93490204e-02 1.09090304e-01 1.30852242e-01 1.54233133e-01 1.78519456e-01 2.02812665e-01 2.26296558e-01 2.48025207e-01 2.67100140e-01 2.82380909e-01 2.93057208e-01 2.98537970e-01 2.98537970e-01 2.93057208e-01 2.82380909e-01 2.67100140e-01 2.48025207e-01 2.26296558e-01 2.02812665e-01 1.78519456e-01 1.54233133e-01 1.30852242e-01 1.09090304e-01 8.93490204e-02 7.18020549e-02 5.66650913e-02 4.38503396e-02 3.31756570e-02 2.45027150e-02 1.75806658e-02 1.22006648e-02 8.09696830e-03 5.04745100e-03 2.86423666e-03 1.37240696e-03 4.54758273e-04 3.42839388e-05 -7.57065255e-09 -7.56173346e-09 -7.57257412e-09 -7.59551683e-09 -7.62209640e-09 -7.64567332e-09 -7.66277697e-09 -7.67311753e-09 -7.67863878e-09 -7.68216130e-09 -7.68615249e-09 -7.69197867e-09 -7.69974090e-09 -7.70859721e-09 -7.71732678e-09 -7.72488312e-09 -7.73074793e-09 -7.73500120e-09 -7.73815167e-09 -7.74083114e-09 -7.74350073e-09 -7.74627196e-09 -7.74889963e-09 -7.75092190e-09 -7.75188774e-09 -7.75155901e-09 -7.75001752e-09 -7.74762998e-09 -7.74488185e-09 -7.74215098e-09 -7.73951442e-09 -7.73667397e-09 -7.73305109e-09 -7.72803482e-09 -7.72129849e-09 -7.71305281e-09 -7.70410691e-09 -7.69565445e-09 -7.68880226e-09 -7.68398234e-09 -7.68047559e-09 -7.67630870e-09 -7.66870800e-09 -7.65511932e-09 -7.63455743e-09 -7.60883229e-09 -7.58307922e-09 -7.56510549e-09 -7.56336727e-09 -7.58386154e-09 1.84412656e-04 8.47772681e-04 2.04035448e-03 3.86188045e-03 6.45093904e-03 1.00078077e-02 1.47115691e-02 2.08360226e-02 2.86046448e-02 3.82606089e-02 4.99886298e-02 6.38974832e-02 8.02903613e-02 9.89427414e-02 1.19710016e-01 1.42354672e-01 1.66314096e-01 1.90723070e-01 2.14696717e-01 2.37451808e-01 2.57972223e-01 2.75267442e-01 2.88339766e-01 2.96471385e-01 2.99230136e-01
2.99857865e-01 2.97063369e-01 2.88865015e-01 2.75694613e-01 2.58243636e-01 2.37411177e-01 2.14256804e-01 1.90005849e-01 1.65526686e-01 1.41530559e-01 1.18770626e-01 9.79023611e-02 7.92782855e-02 6.29665358e-02 4.90811185e-02 3.74903075e-02 2.79472519e-02 2.03124499e-02 1.42985621e-02 9.69815258e-03 6.23895474e-03 3.72371442e-03 1.96316739e-03 8.14601720e-04 1.76797048e-04 -7.61072805e-09 -7.58782748e-09 -7.58566987e-09 -7.59954338e-09 -7.62185992e-09 -7.64520069e-09 -7.66440877e-09 -7.67738945e-09 -7.68474318e-09 -7.68867942e-09 -7.69174935e-09 -7.69585362e-09 -7.70176400e-09 -7.70917463e-09 -7.71711822e-09 -7.72450776e-09 -7.73058090e-09 -7.73511261e-09 -7.73837555e-09 -7.74091224e-09 -7.74324960e-09 -7.74566655e-09 -7.74810366e-09 -7.75022635e-09 -7.75159886e-09 -7.75189218e-09 -7.75103182e-09 -7.74923153e-09 -7.74689879e-09 -7.74444409e-09 -7.74208098e-09 -7.73969822e-09 -7.73687164e-09 -7.73303210e-09 -7.72773628e-09 -7.72094144e-09 -7.71315101e-09 -7.70533287e-09 -7.69858044e-09 -7.69359587e-09 -7.69018027e-09 -7.68697322e-09 -7.68165398e-09 -7.67169284e-09 -7.65552466e-09 -7.63379354e-09 -7.61014457e-09 -7.59104857e-09 -7.58434360e-09 -7.59659335e-09 3.29036764e-05 4.37100838e-04 1.32064999e-03 2.76025686e-03 4.87270000e-03 7.84112231e-03 1.18381739e-02 1.71187081e-02 2.39117473e-02 3.24788236e-02 4.30157667e-02 5.57027066e-02 7.08383943e-02 8.83095105e-02 1.08056310e-01 1.29940954e-01 1.53430822e-01 1.77757353e-01 2.02224580e-01 2.26044661e-01 2.48180545e-01 2.67448351e-01 2.82864327e-01 2.93619746e-01 2.99155814e-01 2.99155814e-01 2.93619746e-01 2.82864327e-01 2.67448351e-01 2.48180545e-01 2.26044661e-01 2.02224580e-01 1.77757353e-01 1.53430822e-01 1.29940954e-01 1.08056310e-01 8.83095105e-02 7.08383943e-02 5.57027066e-02 4.30157667e-02 3.24788236e-02 2.39117473e-02 1.71187081e-02 1.18381739e-02 7.84112231e-03 4.87270000e-03 2.76025686e-03 1.32064999e-03 4.37100838e-04 3.29036764e-05 -7.59659347e-09 -7.58434371e-09 -7.59104840e-09 -7.61014451e-09 -7.63379354e-09 -7.65552455e-09 -7.67169284e-09 -7.68165387e-09 -7.68697328e-09 -7.69018027e-09 -7.69359582e-09 -7.69858050e-09 -7.70533298e-09 -7.71315101e-09 -7.72094139e-09 -7.72773623e-09 -7.73303221e-09 -7.73687148e-09 -7.73969822e-09 -7.74208087e-09 -7.74444403e-09 -7.74689896e-09 -7.74923148e-09 -7.75103182e-09 -7.75189213e-09 -7.75159892e-09 -7.75022624e-09 -7.74810377e-09 -7.74566655e-09 -7.74324960e-09 -7.74091213e-09 -7.73837538e-09 -7.73511261e-09 -7.73058106e-09 -7.72450792e-09 -7.71711822e-09 -7.70917474e-09 -7.70176400e-09 -7.69585373e-09 -7.69174946e-09 -7.68867942e-09 -7.68474329e-09 -7.67738950e-09 -7.66440889e-09 -7.64520069e-09 -7.62185992e-09 -7.59954355e-09 -7.58566993e-09 -7.58782748e-09 -7.61072799e-09 1.76797048e-04 8.14601720e-04 1.96316739e-03 3.72371442e-03 6.23895474e-03 9.69815258e-03 1.42985621e-02 2.03124499e-02 2.79472519e-02 3.74903075e-02 4.90811185e-02 6.29665358e-02 7.92782855e-02 9.79023611e-02 1.18770626e-01 1.41530559e-01 1.65526686e-01 1.90005849e-01 2.14256804e-01 2.37411177e-01 2.58243636e-01 2.75694613e-01 2.88865015e-01 2.97063369e-01 2.99857865e-01
3.00511576e-01 2.97675877e-01 2.89345348e-01 2.75974970e-01 2.58301838e-01 2.37332833e-01 2.13971462e-01 1.89328836e-01 1.64624633e-01 1.40612402e-01 1.17812816e-01 9.68747191e-02 7.82468997e-02 6.20251089e-02 4.81715529e-02 3.67131192e-02 2.73117999e-02 1.97895140e-02 1.38983944e-02 9.39394829e-03 6.03139739e-03 3.58794797e-03 1.88842205e-03 7.82161631e-04 1.69632569e-04 -7.63462682e-09 -7.61008723e-09 -7.60464020e-09 -7.61481400e-09 -7.63390429e-09 -7.65493335e-09 -7.67278452e-09 -7.68513386e-09 -7.69223696e-09 -7.69597647e-09 -7.69868375e-09 -7.70217601e-09 -7.70726161e-09 -7.71374487e-09 -7.72078662e-09 -7.72739939e-09 -7.73286812e-09 -7.73695880e-09 -7.73989545e-09 -7.74216025e-09 -7.74423103e-09 -7.74636832e-09 -7.74852771e-09 -7.75041342e-09 -7.75163533e-09 -7.75189646e-09 -7.75113002e-09 -7.74952930e-09 -7.74745934e-09 -7.74528702e-09 -7.74319664e-09 -7.74107883e-09 -7.73854414e-09 -7.73508058e-09 -7.73030345e-09 -7.72420117e-09 -7.71725972e-09 -7.71037167e-09 -7.70451142e-09 -7.70025538e-09 -7.69732511e-09 -7.69437875e-09 -7.68924779e-09 -7.67968289e-09 -7.66446911e-09 -7.64455688e-09 -7.62370467e-09 -7.60815472e-09 -7.60508134e-09 -7.61996449e-09 3.14639923e-05 4.19838288e-04 1.26962991e-03 2.65814636e-03 4.70372391e-03 7.58644025e-03 1.14816939e-02 1.66556374e-02 2.33212457e-02 3.17709055e-02 4.21718619e-02 5.48019404e-02 6.98406955e-02 8.72594983e-02 1.07066734e-01 1.29013875e-01 1.52503582e-01 1.76948479e-01 2.01736808e-01 2.25892414e-01 2.48182051e-01 2.67614387e-01 2.83252125e-01 2.94174052e-01 2.99800054e-01 2.99800054e-01 2.94174052e-01 2.83252125e-01 2.67614387e-01 2.48182051e-01 2.25892414e-01 2.01736808e-01 1.76948479e-01 1.52503582e-01 1.29013875e-01 1.07066734e-01 8.72594983e-02 6.98406955e-02 5.48019404e-02 4.21718619e-02 3.17709055e-02 2.33212457e-02 1.66556374e-02 1.14816939e-02 7.58644025e-03 4.70372391e-03 2.65814636e-03 1.26962991e-03 4.19838288e-04 3.14639923e-05 -7.61996455e-09 -7.60508123e-09 -7.60815466e-09 -7.62370467e-09 -7.64455699e-09 -7.66446911e-09 -7.67968289e-09 -7.68924791e-09 -7.69437869e-09 -7.69732522e-09 -7.70025554e-09 -7.70451136e-09 -7.71037167e-09 -7.71725978e-09 -7.72420122e-09 -7.73030345e-09 -7.73508069e-09 -7.73854436e-09 -7.74107883e-09 -7.74319669e-09 -7.74528702e-09 -7.74745934e-09 -7.74952913e-09 -7.75112996e-09 -7.75189646e-09 -7.75163533e-09 -7.75041337e-09 -7.74852782e-09 -7.74636832e-09 -7.74423098e-09 -7.74216025e-09 -7.73989545e-09 -7.73695885e-09 -7.73286801e-09 -7.72739939e-09 -7.72078662e-09 -7.71374475e-09 -7.70726161e-09 -7.70217612e-09 -7.69868375e-09 -7.69597647e-09 -7.69223713e-09 -7.68513397e-09 -7.67278463e-09 -7.65493335e-09 -7.63390429e-09 -7.61481384e-09 -7.60464025e-09 -7.61008728e-09 -7.63462688e-09 1.69632569e-04 7.82161631e-04 1.88842205e-03 3.58794797e-03 6.03139739e-03 9.39394829e-03 1.38983944e-02 1.97895140e-02 2.73117999e-02 3.67131192e-02 4.81715529e-02 6.20251089e-02 7.82468997e-02 9.68747191e-02 1.17812816e-01 1.40612402e-01 1.64624633e-01 1.89328836e-01 2.13971462e-01 2.37332833e-01 2.58301838e-01 2.75974970e-01 2.89345348e-01 2.97675877e-01 3.00511576e-01
3.00996223e-01 2.98136183e-01 2.89718494e-01 2.76223278e-01 2.58365226e-01 2.37110891e-01 2.13591872e-01 1.88787067e-01 1.63741616e-01 1.39581130e-01 1.16816834e-01 9.58604700e-02 7.72137911e-02 6.10602068e-02 4.73155474e-02 3.59372617e-02 2.66741841e-02 1.92687472e-02 1.35006316e-02 9.09300187e-03 5.82621028e-03 3.45540822e-03 1.81604824e-03 7.50581549e-04 1.62854239e-04 -7.65571051e-09 -7.63023372e-09 -7.62207791e-09 -7.62895175e-09 -7.64503949e-09 -7.66384439e-09 -7.68034703e-09 -7.69204644e-09 -7.69889125e-09 -7.70245978e-09 -7.70486686e-09 -7.70783759e-09 -7.71220310e-09 -7.71786268e-09 -7.72409370e-09 -7.73000314e-09 -7.73492170e-09 -7.73861086e-09 -7.74125247e-09 -7.74327347e-09 -7.74510700e-09 -7.74699566e-09 -7.74890729e-09 -7.75058112e-09 -7.75166747e-09 -7.75189984e-09 -7.75121800e-09 -7.74979581e-09 -7.74796088e-09 -7.74603948e-09 -7.74419234e-09 -7.74231113e-09 -7.74003889e-09 -7.73691688e-09 -7.73261211e-09 -7.72713926e-09 -7.72096387e-09 -7.71490705e-09 -7.70983277e-09 -7.70620612e-09 -7.70368297e-09 -7.70095326e-09 -7.69600261e-09 -7.68685049e-09 -7.67260261e-09 -7.65446867e-09 -7.63626434e-09 -7.62395191e-09 -7.62401670e-09 -7.64088021e-09 3.00553091e-05 4.02728797e-04 1.21925575e-03 2.55744489e-03 4.54003654e-03 7.33585200e-03 1.11395013e-02 1.61996296e-02 2.27527681e-02 3.10602902e-02 4.13271171e-02 5.39014832e-02 6.88353797e-02 8.62296461e-02 1.06071568e-01 1.27993373e-01 1.51516850e-01 1.76227955e-01 2.01292254e-01 2.25556760e-01 2.48098863e-01 2.67784272e-01 2.83566242e-01 2.94599167e-01 3.00278742e-01 3.00278742e-01 2.94599167e-01 2.83566242e-01 2.67784272e-01 2.48098863e-01 2.25556760e-01 2.01292254e-01 1.76227955e-01 1.51516850e-01 1.27993373e-01 1.06071568e-01 8.62296461e-02 6.88353797e-02 5.39014832e-02 4.13271171e-02 3.10602902e-02 2.27527681e-02 1.61996296e-02 1.11395013e-02 7.33585200e-03 4.54003654e-03 2.55744489e-03 1.21925575e-03 4.02728797e-04 3.00553091e-05 -7.64088026e-09 -7.62401675e-09 -7.62395191e-09 -7.63626434e-09 -7.65446867e-09 -7.67260266e-09 -7.68685060e-09 -7.69600256e-09 -7.70095310e-09 -7.70368297e-09 -7.70620612e-09 -7.70983266e-09 -7.71490716e-09 -7.72096387e-09 -7.72713915e-09 -7.73261211e-09 -7.73691700e-09 -7.74003889e-09 -7.74231113e-09 -7.74419229e-09 -7.74603948e-09 -7.74796094e-09 -7.74979581e-09 -7.75121800e-09 -7.75189984e-09 -7.75166736e-09 -7.75058112e-09 -7.74890729e-09 -7.74699571e-09 -7.74510683e-09 -7.74327330e-09 -7.74125247e-09 -7.73861086e-09 -7.73492176e-09 -7.73000319e-09 -7.72409370e-09 -7.71786279e-09 -7.71220310e-09 -7.70783759e-09 -7.70486691e-09 -7.70245978e-09 -7.69889125e-09 -7.69204650e-09 -7.68034703e-09 -7.66384434e-09 -7.64503949e-09 -7.62895169e-09 -7.62207786e-09 -7.63023383e-09 -7.65571057e-09 1.62854239e-04 7.50581549e-04 1.81604824e-03 3.45540822e-03 5.82621028e-03 9.09300187e-03 1.35006316e-02 1.92687472e-02 2.66741841e-02 3.59372617e-02 4.73155474e-02 6.10602068e-02 7.72137911e-02 9.58604700e-02 1.16816834e-01 1.39581130e-01 1.63741616e-01 1.88787067e-01 2.13591872e-01 2.37110891e-01 2.58365226e-01 2.76223278e-01 2.89718494e-01 2.98136183e-01 3.00996223e-01
3.01233411e-01 2.98350582e-01 2.89869525e-01 2.76275713e-01 2.58307409e-01 2.36879205e-01 2.13108822e-01 1.88140724e-01 1.62972721e-01 1.38540679e-01 1.15733043e-01 9.48472375e-02 7.62089360e-02 6.00894784e-02 4.64623196e-02 3.51555389e-02 2.60362175e-02 1.87649251e-02 1.31072382e-02 8.80232040e-03 5.62411554e-03 3.32897819e-03 1.74511945e-03 7.19910648e-04 1.56129893e-04 -7.67414315e-09 -7.64836072e-09 -7.63804442e-09 -7.64201324e-09 -7.65533076e-09 -7.67201180e-09 -7.68718417e-09 -7.69821940e-09 -7.70479802e-09 -7.70821407e-09 -7.71037223e-09 -7.71290048e-09 -7.71663955e-09 -7.72156949e-09 -7.72707337e-09 -7.73234610e-09 -7.73676451e-09 -7.74008863e-09 -7.74246323e-09 -7.74426573e-09 -7.74588793e-09 -7.74755549e-09 -7.74924674e-09 -7.75073106e-09 -7.75169640e-09 -7.75190317e-09 -7.75129705e-09 -7.75003400e-09 -7.74840886e-09 -7.74671172e-09 -7.74507980e-09 -7.74340936e-09 -7.74137393e-09 -7.73856185e-09 -7.73468711e-09 -7.72978531e-09 -7.72430059e-09 -7.71898478e-09 -7.71460151e-09 -7.71151626e-09 -7.70933395e-09 -7.70678482e-09 -7.70201136e-09 -7.69328756e-09 -7.68000885e-09 -7.66360031e-09 -7.64788255e-09 -7.63849617e-09 -7.64122299e-09 -7.65946334e-09 2.88034059e-05 3.85882080e-04 1.16992453e-03 2.45936282e-03 4.37854919e-03 7.08894510e-03 1.08022959e-02 1.57489993e-02 2.21880922e-02 3.03526926e-02 4.05245648e-02 5.29809804e-02 6.78201752e-02 8.52065254e-02 1.05031797e-01 1.26894625e-01 1.50585649e-01 1.75538801e-01 2.00680872e-01 2.25212921e-01 2.47960358e-01 2.67786226e-01 2.83668473e-01 2.94785667e-01 3.00510183e-01 3.00510183e-01 2.94785667e-01 2.83668473e-01 2.67786226e-01 2.47960358e-01 2.25212921e-01 2.00680872e-01 1.75538801e-01 1.50585649e-01 1.26894625e-01 1.05031797e-01 8.52065254e-02 6.78201752e-02 5.29809804e-02 4.05245648e-02 3.03526926e-02 2.21880922e-02 1.57489993e-02 1.08022959e-02 7.08894510e-03 4.37854919e-03 2.45936282e-03 1.16992453e-03 3.85882080e-04 2.88034059e-05 -7.65946340e-09 -7.64122299e-09 -7.63849634e-09 -7.64788255e-09 -7.66360031e-09 -7.68000885e-09 -7.69328756e-09 -7.70201142e-09 -7.70678488e-09 -7.70933406e-09 -7.71151637e-09 -7.71460151e-09 -7.71898478e-09 -7.72430059e-09 -7.72978531e-09 -7.73468700e-09 -7.73856196e-09 -7.74137393e-09 -7.74340947e-09 -7.74507974e-09 -7.74671166e-09 -7.74840891e-09 -7.75003406e-09 -7.75129716e-09 -7.75190312e-09 -7.75169645e-09 -7.75073100e-09 -7.74924674e-09 -7.74755549e-09 -7.74588810e-09 -7.74426573e-09 -7.74246323e-09 -7.74008846e-09 -7.73676451e-09 -7.73234610e-09 -7.72707337e-09 -7.72156944e-09 -7.71663961e-09 -7.71290043e-09 -7.71037234e-09 -7.70821407e-09 -7.70479791e-09 -7.69821940e-09 -7.68718400e-09 -7.67201186e-09 -7.65533076e-09 -7.64201313e-09 -7.63804431e-09 -7.64836072e-09 -7.67414310e-09 1.56129893e-04 7.19910648e-04 1.74511945e-03 3.32897819e-03 5.62411554e-03 8.80232040e-03 1.31072382e-02 1.87649251e-02 2.60362175e-02 3.51555389e-02 4.64623196e-02 6.00894784e-02 7.62089360e-02 9.48472375e-02 1.15733043e-01 1.38540679e-01 1.62972721e-01 1.88140724e-01 2.13108822e-01 2.36879205e-01 2.58307409e-01 2.76275713e-01 2.89869525e-01 2.98350582e-01 3.01233411e-01
3.01878219e-01 2.98884771e-01 2.90081600e-01 2.76113711e-01 2.58033624e-01 2.36500125e-01 2.12590942e-01 1.87417603e-01 1.62134698e-01 1.37588410e-01 1.14603215e-01 9.37745469e-02 7.51973360e-02 5.91224610e-02 4.55979973e-02 3.44119884e-02 2.54038213e-02 1.82691312e-02 1.27197930e-02 8.52067746e-03 5.42585628e-03 3.20567338e-03 1.67640773e-03 6.90247574e-04 1.49594820e-04 -7.69009756e-09 -7.66456709e-09 -7.65260233e-09 -7.65405106e-09 -7.66483516e-09 -7.67950370e-09 -7.69337410e-09 -7.70373620e-09 -7.71003938e-09 -7.71331637e-09 -7.71526865e-09 -7.71742259e-09 -7.72061759e-09 -7.72490250e-09 -7.72975517e-09 -7.73445313e-09 -7.73841713e-09 -7.74140957e-09 -7.74354281e-09 -7.74514974e-09 -7.74658432e-09 -7.74805520e-09 -7.74955000e-09 -7.75086517e-09 -7.75172254e-09 -7.75190606e-09 -7.75136760e-09 -7.75024733e-09 -7.74880887e-09 -7.74731052e-09 -7.74587061e-09 -7.74438824e-09 -7.74256548e-09 -7.74003500e-09 -7.73655062e-09 -7.73216607e-09 -7.72730296e-09 -7.72264724e-09 -7.71886988e-09 -7.71624886e-09 -7.71435066e-09 -7.71195452e-09 -7.70735775e-09 -7.69907477e-09 -7.68676112e-09 -7.67201386e-09 -7.65861352e-09 -7.65184288e-09 -7.65677727e-09 -7.67584518e-09 2.76819776e-05 3.69561152e-04 1.12259085e-03 2.36435341e-03 4.21976669e-03 6.84748458e-03 1.04682033e-02 1.53046750e-02 2.16201749e-02 2.96438617e-02 3.97299964e-02 5.20595760e-02 6.68377440e-02 8.41910264e-02 1.03912744e-01 1.25823038e-01 1.49723863e-01 1.74709702e-01 2.00089467e-01 2.24766889e-01 2.47635234e-01 2.67563352e-01 2.83656319e-01 2.95184832e-01 3.01127116e-01 3.01127116e-01 2.95184832e-01 2.83656319e-01 2.67563352e-01 2.47635234e-01 2.24766889e-01 2.00089467e-01 1.74709702e-01 1.49723863e-01 1.25823037e-01 1.03912744e-01 8.41910264e-02 6.68377440e-02 5.20595760e-02 3.97299964e-02 2.96438617e-02 2.16201749e-02 1.53046750e-02 1.04682033e-02 6.84748458e-03 4.21976669e-03 2.36435341e-03 1.12259085e-03 3.69561152e-04 2.76819776e-05 -7.67584513e-09 -7.65677738e-09 -7.65184283e-09 -7.65861352e-09 -7.67201380e-09 -7.68676106e-09 -7.69907471e-09 -7.70735775e-09 -7.71195441e-09 -7.71435071e-09 -7.71624886e-09 -7.71886993e-09 -7.72264730e-09 -7.72730291e-09 -7.73216613e-09 -7.73655068e-09 -7.74003506e-09 -7.74256559e-09 -7.74438808e-09 -7.74587061e-09 -7.74731052e-09 -7.74880887e-09 -7.75024722e-09 -7.75136760e-09 -7.75190601e-09 -7.75172254e-09 -7.75086512e-09 -7.74955000e-09 -7.74805520e-09 -7.74658421e-09 -7.74514974e-09 -7.74354281e-09 -7.74140951e-09 -7.73841713e-09 -7.73445308e-09 -7.72975517e-09 -7.72490250e-09 -7.72061759e-09 -7.71742270e-09 -7.71526854e-09 -7.71331637e-09 -7.71003938e-09 -7.70373609e-09 -7.69337405e-09 -7.67950364e-09 -7.66483516e-09 -7.65405117e-09 -7.65260239e-09 -7.66456709e-09 -7.69009756e-09 1.49594820e-04 6.90247574e-04 1.67640773e-03 3.20567338e-03 5.42585628e-03 8.52067746e-03 1.27197930e-02 1.82691312e-02 2.54038213e-02 3.44119884e-02 4.55979973e-02 5.91224610e-02 7.51973360e-02 9.37745470e-02 1.14603215e-01 1.37588410e-01 1.62134698e-01 1.87417603e-01 2.12590942e-01 2.36500125e-01 2.58033624e-01 2.76113711e-01 2.90081600e-01 2.98884771e-01 3.01878219e-01
3.02858229e-01 2.99834298e-01 2.90941774e-01 2.76694050e-01 2.57933722e-01 2.35929762e-01 2.11921734e-01 1.86661842e-01 1.61216636e-01 1.36618950e-01 1.13516549e-01 9.26447963e-02 7.41855082e-02 5.81843236e-02 4.47326453e-02 3.36807451e-02 2.47724417e-02 1.77708534e-02 1.23369843e-02 8.24229346e-03 5.23161853e-03 3.08414733e-03 1.60963414e-03 6.61567330e-04 1.43162616e-04 -7.70375375e-09 -7.67895814e-09 -7.66581576e-09 -7.66511454e-09 -7.67360386e-09 -7.68637987e-09 -7.69898512e-09 -7.70867070e-09 -7.71468983e-09 -7.71783604e-09 -7.71961761e-09 -7.72145620e-09 -7.72418068e-09 -7.72789638e-09 -7.73216702e-09 -7.73634634e-09 -7.73989872e-09 -7.74258924e-09 -7.74450454e-09 -7.74593639e-09 -7.74720421e-09 -7.74850079e-09 -7.74982051e-09 -7.75098513e-09 -7.75174547e-09 -7.75190878e-09 -7.75143072e-09 -7.75043774e-09 -7.74916575e-09 -7.74784448e-09 -7.74657422e-09 -7.74525954e-09 -7.74362841e-09 -7.74135284e-09 -7.73822367e-09 -7.73430742e-09 -7.73000225e-09 -7.72593267e-09 -7.72268510e-09 -7.72046072e-09 -7.71879882e-09 -7.71653408e-09 -7.71211611e-09 -7.70428388e-09 -7.69292363e-09 -7.67976449e-09 -7.66850577e-09 -7.66404601e-09 -7.67075997e-09 -7.69016351e-09 2.65659406e-05 3.53908962e-04 1.07638077e-03 2.27146966e-03 4.06423543e-03 6.61458804e-03 1.01404556e-02 1.48736874e-02 2.10578396e-02 2.89604383e-02 3.89295397e-02 5.11376752e-02 6.58556276e-02 8.31217865e-02 1.02777228e-01 1.24840603e-01 1.48751879e-01 1.73889651e-01 1.99388649e-01 2.24143383e-01 2.47186230e-01 2.67812937e-01 2.84442978e-01 2.96096740e-01 3.02099505e-01 3.02099505e-01 2.96096740e-01 2.84442978e-01 2.67812937e-01 2.47186230e-01 2.24143383e-01 1.99388649e-01 1.73889651e-01 1.48751879e-01 1.24840603e-01 1.02777228e-01 8.31217865e-02 6.58556276e-02 5.11376752e-02 3.89295397e-02 2.89604383e-02 2.10578396e-02 1.48736874e-02 1.01404556e-02 6.61458804e-03 4.06423543e-03 2.27146966e-03 1.07638077e-03 3.53908962e-04 2.65659406e-05 -7.69016328e-09 -7.67076003e-09 -7.66404601e-09 -7.66850583e-09 -7.67976449e-09 -7.69292374e-09 -7.70428399e-09 -7.71211611e-09 -7.71653408e-09 -7.71879888e-09 -7.72046077e-09 -7.72268510e-09 -7.72593256e-09 -7.73000208e-09 -7.73430742e-09 -7.73822373e-09 -7.74135300e-09 -7.74362835e-09 -7.74525960e-09 -7.74657427e-09 -7.74784448e-09 -7.74916553e-09 -7.75043774e-09 -7.75143072e-09 -7.75190873e-09 -7.75174552e-09 -7.75098513e-09 -7.74982051e-09 -7.74850079e-09 -7.74720410e-09 -7.74593634e-09 -7.74450459e-09 -7.74258918e-09 -7.73989872e-09 -7.73634634e-09 -7.73216702e-09 -7.72789638e-09 -7.72418068e-09 -7.72145609e-09 -7.71961761e-09 -7.71783604e-09 -7.71468983e-09 -7.70867076e-09 -7.69898512e-09 -7.68637987e-09 -7.67360386e-09 -7.66511460e-09 -7.66581576e-09 -7.67895808e-09 -7.70375364e-09 1.43162616e-04 6.61567330e-04 1.60963414e-03 3.08414733e-03 5.23161853e-03 8.24229346e-03 1.23369843e-02 1.77708534e-02 2.47724417e-02 3.36807451e-02 4.47326453e-02 5.81843236e-02 7.41855082e-02 9.26447963e-02 1.13516549e-01 1.36618950e-01 1.61216636e-01 1.86661842e-01 2.11921734e-01 2.35929762e-01 2.57933722e-01 2.76694050e-01 2.90941774e-01 2.99834298e-01 3.02858229e-01
3.03594553e-01 3.00543989e-01 2.91574670e-01 2.77206970e-01 2.58271176e-01 2.35827862e-01 2.11094255e-01 1.85779491e-01 1.60278660e-01 1.35560763e-01 1.12488131e-01 9.15139618e-02 7.31314648e-02 5.72401318e-02 4.38719158e-02 3.29465523e-02 2.41559314e-02 1.72767654e-02 1.19656757e-02 7.97037740e-03 5.04416738e-03 2.96567228e-03 1.54432349e-03 6.33881210e-04 1.36853394e-04 -7.71529557e-09 -7.69164277e-09 -7.67775082e-09 -7.67525099e-09 -7.68168240e-09 -7.69269232e-09 -7.70407771e-09 -7.71308817e-09 -7.71881503e-09 -7.72183639e-09 -7.72347536e-09 -7.72504932e-09 -7.72736747e-09 -7.73058295e-09 -7.73433440e-09 -7.73804665e-09 -7.74122555e-09 -7.74364262e-09 -7.74536096e-09 -7.74663611e-09 -7.74775538e-09 -7.74889775e-09 -7.75006209e-09 -7.75109227e-09 -7.75176623e-09 -7.75191122e-09 -7.75148712e-09 -7.75060766e-09 -7.74948389e-09 -7.74831949e-09 -7.74720044e-09 -7.74603498e-09 -7.74457593e-09 -7.74253139e-09 -7.73972431e-09 -7.73623110e-09 -7.73242637e-09 -7.72887704e-09 -7.72609093e-09 -7.72420450e-09 -7.72273867e-09 -7.72058917e-09 -7.71635300e-09 -7.70897846e-09 -7.69855296e-09 -7.68690112e-09 -7.67760483e-09 -7.67515962e-09 -7.68325570e-09 -7.70256059e-09 2.54340703e-05 3.38699200e-04 1.03181778e-03 2.18188345e-03 3.91190602e-03 6.38709961e-03 9.81774398e-03 1.44442244e-02 2.05000457e-02 2.82978269e-02 3.81269096e-02 5.02410240e-02 6.48782603e-02 8.20029114e-02 1.01697431e-01 1.23796341e-01 1.47760845e-01 1.72982498e-01 1.98524667e-01 2.23638711e-01 2.47422699e-01 2.68246530e-01 2.85019442e-01 2.96774764e-01 3.02828766e-01 3.02828766e-01 2.96774764e-01 2.85019442e-01 2.68246530e-01 2.47422699e-01 2.23638711e-01 1.98524667e-01 1.72982498e-01 1.47760845e-01 1.23796341e-01 1.01697431e-01 8.20029114e-02 6.48782603e-02 5.02410240e-02 3.81269096e-02 2.82978269e-02 2.05000457e-02 1.44442244e-02 9.81774398e-03 6.38709961e-03 3.91190602e-03 2.18188345e-03 1.03181778e-03 3.38699200e-04 2.54340703e-05 -7.70256059e-09 -7.68325564e-09 -7.67515984e-09 -7.67760483e-09 -7.68690100e-09 -7.69855307e-09 -7.70897851e-09 -7.71635300e-09 -7.72058922e-09 -7.72273873e-09 -7.72420455e-09 -7.72609077e-09 -7.72887698e-09 -7.73242637e-09 -7.73623110e-09 -7.73972425e-09 -7.74253139e-09 -7.74457598e-09 -7.74603492e-09 -7.74720044e-09 -7.74831932e-09 -7.74948400e-09 -7.75060766e-09 -7.75148712e-09 -7.75191117e-09 -7.75176623e-09 -7.75109227e-09 -7.75006209e-09 -7.74889769e-09 -7.74775544e-09 -7.74663628e-09 -7.74536102e-09 -7.74364262e-09 -7.74122555e-09 -7.73804670e-09 -7.73433440e-09 -7.73058290e-09 -7.72736730e-09 -7.72504932e-09 -7.72347547e-09 -7.72183639e-09 -7.71881509e-09 -7.71308822e-09 -7.70407771e-09 -7.69269226e-09 -7.68168240e-09 -7.67525105e-09 -7.67775088e-09 -7.69164282e-09 -7.71529551e-09 1.36853394e-04 6.33881210e-04 1.54432349e-03 2.96567228e-03 5.04416738e-03 7.97037740e-03 1.19656757e-02 1.72767654e-02 2.41559314e-02 3.29465523e-02 4.38719158e-02 5.72401318e-02 7.31314648e-02 9.15139618e-02 1.12488131e-01 1.35560763e-01 1.60278660e-01 1.85779491e-01 2.11094255e-01 2.35827862e-01 2.58271176e-01 2.77206970e-01 2.91574670e-01 3.00543989e-01 3.03594553e-01
3.04170771e-01 3.01087842e-01 2.92025800e-01 2.77517559e-01 2.58415448e-01 2.35811133e-01 2.10825760e-01 1.84760725e-01 1.59237319e-01 1.34505799e-01 1.11387911e-01 9.04441893e-02 7.20407428e-02 5.62983316e-02 4.30397808e-02 3.22120747e-02 2.35578036e-02 1.67889624e-02 1.15996947e-02 7.70337062e-03 4.86022847e-03 2.85005579e-03 1.48026652e-03 6.06487685e-04 1.30740225e-04 -7.72491004e-09 -7.70273412e-09 -7.68847480e-09 -7.68450764e-09 -7.68911329e-09 -7.69848729e-09 -7.70870451e-09 -7.71704667e-09 -7.72247521e-09 -7.72537412e-09 -7.72689357e-09 -7.72824565e-09 -7.73021480e-09 -7.73299075e-09 -7.73627984e-09 -7.73957209e-09 -7.74241321e-09 -7.74458225e-09 -7.74612291e-09 -7.74725784e-09 -7.74824577e-09 -7.74925085e-09 -7.75027725e-09 -7.75118769e-09 -7.75178477e-09 -7.75191300e-09 -7.75153736e-09 -7.75075915e-09 -7.74976733e-09 -7.74874204e-09 -7.74775666e-09 -7.74672404e-09 -7.74541975e-09 -7.74358477e-09 -7.74106929e-09 -7.73795805e-09 -7.73460163e-09 -7.73151165e-09 -7.72912756e-09 -7.72752784e-09 -7.72622466e-09 -7.72417807e-09 -7.72012793e-09 -7.71321418e-09 -7.70369846e-09 -7.69346648e-09 -7.68595276e-09 -7.68523811e-09 -7.69435049e-09 -7.71318293e-09 2.42479316e-05 3.24046936e-04 9.88407699e-04 2.09463606e-03 3.76476491e-03 6.16521112e-03 9.50273066e-03 1.40169435e-02 1.99490417e-02 2.76355372e-02 3.73332038e-02 4.93475534e-02 6.38619695e-02 8.08954686e-02 1.00639391e-01 1.22700065e-01 1.46725749e-01 1.71942033e-01 1.97836450e-01 2.23543353e-01 2.47478349e-01 2.68470820e-01 2.85408251e-01 2.97277540e-01 3.03397169e-01 3.03397169e-01 2.97277540e-01 2.85408251e-01 2.68470820e-01 2.47478349e-01 2.23543353e-01 1.97836450e-01 1.71942033e-01 1.46725749e-01 1.22700065e-01 1.00639391e-01 8.08954686e-02 6.38619695e-02 4.93475534e-02 3.73332038e-02 2.76355372e-02 1.99490417e-02 1.40169435e-02 9.50273066e-03 6.16521112e-03 3.76476491e-03 2.09463606e-03 9.88407699e-04 3.24046936e-04 2.42479316e-05 -7.71318276e-09 -7.69435060e-09 -7.68523800e-09 -7.68595265e-09 -7.69346653e-09 -7.70369846e-09 -7.71321407e-09 -7.72012770e-09 -7.72417807e-09 -7.72622466e-09 -7.72752784e-09 -7.72912750e-09 -7.73151154e-09 -7.73460157e-09 -7.73795822e-09 -7.74106923e-09 -7.74358455e-09 -7.74541975e-09 -7.74672415e-09 -7.74775682e-09 -7.74874187e-09 -7.74976733e-09 -7.75075915e-09 -7.75153736e-09 -7.75191300e-09 -7.75178477e-09 -7.75118775e-09 -7.75027736e-09 -7.74925085e-09 -7.74824593e-09 -7.74725784e-09 -7.74612291e-09 -7.74458248e-09 -7.74241338e-09 -7.73957198e-09 -7.73627984e-09 -7.73299069e-09 -7.73021480e-09 -7.72824577e-09 -7.72689357e-09 -7.72537412e-09 -7.72247538e-09 -7.71704678e-09 -7.70870445e-09 -7.69848729e-09 -7.68911329e-09 -7.68450759e-09 -7.68847486e-09 -7.70273401e-09 -7.72490999e-09 1.30740225e-04 6.06487685e-04 1.48026652e-03 2.85005579e-03 4.86022847e-03 7.70337062e-03 1.15996947e-02 1.67889624e-02 2.35578036e-02 3.22120747e-02 4.30397808e-02 5.62983316e-02 7.20407428e-02 9.04441893e-02 1.11387911e-01 1.34505799e-01 1.59237319e-01 1.84760725e-01 2.10825760e-01 2.35811133e-01 2.58415448e-01 2.77517559e-01 2.92025800e-01 3.01087842e-01 3.04170771e-01
3.04774794e-01 3.01636763e-01 2.92420948e-01 2.77690741e-01 2.58413642e-01 2.35609840e-01 2.10491933e-01 1.84233867e-01 1.58077717e-01 1.33382453e-01 1.10266732e-01 8.93759439e-02 7.09689563e-02 5.53296928e-02 4.22064671e-02 3.14866160e-02 2.29668935e-02 1.63078048e-02 1.12380759e-02 7.44116273e-03 4.68205001e-03 2.73772195e-03 1.41810633e-03 5.79787552e-04 1.24880027e-04 -7.73278286e-09 -7.71234759e-09 -7.69805752e-09 -7.69292935e-09 -7.69593467e-09 -7.70380576e-09 -7.71291198e-09 -7.72059772e-09 -7.72572273e-09 -7.72850028e-09 -7.72991865e-09 -7.73108533e-09 -7.73275510e-09 -7.73514641e-09 -7.73802489e-09 -7.74093978e-09 -7.74347575e-09 -7.74542008e-09 -7.74680031e-09 -7.74781017e-09 -7.74868142e-09 -7.74956499e-09 -7.75046893e-09 -7.75127296e-09 -7.75180131e-09 -7.75191489e-09 -7.75158221e-09 -7.75089426e-09 -7.75001968e-09 -7.74911774e-09 -7.74825065e-09 -7.74733622e-09 -7.74617115e-09 -7.74452530e-09 -7.74227416e-09 -7.73950709e-09 -7.73655096e-09 -7.73386699e-09 -7.73183112e-09 -7.73047437e-09 -7.72930620e-09 -7.72735320e-09 -7.72349296e-09 -7.71704017e-09 -7.70840347e-09 -7.69949959e-09 -7.69359043e-09 -7.69433628e-09 -7.70413389e-09 -7.72217790e-09 2.30552557e-05 3.09991445e-04 9.46509138e-04 2.00968474e-03 3.62141903e-03 5.94791383e-03 9.19663427e-03 1.35979796e-02 1.94194398e-02 2.69709262e-02 3.65584193e-02 4.84637469e-02 6.28155781e-02 7.98488773e-02 9.95097900e-02 1.21590607e-01 1.45581972e-01 1.71028655e-01 1.97425742e-01 2.23272531e-01 2.47380328e-01 2.68548169e-01 2.85696493e-01 2.97761803e-01 3.03987271e-01 3.03987271e-01 2.97761803e-01 2.85696493e-01 2.68548169e-01 2.47380328e-01 2.23272531e-01 1.97425742e-01 1.71028655e-01 1.45581972e-01 1.21590607e-01 9.95097900e-02 7.98488773e-02 6.28155781e-02 4.84637469e-02 3.65584193e-02 2.69709262e-02 1.94194398e-02 1.35979796e-02 9.19663427e-03 5.94791383e-03 3.62141903e-03 2.00968474e-03 9.46509138e-04 3.09991445e-04 2.30552557e-05 -7.72217795e-09 -7.70413389e-09 -7.69433645e-09 -7.69359026e-09 -7.69949982e-09 -7.70840342e-09 -7.71704017e-09 -7.72349296e-09 -7.72735320e-09 -7.72930608e-09 -7.73047437e-09 -7.73183112e-09 -7.73386699e-09 -7.73655107e-09 -7.73950709e-09 -7.74227404e-09 -7.74452547e-09 -7.74617115e-09 -7.74733622e-09 -7.74825071e-09 -7.74911790e-09 -7.75001968e-09 -7.75089432e-09 -7.75158215e-09 -7.75191489e-09 -7.75180131e-09 -7.75127307e-09 -7.75046888e-09 -7.74956505e-09 -7.74868136e-09 -7.74781028e-09 -7.74680020e-09 -7.74542003e-09 -7.74347569e-09 -7.74093978e-09 -7.73802489e-09 -7.73514630e-09 -7.73275516e-09 -7.73108522e-09 -7.72991848e-09 -7.72850028e-09 -7.72572262e-09 -7.72059772e-09 -7.71291209e-09 -7.70380559e-09 -7.69593467e-09 -7.69292918e-09 -7.69805741e-09 -7.71234776e-09 -7.73278269e-09 1.24880027e-04 5.79787552e-04 1.41810633e-03 2.73772195e-03 4.68205001e-03 7.44116273e-03 1.12380759e-02 1.63078048e-02 2.29668935e-02 3.14866160e-02 4.22064671e-02 5.53296928e-02 7.09689563e-02 8.93759439e-02 1.10266732e-01 1.33382453e-01 1.58077717e-01 1.84233867e-01 2.10491933e-01 2.35609840e-01 2.58413642e-01 2.77690741e-01 2.92420948e-01 3.01636763e-01 3.04774794e-01
3.05241629e-01 3.02070038e-01 2.92765097e-01 2.77913466e-01 2.58374754e-01 2.35282196e-01 2.10006421e-01 1.83625288e-01 1.57263181e-01 1.32163073e-01 1.09125231e-01 8.82466772e-02 6.99529637e-02 5.43403509e-02 4.13809028e-02 3.07767321e-02 2.23779354e-02 1.58420834e-02 1.08827331e-02 7.18783692e-03 4.50857899e-03 2.62890935e-03 1.35829608e-03 5.54449811e-04 1.19324755e-04 -7.73909781e-09 -7.72059960e-09 -7.70656861e-09 -7.70056119e-09 -7.70218200e-09 -7.70868341e-09 -7.71674119e-09 -7.72378600e-09 -7.72860520e-09 -7.73126141e-09 -7.73259229e-09 -7.73360487e-09 -7.73501890e-09 -7.73707398e-09 -7.73958830e-09 -7.74216480e-09 -7.74442549e-09 -7.74616671e-09 -7.74740194e-09 -7.74829978e-09 -7.74906816e-09 -7.74984432e-09 -7.75063969e-09 -7.75134890e-09 -7.75181619e-09 -7.75191655e-09 -7.75162234e-09 -7.75101472e-09 -7.75024389e-09 -7.74945130e-09 -7.74868908e-09 -7.74787967e-09 -7.74683950e-09 -7.74536502e-09 -7.74335274e-09 -7.74089504e-09 -7.73829634e-09 -7.73596998e-09 -7.73423514e-09 -7.73308301e-09 -7.73202702e-09 -7.73016218e-09 -7.72649533e-09 -7.72049957e-09 -7.71270686e-09 -7.70503589e-09 -7.70055664e-09 -7.70250991e-09 -7.71269693e-09 -7.72969361e-09 2.19621827e-05 2.96070026e-04 9.05581402e-04 1.92702614e-03 3.48102232e-03 5.73496036e-03 8.89513622e-03 1.31838192e-02 1.88984081e-02 2.63190908e-02 3.57871773e-02 4.75571258e-02 6.17901631e-02 7.87861891e-02 9.83856022e-02 1.20409500e-01 1.44427665e-01 1.70383657e-01 1.96870727e-01 2.22864735e-01 2.47191107e-01 2.68661886e-01 2.85986202e-01 2.98152866e-01 3.04445481e-01 3.04445481e-01 2.98152866e-01 2.85986202e-01 2.68661886e-01 2.47191107e-01 2.22864735e-01 1.96870727e-01 1.70383657e-01 1.44427665e-01 1.20409500e-01 9.83856022e-02 7.87861891e-02 6.17901631e-02 4.75571258e-02 3.57871773e-02 2.63190908e-02 1.88984081e-02 1.31838192e-02 8.89513622e-03 5.73496036e-03 3.48102232e-03 1.92702614e-03 9.05581402e-04 2.96070026e-04 2.19621827e-05 -7.72969361e-09 -7.71269693e-09 -7.70251002e-09 -7.70055675e-09 -7.70503583e-09 -7.71270681e-09 -7.72049957e-09 -7.72649539e-09 -7.73016218e-09 -7.73202707e-09 -7.73308301e-09 -7.73423503e-09 -7.73596986e-09 -7.73829650e-09 -7.74089493e-09 -7.74335268e-09 -7.74536496e-09 -7.74683956e-09 -7.74787978e-09 -7.74868897e-09 -7.74945141e-09 -7.75024389e-09 -7.75101461e-09 -7.75162223e-09 -7.75191655e-09 -7.75181602e-09 -7.75134906e-09 -7.75063969e-09 -7.74984432e-09 -7.74906805e-09 -7.74829984e-09 -7.74740216e-09 -7.74616676e-09 -7.74442549e-09 -7.74216491e-09 -7.73958830e-09 -7.73707387e-09 -7.73501885e-09 -7.73360487e-09 -7.73259212e-09 -7.73126141e-09 -7.72860520e-09 -7.72378611e-09 -7.71674125e-09 -7.70868347e-09 -7.70218200e-09 -7.70056124e-09 -7.70656866e-09 -7.72059972e-09 -7.73909781e-09 1.19324755e-04 5.54449811e-04 1.35829608e-03 2.62890935e-03 4.50857899e-03 7.18783692e-03 1.08827331e-02 1.58420834e-02 2.23779354e-02 3.07767321e-02 4.13809028e-02 5.43403509e-02 6.99529637e-02 8.82466772e-02 1.09125231e-01 1.32163073e-01 1.57263181e-01 1.83625288e-01 2.10006421e-01 2.35282196e-01 2.58374754e-01 2.77913466e-01 2.92765097e-01 3.02070038e-01 3.05241629e-01
3.05717669e-01 3.02478324e-01 2.92986813e-01 2.77978044e-01 2.58261295e-01 2.35004697e-01 2.09409846e-01 1.82890605e-01 1.56467430e-01 1.31093878e-01 1.07916765e-01 8.71337488e-02 6.89208007e-02 5.33692934e-02 4.05416948e-02 3.00802742e-02 2.17977521e-02 1.53871088e-02 1.05338391e-02 6.94021185e-03 4.33925132e-03 2.52279955e-03 1.30029198e-03 5.29806580e-04 1.13883925e-04 -7.74403475e-09 -7.72760700e-09 -7.71408037e-09 -7.70744901e-09 -7.70788999e-09 -7.71315328e-09 -7.72022768e-09 -7.72665187e-09 -7.73116443e-09 -7.73369835e-09 -7.73495279e-09 -7.73583742e-09 -7.73703324e-09 -7.73879560e-09 -7.74098741e-09 -7.74326170e-09 -7.74527398e-09 -7.74683134e-09 -7.74793624e-09 -7.74873443e-09 -7.74941061e-09 -7.75009212e-09 -7.75079140e-09 -7.75141651e-09 -7.75182901e-09 -7.75191805e-09 -7.75165776e-09 -7.75112163e-09 -7.75044351e-09 -7.74974718e-09 -7.74907749e-09 -7.74836167e-09 -7.74743364e-09 -7.74611364e-09 -7.74431708e-09 -7.74213799e-09 -7.73985726e-09 -7.73784486e-09 -7.73636993e-09 -7.73538977e-09 -7.73442765e-09 -7.73264641e-09 -7.72917580e-09 -7.72363085e-09 -7.71664210e-09 -7.71010744e-09 -7.70688896e-09 -7.70981523e-09 -7.72013092e-09 -7.73587644e-09 2.09512259e-05 2.82557759e-04 8.66097992e-04 1.84757037e-03 3.34491334e-03 5.52822930e-03 8.59767164e-03 1.27817339e-02 1.83814968e-02 2.56806212e-02 3.50270929e-02 4.66343220e-02 6.08154786e-02 7.76826424e-02 9.72261592e-02 1.19147637e-01 1.43601239e-01 1.69608472e-01 1.96207929e-01 2.22416603e-01 2.47006101e-01 2.68644863e-01 2.86130372e-01 2.98476617e-01 3.04904683e-01 3.04904683e-01 2.98476617e-01 2.86130372e-01 2.68644863e-01 2.47006101e-01 2.22416603e-01 1.96207929e-01 1.69608472e-01 1.43601239e-01 1.19147637e-01 9.72261592e-02 7.76826424e-02 6.08154786e-02 4.66343220e-02 3.50270929e-02 2.56806212e-02 1.83814968e-02 1.27817339e-02 8.59767164e-03 5.52822930e-03 3.34491334e-03 1.84757037e-03 8.66097992e-04 2.82557759e-04 2.09512259e-05 -7.73587633e-09 -7.72013092e-09 -7.70981518e-09 -7.70688896e-09 -7.71010766e-09 -7.71664188e-09 -7.72363073e-09 -7.72917563e-09 -7.73264641e-09 -7.73442760e-09 -7.73538988e-09 -7.73636999e-09 -7.73784492e-09 -7.73985742e-09 -7.74213804e-09 -7.74431702e-09 -7.74611386e-09 -7.74743358e-09 -7.74836167e-09 -7.74907755e-09 -7.74974718e-09 -7.75044362e-09 -7.75112169e-09 -7.75165776e-09 -7.75191805e-09 -7.75182901e-09 -7.75141645e-09 -7.75079123e-09 -7.75009212e-09 -7.74941067e-09 -7.74873443e-09 -7.74793629e-09 -7.74683140e-09 -7.74527398e-09 -7.74326159e-09 -7.74098741e-09 -7.73879577e-09 -7.73703340e-09 -7.73583742e-09 -7.73495279e-09 -7.73369835e-09 -7.73116449e-09 -7.72665187e-09 -7.72022762e-09 -7.71315334e-09 -7.70788999e-09 -7.70744885e-09 -7.71408037e-09 -7.72760717e-09 -7.74403475e-09 1.13883925e-04 5.29806580e-04 1.30029198e-03 2.52279955e-03 4.33925132e-03 6.94021185e-03 1.05338391e-02 1.53871088e-02 2.17977521e-02 3.00802742e-02 4.05416948e-02 5.33692934e-02 6.89208007e-02 8.71337488e-02 1.07916765e-01 1.31093878e-01 1.56467430e-01 1.82890605e-01 2.09409846e-01 2.35004697e-01 2.58261295e-01 2.77978044e-01 2.92986813e-01 3.02478324e-01 3.05717669e-01
3.06340240e-01 3.03073882e-01 2.93485746e-01 2.78173468e-01 2.58074371e-01 2.34596026e-01 2.08852967e-01 1.82067389e-01 1.55559833e-01 1.30175559e-01 1.06654952e-01 8.59874601e-02 6.78539879e-02 5.24443928e-02 3.96911280e-02 2.93941618e-02 2.12268784e-02 1.49390536e-02 1.01926237e-02 6.69678793e-03 4.17444199e-03 2.41934181e-03 1.24422634e-03 5.05656364e-04 1.08636595e-04 -7.74776632e-09 -7.73348507e-09 -7.72066422e-09 -7.71363684e-09 -7.71308983e-09 -7.71724473e-09 -7.72340336e-09 -7.72923031e-09 -7.73343783e-09 -7.73584841e-09 -7.73703501e-09 -7.73781283e-09 -7.73882386e-09 -7.74033154e-09 -7.74223835e-09 -7.74424230e-09 -7.74603098e-09 -7.74742270e-09 -7.74841014e-09 -7.74911879e-09 -7.74971454e-09 -7.75031206e-09 -7.75092601e-09 -7.75147679e-09 -7.75184084e-09 -7.75191933e-09 -7.75168973e-09 -7.75121678e-09 -7.75062009e-09 -7.75000952e-09 -7.74942144e-09 -7.74878883e-09 -7.74796127e-09 -7.74678083e-09 -7.74517900e-09 -7.74324965e-09 -7.74125153e-09 -7.73951470e-09 -7.73826297e-09 -7.73742731e-09 -7.73654374e-09 -7.73484371e-09 -7.73157083e-09 -7.72646680e-09 -7.72023934e-09 -7.71474418e-09 -7.71262459e-09 -7.71630798e-09 -7.72652775e-09 -7.74086895e-09 2.00607074e-05 2.69584753e-04 8.27599567e-04 1.76977820e-03 3.21315741e-03 5.32774166e-03 8.30727409e-03 1.23909926e-02 1.78706822e-02 2.50586220e-02 3.42612181e-02 4.57278227e-02 5.98240447e-02 7.65880360e-02 9.60053982e-02 1.18127294e-01 1.42674216e-01 1.68733658e-01 1.95516319e-01 2.21922561e-01 2.46692846e-01 2.68657349e-01 2.86492260e-01 2.99041171e-01 3.05520467e-01 3.05520467e-01 2.99041171e-01 2.86492260e-01 2.68657349e-01 2.46692846e-01 2.21922561e-01 1.95516319e-01 1.68733658e-01 1.42674216e-01 1.18127294e-01 9.60053982e-02 7.65880360e-02 5.98240447e-02 4.57278227e-02 3.42612181e-02 2.50586220e-02 1.78706822e-02 1.23909926e-02 8.30727409e-03 5.32774166e-03 3.21315741e-03 1.76977820e-03 8.27599567e-04 2.69584753e-04 2.00607074e-05 -7.74086889e-09 -7.72652770e-09 -7.71630798e-09 -7.71262459e-09 -7.71474412e-09 -7.72023934e-09 -7.72646674e-09 -7.73157088e-09 -7.73484371e-09 -7.73654368e-09 -7.73742725e-09 -7.73826309e-09 -7.73951458e-09 -7.74125153e-09 -7.74324960e-09 -7.74517916e-09 -7.74678099e-09 -7.74796144e-09 -7.74878878e-09 -7.74942149e-09 -7.75000963e-09 -7.75062026e-09 -7.75121667e-09 -7.75168973e-09 -7.75191933e-09 -7.75184072e-09 -7.75147679e-09 -7.75092601e-09 -7.75031200e-09 -7.74971465e-09 -7.74911862e-09 -7.74841002e-09 -7.74742281e-09 -7.74603098e-09 -7.74424241e-09 -7.74223835e-09 -7.74033160e-09 -7.73882375e-09 -7.73781272e-09 -7.73703496e-09 -7.73584841e-09 -7.73343783e-09 -7.72923042e-09 -7.72340336e-09 -7.71724479e-09 -7.71308983e-09 -7.71363678e-09 -7.72066416e-09 -7.73348513e-09 -7.74776643e-09 1.08636595e-04 5.05656364e-04 1.24422634e-03 2.41934181e-03 4.17444199e-03 6.69678793e-03 1.01926237e-02 1.49390536e-02 2.12268784e-02 2.93941618e-02 3.96911280e-02 5.24443928e-02 6.78539879e-02 8.59874601e-02 1.06654952e-01 1.30175559e-01 1.55559833e-01 1.82067389e-01 2.08852967e-01 2.34596026e-01 2.58074371e-01 2.78173468e-01 2.93485746e-01 3.03073882e-01 3.06340240e-01
3.07068190e-01 3.03737326e-01 2.93958469e-01 2.78395896e-01 2.58104316e-01 2.34223760e-01 2.08180756e-01 1.81281088e-01 1.54566883e-01 1.29163430e-01 1.05669431e-01 8.47882823e-02 6.68023379e-02 5.15110883e-02 3.88535880e-02 2.87063408e-02 2.06738807e-02 1.44960132e-02 9.86141767e-03 6.45738312e-03 4.01515315e-03 2.31900191e-03 1.18984920e-03 4.82567260e-04 1.03561273e-04 -7.75045811e-09 -7.73834752e-09 -7.72639164e-09 -7.71916930e-09 -7.71781283e-09 -7.72098407e-09 -7.72629594e-09 -7.73155218e-09 -7.73545827e-09 -7.73774467e-09 -7.73886916e-09 -7.73955861e-09 -7.74041287e-09 -7.74170017e-09 -7.74335585e-09 -7.74511866e-09 -7.74670661e-09 -7.74794856e-09 -7.74883013e-09 -7.74945919e-09 -7.74998310e-09 -7.75050679e-09 -7.75104542e-09 -7.75153020e-09 -7.75185116e-09 -7.75192066e-09 -7.75171793e-09 -7.75130138e-09 -7.75077713e-09 -7.75024178e-09 -7.74972586e-09 -7.74916697e-09 -7.74842979e-09 -7.74737530e-09 -7.74594877e-09 -7.74424291e-09 -7.74249564e-09 -7.74099984e-09 -7.73993969e-09 -7.73922443e-09 -7.73840747e-09 -7.73678732e-09 -7.73371284e-09 -7.72903730e-09 -7.72352582e-09 -7.71897374e-09 -7.71779973e-09 -7.72204461e-09 -7.73197811e-09 -7.74480990e-09 1.91881915e-05 2.56888927e-04 7.90501131e-04 1.69462811e-03 3.08514622e-03 5.13201264e-03 8.02323452e-03 1.20080294e-02 1.73694344e-02 2.44398662e-02 3.34887487e-02 4.48614102e-02 5.88096631e-02 7.54629102e-02 9.48010976e-02 1.17135179e-01 1.41666244e-01 1.67829481e-01 1.94768601e-01 2.21338495e-01 2.46543247e-01 2.68746105e-01 2.86846044e-01 2.99624413e-01 3.06231833e-01 3.06231833e-01 2.99624413e-01 2.86846044e-01 2.68746105e-01 2.46543247e-01 2.21338495e-01 1.94768601e-01 1.67829481e-01 1.41666244e-01 1.17135179e-01 9.48010976e-02 7.54629102e-02 5.88096631e-02 4.48614102e-02 3.34887487e-02 2.44398662e-02 1.73694344e-02 1.20080294e-02 8.02323452e-03 5.13201264e-03 3.08514622e-03 1.69462811e-03 7.90501131e-04 2.56888927e-04 1.91881915e-05 -7.74481007e-09 -7.73197817e-09 -7.72204478e-09 -7.71779962e-09 -7.71897379e-09 -7.72352576e-09 -7.72903724e-09 -7.73371289e-09 -7.73678738e-09 -7.73840764e-09 -7.73922448e-09 -7.73993980e-09 -7.74099990e-09 -7.74249570e-09 -7.74424291e-09 -7.74594866e-09 -7.74737530e-09 -7.74842990e-09 -7.74916697e-09 -7.74972603e-09 -7.75024162e-09 -7.75077713e-09 -7.75130138e-09 -7.75171793e-09 -7.75192066e-09 -7.75185116e-09 -7.75153020e-09 -7.75104547e-09 -7.75050690e-09 -7.74998288e-09 -7.74945930e-09 -7.74883013e-09 -7.74794845e-09 -7.74670667e-09 -7.74511849e-09 -7.74335585e-09 -7.74170028e-09 -7.74041287e-09 -7.73955866e-09 -7.73886921e-09 -7.73774467e-09 -7.73545827e-09 -7.73155218e-09 -7.72629605e-09 -7.72098424e-09 -7.71781283e-09 -7.71916925e-09 -7.72639175e-09 -7.73834741e-09 -7.75045828e-09 1.03561273e-04 4.82567260e-04 1.18984920e-03 2.31900191e-03 4.01515315e-03 6.45738312e-03 9.86141767e-03 1.44960132e-02 2.06738807e-02 2.87063408e-02 3.88535880e-02 5.15110883e-02 6.68023379e-02 8.47882823e-02 1.05669431e-01 1.29163430e-01 1.54566883e-01 1.81281088e-01 2.08180756e-01 2.34223760e-01 2.58104316e-01 2.78395896e-01 2.93958469e-01 3.03737326e-01 3.07068190e-01
3.07683561e-01 3.04324238e-01 2.94467057e-01 2.78730150e-01 2.58120303e-01 2.33913456e-01 2.07582313e-01 1.80392816e-01 1.53601629e-01 1.28082676e-01 1.04628089e-01 8.36424185e-02 6.57257935e-02 5.05558433e-02 3.80490448e-02 2.80116052e-02 2.01237650e-02 1.40630197e-02 9.53753125e-03 6.22496821e-03 3.86016977e-03 2.22191916e-03 1.13740132e-03 4.60405100e-04 9.85997286e-05 -7.75226611e-09 -7.74230385e-09 -7.73133413e-09 -7.72409076e-09 -7.72208819e-09 -7.72439634e-09 -7.72893072e-09 -7.73364478e-09 -7.73725523e-09 -7.73941655e-09 -7.74048370e-09 -7.74109954e-09 -7.74182152e-09 -7.74291786e-09 -7.74435277e-09 -7.74590075e-09 -7.74730846e-09 -7.74841569e-09 -7.74920217e-09 -7.74976039e-09 -7.75022091e-09 -7.75067943e-09 -7.75115172e-09 -7.75157766e-09 -7.75186026e-09 -7.75192144e-09 -7.75174308e-09 -7.75137643e-09 -7.75091596e-09 -7.75044734e-09 -7.74999520e-09 -7.74950154e-09 -7.74884507e-09 -7.74790426e-09 -7.74663539e-09 -7.74512948e-09 -7.74360465e-09 -7.74231895e-09 -7.74142273e-09 -7.74080783e-09 -7.74004849e-09 -7.73850661e-09 -7.73563025e-09 -7.73136799e-09 -7.72652547e-09 -7.72282244e-09 -7.72244946e-09 -7.72708120e-09 -7.73657105e-09 -7.74783193e-09 1.82964584e-05 2.44992533e-04 7.54910129e-04 1.62160603e-03 2.96153020e-03 4.93969982e-03 7.74742189e-03 1.16311149e-02 1.68819941e-02 2.38262455e-02 3.27244049e-02 4.39925790e-02 5.78048258e-02 7.42992791e-02 9.37992783e-02 1.16066195e-01 1.40610267e-01 1.66894123e-01 1.93961432e-01 2.20952690e-01 2.46381554e-01 2.68960620e-01 2.87279284e-01 3.00178073e-01 3.06840116e-01 3.06840116e-01 3.00178073e-01 2.87279284e-01 2.68960620e-01 2.46381554e-01 2.20952690e-01 1.93961432e-01 1.66894123e-01 1.40610267e-01 1.16066195e-01 9.37992783e-02 7.42992791e-02 5.78048258e-02 4.39925790e-02 3.27244049e-02 2.38262455e-02 1.68819941e-02 1.16311149e-02 7.74742189e-03 4.93969982e-03 2.96153020e-03 1.62160603e-03 7.54910129e-04 2.44992533e-04 1.82964584e-05 -7.74783193e-09 -7.73657094e-09 -7.72708136e-09 -7.72244946e-09 -7.72282244e-09 -7.72652536e-09 -7.73136805e-09 -7.73563019e-09 -7.73850678e-09 -7.74004844e-09 -7.74080772e-09 -7.74142256e-09 -7.74231912e-09 -7.74360465e-09 -7.74512943e-09 -7.74663539e-09 -7.74790426e-09 -7.74884523e-09 -7.74950154e-09 -7.74999515e-09 -7.75044734e-09 -7.75091596e-09 -7.75137643e-09 -7.75174308e-09 -7.75192144e-09 -7.75186032e-09 -7.75157766e-09 -7.75115183e-09 -7.75067943e-09 -7.75022096e-09 -7.74976028e-09 -7.74920217e-09 -7.74841569e-09 -7.74730841e-09 -7.74590087e-09 -7.74435277e-09 -7.74291797e-09 -7.74182152e-09 -7.74109932e-09 -7.74048370e-09 -7.73941655e-09 -7.73725517e-09 -7.73364484e-09 -7.72893061e-09 -7.72439651e-09 -7.72208819e-09 -7.72409076e-09 -7.73133402e-09 -7.74230391e-09 -7.75226627e-09 9.85997286e-05 4.60405100e-04 1.13740132e-03 2.22191916e-03 3.86016977e-03 6.22496821e-03 9.53753125e-03 1.40630197e-02 2.01237650e-02 2.80116052e-02 3.80490448e-02 5.05558433e-02 6.57257935e-02 8.36424185e-02 1.04628089e-01 1.28082676e-01 1.53601629e-01 1.80392816e-01 2.07582313e-01 2.33913456e-01 2.58120303e-01 2.78730150e-01 2.94467057e-01 3.04324238e-01 3.07683561e-01
3.08023167e-01 3.04641868e-01 2.94716828e-01 2.78885016e-01 2.58131042e-01 2.33706460e-01 2.06999523e-01 1.79567007e-01 1.52565726e-01 1.26989290e-01 1.03526179e-01 8.26325681e-02 6.46159755e-02 4.96166327e-02 3.72502353e-02 2.73215609e-02 1.95843055e-02 1.36412415e-02 9.22077802e-03 5.99874199e-03 3.70929156e-03 2.12859376e-03 1.08654243e-03 4.38898420e-04 9.38646354e-05 -7.75333597e-09 -7.74546016e-09 -7.73556130e-09 -7.72844511e-09 -7.72594516e-09 -7.72750375e-09 -7.73132958e-09 -7.73553227e-09 -7.73885411e-09 -7.74089004e-09 -7.74190345e-09 -7.74245779e-09 -7.74306830e-09 -7.74400050e-09 -7.74524100e-09 -7.74659836e-09 -7.74784475e-09 -7.74883024e-09 -7.74953118e-09 -7.75002629e-09 -7.75043091e-09 -7.75083164e-09 -7.75124553e-09 -7.75161985e-09 -7.75186848e-09 -7.75192244e-09 -7.75176534e-09 -7.75144265e-09 -7.75103903e-09 -7.75062908e-09 -7.75023307e-09 -7.74979747e-09 -7.74921344e-09 -7.74837461e-09 -7.74724762e-09 -7.74592024e-09 -7.74459163e-09 -7.74348924e-09 -7.74273246e-09 -7.74220138e-09 -7.74149173e-09 -7.74002817e-09 -7.73734793e-09 -7.73348213e-09 -7.72926023e-09 -7.72631481e-09 -7.72660919e-09 -7.73147346e-09 -7.74039355e-09 -7.75006104e-09 1.73672406e-05 2.33314598e-04 7.20394374e-04 1.55084290e-03 2.84146628e-03 4.75190760e-03 7.47727322e-03 1.12604419e-02 1.64033223e-02 2.32111079e-02 3.19909403e-02 4.31067090e-02 5.67813473e-02 7.32085594e-02 9.27437768e-02 1.14942461e-01 1.39563850e-01 1.65894159e-01 1.93320356e-01 2.20534832e-01 2.46299219e-01 2.69045394e-01 2.87485982e-01 3.00466936e-01 3.07174429e-01 3.07174429e-01 3.00466936e-01 2.87485982e-01 2.69045394e-01 2.46299219e-01 2.20534832e-01 1.93320356e-01 1.65894159e-01 1.39563850e-01 1.14942461e-01 9.27437768e-02 7.32085594e-02 5.67813473e-02 4.31067090e-02 3.19909403e-02 2.32111079e-02 1.64033223e-02 1.12604419e-02 7.47727322e-03 4.75190760e-03 2.84146628e-03 1.55084290e-03 7.20394374e-04 2.33314598e-04 1.73672406e-05 -7.75006098e-09 -7.74039355e-09 -7.73147346e-09 -7.72660935e-09 -7.72631492e-09 -7.72926001e-09 -7.73348202e-09 -7.73734804e-09 -7.74002817e-09 -7.74149189e-09 -7.74220144e-09 -7.74273234e-09 -7.74348913e-09 -7.74459169e-09 -7.74592035e-09 -7.74724762e-09 -7.74837461e-09 -7.74921344e-09 -7.74979747e-09 -7.75023318e-09 -7.75062892e-09 -7.75103920e-09 -7.75144271e-09 -7.75176534e-09 -7.75192244e-09 -7.75186870e-09 -7.75161979e-09 -7.75124565e-09 -7.75083164e-09 -7.75043085e-09 -7.75002629e-09 -7.74953118e-09 -7.74883041e-09 -7.74784492e-09 -7.74659847e-09 -7.74524100e-09 -7.74400044e-09 -7.74306841e-09 -7.74245790e-09 -7.74190340e-09 -7.74089004e-09 -7.73885422e-09 -7.73553221e-09 -7.73132958e-09 -7.72750375e-09 -7.72594516e-09 -7.72844516e-09 -7.73556136e-09 -7.74546016e-09 -7.75333586e-09 9.38646354e-05 4.38898420e-04 1.08654243e-03 2.12859376e-03 3.70929156e-03 5.99874199e-03 9.22077802e-03 1.36412415e-02 1.95843055e-02 2.73215609e-02 3.72502353e-02 4.96166327e-02 6.46159755e-02 8.26325681e-02 1.03526179e-01 1.26989290e-01 1.52565726e-01 1.79567007e-01 2.06999523e-01 2.33706460e-01 2.58131042e-01 2.78885016e-01 2.94716828e-01 3.04641868e-01 3.08023167e-01
3.08168263e-01 3.04753751e-01 2.94731798e-01 2.78784992e-01 2.57920608e-01 2.33382258e-01 2.06509441e-01 1.78759933e-01 1.51544255e-01 1.25870640e-01 1.02379642e-01 8.15740304e-02 6.35777918e-02 4.86657166e-02 3.64383685e-02 2.66570171e-02 1.90460100e-02 1.32337605e-02 8.90928088e-03 5.77856003e-03 3.56155014e-03 2.03836760e-03 1.03744902e-03 4.18161358e-04 8.92513286e-05 -7.75380221e-09 -7.74791714e-09 -7.73914111e-09 -7.73227554e-09 -7.72941139e-09 -7.73032749e-09 -7.73351183e-09 -7.73723524e-09 -7.74027809e-09 -7.74218906e-09 -7.74315068e-09 -7.74365339e-09 -7.74417075e-09 -7.74496128e-09 -7.74603182e-09 -7.74722009e-09 -7.74832143e-09 -7.74919817e-09 -7.74982256e-09 -7.75026099e-09 -7.75061615e-09 -7.75096698e-09 -7.75132880e-09 -7.75165709e-09 -7.75187614e-09 -7.75192333e-09 -7.75178477e-09 -7.75150177e-09 -7.75114806e-09 -7.75078945e-09 -7.75044307e-09 -7.75005859e-09 -7.74953934e-09 -7.74879227e-09 -7.74779263e-09 -7.74662456e-09 -7.74546915e-09 -7.74452596e-09 -7.74388770e-09 -7.74342629e-09 -7.74276071e-09 -7.74137521e-09 -7.73888792e-09 -7.73539982e-09 -7.73175013e-09 -7.72947495e-09 -7.73031339e-09 -7.73527525e-09 -7.74352932e-09 -7.75161513e-09 1.64386235e-05 2.22134088e-04 6.86774612e-04 1.48260540e-03 2.72507266e-03 4.57043467e-03 7.21418471e-03 1.09010134e-02 1.59360779e-02 2.25987761e-02 3.12674235e-02 4.22351865e-02 5.57355916e-02 7.22199729e-02 9.16398205e-02 1.13830499e-01 1.38451482e-01 1.65035109e-01 1.92651644e-01 2.20151636e-01 2.46028403e-01 2.68896371e-01 2.87439971e-01 3.00537978e-01 3.07311109e-01 3.07311109e-01 3.00537978e-01 2.87439971e-01 2.68896371e-01 2.46028403e-01 2.20151636e-01 1.92651644e-01 1.65035109e-01 1.38451482e-01 1.13830499e-01 9.16398205e-02 7.22199729e-02 5.57355916e-02 4.22351865e-02 3.12674235e-02 2.25987761e-02 1.59360779e-02 1.09010134e-02 7.21418471e-03 4.57043467e-03 2.72507266e-03 1.48260540e-03 6.86774612e-04 2.22134088e-04 1.64386235e-05 -7.75161524e-09 -7.74352915e-09 -7.73527520e-09 -7.73031339e-09 -7.72947495e-09 -7.73175007e-09 -7.73539982e-09 -7.73888797e-09 -7.74137499e-09 -7.74276077e-09 -7.74342634e-09 -7.74388770e-09 -7.74452585e-09 -7.74546915e-09 -7.74662468e-09 -7.74779263e-09 -7.74879227e-09 -7.74953934e-09 -7.75005859e-09 -7.75044307e-09 -7.75078945e-09 -7.75114806e-09 -7.75150161e-09 -7.75178477e-09 -7.75192333e-09 -7.75187597e-09 -7.75165698e-09 -7.75132875e-09 -7.75096698e-09 -7.75061620e-09 -7.75026099e-09 -7.74982267e-09 -7.74919806e-09 -7.74832143e-09 -7.74722014e-09 -7.74603182e-09 -7.74496128e-09 -7.74417075e-09 -7.74365339e-09 -7.74315057e-09 -7.74218906e-09 -7.74027803e-09 -7.73723513e-09 -7.73351194e-09 -7.73032760e-09 -7.72941139e-09 -7.73227549e-09 -7.73914105e-09 -7.74791709e-09 -7.75380216e-09 8.92513286e-05 4.18161358e-04 1.03744902e-03 2.03836760e-03 3.56155014e-03 5.77856003e-03 8.90928088e-03 1.32337605e-02 1.90460100e-02 2.66570171e-02 3.64383685e-02 4.86657166e-02 6.35777918e-02 8.15740304e-02 1.02379642e-01 1.25870640e-01 1.51544255e-01 1.78759933e-01 2.06509441e-01 2.33382258e-01 2.57920608e-01 2.78784992e-01 2.94731798e-01 3.04753751e-01 3.08168263e-01
3.08444514e-01 3.04972707e-01 2.94794443e-01 2.78581969e-01 2.57516159e-01 2.32848843e-01 2.05896713e-01 1.78028108e-01 1.50568023e-01 1.24712440e-01 1.01262853e-01 8.04832950e-02 6.26161849e-02 4.76960586e-02 3.56408250e-02 2.60107630e-02 1.85107431e-02 1.28303986e-02 8.60723186e-03 5.56381977e-03 3.41824549e-03 1.95055119e-03 9.90441392e-04 3.98103734e-04 8.48406665e-05 -7.75378706e-09 -7.74976994e-09 -7.74213949e-09 -7.73562381e-09 -7.73251424e-09 -7.73288744e-09 -7.73549641e-09 -7.73877290e-09 -7.74154696e-09 -7.74333409e-09 -7.74424563e-09 -7.74470488e-09 -7.74514364e-09 -7.74581310e-09 -7.74673542e-09 -7.74777353e-09 -7.74874587e-09 -7.74952430e-09 -7.75007974e-09 -7.75046816e-09 -7.75077985e-09 -7.75108611e-09 -7.75140224e-09 -7.75169007e-09 -7.75188236e-09 -7.75192410e-09 -7.75180231e-09 -7.75155373e-09 -7.75124409e-09 -7.75093112e-09 -7.75062792e-09 -7.75028913e-09 -7.74982795e-09 -7.74916342e-09 -7.74827791e-09 -7.74725156e-09 -7.74624870e-09 -7.74544334e-09 -7.74490549e-09 -7.74450215e-09 -7.74387626e-09 -7.74256798e-09 -7.74026943e-09 -7.73713915e-09 -7.73401326e-09 -7.73232478e-09 -7.73359526e-09 -7.73853975e-09 -7.74605807e-09 -7.75260423e-09 1.55577607e-05 2.11452031e-04 6.54718987e-04 1.41666508e-03 2.61212028e-03 4.39446350e-03 6.95809112e-03 1.05545679e-02 1.54729959e-02 2.20029018e-02 3.05366865e-02 4.13568812e-02 5.47542294e-02 7.11910456e-02 9.05038949e-02 1.12679764e-01 1.37417285e-01 1.64149752e-01 1.91993495e-01 2.19576999e-01 2.45542402e-01 2.68583483e-01 2.87384769e-01 3.00689168e-01 3.07572604e-01 3.07572604e-01 3.00689168e-01 2.87384769e-01 2.68583483e-01 2.45542402e-01 2.19576999e-01 1.91993495e-01 1.64149752e-01 1.37417285e-01 1.12679764e-01 9.05038949e-02 7.11910456e-02 5.47542294e-02 4.13568812e-02 3.05366865e-02 2.20029018e-02 1.54729959e-02 1.05545679e-02 6.95809112e-03 4.39446350e-03 2.61212028e-03 1.41666508e-03 6.54718987e-04 2.11452031e-04 1.55577607e-05 -7.75260411e-09 -7.74605813e-09 -7.73853975e-09 -7.73359504e-09 -7.73232467e-09 -7.73401326e-09 -7.73713926e-09 -7.74026943e-09 -7.74256792e-09 -7.74387626e-09 -7.74450204e-09 -7.74490549e-09 -7.74544329e-09 -7.74624881e-09 -7.74725156e-09 -7.74827769e-09 -7.74916331e-09 -7.74982789e-09 -7.75028924e-09 -7.75062792e-09 -7.75093101e-09 -7.75124409e-09 -7.75155373e-09 -7.75180231e-09 -7.75192410e-09 -7.75188236e-09 -7.75169018e-09 -7.75140224e-09 -7.75108611e-09 -7.75077985e-09 -7.75046816e-09 -7.75007974e-09 -7.74952430e-09 -7.74874592e-09 -7.74777364e-09 -7.74673542e-09 -7.74581299e-09 -7.74514364e-09 -7.74470477e-09 -7.74424558e-09 -7.74333409e-09 -7.74154701e-09 -7.73877290e-09 -7.73549635e-09 -7.73288744e-09 -7.73251424e-09 -7.73562386e-09 -7.74213943e-09 -7.74976994e-09 -7.75378695e-09 8.48406665e-05 3.98103734e-04 9.90441392e-04 1.95055119e-03 3.41824549e-03 5.56381977e-03 8.60723186e-03 1.28303986e-02 1.85107431e-02 2.60107630e-02 3.56408250e-02 4.76960586e-02 6.26161849e-02 8.04832950e-02 1.01262853e-01 1.24712440e-01 1.50568023e-01 1.78028108e-01 2.05896713e-01 2.32848843e-01 2.57516159e-01 2.78581969e-01 2.94794443e-01 3.04972707e-01 3.08444514e-01
3.08820735e-01 3.05272820e-01 2.94875494e-01 2.78511733e-01 2.57163365e-01 2.32174702e-01 2.05105293e-01 1.77194246e-01 1.49639713e-01 1.23662166e-01 1.00100194e-01 7.93775532e-02 6.16237019e-02 4.67725876e-02 3.48451036e-02 2.53606799e-02 1.79866665e-02 1.24357262e-02 8.31518794e-03 5.35526715e-03 3.28022403e-03 1.86594902e-03 9.44827118e-04 3.78893445e-04 8.06460452e-05 -7.75340148e-09 -7.75110731e-09 -7.74461950e-09 -7.73853154e-09 -7.73527981e-09 -7.73520203e-09 -7.73729836e-09 -7.74016129e-09 -7.74267861e-09 -7.74434311e-09 -7.74520620e-09 -7.74562803e-09 -7.74600173e-09 -7.74656728e-09 -7.74735981e-09 -7.74826536e-09 -7.74912223e-09 -7.74981296e-09 -7.75030695e-09 -7.75065040e-09 -7.75092385e-09 -7.75119069e-09 -7.75146719e-09 -7.75171916e-09 -7.75188813e-09 -7.75192471e-09 -7.75181785e-09 -7.75159997e-09 -7.75132902e-09 -7.75105580e-09 -7.75079112e-09 -7.75049253e-09 -7.75008302e-09 -7.74949260e-09 -7.74870923e-09 -7.74780901e-09 -7.74693992e-09 -7.74625358e-09 -7.74580111e-09 -7.74544567e-09 -7.74485603e-09 -7.74362485e-09 -7.74150988e-09 -7.73871611e-09 -7.73606690e-09 -7.73488668e-09 -7.73648784e-09 -7.74131848e-09 -7.74805636e-09 -7.75312914e-09 1.47755028e-05 2.01035557e-04 6.23906644e-04 1.35297040e-03 2.50214659e-03 4.22261345e-03 6.70736931e-03 1.02130394e-02 1.50117342e-02 2.14305329e-02 2.98165348e-02 4.04659323e-02 5.38443531e-02 7.01333070e-02 8.93863571e-02 1.11531467e-01 1.36378353e-01 1.63298933e-01 1.91173053e-01 2.18820798e-01 2.45012239e-01 2.68388298e-01 2.87376031e-01 3.00896545e-01 3.07929865e-01 3.07929865e-01 3.00896545e-01 2.87376031e-01 2.68388298e-01 2.45012239e-01 2.18820798e-01 1.91173053e-01 1.63298933e-01 1.36378353e-01 1.11531467e-01 8.93863571e-02 7.01333070e-02 5.38443531e-02 4.04659323e-02 2.98165348e-02 2.14305329e-02 1.50117342e-02 1.02130394e-02 6.70736931e-03 4.22261345e-03 2.50214659e-03 1.35297040e-03 6.23906644e-04 2.01035557e-04 1.47755028e-05 -7.75312925e-09 -7.74805631e-09 -7.74131864e-09 -7.73648789e-09 -7.73488662e-09 -7.73606679e-09 -7.73871583e-09 -7.74150982e-09 -7.74362502e-09 -7.74485592e-09 -7.74544562e-09 -7.74580111e-09 -7.74625369e-09 -7.74693987e-09 -7.74780884e-09 -7.74870906e-09 -7.74949266e-09 -7.75008302e-09 -7.75049253e-09 -7.75079101e-09 -7.75105585e-09 -7.75132902e-09 -7.75159986e-09 -7.75181785e-09 -7.75192471e-09 -7.75188819e-09 -7.75171916e-09 -7.75146736e-09 -7.75119069e-09 -7.75092390e-09 -7.75065034e-09 -7.75030695e-09 -7.74981301e-09 -7.74912223e-09 -7.74826536e-09 -7.74735981e-09 -7.74656739e-09 -7.74600184e-09 -7.74562808e-09 -7.74520598e-09 -7.74434311e-09 -7.74267861e-09 -7.74016123e-09 -7.73729830e-09 -7.73520203e-09 -7.73527981e-09 -7.73853159e-09 -7.74461950e-09 -7.75110720e-09 -7.75340148e-09 8.06460452e-05 3.78893445e-04 9.44827118e-04 1.86594902e-03 3.28022403e-03 5.35526715e-03 8.31518794e-03 1.24357262e-02 1.79866665e-02 2.53606799e-02 3.48451036e-02 4.67725876e-02 6.16237019e-02 7.93775532e-02 1.00100194e-01 1.23662166e-01 1.49639713e-01 1.77194246e-01 2.05105293e-01 2.32174702e-01 2.57163365e-01 2.78511733e-01 2.94875494e-01 3.05272820e-01 3.08820735e-01
3.09351772e-01 3.05765935e-01 2.95253028e-01 2.78588911e-01 2.56837015e-01 2.31599144e-01 2.04204528e-01 1.76205071e-01 1.48662965e-01 1.22591897e-01 9.89680978e-02 7.82815471e-02 6.06144636e-02 4.59172210e-02 3.40417157e-02 2.47148588e-02 1.74848920e-02 1.20437578e-02 8.03128806e-03 5.15228543e-03 3.14654180e-03 1.78427616e-03 9.00824797e-04 3.60448297e-04 7.65834348e-05 -7.75274378e-09 -7.75201181e-09 -7.74664122e-09 -7.74103870e-09 -7.73773379e-09 -7.73728870e-09 -7.73893261e-09 -7.74141529e-09 -7.74368802e-09 -7.74523279e-09 -7.74604808e-09 -7.74643805e-09 -7.74675724e-09 -7.74723424e-09 -7.74791420e-09 -7.74870251e-09 -7.74945663e-09 -7.75006875e-09 -7.75050718e-09 -7.75081094e-09 -7.75105069e-09 -7.75128334e-09 -7.75152476e-09 -7.75174513e-09 -7.75189313e-09 -7.75192521e-09 -7.75183162e-09 -7.75164050e-09 -7.75140396e-09 -7.75116571e-09 -7.75093445e-09 -7.75067183e-09 -7.75030851e-09 -7.74978443e-09 -7.74909220e-09 -7.74830372e-09 -7.74755254e-09 -7.74696901e-09 -7.74658804e-09 -7.74627251e-09 -7.74571651e-09 -7.74456177e-09 -7.74262410e-09 -7.74014497e-09 -7.73792613e-09 -7.73718078e-09 -7.73902298e-09 -7.74366127e-09 -7.74959491e-09 -7.75328179e-09 1.40591976e-05 1.91061576e-04 5.93972489e-04 1.29142288e-03 2.39579986e-03 4.05598742e-03 6.46542448e-03 9.87912044e-03 1.45569927e-02 2.08604846e-02 2.91013178e-02 3.96030982e-02 5.29108584e-02 6.90652147e-02 8.82369013e-02 1.10438990e-01 1.35390973e-01 1.62317449e-01 1.90205277e-01 2.18084292e-01 2.44564946e-01 2.68271116e-01 2.87629595e-01 3.01341155e-01 3.08451432e-01 3.08451432e-01 3.01341155e-01 2.87629595e-01 2.68271116e-01 2.44564946e-01 2.18084292e-01 1.90205277e-01 1.62317449e-01 1.35390973e-01 1.10438990e-01 8.82369013e-02 6.90652147e-02 5.29108584e-02 3.96030982e-02 2.91013178e-02 2.08604846e-02 1.45569927e-02 9.87912044e-03 6.46542448e-03 4.05598742e-03 2.39579986e-03 1.29142288e-03 5.93972489e-04 1.91061576e-04 1.40591976e-05 -7.75328179e-09 -7.74959491e-09 -7.74366121e-09 -7.73902303e-09 -7.73718101e-09 -7.73792613e-09 -7.74014497e-09 -7.74262410e-09 -7.74456171e-09 -7.74571662e-09 -7.74627262e-09 -7.74658793e-09 -7.74696896e-09 -7.74755249e-09 -7.74830378e-09 -7.74909220e-09 -7.74978459e-09 -7.75030856e-09 -7.75067183e-09 -7.75093434e-09 -7.75116582e-09 -7.75140385e-09 -7.75164055e-09 -7.75183162e-09 -7.75192516e-09 -7.75189313e-09 -7.75174513e-09 -7.75152476e-09 -7.75128345e-09 -7.75105069e-09 -7.75081099e-09 -7.75050718e-09 -7.75006881e-09 -7.74945685e-09 -7.74870262e-09 -7.74791420e-09 -7.74723424e-09 -7.74675718e-09 -7.74643799e-09 -7.74604803e-09 -7.74523279e-09 -7.74368802e-09 -7.74141518e-09 -7.73893266e-09 -7.73728870e-09 -7.73773379e-09 -7.74103881e-09 -7.74664133e-09 -7.75201181e-09 -7.75274389e-09 7.65834348e-05 3.60448297e-04 9.00824797e-04 1.78427616e-03 3.14654180e-03 5.15228543e-03 8.03128806e-03 1.20437578e-02 1.74848920e-02 2.47148588e-02 3.40417157e-02 4.59172210e-02 6.06144636e-02 7.82815471e-02 9.89680978e-02 1.22591897e-01 1.48662965e-01 1.76205071e-01 2.04204528e-01 2.31599144e-01 2.56837015e-01 2.78588911e-01 2.95253028e-01 3.05765935e-01 3.09351772e-01
3.09703494e-01 3.06094040e-01 2.95515928e-01 2.78684923e-01 2.56734754e-01 2.31094992e-01 2.03408453e-01 1.75121663e-01 1.47565113e-01 1.21550172e-01 9.78563332e-02 7.71623776e-02 5.96013683e-02 4.50441698e-02 3.32491551e-02 2.40789134e-02 1.69909480e-02 1.16565715e-02 7.75192501e-03 4.95518099e-03 3.01595227e-03 1.70526052e-03 8.58240010e-04 3.42684401e-04 7.27156879e-05 -7.75189990e-09 -7.75255843e-09 -7.74826109e-09 -7.74318365e-09 -7.73990089e-09 -7.73916453e-09 -7.74041287e-09 -7.74254755e-09 -7.74458964e-09 -7.74601722e-09 -7.74678555e-09 -7.74714742e-09 -7.74742132e-09 -7.74782338e-09 -7.74840497e-09 -7.74909065e-09 -7.74975351e-09 -7.75029485e-09 -7.75068376e-09 -7.75095249e-09 -7.75116216e-09 -7.75136494e-09 -7.75157527e-09 -7.75176795e-09 -7.75189746e-09 -7.75192566e-09 -7.75184356e-09 -7.75167647e-09 -7.75146985e-09 -7.75126252e-09 -7.75106068e-09 -7.75082953e-09 -7.75050774e-09 -7.75004294e-09 -7.74943210e-09 -7.74874248e-09 -7.74809411e-09 -7.74759934e-09 -7.74727826e-09 -7.74699660e-09 -7.74647219e-09 -7.74539277e-09 -7.74362519e-09 -7.74143910e-09 -7.73960546e-09 -7.73922770e-09 -7.74123182e-09 -7.74561415e-09 -7.75074038e-09 -7.75314424e-09 1.34136399e-05 1.81483249e-04 5.65205219e-04 1.23190125e-03 2.29417968e-03 3.89404547e-03 6.23196309e-03 9.55039217e-03 1.41197266e-02 2.02899545e-02 2.83829888e-02 3.88146446e-02 5.19610692e-02 6.80076214e-02 8.71315895e-02 1.09361037e-01 1.34320728e-01 1.61201836e-01 1.89260709e-01 2.17356480e-01 2.44288491e-01 2.68269588e-01 2.87819478e-01 3.01641598e-01 3.08797137e-01 3.08797137e-01 3.01641598e-01 2.87819478e-01 2.68269588e-01 2.44288491e-01 2.17356480e-01 1.89260709e-01 1.61201836e-01 1.34320728e-01 1.09361037e-01 8.71315895e-02 6.80076214e-02 5.19610692e-02 3.88146446e-02 2.83829888e-02 2.02899545e-02 1.41197266e-02 9.55039217e-03 6.23196309e-03 3.89404547e-03 2.29417968e-03 1.23190125e-03 5.65205219e-04 1.81483249e-04 1.34136399e-05 -7.75314418e-09 -7.75074022e-09 -7.74561415e-09 -7.74123177e-09 -7.73922759e-09 -7.73960551e-09 -7.74143910e-09 -7.74362530e-09 -7.74539277e-09 -7.74647230e-09 -7.74699671e-09 -7.74727843e-09 -7.74759951e-09 -7.74809422e-09 -7.74874259e-09 -7.74943210e-09 -7.75004294e-09 -7.75050768e-09 -7.75082942e-09 -7.75106074e-09 -7.75126263e-09 -7.75146980e-09 -7.75167647e-09 -7.75184356e-09 -7.75192577e-09 -7.75189757e-09 -7.75176812e-09 -7.75157538e-09 -7.75136488e-09 -7.75116205e-09 -7.75095249e-09 -7.75068376e-09 -7.75029485e-09 -7.74975339e-09 -7.74909059e-09 -7.74840497e-09 -7.74782322e-09 -7.74742132e-09 -7.74714759e-09 -7.74678560e-09 -7.74601722e-09 -7.74458975e-09 -7.74254749e-09 -7.74041270e-09 -7.73916453e-09 -7.73990089e-09 -7.74318365e-09 -7.74826109e-09 -7.75255837e-09 -7.75190001e-09 7.27156879e-05 3.42684401e-04 8.58240010e-04 1.70526052e-03 3.01595227e-03 4.95518099e-03 7.75192501e-03 1.16565715e-02 1.69909480e-02 2.40789134e-02 3.32491551e-02 4.50441698e-02 5.96013683e-02 7.71623776e-02 9.78563332e-02 1.21550172e-01 1.47565113e-01 1.75121663e-01 2.03408453e-01 2.31094992e-01 2.56734754e-01 2.78684923e-01 2.95515928e-01 3.06094040e-01 3.09703494e-01
3.09983854e-01 3.06313980e-01 2.95564417e-01 2.78591601e-01 2.56521160e-01 2.30695119e-01 2.02677914e-01 1.74123175e-01 1.46376364e-01 1.20419132e-01 9.67883916e-02 7.60928082e-02 5.85968250e-02 4.41630818e-02 3.25294477e-02 2.34434069e-02 1.64964533e-02 1.12799523e-02 7.48029409e-03 4.76499047e-03 2.88974572e-03 1.62910870e-03 8.17147870e-04 3.25632985e-04 6.90031979e-05 -7.75094477e-09 -7.75281539e-09 -7.74953285e-09 -7.74500308e-09 -7.74180509e-09 -7.74084524e-09 -7.74175063e-09 -7.74357001e-09 -7.74539521e-09 -7.74670922e-09 -7.74743153e-09 -7.74776843e-09 -7.74800485e-09 -7.74834252e-09 -7.74883974e-09 -7.74943421e-09 -7.75001613e-09 -7.75049458e-09 -7.75083930e-09 -7.75107634e-09 -7.75126013e-09 -7.75143671e-09 -7.75161962e-09 -7.75178799e-09 -7.75190157e-09 -7.75192610e-09 -7.75185416e-09 -7.75170789e-09 -7.75152803e-09 -7.75134767e-09 -7.75117148e-09 -7.75096820e-09 -7.75068321e-09 -7.75027154e-09 -7.74973341e-09 -7.74913145e-09 -7.74857289e-09 -7.74815390e-09 -7.74788345e-09 -7.74763009e-09 -7.74713560e-09 -7.74613029e-09 -7.74452491e-09 -7.74260933e-09 -7.74111886e-09 -7.74104647e-09 -7.74314368e-09 -7.74722281e-09 -7.75155373e-09 -7.75278991e-09 1.27632694e-05 1.72261216e-04 5.37636305e-04 1.17488825e-03 2.19530038e-03 3.73713048e-03 6.00361902e-03 9.22681289e-03 1.36955854e-02 1.97330719e-02 2.76660863e-02 3.80174225e-02 5.10074925e-02 6.69336293e-02 8.60278672e-02 1.08273518e-01 1.33138401e-01 1.60081518e-01 1.88326754e-01 2.16847100e-01 2.43986660e-01 2.68111117e-01 2.87782814e-01 3.01787604e-01 3.09062200e-01 3.09062200e-01 3.01787604e-01 2.87782814e-01 2.68111117e-01 2.43986660e-01 2.16847100e-01 1.88326754e-01 1.60081518e-01 1.33138401e-01 1.08273518e-01 8.60278672e-02 6.69336293e-02 5.10074925e-02 3.80174225e-02 2.76660863e-02 1.97330719e-02 1.36955854e-02 9.22681289e-03 6.00361902e-03 3.73713048e-03 2.19530038e-03 1.17488825e-03 5.37636305e-04 1.72261216e-04 1.27632694e-05 -7.75278985e-09 -7.75155373e-09 -7.74722275e-09 -7.74314385e-09 -7.74104647e-09 -7.74111897e-09 -7.74260939e-09 -7.74452497e-09 -7.74613018e-09 -7.74713577e-09 -7.74763004e-09 -7.74788345e-09 -7.74815390e-09 -7.74857289e-09 -7.74913156e-09 -7.74973341e-09 -7.75027159e-09 -7.75068321e-09 -7.75096815e-09 -7.75117148e-09 -7.75134767e-09 -7.75152809e-09 -7.75170805e-09 -7.75185416e-09 -7.75192610e-09 -7.75190145e-09 -7.75178810e-09 -7.75161962e-09 -7.75143671e-09 -7.75126030e-09 -7.75107634e-09 -7.75083919e-09 -7.75049458e-09 -7.75001596e-09 -7.74943426e-09 -7.74883974e-09 -7.74834247e-09 -7.74800479e-09 -7.74776854e-09 -7.74743159e-09 -7.74670922e-09 -7.74539527e-09 -7.74356984e-09 -7.74175063e-09 -7.74084519e-09 -7.74180509e-09 -7.74500297e-09 -7.74953290e-09 -7.75281539e-09 -7.75094472e-09 6.90031979e-05 3.25632985e-04 8.17147870e-04 1.62910870e-03 2.88974572e-03 4.76499047e-03 7.48029409e-03 1.12799523e-02 1.64964533e-02 2.34434069e-02 3.25294477e-02 4.41630818e-02 5.85968250e-02 7.60928082e-02 9.67883916e-02 1.20419132e-01 1.46376364e-01 1.74123175e-01 2.02677914e-01 2.30695119e-01 2.56521160e-01 2.78591601e-01 2.95564417e-01 3.06313980e-01 3.09983854e-01
3.10284028e-01 3.06574467e-01 2.95736325e-01 2.78537012e-01 2.56135431e-01 2.30160418e-01 2.02004592e-01 1.73182917e-01 1.45230935e-01 1.19194044e-01 9.56870800e-02 7.50246963e-02 5.75827527e-02 4.32794868e-02 3.18056095e-02 2.28090597e-02 1.60133355e-02 1.09201387e-02 7.21343762e-03 4.58194903e-03 2.76734044e-03 1.55623865e-03 7.77537673e-04 3.09197303e-04 6.54624809e-05 -7.74994080e-09 -7.75284426e-09 -7.75050502e-09 -7.74653175e-09 -7.74346925e-09 -7.74234576e-09 -7.74295800e-09 -7.74449233e-09 -7.74611519e-09 -7.74731973e-09 -7.74799680e-09 -7.74831149e-09 -7.74851644e-09 -7.74880016e-09 -7.74922393e-09 -7.74973891e-09 -7.75024839e-09 -7.75067105e-09 -7.75097608e-09 -7.75118547e-09 -7.75134623e-09 -7.75149966e-09 -7.75165887e-09 -7.75180575e-09 -7.75190490e-09 -7.75192671e-09 -7.75186348e-09 -7.75173592e-09 -7.75157882e-09 -7.75142217e-09 -7.75126874e-09 -7.75109005e-09 -7.75083803e-09 -7.75047376e-09 -7.75000064e-09 -7.74947584e-09 -7.74899556e-09 -7.74864151e-09 -7.74841319e-09 -7.74818354e-09 -7.74771813e-09 -7.74678516e-09 -7.74533399e-09 -7.74366676e-09 -7.74247910e-09 -7.74265563e-09 -7.74478737e-09 -7.74852882e-09 -7.75209119e-09 -7.75228259e-09 1.21004129e-05 1.63390568e-04 5.11236683e-04 1.12050191e-03 2.09886395e-03 3.58546784e-03 5.78071657e-03 8.90993228e-03 1.32756006e-02 1.91810697e-02 2.70097277e-02 3.72127960e-02 5.00677538e-02 6.59083690e-02 8.49686229e-02 1.07105551e-01 1.31898797e-01 1.58991544e-01 1.87578962e-01 2.16264872e-01 2.43502716e-01 2.67897717e-01 2.87869282e-01 3.02004810e-01 3.09352442e-01 3.09352442e-01 3.02004810e-01 2.87869282e-01 2.67897717e-01 2.43502716e-01 2.16264872e-01 1.87578962e-01 1.58991544e-01 1.31898797e-01 1.07105551e-01 8.49686229e-02 6.59083690e-02 5.00677538e-02 3.72127960e-02 2.70097277e-02 1.91810697e-02 1.32756006e-02 8.90993228e-03 5.78071657e-03 3.58546784e-03 2.09886395e-03 1.12050191e-03 5.11236683e-04 1.63390568e-04 1.21004129e-05 -7.75228259e-09 -7.75209125e-09 -7.74852876e-09 -7.74478742e-09 -7.74265568e-09 -7.74247921e-09 -7.74366687e-09 -7.74533399e-09 -7.74678499e-09 -7.74771813e-09 -7.74818365e-09 -7.74841313e-09 -7.74864162e-09 -7.74899572e-09 -7.74947562e-09 -7.75000070e-09 -7.75047393e-09 -7.75083786e-09 -7.75109005e-09 -7.75126896e-09 -7.75142200e-09 -7.75157893e-09 -7.75173592e-09 -7.75186371e-09 -7.75192671e-09 -7.75190501e-09 -7.75180564e-09 -7.75165887e-09 -7.75149966e-09 -7.75134612e-09 -7.75118547e-09 -7.75097614e-09 -7.75067110e-09 -7.75024844e-09 -7.74973885e-09 -7.74922393e-09 -7.74880010e-09 -7.74851650e-09 -7.74831149e-09 -7.74799680e-09 -7.74731973e-09 -7.74611508e-09 -7.74449227e-09 -7.74295783e-09 -7.74234554e-09 -7.74346925e-09 -7.74653164e-09 -7.75050502e-09 -7.75284431e-09 -7.74994069e-09 6.54624809e-05 3.09197303e-04 7.77537673e-04 1.55623865e-03 2.76734044e-03 4.58194903e-03 7.21343762e-03 1.09201387e-02 1.60133355e-02 2.28090597e-02 3.18056095e-02 4.32794868e-02 5.75827527e-02 7.50246963e-02 9.56870800e-02 1.19194044e-01 1.45230935e-01 1.73182917e-01 2.02004592e-01 2.30160418e-01 2.56135431e-01 2.78537012e-01 2.95736325e-01 3.06574467e-01 3.10284028e-01
3.10474303e-01 3.06737889e-01 2.95796294e-01 2.78434344e-01 2.55846288e-01 2.29560437e-01 2.01207507e-01 1.72305482e-01 1.44111497e-01 1.17962742e-01 9.45155913e-02 7.39920723e-02 5.66125567e-02 4.24124523e-02 3.10775035e-02 2.22145672e-02 1.55381964e-02 1.05658956e-02 6.95236647e-03 4.40273100e-03 2.64904672e-03 1.48560819e-03 7.39657613e-04 2.93420124e-04 6.20481718e-05 -7.74894032e-09 -7.75269898e-09 -7.75122322e-09 -7.74780262e-09 -7.74491543e-09 -7.74368081e-09 -7.74404479e-09 -7.74532410e-09 -7.74675907e-09 -7.74785874e-09 -7.74849118e-09 -7.74878572e-09 -7.74896469e-09 -7.74920256e-09 -7.74956299e-09 -7.75000830e-09 -7.75045450e-09 -7.75082665e-09 -7.75109654e-09 -7.75128123e-09 -7.75142134e-09 -7.75155479e-09 -7.75169334e-09 -7.75182141e-09 -7.75190800e-09 -7.75192688e-09 -7.75187181e-09 -7.75176034e-09 -7.75162390e-09 -7.75148762e-09 -7.75135411e-09 -7.75119713e-09 -7.75097436e-09 -7.75065251e-09 -7.75023651e-09 -7.74978010e-09 -7.74936793e-09 -7.74906939e-09 -7.74887643e-09 -7.74866715e-09 -7.74822956e-09 -7.74736686e-09 -7.74606124e-09 -7.74462100e-09 -7.74369807e-09 -7.74407277e-09 -7.74619002e-09 -7.74957143e-09 -7.75240333e-09 -7.75167763e-09 1.14268508e-05 1.54968540e-04 4.85918575e-04 1.06808893e-03 2.00589999e-03 3.43994269e-03 5.56388142e-03 8.60522326e-03 1.28597861e-02 1.86315139e-02 2.63623551e-02 3.64039971e-02 4.91219675e-02 6.48816714e-02 8.38744235e-02 1.05870366e-01 1.30735644e-01 1.58031265e-01 1.86757753e-01 2.15506941e-01 2.43077884e-01 2.67699762e-01 2.87851019e-01 3.02130682e-01 3.09535974e-01 3.09535974e-01 3.02130682e-01 2.87851019e-01 2.67699762e-01 2.43077884e-01 2.15506941e-01 1.86757753e-01 1.58031265e-01 1.30735644e-01 1.05870366e-01 8.38744235e-02 6.48816714e-02 4.91219675e-02 3.64039971e-02 2.63623551e-02 1.86315139e-02 1.28597861e-02 8.60522326e-03 5.56388142e-03 3.43994269e-03 2.00589999e-03 1.06808893e-03 4.85918575e-04 1.54968540e-04 1.14268508e-05 -7.75167752e-09 -7.75240327e-09 -7.74957143e-09 -7.74619002e-09 -7.74407294e-09 -7.74369791e-09 -7.74462111e-09 -7.74606129e-09 -7.74736691e-09 -7.74822956e-09 -7.74866715e-09 -7.74887637e-09 -7.74906928e-09 -7.74936798e-09 -7.74978004e-09 -7.75023667e-09 -7.75065256e-09 -7.75097431e-09 -7.75119713e-09 -7.75135417e-09 -7.75148762e-09 -7.75162390e-09 -7.75176034e-09 -7.75187181e-09 -7.75192682e-09 -7.75190800e-09 -7.75182130e-09 -7.75169334e-09 -7.75155479e-09 -7.75142139e-09 -7.75128117e-09 -7.75109654e-09 -7.75082665e-09 -7.75045433e-09 -7.75000830e-09 -7.74956299e-09 -7.74920245e-09 -7.74896458e-09 -7.74878567e-09 -7.74849124e-09 -7.74785874e-09 -7.74675896e-09 -7.74532405e-09 -7.74404468e-09 -7.74368081e-09 -7.74491543e-09 -7.74780262e-09 -7.75122311e-09 -7.75269904e-09 -7.74894027e-09 6.20481718e-05 2.93420124e-04 7.39657613e-04 1.48560819e-03 2.64904672e-03 4.40273100e-03 6.95236647e-03 1.05658956e-02 1.55381964e-02 2.22145672e-02 3.10775035e-02 4.24124523e-02 5.66125567e-02 7.39920723e-02 9.45155913e-02 1.17962742e-01 1.44111497e-01 1.72305482e-01 2.01207507e-01 2.29560437e-01 2.55846288e-01 2.78434344e-01 2.95796294e-01 3.06737889e-01 3.10474303e-01
3.10417884e-01 3.06661947e-01 2.95662442e-01 2.78197155e-01 2.55466851e-01 2.28977843e-01 2.00385072e-01 1.71327309e-01 1.43093503e-01 1.16766396e-01 9.32945654e-02 7.29265932e-02 5.56443115e-02 4.15418125e-02 3.03473826e-02 2.16456577e-02 1.50667338e-02 1.02152528e-02 6.69826637e-03 4.22880069e-03 2.53528930e-03 1.41679343e-03 7.03724181e-04 2.78395935e-04 5.87246482e-05 -7.74798553e-09 -7.75242703e-09 -7.75172854e-09 -7.74884701e-09 -7.74616432e-09 -7.74486397e-09 -7.74502107e-09 -7.74607345e-09 -7.74733494e-09 -7.74833475e-09 -7.74892372e-09 -7.74919939e-09 -7.74935638e-09 -7.74955611e-09 -7.74986220e-09 -7.75024628e-09 -7.75063586e-09 -7.75096376e-09 -7.75120257e-09 -7.75136494e-09 -7.75148767e-09 -7.75160347e-09 -7.75172360e-09 -7.75183512e-09 -7.75191061e-09 -7.75192721e-09 -7.75187925e-09 -7.75178199e-09 -7.75166326e-09 -7.75154502e-09 -7.75142883e-09 -7.75129116e-09 -7.75109432e-09 -7.75081044e-09 -7.75044540e-09 -7.75004860e-09 -7.74969589e-09 -7.74944464e-09 -7.74928077e-09 -7.74908909e-09 -7.74867859e-09 -7.74788395e-09 -7.74671483e-09 -7.74548048e-09 -7.74478692e-09 -7.74531528e-09 -7.74737707e-09 -7.75038711e-09 -7.75253517e-09 -7.75102132e-09 1.07666530e-05 1.46808586e-04 4.61759636e-04 1.01742914e-03 1.91613429e-03 3.29925273e-03 5.35213312e-03 8.31047980e-03 1.24544803e-02 1.80991408e-02 2.57129110e-02 3.56133941e-02 4.82132276e-02 6.38886931e-02 8.27231709e-02 1.04656172e-01 1.29623497e-01 1.57045138e-01 1.85786376e-01 2.14849888e-01 2.42594105e-01 2.67402559e-01 2.87671201e-01 3.02030280e-01 3.09474668e-01 3.09474668e-01 3.02030280e-01 2.87671201e-01 2.67402559e-01 2.42594105e-01 2.14849888e-01 1.85786376e-01 1.57045138e-01 1.29623497e-01 1.04656172e-01 8.27231709e-02 6.38886931e-02 4.82132276e-02 3.56133941e-02 2.57129110e-02 1.80991408e-02 1.24544803e-02 8.31047981e-03 5.35213312e-03 3.29925273e-03 1.91613429e-03 1.01742914e-03 4.61759636e-04 1.46808586e-04 1.07666530e-05 -7.75102127e-09 -7.75253517e-09 -7.75038700e-09 -7.74737707e-09 -7.74531517e-09 -7.74478692e-09 -7.74548048e-09 -7.74671494e-09 -7.74788411e-09 -7.74867853e-09 -7.74908915e-09 -7.74928077e-09 -7.74944459e-09 -7.74969589e-09 -7.75004860e-09 -7.75044540e-09 -7.75081049e-09 -7.75109432e-09 -7.75129116e-09 -7.75142872e-09 -7.75154491e-09 -7.75166331e-09 -7.75178211e-09 -7.75187925e-09 -7.75192721e-09 -7.75191061e-09 -7.75183512e-09 -7.75172360e-09 -7.75160347e-09 -7.75148756e-09 -7.75136488e-09 -7.75120246e-09 -7.75096382e-09 -7.75063591e-09 -7.75024639e-09 -7.74986220e-09 -7.74955611e-09 -7.74935649e-09 -7.74919939e-09 -7.74892372e-09 -7.74833475e-09 -7.74733477e-09 -7.74607334e-09 -7.74502112e-09 -7.74486397e-09 -7.74616432e-09 -7.74884701e-09 -7.75172859e-09 -7.75242703e-09 -7.74798553e-09 5.87246482e-05 2.78395935e-04 7.03724181e-04 1.41679343e-03 2.53528930e-03 4.22880069e-03 6.69826637e-03 1.02152528e-02 1.50667338e-02 2.16456577e-02 3.03473826e-02 4.15418125e-02 5.56443115e-02 7.29265932e-02 9.32945654e-02 1.16766396e-01 1.43093503e-01 1.71327309e-01 2.00385072e-01 2.28977843e-01 2.55466851e-01 2.78197155e-01 2.95662442e-01 3.06661947e-01 3.10417884e-01
3.10096790e-01 3.06319532e-01 2.95270057e-01 2.77731361e-01 2.54914034e-01 2.28318542e-01 1.99564755e-01 1.70305731e-01 1.42013711e-01 1.15655998e-01 9.21034878e-02 7.18132646e-02 5.47056346e-02 4.07013008e-02 2.96363895e-02 2.10770513e-02 1.46009267e-02 9.87294555e-03 6.45485024e-03 4.05996334e-03 2.42658805e-03 1.35069112e-03 6.69000633e-04 2.63944612e-04 5.55389104e-05 -7.74710923e-09 -7.75206938e-09 -7.75205888e-09 -7.74969350e-09 -7.74723596e-09 -7.74590803e-09 -7.74589559e-09 -7.74674813e-09 -7.74784981e-09 -7.74875508e-09 -7.74930187e-09 -7.74956016e-09 -7.74969916e-09 -7.74986619e-09 -7.75012554e-09 -7.75045655e-09 -7.75079623e-09 -7.75108472e-09 -7.75129527e-09 -7.75143832e-09 -7.75154529e-09 -7.75164588e-09 -7.75175024e-09 -7.75184722e-09 -7.75191317e-09 -7.75192754e-09 -7.75188558e-09 -7.75180103e-09 -7.75169756e-09 -7.75159531e-09 -7.75149411e-09 -7.75137338e-09 -7.75119985e-09 -7.75094944e-09 -7.75062992e-09 -7.75028575e-09 -7.74998404e-09 -7.74977293e-09 -7.74963371e-09 -7.74945713e-09 -7.74907305e-09 -7.74834408e-09 -7.74730197e-09 -7.74625331e-09 -7.74575659e-09 -7.74639836e-09 -7.74837261e-09 -7.75100889e-09 -7.75252718e-09 -7.75035275e-09 1.01386987e-05 1.38975611e-04 4.38454821e-04 9.68900507e-04 1.82927427e-03 3.16199330e-03 5.14571369e-03 8.02049525e-03 1.20548644e-02 1.76020691e-02 2.50671012e-02 3.48243822e-02 4.73068502e-02 6.28698848e-02 8.15377024e-02 1.03456329e-01 1.28545386e-01 1.55945618e-01 1.84904726e-01 2.14107236e-01 2.41987088e-01 2.66893471e-01 2.87244755e-01 3.01665529e-01 3.09148051e-01 3.09148051e-01 3.01665529e-01 2.87244755e-01 2.66893471e-01 2.41987088e-01 2.14107236e-01 1.84904726e-01 1.55945618e-01 1.28545386e-01 1.03456329e-01 8.15377024e-02 6.28698848e-02 4.73068502e-02 3.48243822e-02 2.50671012e-02 1.76020691e-02 1.20548644e-02 8.02049525e-03 5.14571369e-03 3.16199330e-03 1.82927427e-03 9.68900507e-04 4.38454821e-04 1.38975611e-04 1.01386987e-05 -7.75035275e-09 -7.75252718e-09 -7.75100895e-09 -7.74837267e-09 -7.74639836e-09 -7.74575665e-09 -7.74625319e-09 -7.74730213e-09 -7.74834402e-09 -7.74907283e-09 -7.74945713e-09 -7.74963366e-09 -7.74977271e-09 -7.74998399e-09 -7.75028580e-09 -7.75062964e-09 -7.75094955e-09 -7.75119990e-09 -7.75137338e-09 -7.75149417e-09 -7.75159537e-09 -7.75169767e-09 -7.75180103e-09 -7.75188558e-09 -7.75192754e-09 -7.75191300e-09 -7.75184722e-09 -7.75175024e-09 -7.75164588e-09 -7.75154524e-09 -7.75143832e-09 -7.75129527e-09 -7.75108477e-09 -7.75079612e-09 -7.75045650e-09 -7.75012554e-09 -7.74986642e-09 -7.74969916e-09 -7.74956016e-09 -7.74930187e-09 -7.74875508e-09 -7.74785003e-09 -7.74674802e-09 -7.74589576e-09 -7.74590780e-09 -7.74723596e-09 -7.74969355e-09 -7.75205888e-09 -7.75206943e-09 -7.74710918e-09 5.55389104e-05 2.63944612e-04 6.69000633e-04 1.35069112e-03 2.42658805e-03 4.05996334e-03 6.45485024e-03 9.87294555e-03 1.46009267e-02 2.10770513e-02 2.96363895e-02 4.07013008e-02 5.47056346e-02 7.18132646e-02 9.21034878e-02 1.15655998e-01 1.42013711e-01 1.70305731e-01 1.99564755e-01 2.28318542e-01 2.54914034e-01 2.77731361e-01 2.95270057e-01 3.06319532e-01 3.10096790e-01
3.10812068e-01 3.06875674e-01 2.95366145e-01 2.77150798e-01 2.54140043e-01 2.27482673e-01 1.98668132e-01 1.69297272e-01 1.40848041e-01 1.14538184e-01 9.09331925e-02 7.06753003e-02 5.37471509e-02 3.98684039e-02 2.89267128e-02 2.05107792e-02 1.41667713e-02 9.53829359e-03 6.21845857e-03 3.89548562e-03 2.32123723e-03 1.28694135e-03 6.35740458e-04 2.50051433e-04 5.25051199e-05 -7.74633574e-09 -7.75166087e-09 -7.75224712e-09 -7.75036846e-09 -7.74814862e-09 -7.74682574e-09 -7.74667741e-09 -7.74735431e-09 -7.74831088e-09 -7.74912656e-09 -7.74963249e-09 -7.74987408e-09 -7.74999770e-09 -7.75013803e-09 -7.75035724e-09 -7.75064207e-09 -7.75093778e-09 -7.75119102e-09 -7.75137676e-09 -7.75150266e-09 -7.75159592e-09 -7.75168296e-09 -7.75177322e-09 -7.75185782e-09 -7.75191533e-09 -7.75192766e-09 -7.75189113e-09 -7.75181752e-09 -7.75172793e-09 -7.75163922e-09 -7.75155146e-09 -7.75144560e-09 -7.75129244e-09 -7.75107217e-09 -7.75079234e-09 -7.75049430e-09 -7.75023723e-09 -7.75005998e-09 -7.74994091e-09 -7.74977821e-09 -7.74941927e-09 -7.74875297e-09 -7.74782921e-09 -7.74694697e-09 -7.74661729e-09 -7.74733799e-09 -7.74919939e-09 -7.75146730e-09 -7.75241449e-09 -7.74970355e-09 9.56288692e-06 1.31675809e-04 4.15819461e-04 9.21890372e-04 1.74636141e-03 3.02937307e-03 4.94613798e-03 7.73498666e-03 1.16604302e-02 1.71077739e-02 2.44321261e-02 3.40564949e-02 4.64299861e-02 6.18151348e-02 8.03896708e-02 1.02359344e-01 1.27393884e-01 1.54887425e-01 1.83952860e-01 2.13244575e-01 2.41181426e-01 2.66160623e-01 2.87023714e-01 3.02025979e-01 3.09823236e-01 3.09823236e-01 3.02025979e-01 2.87023714e-01 2.66160623e-01 2.41181426e-01 2.13244575e-01 1.83952860e-01 1.54887425e-01 1.27393884e-01 1.02359344e-01 8.03896708e-02 6.18151348e-02 4.64299861e-02 3.40564949e-02 2.44321261e-02 1.71077739e-02 1.16604302e-02 7.73498666e-03 4.94613798e-03 3.02937307e-03 1.74636141e-03 9.21890372e-04 4.15819461e-04 1.31675809e-04 9.56288692e-06 -7.74970343e-09 -7.75241443e-09 -7.75146736e-09 -7.74919939e-09 -7.74733794e-09 -7.74661713e-09 -7.74694692e-09 -7.74782921e-09 -7.74875286e-09 -7.74941916e-09 -7.74977832e-09 -7.74994091e-09 -7.75005993e-09 -7.75023712e-09 -7.75049441e-09 -7.75079229e-09 -7.75107217e-09 -7.75129244e-09 -7.75144560e-09 -7.75155135e-09 -7.75163922e-09 -7.75172793e-09 -7.75181747e-09 -7.75189113e-09 -7.75192760e-09 -7.75191539e-09 -7.75185771e-09 -7.75177333e-09 -7.75168296e-09 -7.75159609e-09 -7.75150255e-09 -7.75137671e-09 -7.75119113e-09 -7.75093772e-09 -7.75064213e-09 -7.75035724e-09 -7.75013809e-09 -7.74999775e-09 -7.74987424e-09 -7.74963249e-09 -7.74912656e-09 -7.74831099e-09 -7.74735431e-09 -7.74667741e-09 -7.74682574e-09 -7.74814862e-09 -7.75036840e-09 -7.75224712e-09 -7.75166076e-09 -7.74633591e-09 5.25051199e-05 2.50051433e-04 6.35740458e-04 1.28694135e-03 2.32123723e-03 3.89548562e-03 6.21845857e-03 9.53829359e-03 1.41667713e-02 2.05107792e-02 2.89267128e-02 3.98684039e-02 5.37471509e-02 7.06753003e-02 9.09331925e-02 1.14538184e-01 1.40848041e-01 1.69297272e-01 1.98668132e-01 2.27482673e-01 2.54140043e-01 2.77150798e-01 2.95366145e-01 3.06875674e-01 3.10812068e-01
3.11550024e-01 3.07579810e-01 2.95973154e-01 2.77603939e-01 2.53789994e-01 2.26454009e-01 1.97618270e-01 1.68236109e-01 1.39736554e-01 1.13349821e-01 8.98393541e-02 6.95749548e-02 5.27597121e-02 3.90638198e-02 2.82302097e-02 1.99498288e-02 1.37435269e-02 9.20848022e-03 5.98555885e-03 3.73587468e-03 2.21896865e-03 1.22531277e-03 6.03747772e-04 2.36796444e-04 4.96334100e-05 -7.74568171e-09 -7.75123027e-09 -7.75232323e-09 -7.75089648e-09 -7.74892062e-09 -7.74762882e-09 -7.74737402e-09 -7.74789854e-09 -7.74872322e-09 -7.74945530e-09 -7.74992137e-09 -7.75014747e-09 -7.75025821e-09 -7.75037595e-09 -7.75056086e-09 -7.75080528e-09 -7.75106246e-09 -7.75128450e-09 -7.75144804e-09 -7.75155873e-09 -7.75164027e-09 -7.75171538e-09 -7.75179376e-09 -7.75186715e-09 -7.75191705e-09 -7.75192810e-09 -7.75189613e-09 -7.75183212e-09 -7.75175424e-09 -7.75167780e-09 -7.75160136e-09 -7.75150866e-09 -7.75137382e-09 -7.75118009e-09 -7.75093562e-09 -7.75067788e-09 -7.75045916e-09 -7.75031084e-09 -7.75020864e-09 -7.75005760e-09 -7.74972364e-09 -7.74911718e-09 -7.74830239e-09 -7.74756803e-09 -7.74737791e-09 -7.74814829e-09 -7.74987852e-09 -7.75178982e-09 -7.75222730e-09 -7.74909781e-09 9.07871612e-06 1.24649458e-04 3.94088946e-04 8.76568602e-04 1.66738606e-03 2.90106728e-03 4.75543691e-03 7.45787862e-03 1.12806415e-02 1.66173376e-02 2.38051083e-02 3.33011356e-02 4.55421582e-02 6.07435596e-02 7.92675103e-02 1.01230643e-01 1.26220671e-01 1.53794710e-01 1.82899804e-01 2.12203115e-01 2.40342704e-01 2.66280883e-01 2.87558572e-01 3.02688003e-01 3.10552609e-01 3.10552609e-01 3.02688003e-01 2.87558572e-01 2.66280883e-01 2.40342704e-01 2.12203115e-01 1.82899804e-01 1.53794710e-01 1.26220671e-01 1.01230643e-01 7.92675103e-02 6.07435596e-02 4.55421582e-02 3.33011356e-02 2.38051083e-02 1.66173376e-02 1.12806415e-02 7.45787862e-03 4.75543691e-03 2.90106728e-03 1.66738606e-03 8.76568602e-04 3.94088946e-04 1.24649458e-04 9.07871612e-06 -7.74909786e-09 -7.75222719e-09 -7.75178977e-09 -7.74987852e-09 -7.74814829e-09 -7.74737791e-09 -7.74756814e-09 -7.74830233e-09 -7.74911701e-09 -7.74972359e-09 -7.75005776e-09 -7.75020842e-09 -7.75031084e-09 -7.75045916e-09 -7.75067793e-09 -7.75093556e-09 -7.75118003e-09 -7.75137382e-09 -7.75150866e-09 -7.75160136e-09 -7.75167774e-09 -7.75175424e-09 -7.75183212e-09 -7.75189613e-09 -7.75192804e-09 -7.75191700e-09 -7.75186693e-09 -7.75179365e-09 -7.75171538e-09 -7.75164011e-09 -7.75155884e-09 -7.75144798e-09 -7.75128450e-09 -7.75106229e-09 -7.75080533e-09 -7.75056086e-09 -7.75037590e-09 -7.75025827e-09 -7.75014747e-09 -7.74992148e-09 -7.74945530e-09 -7.74872316e-09 -7.74789849e-09 -7.74737402e-09 -7.74762859e-09 -7.74892062e-09 -7.75089642e-09 -7.75232328e-09 -7.75123032e-09 -7.74568171e-09 4.96334100e-05 2.36796444e-04 6.03747772e-04 1.22531277e-03 2.21896865e-03 3.73587468e-03 5.98555885e-03 9.20848022e-03 1.37435269e-02 1.99498288e-02 2.82302097e-02 3.90638198e-02 5.27597121e-02 6.95749548e-02 8.98393541e-02 1.13349821e-01 1.39736554e-01 1.68236109e-01 1.97618270e-01 2.26454009e-01 2.53789994e-01 2.77603939e-01 2.95973154e-01 3.07579810e-01 3.11550024e-01
3.12028837e-01 3.08025726e-01 2.96330746e-01 2.77828273e-01 2.53867243e-01 2.26069510e-01 1.96409740e-01 1.67051211e-01 1.38582206e-01 1.12180240e-01 8.87195869e-02 6.85050359e-02 5.17596771e-02 3.82542082e-02 2.75582662e-02 1.94026756e-02 1.33234493e-02 8.88520878e-03 5.75826700e-03 3.58299551e-03 2.12033597e-03 1.16661006e-03 5.73068091e-04 2.24192099e-04 4.69072113e-05 -7.74515757e-09 -7.75080139e-09 -7.75231290e-09 -7.75129944e-09 -7.74956765e-09 -7.74832781e-09 -7.74799314e-09 -7.74838632e-09 -7.74909181e-09 -7.74974573e-09 -7.75017422e-09 -7.75038511e-09 -7.75048492e-09 -7.75058362e-09 -7.75073949e-09 -7.75094888e-09 -7.75117198e-09 -7.75136683e-09 -7.75151054e-09 -7.75160758e-09 -7.75167869e-09 -7.75174380e-09 -7.75181158e-09 -7.75187503e-09 -7.75191861e-09 -7.75192827e-09 -7.75190057e-09 -7.75184483e-09 -7.75177739e-09 -7.75171111e-09 -7.75164510e-09 -7.75156361e-09 -7.75144526e-09 -7.75127507e-09 -7.75106168e-09 -7.75083964e-09 -7.75065345e-09 -7.75052927e-09 -7.75044123e-09 -7.75030118e-09 -7.74999087e-09 -7.74944131e-09 -7.74872644e-09 -7.74812314e-09 -7.74804843e-09 -7.74884279e-09 -7.75042880e-09 -7.75200126e-09 -7.75199138e-09 -7.74855458e-09 8.60752087e-06 1.17876962e-04 3.73412851e-04 8.33182124e-04 1.59081785e-03 2.77660551e-03 4.56949227e-03 7.18676710e-03 1.09217523e-02 1.61303667e-02 2.31861020e-02 3.25670811e-02 4.46336798e-02 5.97073649e-02 7.81967747e-02 1.00031107e-01 1.25057904e-01 1.52629376e-01 1.81694832e-01 2.11297521e-01 2.40337388e-01 2.66435343e-01 2.87854606e-01 3.03095505e-01 3.11023247e-01 3.11023247e-01 3.03095505e-01 2.87854606e-01 2.66435343e-01 2.40337388e-01 2.11297521e-01 1.81694832e-01 1.52629376e-01 1.25057904e-01 1.00031107e-01 7.81967747e-02 5.97073649e-02 4.46336798e-02 3.25670811e-02 2.31861020e-02 1.61303667e-02 1.09217523e-02 7.18676710e-03 4.56949227e-03 2.77660551e-03 1.59081785e-03 8.33182124e-04 3.73412851e-04 1.17876962e-04 8.60752087e-06 -7.74855435e-09 -7.75199138e-09 -7.75200115e-09 -7.75042885e-09 -7.74884279e-09 -7.74804854e-09 -7.74812314e-09 -7.74872644e-09 -7.74944126e-09 -7.74999115e-09 -7.75030118e-09 -7.75044118e-09 -7.75052933e-09 -7.75065345e-09 -7.75083958e-09 -7.75106168e-09 -7.75127501e-09 -7.75144526e-09 -7.75156384e-09 -7.75164521e-09 -7.75171105e-09 -7.75177750e-09 -7.75184472e-09 -7.75190057e-09 -7.75192827e-09 -7.75191877e-09 -7.75187514e-09 -7.75181158e-09 -7.75174380e-09 -7.75167869e-09 -7.75160774e-09 -7.75151043e-09 -7.75136677e-09 -7.75117198e-09 -7.75094894e-09 -7.75073949e-09 -7.75058362e-09 -7.75048481e-09 -7.75038500e-09 -7.75017422e-09 -7.74974573e-09 -7.74909192e-09 -7.74838627e-09 -7.74799308e-09 -7.74832781e-09 -7.74956765e-09 -7.75129949e-09 -7.75231285e-09 -7.75080145e-09 -7.74515763e-09 4.69072113e-05 2.24192099e-04 5.73068091e-04 1.16661006e-03 2.12033597e-03 3.58299551e-03 5.75826700e-03 8.88520878e-03 1.33234493e-02 1.94026756e-02 2.75582662e-02 3.82542082e-02 5.17596771e-02 6.85050359e-02 8.87195869e-02 1.12180240e-01 1.38582206e-01 1.67051211e-01 1.96409740e-01 2.26069510e-01 2.53867243e-01 2.77828273e-01 2.96330746e-01 3.08025726e-01 3.12028837e-01
3.12360583e-01 3.08313600e-01 2.96485639e-01 2.77839846e-01 2.53726474e-01 2.25795056e-01 1.95814959e-01 1.65731595e-01 1.37345193e-01 1.11001319e-01 8.75421972e-02 6.74772374e-02 5.07903921e-02 3.74288581e-02 2.68963929e-02 1.88632790e-02 1.29102201e-02 8.58175654e-03 5.53863160e-03 3.43611244e-03 2.02527350e-03 1.11101520e-03 5.43603500e-04 2.12189878e-04 4.43063717e-05 -7.74476777e-09 -7.75039233e-09 -7.75223874e-09 -7.75159792e-09 -7.75010500e-09 -7.74893349e-09 -7.74854114e-09 -7.74882269e-09 -7.74942127e-09 -7.75000292e-09 -7.75039488e-09 -7.75059145e-09 -7.75068215e-09 -7.75076525e-09 -7.75089604e-09 -7.75107512e-09 -7.75126846e-09 -7.75143871e-09 -7.75156522e-09 -7.75165049e-09 -7.75171238e-09 -7.75176867e-09 -7.75182707e-09 -7.75188225e-09 -7.75191994e-09 -7.75192827e-09 -7.75190434e-09 -7.75185593e-09 -7.75179754e-09 -7.75174036e-09 -7.75168285e-09 -7.75161202e-09 -7.75150794e-09 -7.75135856e-09 -7.75117265e-09 -7.75098119e-09 -7.75082343e-09 -7.75071957e-09 -7.75064318e-09 -7.75051312e-09 -7.75022635e-09 -7.74972969e-09 -7.74910636e-09 -7.74861808e-09 -7.74863651e-09 -7.74943409e-09 -7.75086839e-09 -7.75212283e-09 -7.75172848e-09 -7.74808656e-09 8.15494982e-06 1.11455783e-04 3.53572022e-04 7.91499252e-04 1.51673347e-03 2.65617807e-03 4.38693241e-03 6.92116600e-03 1.05685272e-02 1.56585768e-02 2.25936499e-02 3.18373619e-02 4.37166046e-02 5.86976916e-02 7.70997632e-02 9.88750927e-02 1.23860557e-01 1.51348628e-01 1.80591650e-01 2.10948983e-01 2.40130626e-01 2.66365335e-01 2.87940407e-01 3.03329324e-01 3.11343925e-01 3.11343925e-01 3.03329324e-01 2.87940407e-01 2.66365335e-01 2.40130626e-01 2.10948983e-01 1.80591650e-01 1.51348628e-01 1.23860557e-01 9.88750927e-02 7.70997632e-02 5.86976916e-02 4.37166046e-02 3.18373619e-02 2.25936499e-02 1.56585768e-02 1.05685272e-02 6.92116600e-03 4.38693241e-03 2.65617807e-03 1.51673347e-03 7.91499252e-04 3.53572022e-04 1.11455783e-04 8.15494982e-06 -7.74808662e-09 -7.75172859e-09 -7.75212272e-09 -7.75086839e-09 -7.74943404e-09 -7.74863662e-09 -7.74861808e-09 -7.74910625e-09 -7.74972964e-09 -7.75022641e-09 -7.75051312e-09 -7.75064313e-09 -7.75071973e-09 -7.75082343e-09 -7.75098119e-09 -7.75117276e-09 -7.75135856e-09 -7.75150782e-09 -7.75161207e-09 -7.75168313e-09 -7.75174036e-09 -7.75179770e-09 -7.75185593e-09 -7.75190434e-09 -7.75192827e-09 -7.75191994e-09 -7.75188241e-09 -7.75182701e-09 -7.75176850e-09 -7.75171238e-09 -7.75165049e-09 -7.75156511e-09 -7.75143882e-09 -7.75126840e-09 -7.75107500e-09 -7.75089604e-09 -7.75076514e-09 -7.75068215e-09 -7.75059145e-09 -7.75039477e-09 -7.75000292e-09 -7.74942138e-09 -7.74882264e-09 -7.74854114e-09 -7.74893349e-09 -7.75010500e-09 -7.75159797e-09 -7.75223874e-09 -7.75039238e-09 -7.74476772e-09 4.43063717e-05 2.12189878e-04 5.43603500e-04 1.11101520e-03 2.02527350e-03 3.43611244e-03 5.53863160e-03 8.58175654e-03 1.29102201e-02 1.88632790e-02 2.68963929e-02 3.74288581e-02 5.07903921e-02 6.74772374e-02 8.75421972e-02 1.11001319e-01 1.37345193e-01 1.65731595e-01 1.95814959e-01 2.25795056e-01 2.53726474e-01 2.77839846e-01 2.96485639e-01 3.08313600e-01 3.12360583e-01
3.12544227e-01 3.08472558e-01 2.96572192e-01 2.77754404e-01 2.53405973e-01 2.25330470e-01 1.95247495e-01 1.64839137e-01 1.36000524e-01 1.09781146e-01 8.64127735e-02 6.64280977e-02 4.98467529e-02 3.65967071e-02 2.62484030e-02 1.83426191e-02 1.25046138e-02 8.28893707e-03 5.32422896e-03 3.29318488e-03 1.93363329e-03 1.05732146e-03 5.15441457e-04 2.00737930e-04 4.18628397e-05 -7.74451125e-09 -7.75001796e-09 -7.75212028e-09 -7.75180942e-09 -7.75054687e-09 -7.74945519e-09 -7.74902487e-09 -7.74921249e-09 -7.74971598e-09 -7.75023057e-09 -7.75058784e-09 -7.75077075e-09 -7.75085301e-09 -7.75092335e-09 -7.75103304e-09 -7.75118592e-09 -7.75135339e-09 -7.75150200e-09 -7.75161291e-09 -7.75168790e-09 -7.75174169e-09 -7.75179043e-09 -7.75184084e-09 -7.75188835e-09 -7.75192116e-09 -7.75192843e-09 -7.75190734e-09 -7.75186543e-09 -7.75181541e-09 -7.75176584e-09 -7.75171638e-09 -7.75165421e-09 -7.75156273e-09 -7.75143161e-09 -7.75127007e-09 -7.75110559e-09 -7.75097198e-09 -7.75088521e-09 -7.75081865e-09 -7.75069747e-09 -7.75043296e-09 -7.74998621e-09 -7.74944592e-09 -7.74905751e-09 -7.74915054e-09 -7.74993392e-09 -7.75121312e-09 -7.75217424e-09 -7.75145653e-09 -7.74770231e-09 7.70951101e-06 1.05287450e-04 3.34826690e-04 7.51785309e-04 1.44553062e-03 2.54133210e-03 4.21010051e-03 6.66501012e-03 1.02210362e-02 1.51925189e-02 2.20065600e-02 3.10968742e-02 4.28256422e-02 5.77232080e-02 7.59662491e-02 9.76983661e-02 1.22579113e-01 1.50007116e-01 1.79985666e-01 2.10427582e-01 2.39734697e-01 2.66167936e-01 2.87950817e-01 3.03456891e-01 3.11521339e-01 3.11521339e-01 3.03456891e-01 2.87950817e-01 2.66167936e-01 2.39734697e-01 2.10427582e-01 1.79985666e-01 1.50007116e-01 1.22579113e-01 9.76983661e-02 7.59662491e-02 5.77232080e-02 4.28256422e-02 3.10968742e-02 2.20065600e-02 1.51925189e-02 1.02210362e-02 6.66501012e-03 4.21010051e-03 2.54133210e-03 1.44553062e-03 7.51785309e-04 3.34826690e-04 1.05287450e-04 7.70951101e-06 -7.74770215e-09 -7.75145648e-09 -7.75217424e-09 -7.75121300e-09 -7.74993381e-09 -7.74915060e-09 -7.74905767e-09 -7.74944592e-09 -7.74998626e-09 -7.75043296e-09 -7.75069753e-09 -7.75081871e-09 -7.75088532e-09 -7.75097192e-09 -7.75110565e-09 -7.75127001e-09 -7.75143172e-09 -7.75156261e-09 -7.75165421e-09 -7.75171627e-09 -7.75176590e-09 -7.75181541e-09 -7.75186543e-09 -7.75190734e-09 -7.75192843e-09 -7.75192122e-09 -7.75188858e-09 -7.75184067e-09 -7.75179043e-09 -7.75174147e-09 -7.75168785e-09 -7.75161291e-09 -7.75150205e-09 -7.75135345e-09 -7.75118592e-09 -7.75103304e-09 -7.75092335e-09 -7.75085307e-09 -7.75077069e-09 -7.75058784e-09 -7.75023057e-09 -7.74971592e-09 -7.74921249e-09 -7.74902470e-09 -7.74945513e-09 -7.75054687e-09 -7.75180953e-09 -7.75212017e-09 -7.75001813e-09 -7.74451131e-09 4.18628397e-05 2.00737930e-04 5.15441457e-04 1.05732146e-03 1.93363329e-03 3.29318488e-03 5.32422896e-03 8.28893707e-03 1.25046138e-02 1.83426191e-02 2.62484030e-02 3.65967071e-02 4.98467529e-02 6.64280977e-02 8.64127735e-02 1.09781146e-01 1.36000524e-01 1.64839137e-01 1.95247495e-01 2.25330470e-01 2.53405973e-01 2.77754404e-01 2.96572192e-01 3.08472558e-01 3.12544227e-01
3.12925411e-01 3.08781078e-01 2.96674368e-01 2.77563799e-01 2.53031036e-01 2.24745163e-01 1.94517111e-01 1.64064360e-01 1.34815326e-01 1.08487682e-01 8.52602528e-02 6.53527205e-02 4.89394053e-02 3.57836908e-02 2.55967833e-02 1.78286962e-02 1.21090084e-02 8.00118757e-03 5.11487111e-03 3.15325511e-03 1.84519852e-03 1.00565420e-03 4.88805819e-04 1.89811520e-04 3.95441753e-05 -7.74438413e-09 -7.74968822e-09 -7.75197312e-09 -7.75194992e-09 -7.75090558e-09 -7.74990233e-09 -7.74945025e-09 -7.74955961e-09 -7.74997899e-09 -7.75043218e-09 -7.75075659e-09 -7.75092635e-09 -7.75100162e-09 -7.75106085e-09 -7.75115294e-09 -7.75128295e-09 -7.75142783e-09 -7.75155751e-09 -7.75165465e-09 -7.75172015e-09 -7.75176717e-09 -7.75180919e-09 -7.75185277e-09 -7.75189374e-09 -7.75192227e-09 -7.75192854e-09 -7.75191017e-09 -7.75187403e-09 -7.75183057e-09 -7.75178810e-09 -7.75174502e-09 -7.75169073e-09 -7.75161058e-09 -7.75149600e-09 -7.75135556e-09 -7.75121423e-09 -7.75110137e-09 -7.75102915e-09 -7.75097042e-09 -7.75085823e-09 -7.75061487e-09 -7.75021486e-09 -7.74974951e-09 -7.74944758e-09 -7.74959746e-09 -7.75035308e-09 -7.75147757e-09 -7.75217168e-09 -7.75118936e-09 -7.74740561e-09 7.26060148e-06 9.93706430e-05 3.17053520e-04 7.13693540e-04 1.37714508e-03 2.43085674e-03 4.03943946e-03 6.42404814e-03 9.87877337e-03 1.47386047e-02 2.14375108e-02 3.03508092e-02 4.19554017e-02 5.67327654e-02 7.48705678e-02 9.64815367e-02 1.21206757e-01 1.49210382e-01 1.79229466e-01 2.09753051e-01 2.39257097e-01 2.65852770e-01 2.87914174e-01 3.03677885e-01 3.11884094e-01 3.11884094e-01 3.03677885e-01 2.87914174e-01 2.65852770e-01 2.39257097e-01 2.09753051e-01 1.79229466e-01 1.49210382e-01 1.21206757e-01 9.64815367e-02 7.48705678e-02 5.67327654e-02 4.19554017e-02 3.03508092e-02 2.14375108e-02 1.47386047e-02 9.87877337e-03 6.42404814e-03 4.03943946e-03 2.43085674e-03 1.37714508e-03 7.13693540e-04 3.17053520e-04 9.93706430e-05 7.26060148e-06 -7.74740555e-09 -7.75118936e-09 -7.75217168e-09 -7.75147768e-09 -7.75035314e-09 -7.74959757e-09 -7.74944753e-09 -7.74974951e-09 -7.75021491e-09 -7.75061493e-09 -7.75085823e-09 -7.75097042e-09 -7.75102932e-09 -7.75110132e-09 -7.75121417e-09 -7.75135556e-09 -7.75149606e-09 -7.75161058e-09 -7.75169068e-09 -7.75174525e-09 -7.75178810e-09 -7.75183068e-09 -7.75187420e-09 -7.75191017e-09 -7.75192854e-09 -7.75192244e-09 -7.75189363e-09 -7.75185255e-09 -7.75180919e-09 -7.75176701e-09 -7.75172015e-09 -7.75165448e-09 -7.75155751e-09 -7.75142783e-09 -7.75128295e-09 -7.75115294e-09 -7.75106107e-09 -7.75100162e-09 -7.75092635e-09 -7.75075654e-09 -7.75043218e-09 -7.74997899e-09 -7.74955955e-09 -7.74945030e-09 -7.74990250e-09 -7.75090558e-09 -7.75194997e-09 -7.75197312e-09 -7.74968811e-09 -7.74438413e-09 3.95441753e-05 1.89811520e-04 4.88805819e-04 1.00565420e-03 1.84519852e-03 3.15325511e-03 5.11487111e-03 8.00118757e-03 1.21090084e-02 1.78286962e-02 2.55967833e-02 3.57836908e-02 4.89394053e-02 6.53527205e-02 8.52602528e-02 1.08487682e-01 1.34815326e-01 1.64064360e-01 1.94517111e-01 2.24745163e-01 2.53031036e-01 2.77563799e-01 2.96674368e-01 3.08781078e-01 3.12925411e-01
3.13109013e-01 3.08937609e-01 2.96758089e-01 2.77514870e-01 2.52657269e-01 2.24072152e-01 1.93691430e-01 1.63156363e-01 1.33917589e-01 1.07122406e-01 8.40730394e-02 6.43091077e-02 4.80235639e-02 3.49872859e-02 2.49400873e-02 1.73332139e-02 1.17217084e-02 7.71897652e-03 4.91567052e-03 3.01866759e-03 1.76084993e-03 9.55874670e-04 4.63188841e-04 1.79309898e-04 3.73104712e-05 -7.74437847e-09 -7.74941000e-09 -7.75181103e-09 -7.75203401e-09 -7.75119313e-09 -7.75028303e-09 -7.74982278e-09 -7.74986847e-09 -7.75021358e-09 -7.75061071e-09 -7.75090403e-09 -7.75106107e-09 -7.75113018e-09 -7.75118025e-09 -7.75125730e-09 -7.75136810e-09 -7.75149289e-09 -7.75160602e-09 -7.75169134e-09 -7.75174858e-09 -7.75178943e-09 -7.75182529e-09 -7.75186293e-09 -7.75189857e-09 -7.75192321e-09 -7.75192865e-09 -7.75191300e-09 -7.75188147e-09 -7.75184400e-09 -7.75180720e-09 -7.75177023e-09 -7.75172299e-09 -7.75165226e-09 -7.75155218e-09 -7.75143050e-09 -7.75130937e-09 -7.75121423e-09 -7.75115389e-09 -7.75110215e-09 -7.75099790e-09 -7.75077486e-09 -7.75041814e-09 -7.75002007e-09 -7.74979214e-09 -7.74998438e-09 -7.75070197e-09 -7.75167530e-09 -7.75212949e-09 -7.75093828e-09 -7.74719727e-09 6.81897701e-06 9.37435414e-05 3.00098594e-04 6.77346396e-04 1.31147912e-03 2.32348026e-03 3.87306738e-03 6.18879454e-03 9.54783123e-03 1.43002579e-02 2.08678597e-02 2.96205106e-02 4.11214755e-02 5.57237337e-02 7.37611330e-02 9.52017216e-02 1.20132081e-01 1.48298762e-01 1.78339159e-01 2.09019516e-01 2.38692448e-01 2.65683392e-01 2.87939503e-01 3.03802722e-01 3.12060903e-01 3.12060903e-01 3.03802722e-01 2.87939503e-01 2.65683392e-01 2.38692448e-01 2.09019516e-01 1.78339159e-01 1.48298762e-01 1.20132081e-01 9.52017216e-02 7.37611330e-02 5.57237337e-02 4.11214755e-02 2.96205106e-02 2.08678597e-02 1.43002579e-02 9.54783123e-03 6.18879454e-03 3.87306738e-03 2.32348026e-03 1.31147912e-03 6.77346396e-04 3.00098594e-04 9.37435414e-05 6.81897701e-06 -7.74719733e-09 -7.75093817e-09 -7.75212955e-09 -7.75167519e-09 -7.75070197e-09 -7.74998449e-09 -7.74979197e-09 -7.75002013e-09 -7.75041820e-09 -7.75077491e-09 -7.75099784e-09 -7.75110209e-09 -7.75115372e-09 -7.75121423e-09 -7.75130937e-09 -7.75143050e-09 -7.75155229e-09 -7.75165226e-09 -7.75172299e-09 -7.75177023e-09 -7.75180725e-09 -7.75184394e-09 -7.75188158e-09 -7.75191300e-09 -7.75192865e-09 -7.75192310e-09 -7.75189857e-09 -7.75186293e-09 -7.75182535e-09 -7.75178921e-09 -7.75174863e-09 -7.75169118e-09 -7.75160602e-09 -7.75149289e-09 -7.75136799e-09 -7.75125730e-09 -7.75118048e-09 -7.75113018e-09 -7.75106113e-09 -7.75090403e-09 -7.75061071e-09 -7.75021347e-09 -7.74986836e-09 -7.74982289e-09 -7.75028308e-09 -7.75119313e-09 -7.75203396e-09 -7.75181108e-09 -7.74941000e-09 -7.74437853e-09 3.73104712e-05 1.79309898e-04 4.63188841e-04 9.55874670e-04 1.76084993e-03 3.01866759e-03 4.91567052e-03 7.71897652e-03 1.17217084e-02 1.73332139e-02 2.49400873e-02 3.49872859e-02 4.80235639e-02 6.43091077e-02 8.40730394e-02 1.07122406e-01 1.33917589e-01 1.63156363e-01 1.93691430e-01 2.24072152e-01 2.52657269e-01 2.77514870e-01 2.96758089e-01 3.08937609e-01 3.13109013e-01
3.13213747e-01 3.08996189e-01 2.96687462e-01 2.77258034e-01 2.52285596e-01 2.23479188e-01 1.92787982e-01 1.62155885e-01 1.32913563e-01 1.06128436e-01 8.28321377e-02 6.32568383e-02 4.70898245e-02 3.42309669e-02 2.42909429e-02 1.68428766e-02 1.13497922e-02 7.44281558e-03 4.72591507e-03 2.88882824e-03 1.67988434e-03 9.08236337e-04 4.38423161e-04 1.69272739e-04 3.51325927e-05 -7.74448428e-09 -7.74918740e-09 -7.75164483e-09 -7.75207321e-09 -7.75141978e-09 -7.75060527e-09 -7.75014830e-09 -7.75014214e-09 -7.75042253e-09 -7.75076864e-09 -7.75103320e-09 -7.75117803e-09 -7.75124143e-09 -7.75128434e-09 -7.75134856e-09 -7.75144249e-09 -7.75155029e-09 -7.75164838e-09 -7.75172293e-09 -7.75177295e-09 -7.75180842e-09 -7.75183956e-09 -7.75187203e-09 -7.75190273e-09 -7.75192416e-09 -7.75192877e-09 -7.75191511e-09 -7.75188808e-09 -7.75185593e-09 -7.75182402e-09 -7.75179199e-09 -7.75175052e-09 -7.75168885e-09 -7.75160153e-09 -7.75149600e-09 -7.75139247e-09 -7.75131259e-09 -7.75126208e-09 -7.75121595e-09 -7.75111930e-09 -7.75091585e-09 -7.75059905e-09 -7.75026088e-09 -7.75009562e-09 -7.75031761e-09 -7.75098929e-09 -7.75181730e-09 -7.75206005e-09 -7.75071141e-09 -7.74707543e-09 6.39983786e-06 8.83613026e-05 2.83838056e-04 6.42544298e-04 1.24849208e-03 2.21892315e-03 3.71185422e-03 5.95845325e-03 9.22384501e-03 1.38701559e-02 2.02969670e-02 2.89098110e-02 4.02837005e-02 5.47448052e-02 7.26212519e-02 9.38969591e-02 1.19158529e-01 1.47278315e-01 1.77398437e-01 2.08234393e-01 2.38240243e-01 2.65366466e-01 2.87780604e-01 3.03805444e-01 3.12153997e-01 3.12153997e-01 3.03805444e-01 2.87780604e-01 2.65366466e-01 2.38240243e-01 2.08234393e-01 1.77398437e-01 1.47278315e-01 1.19158529e-01 9.38969591e-02 7.26212519e-02 5.47448052e-02 4.02837005e-02 2.89098110e-02 2.02969670e-02 1.38701559e-02 9.22384501e-03 5.95845325e-03 3.71185422e-03 2.21892315e-03 1.24849208e-03 6.42544298e-04 2.83838056e-04 8.83613026e-05 6.39983786e-06 -7.74707543e-09 -7.75071135e-09 -7.75205999e-09 -7.75181713e-09 -7.75098918e-09 -7.75031772e-09 -7.75009573e-09 -7.75026088e-09 -7.75059911e-09 -7.75091596e-09 -7.75111941e-09 -7.75121600e-09 -7.75126197e-09 -7.75131259e-09 -7.75139247e-09 -7.75149617e-09 -7.75160153e-09 -7.75168885e-09 -7.75175052e-09 -7.75179210e-09 -7.75182407e-09 -7.75185593e-09 -7.75188824e-09 -7.75191511e-09 -7.75192860e-09 -7.75192421e-09 -7.75190290e-09 -7.75187214e-09 -7.75183973e-09 -7.75180836e-09 -7.75177317e-09 -7.75172282e-09 -7.75164849e-09 -7.75155029e-09 -7.75144260e-09 -7.75134856e-09 -7.75128428e-09 -7.75124143e-09 -7.75117814e-09 -7.75103326e-09 -7.75076864e-09 -7.75042253e-09 -7.75014219e-09 -7.75014830e-09 -7.75060521e-09 -7.75141978e-09 -7.75207332e-09 -7.75164488e-09 -7.74918729e-09 -7.74448428e-09 3.51325927e-05 1.69272739e-04 4.38423161e-04 9.08236337e-04 1.67988434e-03 2.88882824e-03 4.72591507e-03 7.44281558e-03 1.13497922e-02 1.68428766e-02 2.42909429e-02 3.42309669e-02 4.70898245e-02 6.32568383e-02 8.28321377e-02 1.06128436e-01 1.32913563e-01 1.62155885e-01 1.92787982e-01 2.23479188e-01 2.52285596e-01 2.77258034e-01 2.96687462e-01 3.08996189e-01 3.13213747e-01
3.13470838e-01 3.09168214e-01 2.96615368e-01 2.76963635e-01 2.51775641e-01 2.22801963e-01 1.91969124e-01 1.61105519e-01 1.31817650e-01 1.05109717e-01 8.16207121e-02 6.21811930e-02 4.61863325e-02 3.34769976e-02 2.36643668e-02 1.63523504e-02 1.09844526e-02 7.17530728e-03 4.54075183e-03 2.76271644e-03 1.60143813e-03 8.62665071e-04 4.14775664e-04 1.59668466e-04 3.30436557e-05 -7.74468933e-09 -7.74902154e-09 -7.75148279e-09 -7.75207853e-09 -7.75159525e-09 -7.75087577e-09 -7.75043130e-09 -7.75038461e-09 -7.75060854e-09 -7.75090836e-09 -7.75114617e-09 -7.75127923e-09 -7.75133779e-09 -7.75137443e-09 -7.75142805e-09 -7.75150766e-09 -7.75160025e-09 -7.75168546e-09 -7.75175063e-09 -7.75179443e-09 -7.75182513e-09 -7.75185210e-09 -7.75188003e-09 -7.75190645e-09 -7.75192488e-09 -7.75192871e-09 -7.75191700e-09 -7.75189363e-09 -7.75186582e-09 -7.75183839e-09 -7.75181080e-09 -7.75177483e-09 -7.75172115e-09 -7.75164466e-09 -7.75155373e-09 -7.75146519e-09 -7.75139797e-09 -7.75135572e-09 -7.75131459e-09 -7.75122511e-09 -7.75103981e-09 -7.75075992e-09 -7.75047504e-09 -7.75036246e-09 -7.75060349e-09 -7.75122333e-09 -7.75191400e-09 -7.75197317e-09 -7.75051417e-09 -7.74703518e-09 5.99780433e-06 8.32354915e-05 2.68312315e-04 6.09114030e-04 1.18828529e-03 2.11869160e-03 3.55930986e-03 5.73301712e-03 8.90937979e-03 1.34528231e-02 1.97299172e-02 2.82325007e-02 3.94295014e-02 5.37618932e-02 7.14367066e-02 9.29295635e-02 1.18095133e-01 1.46206598e-01 1.76404902e-01 2.07514036e-01 2.37615206e-01 2.64969414e-01 2.87542894e-01 3.03873742e-01 3.12389513e-01 3.12389513e-01 3.03873742e-01 2.87542894e-01 2.64969414e-01 2.37615206e-01 2.07514036e-01 1.76404902e-01 1.46206598e-01 1.18095133e-01 9.29295635e-02 7.14367066e-02 5.37618932e-02 3.94295014e-02 2.82325007e-02 1.97299172e-02 1.34528231e-02 8.90937979e-03 5.73301712e-03 3.55930986e-03 2.11869160e-03 1.18828529e-03 6.09114030e-04 2.68312315e-04 8.32354915e-05 5.99780433e-06 -7.74703512e-09 -7.75051423e-09 -7.75197317e-09 -7.75191400e-09 -7.75122344e-09 -7.75060355e-09 -7.75036252e-09 -7.75047526e-09 -7.75075970e-09 -7.75103970e-09 -7.75122511e-09 -7.75131465e-09 -7.75135572e-09 -7.75139802e-09 -7.75146503e-09 -7.75155362e-09 -7.75164472e-09 -7.75172104e-09 -7.75177483e-09 -7.75181080e-09 -7.75183839e-09 -7.75186582e-09 -7.75189363e-09 -7.75191700e-09 -7.75192882e-09 -7.75192482e-09 -7.75190645e-09 -7.75187997e-09 -7.75185210e-09 -7.75182513e-09 -7.75179437e-09 -7.75175052e-09 -7.75168535e-09 -7.75160020e-09 -7.75150755e-09 -7.75142805e-09 -7.75137443e-09 -7.75133774e-09 -7.75127929e-09 -7.75114595e-09 -7.75090836e-09 -7.75060838e-09 -7.75038445e-09 -7.75043130e-09 -7.75087594e-09 -7.75159525e-09 -7.75207865e-09 -7.75148296e-09 -7.74902154e-09 -7.74468933e-09 3.30436557e-05 1.59668466e-04 4.14775664e-04 8.62665071e-04 1.60143813e-03 2.76271644e-03 4.54075183e-03 7.17530728e-03 1.09844526e-02 1.63523504e-02 2.36643668e-02 3.34769976e-02 4.61863325e-02 6.21811930e-02 8.16207121e-02 1.05109717e-01 1.31817650e-01 1.61105519e-01 1.91969124e-01 2.22801963e-01 2.51775641e-01 2.76963635e-01 2.96615368e-01 3.09168214e-01 3.13470838e-01
3.13758623e-01 3.09427646e-01 2.96793417e-01 2.76883281e-01 2.51244165e-01 2.22039983e-01 1.91067501e-01 1.60086327e-01 1.30693464e-01 1.04014578e-01 8.06516361e-02 6.10717080e-02 4.52805826e-02 3.27121335e-02 2.30595287e-02 1.58641790e-02 1.06322099e-02 6.91499264e-03 4.36034346e-03 2.64138802e-03 1.52528185e-03 8.19109821e-04 3.92228945e-04 1.50529613e-04 3.10588002e-05 -7.74498071e-09 -7.74891196e-09 -7.75133180e-09 -7.75205883e-09 -7.75172787e-09 -7.75110126e-09 -7.75067610e-09 -7.75059827e-09 -7.75077397e-09 -7.75103232e-09 -7.75124481e-09 -7.75136710e-09 -7.75142089e-09 -7.75145242e-09 -7.75149689e-09 -7.75156422e-09 -7.75164388e-09 -7.75171782e-09 -7.75177472e-09 -7.75181319e-09 -7.75183973e-09 -7.75186271e-09 -7.75188674e-09 -7.75190956e-09 -7.75192527e-09 -7.75192899e-09 -7.75191872e-09 -7.75189857e-09 -7.75187481e-09 -7.75185127e-09 -7.75182707e-09 -7.75179582e-09 -7.75174891e-09 -7.75168252e-09 -7.75160353e-09 -7.75152814e-09 -7.75147208e-09 -7.75143671e-09 -7.75139969e-09 -7.75131692e-09 -7.75114906e-09 -7.75090281e-09 -7.75066511e-09 -7.75059600e-09 -7.75084685e-09 -7.75141190e-09 -7.75197462e-09 -7.75187720e-09 -7.75035069e-09 -7.74707026e-09 5.62708647e-06 7.84247990e-05 2.53453887e-04 5.77268649e-04 1.13048495e-03 2.02226400e-03 3.41269425e-03 5.51434685e-03 8.60655571e-03 1.30385726e-02 1.91803658e-02 2.75609262e-02 3.86061656e-02 5.27618541e-02 7.03058616e-02 9.19002491e-02 1.16965051e-01 1.45066837e-01 1.75481738e-01 2.06653128e-01 2.36961366e-01 2.64668655e-01 2.87660303e-01 3.04098295e-01 3.12670237e-01 3.12670237e-01 3.04098295e-01 2.87660303e-01 2.64668655e-01 2.36961366e-01 2.06653128e-01 1.75481738e-01 1.45066837e-01 1.16965051e-01 9.19002491e-02 7.03058616e-02 5.27618541e-02 3.86061656e-02 2.75609262e-02 1.91803658e-02 1.30385726e-02 8.60655571e-03 5.51434685e-03 3.41269425e-03 2.02226400e-03 1.13048495e-03 5.77268649e-04 2.53453887e-04 7.84247990e-05 5.62708647e-06 -7.74707032e-09 -7.75035069e-09 -7.75187725e-09 -7.75197462e-09 -7.75141185e-09 -7.75084685e-09 -7.75059594e-09 -7.75066511e-09 -7.75090270e-09 -7.75114900e-09 -7.75131692e-09 -7.75139952e-09 -7.75143660e-09 -7.75147208e-09 -7.75152825e-09 -7.75160353e-09 -7.75168257e-09 -7.75174885e-09 -7.75179587e-09 -7.75182718e-09 -7.75185116e-09 -7.75187475e-09 -7.75189862e-09 -7.75191872e-09 -7.75192899e-09 -7.75192532e-09 -7.75190967e-09 -7.75188669e-09 -7.75186271e-09 -7.75183973e-09 -7.75181308e-09 -7.75177467e-09 -7.75171782e-09 -7.75164388e-09 -7.75156417e-09 -7.75149689e-09 -7.75145242e-09 -7.75142084e-09 -7.75136699e-09 -7.75124465e-09 -7.75103232e-09 -7.75077391e-09 -7.75059827e-09 -7.75067605e-09 -7.75110137e-09 -7.75172787e-09 -7.75205872e-09 -7.75133180e-09 -7.74891207e-09 -7.74498055e-09 3.10588002e-05 1.50529613e-04 3.92228945e-04 8.19109821e-04 1.52528185e-03 2.64138802e-03 4.36034346e-03 6.91499264e-03 1.06322099e-02 1.58641790e-02 2.30595287e-02 3.27121335e-02 4.52805826e-02 6.10717080e-02 8.06516361e-02 1.04014578e-01 1.30693464e-01 1.60086327e-01 1.91067501e-01 2.22039983e-01 2.51244165e-01 2.76883281e-01 2.96793417e-01 3.09427646e-01 3.13758623e-01
3.14164234e-01 3.09755497e-01 2.96912972e-01 2.76701754e-01 2.50944455e-01 2.21325069e-01 1.90099834e-01 1.59039605e-01 1.29540937e-01 1.02879075e-01 7.96302682e-02 6.00134236e-02 4.43654143e-02 3.19683064e-02 2.24691106e-02 1.53888985e-02 1.02867973e-02 6.66542558e-03 4.18405155e-03 2.52630932e-03 1.45241957e-03 7.77546987e-04 3.70762560e-04 1.41879977e-04 2.91998646e-05 -7.74534459e-09 -7.74885645e-09 -7.75119652e-09 -7.75202169e-09 -7.75182457e-09 -7.75128772e-09 -7.75088704e-09 -7.75078646e-09 -7.75092074e-09 -7.75114184e-09 -7.75133130e-09 -7.75144299e-09 -7.75149256e-09 -7.75152009e-09 -7.75155695e-09 -7.75161380e-09 -7.75168202e-09 -7.75174608e-09 -7.75179554e-09 -7.75182907e-09 -7.75185205e-09 -7.75187203e-09 -7.75189268e-09 -7.75191211e-09 -7.75192588e-09 -7.75192910e-09 -7.75192022e-09 -7.75190279e-09 -7.75188214e-09 -7.75186210e-09 -7.75184150e-09 -7.75181414e-09 -7.75177311e-09 -7.75171538e-09 -7.75164749e-09 -7.75158315e-09 -7.75153614e-09 -7.75150655e-09 -7.75147319e-09 -7.75139686e-09 -7.75124515e-09 -7.75102921e-09 -7.75083309e-09 -7.75079956e-09 -7.75105302e-09 -7.75156161e-09 -7.75200670e-09 -7.75177900e-09 -7.75022241e-09 -7.74717335e-09 5.31298682e-06 7.39146346e-05 2.39213469e-04 5.46895953e-04 1.07485709e-03 1.92892002e-03 3.27019505e-03 5.30290404e-03 8.31062920e-03 1.26267846e-02 1.86473204e-02 2.68846420e-02 3.77838993e-02 5.17354936e-02 6.93645786e-02 9.08078421e-02 1.15809797e-01 1.44023194e-01 1.74438736e-01 2.05748348e-01 2.36491066e-01 2.64429888e-01 2.87635040e-01 3.04337409e-01 3.13053403e-01 3.13053403e-01 3.04337409e-01 2.87635040e-01 2.64429888e-01 2.36491066e-01 2.05748348e-01 1.74438736e-01 1.44023194e-01 1.15809797e-01 9.08078421e-02 6.93645786e-02 5.17354936e-02 3.77838993e-02 2.68846420e-02 1.86473204e-02 1.26267846e-02 8.31062920e-03 5.30290404e-03 3.27019505e-03 1.92892002e-03 1.07485709e-03 5.46895953e-04 2.39213469e-04 7.39146346e-05 5.31298682e-06 -7.74717324e-09 -7.75022241e-09 -7.75177900e-09 -7.75200676e-09 -7.75156161e-09 -7.75105313e-09 -7.75079945e-09 -7.75083320e-09 -7.75102926e-09 -7.75124520e-09 -7.75139691e-09 -7.75147313e-09 -7.75150666e-09 -7.75153614e-09 -7.75158299e-09 -7.75164749e-09 -7.75171538e-09 -7.75177322e-09 -7.75181414e-09 -7.75184150e-09 -7.75186204e-09 -7.75188219e-09 -7.75190268e-09 -7.75192022e-09 -7.75192910e-09 -7.75192588e-09 -7.75191228e-09 -7.75189263e-09 -7.75187203e-09 -7.75185205e-09 -7.75182918e-09 -7.75179565e-09 -7.75174619e-09 -7.75168196e-09 -7.75161391e-09 -7.75155695e-09 -7.75152015e-09 -7.75149256e-09 -7.75144293e-09 -7.75133113e-09 -7.75114184e-09 -7.75092074e-09 -7.75078635e-09 -7.75088710e-09 -7.75128761e-09 -7.75182457e-09 -7.75202175e-09 -7.75119657e-09 -7.74885633e-09 -7.74534453e-09 2.91998646e-05 1.41879977e-04 3.70762560e-04 7.77546987e-04 1.45241957e-03 2.52630932e-03 4.18405155e-03 6.66542558e-03 1.02867973e-02 1.53888985e-02 2.24691106e-02 3.19683064e-02 4.43654143e-02 6.00134236e-02 7.96302682e-02 1.02879075e-01 1.29540937e-01 1.59039605e-01 1.90099834e-01 2.21325069e-01 2.50944455e-01 2.76701754e-01 2.96912972e-01 3.09755497e-01 3.14164234e-01
3.14701823e-01 3.10237469e-01 2.97222976e-01 2.76759457e-01 2.50567736e-01 2.20717721e-01 1.89174375e-01 1.57922295e-01 1.28435249e-01 1.01710712e-01 7.85628387e-02 5.91096890e-02 4.34321116e-02 3.12320475e-02 2.18792358e-02 1.49291121e-02 9.94396792e-03 6.42171951e-03 4.01460856e-03 2.41566912e-03 1.38251872e-03 7.37794933e-04 3.50322819e-04 1.33669325e-04 2.74622269e-05 -7.74576697e-09 -7.74885089e-09 -7.75108006e-09 -7.75197340e-09 -7.75189274e-09 -7.75144027e-09 -7.75106779e-09 -7.75095133e-09 -7.75105086e-09 -7.75123910e-09 -7.75140707e-09 -7.75150882e-09 -7.75155451e-09 -7.75157838e-09 -7.75160913e-09 -7.75165693e-09 -7.75171521e-09 -7.75177067e-09 -7.75181375e-09 -7.75184295e-09 -7.75186298e-09 -7.75188014e-09 -7.75189757e-09 -7.75191467e-09 -7.75192643e-09 -7.75192882e-09 -7.75192138e-09 -7.75190634e-09 -7.75188874e-09 -7.75187131e-09 -7.75185366e-09 -7.75182984e-09 -7.75179410e-09 -7.75174402e-09 -7.75168546e-09 -7.75163100e-09 -7.75159170e-09 -7.75156705e-09 -7.75153675e-09 -7.75146647e-09 -7.75133008e-09 -7.75114184e-09 -7.75098163e-09 -7.75097653e-09 -7.75122677e-09 -7.75167874e-09 -7.75201708e-09 -7.75168318e-09 -7.75012982e-09 -7.74733572e-09 5.00400502e-06 6.96183905e-05 2.25685944e-04 5.17975177e-04 1.02122205e-03 1.83960135e-03 3.13186088e-03 5.09861933e-03 8.02493626e-03 1.22220979e-02 1.81345303e-02 2.62202533e-02 3.69564923e-02 5.07491516e-02 6.83794492e-02 8.96889021e-02 1.14665998e-01 1.42885484e-01 1.73372277e-01 2.05051370e-01 2.35930127e-01 2.64247576e-01 2.87826071e-01 3.04746620e-01 3.13579773e-01 3.13579773e-01 3.04746620e-01 2.87826071e-01 2.64247576e-01 2.35930127e-01 2.05051370e-01 1.73372277e-01 1.42885484e-01 1.14665998e-01 8.96889021e-02 6.83794492e-02 5.07491516e-02 3.69564923e-02 2.62202533e-02 1.81345303e-02 1.22220979e-02 8.02493626e-03 5.09861933e-03 3.13186088e-03 1.83960135e-03 1.02122205e-03 5.17975177e-04 2.25685944e-04 6.96183905e-05 5.00400502e-06 -7.74733577e-09 -7.75012976e-09 -7.75168307e-09 -7.75201697e-09 -7.75167869e-09 -7.75122683e-09 -7.75097658e-09 -7.75098169e-09 -7.75114184e-09 -7.75133002e-09 -7.75146652e-09 -7.75153663e-09 -7.75156711e-09 -7.75159181e-09 -7.75163117e-09 -7.75168546e-09 -7.75174408e-09 -7.75179404e-09 -7.75182984e-09 -7.75185366e-09 -7.75187148e-09 -7.75188874e-09 -7.75190634e-09 -7.75192138e-09 -7.75192877e-09 -7.75192649e-09 -7.75191455e-09 -7.75189762e-09 -7.75188014e-09 -7.75186282e-09 -7.75184306e-09 -7.75181369e-09 -7.75177067e-09 -7.75171527e-09 -7.75165687e-09 -7.75160913e-09 -7.75157816e-09 -7.75155462e-09 -7.75150888e-09 -7.75140702e-09 -7.75123910e-09 -7.75105069e-09 -7.75095133e-09 -7.75106790e-09 -7.75144021e-09 -7.75189274e-09 -7.75197351e-09 -7.75108000e-09 -7.74885101e-09 -7.74576697e-09 2.74622269e-05 1.33669325e-04 3.50322819e-04 7.37794933e-04 1.38251872e-03 2.41566912e-03 4.01460856e-03 6.42171951e-03 9.94396792e-03 1.49291121e-02 2.18792358e-02 3.12320475e-02 4.34321116e-02 5.91096890e-02 7.85628387e-02 1.01710712e-01 1.28435249e-01 1.57922295e-01 1.89174375e-01 2.20717721e-01 2.50567736e-01 2.76759457e-01 2.97222976e-01 3.10237469e-01 3.14701823e-01
3.15004215e-01 3.10511935e-01 2.97417598e-01 2.76814062e-01 2.50356493e-01 2.20112935e-01 1.88332968e-01 1.56808637e-01 1.27250260e-01 1.00588978e-01 7.74798768e-02 5.81738305e-02 4.25169834e-02 3.04958837e-02 2.12932628e-02 1.44903402e-02 9.60573298e-03 6.18657537e-03 3.85107030e-03 2.30849980e-03 1.31521439e-03 6.99597502e-04 3.31036649e-04 1.25939985e-04 2.58114507e-05 -7.74738163e-09 -7.74996611e-09 -7.75198655e-09 -7.75284931e-09 -7.75279629e-09 -7.75235254e-09 -7.75194231e-09 -7.75174930e-09 -7.75175468e-09 -7.75185116e-09 -7.75193970e-09 -7.75197484e-09 -7.75196279e-09 -7.75193265e-09 -7.75191061e-09 -7.75190701e-09 -7.75191644e-09 -7.75192782e-09 -7.75193332e-09 -7.75193043e-09 -7.75192410e-09 -7.75191944e-09 -7.75191944e-09 -7.75192388e-09 -7.75192821e-09 -7.75192927e-09 -7.75192621e-09 -7.75192127e-09 -7.75191877e-09 -7.75192122e-09 -7.75192732e-09 -7.75193271e-09 -7.75193160e-09 -7.75192255e-09 -7.75191078e-09 -7.75190662e-09 -7.75191944e-09 -7.75194814e-09 -7.75197312e-09 -7.75196463e-09 -7.75190068e-09 -7.75179876e-09 -7.75173320e-09 -7.75181630e-09 -7.75212594e-09 -7.75259157e-09 -7.75290537e-09 -7.75256032e-09 -7.75111031e-09 -7.74865949e-09 4.71536916e-06 6.55038839e-05 2.12789816e-04 4.90254928e-04 9.69754264e-04 1.75461447e-03 2.99739708e-03 4.90278279e-03 7.74290991e-03 1.18322003e-02 1.76283389e-02 2.55681625e-02 3.61181009e-02 4.99048820e-02 6.73555681e-02 8.85341691e-02 1.13523839e-01 1.41720399e-01 1.72453716e-01 2.04255561e-01 2.35566648e-01 2.64195569e-01 2.87961881e-01 3.04987319e-01 3.13875049e-01 3.13875049e-01 3.04987319e-01 2.87961881e-01 2.64195569e-01 2.35566648e-01 2.04255561e-01 1.72453716e-01 1.41720399e-01 1.13523839e-01 8.85341691e-02 6.73555681e-02 4.99048820e-02 3.61181009e-02 2.55681625e-02 1.76283389e-02 1.18322003e-02 7.74290991e-03 4.90278279e-03 2.99739708e-03 1.75461447e-03 9.69754264e-04 4.90254928e-04 2.12789816e-04 6.55038839e-05 4.71536916e-06 -7.74865960e-09 -7.75111025e-09 -7.75256026e-09 -7.75290537e-09 -7.75259157e-09 -7.75212611e-09 -7.75181630e-09 -7.75173326e-09 -7.75179870e-09 -7.75190062e-09 -7.75196446e-09 -7.75197312e-09 -7.75194819e-09 -7.75191938e-09 -7.75190651e-09 -7.75191067e-09 -7.75192255e-09 -7.75193171e-09 -7.75193265e-09 -7.75192732e-09 -7.75192122e-09 -7.75191883e-09 -7.75192133e-09 -7.75192621e-09 -7.75192921e-09 -7.75192810e-09 -7.75192388e-09 -7.75191944e-09 -7.75191944e-09 -7.75192416e-09 -7.75193043e-09 -7.75193332e-09 -7.75192788e-09 -7.75191639e-09 -7.75190695e-09 -7.75191061e-09 -7.75193276e-09 -7.75196296e-09 -7.75197501e-09 -7.75193970e-09 -7.75185116e-09 -7.75175468e-09 -7.75174919e-09 -7.75194253e-09 -7.75235254e-09 -7.75279629e-09 -7.75284920e-09 -7.75198650e-09 -7.74996611e-09 -7.74738151e-09 2.58114507e-05 1.25939985e-04 3.31036649e-04 6.99597502e-04 1.31521439e-03 2.30849980e-03 3.85107030e-03 6.18657537e-03 9.60573298e-03 1.44903402e-02 2.12932628e-02 3.04958837e-02 4.25169834e-02 5.81738305e-02 7.74798768e-02 1.00588978e-01 1.27250260e-01 1.56808637e-01 1.88332968e-01 2.20112935e-01 2.50356493e-01 2.76814062e-01 2.97417598e-01 3.10511935e-01 3.15004215e-01
3.15024438e-01 3.10508115e-01 2.97345950e-01 2.76641520e-01 2.50066359e-01 2.19628063e-01 1.87493548e-01 1.55820879e-01 1.26049968e-01 9.94388261e-02 7.63697127e-02 5.72105156e-02 4.17353418e-02 2.97540043e-02 2.07247499e-02 1.40591138e-02 9.27697730e-03 5.95792038e-03 3.69363328e-03 2.20489460e-03 1.25095738e-03 6.62987172e-04 3.12698911e-04 1.18602588e-04 2.42719233e-05 -7.74772163e-09 -7.74989778e-09 -7.75177372e-09 -7.75266423e-09 -7.75270392e-09 -7.75234221e-09 -7.75197356e-09 -7.75178460e-09 -7.75177478e-09 -7.75185405e-09 -7.75193293e-09 -7.75196757e-09 -7.75195952e-09 -7.75193398e-09 -7.75191417e-09 -7.75191000e-09 -7.75191772e-09 -7.75192771e-09 -7.75193254e-09 -7.75193054e-09 -7.75192488e-09 -7.75192077e-09 -7.75192094e-09 -7.75192449e-09 -7.75192832e-09 -7.75192932e-09 -7.75192666e-09 -7.75192244e-09 -7.75192027e-09 -7.75192255e-09 -7.75192777e-09 -7.75193232e-09 -7.75193126e-09 -7.75192299e-09 -7.75191306e-09 -7.75191011e-09 -7.75192238e-09 -7.75194736e-09 -7.75196751e-09 -7.75195663e-09 -7.75189768e-09 -7.75180964e-09 -7.75176201e-09 -7.75185327e-09 -7.75214182e-09 -7.75254438e-09 -7.75276432e-09 -7.75234688e-09 -7.75094128e-09 -7.74875974e-09 4.43851437e-06 6.15972091e-05 2.00577869e-04 4.63820728e-04 9.20632308e-04 1.67315027e-03 2.86855333e-03 4.71102407e-03 7.46507591e-03 1.14559639e-02 1.71215179e-02 2.49217550e-02 3.52756840e-02 4.90348623e-02 6.63220032e-02 8.74410748e-02 1.12328888e-01 1.40622318e-01 1.71459103e-01 2.03629423e-01 2.35197486e-01 2.63968178e-01 2.87843139e-01 3.04954032e-01 3.13889232e-01 3.13889232e-01 3.04954032e-01 2.87843139e-01 2.63968178e-01 2.35197486e-01 2.03629423e-01 1.71459103e-01 1.40622318e-01 1.12328888e-01 8.74410748e-02 6.63220032e-02 4.90348623e-02 3.52756840e-02 2.49217550e-02 1.71215179e-02 1.14559639e-02 7.46507591e-03 4.71102407e-03 2.86855333e-03 1.67315027e-03 9.20632308e-04 4.63820728e-04 2.00577869e-04 6.15972091e-05 4.43851437e-06 -7.74875980e-09 -7.75094106e-09 -7.75234682e-09 -7.75276426e-09 -7.75254438e-09 -7.75214198e-09 -7.75185327e-09 -7.75176201e-09 -7.75180953e-09 -7.75189757e-09 -7.75195663e-09 -7.75196757e-09 -7.75194736e-09 -7.75192227e-09 -7.75191017e-09 -7.75191300e-09 -7.75192310e-09 -7.75193121e-09 -7.75193232e-09 -7.75192771e-09 -7.75192260e-09 -7.75192038e-09 -7.75192244e-09 -7.75192666e-09 -7.75192932e-09 -7.75192838e-09 -7.75192449e-09 -7.75192083e-09 -7.75192077e-09 -7.75192499e-09 -7.75193054e-09 -7.75193254e-09 -7.75192771e-09 -7.75191772e-09 -7.75191000e-09 -7.75191417e-09 -7.75193393e-09 -7.75195957e-09 -7.75196762e-09 -7.75193293e-09 -7.75185405e-09 -7.75177478e-09 -7.75178460e-09 -7.75197356e-09 -7.75234232e-09 -7.75270392e-09 -7.75266412e-09 -7.75177356e-09 -7.74989795e-09 -7.74772169e-09 2.42719233e-05 1.18602588e-04 3.12698911e-04 6.62987172e-04 1.25095738e-03 2.20489460e-03 3.69363328e-03 5.95792038e-03 9.27697730e-03 1.40591138e-02 2.07247499e-02 2.97540043e-02 4.17353418e-02 5.72105156e-02 7.63697127e-02 9.94388261e-02 1.26049968e-01 1.55820879e-01 1.87493548e-01 2.19628063e-01 2.50066359e-01 2.76641520e-01 2.97345950e-01 3.10508115e-01 3.15024438e-01
3.14849403e-01 3.10279962e-01 2.97031281e-01 2.76222182e-01 2.49552500e-01 2.19027995e-01 1.86757514e-01 1.54796948e-01 1.24966012e-01 9.82601422e-02 7.53154253e-02 5.62421517e-02 4.09361885e-02 2.90077654e-02 2.01633518e-02 1.36300644e-02 8.95963758e-03 5.73346957e-03 3.54231289e-03 2.10462340e-03 1.18992752e-03 6.27850883e-04 2.95219214e-04 1.11629324e-04 2.28149353e-05 -7.74810260e-09 -7.74988429e-09 -7.75160092e-09 -7.75249748e-09 -7.75261300e-09 -7.75232573e-09 -7.75199749e-09 -7.75181547e-09 -7.75179354e-09 -7.75185793e-09 -7.75192777e-09 -7.75196102e-09 -7.75195652e-09 -7.75193471e-09 -7.75191700e-09 -7.75191272e-09 -7.75191911e-09 -7.75192782e-09 -7.75193187e-09 -7.75193038e-09 -7.75192560e-09 -7.75192210e-09 -7.75192205e-09 -7.75192499e-09 -7.75192832e-09 -7.75192921e-09 -7.75192710e-09 -7.75192333e-09 -7.75192172e-09 -7.75192344e-09 -7.75192815e-09 -7.75193204e-09 -7.75193082e-09 -7.75192355e-09 -7.75191483e-09 -7.75191306e-09 -7.75192460e-09 -7.75194631e-09 -7.75196218e-09 -7.75194997e-09 -7.75189590e-09 -7.75182057e-09 -7.75178799e-09 -7.75188413e-09 -7.75215037e-09 -7.75249387e-09 -7.75263220e-09 -7.75216247e-09 -7.75082148e-09 -7.74891268e-09 4.16648304e-06 5.78817944e-05 1.88983445e-04 4.38561753e-04 8.73452540e-04 1.59459193e-03 2.74458452e-03 4.52743406e-03 7.19317742e-03 1.10927616e-02 1.66317754e-02 2.42731516e-02 3.45660305e-02 4.81418423e-02 6.52695119e-02 8.63067692e-02 1.11123309e-01 1.39537769e-01 1.70610598e-01 2.02981702e-01 2.34640717e-01 2.63499871e-01 2.87471883e-01 3.04688423e-01 3.13700729e-01 3.13700729e-01 3.04688423e-01 2.87471883e-01 2.63499871e-01 2.34640717e-01 2.02981702e-01 1.70610598e-01 1.39537769e-01 1.11123309e-01 8.63067692e-02 6.52695119e-02 4.81418423e-02 3.45660305e-02 2.42731516e-02 1.66317754e-02 1.10927616e-02 7.19317742e-03 4.52743406e-03 2.74458452e-03 1.59459193e-03 8.73452540e-04 4.38561753e-04 1.88983445e-04 5.78817944e-05 4.16648304e-06 -7.74891284e-09 -7.75082154e-09 -7.75216247e-09 -7.75263226e-09 -7.75249370e-09 -7.75215048e-09 -7.75188419e-09 -7.75178816e-09 -7.75182057e-09 -7.75189590e-09 -7.75194986e-09 -7.75196229e-09 -7.75194625e-09 -7.75192455e-09 -7.75191317e-09 -7.75191500e-09 -7.75192366e-09 -7.75193065e-09 -7.75193204e-09 -7.75192815e-09 -7.75192355e-09 -7.75192166e-09 -7.75192338e-09 -7.75192710e-09 -7.75192921e-09 -7.75192838e-09 -7.75192521e-09 -7.75192222e-09 -7.75192222e-09 -7.75192560e-09 -7.75193043e-09 -7.75193199e-09 -7.75192771e-09 -7.75191911e-09 -7.75191261e-09 -7.75191700e-09 -7.75193471e-09 -7.75195641e-09 -7.75196102e-09 -7.75192777e-09 -7.75185793e-09 -7.75179354e-09 -7.75181541e-09 -7.75199765e-09 -7.75232561e-09 -7.75261300e-09 -7.75249742e-09 -7.75160086e-09 -7.74988423e-09 -7.74810249e-09 2.28149353e-05 1.11629324e-04 2.95219214e-04 6.27850883e-04 1.18992752e-03 2.10462340e-03 3.54231289e-03 5.73346957e-03 8.95963758e-03 1.36300644e-02 2.01633518e-02 2.90077654e-02 4.09361885e-02 5.62421517e-02 7.53154253e-02 9.82601422e-02 1.24966012e-01 1.54796948e-01 1.86757514e-01 2.19027995e-01 2.49552500e-01 2.76222182e-01 2.97031281e-01 3.10279962e-01 3.14849403e-01
3.14823442e-01 3.10182378e-01 2.96712434e-01 2.75695716e-01 2.48828688e-01 2.18233788e-01 1.85926856e-01 1.53872419e-01 1.23826051e-01 9.70974458e-02 7.42238408e-02 5.52599193e-02 4.01217097e-02 2.83515075e-02 1.96039841e-02 1.32096585e-02 8.65673025e-03 5.51297180e-03 3.39500181e-03 2.00875848e-03 1.13145958e-03 5.94426144e-04 2.78572811e-04 1.05042724e-04 2.14369091e-05 -7.74851050e-09 -7.74991715e-09 -7.75146503e-09 -7.75234954e-09 -7.75252568e-09 -7.75230430e-09 -7.75201547e-09 -7.75184217e-09 -7.75181119e-09 -7.75186226e-09 -7.75192377e-09 -7.75195541e-09 -7.75195336e-09 -7.75193543e-09 -7.75191961e-09 -7.75191517e-09 -7.75192033e-09 -7.75192777e-09 -7.75193165e-09 -7.75193043e-09 -7.75192643e-09 -7.75192344e-09 -7.75192310e-09 -7.75192582e-09 -7.75192854e-09 -7.75192938e-09 -7.75192743e-09 -7.75192432e-09 -7.75192288e-09 -7.75192455e-09 -7.75192860e-09 -7.75193149e-09 -7.75193054e-09 -7.75192432e-09 -7.75191700e-09 -7.75191583e-09 -7.75192627e-09 -7.75194520e-09 -7.75195774e-09 -7.75194436e-09 -7.75189518e-09 -7.75183145e-09 -7.75181153e-09 -7.75190978e-09 -7.75215275e-09 -7.75244158e-09 -7.75251030e-09 -7.75200626e-09 -7.75074577e-09 -7.74910758e-09 3.89799847e-06 5.43449070e-05 1.78005814e-04 4.14574235e-04 8.28544834e-04 1.51890821e-03 2.62581734e-03 4.34849379e-03 6.93109477e-03 1.07349492e-02 1.61502716e-02 2.36220762e-02 3.38482686e-02 4.72460085e-02 6.42639922e-02 8.51604972e-02 1.10037406e-01 1.38492901e-01 1.69755999e-01 2.02165794e-01 2.33872497e-01 2.62845058e-01 2.87063325e-01 3.04479380e-01 3.13656667e-01 3.13656667e-01 3.04479380e-01 2.87063325e-01 2.62845058e-01 2.33872497e-01 2.02165794e-01 1.69755999e-01 1.38492901e-01 1.10037406e-01 8.51604972e-02 6.42639922e-02 4.72460085e-02 3.38482686e-02 2.36220762e-02 1.61502716e-02 1.07349492e-02 6.93109477e-03 4.34849379e-03 2.62581734e-03 1.51890821e-03 8.28544834e-04 4.14574235e-04 1.78005814e-04 5.43449070e-05 3.89799847e-06 -7.74910741e-09 -7.75074588e-09 -7.75200626e-09 -7.75251036e-09 -7.75244158e-09 -7.75215281e-09 -7.75190984e-09 -7.75181153e-09 -7.75183140e-09 -7.75189524e-09 -7.75194425e-09 -7.75195774e-09 -7.75194514e-09 -7.75192616e-09 -7.75191566e-09 -7.75191700e-09 -7.75192427e-09 -7.75193032e-09 -7.75193149e-09 -7.75192843e-09 -7.75192449e-09 -7.75192288e-09 -7.75192421e-09 -7.75192743e-09 -7.75192943e-09 -7.75192843e-09 -7.75192582e-09 -7.75192333e-09 -7.75192344e-09 -7.75192638e-09 -7.75193032e-09 -7.75193176e-09 -7.75192766e-09 -7.75192044e-09 -7.75191511e-09 -7.75191961e-09 -7.75193532e-09 -7.75195330e-09 -7.75195541e-09 -7.75192371e-09 -7.75186226e-09 -7.75181119e-09 -7.75184211e-09 -7.75201547e-09 -7.75230441e-09 -7.75252568e-09 -7.75234943e-09 -7.75146514e-09 -7.74991710e-09 -7.74851050e-09 2.14369091e-05 1.05042724e-04 2.78572811e-04 5.94426144e-04 1.13145958e-03 2.00875848e-03 3.39500181e-03 5.51297180e-03 8.65673025e-03 1.32096585e-02 1.96039841e-02 2.83515075e-02 4.01217097e-02 5.52599193e-02 7.42238408e-02 9.70974458e-02 1.23826051e-01 1.53872419e-01 1.85926856e-01 2.18233788e-01 2.48828688e-01 2.75695716e-01 2.96712434e-01 3.10182378e-01 3.14823442e-01
3.14913789e-01 3.10243297e-01 2.96649196e-01 2.75318087e-01 2.48093773e-01 2.17271634e-01 1.84932460e-01 1.52899335e-01 1.22793119e-01 9.60030322e-02 7.31272569e-02 5.43203833e-02 3.93065537e-02 2.77124587e-02 1.90441680e-02 1.28006524e-02 8.36096567e-03 5.29866429e-03 3.25421127e-03 1.91693160e-03 1.07538246e-03 5.62577216e-04 2.62773287e-04 9.87735908e-05 2.01162454e-05 -7.74893222e-09 -7.74998804e-09 -7.75136266e-09 -7.75221970e-09 -7.75244230e-09 -7.75227932e-09 -7.75202796e-09 -7.75186493e-09 -7.75182718e-09 -7.75186698e-09 -7.75192083e-09 -7.75195041e-09 -7.75195058e-09 -7.75193537e-09 -7.75192149e-09 -7.75191716e-09 -7.75192122e-09 -7.75192766e-09 -7.75193110e-09 -7.75193038e-09 -7.75192677e-09 -7.75192410e-09 -7.75192388e-09 -7.75192632e-09 -7.75192865e-09 -7.75192915e-09 -7.75192754e-09 -7.75192488e-09 -7.75192366e-09 -7.75192521e-09 -7.75192865e-09 -7.75193126e-09 -7.75192993e-09 -7.75192455e-09 -7.75191844e-09 -7.75191800e-09 -7.75192766e-09 -7.75194381e-09 -7.75195352e-09 -7.75193970e-09 -7.75189540e-09 -7.75184150e-09 -7.75183218e-09 -7.75193015e-09 -7.75215009e-09 -7.75238895e-09 -7.75239895e-09 -7.75187609e-09 -7.75070808e-09 -7.74933318e-09 3.64034877e-06 5.09999380e-05 1.67590115e-04 3.91659745e-04 7.85695139e-04 1.44584181e-03 2.51131835e-03 4.17325684e-03 6.67870679e-03 1.03798090e-02 1.56735005e-02 2.30199250e-02 3.31176501e-02 4.63391987e-02 6.32302361e-02 8.40465573e-02 1.08907991e-01 1.37514868e-01 1.68770118e-01 2.01174205e-01 2.33008199e-01 2.62287847e-01 2.86852097e-01 3.04503228e-01 3.13739590e-01 3.13739590e-01 3.04503228e-01 2.86852097e-01 2.62287847e-01 2.33008199e-01 2.01174205e-01 1.68770118e-01 1.37514868e-01 1.08907991e-01 8.40465573e-02 6.32302361e-02 4.63391987e-02 3.31176501e-02 2.30199250e-02 1.56735005e-02 1.03798090e-02 6.67870679e-03 4.17325684e-03 2.51131835e-03 1.44584181e-03 7.85695139e-04 3.91659745e-04 1.67590115e-04 5.09999380e-05 3.64034877e-06 -7.74933323e-09 -7.75070808e-09 -7.75187609e-09 -7.75239895e-09 -7.75238890e-09 -7.75215009e-09 -7.75193015e-09 -7.75183234e-09 -7.75184150e-09 -7.75189540e-09 -7.75193965e-09 -7.75195352e-09 -7.75194381e-09 -7.75192754e-09 -7.75191800e-09 -7.75191844e-09 -7.75192455e-09 -7.75192993e-09 -7.75193126e-09 -7.75192865e-09 -7.75192521e-09 -7.75192371e-09 -7.75192482e-09 -7.75192754e-09 -7.75192910e-09 -7.75192871e-09 -7.75192632e-09 -7.75192388e-09 -7.75192410e-09 -7.75192688e-09 -7.75193010e-09 -7.75193110e-09 -7.75192754e-09 -7.75192122e-09 -7.75191700e-09 -7.75192149e-09 -7.75193537e-09 -7.75195058e-09 -7.75195041e-09 -7.75192077e-09 -7.75186698e-09 -7.75182718e-09 -7.75186493e-09 -7.75202791e-09 -7.75227949e-09 -7.75244230e-09 -7.75221964e-09 -7.75136261e-09 -7.74998804e-09 -7.74893227e-09 2.01162454e-05 9.87735908e-05 2.62773287e-04 5.62577216e-04 1.07538246e-03 1.91693160e-03 3.25421127e-03 5.29866429e-03 8.36096567e-03 1.28006524e-02 1.90441680e-02 2.77124587e-02 3.93065537e-02 5.43203833e-02 7.31272569e-02 9.60030322e-02 1.22793119e-01 1.52899335e-01 1.84932460e-01 2.17271634e-01 2.48093773e-01 2.75318087e-01 2.96649196e-01 3.10243297e-01 3.14913789e-01
3.15022077e-01 3.10260468e-01 2.96407583e-01 2.74962651e-01 2.47549429e-01 2.16316772e-01 1.83798109e-01 1.51797646e-01 1.21760416e-01 9.48958762e-02 7.20674800e-02 5.33597484e-02 3.84858826e-02 2.70654139e-02 1.85006892e-02 1.23998826e-02 8.06915926e-03 5.09335369e-03 3.11705995e-03 1.82921865e-03 1.02156778e-03 5.32371377e-04 2.47682514e-04 9.27732651e-05 1.88408088e-05 -7.74935760e-09 -7.75008985e-09 -7.75129055e-09 -7.75210762e-09 -7.75236464e-09 -7.75225273e-09 -7.75203568e-09 -7.75188447e-09 -7.75184184e-09 -7.75187209e-09 -7.75191872e-09 -7.75194642e-09 -7.75194814e-09 -7.75193565e-09 -7.75192338e-09 -7.75191900e-09 -7.75192222e-09 -7.75192766e-09 -7.75193115e-09 -7.75193043e-09 -7.75192743e-09 -7.75192499e-09 -7.75192510e-09 -7.75192688e-09 -7.75192871e-09 -7.75192943e-09 -7.75192788e-09 -7.75192577e-09 -7.75192471e-09 -7.75192610e-09 -7.75192910e-09 -7.75193104e-09 -7.75192971e-09 -7.75192505e-09 -7.75191999e-09 -7.75192011e-09 -7.75192871e-09 -7.75194259e-09 -7.75194992e-09 -7.75193598e-09 -7.75189624e-09 -7.75185166e-09 -7.75185088e-09 -7.75194653e-09 -7.75214348e-09 -7.75233727e-09 -7.75229891e-09 -7.75177061e-09 -7.75070347e-09 -7.74958075e-09 3.40607401e-06 4.78235139e-05 1.57682381e-04 3.69846284e-04 7.44877524e-04 1.37620028e-03 2.40059138e-03 4.00205425e-03 6.43674791e-03 1.00382358e-02 1.51992042e-02 2.24598857e-02 3.23850806e-02 4.54724763e-02 6.21979836e-02 8.29701142e-02 1.07859947e-01 1.36450842e-01 1.67636999e-01 2.00119417e-01 2.32267630e-01 2.61873150e-01 2.86550764e-01 3.04410343e-01 3.13824847e-01 3.13824847e-01 3.04410343e-01 2.86550764e-01 2.61873150e-01 2.32267630e-01 2.00119417e-01 1.67636999e-01 1.36450842e-01 1.07859947e-01 8.29701142e-02 6.21979836e-02 4.54724763e-02 3.23850806e-02 2.24598857e-02 1.51992042e-02 1.00382358e-02 6.43674791e-03 4.00205425e-03 2.40059138e-03 1.37620028e-03 7.44877524e-04 3.69846284e-04 1.57682381e-04 4.78235139e-05 3.40607401e-06 -7.74958064e-09 -7.75070325e-09 -7.75177078e-09 -7.75229902e-09 -7.75233727e-09 -7.75214348e-09 -7.75194647e-09 -7.75185088e-09 -7.75185155e-09 -7.75189624e-09 -7.75193582e-09 -7.75194986e-09 -7.75194264e-09 -7.75192882e-09 -7.75191999e-09 -7.75191999e-09 -7.75192510e-09 -7.75192965e-09 -7.75193104e-09 -7.75192910e-09 -7.75192599e-09 -7.75192460e-09 -7.75192582e-09 -7.75192788e-09 -7.75192932e-09 -7.75192871e-09 -7.75192693e-09 -7.75192516e-09 -7.75192505e-09 -7.75192727e-09 -7.75193043e-09 -7.75193104e-09 -7.75192766e-09 -7.75192222e-09 -7.75191916e-09 -7.75192338e-09 -7.75193559e-09 -7.75194808e-09 -7.75194636e-09 -7.75191877e-09 -7.75187209e-09 -7.75184195e-09 -7.75188447e-09 -7.75203585e-09 -7.75225256e-09 -7.75236464e-09 -7.75210773e-09 -7.75129044e-09 -7.75008985e-09 -7.74935760e-09 1.88408088e-05 9.27732651e-05 2.47682514e-04 5.32371377e-04 1.02156778e-03 1.82921865e-03 3.11705995e-03 5.09335369e-03 8.06915926e-03 1.23998826e-02 1.85006892e-02 2.70654139e-02 3.84858826e-02 5.33597484e-02 7.20674800e-02 9.48958762e-02 1.21760416e-01 1.51797646e-01 1.83798109e-01 2.16316772e-01 2.47549429e-01 2.74962651e-01 2.96407583e-01 3.10260468e-01 3.15022077e-01
3.15292640e-01 3.10500988e-01 2.96562052e-01 2.74722325e-01 2.46886683e-01 2.15559171e-01 1.82672973e-01 1.50574091e-01 1.20639910e-01 9.38537162e-02 7.10300085e-02 5.24010903e-02 3.76974893e-02 2.64160868e-02 1.80181993e-02 1.20027667e-02 7.78414864e-03 4.89677655e-03 2.98324911e-03 1.74466987e-03 9.69815195e-04 5.03426562e-04 2.33283385e-04 8.70742561e-05 1.76274884e-05 -7.74977682e-09 -7.75021514e-09 -7.75124454e-09 -7.75201270e-09 -7.75229275e-09 -7.75222420e-09 -7.75203984e-09 -7.75190040e-09 -7.75185516e-09 -7.75187697e-09 -7.75191711e-09 -7.75194253e-09 -7.75194564e-09 -7.75193520e-09 -7.75192466e-09 -7.75192066e-09 -7.75192299e-09 -7.75192771e-09 -7.75193054e-09 -7.75193010e-09 -7.75192777e-09 -7.75192566e-09 -7.75192543e-09 -7.75192710e-09 -7.75192877e-09 -7.75192904e-09 -7.75192793e-09 -7.75192610e-09 -7.75192521e-09 -7.75192649e-09 -7.75192910e-09 -7.75193071e-09 -7.75192965e-09 -7.75192549e-09 -7.75192116e-09 -7.75192160e-09 -7.75192932e-09 -7.75194137e-09 -7.75194658e-09 -7.75193287e-09 -7.75189757e-09 -7.75186065e-09 -7.75186670e-09 -7.75195907e-09 -7.75213371e-09 -7.75228698e-09 -7.75220982e-09 -7.75168751e-09 -7.75072595e-09 -7.74984110e-09 3.17921081e-06 4.48266047e-05 1.48290884e-04 3.49152055e-04 7.05966619e-04 1.30975095e-03 2.29478571e-03 3.83688401e-03 6.20057053e-03 9.70397099e-03 1.47283893e-02 2.18965768e-02 3.16545283e-02 4.45918733e-02 6.12018495e-02 8.19023271e-02 1.06799165e-01 1.35271386e-01 1.66434688e-01 1.99175855e-01 2.31557818e-01 2.61402943e-01 2.86524679e-01 3.04614691e-01 3.14087677e-01 3.14087677e-01 3.04614691e-01 2.86524679e-01 2.61402943e-01 2.31557818e-01 1.99175855e-01 1.66434688e-01 1.35271386e-01 1.06799165e-01 8.19023271e-02 6.12018495e-02 4.45918733e-02 3.16545283e-02 2.18965768e-02 1.47283893e-02 9.70397099e-03 6.20057053e-03 3.83688401e-03 2.29478571e-03 1.30975095e-03 7.05966619e-04 3.49152055e-04 1.48290884e-04 4.48266047e-05 3.17921081e-06 -7.74984099e-09 -7.75072589e-09 -7.75168751e-09 -7.75220993e-09 -7.75228698e-09 -7.75213377e-09 -7.75195902e-09 -7.75186665e-09 -7.75186065e-09 -7.75189735e-09 -7.75193276e-09 -7.75194658e-09 -7.75194120e-09 -7.75192938e-09 -7.75192166e-09 -7.75192116e-09 -7.75192549e-09 -7.75192965e-09 -7.75193065e-09 -7.75192899e-09 -7.75192643e-09 -7.75192521e-09 -7.75192610e-09 -7.75192793e-09 -7.75192921e-09 -7.75192877e-09 -7.75192704e-09 -7.75192543e-09 -7.75192566e-09 -7.75192777e-09 -7.75193004e-09 -7.75193060e-09 -7.75192777e-09 -7.75192294e-09 -7.75192049e-09 -7.75192466e-09 -7.75193520e-09 -7.75194553e-09 -7.75194253e-09 -7.75191711e-09 -7.75187697e-09 -7.75185527e-09 -7.75190034e-09 -7.75203979e-09 -7.75222408e-09 -7.75229275e-09 -7.75201253e-09 -7.75124442e-09 -7.75021491e-09 -7.74977682e-09 1.76274884e-05 8.70742561e-05 2.33283385e-04 5.03426562e-04 9.69815195e-04 1.74466987e-03 2.98324911e-03 4.89677655e-03 7.78414864e-03 1.20027667e-02 1.80181993e-02 2.64160868e-02 3.76974893e-02 5.24010903e-02 7.10300085e-02 9.38537162e-02 1.20639910e-01 1.50574091e-01 1.82672973e-01 2.15559171e-01 2.46886683e-01 2.74722325e-01 2.96562052e-01 3.10500988e-01 3.15292640e-01
3.15578399e-01 3.10730252e-01 2.96631234e-01 2.74551154e-01 2.46510328e-01 2.14677294e-01 1.81710682e-01 1.49343898e-01 1.19420475e-01 9.27881060e-02 7.00098845e-02 5.14732343e-02 3.69050864e-02 2.57735684e-02 1.75349013e-02 1.16090426e-02 7.50888358e-03 4.70709366e-03 2.85326214e-03 1.66313896e-03 9.20484555e-04 4.75848645e-04 2.19666375e-04 8.17009489e-05 1.64874994e-05 -7.75018205e-09 -7.75035758e-09 -7.75122161e-09 -7.75193343e-09 -7.75222697e-09 -7.75219550e-09 -7.75204073e-09 -7.75191378e-09 -7.75186726e-09 -7.75188186e-09 -7.75191650e-09 -7.75193953e-09 -7.75194342e-09 -7.75193509e-09 -7.75192582e-09 -7.75192199e-09 -7.75192388e-09 -7.75192799e-09 -7.75193043e-09 -7.75192999e-09 -7.75192793e-09 -7.75192616e-09 -7.75192632e-09 -7.75192743e-09 -7.75192893e-09 -7.75192915e-09 -7.75192810e-09 -7.75192677e-09 -7.75192610e-09 -7.75192704e-09 -7.75192910e-09 -7.75193060e-09 -7.75192938e-09 -7.75192571e-09 -7.75192227e-09 -7.75192294e-09 -7.75192999e-09 -7.75194003e-09 -7.75194375e-09 -7.75193049e-09 -7.75189907e-09 -7.75186954e-09 -7.75188058e-09 -7.75196829e-09 -7.75212183e-09 -7.75223941e-09 -7.75213194e-09 -7.75162479e-09 -7.75077097e-09 -7.75010733e-09 2.96930522e-06 4.20046767e-05 1.39367015e-04 3.29578686e-04 6.68757780e-04 1.24650642e-03 2.19205187e-03 3.67872053e-03 5.96812305e-03 9.37536678e-03 1.43041289e-02 2.13322458e-02 3.09425631e-02 4.37156286e-02 6.02237976e-02 8.08859868e-02 1.05656311e-01 1.34003247e-01 1.65317513e-01 1.98236035e-01 2.30926109e-01 2.61135193e-01 2.86478644e-01 3.04776001e-01 3.14359249e-01 3.14359249e-01 3.04776001e-01 2.86478644e-01 2.61135193e-01 2.30926109e-01 1.98236035e-01 1.65317513e-01 1.34003247e-01 1.05656311e-01 8.08859868e-02 6.02237976e-02 4.37156286e-02 3.09425631e-02 2.13322458e-02 1.43041289e-02 9.37536678e-03 5.96812305e-03 3.67872053e-03 2.19205187e-03 1.24650642e-03 6.68757780e-04 3.29578686e-04 1.39367015e-04 4.20046767e-05 2.96930522e-06 -7.75010711e-09 -7.75077102e-09 -7.75162484e-09 -7.75213188e-09 -7.75223929e-09 -7.75212194e-09 -7.75196829e-09 -7.75188053e-09 -7.75186954e-09 -7.75189907e-09 -7.75193049e-09 -7.75194386e-09 -7.75194009e-09 -7.75192999e-09 -7.75192299e-09 -7.75192233e-09 -7.75192549e-09 -7.75192949e-09 -7.75193054e-09 -7.75192921e-09 -7.75192710e-09 -7.75192605e-09 -7.75192671e-09 -7.75192810e-09 -7.75192932e-09 -7.75192877e-09 -7.75192732e-09 -7.75192621e-09 -7.75192616e-09 -7.75192799e-09 -7.75193010e-09 -7.75193032e-09 -7.75192799e-09 -7.75192388e-09 -7.75192199e-09 -7.75192582e-09 -7.75193509e-09 -7.75194342e-09 -7.75193953e-09 -7.75191650e-09 -7.75188186e-09 -7.75186726e-09 -7.75191378e-09 -7.75204073e-09 -7.75219544e-09 -7.75222697e-09 -7.75193337e-09 -7.75122155e-09 -7.75035769e-09 -7.75018216e-09 1.64874994e-05 8.17009489e-05 2.19666375e-04 4.75848645e-04 9.20484555e-04 1.66313896e-03 2.85326214e-03 4.70709366e-03 7.50888358e-03 1.16090426e-02 1.75349013e-02 2.57735684e-02 3.69050864e-02 5.14732343e-02 7.00098845e-02 9.27881060e-02 1.19420475e-01 1.49343898e-01 1.81710682e-01 2.14677294e-01 2.46510328e-01 2.74551154e-01 2.96631234e-01 3.10730252e-01 3.15578399e-01
3.15602166e-01 3.10719840e-01 2.96549716e-01 2.74360325e-01 2.46082537e-01 2.14049835e-01 1.80639676e-01 1.48220213e-01 1.18152355e-01 9.16530565e-02 6.90341870e-02 5.05654759e-02 3.61148724e-02 2.51407462e-02 1.70506699e-02 1.12333843e-02 7.24030527e-03 4.52228755e-03 2.72846960e-03 1.58547383e-03 8.73503018e-04 4.49603476e-04 2.06817560e-04 7.66421184e-05 1.54099598e-05 -7.75056713e-09 -7.75051184e-09 -7.75121828e-09 -7.75186892e-09 -7.75216802e-09 -7.75216696e-09 -7.75203923e-09 -7.75192466e-09 -7.75187792e-09 -7.75188697e-09 -7.75191600e-09 -7.75193720e-09 -7.75194181e-09 -7.75193493e-09 -7.75192682e-09 -7.75192305e-09 -7.75192455e-09 -7.75192793e-09 -7.75193032e-09 -7.75192993e-09 -7.75192838e-09 -7.75192688e-09 -7.75192660e-09 -7.75192777e-09 -7.75192882e-09 -7.75192943e-09 -7.75192838e-09 -7.75192732e-09 -7.75192655e-09 -7.75192743e-09 -7.75192927e-09 -7.75193049e-09 -7.75192932e-09 -7.75192632e-09 -7.75192344e-09 -7.75192427e-09 -7.75193054e-09 -7.75193898e-09 -7.75194137e-09 -7.75192865e-09 -7.75190118e-09 -7.75187753e-09 -7.75189252e-09 -7.75197473e-09 -7.75210846e-09 -7.75219466e-09 -7.75206449e-09 -7.75158004e-09 -7.75083392e-09 -7.75037229e-09 2.78234599e-06 3.93664180e-05 1.30989699e-04 3.10869996e-04 6.33122871e-04 1.18564169e-03 2.09221155e-03 3.52821824e-03 5.74388503e-03 9.05070797e-03 1.38938332e-02 2.07749629e-02 3.02385321e-02 4.28630398e-02 5.92641897e-02 7.98418497e-02 1.04433485e-01 1.32766482e-01 1.64236700e-01 1.97390744e-01 2.30363675e-01 2.60844451e-01 2.86350903e-01 3.04734210e-01 3.14374378e-01 3.14374378e-01 3.04734210e-01 2.86350903e-01 2.60844451e-01 2.30363675e-01 1.97390744e-01 1.64236700e-01 1.32766482e-01 1.04433485e-01 7.98418497e-02 5.92641897e-02 4.28630398e-02 3.02385321e-02 2.07749629e-02 1.38938332e-02 9.05070797e-03 5.74388503e-03 3.52821824e-03 2.09221155e-03 1.18564169e-03 6.33122871e-04 3.10869996e-04 1.30989699e-04 3.93664180e-05 2.78234599e-06 -7.75037251e-09 -7.75083403e-09 -7.75158004e-09 -7.75206466e-09 -7.75219472e-09 -7.75210840e-09 -7.75197490e-09 -7.75189246e-09 -7.75187758e-09 -7.75190118e-09 -7.75192865e-09 -7.75194142e-09 -7.75193904e-09 -7.75193054e-09 -7.75192427e-09 -7.75192333e-09 -7.75192621e-09 -7.75192932e-09 -7.75193054e-09 -7.75192927e-09 -7.75192738e-09 -7.75192666e-09 -7.75192732e-09 -7.75192838e-09 -7.75192943e-09 -7.75192882e-09 -7.75192771e-09 -7.75192671e-09 -7.75192688e-09 -7.75192843e-09 -7.75192988e-09 -7.75193021e-09 -7.75192793e-09 -7.75192444e-09 -7.75192316e-09 -7.75192682e-09 -7.75193493e-09 -7.75194176e-09 -7.75193731e-09 -7.75191600e-09 -7.75188697e-09 -7.75187786e-09 -7.75192466e-09 -7.75203923e-09 -7.75216702e-09 -7.75216802e-09 -7.75186904e-09 -7.75121833e-09 -7.75051195e-09 -7.75056719e-09 1.54099598e-05 7.66421184e-05 2.06817560e-04 4.49603476e-04 8.73503018e-04 1.58547383e-03 2.72846960e-03 4.52228755e-03 7.24030527e-03 1.12333843e-02 1.70506699e-02 2.51407462e-02 3.61148724e-02 5.05654759e-02 6.90341870e-02 9.16530565e-02 1.18152355e-01 1.48220213e-01 1.80639676e-01 2.14049835e-01 2.46082537e-01 2.74360325e-01 2.96549716e-01 3.10719840e-01 3.15602166e-01
3.15672322e-01 3.10713613e-01 2.96302985e-01 2.73956109e-01 2.45555926e-01 2.13369138e-01 1.79794020e-01 1.47048437e-01 1.16944806e-01 9.04525299e-02 6.80339936e-02 4.96729057e-02 3.53397681e-02 2.45251017e-02 1.65715319e-02 1.08894553e-02 6.97651578e-03 4.34114671e-03 2.60912852e-03 1.51033585e-03 8.28953498e-04 4.24631029e-04 1.94626905e-04 7.18423060e-05 1.43935673e-05 -7.75092690e-09 -7.75067227e-09 -7.75123093e-09 -7.75181791e-09 -7.75211539e-09 -7.75213937e-09 -7.75203574e-09 -7.75193321e-09 -7.75188702e-09 -7.75189130e-09 -7.75191594e-09 -7.75193498e-09 -7.75193970e-09 -7.75193454e-09 -7.75192749e-09 -7.75192399e-09 -7.75192521e-09 -7.75192793e-09 -7.75193010e-09 -7.75192976e-09 -7.75192849e-09 -7.75192716e-09 -7.75192704e-09 -7.75192799e-09 -7.75192899e-09 -7.75192932e-09 -7.75192843e-09 -7.75192727e-09 -7.75192699e-09 -7.75192777e-09 -7.75192910e-09 -7.75193026e-09 -7.75192910e-09 -7.75192655e-09 -7.75192410e-09 -7.75192510e-09 -7.75193082e-09 -7.75193781e-09 -7.75193915e-09 -7.75192716e-09 -7.75190323e-09 -7.75188469e-09 -7.75190256e-09 -7.75197900e-09 -7.75209380e-09 -7.75215314e-09 -7.75200704e-09 -7.75155096e-09 -7.75091030e-09 -7.75063108e-09 2.60518172e-06 3.68660446e-05 1.23055783e-04 2.92959178e-04 5.99118450e-04 1.12703780e-03 1.99567342e-03 3.38279993e-03 5.52671839e-03 8.73067650e-03 1.34843874e-02 2.02209179e-02 2.95348129e-02 4.20366845e-02 5.83432448e-02 7.87409047e-02 1.03193750e-01 1.31631657e-01 1.63193415e-01 1.96586511e-01 2.29792412e-01 2.60365975e-01 2.86014142e-01 3.04625141e-01 3.14425235e-01 3.14425235e-01 3.04625141e-01 2.86014142e-01 2.60365975e-01 2.29792412e-01 1.96586511e-01 1.63193415e-01 1.31631657e-01 1.03193750e-01 7.87409047e-02 5.83432448e-02 4.20366845e-02 2.95348129e-02 2.02209179e-02 1.34843874e-02 8.73067650e-03 5.52671839e-03 3.38279993e-03 1.99567342e-03 1.12703780e-03 5.99118450e-04 2.92959178e-04 1.23055783e-04 3.68660446e-05 2.60518172e-06 -7.75063108e-09 -7.75091036e-09 -7.75155085e-09 -7.75200709e-09 -7.75215309e-09 -7.75209374e-09 -7.75197895e-09 -7.75190245e-09 -7.75188475e-09 -7.75190312e-09 -7.75192710e-09 -7.75193909e-09 -7.75193787e-09 -7.75193076e-09 -7.75192516e-09 -7.75192405e-09 -7.75192660e-09 -7.75192910e-09 -7.75193026e-09 -7.75192921e-09 -7.75192766e-09 -7.75192704e-09 -7.75192727e-09 -7.75192843e-09 -7.75192932e-09 -7.75192910e-09 -7.75192799e-09 -7.75192699e-09 -7.75192716e-09 -7.75192849e-09 -7.75192988e-09 -7.75193010e-09 -7.75192793e-09 -7.75192521e-09 -7.75192399e-09 -7.75192749e-09 -7.75193443e-09 -7.75193965e-09 -7.75193520e-09 -7.75191594e-09 -7.75189130e-09 -7.75188713e-09 -7.75193310e-09 -7.75203568e-09 -7.75213915e-09 -7.75211539e-09 -7.75181785e-09 -7.75123093e-09 -7.75067210e-09 -7.75092696e-09 1.43935673e-05 7.18423060e-05 1.94626905e-04 4.24631029e-04 8.28953498e-04 1.51033585e-03 2.60912852e-03 4.34114671e-03 6.97651578e-03 1.08894553e-02 1.65715319e-02 2.45251017e-02 3.53397681e-02 4.96729057e-02 6.80339936e-02 9.04525299e-02 1.16944806e-01 1.47048437e-01 1.79794020e-01 2.13369138e-01 2.45555926e-01 2.73956109e-01 2.96302985e-01 3.10713613e-01 3.15672322e-01
3.15807228e-01 3.10817621e-01 2.96320047e-01 2.73651048e-01 2.44860429e-01 2.12571568e-01 1.78896509e-01 1.46019639e-01 1.15777934e-01 8.92561641e-02 6.69874210e-02 4.88165352e-02 3.45984840e-02 2.39089638e-02 1.60975998e-02 1.05482447e-02 6.71706889e-03 4.16771137e-03 2.49605066e-03 1.43761105e-03 7.86346457e-04 4.00825678e-04 1.83078730e-04 6.73177989e-05 1.34626290e-05 -7.75125791e-09 -7.75083453e-09 -7.75125708e-09 -7.75177889e-09 -7.75206915e-09 -7.75211273e-09 -7.75203080e-09 -7.75193981e-09 -7.75189513e-09 -7.75189601e-09 -7.75191633e-09 -7.75193337e-09 -7.75193826e-09 -7.75193415e-09 -7.75192799e-09 -7.75192510e-09 -7.75192577e-09 -7.75192827e-09 -7.75192999e-09 -7.75192982e-09 -7.75192865e-09 -7.75192749e-09 -7.75192754e-09 -7.75192821e-09 -7.75192921e-09 -7.75192921e-09 -7.75192871e-09 -7.75192782e-09 -7.75192738e-09 -7.75192804e-09 -7.75192921e-09 -7.75193015e-09 -7.75192921e-09 -7.75192693e-09 -7.75192482e-09 -7.75192593e-09 -7.75193087e-09 -7.75193698e-09 -7.75193754e-09 -7.75192621e-09 -7.75190540e-09 -7.75189146e-09 -7.75191078e-09 -7.75198139e-09 -7.75207892e-09 -7.75211528e-09 -7.75195902e-09 -7.75153558e-09 -7.75099629e-09 -7.75087960e-09 2.43475766e-06 3.45113171e-05 1.15543019e-04 2.76003444e-04 5.66976158e-04 1.07134883e-03 1.90328597e-03 3.24101407e-03 5.31507515e-03 8.43936496e-03 1.30780107e-02 1.96883649e-02 2.88390303e-02 4.12192249e-02 5.74025599e-02 7.75903932e-02 1.02017817e-01 1.30441866e-01 1.62212147e-01 1.95767826e-01 2.29033589e-01 2.59865346e-01 2.85894320e-01 3.04692326e-01 3.14552186e-01 3.14552186e-01 3.04692326e-01 2.85894320e-01 2.59865346e-01 2.29033589e-01 1.95767826e-01 1.62212147e-01 1.30441866e-01 1.02017817e-01 7.75903932e-02 5.74025599e-02 4.12192249e-02 2.88390303e-02 1.96883649e-02 1.30780107e-02 8.43936496e-03 5.31507515e-03 3.24101407e-03 1.90328597e-03 1.07134883e-03 5.66976158e-04 2.76003444e-04 1.15543019e-04 3.45113171e-05 2.43475766e-06 -7.75087944e-09 -7.75099634e-09 -7.75153564e-09 -7.75195907e-09 -7.75211539e-09 -7.75207887e-09 -7.75198128e-09 -7.75191078e-09 -7.75189152e-09 -7.75190551e-09 -7.75192621e-09 -7.75193743e-09 -7.75193693e-09 -7.75193104e-09 -7.75192599e-09 -7.75192505e-09 -7.75192693e-09 -7.75192921e-09 -7.75193026e-09 -7.75192921e-09 -7.75192804e-09 -7.75192727e-09 -7.75192766e-09 -7.75192871e-09 -7.75192921e-09 -7.75192904e-09 -7.75192827e-09 -7.75192732e-09 -7.75192749e-09 -7.75192871e-09 -7.75192982e-09 -7.75192999e-09 -7.75192810e-09 -7.75192566e-09 -7.75192510e-09 -7.75192799e-09 -7.75193415e-09 -7.75193826e-09 -7.75193337e-09 -7.75191622e-09 -7.75189601e-09 -7.75189529e-09 -7.75193976e-09 -7.75203080e-09 -7.75211267e-09 -7.75206915e-09 -7.75177889e-09 -7.75125714e-09 -7.75083453e-09 -7.75125780e-09 1.34626290e-05 6.73177989e-05 1.83078730e-04 4.00825678e-04 7.86346457e-04 1.43761105e-03 2.49605066e-03 4.16771137e-03 6.71706889e-03 1.05482447e-02 1.60975998e-02 2.39089638e-02 3.45984840e-02 4.88165352e-02 6.69874210e-02 8.92561641e-02 1.15777934e-01 1.46019639e-01 1.78896509e-01 2.12571568e-01 2.44860429e-01 2.73651048e-01 2.96320047e-01 3.10817621e-01 3.15807228e-01
3.15885958e-01 3.10840418e-01 2.96185724e-01 2.73328561e-01 2.44381950e-01 2.11665532e-01 1.77909697e-01 1.44981081e-01 1.14625380e-01 8.81245748e-02 6.59031012e-02 4.79494712e-02 3.38583261e-02 2.33022220e-02 1.56386261e-02 1.02100895e-02 6.46637182e-03 3.99970697e-03 2.38664133e-03 1.36752815e-03 7.45343403e-04 3.78200643e-04 1.72112890e-04 6.30626655e-05 1.25951915e-05 -7.75155751e-09 -7.75099507e-09 -7.75129322e-09 -7.75175046e-09 -7.75202902e-09 -7.75208786e-09 -7.75202447e-09 -7.75194486e-09 -7.75190245e-09 -7.75190001e-09 -7.75191678e-09 -7.75193193e-09 -7.75193693e-09 -7.75193376e-09 -7.75192860e-09 -7.75192566e-09 -7.75192621e-09 -7.75192821e-09 -7.75192999e-09 -7.75192971e-09 -7.75192888e-09 -7.75192788e-09 -7.75192777e-09 -7.75192827e-09 -7.75192910e-09 -7.75192943e-09 -7.75192893e-09 -7.75192793e-09 -7.75192760e-09 -7.75192832e-09 -7.75192932e-09 -7.75192999e-09 -7.75192921e-09 -7.75192710e-09 -7.75192566e-09 -7.75192671e-09 -7.75193110e-09 -7.75193593e-09 -7.75193576e-09 -7.75192549e-09 -7.75190756e-09 -7.75189724e-09 -7.75191789e-09 -7.75198211e-09 -7.75206394e-09 -7.75208109e-09 -7.75191977e-09 -7.75153175e-09 -7.75108855e-09 -7.75111331e-09 2.27744686e-06 3.22969037e-05 1.08414884e-04 2.59871502e-04 5.36482856e-04 1.01773454e-03 1.81516587e-03 3.10312926e-03 5.10757194e-03 8.15951439e-03 1.26796827e-02 1.91569648e-02 2.81839593e-02 4.04357179e-02 5.64268958e-02 7.64485620e-02 1.00847886e-01 1.29393507e-01 1.61238060e-01 1.94798268e-01 2.28337264e-01 2.59482886e-01 2.85651939e-01 3.04647711e-01 3.14616863e-01 3.14616863e-01 3.04647711e-01 2.85651939e-01 2.59482886e-01 2.28337264e-01 1.94798268e-01 1.61238060e-01 1.29393507e-01 1.00847886e-01 7.64485620e-02 5.64268958e-02 4.04357179e-02 2.81839593e-02 1.91569648e-02 1.26796827e-02 8.15951439e-03 5.10757194e-03 3.10312926e-03 1.81516587e-03 1.01773454e-03 5.36482856e-04 2.59871502e-04 1.08414884e-04 3.22969037e-05 2.27744686e-06 -7.75111336e-09 -7.75108855e-09 -7.75153175e-09 -7.75191977e-09 -7.75208114e-09 -7.75206410e-09 -7.75198211e-09 -7.75191777e-09 -7.75189740e-09 -7.75190739e-09 -7.75192538e-09 -7.75193587e-09 -7.75193587e-09 -7.75193110e-09 -7.75192666e-09 -7.75192571e-09 -7.75192704e-09 -7.75192938e-09 -7.75193004e-09 -7.75192932e-09 -7.75192827e-09 -7.75192760e-09 -7.75192804e-09 -7.75192888e-09 -7.75192938e-09 -7.75192910e-09 -7.75192827e-09 -7.75192777e-09 -7.75192788e-09 -7.75192893e-09 -7.75192988e-09 -7.75192999e-09 -7.75192832e-09 -7.75192627e-09 -7.75192571e-09 -7.75192860e-09 -7.75193393e-09 -7.75193704e-09 -7.75193187e-09 -7.75191678e-09 -7.75190001e-09 -7.75190234e-09 -7.75194486e-09 -7.75202463e-09 -7.75208775e-09 -7.75202902e-09 -7.75175035e-09 -7.75129316e-09 -7.75099518e-09 -7.75155751e-09 1.25951915e-05 6.30626655e-05 1.72112890e-04 3.78200643e-04 7.45343403e-04 1.36752815e-03 2.38664133e-03 3.99970697e-03 6.46637182e-03 1.02100895e-02 1.56386261e-02 2.33022220e-02 3.38583261e-02 4.79494712e-02 6.59031012e-02 8.81245748e-02 1.14625380e-01 1.44981081e-01 1.77909697e-01 2.11665532e-01 2.44381950e-01 2.73328561e-01 2.96185724e-01 3.10840418e-01 3.15885958e-01
3.15861340e-01 3.10776593e-01 2.96019885e-01 2.72990600e-01 2.43782205e-01 2.10938755e-01 1.76820026e-01 1.43908859e-01 1.13536242e-01 8.69813233e-02 6.48320800e-02 4.70553144e-02 3.31513207e-02 2.27240296e-02 1.51876348e-02 9.87863092e-03 6.23906840e-03 3.83606429e-03 2.28032191e-03 1.30061549e-03 7.06494766e-04 3.56810068e-04 1.61695238e-04 5.90547752e-05 1.17757668e-05 -7.75182418e-09 -7.75115094e-09 -7.75133735e-09 -7.75173142e-09 -7.75199460e-09 -7.75206449e-09 -7.75201769e-09 -7.75194842e-09 -7.75190834e-09 -7.75190384e-09 -7.75191739e-09 -7.75193076e-09 -7.75193593e-09 -7.75193326e-09 -7.75192888e-09 -7.75192643e-09 -7.75192666e-09 -7.75192832e-09 -7.75192976e-09 -7.75192965e-09 -7.75192888e-09 -7.75192810e-09 -7.75192821e-09 -7.75192865e-09 -7.75192910e-09 -7.75192949e-09 -7.75192893e-09 -7.75192827e-09 -7.75192799e-09 -7.75192843e-09 -7.75192949e-09 -7.75193010e-09 -7.75192932e-09 -7.75192754e-09 -7.75192621e-09 -7.75192721e-09 -7.75193099e-09 -7.75193515e-09 -7.75193454e-09 -7.75192510e-09 -7.75190967e-09 -7.75190245e-09 -7.75192333e-09 -7.75198150e-09 -7.75204922e-09 -7.75205045e-09 -7.75188830e-09 -7.75153719e-09 -7.75118392e-09 -7.75133024e-09 2.12840187e-06 3.02109149e-05 1.01716224e-04 2.44580161e-04 5.07401183e-04 9.66109204e-04 1.73173868e-03 2.97112689e-03 4.90434938e-03 7.88295656e-03 1.22878293e-02 1.86341550e-02 2.75250752e-02 3.96490912e-02 5.54223831e-02 7.53704290e-02 9.97328973e-02 1.28319475e-01 1.60132810e-01 1.93894574e-01 2.27653494e-01 2.59015842e-01 2.85417531e-01 3.04539673e-01 3.14582232e-01 3.14582232e-01 3.04539673e-01 2.85417531e-01 2.59015842e-01 2.27653494e-01 1.93894574e-01 1.60132810e-01 1.28319475e-01 9.97328973e-02 7.53704290e-02 5.54223831e-02 3.96490912e-02 2.75250752e-02 1.86341550e-02 1.22878293e-02 7.88295656e-03 4.90434938e-03 2.97112689e-03 1.73173868e-03 9.66109204e-04 5.07401183e-04 2.44580161e-04 1.01716224e-04 3.02109149e-05 2.12840187e-06 -7.75133030e-09 -7.75118392e-09 -7.75153741e-09 -7.75188835e-09 -7.75205050e-09 -7.75204928e-09 -7.75198145e-09 -7.75192338e-09 -7.75190245e-09 -7.75190961e-09 -7.75192494e-09 -7.75193443e-09 -7.75193509e-09 -7.75193110e-09 -7.75192732e-09 -7.75192621e-09 -7.75192766e-09 -7.75192943e-09 -7.75193010e-09 -7.75192943e-09 -7.75192843e-09 -7.75192788e-09 -7.75192827e-09 -7.75192888e-09 -7.75192943e-09 -7.75192910e-09 -7.75192865e-09 -7.75192821e-09 -7.75192815e-09 -7.75192899e-09 -7.75192976e-09 -7.75192982e-09 -7.75192843e-09 -7.75192666e-09 -7.75192627e-09 -7.75192888e-09 -7.75193332e-09 -7.75193587e-09 -7.75193082e-09 -7.75191733e-09 -7.75190384e-09 -7.75190845e-09 -7.75194831e-09 -7.75201769e-09 -7.75206455e-09 -7.75199460e-09 -7.75173126e-09 -7.75133746e-09 -7.75115094e-09 -7.75182418e-09 1.17757668e-05 5.90547752e-05 1.61695238e-04 3.56810068e-04 7.06494766e-04 1.30061549e-03 2.28032191e-03 3.83606429e-03 6.23906840e-03 9.87863092e-03 1.51876348e-02 2.27240296e-02 3.31513207e-02 4.70553144e-02 6.48320800e-02 8.69813233e-02 1.13536242e-01 1.43908859e-01 1.76820026e-01 2.10938755e-01 2.43782205e-01 2.72990600e-01 2.96019885e-01 3.10776593e-01 3.15861340e-01
3.15622296e-01 3.10514832e-01 2.95685883e-01 2.72541739e-01 2.43177020e-01 2.10106479e-01 1.75898286e-01 1.42735427e-01 1.12453426e-01 8.59134834e-02 6.38192289e-02 4.61389101e-02 3.24493521e-02 2.21497056e-02 1.47420908e-02 9.55222628e-03 6.01602564e-03 3.67625015e-03 2.17744543e-03 1.23699576e-03 6.69219181e-04 3.36604819e-04 1.51858233e-04 5.52685583e-05 1.09949864e-05 -7.75205744e-09 -7.75129916e-09 -7.75138681e-09 -7.75172021e-09 -7.75196557e-09 -7.75204306e-09 -7.75201031e-09 -7.75195053e-09 -7.75191344e-09 -7.75190723e-09 -7.75191822e-09 -7.75192993e-09 -7.75193465e-09 -7.75193298e-09 -7.75192904e-09 -7.75192688e-09 -7.75192682e-09 -7.75192849e-09 -7.75192954e-09 -7.75192976e-09 -7.75192888e-09 -7.75192821e-09 -7.75192793e-09 -7.75192865e-09 -7.75192915e-09 -7.75192932e-09 -7.75192888e-09 -7.75192843e-09 -7.75192810e-09 -7.75192865e-09 -7.75192943e-09 -7.75192988e-09 -7.75192921e-09 -7.75192788e-09 -7.75192660e-09 -7.75192766e-09 -7.75193110e-09 -7.75193432e-09 -7.75193326e-09 -7.75192466e-09 -7.75191167e-09 -7.75190723e-09 -7.75192788e-09 -7.75197989e-09 -7.75203479e-09 -7.75202336e-09 -7.75186376e-09 -7.75155068e-09 -7.75127973e-09 -7.75152831e-09 1.98393257e-06 2.82253897e-05 9.53574963e-05 2.30101904e-04 4.79546045e-04 9.16511067e-04 1.65125101e-03 2.84364212e-03 4.71387382e-03 7.61050752e-03 1.19105702e-02 1.81281793e-02 2.68979895e-02 3.88434085e-02 5.44303299e-02 7.42746779e-02 9.86439741e-02 1.27180197e-01 1.59049655e-01 1.92986886e-01 2.26945152e-01 2.58486452e-01 2.85035642e-01 3.04247069e-01 3.14337591e-01 3.14337591e-01 3.04247069e-01 2.85035642e-01 2.58486452e-01 2.26945152e-01 1.92986886e-01 1.59049655e-01 1.27180197e-01 9.86439741e-02 7.42746779e-02 5.44303299e-02 3.88434085e-02 2.68979895e-02 1.81281793e-02 1.19105702e-02 7.61050752e-03 4.71387382e-03 2.84364212e-03 1.65125101e-03 9.16511067e-04 4.79546045e-04 2.30101904e-04 9.53574963e-05 2.82253897e-05 1.98393257e-06 -7.75152831e-09 -7.75127967e-09 -7.75155068e-09 -7.75186376e-09 -7.75202347e-09 -7.75203479e-09 -7.75197978e-09 -7.75192788e-09 -7.75190712e-09 -7.75191183e-09 -7.75192460e-09 -7.75193326e-09 -7.75193426e-09 -7.75193093e-09 -7.75192754e-09 -7.75192671e-09 -7.75192782e-09 -7.75192932e-09 -7.75192982e-09 -7.75192943e-09 -7.75192854e-09 -7.75192788e-09 -7.75192832e-09 -7.75192888e-09 -7.75192927e-09 -7.75192915e-09 -7.75192849e-09 -7.75192810e-09 -7.75192821e-09 -7.75192899e-09 -7.75192971e-09 -7.75192960e-09 -7.75192849e-09 -7.75192688e-09 -7.75192688e-09 -7.75192904e-09 -7.75193293e-09 -7.75193465e-09 -7.75192999e-09 -7.75191811e-09 -7.75190723e-09 -7.75191339e-09 -7.75195053e-09 -7.75201031e-09 -7.75204317e-09 -7.75196557e-09 -7.75172032e-09 -7.75138681e-09 -7.75129888e-09 -7.75205744e-09 1.09949864e-05 5.52685583e-05 1.51858233e-04 3.36604819e-04 6.69219181e-04 1.23699576e-03 2.17744543e-03 3.67625015e-03 6.01602564e-03 9.55222628e-03 1.47420908e-02 2.21497056e-02 3.24493521e-02 4.61389101e-02 6.38192289e-02 8.59134834e-02 1.12453426e-01 1.42735427e-01 1.75898286e-01 2.10106479e-01 2.43177020e-01 2.72541739e-01 2.95685883e-01 3.10514832e-01 3.15622296e-01
3.15102677e-01 3.09978053e-01 2.95102347e-01 2.71889372e-01 2.42443594e-01 2.09252303e-01 1.74882443e-01 1.41654315e-01 1.11288730e-01 8.48537511e-02 6.27901094e-02 4.52354398e-02 3.17342867e-02 2.15956837e-02 1.43050953e-02 9.23832569e-03 5.79625105e-03 3.52097201e-03 2.07906321e-03 1.17669562e-03 6.33511882e-04 3.17403772e-04 1.42538721e-04 5.16986675e-05 1.02686263e-05 -7.75225772e-09 -7.75143810e-09 -7.75144005e-09 -7.75171610e-09 -7.75194170e-09 -7.75202375e-09 -7.75200287e-09 -7.75195197e-09 -7.75191777e-09 -7.75191045e-09 -7.75191900e-09 -7.75192927e-09 -7.75193376e-09 -7.75193265e-09 -7.75192938e-09 -7.75192738e-09 -7.75192732e-09 -7.75192854e-09 -7.75192954e-09 -7.75192976e-09 -7.75192910e-09 -7.75192860e-09 -7.75192854e-09 -7.75192877e-09 -7.75192910e-09 -7.75192949e-09 -7.75192893e-09 -7.75192854e-09 -7.75192838e-09 -7.75192888e-09 -7.75192949e-09 -7.75192965e-09 -7.75192921e-09 -7.75192799e-09 -7.75192721e-09 -7.75192799e-09 -7.75193093e-09 -7.75193360e-09 -7.75193243e-09 -7.75192455e-09 -7.75191367e-09 -7.75191122e-09 -7.75193149e-09 -7.75197750e-09 -7.75202141e-09 -7.75200004e-09 -7.75184572e-09 -7.75157016e-09 -7.75137426e-09 -7.75170650e-09 1.84635786e-06 2.63466529e-05 8.93198211e-05 2.16438410e-04 4.53155364e-04 8.69138834e-04 1.57327898e-03 2.71978962e-03 4.53593737e-03 7.34485556e-03 1.15368376e-02 1.76374347e-02 2.62803939e-02 3.80212053e-02 5.34888733e-02 7.32584407e-02 9.75594692e-02 1.25982496e-01 1.58006348e-01 1.92064296e-01 2.26152703e-01 2.57796205e-01 2.84418578e-01 3.03690313e-01 3.13813572e-01 3.13813572e-01 3.03690313e-01 2.84418578e-01 2.57796205e-01 2.26152703e-01 1.92064296e-01 1.58006348e-01 1.25982496e-01 9.75594692e-02 7.32584407e-02 5.34888733e-02 3.80212053e-02 2.62803939e-02 1.76374347e-02 1.15368376e-02 7.34485556e-03 4.53593737e-03 2.71978962e-03 1.57327898e-03 8.69138834e-04 4.53155364e-04 2.16438410e-04 8.93198211e-05 2.63466529e-05 1.84635786e-06 -7.75170672e-09 -7.75137432e-09 -7.75157027e-09 -7.75184561e-09 -7.75199993e-09 -7.75202136e-09 -7.75197750e-09 -7.75193149e-09 -7.75191117e-09 -7.75191378e-09 -7.75192455e-09 -7.75193243e-09 -7.75193365e-09 -7.75193093e-09 -7.75192827e-09 -7.75192721e-09 -7.75192799e-09 -7.75192921e-09 -7.75192971e-09 -7.75192949e-09 -7.75192877e-09 -7.75192838e-09 -7.75192860e-09 -7.75192893e-09 -7.75192943e-09 -7.75192927e-09 -7.75192877e-09 -7.75192838e-09 -7.75192860e-09 -7.75192910e-09 -7.75192976e-09 -7.75192971e-09 -7.75192854e-09 -7.75192743e-09 -7.75192743e-09 -7.75192938e-09 -7.75193265e-09 -7.75193382e-09 -7.75192932e-09 -7.75191900e-09 -7.75191045e-09 -7.75191777e-09 -7.75195197e-09 -7.75200298e-09 -7.75202375e-09 -7.75194170e-09 -7.75171610e-09 -7.75143982e-09 -7.75143805e-09 -7.75225772e-09 1.02686263e-05 5.16986675e-05 1.42538721e-04 3.17403772e-04 6.33511882e-04 1.17669562e-03 2.07906321e-03 3.52097201e-03 5.79625105e-03 9.23832569e-03 1.43050953e-02 2.15956837e-02 3.17342867e-02 4.52354398e-02 6.27901094e-02 8.48537511e-02 1.11288730e-01 1.41654315e-01 1.74882443e-01 2.09252303e-01 2.42443594e-01 2.71889372e-01 2.95102347e-01 3.09978053e-01 3.15102677e-01
3.14678250e-01 3.09350351e-01 2.94257505e-01 2.70996817e-01 2.41510301e-01 2.08282999e-01 1.73857008e-01 1.40528052e-01 1.10124248e-01 8.37878000e-02 6.18346018e-02 4.43733822e-02 3.10075940e-02 2.10598202e-02 1.38919654e-02 8.93121787e-03 5.58129570e-03 3.37730768e-03 1.98434707e-03 1.11879759e-03 5.99340621e-04 2.99114300e-04 1.33717605e-04 4.83417867e-05 9.58084643e-06 -7.75242603e-09 -7.75156633e-09 -7.75149472e-09 -7.75171738e-09 -7.75192244e-09 -7.75200626e-09 -7.75199555e-09 -7.75195275e-09 -7.75192122e-09 -7.75191328e-09 -7.75191988e-09 -7.75192882e-09 -7.75193293e-09 -7.75193237e-09 -7.75192954e-09 -7.75192788e-09 -7.75192766e-09 -7.75192854e-09 -7.75192971e-09 -7.75192954e-09 -7.75192921e-09 -7.75192860e-09 -7.75192860e-09 -7.75192877e-09 -7.75192932e-09 -7.75192949e-09 -7.75192910e-09 -7.75192865e-09 -7.75192849e-09 -7.75192888e-09 -7.75192954e-09 -7.75192954e-09 -7.75192921e-09 -7.75192804e-09 -7.75192760e-09 -7.75192832e-09 -7.75193104e-09 -7.75193321e-09 -7.75193165e-09 -7.75192471e-09 -7.75191555e-09 -7.75191478e-09 -7.75193421e-09 -7.75197456e-09 -7.75200892e-09 -7.75197961e-09 -7.75183295e-09 -7.75159414e-09 -7.75146558e-09 -7.75186437e-09 1.71775255e-06 2.45842359e-05 8.36246524e-05 2.03598453e-04 4.28042902e-04 8.24297757e-04 1.49811499e-03 2.59954814e-03 4.36150559e-03 7.08449347e-03 1.11727964e-02 1.71557176e-02 2.56560237e-02 3.72080642e-02 5.25385523e-02 7.22445625e-02 9.64070547e-02 1.24899409e-01 1.56933637e-01 1.91069042e-01 2.25202673e-01 2.56880994e-01 2.83550567e-01 3.02868278e-01 3.13337586e-01 3.13337586e-01 3.02868278e-01 2.83550567e-01 2.56880994e-01 2.25202673e-01 1.91069042e-01 1.56933637e-01 1.24899409e-01 9.64070547e-02 7.22445625e-02 5.25385523e-02 3.72080642e-02 2.56560237e-02 1.71557176e-02 1.11727964e-02 7.08449347e-03 4.36150559e-03 2.59954814e-03 1.49811499e-03 8.24297757e-04 4.28042902e-04 2.03598453e-04 8.36246524e-05 2.45842359e-05 1.71775255e-06 -7.75186437e-09 -7.75146564e-09 -7.75159420e-09 -7.75183290e-09 -7.75197967e-09 -7.75200881e-09 -7.75197462e-09 -7.75193432e-09 -7.75191478e-09 -7.75191555e-09 -7.75192471e-09 -7.75193165e-09 -7.75193310e-09 -7.75193087e-09 -7.75192843e-09 -7.75192760e-09 -7.75192799e-09 -7.75192910e-09 -7.75192993e-09 -7.75192954e-09 -7.75192888e-09 -7.75192849e-09 -7.75192865e-09 -7.75192910e-09 -7.75192943e-09 -7.75192932e-09 -7.75192882e-09 -7.75192860e-09 -7.75192860e-09 -7.75192921e-09 -7.75192971e-09 -7.75192965e-09 -7.75192865e-09 -7.75192771e-09 -7.75192766e-09 -7.75192954e-09 -7.75193243e-09 -7.75193298e-09 -7.75192877e-09 -7.75191994e-09 -7.75191328e-09 -7.75192133e-09 -7.75195275e-09 -7.75199555e-09 -7.75200637e-09 -7.75192244e-09 -7.75171749e-09 -7.75149467e-09 -7.75156628e-09 -7.75242592e-09 9.58084643e-06 4.83417867e-05 1.33717605e-04 2.99114300e-04 5.99340621e-04 1.11879759e-03 1.98434707e-03 3.37730768e-03 5.58129570e-03 8.93121787e-03 1.38919654e-02 2.10598202e-02 3.10075940e-02 4.43733822e-02 6.18346018e-02 8.37878000e-02 1.10124248e-01 1.40528052e-01 1.73857008e-01 2.08282999e-01 2.41510301e-01 2.70996817e-01 2.94257505e-01 3.09350351e-01 3.14678250e-01
3.15561710e-01 3.10190370e-01 2.94621619e-01 2.70402047e-01 2.40364842e-01 2.07143383e-01 1.72741599e-01 1.39416790e-01 1.09014286e-01 8.26685996e-02 6.08788585e-02 4.35108636e-02 3.02862933e-02 2.05224838e-02 1.34806989e-02 8.63002307e-03 5.37187302e-03 3.24058962e-03 1.89267535e-03 1.06299916e-03 5.66749533e-04 2.81732372e-04 1.25356642e-04 4.51807349e-05 8.92499584e-06 -7.75256354e-09 -7.75168280e-09 -7.75154974e-09 -7.75172337e-09 -7.75190706e-09 -7.75199094e-09 -7.75198822e-09 -7.75195252e-09 -7.75192427e-09 -7.75191578e-09 -7.75192066e-09 -7.75192865e-09 -7.75193243e-09 -7.75193193e-09 -7.75192965e-09 -7.75192799e-09 -7.75192788e-09 -7.75192871e-09 -7.75192954e-09 -7.75192965e-09 -7.75192932e-09 -7.75192904e-09 -7.75192854e-09 -7.75192893e-09 -7.75192943e-09 -7.75192927e-09 -7.75192932e-09 -7.75192877e-09 -7.75192865e-09 -7.75192910e-09 -7.75192943e-09 -7.75192965e-09 -7.75192921e-09 -7.75192821e-09 -7.75192777e-09 -7.75192865e-09 -7.75193076e-09 -7.75193254e-09 -7.75193093e-09 -7.75192477e-09 -7.75191739e-09 -7.75191766e-09 -7.75193609e-09 -7.75197140e-09 -7.75199716e-09 -7.75196252e-09 -7.75182463e-09 -7.75162129e-09 -7.75155207e-09 -7.75200126e-09 1.59845214e-06 2.29446641e-05 7.82839023e-05 1.91461231e-04 4.04078704e-04 7.81844976e-04 1.42642161e-03 2.48312879e-03 4.19049442e-03 6.83486272e-03 1.08225130e-02 1.66941926e-02 2.50246683e-02 3.64278339e-02 5.16496931e-02 7.12238799e-02 9.52820980e-02 1.23756476e-01 1.55816274e-01 1.89939760e-01 2.24057256e-01 2.55752485e-01 2.83463512e-01 3.03605303e-01 3.14210194e-01 3.14210194e-01 3.03605303e-01 2.83463512e-01 2.55752485e-01 2.24057256e-01 1.89939760e-01 1.55816274e-01 1.23756476e-01 9.52820980e-02 7.12238799e-02 5.16496931e-02 3.64278339e-02 2.50246683e-02 1.66941926e-02 1.08225130e-02 6.83486272e-03 4.19049442e-03 2.48312879e-03 1.42642161e-03 7.81844976e-04 4.04078704e-04 1.91461231e-04 7.82839023e-05 2.29446641e-05 1.59845214e-06 -7.75200137e-09 -7.75155207e-09 -7.75162134e-09 -7.75182479e-09 -7.75196252e-09 -7.75199704e-09 -7.75197140e-09 -7.75193615e-09 -7.75191755e-09 -7.75191739e-09 -7.75192471e-09 -7.75193104e-09 -7.75193254e-09 -7.75193076e-09 -7.75192865e-09 -7.75192777e-09 -7.75192832e-09 -7.75192932e-09 -7.75192965e-09 -7.75192943e-09 -7.75192910e-09 -7.75192860e-09 -7.75192871e-09 -7.75192932e-09 -7.75192921e-09 -7.75192949e-09 -7.75192888e-09 -7.75192854e-09 -7.75192904e-09 -7.75192943e-09 -7.75192976e-09 -7.75192954e-09 -7.75192871e-09 -7.75192788e-09 -7.75192799e-09 -7.75192965e-09 -7.75193204e-09 -7.75193254e-09 -7.75192860e-09 -7.75192077e-09 -7.75191578e-09 -7.75192444e-09 -7.75195264e-09 -7.75198827e-09 -7.75199094e-09 -7.75190706e-09 -7.75172326e-09 -7.75154968e-09 -7.75168291e-09 -7.75256354e-09 8.92499584e-06 4.51807349e-05 1.25356642e-04 2.81732372e-04 5.66749533e-04 1.06299916e-03 1.89267535e-03 3.24058962e-03 5.37187302e-03 8.63002307e-03 1.34806989e-02 2.05224838e-02 3.02862933e-02 4.35108636e-02 6.08788585e-02 8.26685996e-02 1.09014286e-01 1.39416790e-01 1.72741599e-01 2.07143383e-01 2.40364842e-01 2.70402047e-01 2.94621619e-01 3.10190370e-01 3.15561710e-01
3.16168390e-01 3.10760168e-01 2.95086773e-01 2.70711786e-01 2.39953013e-01 2.05826425e-01 1.71487930e-01 1.38245696e-01 1.07876843e-01 8.15910897e-02 5.99180187e-02 4.26950480e-02 2.95903516e-02 1.99811245e-02 1.30891375e-02 8.33592032e-03 5.16903650e-03 3.10711429e-03 1.80406288e-03 1.00926761e-03 5.35913477e-04 2.65291593e-04 1.17550587e-04 4.21980048e-05 8.30485848e-06 -7.75267261e-09 -7.75178710e-09 -7.75160369e-09 -7.75173281e-09 -7.75189546e-09 -7.75197739e-09 -7.75198117e-09 -7.75195202e-09 -7.75192671e-09 -7.75191800e-09 -7.75192166e-09 -7.75192815e-09 -7.75193182e-09 -7.75193160e-09 -7.75192971e-09 -7.75192832e-09 -7.75192821e-09 -7.75192877e-09 -7.75192949e-09 -7.75192943e-09 -7.75192921e-09 -7.75192888e-09 -7.75192882e-09 -7.75192899e-09 -7.75192943e-09 -7.75192943e-09 -7.75192921e-09 -7.75192882e-09 -7.75192888e-09 -7.75192899e-09 -7.75192943e-09 -7.75192971e-09 -7.75192910e-09 -7.75192854e-09 -7.75192810e-09 -7.75192877e-09 -7.75193076e-09 -7.75193199e-09 -7.75193054e-09 -7.75192505e-09 -7.75191900e-09 -7.75192033e-09 -7.75193748e-09 -7.75196773e-09 -7.75198650e-09 -7.75194808e-09 -7.75182074e-09 -7.75165049e-09 -7.75163284e-09 -7.75211850e-09 1.48524240e-06 2.14073613e-05 7.32424943e-05 1.79916822e-04 3.81229129e-04 7.41172996e-04 1.35764595e-03 2.37602765e-03 4.02446096e-03 6.58981234e-03 1.04816858e-02 1.62381153e-02 2.43928830e-02 3.56566736e-02 5.07659418e-02 7.01619159e-02 9.41786056e-02 1.22610255e-01 1.54606331e-01 1.88649126e-01 2.23022596e-01 2.55964675e-01 2.83855766e-01 3.04130357e-01 3.14807525e-01 3.14807525e-01 3.04130357e-01 2.83855766e-01 2.55964675e-01 2.23022596e-01 1.88649126e-01 1.54606331e-01 1.22610255e-01 9.41786056e-02 7.01619159e-02 5.07659418e-02 3.56566736e-02 2.43928830e-02 1.62381153e-02 1.04816858e-02 6.58981234e-03 4.02446096e-03 2.37602765e-03 1.35764595e-03 7.41172996e-04 3.81229129e-04 1.79916822e-04 7.32424943e-05 2.14073613e-05 1.48524240e-06 -7.75211845e-09 -7.75163278e-09 -7.75165054e-09 -7.75182080e-09 -7.75194808e-09 -7.75198650e-09 -7.75196785e-09 -7.75193754e-09 -7.75192033e-09 -7.75191888e-09 -7.75192505e-09 -7.75193043e-09 -7.75193204e-09 -7.75193082e-09 -7.75192893e-09 -7.75192810e-09 -7.75192838e-09 -7.75192910e-09 -7.75192971e-09 -7.75192943e-09 -7.75192899e-09 -7.75192877e-09 -7.75192888e-09 -7.75192921e-09 -7.75192943e-09 -7.75192954e-09 -7.75192915e-09 -7.75192882e-09 -7.75192888e-09 -7.75192927e-09 -7.75192943e-09 -7.75192954e-09 -7.75192882e-09 -7.75192821e-09 -7.75192832e-09 -7.75192971e-09 -7.75193165e-09 -7.75193187e-09 -7.75192815e-09 -7.75192166e-09 -7.75191800e-09 -7.75192666e-09 -7.75195208e-09 -7.75198106e-09 -7.75197728e-09 -7.75189546e-09 -7.75173292e-09 -7.75160358e-09 -7.75178716e-09 -7.75267256e-09 8.30485848e-06 4.21980048e-05 1.17550587e-04 2.65291593e-04 5.35913477e-04 1.00926761e-03 1.80406288e-03 3.10711429e-03 5.16903650e-03 8.33592032e-03 1.30891375e-02 1.99811245e-02 2.95903516e-02 4.26950480e-02 5.99180187e-02 8.15910897e-02 1.07876843e-01 1.38245696e-01 1.71487930e-01 2.05826425e-01 2.39953013e-01 2.70711786e-01 2.95086773e-01 3.10760168e-01 3.16168390e-01
3.16507555e-01 3.11062124e-01 2.95291445e-01 2.70780690e-01 2.39868744e-01 2.05282678e-01 1.70091625e-01 1.36973985e-01 1.06723525e-01 8.05194618e-02 5.89267694e-02 4.18886831e-02 2.89129023e-02 1.94381345e-02 1.27068032e-02 8.05787770e-03 4.97352598e-03 2.97704533e-03 1.71863367e-03 9.58224458e-04 5.06818602e-04 2.49691389e-04 1.10208753e-04 3.94003099e-05 7.72841835e-06 -7.75275516e-09 -7.75187892e-09 -7.75165554e-09 -7.75174491e-09 -7.75188691e-09 -7.75196546e-09 -7.75197440e-09 -7.75195108e-09 -7.75192849e-09 -7.75191983e-09 -7.75192222e-09 -7.75192793e-09 -7.75193104e-09 -7.75193115e-09 -7.75192965e-09 -7.75192849e-09 -7.75192832e-09 -7.75192882e-09 -7.75192932e-09 -7.75192943e-09 -7.75192932e-09 -7.75192888e-09 -7.75192871e-09 -7.75192899e-09 -7.75192910e-09 -7.75192943e-09 -7.75192899e-09 -7.75192877e-09 -7.75192871e-09 -7.75192893e-09 -7.75192932e-09 -7.75192954e-09 -7.75192915e-09 -7.75192854e-09 -7.75192810e-09 -7.75192888e-09 -7.75193065e-09 -7.75193149e-09 -7.75192999e-09 -7.75192527e-09 -7.75192022e-09 -7.75192233e-09 -7.75193826e-09 -7.75196424e-09 -7.75197673e-09 -7.75193615e-09 -7.75181980e-09 -7.75168074e-09 -7.75170705e-09 -7.75221604e-09 1.38036680e-06 1.99610562e-05 6.85014504e-05 1.68978089e-04 3.59469077e-04 7.02184640e-04 1.29127926e-03 2.27334270e-03 3.86269840e-03 6.35150533e-03 1.01499277e-02 1.57807841e-02 2.37808253e-02 3.49166119e-02 4.98821698e-02 6.91444424e-02 9.30668999e-02 1.21406302e-01 1.53269947e-01 1.87472033e-01 2.22860852e-01 2.55958585e-01 2.83996215e-01 3.04387843e-01 3.15137244e-01 3.15137244e-01 3.04387843e-01 2.83996215e-01 2.55958585e-01 2.22860852e-01 1.87472033e-01 1.53269947e-01 1.21406302e-01 9.30668999e-02 6.91444424e-02 4.98821698e-02 3.49166119e-02 2.37808253e-02 1.57807841e-02 1.01499277e-02 6.35150533e-03 3.86269840e-03 2.27334270e-03 1.29127926e-03 7.02184640e-04 3.59469077e-04 1.68978089e-04 6.85014504e-05 1.99610562e-05 1.38036680e-06 -7.75221598e-09 -7.75170700e-09 -7.75168063e-09 -7.75181980e-09 -7.75193609e-09 -7.75197678e-09 -7.75196424e-09 -7.75193831e-09 -7.75192233e-09 -7.75192011e-09 -7.75192521e-09 -7.75192999e-09 -7.75193160e-09 -7.75193065e-09 -7.75192899e-09 -7.75192832e-09 -7.75192854e-09 -7.75192910e-09 -7.75192954e-09 -7.75192938e-09 -7.75192899e-09 -7.75192882e-09 -7.75192899e-09 -7.75192899e-09 -7.75192932e-09 -7.75192927e-09 -7.75192893e-09 -7.75192877e-09 -7.75192888e-09 -7.75192915e-09 -7.75192938e-09 -7.75192932e-09 -7.75192888e-09 -7.75192821e-09 -7.75192832e-09 -7.75192965e-09 -7.75193121e-09 -7.75193110e-09 -7.75192793e-09 -7.75192233e-09 -7.75191983e-09 -7.75192843e-09 -7.75195103e-09 -7.75197445e-09 -7.75196546e-09 -7.75188691e-09 -7.75174491e-09 -7.75165548e-09 -7.75187897e-09 -7.75275522e-09 7.72841835e-06 3.94003099e-05 1.10208753e-04 2.49691389e-04 5.06818602e-04 9.58224458e-04 1.71863367e-03 2.97704533e-03 4.97352598e-03 8.05787770e-03 1.27068032e-02 1.94381345e-02 2.89129023e-02 4.18886831e-02 5.89267694e-02 8.05194618e-02 1.06723525e-01 1.36973985e-01 1.70091625e-01 2.05282678e-01 2.39868744e-01 2.70780690e-01 2.95291445e-01 3.11062124e-01 3.16507555e-01
3.16674380e-01 3.11185846e-01 2.95287027e-01 2.70625266e-01 2.39571357e-01 2.04869979e-01 1.69241376e-01 1.35593864e-01 1.05517918e-01 7.94519819e-02 5.79774947e-02 4.10874129e-02 2.82515313e-02 1.89078966e-02 1.23259440e-02 7.78247323e-03 4.78218581e-03 2.85132374e-03 1.64001365e-03 9.09438364e-04 4.79079849e-04 2.34873049e-04 1.03264122e-04 3.67724833e-05 7.18734485e-06 -7.75281417e-09 -7.75195880e-09 -7.75170489e-09 -7.75175907e-09 -7.75188103e-09 -7.75195563e-09 -7.75196835e-09 -7.75194975e-09 -7.75193010e-09 -7.75192155e-09 -7.75192321e-09 -7.75192793e-09 -7.75193093e-09 -7.75193110e-09 -7.75192976e-09 -7.75192865e-09 -7.75192832e-09 -7.75192877e-09 -7.75192965e-09 -7.75192965e-09 -7.75192943e-09 -7.75192904e-09 -7.75192882e-09 -7.75192910e-09 -7.75192927e-09 -7.75192938e-09 -7.75192910e-09 -7.75192910e-09 -7.75192899e-09 -7.75192927e-09 -7.75192932e-09 -7.75192954e-09 -7.75192932e-09 -7.75192860e-09 -7.75192849e-09 -7.75192921e-09 -7.75193054e-09 -7.75193132e-09 -7.75192965e-09 -7.75192549e-09 -7.75192166e-09 -7.75192427e-09 -7.75193887e-09 -7.75196096e-09 -7.75196812e-09 -7.75192682e-09 -7.75182185e-09 -7.75171133e-09 -7.75177456e-09 -7.75229553e-09 1.28204803e-06 1.85885971e-05 6.40394838e-05 1.58650927e-04 3.38872190e-04 6.64721251e-04 1.22737838e-03 2.17351326e-03 3.70746128e-03 6.12208112e-03 9.83196756e-03 1.53227728e-02 2.31934621e-02 3.41927906e-02 4.89743761e-02 6.81253701e-02 9.19346567e-02 1.20112108e-01 1.51852404e-01 1.87010009e-01 2.22503294e-01 2.55727570e-01 2.83911483e-01 3.04459335e-01 3.15293164e-01 3.15293164e-01 3.04459335e-01 2.83911483e-01 2.55727570e-01 2.22503294e-01 1.87010009e-01 1.51852404e-01 1.20112108e-01 9.19346567e-02 6.81253701e-02 4.89743761e-02 3.41927906e-02 2.31934621e-02 1.53227728e-02 9.83196756e-03 6.12208112e-03 3.70746128e-03 2.17351326e-03 1.22737838e-03 6.64721251e-04 3.38872190e-04 1.58650927e-04 6.40394838e-05 1.85885971e-05 1.28204803e-06 -7.75229553e-09 -7.75177444e-09 -7.75171133e-09 -7.75182196e-09 -7.75192677e-09 -7.75196818e-09 -7.75196096e-09 -7.75193876e-09 -7.75192432e-09 -7.75192160e-09 -7.75192549e-09 -7.75192965e-09 -7.75193121e-09 -7.75193038e-09 -7.75192927e-09 -7.75192849e-09 -7.75192849e-09 -7.75192949e-09 -7.75192954e-09 -7.75192949e-09 -7.75192921e-09 -7.75192882e-09 -7.75192904e-09 -7.75192910e-09 -7.75192949e-09 -7.75192927e-09 -7.75192921e-09 -7.75192893e-09 -7.75192899e-09 -7.75192932e-09 -7.75192949e-09 -7.75192965e-09 -7.75192877e-09 -7.75192854e-09 -7.75192865e-09 -7.75192976e-09 -7.75193121e-09 -7.75193093e-09 -7.75192788e-09 -7.75192310e-09 -7.75192155e-09 -7.75193010e-09 -7.75194986e-09 -7.75196829e-09 -7.75195552e-09 -7.75188103e-09 -7.75175912e-09 -7.75170489e-09 -7.75195869e-09 -7.75281406e-09 7.18734485e-06 3.67724833e-05 1.03264122e-04 2.34873049e-04 4.79079849e-04 9.09438364e-04 1.64001365e-03 2.85132374e-03 4.78218581e-03 7.78247323e-03 1.23259440e-02 1.89078966e-02 2.82515313e-02 4.10874129e-02 5.79774947e-02 7.94519819e-02 1.05517918e-01 1.35593864e-01 1.69241376e-01 2.04869979e-01 2.39571357e-01 2.70625266e-01 2.95287027e-01 3.11185846e-01 3.16674380e-01
3.16796281e-01 3.11242570e-01 2.95166853e-01 2.70331634e-01 2.39086521e-01 2.04277275e-01 1.68590884e-01 1.34406691e-01 1.04235227e-01 7.83644436e-02 5.70285535e-02 4.02682864e-02 2.76144928e-02 1.84019339e-02 1.19462686e-02 7.52035742e-03 4.59711012e-03 2.72894037e-03 1.56461843e-03 8.62556028e-04 4.52568738e-04 2.20852285e-04 9.66972914e-05 3.43072116e-05 6.67642547e-06 -7.75285169e-09 -7.75202652e-09 -7.75175074e-09 -7.75177439e-09 -7.75187747e-09 -7.75194708e-09 -7.75196268e-09 -7.75194842e-09 -7.75193104e-09 -7.75192310e-09 -7.75192388e-09 -7.75192788e-09 -7.75193043e-09 -7.75193076e-09 -7.75192976e-09 -7.75192871e-09 -7.75192838e-09 -7.75192888e-09 -7.75192932e-09 -7.75192965e-09 -7.75192943e-09 -7.75192910e-09 -7.75192888e-09 -7.75192910e-09 -7.75192915e-09 -7.75192921e-09 -7.75192921e-09 -7.75192904e-09 -7.75192899e-09 -7.75192915e-09 -7.75192932e-09 -7.75192921e-09 -7.75192932e-09 -7.75192865e-09 -7.75192854e-09 -7.75192915e-09 -7.75193021e-09 -7.75193093e-09 -7.75192943e-09 -7.75192577e-09 -7.75192266e-09 -7.75192566e-09 -7.75193909e-09 -7.75195752e-09 -7.75196063e-09 -7.75191944e-09 -7.75182585e-09 -7.75174103e-09 -7.75183445e-09 -7.75235809e-09 1.19220854e-06 1.73011075e-05 5.98339653e-05 1.48897573e-04 3.19493707e-04 6.29232884e-04 1.16603949e-03 2.07669265e-03 3.55721540e-03 5.90134736e-03 9.51920394e-03 1.48730503e-02 2.26094803e-02 3.34810863e-02 4.80996434e-02 6.71160380e-02 9.07554365e-02 1.18726094e-01 1.51184011e-01 1.86383925e-01 2.21957662e-01 2.55341676e-01 2.83705100e-01 3.04440105e-01 3.15398508e-01 3.15398508e-01 3.04440105e-01 2.83705100e-01 2.55341676e-01 2.21957662e-01 1.86383925e-01 1.51184011e-01 1.18726094e-01 9.07554365e-02 6.71160380e-02 4.80996434e-02 3.34810863e-02 2.26094803e-02 1.48730503e-02 9.51920394e-03 5.90134736e-03 3.55721540e-03 2.07669265e-03 1.16603949e-03 6.29232884e-04 3.19493707e-04 1.48897573e-04 5.98339653e-05 1.73011075e-05 1.19220854e-06 -7.75235820e-09 -7.75183440e-09 -7.75174108e-09 -7.75182585e-09 -7.75191933e-09 -7.75196052e-09 -7.75195746e-09 -7.75193898e-09 -7.75192566e-09 -7.75192266e-09 -7.75192588e-09 -7.75192949e-09 -7.75193099e-09 -7.75193021e-09 -7.75192910e-09 -7.75192849e-09 -7.75192854e-09 -7.75192932e-09 -7.75192921e-09 -7.75192943e-09 -7.75192910e-09 -7.75192888e-09 -7.75192888e-09 -7.75192921e-09 -7.75192932e-09 -7.75192927e-09 -7.75192910e-09 -7.75192888e-09 -7.75192910e-09 -7.75192927e-09 -7.75192954e-09 -7.75192932e-09 -7.75192888e-09 -7.75192854e-09 -7.75192882e-09 -7.75192976e-09 -7.75193093e-09 -7.75193060e-09 -7.75192793e-09 -7.75192377e-09 -7.75192310e-09 -7.75193110e-09 -7.75194847e-09 -7.75196274e-09 -7.75194708e-09 -7.75187747e-09 -7.75177433e-09 -7.75175074e-09 -7.75202652e-09 -7.75285169e-09 6.67642547e-06 3.43072116e-05 9.66972914e-05 2.20852285e-04 4.52568738e-04 8.62556028e-04 1.56461843e-03 2.72894037e-03 4.59711012e-03 7.52035742e-03 1.19462686e-02 1.84019339e-02 2.76144928e-02 4.02682864e-02 5.70285535e-02 7.83644436e-02 1.04235227e-01 1.34406691e-01 1.68590884e-01 2.04277275e-01 2.39086521e-01 2.70331634e-01 2.95166853e-01 3.11242570e-01 3.16796281e-01
3.16834686e-01 3.11248443e-01 2.95090243e-01 2.70016453e-01 2.38503440e-01 2.03532052e-01 1.67794434e-01 1.33622236e-01 1.02878113e-01 7.72369617e-02 5.60907573e-02 3.94732589e-02 2.69885301e-02 1.79008819e-02 1.15696330e-02 7.26631258e-03 4.42067767e-03 2.61233881e-03 1.49162059e-03 8.17477680e-04 4.27205636e-04 2.07560117e-04 9.05070054e-05 3.19884563e-05 6.20058432e-06 -7.75287057e-09 -7.75208286e-09 -7.75179293e-09 -7.75179043e-09 -7.75187592e-09 -7.75193998e-09 -7.75195730e-09 -7.75194692e-09 -7.75193176e-09 -7.75192438e-09 -7.75192455e-09 -7.75192771e-09 -7.75193026e-09 -7.75193060e-09 -7.75192960e-09 -7.75192888e-09 -7.75192877e-09 -7.75192899e-09 -7.75192932e-09 -7.75192954e-09 -7.75192932e-09 -7.75192910e-09 -7.75192915e-09 -7.75192904e-09 -7.75192921e-09 -7.75192910e-09 -7.75192910e-09 -7.75192915e-09 -7.75192915e-09 -7.75192938e-09 -7.75192954e-09 -7.75192954e-09 -7.75192910e-09 -7.75192877e-09 -7.75192871e-09 -7.75192932e-09 -7.75193026e-09 -7.75193071e-09 -7.75192927e-09 -7.75192599e-09 -7.75192371e-09 -7.75192688e-09 -7.75193876e-09 -7.75195402e-09 -7.75195386e-09 -7.75191361e-09 -7.75183134e-09 -7.75176984e-09 -7.75188730e-09 -7.75240527e-09 1.10764677e-06 1.60925958e-05 5.58721778e-05 1.39647398e-04 3.01162611e-04 5.95451020e-04 1.10939456e-03 1.98343277e-03 3.41136673e-03 5.68594765e-03 9.20836297e-03 1.44399121e-02 2.20586381e-02 3.27555523e-02 4.72316638e-02 6.60907284e-02 8.95119023e-02 1.17700644e-01 1.50389083e-01 1.85603035e-01 2.21290889e-01 2.54879783e-01 2.83529803e-01 3.04408715e-01 3.15428720e-01 3.15428720e-01 3.04408715e-01 2.83529803e-01 2.54879783e-01 2.21290889e-01 1.85603035e-01 1.50389083e-01 1.17700644e-01 8.95119023e-02 6.60907284e-02 4.72316638e-02 3.27555523e-02 2.20586381e-02 1.44399121e-02 9.20836297e-03 5.68594765e-03 3.41136673e-03 1.98343277e-03 1.10939456e-03 5.95451020e-04 3.01162611e-04 1.39647398e-04 5.58721778e-05 1.60925958e-05 1.10764677e-06 -7.75240527e-09 -7.75188741e-09 -7.75176989e-09 -7.75183129e-09 -7.75191367e-09 -7.75195380e-09 -7.75195408e-09 -7.75193887e-09 -7.75192688e-09 -7.75192377e-09 -7.75192605e-09 -7.75192932e-09 -7.75193071e-09 -7.75193021e-09 -7.75192932e-09 -7.75192865e-09 -7.75192865e-09 -7.75192915e-09 -7.75192943e-09 -7.75192943e-09 -7.75192921e-09 -7.75192921e-09 -7.75192932e-09 -7.75192910e-09 -7.75192899e-09 -7.75192932e-09 -7.75192904e-09 -7.75192915e-09 -7.75192910e-09 -7.75192932e-09 -7.75192943e-09 -7.75192943e-09 -7.75192910e-09 -7.75192865e-09 -7.75192888e-09 -7.75192960e-09 -7.75193054e-09 -7.75193032e-09 -7.75192760e-09 -7.75192444e-09 -7.75192438e-09 -7.75193193e-09 -7.75194697e-09 -7.75195746e-09 -7.75193976e-09 -7.75187592e-09 -7.75179049e-09 -7.75179293e-09 -7.75208298e-09 -7.75287046e-09 6.20058432e-06 3.19884563e-05 9.05070054e-05 2.07560117e-04 4.27205636e-04 8.17477680e-04 1.49162059e-03 2.61233881e-03 4.42067767e-03 7.26631258e-03 1.15696330e-02 1.79008819e-02 2.69885301e-02 3.94732589e-02 5.60907573e-02 7.72369617e-02 1.02878113e-01 1.33622236e-01 1.67794434e-01 2.03532052e-01 2.38503440e-01 2.70016453e-01 2.95090243e-01 3.11248443e-01 3.16834686e-01
3.16931482e-01 3.11258045e-01 2.94846528e-01 2.69600219e-01 2.37949799e-01 2.02701534e-01 1.66870498e-01 1.32725497e-01 1.01962584e-01 7.60579392e-02 5.51419765e-02 3.86937220e-02 2.63554079e-02 1.74257903e-02 1.12040642e-02 7.01569543e-03 4.24922140e-03 2.49942762e-03 1.42112517e-03 7.74374268e-04 4.03153245e-04 1.95114628e-04 8.46742892e-05 2.98042743e-05 5.76069272e-06 -7.75287368e-09 -7.75212883e-09 -7.75183123e-09 -7.75180670e-09 -7.75187614e-09 -7.75193409e-09 -7.75195297e-09 -7.75194547e-09 -7.75193254e-09 -7.75192555e-09 -7.75192521e-09 -7.75192799e-09 -7.75193021e-09 -7.75193054e-09 -7.75192982e-09 -7.75192910e-09 -7.75192899e-09 -7.75192888e-09 -7.75192943e-09 -7.75192965e-09 -7.75192954e-09 -7.75192932e-09 -7.75192915e-09 -7.75192915e-09 -7.75192932e-09 -7.75192949e-09 -7.75192921e-09 -7.75192915e-09 -7.75192893e-09 -7.75192932e-09 -7.75192954e-09 -7.75192943e-09 -7.75192943e-09 -7.75192904e-09 -7.75192899e-09 -7.75192943e-09 -7.75193010e-09 -7.75193038e-09 -7.75192932e-09 -7.75192649e-09 -7.75192466e-09 -7.75192810e-09 -7.75193865e-09 -7.75195108e-09 -7.75194819e-09 -7.75190978e-09 -7.75183828e-09 -7.75179726e-09 -7.75193337e-09 -7.75243858e-09 1.02744241e-06 1.49713649e-05 5.21517097e-05 1.30891382e-04 2.83705791e-04 5.63135425e-04 1.05531766e-03 1.89297363e-03 3.27036319e-03 5.48073804e-03 8.90006652e-03 1.40199708e-02 2.15132104e-02 3.20439108e-02 4.63733362e-02 6.50325758e-02 8.82139391e-02 1.16837393e-01 1.49466776e-01 1.84723235e-01 2.20590322e-01 2.54405221e-01 2.83170396e-01 3.04310555e-01 3.15503412e-01 3.15503412e-01 3.04310555e-01 2.83170396e-01 2.54405221e-01 2.20590322e-01 1.84723235e-01 1.49466776e-01 1.16837393e-01 8.82139391e-02 6.50325758e-02 4.63733362e-02 3.20439108e-02 2.15132104e-02 1.40199708e-02 8.90006652e-03 5.48073804e-03 3.27036319e-03 1.89297363e-03 1.05531766e-03 5.63135425e-04 2.83705791e-04 1.30891382e-04 5.21517097e-05 1.49713649e-05 1.02744241e-06 -7.75243869e-09 -7.75193337e-09 -7.75179732e-09 -7.75183828e-09 -7.75190978e-09 -7.75194819e-09 -7.75195097e-09 -7.75193865e-09 -7.75192799e-09 -7.75192466e-09 -7.75192649e-09 -7.75192915e-09 -7.75193049e-09 -7.75193021e-09 -7.75192932e-09 -7.75192899e-09 -7.75192910e-09 -7.75192932e-09 -7.75192938e-09 -7.75192938e-09 -7.75192921e-09 -7.75192899e-09 -7.75192915e-09 -7.75192921e-09 -7.75192949e-09 -7.75192943e-09 -7.75192915e-09 -7.75192899e-09 -7.75192938e-09 -7.75192949e-09 -7.75192954e-09 -7.75192938e-09 -7.75192910e-09 -7.75192899e-09 -7.75192910e-09 -7.75192982e-09 -7.75193043e-09 -7.75193004e-09 -7.75192799e-09 -7.75192521e-09 -7.75192555e-09 -7.75193271e-09 -7.75194542e-09 -7.75195297e-09 -7.75193404e-09 -7.75187614e-09 -7.75180675e-09 -7.75183123e-09 -7.75212883e-09 -7.75287362e-09 5.76069272e-06 2.98042743e-05 8.46742892e-05 1.95114628e-04 4.03153245e-04 7.74374268e-04 1.42112517e-03 2.49942762e-03 4.24922140e-03 7.01569543e-03 1.12040642e-02 1.74257903e-02 2.63554079e-02 3.86937220e-02 5.51419765e-02 7.60579392e-02 1.01962584e-01 1.32725497e-01 1.66870498e-01 2.02701534e-01 2.37949799e-01 2.69600219e-01 2.94846528e-01 3.11258045e-01 3.16931482e-01
