# mapa exacto (Lambda, theta) | filas = Lambda (200), columnas = theta (200) | sector=even, sign=+1, nph_wig=85
-7.28439731e-09 -7.28485472e-09 -7.28622512e-09 -7.28850341e-09 -7.29168115e-09 -7.29574606e-09 -7.30068317e-09 -7.30647381e-09 -7.31309624e-09 -7.32052541e-09 -7.32873318e-09 -7.33768846e-09 -7.34735728e-09 -7.35770267e-09 -7.36868533e-09 -7.38026312e-09 -7.39239137e-09 -7.40502359e-09 -7.41811090e-09 -7.43160244e-09 -7.44544582e-09 -7.45958684e-09 -7.47396989e-09 -7.48853868e-09 -7.50323553e-09 -7.51800222e-09 -7.53277984e-09 -7.54750962e-09 -7.56213225e-09 -7.57658897e-09 -7.59082142e-09 -7.60477192e-09 -7.61838370e-09 -7.63160102e-09 -7.64437008e-09 -7.65663832e-09 -7.66835517e-09 -7.67947245e-09 -7.68994357e-09 -7.69972547e-09 -7.70877751e-09 -7.71706149e-09 -7.72454317e-09 -7.73119102e-09 -7.73697717e-09 -7.74187725e-09 -7.74587072e-09 -7.74894093e-09 -7.75107456e-09 -7.75226283e-09 -7.75250075e-09 -7.75178721e-09 -7.75012532e-09 -7.74752212e-09 -7.74398845e-09 -7.73953929e-09 -7.73419329e-09 -7.72797315e-09 -7.72090469e-09 -7.71301778e-09 -7.70434516e-09 -7.69492331e-09 -7.68479147e-09 -7.67399166e-09 -7.66256880e-09 -7.65057001e-09 -7.63804492e-09 -7.62504493e-09 -7.61162350e-09 -7.59783547e-09 -7.58373675e-09 -7.56938506e-09 -7.55483803e-09 -7.54015445e-09 -7.52539342e-09 -7.51061402e-09 -7.49587470e-09 -7.48123474e-09 -7.46675155e-09 -7.45248241e-09 -7.43848350e-09 -7.42480943e-09 -7.41151346e-09 -7.39864758e-09 -7.38626132e-09 -7.37440253e-09 -7.36311695e-09 -7.35244776e-09 -7.34243599e-09 -7.33311945e-09 -7.32453398e-09 -7.31671163e-09 -7.30968264e-09 -7.30347310e-09 -7.29810667e-09 -7.29360339e-09 -7.28998040e-09 -7.28725114e-09 -7.28542604e-09 -7.28451166e-09 -7.28451161e-09 -7.28542604e-09 -7.28725114e-09 -7.28998040e-09 -7.29360339e-09 -7.29810679e-09 -7.30347310e-09 -7.30968264e-09 -7.31671168e-09 -7.32453376e-09 -7.33311945e-09 -7.34243605e-09 -7.35244776e-09 -7.36311695e-09 -7.37440264e-09 -7.38626132e-09 -7.39864758e-09 -7.41151346e-09 -7.42480943e-09 -7.43848350e-09 -7.45248241e-09 -7.46675155e-09 -7.48123474e-09 -7.49587470e-09 -7.51061380e-09 -7.52539342e-09 -7.54015445e-09 -7.55483803e-09 -7.56938501e-09 -7.58373681e-09 -7.59783547e-09 -7.61162355e-09 -7.62504493e-09 -7.63804497e-09 -7.65057001e-09 -7.66256880e-09 -7.67399166e-09 -7.68479147e-09 -7.69492331e-09 -7.70434516e-09 -7.71301767e-09 -7.72090469e-09 -7.72797315e-09 -7.73419329e-09 -7.73953929e-09 -7.74398845e-09 -7.74752212e-09 -7.75012532e-09 -7.75178721e-09 -7.75250075e-09 -7.75226283e-09 -7.75107456e-09 -7.74894093e-09 -7.74587072e-09 -7.74187725e-09 -7.73697706e-09 -7.73119102e-09 -7.72454317e-09 -7.71706149e-09 -7.70877751e-09 -7.69972547e-09 -7.68994357e-09 -7.67947245e-09 -7.66835517e-09 -7.65663832e-09 -7.64437008e-09 -7.63160102e-09 -7.61838359e-09 -7.60477187e-09 -7.59082142e-09 -7.57658897e-09 -7.56213225e-09 -7.54750962e-09 -7.53277996e-09 -7.51800222e-09 -7.50323553e-09 -7.48853868e-09 -7.47396989e-09 -7.45958684e-09 -7.44544582e-09 -7.43160244e-09 -7.41811090e-09 -7.40502359e-09 -7.39239137e-09 -7.38026312e-09 -7.36868533e-09 -7.35770267e-09 -7.34735728e-09 -7.33768851e-09 -7.32873323e-09 -7.32052552e-09 -7.31309624e-09 -7.30647381e-09 -7.30068317e-09 -7.29574606e-09 -7.29168093e-09 -7.28850341e-09 -7.28622501e-09 -7.28485472e-09 -7.28439731e-09
-6.59703825e-09 -6.59813165e-09 -6.60140836e-09 -6.60685712e-09 -6.61445965e-09 -6.62419031e-09 -6.63601618e-09 -6.64989697e-09 -6.66578509e-09 -6.68362610e-09 -6.70335831e-09 -6.72491329e-09 -6.74821587e-09 -6.77318357e-09 -6.79972800e-09 -6.82775408e-09 -6.85716112e-09 -6.88784169e-09 -6.91968327e-09 -6.95256797e-09 -6.98637270e-09 -7.02096969e-09 -7.05622705e-09 -7.09200904e-09 -7.12817660e-09 -7.16458753e-09 -7.20109761e-09 -7.23756016e-09 -7.27382848e-09 -7.30975430e-09 -7.34518940e-09 -7.37998684e-09 -7.41400069e-09 -7.44708745e-09 -7.47910589e-09 -7.50991841e-09 -7.53939200e-09 -7.56739815e-09 -7.59381424e-09 -7.61852353e-09 -7.64141639e-09 -7.66239072e-09 -7.68135222e-09 -7.69821606e-09 -7.71290537e-09 -7.72535413e-09 -7.73550535e-09 -7.74331266e-09 -7.74874054e-09 -7.75176401e-09 -7.75236941e-09 -7.75055398e-09 -7.74632564e-09 -7.73970432e-09 -7.73071990e-09 -7.71941361e-09 -7.70583686e-09 -7.69005126e-09 -7.67212871e-09 -7.65214936e-09 -7.63020364e-09 -7.60638924e-09 -7.58081264e-09 -7.55358648e-09 -7.52483070e-09 -7.49467133e-09 -7.46323892e-09 -7.43066897e-09 -7.39710071e-09 -7.36267702e-09 -7.32754218e-09 -7.29184352e-09 -7.25572791e-09 -7.21934401e-09 -7.18283921e-09 -7.14636073e-09 -7.11005355e-09 -7.07406106e-09 -7.03852426e-09 -7.00358038e-09 -6.96936325e-09 -6.93600272e-09 -6.90362467e-09 -6.87234902e-09 -6.84229162e-09 -6.81356194e-09 -6.78626438e-09 -6.76049688e-09 -6.73635109e-09 -6.71391243e-09 -6.69325984e-09 -6.67446504e-09 -6.65759325e-09 -6.64270250e-09 -6.62984390e-09 -6.61906108e-09 -6.61039062e-09 -6.60386212e-09 -6.59949750e-09 -6.59731164e-09 -6.59731164e-09 -6.59949762e-09 -6.60386212e-09 -6.61039062e-09 -6.61906102e-09 -6.62984384e-09 -6.64270250e-09 -6.65759337e-09 -6.67446504e-09 -6.69325984e-09 -6.71391243e-09 -6.73635109e-09 -6.76049688e-09 -6.78626438e-09 -6.81356194e-09 -6.84229162e-09 -6.87234902e-09 -6.90362467e-09 -6.93600277e-09 -6.96936320e-09 -7.00358038e-09 -7.03852426e-09 -7.07406111e-09 -7.11005355e-09 -7.14636067e-09 -7.18283921e-09 -7.21934401e-09 -7.25572791e-09 -7.29184346e-09 -7.32754218e-09 -7.36267702e-09 -7.39710071e-09 -7.43066897e-09 -7.46323892e-09 -7.49467122e-09 -7.52483070e-09 -7.55358648e-09 -7.58081259e-09 -7.60638924e-09 -7.63020364e-09 -7.65214936e-09 -7.67212871e-09 -7.69005126e-09 -7.70583675e-09 -7.71941361e-09 -7.73071990e-09 -7.73970449e-09 -7.74632564e-09 -7.75055398e-09 -7.75236941e-09 -7.75176390e-09 -7.74874054e-09 -7.74331266e-09 -7.73550535e-09 -7.72535413e-09 -7.71290531e-09 -7.69821606e-09 -7.68135222e-09 -7.66239072e-09 -7.64141628e-09 -7.61852353e-09 -7.59381424e-09 -7.56739815e-09 -7.53939211e-09 -7.50991841e-09 -7.47910583e-09 -7.44708739e-09 -7.41400064e-09 -7.37998679e-09 -7.34518940e-09 -7.30975425e-09 -7.27382848e-09 -7.23756022e-09 -7.20109761e-09 -7.16458753e-09 -7.12817660e-09 -7.09200898e-09 -7.05622705e-09 -7.02096969e-09 -6.98637270e-09 -6.95256808e-09 -6.91968327e-09 -6.88784169e-09 -6.85716117e-09 -6.82775414e-09 -6.79972800e-09 -6.77318357e-09 -6.74821587e-09 -6.72491329e-09 -6.70335831e-09 -6.68362610e-09 -6.66578509e-09 -6.64989697e-09 -6.63601618e-09 -6.62419031e-09 -6.61445965e-09 -6.60685717e-09 -6.60140836e-09 -6.59813160e-09 -6.59703825e-09
-5.67666175e-09 -5.67853209e-09 -5.68413838e-09 -5.69346487e-09 -5.70648517e-09 -5.72316361e-09 -5.74345271e-09 -5.76729464e-09 -5.79462167e-09 -5.82535381e-09 -5.85940085e-09 -5.89666127e-09 -5.93702215e-09 -5.98036021e-09 -6.02653871e-09 -6.07541117e-09 -6.12681900e-09 -6.18059282e-09 -6.23655105e-09 -6.29450148e-09 -6.35424169e-09 -6.41555786e-09 -6.47822673e-09 -6.54201571e-09 -6.60668270e-09 -6.67197797e-09 -6.73764483e-09 -6.80342016e-09 -6.86903462e-09 -6.93421598e-09 -6.99868907e-09 -7.06217596e-09 -7.12439974e-09 -7.18508453e-09 -7.24395710e-09 -7.30074867e-09 -7.35519717e-09 -7.40704742e-09 -7.45605339e-09 -7.50198120e-09 -7.54460833e-09 -7.58372637e-09 -7.61914348e-09 -7.65068314e-09 -7.67818870e-09 -7.70152131e-09 -7.72056352e-09 -7.73521869e-09 -7.74541214e-09 -7.75109210e-09 -7.75222930e-09 -7.74881864e-09 -7.74087661e-09 -7.72844455e-09 -7.71158520e-09 -7.69038422e-09 -7.66494929e-09 -7.63540831e-09 -7.60190871e-09 -7.56461815e-09 -7.52372048e-09 -7.47941620e-09 -7.43192102e-09 -7.38146277e-09 -7.32828187e-09 -7.27262950e-09 -7.21476429e-09 -7.15495146e-09 -7.09346287e-09 -7.03057279e-09 -6.96655855e-09 -6.90169677e-09 -6.83626455e-09 -6.77053558e-09 -6.70478129e-09 -6.63926780e-09 -6.57425492e-09 -6.50999599e-09 -6.44673753e-09 -6.38471664e-09 -6.32416092e-09 -6.26528973e-09 -6.20831042e-09 -6.15342116e-09 -6.10080836e-09 -6.05064782e-09 -6.00310313e-09 -5.95832739e-09 -5.91646176e-09 -5.87763621e-09 -5.84196902e-09 -5.80956727e-09 -5.78052745e-09 -5.75493342e-09 -5.73286002e-09 -5.71436998e-09 -5.69951530e-09 -5.68833775e-09 -5.68086889e-09 -5.67712954e-09 -5.67712954e-09 -5.68086889e-09 -5.68833775e-09 -5.69951530e-09 -5.71436976e-09 -5.73285996e-09 -5.75493342e-09 -5.78052745e-09 -5.80956722e-09 -5.84196902e-09 -5.87763616e-09 -5.91646182e-09 -5.95832739e-09 -6.00310318e-09 -6.05064782e-09 -6.10080836e-09 -6.15342116e-09 -6.20831042e-09 -6.26528973e-09 -6.32416097e-09 -6.38471659e-09 -6.44673753e-09 -6.50999599e-09 -6.57425486e-09 -6.63926780e-09 -6.70478129e-09 -6.77053558e-09 -6.83626455e-09 -6.90169677e-09 -6.96655861e-09 -7.03057279e-09 -7.09346287e-09 -7.15495141e-09 -7.21476423e-09 -7.27262950e-09 -7.32828187e-09 -7.38146277e-09 -7.43192102e-09 -7.47941620e-09 -7.52372048e-09 -7.56461815e-09 -7.60190871e-09 -7.63540831e-09 -7.66494929e-09 -7.69038438e-09 -7.71158498e-09 -7.72844455e-09 -7.74087661e-09 -7.74881864e-09 -7.75222930e-09 -7.75109210e-09 -7.74541198e-09 -7.73521869e-09 -7.72056352e-09 -7.70152103e-09 -7.67818870e-09 -7.65068320e-09 -7.61914348e-09 -7.58372637e-09 -7.54460833e-09 -7.50198120e-09 -7.45605344e-09 -7.40704720e-09 -7.35519717e-09 -7.30074867e-09 -7.24395710e-09 -7.18508453e-09 -7.12439974e-09 -7.06217573e-09 -6.99868907e-09 -6.93421620e-09 -6.86903456e-09 -6.80342016e-09 -6.73764483e-09 -6.67197797e-09 -6.60668248e-09 -6.54201571e-09 -6.47822673e-09 -6.41555781e-09 -6.35424158e-09 -6.29450153e-09 -6.23655083e-09 -6.18059259e-09 -6.12681900e-09 -6.07541129e-09 -6.02653871e-09 -5.98036021e-09 -5.93702243e-09 -5.89666127e-09 -5.85940085e-09 -5.82535381e-09 -5.79462145e-09 -5.76729486e-09 -5.74345271e-09 -5.72316361e-09 -5.70648517e-09 -5.69346487e-09 -5.68413844e-09 -5.67853209e-09 -5.67666175e-09
-4.60682847e-09 -4.60947269e-09 -4.61740018e-09 -4.63059630e-09 -4.64903505e-09 -4.67267997e-09 -4.70148454e-09 -4.73539008e-09 -4.77432549e-09 -4.81820789e-09 -4.86694002e-09 -4.92041180e-09 -4.97849723e-09 -5.04105491e-09 -5.10792730e-09 -5.17893883e-09 -5.25389743e-09 -5.33259076e-09 -5.41478895e-09 -5.50024237e-09 -5.58868107e-09 -5.67981562e-09 -5.77333753e-09 -5.86891757e-09 -5.96620930e-09 -6.06484685e-09 -6.16444745e-09 -6.26461288e-09 -6.36492975e-09 -6.46497234e-09 -6.56430466e-09 -6.66248207e-09 -6.75905287e-09 -6.85356399e-09 -6.94556002e-09 -7.03458997e-09 -7.12020665e-09 -7.20197380e-09 -7.27946636e-09 -7.35227490e-09 -7.42000983e-09 -7.48230278e-09 -7.53881158e-09 -7.58922181e-09 -7.63325053e-09 -7.67064889e-09 -7.70120345e-09 -7.72473896e-09 -7.74111941e-09 -7.75025100e-09 -7.75207970e-09 -7.74659586e-09 -7.73383035e-09 -7.71385822e-09 -7.68679354e-09 -7.65279290e-09 -7.61205027e-09 -7.56479734e-09 -7.51130047e-09 -7.45185857e-09 -7.38680028e-09 -7.31648092e-09 -7.24128030e-09 -7.16159837e-09 -7.07785236e-09 -6.99047398e-09 -6.89990454e-09 -6.80659451e-09 -6.71099643e-09 -6.61356603e-09 -6.51475496e-09 -6.41501219e-09 -6.31477870e-09 -6.21448526e-09 -6.11455153e-09 -6.01538330e-09 -5.91737204e-09 -5.82089144e-09 -5.72629816e-09 -5.63393016e-09 -5.54410629e-09 -5.45712542e-09 -5.37326716e-09 -5.29279121e-09 -5.21593779e-09 -5.14292742e-09 -5.07396214e-09 -5.00922670e-09 -4.94888652e-09 -4.89309121e-09 -4.84197432e-09 -4.79565387e-09 -4.75423378e-09 -4.71780398e-09 -4.68644068e-09 -4.66020944e-09 -4.63916233e-09 -4.62334099e-09 -4.61277666e-09 -4.60748961e-09 -4.60748950e-09 -4.61277666e-09 -4.62334099e-09 -4.63916233e-09 -4.66020944e-09 -4.68644062e-09 -4.71780398e-09 -4.75423378e-09 -4.79565387e-09 -4.84197432e-09 -4.89309121e-09 -4.94888652e-09 -5.00922670e-09 -5.07396219e-09 -5.14292742e-09 -5.21593779e-09 -5.29279115e-09 -5.37326716e-09 -5.45712542e-09 -5.54410629e-09 -5.63393016e-09 -5.72629816e-09 -5.82089144e-09 -5.91737204e-09 -6.01538341e-09 -6.11455131e-09 -6.21448526e-09 -6.31477870e-09 -6.41501219e-09 -6.51475496e-09 -6.61356603e-09 -6.71099643e-09 -6.80659451e-09 -6.89990487e-09 -6.99047398e-09 -7.07785236e-09 -7.16159837e-09 -7.24128052e-09 -7.31648109e-09 -7.38680006e-09 -7.45185857e-09 -7.51130047e-09 -7.56479734e-09 -7.61205027e-09 -7.65279273e-09 -7.68679354e-09 -7.71385822e-09 -7.73383058e-09 -7.74659586e-09 -7.75207987e-09 -7.75025100e-09 -7.74111975e-09 -7.72473896e-09 -7.70120345e-09 -7.67064889e-09 -7.63325053e-09 -7.58922181e-09 -7.53881146e-09 -7.48230278e-09 -7.42000983e-09 -7.35227490e-09 -7.27946636e-09 -7.20197380e-09 -7.12020676e-09 -7.03458997e-09 -6.94556002e-09 -6.85356399e-09 -6.75905309e-09 -6.66248201e-09 -6.56430466e-09 -6.46497234e-09 -6.36492975e-09 -6.26461288e-09 -6.16444740e-09 -6.06484685e-09 -5.96620930e-09 -5.86891757e-09 -5.77333759e-09 -5.67981562e-09 -5.58868107e-09 -5.50024232e-09 -5.41478901e-09 -5.33259098e-09 -5.25389721e-09 -5.17893906e-09 -5.10792741e-09 -5.04105491e-09 -4.97849728e-09 -4.92041180e-09 -4.86694007e-09 -4.81820789e-09 -4.77432549e-09 -4.73539008e-09 -4.70148476e-09 -4.67268013e-09 -4.64903505e-09 -4.63059635e-09 -4.61740018e-09 -4.60947269e-09 -4.60682847e-09
-3.48286588e-09 -3.48612861e-09 -3.49591445e-09 -3.51221641e-09 -3.53502250e-09 -3.56431512e-09 -3.60006969e-09 -3.64225439e-09 -3.69082814e-09 -3.74573872e-09 -3.80692250e-09 -3.87430144e-09 -3.94778088e-09 -4.02724842e-09 -4.11257112e-09 -4.20359347e-09 -4.30013530e-09 -4.40199027e-09 -4.50892290e-09 -4.62066724e-09 -4.73692641e-09 -4.85736951e-09 -4.98163172e-09 -5.10931381e-09 -5.23998106e-09 -5.37316464e-09 -5.50836132e-09 -5.64503522e-09 -5.78261927e-09 -5.92051763e-09 -6.05810829e-09 -6.19474677e-09 -6.32976960e-09 -6.46249820e-09 -6.59224536e-09 -6.71831824e-09 -6.84002577e-09 -6.95668301e-09 -7.06761866e-09 -7.17217996e-09 -7.26973937e-09 -7.35970140e-09 -7.44150752e-09 -7.51464257e-09 -7.57864055e-09 -7.63308822e-09 -7.67763181e-09 -7.71197922e-09 -7.73590375e-09 -7.74924691e-09 -7.75191988e-09 -7.74390513e-09 -7.72525582e-09 -7.69609576e-09 -7.65661784e-09 -7.60708152e-09 -7.54781093e-09 -7.47918927e-09 -7.40165734e-09 -7.31570593e-09 -7.22187293e-09 -7.12073595e-09 -7.01290725e-09 -6.89902790e-09 -6.77976075e-09 -6.65578437e-09 -6.52778764e-09 -6.39646341e-09 -6.26250224e-09 -6.12658757e-09 -5.98939143e-09 -5.85156762e-09 -5.71375014e-09 -5.57654833e-09 -5.44054402e-09 -5.30628896e-09 -5.17430271e-09 -5.04507158e-09 -4.91904750e-09 -4.79664708e-09 -4.67825245e-09 -4.56421134e-09 -4.45483761e-09 -4.35041275e-09 -4.25118674e-09 -4.15738055e-09 -4.06918721e-09 -3.98677397e-09 -3.91028521e-09 -3.83984322e-09 -3.77555104e-09 -3.71749498e-09 -3.66574554e-09 -3.62036068e-09 -3.58138641e-09 -3.54885937e-09 -3.52280738e-09 -3.50325158e-09 -3.49020624e-09 -3.48368145e-09 -3.48368157e-09 -3.49020624e-09 -3.50325158e-09 -3.52280738e-09 -3.54885937e-09 -3.58138641e-09 -3.62036068e-09 -3.66574554e-09 -3.71749487e-09 -3.77555104e-09 -3.83984322e-09 -3.91028521e-09 -3.98677397e-09 -4.06918726e-09 -4.15738055e-09 -4.25118674e-09 -4.35041281e-09 -4.45483767e-09 -4.56421129e-09 -4.67825245e-09 -4.79664702e-09 -4.91904739e-09 -5.04507158e-09 -5.17430276e-09 -5.30628896e-09 -5.44054402e-09 -5.57654833e-09 -5.71375014e-09 -5.85156767e-09 -5.98939148e-09 -6.12658763e-09 -6.26250229e-09 -6.39646353e-09 -6.52778764e-09 -6.65578442e-09 -6.77976075e-09 -6.89902802e-09 -7.01290737e-09 -7.12073595e-09 -7.22187293e-09 -7.31570593e-09 -7.40165729e-09 -7.47918927e-09 -7.54781093e-09 -7.60708152e-09 -7.65661784e-09 -7.69609582e-09 -7.72525582e-09 -7.74390513e-09 -7.75191988e-09 -7.74924691e-09 -7.73590375e-09 -7.71197922e-09 -7.67763181e-09 -7.63308822e-09 -7.57864044e-09 -7.51464257e-09 -7.44150758e-09 -7.35970140e-09 -7.26973931e-09 -7.17217996e-09 -7.06761860e-09 -6.95668301e-09 -6.84002577e-09 -6.71831824e-09 -6.59224536e-09 -6.46249820e-09 -6.32976960e-09 -6.19474683e-09 -6.05810835e-09 -5.92051763e-09 -5.78261927e-09 -5.64503522e-09 -5.50836138e-09 -5.37316469e-09 -5.23998112e-09 -5.10931381e-09 -4.98163172e-09 -4.85736951e-09 -4.73692641e-09 -4.62066729e-09 -4.50892290e-09 -4.40199027e-09 -4.30013530e-09 -4.20359347e-09 -4.11257106e-09 -4.02724853e-09 -3.94778099e-09 -3.87430144e-09 -3.80692255e-09 -3.74573861e-09 -3.69082820e-09 -3.64225439e-09 -3.60006969e-09 -3.56431518e-09 -3.53502261e-09 -3.51221635e-09 -3.49591445e-09 -3.48612861e-09 -3.48286588e-09
-2.40215031e-09 -2.40573927e-09 -2.41651010e-09 -2.43447384e-09 -2.45964765e-09 -2.49205528e-09 -2.53172316e-09 -2.57868038e-09 -2.63295530e-09 -2.69457340e-09 -2.76355350e-09 -2.83990464e-09 -2.92362295e-09 -3.01468656e-09 -3.11305226e-09 -3.21865101e-09 -3.33138350e-09 -3.45111600e-09 -3.57767604e-09 -3.71084835e-09 -3.85037052e-09 -3.99593092e-09 -4.14716417e-09 -4.30364910e-09 -4.46490700e-09 -4.63040079e-09 -4.79953383e-09 -4.97165076e-09 -5.14603882e-09 -5.32193056e-09 -5.49850643e-09 -5.67490027e-09 -5.85020299e-09 -6.02347083e-09 -6.19373142e-09 -6.35999198e-09 -6.52124926e-09 -6.67649747e-09 -6.82474038e-09 -6.96500024e-09 -7.09632908e-09 -7.21782001e-09 -7.32861682e-09 -7.42792516e-09 -7.51502205e-09 -7.58926499e-09 -7.65009966e-09 -7.69706815e-09 -7.72981412e-09 -7.74808806e-09 -7.75174969e-09 -7.74077152e-09 -7.71523689e-09 -7.67534186e-09 -7.62138924e-09 -7.55378698e-09 -7.47304224e-09 -7.37975409e-09 -7.27460631e-09 -7.15835913e-09 -7.03183878e-09 -6.89592816e-09 -6.75155631e-09 -6.59968702e-09 -6.44130899e-09 -6.27742425e-09 -6.10903866e-09 -5.93715160e-09 -5.76274617e-09 -5.58678187e-09 -5.41018608e-09 -5.23384669e-09 -5.05860753e-09 -4.88526247e-09 -4.71455197e-09 -4.54716026e-09 -4.38371361e-09 -4.22477869e-09 -4.07086342e-09 -3.92241756e-09 -3.77983389e-09 -3.64345082e-09 -3.51355500e-09 -3.39038458e-09 -3.27413296e-09 -3.16495297e-09 -3.06296033e-09 -2.96823893e-09 -2.88084390e-09 -2.80080753e-09 -2.72814238e-09 -2.66284511e-09 -2.60490141e-09 -2.55428889e-09 -2.51097987e-09 -2.47494575e-09 -2.44615816e-09 -2.42459186e-09 -2.41022646e-09 -2.40304754e-09 -2.40304754e-09 -2.41022646e-09 -2.42459181e-09 -2.44615816e-09 -2.47494575e-09 -2.51097981e-09 -2.55428889e-09 -2.60490141e-09 -2.66284511e-09 -2.72814227e-09 -2.80080753e-09 -2.88084390e-09 -2.96823888e-09 -3.06296039e-09 -3.16495297e-09 -3.27413302e-09 -3.39038458e-09 -3.51355500e-09 -3.64345087e-09 -3.77983389e-09 -3.92241756e-09 -4.07086326e-09 -4.22477875e-09 -4.38371378e-09 -4.54716031e-09 -4.71455197e-09 -4.88526247e-09 -5.05860753e-09 -5.23384669e-09 -5.41018608e-09 -5.58678187e-09 -5.76274617e-09 -5.93715160e-09 -6.10903866e-09 -6.27742425e-09 -6.44130888e-09 -6.59968702e-09 -6.75155631e-09 -6.89592827e-09 -7.03183872e-09 -7.15835913e-09 -7.27460625e-09 -7.37975409e-09 -7.47304230e-09 -7.55378698e-09 -7.62138924e-09 -7.67534186e-09 -7.71523689e-09 -7.74077147e-09 -7.75174969e-09 -7.74808806e-09 -7.72981412e-09 -7.69706815e-09 -7.65009966e-09 -7.58926499e-09 -7.51502205e-09 -7.42792516e-09 -7.32861682e-09 -7.21782001e-09 -7.09632914e-09 -6.96500019e-09 -6.82474038e-09 -6.67649747e-09 -6.52124921e-09 -6.35999198e-09 -6.19373142e-09 -6.02347083e-09 -5.85020299e-09 -5.67490022e-09 -5.49850643e-09 -5.32193056e-09 -5.14603882e-09 -4.97165076e-09 -4.79953383e-09 -4.63040084e-09 -4.46490700e-09 -4.30364899e-09 -4.14716417e-09 -3.99593092e-09 -3.85037052e-09 -3.71084835e-09 -3.57767604e-09 -3.45111600e-09 -3.33138350e-09 -3.21865090e-09 -3.11305226e-09 -3.01468656e-09 -2.92362307e-09 -2.83990464e-09 -2.76355339e-09 -2.69457329e-09 -2.63295530e-09 -2.57868038e-09 -2.53172316e-09 -2.49205528e-09 -2.45964765e-09 -2.43447384e-09 -2.41651010e-09 -2.40573927e-09 -2.40215031e-09
-1.45437706e-09 -1.45790036e-09 -1.46848311e-09 -1.48616408e-09 -1.51100582e-09 -1.54309510e-09 -1.58253849e-09 -1.62946062e-09 -1.68400072e-09 -1.74630854e-09 -1.81653892e-09 -1.89484717e-09 -1.98138406e-09 -2.07628759e-09 -2.17967860e-09 -2.29165120e-09 -2.41226866e-09 -2.54155358e-09 -2.67948019e-09 -2.82596896e-09 -2.98087754e-09 -3.14399418e-09 -3.31503192e-09 -3.49362195e-09 -3.67930980e-09 -3.87154975e-09 -4.06970413e-09 -4.27303920e-09 -4.48072823e-09 -4.69185008e-09 -4.90539492e-09 -5.12026704e-09 -5.33529332e-09 -5.54923019e-09 -5.76077563e-09 -5.96857908e-09 -6.17125606e-09 -6.36740283e-09 -6.55561144e-09 -6.73448736e-09 -6.90266622e-09 -7.05883180e-09 -7.20173210e-09 -7.33019995e-09 -7.44316536e-09 -7.53967405e-09 -7.61889934e-09 -7.68015579e-09 -7.72290898e-09 -7.74678360e-09 -7.75156905e-09 -7.73722314e-09 -7.70387271e-09 -7.65181074e-09 -7.58149332e-09 -7.49353152e-09 -7.38868300e-09 -7.26783944e-09 -7.13201509e-09 -6.98233049e-09 -6.81999762e-09 -6.64630234e-09 -6.46258719e-09 -6.27023405e-09 -6.07064587e-09 -5.86523080e-09 -5.65538538e-09 -5.44247808e-09 -5.22783705e-09 -5.01273656e-09 -4.79838624e-09 -4.58592120e-09 -4.37639491e-09 -4.17077345e-09 -3.96993127e-09 -3.77464859e-09 -3.58561064e-09 -3.40340933e-09 -3.22854404e-09 -3.06142589e-09 -2.90238233e-09 -2.75166179e-09 -2.60944022e-09 -2.47582799e-09 -2.35087699e-09 -2.23458752e-09 -2.12691548e-09 -2.02778205e-09 -1.93707811e-09 -1.85467375e-09 -1.78042348e-09 -1.71417419e-09 -1.65576930e-09 -1.60505625e-09 -1.56189017e-09 -1.52613844e-09 -1.49768487e-09 -1.47643275e-09 -1.46230750e-09 -1.45525764e-09 -1.45525769e-09 -1.46230744e-09 -1.47643275e-09 -1.49768487e-09 -1.52613844e-09 -1.56189012e-09 -1.60505625e-09 -1.65576930e-09 -1.71417419e-09 -1.78042359e-09 -1.85467375e-09 -1.93707811e-09 -2.02778205e-09 -2.12691548e-09 -2.23458724e-09 -2.35087694e-09 -2.47582799e-09 -2.60944027e-09 -2.75166179e-09 -2.90238211e-09 -3.06142589e-09 -3.22854399e-09 -3.40340928e-09 -3.58561064e-09 -3.77464843e-09 -3.96993127e-09 -4.17077345e-09 -4.37639491e-09 -4.58592131e-09 -4.79838624e-09 -5.01273661e-09 -5.22783705e-09 -5.44247813e-09 -5.65538538e-09 -5.86523086e-09 -6.07064593e-09 -6.27023383e-09 -6.46258713e-09 -6.64630234e-09 -6.81999762e-09 -6.98233049e-09 -7.13201509e-09 -7.26783944e-09 -7.38868300e-09 -7.49353157e-09 -7.58149332e-09 -7.65181074e-09 -7.70387265e-09 -7.73722320e-09 -7.75156905e-09 -7.74678360e-09 -7.72290903e-09 -7.68015579e-09 -7.61889934e-09 -7.53967405e-09 -7.44316542e-09 -7.33019989e-09 -7.20173210e-09 -7.05883185e-09 -6.90266622e-09 -6.73448736e-09 -6.55561144e-09 -6.36740283e-09 -6.17125606e-09 -5.96857908e-09 -5.76077563e-09 -5.54923035e-09 -5.33529321e-09 -5.12026710e-09 -4.90539492e-09 -4.69185008e-09 -4.48072823e-09 -4.27303926e-09 -4.06970407e-09 -3.87154975e-09 -3.67930980e-09 -3.49362195e-09 -3.31503192e-09 -3.14399418e-09 -2.98087760e-09 -2.82596901e-09 -2.67948019e-09 -2.54155363e-09 -2.41226866e-09 -2.29165120e-09 -2.17967860e-09 -2.07628759e-09 -1.98138400e-09 -1.89484722e-09 -1.81653892e-09 -1.74630854e-09 -1.68400077e-09 -1.62946062e-09 -1.58253843e-09 -1.54309515e-09 -1.51100582e-09 -1.48616391e-09 -1.46848311e-09 -1.45790036e-09 -1.45437712e-09
-7.12884973e-10 -7.15903836e-10 -7.24984850e-10 -7.40201400e-10 -7.61673891e-10 -7.89568799e-10 -8.24094237e-10 -8.65499616e-10 -9.14066989e-10 -9.70110325e-10 -1.03396580e-09 -1.10598741e-09 -1.18653770e-09 -1.27598043e-09 -1.37467077e-09 -1.48294427e-09 -1.60110930e-09 -1.72943193e-09 -1.86812682e-09 -2.01734501e-09 -2.17716167e-09 -2.34756459e-09 -2.52844234e-09 -2.71957501e-09 -2.92062213e-09 -3.13111659e-09 -3.35045525e-09 -3.57789665e-09 -3.81255494e-09 -4.05340067e-09 -4.29926239e-09 -4.54883076e-09 -4.80066620e-09 -5.05320918e-09 -5.30479294e-09 -5.55366025e-09 -5.79798132e-09 -6.03587591e-09 -6.26543550e-09 -6.48474907e-09 -6.69192973e-09 -6.88514112e-09 -7.06262526e-09 -7.22273019e-09 -7.36393418e-09 -7.48487361e-09 -7.58436242e-09 -7.66141350e-09 -7.71525538e-09 -7.74534531e-09 -7.75137865e-09 -7.73329434e-09 -7.69127528e-09 -7.62574609e-09 -7.53736595e-09 -7.42701556e-09 -7.29578398e-09 -7.14494841e-09 -6.97595504e-09 -6.79039347e-09 -6.58997229e-09 -6.37649189e-09 -6.15181706e-09 -5.91785115e-09 -5.67650577e-09 -5.42967904e-09 -5.17922888e-09 -4.92695112e-09 -4.67455985e-09 -4.42367043e-09 -4.17578322e-09 -3.93227456e-09 -3.69438474e-09 -3.46321527e-09 -3.23972338e-09 -3.02472303e-09 -2.81888535e-09 -2.62274552e-09 -2.43670528e-09 -2.26104441e-09 -2.09592710e-09 -1.94141409e-09 -1.79747173e-09 -1.66398628e-09 -1.54077290e-09 -1.42758955e-09 -1.32414824e-09 -1.23012522e-09 -1.14517351e-09 -1.06893322e-09 -1.00103975e-09 -9.41133671e-10 -8.88868867e-10 -8.43919989e-10 -8.05987888e-10 -7.74806330e-10 -7.50146389e-10 -7.31819716e-10 -7.19683202e-10 -7.13639370e-10 -7.13639370e-10 -7.19683202e-10 -7.31819716e-10 -7.50146389e-10 -7.74806219e-10 -8.05987943e-10 -8.43919989e-10 -8.88868978e-10 -9.41133615e-10 -1.00103958e-09 -1.06893322e-09 -1.14517346e-09 -1.23012528e-09 -1.32414801e-09 -1.42758955e-09 -1.54077306e-09 -1.66398628e-09 -1.79747178e-09 -1.94141409e-09 -2.09592710e-09 -2.26104441e-09 -2.43670528e-09 -2.62274552e-09 -2.81888535e-09 -3.02472275e-09 -3.23972338e-09 -3.46321549e-09 -3.69438480e-09 -3.93227456e-09 -4.17578322e-09 -4.42367026e-09 -4.67455985e-09 -4.92695107e-09 -5.17922877e-09 -5.42967904e-09 -5.67650577e-09 -5.91785115e-09 -6.15181706e-09 -6.37649189e-09 -6.58997251e-09 -6.79039347e-09 -6.97595515e-09 -7.14494841e-09 -7.29578381e-09 -7.42701556e-09 -7.53736595e-09 -7.62574609e-09 -7.69127528e-09 -7.73329417e-09 -7.75137865e-09 -7.74534531e-09 -7.71525555e-09 -7.66141350e-09 -7.58436242e-09 -7.48487361e-09 -7.36393402e-09 -7.22273019e-09 -7.06262526e-09 -6.88514118e-09 -6.69192973e-09 -6.48474907e-09 -6.26543539e-09 -6.03587591e-09 -5.79798132e-09 -5.55366020e-09 -5.30479294e-09 -5.05320918e-09 -4.80066620e-09 -4.54883065e-09 -4.29926239e-09 -4.05340067e-09 -3.81255494e-09 -3.57789665e-09 -3.35045525e-09 -3.13111659e-09 -2.92062213e-09 -2.71957501e-09 -2.52844234e-09 -2.34756470e-09 -2.17716167e-09 -2.01734501e-09 -1.86812665e-09 -1.72943193e-09 -1.60110930e-09 -1.48294443e-09 -1.37467060e-09 -1.27598065e-09 -1.18653770e-09 -1.10598758e-09 -1.03396580e-09 -9.70110325e-10 -9.14067044e-10 -8.65499561e-10 -8.24094237e-10 -7.89568577e-10 -7.61673891e-10 -7.40201400e-10 -7.24984850e-10 -7.15904003e-10 -7.12884973e-10
-2.24111563e-10 -2.26729191e-10 -2.34368247e-10 -2.46104137e-10 -2.62075528e-10 -2.82082302e-10 -3.07088188e-10 -3.37565198e-10 -3.73957199e-10 -4.16761847e-10 -4.66524597e-10 -5.23830646e-10 -5.89295501e-10 -6.63555211e-10 -7.47254647e-10 -8.41035630e-10 -9.45522216e-10 -1.06130560e-09 -1.18892823e-09 -1.32886741e-09 -1.48151724e-09 -1.64717162e-09 -1.82600546e-09 -2.01805694e-09 -2.22321317e-09 -2.44119192e-09 -2.67152950e-09 -2.91357011e-09 -3.16645554e-09 -3.42912038e-09 -3.70029007e-09 -3.97848382e-09 -4.26201935e-09 -4.54902582e-09 -4.83745799e-09 -5.12511655e-09 -5.40967371e-09 -5.68870073e-09 -5.95970118e-09 -6.22014745e-09 -6.46751736e-09 -6.69933498e-09 -6.91321234e-09 -7.10688852e-09 -7.27827232e-09 -7.42547596e-09 -7.54685353e-09 -7.64102975e-09 -7.70692726e-09 -7.74378583e-09 -7.75117903e-09 -7.72902081e-09 -7.67756836e-09 -7.59741647e-09 -7.48948570e-09 -7.35500538e-09 -7.19549065e-09 -7.01271080e-09 -6.80866091e-09 -6.58552202e-09 -6.34562336e-09 -6.09140210e-09 -5.82536208e-09 -5.55003332e-09 -5.26793265e-09 -4.98152664e-09 -4.69319794e-09 -4.40521264e-09 -4.11969647e-09 -3.83860943e-09 -3.56372970e-09 -3.29664002e-09 -3.03871872e-09 -2.79113566e-09 -2.55485211e-09 -2.33062425e-09 -2.11901058e-09 -1.92038235e-09 -1.73493542e-09 -1.56270485e-09 -1.40358236e-09 -1.25733135e-09 -1.12360510e-09 -1.00196651e-09 -8.91903051e-10 -7.92845345e-10 -7.04184544e-10 -6.25285601e-10 -5.55503865e-10 -4.94196850e-10 -4.40737835e-10 -3.94524746e-10 -3.54991925e-10 -3.21616622e-10 -2.93926772e-10 -2.71508094e-10 -2.53549515e-10 -2.39790909e-10 -2.29944119e-10 -2.24765262e-10 -2.24765428e-10 -2.29944119e-10 -2.39790965e-10 -2.53549459e-10 -2.71508094e-10 -2.93926883e-10 -3.21616733e-10 -3.54991814e-10 -3.94524746e-10 -4.40737835e-10 -4.94196628e-10 -5.55503865e-10 -6.25285601e-10 -7.04184488e-10 -7.92845511e-10 -8.91903107e-10 -1.00196651e-09 -1.12360521e-09 -1.25733124e-09 -1.40358236e-09 -1.56270485e-09 -1.73493542e-09 -1.92038241e-09 -2.11901058e-09 -2.33062430e-09 -2.55485216e-09 -2.79113571e-09 -3.03871872e-09 -3.29664007e-09 -3.56372981e-09 -3.83860943e-09 -4.11969647e-09 -4.40521264e-09 -4.69319794e-09 -4.98152669e-09 -5.26793265e-09 -5.55003332e-09 -5.82536208e-09 -6.09140205e-09 -6.34562336e-09 -6.58552213e-09 -6.80866091e-09 -7.01271086e-09 -7.19549054e-09 -7.35500538e-09 -7.48948570e-09 -7.59741647e-09 -7.67756847e-09 -7.72902081e-09 -7.75117903e-09 -7.74378583e-09 -7.70692726e-09 -7.64102975e-09 -7.54685353e-09 -7.42547596e-09 -7.27827237e-09 -7.10688858e-09 -6.91321228e-09 -6.69933498e-09 -6.46751741e-09 -6.22014751e-09 -5.95970118e-09 -5.68870073e-09 -5.40967371e-09 -5.12511655e-09 -4.83745799e-09 -4.54902582e-09 -4.26201940e-09 -3.97848371e-09 -3.70028996e-09 -3.42912038e-09 -3.16645554e-09 -2.91357016e-09 -2.67152939e-09 -2.44119186e-09 -2.22321295e-09 -2.01805694e-09 -1.82600551e-09 -1.64717168e-09 -1.48151735e-09 -1.32886741e-09 -1.18892834e-09 -1.06130560e-09 -9.45522216e-10 -8.41035741e-10 -7.47254592e-10 -6.63555100e-10 -5.89295335e-10 -5.23830701e-10 -4.66524541e-10 -4.16761847e-10 -3.73957199e-10 -3.37565309e-10 -3.07088299e-10 -2.82082024e-10 -2.62075583e-10 -2.46104137e-10 -2.34368358e-10 -2.26729246e-10 -2.24111674e-10
3.56176877e-09 3.48283935e-09 3.25029581e-09 2.88660207e-09 2.44228537e-09 1.94642391e-09 1.45454548e-09 1.00054010e-09 6.11875772e-10 2.99967828e-10 6.64778232e-11 -9.56130175e-11 -2.01158479e-10 -2.70169997e-10 -3.30095506e-10 -3.99134836e-10 -4.79103979e-10 -5.70978653e-10 -6.75700051e-10 -7.94155297e-10 -9.27150412e-10 -1.07538872e-09 -1.23944355e-09 -1.41973211e-09 -1.61649094e-09 -1.82975013e-09 -2.05931078e-09 -2.30472330e-09 -2.56527183e-09 -2.83995871e-09 -3.12749771e-09 -3.42630951e-09 -3.73452524e-09 -4.04999634e-09 -4.37031078e-09 -4.69281580e-09 -5.01465003e-09 -5.33278011e-09 -5.64404307e-09 -5.94519667e-09 -6.23297175e-09 -6.50412924e-09 -6.75551826e-09 -6.98413705e-09 -7.18718884e-09 -7.36213912e-09 -7.50676649e-09 -7.61920926e-09 -7.69800462e-09 -7.74211900e-09 -7.75097131e-09 -7.72444403e-09 -7.66288799e-09 -7.56711216e-09 -7.43836842e-09 -7.27832333e-09 -7.08902403e-09 -6.87285440e-09 -6.63248650e-09 -6.37082731e-09 -6.09096057e-09 -5.79608816e-09 -5.48947132e-09 -5.17437321e-09 -4.85400264e-09 -4.53146354e-09 -4.20970875e-09 -3.89149885e-09 -3.57936991e-09 -3.27560462e-09 -2.98221370e-09 -2.70092138e-09 -2.43316123e-09 -2.18007368e-09 -1.94251476e-09 -1.72106490e-09 -1.51604579e-09 -1.32753941e-09 -1.15540927e-09 -9.99325123e-10 -8.58788873e-10 -7.33158700e-10 -6.21676710e-10 -5.23493360e-10 -4.37691605e-10 -3.63310382e-10 -2.99365310e-10 -2.38781772e-10 -1.54234514e-10 -2.28684294e-11 1.73640435e-10 4.44825843e-10 7.98785704e-10 1.22289501e-09 1.70046444e-09 2.19720386e-09 2.67054134e-09 3.08344761e-09 3.38570638e-09 3.54192564e-09 3.54192564e-09 3.38570638e-09 3.08344761e-09 2.67054145e-09 2.19720375e-09 1.70046466e-09 1.22289490e-09 7.98785815e-10 4.44825843e-10 1.73640213e-10 -2.28684294e-11 -1.54234403e-10 -2.38781883e-10 -2.99365421e-10 -3.63310382e-10 -4.37691550e-10 -5.23493471e-10 -6.21676710e-10 -7.33158534e-10 -8.58788873e-10 -9.99325123e-10 -1.15540910e-09 -1.32753930e-09 -1.51604573e-09 -1.72106479e-09 -1.94251476e-09 -2.18007368e-09 -2.43316123e-09 -2.70092138e-09 -2.98221370e-09 -3.27560462e-09 -3.57937002e-09 -3.89149885e-09 -4.20970864e-09 -4.53146354e-09 -4.85400276e-09 -5.17437321e-09 -5.48947138e-09 -5.79608811e-09 -6.09096046e-09 -6.37082720e-09 -6.63248650e-09 -6.87285440e-09 -7.08902398e-09 -7.27832333e-09 -7.43836837e-09 -7.56711227e-09 -7.66288788e-09 -7.72444414e-09 -7.75097131e-09 -7.74211922e-09 -7.69800479e-09 -7.61920926e-09 -7.50676649e-09 -7.36213901e-09 -7.18718879e-09 -6.98413705e-09 -6.75551826e-09 -6.50412912e-09 -6.23297175e-09 -5.94519667e-09 -5.64404307e-09 -5.33278022e-09 -5.01465003e-09 -4.69281569e-09 -4.37031084e-09 -4.04999650e-09 -3.73452536e-09 -3.42630946e-09 -3.12749771e-09 -2.83995871e-09 -2.56527194e-09 -2.30472330e-09 -2.05931078e-09 -1.82975013e-09 -1.61649094e-09 -1.41973200e-09 -1.23944344e-09 -1.07538867e-09 -9.27150579e-10 -7.94155297e-10 -6.75700051e-10 -5.70978653e-10 -4.79103979e-10 -3.99134725e-10 -3.30095395e-10 -2.70170164e-10 -2.01158479e-10 -9.56130175e-11 6.64777122e-11 2.99967828e-10 6.11875883e-10 1.00054010e-09 1.45454537e-09 1.94642391e-09 2.44228548e-09 2.88660207e-09 3.25029581e-09 3.48283935e-09 3.56176888e-09
6.22332584e-08 6.11609325e-08 5.80131196e-08 5.29619014e-08 4.66002306e-08 3.94146839e-08 3.20484390e-08 2.49385207e-08 1.85086076e-08 1.30395009e-08 8.69965966e-09 5.40831890e-09 3.08872650e-09 1.56717039e-09 6.38389119e-10 1.17114207e-10 -1.47229173e-10 -2.72483869e-10 -3.48796825e-10 -4.34628555e-10 -5.36306222e-10 -6.55032695e-10 -7.91881893e-10 -9.47767254e-10 -1.12340304e-09 -1.31926770e-09 -1.53556745e-09 -1.77220449e-09 -2.02874451e-09 -2.30439401e-09 -2.59797711e-09 -2.90792679e-09 -3.23227761e-09 -3.56867308e-09 -3.91437849e-09 -4.26630775e-09 -4.62105626e-09 -4.97494923e-09 -5.32409639e-09 -5.66445529e-09 -5.99190270e-09 -6.30231378e-09 -6.59164084e-09 -6.85599799e-09 -7.09174308e-09 -7.29555727e-09 -7.46451884e-09 -7.59616969e-09 -7.68857400e-09 -7.74036013e-09 -7.75075609e-09 -7.71960668e-09 -7.64737712e-09 -7.53514207e-09 -7.38455963e-09 -7.19783433e-09 -6.97766267e-09 -6.72717493e-09 -6.44986037e-09 -6.14949353e-09 -5.83005155e-09 -5.49563123e-09 -5.15036602e-09 -4.79834839e-09 -4.44355347e-09 -4.08977124e-09 -3.74054721e-09 -3.39913209e-09 -3.06844028e-09 -2.75101969e-09 -2.44903225e-09 -2.16424478e-09 -1.89802751e-09 -1.65136260e-09 -1.42486184e-09 -1.21878696e-09 -1.03308051e-09 -8.67395433e-10 -7.21130544e-10 -5.93467830e-10 -4.83408813e-10 -3.89810795e-10 -3.11332182e-10 -2.21006657e-10 -3.80797061e-11 3.37071926e-10 1.04114295e-09 2.24080499e-09 4.13590795e-09 6.92327429e-09 1.07326449e-08 1.56528766e-08 2.16005918e-08 2.84045583e-08 3.57394480e-08 4.30921520e-08 4.98755682e-08 5.56858750e-08 5.98360550e-08 6.19580875e-08 6.19580875e-08 5.98360549e-08 5.56858750e-08 4.98755682e-08 4.30921520e-08 3.57394478e-08 2.84045583e-08 2.16005920e-08 1.56528766e-08 1.07326449e-08 6.92327418e-09 4.13590806e-09 2.24080499e-09 1.04114284e-09 3.37072037e-10 -3.80797061e-11 -2.21006546e-10 -3.11332182e-10 -3.89810684e-10 -4.83408868e-10 -5.93467830e-10 -7.21130544e-10 -8.67395378e-10 -1.03308051e-09 -1.21878696e-09 -1.42486178e-09 -1.65136271e-09 -1.89802751e-09 -2.16424478e-09 -2.44903231e-09 -2.75101963e-09 -3.06844017e-09 -3.39913203e-09 -3.74054721e-09 -4.08977124e-09 -4.44355347e-09 -4.79834839e-09 -5.15036608e-09 -5.49563112e-09 -5.83005161e-09 -6.14949353e-09 -6.44986015e-09 -6.72717504e-09 -6.97766273e-09 -7.19783416e-09 -7.38455963e-09 -7.53514201e-09 -7.64737712e-09 -7.71960668e-09 -7.75075609e-09 -7.74036024e-09 -7.68857400e-09 -7.59616975e-09 -7.46451889e-09 -7.29555727e-09 -7.09174308e-09 -6.85599799e-09 -6.59164090e-09 -6.30231389e-09 -5.99190275e-09 -5.66445529e-09 -5.32409627e-09 -4.97494923e-09 -4.62105626e-09 -4.26630775e-09 -3.91437871e-09 -3.56867308e-09 -3.23227761e-09 -2.90792679e-09 -2.59797694e-09 -2.30439390e-09 -2.02874451e-09 -1.77220449e-09 -1.53556745e-09 -1.31926770e-09 -1.12340304e-09 -9.47767254e-10 -7.91881949e-10 -6.55032750e-10 -5.36306277e-10 -4.34628333e-10 -3.48796880e-10 -2.72483924e-10 -1.47229173e-10 1.17114207e-10 6.38389008e-10 1.56717039e-09 3.08872661e-09 5.40831890e-09 8.69965988e-09 1.30395008e-08 1.85086076e-08 2.49385206e-08 3.20484390e-08 3.94146840e-08 4.66002305e-08 5.29619013e-08 5.80131196e-08 6.11609325e-08 6.22332584e-08
5.35426378e-07 5.27054613e-07 5.02608499e-07 4.65299607e-07 4.16001876e-07 3.60245334e-07 3.00771318e-07 2.42001323e-07 1.87370078e-07 1.39145016e-07 9.86227474e-08 6.64907196e-08 4.23354354e-08 2.53369308e-08 1.40925391e-08 7.15919857e-09 3.21503291e-09 1.16892418e-09 2.17322826e-10 -1.72618808e-10 -3.16378312e-10 -3.98159061e-10 -4.96819030e-10 -6.16802720e-10 -7.59423080e-10 -9.25743482e-10 -1.11652526e-09 -1.33217959e-09 -1.57271784e-09 -1.83771015e-09 -2.12625006e-09 -2.43692594e-09 -2.76780643e-09 -3.11643383e-09 -3.47983514e-09 -3.85454374e-09 -4.23663837e-09 -4.62179606e-09 -5.00536040e-09 -5.38242173e-09 -5.74791004e-09 -6.09669820e-09 -6.42370945e-09 -6.72403055e-09 -6.99302682e-09 -7.22645088e-09 -7.42054573e-09 -7.57213969e-09 -7.67872566e-09 -7.73852515e-09 -7.75053566e-09 -7.71455488e-09 -7.63118752e-09 -7.50182866e-09 -7.32862748e-09 -7.11443293e-09 -6.86272006e-09 -6.57750354e-09 -6.26323804e-09 -5.92471150e-09 -5.56693303e-09 -5.19501819e-09 -4.81407936e-09 -4.42911841e-09 -4.04492917e-09 -3.66601088e-09 -3.29649330e-09 -2.94007557e-09 -2.59998190e-09 -2.27892949e-09 -1.97911287e-09 -1.70220227e-09 -1.44935441e-09 -1.22123295e-09 -1.01804210e-09 -8.39565528e-10 -6.85210555e-10 -5.54058077e-10 -4.44913772e-10 -3.56359831e-10 -2.61790978e-10 -2.39046560e-11 5.93892602e-10 2.01023886e-09 4.88141583e-09 1.01768705e-08 1.90780259e-08 3.30292995e-08 5.34333120e-08 8.15510350e-08 1.17715506e-07 1.62411286e-07 2.14225955e-07 2.71258599e-07 3.30539930e-07 3.88498785e-07 4.41828651e-07 4.85507258e-07 5.16636396e-07 5.33334836e-07 5.33334836e-07 5.16636396e-07 4.85507258e-07 4.41828651e-07 3.88498785e-07 3.30539930e-07 2.71258599e-07 2.14225955e-07 1.62411286e-07 1.17715506e-07 8.15510350e-08 5.34333121e-08 3.30292995e-08 1.90780260e-08 1.01768705e-08 4.88141583e-09 2.01023886e-09 5.93892602e-10 -2.39046005e-11 -2.61791200e-10 -3.56359942e-10 -4.44913828e-10 -5.54058022e-10 -6.85210555e-10 -8.39565528e-10 -1.01804210e-09 -1.22123295e-09 -1.44935441e-09 -1.70220227e-09 -1.97911287e-09 -2.27892966e-09 -2.59998190e-09 -2.94007541e-09 -3.29649330e-09 -3.66601088e-09 -4.04492917e-09 -4.42911841e-09 -4.81407936e-09 -5.19501814e-09 -5.56693286e-09 -5.92471150e-09 -6.26323809e-09 -6.57750349e-09 -6.86272011e-09 -7.11443293e-09 -7.32862748e-09 -7.50182866e-09 -7.63118752e-09 -7.71455499e-09 -7.75053566e-09 -7.73852515e-09 -7.67872577e-09 -7.57213980e-09 -7.42054573e-09 -7.22645077e-09 -6.99302682e-09 -6.72403061e-09 -6.42370923e-09 -6.09669820e-09 -5.74791031e-09 -5.38242173e-09 -5.00536040e-09 -4.62179600e-09 -4.23663837e-09 -3.85454368e-09 -3.47983514e-09 -3.11643389e-09 -2.76780632e-09 -2.43692588e-09 -2.12625006e-09 -1.83771032e-09 -1.57271784e-09 -1.33217959e-09 -1.11652526e-09 -9.25743426e-10 -7.59423024e-10 -6.16802720e-10 -4.96818919e-10 -3.98159061e-10 -3.16378312e-10 -1.72618808e-10 2.17322826e-10 1.16892418e-09 3.21503313e-09 7.15919857e-09 1.40925390e-08 2.53369308e-08 4.23354354e-08 6.64907196e-08 9.86227474e-08 1.39145016e-07 1.87370078e-07 2.42001323e-07 3.00771318e-07 3.60245334e-07 4.16001876e-07 4.65299607e-07 5.02608499e-07 5.27054613e-07 5.35426378e-07
2.94761199e-06 2.90630817e-06 2.78738823e-06 2.60320811e-06 2.35686328e-06 2.07467464e-06 1.76703600e-06 1.45794552e-06 1.16187980e-06 8.91837133e-07 6.58152464e-07 4.64040767e-07 3.12205519e-07 1.98708878e-07 1.19017551e-07 6.64719406e-08 3.42190301e-08 1.59472957e-08 6.54063959e-09 2.18966312e-09 4.24845714e-10 -1.80444382e-10 -3.53912455e-10 -4.32546998e-10 -5.32072553e-10 -6.58173405e-10 -8.12313383e-10 -9.95574623e-10 -1.20859006e-09 -1.45147733e-09 -1.72378162e-09 -2.02442685e-09 -2.35168041e-09 -2.70313355e-09 -3.07569870e-09 -3.46562545e-09 -3.86853832e-09 -4.27949504e-09 -4.69306694e-09 -5.10343467e-09 -5.50450807e-09 -5.89005583e-09 -6.25384722e-09 -6.58980343e-09 -6.89214807e-09 -7.15555598e-09 -7.37529549e-09 -7.54735452e-09 -7.66855313e-09 -7.73663095e-09 -7.75031084e-09 -7.70933550e-09 -7.61447505e-09 -7.46750445e-09 -7.27115335e-09 -7.02903047e-09 -6.74552236e-09 -6.42567471e-09 -6.07505612e-09 -5.69961373e-09 -5.30552091e-09 -4.89902685e-09 -4.48630988e-09 -4.07334022e-09 -3.66575487e-09 -3.26875138e-09 -2.88699648e-09 -2.52455923e-09 -2.18486235e-09 -1.87065413e-09 -1.58400465e-09 -1.32631417e-09 -1.09834286e-09 -9.00252928e-10 -7.31660954e-10 -5.91701355e-10 -4.79092210e-10 -3.92206490e-10 -2.93928049e-10 3.57658347e-11 1.09321852e-09 3.91229293e-09 1.04221685e-08 2.37098600e-08 4.81987696e-08 8.98009385e-08 1.55047038e-07 2.50849523e-07 3.83183926e-07 5.55452933e-07 7.70533050e-07 1.02355111e-06 1.30860761e-06 1.61302896e-06 1.92218144e-06 2.21798627e-06 2.48630931e-06 2.70366264e-06 2.85590620e-06 2.93727879e-06 2.93727879e-06 2.85590620e-06 2.70366264e-06 2.48630931e-06 2.21798627e-06 1.92218144e-06 1.61302896e-06 1.30860761e-06 1.02355111e-06 7.70533050e-07 5.55452933e-07 3.83183926e-07 2.50849523e-07 1.55047037e-07 8.98009386e-08 4.81987698e-08 2.37098601e-08 1.04221685e-08 3.91229293e-09 1.09321852e-09 3.57660568e-11 -2.93928104e-10 -3.92206490e-10 -4.79092099e-10 -5.91701355e-10 -7.31660954e-10 -9.00252928e-10 -1.09834286e-09 -1.32631417e-09 -1.58400459e-09 -1.87065413e-09 -2.18486218e-09 -2.52455923e-09 -2.88699648e-09 -3.26875144e-09 -3.66575481e-09 -4.07334022e-09 -4.48630988e-09 -4.89902685e-09 -5.30552091e-09 -5.69961356e-09 -6.07505629e-09 -6.42567471e-09 -6.74552236e-09 -7.02903047e-09 -7.27115324e-09 -7.46750445e-09 -7.61447494e-09 -7.70933550e-09 -7.75031073e-09 -7.73663106e-09 -7.66855313e-09 -7.54735452e-09 -7.37529549e-09 -7.15555604e-09 -6.89214802e-09 -6.58980348e-09 -6.25384711e-09 -5.89005578e-09 -5.50450807e-09 -5.10343467e-09 -4.69306688e-09 -4.27949520e-09 -3.86853838e-09 -3.46562545e-09 -3.07569870e-09 -2.70313355e-09 -2.35168035e-09 -2.02442663e-09 -1.72378145e-09 -1.45147738e-09 -1.20859017e-09 -9.95574623e-10 -8.12313328e-10 -6.58173405e-10 -5.32072275e-10 -4.32546943e-10 -3.53912566e-10 -1.80444326e-10 4.24845603e-10 2.18966312e-09 6.54063959e-09 1.59472957e-08 3.42190301e-08 6.64719407e-08 1.19017551e-07 1.98708878e-07 3.12205519e-07 4.64040767e-07 6.58152464e-07 8.91837133e-07 1.16187980e-06 1.45794552e-06 1.76703600e-06 2.07467464e-06 2.35686328e-06 2.60320811e-06 2.78738823e-06 2.90630817e-06 2.94761199e-06
1.17272137e-05 1.15827512e-05 1.11668868e-05 1.04912541e-05 9.59296918e-06 8.55680395e-06 7.41077793e-06 6.23277956e-06 5.08300103e-06 4.00769671e-06 3.04808636e-06 2.22953611e-06 1.55771125e-06 1.03789453e-06 6.55066428e-07 3.88217035e-07 2.14536633e-07 1.08732272e-07 4.99158214e-08 2.02104926e-08 6.85376855e-09 1.69713843e-09 4.80978590e-11 -3.56293217e-10 -4.40983472e-10 -5.18485310e-10 -6.26800833e-10 -7.67839792e-10 -9.43033984e-10 -1.15324217e-09 -1.39866463e-09 -1.67876629e-09 -1.99221484e-09 -2.33683639e-09 -2.70959544e-09 -3.10659615e-09 -3.52311574e-09 -3.95366134e-09 -4.39206099e-09 -4.83157792e-09 -5.26505323e-09 -5.68506980e-09 -6.08413409e-09 -6.45486908e-09 -6.79021234e-09 -7.08361314e-09 -7.32922045e-09 -7.52205409e-09 -7.65815217e-09 -7.73469444e-09 -7.75008313e-09 -7.70399744e-09 -7.59739949e-09 -7.43250711e-09 -7.21272458e-09 -6.94253954e-09 -6.62738836e-09 -6.27349389e-09 -5.88768717e-09 -5.47721263e-09 -5.04953029e-09 -4.61211919e-09 -4.17228863e-09 -3.73700604e-09 -3.31274208e-09 -2.90534186e-09 -2.51992249e-09 -2.16079860e-09 -1.83143817e-09 -1.53444468e-09 -1.27156685e-09 -1.04373254e-09 -8.51099191e-10 -6.93128277e-10 -5.68661673e-10 -4.76018391e-10 -4.10172452e-10 -2.30503616e-10 6.19385654e-10 3.61224162e-09 1.20835457e-08 3.23735024e-08 7.47967233e-08 1.54560149e-07 2.91189258e-07 5.08627408e-07 8.30576369e-07 1.27954978e-06 1.87483917e-06 2.61902132e-06 3.51414666e-06 4.53685541e-06 5.65684720e-06 6.82594717e-06 7.98940433e-06 9.09261480e-06 1.00664168e-05 1.08622824e-05 1.14071392e-05 1.16909056e-05 1.16909056e-05 1.14071392e-05 1.08622824e-05 1.00664168e-05 9.09261480e-06 7.98940433e-06 6.82594717e-06 5.65684720e-06 4.53685541e-06 3.51414666e-06 2.61902132e-06 1.87483917e-06 1.27954978e-06 8.30576369e-07 5.08627408e-07 2.91189258e-07 1.54560149e-07 7.47967231e-08 3.23735027e-08 1.20835457e-08 3.61224162e-09 6.19385654e-10 -2.30503672e-10 -4.10172396e-10 -4.76018225e-10 -5.68661784e-10 -6.93128221e-10 -8.51099413e-10 -1.04373254e-09 -1.27156691e-09 -1.53444468e-09 -1.83143822e-09 -2.16079854e-09 -2.51992249e-09 -2.90534186e-09 -3.31274219e-09 -3.73700615e-09 -4.17228885e-09 -4.61211919e-09 -5.04953035e-09 -5.47721263e-09 -5.88768717e-09 -6.27349395e-09 -6.62738842e-09 -6.94253965e-09 -7.21272453e-09 -7.43250711e-09 -7.59739932e-09 -7.70399744e-09 -7.75008313e-09 -7.73469455e-09 -7.65815250e-09 -7.52205420e-09 -7.32922051e-09 -7.08361320e-09 -6.79021250e-09 -6.45486914e-09 -6.08413414e-09 -5.68506986e-09 -5.26505323e-09 -4.83157803e-09 -4.39206072e-09 -3.95366134e-09 -3.52311574e-09 -3.10659620e-09 -2.70959555e-09 -2.33683639e-09 -1.99221473e-09 -1.67876613e-09 -1.39866463e-09 -1.15324222e-09 -9.43034040e-10 -7.67839681e-10 -6.26800611e-10 -5.18485310e-10 -4.40983472e-10 -3.56293273e-10 4.80977480e-11 1.69713865e-09 6.85376866e-09 2.02104926e-08 4.99158214e-08 1.08732272e-07 2.14536633e-07 3.88217035e-07 6.55066428e-07 1.03789453e-06 1.55771125e-06 2.22953611e-06 3.04808636e-06 4.00769671e-06 5.08300103e-06 6.23277956e-06 7.41077793e-06 8.55680395e-06 9.59296918e-06 1.04912541e-05 1.11668868e-05 1.15827512e-05 1.17272137e-05
3.65639597e-05 3.61594622e-05 3.49761959e-05 3.30395292e-05 3.04611321e-05 2.74579795e-05 2.40904579e-05 2.05903824e-05 1.71128802e-05 1.37917103e-05 1.07471762e-05 8.08545150e-06 5.84260499e-06 4.04012465e-06 2.65604136e-06 1.65026658e-06 9.61013263e-07 5.17725205e-07 2.54978086e-07 1.12323351e-07 4.30385110e-08 1.35499494e-08 3.02804082e-09 1.03453246e-10 -4.44173864e-10 -5.01918618e-10 -5.57817792e-10 -6.49041876e-10 -7.77987674e-10 -9.46446366e-10 -1.15548626e-09 -1.40533618e-09 -1.69529102e-09 -2.02363237e-09 -2.38758113e-09 -2.78327877e-09 -3.20580351e-09 -3.64922542e-09 -4.10669948e-09 -4.57059851e-09 -5.03268005e-09 -5.48428564e-09 -5.91656890e-09 -6.32073710e-09 -6.68830591e-09 -7.01135594e-09 -7.28277388e-09 -7.49647910e-09 -7.64762015e-09 -7.73273301e-09 -7.74985448e-09 -7.69858910e-09 -7.58012075e-09 -7.39717454e-09 -7.15392556e-09 -6.85586216e-09 -6.50960741e-09 -6.12270779e-09 -5.70339631e-09 -5.26034349e-09 -4.80240059e-09 -4.33834896e-09 -3.87666621e-09 -3.42530998e-09 -2.99153585e-09 -2.58174437e-09 -2.20137159e-09 -1.85481175e-09 -1.54538349e-09 -1.27533123e-09 -1.04585834e-09 -8.57192317e-10 -7.08671899e-10 -5.98851968e-10 -5.25622323e-10 -4.85018414e-10 -2.99507252e-10 1.05137576e-09 6.79870560e-09 2.48780240e-08 7.09431571e-08 1.72135700e-07 3.68276528e-07 7.12633109e-07 1.27053361e-06 2.10931581e-06 3.29754771e-06 4.88879515e-06 6.90494913e-06 9.37175276e-06 1.22335310e-05 1.54277382e-05 1.88537369e-05 2.23659113e-05 2.57999136e-05 2.90157811e-05 3.18236793e-05 3.41012214e-05 3.56595307e-05 3.64624658e-05 3.64624658e-05 3.56595307e-05 3.41012214e-05 3.18236793e-05 2.90157811e-05 2.57999136e-05 2.23659113e-05 1.88537369e-05 1.54277382e-05 1.22335310e-05 9.37175276e-06 6.90494913e-06 4.88879515e-06 3.29754771e-06 2.10931581e-06 1.27053361e-06 7.12633109e-07 3.68276528e-07 1.72135700e-07 7.09431571e-08 2.48780239e-08 6.79870560e-09 1.05137565e-09 -2.99507530e-10 -4.85018414e-10 -5.25622323e-10 -5.98851968e-10 -7.08671954e-10 -8.57192317e-10 -1.04585834e-09 -1.27533106e-09 -1.54538349e-09 -1.85481164e-09 -2.20137159e-09 -2.58174448e-09 -2.99153585e-09 -3.42531004e-09 -3.87666621e-09 -4.33834890e-09 -4.80240059e-09 -5.26034349e-09 -5.70339620e-09 -6.12270767e-09 -6.50960741e-09 -6.85586216e-09 -7.15392551e-09 -7.39717448e-09 -7.58012086e-09 -7.69858910e-09 -7.74985431e-09 -7.73273290e-09 -7.64762020e-09 -7.49647916e-09 -7.28277372e-09 -7.01135594e-09 -6.68830602e-09 -6.32073693e-09 -5.91656885e-09 -5.48428547e-09 -5.03268005e-09 -4.57059862e-09 -4.10669954e-09 -3.64922570e-09 -3.20580351e-09 -2.78327855e-09 -2.38758113e-09 -2.02363237e-09 -1.69529107e-09 -1.40533618e-09 -1.15548626e-09 -9.46446144e-10 -7.77987619e-10 -6.49041876e-10 -5.57817792e-10 -5.01918618e-10 -4.44173864e-10 1.03453024e-10 3.02804082e-09 1.35499494e-08 4.30385110e-08 1.12323351e-07 2.54978086e-07 5.17725205e-07 9.61013263e-07 1.65026658e-06 2.65604136e-06 4.04012465e-06 5.84260499e-06 8.08545150e-06 1.07471762e-05 1.37917103e-05 1.71128802e-05 2.05903824e-05 2.40904579e-05 2.74579795e-05 3.04611321e-05 3.30395292e-05 3.49761959e-05 3.61594622e-05 3.65639597e-05
9.44628910e-05 9.34766406e-05 9.06377818e-05 8.60846780e-05 7.99334533e-05 7.26174098e-05 6.44308513e-05 5.58243713e-05 4.71082574e-05 3.86433597e-05 3.07429162e-05 2.36703229e-05 1.75553047e-05 1.25141156e-05 8.51902756e-06 5.49977881e-06 3.34424718e-06 1.89210032e-06 9.86666953e-07 4.63700375e-07 1.91324981e-07 6.64787771e-08 1.79060918e-08 2.86210988e-09 -3.31909722e-10 -5.97791427e-10 -5.97716376e-10 -6.34252539e-10 -7.10899006e-10 -8.30558178e-10 -9.95371396e-10 -1.20656135e-09 -1.46429102e-09 -1.76754439e-09 -2.11403706e-09 -2.50016619e-09 -2.92100366e-09 -3.37033773e-09 -3.84076487e-09 -4.32383473e-09 -4.81024154e-09 -5.29006300e-09 -5.75303388e-09 -6.18884821e-09 -6.58747923e-09 -6.93950070e-09 -7.23639992e-09 -7.47086759e-09 -7.63705199e-09 -7.73076403e-09 -7.74962639e-09 -7.69315961e-09 -7.56279817e-09 -7.36184025e-09 -7.09532877e-09 -6.76987305e-09 -6.39341863e-09 -5.97497263e-09 -5.52430163e-09 -5.05161235e-09 -4.56722971e-09 -4.08128342e-09 -3.60342028e-09 -3.14254478e-09 -2.70660522e-09 -2.30242414e-09 -1.93557975e-09 -1.61033964e-09 -1.32964373e-09 -1.09513271e-09 -9.07220910e-10 -7.65198460e-10 -6.67364497e-10 -6.11177220e-10 -5.93415095e-10 -5.78441128e-10 5.55317348e-10 7.93129407e-09 3.59150403e-08 1.15709502e-07 3.03781939e-07 6.85720047e-07 1.38308321e-06 2.54060044e-06 4.32462508e-06 6.89280762e-06 1.03909692e-05 1.48975786e-05 2.04901290e-05 2.70770587e-05 3.45838338e-05 4.27880022e-05 5.14090525e-05 6.01582851e-05 6.86316628e-05 7.63639243e-05 8.31883898e-05 8.85506570e-05 9.22802301e-05 9.42160189e-05 9.42160189e-05 9.22802301e-05 8.85506570e-05 8.31883898e-05 7.63639243e-05 6.86316628e-05 6.01582851e-05 5.14090525e-05 4.27880022e-05 3.45838338e-05 2.70770587e-05 2.04901290e-05 1.48975786e-05 1.03909692e-05 6.89280762e-06 4.32462508e-06 2.54060044e-06 1.38308321e-06 6.85720047e-07 3.03781939e-07 1.15709502e-07 3.59150402e-08 7.93129407e-09 5.55317126e-10 -5.78441017e-10 -5.93415261e-10 -6.11177220e-10 -6.67364386e-10 -7.65198460e-10 -9.07220687e-10 -1.09513271e-09 -1.32964351e-09 -1.61033964e-09 -1.93557975e-09 -2.30242414e-09 -2.70660522e-09 -3.14254461e-09 -3.60342028e-09 -4.08128359e-09 -4.56722971e-09 -5.05161246e-09 -5.52430163e-09 -5.97497263e-09 -6.39341863e-09 -6.76987316e-09 -7.09532866e-09 -7.36184025e-09 -7.56279805e-09 -7.69315955e-09 -7.74962627e-09 -7.73076386e-09 -7.63705221e-09 -7.47086781e-09 -7.23639992e-09 -6.93950059e-09 -6.58747951e-09 -6.18884821e-09 -5.75303405e-09 -5.29006283e-09 -4.81024165e-09 -4.32383479e-09 -3.84076487e-09 -3.37033768e-09 -2.92100366e-09 -2.50016613e-09 -2.11403700e-09 -1.76754433e-09 -1.46429119e-09 -1.20656146e-09 -9.95371230e-10 -8.30558067e-10 -7.10899006e-10 -6.34252484e-10 -5.97716432e-10 -5.97791538e-10 -3.31909611e-10 2.86210988e-09 1.79060918e-08 6.64787771e-08 1.91324981e-07 4.63700374e-07 9.86666953e-07 1.89210032e-06 3.34424718e-06 5.49977881e-06 8.51902756e-06 1.25141156e-05 1.75553047e-05 2.36703229e-05 3.07429162e-05 3.86433597e-05 4.71082574e-05 5.58243713e-05 6.44308513e-05 7.26174098e-05 7.99334533e-05 8.60846780e-05 9.06377818e-05 9.34766406e-05 9.44628910e-05
2.10728174e-04 2.08736934e-04 2.02810294e-04 1.93212986e-04 1.80474555e-04 1.65183211e-04 1.47871455e-04 1.29437123e-04 1.10653317e-04 9.21437487e-05 7.45918262e-05 5.85466525e-05 4.44249972e-05 3.24699633e-05 2.27386197e-05 1.51560588e-05 9.55608916e-06 5.64036207e-06 3.07609208e-06 1.52293727e-06 6.69420131e-07 2.49616318e-07 7.40402265e-08 1.46590866e-08 5.82342397e-10 -7.90582322e-10 -7.34217354e-10 -7.14188486e-10 -7.35197014e-10 -8.01397615e-10 -9.16190956e-10 -1.08201470e-09 -1.30014499e-09 -1.57052682e-09 -1.89163113e-09 -2.26036379e-09 -2.67201888e-09 -3.12029957e-09 -3.59740032e-09 -4.09415746e-09 -4.60026162e-09 -5.10453757e-09 -5.59526625e-09 -6.06055489e-09 -6.48872944e-09 -6.86873541e-09 -7.19053028e-09 -7.44545270e-09 -7.62654262e-09 -7.72880487e-09 -7.74940062e-09 -7.68775688e-09 -7.54558760e-09 -7.32682909e-09 -7.03748682e-09 -6.68540917e-09 -6.27999164e-09 -5.83183013e-09 -5.35233891e-09 -4.85335211e-09 -4.34672287e-09 -3.84394228e-09 -3.35579065e-09 -2.89203478e-09 -2.46118292e-09 -2.07030043e-09 -1.72489445e-09 -1.42886392e-09 -1.18451160e-09 -9.92614713e-10 -8.52542703e-10 -7.62415520e-10 -7.19288240e-10 -7.19356574e-10 -7.58166752e-10 -6.65722422e-10 4.66654626e-09 3.53597138e-08 1.40936499e-07 4.18460656e-07 1.02744756e-06 2.19588934e-06 4.20819451e-06 7.41055046e-06 1.21249059e-05 1.86857984e-05 2.73337998e-05 3.81563968e-05 5.12448058e-05 6.63540735e-05 8.31760008e-05 1.01274432e-04 1.20084253e-04 1.38828267e-04 1.56678800e-04 1.73159676e-04 1.87151738e-04 1.98437043e-04 2.06252112e-04 2.10230550e-04 2.10230550e-04 2.06252112e-04 1.98437043e-04 1.87151738e-04 1.73159676e-04 1.56678800e-04 1.38828267e-04 1.20084253e-04 1.01274432e-04 8.31760008e-05 6.63540735e-05 5.12448058e-05 3.81563968e-05 2.73337998e-05 1.86857984e-05 1.21249059e-05 7.41055046e-06 4.20819451e-06 2.19588934e-06 1.02744756e-06 4.18460656e-07 1.40936499e-07 3.53597138e-08 4.66654626e-09 -6.65722422e-10 -7.58166752e-10 -7.19356796e-10 -7.19288351e-10 -7.62415575e-10 -8.52542925e-10 -9.92614879e-10 -1.18451166e-09 -1.42886381e-09 -1.72489428e-09 -2.07030043e-09 -2.46118281e-09 -2.89203472e-09 -3.35579070e-09 -3.84394239e-09 -4.34672282e-09 -4.85335205e-09 -5.35233896e-09 -5.83183019e-09 -6.27999175e-09 -6.68540934e-09 -7.03748665e-09 -7.32682920e-09 -7.54558754e-09 -7.68775699e-09 -7.74940062e-09 -7.72880482e-09 -7.62654262e-09 -7.44545275e-09 -7.19053017e-09 -6.86873525e-09 -6.48872944e-09 -6.06055467e-09 -5.59526625e-09 -5.10453757e-09 -4.60026173e-09 -4.09415746e-09 -3.59740054e-09 -3.12029957e-09 -2.67201888e-09 -2.26036362e-09 -1.89163146e-09 -1.57052693e-09 -1.30014505e-09 -1.08201476e-09 -9.16190956e-10 -8.01397504e-10 -7.35196903e-10 -7.14188486e-10 -7.34217409e-10 -7.90582211e-10 5.82342397e-10 1.46590866e-08 7.40402264e-08 2.49616318e-07 6.69420131e-07 1.52293727e-06 3.07609208e-06 5.64036207e-06 9.55608916e-06 1.51560588e-05 2.27386197e-05 3.24699633e-05 4.44249972e-05 5.85466525e-05 7.45918262e-05 9.21437487e-05 1.10653317e-04 1.29437123e-04 1.47871455e-04 1.65183211e-04 1.80474555e-04 1.93212986e-04 2.02810294e-04 2.08736934e-04 2.10728174e-04
4.17974036e-04 4.14293950e-04 4.03359989e-04 3.85520658e-04 3.61783163e-04 3.33189650e-04 3.00478304e-04 2.65537303e-04 2.29452196e-04 1.93475790e-04 1.58889768e-04 1.26764483e-04 9.80210178e-05 7.31425423e-05 5.24335147e-05 3.59372655e-05 2.33598644e-05 1.42615064e-05 8.09266946e-06 4.18756690e-06 1.93512757e-06 7.66555807e-07 2.43723652e-07 5.36446685e-08 4.41280690e-09 -1.06122067e-09 -9.51464463e-10 -8.76056783e-10 -8.40940706e-10 -8.51623438e-10 -9.12913356e-10 -1.02865783e-09 -1.20148069e-09 -1.43254508e-09 -1.72135273e-09 -2.06558826e-09 -2.46102849e-09 -2.90152569e-09 -3.37906803e-09 -3.88392818e-09 -4.40489517e-09 -4.92958663e-09 -5.44482903e-09 -5.93709637e-09 -6.39298608e-09 -6.79970869e-09 -7.14557624e-09 -7.42045786e-09 -7.61618285e-09 -7.72687175e-09 -7.74917874e-09 -7.68242753e-09 -7.52863921e-09 -7.29245120e-09 -6.98092417e-09 -6.60325494e-09 -6.17040818e-09 -5.69468084e-09 -5.18923154e-09 -4.66758499e-09 -4.14314877e-09 -3.62875263e-09 -3.13623610e-09 -2.67610345e-09 -2.25724683e-09 -1.88676086e-09 -1.56983176e-09 -1.30972294e-09 -1.10782505e-09 -9.63783331e-10 -8.75676420e-10 -8.40237102e-10 -8.53104587e-10 -9.09088305e-10 -1.00243047e-09 -4.61996885e-10 1.93304599e-08 1.21732646e-07 4.46820500e-07 1.24449637e-06 2.89510382e-06 5.90054161e-06 1.08481602e-05 1.84126930e-05 2.91860434e-05 4.36768381e-05 6.22366483e-05 8.50942760e-05 1.11910050e-04 1.42384558e-04 1.75815164e-04 2.11202415e-04 2.47403686e-04 2.83372535e-04 3.17232689e-04 3.48039080e-04 3.74324765e-04 3.95260458e-04 4.09728278e-04 4.17051818e-04 4.17051818e-04 4.09728278e-04 3.95260458e-04 3.74324765e-04 3.48039080e-04 3.17232689e-04 2.83372535e-04 2.47403686e-04 2.11202415e-04 1.75815164e-04 1.42384558e-04 1.11910050e-04 8.50942760e-05 6.22366483e-05 4.36768381e-05 2.91860434e-05 1.84126930e-05 1.08481602e-05 5.90054161e-06 2.89510382e-06 1.24449637e-06 4.46820500e-07 1.21732646e-07 1.93304599e-08 -4.61996941e-10 -1.00243064e-09 -9.09088527e-10 -8.53104698e-10 -8.40236991e-10 -8.75676254e-10 -9.63783275e-10 -1.10782483e-09 -1.30972283e-09 -1.56983165e-09 -1.88676075e-09 -2.25724700e-09 -2.67610345e-09 -3.13623627e-09 -3.62875252e-09 -4.14314894e-09 -4.66758487e-09 -5.18923154e-09 -5.69468095e-09 -6.17040818e-09 -6.60325494e-09 -6.98092417e-09 -7.29245136e-09 -7.52863910e-09 -7.68242764e-09 -7.74917880e-09 -7.72687181e-09 -7.61618268e-09 -7.42045803e-09 -7.14557630e-09 -6.79970857e-09 -6.39298592e-09 -5.93709643e-09 -5.44482920e-09 -4.92958629e-09 -4.40489512e-09 -3.88392818e-09 -3.37906803e-09 -2.90152569e-09 -2.46102866e-09 -2.06558826e-09 -1.72135250e-09 -1.43254497e-09 -1.20148058e-09 -1.02865783e-09 -9.12913245e-10 -8.51623327e-10 -8.40940650e-10 -8.76056783e-10 -9.51464352e-10 -1.06122067e-09 4.41280690e-09 5.36446686e-08 2.43723652e-07 7.66555807e-07 1.93512757e-06 4.18756690e-06 8.09266946e-06 1.42615064e-05 2.33598644e-05 3.59372655e-05 5.24335147e-05 7.31425423e-05 9.80210178e-05 1.26764483e-04 1.58889768e-04 1.93475790e-04 2.29452196e-04 2.65537303e-04 3.00478304e-04 3.33189650e-04 3.61783163e-04 3.85520658e-04 4.03359989e-04 4.14293950e-04 4.17974036e-04
7.54310680e-04 7.48008409e-04 7.29350615e-04 6.99524400e-04 6.59232606e-04 6.09759676e-04 5.53936477e-04 4.92870965e-04 4.29769694e-04 3.66315501e-04 3.04548443e-04 2.46436224e-04 1.93550192e-04 1.47084308e-04 1.07630560e-04 7.54852027e-05 5.03472941e-05 3.16694915e-05 1.85501373e-05 9.98508286e-06 4.80761026e-06 1.99991438e-06 6.74396576e-07 1.59960041e-07 1.62123611e-08 -1.38849493e-09 -1.23120275e-09 -1.10451592e-09 -1.01559816e-09 -9.71342895e-10 -9.78067183e-10 -1.04118170e-09 -1.16486165e-09 -1.35173522e-09 -1.60260255e-09 -1.91621197e-09 -2.28910257e-09 -2.71553680e-09 -3.18752735e-09 -3.69497255e-09 -4.22589902e-09 -4.76680317e-09 -5.30308908e-09 -5.81958326e-09 -6.30109664e-09 -6.73302208e-09 -7.10192272e-09 -7.39609352e-09 -7.60605828e-09 -7.72498077e-09 -7.74896280e-09 -7.67721497e-09 -7.51209484e-09 -7.25899935e-09 -6.92612862e-09 -6.52413196e-09 -6.06564604e-09 -5.56476598e-09 -5.03646458e-09 -4.49599613e-09 -3.95831379e-09 -3.43752615e-09 -2.94642144e-09 -2.49607413e-09 -2.09555195e-09 -1.75172760e-09 -1.46919776e-09 -1.25030364e-09 -1.09524734e-09 -1.00228237e-09 -9.67969593e-10 -9.87475657e-10 -1.05489528e-09 -1.16358279e-09 -1.30647293e-09 7.27726546e-10 6.11530951e-08 3.48908221e-07 1.19902647e-06 3.17006692e-06 7.03340582e-06 1.37744928e-05 2.44774544e-05 4.02573635e-05 6.20603851e-05 9.06751072e-05 1.26396086e-04 1.69537043e-04 2.19287016e-04 2.74788898e-04 3.34859957e-04 3.97804895e-04 4.61690735e-04 5.23932710e-04 5.82548017e-04 6.35487996e-04 6.80608778e-04 7.15719079e-04 7.40178628e-04 7.52719146e-04 7.52719146e-04 7.40178628e-04 7.15719079e-04 6.80608778e-04 6.35487996e-04 5.82548017e-04 5.23932710e-04 4.61690735e-04 3.97804895e-04 3.34859957e-04 2.74788898e-04 2.19287016e-04 1.69537043e-04 1.26396086e-04 9.06751072e-05 6.20603851e-05 4.02573635e-05 2.44774544e-05 1.37744928e-05 7.03340582e-06 3.17006692e-06 1.19902647e-06 3.48908221e-07 6.11530950e-08 7.27726546e-10 -1.30647293e-09 -1.16358284e-09 -1.05489523e-09 -9.87475435e-10 -9.67969538e-10 -1.00228237e-09 -1.09524723e-09 -1.25030364e-09 -1.46919782e-09 -1.75172776e-09 -2.09555195e-09 -2.49607413e-09 -2.94642155e-09 -3.43752610e-09 -3.95831379e-09 -4.49599624e-09 -5.03646480e-09 -5.56476581e-09 -6.06564621e-09 -6.52413201e-09 -6.92612867e-09 -7.25899940e-09 -7.51209484e-09 -7.67721525e-09 -7.74896264e-09 -7.72498077e-09 -7.60605828e-09 -7.39609335e-09 -7.10192305e-09 -6.73302208e-09 -6.30109642e-09 -5.81958326e-09 -5.30308908e-09 -4.76680306e-09 -4.22589919e-09 -3.69497255e-09 -3.18752724e-09 -2.71553680e-09 -2.28910252e-09 -1.91621191e-09 -1.60260250e-09 -1.35173506e-09 -1.16486165e-09 -1.04118181e-09 -9.78067516e-10 -9.71342951e-10 -1.01559811e-09 -1.10451603e-09 -1.23120275e-09 -1.38849465e-09 1.62123612e-08 1.59960041e-07 6.74396576e-07 1.99991438e-06 4.80761026e-06 9.98508286e-06 1.85501373e-05 3.16694915e-05 5.03472941e-05 7.54852027e-05 1.07630560e-04 1.47084308e-04 1.93550192e-04 2.46436224e-04 3.04548443e-04 3.66315501e-04 4.29769694e-04 4.92870965e-04 5.53936477e-04 6.09759676e-04 6.59232606e-04 6.99524400e-04 7.29350615e-04 7.48008409e-04 7.54310680e-04
1.26128078e-03 1.25136339e-03 1.22189193e-03 1.17378541e-03 1.11024985e-03 1.03190157e-03 9.41958293e-04 8.44216391e-04 7.41710784e-04 6.37562935e-04 5.35553658e-04 4.38739214e-04 3.49485046e-04 2.69684786e-04 2.00715883e-04 1.43483501e-04 9.78938104e-05 6.31430180e-05 3.80601653e-05 2.11538353e-05 1.05692519e-05 4.58407032e-06 1.62343670e-06 4.09151574e-07 4.62580755e-08 -1.75045267e-09 -1.55398638e-09 -1.38270517e-09 -1.24489308e-09 -1.14880050e-09 -1.10228471e-09 -1.11242104e-09 -1.18509758e-09 -1.32462052e-09 -1.53334362e-09 -1.81135706e-09 -2.15625107e-09 -2.56297911e-09 -3.02383696e-09 -3.52857044e-09 -4.06461764e-09 -4.61747679e-09 -5.17120008e-09 -5.70897996e-09 -6.21381657e-09 -6.66922051e-09 -7.05992376e-09 -7.37255590e-09 -7.59625102e-09 -7.72314696e-09 -7.74875347e-09 -7.67216146e-09 -7.49608720e-09 -7.22674320e-09 -6.87354751e-09 -6.44868892e-09 -5.96656724e-09 -5.44314882e-09 -4.89526819e-09 -4.33991476e-09 -3.79354581e-09 -3.27145394e-09 -2.78722512e-09 -2.35230546e-09 -1.97569672e-09 -1.66377895e-09 -1.42026990e-09 -1.24630656e-09 -1.14063126e-09 -1.09987086e-09 -1.11888021e-09 -1.19112709e-09 -1.30909511e-09 -1.46468287e-09 -1.64958169e-09 4.33196967e-09 1.61948960e-07 8.61522865e-07 2.81406740e-06 7.10644280e-06 1.51638808e-05 2.87047557e-05 4.94680957e-05 7.92191467e-05 1.19282406e-04 1.70617669e-04 2.33801525e-04 3.08105280e-04 3.92971899e-04 4.86499732e-04 5.86349286e-04 6.89542737e-04 7.93008700e-04 8.94072674e-04 9.87922749e-04 1.07276827e-03 1.14372487e-03 1.20002666e-03 1.23905061e-03 1.25880139e-03 1.25880139e-03 1.23905061e-03 1.20002666e-03 1.14372487e-03 1.07276827e-03 9.87922749e-04 8.94072674e-04 7.93008700e-04 6.89542737e-04 5.86349286e-04 4.86499732e-04 3.92971899e-04 3.08105280e-04 2.33801525e-04 1.70617669e-04 1.19282406e-04 7.92191467e-05 4.94680957e-05 2.87047557e-05 1.51638808e-05 7.10644280e-06 2.81406740e-06 8.61522865e-07 1.61948961e-07 4.33196956e-09 -1.64958158e-09 -1.46468287e-09 -1.30909483e-09 -1.19112714e-09 -1.11888038e-09 -1.09987075e-09 -1.14063126e-09 -1.24630639e-09 -1.42026990e-09 -1.66377895e-09 -1.97569672e-09 -2.35230546e-09 -2.78722512e-09 -3.27145394e-09 -3.79354592e-09 -4.33991476e-09 -4.89526819e-09 -5.44314888e-09 -5.96656724e-09 -6.44868892e-09 -6.87354768e-09 -7.22674331e-09 -7.49608720e-09 -7.67216168e-09 -7.74875358e-09 -7.72314696e-09 -7.59625102e-09 -7.37255590e-09 -7.05992392e-09 -6.66922056e-09 -6.21381652e-09 -5.70897996e-09 -5.17120008e-09 -4.61747685e-09 -4.06461742e-09 -3.52857055e-09 -3.02383685e-09 -2.56297905e-09 -2.15625140e-09 -1.81135695e-09 -1.53334367e-09 -1.32462069e-09 -1.18509758e-09 -1.11242088e-09 -1.10228471e-09 -1.14880050e-09 -1.24489330e-09 -1.38270506e-09 -1.55398638e-09 -1.75045278e-09 4.62580754e-08 4.09151574e-07 1.62343670e-06 4.58407032e-06 1.05692519e-05 2.11538353e-05 3.80601653e-05 6.31430180e-05 9.78938104e-05 1.43483501e-04 2.00715883e-04 2.69684786e-04 3.49485046e-04 4.38739214e-04 5.35553658e-04 6.37562935e-04 7.41710784e-04 8.44216391e-04 9.41958293e-04 1.03190157e-03 1.11024985e-03 1.17378541e-03 1.22189193e-03 1.25136339e-03 1.26128078e-03
1.97843033e-03 1.96369103e-03 1.91951353e-03 1.84780603e-03 1.75308441e-03 1.63532410e-03 1.49998714e-03 1.35169846e-03 1.19548174e-03 1.03574239e-03 8.77780741e-04 7.26296414e-04 5.85372792e-04 4.57750527e-04 3.45892687e-04 2.51677758e-04 1.74892384e-04 1.15278924e-04 7.12568183e-05 4.06543745e-05 2.09754024e-05 9.43500244e-06 3.48362064e-06 9.23001685e-07 1.12285439e-07 -2.12571399e-09 -1.90034477e-09 -1.69325154e-09 -1.51366913e-09 -1.37109335e-09 -1.27488498e-09 -1.23381838e-09 -1.25559940e-09 -1.34637945e-09 -1.51029050e-09 -1.74902481e-09 -2.06150763e-09 -2.44367293e-09 -2.88837643e-09 -3.38545841e-09 -3.92197519e-09 -4.48258541e-09 -5.05008857e-09 -5.60609659e-09 -6.13179763e-09 -6.60878474e-09 -7.01989650e-09 -7.35002270e-09 -7.58683361e-09 -7.72138375e-09 -7.74855308e-09 -7.66730485e-09 -7.48073720e-09 -7.19592641e-09 -6.82357654e-09 -6.37749181e-09 -5.87390525e-09 -5.33070499e-09 -4.76660528e-09 -4.20030738e-09 -3.64969577e-09 -3.13111737e-09 -2.65877398e-09 -2.24425456e-09 -1.89622967e-09 -1.62030361e-09 -1.41902634e-09 -1.29205380e-09 -1.23642635e-09 -1.24694660e-09 -1.31662570e-09 -1.43716206e-09 -1.59942981e-09 -1.79394710e-09 -2.01130201e-09 1.29558579e-08 3.76744769e-07 1.89323420e-06 5.90767466e-06 1.43638624e-05 2.96623009e-05 5.44545686e-05 9.14568107e-05 1.42985390e-04 2.11087374e-04 2.96652438e-04 3.99621429e-04 5.19724554e-04 6.54513807e-04 8.01526418e-04 9.56735380e-04 1.11567215e-03 1.27399525e-03 1.42752283e-03 1.56899721e-03 1.69679844e-03 1.80325178e-03 1.88708319e-03 1.94525698e-03 1.97474611e-03 1.97474611e-03 1.94525698e-03 1.88708319e-03 1.80325178e-03 1.69679844e-03 1.56899721e-03 1.42752283e-03 1.27399525e-03 1.11567215e-03 9.56735380e-04 8.01526418e-04 6.54513807e-04 5.19724554e-04 3.99621429e-04 2.96652438e-04 2.11087374e-04 1.42985390e-04 9.14568107e-05 5.44545686e-05 2.96623009e-05 1.43638624e-05 5.90767466e-06 1.89323420e-06 3.76744769e-07 1.29558577e-08 -2.01130201e-09 -1.79394710e-09 -1.59942981e-09 -1.43716195e-09 -1.31662586e-09 -1.24694666e-09 -1.23642629e-09 -1.29205380e-09 -1.41902640e-09 -1.62030345e-09 -1.89622962e-09 -2.24425462e-09 -2.65877370e-09 -3.13111748e-09 -3.64969588e-09 -4.20030749e-09 -4.76660544e-09 -5.33070499e-09 -5.87390514e-09 -6.37749192e-09 -6.82357670e-09 -7.19592647e-09 -7.48073720e-09 -7.66730485e-09 -7.74855291e-09 -7.72138342e-09 -7.58683383e-09 -7.35002281e-09 -7.01989650e-09 -6.60878474e-09 -6.13179751e-09 -5.60609636e-09 -5.05008879e-09 -4.48258519e-09 -3.92197513e-09 -3.38545858e-09 -2.88837632e-09 -2.44367315e-09 -2.06150791e-09 -1.74902481e-09 -1.51029028e-09 -1.34637956e-09 -1.25559940e-09 -1.23381860e-09 -1.27488503e-09 -1.37109335e-09 -1.51366908e-09 -1.69325165e-09 -1.90034477e-09 -2.12571399e-09 1.12285439e-07 9.23001684e-07 3.48362064e-06 9.43500244e-06 2.09754024e-05 4.06543745e-05 7.12568183e-05 1.15278924e-04 1.74892384e-04 2.51677758e-04 3.45892687e-04 4.57750527e-04 5.85372792e-04 7.26296414e-04 8.77780741e-04 1.03574239e-03 1.19548174e-03 1.35169846e-03 1.49998714e-03 1.63532410e-03 1.75308441e-03 1.84780603e-03 1.91951353e-03 1.96369103e-03 1.97843033e-03
2.94206072e-03 2.92108742e-03 2.85944976e-03 2.75923900e-03 2.62255346e-03 2.45302464e-03 2.26092162e-03 2.04629555e-03 1.82065707e-03 1.58831786e-03 1.35663854e-03 1.13251597e-03 9.21977627e-04 7.29054740e-04 5.58132968e-04 4.12107915e-04 2.91127996e-04 1.95400812e-04 1.23482830e-04 7.22257615e-05 3.82996817e-05 1.77935664e-05 6.80244882e-06 1.87819667e-06 2.42376341e-07 -2.49460053e-09 -2.25181784e-09 -2.01920536e-09 -1.80670556e-09 -1.62487723e-09 -1.48446744e-09 -1.39590983e-09 -1.36876577e-09 -1.41114520e-09 -1.52913221e-09 -1.72625425e-09 -2.00303840e-09 -2.35668296e-09 -2.78088641e-09 -3.26585226e-09 -3.79848542e-09 -4.36279002e-09 -4.94045105e-09 -5.51157764e-09 -6.05558076e-09 -6.55212651e-09 -6.98211827e-09 -7.32865163e-09 -7.57787294e-09 -7.71970315e-09 -7.74836206e-09 -7.66267888e-09 -7.46615186e-09 -7.16676407e-09 -6.77656004e-09 -6.31101993e-09 -5.78825832e-09 -5.22811261e-09 -4.65116712e-09 -4.07777745e-09 -3.52714813e-09 -3.01651903e-09 -2.56049648e-09 -2.17056412e-09 -1.85478266e-09 -1.61769353e-09 -1.46040191e-09 -1.38083106e-09 -1.37411332e-09 -1.43308276e-09 -1.54882945e-09 -1.71128478e-09 -1.90979110e-09 -2.13363777e-09 -2.37252540e-09 3.07341362e-08 7.88417220e-07 3.78063558e-06 1.13348256e-05 2.65956294e-05 5.32891573e-05 9.54471738e-05 1.56685463e-04 2.40157985e-04 3.48412103e-04 4.82107246e-04 6.40639212e-04 8.22720799e-04 1.02508810e-03 1.24349146e-03 1.47189737e-03 1.70429444e-03 1.93531662e-03 2.15572577e-03 2.36043140e-03 2.54138574e-03 2.69520102e-03 2.81424941e-03 2.89508204e-03 2.93680141e-03 2.93680141e-03 2.89508204e-03 2.81424941e-03 2.69520102e-03 2.54138574e-03 2.36043140e-03 2.15572577e-03 1.93531662e-03 1.70429444e-03 1.47189737e-03 1.24349146e-03 1.02508810e-03 8.22720799e-04 6.40639212e-04 4.82107246e-04 3.48412103e-04 2.40157985e-04 1.56685463e-04 9.54471738e-05 5.32891573e-05 2.65956294e-05 1.13348256e-05 3.78063558e-06 7.88417220e-07 3.07341362e-08 -2.37252551e-09 -2.13363793e-09 -1.90979116e-09 -1.71128478e-09 -1.54882945e-09 -1.43308282e-09 -1.37411338e-09 -1.38083101e-09 -1.46040169e-09 -1.61769376e-09 -1.85478277e-09 -2.17056412e-09 -2.56049670e-09 -3.01651898e-09 -3.52714791e-09 -4.07777734e-09 -4.65116701e-09 -5.22811250e-09 -5.78825832e-09 -6.31101987e-09 -6.77656020e-09 -7.16676396e-09 -7.46615170e-09 -7.66267882e-09 -7.74836206e-09 -7.71970304e-09 -7.57787294e-09 -7.32865146e-09 -6.98211833e-09 -6.55212640e-09 -6.05558076e-09 -5.51157758e-09 -4.94045088e-09 -4.36279013e-09 -3.79848530e-09 -3.26585226e-09 -2.78088658e-09 -2.35668296e-09 -2.00303812e-09 -1.72625431e-09 -1.52913221e-09 -1.41114542e-09 -1.36876577e-09 -1.39590983e-09 -1.48446744e-09 -1.62487723e-09 -1.80670545e-09 -2.01920541e-09 -2.25181790e-09 -2.49460047e-09 2.42376341e-07 1.87819667e-06 6.80244882e-06 1.77935664e-05 3.82996817e-05 7.22257615e-05 1.23482830e-04 1.95400812e-04 2.91127996e-04 4.12107915e-04 5.58132968e-04 7.29054740e-04 9.21977627e-04 1.13251597e-03 1.35663854e-03 1.58831786e-03 1.82065707e-03 2.04629555e-03 2.26092162e-03 2.45302464e-03 2.62255346e-03 2.75923900e-03 2.85944976e-03 2.92108742e-03 2.94206072e-03
4.18680119e-03 4.15826565e-03 4.07353325e-03 3.93512535e-03 3.74890672e-03 3.51875682e-03 3.25046644e-03 2.95776152e-03 2.64337250e-03 2.31876130e-03 1.99468371e-03 1.67819432e-03 1.37750021e-03 1.10031434e-03 8.52135800e-04 6.37041861e-04 4.56869332e-04 3.11770859e-04 2.00609673e-04 1.19833025e-04 6.51012681e-05 3.10799099e-05 1.22626607e-05 3.51777347e-06 4.75230734e-07 -2.84003415e-09 -2.59181854e-09 -2.34484365e-09 -2.10945444e-09 -1.89701743e-09 -1.71947440e-09 -1.58880009e-09 -1.51637625e-09 -1.51231555e-09 -1.58477625e-09 -1.73930642e-09 -1.97827155e-09 -2.30040370e-09 -2.70052647e-09 -3.16947796e-09 -3.69426317e-09 -4.25844310e-09 -4.84274870e-09 -5.42590084e-09 -5.98559324e-09 -6.49958221e-09 -6.94682278e-09 -7.30857752e-09 -7.56942653e-09 -7.71811609e-09 -7.74818210e-09 -7.65831326e-09 -7.45242490e-09 -7.13943815e-09 -6.73278350e-09 -6.24965735e-09 -5.71008452e-09 -5.13585141e-09 -4.54937388e-09 -3.97257560e-09 -3.42584433e-09 -2.92712443e-09 -2.49119636e-09 -2.12917162e-09 -1.84822468e-09 -1.65155423e-09 -1.53856572e-09 -1.50523677e-09 -1.54463692e-09 -1.64754566e-09 -1.80312931e-09 -1.99962835e-09 -2.22500940e-09 -2.46755766e-09 -2.71636780e-09 6.38979820e-08 1.50536472e-06 6.92347008e-06 2.01053652e-05 4.58249302e-05 8.94551278e-05 1.56652684e-04 2.52220552e-04 3.79938040e-04 5.42575914e-04 7.40118227e-04 9.72430759e-04 1.23593253e-03 1.52485638e-03 1.83452668e-03 2.15654516e-03 2.48235248e-03 2.80153686e-03 3.10809454e-03 3.38880433e-03 3.63892766e-03 3.84732438e-03 4.01073324e-03 4.12282375e-03 4.17965938e-03 4.17965938e-03 4.12282375e-03 4.01073324e-03 3.84732438e-03 3.63892766e-03 3.38880433e-03 3.10809454e-03 2.80153686e-03 2.48235248e-03 2.15654516e-03 1.83452668e-03 1.52485638e-03 1.23593253e-03 9.72430759e-04 7.40118227e-04 5.42575914e-04 3.79938040e-04 2.52220552e-04 1.56652684e-04 8.94551278e-05 4.58249302e-05 2.01053652e-05 6.92347008e-06 1.50536472e-06 6.38979821e-08 -2.71636769e-09 -2.46755744e-09 -2.22500951e-09 -1.99962835e-09 -1.80312953e-09 -1.64754577e-09 -1.54463686e-09 -1.50523671e-09 -1.53856577e-09 -1.65155417e-09 -1.84822446e-09 -2.12917151e-09 -2.49119636e-09 -2.92712454e-09 -3.42584450e-09 -3.97257560e-09 -4.54937377e-09 -5.13585141e-09 -5.71008452e-09 -6.24965740e-09 -6.73278355e-09 -7.13943821e-09 -7.45242490e-09 -7.65831326e-09 -7.74818210e-09 -7.71811598e-09 -7.56942664e-09 -7.30857741e-09 -6.94682289e-09 -6.49958232e-09 -5.98559324e-09 -5.42590084e-09 -4.84274854e-09 -4.25844304e-09 -3.69426317e-09 -3.16947807e-09 -2.70052647e-09 -2.30040348e-09 -1.97827132e-09 -1.73930653e-09 -1.58477620e-09 -1.51231572e-09 -1.51637641e-09 -1.58879992e-09 -1.71947445e-09 -1.89701710e-09 -2.10945461e-09 -2.34484376e-09 -2.59181843e-09 -2.84003404e-09 4.75230734e-07 3.51777347e-06 1.22626607e-05 3.10799099e-05 6.51012681e-05 1.19833025e-04 2.00609673e-04 3.11770859e-04 4.56869332e-04 6.37041861e-04 8.52135800e-04 1.10031434e-03 1.37750021e-03 1.67819432e-03 1.99468371e-03 2.31876130e-03 2.64337250e-03 2.95776152e-03 3.25046644e-03 3.51875682e-03 3.74890672e-03 3.93512535e-03 4.07353325e-03 4.15826565e-03 4.18680119e-03
5.73619231e-03 5.69851582e-03 5.58624232e-03 5.40304135e-03 5.15552623e-03 4.85206683e-03 4.49702664e-03 4.10545618e-03 3.68383724e-03 3.24985954e-03 2.81115087e-03 2.38048508e-03 1.96973864e-03 1.58739908e-03 1.24139310e-03 9.38093480e-04 6.81212022e-04 4.71880665e-04 3.08466022e-04 1.87635000e-04 1.04133753e-04 5.09519017e-05 2.06708324e-05 6.12367089e-06 8.60600863e-07 -3.14815740e-09 -2.90627783e-09 -2.65631050e-09 -2.40865111e-09 -2.17515567e-09 -1.96869959e-09 -1.80260690e-09 -1.68996628e-09 -1.64286551e-09 -1.67159431e-09 -1.78385340e-09 -1.98404132e-09 -2.27266606e-09 -2.64594330e-09 -3.09561798e-09 -3.60905505e-09 -4.16959867e-09 -4.75721551e-09 -5.34937505e-09 -5.92214333e-09 -6.45141246e-09 -6.91419694e-09 -7.28991162e-09 -7.56154184e-09 -7.71663161e-09 -7.74801401e-09 -7.65423291e-09 -7.43963280e-09 -7.11409787e-09 -6.69247269e-09 -6.19369322e-09 -5.63970098e-09 -5.05420444e-09 -4.46138471e-09 -3.88462051e-09 -3.34531913e-09 -2.86192103e-09 -2.44913401e-09 -2.11743162e-09 -1.87282756e-09 -1.71692272e-09 -1.64720060e-09 -1.65752856e-09 -1.73881687e-09 -1.87977572e-09 -2.06771794e-09 -2.28934588e-09 -2.53148114e-09 -2.78169382e-09 -3.02881237e-09 1.20601634e-07 2.67209230e-06 1.18526310e-05 3.34093254e-05 7.41506238e-05 1.41677355e-04 2.43096196e-04 3.84619313e-04 5.70654298e-04 8.03482908e-04 1.08431944e-03 1.40872298e-03 1.77367482e-03 2.17186327e-03 2.59385885e-03 3.02912618e-03 3.46898311e-03 3.89803062e-03 4.30363973e-03 4.67998105e-03 5.01082755e-03 5.28700731e-03 5.50321053e-03 5.65163973e-03 5.72676625e-03 5.72676625e-03 5.65163973e-03 5.50321053e-03 5.28700731e-03 5.01082755e-03 4.67998105e-03 4.30363973e-03 3.89803062e-03 3.46898311e-03 3.02912618e-03 2.59385885e-03 2.17186327e-03 1.77367482e-03 1.40872298e-03 1.08431944e-03 8.03482908e-04 5.70654298e-04 3.84619313e-04 2.43096196e-04 1.41677355e-04 7.41506238e-05 3.34093254e-05 1.18526310e-05 2.67209230e-06 1.20601634e-07 -3.02881220e-09 -2.78169354e-09 -2.53148102e-09 -2.28934582e-09 -2.06771777e-09 -1.87977567e-09 -1.73881676e-09 -1.65752856e-09 -1.64720049e-09 -1.71692260e-09 -1.87282756e-09 -2.11743162e-09 -2.44913401e-09 -2.86192103e-09 -3.34531908e-09 -3.88462057e-09 -4.46138460e-09 -5.05420439e-09 -5.63970110e-09 -6.19369334e-09 -6.69247274e-09 -7.11409787e-09 -7.43963263e-09 -7.65423280e-09 -7.74801390e-09 -7.71663161e-09 -7.56154189e-09 -7.28991173e-09 -6.91419705e-09 -6.45141257e-09 -5.92214333e-09 -5.34937483e-09 -4.75721551e-09 -4.16959872e-09 -3.60905483e-09 -3.09561804e-09 -2.64594313e-09 -2.27266606e-09 -1.98404093e-09 -1.78385323e-09 -1.67159420e-09 -1.64286562e-09 -1.68996628e-09 -1.80260706e-09 -1.96869954e-09 -2.17515583e-09 -2.40865100e-09 -2.65631067e-09 -2.90627800e-09 -3.14815729e-09 8.60600863e-07 6.12367089e-06 2.06708324e-05 5.09519017e-05 1.04133753e-04 1.87635000e-04 3.08466022e-04 4.71880665e-04 6.81212022e-04 9.38093480e-04 1.24139310e-03 1.58739908e-03 1.96973864e-03 2.38048508e-03 2.81115087e-03 3.24985954e-03 3.68383724e-03 4.10545618e-03 4.49702664e-03 4.85206683e-03 5.15552623e-03 5.40304135e-03 5.58624232e-03 5.69851582e-03 5.73619231e-03
7.60609064e-03 7.55792158e-03 7.41383173e-03 7.17837968e-03 6.86152108e-03 6.47114976e-03 6.01266451e-03 5.50612465e-03 4.96049218e-03 4.39526519e-03 3.82105733e-03 3.25455660e-03 2.70980010e-03 2.20122441e-03 1.73625016e-03 1.32498580e-03 9.73504947e-04 6.82418163e-04 4.52731200e-04 2.80071514e-04 1.58178625e-04 7.90196290e-05 3.29055029e-05 1.00188955e-05 1.45880877e-06 -3.40867645e-09 -3.18405907e-09 -2.94207159e-09 -2.69278083e-09 -2.44816867e-09 -2.22172258e-09 -2.02785455e-09 -1.88117388e-09 -1.79564286e-09 -1.78366799e-09 -1.85517385e-09 -2.01673828e-09 -2.27084712e-09 -2.61535071e-09 -3.04316417e-09 -3.54226870e-09 -4.09603534e-09 -4.68386702e-09 -5.28214550e-09 -5.86542381e-09 -6.40780040e-09 -6.88438184e-09 -7.27274047e-09 -7.55425728e-09 -7.71525760e-09 -7.74785813e-09 -7.65045816e-09 -7.42783618e-09 -7.09085679e-09 -6.65579147e-09 -6.14332168e-09 -5.57728486e-09 -4.98326347e-09 -4.38711112e-09 -3.81352350e-09 -3.28474242e-09 -2.81948126e-09 -2.43212522e-09 -2.13224544e-09 -1.92443994e-09 -1.80848692e-09 -1.77977172e-09 -1.82994159e-09 -1.94771760e-09 -2.11979856e-09 -2.33178810e-09 -2.56907640e-09 -2.81763135e-09 -3.06465614e-09 -3.29908523e-09 2.09792064e-07 4.44150314e-06 1.91548960e-05 5.24816595e-05 1.13932897e-04 2.13307084e-04 3.59594227e-04 5.60151378e-04 8.20308495e-04 1.14178952e-03 1.52354100e-03 1.96220897e-03 2.45075341e-03 2.97945184e-03 3.53574124e-03 4.10610044e-03 4.67951256e-03 5.23793122e-03 5.76377840e-03 6.24908611e-03 6.67514949e-03 7.02914068e-03 7.30773778e-03 7.49769992e-03 7.59404898e-03 7.59404898e-03 7.49769992e-03 7.30773778e-03 7.02914068e-03 6.67514949e-03 6.24908611e-03 5.76377840e-03 5.23793122e-03 4.67951256e-03 4.10610044e-03 3.53574124e-03 2.97945184e-03 2.45075341e-03 1.96220897e-03 1.52354100e-03 1.14178952e-03 8.20308495e-04 5.60151378e-04 3.59594227e-04 2.13307084e-04 1.13932897e-04 5.24816595e-05 1.91548960e-05 4.44150314e-06 2.09792063e-07 -3.29908523e-09 -3.06465642e-09 -2.81763129e-09 -2.56907629e-09 -2.33178810e-09 -2.11979878e-09 -1.94771760e-09 -1.82994164e-09 -1.77977194e-09 -1.80848703e-09 -1.92443989e-09 -2.13224549e-09 -2.43212517e-09 -2.81948120e-09 -3.28474231e-09 -3.81352350e-09 -4.38711112e-09 -4.98326347e-09 -5.57728480e-09 -6.14332141e-09 -6.65579147e-09 -7.09085662e-09 -7.42783618e-09 -7.65045793e-09 -7.74785830e-09 -7.71525765e-09 -7.55425711e-09 -7.27274047e-09 -6.88438184e-09 -6.40780018e-09 -5.86542370e-09 -5.28214539e-09 -4.68386707e-09 -4.09603518e-09 -3.54226859e-09 -3.04316417e-09 -2.61535088e-09 -2.27084707e-09 -2.01673822e-09 -1.85517385e-09 -1.78366810e-09 -1.79564286e-09 -1.88117388e-09 -2.02785444e-09 -2.22172275e-09 -2.44816872e-09 -2.69278089e-09 -2.94207170e-09 -3.18405891e-09 -3.40867662e-09 1.45880877e-06 1.00188955e-05 3.29055029e-05 7.90196290e-05 1.58178625e-04 2.80071514e-04 4.52731200e-04 6.82418163e-04 9.73504947e-04 1.32498580e-03 1.73625016e-03 2.20122441e-03 2.70980010e-03 3.25455660e-03 3.82105733e-03 4.39526519e-03 4.96049218e-03 5.50612465e-03 6.01266451e-03 6.47114976e-03 6.86152108e-03 7.17837968e-03 7.41383173e-03 7.55792158e-03 7.60609064e-03
9.80466967e-03 9.74436828e-03 9.56437317e-03 9.27039509e-03 8.87645594e-03 8.38470185e-03 7.80782868e-03 7.17089696e-03 6.48055482e-03 5.76416312e-03 5.03398035e-03 4.30995258e-03 3.60972216e-03 2.95122544e-03 2.34642127e-03 1.80624702e-03 1.33977006e-03 9.49540623e-04 6.37715206e-04 4.00347643e-04 2.30071444e-04 1.17198698e-04 4.98109509e-05 1.55543052e-05 2.33466027e-06 -3.61493180e-09 -3.41713718e-09 -3.19317517e-09 -2.95239083e-09 -2.70650424e-09 -2.46924714e-09 -2.25580116e-09 -2.08204087e-09 -1.96363309e-09 -1.91501648e-09 -1.94834388e-09 -2.07245898e-09 -2.29198582e-09 -2.60661631e-09 -3.01067671e-09 -3.49301837e-09 -4.03727762e-09 -4.62251393e-09 -5.22419946e-09 -5.81551229e-09 -6.36885028e-09 -6.85746954e-09 -7.25712623e-09 -7.54760032e-09 -7.71399866e-09 -7.74771580e-09 -7.64700292e-09 -7.41708006e-09 -7.06979297e-09 -6.62284250e-09 -6.09863904e-09 -5.52287843e-09 -4.92294006e-09 -4.32623626e-09 -3.75861964e-09 -3.24296884e-09 -2.79803730e-09 -2.43763876e-09 -2.17019297e-09 -1.99865557e-09 -1.92079525e-09 -1.92977534e-09 -2.01497441e-09 -2.16296470e-09 -2.35856223e-09 -2.58587429e-09 -2.82926871e-09 -3.07420589e-09 -3.30790206e-09 -3.51979063e-09 3.41350988e-07 7.01234228e-06 2.93437858e-05 7.85457804e-05 1.67078090e-04 3.07538552e-04 5.10238484e-04 7.84153105e-04 1.13474309e-03 1.56384334e-03 2.06681378e-03 2.64076211e-03 3.27484288e-03 3.95642494e-03 4.66845759e-03 5.39679461e-03 6.12605517e-03 6.83072145e-03 7.49665312e-03 8.10484573e-03 8.64233294e-03 9.08606810e-03 9.43046269e-03 9.66898382e-03 9.78959364e-03 9.78959364e-03 9.66898382e-03 9.43046269e-03 9.08606810e-03 8.64233294e-03 8.10484573e-03 7.49665312e-03 6.83072145e-03 6.12605517e-03 5.39679461e-03 4.66845759e-03 3.95642494e-03 3.27484288e-03 2.64076211e-03 2.06681378e-03 1.56384334e-03 1.13474309e-03 7.84153105e-04 5.10238484e-04 3.07538552e-04 1.67078090e-04 7.85457804e-05 2.93437858e-05 7.01234228e-06 3.41350988e-07 -3.51979068e-09 -3.30790195e-09 -3.07420583e-09 -2.82926854e-09 -2.58587429e-09 -2.35856212e-09 -2.16296453e-09 -2.01497424e-09 -1.92977540e-09 -1.92079530e-09 -1.99865574e-09 -2.17019280e-09 -2.43763876e-09 -2.79803736e-09 -3.24296889e-09 -3.75861953e-09 -4.32623626e-09 -4.92294000e-09 -5.52287838e-09 -6.09863926e-09 -6.62284255e-09 -7.06979297e-09 -7.41708006e-09 -7.64700303e-09 -7.74771580e-09 -7.71399838e-09 -7.54760043e-09 -7.25712607e-09 -6.85746965e-09 -6.36885011e-09 -5.81551207e-09 -5.22419941e-09 -4.62251376e-09 -4.03727773e-09 -3.49301843e-09 -3.01067682e-09 -2.60661637e-09 -2.29198549e-09 -2.07245909e-09 -1.94834399e-09 -1.91501659e-09 -1.96363320e-09 -2.08204071e-09 -2.25580105e-09 -2.46924708e-09 -2.70650424e-09 -2.95239105e-09 -3.19317500e-09 -3.41713713e-09 -3.61493163e-09 2.33466027e-06 1.55543052e-05 4.98109509e-05 1.17198698e-04 2.30071444e-04 4.00347643e-04 6.37715206e-04 9.49540623e-04 1.33977006e-03 1.80624702e-03 2.34642127e-03 2.95122544e-03 3.60972216e-03 4.30995258e-03 5.03398035e-03 5.76416312e-03 6.48055482e-03 7.17089696e-03 7.80782868e-03 8.38470185e-03 8.87645594e-03 9.27039509e-03 9.56437317e-03 9.74436828e-03 9.80466967e-03
1.23336583e-02 1.22610830e-02 1.20445437e-02 1.16870680e-02 1.12000290e-02 1.05918021e-02 9.88953075e-03 9.09996799e-03 8.25095497e-03 7.35993678e-03 6.45393241e-03 5.55103146e-03 4.67348192e-03 3.84380177e-03 3.07566874e-03 2.38568806e-03 1.78525107e-03 1.27797900e-03 8.68107690e-04 5.51841123e-04 3.21964562e-04 1.66689062e-04 7.22843265e-05 2.30800867e-05 3.55752094e-06 -3.76373471e-09 -3.60057451e-09 -3.40333084e-09 -3.18025029e-09 -2.94239333e-09 -2.70334360e-09 -2.47868792e-09 -2.28525965e-09 -2.14019058e-09 -2.05980022e-09 -2.05840911e-09 -2.14715368e-09 -2.33289771e-09 -2.61734778e-09 -2.99645153e-09 -3.46016493e-09 -3.99262962e-09 -4.57278260e-09 -5.17537985e-09 -5.77237846e-09 -6.33459346e-09 -6.83350670e-09 -7.24310356e-09 -7.54158980e-09 -7.71285830e-09 -7.74758679e-09 -7.64387809e-09 -7.40739059e-09 -7.05094949e-09 -6.59366833e-09 -6.05965367e-09 -5.47639678e-09 -4.87298107e-09 -4.27823971e-09 -3.71900777e-09 -3.21859173e-09 -2.79555512e-09 -2.46289833e-09 -2.22766433e-09 -2.09097401e-09 -2.04844569e-09 -2.09095463e-09 -2.20562762e-09 -2.37699427e-09 -2.58818328e-09 -2.82208257e-09 -3.06237424e-09 -3.29439270e-09 -3.50576523e-09 -3.68681713e-09 5.32450074e-07 1.05179431e-05 4.30701938e-05 1.12748679e-04 2.35753273e-04 4.26725477e-04 6.98736272e-04 1.06121673e-03 1.51940402e-03 2.07444027e-03 2.72007805e-03 3.44925801e-03 4.25073776e-03 5.10681235e-03 5.99719255e-03 6.90782396e-03 7.80984409e-03 8.67999120e-03 9.50551286e-03 1.02505768e-02 1.09104365e-02 1.14583185e-02 1.18827219e-02 1.21707848e-02 1.23154762e-02 1.23154762e-02 1.21707848e-02 1.18827219e-02 1.14583185e-02 1.09104365e-02 1.02505768e-02 9.50551286e-03 8.67999120e-03 7.80984409e-03 6.90782396e-03 5.99719255e-03 5.10681235e-03 4.25073776e-03 3.44925801e-03 2.72007805e-03 2.07444027e-03 1.51940402e-03 1.06121673e-03 6.98736272e-04 4.26725477e-04 2.35753273e-04 1.12748679e-04 4.30701938e-05 1.05179431e-05 5.32450074e-07 -3.68681696e-09 -3.50576546e-09 -3.29439243e-09 -3.06237402e-09 -2.82208246e-09 -2.58818311e-09 -2.37699427e-09 -2.20562762e-09 -2.09095469e-09 -2.04844541e-09 -2.09097434e-09 -2.22766461e-09 -2.46289822e-09 -2.79555512e-09 -3.21859173e-09 -3.71900788e-09 -4.27823976e-09 -4.87298102e-09 -5.47639678e-09 -6.05965356e-09 -6.59366839e-09 -7.05094949e-09 -7.40739065e-09 -7.64387803e-09 -7.74758668e-09 -7.71285846e-09 -7.54159007e-09 -7.24310356e-09 -6.83350665e-09 -6.33459346e-09 -5.77237846e-09 -5.17537985e-09 -4.57278254e-09 -3.99262956e-09 -3.46016482e-09 -2.99645164e-09 -2.61734767e-09 -2.33289760e-09 -2.14715357e-09 -2.05840928e-09 -2.05980033e-09 -2.14019064e-09 -2.28525981e-09 -2.47868770e-09 -2.70334349e-09 -2.94239333e-09 -3.18025051e-09 -3.40333062e-09 -3.60057451e-09 -3.76373471e-09 3.55752094e-06 2.30800867e-05 7.22843265e-05 1.66689062e-04 3.21964562e-04 5.51841123e-04 8.68107690e-04 1.27797900e-03 1.78525107e-03 2.38568806e-03 3.07566874e-03 3.84380177e-03 4.67348192e-03 5.55103146e-03 6.45393241e-03 7.35993678e-03 8.25095497e-03 9.09996799e-03 9.88953075e-03 1.05918021e-02 1.12000290e-02 1.16870680e-02 1.20445437e-02 1.22610830e-02 1.23336583e-02
1.51971138e-02 1.51082794e-02 1.48424937e-02 1.44116741e-02 1.38228890e-02 1.30987667e-02 1.22472426e-02 1.12939836e-02 1.02647412e-02 9.18528314e-03 8.07789097e-03 6.97585109e-03 5.90149654e-03 4.87801993e-03 3.92621465e-03 3.06614534e-03 2.31271989e-03 1.67016124e-03 1.14563787e-03 7.36791681e-04 4.35544707e-04 2.28849073e-04 1.01006829e-04 3.29377006e-05 5.19300351e-06 -3.85501830e-09 -3.73231290e-09 -3.56882751e-09 -3.37136519e-09 -3.14994053e-09 -2.91758967e-09 -2.68991501e-09 -2.48435739e-09 -2.31922248e-09 -2.21249752e-09 -2.18054430e-09 -2.23675606e-09 -2.39028808e-09 -2.64498090e-09 -2.99858310e-09 -3.44236728e-09 -3.96120570e-09 -4.53413473e-09 -5.13539400e-09 -5.73589071e-09 -6.30498842e-09 -6.81249346e-09 -7.23068533e-09 -7.53623330e-09 -7.71183922e-09 -7.74747133e-09 -7.64108754e-09 -7.39877881e-09 -7.03433539e-09 -6.56825411e-09 -6.02628575e-09 -5.43763878e-09 -4.83298290e-09 -4.24242186e-09 -3.69358844e-09 -3.21000210e-09 -2.80981027e-09 -2.50498094e-09 -2.30098179e-09 -2.19694463e-09 -2.18625257e-09 -2.25748253e-09 -2.39559067e-09 -2.58323474e-09 -2.80211054e-09 -3.03420850e-09 -3.26290039e-09 -3.47379214e-09 -3.65531805e-09 -3.79906262e-09 7.83783407e-07 1.51983907e-05 6.07272473e-05 1.56180952e-04 3.21219510e-04 5.73361987e-04 9.27287673e-04 1.39324724e-03 1.97716226e-03 2.67577043e-03 3.48498254e-03 4.39157913e-03 5.38062762e-03 6.43449832e-03 7.52737392e-03 8.63441613e-03 9.72746783e-03 1.07893949e-02 1.17781013e-02 1.26875990e-02 1.34788528e-02 1.41356286e-02 1.46473561e-02 1.49972599e-02 1.51749036e-02 1.51749036e-02 1.49972599e-02 1.46473561e-02 1.41356286e-02 1.34788528e-02 1.26875990e-02 1.17781013e-02 1.07893949e-02 9.72746783e-03 8.63441613e-03 7.52737392e-03 6.43449832e-03 5.38062762e-03 4.39157913e-03 3.48498254e-03 2.67577043e-03 1.97716226e-03 1.39324724e-03 9.27287673e-04 5.73361987e-04 3.21219510e-04 1.56180952e-04 6.07272473e-05 1.51983907e-05 7.83783407e-07 -3.79906262e-09 -3.65531799e-09 -3.47379214e-09 -3.26290045e-09 -3.03420850e-09 -2.80211043e-09 -2.58323474e-09 -2.39559078e-09 -2.25748242e-09 -2.18625246e-09 -2.19694446e-09 -2.30098185e-09 -2.50498094e-09 -2.80981022e-09 -3.21000204e-09 -3.69358827e-09 -4.24242175e-09 -4.83298296e-09 -5.43763873e-09 -6.02628580e-09 -6.56825394e-09 -7.03433556e-09 -7.39877898e-09 -7.64108732e-09 -7.74747128e-09 -7.71183922e-09 -7.53623319e-09 -7.23068533e-09 -6.81249357e-09 -6.30498848e-09 -5.73589076e-09 -5.13539400e-09 -4.53413451e-09 -3.96120570e-09 -3.44236739e-09 -2.99858316e-09 -2.64498079e-09 -2.39028808e-09 -2.23675611e-09 -2.18054463e-09 -2.21249741e-09 -2.31922265e-09 -2.48435750e-09 -2.68991496e-09 -2.91758978e-09 -3.14994036e-09 -3.37136519e-09 -3.56882746e-09 -3.73231279e-09 -3.85501819e-09 5.19300351e-06 3.29377006e-05 1.01006829e-04 2.28849073e-04 4.35544707e-04 7.36791681e-04 1.14563787e-03 1.67016124e-03 2.31271989e-03 3.06614534e-03 3.92621465e-03 4.87801993e-03 5.90149654e-03 6.97585109e-03 8.07789097e-03 9.18528314e-03 1.02647412e-02 1.12939836e-02 1.22472426e-02 1.30987667e-02 1.38228890e-02 1.44116741e-02 1.48424937e-02 1.51082794e-02 1.51971138e-02
1.83672026e-02 1.82639075e-02 1.79550487e-02 1.74469260e-02 1.67474141e-02 1.58807434e-02 1.48750280e-02 1.37431675e-02 1.25174772e-02 1.12255581e-02 9.90812379e-03 8.58367707e-03 7.28858668e-03 6.05078117e-03 4.89815115e-03 3.84962783e-03 2.92068657e-03 2.12763322e-03 1.47290528e-03 9.56742171e-04 5.71954156e-04 3.04753515e-04 1.36576585e-04 4.53481162e-05 7.30467205e-06 -3.89134502e-09 -3.81283594e-09 -3.68832392e-09 -3.52287655e-09 -3.32510947e-09 -3.10712178e-09 -2.88413676e-09 -2.67382372e-09 -2.49532883e-09 -2.36804260e-09 -2.31018377e-09 -2.33730690e-09 -2.46085108e-09 -2.68686495e-09 -3.01503372e-09 -3.43813100e-09 -3.94196786e-09 -4.50589244e-09 -5.10383302e-09 -5.70582542e-09 -6.27992947e-09 -6.79438888e-09 -7.21985960e-09 -7.53152929e-09 -7.71094005e-09 -7.74736963e-09 -7.63863084e-09 -7.39124068e-09 -7.01992808e-09 -6.54653109e-09 -5.99837879e-09 -5.40629735e-09 -4.80241324e-09 -4.21793733e-09 -3.68110542e-09 -3.21544313e-09 -2.83846624e-09 -2.56091082e-09 -2.38650844e-09 -2.31229463e-09 -2.32938246e-09 -2.42410148e-09 -2.57937743e-09 -2.77622059e-09 -2.99519737e-09 -3.21775878e-09 -3.42735562e-09 -3.61026242e-09 -3.75609543e-09 -3.85802285e-09 1.11810725e-06 2.11502366e-05 8.28271335e-05 2.09471637e-04 4.24661767e-04 7.48884378e-04 1.19813647e-03 1.78269745e-03 2.50776676e-03 3.36817642e-03 4.35864452e-03 5.46489913e-03 6.66279089e-03 7.93198073e-03 9.24264205e-03 1.05689361e-02 1.18806440e-02 1.31354851e-02 1.43227267e-02 1.53935216e-02 1.63328894e-02 1.71197925e-02 1.77257045e-02 1.81349475e-02 1.83412917e-02 1.83412917e-02 1.81349475e-02 1.77257045e-02 1.71197925e-02 1.63328894e-02 1.53935216e-02 1.43227267e-02 1.31354851e-02 1.18806440e-02 1.05689361e-02 9.24264205e-03 7.93198073e-03 6.66279089e-03 5.46489913e-03 4.35864452e-03 3.36817642e-03 2.50776676e-03 1.78269745e-03 1.19813647e-03 7.48884378e-04 4.24661767e-04 2.09471637e-04 8.28271335e-05 2.11502366e-05 1.11810725e-06 -3.85802290e-09 -3.75609532e-09 -3.61026253e-09 -3.42735551e-09 -3.21775878e-09 -2.99519709e-09 -2.77622070e-09 -2.57937738e-09 -2.42410136e-09 -2.32938274e-09 -2.31229458e-09 -2.38650832e-09 -2.56091093e-09 -2.83846652e-09 -3.21544313e-09 -3.68110559e-09 -4.21793744e-09 -4.80241302e-09 -5.40629719e-09 -5.99837868e-09 -6.54653132e-09 -7.01992819e-09 -7.39124062e-09 -7.63863084e-09 -7.74736969e-09 -7.71094033e-09 -7.53152918e-09 -7.21985954e-09 -6.79438872e-09 -6.27992930e-09 -5.70582537e-09 -5.10383302e-09 -4.50589249e-09 -3.94196764e-09 -3.43813100e-09 -3.01503367e-09 -2.68686495e-09 -2.46085091e-09 -2.33730657e-09 -2.31018388e-09 -2.36804271e-09 -2.49532917e-09 -2.67382372e-09 -2.88413687e-09 -3.10712173e-09 -3.32510930e-09 -3.52287649e-09 -3.68832387e-09 -3.81283616e-09 -3.89134475e-09 7.30467205e-06 4.53481162e-05 1.36576585e-04 3.04753515e-04 5.71954156e-04 9.56742171e-04 1.47290528e-03 2.12763322e-03 2.92068657e-03 3.84962783e-03 4.89815115e-03 6.05078117e-03 7.28858668e-03 8.58367707e-03 9.90812379e-03 1.12255581e-02 1.25174772e-02 1.37431675e-02 1.48750280e-02 1.58807434e-02 1.67474141e-02 1.74469260e-02 1.79550487e-02 1.82639075e-02 1.83672026e-02
2.18348767e-02 2.17127928e-02 2.13495625e-02 2.07576611e-02 1.99500572e-02 1.89385827e-02 1.77518758e-02 1.64329873e-02 1.49921409e-02 1.34819693e-02 1.19236222e-02 1.03627323e-02 8.83275954e-03 7.36313613e-03 5.98686427e-03 4.72839910e-03 3.61118711e-03 2.64776435e-03 1.84848036e-03 1.21166749e-03 7.31482699e-04 3.94854115e-04 1.79398007e-04 6.05290020e-05 9.94029205e-06 -3.87735133e-09 -3.84473720e-09 -3.76253895e-09 -3.63385988e-09 -3.46561330e-09 -3.26860489e-09 -3.05728792e-09 -2.84917517e-09 -2.66389433e-09 -2.52193111e-09 -2.44312692e-09 -2.44504916e-09 -2.54136018e-09 -2.74033607e-09 -3.04369380e-09 -3.44585604e-09 -3.93375849e-09 -4.48726467e-09 -5.08018866e-09 -5.68187841e-09 -6.25925017e-09 -6.77911172e-09 -7.21059290e-09 -7.52746643e-09 -7.71016084e-09 -7.74728137e-09 -7.63650360e-09 -7.38475547e-09 -7.00767322e-09 -6.52838178e-09 -5.97570449e-09 -5.38197464e-09 -4.78063250e-09 -4.20382229e-09 -3.68019198e-09 -3.23306748e-09 -2.87913959e-09 -2.62774286e-09 -2.48074711e-09 -2.43303377e-09 -2.47346355e-09 -2.58622396e-09 -2.75240408e-09 -2.95164093e-09 -3.16370274e-09 -3.36988154e-09 -3.55409718e-09 -3.70366882e-09 -3.80972842e-09 -3.86729554e-09 1.53946945e-06 2.84858062e-05 1.09718466e-04 2.73096374e-04 5.46461398e-04 9.53296771e-04 1.51006066e-03 2.22785431e-03 3.10891225e-03 4.15220128e-03 5.34177298e-03 6.66038377e-03 8.08706441e-03 9.59183487e-03 1.11440608e-02 1.27041381e-02 1.42431999e-02 1.57260292e-02 1.71093309e-02 1.83629086e-02 1.94689644e-02 2.03799551e-02 2.10809518e-02 2.15607971e-02 2.18043519e-02 2.18043519e-02 2.15607971e-02 2.10809518e-02 2.03799551e-02 1.94689644e-02 1.83629086e-02 1.71093309e-02 1.57260292e-02 1.42431999e-02 1.27041381e-02 1.11440608e-02 9.59183487e-03 8.08706441e-03 6.66038377e-03 5.34177298e-03 4.15220128e-03 3.10891225e-03 2.22785431e-03 1.51006066e-03 9.53296771e-04 5.46461398e-04 2.73096374e-04 1.09718466e-04 2.84858062e-05 1.53946945e-06 -3.86729537e-09 -3.80972853e-09 -3.70366904e-09 -3.55409718e-09 -3.36988143e-09 -3.16370274e-09 -2.95164077e-09 -2.75240403e-09 -2.58622401e-09 -2.47346332e-09 -2.43303377e-09 -2.48074700e-09 -2.62774297e-09 -2.87913965e-09 -3.23306748e-09 -3.68019198e-09 -4.20382229e-09 -4.78063228e-09 -5.38197459e-09 -5.97570449e-09 -6.52838167e-09 -7.00767322e-09 -7.38475558e-09 -7.63650343e-09 -7.74728171e-09 -7.71016084e-09 -7.52746654e-09 -7.21059279e-09 -6.77911172e-09 -6.25925017e-09 -5.68187863e-09 -5.08018871e-09 -4.48726456e-09 -3.93375865e-09 -3.44585621e-09 -3.04369380e-09 -2.74033624e-09 -2.54136012e-09 -2.44504916e-09 -2.44312692e-09 -2.52193111e-09 -2.66389444e-09 -2.84917512e-09 -3.05728787e-09 -3.26860472e-09 -3.46561335e-09 -3.63385971e-09 -3.76253884e-09 -3.84473731e-09 -3.87735144e-09 9.94029205e-06 6.05290020e-05 1.79398007e-04 3.94854115e-04 7.31482699e-04 1.21166749e-03 1.84848036e-03 2.64776435e-03 3.61118711e-03 4.72839910e-03 5.98686427e-03 7.36313613e-03 8.83275954e-03 1.03627323e-02 1.19236222e-02 1.34819693e-02 1.49921409e-02 1.64329873e-02 1.77518758e-02 1.89385827e-02 1.99500572e-02 2.07576611e-02 2.13495625e-02 2.17127928e-02 2.18348767e-02
2.55819625e-02 2.54410861e-02 2.50219882e-02 2.43340434e-02 2.34021852e-02 2.22421936e-02 2.08711185e-02 1.93409607e-02 1.76804525e-02 1.59242865e-02 1.41170872e-02 1.23049338e-02 1.05200453e-02 8.80020754e-03 7.18382398e-03 5.70257720e-03 4.37717253e-03 3.23077606e-03 2.26942621e-03 1.50041690e-03 9.15159929e-04 4.99008535e-04 2.29620020e-04 7.86034603e-05 1.31473931e-05 -3.81915871e-09 -3.83224297e-09 -3.79388226e-09 -3.70505920e-09 -3.57074392e-09 -3.40013157e-09 -3.20654925e-09 -3.00697067e-09 -2.82113466e-09 -2.67028744e-09 -2.57562127e-09 -2.55651789e-09 -2.62874811e-09 -2.80278994e-09 -3.08244136e-09 -3.46388573e-09 -3.93534216e-09 -4.47737197e-09 -5.06386816e-09 -5.66367664e-09 -6.24273233e-09 -6.76654643e-09 -7.20283183e-09 -7.52402668e-09 -7.70949704e-09 -7.74720604e-09 -7.63469643e-09 -7.37929007e-09 -6.99749136e-09 -6.51364429e-09 -5.95797456e-09 -5.36419709e-09 -4.76691375e-09 -4.19902724e-09 -3.68940650e-09 -3.26098903e-09 -2.92946734e-09 -2.70263512e-09 -2.58041954e-09 -2.55553301e-09 -2.61465677e-09 -2.73999201e-09 -2.91102509e-09 -3.10632753e-09 -3.30522787e-09 -3.48923523e-09 -3.64311337e-09 -3.75556597e-09 -3.81952014e-09 -3.83204979e-09 2.05630453e-06 3.72545803e-05 1.41385424e-04 3.47732998e-04 6.87207692e-04 1.18530480e-03 1.86117176e-03 2.72647171e-03 3.78247921e-03 5.01809596e-03 6.42269765e-03 7.97633101e-03 9.64653724e-03 1.14020138e-02 1.32103632e-02 1.50279083e-02 1.68091618e-02 1.85278175e-02 2.01211871e-02 2.15820466e-02 2.28486309e-02 2.38973941e-02 2.47095399e-02 2.52663179e-02 2.55465609e-02 2.55465609e-02 2.52663179e-02 2.47095399e-02 2.38973941e-02 2.28486309e-02 2.15820466e-02 2.01211871e-02 1.85278175e-02 1.68091618e-02 1.50279083e-02 1.32103632e-02 1.14020138e-02 9.64653724e-03 7.97633101e-03 6.42269765e-03 5.01809596e-03 3.78247921e-03 2.72647171e-03 1.86117176e-03 1.18530480e-03 6.87207692e-04 3.47732998e-04 1.41385424e-04 3.72545803e-05 2.05630453e-06 -3.83204957e-09 -3.81952020e-09 -3.75556591e-09 -3.64311337e-09 -3.48923529e-09 -3.30522804e-09 -3.10632758e-09 -2.91102520e-09 -2.73999201e-09 -2.61465671e-09 -2.55553290e-09 -2.58041943e-09 -2.70263517e-09 -2.92946728e-09 -3.26098876e-09 -3.68940645e-09 -4.19902713e-09 -4.76691375e-09 -5.36419725e-09 -5.95797472e-09 -6.51364440e-09 -6.99749125e-09 -7.37929007e-09 -7.63469643e-09 -7.74720621e-09 -7.70949715e-09 -7.52402685e-09 -7.20283178e-09 -6.76654666e-09 -6.24273222e-09 -5.66367664e-09 -5.06386805e-09 -4.47737208e-09 -3.93534216e-09 -3.46388562e-09 -3.08244152e-09 -2.80278989e-09 -2.62874805e-09 -2.55651789e-09 -2.57562127e-09 -2.67028744e-09 -2.82113466e-09 -3.00697067e-09 -3.20654925e-09 -3.40013151e-09 -3.57074392e-09 -3.70505920e-09 -3.79388210e-09 -3.83224297e-09 -3.81915854e-09 1.31473931e-05 7.86034603e-05 2.29620020e-04 4.99008535e-04 9.15159929e-04 1.50041690e-03 2.26942621e-03 3.23077606e-03 4.37717253e-03 5.70257720e-03 7.18382398e-03 8.80020754e-03 1.05200453e-02 1.23049338e-02 1.41170872e-02 1.59242865e-02 1.76804525e-02 1.93409607e-02 2.08711185e-02 2.22421936e-02 2.34021852e-02 2.43340434e-02 2.50219882e-02 2.54410861e-02 2.55819625e-02
2.95799982e-02 2.94183424e-02 2.89387076e-02 2.81539009e-02 2.70860689e-02 2.57651612e-02 2.42075105e-02 2.24482097e-02 2.05558857e-02 1.85399794e-02 1.64766729e-02 1.43912011e-02 1.23303498e-02 1.03477619e-02 8.47939924e-03 6.75905337e-03 5.21538234e-03 3.86904772e-03 2.73789076e-03 1.82294375e-03 1.12080336e-03 6.17434877e-04 2.87360754e-04 9.96262060e-05 1.69321997e-05 -3.72380965e-09 -3.78073373e-09 -3.78606413e-09 -3.73858317e-09 -3.64114383e-09 -3.50107759e-09 -3.33026318e-09 -3.14477827e-09 -2.96410496e-09 -2.80990381e-09 -2.70441242e-09 -2.66859224e-09 -2.72016570e-09 -2.87173746e-09 -3.12919191e-09 -3.49054768e-09 -3.94543431e-09 -4.47527410e-09 -5.05421904e-09 -5.65079084e-09 -6.23011337e-09 -6.75654765e-09 -7.19650584e-09 -7.52118351e-09 -7.70894426e-09 -7.74714337e-09 -7.63319608e-09 -7.37479977e-09 -6.98927888e-09 -6.50212179e-09 -5.94485067e-09 -5.35243128e-09 -4.76046724e-09 -4.20244595e-09 -3.70727599e-09 -3.29733174e-09 -2.98715924e-09 -2.78291024e-09 -2.68252631e-09 -2.67658706e-09 -2.74970646e-09 -2.88229801e-09 -3.05252079e-09 -3.23820432e-09 -3.41860062e-09 -3.57580088e-09 -3.69575803e-09 -3.76884818e-09 -3.79001264e-09 -3.75850318e-09 2.68679232e-06 4.76845684e-05 1.77861129e-04 4.32270416e-04 8.45651708e-04 1.44675054e-03 2.25369367e-03 3.27638114e-03 4.51637683e-03 5.96405625e-03 7.60139079e-03 9.40002414e-03 1.13327363e-02 1.33545905e-02 1.54265916e-02 1.75154552e-02 1.95592647e-02 2.15208766e-02 2.33467283e-02 2.50120852e-02 2.64585733e-02 2.76521073e-02 2.85842124e-02 2.92174099e-02 2.95395661e-02 2.95395661e-02 2.92174099e-02 2.85842124e-02 2.76521073e-02 2.64585733e-02 2.50120852e-02 2.33467283e-02 2.15208766e-02 1.95592647e-02 1.75154552e-02 1.54265916e-02 1.33545905e-02 1.13327363e-02 9.40002414e-03 7.60139079e-03 5.96405625e-03 4.51637683e-03 3.27638114e-03 2.25369367e-03 1.44675054e-03 8.45651708e-04 4.32270416e-04 1.77861129e-04 4.76845684e-05 2.68679232e-06 -3.75850334e-09 -3.79001247e-09 -3.76884779e-09 -3.69575803e-09 -3.57580104e-09 -3.41860040e-09 -3.23820443e-09 -3.05252057e-09 -2.88229807e-09 -2.74970635e-09 -2.67658706e-09 -2.68252631e-09 -2.78291035e-09 -2.98715969e-09 -3.29733152e-09 -3.70727593e-09 -4.20244606e-09 -4.76046730e-09 -5.35243128e-09 -5.94485067e-09 -6.50212190e-09 -6.98927904e-09 -7.37479988e-09 -7.63319619e-09 -7.74714343e-09 -7.70894426e-09 -7.52118356e-09 -7.19650584e-09 -6.75654765e-09 -6.23011320e-09 -5.65079117e-09 -5.05421910e-09 -4.47527404e-09 -3.94543431e-09 -3.49054768e-09 -3.12919185e-09 -2.87173740e-09 -2.72016565e-09 -2.66859224e-09 -2.70441253e-09 -2.80990364e-09 -2.96410502e-09 -3.14477827e-09 -3.33026295e-09 -3.50107759e-09 -3.64114361e-09 -3.73858317e-09 -3.78606407e-09 -3.78073378e-09 -3.72380965e-09 1.69321997e-05 9.96262060e-05 2.87360754e-04 6.17434877e-04 1.12080336e-03 1.82294375e-03 2.73789076e-03 3.86904772e-03 5.21538234e-03 6.75905337e-03 8.47939924e-03 1.03477619e-02 1.23303498e-02 1.43912011e-02 1.64766729e-02 1.85399794e-02 2.05558857e-02 2.24482097e-02 2.42075105e-02 2.57651612e-02 2.70860689e-02 2.81539009e-02 2.89387076e-02 2.94183424e-02 2.95799982e-02
3.37991002e-02 3.36174137e-02 3.30745310e-02 3.21869781e-02 3.09765432e-02 2.94889730e-02 2.77240093e-02 2.57380296e-02 2.35968138e-02 2.13154754e-02 1.89723983e-02 1.66043150e-02 1.42613569e-02 1.20023586e-02 9.86712512e-03 7.89123683e-03 6.11642641e-03 4.56149802e-03 3.24565303e-03 2.17585126e-03 1.34866828e-03 7.49061498e-04 3.52298150e-04 1.23689178e-04 2.13002162e-05 -3.59876384e-09 -3.69628950e-09 -3.74370235e-09 -3.73758169e-09 -3.67856129e-09 -3.57191787e-09 -3.42781370e-09 -3.26110794e-09 -3.09067572e-09 -2.93824154e-09 -2.82677270e-09 -2.77854284e-09 -2.81303264e-09 -2.94485591e-09 -3.18194626e-09 -3.52419555e-09 -3.96273719e-09 -4.47999393e-09 -5.05054065e-09 -5.64274888e-09 -6.22109547e-09 -6.74894268e-09 -7.19152932e-09 -7.51890372e-09 -7.70849706e-09 -7.74709241e-09 -7.63198649e-09 -7.37122852e-09 -6.98291069e-09 -6.49358356e-09 -5.93595317e-09 -5.34609651e-09 -4.76046175e-09 -4.21294716e-09 -3.73233039e-09 -3.34027173e-09 -3.05004921e-09 -2.86610635e-09 -2.78439749e-09 -2.79344514e-09 -2.87595425e-09 -3.01078140e-09 -3.17504967e-09 -3.34618921e-09 -3.50372437e-09 -3.63067215e-09 -3.71446796e-09 -3.74739789e-09 -3.72656034e-09 -3.65344044e-09 3.39509549e-06 5.95860400e-05 2.19648281e-04 5.27548464e-04 1.02165291e-03 1.73217667e-03 2.67995607e-03 3.87338107e-03 5.30868484e-03 6.97949594e-03 8.85954923e-03 1.09192755e-02 1.31244518e-02 1.54278337e-02 1.77838442e-02 2.01505961e-02 2.24682324e-02 2.46851814e-02 2.67585415e-02 2.86385084e-02 3.02678863e-02 3.16197265e-02 3.26725191e-02 3.33906596e-02 3.37535438e-02 3.37535438e-02 3.33906596e-02 3.26725191e-02 3.16197265e-02 3.02678863e-02 2.86385084e-02 2.67585415e-02 2.46851814e-02 2.24682324e-02 2.01505961e-02 1.77838442e-02 1.54278337e-02 1.31244518e-02 1.09192755e-02 8.85954923e-03 6.97949594e-03 5.30868484e-03 3.87338107e-03 2.67995607e-03 1.73217667e-03 1.02165291e-03 5.27548464e-04 2.19648281e-04 5.95860400e-05 3.39509549e-06 -3.65344033e-09 -3.72656017e-09 -3.74739773e-09 -3.71446807e-09 -3.63067204e-09 -3.50372442e-09 -3.34618899e-09 -3.17504989e-09 -3.01078118e-09 -2.87595414e-09 -2.79344498e-09 -2.78439771e-09 -2.86610641e-09 -3.05004910e-09 -3.34027161e-09 -3.73233033e-09 -4.21294705e-09 -4.76046202e-09 -5.34609657e-09 -5.93595323e-09 -6.49358378e-09 -6.98291086e-09 -7.37122829e-09 -7.63198649e-09 -7.74709263e-09 -7.70849745e-09 -7.51890372e-09 -7.19152932e-09 -6.74894279e-09 -6.22109542e-09 -5.64274877e-09 -5.05054054e-09 -4.47999382e-09 -3.96273725e-09 -3.52419555e-09 -3.18194643e-09 -2.94485614e-09 -2.81303264e-09 -2.77854317e-09 -2.82677254e-09 -2.93824154e-09 -3.09067555e-09 -3.26110799e-09 -3.42781370e-09 -3.57191804e-09 -3.67856123e-09 -3.73758158e-09 -3.74370240e-09 -3.69628950e-09 -3.59876384e-09 2.13002162e-05 1.23689178e-04 3.52298150e-04 7.49061498e-04 1.34866828e-03 2.17585126e-03 3.24565303e-03 4.56149802e-03 6.11642641e-03 7.89123683e-03 9.86712512e-03 1.20023586e-02 1.42613569e-02 1.66043150e-02 1.89723983e-02 2.13154754e-02 2.35968138e-02 2.57380296e-02 2.77240093e-02 2.94889730e-02 3.09765432e-02 3.21869781e-02 3.30745310e-02 3.36174137e-02 3.37991002e-02
3.82032718e-02 3.80005807e-02 3.73942938e-02 3.64025422e-02 3.50512554e-02 3.33800908e-02 3.14041882e-02 2.91800579e-02 2.67768130e-02 2.42168717e-02 2.15878487e-02 1.89245912e-02 1.62899929e-02 1.37453990e-02 1.13301956e-02 9.09253933e-03 7.07180352e-03 5.30029161e-03 3.78842823e-03 2.55498464e-03 1.59397125e-03 8.93609428e-04 4.24190298e-04 1.50489942e-04 2.62739924e-05 -3.45147522e-09 -3.58529051e-09 -3.67196612e-09 -3.70593956e-09 -3.68559483e-09 -3.61403080e-09 -3.49948437e-09 -3.35531730e-09 -3.19947691e-09 -3.05341663e-09 -2.94050784e-09 -2.88405472e-09 -2.90506874e-09 -3.02002356e-09 -3.23882721e-09 -3.56324154e-09 -3.98596878e-09 -4.49054338e-09 -5.05210862e-09 -5.63904712e-09 -6.21535412e-09 -6.74354073e-09 -7.18780474e-09 -7.51715018e-09 -7.70814867e-09 -7.74705289e-09 -7.63104829e-09 -7.36851230e-09 -6.97824765e-09 -6.48777720e-09 -5.93087485e-09 -5.34458572e-09 -4.76604439e-09 -4.22939722e-09 -3.76313497e-09 -3.38807155e-09 -3.11612874e-09 -2.95000868e-09 -2.88371621e-09 -2.90383045e-09 -2.99133457e-09 -3.12378728e-09 -3.27758121e-09 -3.43007922e-09 -3.56141189e-09 -3.65582287e-09 -3.70248082e-09 -3.69574493e-09 -3.63495095e-09 -3.52379942e-09 4.22813417e-06 7.29750839e-05 2.65560848e-04 6.31152989e-04 1.21344236e-03 2.04141520e-03 3.13654795e-03 4.51062035e-03 6.15481070e-03 8.05758074e-03 1.01879531e-02 1.25196816e-02 1.50070725e-02 1.76051100e-02 2.02537122e-02 2.29125452e-02 2.55135379e-02 2.80010979e-02 3.03207281e-02 3.24283821e-02 3.42536182e-02 3.57688009e-02 3.69448336e-02 3.77475939e-02 3.81525574e-02 3.81525574e-02 3.77475939e-02 3.69448336e-02 3.57688009e-02 3.42536182e-02 3.24283821e-02 3.03207281e-02 2.80010979e-02 2.55135379e-02 2.29125452e-02 2.02537122e-02 1.76051100e-02 1.50070725e-02 1.25196816e-02 1.01879531e-02 8.05758074e-03 6.15481070e-03 4.51062035e-03 3.13654795e-03 2.04141520e-03 1.21344236e-03 6.31152989e-04 2.65560848e-04 7.29750839e-05 4.22813417e-06 -3.52379936e-09 -3.63495090e-09 -3.69574465e-09 -3.70248071e-09 -3.65582298e-09 -3.56141172e-09 -3.43007900e-09 -3.27758121e-09 -3.12378706e-09 -2.99133496e-09 -2.90383045e-09 -2.88371621e-09 -2.95000868e-09 -3.11612874e-09 -3.38807155e-09 -3.76313491e-09 -4.22939722e-09 -4.76604423e-09 -5.34458572e-09 -5.93087507e-09 -6.48777715e-09 -6.97824759e-09 -7.36851230e-09 -7.63104835e-09 -7.74705294e-09 -7.70814884e-09 -7.51715035e-09 -7.18780480e-09 -6.74354073e-09 -6.21535412e-09 -5.63904740e-09 -5.05210879e-09 -4.49054333e-09 -3.98596878e-09 -3.56324170e-09 -3.23882732e-09 -3.02002368e-09 -2.90506874e-09 -2.88405477e-09 -2.94050795e-09 -3.05341658e-09 -3.19947707e-09 -3.35531725e-09 -3.49948437e-09 -3.61403080e-09 -3.68559472e-09 -3.70593967e-09 -3.67196645e-09 -3.58529068e-09 -3.45147527e-09 2.62739924e-05 1.50489942e-04 4.24190298e-04 8.93609428e-04 1.59397125e-03 2.55498464e-03 3.78842823e-03 5.30029161e-03 7.07180352e-03 9.09253933e-03 1.13301956e-02 1.37453990e-02 1.62899929e-02 1.89245912e-02 2.15878487e-02 2.42168717e-02 2.67768130e-02 2.91800579e-02 3.14041882e-02 3.33800908e-02 3.50512554e-02 3.64025422e-02 3.73942938e-02 3.80005807e-02 3.82032718e-02
4.27642554e-02 4.25381793e-02 4.18655539e-02 4.07685624e-02 3.92785578e-02 3.74108034e-02 3.52127576e-02 3.27490641e-02 3.00730910e-02 2.72266524e-02 2.43031714e-02 2.13365628e-02 1.83969193e-02 1.55581506e-02 1.28560143e-02 1.03477204e-02 8.07573554e-03 6.07642714e-03 4.36451801e-03 2.95922971e-03 1.85791398e-03 1.04874625e-03 5.02238601e-04 1.80070312e-04 3.18006444e-05 -3.28905830e-09 -3.45408507e-09 -3.57625735e-09 -3.64798630e-09 -3.66544523e-09 -3.62949387e-09 -3.54629859e-09 -3.42749695e-09 -3.28982713e-09 -3.15415494e-09 -3.04394193e-09 -2.98322822e-09 -2.99431235e-09 -3.09534753e-09 -3.29810596e-09 -3.60618535e-09 -4.01388622e-09 -4.50594217e-09 -5.05818770e-09 -5.63916652e-09 -6.21254514e-09 -6.74013495e-09 -7.18522375e-09 -7.51588014e-09 -7.70789116e-09 -7.74702313e-09 -7.63036023e-09 -7.36658079e-09 -6.97513697e-09 -6.48443249e-09 -5.92918742e-09 -5.34727507e-09 -4.77636108e-09 -4.25068564e-09 -3.79831638e-09 -3.43911150e-09 -3.18357818e-09 -3.03267705e-09 -2.97853620e-09 -3.00593472e-09 -3.09435139e-09 -3.22031424e-09 -3.35979788e-09 -3.49041340e-09 -3.59320129e-09 -3.65388919e-09 -3.66356501e-09 -3.61876640e-09 -3.52107804e-09 -3.37633721e-09 5.14057173e-06 8.76196747e-05 3.15970883e-04 7.44606697e-04 1.41853141e-03 2.37192216e-03 3.62344553e-03 5.18127998e-03 7.04152579e-03 9.18414340e-03 1.15766978e-02 1.41860529e-02 1.69664489e-02 1.98662326e-02 2.28163286e-02 2.57785657e-02 2.86682581e-02 3.14408574e-02 3.40096750e-02 3.63543796e-02 3.83896344e-02 4.00736942e-02 4.13688348e-02 4.22563274e-02 4.27077210e-02 4.27077210e-02 4.22563274e-02 4.13688348e-02 4.00736942e-02 3.83896344e-02 3.63543796e-02 3.40096750e-02 3.14408574e-02 2.86682581e-02 2.57785657e-02 2.28163286e-02 1.98662326e-02 1.69664489e-02 1.41860529e-02 1.15766978e-02 9.18414340e-03 7.04152579e-03 5.18127998e-03 3.62344553e-03 2.37192216e-03 1.41853141e-03 7.44606697e-04 3.15970883e-04 8.76196747e-05 5.14057173e-06 -3.37633710e-09 -3.52107810e-09 -3.61876640e-09 -3.66356490e-09 -3.65388925e-09 -3.59320135e-09 -3.49041318e-09 -3.35979783e-09 -3.22031402e-09 -3.09435133e-09 -3.00593456e-09 -2.97853625e-09 -3.03267661e-09 -3.18357818e-09 -3.43911138e-09 -3.79831616e-09 -4.25068575e-09 -4.77636114e-09 -5.34727518e-09 -5.92918747e-09 -6.48443232e-09 -6.97513680e-09 -7.36658079e-09 -7.63036045e-09 -7.74702313e-09 -7.70789116e-09 -7.51588042e-09 -7.18522375e-09 -6.74013512e-09 -6.21254503e-09 -5.63916647e-09 -5.05818809e-09 -4.50594201e-09 -4.01388622e-09 -3.60618535e-09 -3.29810618e-09 -3.09534753e-09 -2.99431235e-09 -2.98322805e-09 -3.04394199e-09 -3.15415483e-09 -3.28982713e-09 -3.42749706e-09 -3.54629870e-09 -3.62949409e-09 -3.66544511e-09 -3.64798641e-09 -3.57625729e-09 -3.45408518e-09 -3.28905825e-09 3.18006444e-05 1.80070312e-04 5.02238601e-04 1.04874625e-03 1.85791398e-03 2.95922971e-03 4.36451801e-03 6.07642714e-03 8.07573554e-03 1.03477204e-02 1.28560143e-02 1.55581506e-02 1.83969193e-02 2.13365628e-02 2.43031714e-02 2.72266524e-02 3.00730910e-02 3.27490641e-02 3.52127576e-02 3.74108034e-02 3.92785578e-02 4.07685624e-02 4.18655539e-02 4.25381793e-02 4.27642554e-02
4.74519381e-02 4.72035167e-02 4.64690587e-02 4.52690835e-02 4.36219054e-02 4.15540276e-02 3.91281663e-02 3.64192808e-02 3.34593435e-02 3.03246193e-02 2.70930102e-02 2.38181188e-02 2.05653273e-02 1.74235907e-02 1.44294303e-02 1.16457565e-02 9.11586653e-03 6.88358333e-03 4.96546411e-03 3.38347082e-03 2.13676659e-03 1.21344684e-03 5.85789497e-04 2.11955116e-04 3.77968548e-05 -3.11805815e-09 -3.30873084e-09 -3.46194684e-09 -3.56825047e-09 -3.62169045e-09 -3.62089292e-09 -3.56986496e-09 -3.47835311e-09 -3.36164652e-09 -3.23974358e-09 -3.13589216e-09 -3.07457737e-09 -3.07913156e-09 -3.16918092e-09 -3.35822775e-09 -3.65163749e-09 -4.04531098e-09 -4.52523785e-09 -5.06804965e-09 -5.64258013e-09 -6.21231450e-09 -6.73850964e-09 -7.18367382e-09 -7.51504814e-09 -7.70771624e-09 -7.74700282e-09 -7.62989938e-09 -7.36535793e-09 -6.97341807e-09 -6.48326876e-09 -5.93045585e-09 -5.35354056e-09 -4.79057305e-09 -4.27574770e-09 -3.83658605e-09 -3.49191154e-09 -3.25078436e-09 -3.11245590e-09 -3.06727765e-09 -3.09840220e-09 -3.18403315e-09 -3.29994621e-09 -3.42199524e-09 -3.52833696e-09 -3.60118318e-09 -3.62795410e-09 -3.60178276e-09 -3.52143048e-09 -3.39067985e-09 -3.21738192e-09 6.15353438e-06 1.03936043e-04 3.70442516e-04 8.65428418e-04 1.63618849e-03 2.71930767e-03 4.13228137e-03 5.88102364e-03 7.96167155e-03 1.03497964e-02 1.30122254e-02 1.59056459e-02 1.89848276e-02 2.21903519e-02 2.54501003e-02 2.87225598e-02 3.19078047e-02 3.49723036e-02 3.78013365e-02 4.03838707e-02 4.26359926e-02 4.44996607e-02 4.59248347e-02 4.68954637e-02 4.73896674e-02 4.73896674e-02 4.68954637e-02 4.59248347e-02 4.44996607e-02 4.26359926e-02 4.03838707e-02 3.78013365e-02 3.49723036e-02 3.19078047e-02 2.87225598e-02 2.54501003e-02 2.21903519e-02 1.89848276e-02 1.59056459e-02 1.30122254e-02 1.03497964e-02 7.96167155e-03 5.88102364e-03 4.13228137e-03 2.71930767e-03 1.63618849e-03 8.65428418e-04 3.70442516e-04 1.03936043e-04 6.15353438e-06 -3.21738181e-09 -3.39067979e-09 -3.52143043e-09 -3.60178298e-09 -3.62795416e-09 -3.60118330e-09 -3.52833707e-09 -3.42199491e-09 -3.29994632e-09 -3.18403309e-09 -3.09840226e-09 -3.06727777e-09 -3.11245590e-09 -3.25078442e-09 -3.49191154e-09 -3.83658622e-09 -4.27574787e-09 -4.79057294e-09 -5.35354072e-09 -5.93045557e-09 -6.48326876e-09 -6.97341818e-09 -7.36535793e-09 -7.62989938e-09 -7.74700282e-09 -7.70771613e-09 -7.51504808e-09 -7.18367371e-09 -6.73850986e-09 -6.21231422e-09 -5.64258007e-09 -5.06804959e-09 -4.52523785e-09 -4.04531075e-09 -3.65163744e-09 -3.35822775e-09 -3.16918097e-09 -3.07913162e-09 -3.07457748e-09 -3.13589210e-09 -3.23974342e-09 -3.36164652e-09 -3.47835311e-09 -3.56986496e-09 -3.62089292e-09 -3.62169039e-09 -3.56825058e-09 -3.46194678e-09 -3.30873096e-09 -3.11805815e-09 3.77968548e-05 2.11955116e-04 5.85789497e-04 1.21344684e-03 2.13676659e-03 3.38347082e-03 4.96546411e-03 6.88358333e-03 9.11586653e-03 1.16457565e-02 1.44294303e-02 1.74235907e-02 2.05653273e-02 2.38181188e-02 2.70930102e-02 3.03246193e-02 3.34593435e-02 3.64192808e-02 3.91281663e-02 4.15540276e-02 4.36219054e-02 4.52690835e-02 4.64690587e-02 4.72035167e-02 4.74519381e-02
5.22626700e-02 5.19915790e-02 5.11805963e-02 4.98546163e-02 4.80382753e-02 4.57733628e-02 4.31297449e-02 4.01558364e-02 3.69083554e-02 3.34859707e-02 2.99311581e-02 2.63477754e-02 2.27857285e-02 1.93266438e-02 1.60365229e-02 1.29735195e-02 1.01832280e-02 7.71391808e-03 5.58549723e-03 3.82295775e-03 2.42744857e-03 1.38646180e-03 6.74164882e-04 2.46194479e-04 4.42929108e-05 -2.94430408e-09 -3.15481402e-09 -3.33417677e-09 -3.47125229e-09 -3.55809004e-09 -3.59114033e-09 -3.57222363e-09 -3.50908247e-09 -3.41536588e-09 -3.30996047e-09 -3.21562482e-09 -3.15700888e-09 -3.15821524e-09 -3.24012939e-09 -3.41782214e-09 -3.69833603e-09 -4.07914441e-09 -4.54752352e-09 -5.08098369e-09 -5.64876501e-09 -6.21430540e-09 -6.73844291e-09 -7.18303561e-09 -7.51460660e-09 -7.70761521e-09 -7.74699094e-09 -7.62964175e-09 -7.36476535e-09 -6.97292524e-09 -6.48400061e-09 -5.93424321e-09 -5.36276790e-09 -4.80787166e-09 -4.30357627e-09 -3.87675947e-09 -3.54514840e-09 -3.31635286e-09 -3.18797688e-09 -3.14872178e-09 -3.18030186e-09 -3.25988581e-09 -3.36277206e-09 -3.46497514e-09 -3.54546220e-09 -3.58783608e-09 -3.58135921e-09 -3.52128876e-09 -3.40858719e-09 -3.24914462e-09 -3.05266656e-09 7.27026348e-06 1.21202980e-04 4.28235679e-04 9.92411191e-04 1.86343532e-03 3.07987316e-03 4.65786085e-03 6.60268834e-03 8.90678695e-03 1.15452115e-02 1.44796914e-02 1.76632082e-02 2.10442733e-02 2.45569298e-02 2.81391984e-02 3.17206450e-02 3.52113378e-02 3.85655685e-02 4.16823932e-02 4.44907595e-02 4.69590093e-02 4.90072127e-02 5.05782656e-02 5.16531523e-02 5.21948773e-02 5.21948773e-02 5.16531523e-02 5.05782656e-02 4.90072127e-02 4.69590093e-02 4.44907595e-02 4.16823932e-02 3.85655685e-02 3.52113378e-02 3.17206450e-02 2.81391984e-02 2.45569298e-02 2.10442733e-02 1.76632082e-02 1.44796914e-02 1.15452115e-02 8.90678695e-03 6.60268834e-03 4.65786085e-03 3.07987316e-03 1.86343532e-03 9.92411191e-04 4.28235679e-04 1.21202980e-04 7.27026348e-06 -3.05266645e-09 -3.24914440e-09 -3.40858719e-09 -3.52128859e-09 -3.58135938e-09 -3.58783625e-09 -3.54546220e-09 -3.46497542e-09 -3.36277217e-09 -3.25988575e-09 -3.18030180e-09 -3.14872189e-09 -3.18797694e-09 -3.31635291e-09 -3.54514845e-09 -3.87675925e-09 -4.30357633e-09 -4.80787177e-09 -5.36276795e-09 -5.93424321e-09 -6.48400045e-09 -6.97292529e-09 -7.36476535e-09 -7.62964175e-09 -7.74699105e-09 -7.70761532e-09 -7.51460660e-09 -7.18303578e-09 -6.73844286e-09 -6.21430540e-09 -5.64876501e-09 -5.08098369e-09 -4.54752369e-09 -4.07914430e-09 -3.69833603e-09 -3.41782197e-09 -3.24012911e-09 -3.15821524e-09 -3.15700888e-09 -3.21562477e-09 -3.30996031e-09 -3.41536571e-09 -3.50908247e-09 -3.57222374e-09 -3.59114072e-09 -3.55809010e-09 -3.47125217e-09 -3.33417671e-09 -3.15481402e-09 -2.94430413e-09 4.42929108e-05 2.46194479e-04 6.74164882e-04 1.38646180e-03 2.42744857e-03 3.82295775e-03 5.58549723e-03 7.71391808e-03 1.01832280e-02 1.29735195e-02 1.60365229e-02 1.93266438e-02 2.27857285e-02 2.63477754e-02 2.99311581e-02 3.34859707e-02 3.69083554e-02 4.01558364e-02 4.31297449e-02 4.57733628e-02 4.80382753e-02 4.98546163e-02 5.11805963e-02 5.19915790e-02 5.22626700e-02
5.71250311e-02 5.68278287e-02 5.59439202e-02 5.44887445e-02 5.25077283e-02 5.00566631e-02 4.71869912e-02 4.39321413e-02 4.04034016e-02 3.66764674e-02 3.28053380e-02 2.89020119e-02 2.50302132e-02 2.12585630e-02 1.76643317e-02 1.43192001e-02 1.12697476e-02 8.55927014e-03 6.21884164e-03 4.27369969e-03 2.72657317e-03 1.56609113e-03 7.66517147e-04 2.82007158e-04 5.12610108e-05 -2.77284562e-09 -2.99733599e-09 -3.19771565e-09 -3.36134098e-09 -3.47841989e-09 -3.54332463e-09 -3.55571095e-09 -3.52125484e-09 -3.45183243e-09 -3.36501033e-09 -3.28281247e-09 -3.22979099e-09 -3.23056282e-09 -3.30704791e-09 -3.47571333e-09 -3.74515940e-09 -4.11437961e-09 -4.57194926e-09 -5.09631304e-09 -5.65721481e-09 -6.21816459e-09 -6.73971290e-09 -7.18319071e-09 -7.51450813e-09 -7.70757952e-09 -7.74698605e-09 -7.62956243e-09 -7.36472322e-09 -6.97349134e-09 -6.48634380e-09 -5.94012250e-09 -5.37436640e-09 -4.82749307e-09 -4.33324177e-09 -3.91776522e-09 -3.59766128e-09 -3.37911199e-09 -3.25815341e-09 -3.22198679e-09 -3.25108601e-09 -3.32183170e-09 -3.40930412e-09 -3.48993906e-09 -3.54373930e-09 -3.55587415e-09 -3.51755025e-09 -3.42616169e-09 -3.28481703e-09 -3.10138137e-09 -2.88723923e-09 8.43247890e-06 1.39436950e-04 4.88634828e-04 1.12442650e-03 2.09852330e-03 3.45070485e-03 5.19578541e-03 7.33961238e-03 9.86810405e-03 1.27575221e-02 1.59649978e-02 1.94406921e-02 2.31242963e-02 2.69504307e-02 3.08617148e-02 3.47487291e-02 3.85661552e-02 4.21930523e-02 4.55995510e-02 4.86717663e-02 5.13345847e-02 5.35618450e-02 5.52854228e-02 5.64585869e-02 5.70506918e-02 5.70506918e-02 5.64585869e-02 5.52854228e-02 5.35618450e-02 5.13345847e-02 4.86717663e-02 4.55995510e-02 4.21930523e-02 3.85661552e-02 3.47487291e-02 3.08617148e-02 2.69504307e-02 2.31242963e-02 1.94406921e-02 1.59649978e-02 1.27575221e-02 9.86810405e-03 7.33961238e-03 5.19578541e-03 3.45070485e-03 2.09852330e-03 1.12442650e-03 4.88634828e-04 1.39436950e-04 8.43247890e-06 -2.88723906e-09 -3.10138126e-09 -3.28481703e-09 -3.42616202e-09 -3.51755008e-09 -3.55587393e-09 -3.54373919e-09 -3.48993900e-09 -3.40930412e-09 -3.32183170e-09 -3.25108590e-09 -3.22198679e-09 -3.25815341e-09 -3.37911166e-09 -3.59766139e-09 -3.91776517e-09 -4.33324177e-09 -4.82749307e-09 -5.37436623e-09 -5.94012262e-09 -6.48634380e-09 -6.97349112e-09 -7.36472328e-09 -7.62956265e-09 -7.74698633e-09 -7.70757957e-09 -7.51450796e-09 -7.18319071e-09 -6.73971290e-09 -6.21816465e-09 -5.65721492e-09 -5.09631271e-09 -4.57194926e-09 -4.11437973e-09 -3.74515918e-09 -3.47571327e-09 -3.30704808e-09 -3.23056265e-09 -3.22979082e-09 -3.28281236e-09 -3.36501027e-09 -3.45183249e-09 -3.52125512e-09 -3.55571089e-09 -3.54332441e-09 -3.47841989e-09 -3.36134126e-09 -3.19771570e-09 -2.99733588e-09 -2.77284573e-09 5.12610108e-05 2.82007158e-04 7.66517147e-04 1.56609113e-03 2.72657317e-03 4.27369969e-03 6.21884164e-03 8.55927014e-03 1.12697476e-02 1.43192001e-02 1.76643317e-02 2.12585630e-02 2.50302132e-02 2.89020119e-02 3.28053380e-02 3.66764674e-02 4.04034016e-02 4.39321413e-02 4.71869912e-02 5.00566631e-02 5.25077283e-02 5.44887445e-02 5.59439202e-02 5.68278287e-02 5.71250311e-02
6.20072654e-02 6.16844330e-02 6.07259212e-02 5.91632924e-02 5.70386216e-02 5.43711159e-02 5.12434408e-02 4.77238885e-02 4.39214716e-02 3.98688862e-02 3.57003659e-02 3.14585288e-02 2.72761584e-02 2.31980041e-02 1.93053429e-02 1.56790410e-02 1.23637385e-02 9.41253962e-03 6.85960055e-03 4.73095070e-03 3.03107962e-03 1.74998843e-03 8.61732469e-04 3.19242201e-04 5.85372239e-05 -2.60795419e-09 -2.84066287e-09 -3.05686410e-09 -3.24258020e-09 -3.38634465e-09 -3.48057638e-09 -3.52283136e-09 -3.51670831e-09 -3.47221685e-09 -3.40544931e-09 -3.33748068e-09 -3.29252420e-09 -3.29546723e-09 -3.36904010e-09 -3.53091789e-09 -3.79112947e-09 -4.15011570e-09 -4.59773303e-09 -5.11339998e-09 -5.66744318e-09 -6.22355001e-09 -6.74210138e-09 -7.18401943e-09 -7.51470308e-09 -7.70759989e-09 -7.74698816e-09 -7.62963692e-09 -7.36515099e-09 -6.97495228e-09 -6.49002202e-09 -5.94768068e-09 -5.38777389e-09 -4.84872598e-09 -4.36389747e-09 -3.95865785e-09 -3.64846231e-09 -3.43810769e-09 -3.32216893e-09 -3.28650263e-09 -3.31055350e-09 -3.37014872e-09 -3.44039902e-09 -3.49838658e-09 -3.52534157e-09 -3.50812507e-09 -3.43993828e-09 -3.32028760e-09 -3.15432502e-09 -2.95174307e-09 -2.72543776e-09 9.66926977e-06 1.58472673e-04 5.51204534e-04 1.26017066e-03 2.33906130e-03 3.82812680e-03 5.74055916e-03 8.08513677e-03 1.08357925e-02 1.39750077e-02 1.74557156e-02 2.12215804e-02 2.52095410e-02 2.93634202e-02 3.35861640e-02 3.77917959e-02 4.19239247e-02 4.58637588e-02 4.95261311e-02 5.28657560e-02 5.57702310e-02 5.81713153e-02 6.00164157e-02 6.12837396e-02 6.19263609e-02 6.19263609e-02 6.12837396e-02 6.00164157e-02 5.81713153e-02 5.57702310e-02 5.28657560e-02 4.95261311e-02 4.58637588e-02 4.19239247e-02 3.77917959e-02 3.35861640e-02 2.93634202e-02 2.52095410e-02 2.12215804e-02 1.74557156e-02 1.39750077e-02 1.08357925e-02 8.08513677e-03 5.74055916e-03 3.82812680e-03 2.33906130e-03 1.26017066e-03 5.51204534e-04 1.58472673e-04 9.66926977e-06 -2.72543776e-09 -2.95174307e-09 -3.15432491e-09 -3.32028771e-09 -3.43993833e-09 -3.50812507e-09 -3.52534174e-09 -3.49838669e-09 -3.44039897e-09 -3.37014872e-09 -3.31055372e-09 -3.28650263e-09 -3.32216882e-09 -3.43810785e-09 -3.64846253e-09 -3.95865779e-09 -4.36389752e-09 -4.84872620e-09 -5.38777367e-09 -5.94768051e-09 -6.49002202e-09 -6.97495217e-09 -7.36515082e-09 -7.62963692e-09 -7.74698811e-09 -7.70760000e-09 -7.51470297e-09 -7.18401971e-09 -6.74210149e-09 -6.22355023e-09 -5.66744296e-09 -5.11339998e-09 -4.59773303e-09 -4.15011581e-09 -3.79112935e-09 -3.53091761e-09 -3.36904027e-09 -3.29546734e-09 -3.29252403e-09 -3.33748079e-09 -3.40544942e-09 -3.47221690e-09 -3.51670837e-09 -3.52283147e-09 -3.48057672e-09 -3.38634465e-09 -3.24258032e-09 -3.05686398e-09 -2.84066309e-09 -2.60795407e-09 5.85372239e-05 3.19242201e-04 8.61732469e-04 1.74998843e-03 3.03107962e-03 4.73095070e-03 6.85960055e-03 9.41253962e-03 1.23637385e-02 1.56790410e-02 1.93053429e-02 2.31980041e-02 2.72761584e-02 3.14585288e-02 3.57003659e-02 3.98688862e-02 4.39214716e-02 4.77238885e-02 5.12434408e-02 5.43711159e-02 5.70386216e-02 5.91632924e-02 6.07259212e-02 6.16844330e-02 6.20072654e-02
6.69317707e-02 6.65843924e-02 6.55531081e-02 6.38686198e-02 6.15530418e-02 5.86685804e-02 5.53076861e-02 5.15406040e-02 4.74150895e-02 4.30727001e-02 3.85710751e-02 3.40276512e-02 2.95074391e-02 2.51253067e-02 2.09403210e-02 1.70305415e-02 1.34556873e-02 1.02651008e-02 7.50451537e-03 5.19007498e-03 3.33784664e-03 1.93706786e-03 9.58833404e-04 3.57641882e-04 6.60750161e-05 -2.45317489e-09 -2.68852024e-09 -2.91541163e-09 -3.11867498e-09 -3.28532335e-09 -3.40596690e-09 -3.47615753e-09 -3.49744622e-09 -3.47793272e-09 -3.43211681e-09 -3.37995271e-09 -3.34509931e-09 -3.35248801e-09 -3.42543782e-09 -3.58264474e-09 -3.83542020e-09 -4.18556012e-09 -4.62416955e-09 -5.13165754e-09 -5.67899261e-09 -6.23013452e-09 -6.74539902e-09 -7.18540649e-09 -7.51514451e-09 -7.70766789e-09 -7.74699460e-09 -7.62984037e-09 -7.36597139e-09 -6.97714686e-09 -6.49476795e-09 -5.95652666e-09 -5.40246808e-09 -4.87092000e-09 -4.39478853e-09 -3.99861927e-09 -3.69673187e-09 -3.49259999e-09 -3.37945627e-09 -3.34198225e-09 -3.35880129e-09 -3.40541051e-09 -3.45717621e-09 -3.49202645e-09 -3.49256390e-09 -3.44742251e-09 -3.35180372e-09 -3.20726379e-09 -3.02087610e-09 -2.80400636e-09 -2.57090721e-09 1.09638460e-05 1.78195931e-04 6.15380703e-04 1.39828192e-03 2.58254032e-03 4.20764657e-03 6.28687754e-03 8.82989464e-03 1.18065199e-02 1.51891831e-02 1.89383615e-02 2.29972065e-02 2.73000745e-02 3.17621381e-02 3.62933153e-02 4.08423162e-02 4.52598637e-02 4.95187281e-02 5.34741747e-02 5.70377458e-02 6.01801396e-02 6.27878650e-02 6.47908207e-02 6.61527516e-02 6.68448357e-02 6.68448357e-02 6.61527516e-02 6.47908207e-02 6.27878650e-02 6.01801396e-02 5.70377458e-02 5.34741747e-02 4.95187281e-02 4.52598637e-02 4.08423162e-02 3.62933153e-02 3.17621381e-02 2.73000745e-02 2.29972065e-02 1.89383615e-02 1.51891831e-02 1.18065199e-02 8.82989464e-03 6.28687754e-03 4.20764657e-03 2.58254032e-03 1.39828192e-03 6.15380703e-04 1.78195931e-04 1.09638460e-05 -2.57090726e-09 -2.80400625e-09 -3.02087605e-09 -3.20726368e-09 -3.35180339e-09 -3.44742240e-09 -3.49256390e-09 -3.49202633e-09 -3.45717632e-09 -3.40541051e-09 -3.35880129e-09 -3.34198225e-09 -3.37945627e-09 -3.49259999e-09 -3.69673192e-09 -3.99861916e-09 -4.39478848e-09 -4.87092000e-09 -5.40246792e-09 -5.95652683e-09 -6.49476795e-09 -6.97714664e-09 -7.36597161e-09 -7.62984059e-09 -7.74699482e-09 -7.70766773e-09 -7.51514451e-09 -7.18540649e-09 -6.74539885e-09 -6.23013419e-09 -5.67899261e-09 -5.13165743e-09 -4.62416960e-09 -4.18556023e-09 -3.83542004e-09 -3.58264485e-09 -3.42543793e-09 -3.35248784e-09 -3.34509925e-09 -3.37995265e-09 -3.43211659e-09 -3.47793272e-09 -3.49744622e-09 -3.47615736e-09 -3.40596706e-09 -3.28532324e-09 -3.11867498e-09 -2.91541163e-09 -2.68851991e-09 -2.45317489e-09 6.60750161e-05 3.57641882e-04 9.58833404e-04 1.93706786e-03 3.33784664e-03 5.19007498e-03 7.50451537e-03 1.02651008e-02 1.34556873e-02 1.70305415e-02 2.09403210e-02 2.51253067e-02 2.95074391e-02 3.40276512e-02 3.85710751e-02 4.30727001e-02 4.74150895e-02 5.15406040e-02 5.53076861e-02 5.86685804e-02 6.15530418e-02 6.38686198e-02 6.55531081e-02 6.65843924e-02 6.69317707e-02
7.18194488e-02 7.14439005e-02 7.03308065e-02 6.85097927e-02 6.60384286e-02 6.29705632e-02 5.93637876e-02 5.52990461e-02 5.08960209e-02 4.62390922e-02 4.14158843e-02 3.65564850e-02 3.17299219e-02 2.70250904e-02 2.25488678e-02 1.83632993e-02 1.45315912e-02 1.11094565e-02 8.14446395e-03 5.64917625e-03 3.64560099e-03 2.12593233e-03 1.05720061e-03 3.96774346e-04 7.37997569e-05 -2.31141606e-09 -2.54403021e-09 -2.77662870e-09 -2.99292346e-09 -3.17854243e-09 -3.32242789e-09 -3.41824419e-09 -3.46555945e-09 -3.47055729e-09 -3.44607082e-09 -3.41079753e-09 -3.38765932e-09 -3.40142414e-09 -3.47579060e-09 -3.63028563e-09 -3.87734989e-09 -4.22003249e-09 -4.65063332e-09 -5.15055187e-09 -5.69144326e-09 -6.23760987e-09 -6.74940348e-09 -7.18724114e-09 -7.51578677e-09 -7.70777453e-09 -7.74700670e-09 -7.63014946e-09 -7.36710859e-09 -6.97992236e-09 -6.50032878e-09 -5.96629779e-09 -5.41797013e-09 -4.89349339e-09 -4.42525738e-09 -4.03696032e-09 -3.74181441e-09 -3.54204771e-09 -3.42967738e-09 -3.38838607e-09 -3.39617445e-09 -3.42842432e-09 -3.46095302e-09 -3.47269669e-09 -3.44773715e-09 -3.37652128e-09 -3.25622396e-09 -3.09035331e-09 -2.88777269e-09 -2.66137934e-09 -2.42666731e-09 1.22973101e-05 1.98408198e-04 6.80347605e-04 1.53774044e-03 2.82704114e-03 4.58671427e-03 6.83473140e-03 9.56850170e-03 1.27710581e-02 1.64008955e-02 2.04149941e-02 2.47640325e-02 2.93598940e-02 3.41222391e-02 3.89967364e-02 4.38417124e-02 4.86014053e-02 5.31294317e-02 5.73798875e-02 6.12358625e-02 6.45796913e-02 6.73526379e-02 6.95043934e-02 7.09778711e-02 7.17255209e-02 7.17255209e-02 7.09778711e-02 6.95043934e-02 6.73526379e-02 6.45796913e-02 6.12358625e-02 5.73798875e-02 5.31294317e-02 4.86014053e-02 4.38417124e-02 3.89967364e-02 3.41222391e-02 2.93598940e-02 2.47640325e-02 2.04149941e-02 1.64008955e-02 1.27710581e-02 9.56850170e-03 6.83473140e-03 4.58671427e-03 2.82704114e-03 1.53774044e-03 6.80347605e-04 1.98408198e-04 1.22973101e-05 -2.42666715e-09 -2.66137917e-09 -2.88777280e-09 -3.09035314e-09 -3.25622401e-09 -3.37652140e-09 -3.44773721e-09 -3.47269663e-09 -3.46095319e-09 -3.42842399e-09 -3.39617456e-09 -3.38838591e-09 -3.42967721e-09 -3.54204738e-09 -3.74181452e-09 -4.03696016e-09 -4.42525711e-09 -4.89349328e-09 -5.41797013e-09 -5.96629779e-09 -6.50032878e-09 -6.97992242e-09 -7.36710848e-09 -7.63014951e-09 -7.74700681e-09 -7.70777436e-09 -7.51578677e-09 -7.18724097e-09 -6.74940376e-09 -6.23761004e-09 -5.69144304e-09 -5.15055187e-09 -4.65063332e-09 -4.22003249e-09 -3.87735000e-09 -3.63028574e-09 -3.47579066e-09 -3.40142392e-09 -3.38765938e-09 -3.41079753e-09 -3.44607076e-09 -3.47055729e-09 -3.46555923e-09 -3.41824402e-09 -3.32242811e-09 -3.17854260e-09 -2.99292341e-09 -2.77662882e-09 -2.54403021e-09 -2.31141595e-09 7.37997569e-05 3.96774346e-04 1.05720061e-03 2.12593233e-03 3.64560099e-03 5.64917625e-03 8.14446395e-03 1.11094565e-02 1.45315912e-02 1.83632993e-02 2.25488678e-02 2.70250904e-02 3.17299219e-02 3.65564850e-02 4.14158843e-02 4.62390922e-02 5.08960209e-02 5.52990461e-02 5.93637876e-02 6.29705632e-02 6.60384286e-02 6.85097927e-02 7.03308065e-02 7.14439005e-02 7.18194488e-02
7.66788190e-02 7.62801545e-02 7.50999631e-02 7.31671157e-02 7.05117914e-02 6.72124985e-02 6.33431482e-02 5.90357853e-02 5.43374555e-02 4.93481437e-02 4.42360695e-02 3.90383013e-02 3.39065443e-02 2.89093555e-02 2.41397256e-02 1.96734997e-02 1.55948087e-02 1.19489473e-02 8.77257841e-03 6.10715241e-03 3.95244043e-03 2.31326680e-03 1.15608221e-03 4.35964474e-04 8.15865299e-05 -2.18506246e-09 -2.40977482e-09 -2.64328787e-09 -2.86821022e-09 -3.06887815e-09 -3.23269611e-09 -3.35156364e-09 -3.42315382e-09 -3.45176504e-09 -3.44852918e-09 -3.43078221e-09 -3.42056189e-09 -3.44228701e-09 -3.51984353e-09 -3.67340264e-09 -3.91638111e-09 -4.25296426e-09 -4.67658212e-09 -5.16960846e-09 -5.70440950e-09 -6.24569485e-09 -6.75392953e-09 -7.18941751e-09 -7.51658547e-09 -7.70791225e-09 -7.74702125e-09 -7.63054214e-09 -7.36849171e-09 -6.98313551e-09 -6.50647158e-09 -5.97665933e-09 -5.43384848e-09 -4.91593322e-09 -4.45474191e-09 -4.07312073e-09 -3.78321330e-09 -3.58609320e-09 -3.47270102e-09 -3.42588907e-09 -3.42322898e-09 -3.44017809e-09 -3.45317674e-09 -3.44229306e-09 -3.39316164e-09 -3.29804239e-09 -3.15602078e-09 -2.97245201e-09 -2.75785689e-09 -2.52654453e-09 -2.29519609e-09 1.36683695e-05 2.18920112e-04 7.45352179e-04 1.67628231e-03 3.07187952e-03 4.96547006e-03 7.37525296e-03 1.02937868e-02 1.37114625e-02 1.75844091e-02 2.18652059e-02 2.64854609e-02 3.13765938e-02 3.64679320e-02 4.16345831e-02 4.68165194e-02 5.18656667e-02 5.67283682e-02 6.12355731e-02 6.53412808e-02 6.89384761e-02 7.19258185e-02 7.42282624e-02 7.57849303e-02 7.65791065e-02 7.65791065e-02 7.57849303e-02 7.42282624e-02 7.19258185e-02 6.89384761e-02 6.53412808e-02 6.12355731e-02 5.67283682e-02 5.18656667e-02 4.68165194e-02 4.16345831e-02 3.64679320e-02 3.13765938e-02 2.64854609e-02 2.18652059e-02 1.75844091e-02 1.37114625e-02 1.02937868e-02 7.37525296e-03 4.96547006e-03 3.07187952e-03 1.67628231e-03 7.45352179e-04 2.18920112e-04 1.36683695e-05 -2.29519603e-09 -2.52654425e-09 -2.75785700e-09 -2.97245184e-09 -3.15602078e-09 -3.29804228e-09 -3.39316142e-09 -3.44229345e-09 -3.45317652e-09 -3.44017814e-09 -3.42322903e-09 -3.42588907e-09 -3.47270102e-09 -3.58609342e-09 -3.78321319e-09 -4.07312079e-09 -4.45474191e-09 -4.91593322e-09 -5.43384848e-09 -5.97665956e-09 -6.50647164e-09 -6.98313551e-09 -7.36849171e-09 -7.63054231e-09 -7.74702102e-09 -7.70791225e-09 -7.51658569e-09 -7.18941739e-09 -6.75392953e-09 -6.24569496e-09 -5.70440939e-09 -5.16960835e-09 -4.67658207e-09 -4.25296426e-09 -3.91638083e-09 -3.67340258e-09 -3.51984353e-09 -3.44228723e-09 -3.42056189e-09 -3.43078227e-09 -3.44852907e-09 -3.45176526e-09 -3.42315354e-09 -3.35156369e-09 -3.23269600e-09 -3.06887815e-09 -2.86821034e-09 -2.64328792e-09 -2.40977482e-09 -2.18506241e-09 8.15865299e-05 4.35964474e-04 1.15608221e-03 2.31326680e-03 3.95244043e-03 6.10715241e-03 8.77257841e-03 1.19489473e-02 1.55948087e-02 1.96734997e-02 2.41397256e-02 2.89093555e-02 3.39065443e-02 3.90383013e-02 4.42360695e-02 4.93481437e-02 5.43374555e-02 5.90357853e-02 6.33431482e-02 6.72124985e-02 7.05117914e-02 7.31671157e-02 7.50999631e-02 7.62801545e-02 7.66788190e-02
8.14754060e-02 8.10498524e-02 7.97849591e-02 7.77074304e-02 7.48764296e-02 7.13968785e-02 6.72996513e-02 6.26874832e-02 5.76897267e-02 5.24320791e-02 4.69713413e-02 4.14888926e-02 3.60251682e-02 3.07340373e-02 2.56908992e-02 2.09660946e-02 1.66350209e-02 1.27607084e-02 9.38979091e-03 6.55246977e-03 4.25641805e-03 2.49893385e-03 1.25415478e-03 4.75446465e-04 8.94660865e-05 -2.07610340e-09 -2.28788033e-09 -2.51770810e-09 -2.74701556e-09 -2.95888203e-09 -3.13927639e-09 -3.27845762e-09 -3.37230038e-09 -3.42327666e-09 -3.44081347e-09 -3.44082307e-09 -3.44433815e-09 -3.47527096e-09 -3.55751734e-09 -3.71171827e-09 -3.95211053e-09 -4.28389690e-09 -4.70155831e-09 -5.18841220e-09 -5.71754971e-09 -6.25413116e-09 -6.75880285e-09 -7.19183857e-09 -7.51750057e-09 -7.70807279e-09 -7.74703912e-09 -7.63099717e-09 -7.37005401e-09 -6.98665287e-09 -6.51298121e-09 -5.98730976e-09 -5.44972256e-09 -4.93779950e-09 -4.48277782e-09 -4.10666134e-09 -3.82057852e-09 -3.62454899e-09 -3.50857521e-09 -3.45484608e-09 -3.44068396e-09 -3.44179163e-09 -3.43537149e-09 -3.40271905e-09 -3.33105327e-09 -3.21442195e-09 -3.05373948e-09 -2.85608959e-09 -2.63353561e-09 -2.40172510e-09 -2.17853768e-09 1.50566731e-05 2.39322035e-04 8.10067596e-04 1.81328617e-03 3.31180669e-03 5.33529726e-03 7.90244794e-03 1.10127293e-02 1.46333472e-02 1.87384367e-02 2.32725746e-02 2.81708715e-02 3.33671127e-02 3.87413635e-02 4.42302650e-02 4.97129350e-02 5.50944308e-02 6.02218736e-02 6.50564780e-02 6.94224232e-02 7.32118816e-02 7.63831164e-02 7.88433641e-02 8.05212489e-02 8.13688458e-02 8.13688458e-02 8.05212489e-02 7.88433641e-02 7.63831164e-02 7.32118816e-02 6.94224232e-02 6.50564780e-02 6.02218736e-02 5.50944308e-02 4.97129350e-02 4.42302650e-02 3.87413635e-02 3.33671127e-02 2.81708715e-02 2.32725746e-02 1.87384367e-02 1.46333472e-02 1.10127293e-02 7.90244794e-03 5.33529726e-03 3.31180669e-03 1.81328617e-03 8.10067596e-04 2.39322035e-04 1.50566731e-05 -2.17853752e-09 -2.40172510e-09 -2.63353545e-09 -2.85608937e-09 -3.05373937e-09 -3.21442195e-09 -3.33105349e-09 -3.40271911e-09 -3.43537138e-09 -3.44179185e-09 -3.44068407e-09 -3.45484608e-09 -3.50857504e-09 -3.62454938e-09 -3.82057863e-09 -4.10666140e-09 -4.48277770e-09 -4.93779939e-09 -5.44972267e-09 -5.98730998e-09 -6.51298104e-09 -6.98665287e-09 -7.37005368e-09 -7.63099706e-09 -7.74703929e-09 -7.70807290e-09 -7.51750057e-09 -7.19183835e-09 -6.75880280e-09 -6.25413116e-09 -5.71754971e-09 -5.18841242e-09 -4.70155842e-09 -4.28389679e-09 -3.95211058e-09 -3.71171849e-09 -3.55751734e-09 -3.47527107e-09 -3.44433815e-09 -3.44082329e-09 -3.44081319e-09 -3.42327677e-09 -3.37230022e-09 -3.27845751e-09 -3.13927639e-09 -2.95888192e-09 -2.74701573e-09 -2.51770810e-09 -2.28788016e-09 -2.07610340e-09 8.94660865e-05 4.75446465e-04 1.25415478e-03 2.49893385e-03 4.25641805e-03 6.55246977e-03 9.38979091e-03 1.27607084e-02 1.66350209e-02 2.09660946e-02 2.56908992e-02 3.07340373e-02 3.60251682e-02 4.14888926e-02 4.69713413e-02 5.24320791e-02 5.76897267e-02 6.26874832e-02 6.72996513e-02 7.13968785e-02 7.48764296e-02 7.77074304e-02 7.97849591e-02 8.10498524e-02 8.14754060e-02
8.61997013e-02 8.57534547e-02 8.44194061e-02 8.22191621e-02 7.92208705e-02 7.54914028e-02 7.11315762e-02 6.62795500e-02 6.09934635e-02 5.53978704e-02 4.96694890e-02 4.38391925e-02 3.81059909e-02 3.25194833e-02 2.71809780e-02 2.22018522e-02 1.76376400e-02 1.35529755e-02 9.99475545e-03 6.98408945e-03 4.55004336e-03 2.68006105e-03 1.35097407e-03 5.14606330e-04 9.75224350e-05 -1.98627287e-09 -2.18010737e-09 -2.40181097e-09 -2.63143818e-09 -2.85077967e-09 -3.04442738e-09 -3.20109889e-09 -3.31498567e-09 -3.38680761e-09 -3.42430739e-09 -3.44194540e-09 -3.45965878e-09 -3.50072377e-09 -3.58888708e-09 -3.74509856e-09 -3.98426236e-09 -4.31247554e-09 -4.72518769e-09 -5.20661253e-09 -5.73056436e-09 -6.26268820e-09 -6.76386908e-09 -7.19441517e-09 -7.51849411e-09 -7.70824954e-09 -7.74705855e-09 -7.63149460e-09 -7.37173489e-09 -6.99035263e-09 -6.51966597e-09 -5.99798422e-09 -5.46526380e-09 -4.95872343e-09 -4.50899540e-09 -4.13725953e-09 -3.85369764e-09 -3.65737785e-09 -3.53750351e-09 -3.47576151e-09 -3.44938544e-09 -3.43447060e-09 -3.40909106e-09 -3.35583622e-09 -3.26350835e-09 -3.12789089e-09 -2.95163310e-09 -2.74343809e-09 -2.51682308e-09 -2.28875230e-09 -2.07841377e-09 1.64172574e-05 2.59232494e-04 8.74816129e-04 1.95133970e-03 3.54497463e-03 5.69616858e-03 8.41808350e-03 1.17064930e-02 1.55390005e-02 1.98724352e-02 2.46523536e-02 2.98155399e-02 3.52749753e-02 4.09675195e-02 4.67573106e-02 5.25453204e-02 5.82276144e-02 6.36844101e-02 6.87649395e-02 7.33811811e-02 7.74427072e-02 8.08177457e-02 8.34262042e-02 8.51967080e-02 8.60879783e-02 8.60879783e-02 8.51967080e-02 8.34262042e-02 8.08177457e-02 7.74427072e-02 7.33811811e-02 6.87649395e-02 6.36844101e-02 5.82276144e-02 5.25453204e-02 4.67573106e-02 4.09675195e-02 3.52749753e-02 2.98155399e-02 2.46523536e-02 1.98724352e-02 1.55390005e-02 1.17064930e-02 8.41808350e-03 5.69616858e-03 3.54497463e-03 1.95133970e-03 8.74816129e-04 2.59232494e-04 1.64172574e-05 -2.07841394e-09 -2.28875247e-09 -2.51682314e-09 -2.74343837e-09 -2.95163316e-09 -3.12789089e-09 -3.26350824e-09 -3.35583628e-09 -3.40909112e-09 -3.43447043e-09 -3.44938544e-09 -3.47576146e-09 -3.53750357e-09 -3.65737796e-09 -3.85369747e-09 -4.13725942e-09 -4.50899523e-09 -4.95872332e-09 -5.46526380e-09 -5.99798433e-09 -6.51966592e-09 -6.99035291e-09 -7.37173472e-09 -7.63149477e-09 -7.74705877e-09 -7.70824943e-09 -7.51849416e-09 -7.19441523e-09 -6.76386902e-09 -6.26268809e-09 -5.73056452e-09 -5.20661259e-09 -4.72518769e-09 -4.31247560e-09 -3.98426248e-09 -3.74509845e-09 -3.58888691e-09 -3.50072366e-09 -3.45965878e-09 -3.44194517e-09 -3.42430723e-09 -3.38680750e-09 -3.31498562e-09 -3.20109894e-09 -3.04442749e-09 -2.85077972e-09 -2.63143818e-09 -2.40181086e-09 -2.18010737e-09 -1.98627298e-09 9.75224350e-05 5.14606330e-04 1.35097407e-03 2.68006105e-03 4.55004336e-03 6.98408945e-03 9.99475545e-03 1.35529755e-02 1.76376400e-02 2.22018522e-02 2.71809780e-02 3.25194833e-02 3.81059909e-02 4.38391925e-02 4.96694890e-02 5.53978704e-02 6.09934635e-02 6.62795500e-02 7.11315762e-02 7.54914028e-02 7.92208705e-02 8.22191621e-02 8.44194061e-02 8.57534547e-02 8.61997013e-02
9.08068506e-02 9.03272859e-02 8.89055813e-02 8.65734755e-02 8.34204368e-02 7.95087081e-02 7.49203701e-02 6.97570745e-02 6.41799182e-02 5.83173212e-02 5.22424482e-02 4.61493462e-02 4.00944842e-02 3.42338750e-02 2.86437491e-02 2.34087216e-02 1.86156008e-02 1.43227007e-02 1.05730589e-02 7.41078436e-03 4.83657952e-03 2.85952518e-03 1.44578769e-03 5.53491714e-04 1.05530183e-04 -1.91718830e-09 -2.08795869e-09 -2.29718833e-09 -2.52324117e-09 -2.74648815e-09 -2.95014840e-09 -3.12148207e-09 -3.25309168e-09 -3.34403277e-09 -3.40041839e-09 -3.43524476e-09 -3.46729984e-09 -3.51911755e-09 -3.61416108e-09 -3.77353793e-09 -4.01267819e-09 -4.33844816e-09 -4.74717377e-09 -5.22391730e-09 -5.74319881e-09 -6.27116614e-09 -6.76898870e-09 -7.19706750e-09 -7.51953227e-09 -7.70843595e-09 -7.74707898e-09 -7.63201730e-09 -7.37347822e-09 -6.99412761e-09 -6.52635523e-09 -6.00845285e-09 -5.48019485e-09 -4.97840730e-09 -4.53311255e-09 -4.16470136e-09 -3.88247973e-09 -3.68467334e-09 -3.55982138e-09 -3.48925633e-09 -3.45026890e-09 -3.41946793e-09 -3.37588590e-09 -3.30343164e-09 -3.19247290e-09 -3.04045844e-09 -2.85167318e-09 -2.63634359e-09 -2.40939291e-09 -2.18915863e-09 -1.99634898e-09 1.78357353e-05 2.79646686e-04 9.39640279e-04 2.08480998e-03 3.77570207e-03 6.04976513e-03 8.91736743e-03 1.23755801e-02 1.63981798e-02 2.09482772e-02 2.59655675e-02 3.13916449e-02 3.71403962e-02 4.31075616e-02 4.92019148e-02 5.52965706e-02 6.12912749e-02 6.70053731e-02 7.24001725e-02 7.72884063e-02 8.15603459e-02 8.50914858e-02 8.78482937e-02 8.97331145e-02 9.06868054e-02 9.06868054e-02 8.97331145e-02 8.78482937e-02 8.50914858e-02 8.15603459e-02 7.72884063e-02 7.24001725e-02 6.70053731e-02 6.12912749e-02 5.52965706e-02 4.92019148e-02 4.31075616e-02 3.71403962e-02 3.13916449e-02 2.59655675e-02 2.09482772e-02 1.63981798e-02 1.23755801e-02 8.91736743e-03 6.04976513e-03 3.77570207e-03 2.08480998e-03 9.39640279e-04 2.79646686e-04 1.78357353e-05 -1.99634903e-09 -2.18915847e-09 -2.40939269e-09 -2.63634381e-09 -2.85167301e-09 -3.04045844e-09 -3.19247273e-09 -3.30343164e-09 -3.37588607e-09 -3.41946810e-09 -3.45026896e-09 -3.48925611e-09 -3.55982122e-09 -3.68467346e-09 -3.88247978e-09 -4.16470153e-09 -4.53311233e-09 -4.97840758e-09 -5.48019480e-09 -6.00845307e-09 -6.52635523e-09 -6.99412739e-09 -7.37347799e-09 -7.63201757e-09 -7.74707898e-09 -7.70843589e-09 -7.51953222e-09 -7.19706750e-09 -6.76898881e-09 -6.27116609e-09 -5.74319864e-09 -5.22391741e-09 -4.74717399e-09 -4.33844816e-09 -4.01267819e-09 -3.77353793e-09 -3.61416108e-09 -3.51911722e-09 -3.46729989e-09 -3.43524470e-09 -3.40041839e-09 -3.34403272e-09 -3.25309180e-09 -3.12148191e-09 -2.95014840e-09 -2.74648837e-09 -2.52324112e-09 -2.29718855e-09 -2.08795892e-09 -1.91718824e-09 1.05530183e-04 5.53491714e-04 1.44578769e-03 2.85952518e-03 4.83657952e-03 7.41078436e-03 1.05730589e-02 1.43227007e-02 1.86156008e-02 2.34087216e-02 2.86437491e-02 3.42338750e-02 4.00944842e-02 4.61493462e-02 5.22424482e-02 5.83173212e-02 6.41799182e-02 6.97570745e-02 7.49203701e-02 7.95087081e-02 8.34204368e-02 8.65734755e-02 8.89055813e-02 9.03272859e-02 9.08068506e-02
9.53444474e-02 9.48409822e-02 9.33432077e-02 9.08872264e-02 8.75423652e-02 8.33823940e-02 7.85454573e-02 7.31664013e-02 6.72880814e-02 6.11040484e-02 5.47667898e-02 4.83451899e-02 4.20334536e-02 3.58876410e-02 3.00259506e-02 2.45563209e-02 1.95431481e-02 1.50512552e-02 1.11370287e-02 7.81668646e-03 5.11595098e-03 3.03193964e-03 1.53881656e-03 5.91306716e-04 1.13210824e-04 -1.87049759e-09 -2.01277861e-09 -2.20517826e-09 -2.42389325e-09 -2.64763816e-09 -2.85819579e-09 -3.04140385e-09 -3.18836590e-09 -3.29656530e-09 -3.37054423e-09 -3.42186135e-09 -3.46811835e-09 -3.53102858e-09 -3.63365987e-09 -3.79714593e-09 -4.03730388e-09 -4.36165210e-09 -4.76729972e-09 -5.24009414e-09 -5.75523917e-09 -6.27939367e-09 -6.77404172e-09 -7.19972476e-09 -7.52058471e-09 -7.70862635e-09 -7.74709996e-09 -7.63255009e-09 -7.37523681e-09 -6.99788272e-09 -6.53290372e-09 -6.01852285e-09 -5.49429069e-09 -4.99662189e-09 -4.55493387e-09 -4.18887303e-09 -3.90694632e-09 -3.70664449e-09 -3.57597285e-09 -3.49604512e-09 -3.44433260e-09 -3.39805928e-09 -3.33726741e-09 -3.24719596e-09 -3.11973358e-09 -2.95391245e-09 -2.75555956e-09 -2.53635718e-09 -2.31263914e-09 -2.10425788e-09 -1.93379029e-09 1.91858045e-05 3.00066417e-04 1.00085822e-03 2.21227711e-03 3.99864239e-03 6.38760044e-03 9.39651712e-03 1.30218806e-02 1.72339931e-02 2.19960975e-02 2.72496285e-02 3.29161671e-02 3.89190854e-02 4.51776587e-02 5.15544958e-02 5.79583554e-02 6.42204927e-02 7.02736889e-02 7.59176535e-02 8.10364637e-02 8.55578444e-02 8.93208717e-02 9.22301135e-02 9.42156966e-02 9.52179857e-02 9.52179857e-02 9.42156966e-02 9.22301135e-02 8.93208717e-02 8.55578444e-02 8.10364637e-02 7.59176535e-02 7.02736889e-02 6.42204927e-02 5.79583554e-02 5.15544958e-02 4.51776587e-02 3.89190854e-02 3.29161671e-02 2.72496285e-02 2.19960975e-02 1.72339931e-02 1.30218806e-02 9.39651712e-03 6.38760044e-03 3.99864239e-03 2.21227711e-03 1.00085822e-03 3.00066417e-04 1.91858045e-05 -1.93379035e-09 -2.10425810e-09 -2.31263908e-09 -2.53635724e-09 -2.75555945e-09 -2.95391245e-09 -3.11973369e-09 -3.24719612e-09 -3.33726724e-09 -3.39805922e-09 -3.44433282e-09 -3.49604512e-09 -3.57597296e-09 -3.70664466e-09 -3.90694593e-09 -4.18887314e-09 -4.55493382e-09 -4.99662167e-09 -5.49429058e-09 -6.01852290e-09 -6.53290377e-09 -6.99788311e-09 -7.37523698e-09 -7.63254987e-09 -7.74710018e-09 -7.70862618e-09 -7.52058471e-09 -7.19972465e-09 -6.77404188e-09 -6.27939373e-09 -5.75523912e-09 -5.24009403e-09 -4.76729994e-09 -4.36165204e-09 -4.03730405e-09 -3.79714599e-09 -3.63365987e-09 -3.53102891e-09 -3.46811824e-09 -3.42186124e-09 -3.37054412e-09 -3.29656569e-09 -3.18836590e-09 -3.04140374e-09 -2.85819579e-09 -2.64763833e-09 -2.42389320e-09 -2.20517837e-09 -2.01277850e-09 -1.87049759e-09 1.13210824e-04 5.91306716e-04 1.53881656e-03 3.03193964e-03 5.11595098e-03 7.81668646e-03 1.11370287e-02 1.50512552e-02 1.95431481e-02 2.45563209e-02 3.00259506e-02 3.58876410e-02 4.20334536e-02 4.83451899e-02 5.47667898e-02 6.11040484e-02 6.72880814e-02 7.31664013e-02 7.85454573e-02 8.33823940e-02 8.75423652e-02 9.08872264e-02 9.33432077e-02 9.48409822e-02 9.53444474e-02
9.97002265e-02 9.91693999e-02 9.75939683e-02 9.50394788e-02 9.15333400e-02 8.71936910e-02 8.20950784e-02 7.64028196e-02 7.02886351e-02 6.38211311e-02 5.71571794e-02 5.04853494e-02 4.38678356e-02 3.74628020e-02 3.13644553e-02 2.56636539e-02 2.04431265e-02 1.57631093e-02 1.16709104e-02 8.20569787e-03 5.38117819e-03 3.19723944e-03 1.62864141e-03 6.28362487e-04 1.20679219e-04 -1.84802640e-09 -1.95586042e-09 -2.12693863e-09 -2.33462200e-09 -2.55560723e-09 -2.77008771e-09 -2.96246827e-09 -3.12241588e-09 -3.24592803e-09 -3.33605366e-09 -3.40294792e-09 -3.46302087e-09 -3.53711177e-09 -3.64779906e-09 -3.81612741e-09 -4.05818051e-09 -4.38201131e-09 -4.78541834e-09 -5.25496902e-09 -5.76651688e-09 -6.28722924e-09 -6.77892675e-09 -7.20232629e-09 -7.52162488e-09 -7.70881559e-09 -7.74712083e-09 -7.63307784e-09 -7.37696765e-09 -7.00153668e-09 -6.53918686e-09 -6.02803468e-09 -5.50737561e-09 -5.01320085e-09 -4.57434279e-09 -4.20975282e-09 -3.92721522e-09 -3.72359793e-09 -3.58648933e-09 -3.49690754e-09 -3.43261070e-09 -3.37150918e-09 -3.29469085e-09 -3.18870563e-09 -3.04690556e-09 -2.86982205e-09 -2.66474492e-09 -2.44477716e-09 -2.22773860e-09 -2.03524020e-09 -1.89223309e-09 2.05524237e-05 3.18898730e-04 1.06091525e-03 2.33987249e-03 4.21008166e-03 6.71233332e-03 9.85941143e-03 1.36361307e-02 1.80264523e-02 2.29850005e-02 2.84511146e-02 3.43677239e-02 4.06403068e-02 4.71498285e-02 5.38303233e-02 6.04949305e-02 6.70812695e-02 7.33893388e-02 7.93134579e-02 8.47291422e-02 8.94607411e-02 9.33991984e-02 9.64376493e-02 9.85094478e-02 9.95672956e-02 9.95672956e-02 9.85094478e-02 9.64376493e-02 9.33991984e-02 8.94607411e-02 8.47291422e-02 7.93134579e-02 7.33893388e-02 6.70812695e-02 6.04949305e-02 5.38303233e-02 4.71498285e-02 4.06403068e-02 3.43677239e-02 2.84511146e-02 2.29850005e-02 1.80264523e-02 1.36361307e-02 9.85941143e-03 6.71233332e-03 4.21008166e-03 2.33987249e-03 1.06091525e-03 3.18898730e-04 2.05524237e-05 -1.89223315e-09 -2.03524014e-09 -2.22773849e-09 -2.44477716e-09 -2.66474492e-09 -2.86982205e-09 -3.04690551e-09 -3.18870591e-09 -3.29469074e-09 -3.37150913e-09 -3.43261070e-09 -3.49690743e-09 -3.58648922e-09 -3.72359821e-09 -3.92721511e-09 -4.20975288e-09 -4.57434274e-09 -5.01320080e-09 -5.50737561e-09 -6.02803468e-09 -6.53918686e-09 -7.00153641e-09 -7.37696754e-09 -7.63307767e-09 -7.74712094e-09 -7.70881559e-09 -7.52162516e-09 -7.20232618e-09 -6.77892698e-09 -6.28722913e-09 -5.76651688e-09 -5.25496879e-09 -4.78541851e-09 -4.38201153e-09 -4.05818018e-09 -3.81612764e-09 -3.64779912e-09 -3.53711194e-09 -3.46302076e-09 -3.40294826e-09 -3.33605354e-09 -3.24592797e-09 -3.12241610e-09 -2.96246816e-09 -2.77008788e-09 -2.55560700e-09 -2.33462205e-09 -2.12693857e-09 -1.95586031e-09 -1.84802629e-09 1.20679219e-04 6.28362487e-04 1.62864141e-03 3.19723944e-03 5.38117819e-03 8.20569787e-03 1.16709104e-02 1.57631093e-02 2.04431265e-02 2.56636539e-02 3.13644553e-02 3.74628020e-02 4.38678356e-02 5.04853494e-02 5.71571794e-02 6.38211311e-02 7.02886351e-02 7.64028196e-02 8.20950784e-02 8.71936910e-02 9.15333400e-02 9.50394788e-02 9.75939683e-02 9.91693999e-02 9.97002265e-02
1.03996197e-01 1.03437638e-01 1.01777417e-01 9.90590575e-02 9.53589322e-02 9.08148571e-02 8.55239041e-02 7.95702627e-02 7.31362665e-02 6.64078208e-02 5.94705125e-02 5.25039671e-02 4.56323213e-02 3.89713254e-02 3.26239987e-02 2.67007607e-02 2.12807382e-02 1.64215057e-02 1.21814803e-02 8.57892563e-03 5.63739143e-03 3.35897639e-03 1.71536306e-03 6.64639575e-04 1.28469151e-04 -1.85192300e-09 -1.91855287e-09 -2.06352158e-09 -2.25646724e-09 -2.47155163e-09 -2.68712630e-09 -2.88608970e-09 -3.05670145e-09 -3.19354804e-09 -3.29826405e-09 -3.37965328e-09 -3.45294715e-09 -3.53807894e-09 -3.65706943e-09 -3.83077381e-09 -4.07543255e-09 -4.39952796e-09 -4.80145079e-09 -5.26842198e-09 -5.77690357e-09 -6.29455932e-09 -6.78355871e-09 -7.20482085e-09 -7.52263152e-09 -7.70899944e-09 -7.74714126e-09 -7.63358954e-09 -7.37863459e-09 -7.00502190e-09 -6.54510812e-09 -6.03686601e-09 -5.51932133e-09 -5.02804010e-09 -4.59129507e-09 -4.22739493e-09 -3.94348931e-09 -3.73591974e-09 -3.59197089e-09 -3.49267004e-09 -3.41614953e-09 -3.34105760e-09 -3.24953653e-09 -3.12941395e-09 -2.97543667e-09 -2.78955536e-09 -2.58046129e-09 -2.36269465e-09 -2.15571105e-09 -1.98325745e-09 -1.87334698e-09 2.19017904e-05 3.38136291e-04 1.12077351e-03 2.45950436e-03 4.41874152e-03 7.02518285e-03 1.02940623e-02 1.42264550e-02 1.87868183e-02 2.39344271e-02 2.96177312e-02 3.57531129e-02 4.22524251e-02 4.90524527e-02 5.59735338e-02 6.29674341e-02 6.97924816e-02 7.64101699e-02 8.26167408e-02 8.82547964e-02 9.31783123e-02 9.73228206e-02 1.00545429e-01 1.02744029e-01 1.03856406e-01 1.03856406e-01 1.02744029e-01 1.00545429e-01 9.73228206e-02 9.31783123e-02 8.82547964e-02 8.26167408e-02 7.64101699e-02 6.97924816e-02 6.29674341e-02 5.59735338e-02 4.90524527e-02 4.22524251e-02 3.57531129e-02 2.96177312e-02 2.39344271e-02 1.87868183e-02 1.42264550e-02 1.02940623e-02 7.02518285e-03 4.41874152e-03 2.45950436e-03 1.12077351e-03 3.38136291e-04 2.19017904e-05 -1.87334726e-09 -1.98325756e-09 -2.15571105e-09 -2.36269437e-09 -2.58046118e-09 -2.78955525e-09 -2.97543645e-09 -3.12941406e-09 -3.24953653e-09 -3.34105749e-09 -3.41614947e-09 -3.49266999e-09 -3.59197100e-09 -3.73591980e-09 -3.94348931e-09 -4.22739488e-09 -4.59129512e-09 -5.02804021e-09 -5.51932156e-09 -6.03686612e-09 -6.54510823e-09 -7.00502195e-09 -7.37863459e-09 -7.63358965e-09 -7.74714104e-09 -7.70899938e-09 -7.52263135e-09 -7.20482074e-09 -6.78355877e-09 -6.29455948e-09 -5.77690357e-09 -5.26842203e-09 -4.80145101e-09 -4.39952791e-09 -4.07543232e-09 -3.83077381e-09 -3.65706943e-09 -3.53807905e-09 -3.45294726e-09 -3.37965300e-09 -3.29826400e-09 -3.19354820e-09 -3.05670178e-09 -2.88608987e-09 -2.68712613e-09 -2.47155130e-09 -2.25646746e-09 -2.06352130e-09 -1.91855282e-09 -1.85192306e-09 1.28469151e-04 6.64639575e-04 1.71536306e-03 3.35897639e-03 5.63739143e-03 8.57892563e-03 1.21814803e-02 1.64215057e-02 2.12807382e-02 2.67007607e-02 3.26239987e-02 3.89713254e-02 4.56323213e-02 5.25039671e-02 5.94705125e-02 6.64078208e-02 7.31362665e-02 7.95702627e-02 8.55239041e-02 9.08148571e-02 9.53589322e-02 9.90590575e-02 1.01777417e-01 1.03437638e-01 1.03996197e-01
1.08121602e-01 1.07539561e-01 1.05808552e-01 1.02979079e-01 9.91221400e-02 9.43290074e-02 8.87677090e-02 8.25973553e-02 7.59172215e-02 6.88634267e-02 6.16807990e-02 5.44310628e-02 4.73036660e-02 4.03851257e-02 3.38276706e-02 2.77044779e-02 2.20952573e-02 1.70659129e-02 1.26656332e-02 8.93351740e-03 5.88029664e-03 3.51096414e-03 1.79921315e-03 6.99298265e-04 1.35403259e-04 -1.88482469e-09 -1.90236699e-09 -2.01595030e-09 -2.19033580e-09 -2.39644593e-09 -2.61042332e-09 -2.81350687e-09 -2.99253727e-09 -3.14074583e-09 -3.25842858e-09 -3.35310213e-09 -3.43884876e-09 -3.53468516e-09 -3.66202180e-09 -3.84144627e-09 -4.08926032e-09 -4.41427228e-09 -4.81537948e-09 -5.28038285e-09 -5.78630899e-09 -6.30129848e-09 -6.78787238e-09 -7.20716853e-09 -7.52358525e-09 -7.70917497e-09 -7.74716069e-09 -7.63407670e-09 -7.38020955e-09 -7.00828584e-09 -6.55058807e-09 -6.04492817e-09 -5.53004614e-09 -5.04109215e-09 -4.60581273e-09 -4.24193197e-09 -3.95604483e-09 -3.74406295e-09 -3.59306890e-09 -3.48418838e-09 -3.39599249e-09 -3.30790095e-09 -3.20309945e-09 -3.07064668e-09 -2.90661106e-09 -2.71428940e-09 -2.50374682e-09 -2.29103359e-09 -2.09748913e-09 -1.94951705e-09 -1.87910310e-09 2.31887131e-05 3.56927212e-04 1.17530832e-03 2.57604451e-03 4.61086567e-03 7.31913615e-03 1.07163358e-02 1.47825775e-02 1.94979005e-02 2.48233066e-02 3.07009468e-02 3.70688259e-02 4.38163756e-02 5.08335801e-02 5.80514712e-02 6.52802933e-02 7.24221052e-02 7.93107064e-02 8.57477412e-02 9.16369975e-02 9.68321687e-02 1.01176521e-01 1.04528994e-01 1.06815397e-01 1.07975792e-01 1.07975792e-01 1.06815397e-01 1.04528994e-01 1.01176521e-01 9.68321687e-02 9.16369975e-02 8.57477412e-02 7.93107064e-02 7.24221052e-02 6.52802933e-02 5.80514712e-02 5.08335801e-02 4.38163756e-02 3.70688259e-02 3.07009468e-02 2.48233066e-02 1.94979005e-02 1.47825775e-02 1.07163358e-02 7.31913615e-03 4.61086567e-03 2.57604451e-03 1.17530832e-03 3.56927212e-04 2.31887131e-05 -1.87910310e-09 -1.94951705e-09 -2.09748896e-09 -2.29103353e-09 -2.50374682e-09 -2.71428913e-09 -2.90661117e-09 -3.07064657e-09 -3.20309945e-09 -3.30790106e-09 -3.39599254e-09 -3.48418855e-09 -3.59306890e-09 -3.74406289e-09 -3.95604499e-09 -4.24193203e-09 -4.60581279e-09 -5.04109210e-09 -5.53004603e-09 -6.04492828e-09 -6.55058807e-09 -7.00828595e-09 -7.38020978e-09 -7.63407687e-09 -7.74716069e-09 -7.70917513e-09 -7.52358553e-09 -7.20716836e-09 -6.78787232e-09 -6.30129848e-09 -5.78630910e-09 -5.28038285e-09 -4.81537948e-09 -4.41427234e-09 -4.08926037e-09 -3.84144627e-09 -3.66202169e-09 -3.53468510e-09 -3.43884876e-09 -3.35310202e-09 -3.25842886e-09 -3.14074600e-09 -2.99253722e-09 -2.81350665e-09 -2.61042343e-09 -2.39644615e-09 -2.19033564e-09 -2.01595030e-09 -1.90236699e-09 -1.88482435e-09 1.35403259e-04 6.99298265e-04 1.79921315e-03 3.51096414e-03 5.88029664e-03 8.93351740e-03 1.26656332e-02 1.70659129e-02 2.20952573e-02 2.77044779e-02 3.38276706e-02 4.03851257e-02 4.73036660e-02 5.44310628e-02 6.16807990e-02 6.88634267e-02 7.59172215e-02 8.25973553e-02 8.87677090e-02 9.43290074e-02 9.91221400e-02 1.02979079e-01 1.05808552e-01 1.07539561e-01 1.08121602e-01
1.12055112e-01 1.11443698e-01 1.09630613e-01 1.06699290e-01 1.02699096e-01 9.77382833e-02 9.19365041e-02 8.54629750e-02 7.85364712e-02 7.12398021e-02 6.37470007e-02 5.62716275e-02 4.88702407e-02 4.17445174e-02 3.49662446e-02 2.86288801e-02 2.28412760e-02 1.76551695e-02 1.31255484e-02 9.26872646e-03 6.11304324e-03 3.65889430e-03 1.87911561e-03 7.32851632e-04 1.42748698e-04 -1.95001171e-09 -1.90908495e-09 -1.98529670e-09 -2.13705159e-09 -2.33112069e-09 -2.54092009e-09 -2.74579265e-09 -2.93109381e-09 -3.08873110e-09 -3.21772942e-09 -3.32438643e-09 -3.42167683e-09 -3.52770968e-09 -3.66325226e-09 -3.84856436e-09 -4.09992457e-09 -4.42637860e-09 -4.82724233e-09 -5.29083094e-09 -5.79468301e-09 -6.30739011e-09 -6.79181844e-09 -7.20933629e-09 -7.52447227e-09 -7.70933817e-09 -7.74717901e-09 -7.63453067e-09 -7.38167005e-09 -7.01128677e-09 -6.55557308e-09 -6.05216210e-09 -5.53950852e-09 -5.05236053e-09 -4.61797633e-09 -4.25355762e-09 -3.96521960e-09 -3.74853593e-09 -3.59047309e-09 -3.47233020e-09 -3.37316619e-09 -3.27318250e-09 -3.15658433e-09 -3.01360326e-09 -2.84155627e-09 -2.64503353e-09 -2.43548121e-09 -2.23060104e-09 -2.05397921e-09 -1.93537164e-09 -1.91191235e-09 2.44509964e-05 3.73947074e-04 1.23190430e-03 2.68662948e-03 4.80188473e-03 7.60297844e-03 1.11052684e-02 1.53077481e-02 2.01798953e-02 2.56753607e-02 3.17413770e-02 3.82966553e-02 4.52778399e-02 5.25501937e-02 6.00049775e-02 6.75095736e-02 7.49261661e-02 8.20345186e-02 8.87786243e-02 9.49282268e-02 1.00327032e-01 1.04830363e-01 1.08297911e-01 1.10684653e-01 1.11902002e-01 1.11902002e-01 1.10684653e-01 1.08297911e-01 1.04830363e-01 1.00327032e-01 9.49282268e-02 8.87786243e-02 8.20345186e-02 7.49261661e-02 6.75095736e-02 6.00049775e-02 5.25501937e-02 4.52778399e-02 3.82966553e-02 3.17413770e-02 2.56753607e-02 2.01798953e-02 1.53077481e-02 1.11052684e-02 7.60297844e-03 4.80188473e-03 2.68662948e-03 1.23190430e-03 3.73947074e-04 2.44509964e-05 -1.91191213e-09 -1.93537175e-09 -2.05397910e-09 -2.23060098e-09 -2.43548121e-09 -2.64503353e-09 -2.84155610e-09 -3.01360314e-09 -3.15658455e-09 -3.27318223e-09 -3.37316641e-09 -3.47233020e-09 -3.59047303e-09 -3.74853582e-09 -3.96521971e-09 -4.25355756e-09 -4.61797611e-09 -5.05236053e-09 -5.53950852e-09 -6.05216216e-09 -6.55557320e-09 -7.01128688e-09 -7.38167022e-09 -7.63453062e-09 -7.74717895e-09 -7.70933811e-09 -7.52447221e-09 -7.20933629e-09 -6.79181844e-09 -6.30739022e-09 -5.79468290e-09 -5.29083094e-09 -4.82724216e-09 -4.42637837e-09 -4.09992440e-09 -3.84856430e-09 -3.66325226e-09 -3.52770957e-09 -3.42167672e-09 -3.32438643e-09 -3.21772919e-09 -3.08873094e-09 -2.93109392e-09 -2.74579276e-09 -2.54091992e-09 -2.33112063e-09 -2.13705154e-09 -1.98529665e-09 -1.90908506e-09 -1.95001154e-09 1.42748698e-04 7.32851632e-04 1.87911561e-03 3.65889430e-03 6.11304324e-03 9.26872646e-03 1.31255484e-02 1.76551695e-02 2.28412760e-02 2.86288801e-02 3.49662446e-02 4.17445174e-02 4.88702407e-02 5.62716275e-02 6.37470007e-02 7.12398021e-02 7.85364712e-02 8.54629750e-02 9.19365041e-02 9.77382833e-02 1.02699096e-01 1.06699290e-01 1.09630613e-01 1.11443698e-01 1.12055112e-01
1.15920376e-01 1.15283807e-01 1.13386686e-01 1.10292621e-01 1.06100160e-01 1.00945458e-01 9.49576076e-02 8.82589635e-02 8.10139618e-02 7.34814036e-02 6.57536211e-02 5.79896723e-02 5.03768472e-02 4.30176738e-02 3.60205649e-02 2.95191118e-02 2.35646174e-02 1.82271328e-02 1.35530884e-02 9.58810255e-03 6.33227440e-03 3.79675140e-03 1.95608825e-03 7.65126575e-04 1.49485410e-04 -2.05160083e-09 -1.94087812e-09 -1.97275418e-09 -2.09741302e-09 -2.27629676e-09 -2.47941467e-09 -2.68387290e-09 -2.87340984e-09 -3.03860581e-09 -3.17726978e-09 -3.29455130e-09 -3.40236994e-09 -3.51794416e-09 -3.66139141e-09 -3.85259502e-09 -4.10774059e-09 -4.43603304e-09 -4.83712920e-09 -5.29978511e-09 -5.80200649e-09 -6.31280045e-09 -6.79536516e-09 -7.21130200e-09 -7.52528201e-09 -7.70948810e-09 -7.74719544e-09 -7.63494523e-09 -7.38299905e-09 -7.01399722e-09 -6.56002813e-09 -6.05854106e-09 -5.54770757e-09 -5.06189757e-09 -4.62792216e-09 -4.26251834e-09 -3.97140154e-09 -3.74988440e-09 -3.58489560e-09 -3.45796453e-09 -3.34866762e-09 -3.23798499e-09 -3.11110226e-09 -2.95936081e-09 -2.78125967e-09 -2.58264871e-09 -2.37641418e-09 -2.18212903e-09 -2.02612155e-09 -1.94240812e-09 -1.97476335e-09 2.56912522e-05 3.92024940e-04 1.28194740e-03 2.79303497e-03 4.97522953e-03 7.86939738e-03 1.14840453e-02 1.58078407e-02 2.08137792e-02 2.64717594e-02 3.27163026e-02 3.94754617e-02 4.66478159e-02 5.41715550e-02 6.18495432e-02 6.96384178e-02 7.72720313e-02 8.46876714e-02 9.16847391e-02 9.80413544e-02 1.03628815e-01 1.08321402e-01 1.11985207e-01 1.14491571e-01 1.15760936e-01 1.15760936e-01 1.14491571e-01 1.11985207e-01 1.08321402e-01 1.03628815e-01 9.80413544e-02 9.16847391e-02 8.46876714e-02 7.72720313e-02 6.96384178e-02 6.18495432e-02 5.41715550e-02 4.66478159e-02 3.94754617e-02 3.27163026e-02 2.64717594e-02 2.08137792e-02 1.58078407e-02 1.14840453e-02 7.86939738e-03 4.97522953e-03 2.79303497e-03 1.28194740e-03 3.92024940e-04 2.56912522e-05 -1.97476319e-09 -1.94240812e-09 -2.02612166e-09 -2.18212898e-09 -2.37641451e-09 -2.58264887e-09 -2.78125978e-09 -2.95936048e-09 -3.11110210e-09 -3.23798460e-09 -3.34866762e-09 -3.45796447e-09 -3.58489560e-09 -3.74988451e-09 -3.97140132e-09 -4.26251834e-09 -4.62792193e-09 -5.06189762e-09 -5.54770763e-09 -6.05854106e-09 -6.56002785e-09 -7.01399705e-09 -7.38299893e-09 -7.63494523e-09 -7.74719544e-09 -7.70948827e-09 -7.52528195e-09 -7.21130217e-09 -6.79536521e-09 -6.31280039e-09 -5.80200654e-09 -5.29978528e-09 -4.83712931e-09 -4.43603287e-09 -4.10774093e-09 -3.85259502e-09 -3.66139147e-09 -3.51794410e-09 -3.40236989e-09 -3.29455130e-09 -3.17727000e-09 -3.03860587e-09 -2.87340984e-09 -2.68387296e-09 -2.47941456e-09 -2.27629665e-09 -2.09741313e-09 -1.97275424e-09 -1.94087835e-09 -2.05160111e-09 1.49485410e-04 7.65126575e-04 1.95608825e-03 3.79675140e-03 6.33227440e-03 9.58810255e-03 1.35530884e-02 1.82271328e-02 2.35646174e-02 2.95191118e-02 3.60205649e-02 4.30176738e-02 5.03768472e-02 5.79896723e-02 6.57536211e-02 7.34814036e-02 8.10139618e-02 8.82589635e-02 9.49576076e-02 1.00945458e-01 1.06100160e-01 1.10292621e-01 1.13386686e-01 1.15283807e-01 1.15920376e-01
1.19625901e-01 1.18964305e-01 1.16995050e-01 1.13784129e-01 1.09421905e-01 1.04034323e-01 9.77839273e-02 9.08909901e-02 8.34186183e-02 7.55811221e-02 6.76351513e-02 5.96215165e-02 5.17890527e-02 4.41990438e-02 3.70365368e-02 3.03526905e-02 2.42331193e-02 1.87562084e-02 1.39650127e-02 9.88571593e-03 6.54172686e-03 3.93120584e-03 2.02924410e-03 7.96295200e-04 1.56186110e-04 -2.19473806e-09 -2.00042194e-09 -1.97971511e-09 -2.07223899e-09 -2.23262231e-09 -2.42658982e-09 -2.62853861e-09 -2.82039464e-09 -2.99136294e-09 -3.13807469e-09 -3.26459160e-09 -3.38184114e-09 -3.50618701e-09 -3.65709429e-09 -3.85404098e-09 -4.11306916e-09 -4.44347098e-09 -4.84517371e-09 -5.30731059e-09 -5.80829418e-09 -6.31751951e-09 -6.79849566e-09 -7.21305327e-09 -7.52600704e-09 -7.70962272e-09 -7.74721054e-09 -7.63531816e-09 -7.38418660e-09 -7.01640046e-09 -6.56393823e-09 -6.06406497e-09 -5.55467794e-09 -5.06979736e-09 -4.63582905e-09 -4.26911018e-09 -3.97502187e-09 -3.74868869e-09 -3.57706387e-09 -3.44195039e-09 -3.32345684e-09 -3.20332361e-09 -3.06766873e-09 -2.90887658e-09 -2.72657513e-09 -2.52786725e-09 -2.32719266e-09 -2.14631479e-09 -2.01495737e-09 -1.97254829e-09 -2.07138340e-09 2.68627750e-05 4.07744413e-04 1.33414519e-03 2.89308016e-03 5.14769809e-03 8.12142262e-03 1.18338785e-02 1.62680699e-02 2.14108598e-02 2.72121764e-02 3.36186976e-02 4.05734915e-02 4.79596721e-02 5.56666182e-02 6.36264577e-02 7.16113871e-02 7.95335084e-02 8.72088204e-02 9.44136607e-02 1.01005365e-01 1.06849738e-01 1.11742723e-01 1.15539527e-01 1.18139518e-01 1.19460251e-01 1.19460251e-01 1.18139518e-01 1.15539527e-01 1.11742723e-01 1.06849738e-01 1.01005365e-01 9.44136607e-02 8.72088204e-02 7.95335084e-02 7.16113871e-02 6.36264577e-02 5.56666182e-02 4.79596721e-02 4.05734915e-02 3.36186976e-02 2.72121764e-02 2.14108598e-02 1.62680699e-02 1.18338785e-02 8.12142262e-03 5.14769809e-03 2.89308016e-03 1.33414519e-03 4.07744413e-04 2.68627750e-05 -2.07138329e-09 -1.97254835e-09 -2.01495731e-09 -2.14631479e-09 -2.32719266e-09 -2.52786725e-09 -2.72657491e-09 -2.90887664e-09 -3.06766856e-09 -3.20332350e-09 -3.32345673e-09 -3.44195017e-09 -3.57706376e-09 -3.74868858e-09 -3.97502159e-09 -4.26911040e-09 -4.63582922e-09 -5.06979758e-09 -5.55467761e-09 -6.06406497e-09 -6.56393817e-09 -7.01640052e-09 -7.38418671e-09 -7.63531827e-09 -7.74721065e-09 -7.70962288e-09 -7.52600715e-09 -7.21305327e-09 -6.79849577e-09 -6.31751945e-09 -5.80829429e-09 -5.30731059e-09 -4.84517376e-09 -4.44347104e-09 -4.11306927e-09 -3.85404092e-09 -3.65709435e-09 -3.50618723e-09 -3.38184108e-09 -3.26459160e-09 -3.13807474e-09 -2.99136282e-09 -2.82039458e-09 -2.62853878e-09 -2.42658976e-09 -2.23262242e-09 -2.07223910e-09 -1.97971511e-09 -2.00042194e-09 -2.19473817e-09 1.56186110e-04 7.96295200e-04 2.02924410e-03 3.93120584e-03 6.54172686e-03 9.88571593e-03 1.39650127e-02 1.87562084e-02 2.42331193e-02 3.03526905e-02 3.70365368e-02 4.41990438e-02 5.17890527e-02 5.96215165e-02 6.76351513e-02 7.55811221e-02 8.34186183e-02 9.08909901e-02 9.77839273e-02 1.04034323e-01 1.09421905e-01 1.13784129e-01 1.16995050e-01 1.18964305e-01 1.19625901e-01
1.23103917e-01 1.22422363e-01 1.20399740e-01 1.17099953e-01 1.12585898e-01 1.07019958e-01 1.00540248e-01 9.33482288e-02 8.56733622e-02 7.76172616e-02 6.93743613e-02 6.11834913e-02 5.30910592e-02 4.53409405e-02 3.79787629e-02 3.11187565e-02 2.48577059e-02 1.92498772e-02 1.43451931e-02 1.01722035e-02 6.73996384e-03 4.05688810e-03 2.09939782e-03 8.26224572e-04 1.62494334e-04 -2.38583719e-09 -2.09103518e-09 -2.00785155e-09 -2.06242601e-09 -2.20071039e-09 -2.38303244e-09 -2.58046950e-09 -2.77284412e-09 -2.94789393e-09 -3.10108417e-09 -3.23544708e-09 -3.36097650e-09 -3.49322676e-09 -3.65102654e-09 -3.85343524e-09 -4.11630818e-09 -4.44897025e-09 -4.85155172e-09 -5.31350119e-09 -5.81359183e-09 -6.32156016e-09 -6.80120821e-09 -7.21458321e-09 -7.52664475e-09 -7.70974140e-09 -7.74722358e-09 -7.63564578e-09 -7.38522732e-09 -7.01849362e-09 -6.56730920e-09 -6.06875938e-09 -5.56048851e-09 -5.07619352e-09 -4.64192279e-09 -4.27366748e-09 -3.97654210e-09 -3.74554765e-09 -3.56770757e-09 -3.42512874e-09 -3.29845251e-09 -3.17014526e-09 -3.02720549e-09 -2.86299801e-09 -2.67823780e-09 -2.48131382e-09 -2.28839570e-09 -2.12386986e-09 -2.02168837e-09 -2.02814798e-09 -2.20640761e-09 2.80708651e-05 4.24558850e-04 1.37964072e-03 2.99094054e-03 5.30545138e-03 8.36303422e-03 1.21623883e-02 1.67159310e-02 2.19808184e-02 2.79223115e-02 3.44836794e-02 4.15910467e-02 4.91879839e-02 5.71102368e-02 6.52775957e-02 7.34981648e-02 8.16923390e-02 8.95735306e-02 9.70155744e-02 1.03879331e-01 1.09930130e-01 1.14979905e-01 1.18907101e-01 1.21575672e-01 1.22933310e-01 1.22933310e-01 1.21575672e-01 1.18907101e-01 1.14979905e-01 1.09930130e-01 1.03879331e-01 9.70155744e-02 8.95735306e-02 8.16923390e-02 7.34981648e-02 6.52775957e-02 5.71102368e-02 4.91879839e-02 4.15910467e-02 3.44836794e-02 2.79223115e-02 2.19808184e-02 1.67159310e-02 1.21623883e-02 8.36303422e-03 5.30545138e-03 2.99094054e-03 1.37964072e-03 4.24558850e-04 2.80708651e-05 -2.20640772e-09 -2.02814787e-09 -2.02168815e-09 -2.12386964e-09 -2.28839570e-09 -2.48131399e-09 -2.67823752e-09 -2.86299795e-09 -3.02720560e-09 -3.17014531e-09 -3.29845229e-09 -3.42512863e-09 -3.56770746e-09 -3.74554771e-09 -3.97654215e-09 -4.27366759e-09 -4.64192290e-09 -5.07619358e-09 -5.56048846e-09 -6.06875927e-09 -6.56730903e-09 -7.01849362e-09 -7.38522743e-09 -7.63564589e-09 -7.74722364e-09 -7.70974146e-09 -7.52664447e-09 -7.21458326e-09 -6.80120854e-09 -6.32156055e-09 -5.81359183e-09 -5.31350119e-09 -4.85155183e-09 -4.44897025e-09 -4.11630807e-09 -3.85343524e-09 -3.65102676e-09 -3.49322682e-09 -3.36097666e-09 -3.23544708e-09 -3.10108417e-09 -2.94789365e-09 -2.77284418e-09 -2.58046973e-09 -2.38303260e-09 -2.20071050e-09 -2.06242606e-09 -2.00785150e-09 -2.09103534e-09 -2.38583714e-09 1.62494334e-04 8.26224572e-04 2.09939782e-03 4.05688810e-03 6.73996384e-03 1.01722035e-02 1.43451931e-02 1.92498772e-02 2.48577059e-02 3.11187565e-02 3.79787629e-02 4.53409405e-02 5.30910592e-02 6.11834913e-02 6.93743613e-02 7.76172616e-02 8.56733622e-02 9.33482288e-02 1.00540248e-01 1.07019958e-01 1.12585898e-01 1.17099953e-01 1.20399740e-01 1.22422363e-01 1.23103917e-01
1.26482602e-01 1.25768072e-01 1.23650694e-01 1.20207773e-01 1.15569551e-01 1.09835987e-01 1.03170750e-01 9.57442297e-02 8.77823841e-02 7.95338786e-02 7.10568113e-02 6.26211683e-02 5.43535125e-02 4.63984425e-02 3.88528386e-02 3.18542796e-02 2.54571485e-02 1.97233830e-02 1.47081371e-02 1.04378403e-02 6.92525176e-03 4.17737381e-03 2.16681942e-03 8.55152849e-04 1.68938694e-04 -2.63284017e-09 -2.21682189e-09 -2.05919864e-09 -2.06899364e-09 -2.18116880e-09 -2.34926012e-09 -2.54024368e-09 -2.73144646e-09 -2.90899305e-09 -3.06716041e-09 -3.20799698e-09 -3.34062478e-09 -3.47984008e-09 -3.64386182e-09 -3.85132926e-09 -4.11788625e-09 -4.45284054e-09 -4.85647345e-09 -5.31848904e-09 -5.81796977e-09 -6.32495722e-09 -6.80351597e-09 -7.21589555e-09 -7.52719409e-09 -7.70984454e-09 -7.74723508e-09 -7.63592967e-09 -7.38612282e-09 -7.02028075e-09 -6.57016108e-09 -6.07267592e-09 -5.56523644e-09 -5.08125197e-09 -4.64645927e-09 -4.27656000e-09 -3.97645550e-09 -3.74107612e-09 -3.55755569e-09 -3.40831752e-09 -3.27452288e-09 -3.13932802e-09 -2.99054737e-09 -2.82247137e-09 -2.63688105e-09 -2.44352577e-09 -2.26055841e-09 -2.11555196e-09 -2.04774425e-09 -2.11210682e-09 -2.38558451e-09 2.92107894e-05 4.39508617e-04 1.42761174e-03 3.07976025e-03 5.45695941e-03 8.58235870e-03 1.24789799e-02 1.71269902e-02 2.25020258e-02 2.85760823e-02 3.52959163e-02 4.25719183e-02 5.03152947e-02 5.84716366e-02 6.68148464e-02 7.53060860e-02 8.36915207e-02 9.18125486e-02 9.95360243e-02 1.06620804e-01 1.12834497e-01 1.18027336e-01 1.22090060e-01 1.24880801e-01 1.26303393e-01 1.26303393e-01 1.24880801e-01 1.22090060e-01 1.18027336e-01 1.12834497e-01 1.06620804e-01 9.95360243e-02 9.18125486e-02 8.36915207e-02 7.53060860e-02 6.68148464e-02 5.84716366e-02 5.03152947e-02 4.25719183e-02 3.52959163e-02 2.85760823e-02 2.25020258e-02 1.71269902e-02 1.24789799e-02 8.58235870e-03 5.45695941e-03 3.07976025e-03 1.42761174e-03 4.39508617e-04 2.92107894e-05 -2.38558462e-09 -2.11210677e-09 -2.04774431e-09 -2.11555190e-09 -2.26055841e-09 -2.44352566e-09 -2.63688099e-09 -2.82247126e-09 -2.99054737e-09 -3.13932819e-09 -3.27452288e-09 -3.40831752e-09 -3.55755519e-09 -3.74107634e-09 -3.97645550e-09 -4.27656011e-09 -4.64645927e-09 -5.08125186e-09 -5.56523638e-09 -6.07267597e-09 -6.57016108e-09 -7.02028080e-09 -7.38612316e-09 -7.63592956e-09 -7.74723508e-09 -7.70984437e-09 -7.52719420e-09 -7.21589577e-09 -6.80351581e-09 -6.32495728e-09 -5.81796994e-09 -5.31848904e-09 -4.85647345e-09 -4.45284043e-09 -4.11788614e-09 -3.85132926e-09 -3.64386177e-09 -3.47983986e-09 -3.34062489e-09 -3.20799687e-09 -3.06716008e-09 -2.90899282e-09 -2.73144657e-09 -2.54024368e-09 -2.34926034e-09 -2.18116869e-09 -2.06899353e-09 -2.05919892e-09 -2.21682173e-09 -2.63284017e-09 1.68938694e-04 8.55152849e-04 2.16681942e-03 4.17737381e-03 6.92525176e-03 1.04378403e-02 1.47081371e-02 1.97233830e-02 2.54571485e-02 3.18542796e-02 3.88528386e-02 4.63984425e-02 5.43535125e-02 6.26211683e-02 7.10568113e-02 7.95338786e-02 8.77823841e-02 9.57442297e-02 1.03170750e-01 1.09835987e-01 1.15569551e-01 1.20207773e-01 1.23650694e-01 1.25768072e-01 1.26482602e-01
1.29759684e-01 1.29020657e-01 1.26832310e-01 1.23264723e-01 1.18413502e-01 1.12474316e-01 1.05642747e-01 9.80115850e-02 8.98176525e-02 8.13051163e-02 7.26479818e-02 6.39667273e-02 5.55303676e-02 4.73719828e-02 3.96904029e-02 3.25426885e-02 2.60113287e-02 2.01657967e-02 1.50497558e-02 1.06883246e-02 7.10421616e-03 4.29231644e-03 2.23101795e-03 8.82580462e-04 1.74455015e-04 -2.94553787e-09 -2.38284520e-09 -2.13624873e-09 -2.09314155e-09 -2.17463714e-09 -2.32574371e-09 -2.50835491e-09 -2.69679690e-09 -2.87536150e-09 -3.03708525e-09 -3.18306126e-09 -3.32159589e-09 -3.46678319e-09 -3.63627217e-09 -3.84829069e-09 -4.11825390e-09 -4.45542336e-09 -4.86017970e-09 -5.32243305e-09 -5.82152571e-09 -6.32776270e-09 -6.80544282e-09 -7.21700016e-09 -7.52765944e-09 -7.70993192e-09 -7.74724473e-09 -7.63616953e-09 -7.38687878e-09 -7.02178105e-09 -6.57253013e-09 -6.07588602e-09 -5.56904745e-09 -5.08517245e-09 -4.64972905e-09 -4.27818103e-09 -3.97526995e-09 -3.73589537e-09 -3.54732560e-09 -3.39230677e-09 -3.25249094e-09 -3.11167830e-09 -2.95844144e-09 -2.78794526e-09 -2.60304422e-09 -2.41497000e-09 -2.24420338e-09 -2.12221457e-09 -2.09484968e-09 -2.22799773e-09 -2.61599870e-09 3.03255124e-05 4.54457258e-04 1.47082334e-03 3.17019256e-03 5.60407324e-03 8.80016653e-03 1.27709619e-02 1.75090642e-02 2.29962184e-02 2.91868012e-02 3.60289196e-02 4.34840089e-02 5.14033411e-02 5.97281502e-02 6.82954085e-02 7.69926384e-02 8.55730735e-02 9.39801739e-02 1.01920576e-01 1.09171381e-01 1.15569769e-01 1.20991081e-01 1.25215139e-01 1.28104522e-01 1.29574169e-01 1.29574169e-01 1.28104522e-01 1.25215139e-01 1.20991081e-01 1.15569769e-01 1.09171381e-01 1.01920576e-01 9.39801739e-02 8.55730735e-02 7.69926384e-02 6.82954085e-02 5.97281502e-02 5.14033411e-02 4.34840089e-02 3.60289196e-02 2.91868012e-02 2.29962184e-02 1.75090642e-02 1.27709619e-02 8.80016653e-03 5.60407324e-03 3.17019256e-03 1.47082334e-03 4.54457258e-04 3.03255124e-05 -2.61599870e-09 -2.22799790e-09 -2.09484974e-09 -2.12221452e-09 -2.24420321e-09 -2.41497017e-09 -2.60304434e-09 -2.78794537e-09 -2.95844149e-09 -3.11167836e-09 -3.25249083e-09 -3.39230677e-09 -3.54732549e-09 -3.73589526e-09 -3.97527000e-09 -4.27818109e-09 -4.64972927e-09 -5.08517239e-09 -5.56904745e-09 -6.07588591e-09 -6.57253024e-09 -7.02178110e-09 -7.38687894e-09 -7.63616920e-09 -7.74724473e-09 -7.70993158e-09 -7.52765933e-09 -7.21700016e-09 -6.80544299e-09 -6.32776231e-09 -5.82152582e-09 -5.32243305e-09 -4.86017954e-09 -4.45542342e-09 -4.11825379e-09 -3.84829074e-09 -3.63627228e-09 -3.46678342e-09 -3.32159611e-09 -3.18306137e-09 -3.03708525e-09 -2.87536162e-09 -2.69679684e-09 -2.50835475e-09 -2.32574376e-09 -2.17463719e-09 -2.09314155e-09 -2.13624829e-09 -2.38284492e-09 -2.94553798e-09 1.74455015e-04 8.82580462e-04 2.23101795e-03 4.29231644e-03 7.10421616e-03 1.06883246e-02 1.50497558e-02 2.01657967e-02 2.60113287e-02 3.25426885e-02 3.96904029e-02 4.73719828e-02 5.55303676e-02 6.39667273e-02 7.26479818e-02 8.13051163e-02 8.98176525e-02 9.80115850e-02 1.05642747e-01 1.12474316e-01 1.18413502e-01 1.23264723e-01 1.26832310e-01 1.29020657e-01 1.29759684e-01
1.32881496e-01 1.32123394e-01 1.29864638e-01 1.26180163e-01 1.21198245e-01 1.15042884e-01 1.07955256e-01 1.00160119e-01 9.17646079e-02 8.29931005e-02 7.41305724e-02 6.52748044e-02 5.66272148e-02 4.83123359e-02 4.04786091e-02 3.31840059e-02 2.65259162e-02 2.05752635e-02 1.53697587e-02 1.09319081e-02 7.27220011e-03 4.39990802e-03 2.29265609e-03 9.09095487e-04 1.80897383e-04 -3.33593714e-09 -2.59532196e-09 -2.24204927e-09 -2.13630413e-09 -2.18181545e-09 -2.31292768e-09 -2.48522958e-09 -2.66940575e-09 -2.84761525e-09 -3.01156594e-09 -3.16139770e-09 -3.30465694e-09 -3.45479245e-09 -3.62892361e-09 -3.84489285e-09 -4.11788398e-09 -4.45708476e-09 -4.86293877e-09 -5.32551786e-09 -5.82437726e-09 -6.33004643e-09 -6.80702761e-09 -7.21791371e-09 -7.52804574e-09 -7.71000386e-09 -7.74725273e-09 -7.63636887e-09 -7.38750600e-09 -7.02301883e-09 -6.57447030e-09 -6.07848227e-09 -5.57207147e-09 -5.08817843e-09 -4.65204730e-09 -4.27894997e-09 -3.97350930e-09 -3.73062636e-09 -3.53772156e-09 -3.37784956e-09 -3.23312427e-09 -3.08793446e-09 -2.93155167e-09 -2.75998285e-09 -2.57718813e-09 -2.39606357e-09 -2.23985935e-09 -2.14484674e-09 -2.16510349e-09 -2.38020254e-09 -2.90634722e-09 3.14570637e-05 4.69242489e-04 1.51355740e-03 3.25332273e-03 5.73722150e-03 9.00511183e-03 1.30495862e-02 1.78852970e-02 2.34739894e-02 2.97798522e-02 3.67497134e-02 4.43195861e-02 5.24297841e-02 6.08985354e-02 6.97026473e-02 7.85618239e-02 8.74034708e-02 9.60201307e-02 1.04142966e-01 1.11601882e-01 1.18255020e-01 1.23844520e-01 1.28192948e-01 1.31179063e-01 1.32691792e-01 1.32691792e-01 1.31179063e-01 1.28192948e-01 1.23844520e-01 1.18255020e-01 1.11601882e-01 1.04142966e-01 9.60201307e-02 8.74034708e-02 7.85618239e-02 6.97026473e-02 6.08985354e-02 5.24297841e-02 4.43195861e-02 3.67497134e-02 2.97798522e-02 2.34739894e-02 1.78852970e-02 1.30495862e-02 9.00511183e-03 5.73722150e-03 3.25332273e-03 1.51355740e-03 4.69242489e-04 3.14570637e-05 -2.90634727e-09 -2.38020248e-09 -2.16510360e-09 -2.14484663e-09 -2.23985941e-09 -2.39606351e-09 -2.57718802e-09 -2.75998291e-09 -2.93155156e-09 -3.08793424e-09 -3.23312438e-09 -3.37784944e-09 -3.53772162e-09 -3.73062636e-09 -3.97350919e-09 -4.27894997e-09 -4.65204719e-09 -5.08817832e-09 -5.57207130e-09 -6.07848238e-09 -6.57447030e-09 -7.02301867e-09 -7.38750633e-09 -7.63636887e-09 -7.74725267e-09 -7.71000380e-09 -7.52804558e-09 -7.21791382e-09 -6.80702744e-09 -6.33004643e-09 -5.82437731e-09 -5.32551780e-09 -4.86293872e-09 -4.45708470e-09 -4.11788376e-09 -3.84489274e-09 -3.62892350e-09 -3.45479245e-09 -3.30465694e-09 -3.16139775e-09 -3.01156589e-09 -2.84761525e-09 -2.66940597e-09 -2.48522936e-09 -2.31292763e-09 -2.18181556e-09 -2.13630402e-09 -2.24204932e-09 -2.59532207e-09 -3.33593697e-09 1.80897383e-04 9.09095487e-04 2.29265609e-03 4.39990802e-03 7.27220011e-03 1.09319081e-02 1.53697587e-02 2.05752635e-02 2.65259162e-02 3.31840059e-02 4.04786091e-02 4.83123359e-02 5.66272148e-02 6.52748044e-02 7.41305724e-02 8.29931005e-02 9.17646079e-02 1.00160119e-01 1.07955256e-01 1.15042884e-01 1.21198245e-01 1.26180163e-01 1.29864638e-01 1.32123394e-01 1.32881496e-01
1.35833841e-01 1.35052991e-01 1.32728538e-01 1.28956373e-01 1.23834714e-01 1.17526781e-01 1.10212119e-01 1.02151138e-01 9.35848035e-02 8.46201261e-02 7.55086578e-02 6.64998088e-02 5.76501223e-02 4.92032320e-02 4.12074677e-02 3.37810767e-02 2.70231628e-02 2.09707916e-02 1.56740317e-02 1.11592660e-02 7.43336744e-03 4.50621944e-03 2.35213929e-03 9.34907761e-04 1.86117923e-04 -3.81871124e-09 -2.86184809e-09 -2.38032383e-09 -2.20021068e-09 -2.20350216e-09 -2.31125086e-09 -2.47123766e-09 -2.64970068e-09 -2.82629103e-09 -2.99123404e-09 -3.14370541e-09 -3.29053002e-09 -3.44457124e-09 -3.62247027e-09 -3.84171245e-09 -4.11725753e-09 -4.45820814e-09 -4.86504148e-09 -5.32795041e-09 -5.82666321e-09 -6.33189490e-09 -6.80831791e-09 -7.21866100e-09 -7.52836238e-09 -7.71006331e-09 -7.74725950e-09 -7.63653285e-09 -7.38801897e-09 -7.02402797e-09 -6.57604515e-09 -6.08057438e-09 -5.57447888e-09 -5.09051767e-09 -4.65375088e-09 -4.27929964e-09 -3.97170441e-09 -3.72588804e-09 -3.52942747e-09 -3.36566597e-09 -3.21713867e-09 -3.06876508e-09 -2.91046476e-09 -2.73906731e-09 -2.55970467e-09 -2.38718451e-09 -2.24809477e-09 -2.18461527e-09 -2.26105706e-09 -2.57407790e-09 -3.26725469e-09 3.24581576e-05 4.82604821e-04 1.55613308e-03 3.33342142e-03 5.87218442e-03 9.19272289e-03 1.33180253e-02 1.82322428e-02 2.39102446e-02 3.03277467e-02 3.74281340e-02 4.51299314e-02 5.33797744e-02 6.20437800e-02 7.10015164e-02 8.00612850e-02 8.91377421e-02 9.79321665e-02 1.06255115e-01 1.13972764e-01 1.20818656e-01 1.26555656e-01 1.31017802e-01 1.34080070e-01 1.35638439e-01 1.35638439e-01 1.34080070e-01 1.31017802e-01 1.26555656e-01 1.20818656e-01 1.13972764e-01 1.06255115e-01 9.79321665e-02 8.91377421e-02 8.00612850e-02 7.10015164e-02 6.20437800e-02 5.33797744e-02 4.51299314e-02 3.74281340e-02 3.03277467e-02 2.39102446e-02 1.82322428e-02 1.33180253e-02 9.19272289e-03 5.87218442e-03 3.33342142e-03 1.55613308e-03 4.82604821e-04 3.24581576e-05 -3.26725447e-09 -2.57407773e-09 -2.26105701e-09 -2.18461504e-09 -2.24809477e-09 -2.38718467e-09 -2.55970456e-09 -2.73906720e-09 -2.91046487e-09 -3.06876524e-09 -3.21713856e-09 -3.36566597e-09 -3.52942725e-09 -3.72588793e-09 -3.97170452e-09 -4.27929964e-09 -4.65375077e-09 -5.09051745e-09 -5.57447860e-09 -6.08057454e-09 -6.57604488e-09 -7.02402797e-09 -7.38801897e-09 -7.63653268e-09 -7.74725950e-09 -7.71006342e-09 -7.52836266e-09 -7.21866078e-09 -6.80831802e-09 -6.33189490e-09 -5.82666326e-09 -5.32795036e-09 -4.86504148e-09 -4.45820825e-09 -4.11725742e-09 -3.84171239e-09 -3.62247027e-09 -3.44457135e-09 -3.29053018e-09 -3.14370546e-09 -2.99123393e-09 -2.82629120e-09 -2.64970046e-09 -2.47123777e-09 -2.31125069e-09 -2.20350210e-09 -2.20021090e-09 -2.38032377e-09 -2.86184820e-09 -3.81871129e-09 1.86117923e-04 9.34907761e-04 2.35213929e-03 4.50621944e-03 7.43336744e-03 1.11592660e-02 1.56740317e-02 2.09707916e-02 2.70231628e-02 3.37810767e-02 4.12074677e-02 4.92032320e-02 5.76501223e-02 6.64998088e-02 7.55086578e-02 8.46201261e-02 9.35848035e-02 1.02151138e-01 1.10212119e-01 1.17526781e-01 1.23834714e-01 1.28956373e-01 1.32728538e-01 1.35052991e-01 1.35833841e-01
1.38629856e-01 1.37822243e-01 1.35430918e-01 1.31566987e-01 1.26326783e-01 1.19863370e-01 1.12374038e-01 1.04086903e-01 9.52934299e-02 8.61567929e-02 7.68425764e-02 6.76466456e-02 5.86403611e-02 5.00367565e-02 4.18904418e-02 3.43647510e-02 2.74965407e-02 2.13493102e-02 1.59668769e-02 1.13751058e-02 7.58900108e-03 4.60836279e-03 2.41002442e-03 9.60825944e-04 1.92127971e-04 -4.41172598e-09 -3.19167426e-09 -2.55560456e-09 -2.28695479e-09 -2.24062557e-09 -2.32116698e-09 -2.46670839e-09 -2.63805211e-09 -2.81184948e-09 -2.97665087e-09 -3.13062098e-09 -3.27989275e-09 -3.43679779e-09 -3.61755204e-09 -3.83932264e-09 -4.11686768e-09 -4.45919618e-09 -4.86679796e-09 -5.32995886e-09 -5.82854098e-09 -6.33340880e-09 -6.80937146e-09 -7.21926924e-09 -7.52861956e-09 -7.71011166e-09 -7.74726511e-09 -7.63666641e-09 -7.38843692e-09 -7.02485176e-09 -6.57733290e-09 -6.08229012e-09 -5.57645968e-09 -5.09245657e-09 -4.65519512e-09 -4.27967717e-09 -3.97038918e-09 -3.72229092e-09 -3.52310320e-09 -3.35643663e-09 -3.20519489e-09 -3.05477488e-09 -2.89569380e-09 -2.72560696e-09 -2.55092869e-09 -2.38869630e-09 -2.26953956e-09 -2.24291408e-09 -2.38581133e-09 -2.81614815e-09 -3.71166070e-09 3.35148114e-05 4.96988535e-04 1.59411194e-03 3.41362034e-03 6.00075038e-03 9.38193410e-03 1.35716242e-02 1.85549843e-02 2.43224481e-02 3.08367712e-02 3.80561306e-02 4.58989998e-02 5.42670902e-02 6.31145574e-02 7.22151881e-02 8.15154949e-02 9.07633549e-02 9.97230241e-02 1.08323006e-01 1.16238888e-01 1.23240974e-01 1.29106950e-01 1.33681559e-01 1.36819684e-01 1.38427746e-01 1.38427746e-01 1.36819684e-01 1.33681559e-01 1.29106950e-01 1.23240974e-01 1.16238888e-01 1.08323006e-01 9.97230241e-02 9.07633549e-02 8.15154949e-02 7.22151881e-02 6.31145574e-02 5.42670902e-02 4.58989998e-02 3.80561306e-02 3.08367712e-02 2.43224481e-02 1.85549843e-02 1.35716242e-02 9.38193410e-03 6.00075038e-03 3.41362034e-03 1.59411194e-03 4.96988535e-04 3.35148114e-05 -3.71166076e-09 -2.81614809e-09 -2.38581138e-09 -2.24291419e-09 -2.26953978e-09 -2.38869635e-09 -2.55092869e-09 -2.72560707e-09 -2.89569374e-09 -3.05477493e-09 -3.20519467e-09 -3.35643668e-09 -3.52310348e-09 -3.72229098e-09 -3.97038924e-09 -4.27967717e-09 -4.65519506e-09 -5.09245646e-09 -5.57645968e-09 -6.08229017e-09 -6.57733268e-09 -7.02485181e-09 -7.38843697e-09 -7.63666624e-09 -7.74726505e-09 -7.71011188e-09 -7.52861984e-09 -7.21926918e-09 -6.80937123e-09 -6.33340902e-09 -5.82854098e-09 -5.32995914e-09 -4.86679813e-09 -4.45919601e-09 -4.11686768e-09 -3.83932264e-09 -3.61755192e-09 -3.43679785e-09 -3.27989275e-09 -3.13062098e-09 -2.97665081e-09 -2.81184942e-09 -2.63805222e-09 -2.46670823e-09 -2.32116681e-09 -2.24062546e-09 -2.28695446e-09 -2.55560467e-09 -3.19167426e-09 -4.41172598e-09 1.92127971e-04 9.60825944e-04 2.41002442e-03 4.60836279e-03 7.58900108e-03 1.13751058e-02 1.59668769e-02 2.13493102e-02 2.74965407e-02 3.43647510e-02 4.18904418e-02 5.00367565e-02 5.86403611e-02 6.76466456e-02 7.68425764e-02 8.61567929e-02 9.52934299e-02 1.04086903e-01 1.12374038e-01 1.19863370e-01 1.26326783e-01 1.31566987e-01 1.35430918e-01 1.37822243e-01 1.38629856e-01
1.41386038e-01 1.40553333e-01 1.38082799e-01 1.34076043e-01 1.28673710e-01 1.22088336e-01 1.14439264e-01 1.05969694e-01 9.69196973e-02 8.76095682e-02 7.81306029e-02 6.87208188e-02 5.95937308e-02 5.08157414e-02 4.25655831e-02 3.49202142e-02 2.79488430e-02 2.17089508e-02 1.62493316e-02 1.15877920e-02 7.73947442e-03 4.70473049e-03 2.46622944e-03 9.85388926e-04 1.97821414e-04 -5.13668297e-09 -3.59602353e-09 -2.77339035e-09 -2.39906173e-09 -2.29427988e-09 -2.34315983e-09 -2.47193643e-09 -2.63476085e-09 -2.80467966e-09 -2.96830704e-09 -3.12271886e-09 -3.27336946e-09 -3.43210871e-09 -3.61478553e-09 -3.83829268e-09 -4.11720807e-09 -4.46045817e-09 -4.86853380e-09 -5.33178579e-09 -5.83018156e-09 -6.33469943e-09 -6.81025625e-09 -7.21977533e-09 -7.52883184e-09 -7.71015185e-09 -7.74726916e-09 -7.63677582e-09 -7.38878236e-09 -7.02553959e-09 -6.57842192e-09 -6.08376943e-09 -5.57822166e-09 -5.09427978e-09 -4.65674749e-09 -4.28053615e-09 -3.97009742e-09 -3.72042908e-09 -3.51938517e-09 -3.35079953e-09 -3.19789900e-09 -3.04649728e-09 -2.88768065e-09 -2.71994383e-09 -2.55114274e-09 -2.40095321e-09 -2.30491315e-09 -2.32141556e-09 -2.54312649e-09 -3.11432452e-09 -4.25526825e-09 3.45218806e-05 5.10446432e-04 1.63409571e-03 3.48867150e-03 6.11963393e-03 9.56446879e-03 1.38093123e-02 1.88783984e-02 2.47327837e-02 3.13370050e-02 3.86519675e-02 4.66265197e-02 5.51393887e-02 6.41274700e-02 7.34021651e-02 8.28810898e-02 9.22863976e-02 1.01490139e-01 1.10292136e-01 1.18376404e-01 1.25526754e-01 1.31529824e-01 1.36266432e-01 1.39520476e-01 1.41176985e-01 1.41176985e-01 1.39520476e-01 1.36266432e-01 1.31529824e-01 1.25526754e-01 1.18376404e-01 1.10292136e-01 1.01490139e-01 9.22863976e-02 8.28810898e-02 7.34021651e-02 6.41274700e-02 5.51393887e-02 4.66265197e-02 3.86519675e-02 3.13370050e-02 2.47327837e-02 1.88783984e-02 1.38093123e-02 9.56446879e-03 6.11963393e-03 3.48867150e-03 1.63409571e-03 5.10446432e-04 3.45218806e-05 -4.25526819e-09 -3.11432446e-09 -2.54312665e-09 -2.32141578e-09 -2.30491315e-09 -2.40095349e-09 -2.55114296e-09 -2.71994371e-09 -2.88768054e-09 -3.04649750e-09 -3.19789867e-09 -3.35079958e-09 -3.51938512e-09 -3.72042913e-09 -3.97009720e-09 -4.28053626e-09 -4.65674749e-09 -5.09428000e-09 -5.57822133e-09 -6.08376949e-09 -6.57842197e-09 -7.02553959e-09 -7.38878220e-09 -7.63677582e-09 -7.74726910e-09 -7.71015185e-09 -7.52883222e-09 -7.21977533e-09 -6.81025625e-09 -6.33469960e-09 -5.83018167e-09 -5.33178590e-09 -4.86853396e-09 -4.46045789e-09 -4.11720807e-09 -3.83829279e-09 -3.61478569e-09 -3.43210887e-09 -3.27336946e-09 -3.12271897e-09 -2.96830688e-09 -2.80467993e-09 -2.63476096e-09 -2.47193610e-09 -2.34315961e-09 -2.29428004e-09 -2.39906145e-09 -2.77339063e-09 -3.59602348e-09 -5.13668291e-09 1.97821414e-04 9.85388926e-04 2.46622944e-03 4.70473049e-03 7.73947442e-03 1.15877920e-02 1.62493316e-02 2.17089508e-02 2.79488430e-02 3.49202142e-02 4.25655831e-02 5.08157414e-02 5.95937308e-02 6.87208188e-02 7.81306029e-02 8.76095682e-02 9.69196973e-02 1.05969694e-01 1.14439264e-01 1.22088336e-01 1.28673710e-01 1.34076043e-01 1.38082799e-01 1.40553333e-01 1.41386038e-01
1.44067055e-01 1.43214049e-01 1.40678473e-01 1.36550774e-01 1.30979424e-01 1.24184878e-01 1.16387160e-01 1.07755020e-01 9.85126486e-02 8.89697115e-02 7.93580021e-02 6.97635152e-02 6.04919885e-02 5.15654515e-02 4.32078111e-02 3.54474376e-02 2.83669444e-02 2.20466066e-02 1.65170977e-02 1.17932051e-02 7.88305914e-03 4.80194958e-03 2.52130584e-03 1.00924648e-03 2.02672542e-04 -6.01987160e-09 -4.08847417e-09 -3.04032821e-09 -2.53958310e-09 -2.36577130e-09 -2.37777265e-09 -2.48719978e-09 -2.64007766e-09 -2.80510637e-09 -2.96662761e-09 -3.12051451e-09 -3.27153932e-09 -3.43111028e-09 -3.61476715e-09 -3.83917875e-09 -4.11877488e-09 -4.46241505e-09 -4.87058732e-09 -5.33369127e-09 -5.83177140e-09 -6.33589325e-09 -6.81104778e-09 -7.22021748e-09 -7.52901552e-09 -7.71018571e-09 -7.74727305e-09 -7.63686969e-09 -7.38908235e-09 -7.02614678e-09 -6.57941096e-09 -6.08516620e-09 -5.57998447e-09 -5.09628600e-09 -4.65878669e-09 -4.28233671e-09 -3.97135780e-09 -3.72088377e-09 -3.51887441e-09 -3.34934885e-09 -3.19579974e-09 -3.04440873e-09 -2.88679869e-09 -2.72235950e-09 -2.56059346e-09 -2.42432241e-09 -2.35505393e-09 -2.42213416e-09 -2.73754425e-09 -3.47817725e-09 -4.91708618e-09 3.55842013e-05 5.23047749e-04 1.67375001e-03 3.56155067e-03 6.24008445e-03 9.73307287e-03 1.40514523e-02 1.91906165e-02 2.51253166e-02 3.18232765e-02 3.92340228e-02 4.73185919e-02 5.59703139e-02 6.50808225e-02 7.45397338e-02 8.41831178e-02 9.37601894e-02 1.03195790e-01 1.12166625e-01 1.20404950e-01 1.27709917e-01 1.33932970e-01 1.38804434e-01 1.42153245e-01 1.43853308e-01 1.43853308e-01 1.42153245e-01 1.38804434e-01 1.33932970e-01 1.27709917e-01 1.20404950e-01 1.12166625e-01 1.03195790e-01 9.37601894e-02 8.41831178e-02 7.45397338e-02 6.50808225e-02 5.59703139e-02 4.73185919e-02 3.92340228e-02 3.18232765e-02 2.51253166e-02 1.91906165e-02 1.40514523e-02 9.73307287e-03 6.24008445e-03 3.56155067e-03 1.67375001e-03 5.23047749e-04 3.55842013e-05 -4.91708574e-09 -3.47817741e-09 -2.73754441e-09 -2.42213438e-09 -2.35505415e-09 -2.42432269e-09 -2.56059363e-09 -2.72235956e-09 -2.88679880e-09 -3.04440861e-09 -3.19579979e-09 -3.34934885e-09 -3.51887453e-09 -3.72088410e-09 -3.97135780e-09 -4.28233649e-09 -4.65878680e-09 -5.09628617e-09 -5.57998447e-09 -6.08516582e-09 -6.57941107e-09 -7.02614694e-09 -7.38908246e-09 -7.63686991e-09 -7.74727321e-09 -7.71018549e-09 -7.52901536e-09 -7.22021742e-09 -6.81104773e-09 -6.33589331e-09 -5.83177151e-09 -5.33369127e-09 -4.87058738e-09 -4.46241516e-09 -4.11877477e-09 -3.83917853e-09 -3.61476693e-09 -3.43111045e-09 -3.27153937e-09 -3.12051462e-09 -2.96662750e-09 -2.80510659e-09 -2.64007749e-09 -2.48719945e-09 -2.37777276e-09 -2.36577113e-09 -2.53958349e-09 -3.04032849e-09 -4.08847423e-09 -6.01987205e-09 2.02672542e-04 1.00924648e-03 2.52130584e-03 4.80194958e-03 7.88305914e-03 1.17932051e-02 1.65170977e-02 2.20466066e-02 2.83669444e-02 3.54474376e-02 4.32078111e-02 5.15654515e-02 6.04919885e-02 6.97635152e-02 7.93580021e-02 8.89697115e-02 9.85126486e-02 1.07755020e-01 1.16387160e-01 1.24184878e-01 1.30979424e-01 1.36550774e-01 1.40678473e-01 1.43214049e-01 1.44067055e-01
1.46636172e-01 1.45757942e-01 1.43164914e-01 1.38949800e-01 1.33231879e-01 1.26242107e-01 1.18240148e-01 1.09462011e-01 1.00059446e-01 9.02978949e-02 8.05231437e-02 7.07934868e-02 6.13425845e-02 5.23137164e-02 4.38266976e-02 3.59427835e-02 2.87864575e-02 2.23850692e-02 1.67802564e-02 1.19914641e-02 8.02784241e-03 4.89616703e-03 2.57604456e-03 1.03426489e-03 2.08700626e-04 -7.09308029e-09 -4.68540878e-09 -3.36442774e-09 -2.71219436e-09 -2.45665754e-09 -2.42562159e-09 -2.51276611e-09 -2.65420641e-09 -2.81339152e-09 -2.97197089e-09 -3.12446208e-09 -3.27492472e-09 -3.43436540e-09 -3.61806579e-09 -3.84252147e-09 -4.12205825e-09 -4.46548776e-09 -4.87330354e-09 -5.33594224e-09 -5.83350696e-09 -6.33712222e-09 -6.81182816e-09 -7.22064009e-09 -7.52918622e-09 -7.71021635e-09 -7.74727610e-09 -7.63695707e-09 -7.38936512e-09 -7.02673519e-09 -6.58040589e-09 -6.08664363e-09 -5.58198038e-09 -5.09877968e-09 -4.66169925e-09 -4.28553398e-09 -3.97468769e-09 -3.72421227e-09 -3.52214252e-09 -3.35263411e-09 -3.19939214e-09 -3.04891579e-09 -2.89335528e-09 -2.73307804e-09 -2.57949395e-09 -2.45919729e-09 -2.42094511e-09 -2.54748767e-09 -2.97454089e-09 -3.91924693e-09 -5.72007497e-09 3.66336511e-05 5.36919597e-04 1.71017757e-03 3.63724133e-03 6.36152732e-03 9.90462159e-03 1.42852386e-02 1.94878648e-02 2.54979022e-02 3.22858553e-02 3.98030902e-02 4.79792393e-02 5.67754134e-02 6.60068394e-02 7.56457527e-02 8.54122235e-02 9.52071442e-02 1.04815520e-01 1.13939814e-01 1.22346473e-01 1.29884072e-01 1.36262800e-01 1.41255152e-01 1.44670101e-01 1.46416103e-01 1.46416103e-01 1.44670101e-01 1.41255152e-01 1.36262800e-01 1.29884072e-01 1.22346473e-01 1.13939814e-01 1.04815520e-01 9.52071442e-02 8.54122235e-02 7.56457527e-02 6.60068394e-02 5.67754134e-02 4.79792393e-02 3.98030902e-02 3.22858553e-02 2.54979022e-02 1.94878648e-02 1.42852386e-02 9.90462159e-03 6.36152732e-03 3.63724133e-03 1.71017757e-03 5.36919597e-04 3.66336511e-05 -5.72007519e-09 -3.91924687e-09 -2.97454084e-09 -2.54748755e-09 -2.42094472e-09 -2.45919740e-09 -2.57949367e-09 -2.73307810e-09 -2.89335539e-09 -3.04891601e-09 -3.19939203e-09 -3.35263417e-09 -3.52214247e-09 -3.72421238e-09 -3.97468791e-09 -4.28553404e-09 -4.66169936e-09 -5.09877968e-09 -5.58198027e-09 -6.08664336e-09 -6.58040589e-09 -7.02673542e-09 -7.38936495e-09 -7.63695718e-09 -7.74727610e-09 -7.71021669e-09 -7.52918600e-09 -7.22064009e-09 -6.81182799e-09 -6.33712205e-09 -5.83350707e-09 -5.33594247e-09 -4.87330376e-09 -4.46548803e-09 -4.12205831e-09 -3.84252152e-09 -3.61806562e-09 -3.43436568e-09 -3.27492466e-09 -3.12446191e-09 -2.97197100e-09 -2.81339158e-09 -2.65420652e-09 -2.51276572e-09 -2.42562181e-09 -2.45665743e-09 -2.71219425e-09 -3.36442785e-09 -4.68540867e-09 -7.09308068e-09 2.08700626e-04 1.03426489e-03 2.57604456e-03 4.89616703e-03 8.02784241e-03 1.19914641e-02 1.67802564e-02 2.23850692e-02 2.87864575e-02 3.59427835e-02 4.38266976e-02 5.23137164e-02 6.13425845e-02 7.07934868e-02 8.05231437e-02 9.02978949e-02 1.00059446e-01 1.09462011e-01 1.18240148e-01 1.26242107e-01 1.33231879e-01 1.38949800e-01 1.43164914e-01 1.45757942e-01 1.46636172e-01
1.49109034e-01 1.48217040e-01 1.45567058e-01 1.41251188e-01 1.35426858e-01 1.28282726e-01 1.20058871e-01 1.11099479e-01 1.01547330e-01 9.16269418e-02 8.16412321e-02 7.17874272e-02 6.21705590e-02 5.30402708e-02 4.44187890e-02 3.64519372e-02 2.92072712e-02 2.27235436e-02 1.70436790e-02 1.21868018e-02 8.16990077e-03 4.99115079e-03 2.63026438e-03 1.05793250e-03 2.14264452e-04 -8.39466174e-09 -5.40655110e-09 -3.75532166e-09 -2.92130914e-09 -2.56880184e-09 -2.48742182e-09 -2.54890770e-09 -2.67731037e-09 -2.82973578e-09 -2.98463104e-09 -3.13495241e-09 -3.28399896e-09 -3.44239515e-09 -3.62521768e-09 -3.84884347e-09 -4.12753998e-09 -4.47010096e-09 -4.87703516e-09 -5.33881817e-09 -5.83559501e-09 -6.33853048e-09 -6.81268780e-09 -7.22109061e-09 -7.52936508e-09 -7.71024911e-09 -7.74728026e-09 -7.63704727e-09 -7.38966305e-09 -7.02737318e-09 -6.58152238e-09 -6.08837669e-09 -5.58445157e-09 -5.10207770e-09 -4.66587063e-09 -4.29058450e-09 -3.98059352e-09 -3.73094811e-09 -3.52972079e-09 -3.36115491e-09 -3.20910959e-09 -3.06036230e-09 -2.90759711e-09 -2.75226913e-09 -2.60803334e-09 -2.50600946e-09 -2.50375459e-09 -2.70037581e-09 -3.26069233e-09 -4.45141368e-09 -6.69190281e-09 3.75466376e-05 5.50203553e-04 1.74773536e-03 3.71084772e-03 6.47659627e-03 1.00764492e-02 1.45101525e-02 1.97773490e-02 2.58641277e-02 3.27419973e-02 4.03579783e-02 4.86393821e-02 5.75536780e-02 6.69259277e-02 7.67027400e-02 8.66153038e-02 9.66179242e-02 1.06385865e-01 1.15642941e-01 1.24287422e-01 1.31995043e-01 1.38518470e-01 1.43605536e-01 1.47108071e-01 1.48885523e-01 1.48885523e-01 1.47108071e-01 1.43605536e-01 1.38518470e-01 1.31995043e-01 1.24287422e-01 1.15642941e-01 1.06385865e-01 9.66179242e-02 8.66153038e-02 7.67027400e-02 6.69259277e-02 5.75536780e-02 4.86393821e-02 4.03579783e-02 3.27419973e-02 2.58641277e-02 1.97773490e-02 1.45101525e-02 1.00764492e-02 6.47659627e-03 3.71084772e-03 1.74773536e-03 5.50203553e-04 3.75466376e-05 -6.69190281e-09 -4.45141346e-09 -3.26069227e-09 -2.70037609e-09 -2.50375459e-09 -2.50600940e-09 -2.60803334e-09 -2.75226919e-09 -2.90759683e-09 -3.06036230e-09 -3.20910959e-09 -3.36115491e-09 -3.52972085e-09 -3.73094822e-09 -3.98059335e-09 -4.29058433e-09 -4.66587075e-09 -5.10207770e-09 -5.58445118e-09 -6.08837680e-09 -6.58152244e-09 -7.02737335e-09 -7.38966338e-09 -7.63704727e-09 -7.74728004e-09 -7.71024916e-09 -7.52936502e-09 -7.22109061e-09 -6.81268780e-09 -6.33853059e-09 -5.83559523e-09 -5.33881817e-09 -4.87703511e-09 -4.47010107e-09 -4.12753981e-09 -3.84884352e-09 -3.62521768e-09 -3.44239498e-09 -3.28399891e-09 -3.13495213e-09 -2.98463104e-09 -2.82973578e-09 -2.67731071e-09 -2.54890803e-09 -2.48742182e-09 -2.56880173e-09 -2.92130925e-09 -3.75532155e-09 -5.40655104e-09 -8.39466180e-09 2.14264452e-04 1.05793250e-03 2.63026438e-03 4.99115079e-03 8.16990077e-03 1.21868018e-02 1.70436790e-02 2.27235436e-02 2.92072712e-02 3.64519372e-02 4.44187890e-02 5.30402708e-02 6.21705590e-02 7.17874272e-02 8.16412321e-02 9.16269418e-02 1.01547330e-01 1.11099479e-01 1.20058871e-01 1.28282726e-01 1.35426858e-01 1.41251188e-01 1.45567058e-01 1.48217040e-01 1.49109034e-01
1.51491436e-01 1.50582837e-01 1.47884579e-01 1.43492994e-01 1.37553386e-01 1.30257160e-01 1.21872388e-01 1.12671097e-01 1.02982316e-01 9.29160636e-02 8.27379320e-02 7.27555244e-02 6.30094505e-02 5.37466794e-02 4.50052119e-02 3.69554110e-02 2.96223715e-02 2.30577980e-02 1.73064451e-02 1.23853314e-02 8.31154313e-03 5.08332532e-03 2.68413885e-03 1.08164170e-03 2.19093443e-04 -9.97080540e-09 -6.27559460e-09 -4.22455637e-09 -3.17221149e-09 -2.70443423e-09 -2.56401317e-09 -2.59590660e-09 -2.70951456e-09 -2.85428259e-09 -3.00484060e-09 -3.15231508e-09 -3.29917632e-09 -3.45567475e-09 -3.63672487e-09 -3.85864440e-09 -4.13568818e-09 -4.47667020e-09 -4.88213614e-09 -5.34260158e-09 -5.83824999e-09 -6.34026631e-09 -6.81371964e-09 -7.22162125e-09 -7.52957158e-09 -7.71028591e-09 -7.74728437e-09 -7.63715147e-09 -7.39001127e-09 -7.02813041e-09 -6.58287996e-09 -6.09054474e-09 -5.58764468e-09 -5.10649767e-09 -4.67168942e-09 -4.29793301e-09 -3.98956085e-09 -3.74159576e-09 -3.54210339e-09 -3.37535977e-09 -3.22532739e-09 -3.07902792e-09 -2.92970642e-09 -2.78005508e-09 -2.64638261e-09 -2.56525312e-09 -2.60487254e-09 -2.88427282e-09 -3.60387931e-09 -5.09133219e-09 -7.86584331e-09 3.86572085e-05 5.62660061e-04 1.78693524e-03 3.77967510e-03 6.58990616e-03 1.02466057e-02 1.47316743e-02 2.00726114e-02 2.62325251e-02 3.31877052e-02 4.09065563e-02 4.93008305e-02 5.83083493e-02 6.78393078e-02 7.77290932e-02 8.78206197e-02 9.79892059e-02 1.07894839e-01 1.17352216e-01 1.26197805e-01 1.34062143e-01 1.40705205e-01 1.45887902e-01 1.49454627e-01 1.51263544e-01 1.51263544e-01 1.49454627e-01 1.45887902e-01 1.40705205e-01 1.34062143e-01 1.26197805e-01 1.17352216e-01 1.07894839e-01 9.79892059e-02 8.78206197e-02 7.77290932e-02 6.78393078e-02 5.83083493e-02 4.93008305e-02 4.09065563e-02 3.31877052e-02 2.62325251e-02 2.00726114e-02 1.47316743e-02 1.02466057e-02 6.58990616e-03 3.77967510e-03 1.78693524e-03 5.62660061e-04 3.86572085e-05 -7.86584320e-09 -5.09133219e-09 -3.60387953e-09 -2.88427265e-09 -2.60487260e-09 -2.56525323e-09 -2.64638272e-09 -2.78005485e-09 -2.92970670e-09 -3.07902787e-09 -3.22532739e-09 -3.37536010e-09 -3.54210339e-09 -3.74159564e-09 -3.98956090e-09 -4.29793295e-09 -4.67168909e-09 -5.10649772e-09 -5.58764468e-09 -6.09054474e-09 -6.58288013e-09 -7.02813069e-09 -7.39001116e-09 -7.63715141e-09 -7.74728431e-09 -7.71028608e-09 -7.52957141e-09 -7.22162136e-09 -6.81371981e-09 -6.34026642e-09 -5.83824966e-09 -5.34260158e-09 -4.88213647e-09 -4.47667003e-09 -4.13568824e-09 -3.85864429e-09 -3.63672475e-09 -3.45567464e-09 -3.29917638e-09 -3.15231524e-09 -3.00484060e-09 -2.85428259e-09 -2.70951450e-09 -2.59590682e-09 -2.56401333e-09 -2.70443395e-09 -3.17221160e-09 -4.22455637e-09 -6.27559471e-09 -9.97080540e-09 2.19093443e-04 1.08164170e-03 2.68413885e-03 5.08332532e-03 8.31154313e-03 1.23853314e-02 1.73064451e-02 2.30577980e-02 2.96223715e-02 3.69554110e-02 4.50052119e-02 5.37466794e-02 6.30094505e-02 7.27555244e-02 8.27379320e-02 9.29160636e-02 1.02982316e-01 1.12671097e-01 1.21872388e-01 1.30257160e-01 1.37553386e-01 1.43492994e-01 1.47884579e-01 1.50582837e-01 1.51491436e-01
1.53805892e-01 1.52871510e-01 1.50121852e-01 1.45658877e-01 1.39619602e-01 1.32200275e-01 1.23662731e-01 1.14270581e-01 1.04381993e-01 9.41827950e-02 8.38497046e-02 7.37085019e-02 6.38419302e-02 5.44458974e-02 4.56101910e-02 3.74602684e-02 3.00299758e-02 2.33827373e-02 1.75664395e-02 1.25848381e-02 8.45192906e-03 5.17748357e-03 2.73840771e-03 1.10665058e-03 2.25159056e-04 -1.18770148e-08 -7.32093286e-09 -4.78593920e-09 -3.47121509e-09 -2.86621149e-09 -2.65638833e-09 -2.65407518e-09 -2.75091461e-09 -2.88712287e-09 -3.03276099e-09 -3.17681659e-09 -3.32081218e-09 -3.47462603e-09 -3.65305142e-09 -3.87239590e-09 -4.14695617e-09 -4.48560766e-09 -4.88895791e-09 -5.34757860e-09 -5.84168813e-09 -6.34248448e-09 -6.81502360e-09 -7.22228449e-09 -7.52982837e-09 -7.71033187e-09 -7.74728892e-09 -7.63727998e-09 -7.39044448e-09 -7.02908148e-09 -6.58460436e-09 -6.09333367e-09 -5.59181246e-09 -5.11236031e-09 -4.67953709e-09 -4.30801195e-09 -4.00205513e-09 -3.75662601e-09 -3.55973750e-09 -3.39564354e-09 -3.24835808e-09 -3.10513026e-09 -2.95980501e-09 -2.81651102e-09 -2.69470912e-09 -2.63749345e-09 -2.72595330e-09 -3.10332493e-09 -4.01352357e-09 -5.85893911e-09 -9.28183297e-09 3.97172777e-05 5.76502689e-04 1.82542308e-03 3.85505532e-03 6.70843861e-03 1.04117140e-02 1.49645174e-02 2.03731359e-02 2.66086530e-02 3.36407776e-02 4.14473569e-02 4.99575368e-02 5.90571855e-02 6.87352318e-02 7.87293536e-02 8.90226067e-02 9.93254239e-02 1.09359030e-01 1.19043769e-01 1.28051500e-01 1.36064242e-01 1.42820237e-01 1.48094246e-01 1.51719811e-01 1.53570934e-01 1.53570934e-01 1.51719811e-01 1.48094246e-01 1.42820237e-01 1.36064242e-01 1.28051500e-01 1.19043769e-01 1.09359030e-01 9.93254239e-02 8.90226067e-02 7.87293536e-02 6.87352318e-02 5.90571855e-02 4.99575368e-02 4.14473569e-02 3.36407776e-02 2.66086530e-02 2.03731359e-02 1.49645174e-02 1.04117140e-02 6.70843861e-03 3.85505532e-03 1.82542308e-03 5.76502689e-04 3.97172777e-05 -9.28183252e-09 -5.85893922e-09 -4.01352368e-09 -3.10332499e-09 -2.72595313e-09 -2.63749322e-09 -2.69470912e-09 -2.81651080e-09 -2.95980501e-09 -3.10513032e-09 -3.24835814e-09 -3.39564343e-09 -3.55973750e-09 -3.75662601e-09 -4.00205524e-09 -4.30801200e-09 -4.67953704e-09 -5.11236004e-09 -5.59181246e-09 -6.09333356e-09 -6.58460431e-09 -7.02908171e-09 -7.39044448e-09 -7.63727986e-09 -7.74728892e-09 -7.71033182e-09 -7.52982826e-09 -7.22228433e-09 -6.81502360e-09 -6.34248432e-09 -5.84168808e-09 -5.34757832e-09 -4.88895802e-09 -4.48560750e-09 -4.14695606e-09 -3.87239574e-09 -3.65305147e-09 -3.47462592e-09 -3.32081229e-09 -3.17681653e-09 -3.03276110e-09 -2.88712293e-09 -2.75091472e-09 -2.65407535e-09 -2.65638800e-09 -2.86621127e-09 -3.47121498e-09 -4.78593898e-09 -7.32093297e-09 -1.18770146e-08 2.25159056e-04 1.10665058e-03 2.73840771e-03 5.17748357e-03 8.45192906e-03 1.25848381e-02 1.75664395e-02 2.33827373e-02 3.00299758e-02 3.74602684e-02 4.56101910e-02 5.44458974e-02 6.38419302e-02 7.37085019e-02 8.38497046e-02 9.41827950e-02 1.04381993e-01 1.14270581e-01 1.23662731e-01 1.32200275e-01 1.39619602e-01 1.45658877e-01 1.50121852e-01 1.52871510e-01 1.53805892e-01
1.56154645e-01 1.55193466e-01 1.52354231e-01 1.47761893e-01 1.41636361e-01 1.34103147e-01 1.25426235e-01 1.15877031e-01 1.05771856e-01 9.54420592e-02 8.49708766e-02 7.46577292e-02 6.46851847e-02 5.51454237e-02 4.62209633e-02 3.79650984e-02 3.04360240e-02 2.37124795e-02 1.78262885e-02 1.27863194e-02 8.59786021e-03 5.27367865e-03 2.79465619e-03 1.13150145e-03 2.31058338e-04 -1.41798452e-08 -8.57652321e-09 -5.45594681e-09 -3.82584547e-09 -3.05730119e-09 -2.76572160e-09 -2.72376099e-09 -2.80157997e-09 -2.92829239e-09 -3.06849840e-09 -3.20865601e-09 -3.34920464e-09 -3.49962326e-09 -3.67461739e-09 -3.89053634e-09 -4.16177309e-09 -4.49730742e-09 -4.89784613e-09 -5.35403466e-09 -5.84613136e-09 -6.34534231e-09 -6.81669987e-09 -7.22313692e-09 -7.53015805e-09 -7.71039060e-09 -7.74729580e-09 -7.63744606e-09 -7.39100137e-09 -7.03030500e-09 -6.58682375e-09 -6.09693179e-09 -5.59720870e-09 -5.11998199e-09 -4.68978928e-09 -4.32123781e-09 -4.01851463e-09 -3.77647391e-09 -3.58302299e-09 -3.42234141e-09 -3.27845329e-09 -3.13881654e-09 -2.99795555e-09 -2.86167262e-09 -2.75317585e-09 -2.72339939e-09 -2.86896540e-09 -3.36247480e-09 -4.50085214e-09 -6.77805023e-09 -1.09876881e-08 4.07512502e-05 5.90350428e-04 1.86225668e-03 3.93091734e-03 6.83049211e-03 1.05819465e-02 1.51996183e-02 2.06719370e-02 2.69844755e-02 3.41046940e-02 4.19877084e-02 5.06183345e-02 5.98373581e-02 6.96356127e-02 7.97666293e-02 9.02136700e-02 1.00643150e-01 1.10869743e-01 1.20739923e-01 1.29893553e-01 1.38030464e-01 1.44892299e-01 1.50262685e-01 1.54003173e-01 1.55914048e-01 1.55914048e-01 1.54003173e-01 1.50262685e-01 1.44892299e-01 1.38030464e-01 1.29893553e-01 1.20739923e-01 1.10869743e-01 1.00643150e-01 9.02136700e-02 7.97666293e-02 6.96356127e-02 5.98373581e-02 5.06183345e-02 4.19877084e-02 3.41046940e-02 2.69844755e-02 2.06719370e-02 1.51996183e-02 1.05819465e-02 6.83049211e-03 3.93091734e-03 1.86225668e-03 5.90350428e-04 4.07512502e-05 -1.09876882e-08 -6.77804995e-09 -4.50085219e-09 -3.36247485e-09 -2.86896518e-09 -2.72339939e-09 -2.75317569e-09 -2.86167257e-09 -2.99795577e-09 -3.13881654e-09 -3.27845340e-09 -3.42234174e-09 -3.58302288e-09 -3.77647402e-09 -4.01851463e-09 -4.32123787e-09 -4.68978911e-09 -5.11998216e-09 -5.59720875e-09 -6.09693163e-09 -6.58682370e-09 -7.03030484e-09 -7.39100176e-09 -7.63744612e-09 -7.74729575e-09 -7.71039044e-09 -7.53015811e-09 -7.22313687e-09 -6.81669987e-09 -6.34534209e-09 -5.84613163e-09 -5.35403444e-09 -4.89784602e-09 -4.49730708e-09 -4.16177309e-09 -3.89053667e-09 -3.67461722e-09 -3.49962315e-09 -3.34920458e-09 -3.20865590e-09 -3.06849840e-09 -2.92829239e-09 -2.80158030e-09 -2.72376105e-09 -2.76572165e-09 -3.05730119e-09 -3.82584536e-09 -5.45594669e-09 -8.57652327e-09 -1.41798455e-08 2.31058338e-04 1.13150145e-03 2.79465619e-03 5.27367865e-03 8.59786021e-03 1.27863194e-02 1.78262885e-02 2.37124795e-02 3.04360240e-02 3.79650984e-02 4.62209633e-02 5.51454237e-02 6.46851847e-02 7.46577292e-02 8.49708766e-02 9.54420592e-02 1.05771856e-01 1.15877031e-01 1.25426235e-01 1.34103147e-01 1.41636361e-01 1.47761893e-01 1.52354231e-01 1.55193466e-01 1.56154645e-01
1.58513577e-01 1.57530885e-01 1.54631617e-01 1.49922437e-01 1.43633949e-01 1.35986548e-01 1.27186727e-01 1.17482421e-01 1.07197739e-01 9.67062523e-02 8.61091902e-02 7.56225569e-02 6.55386391e-02 5.58723648e-02 4.68471773e-02 3.84739797e-02 3.08586308e-02 2.40596860e-02 1.80970739e-02 1.29878722e-02 8.74500654e-03 5.37244469e-03 2.85135225e-03 1.15640227e-03 2.36287042e-04 -1.69589111e-08 -1.00828775e-08 -6.25418650e-09 -4.24503888e-09 -3.28146676e-09 -2.89340985e-09 -2.80536772e-09 -2.86156293e-09 -2.97777486e-09 -3.11208925e-09 -3.24796467e-09 -3.38458239e-09 -3.53097929e-09 -3.70179343e-09 -3.91346799e-09 -4.18054158e-09 -4.51215176e-09 -4.90913943e-09 -5.36225131e-09 -5.85179916e-09 -6.34899905e-09 -6.81885221e-09 -7.22423504e-09 -7.53058499e-09 -7.71046760e-09 -7.74730435e-09 -7.63766000e-09 -7.39172046e-09 -7.03187808e-09 -6.58966748e-09 -6.10152839e-09 -5.60408331e-09 -5.12967313e-09 -4.70280320e-09 -4.33800457e-09 -4.03934386e-09 -3.80152759e-09 -3.61230534e-09 -3.45572948e-09 -3.31579264e-09 -3.18017068e-09 -3.04415859e-09 -2.91553337e-09 -2.82195933e-09 -2.82375390e-09 -3.03624975e-09 -3.66758923e-09 -5.07921516e-09 -7.87703669e-09 -1.30405363e-08 4.18289608e-05 6.03704179e-04 1.90225764e-03 4.00728284e-03 6.95116311e-03 1.07592996e-02 1.54382020e-02 2.09790361e-02 2.73707516e-02 3.45803418e-02 4.25588282e-02 5.12854664e-02 6.06380949e-02 7.05333838e-02 8.08328531e-02 9.14108656e-02 1.01961568e-01 1.12400852e-01 1.22425404e-01 1.31717860e-01 1.39977756e-01 1.46947290e-01 1.52493193e-01 1.56315673e-01 1.58267075e-01 1.58267075e-01 1.56315673e-01 1.52493193e-01 1.46947290e-01 1.39977756e-01 1.31717860e-01 1.22425404e-01 1.12400852e-01 1.01961568e-01 9.14108656e-02 8.08328531e-02 7.05333838e-02 6.06380949e-02 5.12854664e-02 4.25588282e-02 3.45803418e-02 2.73707516e-02 2.09790361e-02 1.54382020e-02 1.07592996e-02 6.95116311e-03 4.00728284e-03 1.90225764e-03 6.03704179e-04 4.18289608e-05 -1.30405364e-08 -7.87703686e-09 -5.07921510e-09 -3.66758951e-09 -3.03624959e-09 -2.82375412e-09 -2.82195889e-09 -2.91553343e-09 -3.04415881e-09 -3.18017068e-09 -3.31579270e-09 -3.45572959e-09 -3.61230534e-09 -3.80152759e-09 -4.03934391e-09 -4.33800423e-09 -4.70280315e-09 -5.12967302e-09 -5.60408331e-09 -6.10152867e-09 -6.58966742e-09 -7.03187797e-09 -7.39172040e-09 -7.63766017e-09 -7.74730424e-09 -7.71046760e-09 -7.53058516e-09 -7.22423488e-09 -6.81885193e-09 -6.34899899e-09 -5.85179921e-09 -5.36225120e-09 -4.90913926e-09 -4.51215171e-09 -4.18054136e-09 -3.91346794e-09 -3.70179348e-09 -3.53097912e-09 -3.38458206e-09 -3.24796479e-09 -3.11208881e-09 -2.97777469e-09 -2.86156315e-09 -2.80536783e-09 -2.89340996e-09 -3.28146671e-09 -4.24503888e-09 -6.25418639e-09 -1.00828776e-08 -1.69589111e-08 2.36287042e-04 1.15640227e-03 2.85135225e-03 5.37244469e-03 8.74500654e-03 1.29878722e-02 1.80970739e-02 2.40596860e-02 3.08586308e-02 3.84739797e-02 4.68471773e-02 5.58723648e-02 6.55386391e-02 7.56225569e-02 8.61091902e-02 9.67062523e-02 1.07197739e-01 1.17482421e-01 1.27186727e-01 1.35986548e-01 1.43633949e-01 1.49922437e-01 1.54631617e-01 1.57530885e-01 1.58513577e-01
1.60896156e-01 1.59895384e-01 1.56926813e-01 1.52116271e-01 1.45663417e-01 1.37867419e-01 1.28936215e-01 1.19102824e-01 1.08655397e-01 9.79700347e-02 8.72536711e-02 7.66269173e-02 6.64090543e-02 5.66258192e-02 4.74828047e-02 3.89994970e-02 3.13055536e-02 2.44213909e-02 1.83798973e-02 1.31979194e-02 8.89766915e-03 5.47020846e-03 2.90826601e-03 1.18131822e-03 2.42232037e-04 -2.03092043e-08 -1.18882029e-08 -7.20392990e-09 -4.73939071e-09 -3.54316615e-09 -3.04111097e-09 -2.89936869e-09 -2.93089952e-09 -3.03550696e-09 -3.16350768e-09 -3.29480848e-09 -3.42711021e-09 -3.56894747e-09 -3.73490155e-09 -3.94154931e-09 -4.20363278e-09 -4.53049520e-09 -4.92316016e-09 -5.37250189e-09 -5.85890908e-09 -6.35361291e-09 -6.82158463e-09 -7.22563737e-09 -7.53113227e-09 -7.71056607e-09 -7.74731479e-09 -7.63793573e-09 -7.39264072e-09 -7.03388225e-09 -6.59326821e-09 -6.10730977e-09 -5.61268193e-09 -5.14173304e-09 -4.71892270e-09 -4.35867953e-09 -4.06491252e-09 -3.83213061e-09 -3.64787522e-09 -3.49601736e-09 -3.36049311e-09 -3.22920957e-09 -3.09836251e-09 -2.97805414e-09 -2.90125379e-09 -2.93949032e-09 -3.23058152e-09 -4.02562439e-09 -5.76444270e-09 -9.18962095e-09 -1.55084492e-08 4.28937736e-05 6.17500475e-04 1.94409964e-03 4.08091643e-03 7.07303385e-03 1.09436876e-02 1.56775224e-02 2.12909851e-02 2.77656201e-02 3.50697293e-02 4.31514155e-02 5.19632144e-02 6.14562425e-02 7.14523337e-02 8.19165313e-02 9.26192493e-02 1.03321725e-01 1.13940827e-01 1.24114807e-01 1.33533530e-01 1.41911172e-01 1.49077723e-01 1.54739131e-01 1.58653126e-01 1.60645312e-01 1.60645312e-01 1.58653126e-01 1.54739131e-01 1.49077723e-01 1.41911172e-01 1.33533530e-01 1.24114807e-01 1.13940827e-01 1.03321725e-01 9.26192493e-02 8.19165313e-02 7.14523337e-02 6.14562425e-02 5.19632144e-02 4.31514155e-02 3.50697293e-02 2.77656201e-02 2.12909851e-02 1.56775224e-02 1.09436876e-02 7.07303385e-03 4.08091643e-03 1.94409964e-03 6.17500475e-04 4.28937736e-05 -1.55084491e-08 -9.18962084e-09 -5.76444276e-09 -4.02562422e-09 -3.23058152e-09 -2.93949043e-09 -2.90125385e-09 -2.97805430e-09 -3.09836234e-09 -3.22920962e-09 -3.36049299e-09 -3.49601736e-09 -3.64787500e-09 -3.83213067e-09 -4.06491207e-09 -4.35867942e-09 -4.71892281e-09 -5.14173309e-09 -5.61268193e-09 -6.10730988e-09 -6.59326815e-09 -7.03388214e-09 -7.39264072e-09 -7.63793601e-09 -7.74731473e-09 -7.71056607e-09 -7.53113238e-09 -7.22563737e-09 -6.82158474e-09 -6.35361275e-09 -5.85890914e-09 -5.37250189e-09 -4.92316016e-09 -4.53049515e-09 -4.20363283e-09 -3.94154909e-09 -3.73490183e-09 -3.56894747e-09 -3.42711010e-09 -3.29480848e-09 -3.16350768e-09 -3.03550701e-09 -2.93089952e-09 -2.89936863e-09 -3.04111070e-09 -3.54316615e-09 -4.73939032e-09 -7.20393001e-09 -1.18882030e-08 -2.03092040e-08 2.42232037e-04 1.18131822e-03 2.90826601e-03 5.47020846e-03 8.89766915e-03 1.31979194e-02 1.83798973e-02 2.44213909e-02 3.13055536e-02 3.89994970e-02 4.74828047e-02 5.66258192e-02 6.64090543e-02 7.66269173e-02 8.72536711e-02 9.79700347e-02 1.08655397e-01 1.19102824e-01 1.28936215e-01 1.37867419e-01 1.45663417e-01 1.52116271e-01 1.56926813e-01 1.59895384e-01 1.60896156e-01
1.63276339e-01 1.62258913e-01 1.59240243e-01 1.54332327e-01 1.47756367e-01 1.39760570e-01 1.30714336e-01 1.20741238e-01 1.10152433e-01 9.92681092e-02 8.84337644e-02 7.76752450e-02 6.73032483e-02 5.74143038e-02 4.81407318e-02 3.95575779e-02 3.17711113e-02 2.47970323e-02 1.86731378e-02 1.34187584e-02 9.05260174e-03 5.57400493e-03 2.96744773e-03 1.20932408e-03 2.48590236e-04 -2.43437538e-08 -1.40497153e-08 -8.33272717e-09 -5.32141303e-09 -3.84766674e-09 -3.21078908e-09 -3.00632297e-09 -3.00962233e-09 -3.10137749e-09 -3.22266369e-09 -3.34918066e-09 -3.47688056e-09 -3.61371316e-09 -3.77420184e-09 -3.97509209e-09 -4.23138019e-09 -4.55267085e-09 -4.94021202e-09 -5.38504996e-09 -5.86767146e-09 -6.35933989e-09 -6.82500079e-09 -7.22740257e-09 -7.53182433e-09 -7.71069042e-09 -7.74732889e-09 -7.63828484e-09 -7.39380174e-09 -7.03639480e-09 -6.59775218e-09 -6.11446166e-09 -5.62324515e-09 -5.15644882e-09 -4.73846895e-09 -4.38359737e-09 -4.09554557e-09 -3.86857391e-09 -3.68995839e-09 -3.54334800e-09 -3.41259532e-09 -3.28587935e-09 -3.16045090e-09 -3.04916675e-09 -2.99128466e-09 -3.07171377e-09 -3.45523987e-09 -4.44478970e-09 -6.57525395e-09 -1.07557667e-08 -1.84723202e-08 4.41638327e-05 6.32765621e-04 1.98559673e-03 4.16261887e-03 7.20028735e-03 1.11303963e-02 1.59253299e-02 2.16166760e-02 2.81689808e-02 3.55757166e-02 4.37673966e-02 5.26759780e-02 6.23024561e-02 7.24157929e-02 8.30312126e-02 9.38547988e-02 1.04733921e-01 1.15506579e-01 1.25818296e-01 1.35356576e-01 1.43912114e-01 1.51235474e-01 1.57012409e-01 1.60994984e-01 1.63021200e-01 1.63021200e-01 1.60994984e-01 1.57012409e-01 1.51235474e-01 1.43912114e-01 1.35356576e-01 1.25818296e-01 1.15506579e-01 1.04733921e-01 9.38547988e-02 8.30312126e-02 7.24157929e-02 6.23024561e-02 5.26759780e-02 4.37673966e-02 3.55757166e-02 2.81689808e-02 2.16166760e-02 1.59253299e-02 1.11303963e-02 7.20028735e-03 4.16261887e-03 1.98559673e-03 6.32765621e-04 4.41638327e-05 -1.84723203e-08 -1.07557667e-08 -6.57525395e-09 -4.44478993e-09 -3.45523998e-09 -3.07171349e-09 -2.99128494e-09 -3.04916697e-09 -3.16045096e-09 -3.28587951e-09 -3.41259532e-09 -3.54334823e-09 -3.68995856e-09 -3.86857379e-09 -4.09554535e-09 -4.38359749e-09 -4.73846895e-09 -5.15644871e-09 -5.62324481e-09 -6.11446166e-09 -6.59775201e-09 -7.03639463e-09 -7.39380179e-09 -7.63828467e-09 -7.74732872e-09 -7.71069020e-09 -7.53182450e-09 -7.22740273e-09 -6.82500090e-09 -6.35933978e-09 -5.86767168e-09 -5.38504979e-09 -4.94021207e-09 -4.55267074e-09 -4.23137991e-09 -3.97509187e-09 -3.77420162e-09 -3.61371322e-09 -3.47688078e-09 -3.34918088e-09 -3.22266369e-09 -3.10137771e-09 -3.00962227e-09 -3.00632319e-09 -3.21078930e-09 -3.84766685e-09 -5.32141309e-09 -8.33272717e-09 -1.40497153e-08 -2.43437540e-08 2.48590236e-04 1.20932408e-03 2.96744773e-03 5.57400493e-03 9.05260174e-03 1.34187584e-02 1.86731378e-02 2.47970323e-02 3.17711113e-02 3.95575779e-02 4.81407318e-02 5.74143038e-02 6.73032483e-02 7.76752450e-02 8.84337644e-02 9.92681092e-02 1.10152433e-01 1.20741238e-01 1.30714336e-01 1.39760570e-01 1.47756367e-01 1.54332327e-01 1.59240243e-01 1.62258913e-01 1.63276339e-01
1.65676836e-01 1.64640720e-01 1.61576373e-01 1.56590768e-01 1.49893106e-01 1.41746278e-01 1.32517643e-01 1.22429432e-01 1.11694149e-01 1.00646204e-01 8.96454111e-02 7.87686884e-02 6.82297819e-02 5.82328254e-02 4.88263328e-02 4.01465756e-02 3.22544166e-02 2.51824463e-02 1.89743231e-02 1.36476391e-02 9.21584629e-03 5.68144530e-03 3.02991201e-03 1.23647059e-03 2.55010292e-04 -2.91966425e-08 -1.66351213e-08 -9.67309643e-09 -6.00584771e-09 -4.20117274e-09 -3.40476525e-09 -3.12690074e-09 -3.09776838e-09 -3.17523369e-09 -3.28940419e-09 -3.41100276e-09 -3.53391455e-09 -3.66539532e-09 -3.81989407e-09 -4.01435557e-09 -4.26407554e-09 -4.57897509e-09 -4.96057939e-09 -5.40014378e-09 -5.87828897e-09 -6.36633130e-09 -6.82920082e-09 -7.22958549e-09 -7.53268548e-09 -7.71084585e-09 -7.74734599e-09 -7.63872043e-09 -7.39524253e-09 -7.03949476e-09 -6.60324689e-09 -6.12315898e-09 -5.63599556e-09 -5.17408555e-09 -4.76173245e-09 -4.41305736e-09 -4.13152246e-09 -3.91108840e-09 -3.73871706e-09 -3.59779084e-09 -3.47207058e-09 -3.35005912e-09 -3.23025767e-09 -3.12877790e-09 -3.09232362e-09 -3.22173521e-09 -3.71409636e-09 -4.93475499e-09 -7.53371637e-09 -1.26227077e-08 -2.20279980e-08 4.51431687e-05 6.47829864e-04 2.02677474e-03 4.24760484e-03 7.33701571e-03 1.13194629e-02 1.61934968e-02 2.19628916e-02 2.86060427e-02 3.60978370e-02 4.44089252e-02 5.34385671e-02 6.31754049e-02 7.34362616e-02 8.41830009e-02 9.51305328e-02 1.06193297e-01 1.17121376e-01 1.27569638e-01 1.37231281e-01 1.45984594e-01 1.53435366e-01 1.59311245e-01 1.63357465e-01 1.65417314e-01 1.65417314e-01 1.63357465e-01 1.59311245e-01 1.53435366e-01 1.45984594e-01 1.37231281e-01 1.27569638e-01 1.17121376e-01 1.06193297e-01 9.51305328e-02 8.41830009e-02 7.34362616e-02 6.31754049e-02 5.34385671e-02 4.44089252e-02 3.60978370e-02 2.86060427e-02 2.19628916e-02 1.61934968e-02 1.13194629e-02 7.33701571e-03 4.24760484e-03 2.02677474e-03 6.47829864e-04 4.51431687e-05 -2.20279980e-08 -1.26227078e-08 -7.53371621e-09 -4.93475494e-09 -3.71409625e-09 -3.22173521e-09 -3.09232356e-09 -3.12877807e-09 -3.23025784e-09 -3.35005923e-09 -3.47207052e-09 -3.59779095e-09 -3.73871689e-09 -3.91108862e-09 -4.13152251e-09 -4.41305725e-09 -4.76173262e-09 -5.17408566e-09 -5.63599556e-09 -6.12315904e-09 -6.60324662e-09 -7.03949499e-09 -7.39524253e-09 -7.63872010e-09 -7.74734621e-09 -7.71084596e-09 -7.53268570e-09 -7.22958560e-09 -6.82920048e-09 -6.36633135e-09 -5.87828902e-09 -5.40014355e-09 -4.96057961e-09 -4.57897509e-09 -4.26407581e-09 -4.01435551e-09 -3.81989407e-09 -3.66539532e-09 -3.53391461e-09 -3.41100270e-09 -3.28940430e-09 -3.17523374e-09 -3.09776815e-09 -3.12690052e-09 -3.40476558e-09 -4.20117285e-09 -6.00584776e-09 -9.67309638e-09 -1.66351214e-08 -2.91966428e-08 2.55010292e-04 1.23647059e-03 3.02991201e-03 5.68144530e-03 9.21584629e-03 1.36476391e-02 1.89743231e-02 2.51824463e-02 3.22544166e-02 4.01465756e-02 4.88263328e-02 5.82328254e-02 6.82297819e-02 7.87686884e-02 8.96454111e-02 1.00646204e-01 1.11694149e-01 1.22429432e-01 1.32517643e-01 1.41746278e-01 1.49893106e-01 1.56590768e-01 1.61576373e-01 1.64640720e-01 1.65676836e-01
1.68121206e-01 1.67066668e-01 1.63956242e-01 1.58899325e-01 1.52090300e-01 1.43798536e-01 1.34366240e-01 1.24153077e-01 1.13291381e-01 1.02091547e-01 9.09072714e-02 7.99028698e-02 6.92116163e-02 5.90922608e-02 4.95493768e-02 4.07671091e-02 3.27560459e-02 2.55851588e-02 1.92898434e-02 1.38873190e-02 9.38555488e-03 5.79252207e-03 3.09380326e-03 1.26403952e-03 2.60701043e-04 -3.50264217e-08 -1.97242922e-08 -1.12632971e-08 -6.81000223e-09 -4.61096572e-09 -3.62577524e-09 -3.26190125e-09 -3.19538107e-09 -3.25688365e-09 -3.36351436e-09 -3.48012175e-09 -3.59815733e-09 -3.72403786e-09 -3.87211074e-09 -4.05953837e-09 -4.30196162e-09 -4.60966881e-09 -4.98451397e-09 -5.41801115e-09 -5.89095067e-09 -6.37472874e-09 -6.83427998e-09 -7.23224286e-09 -7.53373808e-09 -7.71103670e-09 -7.74736703e-09 -7.63925301e-09 -7.39700057e-09 -7.04325537e-09 -6.60986904e-09 -6.13356921e-09 -5.65114489e-09 -5.19488758e-09 -4.78897466e-09 -4.44731252e-09 -4.17306717e-09 -3.95984467e-09 -3.79424009e-09 -3.65934083e-09 -3.53881457e-09 -3.42156115e-09 -3.30756422e-09 -3.21677224e-09 -3.20470156e-09 -3.39111200e-09 -4.01169814e-09 -5.50686458e-09 -8.66576477e-09 -1.48460934e-08 -2.62886961e-08 4.64446483e-05 6.62754608e-04 2.07161107e-03 4.33342817e-03 7.47749247e-03 1.15197542e-02 1.64734414e-02 2.23259669e-02 2.90627913e-02 3.66499346e-02 4.50796941e-02 5.42397235e-02 6.40865120e-02 7.45038803e-02 8.53849450e-02 9.64749901e-02 1.07716876e-01 1.18785963e-01 1.29361596e-01 1.39203092e-01 1.48115513e-01 1.55696639e-01 1.61663840e-01 1.65761495e-01 1.67857098e-01 1.67857098e-01 1.65761495e-01 1.61663840e-01 1.55696639e-01 1.48115513e-01 1.39203092e-01 1.29361596e-01 1.18785963e-01 1.07716876e-01 9.64749901e-02 8.53849450e-02 7.45038803e-02 6.40865120e-02 5.42397235e-02 4.50796941e-02 3.66499346e-02 2.90627913e-02 2.23259669e-02 1.64734414e-02 1.15197542e-02 7.47749247e-03 4.33342817e-03 2.07161107e-03 6.62754608e-04 4.64446483e-05 -2.62886958e-08 -1.48460934e-08 -8.66576472e-09 -5.50686446e-09 -4.01169831e-09 -3.39111228e-09 -3.20470139e-09 -3.21677207e-09 -3.30756400e-09 -3.42156120e-09 -3.53881446e-09 -3.65934066e-09 -3.79424009e-09 -3.95984467e-09 -4.17306700e-09 -4.44731246e-09 -4.78897477e-09 -5.19488763e-09 -5.65114477e-09 -6.13356921e-09 -6.60986887e-09 -7.04325565e-09 -7.39700062e-09 -7.63925312e-09 -7.74736730e-09 -7.71103670e-09 -7.53373808e-09 -7.23224280e-09 -6.83427975e-09 -6.37472902e-09 -5.89095067e-09 -5.41801137e-09 -4.98451408e-09 -4.60966898e-09 -4.30196179e-09 -4.05953859e-09 -3.87211074e-09 -3.72403791e-09 -3.59815711e-09 -3.48012180e-09 -3.36351441e-09 -3.25688382e-09 -3.19538096e-09 -3.26190136e-09 -3.62577518e-09 -4.61096594e-09 -6.81000234e-09 -1.12632973e-08 -1.97242922e-08 -3.50264219e-08 2.60701043e-04 1.26403952e-03 3.09380326e-03 5.79252207e-03 9.38555488e-03 1.38873190e-02 1.92898434e-02 2.55851588e-02 3.27560459e-02 4.07671091e-02 4.95493768e-02 5.90922608e-02 6.92116163e-02 7.99028698e-02 9.09072714e-02 1.02091547e-01 1.13291381e-01 1.24153077e-01 1.34366240e-01 1.43798536e-01 1.52090300e-01 1.58899325e-01 1.63956242e-01 1.67066668e-01 1.68121206e-01
1.70611693e-01 1.69546066e-01 1.66383858e-01 1.61255770e-01 1.54344473e-01 1.45922042e-01 1.36317887e-01 1.25938126e-01 1.14947073e-01 1.03598958e-01 9.22298645e-02 8.11032044e-02 7.02614547e-02 5.99967991e-02 5.03228218e-02 4.14161425e-02 3.32825771e-02 2.60037782e-02 1.96176421e-02 1.41328088e-02 9.56166356e-03 5.90616891e-03 3.15860678e-03 1.29237605e-03 2.67883360e-04 -4.20199432e-08 -2.34111468e-08 -1.31482054e-08 -7.75412728e-09 -5.08555736e-09 -3.87702970e-09 -3.41228190e-09 -3.30253302e-09 -3.34610134e-09 -3.44471784e-09 -3.55631696e-09 -3.66947489e-09 -3.78960818e-09 -3.93091171e-09 -4.11077816e-09 -4.34522868e-09 -4.64496852e-09 -5.01223779e-09 -5.43885648e-09 -5.90582899e-09 -6.38466668e-09 -6.84033213e-09 -7.23542576e-09 -7.53500484e-09 -7.71126651e-09 -7.74739312e-09 -7.63989511e-09 -7.39911066e-09 -7.04774877e-09 -6.61773214e-09 -6.14584511e-09 -5.66888364e-09 -5.21906846e-09 -4.82041601e-09 -4.48656967e-09 -4.22034507e-09 -4.01494193e-09 -3.85654497e-09 -3.72791553e-09 -3.61264518e-09 -3.50012613e-09 -3.39209960e-09 -3.31302824e-09 -3.32882016e-09 -3.58167951e-09 -4.35336739e-09 -6.17438739e-09 -1.00017808e-08 -1.74912735e-08 -3.13876911e-08 4.77543671e-05 6.78617589e-04 2.11819825e-03 4.42035457e-03 7.62009103e-03 1.17330054e-02 1.67635719e-02 2.27059104e-02 2.95429992e-02 3.72426036e-02 4.57799141e-02 5.50832313e-02 6.50504037e-02 7.56336274e-02 8.66493158e-02 9.78971584e-02 1.09302641e-01 1.20515706e-01 1.31202563e-01 1.41242219e-01 1.50308228e-01 1.58001845e-01 1.64052568e-01 1.68222284e-01 1.70344795e-01 1.70344795e-01 1.68222284e-01 1.64052568e-01 1.58001845e-01 1.50308228e-01 1.41242219e-01 1.31202563e-01 1.20515706e-01 1.09302641e-01 9.78971584e-02 8.66493158e-02 7.56336274e-02 6.50504037e-02 5.50832313e-02 4.57799141e-02 3.72426036e-02 2.95429992e-02 2.27059104e-02 1.67635719e-02 1.17330054e-02 7.62009103e-03 4.42035457e-03 2.11819825e-03 6.78617589e-04 4.77543671e-05 -3.13876911e-08 -1.74912733e-08 -1.00017808e-08 -6.17438722e-09 -4.35336744e-09 -3.58167968e-09 -3.32882027e-09 -3.31302857e-09 -3.39209971e-09 -3.50012652e-09 -3.61264518e-09 -3.72791542e-09 -3.85654492e-09 -4.01494188e-09 -4.22034480e-09 -4.48656984e-09 -4.82041607e-09 -5.21906840e-09 -5.66888347e-09 -6.14584511e-09 -6.61773236e-09 -7.04774883e-09 -7.39911060e-09 -7.63989511e-09 -7.74739300e-09 -7.71126663e-09 -7.53500468e-09 -7.23542593e-09 -6.84033180e-09 -6.38466624e-09 -5.90582894e-09 -5.43885631e-09 -5.01223779e-09 -4.64496874e-09 -4.34522890e-09 -4.11077811e-09 -3.93091154e-09 -3.78960813e-09 -3.66947495e-09 -3.55631713e-09 -3.44471801e-09 -3.34610140e-09 -3.30253314e-09 -3.41228218e-09 -3.87702997e-09 -5.08555753e-09 -7.75412751e-09 -1.31482052e-08 -2.34111468e-08 -4.20199434e-08 2.67883360e-04 1.29237605e-03 3.15860678e-03 5.90616891e-03 9.56166356e-03 1.41328088e-02 1.96176421e-02 2.60037782e-02 3.32825771e-02 4.14161425e-02 5.03228218e-02 5.99967991e-02 7.02614547e-02 8.11032044e-02 9.22298645e-02 1.03598958e-01 1.14947073e-01 1.25938126e-01 1.36317887e-01 1.45922042e-01 1.54344473e-01 1.61255770e-01 1.66383858e-01 1.69546066e-01 1.70611693e-01
1.73145704e-01 1.72066139e-01 1.68870609e-01 1.63658056e-01 1.56657072e-01 1.48118703e-01 1.38364305e-01 1.27794704e-01 1.16669637e-01 1.05178508e-01 9.36319284e-02 8.23573670e-02 7.13722346e-02 6.09487701e-02 5.11475427e-02 4.20970678e-02 3.38368441e-02 2.64537487e-02 1.99658831e-02 1.43889647e-02 9.74639325e-03 6.02502089e-03 3.22596604e-03 1.32422329e-03 2.74872762e-04 -5.03966160e-08 -2.78057346e-08 -1.53802732e-08 -8.86184265e-09 -5.63486618e-09 -4.16228518e-09 -3.57917895e-09 -3.41932671e-09 -3.44263240e-09 -3.53268415e-09 -3.63929342e-09 -3.74765852e-09 -3.86199567e-09 -3.99628253e-09 -4.16814133e-09 -4.39400571e-09 -4.68504424e-09 -5.04393266e-09 -5.46285644e-09 -5.92307903e-09 -6.39626496e-09 -6.84743651e-09 -7.23918392e-09 -7.53650586e-09 -7.71154041e-09 -7.74742354e-09 -7.64065727e-09 -7.40160783e-09 -7.05303999e-09 -6.62693939e-09 -6.16012608e-09 -5.68937863e-09 -5.24681204e-09 -4.85623602e-09 -4.53098092e-09 -4.27345864e-09 -4.07640893e-09 -3.92556859e-09 -3.80335524e-09 -3.69330855e-09 -3.58543295e-09 -3.48354817e-09 -3.41741879e-09 -3.46517842e-09 -3.79559500e-09 -4.74530926e-09 -6.95278002e-09 -1.15772297e-08 -2.06347345e-08 -3.74813306e-08 4.89931694e-05 6.95688375e-04 2.16637285e-03 4.51048467e-03 7.76603155e-03 1.19566053e-02 1.70669121e-02 2.31022868e-02 3.00472302e-02 3.78671395e-02 4.65172186e-02 5.59757685e-02 6.60763546e-02 7.68211919e-02 8.79735070e-02 9.93954550e-02 1.10956010e-01 1.22305191e-01 1.33137491e-01 1.43364182e-01 1.52567529e-01 1.60371842e-01 1.66505217e-01 1.70726670e-01 1.72874935e-01 1.72874935e-01 1.70726670e-01 1.66505217e-01 1.60371842e-01 1.52567529e-01 1.43364182e-01 1.33137491e-01 1.22305191e-01 1.10956010e-01 9.93954550e-02 8.79735070e-02 7.68211919e-02 6.60763546e-02 5.59757685e-02 4.65172186e-02 3.78671395e-02 3.00472302e-02 2.31022868e-02 1.70669121e-02 1.19566053e-02 7.76603155e-03 4.51048467e-03 2.16637285e-03 6.95688375e-04 4.89931694e-05 -3.74813307e-08 -2.06347346e-08 -1.15772297e-08 -6.95278013e-09 -4.74530937e-09 -3.79559506e-09 -3.46517837e-09 -3.41741879e-09 -3.48354817e-09 -3.58543301e-09 -3.69330827e-09 -3.80335496e-09 -3.92556865e-09 -4.07640899e-09 -4.27345848e-09 -4.53098103e-09 -4.85623614e-09 -5.24681221e-09 -5.68937863e-09 -6.16012613e-09 -6.62693928e-09 -7.05303982e-09 -7.40160810e-09 -7.64065744e-09 -7.74742348e-09 -7.71154063e-09 -7.53650597e-09 -7.23918397e-09 -6.84743651e-09 -6.39626474e-09 -5.92307903e-09 -5.46285656e-09 -5.04393283e-09 -4.68504396e-09 -4.39400583e-09 -4.16814139e-09 -3.99628253e-09 -3.86199545e-09 -3.74765857e-09 -3.63929353e-09 -3.53268409e-09 -3.44263246e-09 -3.41932693e-09 -3.57917912e-09 -4.16228502e-09 -5.63486613e-09 -8.86184276e-09 -1.53802733e-08 -2.78057347e-08 -5.03966158e-08 2.74872762e-04 1.32422329e-03 3.22596604e-03 6.02502089e-03 9.74639325e-03 1.43889647e-02 1.99658831e-02 2.64537487e-02 3.38368441e-02 4.20970678e-02 5.11475427e-02 6.09487701e-02 7.13722346e-02 8.23573670e-02 9.36319284e-02 1.05178508e-01 1.16669637e-01 1.27794704e-01 1.38364305e-01 1.48118703e-01 1.56657072e-01 1.63658056e-01 1.68870609e-01 1.72066139e-01 1.73145704e-01
1.75752931e-01 1.74655471e-01 1.71421840e-01 1.66152324e-01 1.59061976e-01 1.50404125e-01 1.40500400e-01 1.29732301e-01 1.18478608e-01 1.06843375e-01 9.51246135e-02 8.36782690e-02 7.25459975e-02 6.19545890e-02 5.20142689e-02 4.28147733e-02 3.44271251e-02 2.69305646e-02 2.03360322e-02 1.46634965e-02 9.93760095e-03 6.15049822e-03 3.29754763e-03 1.35532919e-03 2.81881780e-04 -6.04131142e-08 -3.30365495e-08 -1.80205879e-08 -1.01605816e-08 -6.27039887e-09 -4.48590742e-09 -3.76394205e-09 -3.54591578e-09 -3.54620211e-09 -3.62702779e-09 -3.72868825e-09 -3.83242105e-09 -3.94100763e-09 -4.06813061e-09 -4.23162516e-09 -4.44835990e-09 -4.73000983e-09 -5.07974229e-09 -5.49015622e-09 -5.94283078e-09 -6.40963038e-09 -6.85567231e-09 -7.24355897e-09 -7.53826013e-09 -7.71186048e-09 -7.74745812e-09 -7.64154900e-09 -7.40452155e-09 -7.05918840e-09 -6.63757993e-09 -6.17653145e-09 -5.71276870e-09 -5.27826288e-09 -4.89656649e-09 -4.58064131e-09 -4.33244229e-09 -4.14420159e-09 -4.00116995e-09 -3.88541699e-09 -3.78047416e-09 -3.67709874e-09 -3.58155938e-09 -3.52982360e-09 -3.61438263e-09 -4.03538775e-09 -5.19473009e-09 -7.85998777e-09 -1.34333645e-08 -2.43656669e-08 -4.47523481e-08 5.02513539e-05 7.12901818e-04 2.21393789e-03 4.60931169e-03 7.92237626e-03 1.21887402e-02 1.73790694e-02 2.35155371e-02 3.05797644e-02 3.85258270e-02 4.73075293e-02 5.69118589e-02 6.71692137e-02 7.80652451e-02 8.93657510e-02 1.00974358e-01 1.12695200e-01 1.24169176e-01 1.35186815e-01 1.45583414e-01 1.54908719e-01 1.62813469e-01 1.69029516e-01 1.73300883e-01 1.75477582e-01 1.75477582e-01 1.73300883e-01 1.69029516e-01 1.62813469e-01 1.54908719e-01 1.45583414e-01 1.35186815e-01 1.24169176e-01 1.12695200e-01 1.00974358e-01 8.93657510e-02 7.80652451e-02 6.71692137e-02 5.69118589e-02 4.73075293e-02 3.85258270e-02 3.05797644e-02 2.35155371e-02 1.73790694e-02 1.21887402e-02 7.92237626e-03 4.60931169e-03 2.21393789e-03 7.12901818e-04 5.02513539e-05 -4.47523479e-08 -2.43656670e-08 -1.34333644e-08 -7.85998777e-09 -5.19473026e-09 -4.03538775e-09 -3.61438246e-09 -3.52982349e-09 -3.58155933e-09 -3.67709896e-09 -3.78047393e-09 -3.88541693e-09 -4.00116995e-09 -4.14420143e-09 -4.33244240e-09 -4.58064142e-09 -4.89656637e-09 -5.27826305e-09 -5.71276876e-09 -6.17653151e-09 -6.63757993e-09 -7.05918834e-09 -7.40452161e-09 -7.64154939e-09 -7.74745834e-09 -7.71186071e-09 -7.53826002e-09 -7.24355897e-09 -6.85567247e-09 -6.40963049e-09 -5.94283089e-09 -5.49015644e-09 -5.07974213e-09 -4.73000983e-09 -4.44835996e-09 -4.23162527e-09 -4.06813061e-09 -3.94100769e-09 -3.83242105e-09 -3.72868847e-09 -3.62702790e-09 -3.54620211e-09 -3.54591589e-09 -3.76394227e-09 -4.48590759e-09 -6.27039887e-09 -1.01605815e-08 -1.80205879e-08 -3.30365492e-08 -6.04131142e-08 2.81881780e-04 1.35532919e-03 3.29754763e-03 6.15049822e-03 9.93760095e-03 1.46634965e-02 2.03360322e-02 2.69305646e-02 3.44271251e-02 4.28147733e-02 5.20142689e-02 6.19545890e-02 7.25459975e-02 8.36782690e-02 9.51246135e-02 1.06843375e-01 1.18478608e-01 1.29732301e-01 1.40500400e-01 1.50404125e-01 1.59061976e-01 1.66152324e-01 1.71421840e-01 1.74655471e-01 1.75752931e-01
1.78458718e-01 1.77347960e-01 1.74067120e-01 1.68734007e-01 1.61551706e-01 1.52783801e-01 1.42739789e-01 1.31786423e-01 1.20369505e-01 1.08586547e-01 9.67008957e-02 8.50672142e-02 7.37837380e-02 6.30080929e-02 5.29258762e-02 4.35730981e-02 3.50557858e-02 2.74349309e-02 2.07239233e-02 1.49510190e-02 1.01367873e-02 6.28108541e-03 3.37251204e-03 1.38679786e-03 2.88553807e-04 -7.23685326e-08 -3.92530385e-08 -2.11400396e-08 -1.16821047e-08 -7.00545821e-09 -4.85296481e-09 -3.96816063e-09 -3.68251230e-09 -3.65652375e-09 -3.72731801e-09 -3.82407089e-09 -3.92339622e-09 -4.02637312e-09 -4.14628387e-09 -4.30114988e-09 -4.50829007e-09 -4.77992412e-09 -5.11975728e-09 -5.52086371e-09 -5.96518979e-09 -6.42484904e-09 -6.86509860e-09 -7.24859150e-09 -7.54028345e-09 -7.71223085e-09 -7.74749953e-09 -7.64257863e-09 -7.40787776e-09 -7.06624265e-09 -6.64972932e-09 -6.19515794e-09 -5.73916381e-09 -5.31352484e-09 -4.94148544e-09 -4.63558264e-09 -4.39725789e-09 -4.21819296e-09 -4.08312617e-09 -3.97378341e-09 -3.87374044e-09 -3.77468112e-09 -3.68574332e-09 -3.65013708e-09 -3.77717274e-09 -4.30400238e-09 -5.70996284e-09 -8.91675617e-09 -1.56179943e-08 -2.87877010e-08 -5.34135052e-08 5.16248301e-05 7.29825603e-04 2.26464125e-03 4.71012692e-03 8.08846844e-03 1.24266776e-02 1.77091971e-02 2.39487621e-02 3.11360028e-02 3.92170510e-02 4.81459380e-02 5.78990928e-02 6.83219625e-02 7.93840432e-02 9.08318668e-02 1.02639864e-01 1.14514534e-01 1.26123993e-01 1.37344225e-01 1.47893963e-01 1.57347226e-01 1.65352568e-01 1.71649415e-01 1.75971141e-01 1.78179754e-01 1.78179754e-01 1.75971141e-01 1.71649415e-01 1.65352568e-01 1.57347226e-01 1.47893963e-01 1.37344225e-01 1.26123993e-01 1.14514534e-01 1.02639864e-01 9.08318668e-02 7.93840432e-02 6.83219625e-02 5.78990928e-02 4.81459380e-02 3.92170510e-02 3.11360028e-02 2.39487621e-02 1.77091971e-02 1.24266776e-02 8.08846844e-03 4.71012692e-03 2.26464125e-03 7.29825603e-04 5.16248301e-05 -5.34135053e-08 -2.87877008e-08 -1.56179944e-08 -8.91675606e-09 -5.70996295e-09 -4.30400215e-09 -3.77717280e-09 -3.65013708e-09 -3.68574304e-09 -3.77468096e-09 -3.87374033e-09 -3.97378314e-09 -4.08312628e-09 -4.21819313e-09 -4.39725784e-09 -4.63558270e-09 -4.94148533e-09 -5.31352495e-09 -5.73916381e-09 -6.19515794e-09 -6.64972932e-09 -7.06624281e-09 -7.40787764e-09 -7.64257846e-09 -7.74749975e-09 -7.71223074e-09 -7.54028362e-09 -7.24859123e-09 -6.86509882e-09 -6.42484888e-09 -5.96518945e-09 -5.52086371e-09 -5.11975728e-09 -4.77992407e-09 -4.50829019e-09 -4.30115016e-09 -4.14628376e-09 -4.02637312e-09 -3.92339600e-09 -3.82407106e-09 -3.72731795e-09 -3.65652403e-09 -3.68251241e-09 -3.96816063e-09 -4.85296497e-09 -7.00545816e-09 -1.16821047e-08 -2.11400396e-08 -3.92530384e-08 -7.23685329e-08 2.88553807e-04 1.38679786e-03 3.37251204e-03 6.28108541e-03 1.01367873e-02 1.49510190e-02 2.07239233e-02 2.74349309e-02 3.50557858e-02 4.35730981e-02 5.29258762e-02 6.30080929e-02 7.37837380e-02 8.50672142e-02 9.67008957e-02 1.08586547e-01 1.20369505e-01 1.31786423e-01 1.42739789e-01 1.52783801e-01 1.61551706e-01 1.68734007e-01 1.74067120e-01 1.77347960e-01 1.78458718e-01
1.81247045e-01 1.80124847e-01 1.76798443e-01 1.71396799e-01 1.64127692e-01 1.55245651e-01 1.45081006e-01 1.33961170e-01 1.22345717e-01 1.10413521e-01 9.83612809e-02 8.65241265e-02 7.50924815e-02 6.41317376e-02 5.38881441e-02 4.43675319e-02 3.57171356e-02 2.79598503e-02 2.11235530e-02 1.52497683e-02 1.03472811e-02 6.41561586e-03 3.44744709e-03 1.41903470e-03 2.96718490e-04 -8.66099895e-08 -4.66283722e-08 -2.48205743e-08 -1.34630266e-08 -7.85534915e-09 -5.26929311e-09 -4.19370105e-09 -3.82940624e-09 -3.77330545e-09 -3.83308374e-09 -3.92495381e-09 -4.02015049e-09 -4.11774248e-09 -4.23048829e-09 -4.37655928e-09 -4.57372629e-09 -4.83478335e-09 -5.16402310e-09 -5.55504698e-09 -5.99022965e-09 -6.44198894e-09 -6.87576884e-09 -7.25431037e-09 -7.54259144e-09 -7.71265363e-09 -7.74754655e-09 -7.64375485e-09 -7.41169903e-09 -7.07424436e-09 -6.66344818e-09 -6.21607854e-09 -5.76863723e-09 -5.35265732e-09 -4.99101527e-09 -4.69576811e-09 -4.46779286e-09 -4.29817981e-09 -4.17113644e-09 -4.06805589e-09 -3.97264022e-09 -3.87768789e-09 -3.79569121e-09 -3.77828596e-09 -3.95443961e-09 -4.60484956e-09 -6.30059638e-09 -1.01469834e-08 -1.81863138e-08 -3.40207718e-08 -6.37115413e-08 5.31468472e-05 7.47755547e-04 2.31775145e-03 4.81327507e-03 8.26083361e-03 1.26726141e-02 1.80609378e-02 2.44109591e-02 3.17116462e-02 3.99499796e-02 4.90287458e-02 5.89307708e-02 6.95398822e-02 8.07708292e-02 9.23955081e-02 1.04389079e-01 1.16417533e-01 1.28172415e-01 1.39606259e-01 1.50306715e-01 1.59875979e-01 1.67977323e-01 1.74349649e-01 1.78734034e-01 1.80965549e-01 1.80965549e-01 1.78734034e-01 1.74349649e-01 1.67977323e-01 1.59875979e-01 1.50306715e-01 1.39606259e-01 1.28172415e-01 1.16417533e-01 1.04389079e-01 9.23955081e-02 8.07708292e-02 6.95398822e-02 5.89307708e-02 4.90287458e-02 3.99499796e-02 3.17116462e-02 2.44109591e-02 1.80609378e-02 1.26726141e-02 8.26083361e-03 4.81327507e-03 2.31775145e-03 7.47755547e-04 5.31468472e-05 -6.37115409e-08 -3.40207719e-08 -1.81863136e-08 -1.01469835e-08 -6.30059654e-09 -4.60484961e-09 -3.95443966e-09 -3.77828580e-09 -3.79569115e-09 -3.87768784e-09 -3.97264033e-09 -4.06805623e-09 -4.17113655e-09 -4.29817976e-09 -4.46779269e-09 -4.69576816e-09 -4.99101493e-09 -5.35265743e-09 -5.76863707e-09 -6.21607854e-09 -6.66344807e-09 -7.07424430e-09 -7.41169925e-09 -7.64375463e-09 -7.74754655e-09 -7.71265379e-09 -7.54259138e-09 -7.25431049e-09 -6.87576901e-09 -6.44198894e-09 -5.99022948e-09 -5.55504698e-09 -5.16402299e-09 -4.83478335e-09 -4.57372606e-09 -4.37655928e-09 -4.23048829e-09 -4.11774226e-09 -4.02015032e-09 -3.92495397e-09 -3.83308385e-09 -3.77330550e-09 -3.82940601e-09 -4.19370111e-09 -5.26929333e-09 -7.85534893e-09 -1.34630268e-08 -2.48205743e-08 -4.66283722e-08 -8.66099895e-08 2.96718490e-04 1.41903470e-03 3.44744709e-03 6.41561586e-03 1.03472811e-02 1.52497683e-02 2.11235530e-02 2.79598503e-02 3.57171356e-02 4.43675319e-02 5.38881441e-02 6.41317376e-02 7.50924815e-02 8.65241265e-02 9.83612809e-02 1.10413521e-01 1.22345717e-01 1.33961170e-01 1.45081006e-01 1.55245651e-01 1.64127692e-01 1.71396799e-01 1.76798443e-01 1.80124847e-01 1.81247045e-01
1.84162803e-01 1.83003323e-01 1.79630752e-01 1.74163291e-01 1.66796956e-01 1.57808746e-01 1.47509167e-01 1.36242305e-01 1.24421126e-01 1.12333200e-01 1.00113322e-01 8.80577519e-02 7.64624118e-02 6.53197540e-02 5.48976595e-02 4.52067637e-02 3.64096848e-02 2.85022847e-02 2.15450704e-02 1.55600802e-02 1.05629825e-02 6.55210581e-03 3.52529962e-03 1.45495249e-03 3.04617541e-04 -1.03538630e-07 -5.53623791e-08 -2.91565529e-08 -1.55454066e-08 -8.83761714e-09 -5.74159631e-09 -4.44273285e-09 -3.98697669e-09 -3.89626498e-09 -3.94381999e-09 -4.03079403e-09 -4.12217910e-09 -4.21468688e-09 -4.32041214e-09 -4.45761927e-09 -4.64452582e-09 -4.89452118e-09 -5.21253002e-09 -5.59273539e-09 -6.01799588e-09 -6.46109621e-09 -6.88771901e-09 -7.26074012e-09 -7.54519319e-09 -7.71313075e-09 -7.74759956e-09 -7.64508135e-09 -7.41600137e-09 -7.08322534e-09 -6.67877864e-09 -6.23933955e-09 -5.80122556e-09 -5.39566908e-09 -5.04512043e-09 -4.76109785e-09 -4.54386201e-09 -4.38388004e-09 -4.26481866e-09 -4.16776813e-09 -4.07664291e-09 -3.98558087e-09 -3.91097543e-09 -3.91423305e-09 -4.14724843e-09 -4.94186558e-09 -6.97762276e-09 -1.15780805e-08 -2.12017988e-08 -4.02031525e-08 -7.59314255e-08 5.44513696e-05 7.67271600e-04 2.37335694e-03 4.91720120e-03 8.43550150e-03 1.29364417e-02 1.84274796e-02 2.48983999e-02 3.23271876e-02 4.07095382e-02 4.99587620e-02 6.00143963e-02 7.08244340e-02 8.22209646e-02 9.40461889e-02 1.06227509e-01 1.18406122e-01 1.30358212e-01 1.41965469e-01 1.52810608e-01 1.62494251e-01 1.70699708e-01 1.77145748e-01 1.81581687e-01 1.83871668e-01 1.83871668e-01 1.81581687e-01 1.77145748e-01 1.70699708e-01 1.62494251e-01 1.52810608e-01 1.41965469e-01 1.30358212e-01 1.18406122e-01 1.06227509e-01 9.40461889e-02 8.22209646e-02 7.08244340e-02 6.00143963e-02 4.99587620e-02 4.07095382e-02 3.23271876e-02 2.48983999e-02 1.84274796e-02 1.29364417e-02 8.43550150e-03 4.91720120e-03 2.37335694e-03 7.67271600e-04 5.44513696e-05 -7.59314255e-08 -4.02031522e-08 -2.12017988e-08 -1.15780806e-08 -6.97762292e-09 -4.94186586e-09 -4.14724854e-09 -3.91423316e-09 -3.91097543e-09 -3.98558103e-09 -4.07664302e-09 -4.16776791e-09 -4.26481872e-09 -4.38387998e-09 -4.54386212e-09 -4.76109785e-09 -5.04512054e-09 -5.39566891e-09 -5.80122561e-09 -6.23933955e-09 -6.67877864e-09 -7.08322534e-09 -7.41600148e-09 -7.64508140e-09 -7.74759967e-09 -7.71313091e-09 -7.54519319e-09 -7.26074018e-09 -6.88771917e-09 -6.46109644e-09 -6.01799593e-09 -5.59273550e-09 -5.21253002e-09 -4.89452123e-09 -4.64452593e-09 -4.45761944e-09 -4.32041214e-09 -4.21468688e-09 -4.12217938e-09 -4.03079381e-09 -3.94381994e-09 -3.89626464e-09 -3.98697675e-09 -4.44273301e-09 -5.74159631e-09 -8.83761708e-09 -1.55454068e-08 -2.91565531e-08 -5.53623791e-08 -1.03538630e-07 3.04617541e-04 1.45495249e-03 3.52529962e-03 6.55210581e-03 1.05629825e-02 1.55600802e-02 2.15450704e-02 2.85022847e-02 3.64096848e-02 4.52067637e-02 5.48976595e-02 6.53197540e-02 7.64624118e-02 8.80577519e-02 1.00113322e-01 1.12333200e-01 1.24421126e-01 1.36242305e-01 1.47509167e-01 1.57808746e-01 1.66796956e-01 1.74163291e-01 1.79630752e-01 1.83003323e-01 1.84162803e-01
1.87211907e-01 1.86034734e-01 1.82556394e-01 1.77022590e-01 1.69579031e-01 1.60474364e-01 1.50038575e-01 1.38622726e-01 1.26589399e-01 1.14335201e-01 1.01947530e-01 8.96826741e-02 7.78936895e-02 6.65648749e-02 5.59504328e-02 4.60925183e-02 3.71265767e-02 2.90696443e-02 2.19767689e-02 1.58777150e-02 1.07887037e-02 6.69646712e-03 3.60557206e-03 1.49075516e-03 3.12223223e-04 -1.23616112e-07 -6.56847423e-08 -3.42562133e-08 -1.79773581e-08 -9.97228988e-09 -6.27752811e-09 -4.71776851e-09 -4.15571327e-09 -4.02513239e-09 -4.05900308e-09 -4.14100360e-09 -4.22891866e-09 -4.31671160e-09 -4.41564785e-09 -4.54402038e-09 -4.72047229e-09 -4.95900587e-09 -5.26521177e-09 -5.63390701e-09 -6.04849704e-09 -6.48219156e-09 -6.90097141e-09 -7.26789567e-09 -7.54809604e-09 -7.71366460e-09 -7.74765896e-09 -7.64656261e-09 -7.42079675e-09 -7.09320264e-09 -6.69574279e-09 -6.26495822e-09 -5.83692733e-09 -5.44252227e-09 -5.10370501e-09 -4.83139817e-09 -4.62520244e-09 -4.47493348e-09 -4.36371855e-09 -4.27238439e-09 -4.18516583e-09 -4.09778972e-09 -4.03116329e-09 -4.05799416e-09 -4.35686037e-09 -5.31955507e-09 -7.75358300e-09 -1.32413718e-08 -2.47371659e-08 -4.74936210e-08 -9.04009353e-08 5.59291497e-05 7.86607210e-04 2.42826132e-03 5.02705982e-03 8.61400776e-03 1.32091655e-02 1.88066446e-02 2.53997945e-02 3.29730890e-02 4.14948060e-02 5.09324823e-02 6.11515060e-02 7.21652664e-02 8.37390980e-02 9.57820660e-02 1.08146599e-01 1.20489912e-01 1.32645811e-01 1.44431305e-01 1.55412141e-01 1.65220660e-01 1.73523045e-01 1.80039920e-01 1.84574725e-01 1.86917032e-01 1.86917032e-01 1.84574725e-01 1.80039920e-01 1.73523045e-01 1.65220660e-01 1.55412141e-01 1.44431305e-01 1.32645811e-01 1.20489912e-01 1.08146599e-01 9.57820660e-02 8.37390980e-02 7.21652664e-02 6.11515060e-02 5.09324823e-02 4.14948060e-02 3.29730890e-02 2.53997945e-02 1.88066446e-02 1.32091655e-02 8.61400776e-03 5.02705982e-03 2.42826132e-03 7.86607210e-04 5.59291497e-05 -9.04009354e-08 -4.74936207e-08 -2.47371658e-08 -1.32413721e-08 -7.75358289e-09 -5.31955519e-09 -4.35686043e-09 -4.05799405e-09 -4.03116329e-09 -4.09778972e-09 -4.18516588e-09 -4.27238472e-09 -4.36371872e-09 -4.47493337e-09 -4.62520244e-09 -4.83139817e-09 -5.10370501e-09 -5.44252210e-09 -5.83692739e-09 -6.26495816e-09 -6.69574279e-09 -7.09320247e-09 -7.42079687e-09 -7.64656255e-09 -7.74765868e-09 -7.71366443e-09 -7.54809620e-09 -7.26789584e-09 -6.90097118e-09 -6.48219139e-09 -6.04849709e-09 -5.63390679e-09 -5.26521182e-09 -4.95900565e-09 -4.72047224e-09 -4.54402049e-09 -4.41564801e-09 -4.31671138e-09 -4.22891866e-09 -4.14100365e-09 -4.05900313e-09 -4.02513256e-09 -4.15571355e-09 -4.71776845e-09 -6.27752794e-09 -9.97228988e-09 -1.79773582e-08 -3.42562131e-08 -6.56847424e-08 -1.23616111e-07 3.12223223e-04 1.49075516e-03 3.60557206e-03 6.69646712e-03 1.07887037e-02 1.58777150e-02 2.19767689e-02 2.90696443e-02 3.71265767e-02 4.60925183e-02 5.59504328e-02 6.65648749e-02 7.78936895e-02 8.96826741e-02 1.01947530e-01 1.14335201e-01 1.26589399e-01 1.38622726e-01 1.50038575e-01 1.60474364e-01 1.69579031e-01 1.77022590e-01 1.82556394e-01 1.86034734e-01 1.87211907e-01
1.90381119e-01 1.89184953e-01 1.85647923e-01 1.79983023e-01 1.72462526e-01 1.63248616e-01 1.52674225e-01 1.41096152e-01 1.28875120e-01 1.16426211e-01 1.03853546e-01 9.13923292e-02 7.93787995e-02 6.78661101e-02 5.70403161e-02 4.70146951e-02 3.78685411e-02 2.96497766e-02 2.24265935e-02 1.62074637e-02 1.10200193e-02 6.84612494e-03 3.69072507e-03 1.52575897e-03 3.19910027e-04 -1.47371398e-07 -7.78583620e-08 -4.02432097e-08 -2.08137123e-08 -1.12821313e-08 -6.88578744e-09 -5.02169495e-09 -4.33622876e-09 -4.15967161e-09 -4.17809504e-09 -4.25495872e-09 -4.33975211e-09 -4.42325376e-09 -4.51571791e-09 -4.63537830e-09 -4.80128015e-09 -5.02804132e-09 -5.32194561e-09 -5.67849784e-09 -6.08170703e-09 -6.50527021e-09 -6.91553015e-09 -7.27578348e-09 -7.55130408e-09 -7.71425518e-09 -7.74772463e-09 -7.64820191e-09 -7.42609041e-09 -7.10418463e-09 -6.71434297e-09 -6.29292102e-09 -5.87569893e-09 -5.49312595e-09 -5.16661197e-09 -4.90642943e-09 -4.71148059e-09 -4.57090887e-09 -4.46731629e-09 -4.38131431e-09 -4.29758046e-09 -4.21371538e-09 -4.15582646e-09 -4.20965268e-09 -4.58475713e-09 -5.74306169e-09 -8.64272676e-09 -1.51724971e-08 -2.88753950e-08 -5.60737648e-08 -1.07495493e-07 5.73779677e-05 8.05735194e-04 2.48449209e-03 5.14321106e-03 8.79935160e-03 1.34931552e-02 1.91985503e-02 2.59188897e-02 3.36422840e-02 4.23198129e-02 5.19403837e-02 6.23508913e-02 7.35599045e-02 8.53153168e-02 9.75906477e-02 1.10140208e-01 1.22664246e-01 1.35035259e-01 1.46992325e-01 1.58116768e-01 1.68047357e-01 1.76445630e-01 1.83048998e-01 1.87700490e-01 1.90081655e-01 1.90081655e-01 1.87700490e-01 1.83048998e-01 1.76445630e-01 1.68047357e-01 1.58116768e-01 1.46992325e-01 1.35035259e-01 1.22664246e-01 1.10140208e-01 9.75906477e-02 8.53153168e-02 7.35599045e-02 6.23508913e-02 5.19403837e-02 4.23198129e-02 3.36422840e-02 2.59188897e-02 1.91985503e-02 1.34931552e-02 8.79935160e-03 5.14321106e-03 2.48449209e-03 8.05735194e-04 5.73779677e-05 -1.07495493e-07 -5.60737651e-08 -2.88753951e-08 -1.51724970e-08 -8.64272715e-09 -5.74306180e-09 -4.58475719e-09 -4.20965268e-09 -4.15582657e-09 -4.21371515e-09 -4.29758062e-09 -4.38131431e-09 -4.46731641e-09 -4.57090887e-09 -4.71148065e-09 -4.90642965e-09 -5.16661181e-09 -5.49312607e-09 -5.87569893e-09 -6.29292118e-09 -6.71434336e-09 -7.10418468e-09 -7.42609041e-09 -7.64820191e-09 -7.74772441e-09 -7.71425518e-09 -7.55130386e-09 -7.27578353e-09 -6.91553015e-09 -6.50527010e-09 -6.08170703e-09 -5.67849812e-09 -5.32194577e-09 -5.02804132e-09 -4.80128037e-09 -4.63537853e-09 -4.51571791e-09 -4.42325360e-09 -4.33975211e-09 -4.25495866e-09 -4.17809498e-09 -4.15967150e-09 -4.33622865e-09 -5.02169495e-09 -6.88578738e-09 -1.12821315e-08 -2.08137125e-08 -4.02432097e-08 -7.78583619e-08 -1.47371398e-07 3.19910027e-04 1.52575897e-03 3.69072507e-03 6.84612494e-03 1.10200193e-02 1.62074637e-02 2.24265935e-02 2.96497766e-02 3.78685411e-02 4.70146951e-02 5.70403161e-02 6.78661101e-02 7.93787995e-02 9.13923292e-02 1.03853546e-01 1.16426211e-01 1.28875120e-01 1.41096152e-01 1.52674225e-01 1.63248616e-01 1.72462526e-01 1.79983023e-01 1.85647923e-01 1.89184953e-01 1.90381119e-01
1.93658186e-01 1.92443725e-01 1.88853653e-01 1.83052999e-01 1.75434228e-01 1.66119675e-01 1.55415084e-01 1.43665123e-01 1.31258873e-01 1.18601477e-01 1.05830252e-01 9.31668270e-02 8.09182676e-02 6.92142012e-02 5.81668083e-02 4.79693273e-02 3.86336414e-02 3.02598752e-02 2.28945040e-02 1.65544174e-02 1.12539746e-02 6.99886507e-03 3.77592324e-03 1.56198385e-03 3.28813908e-04 -1.75407960e-07 -9.21829293e-08 -4.72582628e-08 -2.41167084e-08 -1.27929147e-08 -7.57621876e-09 -5.35780947e-09 -4.52927218e-09 -4.29968294e-09 -4.30055475e-09 -4.37200942e-09 -4.45402032e-09 -4.53369731e-09 -4.62007732e-09 -4.73124406e-09 -4.88659707e-09 -5.10136577e-09 -5.38255596e-09 -5.72639719e-09 -6.11756229e-09 -6.53030235e-09 -6.93138313e-09 -7.28440097e-09 -7.55481577e-09 -7.71490172e-09 -7.74779635e-09 -7.64999691e-09 -7.43187928e-09 -7.11616233e-09 -6.73455858e-09 -6.32318142e-09 -5.91745475e-09 -5.54733626e-09 -5.23362320e-09 -4.98588620e-09 -4.80229356e-09 -4.67130906e-09 -4.57502614e-09 -4.49391230e-09 -4.41322401e-09 -4.33274761e-09 -4.28455194e-09 -4.36936820e-09 -4.83265705e-09 -6.21821161e-09 -9.66117064e-09 -1.74118674e-08 -3.37107998e-08 -6.61504290e-08 -1.27643270e-07 5.90691982e-05 8.25217273e-04 2.54411679e-03 5.25969682e-03 8.99483379e-03 1.37802611e-02 1.95954840e-02 2.64525246e-02 3.43316654e-02 4.31798804e-02 5.29804363e-02 6.35965926e-02 7.50016618e-02 8.69682022e-02 9.94660062e-02 1.12216620e-01 1.24922248e-01 1.37516804e-01 1.49650959e-01 1.60923746e-01 1.70970639e-01 1.79471996e-01 1.86209180e-01 1.90940416e-01 1.93353094e-01 1.93353094e-01 1.90940416e-01 1.86209180e-01 1.79471996e-01 1.70970639e-01 1.60923746e-01 1.49650959e-01 1.37516804e-01 1.24922248e-01 1.12216620e-01 9.94660062e-02 8.69682022e-02 7.50016618e-02 6.35965926e-02 5.29804363e-02 4.31798804e-02 3.43316654e-02 2.64525246e-02 1.95954840e-02 1.37802611e-02 8.99483379e-03 5.25969682e-03 2.54411679e-03 8.25217273e-04 5.90691982e-05 -1.27643269e-07 -6.61504290e-08 -3.37107996e-08 -1.74118677e-08 -9.66117047e-09 -6.21821133e-09 -4.83265666e-09 -4.36936831e-09 -4.28455221e-09 -4.33274766e-09 -4.41322423e-09 -4.49391230e-09 -4.57502591e-09 -4.67130917e-09 -4.80229334e-09 -4.98588637e-09 -5.23362320e-09 -5.54733631e-09 -5.91745475e-09 -6.32318159e-09 -6.73455836e-09 -7.11616233e-09 -7.43187956e-09 -7.64999686e-09 -7.74779652e-09 -7.71490194e-09 -7.55481600e-09 -7.28440114e-09 -6.93138302e-09 -6.53030235e-09 -6.11756229e-09 -5.72639702e-09 -5.38255601e-09 -5.10136600e-09 -4.88659707e-09 -4.73124417e-09 -4.62007749e-09 -4.53369731e-09 -4.45402037e-09 -4.37200948e-09 -4.30055458e-09 -4.29968328e-09 -4.52927212e-09 -5.35780947e-09 -7.57621882e-09 -1.27929147e-08 -2.41167084e-08 -4.72582628e-08 -9.21829292e-08 -1.75407960e-07 3.28813908e-04 1.56198385e-03 3.77592324e-03 6.99886507e-03 1.12539746e-02 1.65544174e-02 2.28945040e-02 3.02598752e-02 3.86336414e-02 4.79693273e-02 5.81668083e-02 6.92142012e-02 8.09182676e-02 9.31668270e-02 1.05830252e-01 1.18601477e-01 1.31258873e-01 1.43665123e-01 1.55415084e-01 1.66119675e-01 1.75434228e-01 1.83052999e-01 1.88853653e-01 1.92443725e-01 1.93658186e-01
1.97053523e-01 1.95813081e-01 1.92169767e-01 1.86265571e-01 1.78495769e-01 1.69073287e-01 1.58239257e-01 1.46335980e-01 1.33730054e-01 1.20842806e-01 1.07876949e-01 9.50014341e-02 8.25070956e-02 7.06027282e-02 5.93402719e-02 4.89452826e-02 3.94165450e-02 3.08896791e-02 2.33770281e-02 1.69066795e-02 1.15002385e-02 7.15310492e-03 3.86113411e-03 1.60077094e-03 3.37405475e-04 -2.08411210e-07 -1.08998656e-07 -5.54608850e-08 -2.79567334e-08 -1.45337052e-08 -8.35991049e-09 -5.72985254e-09 -4.73574974e-09 -4.44502379e-09 -4.42585318e-09 -4.49149384e-09 -4.57103277e-09 -4.64738076e-09 -4.72812856e-09 -4.83110218e-09 -4.97600511e-09 -5.17866083e-09 -5.44680956e-09 -5.77744730e-09 -6.15596496e-09 -6.55723126e-09 -6.94850238e-09 -7.29373401e-09 -7.55862822e-09 -7.71560582e-09 -7.74787490e-09 -7.65194719e-09 -7.43815809e-09 -7.12911763e-09 -6.75634876e-09 -6.35566683e-09 -5.96207095e-09 -5.60496138e-09 -5.30446448e-09 -5.06940101e-09 -4.89717672e-09 -4.77557383e-09 -4.68621497e-09 -4.60949595e-09 -4.53140997e-09 -4.45426868e-09 -4.41695369e-09 -4.53738946e-09 -5.10254461e-09 -6.75158274e-09 -1.08270696e-08 -2.00051124e-08 -3.93501746e-08 -7.79582813e-08 -1.51330513e-07 6.04748307e-05 8.46770862e-04 2.60507596e-03 5.37817702e-03 9.19533701e-03 1.40701344e-02 2.00022612e-02 2.69987564e-02 3.50396189e-02 4.40656306e-02 5.40460340e-02 6.48868127e-02 7.64890506e-02 8.86908274e-02 1.01407756e-01 1.14364722e-01 1.27279832e-01 1.40093433e-01 1.52408157e-01 1.63816267e-01 1.73981008e-01 1.82585173e-01 1.89482340e-01 1.94285164e-01 1.96742771e-01 1.96742771e-01 1.94285164e-01 1.89482340e-01 1.82585173e-01 1.73981008e-01 1.63816267e-01 1.52408157e-01 1.40093433e-01 1.27279832e-01 1.14364722e-01 1.01407756e-01 8.86908274e-02 7.64890506e-02 6.48868127e-02 5.40460340e-02 4.40656306e-02 3.50396189e-02 2.69987564e-02 2.00022612e-02 1.40701344e-02 9.19533701e-03 5.37817702e-03 2.60507596e-03 8.46770862e-04 6.04748307e-05 -1.51330513e-07 -7.79582814e-08 -3.93501745e-08 -2.00051123e-08 -1.08270697e-08 -6.75158263e-09 -5.10254461e-09 -4.53738924e-09 -4.41695369e-09 -4.45426884e-09 -4.53140986e-09 -4.60949601e-09 -4.68621475e-09 -4.77557383e-09 -4.89717655e-09 -5.06940107e-09 -5.30446448e-09 -5.60496161e-09 -5.96207095e-09 -6.35566699e-09 -6.75634892e-09 -7.12911763e-09 -7.43815820e-09 -7.65194719e-09 -7.74787490e-09 -7.71560565e-09 -7.55862822e-09 -7.29373395e-09 -6.94850238e-09 -6.55723126e-09 -6.15596479e-09 -5.77744719e-09 -5.44680934e-09 -5.17866061e-09 -4.97600494e-09 -4.83110235e-09 -4.72812883e-09 -4.64738104e-09 -4.57103327e-09 -4.49149418e-09 -4.42585313e-09 -4.44502390e-09 -4.73574979e-09 -5.72985281e-09 -8.35991065e-09 -1.45337052e-08 -2.79567333e-08 -5.54608849e-08 -1.08998655e-07 -2.08411210e-07 3.37405475e-04 1.60077094e-03 3.86113411e-03 7.15310492e-03 1.15002385e-02 1.69066795e-02 2.33770281e-02 3.08896791e-02 3.94165450e-02 4.89452826e-02 5.93402719e-02 7.06027282e-02 8.25070956e-02 9.50014341e-02 1.07876949e-01 1.20842806e-01 1.33730054e-01 1.46335980e-01 1.58239257e-01 1.69073287e-01 1.78495769e-01 1.86265571e-01 1.92169767e-01 1.95813081e-01 1.97053523e-01
2.00543007e-01 1.99288187e-01 1.95588883e-01 1.89599351e-01 1.81653870e-01 1.72114537e-01 1.61149214e-01 1.49084211e-01 1.36284325e-01 1.23142342e-01 1.09987561e-01 9.68898034e-02 8.41487509e-02 7.20250468e-02 6.05570353e-02 4.99398593e-02 4.02276843e-02 3.15347733e-02 2.38687750e-02 1.72640290e-02 1.17484574e-02 7.30842531e-03 3.94841779e-03 1.63978184e-03 3.45384221e-04 -2.47156306e-07 -1.28690197e-07 -6.50311902e-08 -3.24130853e-08 -1.65371563e-08 -9.24929655e-09 -6.14204643e-09 -4.95673264e-09 -4.59560351e-09 -4.55348104e-09 -4.61274807e-09 -4.69008066e-09 -4.76360718e-09 -4.83922868e-09 -4.93438956e-09 -5.06903058e-09 -5.25954913e-09 -5.51442325e-09 -5.83144666e-09 -6.19677964e-09 -6.58597366e-09 -6.96684088e-09 -7.30376110e-09 -7.56273311e-09 -7.71636333e-09 -7.74795889e-09 -7.65404928e-09 -7.44491135e-09 -7.14301779e-09 -6.77965123e-09 -6.39026987e-09 -6.00937983e-09 -5.66576008e-09 -5.37880818e-09 -5.15654924e-09 -4.99560754e-09 -4.88309781e-09 -4.80021051e-09 -4.72736139e-09 -4.65144673e-09 -4.57767646e-09 -4.55268190e-09 -4.71406786e-09 -5.39668632e-09 -7.35055972e-09 -1.21608003e-08 -2.30035687e-08 -4.59139908e-08 -9.17625103e-08 -1.79107141e-07 6.20073137e-05 8.67390213e-04 2.66519797e-03 5.49527272e-03 9.39471957e-03 1.43660450e-02 2.04238818e-02 2.75564861e-02 3.57607106e-02 4.49736608e-02 5.51341539e-02 6.62076597e-02 7.80189872e-02 9.04616896e-02 1.03407032e-01 1.16571425e-01 1.29717328e-01 1.42753801e-01 1.55240427e-01 1.66792869e-01 1.77077565e-01 1.85842809e-01 1.92870283e-01 1.97733557e-01 2.00228843e-01 2.00228843e-01 1.97733557e-01 1.92870283e-01 1.85842809e-01 1.77077565e-01 1.66792869e-01 1.55240427e-01 1.42753801e-01 1.29717328e-01 1.16571425e-01 1.03407032e-01 9.04616896e-02 7.80189872e-02 6.62076597e-02 5.51341539e-02 4.49736608e-02 3.57607106e-02 2.75564861e-02 2.04238818e-02 1.43660450e-02 9.39471957e-03 5.49527272e-03 2.66519797e-03 8.67390213e-04 6.20073137e-05 -1.79107141e-07 -9.17625104e-08 -4.59139911e-08 -2.30035683e-08 -1.21608004e-08 -7.35055972e-09 -5.39668632e-09 -4.71406791e-09 -4.55268212e-09 -4.57767679e-09 -4.65144678e-09 -4.72736161e-09 -4.80021045e-09 -4.88309793e-09 -4.99560765e-09 -5.15654924e-09 -5.37880818e-09 -5.66576008e-09 -6.00937977e-09 -6.39026998e-09 -6.77965123e-09 -7.14301790e-09 -7.44491158e-09 -7.65404906e-09 -7.74795894e-09 -7.71636333e-09 -7.56273300e-09 -7.30376093e-09 -6.96684088e-09 -6.58597388e-09 -6.19677970e-09 -5.83144666e-09 -5.51442303e-09 -5.25954919e-09 -5.06903058e-09 -4.93438945e-09 -4.83922852e-09 -4.76360718e-09 -4.69008082e-09 -4.61274829e-09 -4.55348115e-09 -4.59560351e-09 -4.95673258e-09 -6.14204632e-09 -9.24929688e-09 -1.65371564e-08 -3.24130853e-08 -6.50311902e-08 -1.28690197e-07 -2.47156306e-07 3.45384221e-04 1.63978184e-03 3.94841779e-03 7.30842531e-03 1.17484574e-02 1.72640290e-02 2.38687750e-02 3.15347733e-02 4.02276843e-02 4.99398593e-02 6.05570353e-02 7.20250468e-02 8.41487509e-02 9.68898034e-02 1.09987561e-01 1.23142342e-01 1.36284325e-01 1.49084211e-01 1.61149214e-01 1.72114537e-01 1.81653870e-01 1.89599351e-01 1.95588883e-01 1.99288187e-01 2.00543007e-01
2.04100651e-01 2.02833579e-01 1.99085285e-01 1.93022556e-01 1.84927515e-01 1.75246143e-01 1.64125418e-01 1.51898690e-01 1.38913506e-01 1.25513922e-01 1.12140159e-01 9.88245210e-02 8.58339310e-02 7.34775566e-02 6.17863494e-02 5.09536004e-02 4.10560228e-02 3.21854810e-02 2.43630466e-02 1.76247903e-02 1.19987740e-02 7.46954275e-03 4.03867976e-03 1.67699025e-03 3.53743771e-04 -2.92516098e-07 -1.51690711e-07 -7.61718101e-08 -3.75747933e-08 -1.88398277e-08 -1.02582679e-08 -6.59912397e-09 -5.19347898e-09 -4.75141232e-09 -4.68296274e-09 -4.73512157e-09 -4.81045165e-09 -4.88166219e-09 -4.95269992e-09 -5.04049524e-09 -5.16515475e-09 -5.34360656e-09 -5.58506802e-09 -5.88815308e-09 -6.23984120e-09 -6.61642319e-09 -6.98633651e-09 -7.31444949e-09 -7.56711699e-09 -7.71717457e-09 -7.74804915e-09 -7.65629515e-09 -7.45211748e-09 -7.15781601e-09 -6.80438195e-09 -6.42685344e-09 -6.05917799e-09 -5.72944997e-09 -5.45627676e-09 -5.24685773e-09 -5.09702341e-09 -4.99323605e-09 -4.91630986e-09 -4.84678281e-09 -4.77263778e-09 -4.70238443e-09 -4.69143802e-09 -4.89986507e-09 -5.71765157e-09 -8.02339500e-09 -1.36851424e-08 -2.64647957e-08 -5.35376488e-08 -1.07861636e-07 -2.11592462e-07 6.36643658e-05 8.87902500e-04 2.72486712e-03 5.61720092e-03 9.59285668e-03 1.46724780e-02 2.08537152e-02 2.81273982e-02 3.64852028e-02 4.58909194e-02 5.62512206e-02 6.75471173e-02 7.95790062e-02 9.22724432e-02 1.05453492e-01 1.18823837e-01 1.32229901e-01 1.45485866e-01 1.58140461e-01 1.69845051e-01 1.80269703e-01 1.89209467e-01 1.96328504e-01 2.01261083e-01 2.03783418e-01 2.03783418e-01 2.01261083e-01 1.96328504e-01 1.89209467e-01 1.80269703e-01 1.69845051e-01 1.58140461e-01 1.45485866e-01 1.32229901e-01 1.18823837e-01 1.05453492e-01 9.22724432e-02 7.95790062e-02 6.75471173e-02 5.62512206e-02 4.58909194e-02 3.64852028e-02 2.81273982e-02 2.08537152e-02 1.46724780e-02 9.59285668e-03 5.61720092e-03 2.72486712e-03 8.87902500e-04 6.36643658e-05 -2.11592462e-07 -1.07861636e-07 -5.35376488e-08 -2.64647956e-08 -1.36851423e-08 -8.02339500e-09 -5.71765152e-09 -4.89986490e-09 -4.69143813e-09 -4.70238426e-09 -4.77263790e-09 -4.84678286e-09 -4.91631025e-09 -4.99323599e-09 -5.09702347e-09 -5.24685756e-09 -5.45627699e-09 -5.72944997e-09 -6.05917794e-09 -6.42685349e-09 -6.80438200e-09 -7.15781612e-09 -7.45211753e-09 -7.65629510e-09 -7.74804920e-09 -7.71717468e-09 -7.56711682e-09 -7.31444949e-09 -6.98633640e-09 -6.61642308e-09 -6.23984137e-09 -5.88815313e-09 -5.58506807e-09 -5.34360639e-09 -5.16515475e-09 -5.04049547e-09 -4.95269997e-09 -4.88166213e-09 -4.81045148e-09 -4.73512152e-09 -4.68296257e-09 -4.75141226e-09 -5.19347898e-09 -6.59912391e-09 -1.02582680e-08 -1.88398276e-08 -3.75747932e-08 -7.61718100e-08 -1.51690711e-07 -2.92516098e-07 3.53743771e-04 1.67699025e-03 4.03867976e-03 7.46954275e-03 1.19987740e-02 1.76247903e-02 2.43630466e-02 3.21854810e-02 4.10560228e-02 5.09536004e-02 6.17863494e-02 7.34775566e-02 8.58339310e-02 9.88245210e-02 1.12140159e-01 1.25513922e-01 1.38913506e-01 1.51898690e-01 1.64125418e-01 1.75246143e-01 1.84927515e-01 1.93022556e-01 1.99085285e-01 2.02833579e-01 2.04100651e-01
2.07726587e-01 2.06443154e-01 2.02651901e-01 1.96522720e-01 1.88299078e-01 1.78447289e-01 1.67173257e-01 1.54766598e-01 1.41585871e-01 1.27962630e-01 1.14322169e-01 1.00790536e-01 8.75509256e-02 7.49425091e-02 6.30290186e-02 5.19767351e-02 4.18901079e-02 3.28393420e-02 2.48555003e-02 1.79859940e-02 1.22489702e-02 7.62984030e-03 4.12881453e-03 1.71470703e-03 3.62975359e-04 -3.45469283e-07 -1.78486066e-07 -8.91098588e-08 -4.35414581e-08 -2.14825059e-08 -1.14022869e-08 -7.10636955e-09 -5.44743761e-09 -4.91251506e-09 -4.81386342e-09 -4.85798113e-09 -4.93143670e-09 -5.00082220e-09 -5.06784564e-09 -5.14878062e-09 -5.26381716e-09 -5.43036771e-09 -5.65837238e-09 -5.94728833e-09 -6.28494884e-09 -6.64844546e-09 -7.00690828e-09 -7.32576000e-09 -7.57176505e-09 -7.71803516e-09 -7.74814479e-09 -7.65867758e-09 -7.45975182e-09 -7.17345461e-09 -6.83043822e-09 -6.46525544e-09 -6.11123019e-09 -5.79570619e-09 -5.53645318e-09 -5.33981331e-09 -5.20081966e-09 -5.10531473e-09 -5.03380115e-09 -4.96704144e-09 -4.89430768e-09 -4.82783796e-09 -4.83297669e-09 -5.09536546e-09 -6.06833528e-09 -8.77927725e-09 -1.54254712e-08 -3.04531048e-08 -6.23727939e-08 -1.26590426e-07 -2.49481118e-07 6.52895620e-05 9.08309980e-04 2.78664348e-03 5.74177422e-03 9.79207078e-03 1.49801147e-02 2.12843131e-02 2.87024029e-02 3.72223660e-02 4.68221696e-02 5.73849202e-02 6.89058779e-02 8.11562651e-02 9.41132713e-02 1.07527509e-01 1.21116876e-01 1.34799131e-01 1.48264061e-01 1.61093070e-01 1.72970800e-01 1.83527522e-01 1.92648649e-01 1.99859828e-01 2.04852840e-01 2.07404689e-01 2.07404689e-01 2.04852840e-01 1.99859828e-01 1.92648649e-01 1.83527522e-01 1.72970800e-01 1.61093070e-01 1.48264061e-01 1.34799131e-01 1.21116876e-01 1.07527509e-01 9.41132713e-02 8.11562651e-02 6.89058779e-02 5.73849202e-02 4.68221696e-02 3.72223660e-02 2.87024029e-02 2.12843131e-02 1.49801147e-02 9.79207078e-03 5.74177422e-03 2.78664348e-03 9.08309980e-04 6.52895620e-05 -2.49481118e-07 -1.26590426e-07 -6.23727940e-08 -3.04531045e-08 -1.54254711e-08 -8.77927764e-09 -6.06833528e-09 -5.09536563e-09 -4.83297663e-09 -4.82783818e-09 -4.89430751e-09 -4.96704122e-09 -5.03380104e-09 -5.10531495e-09 -5.20081966e-09 -5.33981315e-09 -5.53645307e-09 -5.79570592e-09 -6.11123041e-09 -6.46525516e-09 -6.83043822e-09 -7.17345466e-09 -7.45975182e-09 -7.65867753e-09 -7.74814479e-09 -7.71803499e-09 -7.57176488e-09 -7.32576000e-09 -7.00690850e-09 -6.64844546e-09 -6.28494867e-09 -5.94728827e-09 -5.65837255e-09 -5.43036777e-09 -5.26381716e-09 -5.14878079e-09 -5.06784581e-09 -5.00082209e-09 -4.93143654e-09 -4.85798135e-09 -4.81386359e-09 -4.91251495e-09 -5.44743783e-09 -7.10636971e-09 -1.14022869e-08 -2.14825061e-08 -4.35414582e-08 -8.91098589e-08 -1.78486066e-07 -3.45469283e-07 3.62975359e-04 1.71470703e-03 4.12881453e-03 7.62984030e-03 1.22489702e-02 1.79859940e-02 2.48555003e-02 3.28393420e-02 4.18901079e-02 5.19767351e-02 6.30290186e-02 7.49425091e-02 8.75509256e-02 1.00790536e-01 1.14322169e-01 1.27962630e-01 1.41585871e-01 1.54766598e-01 1.67173257e-01 1.78447289e-01 1.88299078e-01 1.96522720e-01 2.02651901e-01 2.06443154e-01 2.07726587e-01
2.11433056e-01 2.10132835e-01 2.06289883e-01 2.00076026e-01 1.91737808e-01 1.81685630e-01 1.70283674e-01 1.57686612e-01 1.44296878e-01 1.30457624e-01 1.16531096e-01 1.02770216e-01 8.92883495e-02 7.64074183e-02 6.42838403e-02 5.29932287e-02 4.27257013e-02 3.34896145e-02 2.53443233e-02 1.83465192e-02 1.24961675e-02 7.78839499e-03 4.21580922e-03 1.75417692e-03 3.71508719e-04 -4.07108675e-07 -2.09619164e-07 -1.04099014e-07 -5.04241551e-08 -2.45105568e-08 -1.26984989e-08 -7.66965463e-09 -5.72026460e-09 -5.07906822e-09 -4.94579955e-09 -4.98073582e-09 -5.05235048e-09 -5.12036802e-09 -5.18395898e-09 -5.25858812e-09 -5.36442984e-09 -5.51933305e-09 -5.73393527e-09 -6.00854300e-09 -6.33188046e-09 -6.68189304e-09 -7.02846553e-09 -7.33764183e-09 -7.57665736e-09 -7.71894154e-09 -7.74824616e-09 -7.66118724e-09 -7.46778012e-09 -7.18986448e-09 -6.85769946e-09 -6.50528942e-09 -6.16526963e-09 -5.86417120e-09 -5.61888658e-09 -5.43487011e-09 -5.30637179e-09 -5.21864812e-09 -5.15196497e-09 -5.08742998e-09 -5.01580533e-09 -4.95352692e-09 -4.97711888e-09 -5.30128591e-09 -6.45197495e-09 -9.62839058e-09 -1.74099749e-08 -3.50401268e-08 -7.25887035e-08 -1.48322923e-07 -2.93549122e-07 6.67455458e-05 9.30063224e-04 2.84910576e-03 5.86348631e-03 9.99784800e-03 1.52871594e-02 2.17118780e-02 2.92771837e-02 3.79629372e-02 4.77492588e-02 5.85270101e-02 7.02651875e-02 8.27568950e-02 9.59726592e-02 1.09623703e-01 1.23464088e-01 1.37410565e-01 1.51080255e-01 1.64115236e-01 1.76146781e-01 1.86880633e-01 1.96148437e-01 2.03463615e-01 2.08517398e-01 2.11106974e-01 2.11106974e-01 2.08517398e-01 2.03463615e-01 1.96148437e-01 1.86880633e-01 1.76146781e-01 1.64115236e-01 1.51080255e-01 1.37410565e-01 1.23464088e-01 1.09623703e-01 9.59726592e-02 8.27568950e-02 7.02651875e-02 5.85270101e-02 4.77492588e-02 3.79629372e-02 2.92771837e-02 2.17118780e-02 1.52871594e-02 9.99784800e-03 5.86348631e-03 2.84910576e-03 9.30063224e-04 6.67455458e-05 -2.93549122e-07 -1.48322923e-07 -7.25887035e-08 -3.50401267e-08 -1.74099749e-08 -9.62839058e-09 -6.45197495e-09 -5.30128630e-09 -4.97711888e-09 -4.95352692e-09 -5.01580538e-09 -5.08743014e-09 -5.15196535e-09 -5.21864829e-09 -5.30637173e-09 -5.43487022e-09 -5.61888647e-09 -5.86417126e-09 -6.16526963e-09 -6.50528920e-09 -6.85769941e-09 -7.18986459e-09 -7.46777995e-09 -7.66118730e-09 -7.74824616e-09 -7.71894154e-09 -7.57665708e-09 -7.33764172e-09 -7.02846542e-09 -6.68189309e-09 -6.33188046e-09 -6.00854322e-09 -5.73393544e-09 -5.51933299e-09 -5.36442990e-09 -5.25858823e-09 -5.18395887e-09 -5.12036802e-09 -5.05235054e-09 -4.98073605e-09 -4.94579955e-09 -5.07906806e-09 -5.72026448e-09 -7.66965430e-09 -1.26984990e-08 -2.45105568e-08 -5.04241550e-08 -1.04099014e-07 -2.09619165e-07 -4.07108675e-07 3.71508719e-04 1.75417692e-03 4.21580922e-03 7.78839499e-03 1.24961675e-02 1.83465192e-02 2.53443233e-02 3.34896145e-02 4.27257013e-02 5.29932287e-02 6.42838403e-02 7.64074183e-02 8.92883495e-02 1.02770216e-01 1.16531096e-01 1.30457624e-01 1.44296878e-01 1.57686612e-01 1.70283674e-01 1.81685630e-01 1.91737808e-01 2.00076026e-01 2.06289883e-01 2.10132835e-01 2.11433056e-01
2.15205693e-01 2.13886770e-01 2.09989866e-01 2.03688536e-01 1.95224181e-01 1.84984515e-01 1.73420983e-01 1.60651288e-01 1.47038223e-01 1.32963705e-01 1.18758704e-01 1.04749174e-01 9.10373133e-02 7.78763345e-02 6.55348652e-02 5.40260047e-02 4.35547387e-02 3.41245591e-02 2.58401379e-02 1.87081630e-02 1.27471800e-02 7.94634751e-03 4.30304229e-03 1.79339323e-03 3.79513720e-04 -4.78649650e-07 -2.45694440e-07 -1.21421673e-07 -5.83463690e-08 -2.79742886e-08 -1.41658675e-08 -8.29546809e-09 -6.01382971e-09 -5.25131910e-09 -5.07844544e-09 -5.10283238e-09 -5.17253906e-09 -5.23960292e-09 -5.30034183e-09 -5.36924960e-09 -5.46639273e-09 -5.60998142e-09 -5.81132625e-09 -6.07157907e-09 -6.38038666e-09 -6.71659495e-09 -7.05090319e-09 -7.35003991e-09 -7.58176988e-09 -7.71989017e-09 -7.74835174e-09 -7.66381192e-09 -7.47616458e-09 -7.20696747e-09 -6.88602936e-09 -6.54674870e-09 -6.22100543e-09 -5.93446547e-09 -5.70309860e-09 -5.53146551e-09 -5.41304213e-09 -5.33254962e-09 -5.27009725e-09 -5.20726601e-09 -5.13651932e-09 -5.07899078e-09 -5.12375442e-09 -5.51847301e-09 -6.87217089e-09 -1.05819877e-08 -1.96698611e-08 -4.03054063e-08 -8.43737148e-08 -1.73475607e-07 -3.44660094e-07 6.81203697e-05 9.50554717e-04 2.91004447e-03 5.98318433e-03 1.02024660e-02 1.55843500e-02 2.21295112e-02 2.98470369e-02 3.87002616e-02 4.86661284e-02 5.96735478e-02 7.16185801e-02 8.43763979e-02 9.78368025e-02 1.11724048e-01 1.25840112e-01 1.40041986e-01 1.53934575e-01 1.67166115e-01 1.79359416e-01 1.90297289e-01 1.99703347e-01 2.07130634e-01 2.12254965e-01 2.14875110e-01 2.14875110e-01 2.12254965e-01 2.07130634e-01 1.99703347e-01 1.90297289e-01 1.79359416e-01 1.67166115e-01 1.53934575e-01 1.40041986e-01 1.25840112e-01 1.11724048e-01 9.78368025e-02 8.43763979e-02 7.16185801e-02 5.96735478e-02 4.86661284e-02 3.87002616e-02 2.98470369e-02 2.21295112e-02 1.55843500e-02 1.02024660e-02 5.98318433e-03 2.91004447e-03 9.50554717e-04 6.81203697e-05 -3.44660094e-07 -1.73475607e-07 -8.43737147e-08 -4.03054063e-08 -1.96698610e-08 -1.05819877e-08 -6.87217094e-09 -5.51847301e-09 -5.12375453e-09 -5.07899101e-09 -5.13651938e-09 -5.20726590e-09 -5.27009736e-09 -5.33254962e-09 -5.41304213e-09 -5.53146529e-09 -5.70309866e-09 -5.93446547e-09 -6.22100516e-09 -6.54674881e-09 -6.88602952e-09 -7.20696747e-09 -7.47616491e-09 -7.66381186e-09 -7.74835174e-09 -7.71989034e-09 -7.58177010e-09 -7.35003991e-09 -7.05090336e-09 -6.71659472e-09 -6.38038650e-09 -6.07157885e-09 -5.81132631e-09 -5.60998148e-09 -5.46639289e-09 -5.36924971e-09 -5.30034178e-09 -5.23960253e-09 -5.17253912e-09 -5.10283238e-09 -5.07844566e-09 -5.25131916e-09 -6.01382960e-09 -8.29546809e-09 -1.41658674e-08 -2.79742885e-08 -5.83463690e-08 -1.21421673e-07 -2.45694440e-07 -4.78649649e-07 3.79513720e-04 1.79339323e-03 4.30304229e-03 7.94634751e-03 1.27471800e-02 1.87081630e-02 2.58401379e-02 3.41245591e-02 4.35547387e-02 5.40260047e-02 6.55348652e-02 7.78763345e-02 9.10373133e-02 1.04749174e-01 1.18758704e-01 1.32963705e-01 1.47038223e-01 1.60651288e-01 1.73420983e-01 1.84984515e-01 1.95224181e-01 2.03688536e-01 2.09989866e-01 2.13886770e-01 2.15205693e-01
2.19001488e-01 2.17672098e-01 2.13736294e-01 2.07363228e-01 1.98775287e-01 1.88346870e-01 1.76566586e-01 1.63629012e-01 1.49804615e-01 1.35474082e-01 1.21001875e-01 1.06723311e-01 9.27697253e-02 7.93562443e-02 6.67732730e-02 5.50505724e-02 4.43684687e-02 3.47638369e-02 2.63335643e-02 1.90625872e-02 1.29916790e-02 8.09967482e-03 4.39024320e-03 1.82963261e-03 3.88009274e-04 -5.61438590e-07 -2.87382434e-07 -1.41391204e-07 -6.74449906e-08 -3.19293483e-08 -1.58253045e-08 -8.99096647e-09 -6.33023378e-09 -5.42961393e-09 -5.21154442e-09 -5.22377724e-09 -5.29139293e-09 -5.35786115e-09 -5.41631118e-09 -5.48010820e-09 -5.56909463e-09 -5.70177755e-09 -5.89009758e-09 -6.13604467e-09 -6.43020354e-09 -6.75236678e-09 -7.07410397e-09 -7.36289052e-09 -7.58707902e-09 -7.72087594e-09 -7.74846115e-09 -7.66653752e-09 -7.48486295e-09 -7.22467430e-09 -6.91528090e-09 -6.58941035e-09 -6.27812952e-09 -6.00618633e-09 -5.78859966e-09 -5.62902613e-09 -5.52019386e-09 -5.44634549e-09 -5.38752332e-09 -5.32590522e-09 -5.25588645e-09 -5.20382593e-09 -5.27285271e-09 -5.74792014e-09 -7.33290878e-09 -1.16524683e-08 -2.22395978e-08 -4.63370411e-08 -9.79367513e-08 -2.02510640e-07 -4.03771573e-07 6.98042215e-05 9.70758261e-04 2.96695376e-03 6.09816435e-03 1.03982924e-02 1.58743538e-02 2.25421883e-02 3.04038865e-02 3.94314787e-02 4.95702540e-02 6.08046531e-02 7.29540408e-02 8.59890005e-02 9.96917910e-02 1.13827528e-01 1.28228877e-01 1.42679924e-01 1.56816606e-01 1.70226182e-01 1.82582443e-01 1.93766624e-01 2.03325336e-01 2.10844645e-01 2.16021997e-01 2.18668567e-01 2.18668567e-01 2.16021997e-01 2.10844645e-01 2.03325336e-01 1.93766624e-01 1.82582443e-01 1.70226182e-01 1.56816606e-01 1.42679924e-01 1.28228877e-01 1.13827528e-01 9.96917910e-02 8.59890005e-02 7.29540408e-02 6.08046531e-02 4.95702540e-02 3.94314787e-02 3.04038865e-02 2.25421883e-02 1.58743538e-02 1.03982924e-02 6.09816435e-03 2.96695376e-03 9.70758261e-04 6.98042215e-05 -4.03771573e-07 -2.02510640e-07 -9.79367514e-08 -4.63370410e-08 -2.22395978e-08 -1.16524682e-08 -7.33290845e-09 -5.74792047e-09 -5.27285282e-09 -5.20382587e-09 -5.25588650e-09 -5.32590505e-09 -5.38752359e-09 -5.44634549e-09 -5.52019397e-09 -5.62902597e-09 -5.78859988e-09 -6.00618616e-09 -6.27812924e-09 -6.58941013e-09 -6.91528074e-09 -7.22467447e-09 -7.48486295e-09 -7.66653757e-09 -7.74846137e-09 -7.72087605e-09 -7.58707885e-09 -7.36289063e-09 -7.07410419e-09 -6.75236689e-09 -6.43020348e-09 -6.13604456e-09 -5.89009752e-09 -5.70177755e-09 -5.56909496e-09 -5.48010826e-09 -5.41631118e-09 -5.35786143e-09 -5.29139299e-09 -5.22377697e-09 -5.21154436e-09 -5.42961404e-09 -6.33023373e-09 -8.99096664e-09 -1.58253045e-08 -3.19293485e-08 -6.74449905e-08 -1.41391204e-07 -2.87382434e-07 -5.61438590e-07 3.88009274e-04 1.82963261e-03 4.39024320e-03 8.09967482e-03 1.29916790e-02 1.90625872e-02 2.63335643e-02 3.47638369e-02 4.43684687e-02 5.50505724e-02 6.67732730e-02 7.93562443e-02 9.27697253e-02 1.06723311e-01 1.21001875e-01 1.35474082e-01 1.49804615e-01 1.63629012e-01 1.76566586e-01 1.88346870e-01 1.98775287e-01 2.07363228e-01 2.13736294e-01 2.17672098e-01 2.19001488e-01
2.22816780e-01 2.21466792e-01 2.17488287e-01 2.11036476e-01 2.02345478e-01 1.91758704e-01 1.79720463e-01 1.66595056e-01 1.52558715e-01 1.37990606e-01 1.23238655e-01 1.08688632e-01 9.44762368e-02 8.08188575e-02 6.79793395e-02 5.60576117e-02 4.51617962e-02 3.53979964e-02 2.68094433e-02 1.94102580e-02 1.32280179e-02 8.25268338e-03 4.47551970e-03 1.86537323e-03 3.96493510e-04 -6.56961439e-07 -3.35424530e-07 -1.64354284e-07 -7.78713626e-08 -3.64371324e-08 -1.76998110e-08 -9.76400749e-09 -6.67181255e-09 -5.61440150e-09 -5.34490097e-09 -5.34312972e-09 -5.40835376e-09 -5.47451784e-09 -5.53121909e-09 -5.59052027e-09 -5.67193681e-09 -5.79418741e-09 -5.96979499e-09 -6.20157137e-09 -6.48105347e-09 -6.78901285e-09 -7.09794368e-09 -7.37612788e-09 -7.59255658e-09 -7.72189368e-09 -7.74857489e-09 -7.66935276e-09 -7.49383222e-09 -7.24289445e-09 -6.94529595e-09 -6.63303995e-09 -6.33631897e-09 -6.07892303e-09 -5.87489080e-09 -5.72697939e-09 -5.62720204e-09 -5.55938418e-09 -5.50359885e-09 -5.44275225e-09 -5.37340139e-09 -5.32769256e-09 -5.42445910e-09 -5.99076677e-09 -7.83857523e-09 -1.28534545e-08 -2.51571627e-08 -5.32323448e-08 -1.13508911e-07 -2.35939239e-07 -4.71941445e-07 7.12629326e-05 9.90327888e-04 3.02541001e-03 6.21484268e-03 1.05857511e-02 1.61654039e-02 2.29500941e-02 3.09471952e-02 4.01482835e-02 5.04658458e-02 6.19118312e-02 7.42835342e-02 8.75747980e-02 1.01529367e-01 1.15908010e-01 1.30599693e-01 1.45331403e-01 1.59676733e-01 1.73286607e-01 1.85867256e-01 1.97270056e-01 2.06946403e-01 2.14560391e-01 2.19797350e-01 2.22478486e-01 2.22478486e-01 2.19797350e-01 2.14560391e-01 2.06946403e-01 1.97270056e-01 1.85867256e-01 1.73286607e-01 1.59676733e-01 1.45331403e-01 1.30599693e-01 1.15908010e-01 1.01529367e-01 8.75747980e-02 7.42835342e-02 6.19118312e-02 5.04658458e-02 4.01482835e-02 3.09471952e-02 2.29500941e-02 1.61654039e-02 1.05857511e-02 6.21484268e-03 3.02541001e-03 9.90327888e-04 7.12629326e-05 -4.71941445e-07 -2.35939239e-07 -1.13508911e-07 -5.32323446e-08 -2.51571628e-08 -1.28534544e-08 -7.83857518e-09 -5.99076705e-09 -5.42445899e-09 -5.32769240e-09 -5.37340150e-09 -5.44275247e-09 -5.50359869e-09 -5.55938418e-09 -5.62720204e-09 -5.72697950e-09 -5.87489074e-09 -6.07892309e-09 -6.33631897e-09 -6.63303978e-09 -6.94529589e-09 -7.24289417e-09 -7.49383222e-09 -7.66935276e-09 -7.74857489e-09 -7.72189385e-09 -7.59255669e-09 -7.37612788e-09 -7.09794368e-09 -6.78901263e-09 -6.48105353e-09 -6.20157148e-09 -5.96979494e-09 -5.79418746e-09 -5.67193659e-09 -5.59052038e-09 -5.53121920e-09 -5.47451773e-09 -5.40835382e-09 -5.34312983e-09 -5.34490108e-09 -5.61440172e-09 -6.67181249e-09 -9.76400760e-09 -1.76998110e-08 -3.64371324e-08 -7.78713625e-08 -1.64354284e-07 -3.35424529e-07 -6.56961439e-07 3.96493510e-04 1.86537323e-03 4.47551970e-03 8.25268338e-03 1.32280179e-02 1.94102580e-02 2.68094433e-02 3.53979964e-02 4.51617962e-02 5.60576117e-02 6.79793395e-02 8.08188575e-02 9.44762368e-02 1.08688632e-01 1.23238655e-01 1.37990606e-01 1.52558715e-01 1.66595056e-01 1.79720463e-01 1.91758704e-01 2.02345478e-01 2.11036476e-01 2.17488287e-01 2.21466792e-01 2.22816780e-01
2.26624474e-01 2.25262488e-01 2.21243474e-01 2.14713227e-01 2.05917737e-01 1.95172779e-01 1.82890403e-01 1.69538720e-01 1.55298898e-01 1.40491612e-01 1.25466134e-01 1.10608948e-01 9.61606195e-02 8.22540892e-02 6.91545820e-02 5.70317849e-02 4.59265070e-02 3.60112124e-02 2.72684659e-02 1.97429222e-02 1.34579397e-02 8.39717168e-03 4.55664250e-03 1.90158398e-03 4.04103233e-04 -7.66852236e-07 -3.90637799e-07 -1.90693368e-07 -8.97923886e-08 -4.15652380e-08 -1.98146464e-08 -1.06232032e-08 -7.04114744e-09 -5.80623261e-09 -5.47839529e-09 -5.46051948e-09 -5.52292462e-09 -5.58900370e-09 -5.64445535e-09 -5.69987380e-09 -5.77433107e-09 -5.88667903e-09 -6.04996214e-09 -6.26778884e-09 -6.53265153e-09 -6.82633250e-09 -7.12229503e-09 -7.38967948e-09 -7.59817387e-09 -7.72293884e-09 -7.74869119e-09 -7.67224101e-09 -7.50302298e-09 -7.26152682e-09 -6.97591074e-09 -6.67739353e-09 -6.39524794e-09 -6.15226103e-09 -5.96147870e-09 -5.82476517e-09 -5.73346370e-09 -5.67105246e-09 -5.61772956e-09 -5.55726748e-09 -5.48862017e-09 -5.45031842e-09 -5.57869945e-09 -6.24830421e-09 -8.39398695e-09 -1.41998791e-08 -2.84643154e-08 -6.10985669e-08 -1.31345134e-07 -2.74325185e-07 -5.50334496e-07 7.24344434e-05 1.01030262e-03 3.08297957e-03 6.32843337e-03 1.07682850e-02 1.64460079e-02 2.33444180e-02 3.14753692e-02 4.08343456e-02 5.13494763e-02 6.29839146e-02 7.55949186e-02 8.91248968e-02 1.03338931e-01 1.17984480e-01 1.32970951e-01 1.47952720e-01 1.62520225e-01 1.76337691e-01 1.89190894e-01 2.00768997e-01 2.10574119e-01 2.18282464e-01 2.23575378e-01 2.26283282e-01 2.26283282e-01 2.23575378e-01 2.18282464e-01 2.10574119e-01 2.00768997e-01 1.89190894e-01 1.76337691e-01 1.62520225e-01 1.47952720e-01 1.32970951e-01 1.17984480e-01 1.03338931e-01 8.91248968e-02 7.55949186e-02 6.29839146e-02 5.13494763e-02 4.08343456e-02 3.14753692e-02 2.33444180e-02 1.64460079e-02 1.07682850e-02 6.32843337e-03 3.08297957e-03 1.01030262e-03 7.24344434e-05 -5.50334496e-07 -2.74325186e-07 -1.31345134e-07 -6.10985666e-08 -2.84643155e-08 -1.41998791e-08 -8.39398706e-09 -6.24830410e-09 -5.57869956e-09 -5.45031859e-09 -5.48862011e-09 -5.55726748e-09 -5.61772950e-09 -5.67105252e-09 -5.73346393e-09 -5.82476545e-09 -5.96147864e-09 -6.15226076e-09 -6.39524783e-09 -6.67739375e-09 -6.97591068e-09 -7.26152677e-09 -7.50302276e-09 -7.67224101e-09 -7.74869130e-09 -7.72293901e-09 -7.59817376e-09 -7.38967976e-09 -7.12229503e-09 -6.82633239e-09 -6.53265153e-09 -6.26778868e-09 -6.04996231e-09 -5.88667903e-09 -5.77433118e-09 -5.69987357e-09 -5.64445563e-09 -5.58900343e-09 -5.52292445e-09 -5.46051954e-09 -5.47839540e-09 -5.80623272e-09 -7.04114750e-09 -1.06232033e-08 -1.98146465e-08 -4.15652380e-08 -8.97923886e-08 -1.90693368e-07 -3.90637799e-07 -7.66852236e-07 4.04103233e-04 1.90158398e-03 4.55664250e-03 8.39717168e-03 1.34579397e-02 1.97429222e-02 2.72684659e-02 3.60112124e-02 4.59265070e-02 5.70317849e-02 6.91545820e-02 8.22540892e-02 9.61606195e-02 1.10608948e-01 1.25466134e-01 1.40491612e-01 1.55298898e-01 1.69538720e-01 1.82890403e-01 1.95172779e-01 2.05917737e-01 2.14713227e-01 2.21243474e-01 2.25262488e-01 2.26624474e-01
2.30482538e-01 2.29101777e-01 2.25019257e-01 2.18378467e-01 2.09463122e-01 1.98563537e-01 1.86084631e-01 1.72485665e-01 1.57986092e-01 1.42949262e-01 1.27668190e-01 1.12490856e-01 9.77937563e-02 8.36519425e-02 7.03107975e-02 5.79741067e-02 4.66839521e-02 3.65936783e-02 2.77039605e-02 2.00541379e-02 1.36755775e-02 8.53713150e-03 4.63302474e-03 1.93662080e-03 4.11087056e-04 -8.92901689e-07 -4.53919975e-07 -2.20829237e-07 -1.03391710e-07 -4.73879435e-08 -2.21974897e-08 -1.15779671e-08 -7.44108292e-09 -6.00576200e-09 -5.61197799e-09 -5.57564017e-09 -5.63467617e-09 -5.70080727e-09 -5.75546200e-09 -5.80759624e-09 -5.87572457e-09 -5.97874150e-09 -6.13015216e-09 -6.33432784e-09 -6.58471355e-09 -6.86411994e-09 -7.14702425e-09 -7.40347345e-09 -7.60390145e-09 -7.72400599e-09 -7.74881015e-09 -7.67518676e-09 -7.51238594e-09 -7.28047228e-09 -7.00695713e-09 -6.72222800e-09 -6.45458653e-09 -6.22579077e-09 -6.04787914e-09 -5.92184868e-09 -5.83841098e-09 -5.78078063e-09 -5.72937903e-09 -5.66897690e-09 -5.60116686e-09 -5.57149887e-09 -5.73578346e-09 -6.52197785e-09 -9.00441588e-09 -1.57080871e-08 -3.22068836e-08 -7.00536520e-08 -1.51725973e-07 -3.18288432e-07 -6.40229032e-07 7.36908197e-05 1.02846957e-03 3.13746108e-03 6.43561398e-03 1.09496404e-02 1.67164486e-02 2.37235949e-02 3.19853583e-02 4.14933879e-02 5.21981032e-02 6.40192706e-02 7.68753916e-02 9.06422507e-02 1.05092185e-01 1.20026167e-01 1.35310994e-01 1.50524464e-01 1.65335685e-01 1.79378483e-01 1.92495537e-01 2.04238567e-01 2.14180491e-01 2.22010837e-01 2.27391734e-01 2.30136340e-01 2.30136340e-01 2.27391734e-01 2.22010837e-01 2.14180491e-01 2.04238567e-01 1.92495537e-01 1.79378483e-01 1.65335685e-01 1.50524464e-01 1.35310994e-01 1.20026167e-01 1.05092185e-01 9.06422507e-02 7.68753916e-02 6.40192706e-02 5.21981032e-02 4.14933879e-02 3.19853583e-02 2.37235949e-02 1.67164486e-02 1.09496404e-02 6.43561398e-03 3.13746108e-03 1.02846957e-03 7.36908197e-05 -6.40229032e-07 -3.18288432e-07 -1.51725973e-07 -7.00536519e-08 -3.22068834e-08 -1.57080869e-08 -9.00441577e-09 -6.52197796e-09 -5.73578351e-09 -5.57149893e-09 -5.60116703e-09 -5.66897718e-09 -5.72937919e-09 -5.78078063e-09 -5.83841087e-09 -5.92184857e-09 -6.04787936e-09 -6.22579077e-09 -6.45458653e-09 -6.72222811e-09 -7.00695713e-09 -7.28047200e-09 -7.51238588e-09 -7.67518671e-09 -7.74881037e-09 -7.72400599e-09 -7.60390156e-09 -7.40347345e-09 -7.14702431e-09 -6.86411994e-09 -6.58471350e-09 -6.33432773e-09 -6.13015211e-09 -5.97874128e-09 -5.87572457e-09 -5.80759640e-09 -5.75546200e-09 -5.70080716e-09 -5.63467650e-09 -5.57564034e-09 -5.61197777e-09 -6.00576200e-09 -7.44108269e-09 -1.15779672e-08 -2.21974899e-08 -4.73879433e-08 -1.03391710e-07 -2.20829236e-07 -4.53919975e-07 -8.92901689e-07 4.11087056e-04 1.93662080e-03 4.63302474e-03 8.53713150e-03 1.36755775e-02 2.00541379e-02 2.77039605e-02 3.65936783e-02 4.66839521e-02 5.79741067e-02 7.03107975e-02 8.36519425e-02 9.77937563e-02 1.12490856e-01 1.27668190e-01 1.42949262e-01 1.57986092e-01 1.72485665e-01 1.86084631e-01 1.98563537e-01 2.09463122e-01 2.18378467e-01 2.25019257e-01 2.29101777e-01 2.30482538e-01
2.34293411e-01 2.32903040e-01 2.28772683e-01 2.22061785e-01 2.13014411e-01 2.01931309e-01 1.89239779e-01 1.75360152e-01 1.60650599e-01 1.45339681e-01 1.29811769e-01 1.14352491e-01 9.93709573e-02 8.50014910e-02 7.14216362e-02 5.88746662e-02 4.74048796e-02 3.71442715e-02 2.81095407e-02 2.03563731e-02 1.38828712e-02 8.66981030e-03 4.70737479e-03 1.96763242e-03 4.18990558e-04 -1.03706569e-06 -5.26254566e-07 -2.55223682e-07 -1.18870953e-07 -5.39867182e-08 -2.48786307e-08 -1.26385731e-08 -7.87473120e-09 -6.21374774e-09 -5.74566900e-09 -5.68825592e-09 -5.74324382e-09 -5.80948362e-09 -5.86374005e-09 -5.91316324e-09 -5.97559724e-09 -6.06988682e-09 -6.20993207e-09 -6.40082626e-09 -6.63695388e-09 -6.90217050e-09 -7.17199766e-09 -7.41743533e-09 -7.60970809e-09 -7.72508812e-09 -7.74893061e-09 -7.67817537e-09 -7.52187146e-09 -7.29962762e-09 -7.03826697e-09 -6.76729878e-09 -6.51401499e-09 -6.29911495e-09 -6.13363316e-09 -6.01772010e-09 -5.94151839e-09 -5.88805094e-09 -5.83806836e-09 -5.77747283e-09 -5.71073416e-09 -5.69109732e-09 -5.89599713e-09 -6.81339435e-09 -9.67560854e-09 -1.73959325e-08 -3.64350845e-08 -8.02270545e-08 -1.74959434e-07 -3.68508872e-07 -7.43023593e-07 7.52322978e-05 1.04571223e-03 3.18591315e-03 6.53221814e-03 1.11194448e-02 1.69654631e-02 2.40799081e-02 3.24672349e-02 4.21178902e-02 5.30061789e-02 6.50093687e-02 7.81041562e-02 9.21120606e-02 1.06783324e-01 1.22042396e-01 1.37580165e-01 1.53053172e-01 1.68109973e-01 1.82395027e-01 1.95765313e-01 2.07697286e-01 2.17807794e-01 2.25731196e-01 2.31173206e-01 2.33945276e-01 2.33945276e-01 2.31173206e-01 2.25731196e-01 2.17807794e-01 2.07697286e-01 1.95765313e-01 1.82395027e-01 1.68109973e-01 1.53053172e-01 1.37580165e-01 1.22042396e-01 1.06783324e-01 9.21120606e-02 7.81041562e-02 6.50093687e-02 5.30061789e-02 4.21178902e-02 3.24672349e-02 2.40799081e-02 1.69654631e-02 1.11194448e-02 6.53221814e-03 3.18591315e-03 1.04571223e-03 7.52322978e-05 -7.43023593e-07 -3.68508872e-07 -1.74959435e-07 -8.02270546e-08 -3.64350844e-08 -1.73959327e-08 -9.67560887e-09 -6.81339440e-09 -5.89599691e-09 -5.69109726e-09 -5.71073444e-09 -5.77747278e-09 -5.83806847e-09 -5.88805088e-09 -5.94151839e-09 -6.01771993e-09 -6.13363338e-09 -6.29911495e-09 -6.51401499e-09 -6.76729861e-09 -7.03826714e-09 -7.29962740e-09 -7.52187124e-09 -7.67817537e-09 -7.74893072e-09 -7.72508812e-09 -7.60970809e-09 -7.41743522e-09 -7.17199766e-09 -6.90217083e-09 -6.63695399e-09 -6.40082615e-09 -6.20993207e-09 -6.06988693e-09 -5.97559735e-09 -5.91316318e-09 -5.86373994e-09 -5.80948356e-09 -5.74324405e-09 -5.68825609e-09 -5.74566889e-09 -6.21374796e-09 -7.87473109e-09 -1.26385729e-08 -2.48786306e-08 -5.39867182e-08 -1.18870953e-07 -2.55223682e-07 -5.26254566e-07 -1.03706569e-06 4.18990558e-04 1.96763242e-03 4.70737479e-03 8.66981030e-03 1.38828712e-02 2.03563731e-02 2.81095407e-02 3.71442715e-02 4.74048796e-02 5.88746662e-02 7.14216362e-02 8.50014910e-02 9.93709573e-02 1.14352491e-01 1.29811769e-01 1.45339681e-01 1.60650599e-01 1.75360152e-01 1.89239779e-01 2.01931309e-01 2.13014411e-01 2.22061785e-01 2.28772683e-01 2.32903040e-01 2.34293411e-01
2.38070856e-01 2.36664075e-01 2.32477985e-01 2.25685206e-01 2.16522610e-01 2.05279749e-01 1.92362295e-01 1.78204629e-01 1.63241067e-01 1.47687248e-01 1.31886739e-01 1.16167462e-01 1.00876646e-01 8.62951737e-02 7.24841294e-02 5.97195682e-02 4.80837946e-02 3.76590259e-02 2.85019278e-02 2.06418283e-02 1.40752476e-02 8.79092124e-03 4.77716499e-03 1.99716548e-03 4.25951270e-04 -1.20147389e-06 -6.08716081e-07 -2.94382302e-07 -1.36451051e-07 -6.14507769e-08 -2.78911699e-08 -1.38162167e-08 -8.34548797e-09 -6.43105391e-09 -5.87955484e-09 -5.79819659e-09 -5.84833582e-09 -5.91465310e-09 -5.96885030e-09 -6.01610134e-09 -6.07347134e-09 -6.15966067e-09 -6.28889496e-09 -6.46693943e-09 -6.68909994e-09 -6.94028407e-09 -7.19708437e-09 -7.43149192e-09 -7.61556168e-09 -7.72617953e-09 -7.74905273e-09 -7.68119041e-09 -7.53143076e-09 -7.31889382e-09 -7.06967718e-09 -6.81236945e-09 -6.57322013e-09 -6.37185416e-09 -6.21830537e-09 -6.11191342e-09 -6.04230643e-09 -5.99240657e-09 -5.94338972e-09 -5.88241794e-09 -5.81708276e-09 -5.80904236e-09 -6.05970263e-09 -7.12432441e-09 -1.04138302e-08 -1.92829079e-08 -4.12038643e-08 -9.17606123e-08 -2.01382942e-07 -4.25730217e-07 -8.60243787e-07 7.61670817e-05 1.06221961e-03 3.23318741e-03 6.62530714e-03 1.12737994e-02 1.71978809e-02 2.44098497e-02 3.29256973e-02 4.27119457e-02 5.37706421e-02 6.59611226e-02 7.92822393e-02 9.35087891e-02 1.08449053e-01 1.23987131e-01 1.39788290e-01 1.55527179e-01 1.70815865e-01 1.85400021e-01 1.99008153e-01 2.11134413e-01 2.21376122e-01 2.29398683e-01 2.34913977e-01 2.37718546e-01 2.37718546e-01 2.34913977e-01 2.29398683e-01 2.21376122e-01 2.11134413e-01 1.99008153e-01 1.85400021e-01 1.70815865e-01 1.55527179e-01 1.39788290e-01 1.23987131e-01 1.08449053e-01 9.35087891e-02 7.92822393e-02 6.59611226e-02 5.37706421e-02 4.27119457e-02 3.29256973e-02 2.44098497e-02 1.71978809e-02 1.12737994e-02 6.62530714e-03 3.23318741e-03 1.06221961e-03 7.61670817e-05 -8.60243787e-07 -4.25730217e-07 -2.01382942e-07 -9.17606128e-08 -4.12038642e-08 -1.92829080e-08 -1.04138301e-08 -7.12432446e-09 -6.05970263e-09 -5.80904230e-09 -5.81708282e-09 -5.88241822e-09 -5.94338956e-09 -5.99240652e-09 -6.04230643e-09 -6.11191364e-09 -6.21830543e-09 -6.37185427e-09 -6.57322063e-09 -6.81236945e-09 -7.06967718e-09 -7.31889355e-09 -7.53143059e-09 -7.68119057e-09 -7.74905229e-09 -7.72617958e-09 -7.61556185e-09 -7.43149192e-09 -7.19708415e-09 -6.94028396e-09 -6.68910011e-09 -6.46693937e-09 -6.28889490e-09 -6.15966073e-09 -6.07347117e-09 -6.01610151e-09 -5.96885075e-09 -5.91465316e-09 -5.84833582e-09 -5.79819653e-09 -5.87955495e-09 -6.43105408e-09 -8.34548797e-09 -1.38162164e-08 -2.78911699e-08 -6.14507771e-08 -1.36451051e-07 -2.94382302e-07 -6.08716081e-07 -1.20147389e-06 4.25951270e-04 1.99716548e-03 4.77716499e-03 8.79092124e-03 1.40752476e-02 2.06418283e-02 2.85019278e-02 3.76590259e-02 4.80837946e-02 5.97195682e-02 7.24841294e-02 8.62951737e-02 1.00876646e-01 1.16167462e-01 1.31886739e-01 1.47687248e-01 1.63241067e-01 1.78204629e-01 1.92362295e-01 2.05279749e-01 2.16522610e-01 2.25685206e-01 2.32477985e-01 2.36664075e-01 2.38070856e-01
2.41780331e-01 2.40354410e-01 2.36122788e-01 2.29248066e-01 2.19972703e-01 2.08571746e-01 1.95451161e-01 1.81002582e-01 1.65754201e-01 1.49964234e-01 1.33883437e-01 1.17910199e-01 1.02331301e-01 8.75077007e-02 7.35034329e-02 6.05126729e-02 4.87195299e-02 3.81344056e-02 2.88718173e-02 2.09036025e-02 1.42549486e-02 8.90413635e-03 4.84147478e-03 2.02569746e-03 4.31782633e-04 -1.38843795e-06 -7.02475364e-07 -3.38857424e-07 -1.56373641e-07 -6.98776836e-08 -3.12712457e-08 -1.51230881e-08 -8.85705420e-09 -6.65865019e-09 -6.01378819e-09 -5.90535587e-09 -5.94972932e-09 -6.01601363e-09 -6.07042450e-09 -6.11600176e-09 -6.16891715e-09 -6.24764851e-09 -6.36665887e-09 -6.53234056e-09 -6.74089007e-09 -6.97826685e-09 -7.22215665e-09 -7.44557094e-09 -7.62143471e-09 -7.72727660e-09 -7.74917486e-09 -7.68421654e-09 -7.54101137e-09 -7.33816952e-09 -7.10102577e-09 -6.85721224e-09 -6.63190802e-09 -6.44365306e-09 -6.30149566e-09 -6.20400076e-09 -6.14035423e-09 -6.09345441e-09 -6.04500222e-09 -5.98354327e-09 -5.92004124e-09 -5.92532579e-09 -6.22734153e-09 -7.45670542e-09 -1.12258929e-08 -2.13902595e-08 -4.65732651e-08 -1.04809466e-07 -2.31365388e-07 -4.90764022e-07 -9.93549070e-07 7.69362522e-05 1.07818091e-03 3.27889081e-03 6.71541308e-03 1.14140721e-02 1.74139874e-02 2.47138524e-02 3.33503727e-02 4.32705267e-02 5.44796368e-02 6.68661083e-02 8.03924029e-02 9.48306079e-02 1.10054090e-01 1.25861811e-01 1.41925505e-01 1.57924720e-01 1.73441297e-01 1.88353563e-01 2.02207117e-01 2.14511062e-01 2.24888790e-01 2.33004611e-01 2.38583289e-01 2.41423278e-01 2.41423278e-01 2.38583289e-01 2.33004611e-01 2.24888790e-01 2.14511062e-01 2.02207117e-01 1.88353563e-01 1.73441297e-01 1.57924720e-01 1.41925505e-01 1.25861811e-01 1.10054090e-01 9.48306079e-02 8.03924029e-02 6.68661083e-02 5.44796368e-02 4.32705267e-02 3.33503727e-02 2.47138524e-02 1.74139874e-02 1.14140721e-02 6.71541308e-03 3.27889081e-03 1.07818091e-03 7.69362522e-05 -9.93549069e-07 -4.90764021e-07 -2.31365388e-07 -1.04809466e-07 -4.65732652e-08 -2.13902597e-08 -1.12258929e-08 -7.45670548e-09 -6.22734175e-09 -5.92532584e-09 -5.92004124e-09 -5.98354299e-09 -6.04500239e-09 -6.09345452e-09 -6.14035434e-09 -6.20400076e-09 -6.30149566e-09 -6.44365306e-09 -6.63190813e-09 -6.85721263e-09 -7.10102566e-09 -7.33816957e-09 -7.54101126e-09 -7.68421654e-09 -7.74917486e-09 -7.72727660e-09 -7.62143487e-09 -7.44557116e-09 -7.22215659e-09 -6.97826685e-09 -6.74088990e-09 -6.53234078e-09 -6.36665898e-09 -6.24764873e-09 -6.16891727e-09 -6.11600159e-09 -6.07042444e-09 -6.01601352e-09 -5.94972971e-09 -5.90535593e-09 -6.01378808e-09 -6.65865019e-09 -8.85705398e-09 -1.51230884e-08 -3.12712458e-08 -6.98776835e-08 -1.56373641e-07 -3.38857424e-07 -7.02475364e-07 -1.38843795e-06 4.31782633e-04 2.02569746e-03 4.84147478e-03 8.90413635e-03 1.42549486e-02 2.09036025e-02 2.88718173e-02 3.81344056e-02 4.87195299e-02 6.05126729e-02 7.35034329e-02 8.75077007e-02 1.02331301e-01 1.17910199e-01 1.33883437e-01 1.49964234e-01 1.65754201e-01 1.81002582e-01 1.95451161e-01 2.08571746e-01 2.19972703e-01 2.29248066e-01 2.36122788e-01 2.40354410e-01 2.41780331e-01
2.45481025e-01 2.44032413e-01 2.39729700e-01 2.32734476e-01 2.23319524e-01 2.11771718e-01 1.98470930e-01 1.83780608e-01 1.68163378e-01 1.52136581e-01 1.35814000e-01 1.19553205e-01 1.03732678e-01 8.86447438e-02 7.44485574e-02 6.12588485e-02 4.93089162e-02 3.85811266e-02 2.92046068e-02 2.11431782e-02 1.44176781e-02 9.00787537e-03 4.89780040e-03 2.05208219e-03 4.36694636e-04 -1.60045986e-06 -8.08805037e-07 -3.89251147e-07 -1.78902556e-07 -7.93739759e-08 -3.50582695e-08 -1.65724467e-08 -9.41344908e-09 -6.89760610e-09 -6.14858187e-09 -6.00968914e-09 -6.04726530e-09 -6.11332690e-09 -6.16815987e-09 -6.21251012e-09 -6.26156571e-09 -6.33347697e-09 -6.44287806e-09 -6.59672472e-09 -6.79207751e-09 -7.01593711e-09 -7.24709126e-09 -7.45960355e-09 -7.62729629e-09 -7.72837144e-09 -7.74929637e-09 -7.68723740e-09 -7.55056850e-09 -7.35736333e-09 -7.13216231e-09 -6.90161123e-09 -6.68980121e-09 -6.51418525e-09 -6.38284020e-09 -6.29360913e-09 -6.23529450e-09 -6.19086193e-09 -6.14263274e-09 -6.08065165e-09 -6.01950079e-09 -6.03999478e-09 -6.39942488e-09 -7.81265669e-09 -1.21192003e-08 -2.37411286e-08 -5.26088297e-08 -1.19543051e-07 -2.65309293e-07 -5.64493823e-07 -1.14473962e-06 7.80189607e-05 1.09164409e-03 3.31977701e-03 6.79547060e-03 1.15428330e-02 1.76100064e-02 2.49936624e-02 3.37324371e-02 4.37908915e-02 5.51292924e-02 6.77172973e-02 8.14333698e-02 9.60805082e-02 1.11578020e-01 1.27647855e-01 1.43985621e-01 1.60203908e-01 1.76051682e-01 1.91263662e-01 2.05322997e-01 2.17785221e-01 2.28309107e-01 2.36553164e-01 2.42231617e-01 2.45118064e-01 2.45118064e-01 2.42231617e-01 2.36553164e-01 2.28309107e-01 2.17785221e-01 2.05322997e-01 1.91263662e-01 1.76051682e-01 1.60203908e-01 1.43985621e-01 1.27647855e-01 1.11578020e-01 9.60805082e-02 8.14333698e-02 6.77172973e-02 5.51292924e-02 4.37908915e-02 3.37324371e-02 2.49936624e-02 1.76100064e-02 1.15428330e-02 6.79547060e-03 3.31977701e-03 1.09164409e-03 7.80189607e-05 -1.14473962e-06 -5.64493823e-07 -2.65309293e-07 -1.19543051e-07 -5.26088296e-08 -2.37411287e-08 -1.21192006e-08 -7.81265674e-09 -6.39942499e-09 -6.03999495e-09 -6.01950079e-09 -6.08065148e-09 -6.14263257e-09 -6.19086232e-09 -6.23529428e-09 -6.29360897e-09 -6.38284009e-09 -6.51418508e-09 -6.68980138e-09 -6.90161156e-09 -7.13216231e-09 -7.35736316e-09 -7.55056861e-09 -7.68723746e-09 -7.74929648e-09 -7.72837161e-09 -7.62729646e-09 -7.45960371e-09 -7.24709104e-09 -7.01593728e-09 -6.79207734e-09 -6.59672472e-09 -6.44287790e-09 -6.33347674e-09 -6.26156565e-09 -6.21250995e-09 -6.16816004e-09 -6.11332684e-09 -6.04726558e-09 -6.00968930e-09 -6.14858220e-09 -6.89760632e-09 -9.41344896e-09 -1.65724467e-08 -3.50582698e-08 -7.93739759e-08 -1.78902557e-07 -3.89251147e-07 -8.08805037e-07 -1.60045986e-06 4.36694636e-04 2.05208219e-03 4.89780040e-03 9.00787537e-03 1.44176781e-02 2.11431782e-02 2.92046068e-02 3.85811266e-02 4.93089162e-02 6.12588485e-02 7.44485574e-02 8.86447438e-02 1.03732678e-01 1.19553205e-01 1.35814000e-01 1.52136581e-01 1.68163378e-01 1.83780608e-01 1.98470930e-01 2.11771718e-01 2.23319524e-01 2.32734476e-01 2.39729700e-01 2.44032413e-01 2.45481025e-01
2.49092683e-01 2.47629168e-01 2.43282564e-01 2.36204181e-01 2.26636612e-01 2.14880814e-01 2.01367691e-01 1.86462322e-01 1.70567583e-01 1.54198348e-01 1.37639984e-01 1.21129930e-01 1.05056162e-01 8.97092729e-02 7.53147784e-02 6.19541365e-02 4.98300302e-02 3.89899776e-02 2.95030909e-02 2.13517369e-02 1.45603075e-02 9.09952912e-03 4.94847757e-03 2.07404886e-03 4.42754213e-04 -1.84024004e-06 -9.29085065e-07 -4.46218508e-07 -2.04325389e-07 -9.00558550e-08 -3.92951887e-08 -1.81787120e-08 -1.00190328e-08 -7.14909959e-09 -6.28420260e-09 -6.11120404e-09 -6.14085260e-09 -6.20642032e-09 -6.26181856e-09 -6.30534219e-09 -6.35109559e-09 -6.41681897e-09 -6.51724008e-09 -6.65981870e-09 -6.84243606e-09 -7.05312314e-09 -7.27177363e-09 -7.47352380e-09 -7.63312136e-09 -7.72946074e-09 -7.74941805e-09 -7.69024233e-09 -7.56005814e-09 -7.37638484e-09 -7.16294390e-09 -6.94536978e-09 -6.74665079e-09 -6.58315391e-09 -6.46201931e-09 -6.38040870e-09 -6.32682329e-09 -6.28437069e-09 -6.23607821e-09 -6.17360629e-09 -6.11541018e-09 -6.15315321e-09 -6.57653132e-09 -8.19447821e-09 -1.31017901e-08 -2.63607146e-08 -5.93820220e-08 -1.36146146e-07 -3.03653072e-07 -6.47879418e-07 -1.31576327e-06 7.89604526e-05 1.10399660e-03 3.35389262e-03 6.86387277e-03 1.16622009e-02 1.77902782e-02 2.52474591e-02 3.40680519e-02 4.42602313e-02 5.57219538e-02 6.84918415e-02 8.23857810e-02 9.72793476e-02 1.13020345e-01 1.29365539e-01 1.45921258e-01 1.62399434e-01 1.78611000e-01 1.94055750e-01 2.08327807e-01 2.20999394e-01 2.31716614e-01 2.40070932e-01 2.45811786e-01 2.48726131e-01 2.48726131e-01 2.45811786e-01 2.40070932e-01 2.31716614e-01 2.20999394e-01 2.08327807e-01 1.94055750e-01 1.78611000e-01 1.62399434e-01 1.45921258e-01 1.29365539e-01 1.13020345e-01 9.72793476e-02 8.23857810e-02 6.84918415e-02 5.57219538e-02 4.42602313e-02 3.40680519e-02 2.52474591e-02 1.77902782e-02 1.16622009e-02 6.86387277e-03 3.35389262e-03 1.10399660e-03 7.89604526e-05 -1.31576327e-06 -6.47879418e-07 -3.03653072e-07 -1.36146147e-07 -5.93820220e-08 -2.63607148e-08 -1.31017900e-08 -8.19447799e-09 -6.57653132e-09 -6.15315321e-09 -6.11541007e-09 -6.17360674e-09 -6.23607832e-09 -6.28437069e-09 -6.32682329e-09 -6.38040881e-09 -6.46201931e-09 -6.58315402e-09 -6.74665063e-09 -6.94536978e-09 -7.16294385e-09 -7.37638495e-09 -7.56005814e-09 -7.69024217e-09 -7.74941800e-09 -7.72946074e-09 -7.63312136e-09 -7.47352408e-09 -7.27177346e-09 -7.05312320e-09 -6.84243606e-09 -6.65981859e-09 -6.51724019e-09 -6.41681902e-09 -6.35109554e-09 -6.30534203e-09 -6.26181890e-09 -6.20642027e-09 -6.14085244e-09 -6.11120404e-09 -6.28420282e-09 -7.14909965e-09 -1.00190326e-08 -1.81787121e-08 -3.92951885e-08 -9.00558550e-08 -2.04325389e-07 -4.46218508e-07 -9.29085066e-07 -1.84024004e-06 4.42754213e-04 2.07404886e-03 4.94847757e-03 9.09952912e-03 1.45603075e-02 2.13517369e-02 2.95030909e-02 3.89899776e-02 4.98300302e-02 6.19541365e-02 7.53147784e-02 8.97092729e-02 1.05056162e-01 1.21129930e-01 1.37639984e-01 1.54198348e-01 1.70567583e-01 1.86462322e-01 2.01367691e-01 2.14880814e-01 2.26636612e-01 2.36204181e-01 2.43282564e-01 2.47629168e-01 2.49092683e-01
2.52588235e-01 2.51104051e-01 2.46704976e-01 2.39543025e-01 2.29855443e-01 2.17941981e-01 2.04185736e-01 1.89030846e-01 1.72875990e-01 1.56174713e-01 1.39343622e-01 1.22603432e-01 1.06283712e-01 9.06953880e-02 7.60998662e-02 6.25915572e-02 5.02979278e-02 3.93501273e-02 2.97523103e-02 2.15253024e-02 1.46811183e-02 9.17810586e-03 4.99338721e-03 2.09293178e-03 4.47164410e-04 -2.11068494e-06 -1.06480830e-06 -5.10470761e-07 -2.32955138e-07 -1.02049907e-07 -4.40287655e-08 -1.99575473e-08 -1.06785357e-08 -7.41441808e-09 -6.42096698e-09 -6.20995921e-09 -6.23044982e-09 -6.29519076e-09 -6.35123110e-09 -6.39427283e-09 -6.43724279e-09 -6.49739840e-09 -6.58947547e-09 -6.72137634e-09 -6.89176238e-09 -7.08966896e-09 -7.29609917e-09 -7.48727258e-09 -7.63888264e-09 -7.73053932e-09 -7.74953862e-09 -7.69321418e-09 -7.56943813e-09 -7.39515293e-09 -7.19323989e-09 -6.98830582e-09 -6.80222745e-09 -6.65030053e-09 -6.53875482e-09 -6.46413217e-09 -6.41469322e-09 -6.37377634e-09 -6.32519781e-09 -6.26233937e-09 -6.20777357e-09 -6.26494923e-09 -6.75930978e-09 -8.60466398e-09 -1.41823827e-08 -2.92764297e-08 -6.69706897e-08 -1.54819986e-07 -3.46873399e-07 -7.41961229e-07 -1.50872217e-06 7.93817763e-05 1.11497282e-03 3.38416173e-03 6.91970355e-03 1.17633621e-02 1.79421701e-02 2.54689419e-02 3.43717091e-02 4.46709257e-02 5.62796647e-02 6.91964204e-02 8.32686430e-02 9.83764069e-02 1.14382852e-01 1.30951301e-01 1.47755195e-01 1.64559923e-01 1.81056408e-01 1.96751951e-01 2.11273869e-01 2.24156346e-01 2.35001263e-01 2.43452002e-01 2.49263133e-01 2.52216605e-01 2.52216605e-01 2.49263133e-01 2.43452002e-01 2.35001263e-01 2.24156346e-01 2.11273869e-01 1.96751951e-01 1.81056408e-01 1.64559923e-01 1.47755195e-01 1.30951301e-01 1.14382852e-01 9.83764069e-02 8.32686430e-02 6.91964204e-02 5.62796647e-02 4.46709257e-02 3.43717091e-02 2.54689419e-02 1.79421701e-02 1.17633621e-02 6.91970355e-03 3.38416173e-03 1.11497282e-03 7.93817763e-05 -1.50872217e-06 -7.41961229e-07 -3.46873399e-07 -1.54819986e-07 -6.69706897e-08 -2.92764300e-08 -1.41823823e-08 -8.60466426e-09 -6.75930961e-09 -6.26494917e-09 -6.20777341e-09 -6.26233926e-09 -6.32519770e-09 -6.37377606e-09 -6.41469311e-09 -6.46413229e-09 -6.53875470e-09 -6.65030037e-09 -6.80222745e-09 -6.98830571e-09 -7.19323984e-09 -7.39515288e-09 -7.56943802e-09 -7.69321440e-09 -7.74953862e-09 -7.73053932e-09 -7.63888253e-09 -7.48727247e-09 -7.29609917e-09 -7.08966874e-09 -6.89176272e-09 -6.72137629e-09 -6.58947530e-09 -6.49739867e-09 -6.43724318e-09 -6.39427289e-09 -6.35123110e-09 -6.29519054e-09 -6.23044971e-09 -6.20995910e-09 -6.42096687e-09 -7.41441802e-09 -1.06785355e-08 -1.99575474e-08 -4.40287654e-08 -1.02049907e-07 -2.32955138e-07 -5.10470761e-07 -1.06480830e-06 -2.11068494e-06 4.47164410e-04 2.09293178e-03 4.99338721e-03 9.17810586e-03 1.46811183e-02 2.15253024e-02 2.97523103e-02 3.93501273e-02 5.02979278e-02 6.25915572e-02 7.60998662e-02 9.06953880e-02 1.06283712e-01 1.22603432e-01 1.39343622e-01 1.56174713e-01 1.72875990e-01 1.89030846e-01 2.04185736e-01 2.17941981e-01 2.29855443e-01 2.39543025e-01 2.46704976e-01 2.51104051e-01 2.52588235e-01
2.56000265e-01 2.54495307e-01 2.50031022e-01 2.42772013e-01 2.32951691e-01 2.20867245e-01 2.06928643e-01 1.91495965e-01 1.75073363e-01 1.58083364e-01 1.40944613e-01 1.23970943e-01 1.07433406e-01 9.16139281e-02 7.68128202e-02 6.31474185e-02 5.07149118e-02 3.96591556e-02 2.99712535e-02 2.16867792e-02 1.47847984e-02 9.24289925e-03 5.03258417e-03 2.11025846e-03 4.50721615e-04 -2.41491454e-06 -1.21758609e-06 -5.82778757e-07 -2.65131947e-07 -1.15493875e-07 -4.93098837e-08 -2.19259733e-08 -1.13970786e-08 -7.69495606e-09 -6.55924043e-09 -6.30605634e-09 -6.31606967e-09 -6.37958747e-09 -6.43628850e-09 -6.47913545e-09 -6.51980370e-09 -6.57498433e-09 -6.65935262e-09 -6.78118378e-09 -6.93987195e-09 -7.12543335e-09 -7.31997168e-09 -7.50079399e-09 -7.64455599e-09 -7.73160169e-09 -7.74965675e-09 -7.69614428e-09 -7.57867125e-09 -7.41359318e-09 -7.22293236e-09 -7.03025660e-09 -6.85633250e-09 -6.71539946e-09 -6.61281452e-09 -6.54455506e-09 -6.49871645e-09 -6.45894116e-09 -6.40991316e-09 -6.34682751e-09 -6.29663904e-09 -6.37557357e-09 -6.94846863e-09 -9.04592029e-09 -1.53704431e-08 -3.25180828e-08 -7.54595548e-08 -1.75783441e-07 -3.95487679e-07 -8.47864758e-07 -1.72587954e-06 7.93392375e-05 1.12478487e-03 3.41218945e-03 6.97398026e-03 1.18473654e-02 1.80702917e-02 2.56571123e-02 3.46427464e-02 4.50236957e-02 5.67683399e-02 6.98291807e-02 8.40581296e-02 9.94036498e-02 1.15640998e-01 1.32430829e-01 1.49492497e-01 1.66621898e-01 1.83392084e-01 1.99367119e-01 2.14116394e-01 2.27173071e-01 2.38169759e-01 2.46735994e-01 2.52623382e-01 2.55623441e-01 2.55623441e-01 2.52623382e-01 2.46735994e-01 2.38169759e-01 2.27173071e-01 2.14116394e-01 1.99367119e-01 1.83392084e-01 1.66621898e-01 1.49492497e-01 1.32430829e-01 1.15640998e-01 9.94036498e-02 8.40581296e-02 6.98291807e-02 5.67683399e-02 4.50236957e-02 3.46427464e-02 2.56571123e-02 1.80702917e-02 1.18473654e-02 6.97398026e-03 3.41218945e-03 1.12478487e-03 7.93392375e-05 -1.72587954e-06 -8.47864758e-07 -3.95487679e-07 -1.75783440e-07 -7.54595547e-08 -3.25180829e-08 -1.53704433e-08 -9.04592007e-09 -6.94846858e-09 -6.37557368e-09 -6.29663899e-09 -6.34682745e-09 -6.40991338e-09 -6.45894116e-09 -6.49871656e-09 -6.54455512e-09 -6.61281446e-09 -6.71539918e-09 -6.85633261e-09 -7.03025660e-09 -7.22293236e-09 -7.41359302e-09 -7.57867097e-09 -7.69614422e-09 -7.74965669e-09 -7.73160191e-09 -7.64455621e-09 -7.50079382e-09 -7.31997180e-09 -7.12543352e-09 -6.93987190e-09 -6.78118356e-09 -6.65935274e-09 -6.57498406e-09 -6.51980375e-09 -6.47913551e-09 -6.43628872e-09 -6.37958725e-09 -6.31606950e-09 -6.30605645e-09 -6.55924054e-09 -7.69495589e-09 -1.13970785e-08 -2.19259733e-08 -4.93098837e-08 -1.15493875e-07 -2.65131947e-07 -5.82778758e-07 -1.21758609e-06 -2.41491454e-06 4.50721615e-04 2.11025846e-03 5.03258417e-03 9.24289925e-03 1.47847984e-02 2.16867792e-02 2.99712535e-02 3.96591556e-02 5.07149118e-02 6.31474185e-02 7.68128202e-02 9.16139281e-02 1.07433406e-01 1.23970943e-01 1.40944613e-01 1.58083364e-01 1.75073363e-01 1.91495965e-01 2.06928643e-01 2.20867245e-01 2.32951691e-01 2.42772013e-01 2.50031022e-01 2.54495307e-01 2.56000265e-01
2.59362237e-01 2.57833415e-01 2.53285651e-01 2.45895422e-01 2.35925255e-01 2.23677981e-01 2.09537381e-01 1.93870827e-01 1.77162324e-01 1.59893600e-01 1.42440968e-01 1.25224986e-01 1.08471552e-01 9.24460579e-02 7.74325790e-02 6.36368099e-02 5.10803830e-02 3.99197715e-02 3.01584955e-02 2.18152311e-02 1.48706733e-02 9.29601900e-03 5.06253946e-03 2.12493163e-03 4.52978723e-04 -2.75626913e-06 -1.38915390e-06 -6.63976420e-07 -3.01224911e-07 -1.30537479e-07 -5.51938573e-08 -2.41024740e-08 -1.21802106e-08 -7.99222521e-09 -6.69942951e-09 -6.39963049e-09 -6.39777475e-09 -6.45961329e-09 -6.51693621e-09 -6.55982302e-09 -6.59862376e-09 -6.64939614e-09 -6.72667860e-09 -6.83905843e-09 -6.98660929e-09 -7.16029391e-09 -7.34330463e-09 -7.51403750e-09 -7.65012198e-09 -7.73264597e-09 -7.74977349e-09 -7.69901864e-09 -7.58772112e-09 -7.43163542e-09 -7.25191424e-09 -7.07108128e-09 -6.90879509e-09 -6.77826106e-09 -6.68400890e-09 -6.62150740e-09 -6.57876098e-09 -6.53978499e-09 -6.49020093e-09 -6.42710379e-09 -6.38209796e-09 -6.48525056e-09 -7.14478754e-09 -9.52117063e-09 -1.66762342e-08 -3.61180686e-08 -8.49407316e-08 -1.99274243e-07 -4.50056599e-07 -9.66805106e-07 -1.96966613e-06 8.01852027e-05 1.13189487e-03 3.43423897e-03 7.01736068e-03 1.19115283e-02 1.81686877e-02 2.58117111e-02 3.48668486e-02 4.53177167e-02 5.71843000e-02 7.03857448e-02 8.47814637e-02 1.00344337e-01 1.16779137e-01 1.33798888e-01 1.51150909e-01 1.68573562e-01 1.85631744e-01 2.01863760e-01 2.16832884e-01 2.30067520e-01 2.41221553e-01 2.49932282e-01 2.55930928e-01 2.58979521e-01 2.58979521e-01 2.55930928e-01 2.49932282e-01 2.41221553e-01 2.30067520e-01 2.16832884e-01 2.01863760e-01 1.85631744e-01 1.68573562e-01 1.51150909e-01 1.33798888e-01 1.16779137e-01 1.00344337e-01 8.47814637e-02 7.03857448e-02 5.71843000e-02 4.53177167e-02 3.48668486e-02 2.58117111e-02 1.81686877e-02 1.19115283e-02 7.01736068e-03 3.43423897e-03 1.13189487e-03 8.01852027e-05 -1.96966613e-06 -9.66805106e-07 -4.50056599e-07 -1.99274243e-07 -8.49407316e-08 -3.61180684e-08 -1.66762345e-08 -9.52117074e-09 -7.14478748e-09 -6.48525050e-09 -6.38209774e-09 -6.42710385e-09 -6.49020093e-09 -6.53978488e-09 -6.57876081e-09 -6.62150745e-09 -6.68400901e-09 -6.77826106e-09 -6.90879487e-09 -7.07108161e-09 -7.25191424e-09 -7.43163547e-09 -7.58772101e-09 -7.69901842e-09 -7.74977343e-09 -7.73264597e-09 -7.65012187e-09 -7.51403750e-09 -7.34330446e-09 -7.16029391e-09 -6.98660935e-09 -6.83905832e-09 -6.72667855e-09 -6.64939587e-09 -6.59862376e-09 -6.55982280e-09 -6.51693632e-09 -6.45961323e-09 -6.39777475e-09 -6.39963033e-09 -6.69942946e-09 -7.99222527e-09 -1.21802107e-08 -2.41024740e-08 -5.51938570e-08 -1.30537480e-07 -3.01224911e-07 -6.63976421e-07 -1.38915390e-06 -2.75626913e-06 4.52978723e-04 2.12493163e-03 5.06253946e-03 9.29601900e-03 1.48706733e-02 2.18152311e-02 3.01584955e-02 3.99197715e-02 5.10803830e-02 6.36368099e-02 7.74325790e-02 9.24460579e-02 1.08471552e-01 1.25224986e-01 1.42440968e-01 1.59893600e-01 1.77162324e-01 1.93870827e-01 2.09537381e-01 2.23677981e-01 2.35925255e-01 2.45895422e-01 2.53285651e-01 2.57833415e-01 2.59362237e-01
2.62684030e-01 2.61102038e-01 2.56437596e-01 2.48964773e-01 2.38827105e-01 2.26359875e-01 2.12003356e-01 1.96128711e-01 1.79158143e-01 1.61580419e-01 1.43849613e-01 1.26374452e-01 1.09405513e-01 9.31896290e-02 7.79885994e-02 6.40491557e-02 5.13837526e-02 4.01280629e-02 3.03037741e-02 2.19201260e-02 1.49376200e-02 9.33628439e-03 5.08372647e-03 2.13545482e-03 4.56095658e-04 -3.13831561e-06 -1.58137678e-06 -7.54964302e-07 -3.41633969e-07 -1.47343278e-07 -6.17407898e-08 -2.65071121e-08 -1.30339422e-08 -8.30785596e-09 -6.84197887e-09 -6.49085058e-09 -6.47565634e-09 -6.53531840e-09 -6.59317312e-09 -6.63627747e-09 -6.67360101e-09 -6.72049749e-09 -6.79130402e-09 -6.89484880e-09 -7.03183789e-09 -7.19414200e-09 -7.36601974e-09 -7.52695911e-09 -7.65556019e-09 -7.73366610e-09 -7.74988695e-09 -7.70182895e-09 -7.59655899e-09 -7.44922274e-09 -7.28009680e-09 -7.11065784e-09 -6.95946945e-09 -6.83873302e-09 -6.75219136e-09 -6.69486988e-09 -6.65474464e-09 -6.61627675e-09 -6.56608135e-09 -6.50324050e-09 -6.46427128e-09 -6.59423871e-09 -7.34910527e-09 -1.00335765e-08 -1.81108889e-08 -4.01115760e-08 -9.55142843e-08 -2.25550303e-07 -5.11186780e-07 -1.10009153e-06 -2.24268639e-06 8.02617462e-05 1.13790091e-03 3.44900472e-03 7.04709152e-03 1.19588280e-02 1.82465187e-02 2.59256947e-02 3.50452914e-02 4.55756045e-02 5.75407105e-02 7.08497578e-02 8.54313901e-02 1.01183040e-01 1.17803928e-01 1.35064184e-01 1.52715499e-01 1.70405284e-01 1.87764000e-01 2.04232904e-01 2.19403576e-01 2.32857564e-01 2.44213477e-01 2.53046575e-01 2.59138765e-01 2.62287211e-01 2.62287211e-01 2.59138765e-01 2.53046575e-01 2.44213477e-01 2.32857564e-01 2.19403576e-01 2.04232904e-01 1.87764000e-01 1.70405284e-01 1.52715499e-01 1.35064184e-01 1.17803928e-01 1.01183040e-01 8.54313901e-02 7.08497578e-02 5.75407105e-02 4.55756045e-02 3.50452914e-02 2.59256947e-02 1.82465187e-02 1.19588280e-02 7.04709152e-03 3.44900472e-03 1.13790091e-03 8.02617462e-05 -2.24268639e-06 -1.10009153e-06 -5.11186780e-07 -2.25550303e-07 -9.55142847e-08 -4.01115757e-08 -1.81108889e-08 -1.00335762e-08 -7.34910549e-09 -6.59423849e-09 -6.46427156e-09 -6.50324061e-09 -6.56608157e-09 -6.61627675e-09 -6.65474481e-09 -6.69487016e-09 -6.75219158e-09 -6.83873302e-09 -6.95946983e-09 -7.11065773e-09 -7.28009686e-09 -7.44922274e-09 -7.59655866e-09 -7.70182917e-09 -7.74988718e-09 -7.73366610e-09 -7.65556041e-09 -7.52695928e-09 -7.36601991e-09 -7.19414217e-09 -7.03183800e-09 -6.89484880e-09 -6.79130396e-09 -6.72049749e-09 -6.67360101e-09 -6.63627781e-09 -6.59317317e-09 -6.53531840e-09 -6.47565634e-09 -6.49085041e-09 -6.84197909e-09 -8.30785551e-09 -1.30339421e-08 -2.65071121e-08 -6.17407900e-08 -1.47343278e-07 -3.41633969e-07 -7.54964302e-07 -1.58137678e-06 -3.13831561e-06 4.56095658e-04 2.13545482e-03 5.08372647e-03 9.33628439e-03 1.49376200e-02 2.19201260e-02 3.03037741e-02 4.01280629e-02 5.13837526e-02 6.40491557e-02 7.79885994e-02 9.31896290e-02 1.09405513e-01 1.26374452e-01 1.43849613e-01 1.61580419e-01 1.79158143e-01 1.96128711e-01 2.12003356e-01 2.26359875e-01 2.38827105e-01 2.48964773e-01 2.56437596e-01 2.61102038e-01 2.62684030e-01
2.65962672e-01 2.64353667e-01 2.59586228e-01 2.51870262e-01 2.41596292e-01 2.28955157e-01 2.14346455e-01 1.98225392e-01 1.81043103e-01 1.63185474e-01 1.45144015e-01 1.27412432e-01 1.10220526e-01 9.38332102e-02 7.84737877e-02 6.43779914e-02 5.16333278e-02 4.02815254e-02 3.04100739e-02 2.19823502e-02 1.49782881e-02 9.36348788e-03 5.09854359e-03 2.14119362e-03 4.57575881e-04 -3.56485296e-06 -1.79625474e-06 -8.56713182e-07 -3.86791863e-07 -1.66087571e-07 -6.90159299e-08 -2.91616569e-08 -1.39647821e-08 -8.64361394e-09 -6.98737485e-09 -6.57990534e-09 -6.54984034e-09 -6.60679333e-09 -6.66504074e-09 -6.70849298e-09 -6.74468026e-09 -6.78819639e-09 -6.85311397e-09 -6.94843905e-09 -7.07544917e-09 -7.22688798e-09 -7.38805700e-09 -7.53952034e-09 -7.66085428e-09 -7.73466025e-09 -7.74999814e-09 -7.70456671e-09 -7.60515667e-09 -7.46630230e-09 -7.30740091e-09 -7.14888537e-09 -7.00824115e-09 -6.89669610e-09 -6.81725842e-09 -6.76456657e-09 -6.72663719e-09 -6.68843575e-09 -6.63762567e-09 -6.57534360e-09 -6.54330923e-09 -6.70281886e-09 -7.56233021e-09 -1.05865580e-08 -1.96864768e-08 -4.45368051e-08 -1.07288806e-07 -2.54891049e-07 -5.79533481e-07 -1.24913197e-06 -2.54772434e-06 7.98353107e-05 1.14199274e-03 3.45917314e-03 7.06261568e-03 1.19957041e-02 1.83049928e-02 2.60029099e-02 3.51768772e-02 4.57728109e-02 5.78339738e-02 7.12434368e-02 8.60066470e-02 1.01904846e-01 1.18730591e-01 1.36223461e-01 1.54159729e-01 1.72158775e-01 1.89752467e-01 2.06449554e-01 2.21875532e-01 2.35548027e-01 2.47054840e-01 2.56075400e-01 2.62356903e-01 2.65559742e-01 2.65559742e-01 2.62356903e-01 2.56075400e-01 2.47054840e-01 2.35548027e-01 2.21875532e-01 2.06449554e-01 1.89752467e-01 1.72158775e-01 1.54159729e-01 1.36223461e-01 1.18730591e-01 1.01904846e-01 8.60066470e-02 7.12434368e-02 5.78339738e-02 4.57728109e-02 3.51768772e-02 2.60029099e-02 1.83049928e-02 1.19957041e-02 7.06261568e-03 3.45917314e-03 1.14199274e-03 7.98353107e-05 -2.54772434e-06 -1.24913197e-06 -5.79533481e-07 -2.54891050e-07 -1.07288806e-07 -4.45368050e-08 -1.96864768e-08 -1.05865578e-08 -7.56233032e-09 -6.70281897e-09 -6.54330934e-09 -6.57534360e-09 -6.63762589e-09 -6.68843564e-09 -6.72663719e-09 -6.76456652e-09 -6.81725826e-09 -6.89669610e-09 -7.00824099e-09 -7.14888532e-09 -7.30740107e-09 -7.46630230e-09 -7.60515662e-09 -7.70456660e-09 -7.74999831e-09 -7.73466019e-09 -7.66085428e-09 -7.53952023e-09 -7.38805717e-09 -7.22688787e-09 -7.07544934e-09 -6.94843910e-09 -6.85311424e-09 -6.78819623e-09 -6.74468037e-09 -6.70849259e-09 -6.66504080e-09 -6.60679322e-09 -6.54984056e-09 -6.57990551e-09 -6.98737490e-09 -8.64361410e-09 -1.39647822e-08 -2.91616570e-08 -6.90159296e-08 -1.66087571e-07 -3.86791864e-07 -8.56713182e-07 -1.79625474e-06 -3.56485297e-06 4.57575881e-04 2.14119362e-03 5.09854359e-03 9.36348788e-03 1.49782881e-02 2.19823502e-02 3.04100739e-02 4.02815254e-02 5.16333278e-02 6.43779914e-02 7.84737877e-02 9.38332102e-02 1.10220526e-01 1.27412432e-01 1.45144015e-01 1.63185474e-01 1.81043103e-01 1.98225392e-01 2.14346455e-01 2.28955157e-01 2.41596292e-01 2.51870262e-01 2.59586228e-01 2.64353667e-01 2.65962672e-01
2.69107584e-01 2.67475848e-01 2.62636411e-01 2.54786273e-01 2.44237248e-01 2.31420301e-01 2.16602940e-01 2.00191832e-01 1.82756730e-01 1.64669916e-01 1.46357253e-01 1.28336172e-01 1.10956396e-01 9.43772674e-02 7.88799280e-02 6.46269209e-02 5.18121557e-02 4.03887309e-02 3.04765786e-02 2.20128471e-02 1.49929347e-02 9.37469058e-03 5.10684937e-03 2.14457505e-03 4.58243282e-04 -4.03991683e-06 -2.03592798e-06 -9.70267702e-07 -4.37166157e-07 -1.86961347e-07 -7.70900498e-08 -3.20897284e-08 -1.49797724e-08 -9.00139308e-09 -7.13613113e-09 -6.66701028e-09 -6.62047861e-09 -6.67415528e-09 -6.73262235e-09 -6.77650269e-09 -6.81184675e-09 -6.85244084e-09 -6.91202934e-09 -6.99973735e-09 -7.11735537e-09 -7.25845795e-09 -7.40935951e-09 -7.55168861e-09 -7.66599151e-09 -7.73562570e-09 -7.75010606e-09 -7.70722419e-09 -7.61349322e-09 -7.48283296e-09 -7.33376210e-09 -7.18568033e-09 -7.05501874e-09 -6.95206526e-09 -6.87914187e-09 -6.83056434e-09 -6.79444834e-09 -6.75632039e-09 -6.70493439e-09 -6.64355193e-09 -6.61938060e-09 -6.81129797e-09 -7.78542980e-09 -1.11838074e-08 -2.14160818e-08 -4.94352008e-08 -1.20382041e-07 -2.87598855e-07 -6.55803395e-07 -1.41543756e-06 -2.88774886e-06 7.94113441e-05 1.14483570e-03 3.46466428e-03 7.07246047e-03 1.20146703e-02 1.83315878e-02 2.60581445e-02 3.52523038e-02 4.59188629e-02 5.80466893e-02 7.15690970e-02 8.64834460e-02 1.02533087e-01 1.19541257e-01 1.37289702e-01 1.55518724e-01 1.73760285e-01 1.91586126e-01 2.08561142e-01 2.24235981e-01 2.38107238e-01 2.49828752e-01 2.59070604e-01 2.65447538e-01 2.68698962e-01 2.68698962e-01 2.65447538e-01 2.59070604e-01 2.49828752e-01 2.38107238e-01 2.24235981e-01 2.08561142e-01 1.91586126e-01 1.73760285e-01 1.55518724e-01 1.37289702e-01 1.19541257e-01 1.02533087e-01 8.64834460e-02 7.15690970e-02 5.80466893e-02 4.59188629e-02 3.52523038e-02 2.60581445e-02 1.83315878e-02 1.20146703e-02 7.07246047e-03 3.46466428e-03 1.14483570e-03 7.94113441e-05 -2.88774886e-06 -1.41543756e-06 -6.55803395e-07 -2.87598855e-07 -1.20382041e-07 -4.94352008e-08 -2.14160814e-08 -1.11838074e-08 -7.78542969e-09 -6.81129825e-09 -6.61938054e-09 -6.64355204e-09 -6.70493416e-09 -6.75632039e-09 -6.79444823e-09 -6.83056400e-09 -6.87914226e-09 -6.95206526e-09 -7.05501851e-09 -7.18568022e-09 -7.33376215e-09 -7.48283274e-09 -7.61349339e-09 -7.70722430e-09 -7.75010606e-09 -7.73562570e-09 -7.66599167e-09 -7.55168866e-09 -7.40935935e-09 -7.25845795e-09 -7.11735537e-09 -6.99973740e-09 -6.91202906e-09 -6.85244073e-09 -6.81184686e-09 -6.77650236e-09 -6.73262224e-09 -6.67415523e-09 -6.62047861e-09 -6.66701022e-09 -7.13613102e-09 -9.00139308e-09 -1.49797724e-08 -3.20897282e-08 -7.70900495e-08 -1.86961347e-07 -4.37166157e-07 -9.70267702e-07 -2.03592798e-06 -4.03991683e-06 4.58243282e-04 2.14457505e-03 5.10684937e-03 9.37469058e-03 1.49929347e-02 2.20128471e-02 3.04765786e-02 4.03887309e-02 5.18121557e-02 6.46269209e-02 7.88799280e-02 9.43772674e-02 1.10956396e-01 1.28336172e-01 1.46357253e-01 1.64669916e-01 1.82756730e-01 2.00191832e-01 2.16602940e-01 2.31420301e-01 2.44237248e-01 2.54786273e-01 2.62636411e-01 2.67475848e-01 2.69107584e-01
2.72224814e-01 2.70562575e-01 2.65621198e-01 2.57591899e-01 2.46823870e-01 2.33712502e-01 2.18714364e-01 2.02078852e-01 1.84335280e-01 1.65999321e-01 1.47479936e-01 1.29166540e-01 1.11549242e-01 9.48319245e-02 7.91878505e-02 6.48366596e-02 5.19260418e-02 4.04554145e-02 3.04994016e-02 2.20180891e-02 1.49887787e-02 9.36990718e-03 5.10717724e-03 2.14614013e-03 4.57247021e-04 -4.56778299e-06 -2.30268169e-06 -1.09675000e-06 -4.93261318e-07 -2.10171286e-07 -8.60398620e-08 -3.53169329e-08 -1.60865445e-08 -9.38324018e-09 -7.28880167e-09 -6.75238998e-09 -6.68773875e-09 -6.73755357e-09 -6.79603251e-09 -6.84038143e-09 -6.87512858e-09 -6.91321667e-09 -6.96800651e-09 -7.04868086e-09 -7.15749282e-09 -7.28879535e-09 -7.42988704e-09 -7.56343743e-09 -7.67095837e-09 -7.73655939e-09 -7.75020992e-09 -7.70979475e-09 -7.62154900e-09 -7.49877827e-09 -7.35912897e-09 -7.22098287e-09 -7.09973802e-09 -7.00478514e-09 -6.93781205e-09 -6.89286594e-09 -6.85822510e-09 -6.82002321e-09 -6.76814049e-09 -6.70802131e-09 -6.69267286e-09 -6.91999957e-09 -8.01945294e-09 -1.18293182e-08 -2.33138852e-08 -5.48516983e-08 -1.34921517e-07 -3.24000493e-07 -7.40757456e-07 -1.60062703e-06 -3.26591854e-06 7.92850339e-05 1.14423195e-03 3.46598438e-03 7.07416455e-03 1.20108682e-02 1.83325040e-02 2.60767275e-02 3.52816057e-02 4.60052058e-02 5.81863661e-02 7.18410195e-02 8.68540146e-02 1.03068123e-01 1.20242395e-01 1.38269899e-01 1.56749865e-01 1.75208974e-01 1.93318406e-01 2.10563141e-01 2.26438537e-01 2.40522959e-01 2.52535341e-01 2.61972902e-01 2.68494760e-01 2.71808628e-01 2.71808628e-01 2.68494760e-01 2.61972902e-01 2.52535341e-01 2.40522959e-01 2.26438537e-01 2.10563141e-01 1.93318406e-01 1.75208974e-01 1.56749865e-01 1.38269899e-01 1.20242395e-01 1.03068123e-01 8.68540146e-02 7.18410195e-02 5.81863661e-02 4.60052058e-02 3.52816057e-02 2.60767275e-02 1.83325040e-02 1.20108682e-02 7.07416455e-03 3.46598438e-03 1.14423195e-03 7.92850339e-05 -3.26591854e-06 -1.60062703e-06 -7.40757456e-07 -3.24000494e-07 -1.34921517e-07 -5.48516984e-08 -2.33138852e-08 -1.18293182e-08 -8.01945277e-09 -6.91999957e-09 -6.69267286e-09 -6.70802114e-09 -6.76814049e-09 -6.82002321e-09 -6.85822532e-09 -6.89286578e-09 -6.93781194e-09 -7.00478497e-09 -7.09973791e-09 -7.22098287e-09 -7.35912908e-09 -7.49877815e-09 -7.62154861e-09 -7.70979458e-09 -7.75021003e-09 -7.73655917e-09 -7.67095820e-09 -7.56343771e-09 -7.42988721e-09 -7.28879535e-09 -7.15749271e-09 -7.04868097e-09 -6.96800651e-09 -6.91321672e-09 -6.87512858e-09 -6.84038148e-09 -6.79603257e-09 -6.73755368e-09 -6.68773881e-09 -6.75238976e-09 -7.28880173e-09 -9.38324018e-09 -1.60865443e-08 -3.53169329e-08 -8.60398622e-08 -2.10171286e-07 -4.93261319e-07 -1.09675000e-06 -2.30268169e-06 -4.56778299e-06 4.57247021e-04 2.14614013e-03 5.10717724e-03 9.36990718e-03 1.49887787e-02 2.20180891e-02 3.04994016e-02 4.04554145e-02 5.19260418e-02 6.48366596e-02 7.91878505e-02 9.48319245e-02 1.11549242e-01 1.29166540e-01 1.47479936e-01 1.65999321e-01 1.84335280e-01 2.02078852e-01 2.18714364e-01 2.33712502e-01 2.46823870e-01 2.57591899e-01 2.65621198e-01 2.70562575e-01 2.72224814e-01
2.75196458e-01 2.73511007e-01 2.68513553e-01 2.60369692e-01 2.49395865e-01 2.35947572e-01 2.20640001e-01 2.03807310e-01 1.85840601e-01 1.67190099e-01 1.48454673e-01 1.29944562e-01 1.12044086e-01 9.51879277e-02 7.94122272e-02 6.49721667e-02 5.19664658e-02 4.04767821e-02 3.04805992e-02 2.20007754e-02 1.49718417e-02 9.35487989e-03 5.09712852e-03 2.14364352e-03 4.57002164e-04 -5.15296959e-06 -2.59895065e-06 -1.23736334e-06 -5.55620847e-07 -2.35940772e-07 -9.59484348e-08 -3.88710081e-08 -1.72933565e-08 -9.79135806e-09 -7.44597317e-09 -6.83627616e-09 -6.75180217e-09 -6.79715395e-09 -6.85541018e-09 -6.90022878e-09 -6.93458246e-09 -6.97053981e-09 -7.02103042e-09 -7.09523496e-09 -7.19581456e-09 -7.31785571e-09 -7.44960327e-09 -7.57474666e-09 -7.67574576e-09 -7.73746084e-09 -7.75031106e-09 -7.71227315e-09 -7.62930752e-09 -7.51411156e-09 -7.38346512e-09 -7.25474658e-09 -7.14235848e-09 -7.05482844e-09 -6.99326702e-09 -6.95150892e-09 -6.91805002e-09 -6.87966784e-09 -6.82740103e-09 -6.76892875e-09 -6.76338008e-09 -7.02926434e-09 -8.26551250e-09 -1.25274037e-08 -2.53952456e-08 -6.08349741e-08 -1.51045234e-07 -3.64448650e-07 -8.35213687e-07 -1.80643094e-06 -3.68558561e-06 7.85774193e-05 1.14299371e-03 3.46043179e-03 7.06271356e-03 1.19888586e-02 1.83095283e-02 2.60592983e-02 3.52879750e-02 4.60360232e-02 5.82667713e-02 7.20209710e-02 8.71505213e-02 1.03479928e-01 1.20882359e-01 1.39141251e-01 1.57813762e-01 1.76562947e-01 1.94928219e-01 2.12400387e-01 2.28480615e-01 2.42940238e-01 2.55220599e-01 2.64815648e-01 2.71419326e-01 2.74773072e-01 2.74773072e-01 2.71419326e-01 2.64815648e-01 2.55220599e-01 2.42940238e-01 2.28480615e-01 2.12400387e-01 1.94928219e-01 1.76562947e-01 1.57813762e-01 1.39141251e-01 1.20882359e-01 1.03479928e-01 8.71505213e-02 7.20209710e-02 5.82667713e-02 4.60360232e-02 3.52879750e-02 2.60592983e-02 1.83095283e-02 1.19888586e-02 7.06271356e-03 3.46043179e-03 1.14299371e-03 7.85774193e-05 -3.68558560e-06 -1.80643094e-06 -8.35213687e-07 -3.64448650e-07 -1.51045234e-07 -6.08349742e-08 -2.53952452e-08 -1.25274037e-08 -8.26551250e-09 -7.02926434e-09 -6.76338030e-09 -6.76892847e-09 -6.82740081e-09 -6.87966800e-09 -6.91805013e-09 -6.95150870e-09 -6.99326719e-09 -7.05482839e-09 -7.14235826e-09 -7.25474658e-09 -7.38346506e-09 -7.51411156e-09 -7.62930757e-09 -7.71227315e-09 -7.75031106e-09 -7.73746067e-09 -7.67574593e-09 -7.57474672e-09 -7.44960316e-09 -7.31785577e-09 -7.19581456e-09 -7.09523523e-09 -7.02103026e-09 -6.97053970e-09 -6.93458269e-09 -6.90022861e-09 -6.85541018e-09 -6.79715378e-09 -6.75180212e-09 -6.83627610e-09 -7.44597312e-09 -9.79135795e-09 -1.72933567e-08 -3.88710081e-08 -9.59484346e-08 -2.35940771e-07 -5.55620847e-07 -1.23736334e-06 -2.59895065e-06 -5.15296959e-06 4.57002164e-04 2.14364352e-03 5.09712852e-03 9.35487989e-03 1.49718417e-02 2.20007754e-02 3.04805992e-02 4.04767821e-02 5.19664658e-02 6.49721667e-02 7.94122272e-02 9.51879277e-02 1.12044086e-01 1.29944562e-01 1.48454673e-01 1.67190099e-01 1.85840601e-01 2.03807310e-01 2.20640001e-01 2.35947572e-01 2.49395865e-01 2.60369692e-01 2.68513553e-01 2.73511007e-01 2.75196458e-01
2.78052171e-01 2.76335804e-01 2.71265728e-01 2.62995921e-01 2.51853169e-01 2.38187617e-01 2.22473784e-01 2.05352537e-01 1.87179789e-01 1.68311338e-01 1.49297050e-01 1.30586496e-01 1.12485726e-01 9.54217919e-02 7.95702236e-02 6.50271148e-02 5.19540783e-02 4.04369533e-02 3.04221943e-02 2.19497675e-02 1.49344660e-02 9.32667838e-03 5.08089182e-03 2.13586300e-03 4.55608187e-04 -5.80023796e-06 -2.92732330e-06 -1.39339562e-06 -6.24829433e-07 -2.64510971e-07 -1.06905641e-07 -4.27819974e-08 -1.86091424e-08 -1.02281202e-08 -7.60826530e-09 -6.91892027e-09 -6.81285983e-09 -6.85313895e-09 -6.91092072e-09 -6.95617297e-09 -6.99029745e-09 -7.02445851e-09 -7.07111336e-09 -7.13938819e-09 -7.23229748e-09 -7.34561245e-09 -7.46848683e-09 -7.58560059e-09 -7.68034736e-09 -7.73832798e-09 -7.75040776e-09 -7.71465686e-09 -7.63676089e-09 -7.52881235e-09 -7.40674105e-09 -7.28694521e-09 -7.18285742e-09 -7.10219361e-09 -7.04553482e-09 -7.00656111e-09 -6.97402958e-09 -6.93540270e-09 -6.88288732e-09 -6.82645673e-09 -6.83170648e-09 -7.13944931e-09 -8.52481280e-09 -1.32827292e-08 -2.76767949e-08 -6.74377302e-08 -1.68902352e-07 -4.09323489e-07 -9.40050072e-07 -2.03469575e-06 -4.15029923e-06 7.72085119e-05 1.13950246e-03 3.44881612e-03 7.03988264e-03 1.19498810e-02 1.82565632e-02 2.60040217e-02 3.52452565e-02 4.60033216e-02 5.82973537e-02 7.21212502e-02 8.73519438e-02 1.03804551e-01 1.21437382e-01 1.39865119e-01 1.58792141e-01 1.77800487e-01 1.96373492e-01 2.14062907e-01 2.30546551e-01 2.45309398e-01 2.57766488e-01 2.67512788e-01 2.74212384e-01 2.77622373e-01 2.77622373e-01 2.74212384e-01 2.67512788e-01 2.57766488e-01 2.45309398e-01 2.30546551e-01 2.14062907e-01 1.96373492e-01 1.77800487e-01 1.58792141e-01 1.39865119e-01 1.21437382e-01 1.03804551e-01 8.73519438e-02 7.21212502e-02 5.82973537e-02 4.60033216e-02 3.52452565e-02 2.60040217e-02 1.82565632e-02 1.19498810e-02 7.03988264e-03 3.44881612e-03 1.13950246e-03 7.72085119e-05 -4.15029923e-06 -2.03469575e-06 -9.40050072e-07 -4.09323489e-07 -1.68902352e-07 -6.74377303e-08 -2.76767953e-08 -1.32827292e-08 -8.52481291e-09 -7.13944937e-09 -6.83170653e-09 -6.82645712e-09 -6.88288715e-09 -6.93540286e-09 -6.97402952e-09 -7.00656111e-09 -7.04553504e-09 -7.10219350e-09 -7.18285775e-09 -7.28694532e-09 -7.40674122e-09 -7.52881252e-09 -7.63676089e-09 -7.71465675e-09 -7.75040765e-09 -7.73832787e-09 -7.68034736e-09 -7.58560043e-09 -7.46848666e-09 -7.34561229e-09 -7.23229743e-09 -7.13938819e-09 -7.07111336e-09 -7.02445857e-09 -6.99029729e-09 -6.95617297e-09 -6.91092095e-09 -6.85313872e-09 -6.81285978e-09 -6.91892033e-09 -7.60826524e-09 -1.02281204e-08 -1.86091424e-08 -4.27819975e-08 -1.06905640e-07 -2.64510971e-07 -6.24829433e-07 -1.39339562e-06 -2.92732330e-06 -5.80023796e-06 4.55608187e-04 2.13586300e-03 5.08089182e-03 9.32667838e-03 1.49344660e-02 2.19497675e-02 3.04221943e-02 4.04369533e-02 5.19540783e-02 6.50271148e-02 7.95702236e-02 9.54217919e-02 1.12485726e-01 1.30586496e-01 1.49297050e-01 1.68311338e-01 1.87179789e-01 2.05352537e-01 2.22473784e-01 2.38187617e-01 2.51853169e-01 2.62995921e-01 2.71265728e-01 2.76335804e-01 2.78052171e-01
2.80724583e-01 2.78987335e-01 2.73842870e-01 2.65470140e-01 2.54177956e-01 2.40304514e-01 2.24342167e-01 2.06792722e-01 1.88342023e-01 1.69279692e-01 1.50045775e-01 1.31096280e-01 1.12848530e-01 9.55744317e-02 7.96288972e-02 6.50080085e-02 5.19021090e-02 4.03505167e-02 3.03318326e-02 2.18714649e-02 1.48699908e-02 9.28881123e-03 5.05715646e-03 2.12469591e-03 4.52885485e-04 -6.51459170e-06 -3.29054525e-06 -1.56622284e-06 -7.01515151e-07 -2.96141934e-07 -1.19008623e-07 -4.70824098e-08 -2.00435706e-08 -1.06960884e-08 -7.77634013e-09 -7.00056796e-09 -6.87110691e-09 -6.90569762e-09 -6.96273805e-09 -7.00836206e-09 -7.04238179e-09 -7.07504150e-09 -7.11828746e-09 -7.18114895e-09 -7.26693283e-09 -7.37204858e-09 -7.48651818e-09 -7.59598662e-09 -7.68475694e-09 -7.73915937e-09 -7.75050041e-09 -7.71694153e-09 -7.64389951e-09 -7.54286722e-09 -7.42894168e-09 -7.31756539e-09 -7.22123600e-09 -7.14690396e-09 -7.09466896e-09 -7.05811082e-09 -7.02629260e-09 -6.98738889e-09 -6.93478747e-09 -6.88079826e-09 -6.89786056e-09 -7.25092592e-09 -8.79863044e-09 -1.41003323e-08 -3.01765322e-08 -7.47169673e-08 -1.88653932e-07 -4.59034229e-07 -1.05620738e-06 -2.28738761e-06 -4.66380768e-06 7.61480445e-05 1.13490817e-03 3.43163479e-03 7.00457592e-03 1.19023739e-02 1.81844653e-02 2.59136676e-02 3.51572551e-02 4.59219143e-02 5.82603749e-02 7.21529160e-02 8.74418829e-02 1.04079660e-01 1.21866366e-01 1.40491167e-01 1.59654455e-01 1.78876347e-01 1.97657183e-01 2.15738567e-01 2.32547584e-01 2.47534212e-01 2.60166599e-01 2.70046588e-01 2.76829883e-01 2.80288878e-01 2.80288878e-01 2.76829883e-01 2.70046588e-01 2.60166599e-01 2.47534212e-01 2.32547584e-01 2.15738567e-01 1.97657183e-01 1.78876347e-01 1.59654455e-01 1.40491167e-01 1.21866366e-01 1.04079660e-01 8.74418829e-02 7.21529160e-02 5.82603749e-02 4.59219143e-02 3.51572551e-02 2.59136676e-02 1.81844653e-02 1.19023739e-02 7.00457592e-03 3.43163479e-03 1.13490817e-03 7.61480445e-05 -4.66380768e-06 -2.28738761e-06 -1.05620738e-06 -4.59034229e-07 -1.88653932e-07 -7.47169675e-08 -3.01765323e-08 -1.41003323e-08 -8.79863049e-09 -7.25092575e-09 -6.89786067e-09 -6.88079815e-09 -6.93478769e-09 -6.98738872e-09 -7.02629288e-09 -7.05811043e-09 -7.09466880e-09 -7.14690379e-09 -7.22123616e-09 -7.31756539e-09 -7.42894168e-09 -7.54286700e-09 -7.64389924e-09 -7.71694153e-09 -7.75050024e-09 -7.73915948e-09 -7.68475711e-09 -7.59598673e-09 -7.48651807e-09 -7.37204847e-09 -7.26693289e-09 -7.18114912e-09 -7.11828740e-09 -7.07504150e-09 -7.04238162e-09 -7.00836217e-09 -6.96273827e-09 -6.90569724e-09 -6.87110674e-09 -7.00056779e-09 -7.77633996e-09 -1.06960886e-08 -2.00435708e-08 -4.70824098e-08 -1.19008623e-07 -2.96141934e-07 -7.01515151e-07 -1.56622284e-06 -3.29054525e-06 -6.51459170e-06 4.52885485e-04 2.12469591e-03 5.05715646e-03 9.28881123e-03 1.48699908e-02 2.18714649e-02 3.03318326e-02 4.03505167e-02 5.19021090e-02 6.50080085e-02 7.96288972e-02 9.55744317e-02 1.12848530e-01 1.31096280e-01 1.50045775e-01 1.69279692e-01 1.88342023e-01 2.06792722e-01 2.24342167e-01 2.40304514e-01 2.54177956e-01 2.65470140e-01 2.73842870e-01 2.78987335e-01 2.80724583e-01
2.83385187e-01 2.81611840e-01 2.76349951e-01 2.67797693e-01 2.56321557e-01 2.42262135e-01 2.26066074e-01 2.08260242e-01 1.89382370e-01 1.70088469e-01 1.50680916e-01 1.31512012e-01 1.13085757e-01 9.56894180e-02 7.95972733e-02 6.49469128e-02 5.17831372e-02 4.02151689e-02 3.02066400e-02 2.17604031e-02 1.47790458e-02 9.23019441e-03 5.02788360e-03 2.11341349e-03 4.48445685e-04 -7.30127407e-06 -3.69152220e-06 -1.75731241e-06 -7.86351655e-07 -3.31113724e-07 -1.32362273e-07 -5.18073945e-08 -2.16070949e-08 -1.11980185e-08 -7.95089050e-09 -7.08147574e-09 -6.92673580e-09 -6.95502617e-09 -7.01105246e-09 -7.05696085e-09 -7.09096737e-09 -7.12238157e-09 -7.16261273e-09 -7.22054366e-09 -7.29972771e-09 -7.39716183e-09 -7.50369528e-09 -7.60590002e-09 -7.68897090e-09 -7.73995429e-09 -7.75058961e-09 -7.71912839e-09 -7.65071750e-09 -7.55626972e-09 -7.45006040e-09 -7.34660643e-09 -7.25750982e-09 -7.18899607e-09 -7.14074172e-09 -7.10626952e-09 -7.07499026e-09 -7.03580649e-09 -6.98329339e-09 -6.93214952e-09 -6.96204761e-09 -7.36407946e-09 -9.08834608e-09 -1.49856579e-08 -3.29139233e-08 -8.27342869e-08 -2.10473690e-07 -5.14020770e-07 -1.18469200e-06 -2.56659579e-06 -5.23005942e-06 7.51919418e-05 1.12710733e-03 3.41150269e-03 6.96323247e-03 1.18337175e-02 1.80891532e-02 2.57896488e-02 3.50194789e-02 4.57866246e-02 5.81688261e-02 7.21013798e-02 8.74642312e-02 1.04254698e-01 1.22186761e-01 1.41030840e-01 1.60381324e-01 1.79786432e-01 1.98908956e-01 2.17339411e-01 2.34399264e-01 2.49589309e-01 2.62392667e-01 2.72469048e-01 2.79406526e-01 2.82941059e-01 2.82941059e-01 2.79406526e-01 2.72469048e-01 2.62392667e-01 2.49589309e-01 2.34399264e-01 2.17339411e-01 1.98908956e-01 1.79786432e-01 1.60381324e-01 1.41030840e-01 1.22186761e-01 1.04254698e-01 8.74642312e-02 7.21013798e-02 5.81688261e-02 4.57866246e-02 3.50194789e-02 2.57896488e-02 1.80891532e-02 1.18337175e-02 6.96323247e-03 3.41150269e-03 1.12710733e-03 7.51919418e-05 -5.23005942e-06 -2.56659579e-06 -1.18469200e-06 -5.14020770e-07 -2.10473690e-07 -8.27342868e-08 -3.29139235e-08 -1.49856579e-08 -9.08834596e-09 -7.36407912e-09 -6.96204772e-09 -6.93214952e-09 -6.98329339e-09 -7.03580649e-09 -7.07499020e-09 -7.10626941e-09 -7.14074161e-09 -7.18899590e-09 -7.25751004e-09 -7.34660627e-09 -7.45006040e-09 -7.55626967e-09 -7.65071739e-09 -7.71912828e-09 -7.75058950e-09 -7.73995446e-09 -7.68897090e-09 -7.60590013e-09 -7.50369511e-09 -7.39716199e-09 -7.29972777e-09 -7.22054372e-09 -7.16261250e-09 -7.12238152e-09 -7.09096737e-09 -7.05696074e-09 -7.01105268e-09 -6.95502611e-09 -6.92673574e-09 -7.08147574e-09 -7.95089067e-09 -1.11980185e-08 -2.16070947e-08 -5.18073946e-08 -1.32362273e-07 -3.31113724e-07 -7.86351655e-07 -1.75731241e-06 -3.69152220e-06 -7.30127407e-06 4.48445685e-04 2.11341349e-03 5.02788360e-03 9.23019441e-03 1.47790458e-02 2.17604031e-02 3.02066400e-02 4.02151689e-02 5.17831372e-02 6.49469128e-02 7.95972733e-02 9.56894180e-02 1.13085757e-01 1.31512012e-01 1.50680916e-01 1.70088469e-01 1.89382370e-01 2.08260242e-01 2.26066074e-01 2.42262135e-01 2.56321557e-01 2.67797693e-01 2.76349951e-01 2.81611840e-01 2.83385187e-01
2.85894294e-01 2.84100068e-01 2.78776443e-01 2.70110917e-01 2.58406053e-01 2.44065442e-01 2.27635248e-01 2.09597825e-01 1.90427768e-01 1.70785251e-01 1.51159619e-01 1.31844085e-01 1.13236146e-01 9.57206860e-02 7.94885282e-02 6.47938257e-02 5.16090651e-02 4.00297675e-02 3.00521921e-02 2.16264414e-02 1.46765333e-02 9.16223371e-03 4.98947925e-03 2.09792791e-03 4.44872025e-04 -8.16576330e-06 -4.13332207e-06 -1.96822625e-06 -8.80060376e-07 -3.69727583e-07 -1.47079740e-07 -5.69949241e-08 -2.33110109e-08 -1.17368871e-08 -8.13266043e-09 -7.16190107e-09 -6.97993957e-09 -7.00132308e-09 -7.05605629e-09 -7.10214487e-09 -7.13619619e-09 -7.16658682e-09 -7.20416193e-09 -7.25761451e-09 -7.33070138e-09 -7.42095824e-09 -7.52001372e-09 -7.61533780e-09 -7.69298958e-09 -7.74071257e-09 -7.75067410e-09 -7.72121184e-09 -7.65721375e-09 -7.56901636e-09 -7.47009898e-09 -7.37408223e-09 -7.29170851e-09 -7.22853122e-09 -7.18384341e-09 -7.15116411e-09 -7.12028125e-09 -7.08084136e-09 -7.02860536e-09 -6.98070329e-09 -7.02447145e-09 -7.47931045e-09 -9.39543343e-09 -1.59445855e-08 -3.59100013e-08 -9.15561986e-08 -2.34548777e-07 -5.74755343e-07 -1.32657863e-06 -2.87453577e-06 -5.85320294e-06 7.34118839e-05 1.11837092e-03 3.38753553e-03 6.91359154e-03 1.17498921e-02 1.79735070e-02 2.56444762e-02 3.48495283e-02 4.56085669e-02 5.80169520e-02 7.19617683e-02 8.74376946e-02 1.04330771e-01 1.22436706e-01 1.41449767e-01 1.60942214e-01 1.80631907e-01 2.00113504e-01 2.18795058e-01 2.36084603e-01 2.51536296e-01 2.64611854e-01 2.74844642e-01 2.81871660e-01 2.85444878e-01 2.85444878e-01 2.81871660e-01 2.74844642e-01 2.64611854e-01 2.51536296e-01 2.36084603e-01 2.18795058e-01 2.00113504e-01 1.80631907e-01 1.60942214e-01 1.41449767e-01 1.22436706e-01 1.04330771e-01 8.74376946e-02 7.19617683e-02 5.80169520e-02 4.56085669e-02 3.48495283e-02 2.56444762e-02 1.79735070e-02 1.17498921e-02 6.91359154e-03 3.38753553e-03 1.11837092e-03 7.34118839e-05 -5.85320294e-06 -2.87453577e-06 -1.32657863e-06 -5.74755343e-07 -2.34548777e-07 -9.15561985e-08 -3.59100014e-08 -1.59445855e-08 -9.39543338e-09 -7.47931050e-09 -7.02447150e-09 -6.98070302e-09 -7.02860503e-09 -7.08084130e-09 -7.12028136e-09 -7.15116433e-09 -7.18384330e-09 -7.22853144e-09 -7.29170846e-09 -7.37408234e-09 -7.47009887e-09 -7.56901641e-09 -7.65721353e-09 -7.72121195e-09 -7.75067399e-09 -7.74071252e-09 -7.69298958e-09 -7.61533775e-09 -7.52001350e-09 -7.42095818e-09 -7.33070099e-09 -7.25761473e-09 -7.20416182e-09 -7.16658666e-09 -7.13619630e-09 -7.10214476e-09 -7.05605657e-09 -7.00132330e-09 -6.97993946e-09 -7.16190085e-09 -8.13266077e-09 -1.17368870e-08 -2.33110111e-08 -5.69949244e-08 -1.47079740e-07 -3.69727583e-07 -8.80060376e-07 -1.96822626e-06 -4.13332207e-06 -8.16576330e-06 4.44872025e-04 2.09792791e-03 4.98947925e-03 9.16223371e-03 1.46765333e-02 2.16264414e-02 3.00521921e-02 4.00297675e-02 5.16090651e-02 6.47938257e-02 7.94885282e-02 9.57206860e-02 1.13236146e-01 1.31844085e-01 1.51159619e-01 1.70785251e-01 1.90427768e-01 2.09597825e-01 2.27635248e-01 2.44065442e-01 2.58406053e-01 2.70110917e-01 2.78776443e-01 2.84100068e-01 2.85894294e-01
2.88261289e-01 2.86440345e-01 2.81037710e-01 2.72244910e-01 2.60384881e-01 2.45850022e-01 2.29085537e-01 2.10781373e-01 1.91369195e-01 1.71437492e-01 1.51523604e-01 1.32045598e-01 1.13308084e-01 9.56506322e-02 7.93484850e-02 6.45781114e-02 5.13949853e-02 3.98070880e-02 2.98594873e-02 2.14600758e-02 1.45617260e-02 9.08111326e-03 4.94469839e-03 2.07821347e-03 4.40720372e-04 -9.11376562e-06 -4.61917634e-06 -2.20062371e-06 -9.83412703e-07 -4.12307114e-07 -1.63282950e-07 -6.26859930e-08 -2.51675188e-08 -1.23158957e-08 -8.32243741e-09 -7.24210325e-09 -7.03090880e-09 -7.04477987e-09 -7.09794817e-09 -7.14409654e-09 -7.17822551e-09 -7.20778037e-09 -7.24301913e-09 -7.29242056e-09 -7.35988775e-09 -7.44345130e-09 -7.53547957e-09 -7.62430119e-09 -7.69681163e-09 -7.74143577e-09 -7.75075487e-09 -7.72319653e-09 -7.66338820e-09 -7.58111141e-09 -7.48906936e-09 -7.40001560e-09 -7.32387634e-09 -7.26557681e-09 -7.22407756e-09 -7.19293358e-09 -7.16233756e-09 -7.12268489e-09 -7.07091991e-09 -7.02664887e-09 -7.08533554e-09 -7.59703594e-09 -9.72147796e-09 -1.69834605e-08 -3.91874885e-08 -1.01254451e-07 -2.61080585e-07 -6.41744160e-07 -1.48301299e-06 -3.21355178e-06 -6.53758512e-06 7.12488825e-05 1.10768957e-03 3.35634964e-03 6.85254564e-03 1.16516496e-02 1.78366140e-02 2.54668557e-02 3.46382111e-02 4.53935045e-02 5.77986384e-02 7.17643472e-02 8.73251992e-02 1.04323797e-01 1.22581021e-01 1.41714396e-01 1.61435703e-01 1.81433329e-01 2.01179533e-01 2.20091435e-01 2.37712804e-01 2.53435974e-01 2.66676933e-01 2.77048775e-01 2.84179076e-01 2.87805140e-01 2.87805140e-01 2.84179076e-01 2.77048775e-01 2.66676933e-01 2.53435974e-01 2.37712804e-01 2.20091435e-01 2.01179533e-01 1.81433329e-01 1.61435703e-01 1.41714396e-01 1.22581021e-01 1.04323797e-01 8.73251992e-02 7.17643472e-02 5.77986384e-02 4.53935045e-02 3.46382111e-02 2.54668557e-02 1.78366140e-02 1.16516496e-02 6.85254564e-03 3.35634964e-03 1.10768957e-03 7.12488825e-05 -6.53758512e-06 -3.21355178e-06 -1.48301299e-06 -6.41744160e-07 -2.61080585e-07 -1.01254450e-07 -3.91874886e-08 -1.69834606e-08 -9.72147812e-09 -7.59703583e-09 -7.08533554e-09 -7.02664915e-09 -7.07092007e-09 -7.12268478e-09 -7.16233761e-09 -7.19293347e-09 -7.22407767e-09 -7.26557703e-09 -7.32387656e-09 -7.40001549e-09 -7.48906925e-09 -7.58111141e-09 -7.66338837e-09 -7.72319658e-09 -7.75075515e-09 -7.74143549e-09 -7.69681163e-09 -7.62430113e-09 -7.53547957e-09 -7.44345152e-09 -7.35988798e-09 -7.29242022e-09 -7.24301946e-09 -7.20778015e-09 -7.17822568e-09 -7.14409670e-09 -7.09794806e-09 -7.04477982e-09 -7.03090863e-09 -7.24210342e-09 -8.32243718e-09 -1.23158960e-08 -2.51675189e-08 -6.26859933e-08 -1.63282950e-07 -4.12307115e-07 -9.83412703e-07 -2.20062371e-06 -4.61917634e-06 -9.11376562e-06 4.40720372e-04 2.07821347e-03 4.94469839e-03 9.08111326e-03 1.45617260e-02 2.14600758e-02 2.98594873e-02 3.98070880e-02 5.13949853e-02 6.45781114e-02 7.93484850e-02 9.56506322e-02 1.13308084e-01 1.32045598e-01 1.51523604e-01 1.71437492e-01 1.91369195e-01 2.10781373e-01 2.29085537e-01 2.45850022e-01 2.60384881e-01 2.72244910e-01 2.81037710e-01 2.86440345e-01 2.88261289e-01
2.90461348e-01 2.88617705e-01 2.83151001e-01 2.74245199e-01 2.62213886e-01 2.47481851e-01 2.30514473e-01 2.11859598e-01 1.92177364e-01 1.71999990e-01 1.51812626e-01 1.32128876e-01 1.13289116e-01 9.55133890e-02 7.91346442e-02 6.42997380e-02 5.11212889e-02 3.95529712e-02 2.96335622e-02 2.12777884e-02 1.44286489e-02 8.99484472e-03 4.89311651e-03 2.05396389e-03 4.34963766e-04 -1.01512061e-05 -5.15248029e-06 -2.45626411e-06 -1.09723213e-06 -4.59199497e-07 -1.81103142e-07 -6.89248103e-08 -2.71897858e-08 -1.29384966e-08 -8.52105386e-09 -7.32234262e-09 -7.07982339e-09 -7.08559089e-09 -7.13692305e-09 -7.18300086e-09 -7.21721727e-09 -7.24608923e-09 -7.27928628e-09 -7.32502686e-09 -7.38732914e-09 -7.46466777e-09 -7.55010499e-09 -7.63279456e-09 -7.70043806e-09 -7.74212122e-09 -7.75083125e-09 -7.72507969e-09 -7.66924402e-09 -7.59256136e-09 -7.50698609e-09 -7.42443751e-09 -7.35406769e-09 -7.30021515e-09 -7.26156124e-09 -7.23172577e-09 -7.20133120e-09 -7.16153198e-09 -7.11043058e-09 -7.07017195e-09 -7.14483983e-09 -7.71769093e-09 -1.00681786e-08 -1.81091296e-08 -4.27708974e-08 -1.11906351e-07 -2.90285578e-07 -7.15529078e-07 -1.65521432e-06 -3.58611890e-06 -7.28774813e-06 6.91648004e-05 1.09628854e-03 3.31945957e-03 6.78483961e-03 1.15372905e-02 1.76727237e-02 2.52679555e-02 3.43820343e-02 4.51366746e-02 5.75113178e-02 7.15185967e-02 8.71375187e-02 1.04251280e-01 1.22598694e-01 1.41882853e-01 1.61858061e-01 1.82121254e-01 2.02108479e-01 2.21352062e-01 2.39241829e-01 2.55157656e-01 2.68596560e-01 2.79108540e-01 2.86327964e-01 2.89999152e-01 2.89999152e-01 2.86327964e-01 2.79108540e-01 2.68596560e-01 2.55157656e-01 2.39241829e-01 2.21352062e-01 2.02108479e-01 1.82121254e-01 1.61858061e-01 1.41882853e-01 1.22598694e-01 1.04251280e-01 8.71375187e-02 7.15185967e-02 5.75113178e-02 4.51366746e-02 3.43820343e-02 2.52679555e-02 1.76727237e-02 1.15372905e-02 6.78483961e-03 3.31945957e-03 1.09628854e-03 6.91648004e-05 -7.28774813e-06 -3.58611890e-06 -1.65521432e-06 -7.15529078e-07 -2.90285578e-07 -1.11906351e-07 -4.27708974e-08 -1.81091298e-08 -1.00681785e-08 -7.71769093e-09 -7.14483972e-09 -7.07017200e-09 -7.11043024e-09 -7.16153192e-09 -7.20133125e-09 -7.23172594e-09 -7.26156130e-09 -7.30021549e-09 -7.35406769e-09 -7.42443718e-09 -7.50698609e-09 -7.59256125e-09 -7.66924391e-09 -7.72507980e-09 -7.75083153e-09 -7.74212139e-09 -7.70043812e-09 -7.63279456e-09 -7.55010510e-09 -7.46466761e-09 -7.38732914e-09 -7.32502708e-09 -7.27928645e-09 -7.24608912e-09 -7.21721738e-09 -7.18300108e-09 -7.13692300e-09 -7.08559089e-09 -7.07982339e-09 -7.32234262e-09 -8.52105370e-09 -1.29384967e-08 -2.71897858e-08 -6.89248103e-08 -1.81103142e-07 -4.59199497e-07 -1.09723213e-06 -2.45626411e-06 -5.15248029e-06 -1.01512061e-05 4.34963766e-04 2.05396389e-03 4.89311651e-03 8.99484472e-03 1.44286489e-02 2.12777884e-02 2.96335622e-02 3.95529712e-02 5.11212889e-02 6.42997380e-02 7.91346442e-02 9.55133890e-02 1.13289116e-01 1.32128876e-01 1.51812626e-01 1.71999990e-01 1.92177364e-01 2.11859598e-01 2.30514473e-01 2.47481851e-01 2.62213886e-01 2.74245199e-01 2.83151001e-01 2.88617705e-01 2.90461348e-01
2.92627243e-01 2.90742052e-01 2.85147083e-01 2.76072155e-01 2.63878993e-01 2.48962446e-01 2.31766404e-01 2.12889851e-01 1.92876609e-01 1.72450428e-01 1.52026951e-01 1.32142644e-01 1.13145285e-01 9.53123374e-02 7.88494003e-02 6.39764049e-02 5.07897396e-02 3.92627163e-02 2.93633499e-02 2.10719598e-02 1.42739797e-02 8.89401895e-03 4.83556646e-03 2.02990261e-03 4.27000144e-04 -1.12842167e-05 -5.73679235e-06 -2.73700908e-06 -1.22239632e-06 -5.10776696e-07 -2.00681429e-07 -7.57590073e-08 -2.93920114e-08 -1.36084107e-08 -8.72940292e-09 -7.40288769e-09 -7.12686432e-09 -7.12394022e-09 -7.17317539e-09 -7.21904658e-09 -7.25333926e-09 -7.28165744e-09 -7.31306904e-09 -7.35551181e-09 -7.41307549e-09 -7.48463513e-09 -7.56390700e-09 -7.64082542e-09 -7.70387271e-09 -7.74277198e-09 -7.75090447e-09 -7.72686348e-09 -7.67478592e-09 -7.60337776e-09 -7.52387130e-09 -7.44738743e-09 -7.38234496e-09 -7.33254185e-09 -7.29641458e-09 -7.26769323e-09 -7.23744514e-09 -7.19757315e-09 -7.14733089e-09 -7.11145032e-09 -7.20318094e-09 -7.84172655e-09 -1.04373598e-08 -1.93289791e-08 -4.66866537e-08 -1.23595132e-07 -3.22396130e-07 -7.96689265e-07 -1.84447773e-06 -3.99484438e-06 -8.10842447e-06 6.73730672e-05 1.08185853e-03 3.27979021e-03 6.70178937e-03 1.14097085e-02 1.74859000e-02 2.50331794e-02 3.40982426e-02 4.48243448e-02 5.71807766e-02 7.12076218e-02 8.68896873e-02 1.04070848e-01 1.22510192e-01 1.41989825e-01 1.62216564e-01 1.82670625e-01 2.02996625e-01 2.22492995e-01 2.40612186e-01 2.56727834e-01 2.70344552e-01 2.81020247e-01 2.88399693e-01 2.92155071e-01 2.92155071e-01 2.88399693e-01 2.81020247e-01 2.70344552e-01 2.56727834e-01 2.40612186e-01 2.22492995e-01 2.02996625e-01 1.82670625e-01 1.62216564e-01 1.41989825e-01 1.22510192e-01 1.04070848e-01 8.68896873e-02 7.12076218e-02 5.71807766e-02 4.48243448e-02 3.40982426e-02 2.50331794e-02 1.74859000e-02 1.14097085e-02 6.70178937e-03 3.27979021e-03 1.08185853e-03 6.73730672e-05 -8.10842447e-06 -3.99484438e-06 -1.84447773e-06 -7.96689265e-07 -3.22396130e-07 -1.23595132e-07 -4.66866539e-08 -1.93289791e-08 -1.04373600e-08 -7.84172660e-09 -7.20318116e-09 -7.11145043e-09 -7.14733112e-09 -7.19757332e-09 -7.23744498e-09 -7.26769311e-09 -7.29641481e-09 -7.33254174e-09 -7.38234490e-09 -7.44738743e-09 -7.52387125e-09 -7.60337782e-09 -7.67478603e-09 -7.72686348e-09 -7.75090453e-09 -7.74277220e-09 -7.70387265e-09 -7.64082558e-09 -7.56390672e-09 -7.48463524e-09 -7.41307560e-09 -7.35551192e-09 -7.31306893e-09 -7.28165739e-09 -7.25333926e-09 -7.21904680e-09 -7.17317550e-09 -7.12393999e-09 -7.12686432e-09 -7.40288764e-09 -8.72940276e-09 -1.36084107e-08 -2.93920115e-08 -7.57590076e-08 -2.00681429e-07 -5.10776697e-07 -1.22239632e-06 -2.73700908e-06 -5.73679235e-06 -1.12842167e-05 4.27000144e-04 2.02990261e-03 4.83556646e-03 8.89401895e-03 1.42739797e-02 2.10719598e-02 2.93633499e-02 3.92627163e-02 5.07897396e-02 6.39764049e-02 7.88494003e-02 9.53123374e-02 1.13145285e-01 1.32142644e-01 1.52026951e-01 1.72450428e-01 1.92876609e-01 2.12889851e-01 2.31766404e-01 2.48962446e-01 2.63878993e-01 2.76072155e-01 2.85147083e-01 2.90742052e-01 2.92627243e-01
2.94701710e-01 2.92797866e-01 2.87145184e-01 2.77926567e-01 2.65464496e-01 2.50266052e-01 2.32874304e-01 2.13762822e-01 1.93555952e-01 1.72789372e-01 1.52157482e-01 1.32066417e-01 1.12930131e-01 9.50226193e-02 7.85108392e-02 6.36060668e-02 5.04211809e-02 3.89288477e-02 2.90711521e-02 2.08441007e-02 1.41043527e-02 8.78248080e-03 4.77356089e-03 2.00389577e-03 4.20361794e-04 -1.25191217e-05 -6.37583213e-06 -3.04482438e-06 -1.35983918e-06 -5.67436707e-07 -2.22169368e-07 -8.32398649e-08 -3.17894930e-08 -1.43296420e-08 -8.94843039e-09 -7.48400680e-09 -7.17219611e-09 -7.16000509e-09 -7.20689358e-09 -7.25241972e-09 -7.28675886e-09 -7.31462590e-09 -7.34447886e-09 -7.38395711e-09 -7.43718287e-09 -7.50339119e-09 -7.57690466e-09 -7.64840374e-09 -7.70711750e-09 -7.74338682e-09 -7.75097320e-09 -7.72854947e-09 -7.68001840e-09 -7.61357488e-09 -7.53975338e-09 -7.46891327e-09 -7.40877704e-09 -7.36265210e-09 -7.32876948e-09 -7.30099409e-09 -7.27085553e-09 -7.23099536e-09 -7.18180421e-09 -7.15065512e-09 -7.26054689e-09 -7.96962135e-09 -1.08309846e-08 -2.06509612e-08 -5.09632257e-08 -1.36410298e-07 -3.57661396e-07 -8.85842836e-07 -2.05217643e-06 -4.44246842e-06 -9.00453033e-06 6.47151279e-05 1.06592934e-03 3.23782257e-03 6.61682289e-03 1.12721916e-02 1.72890529e-02 2.47714355e-02 3.37931451e-02 4.44649971e-02 5.68017886e-02 7.08431694e-02 8.65741321e-02 1.03794777e-01 1.22363857e-01 1.42029244e-01 1.62434181e-01 1.83200065e-01 2.03768823e-01 2.23500910e-01 2.41824355e-01 2.58152178e-01 2.72075929e-01 2.82961100e-01 2.90432231e-01 2.94224319e-01 2.94224319e-01 2.90432231e-01 2.82961100e-01 2.72075929e-01 2.58152178e-01 2.41824355e-01 2.23500910e-01 2.03768823e-01 1.83200065e-01 1.62434181e-01 1.42029244e-01 1.22363857e-01 1.03794777e-01 8.65741321e-02 7.08431694e-02 5.68017886e-02 4.44649971e-02 3.37931451e-02 2.47714355e-02 1.72890529e-02 1.12721916e-02 6.61682289e-03 3.23782257e-03 1.06592934e-03 6.47151279e-05 -9.00453033e-06 -4.44246842e-06 -2.05217643e-06 -8.85842836e-07 -3.57661396e-07 -1.36410297e-07 -5.09632256e-08 -2.06509612e-08 -1.08309846e-08 -7.96962152e-09 -7.26054655e-09 -7.15065507e-09 -7.18180404e-09 -7.23099514e-09 -7.27085570e-09 -7.30099414e-09 -7.32876948e-09 -7.36265204e-09 -7.40877742e-09 -7.46891338e-09 -7.53975327e-09 -7.61357499e-09 -7.68001857e-09 -7.72854947e-09 -7.75097314e-09 -7.74338682e-09 -7.70711728e-09 -7.64840413e-09 -7.57690477e-09 -7.50339113e-09 -7.43718281e-09 -7.38395717e-09 -7.34447891e-09 -7.31462574e-09 -7.28675886e-09 -7.25241989e-09 -7.20689375e-09 -7.16000526e-09 -7.17219600e-09 -7.48400675e-09 -8.94843072e-09 -1.43296421e-08 -3.17894926e-08 -8.32398648e-08 -2.22169368e-07 -5.67436707e-07 -1.35983918e-06 -3.04482438e-06 -6.37583213e-06 -1.25191217e-05 4.20361794e-04 2.00389577e-03 4.77356089e-03 8.78248080e-03 1.41043527e-02 2.08441007e-02 2.90711521e-02 3.89288477e-02 5.04211809e-02 6.36060668e-02 7.85108392e-02 9.50226193e-02 1.12930131e-01 1.32066417e-01 1.52157482e-01 1.72789372e-01 1.93555952e-01 2.13762822e-01 2.32874304e-01 2.50266052e-01 2.65464496e-01 2.77926567e-01 2.87145184e-01 2.92797866e-01 2.94701710e-01
2.96554756e-01 2.94627439e-01 2.88917301e-01 2.79600981e-01 2.67008604e-01 2.51573235e-01 2.33834118e-01 2.14491142e-01 1.94073298e-01 1.73118137e-01 1.52189526e-01 1.31932514e-01 1.12648779e-01 9.46412509e-02 7.81130584e-02 6.31866463e-02 4.99972264e-02 3.85570692e-02 2.87672292e-02 2.05965221e-02 1.39208737e-02 8.66121988e-03 4.70500781e-03 1.97364594e-03 4.13274530e-04 -1.38624205e-05 -7.07347719e-06 -3.38178140e-06 -1.51055270e-06 -6.29604780e-07 -2.45729551e-07 -9.14225252e-08 -3.43987038e-08 -1.51064968e-08 -9.17915155e-09 -7.56597657e-09 -7.21598331e-09 -7.19394916e-09 -7.23825716e-09 -7.28329896e-09 -7.31764632e-09 -7.34514011e-09 -7.37363648e-09 -7.41045186e-09 -7.45971485e-09 -7.52097351e-09 -7.58912055e-09 -7.65554120e-09 -7.71017772e-09 -7.74396575e-09 -7.75103759e-09 -7.73014130e-09 -7.68495062e-09 -7.62317037e-09 -7.55466290e-09 -7.48906315e-09 -7.43344136e-09 -7.39064959e-09 -7.35875527e-09 -7.33178662e-09 -7.30173993e-09 -7.26198690e-09 -7.21402549e-09 -7.18794202e-09 -7.31712629e-09 -8.10187190e-09 -1.12511533e-08 -2.20836440e-08 -5.56312508e-08 -1.50448010e-07 -3.96348195e-07 -9.83648473e-07 -2.27976364e-06 -4.93186405e-06 -9.98115681e-06 6.15477675e-05 1.04928735e-03 3.19174104e-03 6.52444076e-03 1.11223986e-02 1.70735560e-02 2.44850004e-02 3.34559645e-02 4.40719512e-02 5.63754230e-02 7.04384515e-02 8.61798141e-02 1.03451694e-01 1.22134933e-01 1.41964161e-01 1.62619862e-01 1.83619738e-01 2.04392540e-01 2.24338946e-01 2.42960956e-01 2.59613627e-01 2.73691237e-01 2.84693622e-01 2.92235017e-01 2.96071611e-01 2.96071611e-01 2.92235017e-01 2.84693622e-01 2.73691237e-01 2.59613627e-01 2.42960956e-01 2.24338946e-01 2.04392540e-01 1.83619738e-01 1.62619862e-01 1.41964161e-01 1.22134933e-01 1.03451694e-01 8.61798141e-02 7.04384515e-02 5.63754230e-02 4.40719512e-02 3.34559645e-02 2.44850004e-02 1.70735560e-02 1.11223986e-02 6.52444076e-03 3.19174104e-03 1.04928735e-03 6.15477675e-05 -9.98115681e-06 -4.93186405e-06 -2.27976364e-06 -9.83648473e-07 -3.96348195e-07 -1.50448011e-07 -5.56312507e-08 -2.20836436e-08 -1.12511535e-08 -8.10187201e-09 -7.31712613e-09 -7.18794191e-09 -7.21402549e-09 -7.26198668e-09 -7.30173993e-09 -7.33178673e-09 -7.35875527e-09 -7.39064976e-09 -7.43344120e-09 -7.48906304e-09 -7.55466290e-09 -7.62317021e-09 -7.68495062e-09 -7.73014136e-09 -7.75103776e-09 -7.74396569e-09 -7.71017783e-09 -7.65554120e-09 -7.58912067e-09 -7.52097334e-09 -7.45971468e-09 -7.41045181e-09 -7.37363642e-09 -7.34513994e-09 -7.31764610e-09 -7.28329874e-09 -7.23825694e-09 -7.19394910e-09 -7.21598314e-09 -7.56597629e-09 -9.17915155e-09 -1.51064966e-08 -3.43987041e-08 -9.14225252e-08 -2.45729551e-07 -6.29604780e-07 -1.51055270e-06 -3.38178140e-06 -7.07347719e-06 -1.38624205e-05 4.13274530e-04 1.97364594e-03 4.70500781e-03 8.66121988e-03 1.39208737e-02 2.05965221e-02 2.87672292e-02 3.85570692e-02 4.99972264e-02 6.31866463e-02 7.81130584e-02 9.46412509e-02 1.12648779e-01 1.31932514e-01 1.52189526e-01 1.73118137e-01 1.94073298e-01 2.14491142e-01 2.33834118e-01 2.51573235e-01 2.67008604e-01 2.79600981e-01 2.88917301e-01 2.94627439e-01 2.96554756e-01
2.98318895e-01 2.96355422e-01 2.90547920e-01 2.81099779e-01 2.68337540e-01 2.52733760e-01 2.34813912e-01 2.15117878e-01 1.94464987e-01 1.73300531e-01 1.52215434e-01 1.31711098e-01 1.12283377e-01 9.42032577e-02 7.76456489e-02 6.27258801e-02 4.95444405e-02 3.81594076e-02 2.84317404e-02 2.03323608e-02 1.37232892e-02 8.52795571e-03 4.63173233e-03 1.93931365e-03 4.05149662e-04 -1.53207668e-05 -7.83375849e-06 -3.75005806e-06 -1.67558882e-06 -6.97734661e-07 -2.71536204e-07 -1.00366237e-07 -3.72373687e-08 -1.59436080e-08 -9.42264550e-09 -7.64907515e-09 -7.25838023e-09 -7.22593552e-09 -7.26744143e-09 -7.31186245e-09 -7.34616834e-09 -7.37334699e-09 -7.40066081e-09 -7.43509099e-09 -7.48073609e-09 -7.53742813e-09 -7.60058227e-09 -7.66225072e-09 -7.71305825e-09 -7.74451259e-09 -7.75109887e-09 -7.73164055e-09 -7.68959041e-09 -7.63218144e-09 -7.56863461e-09 -7.50789186e-09 -7.45641360e-09 -7.41664008e-09 -7.38650685e-09 -7.36022648e-09 -7.33027039e-09 -7.29071847e-09 -7.24416133e-09 -7.22347082e-09 -7.37310590e-09 -8.23900564e-09 -1.17001284e-08 -2.36362381e-08 -6.07236709e-08 -1.65811461e-07 -4.38741890e-07 -1.09080699e-06 -2.52877435e-06 -5.46603618e-06 -1.10435591e-05 5.84762001e-05 1.03124757e-03 3.13877382e-03 6.42731248e-03 1.09617558e-02 1.68428153e-02 2.41803349e-02 3.30810645e-02 4.36401909e-02 5.59097661e-02 6.99695865e-02 8.57069376e-02 1.03065851e-01 1.21847708e-01 1.41832852e-01 1.62720372e-01 1.83909992e-01 2.04871072e-01 2.25143012e-01 2.44035476e-01 2.60861758e-01 2.75101252e-01 2.86264473e-01 2.93921958e-01 2.97827146e-01 2.97827146e-01 2.93921958e-01 2.86264473e-01 2.75101252e-01 2.60861758e-01 2.44035476e-01 2.25143012e-01 2.04871072e-01 1.83909992e-01 1.62720372e-01 1.41832852e-01 1.21847708e-01 1.03065851e-01 8.57069376e-02 6.99695865e-02 5.59097661e-02 4.36401909e-02 3.30810645e-02 2.41803349e-02 1.68428153e-02 1.09617558e-02 6.42731248e-03 3.13877382e-03 1.03124757e-03 5.84762001e-05 -1.10435591e-05 -5.46603618e-06 -2.52877435e-06 -1.09080699e-06 -4.38741890e-07 -1.65811461e-07 -6.07236711e-08 -2.36362382e-08 -1.17001283e-08 -8.23900548e-09 -7.37310574e-09 -7.22347088e-09 -7.24416127e-09 -7.29071836e-09 -7.33026984e-09 -7.36022687e-09 -7.38650652e-09 -7.41664008e-09 -7.45641332e-09 -7.50789181e-09 -7.56863477e-09 -7.63218139e-09 -7.68959035e-09 -7.73164033e-09 -7.75109876e-09 -7.74451270e-09 -7.71305819e-09 -7.66225089e-09 -7.60058222e-09 -7.53742813e-09 -7.48073592e-09 -7.43509099e-09 -7.40066075e-09 -7.37334693e-09 -7.34616806e-09 -7.31186250e-09 -7.26744132e-09 -7.22593574e-09 -7.25838012e-09 -7.64907515e-09 -9.42264533e-09 -1.59436082e-08 -3.72373689e-08 -1.00366237e-07 -2.71536204e-07 -6.97734661e-07 -1.67558882e-06 -3.75005806e-06 -7.83375849e-06 -1.53207668e-05 4.05149662e-04 1.93931365e-03 4.63173233e-03 8.52795571e-03 1.37232892e-02 2.03323608e-02 2.84317404e-02 3.81594076e-02 4.95444405e-02 6.27258801e-02 7.76456489e-02 9.42032577e-02 1.12283377e-01 1.31711098e-01 1.52215434e-01 1.73300531e-01 1.94464987e-01 2.15117878e-01 2.34813912e-01 2.52733760e-01 2.68337540e-01 2.81099779e-01 2.90547920e-01 2.96355422e-01 2.98318895e-01
3.00221573e-01 2.98187910e-01 2.92175141e-01 2.82490196e-01 2.69558054e-01 2.53734633e-01 2.35605442e-01 2.15728331e-01 1.94733747e-01 1.73377332e-01 1.52125068e-01 1.31461353e-01 1.11868434e-01 9.37031625e-02 7.71119607e-02 6.22185652e-02 4.90606113e-02 3.77235664e-02 2.80694623e-02 2.00408392e-02 1.35140028e-02 8.39136537e-03 4.55204503e-03 1.90369645e-03 3.94883800e-04 -1.69009452e-05 -8.66085419e-06 -4.15193917e-06 -1.85606102e-06 -7.72309807e-07 -2.99775805e-07 -1.10134589e-07 -4.03245267e-08 -1.68459554e-08 -9.68006708e-09 -7.73359032e-09 -7.29953253e-09 -7.25611204e-09 -7.29460675e-09 -7.33827854e-09 -7.37248562e-09 -7.39939043e-09 -7.42567263e-09 -7.45796547e-09 -7.50031737e-09 -7.55280011e-09 -7.61131769e-09 -7.66854641e-09 -7.71576592e-09 -7.74502745e-09 -7.75115644e-09 -7.73304887e-09 -7.69394859e-09 -7.64063018e-09 -7.58170504e-09 -7.52545692e-09 -7.47777829e-09 -7.44073331e-09 -7.41215878e-09 -7.38646944e-09 -7.35661326e-09 -7.31736244e-09 -7.27236799e-09 -7.25737714e-09 -7.42866296e-09 -8.38157316e-09 -1.21803293e-08 -2.53186542e-08 -6.62758711e-08 -1.82611275e-07 -4.85147290e-07 -1.20806287e-06 -2.80082665e-06 -6.04811966e-06 -1.21971437e-05 5.56175312e-05 1.01164109e-03 3.08195054e-03 6.32040183e-03 1.07900454e-02 1.65984346e-02 2.38565716e-02 3.26869836e-02 4.31722488e-02 5.54200546e-02 6.94450894e-02 8.51940648e-02 1.02593979e-01 1.21481830e-01 1.41681299e-01 1.62711342e-01 1.84068651e-01 2.05316356e-01 2.25845046e-01 2.44911703e-01 2.61977318e-01 2.76413612e-01 2.87772021e-01 2.95663551e-01 2.99711363e-01 2.99711363e-01 2.95663551e-01 2.87772021e-01 2.76413612e-01 2.61977318e-01 2.44911703e-01 2.25845046e-01 2.05316356e-01 1.84068651e-01 1.62711342e-01 1.41681299e-01 1.21481830e-01 1.02593979e-01 8.51940648e-02 6.94450894e-02 5.54200546e-02 4.31722488e-02 3.26869836e-02 2.38565716e-02 1.65984346e-02 1.07900454e-02 6.32040183e-03 3.08195054e-03 1.01164109e-03 5.56175312e-05 -1.21971437e-05 -6.04811966e-06 -2.80082665e-06 -1.20806287e-06 -4.85147290e-07 -1.82611275e-07 -6.62758713e-08 -2.53186542e-08 -1.21803291e-08 -8.38157310e-09 -7.42866291e-09 -7.25737725e-09 -7.27236799e-09 -7.31736222e-09 -7.35661315e-09 -7.38646955e-09 -7.41215866e-09 -7.44073320e-09 -7.47777817e-09 -7.52545687e-09 -7.58170504e-09 -7.64063035e-09 -7.69394837e-09 -7.73304926e-09 -7.75115611e-09 -7.74502740e-09 -7.71576614e-09 -7.66854641e-09 -7.61131769e-09 -7.55280005e-09 -7.50031720e-09 -7.45796536e-09 -7.42567285e-09 -7.39939054e-09 -7.37248534e-09 -7.33827843e-09 -7.29460659e-09 -7.25611182e-09 -7.29953264e-09 -7.73359032e-09 -9.68006675e-09 -1.68459556e-08 -4.03245267e-08 -1.10134589e-07 -2.99775804e-07 -7.72309807e-07 -1.85606102e-06 -4.15193917e-06 -8.66085419e-06 -1.69009452e-05 3.94883800e-04 1.90369645e-03 4.55204503e-03 8.39136537e-03 1.35140028e-02 2.00408392e-02 2.80694623e-02 3.77235664e-02 4.90606113e-02 6.22185652e-02 7.71119607e-02 9.37031625e-02 1.11868434e-01 1.31461353e-01 1.52125068e-01 1.73377332e-01 1.94733747e-01 2.15728331e-01 2.35605442e-01 2.53734633e-01 2.69558054e-01 2.82490196e-01 2.92175141e-01 2.98187910e-01 3.00221573e-01
3.02165093e-01 3.00095200e-01 2.93969286e-01 2.84047830e-01 2.70716558e-01 2.54618062e-01 2.36260159e-01 2.16169241e-01 1.94989721e-01 1.73328573e-01 1.51925819e-01 1.31137511e-01 1.11391950e-01 9.31387697e-02 7.65388981e-02 6.16575189e-02 4.85553597e-02 3.72476229e-02 2.76874623e-02 1.97302597e-02 1.32980654e-02 8.24762507e-03 4.46795530e-03 1.86796571e-03 3.84480214e-04 -1.86098448e-05 -9.55908197e-06 -4.58981624e-06 -2.05314588e-06 -8.53844600e-07 -3.30647707e-07 -1.20795770e-07 -4.36806323e-08 -1.78188840e-08 -9.95264582e-09 -7.81982223e-09 -7.33958216e-09 -7.28461735e-09 -7.31991251e-09 -7.36270939e-09 -7.39675365e-09 -7.42341344e-09 -7.44879247e-09 -7.47917350e-09 -7.51852780e-09 -7.56713892e-09 -7.62135399e-09 -7.67444513e-09 -7.71830611e-09 -7.74550968e-09 -7.75121056e-09 -7.73437181e-09 -7.69803377e-09 -7.64853847e-09 -7.59391183e-09 -7.54181823e-09 -7.49761686e-09 -7.46303347e-09 -7.43584017e-09 -7.41066736e-09 -7.38093009e-09 -7.34207578e-09 -7.29879657e-09 -7.28979865e-09 -7.48398093e-09 -8.53016308e-09 -1.26943567e-08 -2.71415281e-08 -7.23258287e-08 -2.00965923e-07 -5.35889558e-07 -1.33620570e-06 -3.09762280e-06 -6.68137642e-06 -1.34474524e-05 5.22418931e-05 9.90343920e-04 3.02546546e-03 6.20538080e-03 1.06058814e-02 1.63362560e-02 2.35140952e-02 3.22658764e-02 4.26768492e-02 5.48844196e-02 6.88598610e-02 8.46303246e-02 1.02067642e-01 1.21106109e-01 1.41415003e-01 1.62572943e-01 1.84191882e-01 2.05674287e-01 2.26393180e-01 2.45688316e-01 2.62961824e-01 2.77785880e-01 2.89457784e-01 2.97528665e-01 3.01646461e-01 3.01646461e-01 2.97528665e-01 2.89457784e-01 2.77785880e-01 2.62961824e-01 2.45688316e-01 2.26393180e-01 2.05674287e-01 1.84191882e-01 1.62572943e-01 1.41415003e-01 1.21106109e-01 1.02067642e-01 8.46303246e-02 6.88598610e-02 5.48844196e-02 4.26768492e-02 3.22658764e-02 2.35140952e-02 1.63362560e-02 1.06058814e-02 6.20538080e-03 3.02546546e-03 9.90343920e-04 5.22418931e-05 -1.34474524e-05 -6.68137642e-06 -3.09762280e-06 -1.33620570e-06 -5.35889558e-07 -2.00965923e-07 -7.23258286e-08 -2.71415282e-08 -1.26943567e-08 -8.53016285e-09 -7.48398110e-09 -7.28979865e-09 -7.29879657e-09 -7.34207567e-09 -7.38092987e-09 -7.41066714e-09 -7.43584017e-09 -7.46303364e-09 -7.49761664e-09 -7.54181800e-09 -7.59391189e-09 -7.64853847e-09 -7.69803360e-09 -7.73437181e-09 -7.75121067e-09 -7.74550957e-09 -7.71830611e-09 -7.67444519e-09 -7.62135399e-09 -7.56713869e-09 -7.51852769e-09 -7.47917350e-09 -7.44879247e-09 -7.42341366e-09 -7.39675343e-09 -7.36270922e-09 -7.31991240e-09 -7.28461730e-09 -7.33958200e-09 -7.81982235e-09 -9.95264582e-09 -1.78188837e-08 -4.36806324e-08 -1.20795770e-07 -3.30647707e-07 -8.53844600e-07 -2.05314588e-06 -4.58981624e-06 -9.55908197e-06 -1.86098448e-05 3.84480214e-04 1.86796571e-03 4.46795530e-03 8.24762507e-03 1.32980654e-02 1.97302597e-02 2.76874623e-02 3.72476229e-02 4.85553597e-02 6.16575189e-02 7.65388981e-02 9.31387697e-02 1.11391950e-01 1.31137511e-01 1.51925819e-01 1.73328573e-01 1.94989721e-01 2.16169241e-01 2.36260159e-01 2.54618062e-01 2.70716558e-01 2.84047830e-01 2.93969286e-01 3.00095200e-01 3.02165093e-01
3.03971624e-01 3.01879387e-01 2.95676857e-01 2.85607250e-01 2.72063082e-01 2.55538880e-01 2.36781013e-01 2.16486640e-01 1.95094595e-01 1.73279223e-01 1.51617480e-01 1.30722210e-01 1.10901532e-01 9.25309803e-02 7.59094056e-02 6.10532744e-02 4.80119402e-02 3.67512077e-02 2.72867985e-02 1.94133123e-02 1.30666620e-02 8.09721737e-03 4.38211523e-03 1.83019597e-03 3.74706549e-04 -2.04544287e-05 -1.05328897e-05 -5.06618651e-06 -2.26808431e-06 -9.42885508e-07 -3.64364783e-07 -1.32422814e-07 -4.73276249e-08 -1.88681269e-08 -1.02417018e-08 -7.90807486e-09 -7.37866340e-09 -7.31158029e-09 -7.34350081e-09 -7.38530770e-09 -7.41912476e-09 -7.44555212e-09 -7.47013940e-09 -7.49880896e-09 -7.53544022e-09 -7.58049323e-09 -7.63072522e-09 -7.67996333e-09 -7.72068465e-09 -7.74596259e-09 -7.75126074e-09 -7.73561099e-09 -7.70185937e-09 -7.65592900e-09 -7.60529484e-09 -7.55703483e-09 -7.51601176e-09 -7.48365181e-09 -7.45768092e-09 -7.43296186e-09 -7.40337525e-09 -7.36501049e-09 -7.32358074e-09 -7.32085909e-09 -7.53923973e-09 -8.68539124e-09 -1.32449956e-08 -2.91162767e-08 -7.89142666e-08 -2.21002130e-07 -5.91315105e-07 -1.47607154e-06 -3.42094994e-06 -7.36919134e-06 -1.48001452e-05 4.80870230e-05 9.68362354e-04 2.96616152e-03 6.08585047e-03 1.04148977e-02 1.60596081e-02 2.31562854e-02 3.18098035e-02 4.21627918e-02 5.43011811e-02 6.82547798e-02 8.40000739e-02 1.01502238e-01 1.20650654e-01 1.41059446e-01 1.62378882e-01 1.84223484e-01 2.05884959e-01 2.26813758e-01 2.46370519e-01 2.64130573e-01 2.79246404e-01 2.91101016e-01 2.99279791e-01 3.03447513e-01 3.03447513e-01 2.99279791e-01 2.91101016e-01 2.79246404e-01 2.64130573e-01 2.46370519e-01 2.26813758e-01 2.05884959e-01 1.84223484e-01 1.62378882e-01 1.41059446e-01 1.20650654e-01 1.01502238e-01 8.40000739e-02 6.82547798e-02 5.43011811e-02 4.21627918e-02 3.18098035e-02 2.31562854e-02 1.60596081e-02 1.04148977e-02 6.08585047e-03 2.96616152e-03 9.68362354e-04 4.80870230e-05 -1.48001452e-05 -7.36919134e-06 -3.42094994e-06 -1.47607154e-06 -5.91315104e-07 -2.21002130e-07 -7.89142666e-08 -2.91162766e-08 -1.32449958e-08 -8.68539146e-09 -7.53923990e-09 -7.32085886e-09 -7.32358085e-09 -7.36501027e-09 -7.40337530e-09 -7.43296186e-09 -7.45768070e-09 -7.48365181e-09 -7.51601192e-09 -7.55703478e-09 -7.60529506e-09 -7.65592889e-09 -7.70185937e-09 -7.73561076e-09 -7.75126074e-09 -7.74596254e-09 -7.72068454e-09 -7.67996322e-09 -7.63072500e-09 -7.58049301e-09 -7.53544016e-09 -7.49880874e-09 -7.47013962e-09 -7.44555212e-09 -7.41912454e-09 -7.38530770e-09 -7.34350064e-09 -7.31158017e-09 -7.37866329e-09 -7.90807492e-09 -1.02417019e-08 -1.88681271e-08 -4.73276247e-08 -1.32422814e-07 -3.64364783e-07 -9.42885508e-07 -2.26808431e-06 -5.06618651e-06 -1.05328897e-05 -2.04544287e-05 3.74706549e-04 1.83019597e-03 4.38211523e-03 8.09721737e-03 1.30666620e-02 1.94133123e-02 2.72867985e-02 3.67512077e-02 4.80119402e-02 6.10532744e-02 7.59094056e-02 9.25309803e-02 1.10901532e-01 1.30722210e-01 1.51617480e-01 1.73279223e-01 1.95094595e-01 2.16486640e-01 2.36781013e-01 2.55538880e-01 2.72063082e-01 2.85607250e-01 2.95676857e-01 3.01879387e-01 3.03971624e-01
3.05553475e-01 3.03434851e-01 2.97166101e-01 2.86972826e-01 2.73278611e-01 2.56551658e-01 2.37405454e-01 2.16690058e-01 1.95099653e-01 1.73114634e-01 1.51288888e-01 1.30215394e-01 1.10329240e-01 9.18952867e-02 7.52277317e-02 6.04230118e-02 4.74286178e-02 3.62543999e-02 2.68637928e-02 1.90872565e-02 1.28276445e-02 7.93880921e-03 4.29172575e-03 1.78875650e-03 3.64733682e-04 -2.24417011e-05 -1.15868440e-05 -5.58365130e-06 -2.50218263e-06 -1.04001223e-06 -4.01154054e-07 -1.45093883e-07 -5.12890261e-08 -1.99998358e-08 -1.05486394e-08 -7.99867239e-09 -7.41690492e-09 -7.33712402e-09 -7.36550754e-09 -7.40621692e-09 -7.43974216e-09 -7.46594264e-09 -7.48982704e-09 -7.51696755e-09 -7.55112634e-09 -7.59291308e-09 -7.63946140e-09 -7.68511699e-09 -7.72290931e-09 -7.74638592e-09 -7.75130826e-09 -7.73677022e-09 -7.70543351e-09 -7.66282665e-09 -7.61589408e-09 -7.57116603e-09 -7.53304780e-09 -7.50269108e-09 -7.47780637e-09 -7.45349388e-09 -7.42409084e-09 -7.38630623e-09 -7.34684935e-09 -7.35067551e-09 -7.59461571e-09 -8.84791912e-09 -1.38352304e-08 -3.12551415e-08 -8.60848035e-08 -2.42855309e-07 -6.51792489e-07 -1.62854417e-06 -3.77268026e-06 -8.11506706e-06 -1.62609797e-05 4.39057414e-05 9.44995475e-04 2.90403613e-03 5.96488876e-03 1.02155350e-02 1.57729220e-02 2.27854733e-02 3.13364513e-02 4.16233992e-02 5.36828557e-02 6.75980934e-02 8.33297606e-02 1.00928176e-01 1.20121711e-01 1.40610052e-01 1.62139749e-01 1.84119147e-01 2.05982342e-01 2.27186517e-01 2.47240497e-01 2.65256327e-01 2.80537824e-01 2.92539283e-01 3.00809136e-01 3.05022452e-01 3.05022452e-01 3.00809136e-01 2.92539283e-01 2.80537824e-01 2.65256327e-01 2.47240497e-01 2.27186517e-01 2.05982342e-01 1.84119147e-01 1.62139749e-01 1.40610052e-01 1.20121711e-01 1.00928176e-01 8.33297606e-02 6.75980934e-02 5.36828557e-02 4.16233992e-02 3.13364513e-02 2.27854733e-02 1.57729220e-02 1.02155350e-02 5.96488876e-03 2.90403613e-03 9.44995475e-04 4.39057414e-05 -1.62609797e-05 -8.11506706e-06 -3.77268026e-06 -1.62854417e-06 -6.51792490e-07 -2.42855309e-07 -8.60848034e-08 -3.12551415e-08 -1.38352301e-08 -8.84791884e-09 -7.59461560e-09 -7.35067573e-09 -7.34684968e-09 -7.38630618e-09 -7.42409101e-09 -7.45349371e-09 -7.47780632e-09 -7.50269091e-09 -7.53304785e-09 -7.57116603e-09 -7.61589392e-09 -7.66282682e-09 -7.70543351e-09 -7.73677022e-09 -7.75130837e-09 -7.74638609e-09 -7.72290898e-09 -7.68511699e-09 -7.63946145e-09 -7.59291308e-09 -7.55112611e-09 -7.51696749e-09 -7.48982726e-09 -7.46594236e-09 -7.43974227e-09 -7.40621670e-09 -7.36550754e-09 -7.33712413e-09 -7.41690515e-09 -7.99867222e-09 -1.05486395e-08 -1.99998359e-08 -5.12890260e-08 -1.45093883e-07 -4.01154054e-07 -1.04001223e-06 -2.50218263e-06 -5.58365130e-06 -1.15868440e-05 -2.24417011e-05 3.64733682e-04 1.78875650e-03 4.29172575e-03 7.93880921e-03 1.28276445e-02 1.90872565e-02 2.68637928e-02 3.62543999e-02 4.74286178e-02 6.04230118e-02 7.52277317e-02 9.18952867e-02 1.10329240e-01 1.30215394e-01 1.51288888e-01 1.73114634e-01 1.95099653e-01 2.16690058e-01 2.37405454e-01 2.56551658e-01 2.73278611e-01 2.86972826e-01 2.97166101e-01 3.03434851e-01 3.05553475e-01
3.07088934e-01 3.04930342e-01 2.98551477e-01 2.88199906e-01 2.74298555e-01 2.57394783e-01 2.38047301e-01 2.16973740e-01 1.94987600e-01 1.72835590e-01 1.50888814e-01 1.29650579e-01 1.09693459e-01 9.12381180e-02 7.45179380e-02 5.97429833e-02 4.68148398e-02 3.57330122e-02 2.64184612e-02 1.87494693e-02 1.25779531e-02 7.77171237e-03 4.19676561e-03 1.74532963e-03 3.52848745e-04 -2.45786708e-05 -1.27256176e-05 -6.14491356e-06 -2.75681340e-06 -1.14583881e-06 -4.41257351e-07 -1.58892532e-07 -5.55900238e-08 -2.12205948e-08 -1.08749627e-08 -8.09194223e-09 -7.45443540e-09 -7.36135697e-09 -7.38605677e-09 -7.42557626e-09 -7.45874140e-09 -7.48471018e-09 -7.50796947e-09 -7.53373952e-09 -7.56565466e-09 -7.60444879e-09 -7.64759450e-09 -7.68992348e-09 -7.72498665e-09 -7.74678083e-09 -7.75135245e-09 -7.73785358e-09 -7.70876996e-09 -7.66925334e-09 -7.62575031e-09 -7.58427560e-09 -7.54880491e-09 -7.52025620e-09 -7.49633666e-09 -7.47239681e-09 -7.44321638e-09 -7.40609590e-09 -7.36872224e-09 -7.37936112e-09 -7.65029284e-09 -9.01844055e-09 -1.44682519e-08 -3.35712386e-08 -9.38841233e-08 -2.66669998e-07 -7.17713308e-07 -1.79455626e-06 -4.15477082e-06 -8.92261747e-06 -1.78357884e-05 3.98683529e-05 9.21102704e-04 2.83612931e-03 5.83818806e-03 1.00115649e-02 1.54783214e-02 2.23946891e-02 3.08554884e-02 4.10531600e-02 5.30441185e-02 6.68942589e-02 8.26483355e-02 1.00273206e-01 1.19497729e-01 1.40157369e-01 1.61782635e-01 1.83914226e-01 2.06028691e-01 2.27676048e-01 2.47985094e-01 2.66192143e-01 2.81652758e-01 2.93851343e-01 3.02254482e-01 3.06547922e-01 3.06547922e-01 3.02254482e-01 2.93851343e-01 2.81652758e-01 2.66192143e-01 2.47985094e-01 2.27676048e-01 2.06028691e-01 1.83914226e-01 1.61782635e-01 1.40157369e-01 1.19497729e-01 1.00273206e-01 8.26483355e-02 6.68942589e-02 5.30441185e-02 4.10531600e-02 3.08554884e-02 2.23946891e-02 1.54783214e-02 1.00115649e-02 5.83818806e-03 2.83612931e-03 9.21102704e-04 3.98683529e-05 -1.78357884e-05 -8.92261747e-06 -4.15477082e-06 -1.79455626e-06 -7.17713308e-07 -2.66669998e-07 -9.38841233e-08 -3.35712386e-08 -1.44682520e-08 -9.01844055e-09 -7.65029301e-09 -7.37936118e-09 -7.36872224e-09 -7.40609618e-09 -7.44321654e-09 -7.47239698e-09 -7.49633688e-09 -7.52025620e-09 -7.54880514e-09 -7.58427560e-09 -7.62575025e-09 -7.66925312e-09 -7.70877018e-09 -7.73785358e-09 -7.75135223e-09 -7.74678099e-09 -7.72498676e-09 -7.68992348e-09 -7.64759450e-09 -7.60444840e-09 -7.56565460e-09 -7.53373952e-09 -7.50796936e-09 -7.48471002e-09 -7.45874107e-09 -7.42557615e-09 -7.38605682e-09 -7.36135697e-09 -7.45443501e-09 -8.09194223e-09 -1.08749626e-08 -2.12205946e-08 -5.55900241e-08 -1.58892532e-07 -4.41257351e-07 -1.14583881e-06 -2.75681340e-06 -6.14491356e-06 -1.27256176e-05 -2.45786708e-05 3.52848745e-04 1.74532963e-03 4.19676561e-03 7.77171237e-03 1.25779531e-02 1.87494693e-02 2.64184612e-02 3.57330122e-02 4.68148398e-02 5.97429833e-02 7.45179380e-02 9.12381180e-02 1.09693459e-01 1.29650579e-01 1.50888814e-01 1.72835590e-01 1.94987600e-01 2.16973740e-01 2.38047301e-01 2.57394783e-01 2.74298555e-01 2.88199906e-01 2.98551477e-01 3.04930342e-01 3.07088934e-01
3.08705022e-01 3.06503562e-01 2.99987053e-01 2.89406216e-01 2.75239354e-01 2.58080915e-01 2.38522201e-01 2.17247055e-01 1.94945516e-01 1.72446900e-01 1.50365421e-01 1.29075224e-01 1.08981085e-01 9.05166117e-02 7.37967986e-02 5.90221122e-02 4.61914093e-02 3.51855107e-02 2.59618236e-02 1.83964532e-02 1.23204501e-02 7.59827649e-03 4.10003982e-03 1.70107346e-03 3.39662479e-04 -2.68723115e-05 -1.39539741e-05 -6.75277453e-06 -3.03341593e-06 -1.26101462e-06 -4.84931951e-07 -1.73907994e-07 -6.02575740e-08 -2.25374527e-08 -1.12222711e-08 -8.18823803e-09 -7.49137047e-09 -7.38438122e-09 -7.40526590e-09 -7.44350814e-09 -7.47625173e-09 -7.50197748e-09 -7.52467522e-09 -7.54921581e-09 -7.57909552e-09 -7.61514768e-09 -7.65515595e-09 -7.69440051e-09 -7.72692516e-09 -7.74715048e-09 -7.75139375e-09 -7.73886472e-09 -7.71187897e-09 -7.67523500e-09 -7.63490521e-09 -7.59641933e-09 -7.56336366e-09 -7.53644458e-09 -7.51338897e-09 -7.48979723e-09 -7.46087914e-09 -7.42450001e-09 -7.38930384e-09 -7.40701567e-09 -7.70645453e-09 -9.19769372e-09 -1.51474774e-08 -3.60786073e-08 -1.02362145e-07 -2.92600299e-07 -7.89493058e-07 -1.97509034e-06 -4.56926278e-06 -9.79555993e-06 -1.95304531e-05 3.56585064e-05 8.95928322e-04 2.76627363e-03 5.70734377e-03 9.80264152e-03 1.51759782e-02 2.19829262e-02 3.03607375e-02 4.04563550e-02 5.23710842e-02 6.61566891e-02 8.19418104e-02 9.95516679e-02 1.18850749e-01 1.39600398e-01 1.61339071e-01 1.83647522e-01 2.06184024e-01 2.28046347e-01 2.48555327e-01 2.67010471e-01 2.82723258e-01 2.95183453e-01 3.03771563e-01 3.08153492e-01 3.08153492e-01 3.03771563e-01 2.95183453e-01 2.82723258e-01 2.67010471e-01 2.48555327e-01 2.28046347e-01 2.06184024e-01 1.83647522e-01 1.61339071e-01 1.39600398e-01 1.18850749e-01 9.95516679e-02 8.19418104e-02 6.61566891e-02 5.23710842e-02 4.04563550e-02 3.03607375e-02 2.19829262e-02 1.51759782e-02 9.80264152e-03 5.70734377e-03 2.76627363e-03 8.95928322e-04 3.56585064e-05 -1.95304531e-05 -9.79555993e-06 -4.56926278e-06 -1.97509034e-06 -7.89493058e-07 -2.92600299e-07 -1.02362145e-07 -3.60786073e-08 -1.51474776e-08 -9.19769366e-09 -7.70645453e-09 -7.40701556e-09 -7.38930400e-09 -7.42449979e-09 -7.46087914e-09 -7.48979728e-09 -7.51338852e-09 -7.53644436e-09 -7.56336366e-09 -7.59641922e-09 -7.63490560e-09 -7.67523473e-09 -7.71187914e-09 -7.73886488e-09 -7.75139380e-09 -7.74715037e-09 -7.72692504e-09 -7.69440056e-09 -7.65515573e-09 -7.61514729e-09 -7.57909568e-09 -7.54921581e-09 -7.52467499e-09 -7.50197759e-09 -7.47625151e-09 -7.44350798e-09 -7.40526596e-09 -7.38438111e-09 -7.49137041e-09 -8.18823831e-09 -1.12222711e-08 -2.25374526e-08 -6.02575742e-08 -1.73907995e-07 -4.84931951e-07 -1.26101462e-06 -3.03341593e-06 -6.75277453e-06 -1.39539741e-05 -2.68723115e-05 3.39662479e-04 1.70107346e-03 4.10003982e-03 7.59827649e-03 1.23204501e-02 1.83964532e-02 2.59618236e-02 3.51855107e-02 4.61914093e-02 5.90221122e-02 7.37967986e-02 9.05166117e-02 1.08981085e-01 1.29075224e-01 1.50365421e-01 1.72446900e-01 1.94945516e-01 2.17247055e-01 2.38522201e-01 2.58080915e-01 2.75239354e-01 2.89406216e-01 2.99987053e-01 3.06503562e-01 3.08705022e-01
3.10182990e-01 3.07951227e-01 3.01337405e-01 2.90630843e-01 2.76239781e-01 2.58732479e-01 2.38887122e-01 2.17354487e-01 1.94879903e-01 1.72075002e-01 1.49765159e-01 1.28391728e-01 1.08266079e-01 8.97422964e-02 7.30567070e-02 5.82846548e-02 4.55335492e-02 3.46169903e-02 2.54963724e-02 1.80295198e-02 1.20555019e-02 7.42675801e-03 3.99872331e-03 1.65643141e-03 3.26857387e-04 -2.93295189e-05 -1.52767512e-05 -7.41012954e-06 -3.33349646e-06 -1.38622539e-06 -5.32451236e-07 -1.90235475e-07 -6.53204946e-08 -2.39579524e-08 -1.15922786e-08 -8.28792196e-09 -7.52783025e-09 -7.40629469e-09 -7.42324158e-09 -7.46013001e-09 -7.49239204e-09 -7.51785956e-09 -7.54004698e-09 -7.56348351e-09 -7.59151841e-09 -7.62506158e-09 -7.66217723e-09 -7.69856523e-09 -7.72873016e-09 -7.74749487e-09 -7.75143255e-09 -7.73980657e-09 -7.71477449e-09 -7.68079511e-09 -7.64339692e-09 -7.60765778e-09 -7.57680302e-09 -7.55135404e-09 -7.52907270e-09 -7.50581308e-09 -7.47719819e-09 -7.44163298e-09 -7.40869766e-09 -7.43373818e-09 -7.76328535e-09 -9.38646566e-09 -1.58765555e-08 -3.87922628e-08 -1.11572190e-07 -3.20810337e-07 -8.67571989e-07 -2.17117965e-06 -5.01828010e-06 -1.07377060e-05 -2.13508773e-05 3.07358718e-05 8.69641432e-04 2.69713501e-03 5.57186583e-03 9.58779764e-03 1.48665075e-02 2.15631386e-02 2.98438429e-02 3.98463184e-02 5.16677041e-02 6.54249201e-02 8.11769801e-02 9.87643086e-02 1.18155629e-01 1.38960113e-01 1.60820012e-01 1.83469254e-01 2.06209911e-01 2.28278921e-01 2.49056853e-01 2.67838291e-01 2.83867507e-01 2.96466254e-01 3.05180552e-01 3.09623796e-01 3.09623796e-01 3.05180552e-01 2.96466254e-01 2.83867507e-01 2.67838291e-01 2.49056853e-01 2.28278921e-01 2.06209911e-01 1.83469254e-01 1.60820012e-01 1.38960113e-01 1.18155629e-01 9.87643086e-02 8.11769801e-02 6.54249201e-02 5.16677041e-02 3.98463184e-02 2.98438429e-02 2.15631386e-02 1.48665075e-02 9.58779764e-03 5.57186583e-03 2.69713501e-03 8.69641432e-04 3.07358718e-05 -2.13508773e-05 -1.07377060e-05 -5.01828010e-06 -2.17117965e-06 -8.67571989e-07 -3.20810337e-07 -1.11572190e-07 -3.87922628e-08 -1.58765555e-08 -9.38646572e-09 -7.76328546e-09 -7.43373796e-09 -7.40869754e-09 -7.44163298e-09 -7.47719819e-09 -7.50581292e-09 -7.52907270e-09 -7.55135399e-09 -7.57680285e-09 -7.60765778e-09 -7.64339692e-09 -7.68079489e-09 -7.71477437e-09 -7.73980657e-09 -7.75143261e-09 -7.74749498e-09 -7.72872999e-09 -7.69856506e-09 -7.66217734e-09 -7.62506153e-09 -7.59151852e-09 -7.56348351e-09 -7.54004686e-09 -7.51785950e-09 -7.49239210e-09 -7.46012985e-09 -7.42324191e-09 -7.40629452e-09 -7.52783047e-09 -8.28792196e-09 -1.15922782e-08 -2.39579521e-08 -6.53204945e-08 -1.90235475e-07 -5.32451236e-07 -1.38622539e-06 -3.33349646e-06 -7.41012954e-06 -1.52767512e-05 -2.93295189e-05 3.26857387e-04 1.65643141e-03 3.99872331e-03 7.42675801e-03 1.20555019e-02 1.80295198e-02 2.54963724e-02 3.46169903e-02 4.55335492e-02 5.82846548e-02 7.30567070e-02 8.97422964e-02 1.08266079e-01 1.28391728e-01 1.49765159e-01 1.72075002e-01 1.94879903e-01 2.17354487e-01 2.38887122e-01 2.58732479e-01 2.76239781e-01 2.90630843e-01 3.01337405e-01 3.07951227e-01 3.10182990e-01
3.11536019e-01 3.09277554e-01 3.02591365e-01 2.91737802e-01 2.77143765e-01 2.59424182e-01 2.39250380e-01 2.17399336e-01 1.94696337e-01 1.71721949e-01 1.49138362e-01 1.27640332e-01 1.07490604e-01 8.89240388e-02 7.22636909e-02 5.75429333e-02 4.48431101e-02 3.40387444e-02 2.50216823e-02 1.76566304e-02 1.17842736e-02 7.25138822e-03 3.89586990e-03 1.61090513e-03 3.14837814e-04 -3.19570650e-05 -1.66988419e-05 -8.11996279e-06 -3.65862811e-06 -1.52219402e-06 -5.84105334e-07 -2.07976437e-07 -7.08095645e-08 -2.54901484e-08 -1.19868032e-08 -8.39137698e-09 -7.56393315e-09 -7.42718392e-09 -7.44008077e-09 -7.47555240e-09 -7.50727669e-09 -7.53246532e-09 -7.55418444e-09 -7.57662688e-09 -7.60298791e-09 -7.63423563e-09 -7.66869029e-09 -7.70243458e-09 -7.73040881e-09 -7.74781489e-09 -7.75146808e-09 -7.74068304e-09 -7.71746683e-09 -7.68595604e-09 -7.65126495e-09 -7.61804608e-09 -7.58919638e-09 -7.56507401e-09 -7.54349316e-09 -7.52055690e-09 -7.49228779e-09 -7.45759510e-09 -7.42699602e-09 -7.45961659e-09 -7.82097664e-09 -9.58558571e-09 -1.66593859e-08 -4.17282516e-08 -1.21571174e-07 -3.51474703e-07 -9.52415923e-07 -2.38390881e-06 -5.50402763e-06 -1.17529510e-05 -2.33029554e-05 2.53880796e-05 8.42720188e-04 2.62630853e-03 5.43339016e-03 9.36423271e-03 1.45453341e-02 2.11380837e-02 2.93147988e-02 3.92143341e-02 5.09334518e-02 6.46700778e-02 8.03593608e-02 9.79875009e-02 1.17379307e-01 1.38243002e-01 1.60346456e-01 1.83203132e-01 2.06119436e-01 2.28467761e-01 2.49605344e-01 2.68617560e-01 2.84875709e-01 2.97662112e-01 3.06475767e-01 3.10970131e-01 3.10970131e-01 3.06475767e-01 2.97662112e-01 2.84875709e-01 2.68617560e-01 2.49605344e-01 2.28467761e-01 2.06119436e-01 1.83203132e-01 1.60346456e-01 1.38243002e-01 1.17379307e-01 9.79875009e-02 8.03593608e-02 6.46700778e-02 5.09334518e-02 3.92143341e-02 2.93147988e-02 2.11380837e-02 1.45453341e-02 9.36423271e-03 5.43339016e-03 2.62630853e-03 8.42720188e-04 2.53880796e-05 -2.33029554e-05 -1.17529510e-05 -5.50402763e-06 -2.38390881e-06 -9.52415923e-07 -3.51474703e-07 -1.21571174e-07 -4.17282513e-08 -1.66593859e-08 -9.58558583e-09 -7.82097681e-09 -7.45961654e-09 -7.42699569e-09 -7.45759521e-09 -7.49228779e-09 -7.52055712e-09 -7.54349294e-09 -7.56507385e-09 -7.58919633e-09 -7.61804608e-09 -7.65126501e-09 -7.68595604e-09 -7.71746689e-09 -7.74068304e-09 -7.75146825e-09 -7.74781495e-09 -7.73040887e-09 -7.70243458e-09 -7.66869046e-09 -7.63423552e-09 -7.60298791e-09 -7.57662705e-09 -7.55418472e-09 -7.53246521e-09 -7.50727647e-09 -7.47555262e-09 -7.44008077e-09 -7.42718392e-09 -7.56393320e-09 -8.39137709e-09 -1.19868031e-08 -2.54901487e-08 -7.08095645e-08 -2.07976437e-07 -5.84105333e-07 -1.52219402e-06 -3.65862811e-06 -8.11996279e-06 -1.66988419e-05 -3.19570650e-05 3.14837814e-04 1.61090513e-03 3.89586990e-03 7.25138822e-03 1.17842736e-02 1.76566304e-02 2.50216823e-02 3.40387444e-02 4.48431101e-02 5.75429333e-02 7.22636909e-02 8.89240388e-02 1.07490604e-01 1.27640332e-01 1.49138362e-01 1.71721949e-01 1.94696337e-01 2.17399336e-01 2.39250380e-01 2.59424182e-01 2.77143765e-01 2.91737802e-01 3.02591365e-01 3.09277554e-01 3.11536019e-01
3.12680722e-01 3.10399491e-01 3.03649476e-01 2.92689542e-01 2.77951600e-01 2.60000576e-01 2.39571628e-01 2.17443521e-01 1.94434299e-01 1.71272382e-01 1.48554570e-01 1.26835400e-01 1.06632442e-01 8.81088023e-02 7.14384393e-02 5.67879142e-02 4.41262473e-02 3.34461742e-02 2.45339514e-02 1.72764031e-02 1.15118847e-02 7.07014933e-03 3.79168345e-03 1.56234750e-03 3.02038409e-04 -3.47615499e-05 -1.82251734e-05 -8.88534116e-06 -4.01045027e-06 -1.66968142e-06 -6.40201744e-07 -2.27238916e-07 -7.67576478e-08 -2.71426477e-08 -1.24077932e-08 -8.49900583e-09 -7.59978885e-09 -7.44713291e-09 -7.45587470e-09 -7.48987361e-09 -7.52100959e-09 -7.54589957e-09 -7.56718049e-09 -7.58872598e-09 -7.61356922e-09 -7.64272040e-09 -7.67472430e-09 -7.70602648e-09 -7.73196873e-09 -7.74811337e-09 -7.75150188e-09 -7.74149789e-09 -7.71996678e-09 -7.69074315e-09 -7.65854707e-09 -7.62764002e-09 -7.60061525e-09 -7.57769469e-09 -7.55674845e-09 -7.53413226e-09 -7.50624968e-09 -7.47248691e-09 -7.44428091e-09 -7.48474199e-09 -7.87972715e-09 -9.79593795e-09 -1.75001289e-08 -4.49037121e-08 -1.32419774e-07 -3.84778920e-07 -1.04451703e-06 -2.61441425e-06 -6.02878857e-06 -1.28452617e-05 -2.53925401e-05 2.00582679e-05 8.15089196e-04 2.55364694e-03 5.29192660e-03 9.13478989e-03 1.42232706e-02 2.07076827e-02 2.87752964e-02 3.85555758e-02 5.02090620e-02 6.38744187e-02 7.95102072e-02 9.71436985e-02 1.16541413e-01 1.37518840e-01 1.59834062e-01 1.82831022e-01 2.05972684e-01 2.28688243e-01 2.50054969e-01 2.69334148e-01 2.85762145e-01 2.98672625e-01 3.07571607e-01 3.12108636e-01 3.12108636e-01 3.07571607e-01 2.98672625e-01 2.85762145e-01 2.69334148e-01 2.50054969e-01 2.28688243e-01 2.05972684e-01 1.82831022e-01 1.59834062e-01 1.37518840e-01 1.16541413e-01 9.71436985e-02 7.95102072e-02 6.38744187e-02 5.02090620e-02 3.85555758e-02 2.87752964e-02 2.07076827e-02 1.42232706e-02 9.13478989e-03 5.29192660e-03 2.55364694e-03 8.15089196e-04 2.00582679e-05 -2.53925401e-05 -1.28452617e-05 -6.02878857e-06 -2.61441425e-06 -1.04451703e-06 -3.84778920e-07 -1.32419774e-07 -4.49037122e-08 -1.75001288e-08 -9.79593801e-09 -7.87972693e-09 -7.48474188e-09 -7.44428097e-09 -7.47248696e-09 -7.50624962e-09 -7.53413243e-09 -7.55674828e-09 -7.57769458e-09 -7.60061525e-09 -7.62763991e-09 -7.65854702e-09 -7.69074315e-09 -7.71996667e-09 -7.74149789e-09 -7.75150172e-09 -7.74811337e-09 -7.73196873e-09 -7.70602648e-09 -7.67472430e-09 -7.64272040e-09 -7.61356900e-09 -7.58872593e-09 -7.56718077e-09 -7.54589935e-09 -7.52100976e-09 -7.48987378e-09 -7.45587442e-09 -7.44713313e-09 -7.59978858e-09 -8.49900583e-09 -1.24077933e-08 -2.71426477e-08 -7.67576477e-08 -2.27238916e-07 -6.40201744e-07 -1.66968142e-06 -4.01045027e-06 -8.88534116e-06 -1.82251734e-05 -3.47615499e-05 3.02038409e-04 1.56234750e-03 3.79168345e-03 7.07014933e-03 1.15118847e-02 1.72764031e-02 2.45339514e-02 3.34461742e-02 4.41262473e-02 5.67879142e-02 7.14384393e-02 8.81088023e-02 1.06632442e-01 1.26835400e-01 1.48554570e-01 1.71272382e-01 1.94434299e-01 2.17443521e-01 2.39571628e-01 2.60000576e-01 2.77951600e-01 2.92689542e-01 3.03649476e-01 3.10399491e-01 3.12680722e-01
3.13851825e-01 3.11506433e-01 3.04591365e-01 2.93452067e-01 2.78552759e-01 2.60443608e-01 2.39827364e-01 2.17451679e-01 1.94170103e-01 1.70746281e-01 1.47897658e-01 1.26048339e-01 1.05741917e-01 8.72216207e-02 7.05878445e-02 5.59981834e-02 4.34267563e-02 3.28378300e-02 2.40398444e-02 1.68889960e-02 1.12357143e-02 6.88509145e-03 3.68577991e-03 1.51361945e-03 2.87591731e-04 -3.77493502e-05 -1.98606847e-05 -9.70940698e-06 -4.39066776e-06 -1.82948718e-06 -7.01065973e-07 -2.48137827e-07 -8.31997776e-08 -2.89246309e-08 -1.28573133e-08 -8.61123306e-09 -7.63551444e-09 -7.46621359e-09 -7.47070689e-09 -7.50318752e-09 -7.53368962e-09 -7.55825647e-09 -7.57912444e-09 -7.59985502e-09 -7.62332120e-09 -7.65055663e-09 -7.68030872e-09 -7.70935643e-09 -7.73341735e-09 -7.74838999e-09 -7.75153342e-09 -7.74225478e-09 -7.72228581e-09 -7.69517694e-09 -7.66528052e-09 -7.63649388e-09 -7.61112973e-09 -7.58929547e-09 -7.56893154e-09 -7.54663737e-09 -7.51918056e-09 -7.48639306e-09 -7.46063095e-09 -7.50919577e-09 -7.93973393e-09 -1.00184641e-08 -1.84032225e-08 -4.83369261e-08 -1.44182643e-07 -4.20919907e-07 -1.14439457e-06 -2.86388447e-06 -6.59492125e-06 -1.40186627e-05 -2.76254066e-05 1.47447305e-05 7.86642776e-04 2.47844289e-03 5.14874149e-03 8.90214214e-03 1.38931029e-02 2.02653785e-02 2.82314473e-02 3.78842011e-02 4.94687351e-02 6.30407320e-02 7.86546403e-02 9.62459283e-02 1.15661534e-01 1.36805806e-01 1.59219864e-01 1.82410868e-01 2.05871961e-01 2.28805408e-01 2.50403969e-01 2.69862935e-01 2.86432759e-01 2.99527536e-01 3.08599504e-01 3.13263455e-01 3.13263455e-01 3.08599504e-01 2.99527536e-01 2.86432759e-01 2.69862935e-01 2.50403969e-01 2.28805408e-01 2.05871961e-01 1.82410868e-01 1.59219864e-01 1.36805806e-01 1.15661534e-01 9.62459283e-02 7.86546403e-02 6.30407320e-02 4.94687351e-02 3.78842011e-02 2.82314473e-02 2.02653785e-02 1.38931029e-02 8.90214214e-03 5.14874149e-03 2.47844289e-03 7.86642776e-04 1.47447305e-05 -2.76254066e-05 -1.40186627e-05 -6.59492125e-06 -2.86388447e-06 -1.14439457e-06 -4.20919907e-07 -1.44182643e-07 -4.83369260e-08 -1.84032227e-08 -1.00184639e-08 -7.93973387e-09 -7.50919593e-09 -7.46063084e-09 -7.48639317e-09 -7.51918039e-09 -7.54663754e-09 -7.56893170e-09 -7.58929530e-09 -7.61112973e-09 -7.63649388e-09 -7.66528030e-09 -7.69517694e-09 -7.72228570e-09 -7.74225478e-09 -7.75153319e-09 -7.74838987e-09 -7.73341746e-09 -7.70935676e-09 -7.68030872e-09 -7.65055641e-09 -7.62332131e-09 -7.59985530e-09 -7.57912444e-09 -7.55825630e-09 -7.53368962e-09 -7.50318763e-09 -7.47070661e-09 -7.46621354e-09 -7.63551478e-09 -8.61123306e-09 -1.28573134e-08 -2.89246307e-08 -8.31997776e-08 -2.48137826e-07 -7.01065973e-07 -1.82948718e-06 -4.39066776e-06 -9.70940698e-06 -1.98606847e-05 -3.77493502e-05 2.87591731e-04 1.51361945e-03 3.68577991e-03 6.88509145e-03 1.12357143e-02 1.68889960e-02 2.40398444e-02 3.28378300e-02 4.34267563e-02 5.59981834e-02 7.05878445e-02 8.72216207e-02 1.05741917e-01 1.26048339e-01 1.47897658e-01 1.70746281e-01 1.94170103e-01 2.17451679e-01 2.39827364e-01 2.60443608e-01 2.78552759e-01 2.93452067e-01 3.04591365e-01 3.11506433e-01 3.13851825e-01
3.15104729e-01 3.12733558e-01 3.05720242e-01 2.94358500e-01 2.79104035e-01 2.60713917e-01 2.39913743e-01 2.17381434e-01 1.93862339e-01 1.70208260e-01 1.47165539e-01 1.25239933e-01 1.04817912e-01 8.62933574e-02 6.97367552e-02 5.51897477e-02 4.27177503e-02 3.22093336e-02 2.35413440e-02 1.65000593e-02 1.09577250e-02 6.69747241e-03 3.57781022e-03 1.46388087e-03 2.72306765e-04 -4.09265659e-05 -2.16103013e-05 -1.05953697e-05 -4.80104944e-06 -2.00245010e-06 -7.67042139e-07 -2.70795260e-07 -9.01732932e-08 -3.08458876e-08 -1.33375654e-08 -8.72850076e-09 -7.67122299e-09 -7.48449691e-09 -7.48464835e-09 -7.51557899e-09 -7.54540425e-09 -7.56962421e-09 -7.59009988e-09 -7.61009000e-09 -7.63230423e-09 -7.65778918e-09 -7.68547292e-09 -7.71244030e-09 -7.73476039e-09 -7.74864661e-09 -7.75156161e-09 -7.74295694e-09 -7.72443498e-09 -7.69928055e-09 -7.67150277e-09 -7.64465569e-09 -7.62080643e-09 -7.59995705e-09 -7.58013174e-09 -7.55816171e-09 -7.53116536e-09 -7.49939388e-09 -7.47611900e-09 -7.53305707e-09 -8.00120975e-09 -1.02541533e-08 -1.93733956e-08 -5.20473885e-08 -1.56928582e-07 -4.60106425e-07 -1.25259557e-06 -3.13356002e-06 -7.20485517e-06 -1.52772217e-05 -3.00072155e-05 9.21358673e-06 7.58117945e-04 2.40116928e-03 5.00409891e-03 8.67157323e-03 1.35563976e-02 1.98208463e-02 2.76659310e-02 3.72118172e-02 4.87068105e-02 6.21947886e-02 7.77572142e-02 9.53055310e-02 1.14802294e-01 1.36031873e-01 1.58563431e-01 1.82023243e-01 2.05686813e-01 2.28815564e-01 2.50570464e-01 2.70260168e-01 2.87185453e-01 3.00557858e-01 3.09792383e-01 3.14510281e-01 3.14510281e-01 3.09792383e-01 3.00557858e-01 2.87185453e-01 2.70260168e-01 2.50570464e-01 2.28815564e-01 2.05686813e-01 1.82023243e-01 1.58563431e-01 1.36031873e-01 1.14802294e-01 9.53055310e-02 7.77572142e-02 6.21947886e-02 4.87068105e-02 3.72118172e-02 2.76659310e-02 1.98208463e-02 1.35563976e-02 8.67157323e-03 5.00409891e-03 2.40116928e-03 7.58117945e-04 9.21358673e-06 -3.00072155e-05 -1.52772217e-05 -7.20485517e-06 -3.13356002e-06 -1.25259557e-06 -4.60106425e-07 -1.56928581e-07 -5.20473885e-08 -1.93733953e-08 -1.02541535e-08 -8.00120981e-09 -7.53305712e-09 -7.47611889e-09 -7.49939377e-09 -7.53116536e-09 -7.55816176e-09 -7.58013141e-09 -7.59995672e-09 -7.62080632e-09 -7.64465535e-09 -7.67150299e-09 -7.69928071e-09 -7.72443476e-09 -7.74295678e-09 -7.75156150e-09 -7.74864672e-09 -7.73476039e-09 -7.71244046e-09 -7.68547304e-09 -7.65778901e-09 -7.63230423e-09 -7.61009011e-09 -7.59009972e-09 -7.56962409e-09 -7.54540436e-09 -7.51557905e-09 -7.48464812e-09 -7.48449680e-09 -7.67122293e-09 -8.72850076e-09 -1.33375654e-08 -3.08458877e-08 -9.01732933e-08 -2.70795260e-07 -7.67042139e-07 -2.00245010e-06 -4.80104944e-06 -1.05953697e-05 -2.16103013e-05 -4.09265659e-05 2.72306765e-04 1.46388087e-03 3.57781022e-03 6.69747241e-03 1.09577250e-02 1.65000593e-02 2.35413440e-02 3.22093336e-02 4.27177503e-02 5.51897477e-02 6.97367552e-02 8.62933574e-02 1.04817912e-01 1.25239933e-01 1.47165539e-01 1.70208260e-01 1.93862339e-01 2.17381434e-01 2.39913743e-01 2.60713917e-01 2.79104035e-01 2.94358500e-01 3.05720242e-01 3.12733558e-01 3.15104729e-01
3.16132873e-01 3.13739723e-01 3.06656610e-01 2.95179754e-01 2.79780541e-01 2.61076422e-01 2.39876115e-01 2.17152087e-01 1.93492101e-01 1.69655600e-01 1.46398316e-01 1.24369673e-01 1.03903252e-01 8.53360528e-02 6.88293641e-02 5.43651414e-02 4.19864062e-02 3.15760156e-02 2.30284008e-02 1.61078673e-02 1.06702827e-02 6.50784579e-03 3.46984234e-03 1.41332680e-03 2.57487518e-04 -4.42989647e-05 -2.34789088e-05 -1.15464963e-05 -5.24342637e-06 -2.18944863e-06 -8.38493547e-07 -2.95340818e-07 -9.77179407e-08 -3.29168515e-08 -1.38508930e-08 -8.85128204e-09 -7.70702541e-09 -7.50204876e-09 -7.49777190e-09 -7.52712420e-09 -7.55623719e-09 -7.58008872e-09 -7.60018481e-09 -7.61949626e-09 -7.64057440e-09 -7.66445890e-09 -7.69024477e-09 -7.71529340e-09 -7.73600373e-09 -7.74888526e-09 -7.75158815e-09 -7.74360670e-09 -7.72642528e-09 -7.70307529e-09 -7.67724551e-09 -7.65217600e-09 -7.62970576e-09 -7.60975449e-09 -7.59042745e-09 -7.56879237e-09 -7.54228785e-09 -7.51156459e-09 -7.49080697e-09 -7.55640062e-09 -8.06436717e-09 -1.05040678e-08 -2.04156866e-08 -5.60558733e-08 -1.70730755e-07 -5.02559543e-07 -1.36969546e-06 -3.42473323e-06 -7.86108631e-06 -1.66250323e-05 -3.25434726e-05 2.87928072e-06 7.28723975e-04 2.32349068e-03 4.85793995e-03 8.44024864e-03 1.32127470e-02 1.93718592e-02 2.70855898e-02 3.65412697e-02 4.79249676e-02 6.13392804e-02 7.68217628e-02 9.43526384e-02 1.13924396e-01 1.35201151e-01 1.57921274e-01 1.81558194e-01 2.05404381e-01 2.28667189e-01 2.50704750e-01 2.70798624e-01 2.87934447e-01 3.01442711e-01 3.10771248e-01 3.15532750e-01 3.15532750e-01 3.10771248e-01 3.01442711e-01 2.87934447e-01 2.70798624e-01 2.50704750e-01 2.28667189e-01 2.05404381e-01 1.81558194e-01 1.57921274e-01 1.35201151e-01 1.13924396e-01 9.43526384e-02 7.68217628e-02 6.13392804e-02 4.79249676e-02 3.65412697e-02 2.70855898e-02 1.93718592e-02 1.32127470e-02 8.44024864e-03 4.85793995e-03 2.32349068e-03 7.28723975e-04 2.87928072e-06 -3.25434726e-05 -1.66250323e-05 -7.86108631e-06 -3.42473323e-06 -1.36969546e-06 -5.02559543e-07 -1.70730755e-07 -5.60558733e-08 -2.04156865e-08 -1.05040678e-08 -8.06436717e-09 -7.55640028e-09 -7.49080692e-09 -7.51156481e-09 -7.54228785e-09 -7.56879215e-09 -7.59042734e-09 -7.60975438e-09 -7.62970570e-09 -7.65217600e-09 -7.67724551e-09 -7.70307573e-09 -7.72642517e-09 -7.74360642e-09 -7.75158826e-09 -7.74888531e-09 -7.73600389e-09 -7.71529352e-09 -7.69024489e-09 -7.66445912e-09 -7.64057456e-09 -7.61949637e-09 -7.60018481e-09 -7.58008861e-09 -7.55623719e-09 -7.52712426e-09 -7.49777213e-09 -7.50204876e-09 -7.70702530e-09 -8.85128204e-09 -1.38508933e-08 -3.29168515e-08 -9.77179406e-08 -2.95340819e-07 -8.38493547e-07 -2.18944863e-06 -5.24342637e-06 -1.15464963e-05 -2.34789088e-05 -4.42989647e-05 2.57487518e-04 1.41332680e-03 3.46984234e-03 6.50784579e-03 1.06702827e-02 1.61078673e-02 2.30284008e-02 3.15760156e-02 4.19864062e-02 5.43651414e-02 6.88293641e-02 8.53360528e-02 1.03903252e-01 1.24369673e-01 1.46398316e-01 1.69655600e-01 1.93492101e-01 2.17152087e-01 2.39876115e-01 2.61076422e-01 2.79780541e-01 2.95179754e-01 3.06656610e-01 3.13739723e-01 3.16132873e-01
3.17076127e-01 3.14647174e-01 3.07461611e-01 2.95826953e-01 2.80253933e-01 2.61406620e-01 2.39951675e-01 2.16822546e-01 1.92993871e-01 1.69060770e-01 1.45660687e-01 1.23455941e-01 1.02962811e-01 8.43657992e-02 6.79000140e-02 5.35408969e-02 4.12406914e-02 3.09504448e-02 2.25089221e-02 1.57145676e-02 1.03818595e-02 6.31748598e-03 3.35883609e-03 1.36292004e-03 2.43265023e-04 -4.78719255e-05 -2.54713242e-05 -1.25661009e-05 -5.71968955e-06 -2.39140114e-06 -9.15803260e-07 -3.21911922e-07 -1.05876009e-07 -3.51486304e-08 -1.43997845e-08 -8.98006797e-09 -7.74303849e-09 -7.51893092e-09 -7.51013884e-09 -7.53789287e-09 -7.56626511e-09 -7.58972518e-09 -7.60944963e-09 -7.62814079e-09 -7.64818131e-09 -7.67060560e-09 -7.69464942e-09 -7.71793152e-09 -7.73715558e-09 -7.74910491e-09 -7.75161269e-09 -7.74420855e-09 -7.72826547e-09 -7.70658148e-09 -7.68254227e-09 -7.65909958e-09 -7.63788721e-09 -7.61875485e-09 -7.59989499e-09 -7.57860324e-09 -7.55261925e-09 -7.52296936e-09 -7.50475798e-09 -7.57930235e-09 -8.12943257e-09 -1.07693165e-08 -2.15354521e-08 -6.03844864e-08 -1.85666890e-07 -5.48513086e-07 -1.49629864e-06 -3.73874764e-06 -8.56617162e-06 -1.80661961e-05 -3.52394871e-05 -3.61434583e-06 6.98166857e-04 2.24729329e-03 4.71182383e-03 8.20583696e-03 1.28725439e-02 1.89187699e-02 2.65041144e-02 3.58529130e-02 4.71300472e-02 6.04542151e-02 7.58561573e-02 9.34098843e-02 1.12984535e-01 1.34362765e-01 1.57239188e-01 1.81009280e-01 2.04959972e-01 2.28525639e-01 2.50954222e-01 2.71206171e-01 2.88487191e-01 3.02173538e-01 3.11634103e-01 3.16467276e-01 3.16467276e-01 3.11634103e-01 3.02173538e-01 2.88487191e-01 2.71206171e-01 2.50954222e-01 2.28525639e-01 2.04959972e-01 1.81009280e-01 1.57239188e-01 1.34362765e-01 1.12984535e-01 9.34098843e-02 7.58561573e-02 6.04542151e-02 4.71300472e-02 3.58529130e-02 2.65041144e-02 1.89187699e-02 1.28725439e-02 8.20583696e-03 4.71182383e-03 2.24729329e-03 6.98166857e-04 -3.61434583e-06 -3.52394871e-05 -1.80661961e-05 -8.56617162e-06 -3.73874764e-06 -1.49629864e-06 -5.48513086e-07 -1.85666890e-07 -6.03844864e-08 -2.15354524e-08 -1.07693164e-08 -8.12943241e-09 -7.57930230e-09 -7.50475820e-09 -7.52296930e-09 -7.55261925e-09 -7.57860308e-09 -7.59989488e-09 -7.61875463e-09 -7.63788721e-09 -7.65909935e-09 -7.68254227e-09 -7.70658143e-09 -7.72826553e-09 -7.74420872e-09 -7.75161269e-09 -7.74910514e-09 -7.73715575e-09 -7.71793152e-09 -7.69464964e-09 -7.67060576e-09 -7.64818109e-09 -7.62814073e-09 -7.60944979e-09 -7.58972529e-09 -7.56626523e-09 -7.53789292e-09 -7.51013890e-09 -7.51893103e-09 -7.74303860e-09 -8.98006791e-09 -1.43997844e-08 -3.51486306e-08 -1.05876009e-07 -3.21911922e-07 -9.15803260e-07 -2.39140114e-06 -5.71968955e-06 -1.25661009e-05 -2.54713242e-05 -4.78719255e-05 2.43265023e-04 1.36292004e-03 3.35883609e-03 6.31748598e-03 1.03818595e-02 1.57145676e-02 2.25089221e-02 3.09504448e-02 4.12406914e-02 5.35408969e-02 6.79000140e-02 8.43657992e-02 1.02962811e-01 1.23455941e-01 1.45660687e-01 1.69060770e-01 1.92993871e-01 2.16822546e-01 2.39951675e-01 2.61406620e-01 2.80253933e-01 2.95826953e-01 3.07461611e-01 3.14647174e-01 3.17076127e-01
3.17822435e-01 3.15371871e-01 3.08121542e-01 2.96372391e-01 2.80624568e-01 2.61551892e-01 2.39943743e-01 2.16601006e-01 1.92405791e-01 1.68342606e-01 1.44859062e-01 1.22554318e-01 1.01970027e-01 8.33951901e-02 6.69492668e-02 5.26868398e-02 4.04900594e-02 3.03183405e-02 2.19872627e-02 1.53162794e-02 1.00899141e-02 6.12850231e-03 3.24701485e-03 1.31186617e-03 2.28341143e-04 -5.16503796e-05 -2.75922656e-05 -1.36575329e-05 -6.23178699e-06 -2.60926601e-06 -9.99374624e-07 -3.50654134e-07 -1.14692438e-07 -3.75530465e-08 -1.49868861e-08 -9.11537845e-09 -7.77937531e-09 -7.53520124e-09 -7.52180623e-09 -7.54795093e-09 -7.57555851e-09 -7.59860647e-09 -7.61796770e-09 -7.63608166e-09 -7.65517705e-09 -7.67626657e-09 -7.69871289e-09 -7.72036796e-09 -7.73821929e-09 -7.74930964e-09 -7.75163506e-09 -7.74476633e-09 -7.72996706e-09 -7.70981828e-09 -7.68742503e-09 -7.66547209e-09 -7.64540758e-09 -7.62702157e-09 -7.60860541e-09 -7.58766605e-09 -7.56222984e-09 -7.53367135e-09 -7.51802620e-09 -7.60182989e-09 -8.19663559e-09 -1.10510928e-08 -2.27384047e-08 -6.50567533e-08 -2.01819483e-07 -5.98214073e-07 -1.63303889e-06 -4.07699712e-06 -9.32272278e-06 -1.96048031e-05 -3.81003287e-05 -1.01963673e-05 6.68254155e-04 2.16853179e-03 4.56293490e-03 7.96568525e-03 1.25342688e-02 1.84596680e-02 2.59298862e-02 3.51624089e-02 4.63360570e-02 5.95473372e-02 7.48895210e-02 9.24406157e-02 1.12020907e-01 1.33520145e-01 1.56488407e-01 1.80312217e-01 2.04543105e-01 2.28431948e-01 2.51007408e-01 2.71456643e-01 2.88962055e-01 3.02782463e-01 3.12331366e-01 3.17208278e-01 3.17208278e-01 3.12331366e-01 3.02782463e-01 2.88962055e-01 2.71456643e-01 2.51007408e-01 2.28431948e-01 2.04543105e-01 1.80312217e-01 1.56488407e-01 1.33520145e-01 1.12020907e-01 9.24406157e-02 7.48895210e-02 5.95473372e-02 4.63360570e-02 3.51624089e-02 2.59298862e-02 1.84596680e-02 1.25342688e-02 7.96568525e-03 4.56293490e-03 2.16853179e-03 6.68254155e-04 -1.01963673e-05 -3.81003287e-05 -1.96048031e-05 -9.32272278e-06 -4.07699712e-06 -1.63303889e-06 -5.98214074e-07 -2.01819482e-07 -6.50567531e-08 -2.27384046e-08 -1.10510928e-08 -8.19663576e-09 -7.60182983e-09 -7.51802626e-09 -7.53367141e-09 -7.56222995e-09 -7.58766594e-09 -7.60860552e-09 -7.62702168e-09 -7.64540753e-09 -7.66547198e-09 -7.68742509e-09 -7.70981812e-09 -7.72996700e-09 -7.74476627e-09 -7.75163489e-09 -7.74930942e-09 -7.73821940e-09 -7.72036779e-09 -7.69871289e-09 -7.67626657e-09 -7.65517705e-09 -7.63608160e-09 -7.61796759e-09 -7.59860647e-09 -7.57555851e-09 -7.54795115e-09 -7.52180640e-09 -7.53520124e-09 -7.77937514e-09 -9.11537834e-09 -1.49868859e-08 -3.75530463e-08 -1.14692438e-07 -3.50654134e-07 -9.99374624e-07 -2.60926601e-06 -6.23178699e-06 -1.36575329e-05 -2.75922656e-05 -5.16503796e-05 2.28341143e-04 1.31186617e-03 3.24701485e-03 6.12850231e-03 1.00899141e-02 1.53162794e-02 2.19872627e-02 3.03183405e-02 4.04900594e-02 5.26868398e-02 6.69492668e-02 8.33951901e-02 1.01970027e-01 1.22554318e-01 1.44859062e-01 1.68342606e-01 1.92405791e-01 2.16601006e-01 2.39943743e-01 2.61551892e-01 2.80624568e-01 2.96372391e-01 3.08121542e-01 3.15371871e-01 3.17822435e-01
3.18665766e-01 3.16130656e-01 3.08664989e-01 2.96745665e-01 2.80852444e-01 2.61604969e-01 2.39779582e-01 2.16267029e-01 1.91910124e-01 1.67525489e-01 1.43985468e-01 1.21630549e-01 1.00969041e-01 8.24054722e-02 6.59983606e-02 5.18112333e-02 3.97389900e-02 2.96795428e-02 2.14639447e-02 1.49182857e-02 9.80242527e-03 5.93769325e-03 3.13559129e-03 1.26015047e-03 2.12462695e-04 -5.56387521e-05 -2.98463202e-05 -1.48241639e-05 -6.78172041e-06 -2.84404156e-06 -1.08963176e-06 -3.81721473e-07 -1.24214964e-07 -4.01426667e-08 -1.56150056e-08 -9.25776467e-09 -7.81615805e-09 -7.55091323e-09 -7.53282819e-09 -7.55735818e-09 -7.58418162e-09 -7.60679875e-09 -7.62579788e-09 -7.64337743e-09 -7.66160813e-09 -7.68147779e-09 -7.70245911e-09 -7.72261755e-09 -7.73920339e-09 -7.74949738e-09 -7.75165648e-09 -7.74528175e-09 -7.73153802e-09 -7.71280284e-09 -7.69192265e-09 -7.67133335e-09 -7.65231617e-09 -7.63461960e-09 -7.61662511e-09 -7.59604701e-09 -7.57117924e-09 -7.54372559e-09 -7.53066320e-09 -7.62405922e-09 -8.26622343e-09 -1.13506474e-08 -2.40305982e-08 -7.00976813e-08 -2.19276013e-07 -6.51923155e-07 -1.78057984e-06 -4.44092469e-06 -1.01333990e-05 -2.12449104e-05 -4.11307822e-05 -1.68447208e-05 6.37136639e-04 2.09084129e-03 4.41373120e-03 7.72676024e-03 1.21917617e-02 1.80004864e-02 2.53530343e-02 3.44628401e-02 4.55214562e-02 5.86232498e-02 7.39297811e-02 9.14302388e-02 1.11074626e-01 1.32630886e-01 1.55631107e-01 1.79631485e-01 2.04156362e-01 2.28161358e-01 2.50967315e-01 2.71598863e-01 2.89262460e-01 3.03224336e-01 3.12999161e-01 3.18029974e-01 3.18029974e-01 3.12999161e-01 3.03224336e-01 2.89262460e-01 2.71598863e-01 2.50967315e-01 2.28161358e-01 2.04156362e-01 1.79631485e-01 1.55631107e-01 1.32630886e-01 1.11074626e-01 9.14302388e-02 7.39297811e-02 5.86232498e-02 4.55214562e-02 3.44628401e-02 2.53530343e-02 1.80004864e-02 1.21917617e-02 7.72676024e-03 4.41373120e-03 2.09084129e-03 6.37136639e-04 -1.68447208e-05 -4.11307822e-05 -2.12449104e-05 -1.01333990e-05 -4.44092469e-06 -1.78057984e-06 -6.51923155e-07 -2.19276013e-07 -7.00976813e-08 -2.40305981e-08 -1.13506473e-08 -8.26622321e-09 -7.62405911e-09 -7.53066343e-09 -7.54372531e-09 -7.57117913e-09 -7.59604690e-09 -7.61662522e-09 -7.63461938e-09 -7.65231628e-09 -7.67133324e-09 -7.69192254e-09 -7.71280295e-09 -7.73153819e-09 -7.74528186e-09 -7.75165648e-09 -7.74949754e-09 -7.73920350e-09 -7.72261766e-09 -7.70245889e-09 -7.68147757e-09 -7.66160796e-09 -7.64337749e-09 -7.62579772e-09 -7.60679875e-09 -7.58418162e-09 -7.55735813e-09 -7.53282786e-09 -7.55091339e-09 -7.81615800e-09 -9.25776472e-09 -1.56150055e-08 -4.01426664e-08 -1.24214964e-07 -3.81721473e-07 -1.08963176e-06 -2.84404156e-06 -6.78172041e-06 -1.48241639e-05 -2.98463202e-05 -5.56387521e-05 2.12462695e-04 1.26015047e-03 3.13559129e-03 5.93769325e-03 9.80242527e-03 1.49182857e-02 2.14639447e-02 2.96795428e-02 3.97389900e-02 5.18112333e-02 6.59983606e-02 8.24054722e-02 1.00969041e-01 1.21630549e-01 1.43985468e-01 1.67525489e-01 1.91910124e-01 2.16267029e-01 2.39779582e-01 2.61604969e-01 2.80852444e-01 2.96745665e-01 3.08664989e-01 3.16130656e-01 3.18665766e-01
3.19888712e-01 3.17316080e-01 3.09721071e-01 2.97424704e-01 2.81016329e-01 2.61502940e-01 2.39532887e-01 2.15821045e-01 1.91314939e-01 1.66773414e-01 1.43012801e-01 1.20673048e-01 9.99961701e-02 8.13849269e-02 6.50424400e-02 5.09265937e-02 3.89820625e-02 2.90360246e-02 2.09418534e-02 1.45175876e-02 9.51411686e-03 5.74632193e-03 3.02544687e-03 1.20767095e-03 1.95706285e-04 -5.98409022e-05 -3.22379109e-05 -1.60693741e-05 -7.37154119e-06 -3.09676576e-06 -1.18702000e-06 -4.15276741e-07 -1.34494236e-07 -4.29308517e-08 -1.62871245e-08 -9.40780442e-09 -7.85350240e-09 -7.56611818e-09 -7.54325052e-09 -7.56616514e-09 -7.59219004e-09 -7.61436020e-09 -7.63299984e-09 -7.65007985e-09 -7.66751818e-09 -7.68627251e-09 -7.70590969e-09 -7.72469244e-09 -7.74011233e-09 -7.74967157e-09 -7.75167652e-09 -7.74575681e-09 -7.73298864e-09 -7.71555531e-09 -7.69606295e-09 -7.67672431e-09 -7.65866365e-09 -7.64160096e-09 -7.62401187e-09 -7.60380559e-09 -7.57952634e-09 -7.55317892e-09 -7.54271279e-09 -7.64605301e-09 -8.33844654e-09 -1.16693121e-08 -2.54184765e-08 -7.55338280e-08 -2.38129159e-07 -7.09915029e-07 -1.93961521e-06 -4.83202093e-06 -1.10008991e-05 -2.29905195e-05 -4.43353013e-05 -2.37387430e-05 6.06618623e-04 2.01197439e-03 4.26469997e-03 7.48862386e-03 1.18502047e-02 1.75393204e-02 2.47690119e-02 3.37708530e-02 4.46957645e-02 5.77013874e-02 7.29467961e-02 9.04087870e-02 1.10097857e-01 1.31666867e-01 1.54733433e-01 1.79002065e-01 2.03606054e-01 2.27837334e-01 2.50788530e-01 2.71595994e-01 2.89684587e-01 3.04131802e-01 3.14131107e-01 3.19243440e-01 3.19243440e-01 3.14131107e-01 3.04131802e-01 2.89684587e-01 2.71595994e-01 2.50788530e-01 2.27837334e-01 2.03606054e-01 1.79002065e-01 1.54733433e-01 1.31666867e-01 1.10097857e-01 9.04087870e-02 7.29467961e-02 5.77013874e-02 4.46957645e-02 3.37708530e-02 2.47690119e-02 1.75393204e-02 1.18502047e-02 7.48862386e-03 4.26469997e-03 2.01197439e-03 6.06618623e-04 -2.37387430e-05 -4.43353013e-05 -2.29905195e-05 -1.10008991e-05 -4.83202093e-06 -1.93961521e-06 -7.09915029e-07 -2.38129159e-07 -7.55338280e-08 -2.54184765e-08 -1.16693122e-08 -8.33844660e-09 -7.64605301e-09 -7.54271245e-09 -7.55317897e-09 -7.57952645e-09 -7.60380570e-09 -7.62401209e-09 -7.64160113e-09 -7.65866348e-09 -7.67672437e-09 -7.69606290e-09 -7.71555519e-09 -7.73298847e-09 -7.74575692e-09 -7.75167686e-09 -7.74967135e-09 -7.74011233e-09 -7.72469239e-09 -7.70590958e-09 -7.68627240e-09 -7.66751823e-09 -7.65007990e-09 -7.63299973e-09 -7.61436014e-09 -7.59218999e-09 -7.56616519e-09 -7.54325047e-09 -7.56611795e-09 -7.85350274e-09 -9.40780454e-09 -1.62871247e-08 -4.29308517e-08 -1.34494236e-07 -4.15276741e-07 -1.18702000e-06 -3.09676576e-06 -7.37154119e-06 -1.60693741e-05 -3.22379109e-05 -5.98409022e-05 1.95706285e-04 1.20767095e-03 3.02544687e-03 5.74632193e-03 9.51411686e-03 1.45175876e-02 2.09418534e-02 2.90360246e-02 3.89820625e-02 5.09265937e-02 6.50424400e-02 8.13849269e-02 9.99961701e-02 1.20673048e-01 1.43012801e-01 1.66773414e-01 1.91314939e-01 2.15821045e-01 2.39532887e-01 2.61502940e-01 2.81016329e-01 2.97424704e-01 3.09721071e-01 3.17316080e-01 3.19888712e-01
3.20897780e-01 3.18299152e-01 3.10619427e-01 2.98216341e-01 2.81610894e-01 2.61553942e-01 2.39138801e-01 2.15282553e-01 1.90617865e-01 1.65979280e-01 1.42058488e-01 1.19625870e-01 9.89871349e-02 8.03727279e-02 6.40768005e-02 5.00472120e-02 3.82088647e-02 2.83958617e-02 2.04219990e-02 1.41186948e-02 9.22715370e-03 5.55505688e-03 2.91531083e-03 1.15561264e-03 1.79116331e-04 -6.42600645e-05 -3.47712617e-05 -1.73965364e-05 -8.00334587e-06 -3.36851577e-06 -1.29200632e-06 -4.51491836e-07 -1.45583957e-07 -4.59317862e-08 -1.70064066e-08 -9.56610652e-09 -7.89153043e-09 -7.58086494e-09 -7.55311808e-09 -7.57442309e-09 -7.59963947e-09 -7.62134761e-09 -7.63962904e-09 -7.65623809e-09 -7.67294911e-09 -7.69068198e-09 -7.70908770e-09 -7.72660547e-09 -7.74094944e-09 -7.74983289e-09 -7.75169495e-09 -7.74619557e-09 -7.73432629e-09 -7.71809133e-09 -7.69987385e-09 -7.68167796e-09 -7.66449615e-09 -7.64801883e-09 -7.63082031e-09 -7.61099672e-09 -7.58731944e-09 -7.56208146e-09 -7.55422225e-09 -7.66788366e-09 -8.41356990e-09 -1.20084924e-08 -2.69088808e-08 -8.13933912e-08 -2.58477008e-07 -7.72478842e-07 -2.11086901e-06 -5.25182209e-06 -1.19279526e-05 -2.48455528e-05 -4.77179620e-05 -3.12207340e-05 5.75247198e-04 1.93266511e-03 4.11544446e-03 7.24997110e-03 1.15086823e-02 1.70761364e-02 2.41876652e-02 3.30679323e-02 4.38581935e-02 5.67811546e-02 7.19413503e-02 8.94155511e-02 1.09075824e-01 1.30623556e-01 1.53906871e-01 1.78235368e-01 2.02995116e-01 2.27367276e-01 2.50528420e-01 2.71963256e-01 2.90394544e-01 3.04981172e-01 3.15077548e-01 3.20246266e-01 3.20246266e-01 3.15077548e-01 3.04981172e-01 2.90394544e-01 2.71963256e-01 2.50528420e-01 2.27367276e-01 2.02995116e-01 1.78235368e-01 1.53906871e-01 1.30623556e-01 1.09075824e-01 8.94155511e-02 7.19413503e-02 5.67811546e-02 4.38581935e-02 3.30679323e-02 2.41876652e-02 1.70761364e-02 1.15086823e-02 7.24997110e-03 4.11544446e-03 1.93266511e-03 5.75247198e-04 -3.12207340e-05 -4.77179620e-05 -2.48455528e-05 -1.19279526e-05 -5.25182209e-06 -2.11086901e-06 -7.72478842e-07 -2.58477008e-07 -8.13933912e-08 -2.69088806e-08 -1.20084926e-08 -8.41356990e-09 -7.66788344e-09 -7.55422230e-09 -7.56208124e-09 -7.58731961e-09 -7.61099661e-09 -7.63082070e-09 -7.64801877e-09 -7.66449615e-09 -7.68167807e-09 -7.69987374e-09 -7.71809117e-09 -7.73432651e-09 -7.74619563e-09 -7.75169495e-09 -7.74983272e-09 -7.74094949e-09 -7.72660558e-09 -7.70908770e-09 -7.69068192e-09 -7.67294905e-09 -7.65623814e-09 -7.63962893e-09 -7.62134755e-09 -7.59963947e-09 -7.57442320e-09 -7.55311813e-09 -7.58086477e-09 -7.89153060e-09 -9.56610624e-09 -1.70064066e-08 -4.59317864e-08 -1.45583956e-07 -4.51491836e-07 -1.29200632e-06 -3.36851577e-06 -8.00334587e-06 -1.73965364e-05 -3.47712617e-05 -6.42600645e-05 1.79116331e-04 1.15561264e-03 2.91531083e-03 5.55505688e-03 9.22715370e-03 1.41186948e-02 2.04219990e-02 2.83958617e-02 3.82088647e-02 5.00472120e-02 6.40768005e-02 8.03727279e-02 9.89871349e-02 1.19625870e-01 1.42058488e-01 1.65979280e-01 1.90617865e-01 2.15282553e-01 2.39138801e-01 2.61553942e-01 2.81610894e-01 2.98216341e-01 3.10619427e-01 3.18299152e-01 3.20897780e-01
3.21709440e-01 3.19079445e-01 3.11320815e-01 2.98791281e-01 2.82042031e-01 2.61815542e-01 2.38980055e-01 2.14635175e-01 1.89840906e-01 1.65079734e-01 1.41134505e-01 1.18541510e-01 9.79320688e-02 7.93754144e-02 6.30921585e-02 4.91639531e-02 3.74307413e-02 2.77516655e-02 1.99031070e-02 1.37173905e-02 8.94048001e-03 5.36531014e-03 2.80482626e-03 1.10255948e-03 1.63229239e-04 -6.88987907e-05 -3.74503616e-05 -1.88090007e-05 -8.67927097e-06 -3.66040719e-06 -1.40507965e-06 -4.90548054e-07 -1.57541020e-07 -4.91605292e-08 -1.77761991e-08 -9.73330938e-09 -7.93036820e-09 -7.59519980e-09 -7.56247076e-09 -7.58217489e-09 -7.60657798e-09 -7.62781160e-09 -7.64573277e-09 -7.66189828e-09 -7.67794006e-09 -7.69473651e-09 -7.71201175e-09 -7.72836750e-09 -7.74172226e-09 -7.74998049e-09 -7.75171100e-09 -7.74660058e-09 -7.73555942e-09 -7.72042580e-09 -7.70337916e-09 -7.68623143e-09 -7.66985375e-09 -7.65392344e-09 -7.63710367e-09 -7.61767005e-09 -7.59460639e-09 -7.57047475e-09 -7.56523244e-09 -7.68961411e-09 -8.49186649e-09 -1.23696771e-08 -2.85090699e-08 -8.77062751e-08 -2.80423280e-07 -8.39918570e-07 -2.29509556e-06 -5.70190773e-06 -1.29173101e-05 -2.68138280e-05 -5.12824148e-05 -3.90069367e-05 5.43923355e-04 1.85286690e-03 3.96716189e-03 7.01332559e-03 1.11673546e-02 1.66153401e-02 2.36082046e-02 3.23514821e-02 4.30272234e-02 5.58517195e-02 7.09395205e-02 8.83807044e-02 1.07988264e-01 1.29631644e-01 1.52976092e-01 1.77409070e-01 2.02276717e-01 2.26893930e-01 2.50660132e-01 2.72310721e-01 2.90903076e-01 3.05617542e-01 3.15825667e-01 3.21048641e-01 3.21048641e-01 3.15825667e-01 3.05617542e-01 2.90903076e-01 2.72310721e-01 2.50660132e-01 2.26893930e-01 2.02276717e-01 1.77409070e-01 1.52976092e-01 1.29631644e-01 1.07988264e-01 8.83807044e-02 7.09395205e-02 5.58517195e-02 4.30272234e-02 3.23514821e-02 2.36082046e-02 1.66153401e-02 1.11673546e-02 7.01332559e-03 3.96716189e-03 1.85286690e-03 5.43923355e-04 -3.90069367e-05 -5.12824148e-05 -2.68138280e-05 -1.29173101e-05 -5.70190773e-06 -2.29509556e-06 -8.39918570e-07 -2.80423280e-07 -8.77062751e-08 -2.85090699e-08 -1.23696772e-08 -8.49186649e-09 -7.68961411e-09 -7.56523250e-09 -7.57047458e-09 -7.59460650e-09 -7.61767016e-09 -7.63710367e-09 -7.65392361e-09 -7.66985386e-09 -7.68623126e-09 -7.70337938e-09 -7.72042574e-09 -7.73555930e-09 -7.74660042e-09 -7.75171116e-09 -7.74998049e-09 -7.74172226e-09 -7.72836767e-09 -7.71201186e-09 -7.69473640e-09 -7.67793995e-09 -7.66189839e-09 -7.64573277e-09 -7.62781149e-09 -7.60657815e-09 -7.58217500e-09 -7.56247082e-09 -7.59519980e-09 -7.93036797e-09 -9.73330938e-09 -1.77761991e-08 -4.91605293e-08 -1.57541019e-07 -4.90548053e-07 -1.40507965e-06 -3.66040719e-06 -8.67927097e-06 -1.88090007e-05 -3.74503616e-05 -6.88987907e-05 1.63229239e-04 1.10255948e-03 2.80482626e-03 5.36531014e-03 8.94048001e-03 1.37173905e-02 1.99031070e-02 2.77516655e-02 3.74307413e-02 4.91639531e-02 6.30921585e-02 7.93754144e-02 9.79320688e-02 1.18541510e-01 1.41134505e-01 1.65079734e-01 1.89840906e-01 2.14635175e-01 2.38980055e-01 2.61815542e-01 2.82042031e-01 2.98791281e-01 3.11320815e-01 3.19079445e-01 3.21709440e-01
3.22516873e-01 3.19850385e-01 3.11971239e-01 2.99239820e-01 2.82292641e-01 2.61891909e-01 2.38877889e-01 2.14219297e-01 1.88970381e-01 1.64133310e-01 1.40104068e-01 1.17519733e-01 9.68219325e-02 7.83554860e-02 6.21244123e-02 4.82782387e-02 3.66585004e-02 2.71060662e-02 1.93913044e-02 1.33161827e-02 8.65514183e-03 5.17576177e-03 2.69356117e-03 1.05032793e-03 1.46778515e-04 -7.37588924e-05 -4.02789277e-05 -2.03100759e-05 -9.40148717e-06 -3.97359311e-06 -1.52675120e-06 -5.32636406e-07 -1.70425650e-07 -5.26330490e-08 -1.86000604e-08 -9.91009269e-09 -7.97014577e-09 -7.60916768e-09 -7.57134450e-09 -7.58945873e-09 -7.61304952e-09 -7.63379843e-09 -7.65135943e-09 -7.66710229e-09 -7.68252484e-09 -7.69846309e-09 -7.71470393e-09 -7.72999109e-09 -7.74243503e-09 -7.75011794e-09 -7.75172643e-09 -7.74697340e-09 -7.73669506e-09 -7.72257669e-09 -7.70660347e-09 -7.69041758e-09 -7.67477826e-09 -7.65935648e-09 -7.64290731e-09 -7.62387231e-09 -7.60142815e-09 -7.57839297e-09 -7.57577873e-09 -7.71131503e-09 -8.57362770e-09 -1.27544380e-08 -3.02267393e-08 -9.45041825e-08 -3.04077548e-07 -9.12553374e-07 -2.49307947e-06 -6.18389802e-06 -1.39717326e-05 -2.88990319e-05 -5.50318369e-05 -4.68615416e-05 5.12062756e-04 1.77382896e-03 3.81947823e-03 6.77804544e-03 1.08273959e-02 1.61599437e-02 2.30306149e-02 3.16375032e-02 4.21947886e-02 5.49111547e-02 6.99555381e-02 8.73166842e-02 1.06874954e-01 1.28606724e-01 1.51976644e-01 1.76496729e-01 2.01548455e-01 2.26702525e-01 2.50653555e-01 2.72476710e-01 2.91246418e-01 3.06177912e-01 3.16546118e-01 3.21848386e-01 3.21848386e-01 3.16546118e-01 3.06177912e-01 2.91246418e-01 2.72476710e-01 2.50653555e-01 2.26702525e-01 2.01548455e-01 1.76496729e-01 1.51976644e-01 1.28606724e-01 1.06874954e-01 8.73166842e-02 6.99555381e-02 5.49111547e-02 4.21947886e-02 3.16375032e-02 2.30306149e-02 1.61599437e-02 1.08273959e-02 6.77804544e-03 3.81947823e-03 1.77382896e-03 5.12062756e-04 -4.68615416e-05 -5.50318369e-05 -2.88990319e-05 -1.39717326e-05 -6.18389802e-06 -2.49307947e-06 -9.12553375e-07 -3.04077548e-07 -9.45041826e-08 -3.02267392e-08 -1.27544379e-08 -8.57362775e-09 -7.71131481e-09 -7.57577878e-09 -7.57839297e-09 -7.60142804e-09 -7.62387248e-09 -7.64290731e-09 -7.65935648e-09 -7.67477848e-09 -7.69041786e-09 -7.70660363e-09 -7.72257658e-09 -7.73669528e-09 -7.74697329e-09 -7.75172648e-09 -7.75011805e-09 -7.74243469e-09 -7.72999131e-09 -7.71470388e-09 -7.69846276e-09 -7.68252462e-09 -7.66710223e-09 -7.65135955e-09 -7.63379848e-09 -7.61304952e-09 -7.58945878e-09 -7.57134444e-09 -7.60916768e-09 -7.97014599e-09 -9.91009264e-09 -1.86000604e-08 -5.26330490e-08 -1.70425650e-07 -5.32636406e-07 -1.52675120e-06 -3.97359311e-06 -9.40148717e-06 -2.03100759e-05 -4.02789277e-05 -7.37588924e-05 1.46778515e-04 1.05032793e-03 2.69356117e-03 5.17576177e-03 8.65514183e-03 1.33161827e-02 1.93913044e-02 2.71060662e-02 3.66585004e-02 4.82782387e-02 6.21244123e-02 7.83554860e-02 9.68219325e-02 1.17519733e-01 1.40104068e-01 1.64133310e-01 1.88970381e-01 2.14219297e-01 2.38877889e-01 2.61891909e-01 2.82292641e-01 2.99239820e-01 3.11971239e-01 3.19850385e-01 3.22516873e-01
3.23233505e-01 3.20506715e-01 3.12507634e-01 2.99637545e-01 2.82506528e-01 2.61841897e-01 2.38631757e-01 2.13812828e-01 1.88256369e-01 1.63104240e-01 1.39037845e-01 1.16443310e-01 9.57155448e-02 7.72952817e-02 6.11693879e-02 4.73824940e-02 3.58889007e-02 2.64581097e-02 1.88801239e-02 1.29209724e-02 8.37163355e-03 4.98791598e-03 2.58247047e-03 9.99072164e-04 1.30105030e-04 -7.88413864e-05 -4.32603681e-05 -2.19030122e-05 -1.01721929e-05 -4.30926292e-06 -1.65755462e-06 -5.77957910e-07 -1.84301540e-07 -5.63662775e-08 -1.94817524e-08 -1.00971631e-08 -8.01099387e-09 -7.62281355e-09 -7.57977436e-09 -7.59631558e-09 -7.61909424e-09 -7.63935154e-09 -7.65654995e-09 -7.67188929e-09 -7.68673830e-09 -7.70188968e-09 -7.71717834e-09 -7.73148490e-09 -7.74308945e-09 -7.75024334e-09 -7.75174031e-09 -7.74731701e-09 -7.73774095e-09 -7.72455383e-09 -7.70956737e-09 -7.69426256e-09 -7.67930564e-09 -7.66435992e-09 -7.64827424e-09 -7.62964236e-09 -7.60782443e-09 -7.58587571e-09 -7.58589647e-09 -7.73305264e-09 -8.65915090e-09 -1.31644453e-08 -3.20700550e-08 -1.01820683e-07 -3.29555445e-07 -9.90717931e-07 -2.70563543e-06 -6.69945061e-06 -1.50939801e-05 -3.11046935e-05 -5.89688854e-05 -5.48679546e-05 4.80016323e-04 1.69576597e-03 3.67384007e-03 6.54545653e-03 1.04887628e-02 1.57096488e-02 2.24521025e-02 3.09316111e-02 4.13630526e-02 5.39828228e-02 6.89441732e-02 8.62048267e-02 1.05814805e-01 1.27509128e-01 1.50921240e-01 1.75525030e-01 2.01066173e-01 2.26365315e-01 2.50493608e-01 2.72564735e-01 2.91556089e-01 3.06652111e-01 3.17142335e-01 3.22549959e-01 3.22549959e-01 3.17142335e-01 3.06652111e-01 2.91556089e-01 2.72564735e-01 2.50493608e-01 2.26365315e-01 2.01066173e-01 1.75525030e-01 1.50921240e-01 1.27509128e-01 1.05814805e-01 8.62048267e-02 6.89441732e-02 5.39828228e-02 4.13630526e-02 3.09316111e-02 2.24521025e-02 1.57096488e-02 1.04887628e-02 6.54545653e-03 3.67384007e-03 1.69576597e-03 4.80016323e-04 -5.48679546e-05 -5.89688854e-05 -3.11046935e-05 -1.50939801e-05 -6.69945061e-06 -2.70563543e-06 -9.90717931e-07 -3.29555445e-07 -1.01820682e-07 -3.20700550e-08 -1.31644454e-08 -8.65915095e-09 -7.73305264e-09 -7.58589636e-09 -7.58587593e-09 -7.60782448e-09 -7.62964214e-09 -7.64827424e-09 -7.66435992e-09 -7.67930541e-09 -7.69426256e-09 -7.70956754e-09 -7.72455361e-09 -7.73774089e-09 -7.74731695e-09 -7.75174031e-09 -7.75024356e-09 -7.74308945e-09 -7.73148512e-09 -7.71717834e-09 -7.70188990e-09 -7.68673836e-09 -7.67188951e-09 -7.65655006e-09 -7.63935137e-09 -7.61909430e-09 -7.59631547e-09 -7.57977447e-09 -7.62281349e-09 -8.01099387e-09 -1.00971629e-08 -1.94817527e-08 -5.63662775e-08 -1.84301539e-07 -5.77957910e-07 -1.65755462e-06 -4.30926292e-06 -1.01721929e-05 -2.19030122e-05 -4.32603681e-05 -7.88413864e-05 1.30105030e-04 9.99072164e-04 2.58247047e-03 4.98791598e-03 8.37163355e-03 1.29209724e-02 1.88801239e-02 2.64581097e-02 3.58889007e-02 4.73824940e-02 6.11693879e-02 7.72952817e-02 9.57155448e-02 1.16443310e-01 1.39037845e-01 1.63104240e-01 1.88256369e-01 2.13812828e-01 2.38631757e-01 2.61841897e-01 2.82506528e-01 2.99637545e-01 3.12507634e-01 3.20506715e-01 3.23233505e-01
3.24069777e-01 3.21318513e-01 3.13194509e-01 3.00077270e-01 2.82594186e-01 2.61748024e-01 2.38297014e-01 2.13274985e-01 1.87596316e-01 1.62126936e-01 1.37904830e-01 1.15296673e-01 9.46462150e-02 7.62055468e-02 6.01983865e-02 4.65009539e-02 3.51200930e-02 2.58160886e-02 1.83715723e-02 1.25314711e-02 8.09042123e-03 4.80105500e-03 2.47222436e-03 9.46875439e-04 1.12659191e-04 -8.41464424e-05 -4.63977440e-05 -2.35909808e-05 -1.09936074e-05 -4.66864082e-06 -1.79804620e-06 -6.26723875e-07 -1.99235997e-07 -6.03781454e-08 -2.04252620e-08 -1.02952729e-08 -8.05304967e-09 -7.63617580e-09 -7.58779339e-09 -7.60277313e-09 -7.62474994e-09 -7.64450775e-09 -7.66134245e-09 -7.67629538e-09 -7.69061220e-09 -7.70503877e-09 -7.71945430e-09 -7.73285991e-09 -7.74369380e-09 -7.75035991e-09 -7.75175391e-09 -7.74763403e-09 -7.73870368e-09 -7.72637315e-09 -7.71229292e-09 -7.69779729e-09 -7.68346869e-09 -7.66897190e-09 -7.65324276e-09 -7.63502200e-09 -7.61382912e-09 -7.59295238e-09 -7.59562285e-09 -7.75489256e-09 -8.74875028e-09 -1.36014546e-08 -3.40476624e-08 -1.09691317e-07 -3.56978894e-07 -1.07476274e-06 -2.93360781e-06 -7.25025700e-06 -1.62867992e-05 -3.34341550e-05 -6.30956497e-05 -6.30270041e-05 4.48515574e-04 1.61834245e-03 3.52975647e-03 6.31312557e-03 1.01520862e-02 1.52652121e-02 2.18744338e-02 3.02250490e-02 4.05293112e-02 5.30647112e-02 6.79115795e-02 8.51060388e-02 1.04699765e-01 1.26381670e-01 1.49791514e-01 1.74790414e-01 2.00468739e-01 2.25891527e-01 2.50286331e-01 2.72557472e-01 2.91826217e-01 3.07226698e-01 3.17909606e-01 3.23380066e-01 3.23380066e-01 3.17909606e-01 3.07226698e-01 2.91826217e-01 2.72557472e-01 2.50286331e-01 2.25891527e-01 2.00468739e-01 1.74790414e-01 1.49791514e-01 1.26381670e-01 1.04699765e-01 8.51060388e-02 6.79115795e-02 5.30647112e-02 4.05293112e-02 3.02250490e-02 2.18744338e-02 1.52652121e-02 1.01520862e-02 6.31312557e-03 3.52975647e-03 1.61834245e-03 4.48515574e-04 -6.30270041e-05 -6.30956497e-05 -3.34341550e-05 -1.62867992e-05 -7.25025700e-06 -2.93360781e-06 -1.07476274e-06 -3.56978893e-07 -1.09691317e-07 -3.40476623e-08 -1.36014545e-08 -8.74875006e-09 -7.75489278e-09 -7.59562285e-09 -7.59295249e-09 -7.61382912e-09 -7.63502184e-09 -7.65324254e-09 -7.66897179e-09 -7.68346869e-09 -7.69779746e-09 -7.71229280e-09 -7.72637343e-09 -7.73870368e-09 -7.74763409e-09 -7.75175396e-09 -7.75036002e-09 -7.74369358e-09 -7.73285991e-09 -7.71945419e-09 -7.70503883e-09 -7.69061193e-09 -7.67629560e-09 -7.66134250e-09 -7.64450758e-09 -7.62474972e-09 -7.60277308e-09 -7.58779323e-09 -7.63617575e-09 -8.05304978e-09 -1.02952730e-08 -2.04252620e-08 -6.03781454e-08 -1.99235997e-07 -6.26723875e-07 -1.79804620e-06 -4.66864082e-06 -1.09936074e-05 -2.35909808e-05 -4.63977440e-05 -8.41464424e-05 1.12659191e-04 9.46875439e-04 2.47222436e-03 4.80105500e-03 8.09042123e-03 1.25314711e-02 1.83715723e-02 2.58160886e-02 3.51200930e-02 4.65009539e-02 6.01983865e-02 7.62055468e-02 9.46462150e-02 1.15296673e-01 1.37904830e-01 1.62126936e-01 1.87596316e-01 2.13274985e-01 2.38297014e-01 2.61748024e-01 2.82594186e-01 3.00077270e-01 3.13194509e-01 3.21318513e-01 3.24069777e-01
3.24873820e-01 3.22077160e-01 3.13821486e-01 3.00510597e-01 2.82842324e-01 2.61633739e-01 2.37897343e-01 2.12658390e-01 1.86823389e-01 1.61279013e-01 1.36733903e-01 1.14128709e-01 9.35100272e-02 7.51353784e-02 5.92066067e-02 4.56364216e-02 3.43499387e-02 2.51786460e-02 1.78604670e-02 1.21491564e-02 7.81267990e-03 4.61687003e-03 2.36608601e-03 8.95027620e-04 9.50131656e-05 -8.96733340e-05 -4.96937313e-05 -2.53770545e-05 -1.18679626e-05 -5.05298403e-06 -1.94880493e-06 -6.79156181e-07 -2.15300084e-07 -6.46876406e-08 -2.14348038e-08 -1.05052110e-08 -8.09645062e-09 -7.64929625e-09 -7.59542590e-09 -7.60886565e-09 -7.63004437e-09 -7.64930252e-09 -7.66577551e-09 -7.68035474e-09 -7.69417313e-09 -7.70793285e-09 -7.72154718e-09 -7.73412423e-09 -7.74424913e-09 -7.75046655e-09 -7.75176529e-09 -7.74792519e-09 -7.73958930e-09 -7.72804654e-09 -7.71479647e-09 -7.70104519e-09 -7.68729974e-09 -7.67322655e-09 -7.65784847e-09 -7.64004010e-09 -7.61947361e-09 -7.59965052e-09 -7.60498475e-09 -7.77690101e-09 -8.84275508e-09 -1.40673221e-08 -3.61687187e-08 -1.18153669e-07 -3.86476315e-07 -1.16505435e-06 -3.17787017e-06 -7.83803853e-06 -1.75529102e-05 -3.58905437e-05 -6.74136066e-05 -7.15642198e-05 4.16963375e-04 1.54216863e-03 3.38688857e-03 6.08530484e-03 9.81946852e-03 1.48229774e-02 2.12997190e-02 2.95164606e-02 3.97072389e-02 5.21338922e-02 6.68541264e-02 8.40289152e-02 1.03545411e-01 1.25199431e-01 1.48823263e-01 1.73968290e-01 1.99750169e-01 2.25415731e-01 2.49990780e-01 2.72626641e-01 2.92165248e-01 3.07763873e-01 3.18613246e-01 3.24172556e-01 3.24172556e-01 3.18613246e-01 3.07763873e-01 2.92165248e-01 2.72626641e-01 2.49990780e-01 2.25415731e-01 1.99750169e-01 1.73968290e-01 1.48823263e-01 1.25199431e-01 1.03545411e-01 8.40289152e-02 6.68541264e-02 5.21338922e-02 3.97072389e-02 2.95164606e-02 2.12997190e-02 1.48229774e-02 9.81946852e-03 6.08530484e-03 3.38688857e-03 1.54216863e-03 4.16963375e-04 -7.15642198e-05 -6.74136066e-05 -3.58905437e-05 -1.75529102e-05 -7.83803853e-06 -3.17787017e-06 -1.16505435e-06 -3.86476315e-07 -1.18153669e-07 -3.61687184e-08 -1.40673223e-08 -8.84275503e-09 -7.77690107e-09 -7.60498464e-09 -7.59965046e-09 -7.61947377e-09 -7.64004038e-09 -7.65784847e-09 -7.67322639e-09 -7.68729985e-09 -7.70104530e-09 -7.71479669e-09 -7.72804631e-09 -7.73958919e-09 -7.74792536e-09 -7.75176517e-09 -7.75046660e-09 -7.74424941e-09 -7.73412406e-09 -7.72154707e-09 -7.70793279e-09 -7.69417324e-09 -7.68035469e-09 -7.66577568e-09 -7.64930264e-09 -7.63004460e-09 -7.60886543e-09 -7.59542568e-09 -7.64929636e-09 -8.09645068e-09 -1.05052113e-08 -2.14348038e-08 -6.46876407e-08 -2.15300084e-07 -6.79156181e-07 -1.94880493e-06 -5.05298403e-06 -1.18679626e-05 -2.53770545e-05 -4.96937313e-05 -8.96733340e-05 9.50131656e-05 8.95027620e-04 2.36608601e-03 4.61687003e-03 7.81267990e-03 1.21491564e-02 1.78604670e-02 2.51786460e-02 3.43499387e-02 4.56364216e-02 5.92066067e-02 7.51353784e-02 9.35100272e-02 1.14128709e-01 1.36733903e-01 1.61279013e-01 1.86823389e-01 2.12658390e-01 2.37897343e-01 2.61633739e-01 2.82842324e-01 3.00510597e-01 3.13821486e-01 3.22077160e-01 3.24873820e-01
3.25518044e-01 3.22697641e-01 3.14369264e-01 3.00937095e-01 2.83033891e-01 2.61536022e-01 2.37525750e-01 2.11982451e-01 1.85986102e-01 1.60333479e-01 1.35732088e-01 1.12908751e-01 9.23494120e-02 7.40790287e-02 5.81929784e-02 4.47639893e-02 3.35894957e-02 2.45422224e-02 1.73534527e-02 1.17673470e-02 7.53539962e-03 4.43389413e-03 2.25943880e-03 8.43516380e-04 7.74922650e-05 -9.54203930e-05 -5.31505835e-05 -2.72641857e-05 -1.27974955e-05 -5.46358076e-06 -2.11043243e-06 -7.35487534e-07 -2.32568773e-07 -6.93148512e-08 -2.25148434e-08 -1.07278073e-08 -8.14134549e-09 -7.66221575e-09 -7.60270152e-09 -7.61461721e-09 -7.63501273e-09 -7.65376901e-09 -7.66987684e-09 -7.68409580e-09 -7.69744968e-09 -7.71059389e-09 -7.72347164e-09 -7.73528697e-09 -7.74476028e-09 -7.75056463e-09 -7.75177650e-09 -7.74819298e-09 -7.74040443e-09 -7.72958486e-09 -7.71709924e-09 -7.70403352e-09 -7.69082620e-09 -7.67715458e-09 -7.66212271e-09 -7.64473196e-09 -7.62478702e-09 -7.60599916e-09 -7.61401381e-09 -7.79914833e-09 -8.94150798e-09 -1.45640154e-08 -3.84429179e-08 -1.27247458e-07 -4.18182842e-07 -1.26197566e-06 -3.43932458e-06 -8.46454194e-06 -1.88949932e-05 -3.84767421e-05 -7.19235762e-05 -8.03871294e-05 3.85629177e-04 1.46553809e-03 3.24457906e-03 5.85957343e-03 9.49505997e-03 1.43780461e-02 2.07356317e-02 2.88152137e-02 3.89046608e-02 5.11945150e-02 6.58122106e-02 8.29108026e-02 1.02365530e-01 1.24028323e-01 1.47857464e-01 1.73052801e-01 1.99011335e-01 2.24847358e-01 2.49803608e-01 2.72663826e-01 2.92491425e-01 3.08256969e-01 3.19203618e-01 3.24810952e-01 3.24810952e-01 3.19203618e-01 3.08256969e-01 2.92491425e-01 2.72663826e-01 2.49803608e-01 2.24847358e-01 1.99011335e-01 1.73052801e-01 1.47857464e-01 1.24028323e-01 1.02365530e-01 8.29108026e-02 6.58122106e-02 5.11945150e-02 3.89046608e-02 2.88152137e-02 2.07356317e-02 1.43780461e-02 9.49505997e-03 5.85957343e-03 3.24457906e-03 1.46553809e-03 3.85629177e-04 -8.03871294e-05 -7.19235762e-05 -3.84767421e-05 -1.88949932e-05 -8.46454194e-06 -3.43932458e-06 -1.26197566e-06 -4.18182842e-07 -1.27247458e-07 -3.84429176e-08 -1.45640154e-08 -8.94150792e-09 -7.79914816e-09 -7.61401397e-09 -7.60599900e-09 -7.62478697e-09 -7.64473196e-09 -7.66212271e-09 -7.67715452e-09 -7.69082625e-09 -7.70403363e-09 -7.71709918e-09 -7.72958497e-09 -7.74040421e-09 -7.74819281e-09 -7.75177667e-09 -7.75056475e-09 -7.74476061e-09 -7.73528697e-09 -7.72347164e-09 -7.71059389e-09 -7.69744984e-09 -7.68409575e-09 -7.66987696e-09 -7.65376906e-09 -7.63501268e-09 -7.61461727e-09 -7.60270147e-09 -7.66221564e-09 -8.14134515e-09 -1.07278072e-08 -2.25148433e-08 -6.93148514e-08 -2.32568773e-07 -7.35487535e-07 -2.11043243e-06 -5.46358076e-06 -1.27974955e-05 -2.72641857e-05 -5.31505835e-05 -9.54203930e-05 7.74922650e-05 8.43516380e-04 2.25943880e-03 4.43389413e-03 7.53539962e-03 1.17673470e-02 1.73534527e-02 2.45422224e-02 3.35894957e-02 4.47639893e-02 5.81929784e-02 7.40790287e-02 9.23494120e-02 1.12908751e-01 1.35732088e-01 1.60333479e-01 1.85986102e-01 2.11982451e-01 2.37525750e-01 2.61536022e-01 2.83033891e-01 3.00937095e-01 3.14369264e-01 3.22697641e-01 3.25518044e-01
3.25893539e-01 3.23053425e-01 3.14670103e-01 3.01147607e-01 2.83129183e-01 2.61452083e-01 2.37150346e-01 2.11354928e-01 1.85100824e-01 1.59313160e-01 1.34681015e-01 1.11744985e-01 9.11643046e-02 7.29767512e-02 5.72050453e-02 4.38864816e-02 3.28475034e-02 2.39095340e-02 1.68583686e-02 1.13892490e-02 7.26406304e-03 4.25541886e-03 2.15444476e-03 7.91871233e-04 6.03671734e-05 -1.01384969e-04 -5.67700941e-05 -2.92551856e-05 -1.37844382e-05 -5.90174787e-06 -2.28355286e-06 -7.95961713e-07 -2.51121086e-07 -7.42810168e-08 -2.36700962e-08 -1.09639345e-08 -8.18788004e-09 -7.67497210e-09 -7.60964586e-09 -7.62005470e-09 -7.63968061e-09 -7.65793473e-09 -7.67367908e-09 -7.68754782e-09 -7.70046660e-09 -7.71304082e-09 -7.72524028e-09 -7.73635700e-09 -7.74523046e-09 -7.75065501e-09 -7.75178677e-09 -7.74843989e-09 -7.74115372e-09 -7.73100051e-09 -7.71921843e-09 -7.70678094e-09 -7.69407560e-09 -7.68078851e-09 -7.66609703e-09 -7.64912372e-09 -7.62979435e-09 -7.61202140e-09 -7.62273694e-09 -7.82170168e-09 -9.04536762e-09 -1.50936060e-08 -4.08805110e-08 -1.37014632e-07 -4.52240534e-07 -1.36592599e-06 -3.71890075e-06 -9.13153432e-06 -2.03156733e-05 -4.11953580e-05 -7.66256798e-05 -8.95303894e-05 3.53963326e-04 1.38904092e-03 3.10279307e-03 5.63651985e-03 9.17385783e-03 1.39388604e-02 2.01729312e-02 2.81190508e-02 3.80918500e-02 5.02424685e-02 6.47862307e-02 8.17727761e-02 1.01136842e-01 1.22975946e-01 1.46815188e-01 1.72104102e-01 1.98185636e-01 2.24372712e-01 2.49566693e-01 2.72688360e-01 2.92655456e-01 3.08516099e-01 3.19535597e-01 3.25181382e-01 3.25181382e-01 3.19535597e-01 3.08516099e-01 2.92655456e-01 2.72688360e-01 2.49566693e-01 2.24372712e-01 1.98185636e-01 1.72104102e-01 1.46815188e-01 1.22975946e-01 1.01136842e-01 8.17727761e-02 6.47862307e-02 5.02424685e-02 3.80918500e-02 2.81190508e-02 2.01729312e-02 1.39388604e-02 9.17385783e-03 5.63651985e-03 3.10279307e-03 1.38904092e-03 3.53963326e-04 -8.95303894e-05 -7.66256798e-05 -4.11953580e-05 -2.03156733e-05 -9.13153432e-06 -3.71890075e-06 -1.36592599e-06 -4.52240534e-07 -1.37014632e-07 -4.08805110e-08 -1.50936063e-08 -9.04536740e-09 -7.82170173e-09 -7.62273689e-09 -7.61202129e-09 -7.62979457e-09 -7.64912400e-09 -7.66609687e-09 -7.68078878e-09 -7.69407543e-09 -7.70678077e-09 -7.71921860e-09 -7.73100073e-09 -7.74115383e-09 -7.74844011e-09 -7.75178655e-09 -7.75065506e-09 -7.74523068e-09 -7.73635711e-09 -7.72524045e-09 -7.71304071e-09 -7.70046660e-09 -7.68754793e-09 -7.67367925e-09 -7.65793473e-09 -7.63968044e-09 -7.62005448e-09 -7.60964591e-09 -7.67497199e-09 -8.18787987e-09 -1.09639346e-08 -2.36700961e-08 -7.42810166e-08 -2.51121086e-07 -7.95961713e-07 -2.28355286e-06 -5.90174787e-06 -1.37844382e-05 -2.92551856e-05 -5.67700941e-05 -1.01384969e-04 6.03671734e-05 7.91871233e-04 2.15444476e-03 4.25541886e-03 7.26406304e-03 1.13892490e-02 1.68583686e-02 2.39095340e-02 3.28475034e-02 4.38864816e-02 5.72050453e-02 7.29767512e-02 9.11643046e-02 1.11744985e-01 1.34681015e-01 1.59313160e-01 1.85100824e-01 2.11354928e-01 2.37150346e-01 2.61452083e-01 2.83129183e-01 3.01147607e-01 3.14670103e-01 3.23053425e-01 3.25893539e-01
3.26229404e-01 3.23341735e-01 3.14826575e-01 3.01131693e-01 2.82992384e-01 2.61201108e-01 2.36762052e-01 2.10710874e-01 1.84230039e-01 1.58262925e-01 1.33561035e-01 1.10650858e-01 8.99465412e-02 7.18656810e-02 5.62279179e-02 4.29980007e-02 3.21036222e-02 2.32883597e-02 1.63663669e-02 1.10150838e-02 6.99782447e-03 4.08018475e-03 2.05047271e-03 7.41284376e-04 4.30176539e-05 -1.07563395e-04 -6.05535602e-05 -3.13527009e-05 -1.48310094e-05 -6.36882815e-06 -2.46881273e-06 -8.60833797e-07 -2.71040239e-07 -7.96085836e-08 -2.49055518e-08 -1.12145140e-08 -8.23621005e-09 -7.68760067e-09 -7.61628127e-09 -7.62520197e-09 -7.64407082e-09 -7.66182617e-09 -7.67720681e-09 -7.69073705e-09 -7.70324399e-09 -7.71529202e-09 -7.72686715e-09 -7.73734021e-09 -7.74566483e-09 -7.75073916e-09 -7.75179676e-09 -7.74866732e-09 -7.74184278e-09 -7.73230091e-09 -7.72116437e-09 -7.70930947e-09 -7.69707215e-09 -7.68414976e-09 -7.66979663e-09 -7.65324176e-09 -7.63452040e-09 -7.61773905e-09 -7.63118424e-09 -7.84463045e-09 -9.15471127e-09 -1.56582782e-08 -4.34923418e-08 -1.47499459e-07 -4.88798563e-07 -1.47732132e-06 -4.01755493e-06 -9.84079778e-06 -2.18175051e-05 -4.40486953e-05 -8.15193005e-05 -9.86740059e-05 3.22157567e-04 1.31351954e-03 2.96223590e-03 5.41707247e-03 8.85496335e-03 1.35109605e-02 1.96126125e-02 2.74459405e-02 3.72793066e-02 4.92978157e-02 6.37318014e-02 8.06128991e-02 9.99896239e-02 1.21867693e-01 1.45721948e-01 1.71100588e-01 1.97457369e-01 2.23866002e-01 2.49244912e-01 2.72496265e-01 2.92572922e-01 3.08579708e-01 3.19767324e-01 3.25505283e-01 3.25505283e-01 3.19767324e-01 3.08579708e-01 2.92572922e-01 2.72496265e-01 2.49244912e-01 2.23866002e-01 1.97457369e-01 1.71100588e-01 1.45721948e-01 1.21867693e-01 9.99896239e-02 8.06128991e-02 6.37318014e-02 4.92978157e-02 3.72793066e-02 2.74459405e-02 1.96126125e-02 1.35109605e-02 8.85496335e-03 5.41707247e-03 2.96223590e-03 1.31351954e-03 3.22157567e-04 -9.86740059e-05 -8.15193005e-05 -4.40486953e-05 -2.18175051e-05 -9.84079778e-06 -4.01755493e-06 -1.47732132e-06 -4.88798563e-07 -1.47499459e-07 -4.34923420e-08 -1.56582783e-08 -9.15471110e-09 -7.84463028e-09 -7.63118446e-09 -7.61773916e-09 -7.63452024e-09 -7.65324160e-09 -7.66979663e-09 -7.68414976e-09 -7.69707209e-09 -7.70930952e-09 -7.72116449e-09 -7.73230091e-09 -7.74184244e-09 -7.74866732e-09 -7.75179665e-09 -7.75073900e-09 -7.74566489e-09 -7.73734021e-09 -7.72686731e-09 -7.71529218e-09 -7.70324399e-09 -7.69073694e-09 -7.67720681e-09 -7.66182612e-09 -7.64407049e-09 -7.62520208e-09 -7.61628155e-09 -7.68760083e-09 -8.23620994e-09 -1.12145139e-08 -2.49055520e-08 -7.96085835e-08 -2.71040239e-07 -8.60833797e-07 -2.46881273e-06 -6.36882815e-06 -1.48310094e-05 -3.13527009e-05 -6.05535602e-05 -1.07563395e-04 4.30176539e-05 7.41284376e-04 2.05047271e-03 4.08018475e-03 6.99782447e-03 1.10150838e-02 1.63663669e-02 2.32883597e-02 3.21036222e-02 4.29980007e-02 5.62279179e-02 7.18656810e-02 8.99465412e-02 1.10650858e-01 1.33561035e-01 1.58262925e-01 1.84230039e-01 2.10710874e-01 2.36762052e-01 2.61201108e-01 2.82992384e-01 3.01131693e-01 3.14826575e-01 3.23341735e-01 3.26229404e-01
3.26779994e-01 3.23828591e-01 3.15130308e-01 3.01166082e-01 2.82759642e-01 2.60751319e-01 2.36190037e-01 2.10048019e-01 1.83352132e-01 1.57190443e-01 1.32416063e-01 1.09508741e-01 8.88231276e-02 7.07405694e-02 5.52237629e-02 4.21164625e-02 3.13623935e-02 2.26829980e-02 1.58791780e-02 1.06503915e-02 6.73465930e-03 3.90771519e-03 1.94795916e-03 6.92088712e-04 2.54270615e-05 -1.13950953e-04 -6.45017475e-05 -3.35591917e-05 -1.59394034e-05 -6.86618736e-06 -2.66688050e-06 -9.30370360e-07 -2.92413787e-07 -8.53212515e-08 -2.62264822e-08 -1.14805152e-08 -8.28649505e-09 -7.70014208e-09 -7.62262814e-09 -7.63007557e-09 -7.64820679e-09 -7.66546843e-09 -7.68048647e-09 -7.69368591e-09 -7.70580399e-09 -7.71736325e-09 -7.72836295e-09 -7.73824538e-09 -7.74606196e-09 -7.75081466e-09 -7.75180486e-09 -7.74887610e-09 -7.74247699e-09 -7.73349729e-09 -7.72295550e-09 -7.71163977e-09 -7.69983821e-09 -7.68726638e-09 -7.67324665e-09 -7.65710695e-09 -7.63898389e-09 -7.62317437e-09 -7.63937685e-09 -7.86800503e-09 -9.26993099e-09 -1.62603472e-08 -4.62898683e-08 -1.58748619e-07 -5.28013433e-07 -1.59659428e-06 -4.33626875e-06 -1.05941235e-05 -2.34029575e-05 -4.70387231e-05 -8.66030475e-05 -1.07975600e-04 2.90940488e-04 1.23955459e-03 2.82731869e-03 5.19988572e-03 8.54210077e-03 1.30885963e-02 1.90616156e-02 2.67741622e-02 3.64647203e-02 4.83750624e-02 6.26751741e-02 7.94265125e-02 9.88780001e-02 1.20699993e-01 1.44601542e-01 1.70171742e-01 1.96698107e-01 2.23258646e-01 2.48722481e-01 2.72126545e-01 2.92476544e-01 3.08752345e-01 3.20176529e-01 3.26039937e-01 3.26039937e-01 3.20176529e-01 3.08752345e-01 2.92476544e-01 2.72126545e-01 2.48722481e-01 2.23258646e-01 1.96698107e-01 1.70171742e-01 1.44601542e-01 1.20699993e-01 9.88780001e-02 7.94265125e-02 6.26751741e-02 4.83750624e-02 3.64647203e-02 2.67741622e-02 1.90616156e-02 1.30885963e-02 8.54210077e-03 5.19988572e-03 2.82731869e-03 1.23955459e-03 2.90940488e-04 -1.07975600e-04 -8.66030475e-05 -4.70387231e-05 -2.34029575e-05 -1.05941235e-05 -4.33626875e-06 -1.59659428e-06 -5.28013433e-07 -1.58748619e-07 -4.62898683e-08 -1.62603473e-08 -9.26993093e-09 -7.86800519e-09 -7.63937702e-09 -7.62317426e-09 -7.63898378e-09 -7.65710695e-09 -7.67324682e-09 -7.68726638e-09 -7.69983843e-09 -7.71163966e-09 -7.72295539e-09 -7.73349740e-09 -7.74247705e-09 -7.74887621e-09 -7.75180486e-09 -7.75081466e-09 -7.74606201e-09 -7.73824510e-09 -7.72836295e-09 -7.71736314e-09 -7.70580405e-09 -7.69368591e-09 -7.68048647e-09 -7.66546837e-09 -7.64820690e-09 -7.63007546e-09 -7.62262814e-09 -7.70014186e-09 -8.28649505e-09 -1.14805153e-08 -2.62264823e-08 -8.53212516e-08 -2.92413787e-07 -9.30370360e-07 -2.66688050e-06 -6.86618736e-06 -1.59394034e-05 -3.35591917e-05 -6.45017475e-05 -1.13950953e-04 2.54270615e-05 6.92088712e-04 1.94795916e-03 3.90771519e-03 6.73465930e-03 1.06503915e-02 1.58791780e-02 2.26829980e-02 3.13623935e-02 4.21164625e-02 5.52237629e-02 7.07405694e-02 8.88231276e-02 1.09508741e-01 1.32416063e-01 1.57190443e-01 1.83352132e-01 2.10048019e-01 2.36190037e-01 2.60751319e-01 2.82759642e-01 3.01166082e-01 3.15130308e-01 3.23828591e-01 3.26779994e-01
3.27320398e-01 3.24339427e-01 3.15550459e-01 3.01413923e-01 2.82657585e-01 2.60286531e-01 2.35449974e-01 2.09233065e-01 1.82472960e-01 1.56156481e-01 1.31232451e-01 1.08321899e-01 8.77108636e-02 6.95969401e-02 5.42166569e-02 4.12643143e-02 3.06226020e-02 2.20862219e-02 1.53953121e-02 1.02922193e-02 6.47676258e-03 3.73774818e-03 1.84737329e-03 6.43011601e-04 7.73119071e-06 -1.20541856e-04 -6.86148567e-05 -3.58769079e-05 -1.71117795e-05 -7.39521087e-06 -2.87844619e-06 -1.00484966e-06 -3.15333787e-07 -9.14440380e-08 -2.76384521e-08 -1.17629495e-08 -8.33890096e-09 -7.71262981e-09 -7.62870800e-09 -7.63469821e-09 -7.65210861e-09 -7.66888120e-09 -7.68353969e-09 -7.69641439e-09 -7.70816616e-09 -7.71926839e-09 -7.72973835e-09 -7.73907738e-09 -7.74642839e-09 -7.75088571e-09 -7.75181219e-09 -7.74906744e-09 -7.74305992e-09 -7.73459718e-09 -7.72460307e-09 -7.71378450e-09 -7.70239261e-09 -7.69015907e-09 -7.67647002e-09 -7.66074287e-09 -7.64320579e-09 -7.62834390e-09 -7.64734143e-09 -7.89189403e-09 -9.39143513e-09 -1.69022484e-08 -4.92851882e-08 -1.70811300e-07 -5.70049148e-07 -1.72419425e-06 -4.67604766e-06 -1.13933055e-05 -2.50743962e-05 -5.01670475e-05 -9.18747224e-05 -1.17385179e-04 2.59803618e-04 1.16747985e-03 2.69692500e-03 4.98683187e-03 8.23536930e-03 1.26664755e-02 1.85223045e-02 2.61097217e-02 3.56565536e-02 4.74368813e-02 6.16018128e-02 7.83267232e-02 9.77249168e-02 1.19523090e-01 1.43497363e-01 1.69200148e-01 1.95856483e-01 2.22469446e-01 2.48114929e-01 2.71826310e-01 2.92561478e-01 3.09110917e-01 3.20649477e-01 3.26572878e-01 3.26572878e-01 3.20649477e-01 3.09110917e-01 2.92561478e-01 2.71826310e-01 2.48114929e-01 2.22469446e-01 1.95856483e-01 1.69200148e-01 1.43497363e-01 1.19523090e-01 9.77249168e-02 7.83267232e-02 6.16018128e-02 4.74368813e-02 3.56565536e-02 2.61097217e-02 1.85223045e-02 1.26664755e-02 8.23536930e-03 4.98683187e-03 2.69692500e-03 1.16747985e-03 2.59803618e-04 -1.17385179e-04 -9.18747224e-05 -5.01670475e-05 -2.50743962e-05 -1.13933055e-05 -4.67604766e-06 -1.72419425e-06 -5.70049148e-07 -1.70811300e-07 -4.92851880e-08 -1.69022485e-08 -9.39143530e-09 -7.89189408e-09 -7.64734170e-09 -7.62834373e-09 -7.64320596e-09 -7.66074298e-09 -7.67647024e-09 -7.69015912e-09 -7.70239250e-09 -7.71378433e-09 -7.72460285e-09 -7.73459718e-09 -7.74305997e-09 -7.74906739e-09 -7.75181219e-09 -7.75088560e-09 -7.74642828e-09 -7.73907727e-09 -7.72973835e-09 -7.71926845e-09 -7.70816633e-09 -7.69641439e-09 -7.68353992e-09 -7.66888120e-09 -7.65210839e-09 -7.63469832e-09 -7.62870789e-09 -7.71262981e-09 -8.33890090e-09 -1.17629493e-08 -2.76384521e-08 -9.14440378e-08 -3.15333787e-07 -1.00484966e-06 -2.87844619e-06 -7.39521087e-06 -1.71117795e-05 -3.58769079e-05 -6.86148567e-05 -1.20541856e-04 7.73119071e-06 6.43011601e-04 1.84737329e-03 3.73774818e-03 6.47676258e-03 1.02922193e-02 1.53953121e-02 2.20862219e-02 3.06226020e-02 4.12643143e-02 5.42166569e-02 6.95969401e-02 8.77108636e-02 1.08321899e-01 1.31232451e-01 1.56156481e-01 1.82472960e-01 2.09233065e-01 2.35449974e-01 2.60286531e-01 2.82657585e-01 3.01413923e-01 3.15550459e-01 3.24339427e-01 3.27320398e-01
3.27663295e-01 3.24643672e-01 3.15785567e-01 3.01544081e-01 2.82630346e-01 2.59995871e-01 2.34748465e-01 2.08267807e-01 1.81461584e-01 1.55127355e-01 1.30109631e-01 1.07124182e-01 8.65640170e-02 6.85357216e-02 5.32024991e-02 4.04001206e-02 2.98825288e-02 2.14925752e-02 1.49224254e-02 9.93520758e-03 6.22496767e-03 3.56906261e-03 1.74783594e-03 5.94285886e-04 -1.02899122e-05 -1.27329227e-04 -7.28924919e-05 -3.83078662e-05 -1.83502512e-05 -7.95730008e-06 -3.10422082e-06 -1.08456179e-06 -3.39896904e-07 -9.80033233e-08 -2.91473395e-08 -1.20628965e-08 -8.39359970e-09 -7.72510350e-09 -7.63453917e-09 -7.63908570e-09 -7.65579411e-09 -7.67208558e-09 -7.68638636e-09 -7.69894493e-09 -7.71034780e-09 -7.72102637e-09 -7.73100634e-09 -7.73984227e-09 -7.74676484e-09 -7.75094988e-09 -7.75181946e-09 -7.74924425e-09 -7.74359599e-09 -7.73561060e-09 -7.72612130e-09 -7.71576536e-09 -7.70475617e-09 -7.69284703e-09 -7.67948527e-09 -7.66416852e-09 -7.64720476e-09 -7.63326768e-09 -7.65510161e-09 -7.91637411e-09 -9.51965778e-09 -1.75865512e-08 -5.24910787e-08 -1.83739283e-07 -6.15077406e-07 -1.86058726e-06 -5.03791934e-06 -1.22401337e-05 -2.68340676e-05 -5.34348817e-05 -9.73312912e-05 -1.27083905e-04 2.29260555e-04 1.09677269e-03 2.56662226e-03 4.77718107e-03 7.93622773e-03 1.22511508e-02 1.79977104e-02 2.54459167e-02 3.48690568e-02 4.64987287e-02 6.05175399e-02 7.72324685e-02 9.65349150e-02 1.18307962e-01 1.42386256e-01 1.68189045e-01 1.94855990e-01 2.21615084e-01 2.47611275e-01 2.71707102e-01 2.92617286e-01 3.09298926e-01 3.20919916e-01 3.26905872e-01 3.26905872e-01 3.20919916e-01 3.09298926e-01 2.92617286e-01 2.71707102e-01 2.47611275e-01 2.21615084e-01 1.94855990e-01 1.68189045e-01 1.42386256e-01 1.18307962e-01 9.65349150e-02 7.72324685e-02 6.05175399e-02 4.64987287e-02 3.48690568e-02 2.54459167e-02 1.79977104e-02 1.22511508e-02 7.93622773e-03 4.77718107e-03 2.56662226e-03 1.09677269e-03 2.29260555e-04 -1.27083905e-04 -9.73312912e-05 -5.34348817e-05 -2.68340676e-05 -1.22401337e-05 -5.03791934e-06 -1.86058726e-06 -6.15077406e-07 -1.83739284e-07 -5.24910787e-08 -1.75865513e-08 -9.51965767e-09 -7.91637433e-09 -7.65510161e-09 -7.63326768e-09 -7.64720454e-09 -7.66416852e-09 -7.67948527e-09 -7.69284703e-09 -7.70475600e-09 -7.71576525e-09 -7.72612119e-09 -7.73561065e-09 -7.74359576e-09 -7.74924425e-09 -7.75181946e-09 -7.75095010e-09 -7.74676490e-09 -7.73984221e-09 -7.73100639e-09 -7.72102643e-09 -7.71034792e-09 -7.69894515e-09 -7.68638625e-09 -7.67208569e-09 -7.65579428e-09 -7.63908592e-09 -7.63453939e-09 -7.72510383e-09 -8.39359959e-09 -1.20628963e-08 -2.91473396e-08 -9.80033235e-08 -3.39896904e-07 -1.08456179e-06 -3.10422082e-06 -7.95730008e-06 -1.83502512e-05 -3.83078662e-05 -7.28924919e-05 -1.27329227e-04 -1.02899122e-05 5.94285886e-04 1.74783594e-03 3.56906261e-03 6.22496767e-03 9.93520758e-03 1.49224254e-02 2.14925752e-02 2.98825288e-02 4.04001206e-02 5.32024991e-02 6.85357216e-02 8.65640170e-02 1.07124182e-01 1.30109631e-01 1.55127355e-01 1.81461584e-01 2.08267807e-01 2.34748465e-01 2.59995871e-01 2.82630346e-01 3.01544081e-01 3.15785567e-01 3.24643672e-01 3.27663295e-01
3.28002561e-01 3.24954105e-01 3.15977511e-01 3.01536061e-01 2.82409232e-01 2.59648962e-01 2.34213268e-01 2.07335885e-01 1.80325314e-01 1.54005313e-01 1.28961028e-01 1.05927190e-01 8.53939909e-02 6.74759553e-02 5.21815174e-02 3.95301929e-02 2.91662160e-02 2.09042486e-02 1.44645996e-02 9.58463805e-03 5.97930989e-03 3.40452335e-03 1.65078282e-03 5.46273455e-04 -2.80576676e-05 -1.34305091e-04 -7.73336312e-05 -4.08538267e-05 -1.96568736e-05 -8.55386834e-06 -3.34493566e-06 -1.16980880e-06 -3.66204594e-07 -1.05026915e-07 -3.07593464e-08 -1.23814826e-08 -8.45076609e-09 -7.73759501e-09 -7.64014069e-09 -7.64325198e-09 -7.65928021e-09 -7.67509678e-09 -7.68904362e-09 -7.70129427e-09 -7.71236336e-09 -7.72264663e-09 -7.73217251e-09 -7.74054648e-09 -7.74707437e-09 -7.75101039e-09 -7.75182657e-09 -7.74940717e-09 -7.74409020e-09 -7.73654191e-09 -7.72751929e-09 -7.71759101e-09 -7.70694558e-09 -7.69534980e-09 -7.68230990e-09 -7.66739749e-09 -7.65099362e-09 -7.63795971e-09 -7.66267916e-09 -7.94151767e-09 -9.65505170e-09 -1.83159669e-08 -5.59210163e-08 -1.97587062e-07 -6.63277754e-07 -2.00625591e-06 -5.42293175e-06 -1.31363866e-05 -2.86840808e-05 -5.68430184e-05 -1.02968859e-04 -1.37003258e-04 1.99245533e-04 1.02750018e-03 2.43913239e-03 4.57423528e-03 7.64058349e-03 1.18426171e-02 1.74738146e-02 2.47828997e-02 3.40787436e-02 4.55586211e-02 5.94940275e-02 7.61114219e-02 9.53354722e-02 1.17149246e-01 1.41273028e-01 1.67050888e-01 1.93800786e-01 2.20874338e-01 2.47196400e-01 2.71429590e-01 2.92492967e-01 3.09400021e-01 3.21184822e-01 3.27237584e-01 3.27237584e-01 3.21184822e-01 3.09400021e-01 2.92492967e-01 2.71429590e-01 2.47196400e-01 2.20874338e-01 1.93800786e-01 1.67050888e-01 1.41273028e-01 1.17149246e-01 9.53354722e-02 7.61114219e-02 5.94940275e-02 4.55586211e-02 3.40787436e-02 2.47828997e-02 1.74738146e-02 1.18426171e-02 7.64058349e-03 4.57423528e-03 2.43913239e-03 1.02750018e-03 1.99245533e-04 -1.37003258e-04 -1.02968859e-04 -5.68430184e-05 -2.86840808e-05 -1.31363866e-05 -5.42293175e-06 -2.00625591e-06 -6.63277754e-07 -1.97587062e-07 -5.59210162e-08 -1.83159670e-08 -9.65505154e-09 -7.94151778e-09 -7.66267932e-09 -7.63795982e-09 -7.65099401e-09 -7.66739738e-09 -7.68230990e-09 -7.69534958e-09 -7.70694558e-09 -7.71759107e-09 -7.72751929e-09 -7.73654185e-09 -7.74409026e-09 -7.74940700e-09 -7.75182651e-09 -7.75101022e-09 -7.74707432e-09 -7.74054626e-09 -7.73217251e-09 -7.72264680e-09 -7.71236347e-09 -7.70129405e-09 -7.68904357e-09 -7.67509700e-09 -7.65928021e-09 -7.64325181e-09 -7.64014074e-09 -7.73759501e-09 -8.45076603e-09 -1.23814828e-08 -3.07593465e-08 -1.05026914e-07 -3.66204594e-07 -1.16980880e-06 -3.34493566e-06 -8.55386834e-06 -1.96568736e-05 -4.08538267e-05 -7.73336312e-05 -1.34305091e-04 -2.80576676e-05 5.46273455e-04 1.65078282e-03 3.40452335e-03 5.97930989e-03 9.58463805e-03 1.44645996e-02 2.09042486e-02 2.91662160e-02 3.95301929e-02 5.21815174e-02 6.74759553e-02 8.53939909e-02 1.05927190e-01 1.28961028e-01 1.54005313e-01 1.80325314e-01 2.07335885e-01 2.34213268e-01 2.59648962e-01 2.82409232e-01 3.01536061e-01 3.15977511e-01 3.24954105e-01 3.28002561e-01
3.28168435e-01 3.25099320e-01 3.16048522e-01 3.01486653e-01 2.82181787e-01 2.59142571e-01 2.33579420e-01 2.06548076e-01 1.79206806e-01 1.52767008e-01 1.27785805e-01 1.04751735e-01 8.42238777e-02 6.63975284e-02 5.12126915e-02 3.86654676e-02 2.84534582e-02 2.03210491e-02 1.40138886e-02 9.23909339e-03 5.73786088e-03 3.24244760e-03 1.55639967e-03 4.99194087e-04 -4.53807569e-05 -1.41460371e-04 -8.19365997e-05 -4.35162699e-05 -2.10336319e-05 -9.18633670e-06 -3.60134147e-06 -1.26090476e-06 -3.94363213e-07 -1.12544102e-07 -3.24810159e-08 -1.27198924e-08 -8.51059068e-09 -7.75014430e-09 -7.64552832e-09 -7.64721486e-09 -7.66257907e-09 -7.67793351e-09 -7.69152864e-09 -7.70347769e-09 -7.71422881e-09 -7.72414011e-09 -7.73324665e-09 -7.74119469e-09 -7.74735975e-09 -7.75106457e-09 -7.75183279e-09 -7.74955694e-09 -7.74454290e-09 -7.73739922e-09 -7.72880848e-09 -7.71927849e-09 -7.70897468e-09 -7.69768294e-09 -7.68495967e-09 -7.67044833e-09 -7.65459035e-09 -7.64243768e-09 -7.67009739e-09 -7.96739696e-09 -9.79808518e-09 -1.90933513e-08 -5.95892150e-08 -2.12411910e-07 -7.14837766e-07 -2.16169920e-06 -5.83215106e-06 -1.40838238e-05 -3.06263900e-05 -6.03918030e-05 -1.08782652e-04 -1.47125132e-04 1.69275714e-04 9.58493586e-04 2.31320672e-03 4.37734742e-03 7.34904975e-03 1.14477533e-02 1.69593318e-02 2.41399990e-02 3.32849676e-02 4.46148443e-02 5.84867102e-02 7.49766148e-02 9.41472485e-02 1.15979964e-01 1.40062956e-01 1.65832147e-01 1.92838647e-01 2.20173615e-01 2.46604038e-01 2.71062476e-01 2.92367010e-01 3.09412946e-01 3.21299938e-01 3.27398736e-01 3.27398736e-01 3.21299938e-01 3.09412946e-01 2.92367010e-01 2.71062476e-01 2.46604038e-01 2.20173615e-01 1.92838647e-01 1.65832147e-01 1.40062956e-01 1.15979964e-01 9.41472485e-02 7.49766148e-02 5.84867102e-02 4.46148443e-02 3.32849676e-02 2.41399990e-02 1.69593318e-02 1.14477533e-02 7.34904975e-03 4.37734742e-03 2.31320672e-03 9.58493586e-04 1.69275714e-04 -1.47125132e-04 -1.08782652e-04 -6.03918030e-05 -3.06263900e-05 -1.40838238e-05 -5.83215106e-06 -2.16169920e-06 -7.14837766e-07 -2.12411910e-07 -5.95892153e-08 -1.90933516e-08 -9.79808529e-09 -7.96739702e-09 -7.67009728e-09 -7.64243790e-09 -7.65459041e-09 -7.67044805e-09 -7.68495984e-09 -7.69768294e-09 -7.70897463e-09 -7.71927833e-09 -7.72880854e-09 -7.73739944e-09 -7.74454323e-09 -7.74955711e-09 -7.75183279e-09 -7.75106457e-09 -7.74735975e-09 -7.74119457e-09 -7.73324671e-09 -7.72413999e-09 -7.71422870e-09 -7.70347786e-09 -7.69152875e-09 -7.67793351e-09 -7.66257929e-09 -7.64721492e-09 -7.64552849e-09 -7.75014430e-09 -8.51059051e-09 -1.27198923e-08 -3.24810162e-08 -1.12544101e-07 -3.94363213e-07 -1.26090476e-06 -3.60134147e-06 -9.18633670e-06 -2.10336319e-05 -4.35162699e-05 -8.19365997e-05 -1.41460371e-04 -4.53807569e-05 4.99194087e-04 1.55639967e-03 3.24244760e-03 5.73786088e-03 9.23909339e-03 1.40138886e-02 2.03210491e-02 2.84534582e-02 3.86654676e-02 5.12126915e-02 6.63975284e-02 8.42238777e-02 1.04751735e-01 1.27785805e-01 1.52767008e-01 1.79206806e-01 2.06548076e-01 2.33579420e-01 2.59142571e-01 2.82181787e-01 3.01486653e-01 3.16048522e-01 3.25099320e-01 3.28168435e-01
3.28091711e-01 3.25001135e-01 3.15898718e-01 3.01249063e-01 2.81829497e-01 2.58631263e-01 2.32830716e-01 2.05661013e-01 1.78197868e-01 1.51507467e-01 1.26524487e-01 1.03575899e-01 8.30679814e-02 6.53066791e-02 5.02629766e-02 3.77975591e-02 2.77416826e-02 1.97497507e-02 1.35681901e-02 8.90227817e-03 5.50095606e-03 3.08702394e-03 1.46431472e-03 4.52835677e-04 -6.28628250e-05 -1.48784894e-04 -8.66990464e-05 -4.62963736e-05 -2.24824282e-05 -9.85612923e-06 -3.87420748e-06 -1.35817589e-06 -4.24484162e-07 -1.20585712e-07 -3.43192448e-08 -1.30793754e-08 -8.57326171e-09 -7.76278342e-09 -7.65071795e-09 -7.65098673e-09 -7.66570918e-09 -7.68060787e-09 -7.69385783e-09 -7.70551101e-09 -7.71595832e-09 -7.72552072e-09 -7.73423670e-09 -7.74179165e-09 -7.74762232e-09 -7.75111519e-09 -7.75183850e-09 -7.74969444e-09 -7.74496201e-09 -7.73819031e-09 -7.72999720e-09 -7.72083913e-09 -7.71085973e-09 -7.69986130e-09 -7.68745140e-09 -7.67333336e-09 -7.65801034e-09 -7.64671265e-09 -7.67737407e-09 -7.99409172e-09 -9.94925420e-09 -1.99217167e-08 -6.35106561e-08 -2.28273990e-07 -7.69953160e-07 -2.32743227e-06 -6.26665928e-06 -1.50841780e-05 -3.26627770e-05 -6.40811081e-05 -1.14767002e-04 -1.57228192e-04 1.39625759e-04 8.90800601e-04 2.19016500e-03 4.18433713e-03 7.06380285e-03 1.10632639e-02 1.64519667e-02 2.35082875e-02 3.24983713e-02 4.37082622e-02 5.74625571e-02 7.38323960e-02 9.29748081e-02 1.14774720e-01 1.38765771e-01 1.64663019e-01 1.91915251e-01 2.19324427e-01 2.45984946e-01 2.70634261e-01 2.92078805e-01 3.09226220e-01 3.21179651e-01 3.27316351e-01 3.27316351e-01 3.21179651e-01 3.09226220e-01 2.92078805e-01 2.70634261e-01 2.45984946e-01 2.19324427e-01 1.91915251e-01 1.64663019e-01 1.38765771e-01 1.14774720e-01 9.29748081e-02 7.38323960e-02 5.74625571e-02 4.37082622e-02 3.24983713e-02 2.35082875e-02 1.64519667e-02 1.10632639e-02 7.06380285e-03 4.18433713e-03 2.19016500e-03 8.90800601e-04 1.39625759e-04 -1.57228192e-04 -1.14767002e-04 -6.40811081e-05 -3.26627770e-05 -1.50841780e-05 -6.26665928e-06 -2.32743227e-06 -7.69953160e-07 -2.28273990e-07 -6.35106564e-08 -1.99217167e-08 -9.94925420e-09 -7.99409183e-09 -7.67737418e-09 -7.64671260e-09 -7.65801017e-09 -7.67333341e-09 -7.68745112e-09 -7.69986125e-09 -7.71085962e-09 -7.72083930e-09 -7.72999703e-09 -7.73819042e-09 -7.74496201e-09 -7.74969444e-09 -7.75183867e-09 -7.75111531e-09 -7.74762221e-09 -7.74179149e-09 -7.73423681e-09 -7.72552061e-09 -7.71595848e-09 -7.70551090e-09 -7.69385755e-09 -7.68060776e-09 -7.66570918e-09 -7.65098668e-09 -7.65071761e-09 -7.76278353e-09 -8.57326149e-09 -1.30793753e-08 -3.43192448e-08 -1.20585712e-07 -4.24484162e-07 -1.35817589e-06 -3.87420748e-06 -9.85612923e-06 -2.24824282e-05 -4.62963736e-05 -8.66990464e-05 -1.48784894e-04 -6.28628250e-05 4.52835677e-04 1.46431472e-03 3.08702394e-03 5.50095606e-03 8.90227817e-03 1.35681901e-02 1.97497507e-02 2.77416826e-02 3.77975591e-02 5.02629766e-02 6.53066791e-02 8.30679814e-02 1.03575899e-01 1.26524487e-01 1.51507467e-01 1.78197868e-01 2.05661013e-01 2.32830716e-01 2.58631263e-01 2.81829497e-01 3.01249063e-01 3.15898718e-01 3.25001135e-01 3.28091711e-01
3.28475114e-01 3.25264296e-01 3.15815649e-01 3.00813568e-01 2.81281489e-01 2.57976941e-01 2.32046915e-01 2.04683114e-01 1.77148583e-01 1.50333185e-01 1.25195704e-01 1.02349825e-01 8.19192385e-02 6.42230754e-02 4.93027399e-02 3.69570041e-02 2.70395334e-02 1.91945904e-02 1.31310102e-02 8.57879770e-03 5.26858658e-03 2.93649385e-03 1.37415447e-03 4.07463273e-04 -8.02086260e-05 -1.56267406e-04 -9.16179233e-05 -4.91949913e-05 -2.40050690e-05 -1.05646680e-05 -4.16432032e-06 -1.46196049e-06 -4.56684012e-07 -1.29184173e-07 -3.62813058e-08 -1.34612412e-08 -8.63897559e-09 -7.77554898e-09 -7.65572428e-09 -7.65457764e-09 -7.66868025e-09 -7.68313302e-09 -7.69604297e-09 -7.70740594e-09 -7.71756276e-09 -7.72679726e-09 -7.73515163e-09 -7.74234166e-09 -7.74786307e-09 -7.75116177e-09 -7.75184417e-09 -7.74982090e-09 -7.74534753e-09 -7.73891934e-09 -7.73109499e-09 -7.72228553e-09 -7.71261294e-09 -7.70189773e-09 -7.68979808e-09 -7.67606517e-09 -7.66125674e-09 -7.65080027e-09 -7.68453218e-09 -8.02167804e-09 -1.01090770e-08 -2.08042353e-08 -6.77011176e-08 -2.45236458e-07 -8.28827949e-07 -2.50398607e-06 -6.72755170e-06 -1.61391460e-05 -3.47948328e-05 -6.79103092e-05 -1.20915335e-04 -1.67408757e-04 1.10060846e-04 8.24951662e-04 2.07088060e-03 3.99487124e-03 6.78407724e-03 1.06834298e-02 1.59511049e-02 2.28783527e-02 3.17119730e-02 4.28238778e-02 5.64290707e-02 7.27169520e-02 9.18142421e-02 1.13485433e-01 1.37482568e-01 1.63593843e-01 1.90867938e-01 2.18468505e-01 2.45262596e-01 2.70033496e-01 2.91583079e-01 3.08916547e-01 3.21293497e-01 3.27669324e-01 3.27669324e-01 3.21293497e-01 3.08916547e-01 2.91583079e-01 2.70033496e-01 2.45262596e-01 2.18468505e-01 1.90867938e-01 1.63593843e-01 1.37482568e-01 1.13485433e-01 9.18142421e-02 7.27169520e-02 5.64290707e-02 4.28238778e-02 3.17119730e-02 2.28783527e-02 1.59511049e-02 1.06834298e-02 6.78407724e-03 3.99487124e-03 2.07088060e-03 8.24951662e-04 1.10060846e-04 -1.67408757e-04 -1.20915335e-04 -6.79103092e-05 -3.47948328e-05 -1.61391460e-05 -6.72755170e-06 -2.50398607e-06 -8.28827949e-07 -2.45236458e-07 -6.77011176e-08 -2.08042352e-08 -1.01090770e-08 -8.02167810e-09 -7.68453196e-09 -7.65080038e-09 -7.66125668e-09 -7.67606517e-09 -7.68979813e-09 -7.70189773e-09 -7.71261294e-09 -7.72228581e-09 -7.73109521e-09 -7.73891939e-09 -7.74534775e-09 -7.74982090e-09 -7.75184406e-09 -7.75116182e-09 -7.74786307e-09 -7.74234166e-09 -7.73515174e-09 -7.72679731e-09 -7.71756264e-09 -7.70740555e-09 -7.69604297e-09 -7.68313307e-09 -7.66868014e-09 -7.65457775e-09 -7.65572428e-09 -7.77554904e-09 -8.63897548e-09 -1.34612412e-08 -3.62813061e-08 -1.29184173e-07 -4.56684012e-07 -1.46196049e-06 -4.16432032e-06 -1.05646680e-05 -2.40050690e-05 -4.91949913e-05 -9.16179233e-05 -1.56267406e-04 -8.02086260e-05 4.07463273e-04 1.37415447e-03 2.93649385e-03 5.26858658e-03 8.57879770e-03 1.31310102e-02 1.91945904e-02 2.70395334e-02 3.69570041e-02 4.93027399e-02 6.42230754e-02 8.19192385e-02 1.02349825e-01 1.25195704e-01 1.50333185e-01 1.77148583e-01 2.04683114e-01 2.32046915e-01 2.57976941e-01 2.81281489e-01 3.00813568e-01 3.15815649e-01 3.25264296e-01 3.28475114e-01
3.29138630e-01 3.25899938e-01 3.16363266e-01 3.01073179e-01 2.80861768e-01 2.57147319e-01 2.31125005e-01 2.03680362e-01 1.75992146e-01 1.49167610e-01 1.23905488e-01 1.01060745e-01 8.07732898e-02 6.31604620e-02 4.83389730e-02 3.61454975e-02 2.63390415e-02 1.86419811e-02 1.27015722e-02 8.26109192e-03 5.04151087e-03 2.78866251e-03 1.28652938e-03 3.63431143e-04 -9.75281933e-05 -1.63895594e-04 -9.66894689e-05 -5.22126300e-05 -2.56032514e-05 -1.13133679e-05 -4.47248273e-06 -1.57260897e-06 -4.91084637e-07 -1.38373579e-07 -3.83748616e-08 -1.38668731e-08 -8.70794503e-09 -7.78847553e-09 -7.66056157e-09 -7.65800307e-09 -7.67150188e-09 -7.68552311e-09 -7.69809694e-09 -7.70917696e-09 -7.71905123e-09 -7.72797926e-09 -7.73599362e-09 -7.74284936e-09 -7.74808606e-09 -7.75120429e-09 -7.75184872e-09 -7.74993852e-09 -7.74570230e-09 -7.73959119e-09 -7.73211017e-09 -7.72362518e-09 -7.71424541e-09 -7.70380687e-09 -7.69200886e-09 -7.67865616e-09 -7.66434771e-09 -7.65471164e-09 -7.69159114e-09 -8.05024208e-09 -1.02780990e-08 -2.17442472e-08 -7.21772119e-08 -2.63365540e-07 -8.91674536e-07 -2.69190695e-06 -7.21593405e-06 -1.72503805e-05 -3.70239399e-05 -7.18782634e-05 -1.27220176e-04 -1.77552289e-04 8.14728004e-05 7.60770442e-04 1.95454183e-03 3.80978804e-03 6.51381555e-03 1.03134069e-02 1.54667025e-02 2.22508087e-02 3.09456610e-02 4.19388569e-02 5.54022231e-02 7.16085239e-02 9.06029705e-02 1.12163079e-01 1.36293101e-01 1.62417256e-01 1.89792234e-01 2.17511031e-01 2.44380734e-01 2.69276492e-01 2.91521822e-01 3.09388524e-01 3.21893010e-01 3.28326229e-01 3.28326229e-01 3.21893010e-01 3.09388524e-01 2.91521822e-01 2.69276492e-01 2.44380734e-01 2.17511031e-01 1.89792234e-01 1.62417256e-01 1.36293101e-01 1.12163079e-01 9.06029705e-02 7.16085239e-02 5.54022231e-02 4.19388569e-02 3.09456610e-02 2.22508087e-02 1.54667025e-02 1.03134069e-02 6.51381555e-03 3.80978804e-03 1.95454183e-03 7.60770442e-04 8.14728004e-05 -1.77552289e-04 -1.27220176e-04 -7.18782634e-05 -3.70239399e-05 -1.72503805e-05 -7.21593405e-06 -2.69190695e-06 -8.91674536e-07 -2.63365540e-07 -7.21772118e-08 -2.17442471e-08 -1.02780988e-08 -8.05024208e-09 -7.69159114e-09 -7.65471164e-09 -7.66434782e-09 -7.67865599e-09 -7.69200870e-09 -7.70380687e-09 -7.71424563e-09 -7.72362518e-09 -7.73210990e-09 -7.73959136e-09 -7.74570230e-09 -7.74993841e-09 -7.75184855e-09 -7.75120423e-09 -7.74808612e-09 -7.74284925e-09 -7.73599357e-09 -7.72797948e-09 -7.71905123e-09 -7.70917691e-09 -7.69809705e-09 -7.68552311e-09 -7.67150177e-09 -7.65800290e-09 -7.66056130e-09 -7.78847575e-09 -8.70794514e-09 -1.38668731e-08 -3.83748617e-08 -1.38373579e-07 -4.91084637e-07 -1.57260897e-06 -4.47248273e-06 -1.13133679e-05 -2.56032514e-05 -5.22126300e-05 -9.66894689e-05 -1.63895594e-04 -9.75281933e-05 3.63431143e-04 1.28652938e-03 2.78866251e-03 5.04151087e-03 8.26109192e-03 1.27015722e-02 1.86419811e-02 2.63390415e-02 3.61454975e-02 4.83389730e-02 6.31604620e-02 8.07732898e-02 1.01060745e-01 1.23905488e-01 1.49167610e-01 1.75992146e-01 2.03680362e-01 2.31125005e-01 2.57147319e-01 2.80861768e-01 3.01073179e-01 3.16363266e-01 3.25899938e-01 3.29138630e-01
3.29546653e-01 3.26282938e-01 3.16672936e-01 3.01260891e-01 2.80916025e-01 2.56694217e-01 2.30051506e-01 2.02565592e-01 1.74827618e-01 1.47901512e-01 1.22698898e-01 9.97587486e-02 7.95901577e-02 6.21016505e-02 4.73816940e-02 3.53352445e-02 2.56516211e-02 1.80919568e-02 1.22811089e-02 7.95121465e-03 4.82258331e-03 2.64485366e-03 1.20144744e-03 3.20566141e-04 -1.14687813e-04 -1.71656114e-04 -1.01909196e-04 -5.53494304e-05 -2.72785501e-05 -1.21036308e-05 -4.79951215e-06 -1.69048378e-06 -5.27813318e-07 -1.48189737e-07 -4.06079753e-08 -1.42977231e-08 -8.78038409e-09 -7.80159926e-09 -7.66524488e-09 -7.66127062e-09 -7.67418606e-09 -7.68778624e-09 -7.70003156e-09 -7.71083364e-09 -7.72043901e-09 -7.72907482e-09 -7.73677394e-09 -7.74331688e-09 -7.74829084e-09 -7.75124409e-09 -7.75185249e-09 -7.75004572e-09 -7.74602898e-09 -7.74021308e-09 -7.73304859e-09 -7.72486930e-09 -7.71576780e-09 -7.70559894e-09 -7.69409847e-09 -7.68111647e-09 -7.66729241e-09 -7.65845659e-09 -7.69856712e-09 -8.07985895e-09 -1.04568877e-08 -2.27452721e-08 -7.69564188e-08 -2.82730635e-07 -9.58713817e-07 -2.89175615e-06 -7.73291949e-06 -1.84194802e-05 -3.93512548e-05 -7.59832890e-05 -1.33673143e-04 -1.87878904e-04 5.32188477e-05 6.98562540e-04 1.84186091e-03 3.62974006e-03 6.25166389e-03 9.94906177e-03 1.49878969e-02 2.16334700e-02 3.02099855e-02 4.10470853e-02 5.43931127e-02 7.05110029e-02 8.93375312e-02 1.10890904e-01 1.35066732e-01 1.61199664e-01 1.88650020e-01 2.16410901e-01 2.43529993e-01 2.69213310e-01 2.91645114e-01 3.09645607e-01 3.22245606e-01 3.28727667e-01 3.28727667e-01 3.22245606e-01 3.09645607e-01 2.91645114e-01 2.69213310e-01 2.43529993e-01 2.16410901e-01 1.88650020e-01 1.61199664e-01 1.35066732e-01 1.10890904e-01 8.93375312e-02 7.05110029e-02 5.43931127e-02 4.10470853e-02 3.02099855e-02 2.16334700e-02 1.49878969e-02 9.94906177e-03 6.25166389e-03 3.62974006e-03 1.84186091e-03 6.98562540e-04 5.32188477e-05 -1.87878904e-04 -1.33673143e-04 -7.59832890e-05 -3.93512548e-05 -1.84194802e-05 -7.73291949e-06 -2.89175615e-06 -9.58713818e-07 -2.82730635e-07 -7.69564188e-08 -2.27452721e-08 -1.04568877e-08 -8.07985928e-09 -7.69856723e-09 -7.65845681e-09 -7.66729225e-09 -7.68111641e-09 -7.69409847e-09 -7.70559916e-09 -7.71576769e-09 -7.72486963e-09 -7.73304870e-09 -7.74021303e-09 -7.74602898e-09 -7.75004583e-09 -7.75185272e-09 -7.75124409e-09 -7.74829101e-09 -7.74331677e-09 -7.73677378e-09 -7.72907460e-09 -7.72043884e-09 -7.71083353e-09 -7.70003139e-09 -7.68778641e-09 -7.67418584e-09 -7.66127067e-09 -7.66524477e-09 -7.80159926e-09 -8.78038392e-09 -1.42977233e-08 -4.06079751e-08 -1.48189737e-07 -5.27813318e-07 -1.69048378e-06 -4.79951215e-06 -1.21036308e-05 -2.72785501e-05 -5.53494304e-05 -1.01909196e-04 -1.71656114e-04 -1.14687813e-04 3.20566141e-04 1.20144744e-03 2.64485366e-03 4.82258331e-03 7.95121465e-03 1.22811089e-02 1.80919568e-02 2.56516211e-02 3.53352445e-02 4.73816940e-02 6.21016505e-02 7.95901577e-02 9.97587486e-02 1.22698898e-01 1.47901512e-01 1.74827618e-01 2.02565592e-01 2.30051506e-01 2.56694217e-01 2.80916025e-01 3.01260891e-01 3.16672936e-01 3.26282938e-01 3.29546653e-01
3.29784786e-01 3.26491520e-01 3.16796758e-01 3.01245688e-01 2.80755310e-01 2.56404149e-01 2.29427431e-01 2.01315035e-01 1.73570414e-01 1.46635833e-01 1.21431465e-01 9.85111483e-02 7.83637682e-02 6.10504642e-02 4.64480616e-02 3.45219952e-02 2.49859593e-02 1.75520315e-02 1.18729985e-02 7.64899208e-03 4.60859737e-03 2.50444609e-03 1.11776332e-03 2.78452918e-04 -1.31729758e-04 -1.79534633e-04 -1.07271882e-04 -5.86051468e-05 -2.90324034e-05 -1.29368399e-05 -5.14623916e-06 -1.81595929e-06 -5.67002870e-07 -1.58670238e-07 -4.29891383e-08 -1.47553144e-08 -8.85651386e-09 -7.81495474e-09 -7.66978447e-09 -7.66438957e-09 -7.67674269e-09 -7.68993219e-09 -7.70185543e-09 -7.71238517e-09 -7.72173037e-09 -7.73009040e-09 -7.73749476e-09 -7.74374947e-09 -7.74848063e-09 -7.75128001e-09 -7.75185749e-09 -7.75014508e-09 -7.74633241e-09 -7.74078623e-09 -7.73392050e-09 -7.72602626e-09 -7.71718933e-09 -7.70728459e-09 -7.69607489e-09 -7.68345448e-09 -7.67009956e-09 -7.66204838e-09 -7.70548408e-09 -8.11061907e-09 -1.06460372e-08 -2.38110112e-08 -8.20571211e-08 -3.03404413e-07 -1.03017525e-06 -3.10410923e-06 -8.27962528e-06 -1.96479812e-05 -4.17776898e-05 -8.02231488e-05 -1.40264964e-04 -1.98260501e-04 2.57410498e-05 6.37926305e-04 1.73262563e-03 3.45437581e-03 5.99667823e-03 9.59315916e-03 1.45145043e-02 2.10209952e-02 2.94793577e-02 4.01674096e-02 5.33984543e-02 6.93762637e-02 8.80681216e-02 1.09671218e-01 1.33765884e-01 1.59949357e-01 1.87390818e-01 2.15376178e-01 2.43160436e-01 2.68990189e-01 2.91547256e-01 3.09706894e-01 3.22418006e-01 3.28958513e-01 3.28958513e-01 3.22418006e-01 3.09706894e-01 2.91547256e-01 2.68990189e-01 2.43160436e-01 2.15376178e-01 1.87390818e-01 1.59949357e-01 1.33765884e-01 1.09671218e-01 8.80681216e-02 6.93762637e-02 5.33984543e-02 4.01674096e-02 2.94793577e-02 2.10209952e-02 1.45145043e-02 9.59315916e-03 5.99667823e-03 3.45437581e-03 1.73262563e-03 6.37926305e-04 2.57410498e-05 -1.98260501e-04 -1.40264964e-04 -8.02231488e-05 -4.17776898e-05 -1.96479812e-05 -8.27962528e-06 -3.10410923e-06 -1.03017525e-06 -3.03404413e-07 -8.20571212e-08 -2.38110113e-08 -1.06460373e-08 -8.11061895e-09 -7.70548392e-09 -7.66204822e-09 -7.67009972e-09 -7.68345448e-09 -7.69607478e-09 -7.70728459e-09 -7.71718933e-09 -7.72602604e-09 -7.73392034e-09 -7.74078612e-09 -7.74633246e-09 -7.75014491e-09 -7.75185727e-09 -7.75128001e-09 -7.74848086e-09 -7.74374942e-09 -7.73749476e-09 -7.73009040e-09 -7.72173037e-09 -7.71238540e-09 -7.70185560e-09 -7.68993247e-09 -7.67674252e-09 -7.66438973e-09 -7.66978431e-09 -7.81495479e-09 -8.85651397e-09 -1.47553147e-08 -4.29891382e-08 -1.58670238e-07 -5.67002870e-07 -1.81595929e-06 -5.14623916e-06 -1.29368399e-05 -2.90324034e-05 -5.86051468e-05 -1.07271882e-04 -1.79534633e-04 -1.31729758e-04 2.78452918e-04 1.11776332e-03 2.50444609e-03 4.60859737e-03 7.64899208e-03 1.18729985e-02 1.75520315e-02 2.49859593e-02 3.45219952e-02 4.64480616e-02 6.10504642e-02 7.83637682e-02 9.85111483e-02 1.21431465e-01 1.46635833e-01 1.73570414e-01 2.01315035e-01 2.29427431e-01 2.56404149e-01 2.80755310e-01 3.01245688e-01 3.16796758e-01 3.26491520e-01 3.29784786e-01
3.30017507e-01 3.26672778e-01 3.16833455e-01 3.01072643e-01 2.80423635e-01 2.55916140e-01 2.28827699e-01 2.00440873e-01 1.72200499e-01 1.45316500e-01 1.20116772e-01 9.72958447e-02 7.71474385e-02 5.99753870e-02 4.55262994e-02 3.37228359e-02 2.43362269e-02 1.70193579e-02 1.14714470e-02 7.35271428e-03 4.40170290e-03 2.36864544e-03 1.03683346e-03 2.37128842e-04 -1.48588859e-04 -1.87515877e-04 -1.12771565e-04 -6.19791296e-05 -3.08660998e-05 -1.38143533e-05 -5.51350576e-06 -1.94942160e-06 -6.08791732e-07 -1.69854516e-07 -4.55272834e-08 -1.52412523e-08 -8.93657409e-09 -7.82858062e-09 -7.67419550e-09 -7.66737096e-09 -7.67918035e-09 -7.69197017e-09 -7.70357733e-09 -7.71384223e-09 -7.72293640e-09 -7.73103381e-09 -7.73816339e-09 -7.74414899e-09 -7.74865505e-09 -7.75131376e-09 -7.75186071e-09 -7.75023629e-09 -7.74661058e-09 -7.74131759e-09 -7.73472630e-09 -7.72710240e-09 -7.71852249e-09 -7.70886904e-09 -7.69794606e-09 -7.68568020e-09 -7.67277891e-09 -7.66549546e-09 -7.71235498e-09 -8.14260731e-09 -1.08461775e-08 -2.49453653e-08 -8.74986325e-08 -3.25462893e-07 -1.10629690e-06 -3.32955537e-06 -8.85716932e-06 -2.09373464e-05 -4.43038968e-05 -8.45950350e-05 -1.46985488e-04 -2.08746846e-04 -1.02492528e-06 5.79495873e-04 1.62672158e-03 3.28613442e-03 5.74876191e-03 9.24962985e-03 1.40492819e-02 2.04318114e-02 2.87499376e-02 3.93015969e-02 5.24163717e-02 6.82077823e-02 8.68627184e-02 1.08386393e-01 1.32463885e-01 1.58602565e-01 1.86145270e-01 2.14716829e-01 2.42611858e-01 2.68577016e-01 2.91306968e-01 3.09642582e-01 3.22537383e-01 3.29178268e-01 3.29178268e-01 3.22537383e-01 3.09642582e-01 2.91306968e-01 2.68577016e-01 2.42611858e-01 2.14716829e-01 1.86145270e-01 1.58602565e-01 1.32463885e-01 1.08386393e-01 8.68627184e-02 6.82077823e-02 5.24163717e-02 3.93015969e-02 2.87499376e-02 2.04318114e-02 1.40492819e-02 9.24962985e-03 5.74876191e-03 3.28613442e-03 1.62672158e-03 5.79495873e-04 -1.02492528e-06 -2.08746846e-04 -1.46985488e-04 -8.45950350e-05 -4.43038968e-05 -2.09373464e-05 -8.85716932e-06 -3.32955537e-06 -1.10629690e-06 -3.25462893e-07 -8.74986325e-08 -2.49453652e-08 -1.08461776e-08 -8.14260709e-09 -7.71235492e-09 -7.66549546e-09 -7.67277886e-09 -7.68568020e-09 -7.69794622e-09 -7.70886893e-09 -7.71852227e-09 -7.72710235e-09 -7.73472619e-09 -7.74131759e-09 -7.74661041e-09 -7.75023612e-09 -7.75186071e-09 -7.75131348e-09 -7.74865500e-09 -7.74414899e-09 -7.73816339e-09 -7.73103381e-09 -7.72293629e-09 -7.71384229e-09 -7.70357722e-09 -7.69197012e-09 -7.67918046e-09 -7.66737107e-09 -7.67419539e-09 -7.82858056e-09 -8.93657415e-09 -1.52412523e-08 -4.55272836e-08 -1.69854515e-07 -6.08791732e-07 -1.94942160e-06 -5.51350576e-06 -1.38143533e-05 -3.08660998e-05 -6.19791296e-05 -1.12771565e-04 -1.87515877e-04 -1.48588859e-04 2.37128842e-04 1.03683346e-03 2.36864544e-03 4.40170290e-03 7.35271428e-03 1.14714470e-02 1.70193579e-02 2.43362269e-02 3.37228359e-02 4.55262994e-02 5.99753870e-02 7.71474385e-02 9.72958447e-02 1.20116772e-01 1.45316500e-01 1.72200499e-01 2.00440873e-01 2.28827699e-01 2.55916140e-01 2.80423635e-01 3.01072643e-01 3.16833455e-01 3.26672778e-01 3.30017507e-01
3.30142223e-01 3.26771755e-01 3.16860438e-01 3.00978697e-01 2.80039650e-01 2.55296512e-01 2.28053744e-01 1.99587476e-01 1.71056965e-01 1.43911788e-01 1.18796314e-01 9.60166875e-02 7.59851626e-02 5.88782254e-02 4.46123320e-02 3.29317850e-02 2.36911217e-02 1.65025567e-02 1.10768664e-02 7.06529554e-03 4.20125414e-03 2.23743581e-03 9.58717246e-04 1.97131396e-04 -1.64986838e-04 -1.95583683e-04 -1.18401548e-04 -6.54703084e-05 -3.27807642e-05 -1.47374976e-05 -5.90216345e-06 -2.09126839e-06 -6.53324071e-07 -1.81783910e-07 -4.82318051e-08 -1.57572254e-08 -9.02080260e-09 -7.84250687e-09 -7.67848751e-09 -7.67022479e-09 -7.68150366e-09 -7.69391001e-09 -7.70520819e-09 -7.71521258e-09 -7.72406195e-09 -7.73191267e-09 -7.73878328e-09 -7.74451830e-09 -7.74881631e-09 -7.75134479e-09 -7.75186376e-09 -7.75032066e-09 -7.74686854e-09 -7.74180936e-09 -7.73547537e-09 -7.72810699e-09 -7.71976993e-09 -7.71036479e-09 -7.69972308e-09 -7.68780151e-09 -7.67533692e-09 -7.66880776e-09 -7.71919967e-09 -8.17591461e-09 -1.10579615e-08 -2.61524305e-08 -9.33012492e-08 -3.48985540e-07 -1.18732549e-06 -3.56869657e-06 -9.46666633e-06 -2.22889560e-05 -4.69302505e-05 -8.90955578e-05 -1.53823713e-04 -2.19244668e-04 -2.73755446e-05 5.22275392e-04 1.52370509e-03 3.12133830e-03 5.50631852e-03 8.91344045e-03 1.35920869e-02 1.98596237e-02 2.80286254e-02 3.84543103e-02 5.14174239e-02 6.70502728e-02 8.56623077e-02 1.07079508e-01 1.31101425e-01 1.57175709e-01 1.85262397e-01 2.13898607e-01 2.41922010e-01 2.68040647e-01 2.91075625e-01 3.09617526e-01 3.22606312e-01 3.29296351e-01 3.29296351e-01 3.22606312e-01 3.09617526e-01 2.91075625e-01 2.68040647e-01 2.41922010e-01 2.13898607e-01 1.85262397e-01 1.57175709e-01 1.31101425e-01 1.07079508e-01 8.56623077e-02 6.70502728e-02 5.14174239e-02 3.84543103e-02 2.80286254e-02 1.98596237e-02 1.35920869e-02 8.91344045e-03 5.50631852e-03 3.12133830e-03 1.52370509e-03 5.22275392e-04 -2.73755446e-05 -2.19244668e-04 -1.53823713e-04 -8.90955578e-05 -4.69302505e-05 -2.22889560e-05 -9.46666633e-06 -3.56869657e-06 -1.18732549e-06 -3.48985540e-07 -9.33012493e-08 -2.61524303e-08 -1.10579613e-08 -8.17591472e-09 -7.71919972e-09 -7.66880759e-09 -7.67533698e-09 -7.68780140e-09 -7.69972275e-09 -7.71036474e-09 -7.71977027e-09 -7.72810693e-09 -7.73547554e-09 -7.74180936e-09 -7.74686870e-09 -7.75032066e-09 -7.75186360e-09 -7.75134462e-09 -7.74881648e-09 -7.74451830e-09 -7.73878328e-09 -7.73191289e-09 -7.72406195e-09 -7.71521252e-09 -7.70520819e-09 -7.69391018e-09 -7.68150377e-09 -7.67022479e-09 -7.67848751e-09 -7.84250709e-09 -9.02080255e-09 -1.57572256e-08 -4.82318051e-08 -1.81783910e-07 -6.53324071e-07 -2.09126839e-06 -5.90216345e-06 -1.47374976e-05 -3.27807642e-05 -6.54703084e-05 -1.18401548e-04 -1.95583683e-04 -1.64986838e-04 1.97131396e-04 9.58717246e-04 2.23743581e-03 4.20125414e-03 7.06529554e-03 1.10768664e-02 1.65025567e-02 2.36911217e-02 3.29317850e-02 4.46123320e-02 5.88782254e-02 7.59851626e-02 9.60166875e-02 1.18796314e-01 1.43911788e-01 1.71056965e-01 1.99587476e-01 2.28053744e-01 2.55296512e-01 2.80039650e-01 3.00978697e-01 3.16860438e-01 3.26771755e-01 3.30142223e-01
3.30220252e-01 3.26779710e-01 3.16741538e-01 3.00723305e-01 2.79637158e-01 2.54678482e-01 2.27179168e-01 1.98596945e-01 1.70038287e-01 1.42541767e-01 1.17421652e-01 9.47384439e-02 7.48287993e-02 5.77882924e-02 4.36902904e-02 3.21700208e-02 2.30502240e-02 1.60013389e-02 1.06909234e-02 6.78824292e-03 4.00680974e-03 2.11067261e-03 8.83199796e-04 1.58626588e-04 -1.81207375e-04 -2.03721068e-04 -1.24154397e-04 -6.90771771e-05 -3.47773444e-05 -1.57075613e-05 -6.31307117e-06 -2.24190859e-06 -7.00749856e-07 -1.94501718e-07 -5.11125741e-08 -1.63050015e-08 -9.10945797e-09 -7.85677456e-09 -7.68266928e-09 -7.67295327e-09 -7.68372316e-09 -7.69575625e-09 -7.70675140e-09 -7.71650199e-09 -7.72511721e-09 -7.73273068e-09 -7.73935960e-09 -7.74486081e-09 -7.74896602e-09 -7.75137354e-09 -7.75186743e-09 -7.75039866e-09 -7.74710740e-09 -7.74226544e-09 -7.73617259e-09 -7.72904518e-09 -7.72094133e-09 -7.71177833e-09 -7.70141090e-09 -7.68982433e-09 -7.67778241e-09 -7.67199437e-09 -7.72603581e-09 -8.21063439e-09 -1.12820762e-08 -2.74365159e-08 -9.94862683e-08 -3.74055346e-07 -1.27351634e-06 -3.82214678e-06 -1.01092240e-05 -2.37040974e-05 -4.96568327e-05 -9.37207367e-05 -1.60767809e-04 -2.29602165e-04 -5.32360895e-05 4.67059397e-04 1.42464184e-03 2.96176011e-03 5.27132882e-03 8.58397832e-03 1.31463104e-02 1.92924420e-02 2.73234072e-02 3.76139484e-02 5.03974564e-02 6.59428185e-02 8.44167514e-02 1.05755910e-01 1.29662693e-01 1.56099858e-01 1.84251560e-01 2.12965670e-01 2.41154621e-01 2.67559487e-01 2.90735000e-01 3.09433318e-01 3.22546968e-01 3.29356738e-01 3.29356738e-01 3.22546968e-01 3.09433318e-01 2.90735000e-01 2.67559487e-01 2.41154621e-01 2.12965670e-01 1.84251560e-01 1.56099858e-01 1.29662693e-01 1.05755910e-01 8.44167514e-02 6.59428185e-02 5.03974564e-02 3.76139484e-02 2.73234072e-02 1.92924420e-02 1.31463104e-02 8.58397832e-03 5.27132882e-03 2.96176011e-03 1.42464184e-03 4.67059397e-04 -5.32360895e-05 -2.29602165e-04 -1.60767809e-04 -9.37207367e-05 -4.96568327e-05 -2.37040974e-05 -1.01092240e-05 -3.82214678e-06 -1.27351634e-06 -3.74055346e-07 -9.94862682e-08 -2.74365158e-08 -1.12820766e-08 -8.21063423e-09 -7.72603559e-09 -7.67199437e-09 -7.67778224e-09 -7.68982411e-09 -7.70141062e-09 -7.71177866e-09 -7.72094111e-09 -7.72904518e-09 -7.73617265e-09 -7.74226561e-09 -7.74710734e-09 -7.75039877e-09 -7.75186731e-09 -7.75137354e-09 -7.74896619e-09 -7.74486081e-09 -7.73935960e-09 -7.73273057e-09 -7.72511721e-09 -7.71650172e-09 -7.70675146e-09 -7.69575648e-09 -7.68372305e-09 -7.67295316e-09 -7.68266950e-09 -7.85677440e-09 -9.10945808e-09 -1.63050015e-08 -5.11125738e-08 -1.94501718e-07 -7.00749856e-07 -2.24190859e-06 -6.31307117e-06 -1.57075613e-05 -3.47773444e-05 -6.90771771e-05 -1.24154397e-04 -2.03721068e-04 -1.81207375e-04 1.58626588e-04 8.83199796e-04 2.11067261e-03 4.00680974e-03 6.78824292e-03 1.06909234e-02 1.60013389e-02 2.30502240e-02 3.21700208e-02 4.36902904e-02 5.77882924e-02 7.48287993e-02 9.47384439e-02 1.17421652e-01 1.42541767e-01 1.70038287e-01 1.98596945e-01 2.27179168e-01 2.54678482e-01 2.79637158e-01 3.00723305e-01 3.16741538e-01 3.26779710e-01 3.30220252e-01
3.30489203e-01 3.27024638e-01 3.16835258e-01 3.00527071e-01 2.79108262e-01 2.53966893e-01 2.26330748e-01 1.97512034e-01 1.68903297e-01 1.41423339e-01 1.15981855e-01 9.34428257e-02 7.36305051e-02 5.67448224e-02 4.27541254e-02 3.14110219e-02 2.24241522e-02 1.55106122e-02 1.03133994e-02 6.51727879e-03 3.81817075e-03 1.98754336e-03 8.10412276e-04 1.21037730e-04 -1.97154811e-04 -2.11910296e-04 -1.30021962e-04 -7.27977813e-05 -3.68565981e-05 -1.67257876e-05 -6.74709311e-06 -2.40176208e-06 -7.51224946e-07 -2.08053272e-07 -5.41799680e-08 -1.68864427e-08 -9.20280652e-09 -7.87141924e-09 -7.68675656e-09 -7.67556785e-09 -7.68584341e-09 -7.69751596e-09 -7.70821684e-09 -7.71771935e-09 -7.72610770e-09 -7.73349318e-09 -7.73989367e-09 -7.74517883e-09 -7.74910469e-09 -7.75139930e-09 -7.75187015e-09 -7.75047104e-09 -7.74732867e-09 -7.74268888e-09 -7.73682124e-09 -7.72992109e-09 -7.72204478e-09 -7.71311476e-09 -7.70301400e-09 -7.69175423e-09 -7.68011904e-09 -7.67506186e-09 -7.73287862e-09 -8.24685864e-09 -1.15192449e-08 -2.88021544e-08 -1.06076041e-07 -4.00758917e-07 -1.36513344e-06 -4.09053091e-06 -1.07859385e-05 -2.51839551e-05 -5.24834173e-05 -9.84659955e-05 -1.67805161e-04 -2.39918248e-04 -7.83153439e-05 4.13478064e-04 1.32908153e-03 2.80831735e-03 5.04508850e-03 8.26110025e-03 1.27162638e-02 1.87323767e-02 2.66397268e-02 3.67754205e-02 4.93848114e-02 6.48399693e-02 8.31744451e-02 1.04381204e-01 1.28354932e-01 1.54965804e-01 1.83133786e-01 2.11969429e-01 2.40387187e-01 2.66943145e-01 2.90361175e-01 3.09394207e-01 3.22741587e-01 3.29619909e-01 3.29619909e-01 3.22741587e-01 3.09394207e-01 2.90361175e-01 2.66943145e-01 2.40387187e-01 2.11969429e-01 1.83133786e-01 1.54965804e-01 1.28354932e-01 1.04381204e-01 8.31744451e-02 6.48399693e-02 4.93848114e-02 3.67754205e-02 2.66397268e-02 1.87323767e-02 1.27162638e-02 8.26110025e-03 5.04508850e-03 2.80831735e-03 1.32908153e-03 4.13478064e-04 -7.83153439e-05 -2.39918248e-04 -1.67805161e-04 -9.84659955e-05 -5.24834173e-05 -2.51839551e-05 -1.07859385e-05 -4.09053091e-06 -1.36513344e-06 -4.00758916e-07 -1.06076041e-07 -2.88021544e-08 -1.15192452e-08 -8.24685858e-09 -7.73287856e-09 -7.67506220e-09 -7.68011921e-09 -7.69175423e-09 -7.70301412e-09 -7.71311487e-09 -7.72204467e-09 -7.72992120e-09 -7.73682129e-09 -7.74268871e-09 -7.74732878e-09 -7.75047077e-09 -7.75186992e-09 -7.75139941e-09 -7.74910458e-09 -7.74517894e-09 -7.73989367e-09 -7.73349318e-09 -7.72610770e-09 -7.71771930e-09 -7.70821718e-09 -7.69751574e-09 -7.68584368e-09 -7.67556807e-09 -7.68675645e-09 -7.87141929e-09 -9.20280624e-09 -1.68864429e-08 -5.41799681e-08 -2.08053272e-07 -7.51224946e-07 -2.40176208e-06 -6.74709311e-06 -1.67257876e-05 -3.68565981e-05 -7.27977813e-05 -1.30021962e-04 -2.11910296e-04 -1.97154811e-04 1.21037730e-04 8.10412276e-04 1.98754336e-03 3.81817075e-03 6.51727879e-03 1.03133994e-02 1.55106122e-02 2.24241522e-02 3.14110219e-02 4.27541254e-02 5.67448224e-02 7.36305051e-02 9.34428257e-02 1.15981855e-01 1.41423339e-01 1.68903297e-01 1.97512034e-01 2.26330748e-01 2.53966893e-01 2.79108262e-01 3.00527071e-01 3.16835258e-01 3.27024638e-01 3.30489203e-01
3.30758314e-01 3.27229219e-01 3.16882495e-01 3.00353155e-01 2.78774427e-01 2.53229533e-01 2.25380064e-01 1.96446690e-01 1.67681517e-01 1.40212042e-01 1.14737017e-01 9.21037068e-02 7.24459302e-02 5.57132590e-02 4.18263238e-02 3.06607305e-02 2.18154715e-02 1.50283882e-02 9.94935467e-03 6.25172247e-03 3.63637427e-03 1.86838313e-03 7.40208270e-04 8.45235964e-05 -2.12651887e-04 -2.20132959e-04 -1.35995381e-04 -7.66297072e-05 -3.90190792e-05 -1.77933677e-05 -7.20509633e-06 -2.57125930e-06 -8.04911134e-07 -2.22485982e-07 -5.74448776e-08 -1.75035040e-08 -9.30112221e-09 -7.88647381e-09 -7.69075659e-09 -7.67807573e-09 -7.68787195e-09 -7.69919511e-09 -7.70960779e-09 -7.71886782e-09 -7.72703762e-09 -7.73420727e-09 -7.74039177e-09 -7.74547282e-09 -7.74923259e-09 -7.75142450e-09 -7.75187303e-09 -7.75053755e-09 -7.74753411e-09 -7.74308218e-09 -7.73742692e-09 -7.73074343e-09 -7.72308273e-09 -7.71438213e-09 -7.70454395e-09 -7.69359976e-09 -7.68235681e-09 -7.67801978e-09 -7.73974812e-09 -8.28468949e-09 -1.17702210e-08 -3.02541043e-08 -1.13093993e-07 -4.29186541e-07 -1.46244929e-06 -4.37448374e-06 -1.14978906e-05 -2.67295997e-05 -5.54094570e-05 -1.03326160e-04 -1.74922407e-04 -2.50059527e-04 -1.02765852e-04 3.61607761e-04 1.23635716e-03 2.65965469e-03 4.82553763e-03 7.94764982e-03 1.22972402e-02 1.81840468e-02 2.59596123e-02 3.59305417e-02 4.84136904e-02 6.37071857e-02 8.19146070e-02 1.02965674e-01 1.27179163e-01 1.53734986e-01 1.81952491e-01 2.10973207e-01 2.39505103e-01 2.66414429e-01 2.90141348e-01 3.09334690e-01 3.22876344e-01 3.29872679e-01 3.29872679e-01 3.22876344e-01 3.09334690e-01 2.90141348e-01 2.66414429e-01 2.39505103e-01 2.10973207e-01 1.81952491e-01 1.53734986e-01 1.27179163e-01 1.02965674e-01 8.19146070e-02 6.37071857e-02 4.84136904e-02 3.59305417e-02 2.59596123e-02 1.81840468e-02 1.22972402e-02 7.94764982e-03 4.82553763e-03 2.65965469e-03 1.23635716e-03 3.61607761e-04 -1.02765852e-04 -2.50059527e-04 -1.74922407e-04 -1.03326160e-04 -5.54094570e-05 -2.67295997e-05 -1.14978906e-05 -4.37448374e-06 -1.46244929e-06 -4.29186541e-07 -1.13093993e-07 -3.02541043e-08 -1.17702210e-08 -8.28468949e-09 -7.73974812e-09 -7.67801983e-09 -7.68235697e-09 -7.69359981e-09 -7.70454400e-09 -7.71438208e-09 -7.72308267e-09 -7.73074349e-09 -7.73742709e-09 -7.74308206e-09 -7.74753395e-09 -7.75053777e-09 -7.75187292e-09 -7.75142439e-09 -7.74923264e-09 -7.74547282e-09 -7.74039177e-09 -7.73420750e-09 -7.72703745e-09 -7.71886793e-09 -7.70960784e-09 -7.69919517e-09 -7.68787217e-09 -7.67807562e-09 -7.69075675e-09 -7.88647359e-09 -9.30112243e-09 -1.75035040e-08 -5.74448775e-08 -2.22485982e-07 -8.04911134e-07 -2.57125930e-06 -7.20509633e-06 -1.77933677e-05 -3.90190792e-05 -7.66297072e-05 -1.35995381e-04 -2.20132959e-04 -2.12651887e-04 8.45235964e-05 7.40208270e-04 1.86838313e-03 3.63637427e-03 6.25172247e-03 9.94935467e-03 1.50283882e-02 2.18154715e-02 3.06607305e-02 4.18263238e-02 5.57132590e-02 7.24459302e-02 9.21037068e-02 1.14737017e-01 1.40212042e-01 1.67681517e-01 1.96446690e-01 2.25380064e-01 2.53229533e-01 2.78774427e-01 3.00353155e-01 3.16882495e-01 3.27229219e-01 3.30758314e-01
3.31025117e-01 3.27467043e-01 3.17013659e-01 3.00308236e-01 2.78388851e-01 2.52627413e-01 2.24429893e-01 1.95304840e-01 1.66452162e-01 1.38924917e-01 1.13523316e-01 9.07365088e-02 7.12493010e-02 5.46534304e-02 4.09276476e-02 2.99046465e-02 2.12161316e-02 1.45537947e-02 9.59400364e-03 5.99391126e-03 3.46135824e-03 1.75403907e-03 6.72595905e-04 4.97633572e-05 -2.27983887e-04 -2.28370062e-04 -1.42065111e-04 -8.05700731e-05 -4.12651262e-05 -1.89114329e-05 -7.68794816e-06 -2.75084079e-06 -8.61976213e-07 -2.37849408e-07 -6.09187321e-08 -1.81582388e-08 -9.40469413e-09 -7.90198212e-09 -7.69467901e-09 -7.68047914e-09 -7.68981351e-09 -7.70079783e-09 -7.71093328e-09 -7.71995556e-09 -7.72791181e-09 -7.73487546e-09 -7.74085607e-09 -7.74574710e-09 -7.74935127e-09 -7.75144804e-09 -7.75187542e-09 -7.75060094e-09 -7.74772491e-09 -7.74344922e-09 -7.73799314e-09 -7.73151465e-09 -7.72406150e-09 -7.71558373e-09 -7.70600139e-09 -7.69536423e-09 -7.68450159e-09 -7.68087677e-09 -7.74665576e-09 -8.32422897e-09 -1.20357959e-08 -3.17973635e-08 -1.20564678e-07 -4.59432281e-07 -1.56574489e-06 -4.67464868e-06 -1.22461406e-05 -2.83419788e-05 -5.84340700e-05 -1.08295461e-04 -1.82105489e-04 -2.60164164e-04 -1.26306477e-04 3.12284792e-04 1.14751531e-03 2.51702618e-03 4.61191321e-03 7.64298304e-03 1.18862199e-02 1.76478847e-02 2.52917515e-02 3.50871165e-02 4.74563713e-02 6.25832907e-02 8.06251770e-02 1.01767126e-01 1.25921931e-01 1.52434521e-01 1.80790420e-01 2.09886323e-01 2.38754508e-01 2.65879328e-01 2.89920196e-01 3.09385890e-01 3.23072291e-01 3.30132197e-01 3.30132197e-01 3.23072291e-01 3.09385890e-01 2.89920196e-01 2.65879328e-01 2.38754508e-01 2.09886323e-01 1.80790420e-01 1.52434521e-01 1.25921931e-01 1.01767126e-01 8.06251770e-02 6.25832907e-02 4.74563713e-02 3.50871165e-02 2.52917515e-02 1.76478847e-02 1.18862199e-02 7.64298304e-03 4.61191321e-03 2.51702618e-03 1.14751531e-03 3.12284792e-04 -1.26306477e-04 -2.60164164e-04 -1.82105489e-04 -1.08295461e-04 -5.84340700e-05 -2.83419788e-05 -1.22461406e-05 -4.67464868e-06 -1.56574489e-06 -4.59432281e-07 -1.20564678e-07 -3.17973633e-08 -1.20357959e-08 -8.32422897e-09 -7.74665565e-09 -7.68087693e-09 -7.68450142e-09 -7.69536401e-09 -7.70600161e-09 -7.71558351e-09 -7.72406161e-09 -7.73151437e-09 -7.73799319e-09 -7.74344922e-09 -7.74772468e-09 -7.75060077e-09 -7.75187570e-09 -7.75144793e-09 -7.74935133e-09 -7.74574688e-09 -7.74085590e-09 -7.73487552e-09 -7.72791187e-09 -7.71995545e-09 -7.71093328e-09 -7.70079789e-09 -7.68981356e-09 -7.68047936e-09 -7.69467906e-09 -7.90198218e-09 -9.40469436e-09 -1.81582389e-08 -6.09187319e-08 -2.37849408e-07 -8.61976213e-07 -2.75084079e-06 -7.68794816e-06 -1.89114329e-05 -4.12651262e-05 -8.05700731e-05 -1.42065111e-04 -2.28370062e-04 -2.27983887e-04 4.97633572e-05 6.72595905e-04 1.75403907e-03 3.46135824e-03 5.99391126e-03 9.59400364e-03 1.45537947e-02 2.12161316e-02 2.99046465e-02 4.09276476e-02 5.46534304e-02 7.12493010e-02 9.07365088e-02 1.13523316e-01 1.38924917e-01 1.66452162e-01 1.95304840e-01 2.24429893e-01 2.52627413e-01 2.78388851e-01 3.00308236e-01 3.17013659e-01 3.27467043e-01 3.31025117e-01
3.31043906e-01 3.27464453e-01 3.16948108e-01 3.00141221e-01 2.78070743e-01 2.52023878e-01 2.23550663e-01 1.94154400e-01 1.65190297e-01 1.37600286e-01 1.12242501e-01 8.95701196e-02 7.00235781e-02 5.36071878e-02 4.00523194e-02 2.91480552e-02 2.06272153e-02 1.40933734e-02 9.24907385e-03 5.74425129e-03 3.29191092e-03 1.64374267e-03 6.07698731e-04 1.60527598e-05 -2.42862423e-04 -2.36602117e-04 -1.48220948e-04 -8.46155231e-05 -4.35948492e-05 -2.00810477e-05 -8.19651355e-06 -2.94095672e-06 -9.22594005e-07 -2.54195311e-07 -6.46135260e-08 -1.88528008e-08 -9.51382417e-09 -7.91797899e-09 -7.69853459e-09 -7.68278968e-09 -7.69167313e-09 -7.70233255e-09 -7.71219377e-09 -7.72098752e-09 -7.72873565e-09 -7.73550141e-09 -7.74128950e-09 -7.74600228e-09 -7.74946196e-09 -7.75146841e-09 -7.75187803e-09 -7.75065856e-09 -7.74790215e-09 -7.74379000e-09 -7.73852149e-09 -7.73223868e-09 -7.72498721e-09 -7.71672642e-09 -7.70739306e-09 -7.69705277e-09 -7.68655672e-09 -7.68363695e-09 -7.75362169e-09 -8.36558123e-09 -1.23168001e-08 -3.34371828e-08 -1.28513806e-07 -4.91594027e-07 -1.67530957e-06 -4.99167647e-06 -1.30317237e-05 -3.00219056e-05 -6.15560288e-05 -1.13367540e-04 -1.89339707e-04 -2.70216249e-04 -1.49098323e-04 2.64649988e-04 1.06155722e-03 2.37962157e-03 4.40305005e-03 7.34786622e-03 1.14821988e-02 1.71298473e-02 2.46232355e-02 3.42710451e-02 4.64827389e-02 6.14523685e-02 7.93264242e-02 1.00554835e-01 1.24610473e-01 1.51179642e-01 1.79537734e-01 2.08914021e-01 2.37980048e-01 2.65455463e-01 2.89688628e-01 3.09276029e-01 3.23042686e-01 3.30145329e-01 3.30145329e-01 3.23042686e-01 3.09276029e-01 2.89688628e-01 2.65455463e-01 2.37980048e-01 2.08914021e-01 1.79537734e-01 1.51179642e-01 1.24610473e-01 1.00554835e-01 7.93264242e-02 6.14523685e-02 4.64827389e-02 3.42710451e-02 2.46232355e-02 1.71298473e-02 1.14821988e-02 7.34786622e-03 4.40305005e-03 2.37962157e-03 1.06155722e-03 2.64649988e-04 -1.49098323e-04 -2.70216249e-04 -1.89339707e-04 -1.13367540e-04 -6.15560288e-05 -3.00219056e-05 -1.30317237e-05 -4.99167647e-06 -1.67530957e-06 -4.91594027e-07 -1.28513806e-07 -3.34371827e-08 -1.23168001e-08 -8.36558134e-09 -7.75362147e-09 -7.68363684e-09 -7.68655684e-09 -7.69705277e-09 -7.70739284e-09 -7.71672609e-09 -7.72498721e-09 -7.73223868e-09 -7.73852149e-09 -7.74378961e-09 -7.74790193e-09 -7.75065856e-09 -7.75187814e-09 -7.75146841e-09 -7.74946185e-09 -7.74600228e-09 -7.74128961e-09 -7.73550141e-09 -7.72873565e-09 -7.72098763e-09 -7.71219355e-09 -7.70233283e-09 -7.69167302e-09 -7.68278963e-09 -7.69853459e-09 -7.91797905e-09 -9.51382417e-09 -1.88528010e-08 -6.46135261e-08 -2.54195311e-07 -9.22594005e-07 -2.94095672e-06 -8.19651355e-06 -2.00810477e-05 -4.35948492e-05 -8.46155231e-05 -1.48220948e-04 -2.36602117e-04 -2.42862423e-04 1.60527598e-05 6.07698731e-04 1.64374267e-03 3.29191092e-03 5.74425129e-03 9.24907385e-03 1.40933734e-02 2.06272153e-02 2.91480552e-02 4.00523194e-02 5.36071878e-02 7.00235781e-02 8.95701196e-02 1.12242501e-01 1.37600286e-01 1.65190297e-01 1.94154400e-01 2.23550663e-01 2.52023878e-01 2.78070743e-01 3.00141221e-01 3.16948108e-01 3.27464453e-01 3.31043906e-01
3.30835687e-01 3.27223461e-01 3.16636856e-01 2.99744697e-01 2.77566277e-01 2.51409948e-01 2.22708985e-01 1.93085189e-01 1.63873846e-01 1.36290581e-01 1.10922430e-01 8.83694331e-02 6.87995523e-02 5.25596209e-02 3.91677334e-02 2.84140834e-02 2.00447206e-02 1.36493038e-02 8.91184442e-03 5.50354960e-03 3.12766377e-03 1.53864659e-03 5.45189589e-04 -1.63337761e-05 -2.57420493e-04 -2.44809237e-04 -1.54452060e-04 -8.87622235e-05 -4.60081192e-05 -2.13032019e-05 -8.73165218e-06 -3.14206623e-06 -9.86944368e-07 -2.71577717e-07 -6.85418352e-08 -1.95894514e-08 -9.62882929e-09 -7.93450372e-09 -7.70233044e-09 -7.68500974e-09 -7.69345676e-09 -7.70380004e-09 -7.71339836e-09 -7.72196651e-09 -7.72951347e-09 -7.73608955e-09 -7.74169567e-09 -7.74624087e-09 -7.74956527e-09 -7.75148856e-09 -7.75188030e-09 -7.75071129e-09 -7.74806796e-09 -7.74410880e-09 -7.73901693e-09 -7.73292141e-09 -7.72586378e-09 -7.71781394e-09 -7.70872288e-09 -7.69867087e-09 -7.68852626e-09 -7.68630870e-09 -7.76066078e-09 -8.40885761e-09 -1.26141045e-08 -3.51790718e-08 -1.36968286e-07 -5.25773567e-07 -1.79144090e-06 -5.32622377e-06 -1.38556451e-05 -3.17700497e-05 -6.47737504e-05 -1.18535456e-04 -1.96609780e-04 -2.80170130e-04 -1.71117134e-04 2.18721334e-04 9.79115717e-04 2.24735759e-03 4.20243487e-03 7.06107209e-03 1.10902912e-02 1.66189899e-02 2.39583198e-02 3.34818838e-02 4.55155091e-02 6.03033424e-02 7.82012726e-02 9.92851248e-02 1.23280283e-01 1.49846219e-01 1.78371104e-01 2.07913536e-01 2.37282775e-01 2.64899891e-01 2.89238462e-01 3.08922366e-01 3.22769121e-01 3.29929148e-01 3.29929148e-01 3.22769121e-01 3.08922366e-01 2.89238462e-01 2.64899891e-01 2.37282775e-01 2.07913536e-01 1.78371104e-01 1.49846219e-01 1.23280283e-01 9.92851248e-02 7.82012726e-02 6.03033424e-02 4.55155091e-02 3.34818838e-02 2.39583198e-02 1.66189899e-02 1.10902912e-02 7.06107209e-03 4.20243487e-03 2.24735759e-03 9.79115717e-04 2.18721334e-04 -1.71117134e-04 -2.80170130e-04 -1.96609780e-04 -1.18535456e-04 -6.47737504e-05 -3.17700497e-05 -1.38556451e-05 -5.32622377e-06 -1.79144090e-06 -5.25773567e-07 -1.36968286e-07 -3.51790718e-08 -1.26141045e-08 -8.40885739e-09 -7.76066084e-09 -7.68630876e-09 -7.68852615e-09 -7.69867081e-09 -7.70872283e-09 -7.71781400e-09 -7.72586384e-09 -7.73292147e-09 -7.73901693e-09 -7.74410885e-09 -7.74806808e-09 -7.75071124e-09 -7.75188014e-09 -7.75148878e-09 -7.74956532e-09 -7.74624070e-09 -7.74169573e-09 -7.73608966e-09 -7.72951347e-09 -7.72196629e-09 -7.71339836e-09 -7.70380004e-09 -7.69345665e-09 -7.68500991e-09 -7.70233044e-09 -7.93450339e-09 -9.62882929e-09 -1.95894517e-08 -6.85418352e-08 -2.71577717e-07 -9.86944368e-07 -3.14206623e-06 -8.73165218e-06 -2.13032019e-05 -4.60081192e-05 -8.87622235e-05 -1.54452060e-04 -2.44809237e-04 -2.57420493e-04 -1.63337761e-05 5.45189589e-04 1.53864659e-03 3.12766377e-03 5.50354960e-03 8.91184442e-03 1.36493038e-02 2.00447206e-02 2.84140834e-02 3.91677334e-02 5.25596209e-02 6.87995523e-02 8.83694331e-02 1.10922430e-01 1.36290581e-01 1.63873846e-01 1.93085189e-01 2.22708985e-01 2.51409948e-01 2.77566277e-01 2.99744697e-01 3.16636856e-01 3.27223461e-01 3.30835687e-01
3.30693276e-01 3.27030639e-01 3.16274346e-01 2.99177166e-01 2.76853872e-01 2.50611908e-01 2.21835519e-01 1.92029388e-01 1.62676935e-01 1.34922553e-01 1.09609524e-01 8.71266836e-02 6.77137453e-02 5.14995557e-02 3.82843442e-02 2.77083114e-02 1.94655594e-02 1.32127436e-02 8.58260687e-03 5.26915917e-03 2.96787427e-03 1.43748634e-03 4.85749257e-04 -4.74053319e-05 -2.71540561e-04 -2.52971236e-04 -1.60747023e-04 -9.30058621e-05 -4.85045570e-05 -2.25788032e-05 -9.29421547e-06 -3.35463686e-06 -1.05521322e-06 -2.90052967e-07 -7.27168297e-08 -2.03705652e-08 -9.75003639e-09 -7.95159538e-09 -7.70607622e-09 -7.68714370e-09 -7.69516623e-09 -7.70520703e-09 -7.71454817e-09 -7.72289577e-09 -7.73024922e-09 -7.73664344e-09 -7.74207509e-09 -7.74646242e-09 -7.74966102e-09 -7.75150666e-09 -7.75188241e-09 -7.75076225e-09 -7.74822106e-09 -7.74440706e-09 -7.73948244e-09 -7.73356407e-09 -7.72669501e-09 -7.71884884e-09 -7.70999686e-09 -7.70022202e-09 -7.69041764e-09 -7.68889535e-09 -7.76779080e-09 -8.45417025e-09 -1.29286203e-08 -3.70288122e-08 -1.45956257e-07 -5.62076647e-07 -1.91444441e-06 -5.67895160e-06 -1.47188750e-05 -3.35869269e-05 -6.80852878e-05 -1.23791702e-04 -2.03899915e-04 -2.89985750e-04 -1.92220236e-04 1.74618526e-04 9.00394516e-04 2.12005322e-03 4.00844345e-03 6.78293328e-03 1.07131386e-02 1.61198828e-02 2.33061520e-02 3.26884610e-02 4.45514924e-02 5.91556195e-02 7.70408323e-02 9.79780447e-02 1.21946064e-01 1.48536827e-01 1.77189130e-01 2.06973071e-01 2.36448308e-01 2.64140036e-01 2.88593877e-01 3.08434627e-01 3.22506778e-01 3.29774033e-01 3.29774033e-01 3.22506778e-01 3.08434627e-01 2.88593877e-01 2.64140036e-01 2.36448308e-01 2.06973071e-01 1.77189130e-01 1.48536827e-01 1.21946064e-01 9.79780447e-02 7.70408323e-02 5.91556195e-02 4.45514924e-02 3.26884610e-02 2.33061520e-02 1.61198828e-02 1.07131386e-02 6.78293328e-03 4.00844345e-03 2.12005322e-03 9.00394516e-04 1.74618526e-04 -1.92220236e-04 -2.89985750e-04 -2.03899915e-04 -1.23791702e-04 -6.80852878e-05 -3.35869269e-05 -1.47188750e-05 -5.67895160e-06 -1.91444441e-06 -5.62076647e-07 -1.45956257e-07 -3.70288123e-08 -1.29286201e-08 -8.45417020e-09 -7.76779063e-09 -7.68889558e-09 -7.69041775e-09 -7.70022185e-09 -7.70999670e-09 -7.71884884e-09 -7.72669506e-09 -7.73356412e-09 -7.73948250e-09 -7.74440695e-09 -7.74822106e-09 -7.75076220e-09 -7.75188252e-09 -7.75150666e-09 -7.74966102e-09 -7.74646219e-09 -7.74207509e-09 -7.73664360e-09 -7.73024922e-09 -7.72289577e-09 -7.71454833e-09 -7.70520719e-09 -7.69516639e-09 -7.68714359e-09 -7.70607622e-09 -7.95159538e-09 -9.75003639e-09 -2.03705650e-08 -7.27168298e-08 -2.90052967e-07 -1.05521322e-06 -3.35463686e-06 -9.29421547e-06 -2.25788032e-05 -4.85045570e-05 -9.30058621e-05 -1.60747023e-04 -2.52971236e-04 -2.71540561e-04 -4.74053319e-05 4.85749257e-04 1.43748634e-03 2.96787427e-03 5.26915917e-03 8.58260687e-03 1.32127436e-02 1.94655594e-02 2.77083114e-02 3.82843442e-02 5.14995557e-02 6.77137453e-02 8.71266836e-02 1.09609524e-01 1.34922553e-01 1.62676935e-01 1.92029388e-01 2.21835519e-01 2.50611908e-01 2.76853872e-01 2.99177166e-01 3.16274346e-01 3.27030639e-01 3.30693276e-01
3.30579301e-01 3.26848282e-01 3.15995273e-01 2.98725840e-01 2.76098885e-01 2.49634263e-01 2.20799965e-01 1.90958423e-01 1.61447669e-01 1.33615925e-01 1.08272941e-01 8.58572738e-02 6.66032007e-02 5.04321492e-02 3.74141047e-02 2.70048551e-02 1.88953173e-02 1.27868032e-02 8.26626723e-03 5.04289798e-03 2.81530053e-03 1.34022561e-03 4.28947811e-04 -7.72941863e-05 -2.85085382e-04 -2.61067742e-04 -1.67093864e-04 -9.73416495e-05 -5.10835234e-05 -2.39086696e-05 -9.88504342e-06 -3.57914377e-06 -1.12759251e-06 -3.09679773e-07 -7.71523194e-08 -2.11986304e-08 -9.87779381e-09 -7.96929422e-09 -7.70977931e-09 -7.68919894e-09 -7.69680908e-09 -7.70655517e-09 -7.71564829e-09 -7.72378234e-09 -7.73094633e-09 -7.73716502e-09 -7.74243103e-09 -7.74667053e-09 -7.74974962e-09 -7.75152359e-09 -7.75188413e-09 -7.75080844e-09 -7.74836517e-09 -7.74468761e-09 -7.73992059e-09 -7.73417291e-09 -7.72748376e-09 -7.71983827e-09 -7.71121550e-09 -7.70171082e-09 -7.69223418e-09 -7.69140507e-09 -7.77502240e-09 -8.50163995e-09 -1.32613051e-08 -3.89924608e-08 -1.55507137e-07 -6.00613019e-07 -2.04463344e-06 -6.05052369e-06 -1.56223430e-05 -3.54728896e-05 -7.14883231e-05 -1.29128224e-04 -2.11193875e-04 -2.99556574e-04 -2.12596181e-04 1.32836975e-04 8.24654944e-04 1.99713613e-03 3.82150651e-03 6.51269617e-03 1.03465078e-02 1.56228164e-02 2.26784188e-02 3.18962582e-02 4.35803338e-02 5.81340777e-02 7.58473823e-02 9.66952425e-02 1.20573914e-01 1.47258753e-01 1.76077996e-01 2.05912478e-01 2.35432375e-01 2.63239138e-01 2.87999821e-01 3.08105998e-01 3.22269633e-01 3.29642366e-01 3.29642366e-01 3.22269633e-01 3.08105998e-01 2.87999821e-01 2.63239138e-01 2.35432375e-01 2.05912478e-01 1.76077996e-01 1.47258753e-01 1.20573914e-01 9.66952425e-02 7.58473823e-02 5.81340777e-02 4.35803338e-02 3.18962582e-02 2.26784188e-02 1.56228164e-02 1.03465078e-02 6.51269617e-03 3.82150651e-03 1.99713613e-03 8.24654944e-04 1.32836975e-04 -2.12596181e-04 -2.99556574e-04 -2.11193875e-04 -1.29128224e-04 -7.14883231e-05 -3.54728896e-05 -1.56223430e-05 -6.05052369e-06 -2.04463344e-06 -6.00613019e-07 -1.55507137e-07 -3.89924609e-08 -1.32613053e-08 -8.50163984e-09 -7.77502240e-09 -7.69140507e-09 -7.69223402e-09 -7.70171049e-09 -7.71121522e-09 -7.71983827e-09 -7.72748376e-09 -7.73417280e-09 -7.73992059e-09 -7.74468750e-09 -7.74836523e-09 -7.75080838e-09 -7.75188419e-09 -7.75152342e-09 -7.74974951e-09 -7.74667036e-09 -7.74243103e-09 -7.73716474e-09 -7.73094661e-09 -7.72378239e-09 -7.71564818e-09 -7.70655517e-09 -7.69680919e-09 -7.68919906e-09 -7.70977915e-09 -7.96929422e-09 -9.87779381e-09 -2.11986303e-08 -7.71523193e-08 -3.09679773e-07 -1.12759251e-06 -3.57914377e-06 -9.88504342e-06 -2.39086696e-05 -5.10835234e-05 -9.73416495e-05 -1.67093864e-04 -2.61067742e-04 -2.85085382e-04 -7.72941863e-05 4.28947811e-04 1.34022561e-03 2.81530053e-03 5.04289798e-03 8.26626723e-03 1.27868032e-02 1.88953173e-02 2.70048551e-02 3.74141047e-02 5.04321492e-02 6.66032007e-02 8.58572738e-02 1.08272941e-01 1.33615925e-01 1.61447669e-01 1.90958423e-01 2.20799965e-01 2.49634263e-01 2.76098885e-01 2.98725840e-01 3.15995273e-01 3.26848282e-01 3.30579301e-01
3.30709706e-01 3.26951558e-01 3.15926326e-01 2.98344534e-01 2.75410574e-01 2.48691187e-01 2.19617226e-01 1.89748314e-01 1.60251862e-01 1.32302872e-01 1.06916315e-01 8.46205960e-02 6.54728364e-02 4.94755777e-02 3.65410881e-02 2.62999717e-02 1.83462265e-02 1.23661007e-02 7.96106689e-03 4.82427095e-03 2.66899262e-03 1.24747878e-03 3.74501062e-04 -1.05568923e-04 -2.98287472e-04 -2.69078297e-04 -1.73480102e-04 -1.01764324e-04 -5.37441101e-05 -2.52935214e-05 -1.05049613e-05 -3.81606900e-06 -1.20428020e-06 -3.30519274e-07 -8.18627453e-08 -2.20762557e-08 -1.00124570e-08 -7.98764443e-09 -7.71344916e-09 -7.69117681e-09 -7.69838471e-09 -7.70784891e-09 -7.71669906e-09 -7.72462705e-09 -7.73160647e-09 -7.73765746e-09 -7.74276626e-09 -7.74686587e-09 -7.74983339e-09 -7.75153985e-09 -7.75188608e-09 -7.75085229e-09 -7.74849912e-09 -7.74494802e-09 -7.74033215e-09 -7.73474734e-09 -7.72823316e-09 -7.72078196e-09 -7.71238251e-09 -7.70314129e-09 -7.69397940e-09 -7.69384689e-09 -7.78237597e-09 -8.55138677e-09 -1.36131578e-08 -4.10763730e-08 -1.65651648e-07 -6.41496493e-07 -2.18232884e-06 -6.44160472e-06 -1.65669331e-05 -3.74281176e-05 -7.49801628e-05 -1.34536438e-04 -2.18475056e-04 -3.08849520e-04 -2.32119762e-04 9.30017984e-05 7.52468014e-04 1.87880108e-03 3.64079819e-03 6.25092022e-03 9.98596832e-03 1.51327074e-02 2.20636175e-02 3.11162742e-02 4.26032344e-02 5.70965231e-02 7.46315194e-02 9.53831312e-02 1.19279702e-01 1.46020104e-01 1.74881626e-01 2.04700316e-01 2.34317323e-01 2.62453969e-01 2.87429900e-01 3.07893980e-01 3.22313579e-01 3.29765638e-01 3.29765638e-01 3.22313579e-01 3.07893980e-01 2.87429900e-01 2.62453969e-01 2.34317323e-01 2.04700316e-01 1.74881626e-01 1.46020104e-01 1.19279702e-01 9.53831312e-02 7.46315194e-02 5.70965231e-02 4.26032344e-02 3.11162742e-02 2.20636175e-02 1.51327074e-02 9.98596832e-03 6.25092022e-03 3.64079819e-03 1.87880108e-03 7.52468014e-04 9.30017984e-05 -2.32119762e-04 -3.08849520e-04 -2.18475056e-04 -1.34536438e-04 -7.49801628e-05 -3.74281176e-05 -1.65669331e-05 -6.44160472e-06 -2.18232884e-06 -6.41496493e-07 -1.65651648e-07 -4.10763731e-08 -1.36131580e-08 -8.55138710e-09 -7.78237585e-09 -7.69384684e-09 -7.69397934e-09 -7.70314101e-09 -7.71238251e-09 -7.72078190e-09 -7.72823350e-09 -7.73474712e-09 -7.74033232e-09 -7.74494813e-09 -7.74849912e-09 -7.75085218e-09 -7.75188597e-09 -7.75153985e-09 -7.74983333e-09 -7.74686593e-09 -7.74276643e-09 -7.73765746e-09 -7.73160641e-09 -7.72462688e-09 -7.71669939e-09 -7.70784903e-09 -7.69838460e-09 -7.69117697e-09 -7.71344905e-09 -7.98764443e-09 -1.00124570e-08 -2.20762557e-08 -8.18627452e-08 -3.30519274e-07 -1.20428020e-06 -3.81606900e-06 -1.05049613e-05 -2.52935214e-05 -5.37441101e-05 -1.01764324e-04 -1.73480102e-04 -2.69078297e-04 -2.98287472e-04 -1.05568923e-04 3.74501062e-04 1.24747878e-03 2.66899262e-03 4.82427095e-03 7.96106689e-03 1.23661007e-02 1.83462265e-02 2.62999717e-02 3.65410881e-02 4.94755777e-02 6.54728364e-02 8.46205960e-02 1.06916315e-01 1.32302872e-01 1.60251862e-01 1.89748314e-01 2.19617226e-01 2.48691187e-01 2.75410574e-01 2.98344534e-01 3.15926326e-01 3.26951558e-01 3.30709706e-01
3.30718817e-01 3.26926712e-01 3.15805642e-01 2.98077820e-01 2.74912658e-01 2.47763836e-01 2.18480703e-01 1.88406162e-01 1.58955381e-01 1.31048356e-01 1.05641855e-01 8.33514090e-02 6.43265331e-02 4.85118028e-02 3.56651797e-02 2.56085345e-02 1.78148932e-02 1.19514824e-02 7.66226378e-03 4.61198655e-03 2.52732531e-03 1.15841067e-03 3.22543856e-04 -1.32671563e-04 -3.10917766e-04 -2.76982476e-04 -1.79892803e-04 -1.06268161e-04 -5.64851324e-05 -2.67339744e-05 -1.11547762e-05 -4.06590055e-06 -1.28548019e-06 -3.52635081e-07 -8.68632259e-08 -2.30061781e-08 -1.01544047e-08 -8.00668576e-09 -7.71709141e-09 -7.69308539e-09 -7.69990111e-09 -7.70909192e-09 -7.71770703e-09 -7.72543218e-09 -7.73223463e-09 -7.73812214e-09 -7.74308195e-09 -7.74704789e-09 -7.74991182e-09 -7.75155407e-09 -7.75188769e-09 -7.75089226e-09 -7.74862557e-09 -7.74519526e-09 -7.74072029e-09 -7.73529207e-09 -7.72894937e-09 -7.72168657e-09 -7.71350461e-09 -7.70451508e-09 -7.69565855e-09 -7.69621783e-09 -7.78986647e-09 -8.60354121e-09 -1.39852300e-08 -4.32872053e-08 -1.76421864e-07 -6.84844966e-07 -2.32785865e-06 -6.85285846e-06 -1.75534781e-05 -3.94526092e-05 -7.85577346e-05 -1.40007258e-04 -2.25726568e-04 -3.17893818e-04 -2.50845337e-04 5.45328420e-05 6.83285821e-04 1.76600241e-03 3.46602644e-03 5.99922819e-03 9.63467489e-03 1.46561322e-02 2.14481852e-02 3.03388770e-02 4.17163978e-02 5.60394142e-02 7.34451643e-02 9.40747557e-02 1.17967205e-01 1.44754595e-01 1.73553638e-01 2.03414178e-01 2.33314772e-01 2.61744917e-01 2.87077179e-01 3.07705613e-01 3.22246674e-01 3.29766896e-01 3.29766896e-01 3.22246674e-01 3.07705613e-01 2.87077179e-01 2.61744917e-01 2.33314772e-01 2.03414178e-01 1.73553638e-01 1.44754595e-01 1.17967205e-01 9.40747557e-02 7.34451643e-02 5.60394142e-02 4.17163978e-02 3.03388770e-02 2.14481852e-02 1.46561322e-02 9.63467489e-03 5.99922819e-03 3.46602644e-03 1.76600241e-03 6.83285821e-04 5.45328420e-05 -2.50845337e-04 -3.17893818e-04 -2.25726568e-04 -1.40007258e-04 -7.85577346e-05 -3.94526092e-05 -1.75534781e-05 -6.85285846e-06 -2.32785865e-06 -6.84844966e-07 -1.76421864e-07 -4.32872053e-08 -1.39852298e-08 -8.60354099e-09 -7.78986647e-09 -7.69621766e-09 -7.69565855e-09 -7.70451469e-09 -7.71350461e-09 -7.72168646e-09 -7.72894915e-09 -7.73529230e-09 -7.74072051e-09 -7.74519526e-09 -7.74862535e-09 -7.75089221e-09 -7.75188758e-09 -7.75155407e-09 -7.74991171e-09 -7.74704789e-09 -7.74308195e-09 -7.73812203e-09 -7.73223446e-09 -7.72543240e-09 -7.71770725e-09 -7.70909192e-09 -7.69990111e-09 -7.69308528e-09 -7.71709130e-09 -8.00668587e-09 -1.01544046e-08 -2.30061780e-08 -8.68632258e-08 -3.52635081e-07 -1.28548019e-06 -4.06590054e-06 -1.11547762e-05 -2.67339744e-05 -5.64851324e-05 -1.06268161e-04 -1.79892803e-04 -2.76982476e-04 -3.10917766e-04 -1.32671563e-04 3.22543856e-04 1.15841067e-03 2.52732531e-03 4.61198655e-03 7.66226378e-03 1.19514824e-02 1.78148932e-02 2.56085345e-02 3.56651797e-02 4.85118028e-02 6.43265331e-02 8.33514090e-02 1.05641855e-01 1.31048356e-01 1.58955381e-01 1.88406162e-01 2.18480703e-01 2.47763836e-01 2.74912658e-01 2.98077820e-01 3.15805642e-01 3.26926712e-01 3.30718817e-01
3.30533300e-01 3.26683523e-01 3.15478182e-01 2.97663221e-01 2.74367945e-01 2.47041542e-01 2.17362023e-01 1.87100218e-01 1.57544797e-01 1.29741512e-01 1.04352985e-01 8.20981300e-02 6.32092331e-02 4.75343182e-02 3.48466298e-02 2.49238982e-02 1.72859685e-02 1.15453035e-02 7.37140518e-03 4.40829040e-03 2.39102587e-03 1.07348944e-03 2.72807669e-04 -1.58333173e-04 -3.23029926e-04 -2.84759991e-04 -1.86318629e-04 -1.10846978e-04 -5.93051214e-05 -2.82305315e-05 -1.18352735e-05 -4.32913148e-06 -1.37140227e-06 -3.76093325e-07 -9.21695685e-08 -2.39912669e-08 -1.03040295e-08 -8.02646316e-09 -7.72071351e-09 -7.69492597e-09 -7.70135822e-09 -7.71028630e-09 -7.71867364e-09 -7.72620290e-09 -7.73283237e-09 -7.73856301e-09 -7.74337927e-09 -7.74721981e-09 -7.74998604e-09 -7.75156800e-09 -7.75188913e-09 -7.75093112e-09 -7.74874376e-09 -7.74542652e-09 -7.74108799e-09 -7.73580999e-09 -7.72962960e-09 -7.72254988e-09 -7.71457964e-09 -7.70583453e-09 -7.69727382e-09 -7.69853004e-09 -7.79750814e-09 -8.65823024e-09 -1.43786186e-08 -4.56319272e-08 -1.87851243e-07 -7.30780460e-07 -2.48155780e-06 -7.28494576e-06 -1.85827541e-05 -4.15461730e-05 -8.22175863e-05 -1.45531125e-04 -2.32931318e-04 -3.26661972e-04 -2.68595820e-04 1.83523297e-05 6.17433011e-04 1.65846747e-03 3.29805738e-03 5.75672793e-03 9.28951070e-03 1.41990646e-02 2.08425412e-02 2.95603713e-02 4.08386691e-02 5.49694070e-02 7.22374407e-02 9.28129726e-02 1.16695995e-01 1.43388442e-01 1.72143182e-01 2.02223181e-01 2.32405043e-01 2.61106936e-01 2.86617169e-01 3.07332721e-01 3.21961660e-01 3.29566725e-01 3.29566725e-01 3.21961660e-01 3.07332721e-01 2.86617169e-01 2.61106936e-01 2.32405043e-01 2.02223181e-01 1.72143182e-01 1.43388442e-01 1.16695995e-01 9.28129726e-02 7.22374407e-02 5.49694070e-02 4.08386691e-02 2.95603713e-02 2.08425412e-02 1.41990646e-02 9.28951070e-03 5.75672793e-03 3.29805738e-03 1.65846747e-03 6.17433011e-04 1.83523297e-05 -2.68595820e-04 -3.26661972e-04 -2.32931318e-04 -1.45531125e-04 -8.22175863e-05 -4.15461730e-05 -1.85827541e-05 -7.28494576e-06 -2.48155780e-06 -7.30780460e-07 -1.87851243e-07 -4.56319271e-08 -1.43786187e-08 -8.65823002e-09 -7.79750831e-09 -7.69853004e-09 -7.69727382e-09 -7.70583486e-09 -7.71457959e-09 -7.72254988e-09 -7.72962960e-09 -7.73580999e-09 -7.74108827e-09 -7.74542674e-09 -7.74874370e-09 -7.75093112e-09 -7.75188896e-09 -7.75156783e-09 -7.74998599e-09 -7.74721975e-09 -7.74337910e-09 -7.73856301e-09 -7.73283243e-09 -7.72620279e-09 -7.71867359e-09 -7.71028630e-09 -7.70135777e-09 -7.69492625e-09 -7.72071362e-09 -8.02646311e-09 -1.03040292e-08 -2.39912666e-08 -9.21695685e-08 -3.76093325e-07 -1.37140227e-06 -4.32913148e-06 -1.18352735e-05 -2.82305315e-05 -5.93051214e-05 -1.10846978e-04 -1.86318629e-04 -2.84759991e-04 -3.23029926e-04 -1.58333173e-04 2.72807669e-04 1.07348944e-03 2.39102587e-03 4.40829040e-03 7.37140518e-03 1.15453035e-02 1.72859685e-02 2.49238982e-02 3.48466298e-02 4.75343182e-02 6.32092331e-02 8.20981300e-02 1.04352985e-01 1.29741512e-01 1.57544797e-01 1.87100218e-01 2.17362023e-01 2.47041542e-01 2.74367945e-01 2.97663221e-01 3.15478182e-01 3.26683523e-01 3.30533300e-01
3.30484806e-01 3.26610574e-01 3.15247249e-01 2.97164289e-01 2.73644739e-01 2.46227465e-01 2.16391711e-01 1.85806078e-01 1.56123589e-01 1.28343254e-01 1.03092179e-01 8.08809374e-02 6.20742866e-02 4.65537319e-02 3.40538573e-02 2.42393434e-02 1.67630178e-02 1.11566692e-02 7.08812341e-03 4.21312769e-03 2.26022388e-03 9.92773505e-04 2.25583103e-04 -1.82775619e-04 -3.34674859e-04 -2.92390808e-04 -1.92743901e-04 -1.15494156e-04 -6.22023192e-05 -2.97835764e-05 -1.25472133e-05 -4.60625888e-06 -1.46226202e-06 -4.00962713e-07 -9.77982939e-08 -2.50345211e-08 -1.04617407e-08 -8.04702283e-09 -7.72432651e-09 -7.69670261e-09 -7.70275915e-09 -7.71143499e-09 -7.71960246e-09 -7.72694125e-09 -7.73340153e-09 -7.73898057e-09 -7.74365938e-09 -7.74738063e-09 -7.75005399e-09 -7.75158160e-09 -7.75189068e-09 -7.75096670e-09 -7.74885495e-09 -7.74564501e-09 -7.74143477e-09 -7.73630149e-09 -7.73028092e-09 -7.72338049e-09 -7.71561504e-09 -7.70710490e-09 -7.69882830e-09 -7.70078246e-09 -7.80531983e-09 -8.71559847e-09 -1.47944755e-08 -4.81178385e-08 -1.99974666e-07 -7.79429134e-07 -2.64376763e-06 -7.73852251e-06 -1.96554749e-05 -4.37084199e-05 -8.59558869e-05 -1.51098038e-04 -2.40072093e-04 -3.35192341e-04 -2.85537005e-04 -1.58951142e-05 5.55313241e-04 1.55452869e-03 3.13594242e-03 5.51938453e-03 8.95155623e-03 1.37510123e-02 2.02487746e-02 2.88121895e-02 3.99517482e-02 5.39268459e-02 7.10473644e-02 9.15603604e-02 1.15367769e-01 1.41934622e-01 1.70807028e-01 2.01110384e-01 2.31509770e-01 2.60337617e-01 2.85968883e-01 3.06978063e-01 3.21828658e-01 3.29512108e-01 3.29512108e-01 3.21828658e-01 3.06978063e-01 2.85968883e-01 2.60337617e-01 2.31509770e-01 2.01110384e-01 1.70807028e-01 1.41934622e-01 1.15367769e-01 9.15603604e-02 7.10473644e-02 5.39268459e-02 3.99517482e-02 2.88121895e-02 2.02487746e-02 1.37510123e-02 8.95155623e-03 5.51938453e-03 3.13594242e-03 1.55452869e-03 5.55313241e-04 -1.58951142e-05 -2.85537005e-04 -3.35192341e-04 -2.40072093e-04 -1.51098038e-04 -8.59558869e-05 -4.37084199e-05 -1.96554749e-05 -7.73852251e-06 -2.64376763e-06 -7.79429134e-07 -1.99974666e-07 -4.81178384e-08 -1.47944756e-08 -8.71559830e-09 -7.80531972e-09 -7.70078229e-09 -7.69882819e-09 -7.70710501e-09 -7.71561487e-09 -7.72338044e-09 -7.73028092e-09 -7.73630138e-09 -7.74143477e-09 -7.74564479e-09 -7.74885489e-09 -7.75096648e-09 -7.75189074e-09 -7.75158160e-09 -7.75005393e-09 -7.74738063e-09 -7.74365927e-09 -7.73898068e-09 -7.73340170e-09 -7.72694103e-09 -7.71960251e-09 -7.71143494e-09 -7.70275921e-09 -7.69670272e-09 -7.72432646e-09 -8.04702294e-09 -1.04617408e-08 -2.50345212e-08 -9.77982939e-08 -4.00962713e-07 -1.46226202e-06 -4.60625888e-06 -1.25472133e-05 -2.97835764e-05 -6.22023192e-05 -1.15494156e-04 -1.92743901e-04 -2.92390808e-04 -3.34674859e-04 -1.82775619e-04 2.25583103e-04 9.92773505e-04 2.26022388e-03 4.21312769e-03 7.08812341e-03 1.11566692e-02 1.67630178e-02 2.42393434e-02 3.40538573e-02 4.65537319e-02 6.20742866e-02 8.08809374e-02 1.03092179e-01 1.28343254e-01 1.56123589e-01 1.85806078e-01 2.16391711e-01 2.46227465e-01 2.73644739e-01 2.97164289e-01 3.15247249e-01 3.26610574e-01 3.30484806e-01
3.30303065e-01 3.26395316e-01 3.14938200e-01 2.96700884e-01 2.72988734e-01 2.45239721e-01 2.15347146e-01 1.84667667e-01 1.54739300e-01 1.26885422e-01 1.01774827e-01 7.96806972e-02 6.09569516e-02 4.55931062e-02 3.32564541e-02 2.35689623e-02 1.62527237e-02 1.07799928e-02 6.81172679e-03 4.02458912e-03 2.13421985e-03 9.15837376e-04 1.80742662e-04 -2.05913000e-04 -3.45701986e-04 -2.99855259e-04 -1.99154659e-04 -1.20202651e-04 -6.51746743e-05 -3.13933658e-05 -1.32913267e-05 -4.89778282e-06 -1.55828069e-06 -4.27314551e-07 -1.03766660e-07 -2.61390913e-08 -1.06279709e-08 -8.06840772e-09 -7.72793091e-09 -7.69842262e-09 -7.70411013e-09 -7.71253905e-09 -7.72049435e-09 -7.72764625e-09 -7.73394371e-09 -7.73937742e-09 -7.74392489e-09 -7.74753284e-09 -7.75011988e-09 -7.75159303e-09 -7.75189213e-09 -7.75100051e-09 -7.74895970e-09 -7.74585096e-09 -7.74176345e-09 -7.73676911e-09 -7.73090270e-09 -7.72417552e-09 -7.71661035e-09 -7.70832725e-09 -7.70032632e-09 -7.70298458e-09 -7.81331239e-09 -8.77578493e-09 -1.52340051e-08 -5.07525723e-08 -2.12828469e-07 -8.30921297e-07 -2.81483556e-06 -8.21423742e-06 -2.07722864e-05 -4.59387562e-05 -8.97684299e-05 -1.56697593e-04 -2.47131651e-04 -3.43480703e-04 -3.01581620e-04 -4.83634449e-05 4.96476041e-04 1.45437989e-03 2.98106786e-03 5.29028754e-03 8.62424788e-03 1.33063324e-02 1.96593020e-02 2.81062503e-02 3.90640407e-02 5.28743963e-02 6.98841067e-02 9.03242853e-02 1.13963943e-01 1.40514652e-01 1.69518185e-01 2.00013725e-01 2.30484538e-01 2.59515588e-01 2.85444390e-01 3.06600682e-01 3.21573345e-01 3.29321549e-01 3.29321549e-01 3.21573345e-01 3.06600682e-01 2.85444390e-01 2.59515588e-01 2.30484538e-01 2.00013725e-01 1.69518185e-01 1.40514652e-01 1.13963943e-01 9.03242853e-02 6.98841067e-02 5.28743963e-02 3.90640407e-02 2.81062503e-02 1.96593020e-02 1.33063324e-02 8.62424788e-03 5.29028754e-03 2.98106786e-03 1.45437989e-03 4.96476041e-04 -4.83634449e-05 -3.01581620e-04 -3.43480703e-04 -2.47131651e-04 -1.56697593e-04 -8.97684299e-05 -4.59387562e-05 -2.07722864e-05 -8.21423742e-06 -2.81483556e-06 -8.30921297e-07 -2.12828469e-07 -5.07525721e-08 -1.52340052e-08 -8.77578465e-09 -7.81331239e-09 -7.70298458e-09 -7.70032638e-09 -7.70832742e-09 -7.71661024e-09 -7.72417541e-09 -7.73090258e-09 -7.73676917e-09 -7.74176340e-09 -7.74585074e-09 -7.74895959e-09 -7.75100045e-09 -7.75189218e-09 -7.75159298e-09 -7.75011993e-09 -7.74753289e-09 -7.74392483e-09 -7.73937747e-09 -7.73394371e-09 -7.72764608e-09 -7.72049435e-09 -7.71253922e-09 -7.70411007e-09 -7.69842284e-09 -7.72793102e-09 -8.06840744e-09 -1.06279709e-08 -2.61390910e-08 -1.03766660e-07 -4.27314550e-07 -1.55828069e-06 -4.89778282e-06 -1.32913267e-05 -3.13933658e-05 -6.51746743e-05 -1.20202651e-04 -1.99154659e-04 -2.99855259e-04 -3.45701986e-04 -2.05913000e-04 1.80742662e-04 9.15837376e-04 2.13421985e-03 4.02458912e-03 6.81172679e-03 1.07799928e-02 1.62527237e-02 2.35689623e-02 3.32564541e-02 4.55931062e-02 6.09569516e-02 7.96806972e-02 1.01774827e-01 1.26885422e-01 1.54739300e-01 1.84667667e-01 2.15347146e-01 2.45239721e-01 2.72988734e-01 2.96700884e-01 3.14938200e-01 3.26395316e-01 3.30303065e-01
3.29914159e-01 3.25986056e-01 3.14471339e-01 2.96149030e-01 2.72263175e-01 2.44375871e-01 2.14165130e-01 1.83461304e-01 1.53460662e-01 1.25479620e-01 1.00390846e-01 7.84876377e-02 5.98697414e-02 4.46299067e-02 3.24601864e-02 2.29494783e-02 1.57503743e-02 1.04084014e-02 6.54235718e-03 3.84124851e-03 2.01387884e-03 8.42165544e-04 1.38871946e-04 -2.27617496e-04 -3.56243724e-04 -3.07134145e-04 -2.05536723e-04 -1.24965014e-04 -6.82198385e-05 -3.30600230e-05 -1.40683115e-05 -5.20420510e-06 -1.65968505e-06 -4.55222794e-07 -1.10092684e-07 -2.73082699e-08 -1.08031687e-08 -8.09066814e-09 -7.73154174e-09 -7.70008329e-09 -7.70540975e-09 -7.71360320e-09 -7.72135178e-09 -7.72832232e-09 -7.73446240e-09 -7.73975428e-09 -7.74417619e-09 -7.74767778e-09 -7.75018016e-09 -7.75160525e-09 -7.75189318e-09 -7.75103132e-09 -7.74905812e-09 -7.74604580e-09 -7.74207642e-09 -7.73721459e-09 -7.73149922e-09 -7.72493980e-09 -7.71756659e-09 -7.70950459e-09 -7.70176994e-09 -7.70513964e-09 -7.82150755e-09 -8.83894102e-09 -1.56984697e-08 -5.35441200e-08 -2.26450486e-07 -8.85391414e-07 -2.99511450e-06 -8.71272975e-06 -2.19337613e-05 -4.82363768e-05 -9.36506380e-05 -1.62319022e-04 -2.54092812e-04 -3.51454430e-04 -3.16660424e-04 -7.87682469e-05 4.40426002e-04 1.35921549e-03 2.83349655e-03 5.06740624e-03 8.31067397e-03 1.28721188e-02 1.90752224e-02 2.73992766e-02 3.81868641e-02 5.18374531e-02 6.87440726e-02 8.90394838e-02 1.12523779e-01 1.39115171e-01 1.68283892e-01 1.98800981e-01 2.29461174e-01 2.58707698e-01 2.84804210e-01 3.06093581e-01 3.21139954e-01 3.28927885e-01 3.28927885e-01 3.21139954e-01 3.06093581e-01 2.84804210e-01 2.58707698e-01 2.29461174e-01 1.98800981e-01 1.68283892e-01 1.39115171e-01 1.12523779e-01 8.90394838e-02 6.87440726e-02 5.18374531e-02 3.81868641e-02 2.73992766e-02 1.90752224e-02 1.28721188e-02 8.31067397e-03 5.06740624e-03 2.83349655e-03 1.35921549e-03 4.40426002e-04 -7.87682469e-05 -3.16660424e-04 -3.51454430e-04 -2.54092812e-04 -1.62319022e-04 -9.36506380e-05 -4.82363768e-05 -2.19337613e-05 -8.71272975e-06 -2.99511450e-06 -8.85391414e-07 -2.26450486e-07 -5.35441200e-08 -1.56984699e-08 -8.83894086e-09 -7.82150755e-09 -7.70513980e-09 -7.70177011e-09 -7.70950442e-09 -7.71756670e-09 -7.72494002e-09 -7.73149916e-09 -7.73721454e-09 -7.74207637e-09 -7.74604558e-09 -7.74905795e-09 -7.75103143e-09 -7.75189307e-09 -7.75160519e-09 -7.75018022e-09 -7.74767761e-09 -7.74417624e-09 -7.73975412e-09 -7.73446235e-09 -7.72832226e-09 -7.72135189e-09 -7.71360342e-09 -7.70540975e-09 -7.70008335e-09 -7.73154180e-09 -8.09066791e-09 -1.08031689e-08 -2.73082696e-08 -1.10092684e-07 -4.55222794e-07 -1.65968505e-06 -5.20420510e-06 -1.40683115e-05 -3.30600230e-05 -6.82198385e-05 -1.24965014e-04 -2.05536723e-04 -3.07134145e-04 -3.56243724e-04 -2.27617496e-04 1.38871946e-04 8.42165544e-04 2.01387884e-03 3.84124851e-03 6.54235718e-03 1.04084014e-02 1.57503743e-02 2.29494783e-02 3.24601864e-02 4.46299067e-02 5.98697414e-02 7.84876377e-02 1.00390846e-01 1.25479620e-01 1.53460662e-01 1.83461304e-01 2.14165130e-01 2.44375871e-01 2.72263175e-01 2.96149030e-01 3.14471339e-01 3.25986056e-01 3.29914159e-01
3.29254028e-01 3.25311005e-01 3.13754093e-01 2.95375797e-01 2.71402508e-01 2.43408792e-01 2.13078286e-01 1.82127286e-01 1.52161695e-01 1.24105406e-01 9.89992421e-02 7.72547767e-02 5.87990502e-02 4.36764643e-02 3.16727242e-02 2.23334529e-02 1.52514778e-02 1.00435038e-02 6.28334256e-03 3.66445005e-03 1.89951807e-03 7.71410870e-04 9.92907449e-05 -2.48010950e-04 -3.66267724e-04 -3.14208853e-04 -2.11875763e-04 -1.29773414e-04 -7.13351656e-05 -3.47835311e-05 -1.48788291e-05 -5.52602810e-06 -1.76670724e-06 -4.84764080e-07 -1.16795162e-07 -2.85454989e-08 -1.09878013e-08 -8.11385431e-09 -7.73515785e-09 -7.70169162e-09 -7.70666320e-09 -7.71462866e-09 -7.72217584e-09 -7.72897174e-09 -7.73495795e-09 -7.74011449e-09 -7.74441428e-09 -7.74781284e-09 -7.75023801e-09 -7.75161563e-09 -7.75189440e-09 -7.75106124e-09 -7.74915165e-09 -7.74623038e-09 -7.74237424e-09 -7.73764125e-09 -7.73206876e-09 -7.72567310e-09 -7.71848729e-09 -7.71064035e-09 -7.70316289e-09 -7.70724867e-09 -7.82991783e-09 -8.90522117e-09 -1.61891923e-08 -5.65008294e-08 -2.40880076e-07 -9.42978090e-07 -3.18496238e-06 -9.23462693e-06 -2.31403932e-05 -5.06002599e-05 -9.75975716e-05 -1.67951235e-04 -2.60938543e-04 -3.59123851e-04 -3.31018563e-04 -1.07387957e-04 3.87373691e-04 1.26796263e-03 2.69048311e-03 4.85101845e-03 8.00502146e-03 1.24473674e-02 1.85272421e-02 2.66963103e-02 3.73183948e-02 5.08283069e-02 6.76116835e-02 8.77034954e-02 1.11149498e-01 1.37822896e-01 1.66970793e-01 1.97590785e-01 2.28420988e-01 2.57807543e-01 2.83997173e-01 3.05349974e-01 3.20446177e-01 3.28263969e-01 3.28263969e-01 3.20446177e-01 3.05349974e-01 2.83997173e-01 2.57807543e-01 2.28420988e-01 1.97590785e-01 1.66970793e-01 1.37822896e-01 1.11149498e-01 8.77034954e-02 6.76116835e-02 5.08283069e-02 3.73183948e-02 2.66963103e-02 1.85272421e-02 1.24473674e-02 8.00502146e-03 4.85101845e-03 2.69048311e-03 1.26796263e-03 3.87373691e-04 -1.07387957e-04 -3.31018563e-04 -3.59123851e-04 -2.60938543e-04 -1.67951235e-04 -9.75975716e-05 -5.06002599e-05 -2.31403932e-05 -9.23462693e-06 -3.18496238e-06 -9.42978090e-07 -2.40880075e-07 -5.65008292e-08 -1.61891923e-08 -8.90522150e-09 -7.82991799e-09 -7.70724873e-09 -7.70316266e-09 -7.71064035e-09 -7.71848724e-09 -7.72567305e-09 -7.73206876e-09 -7.73764119e-09 -7.74237441e-09 -7.74623077e-09 -7.74915182e-09 -7.75106124e-09 -7.75189446e-09 -7.75161568e-09 -7.75023823e-09 -7.74781272e-09 -7.74441422e-09 -7.74011466e-09 -7.73495801e-09 -7.72897174e-09 -7.72217579e-09 -7.71462849e-09 -7.70666286e-09 -7.70169140e-09 -7.73515818e-09 -8.11385442e-09 -1.09878015e-08 -2.85454987e-08 -1.16795162e-07 -4.84764080e-07 -1.76670724e-06 -5.52602810e-06 -1.48788291e-05 -3.47835311e-05 -7.13351656e-05 -1.29773414e-04 -2.11875763e-04 -3.14208853e-04 -3.66267724e-04 -2.48010950e-04 9.92907449e-05 7.71410870e-04 1.89951807e-03 3.66445005e-03 6.28334256e-03 1.00435038e-02 1.52514778e-02 2.23334529e-02 3.16727242e-02 4.36764643e-02 5.87990502e-02 7.72547767e-02 9.89992421e-02 1.24105406e-01 1.52161695e-01 1.82127286e-01 2.13078286e-01 2.43408792e-01 2.71402508e-01 2.95375797e-01 3.13754093e-01 3.25311005e-01 3.29254028e-01
3.29066740e-01 3.24968196e-01 3.12972231e-01 2.94365366e-01 2.70339321e-01 2.42298149e-01 2.11904535e-01 1.80884924e-01 1.50773522e-01 1.22787981e-01 9.76467630e-02 7.59792807e-02 5.77404796e-02 4.27586456e-02 3.08978507e-02 2.17200530e-02 1.47700939e-02 9.68900818e-03 6.03522652e-03 3.49388786e-03 1.79065077e-03 7.04372293e-04 6.19364617e-05 -2.67229516e-04 -3.75682958e-04 -3.21061447e-04 -2.18157366e-04 -1.34619665e-04 -7.45177115e-05 -3.65637272e-05 -1.57234998e-05 -5.86375344e-06 -1.87958457e-06 -5.16017759e-07 -1.23893698e-07 -2.98543874e-08 -1.11823598e-08 -8.13801293e-09 -7.73878994e-09 -7.70324948e-09 -7.70787251e-09 -7.71561492e-09 -7.72297032e-09 -7.72959641e-09 -7.73543313e-09 -7.74045700e-09 -7.74464071e-09 -7.74794168e-09 -7.75029224e-09 -7.75162573e-09 -7.75189568e-09 -7.75109027e-09 -7.74923992e-09 -7.74640618e-09 -7.74265707e-09 -7.73804698e-09 -7.73261583e-09 -7.72637981e-09 -7.71937630e-09 -7.71173347e-09 -7.70450598e-09 -7.70931896e-09 -7.83856152e-09 -8.97479002e-09 -1.67075503e-08 -5.96314239e-08 -2.56158159e-07 -1.00382405e-06 -3.38474156e-06 -9.78054212e-06 -2.43925913e-05 -5.30291620e-05 -1.01603938e-04 -1.73582866e-04 -2.67652051e-04 -3.66428966e-04 -3.44327577e-04 -1.34542923e-04 3.36976637e-04 1.18111524e-03 2.55263604e-03 4.64126266e-03 7.70462438e-03 1.20286741e-02 1.79949493e-02 2.59983416e-02 3.64558850e-02 4.98338190e-02 6.64495537e-02 8.63755635e-02 1.09815270e-01 1.36486681e-01 1.65619779e-01 1.96366944e-01 2.27288394e-01 2.56713124e-01 2.82959938e-01 3.04372680e-01 3.19914966e-01 3.28037296e-01 3.28037296e-01 3.19914966e-01 3.04372680e-01 2.82959938e-01 2.56713124e-01 2.27288394e-01 1.96366944e-01 1.65619779e-01 1.36486681e-01 1.09815270e-01 8.63755635e-02 6.64495537e-02 4.98338190e-02 3.64558850e-02 2.59983416e-02 1.79949493e-02 1.20286741e-02 7.70462438e-03 4.64126266e-03 2.55263604e-03 1.18111524e-03 3.36976637e-04 -1.34542923e-04 -3.44327577e-04 -3.66428966e-04 -2.67652051e-04 -1.73582866e-04 -1.01603938e-04 -5.30291620e-05 -2.43925913e-05 -9.78054212e-06 -3.38474156e-06 -1.00382405e-06 -2.56158159e-07 -5.96314239e-08 -1.67075501e-08 -8.97478986e-09 -7.83856158e-09 -7.70931907e-09 -7.70450614e-09 -7.71173314e-09 -7.71937636e-09 -7.72637954e-09 -7.73261594e-09 -7.73804709e-09 -7.74265702e-09 -7.74640629e-09 -7.74924003e-09 -7.75109010e-09 -7.75189579e-09 -7.75162590e-09 -7.75029230e-09 -7.74794168e-09 -7.74464065e-09 -7.74045716e-09 -7.73543296e-09 -7.72959641e-09 -7.72297015e-09 -7.71561504e-09 -7.70787240e-09 -7.70324943e-09 -7.73879005e-09 -8.13801304e-09 -1.11823597e-08 -2.98543870e-08 -1.23893698e-07 -5.16017759e-07 -1.87958457e-06 -5.86375344e-06 -1.57234998e-05 -3.65637272e-05 -7.45177115e-05 -1.34619665e-04 -2.18157366e-04 -3.21061447e-04 -3.75682958e-04 -2.67229516e-04 6.19364617e-05 7.04372293e-04 1.79065077e-03 3.49388786e-03 6.03522652e-03 9.68900818e-03 1.47700939e-02 2.17200530e-02 3.08978507e-02 4.27586456e-02 5.77404796e-02 7.59792807e-02 9.76467630e-02 1.22787981e-01 1.50773522e-01 1.80884924e-01 2.11904535e-01 2.42298149e-01 2.70339321e-01 2.94365366e-01 3.12972231e-01 3.24968196e-01 3.29066740e-01
3.29457716e-01 3.25329203e-01 3.13244009e-01 2.94075266e-01 2.69182629e-01 2.40995084e-01 2.10607784e-01 1.79571799e-01 1.49414139e-01 1.21431314e-01 9.63585856e-02 7.47174718e-02 5.66578424e-02 4.18486509e-02 3.01272650e-02 2.11109886e-02 1.43160392e-02 9.34194645e-03 5.79285578e-03 3.32858338e-03 1.68578935e-03 6.40642591e-04 2.68710906e-05 -2.85136642e-04 -3.84515949e-04 -3.27674777e-04 -2.24367108e-04 -1.39495249e-04 -7.77642354e-05 -3.84002961e-05 -1.66028991e-05 -6.21788058e-06 -1.99855933e-06 -5.49065918e-07 -1.31408726e-07 -3.12387070e-08 -1.13873611e-08 -8.16320189e-09 -7.74244563e-09 -7.70476050e-09 -7.70903663e-09 -7.71656894e-09 -7.72373554e-09 -7.73019543e-09 -7.73588693e-09 -7.74078379e-09 -7.74485692e-09 -7.74806364e-09 -7.75034353e-09 -7.75163533e-09 -7.75189668e-09 -7.75111642e-09 -7.74932374e-09 -7.74657305e-09 -7.74292591e-09 -7.73843689e-09 -7.73314079e-09 -7.72705899e-09 -7.72023306e-09 -7.71278830e-09 -7.70580438e-09 -7.71135156e-09 -7.84745269e-09 -9.04781239e-09 -1.72549892e-08 -6.29450179e-08 -2.72327249e-07 -1.06807609e-06 -3.59481820e-06 -1.03510716e-05 -2.56906752e-05 -5.55216138e-05 -1.05664103e-04 -1.79202320e-04 -2.74216871e-04 -3.73297387e-04 -3.56627075e-04 -1.60155761e-04 2.89108309e-04 1.09946950e-03 2.42026438e-03 4.44111630e-03 7.41152864e-03 1.16171015e-02 1.74662835e-02 2.53171403e-02 3.56275785e-02 4.88575283e-02 6.52540382e-02 8.50744050e-02 1.08507344e-01 1.35063339e-01 1.64287054e-01 1.95067633e-01 2.25987942e-01 2.55424917e-01 2.82244117e-01 3.04470022e-01 3.20239476e-01 3.28420886e-01 3.28420886e-01 3.20239476e-01 3.04470022e-01 2.82244117e-01 2.55424917e-01 2.25987942e-01 1.95067633e-01 1.64287054e-01 1.35063339e-01 1.08507344e-01 8.50744050e-02 6.52540382e-02 4.88575283e-02 3.56275785e-02 2.53171403e-02 1.74662835e-02 1.16171015e-02 7.41152864e-03 4.44111630e-03 2.42026438e-03 1.09946950e-03 2.89108309e-04 -1.60155761e-04 -3.56627075e-04 -3.73297387e-04 -2.74216871e-04 -1.79202320e-04 -1.05664103e-04 -5.55216138e-05 -2.56906752e-05 -1.03510716e-05 -3.59481820e-06 -1.06807609e-06 -2.72327249e-07 -6.29450181e-08 -1.72549890e-08 -9.04781250e-09 -7.84745285e-09 -7.71135206e-09 -7.70580433e-09 -7.71278830e-09 -7.72023301e-09 -7.72705888e-09 -7.73314068e-09 -7.73843711e-09 -7.74292569e-09 -7.74657316e-09 -7.74932396e-09 -7.75111647e-09 -7.75189646e-09 -7.75163572e-09 -7.75034348e-09 -7.74806341e-09 -7.74485692e-09 -7.74078379e-09 -7.73588704e-09 -7.73019554e-09 -7.72373548e-09 -7.71656883e-09 -7.70903685e-09 -7.70476066e-09 -7.74244557e-09 -8.16320167e-09 -1.13873609e-08 -3.12387071e-08 -1.31408726e-07 -5.49065918e-07 -1.99855933e-06 -6.21788058e-06 -1.66028991e-05 -3.84002961e-05 -7.77642354e-05 -1.39495249e-04 -2.24367108e-04 -3.27674777e-04 -3.84515949e-04 -2.85136642e-04 2.68710906e-05 6.40642591e-04 1.68578935e-03 3.32858338e-03 5.79285578e-03 9.34194645e-03 1.43160392e-02 2.11109886e-02 3.01272650e-02 4.18486509e-02 5.66578424e-02 7.47174718e-02 9.63585856e-02 1.21431314e-01 1.49414139e-01 1.79571799e-01 2.10607784e-01 2.40995084e-01 2.69182629e-01 2.94075266e-01 3.13244009e-01 3.25329203e-01 3.29457716e-01
3.29595367e-01 3.25438269e-01 3.13277110e-01 2.93994945e-01 2.68956001e-01 2.39856154e-01 2.09151195e-01 1.78163226e-01 1.48035251e-01 1.20029000e-01 9.50794568e-02 7.34824301e-02 5.55485534e-02 4.09609443e-02 2.93842348e-02 2.05161152e-02 1.38667074e-02 9.00028841e-03 5.55521214e-03 3.16940226e-03 1.58487836e-03 5.80010349e-04 -6.18628831e-06 -3.01778107e-04 -3.92723804e-04 -3.34032567e-04 -2.30490622e-04 -1.44391354e-04 -8.10712032e-05 -4.02927658e-05 -1.75175540e-05 -6.58890541e-06 -2.12387848e-06 -5.83993397e-07 -1.39361524e-07 -3.27023962e-08 -1.16033360e-08 -8.18947377e-09 -7.74612779e-09 -7.70622621e-09 -7.71016179e-09 -7.71748848e-09 -7.72447323e-09 -7.73077341e-09 -7.73632414e-09 -7.74109721e-09 -7.74506281e-09 -7.74817976e-09 -7.75039255e-09 -7.75164455e-09 -7.75189785e-09 -7.75114128e-09 -7.74940268e-09 -7.74673009e-09 -7.74318271e-09 -7.73880970e-09 -7.73364428e-09 -7.72771452e-09 -7.72105790e-09 -7.71380781e-09 -7.70705777e-09 -7.71335185e-09 -7.85661175e-09 -9.12446835e-09 -1.78330229e-08 -6.64511252e-08 -2.89431486e-07 -1.13588507e-06 -3.81556155e-06 -1.09467924e-05 -2.70348694e-05 -5.80759175e-05 -1.09772106e-04 -1.84797827e-04 -2.80616953e-04 -3.79777449e-04 -3.68186683e-04 -1.84077882e-04 2.43877791e-04 1.02166027e-03 2.29293019e-03 4.24872800e-03 7.12797074e-03 1.12296834e-02 1.69434923e-02 2.46412530e-02 3.48021857e-02 4.78640819e-02 6.40754583e-02 8.38406330e-02 1.07151750e-01 1.33708528e-01 1.62908023e-01 1.93630948e-01 2.24519156e-01 2.54798202e-01 2.82095387e-01 3.04451428e-01 3.20314569e-01 3.28551291e-01 3.28551291e-01 3.20314569e-01 3.04451428e-01 2.82095387e-01 2.54798202e-01 2.24519156e-01 1.93630948e-01 1.62908023e-01 1.33708528e-01 1.07151750e-01 8.38406330e-02 6.40754583e-02 4.78640819e-02 3.48021857e-02 2.46412530e-02 1.69434923e-02 1.12296834e-02 7.12797074e-03 4.24872800e-03 2.29293019e-03 1.02166027e-03 2.43877791e-04 -1.84077882e-04 -3.68186683e-04 -3.79777449e-04 -2.80616953e-04 -1.84797827e-04 -1.09772106e-04 -5.80759175e-05 -2.70348694e-05 -1.09467924e-05 -3.81556155e-06 -1.13588507e-06 -2.89431486e-07 -6.64511255e-08 -1.78330229e-08 -9.12446835e-09 -7.85661203e-09 -7.71335179e-09 -7.70705799e-09 -7.71380793e-09 -7.72105796e-09 -7.72771452e-09 -7.73364439e-09 -7.73880976e-09 -7.74318293e-09 -7.74672992e-09 -7.74940268e-09 -7.75114134e-09 -7.75189790e-09 -7.75164455e-09 -7.75039277e-09 -7.74817954e-09 -7.74506265e-09 -7.74109704e-09 -7.73632408e-09 -7.73077369e-09 -7.72447312e-09 -7.71748865e-09 -7.71016195e-09 -7.70622627e-09 -7.74612785e-09 -8.18947393e-09 -1.16033358e-08 -3.27023962e-08 -1.39361524e-07 -5.83993397e-07 -2.12387848e-06 -6.58890541e-06 -1.75175540e-05 -4.02927658e-05 -8.10712032e-05 -1.44391354e-04 -2.30490622e-04 -3.34032567e-04 -3.92723804e-04 -3.01778107e-04 -6.18628831e-06 5.80010349e-04 1.58487836e-03 3.16940226e-03 5.55521214e-03 9.00028841e-03 1.38667074e-02 2.05161152e-02 2.93842348e-02 4.09609443e-02 5.55485534e-02 7.34824301e-02 9.50794568e-02 1.20029000e-01 1.48035251e-01 1.78163226e-01 2.09151195e-01 2.39856154e-01 2.68956001e-01 2.93994945e-01 3.13277110e-01 3.25438269e-01 3.29595367e-01
3.29518871e-01 3.25333680e-01 3.13087498e-01 2.93688877e-01 2.68532216e-01 2.39309527e-01 2.07881070e-01 1.76621717e-01 1.46599503e-01 1.18665148e-01 9.37567590e-02 7.23126490e-02 5.44541073e-02 4.00624041e-02 2.86491200e-02 1.99301604e-02 1.34243717e-02 8.67093609e-03 5.32600071e-03 3.01835711e-03 1.48877804e-03 5.23633330e-04 -3.71245324e-05 -3.17080893e-04 -4.00312851e-04 -3.40119500e-04 -2.36513674e-04 -1.49298900e-04 -8.44347921e-05 -4.22405018e-05 -1.84679382e-05 -6.97731867e-06 -2.25579345e-06 -6.20887821e-07 -1.47774244e-07 -3.42495722e-08 -1.18308447e-08 -8.21688295e-09 -7.74984443e-09 -7.70764969e-09 -7.71124842e-09 -7.71837522e-09 -7.72518427e-09 -7.73132902e-09 -7.73674358e-09 -7.74139719e-09 -7.74525893e-09 -7.74829001e-09 -7.75043862e-09 -7.75165365e-09 -7.75189890e-09 -7.75116549e-09 -7.74947856e-09 -7.74688136e-09 -7.74342807e-09 -7.73916686e-09 -7.73412906e-09 -7.72834619e-09 -7.72185399e-09 -7.71479036e-09 -7.70827013e-09 -7.71532194e-09 -7.86605214e-09 -9.20494020e-09 -1.84432303e-08 -7.01596764e-08 -3.07516662e-07 -1.20740582e-06 -4.04734330e-06 -1.15682592e-05 -2.84252985e-05 -6.06901445e-05 -1.13921676e-04 -1.90357491e-04 -2.86836748e-04 -3.85861339e-04 -3.78817511e-04 -2.06279561e-04 2.01339028e-04 9.47230725e-04 2.17047008e-03 4.06125459e-03 6.85036080e-03 1.08540270e-02 1.64301208e-02 2.39829717e-02 3.40033801e-02 4.68538712e-02 6.29192528e-02 8.26044148e-02 1.05785644e-01 1.32308867e-01 1.61421461e-01 1.92053377e-01 2.23755525e-01 2.54314794e-01 2.81730354e-01 3.04203824e-01 3.20175169e-01 3.28467555e-01 3.28467555e-01 3.20175169e-01 3.04203824e-01 2.81730354e-01 2.54314794e-01 2.23755525e-01 1.92053377e-01 1.61421461e-01 1.32308867e-01 1.05785644e-01 8.26044148e-02 6.29192528e-02 4.68538712e-02 3.40033801e-02 2.39829717e-02 1.64301208e-02 1.08540270e-02 6.85036080e-03 4.06125459e-03 2.17047008e-03 9.47230725e-04 2.01339028e-04 -2.06279561e-04 -3.78817511e-04 -3.85861339e-04 -2.86836748e-04 -1.90357491e-04 -1.13921676e-04 -6.06901445e-05 -2.84252985e-05 -1.15682592e-05 -4.04734330e-06 -1.20740582e-06 -3.07516662e-07 -7.01596762e-08 -1.84432302e-08 -9.20493981e-09 -7.86605214e-09 -7.71532183e-09 -7.70827013e-09 -7.71479047e-09 -7.72185382e-09 -7.72834607e-09 -7.73412923e-09 -7.73916697e-09 -7.74342801e-09 -7.74688130e-09 -7.74947839e-09 -7.75116527e-09 -7.75189873e-09 -7.75165376e-09 -7.75043885e-09 -7.74829012e-09 -7.74525888e-09 -7.74139725e-09 -7.73674380e-09 -7.73132902e-09 -7.72518405e-09 -7.71837533e-09 -7.71124853e-09 -7.70764952e-09 -7.74984454e-09 -8.21688295e-09 -1.18308449e-08 -3.42495724e-08 -1.47774244e-07 -6.20887820e-07 -2.25579345e-06 -6.97731867e-06 -1.84679382e-05 -4.22405018e-05 -8.44347921e-05 -1.49298900e-04 -2.36513674e-04 -3.40119500e-04 -4.00312851e-04 -3.17080893e-04 -3.71245324e-05 5.23633330e-04 1.48877804e-03 3.01835711e-03 5.32600071e-03 8.67093609e-03 1.34243717e-02 1.99301604e-02 2.86491200e-02 4.00624041e-02 5.44541073e-02 7.23126490e-02 9.37567590e-02 1.18665148e-01 1.46599503e-01 1.76621717e-01 2.07881070e-01 2.39309527e-01 2.68532216e-01 2.93688877e-01 3.13087498e-01 3.25333680e-01 3.29518871e-01
3.29375935e-01 3.25151290e-01 3.12794367e-01 2.93218115e-01 2.67911848e-01 2.38583830e-01 2.07069867e-01 1.75137310e-01 1.45062409e-01 1.17269111e-01 9.24408933e-02 7.11405307e-02 5.33838471e-02 3.91516723e-02 2.79389157e-02 1.93551147e-02 1.29878219e-02 8.36138201e-03 5.10436316e-03 2.87295361e-03 1.39685644e-03 4.70390667e-04 -6.61424942e-05 -3.31172534e-04 -4.07323994e-04 -3.45921303e-04 -2.42422229e-04 -1.54208577e-04 -8.78508973e-05 -4.42427036e-05 -1.94544688e-05 -7.38360443e-06 -2.39455981e-06 -6.59839585e-07 -1.56669942e-07 -3.58845420e-08 -1.20704750e-08 -8.24549201e-09 -7.75360126e-09 -7.70903363e-09 -7.71229813e-09 -7.71923464e-09 -7.72587261e-09 -7.73186581e-09 -7.73714670e-09 -7.74168485e-09 -7.74544678e-09 -7.74839537e-09 -7.75048287e-09 -7.75166142e-09 -7.75189923e-09 -7.75118758e-09 -7.74955011e-09 -7.74702491e-09 -7.74366427e-09 -7.73951009e-09 -7.73459757e-09 -7.72895470e-09 -7.72262476e-09 -7.71574049e-09 -7.70944153e-09 -7.71726594e-09 -7.87579668e-09 -9.28941823e-09 -1.90872620e-08 -7.40810193e-08 -3.26630251e-07 -1.28279705e-06 -4.29053672e-06 -1.22160019e-05 -2.98619822e-05 -6.33621348e-05 -1.18106250e-04 -1.95869346e-04 -2.92861288e-04 -3.91552980e-04 -3.88579522e-04 -2.26825075e-04 1.61332508e-04 8.76070678e-04 2.05304411e-03 3.87827208e-03 6.57957907e-03 1.04849031e-02 1.59288771e-02 2.33407334e-02 3.32007917e-02 4.58524046e-02 6.18189772e-02 8.13317864e-02 1.04434697e-01 1.30845935e-01 1.59818226e-01 1.91050116e-01 2.22982171e-01 2.53633657e-01 2.81172489e-01 3.03829630e-01 3.19945446e-01 3.28314771e-01 3.28314771e-01 3.19945446e-01 3.03829630e-01 2.81172489e-01 2.53633657e-01 2.22982171e-01 1.91050116e-01 1.59818226e-01 1.30845935e-01 1.04434697e-01 8.13317864e-02 6.18189772e-02 4.58524046e-02 3.32007917e-02 2.33407334e-02 1.59288771e-02 1.04849031e-02 6.57957907e-03 3.87827208e-03 2.05304411e-03 8.76070678e-04 1.61332508e-04 -2.26825075e-04 -3.88579522e-04 -3.91552980e-04 -2.92861288e-04 -1.95869346e-04 -1.18106250e-04 -6.33621348e-05 -2.98619822e-05 -1.22160019e-05 -4.29053672e-06 -1.28279705e-06 -3.26630252e-07 -7.40810192e-08 -1.90872620e-08 -9.28941801e-09 -7.87579657e-09 -7.71726605e-09 -7.70944175e-09 -7.71574049e-09 -7.72262465e-09 -7.72895470e-09 -7.73459757e-09 -7.73950992e-09 -7.74366404e-09 -7.74702491e-09 -7.74955017e-09 -7.75118764e-09 -7.75189923e-09 -7.75166142e-09 -7.75048303e-09 -7.74839543e-09 -7.74544673e-09 -7.74168485e-09 -7.73714703e-09 -7.73186576e-09 -7.72587261e-09 -7.71923458e-09 -7.71229786e-09 -7.70903374e-09 -7.75360143e-09 -8.24549196e-09 -1.20704751e-08 -3.58845418e-08 -1.56669942e-07 -6.59839585e-07 -2.39455981e-06 -7.38360443e-06 -1.94544688e-05 -4.42427036e-05 -8.78508973e-05 -1.54208577e-04 -2.42422229e-04 -3.45921303e-04 -4.07323994e-04 -3.31172534e-04 -6.61424942e-05 4.70390667e-04 1.39685644e-03 2.87295361e-03 5.10436316e-03 8.36138201e-03 1.29878219e-02 1.93551147e-02 2.79389157e-02 3.91516723e-02 5.33838471e-02 7.11405307e-02 9.24408933e-02 1.17269111e-01 1.45062409e-01 1.75137310e-01 2.07069867e-01 2.38583830e-01 2.67911848e-01 2.93218115e-01 3.12794367e-01 3.25151290e-01 3.29375935e-01
3.29222559e-01 3.24933220e-01 3.12392687e-01 2.92663058e-01 2.67191357e-01 2.37688603e-01 2.06102452e-01 1.74144337e-01 1.43436797e-01 1.15810767e-01 9.11314839e-02 6.99390916e-02 5.23639569e-02 3.82424126e-02 2.72344912e-02 1.88019397e-02 1.25646809e-02 8.05861603e-03 4.88791637e-03 2.73175077e-03 1.30902380e-03 4.19736794e-04 -9.29925137e-05 -3.44151833e-04 -4.13672563e-04 -3.51424813e-04 -2.48202525e-04 -1.59110882e-04 -9.13151397e-05 -4.62984008e-05 -2.04775022e-05 -7.80823839e-06 -2.54043691e-06 -7.00941885e-07 -1.66072579e-07 -3.76117954e-08 -1.23228365e-08 -8.27535979e-09 -7.75740516e-09 -7.71037917e-09 -7.71331254e-09 -7.72006203e-09 -7.72653502e-09 -7.73238235e-09 -7.73753411e-09 -7.74195930e-09 -7.74562575e-09 -7.74849573e-09 -7.75052428e-09 -7.75166947e-09 -7.75190018e-09 -7.75120867e-09 -7.74961817e-09 -7.74716202e-09 -7.74388903e-09 -7.73983899e-09 -7.73504771e-09 -7.72954312e-09 -7.72336928e-09 -7.71665731e-09 -7.71057551e-09 -7.71918562e-09 -7.88585797e-09 -9.37810390e-09 -1.97668419e-08 -7.82259524e-08 -3.46821436e-07 -1.36222131e-06 -4.54551590e-06 -1.28905229e-05 -3.13448311e-05 -6.60894967e-05 -1.22318994e-04 -2.01321410e-04 -2.98676265e-04 -3.96868875e-04 -3.97571913e-04 -2.45683474e-04 1.23860132e-04 8.08764630e-04 1.94199832e-03 3.70338432e-03 6.32325437e-03 1.01228567e-02 1.54356087e-02 2.27147148e-02 3.23893557e-02 4.48787014e-02 6.07203680e-02 8.00764193e-02 1.03061985e-01 1.29294939e-01 1.58527764e-01 1.90070378e-01 2.22043490e-01 2.52816626e-01 2.80547732e-01 3.03319685e-01 3.19648294e-01 3.28145074e-01 3.28145074e-01 3.19648294e-01 3.03319685e-01 2.80547732e-01 2.52816626e-01 2.22043490e-01 1.90070378e-01 1.58527764e-01 1.29294939e-01 1.03061985e-01 8.00764193e-02 6.07203680e-02 4.48787014e-02 3.23893557e-02 2.27147148e-02 1.54356087e-02 1.01228567e-02 6.32325437e-03 3.70338432e-03 1.94199832e-03 8.08764630e-04 1.23860132e-04 -2.45683474e-04 -3.97571913e-04 -3.96868875e-04 -2.98676265e-04 -2.01321410e-04 -1.22318994e-04 -6.60894967e-05 -3.13448311e-05 -1.28905229e-05 -4.54551590e-06 -1.36222131e-06 -3.46821436e-07 -7.82259525e-08 -1.97668423e-08 -9.37810357e-09 -7.88585786e-09 -7.71918574e-09 -7.71057529e-09 -7.71665709e-09 -7.72336933e-09 -7.72954295e-09 -7.73504771e-09 -7.73983921e-09 -7.74388942e-09 -7.74716213e-09 -7.74961834e-09 -7.75120862e-09 -7.75189996e-09 -7.75166942e-09 -7.75052444e-09 -7.74849596e-09 -7.74562586e-09 -7.74195935e-09 -7.73753389e-09 -7.73238229e-09 -7.72653502e-09 -7.72006203e-09 -7.71331243e-09 -7.71037911e-09 -7.75740538e-09 -8.27535973e-09 -1.23228363e-08 -3.76117956e-08 -1.66072579e-07 -7.00941885e-07 -2.54043691e-06 -7.80823839e-06 -2.04775022e-05 -4.62984008e-05 -9.13151397e-05 -1.59110882e-04 -2.48202525e-04 -3.51424813e-04 -4.13672563e-04 -3.44151833e-04 -9.29925137e-05 4.19736794e-04 1.30902380e-03 2.73175077e-03 4.88791637e-03 8.05861603e-03 1.25646809e-02 1.88019397e-02 2.72344912e-02 3.82424126e-02 5.23639569e-02 6.99390916e-02 9.11314839e-02 1.15810767e-01 1.43436797e-01 1.74144337e-01 2.06102452e-01 2.37688603e-01 2.67191357e-01 2.92663058e-01 3.12392687e-01 3.24933220e-01 3.29222559e-01
3.29087292e-01 3.24768557e-01 3.12147277e-01 2.92178759e-01 2.66365173e-01 2.36732193e-01 2.04994708e-01 1.73028569e-01 1.42284299e-01 1.14279370e-01 8.98022213e-02 6.87563189e-02 5.13513399e-02 3.73650687e-02 2.65246204e-02 1.82550615e-02 1.21493220e-02 7.76175408e-03 4.67830151e-03 2.59481627e-03 1.22525234e-03 3.71935387e-04 -1.17799563e-04 -3.55956189e-04 -4.19440151e-04 -3.56618047e-04 -2.53841143e-04 -1.63996158e-04 -9.48228758e-05 -4.84064499e-05 -2.15373299e-05 -8.25168624e-06 -2.69368756e-06 -7.44290692e-07 -1.76007057e-07 -3.94360169e-08 -1.25885660e-08 -8.30654645e-09 -7.76126158e-09 -7.71169018e-09 -7.71429165e-09 -7.72086250e-09 -7.72717546e-09 -7.73288023e-09 -7.73790737e-09 -7.74222431e-09 -7.74579623e-09 -7.74859160e-09 -7.75056475e-09 -7.75167597e-09 -7.75190073e-09 -7.75123005e-09 -7.74968389e-09 -7.74729381e-09 -7.74410586e-09 -7.74015652e-09 -7.73548009e-09 -7.73011033e-09 -7.72408781e-09 -7.71754516e-09 -7.71167369e-09 -7.72108488e-09 -7.89625965e-09 -9.47120393e-09 -2.04837739e-08 -8.26057192e-08 -3.68141130e-07 -1.44584485e-06 -4.81265483e-06 -1.35922940e-05 -3.28736417e-05 -6.88696088e-05 -1.26552826e-04 -2.06701741e-04 -3.04268107e-04 -4.01763624e-04 -4.05682693e-04 -2.62873413e-04 8.88679737e-05 7.44776974e-04 1.83523507e-03 3.53365577e-03 6.07797177e-03 9.76832638e-03 1.49593960e-02 2.21004859e-02 3.15814467e-02 4.39423638e-02 5.95996410e-02 7.88254425e-02 1.01633202e-01 1.27762667e-01 1.57418262e-01 1.88946167e-01 2.21004669e-01 2.51919068e-01 2.79893305e-01 3.02999088e-01 3.19449585e-01 3.28002330e-01 3.28002330e-01 3.19449585e-01 3.02999088e-01 2.79893305e-01 2.51919068e-01 2.21004669e-01 1.88946167e-01 1.57418262e-01 1.27762667e-01 1.01633202e-01 7.88254425e-02 5.95996410e-02 4.39423638e-02 3.15814467e-02 2.21004859e-02 1.49593960e-02 9.76832638e-03 6.07797177e-03 3.53365577e-03 1.83523507e-03 7.44776974e-04 8.88679737e-05 -2.62873413e-04 -4.05682693e-04 -4.01763624e-04 -3.04268107e-04 -2.06701741e-04 -1.26552826e-04 -6.88696088e-05 -3.28736417e-05 -1.35922940e-05 -4.81265483e-06 -1.44584485e-06 -3.68141130e-07 -8.26057193e-08 -2.04837740e-08 -9.47120393e-09 -7.89625976e-09 -7.72108494e-09 -7.71167397e-09 -7.71754516e-09 -7.72408765e-09 -7.73011016e-09 -7.73548026e-09 -7.74015663e-09 -7.74410580e-09 -7.74729381e-09 -7.74968395e-09 -7.75123021e-09 -7.75190045e-09 -7.75167608e-09 -7.75056469e-09 -7.74859160e-09 -7.74579623e-09 -7.74222464e-09 -7.73790748e-09 -7.73288017e-09 -7.72717523e-09 -7.72086250e-09 -7.71429171e-09 -7.71169018e-09 -7.76126130e-09 -8.30654628e-09 -1.25885660e-08 -3.94360167e-08 -1.76007057e-07 -7.44290692e-07 -2.69368756e-06 -8.25168624e-06 -2.15373299e-05 -4.84064499e-05 -9.48228758e-05 -1.63996158e-04 -2.53841143e-04 -3.56618047e-04 -4.19440151e-04 -3.55956189e-04 -1.17799563e-04 3.71935387e-04 1.22525234e-03 2.59481627e-03 4.67830151e-03 7.76175408e-03 1.21493220e-02 1.82550615e-02 2.65246204e-02 3.73650687e-02 5.13513399e-02 6.87563189e-02 8.98022213e-02 1.14279370e-01 1.42284299e-01 1.73028569e-01 2.04994708e-01 2.36732193e-01 2.66365173e-01 2.92178759e-01 3.12147277e-01 3.24768557e-01 3.29087292e-01
3.28763737e-01 3.24404979e-01 3.11674606e-01 2.91622423e-01 2.65687619e-01 2.35717420e-01 2.03839757e-01 1.71794474e-01 1.41100225e-01 1.12872419e-01 8.84262961e-02 6.75781766e-02 5.03243113e-02 3.65135877e-02 2.58161391e-02 1.77275206e-02 1.17445109e-02 7.47101955e-03 4.48126197e-03 2.46437477e-03 1.14601803e-03 3.26648277e-04 -1.41075879e-04 -3.66763270e-04 -4.24675461e-04 -3.61490254e-04 -2.59325071e-04 -1.68854633e-04 -9.83692092e-05 -5.05655323e-05 -2.26341750e-05 -8.71440181e-06 -2.85457761e-06 -7.89984763e-07 -1.86499239e-07 -4.13621011e-08 -1.28683316e-08 -8.33912250e-09 -7.76517717e-09 -7.71296677e-09 -7.71524067e-09 -7.72163605e-09 -7.72779596e-09 -7.73336156e-09 -7.73826597e-09 -7.74247866e-09 -7.74596159e-09 -7.74868358e-09 -7.75060227e-09 -7.75168307e-09 -7.75190123e-09 -7.75124898e-09 -7.74974618e-09 -7.74741904e-09 -7.74431341e-09 -7.74046138e-09 -7.73589914e-09 -7.73065789e-09 -7.72478242e-09 -7.71840114e-09 -7.71273589e-09 -7.72296588e-09 -7.90701782e-09 -9.56893398e-09 -2.12399416e-08 -8.72320325e-08 -3.90642001e-07 -1.53383751e-06 -5.09232654e-06 -1.43217539e-05 -3.44480931e-05 -7.16996219e-05 -1.30800439e-04 -2.11998494e-04 -3.09624040e-04 -4.06252684e-04 -4.13021056e-04 -2.78741697e-04 5.61712629e-05 6.84168012e-04 1.73202356e-03 3.36920672e-03 5.83850292e-03 9.42409095e-03 1.44918838e-02 2.14864118e-02 3.07989263e-02 4.30188242e-02 5.84970125e-02 7.75588438e-02 1.00141844e-01 1.26613181e-01 1.56198379e-01 1.87734811e-01 2.19878164e-01 2.51080860e-01 2.79282794e-01 3.02486127e-01 3.19035680e-01 3.27668713e-01 3.27668713e-01 3.19035680e-01 3.02486127e-01 2.79282794e-01 2.51080860e-01 2.19878164e-01 1.87734811e-01 1.56198379e-01 1.26613181e-01 1.00141844e-01 7.75588438e-02 5.84970125e-02 4.30188242e-02 3.07989263e-02 2.14864118e-02 1.44918838e-02 9.42409095e-03 5.83850292e-03 3.36920672e-03 1.73202356e-03 6.84168012e-04 5.61712629e-05 -2.78741697e-04 -4.13021056e-04 -4.06252684e-04 -3.09624040e-04 -2.11998494e-04 -1.30800439e-04 -7.16996219e-05 -3.44480931e-05 -1.43217539e-05 -5.09232654e-06 -1.53383751e-06 -3.90642001e-07 -8.72320324e-08 -2.12399415e-08 -9.56893392e-09 -7.90701765e-09 -7.72296588e-09 -7.71273601e-09 -7.71840108e-09 -7.72478254e-09 -7.73065811e-09 -7.73589892e-09 -7.74046144e-09 -7.74431341e-09 -7.74741904e-09 -7.74974618e-09 -7.75124898e-09 -7.75190123e-09 -7.75168291e-09 -7.75060227e-09 -7.74868336e-09 -7.74596159e-09 -7.74247877e-09 -7.73826614e-09 -7.73336167e-09 -7.72779607e-09 -7.72163611e-09 -7.71524045e-09 -7.71296677e-09 -7.76517717e-09 -8.33912245e-09 -1.28683316e-08 -4.13621013e-08 -1.86499239e-07 -7.89984763e-07 -2.85457761e-06 -8.71440181e-06 -2.26341750e-05 -5.05655323e-05 -9.83692092e-05 -1.68854633e-04 -2.59325071e-04 -3.61490254e-04 -4.24675461e-04 -3.66763270e-04 -1.41075879e-04 3.26648277e-04 1.14601803e-03 2.46437477e-03 4.48126197e-03 7.47101955e-03 1.17445109e-02 1.77275206e-02 2.58161391e-02 3.65135877e-02 5.03243113e-02 6.75781766e-02 8.84262961e-02 1.12872419e-01 1.41100225e-01 1.71794474e-01 2.03839757e-01 2.35717420e-01 2.65687619e-01 2.91622423e-01 3.11674606e-01 3.24404979e-01 3.28763737e-01
3.28415769e-01 3.23981906e-01 3.11168727e-01 2.90938444e-01 2.64825718e-01 2.34774745e-01 2.02641979e-01 1.70508981e-01 1.39817155e-01 1.11698773e-01 8.70017911e-02 6.63885952e-02 4.93093697e-02 3.56831741e-02 2.51239211e-02 1.72023621e-02 1.13552636e-02 7.18849423e-03 4.29124265e-03 2.33840584e-03 1.07047238e-03 2.84151722e-04 -1.62813299e-04 -3.76528579e-04 -4.29328730e-04 -3.66031958e-04 -2.64641770e-04 -1.73676465e-04 -1.01949003e-04 -5.27741525e-05 -2.37681882e-05 -9.19682535e-06 -3.02337556e-06 -8.38125602e-07 -1.97575972e-07 -4.33951477e-08 -1.31628249e-08 -8.37315089e-09 -7.76915787e-09 -7.71421249e-09 -7.71615921e-09 -7.72238518e-09 -7.72839376e-09 -7.73382586e-09 -7.73861414e-09 -7.74272324e-09 -7.74611991e-09 -7.74877046e-09 -7.75063869e-09 -7.75168985e-09 -7.75190212e-09 -7.75126657e-09 -7.74980646e-09 -7.74753967e-09 -7.74451320e-09 -7.74075498e-09 -7.73630304e-09 -7.73118691e-09 -7.72545455e-09 -7.71923236e-09 -7.71376651e-09 -7.72483288e-09 -7.91815191e-09 -9.67152086e-09 -2.20373057e-08 -9.21170839e-08 -4.14378487e-07 -1.62637258e-06 -5.38490207e-06 -1.50793051e-05 -3.60677429e-05 -7.45764628e-05 -1.35054327e-04 -2.17199977e-04 -3.14732157e-04 -4.10310091e-04 -4.19540872e-04 -2.93259788e-04 2.55037939e-05 6.26808811e-04 1.63272302e-03 3.21159417e-03 5.60473735e-03 9.08793788e-03 1.40416189e-02 2.08721333e-02 3.00371125e-02 4.20878721e-02 5.74030836e-02 7.62528666e-02 9.88369832e-02 1.25386539e-01 1.54885820e-01 1.86456876e-01 2.18845600e-01 2.50179519e-01 2.78499735e-01 3.01896239e-01 3.18577033e-01 3.27299849e-01 3.27299849e-01 3.18577033e-01 3.01896239e-01 2.78499735e-01 2.50179519e-01 2.18845600e-01 1.86456876e-01 1.54885820e-01 1.25386539e-01 9.88369832e-02 7.62528666e-02 5.74030836e-02 4.20878721e-02 3.00371125e-02 2.08721333e-02 1.40416189e-02 9.08793788e-03 5.60473735e-03 3.21159417e-03 1.63272302e-03 6.26808811e-04 2.55037939e-05 -2.93259788e-04 -4.19540872e-04 -4.10310091e-04 -3.14732157e-04 -2.17199977e-04 -1.35054327e-04 -7.45764628e-05 -3.60677429e-05 -1.50793051e-05 -5.38490207e-06 -1.62637258e-06 -4.14378487e-07 -9.21170841e-08 -2.20373056e-08 -9.67152120e-09 -7.91815169e-09 -7.72483266e-09 -7.71376646e-09 -7.71923253e-09 -7.72545461e-09 -7.73118691e-09 -7.73630332e-09 -7.74075515e-09 -7.74451347e-09 -7.74753989e-09 -7.74980646e-09 -7.75126646e-09 -7.75190201e-09 -7.75168962e-09 -7.75063869e-09 -7.74877063e-09 -7.74611986e-09 -7.74272313e-09 -7.73861442e-09 -7.73382619e-09 -7.72839381e-09 -7.72238506e-09 -7.71615927e-09 -7.71421227e-09 -7.76915804e-09 -8.37315095e-09 -1.31628249e-08 -4.33951480e-08 -1.97575972e-07 -8.38125601e-07 -3.02337556e-06 -9.19682535e-06 -2.37681882e-05 -5.27741525e-05 -1.01949003e-04 -1.73676465e-04 -2.64641770e-04 -3.66031958e-04 -4.29328730e-04 -3.76528579e-04 -1.62813299e-04 2.84151722e-04 1.07047238e-03 2.33840584e-03 4.29124265e-03 7.18849423e-03 1.13552636e-02 1.72023621e-02 2.51239211e-02 3.56831741e-02 4.93093697e-02 6.63885952e-02 8.70017911e-02 1.11698773e-01 1.39817155e-01 1.70508981e-01 2.02641979e-01 2.34774745e-01 2.64825718e-01 2.90938444e-01 3.11168727e-01 3.23981906e-01 3.28415769e-01
3.28423486e-01 3.23953858e-01 3.10904757e-01 2.90309108e-01 2.63922135e-01 2.33674378e-01 2.01502608e-01 1.69166135e-01 1.38476665e-01 1.10452123e-01 8.57801425e-02 6.51702958e-02 4.83064286e-02 3.48534391e-02 2.44483319e-02 1.66777137e-02 1.09735386e-02 6.91417070e-03 4.10607997e-03 2.21678908e-03 9.97703027e-04 2.44165939e-04 -1.82757950e-04 -3.85272817e-04 -4.33429378e-04 -3.70235001e-04 -2.69779240e-04 -1.78451780e-04 -1.05556895e-04 -5.50306374e-05 -2.49394447e-05 -9.69938163e-06 -3.20035206e-06 -8.88817463e-07 -2.09265093e-07 -4.55404769e-08 -1.34727735e-08 -8.40870662e-09 -7.77320980e-09 -7.71542741e-09 -7.71704645e-09 -7.72311110e-09 -7.72897346e-09 -7.73427566e-09 -7.73894987e-09 -7.74295961e-09 -7.74627074e-09 -7.74885456e-09 -7.75067299e-09 -7.75169512e-09 -7.75190334e-09 -7.75128445e-09 -7.74986370e-09 -7.74765474e-09 -7.74470488e-09 -7.74103914e-09 -7.73669395e-09 -7.73170084e-09 -7.72610542e-09 -7.72003544e-09 -7.71476560e-09 -7.72668796e-09 -7.92968219e-09 -9.77919878e-09 -2.28779176e-08 -9.72735558e-08 -4.39406815e-07 -1.72362665e-06 -5.69074951e-06 -1.58653110e-05 -3.77320241e-05 -7.74968393e-05 -1.39306815e-04 -2.22294705e-04 -3.19581474e-04 -4.13935620e-04 -4.25255585e-04 -3.06517927e-04 -3.03728944e-06 5.72539682e-04 1.53830506e-03 3.06248787e-03 5.37620407e-03 8.76423992e-03 1.35997245e-02 2.02678503e-02 2.93018317e-02 4.11640991e-02 5.63025603e-02 7.49110958e-02 9.76691825e-02 1.24076719e-01 1.53549549e-01 1.85238266e-01 2.17719360e-01 2.49175646e-01 2.77668061e-01 3.01463169e-01 3.18451578e-01 3.27300423e-01 3.27300423e-01 3.18451578e-01 3.01463169e-01 2.77668061e-01 2.49175646e-01 2.17719360e-01 1.85238266e-01 1.53549549e-01 1.24076719e-01 9.76691825e-02 7.49110958e-02 5.63025603e-02 4.11640991e-02 2.93018317e-02 2.02678503e-02 1.35997245e-02 8.76423992e-03 5.37620407e-03 3.06248787e-03 1.53830506e-03 5.72539682e-04 -3.03728944e-06 -3.06517927e-04 -4.25255585e-04 -4.13935620e-04 -3.19581474e-04 -2.22294705e-04 -1.39306815e-04 -7.74968393e-05 -3.77320241e-05 -1.58653110e-05 -5.69074951e-06 -1.72362665e-06 -4.39406814e-07 -9.72735560e-08 -2.28779177e-08 -9.77919867e-09 -7.92968208e-09 -7.72668807e-09 -7.71476560e-09 -7.72003539e-09 -7.72610537e-09 -7.73170084e-09 -7.73669395e-09 -7.74103931e-09 -7.74470460e-09 -7.74765502e-09 -7.74986375e-09 -7.75128456e-09 -7.75190340e-09 -7.75169495e-09 -7.75067299e-09 -7.74885434e-09 -7.74627074e-09 -7.74295961e-09 -7.73895004e-09 -7.73427566e-09 -7.72897363e-09 -7.72311121e-09 -7.71704656e-09 -7.71542752e-09 -7.77320980e-09 -8.40870673e-09 -1.34727733e-08 -4.55404771e-08 -2.09265093e-07 -8.88817463e-07 -3.20035206e-06 -9.69938163e-06 -2.49394447e-05 -5.50306374e-05 -1.05556895e-04 -1.78451780e-04 -2.69779240e-04 -3.70235001e-04 -4.33429378e-04 -3.85272817e-04 -1.82757950e-04 2.44165939e-04 9.97703027e-04 2.21678908e-03 4.10607997e-03 6.91417070e-03 1.09735386e-02 1.66777137e-02 2.44483319e-02 3.48534391e-02 4.83064286e-02 6.51702958e-02 8.57801425e-02 1.10452123e-01 1.38476665e-01 1.69166135e-01 2.01502608e-01 2.33674378e-01 2.63922135e-01 2.90309108e-01 3.10904757e-01 3.23953858e-01 3.28423486e-01
3.28326926e-01 3.23786098e-01 3.10572013e-01 2.89877974e-01 2.63197462e-01 2.32547731e-01 2.00232702e-01 1.67906473e-01 1.37089770e-01 1.09141141e-01 8.46333243e-02 6.39251278e-02 4.73032035e-02 3.40240875e-02 2.38049862e-02 1.61608672e-02 1.06056924e-02 6.64804656e-03 3.92639302e-03 2.10112805e-03 9.27992261e-04 2.06758739e-04 -2.01114989e-04 -3.93010135e-04 -4.36943103e-04 -3.74092568e-04 -2.74726073e-04 -1.83170719e-04 -1.09187313e-04 -5.73331360e-05 -2.61479400e-05 -1.02224780e-05 -3.38577945e-06 -9.42167296e-07 -2.21595464e-07 -4.78036241e-08 -1.37989338e-08 -8.44585807e-09 -7.77733977e-09 -7.71661379e-09 -7.71790754e-09 -7.72381170e-09 -7.72953568e-09 -7.73471104e-09 -7.73927156e-09 -7.74318737e-09 -7.74641740e-09 -7.74893566e-09 -7.75070758e-09 -7.75170078e-09 -7.75190340e-09 -7.75130077e-09 -7.74991821e-09 -7.74776582e-09 -7.74489062e-09 -7.74131148e-09 -7.73707126e-09 -7.73219561e-09 -7.72673520e-09 -7.72081210e-09 -7.71573389e-09 -7.72853215e-09 -7.94162941e-09 -9.89221688e-09 -2.37639146e-08 -1.02714639e-07 -4.65785011e-07 -1.82577942e-06 -6.01023291e-06 -1.66800934e-05 -3.94402421e-05 -8.04572460e-05 -1.43550088e-04 -2.27271457e-04 -3.24161980e-04 -4.17100075e-04 -4.30168562e-04 -3.18544791e-04 -2.96215964e-05 5.21093132e-04 1.44761571e-03 2.91883255e-03 5.15618983e-03 8.44847925e-03 1.31606809e-02 1.96839241e-02 2.85705353e-02 4.02571991e-02 5.51815591e-02 7.37672280e-02 9.64382313e-02 1.22731798e-01 1.52207711e-01 1.83969806e-01 2.16518892e-01 2.48213619e-01 2.77168743e-01 3.01084439e-01 3.18198859e-01 3.27185845e-01 3.27185845e-01 3.18198859e-01 3.01084439e-01 2.77168743e-01 2.48213619e-01 2.16518892e-01 1.83969806e-01 1.52207711e-01 1.22731798e-01 9.64382313e-02 7.37672280e-02 5.51815591e-02 4.02571991e-02 2.85705353e-02 1.96839241e-02 1.31606809e-02 8.44847925e-03 5.15618983e-03 2.91883255e-03 1.44761571e-03 5.21093132e-04 -2.96215964e-05 -3.18544791e-04 -4.30168562e-04 -4.17100075e-04 -3.24161980e-04 -2.27271457e-04 -1.43550088e-04 -8.04572460e-05 -3.94402421e-05 -1.66800934e-05 -6.01023291e-06 -1.82577942e-06 -4.65785011e-07 -1.02714639e-07 -2.37639144e-08 -9.89221688e-09 -7.94162941e-09 -7.72853215e-09 -7.71573394e-09 -7.72081232e-09 -7.72673520e-09 -7.73219572e-09 -7.73707126e-09 -7.74131148e-09 -7.74489062e-09 -7.74776571e-09 -7.74991848e-09 -7.75130082e-09 -7.75190351e-09 -7.75170095e-09 -7.75070752e-09 -7.74893560e-09 -7.74641723e-09 -7.74318737e-09 -7.73927178e-09 -7.73471093e-09 -7.72953584e-09 -7.72381170e-09 -7.71790754e-09 -7.71661407e-09 -7.77733972e-09 -8.44585790e-09 -1.37989338e-08 -4.78036242e-08 -2.21595464e-07 -9.42167296e-07 -3.38577945e-06 -1.02224780e-05 -2.61479400e-05 -5.73331360e-05 -1.09187313e-04 -1.83170719e-04 -2.74726073e-04 -3.74092568e-04 -4.36943103e-04 -3.93010135e-04 -2.01114989e-04 2.06758739e-04 9.27992261e-04 2.10112805e-03 3.92639302e-03 6.64804656e-03 1.06056924e-02 1.61608672e-02 2.38049862e-02 3.40240875e-02 4.73032035e-02 6.39251278e-02 8.46333243e-02 1.09141141e-01 1.37089770e-01 1.67906473e-01 2.00232702e-01 2.32547731e-01 2.63197462e-01 2.89877974e-01 3.10572013e-01 3.23786098e-01 3.28326926e-01
3.28449423e-01 3.23853202e-01 3.10457954e-01 2.89424611e-01 2.62452611e-01 2.31644880e-01 1.98940712e-01 1.66534452e-01 1.35760595e-01 1.07814513e-01 8.34389046e-02 6.28472345e-02 4.62867458e-02 3.32173292e-02 2.31678888e-02 1.56613412e-02 1.02432517e-02 6.39346070e-03 3.75169783e-03 1.99147869e-03 8.62250312e-04 1.71685837e-04 -2.17921625e-04 -3.99763984e-04 -4.39857856e-04 -3.77599200e-04 -2.79471511e-04 -1.87823481e-04 -1.12834494e-04 -5.96796204e-05 -2.73935874e-05 -1.07665027e-05 -3.57993125e-06 -9.98284714e-07 -2.34596980e-07 -5.01903614e-08 -1.41420947e-08 -8.48468457e-09 -7.78155324e-09 -7.71777275e-09 -7.71874004e-09 -7.72449243e-09 -7.73007836e-09 -7.73513087e-09 -7.73958442e-09 -7.74340608e-09 -7.74655762e-09 -7.74901299e-09 -7.75073916e-09 -7.75170567e-09 -7.75190412e-09 -7.75131587e-09 -7.74997044e-09 -7.74787229e-09 -7.74506792e-09 -7.74157538e-09 -7.73743558e-09 -7.73267644e-09 -7.72734393e-09 -7.72156550e-09 -7.71667441e-09 -7.73036968e-09 -7.95401656e-09 -1.00108263e-08 -2.46975246e-08 -1.08454035e-07 -4.93572919e-07 -1.93301355e-06 -6.34371119e-06 -1.75239294e-05 -4.11915725e-05 -8.34539719e-05 -1.47776217e-04 -2.32119328e-04 -3.28464677e-04 -4.19817196e-04 -4.34265237e-04 -3.29430372e-04 -5.42222699e-05 4.72255759e-04 1.36069485e-03 2.77981629e-03 4.94312505e-03 8.14441192e-03 1.27261747e-02 1.91217660e-02 2.78353705e-02 3.93547558e-02 5.40395912e-02 7.26712203e-02 9.51557834e-02 1.21342195e-01 1.50880229e-01 1.82632511e-01 2.15384458e-01 2.47425696e-01 2.76542995e-01 3.00791615e-01 3.18202181e-01 3.27293669e-01 3.27293669e-01 3.18202181e-01 3.00791615e-01 2.76542995e-01 2.47425696e-01 2.15384458e-01 1.82632511e-01 1.50880229e-01 1.21342195e-01 9.51557834e-02 7.26712203e-02 5.40395912e-02 3.93547558e-02 2.78353705e-02 1.91217660e-02 1.27261747e-02 8.14441192e-03 4.94312505e-03 2.77981629e-03 1.36069485e-03 4.72255759e-04 -5.42222699e-05 -3.29430372e-04 -4.34265237e-04 -4.19817196e-04 -3.28464677e-04 -2.32119328e-04 -1.47776217e-04 -8.34539719e-05 -4.11915725e-05 -1.75239294e-05 -6.34371119e-06 -1.93301355e-06 -4.93572919e-07 -1.08454035e-07 -2.46975245e-08 -1.00108264e-08 -7.95401661e-09 -7.73036962e-09 -7.71667452e-09 -7.72156539e-09 -7.72734399e-09 -7.73267639e-09 -7.73743558e-09 -7.74157560e-09 -7.74506803e-09 -7.74787229e-09 -7.74997022e-09 -7.75131603e-09 -7.75190390e-09 -7.75170567e-09 -7.75073938e-09 -7.74901276e-09 -7.74655751e-09 -7.74340614e-09 -7.73958447e-09 -7.73513070e-09 -7.73007824e-09 -7.72449249e-09 -7.71874004e-09 -7.71777275e-09 -7.78155324e-09 -8.48468473e-09 -1.41420946e-08 -5.01903616e-08 -2.34596980e-07 -9.98284714e-07 -3.57993125e-06 -1.07665027e-05 -2.73935874e-05 -5.96796204e-05 -1.12834494e-04 -1.87823481e-04 -2.79471511e-04 -3.77599200e-04 -4.39857856e-04 -3.99763984e-04 -2.17921625e-04 1.71685837e-04 8.62250312e-04 1.99147869e-03 3.75169783e-03 6.39346070e-03 1.02432517e-02 1.56613412e-02 2.31678888e-02 3.32173292e-02 4.62867458e-02 6.28472345e-02 8.34389046e-02 1.07814513e-01 1.35760595e-01 1.66534452e-01 1.98940712e-01 2.31644880e-01 2.62452611e-01 2.89424611e-01 3.10457954e-01 3.23853202e-01 3.28449423e-01
3.28506142e-01 3.23877194e-01 3.10377025e-01 2.89125316e-01 2.61836891e-01 2.30649126e-01 1.97842603e-01 1.65149651e-01 1.34391187e-01 1.06465280e-01 8.22075186e-02 6.18132996e-02 4.52555415e-02 3.24151534e-02 2.25306992e-02 1.51775590e-02 9.88385181e-03 6.14394776e-03 3.58417099e-03 1.88606944e-03 7.99388052e-04 1.38708787e-04 -2.33156283e-04 -4.05530019e-04 -4.42213861e-04 -3.80750809e-04 -2.84005496e-04 -1.92400364e-04 -1.16492499e-04 -6.20678874e-05 -2.86762146e-05 -1.13318225e-05 -3.78308160e-06 -1.05728195e-06 -2.48300588e-07 -5.27066945e-08 -1.45030749e-08 -8.52526172e-09 -7.78585429e-09 -7.71890790e-09 -7.71954811e-09 -7.72514969e-09 -7.73060371e-09 -7.73553888e-09 -7.73988607e-09 -7.74361730e-09 -7.74669207e-09 -7.74908676e-09 -7.75076925e-09 -7.75171011e-09 -7.75190456e-09 -7.75133036e-09 -7.75002207e-09 -7.74797398e-09 -7.74524062e-09 -7.74183023e-09 -7.73778897e-09 -7.73314035e-09 -7.72793551e-09 -7.72229514e-09 -7.71758651e-09 -7.73220160e-09 -7.96686195e-09 -1.01352933e-08 -2.56810700e-08 -1.14505979e-07 -5.22832195e-07 -2.04551442e-06 -6.69153703e-06 -1.83970485e-05 -4.29850587e-05 -8.64831085e-05 -1.51977196e-04 -2.36827783e-04 -3.32481623e-04 -4.22103135e-04 -4.37700759e-04 -3.39104309e-04 -7.70372516e-05 4.25709363e-04 1.27825018e-03 2.64508776e-03 4.73815068e-03 7.84803130e-03 1.23028277e-02 1.85737150e-02 2.71255806e-02 3.84436306e-02 5.30350164e-02 7.15350802e-02 9.38658362e-02 1.20029570e-01 1.49473839e-01 1.81332031e-01 2.14356067e-01 2.46607286e-01 2.76111555e-01 3.00623754e-01 3.18182330e-01 3.27342799e-01 3.27342799e-01 3.18182330e-01 3.00623754e-01 2.76111555e-01 2.46607286e-01 2.14356067e-01 1.81332031e-01 1.49473839e-01 1.20029570e-01 9.38658362e-02 7.15350802e-02 5.30350164e-02 3.84436306e-02 2.71255806e-02 1.85737150e-02 1.23028277e-02 7.84803130e-03 4.73815068e-03 2.64508776e-03 1.27825018e-03 4.25709363e-04 -7.70372516e-05 -3.39104309e-04 -4.37700759e-04 -4.22103135e-04 -3.32481623e-04 -2.36827783e-04 -1.51977196e-04 -8.64831085e-05 -4.29850587e-05 -1.83970485e-05 -6.69153703e-06 -2.04551442e-06 -5.22832195e-07 -1.14505979e-07 -2.56810700e-08 -1.01352932e-08 -7.96686195e-09 -7.73220177e-09 -7.71758663e-09 -7.72229508e-09 -7.72793574e-09 -7.73314041e-09 -7.73778880e-09 -7.74183012e-09 -7.74524084e-09 -7.74797421e-09 -7.75002212e-09 -7.75133030e-09 -7.75190478e-09 -7.75171005e-09 -7.75076919e-09 -7.74908693e-09 -7.74669229e-09 -7.74361764e-09 -7.73988634e-09 -7.73553888e-09 -7.73060393e-09 -7.72514952e-09 -7.71954795e-09 -7.71890807e-09 -7.78585468e-09 -8.52526172e-09 -1.45030750e-08 -5.27066943e-08 -2.48300588e-07 -1.05728195e-06 -3.78308160e-06 -1.13318225e-05 -2.86762146e-05 -6.20678874e-05 -1.16492499e-04 -1.92400364e-04 -2.84005496e-04 -3.80750809e-04 -4.42213861e-04 -4.05530019e-04 -2.33156283e-04 1.38708787e-04 7.99388052e-04 1.88606944e-03 3.58417099e-03 6.14394776e-03 9.88385181e-03 1.51775590e-02 2.25306992e-02 3.24151534e-02 4.52555415e-02 6.18132996e-02 8.22075186e-02 1.06465280e-01 1.34391187e-01 1.65149651e-01 1.97842603e-01 2.30649126e-01 2.61836891e-01 2.89125316e-01 3.10377025e-01 3.23877194e-01 3.28506142e-01
3.28299453e-01 3.23646737e-01 3.10079027e-01 2.88721646e-01 2.61290434e-01 2.29839384e-01 1.96658707e-01 1.63880899e-01 1.32982778e-01 1.05164606e-01 8.09733597e-02 6.07491551e-02 4.43199286e-02 3.16106840e-02 2.19086047e-02 1.47126595e-02 9.53137279e-03 5.90490168e-03 3.42254157e-03 1.78479114e-03 7.39499967e-04 1.07652858e-04 -2.46865241e-04 -4.10415836e-04 -4.44018846e-04 -3.83544671e-04 -2.88318715e-04 -1.96891813e-04 -1.20155238e-04 -6.44955604e-05 -2.99955605e-05 -1.19187810e-05 -3.99550466e-06 -1.11927378e-06 -2.62738305e-07 -5.53588708e-08 -1.48827333e-08 -8.56767490e-09 -7.79025355e-09 -7.72001962e-09 -7.72033154e-09 -7.72578801e-09 -7.73111247e-09 -7.73593312e-09 -7.74017805e-09 -7.74382203e-09 -7.74682274e-09 -7.74915815e-09 -7.75079939e-09 -7.75171383e-09 -7.75190506e-09 -7.75134412e-09 -7.75007070e-09 -7.74807291e-09 -7.74540770e-09 -7.74207631e-09 -7.73813080e-09 -7.73359055e-09 -7.72850700e-09 -7.72300157e-09 -7.71847358e-09 -7.73403186e-09 -7.98019018e-09 -1.02658946e-08 -2.67169704e-08 -1.20885249e-07 -5.53626317e-07 -2.16346988e-06 -7.05405567e-06 -1.92996305e-05 -4.48196109e-05 -8.95405596e-05 -1.56144972e-04 -2.41386702e-04 -3.36205956e-04 -4.23968395e-04 -4.40480978e-04 -3.47725731e-04 -9.82340442e-05 3.81930230e-04 1.20025284e-03 2.51517962e-03 4.54014133e-03 7.55563392e-03 1.18938931e-02 1.80301596e-02 2.64212225e-02 3.75242209e-02 5.20796201e-02 7.03698106e-02 9.25670554e-02 1.18647385e-01 1.48048922e-01 1.80153558e-01 2.13332323e-01 2.45925329e-01 2.75643230e-01 3.00278126e-01 3.17922641e-01 3.27130107e-01 3.27130107e-01 3.17922641e-01 3.00278126e-01 2.75643230e-01 2.45925329e-01 2.13332323e-01 1.80153558e-01 1.48048922e-01 1.18647385e-01 9.25670554e-02 7.03698106e-02 5.20796201e-02 3.75242209e-02 2.64212225e-02 1.80301596e-02 1.18938931e-02 7.55563392e-03 4.54014133e-03 2.51517962e-03 1.20025284e-03 3.81930230e-04 -9.82340442e-05 -3.47725731e-04 -4.40480978e-04 -4.23968395e-04 -3.36205956e-04 -2.41386702e-04 -1.56144972e-04 -8.95405596e-05 -4.48196109e-05 -1.92996305e-05 -7.05405567e-06 -2.16346988e-06 -5.53626317e-07 -1.20885250e-07 -2.67169703e-08 -1.02658947e-08 -7.98019018e-09 -7.73403169e-09 -7.71847364e-09 -7.72300163e-09 -7.72850728e-09 -7.73359043e-09 -7.73813064e-09 -7.74207654e-09 -7.74540776e-09 -7.74807274e-09 -7.75007075e-09 -7.75134396e-09 -7.75190512e-09 -7.75171372e-09 -7.75079934e-09 -7.74915809e-09 -7.74682285e-09 -7.74382197e-09 -7.74017817e-09 -7.73593312e-09 -7.73111253e-09 -7.72578784e-09 -7.72033193e-09 -7.72001935e-09 -7.79025344e-09 -8.56767496e-09 -1.48827334e-08 -5.53588708e-08 -2.62738305e-07 -1.11927378e-06 -3.99550466e-06 -1.19187810e-05 -2.99955605e-05 -6.44955604e-05 -1.20155238e-04 -1.96891813e-04 -2.88318715e-04 -3.83544671e-04 -4.44018846e-04 -4.10415836e-04 -2.46865241e-04 1.07652858e-04 7.39499967e-04 1.78479114e-03 3.42254157e-03 5.90490168e-03 9.53137279e-03 1.47126595e-02 2.19086047e-02 3.16106840e-02 4.43199286e-02 6.07491551e-02 8.09733597e-02 1.05164606e-01 1.32982778e-01 1.63880899e-01 1.96658707e-01 2.29839384e-01 2.61290434e-01 2.88721646e-01 3.10079027e-01 3.23646737e-01 3.28299453e-01
3.27825937e-01 3.23150283e-01 3.09523028e-01 2.88084848e-01 2.60562666e-01 2.29018160e-01 1.95635847e-01 1.62600038e-01 1.31604705e-01 1.03805218e-01 7.97420854e-02 5.96652110e-02 4.34454463e-02 3.08028359e-02 2.12981152e-02 1.42548192e-02 9.19128180e-03 5.67121258e-03 3.26770532e-03 1.68690746e-03 6.83167298e-04 7.85358247e-05 -2.59288128e-04 -4.14436694e-04 -4.45286274e-04 -3.85979415e-04 -2.92402644e-04 -2.01288461e-04 -1.23816488e-04 -6.69600936e-05 -3.13512735e-05 -1.25276968e-05 -4.21747402e-06 -1.18437747e-06 -2.77943220e-07 -5.81533829e-08 -1.52819588e-08 -8.61200355e-09 -7.79475540e-09 -7.72110897e-09 -7.72108982e-09 -7.72640557e-09 -7.73160613e-09 -7.73631520e-09 -7.74046072e-09 -7.74401937e-09 -7.74694864e-09 -7.74922704e-09 -7.75082720e-09 -7.75171716e-09 -7.75190528e-09 -7.75135667e-09 -7.75011783e-09 -7.74816722e-09 -7.74556741e-09 -7.74231401e-09 -7.73846170e-09 -7.73402675e-09 -7.72906183e-09 -7.72368630e-09 -7.71933623e-09 -7.73586195e-09 -7.99402300e-09 -1.04029156e-08 -2.78077416e-08 -1.27607174e-07 -5.86020583e-07 -2.28707007e-06 -7.43160368e-06 -2.02318021e-05 -4.66940048e-05 -9.26220522e-05 -1.60271478e-04 -2.45786432e-04 -3.39631920e-04 -4.25417124e-04 -4.42593236e-04 -3.55209936e-04 -1.17793519e-04 3.40540553e-04 1.12578598e-03 2.39093543e-03 4.34791631e-03 7.26859566e-03 1.15021619e-02 1.74931534e-02 2.57199811e-02 3.66610735e-02 5.10994586e-02 6.92037460e-02 9.12998495e-02 1.17253343e-01 1.46802278e-01 1.78952046e-01 2.12418189e-01 2.45158417e-01 2.74958002e-01 2.99684399e-01 3.17400091e-01 3.26650614e-01 3.26650614e-01 3.17400091e-01 2.99684399e-01 2.74958002e-01 2.45158417e-01 2.12418189e-01 1.78952046e-01 1.46802278e-01 1.17253343e-01 9.12998495e-02 6.92037460e-02 5.10994586e-02 3.66610735e-02 2.57199811e-02 1.74931534e-02 1.15021619e-02 7.26859566e-03 4.34791631e-03 2.39093543e-03 1.12578598e-03 3.40540553e-04 -1.17793519e-04 -3.55209936e-04 -4.42593236e-04 -4.25417124e-04 -3.39631920e-04 -2.45786432e-04 -1.60271478e-04 -9.26220522e-05 -4.66940048e-05 -2.02318021e-05 -7.43160368e-06 -2.28707007e-06 -5.86020583e-07 -1.27607174e-07 -2.78077414e-08 -1.04029156e-08 -7.99402289e-09 -7.73586195e-09 -7.71933617e-09 -7.72368647e-09 -7.72906183e-09 -7.73402675e-09 -7.73846170e-09 -7.74231390e-09 -7.74556730e-09 -7.74816711e-09 -7.75011783e-09 -7.75135650e-09 -7.75190528e-09 -7.75171705e-09 -7.75082731e-09 -7.74922693e-09 -7.74694864e-09 -7.74401931e-09 -7.74046055e-09 -7.73631503e-09 -7.73160636e-09 -7.72640540e-09 -7.72108993e-09 -7.72110897e-09 -7.79475551e-09 -8.61200355e-09 -1.52819588e-08 -5.81533828e-08 -2.77943221e-07 -1.18437747e-06 -4.21747402e-06 -1.25276968e-05 -3.13512735e-05 -6.69600936e-05 -1.23816488e-04 -2.01288461e-04 -2.92402644e-04 -3.85979415e-04 -4.45286274e-04 -4.14436694e-04 -2.59288128e-04 7.85358247e-05 6.83167298e-04 1.68690746e-03 3.26770532e-03 5.67121258e-03 9.19128180e-03 1.42548192e-02 2.12981152e-02 3.08028359e-02 4.34454463e-02 5.96652110e-02 7.97420854e-02 1.03805218e-01 1.31604705e-01 1.62600038e-01 1.95635847e-01 2.29018160e-01 2.60562666e-01 2.88084848e-01 3.09523028e-01 3.23150283e-01 3.27825937e-01
3.27329602e-01 3.22601834e-01 3.08825776e-01 2.87229422e-01 2.59617627e-01 2.28028359e-01 1.94604092e-01 1.61394835e-01 1.30318928e-01 1.02450263e-01 7.85318519e-02 5.85840829e-02 4.25553731e-02 3.00162596e-02 2.06947084e-02 1.37993436e-02 8.86257175e-03 5.44191901e-03 3.11788583e-03 1.59294470e-03 6.29959079e-04 5.11577377e-05 -2.70524305e-04 -4.17697176e-04 -4.46050664e-04 -3.88055008e-04 -2.96249579e-04 -2.05581169e-04 -1.27469916e-04 -6.94587751e-05 -3.27429080e-05 -1.31588612e-05 -4.44926207e-06 -1.25271270e-06 -2.93949524e-07 -6.10969857e-08 -1.57016763e-08 -8.65833738e-09 -7.79936593e-09 -7.72217645e-09 -7.72182590e-09 -7.72700570e-09 -7.73208508e-09 -7.73668518e-09 -7.74073472e-09 -7.74421038e-09 -7.74707098e-09 -7.74929271e-09 -7.75085490e-09 -7.75171971e-09 -7.75190506e-09 -7.75136821e-09 -7.75016396e-09 -7.74825809e-09 -7.74572306e-09 -7.74254405e-09 -7.73878228e-09 -7.73444964e-09 -7.72959990e-09 -7.72435060e-09 -7.72017278e-09 -7.73769343e-09 -8.00838484e-09 -1.05466574e-08 -2.89560034e-08 -1.34687641e-07 -6.20082092e-07 -2.41650707e-06 -7.82450776e-06 -2.11936348e-05 -4.86068815e-05 -9.57231481e-05 -1.64348665e-04 -2.50017829e-04 -3.42754873e-04 -4.26454485e-04 -4.44094422e-04 -3.61711618e-04 -1.35878646e-04 3.01347851e-04 1.05442486e-03 2.27159546e-03 4.16408093e-03 6.98889461e-03 1.11202803e-02 1.69721842e-02 2.50174577e-02 3.58780992e-02 5.01031905e-02 6.80451165e-02 8.99893269e-02 1.15923968e-01 1.45484132e-01 1.77851570e-01 2.11410546e-01 2.44189263e-01 2.74051725e-01 2.98888601e-01 3.16788177e-01 3.26141207e-01 3.26141207e-01 3.16788177e-01 2.98888601e-01 2.74051725e-01 2.44189263e-01 2.11410546e-01 1.77851570e-01 1.45484132e-01 1.15923968e-01 8.99893269e-02 6.80451165e-02 5.01031905e-02 3.58780992e-02 2.50174577e-02 1.69721842e-02 1.11202803e-02 6.98889461e-03 4.16408093e-03 2.27159546e-03 1.05442486e-03 3.01347851e-04 -1.35878646e-04 -3.61711618e-04 -4.44094422e-04 -4.26454485e-04 -3.42754873e-04 -2.50017829e-04 -1.64348665e-04 -9.57231481e-05 -4.86068815e-05 -2.11936348e-05 -7.82450776e-06 -2.41650707e-06 -6.20082092e-07 -1.34687642e-07 -2.89560036e-08 -1.05466572e-08 -8.00838479e-09 -7.73769360e-09 -7.72017289e-09 -7.72435055e-09 -7.72959968e-09 -7.73444964e-09 -7.73878245e-09 -7.74254383e-09 -7.74572295e-09 -7.74825787e-09 -7.75016396e-09 -7.75136805e-09 -7.75190506e-09 -7.75171977e-09 -7.75085479e-09 -7.74929287e-09 -7.74707087e-09 -7.74421005e-09 -7.74073450e-09 -7.73668518e-09 -7.73208486e-09 -7.72700570e-09 -7.72182579e-09 -7.72217662e-09 -7.79936599e-09 -8.65833727e-09 -1.57016765e-08 -6.10969857e-08 -2.93949524e-07 -1.25271270e-06 -4.44926207e-06 -1.31588612e-05 -3.27429080e-05 -6.94587751e-05 -1.27469916e-04 -2.05581169e-04 -2.96249579e-04 -3.88055008e-04 -4.46050664e-04 -4.17697176e-04 -2.70524305e-04 5.11577377e-05 6.29959079e-04 1.59294470e-03 3.11788583e-03 5.44191901e-03 8.86257175e-03 1.37993436e-02 2.06947084e-02 3.00162596e-02 4.25553731e-02 5.85840829e-02 7.85318519e-02 1.02450263e-01 1.30318928e-01 1.61394835e-01 1.94604092e-01 2.28028359e-01 2.59617627e-01 2.87229422e-01 3.08825776e-01 3.22601834e-01 3.27329602e-01
3.27078578e-01 3.22275178e-01 3.08291522e-01 2.86378704e-01 2.58529530e-01 2.26853754e-01 1.93434156e-01 1.60239687e-01 1.29016534e-01 1.01175706e-01 7.72904922e-02 5.75107092e-02 4.16555065e-02 2.93208660e-02 2.00928418e-02 1.33588838e-02 8.54787010e-03 5.21741228e-03 2.97381077e-03 1.50365321e-03 5.79466361e-04 2.57392188e-05 -2.80594558e-04 -4.20199175e-04 -4.46325446e-04 -3.89772719e-04 -2.99852670e-04 -2.09761071e-04 -1.31109103e-04 -7.19887328e-05 -3.41699234e-05 -1.38125361e-05 -4.69113928e-06 -1.32440143e-06 -3.10792495e-07 -6.41966800e-08 -1.61428496e-08 -8.70676459e-09 -7.80409048e-09 -7.72322467e-09 -7.72254016e-09 -7.72758790e-09 -7.73254921e-09 -7.73704328e-09 -7.74099984e-09 -7.74439451e-09 -7.74718845e-09 -7.74935621e-09 -7.75088138e-09 -7.75172182e-09 -7.75190523e-09 -7.75137848e-09 -7.75020809e-09 -7.74834541e-09 -7.74587300e-09 -7.74276554e-09 -7.73909370e-09 -7.73485859e-09 -7.73012132e-09 -7.72499559e-09 -7.72098735e-09 -7.73952757e-09 -8.02329814e-09 -1.06974239e-08 -3.01644754e-08 -1.42143110e-07 -6.55879747e-07 -2.55197468e-06 -8.23308343e-06 -2.21851423e-05 -5.05567472e-05 -9.88392567e-05 -1.68368540e-04 -2.54072298e-04 -3.45571302e-04 -4.27101208e-04 -4.45008139e-04 -3.67240663e-04 -1.52465832e-04 2.64704227e-04 9.86003755e-04 2.15779079e-03 3.98416236e-03 6.72013488e-03 1.07431340e-02 1.64590551e-02 2.43163420e-02 3.50849067e-02 4.91131722e-02 6.69059232e-02 8.86853005e-02 1.14625575e-01 1.44274598e-01 1.76695823e-01 2.10235791e-01 2.43032580e-01 2.73091131e-01 2.98209863e-01 3.16371763e-01 3.25870924e-01 3.25870924e-01 3.16371763e-01 2.98209863e-01 2.73091131e-01 2.43032580e-01 2.10235791e-01 1.76695823e-01 1.44274598e-01 1.14625575e-01 8.86853005e-02 6.69059232e-02 4.91131722e-02 3.50849067e-02 2.43163420e-02 1.64590551e-02 1.07431340e-02 6.72013488e-03 3.98416236e-03 2.15779079e-03 9.86003755e-04 2.64704227e-04 -1.52465832e-04 -3.67240663e-04 -4.45008139e-04 -4.27101208e-04 -3.45571302e-04 -2.54072298e-04 -1.68368540e-04 -9.88392567e-05 -5.05567472e-05 -2.21851423e-05 -8.23308343e-06 -2.55197468e-06 -6.55879747e-07 -1.42143110e-07 -3.01644754e-08 -1.06974239e-08 -8.02329814e-09 -7.73952757e-09 -7.72098713e-09 -7.72499520e-09 -7.73012127e-09 -7.73485853e-09 -7.73909353e-09 -7.74276554e-09 -7.74587317e-09 -7.74834541e-09 -7.75020809e-09 -7.75137876e-09 -7.75190528e-09 -7.75172182e-09 -7.75088121e-09 -7.74935627e-09 -7.74718845e-09 -7.74439479e-09 -7.74099962e-09 -7.73704345e-09 -7.73254916e-09 -7.72758790e-09 -7.72254016e-09 -7.72322473e-09 -7.80409015e-09 -8.70676464e-09 -1.61428499e-08 -6.41966802e-08 -3.10792495e-07 -1.32440143e-06 -4.69113928e-06 -1.38125361e-05 -3.41699234e-05 -7.19887328e-05 -1.31109103e-04 -2.09761071e-04 -2.99852670e-04 -3.89772719e-04 -4.46325446e-04 -4.20199175e-04 -2.80594558e-04 2.57392188e-05 5.79466361e-04 1.50365321e-03 2.97381077e-03 5.21741228e-03 8.54787010e-03 1.33588838e-02 2.00928418e-02 2.93208660e-02 4.16555065e-02 5.75107092e-02 7.72904922e-02 1.01175706e-01 1.29016534e-01 1.60239687e-01 1.93434156e-01 2.26853754e-01 2.58529530e-01 2.86378704e-01 3.08291522e-01 3.22275178e-01 3.27078578e-01
3.26730428e-01 3.21897815e-01 3.07834591e-01 2.85774118e-01 2.57558898e-01 2.25590740e-01 1.92109941e-01 1.58983938e-01 1.27791537e-01 9.98926334e-02 7.60535252e-02 5.64569148e-02 4.07620990e-02 2.86207857e-02 1.94929919e-02 1.29272126e-02 8.24016734e-03 5.00075908e-03 2.83537836e-03 1.41825038e-03 5.31519407e-04 2.11595040e-06 -2.89527294e-04 -4.22012744e-04 -4.46153300e-04 -3.91135088e-04 -3.03205943e-04 -2.13819611e-04 -1.34727567e-04 -7.45469395e-05 -3.56316817e-05 -1.44889526e-05 -4.94337353e-06 -1.39956783e-06 -3.28508521e-07 -6.74597366e-08 -1.66064726e-08 -8.75738004e-09 -7.80893622e-09 -7.72425390e-09 -7.72323372e-09 -7.72815190e-09 -7.73299835e-09 -7.73739195e-09 -7.74125625e-09 -7.74457337e-09 -7.74730247e-09 -7.74941644e-09 -7.75090570e-09 -7.75172326e-09 -7.75190545e-09 -7.75138848e-09 -7.75025061e-09 -7.74842990e-09 -7.74601960e-09 -7.74298081e-09 -7.73939501e-09 -7.73525516e-09 -7.73062758e-09 -7.72562025e-09 -7.72177855e-09 -7.74136916e-09 -8.03878808e-09 -1.08555355e-08 -3.14359783e-08 -1.49990618e-07 -6.93484219e-07 -2.69366805e-06 -8.65763373e-06 -2.32062780e-05 -5.25419743e-05 -1.01965650e-04 -1.72323195e-04 -2.57941833e-04 -3.48078813e-04 -4.27346212e-04 -4.45332955e-04 -3.71884398e-04 -1.67698340e-04 2.30255136e-04 9.20440498e-04 2.04758426e-03 3.80823112e-03 6.46296834e-03 1.03731793e-02 1.59502681e-02 2.36993067e-02 3.42825733e-02 4.81270854e-02 6.57461124e-02 8.74705327e-02 1.13352381e-01 1.43056985e-01 1.75401726e-01 2.08908317e-01 2.41876321e-01 2.72303282e-01 2.97699723e-01 3.15960022e-01 3.25515358e-01 3.25515358e-01 3.15960022e-01 2.97699723e-01 2.72303282e-01 2.41876321e-01 2.08908317e-01 1.75401726e-01 1.43056985e-01 1.13352381e-01 8.74705327e-02 6.57461124e-02 4.81270854e-02 3.42825733e-02 2.36993067e-02 1.59502681e-02 1.03731793e-02 6.46296834e-03 3.80823112e-03 2.04758426e-03 9.20440498e-04 2.30255136e-04 -1.67698340e-04 -3.71884398e-04 -4.45332955e-04 -4.27346212e-04 -3.48078813e-04 -2.57941833e-04 -1.72323195e-04 -1.01965650e-04 -5.25419743e-05 -2.32062780e-05 -8.65763373e-06 -2.69366805e-06 -6.93484219e-07 -1.49990618e-07 -3.14359783e-08 -1.08555351e-08 -8.03878814e-09 -7.74136921e-09 -7.72177866e-09 -7.72562059e-09 -7.73062753e-09 -7.73525533e-09 -7.73939507e-09 -7.74298076e-09 -7.74601955e-09 -7.74842968e-09 -7.75025033e-09 -7.75138881e-09 -7.75190523e-09 -7.75172337e-09 -7.75090581e-09 -7.74941633e-09 -7.74730247e-09 -7.74457326e-09 -7.74125625e-09 -7.73739206e-09 -7.73299846e-09 -7.72815190e-09 -7.72323339e-09 -7.72425379e-09 -7.80893616e-09 -8.75738004e-09 -1.66064725e-08 -6.74597368e-08 -3.28508521e-07 -1.39956783e-06 -4.94337353e-06 -1.44889526e-05 -3.56316817e-05 -7.45469395e-05 -1.34727567e-04 -2.13819611e-04 -3.03205943e-04 -3.91135088e-04 -4.46153300e-04 -4.22012744e-04 -2.89527294e-04 2.11595040e-06 5.31519407e-04 1.41825038e-03 2.83537836e-03 5.00075908e-03 8.24016734e-03 1.29272126e-02 1.94929919e-02 2.86207857e-02 4.07620990e-02 5.64569148e-02 7.60535252e-02 9.98926334e-02 1.27791537e-01 1.58983938e-01 1.92109941e-01 2.25590740e-01 2.57558898e-01 2.85774118e-01 3.07834591e-01 3.21897815e-01 3.26730428e-01
3.26731927e-01 3.21803619e-01 3.07469611e-01 2.85021462e-01 2.56698074e-01 2.24446326e-01 1.90712027e-01 1.57606173e-01 1.26537487e-01 9.86606254e-02 7.49043270e-02 5.53875801e-02 3.98712652e-02 2.79155947e-02 1.89385014e-02 1.25028906e-02 7.93656444e-03 4.79271918e-03 2.70077278e-03 1.33718526e-03 4.85809888e-04 -1.97683493e-05 -2.97582889e-04 -4.23223220e-04 -4.45557107e-04 -3.92145876e-04 -3.06304323e-04 -2.17748584e-04 -1.38318788e-04 -7.71302204e-05 -3.71274462e-05 -1.51883084e-05 -5.20622936e-06 -1.47833817e-06 -3.47135079e-07 -7.08936809e-08 -1.70935812e-08 -8.81027407e-09 -7.81390841e-09 -7.72526509e-09 -7.72390690e-09 -7.72869913e-09 -7.73343600e-09 -7.73772924e-09 -7.74150555e-09 -7.74474646e-09 -7.74741277e-09 -7.74947412e-09 -7.75093084e-09 -7.75172410e-09 -7.75190517e-09 -7.75139736e-09 -7.75029196e-09 -7.74851011e-09 -7.74616138e-09 -7.74318842e-09 -7.73968817e-09 -7.73563968e-09 -7.73111891e-09 -7.72622666e-09 -7.72255071e-09 -7.74321879e-09 -8.05488148e-09 -1.10213233e-08 -3.27734426e-08 -1.58247771e-07 -7.32967913e-07 -2.84178338e-06 -9.09844791e-06 -2.42569330e-05 -5.45608023e-05 -1.05097474e-04 -1.76204845e-04 -2.61619050e-04 -3.50276128e-04 -4.27192729e-04 -4.45137527e-04 -3.75731136e-04 -1.81650441e-04 1.97889029e-04 8.58513875e-04 1.94243921e-03 3.63727673e-03 6.21408139e-03 1.00153218e-02 1.54455933e-02 2.30915658e-02 3.34858902e-02 4.71654871e-02 6.45937033e-02 8.62306816e-02 1.12137593e-01 1.41737678e-01 1.73975334e-01 2.07587274e-01 2.40917584e-01 2.71493790e-01 2.97148580e-01 3.15749597e-01 3.25492630e-01 3.25492630e-01 3.15749597e-01 2.97148580e-01 2.71493790e-01 2.40917584e-01 2.07587274e-01 1.73975334e-01 1.41737678e-01 1.12137593e-01 8.62306816e-02 6.45937033e-02 4.71654871e-02 3.34858902e-02 2.30915658e-02 1.54455933e-02 1.00153218e-02 6.21408139e-03 3.63727673e-03 1.94243921e-03 8.58513875e-04 1.97889029e-04 -1.81650441e-04 -3.75731136e-04 -4.45137527e-04 -4.27192729e-04 -3.50276128e-04 -2.61619050e-04 -1.76204845e-04 -1.05097474e-04 -5.45608023e-05 -2.42569330e-05 -9.09844791e-06 -2.84178338e-06 -7.32967913e-07 -1.58247771e-07 -3.27734425e-08 -1.10213236e-08 -8.05488143e-09 -7.74321873e-09 -7.72255071e-09 -7.72622671e-09 -7.73111891e-09 -7.73563968e-09 -7.73968817e-09 -7.74318865e-09 -7.74616132e-09 -7.74851022e-09 -7.75029207e-09 -7.75139730e-09 -7.75190501e-09 -7.75172426e-09 -7.75093073e-09 -7.74947417e-09 -7.74741277e-09 -7.74474618e-09 -7.74150555e-09 -7.73772951e-09 -7.73343595e-09 -7.72869924e-09 -7.72390690e-09 -7.72526498e-09 -7.81390852e-09 -8.81027395e-09 -1.70935811e-08 -7.08936809e-08 -3.47135079e-07 -1.47833817e-06 -5.20622936e-06 -1.51883084e-05 -3.71274462e-05 -7.71302204e-05 -1.38318788e-04 -2.17748584e-04 -3.06304323e-04 -3.92145876e-04 -4.45557107e-04 -4.23223220e-04 -2.97582889e-04 -1.97683493e-05 4.85809888e-04 1.33718526e-03 2.70077278e-03 4.79271918e-03 7.93656444e-03 1.25028906e-02 1.89385014e-02 2.79155947e-02 3.98712652e-02 5.53875801e-02 7.49043270e-02 9.86606254e-02 1.26537487e-01 1.57606173e-01 1.90712027e-01 2.24446326e-01 2.56698074e-01 2.85021462e-01 3.07469611e-01 3.21803619e-01 3.26731927e-01
3.26705738e-01 3.21719914e-01 3.07225573e-01 2.84639661e-01 2.55847497e-01 2.23348920e-01 1.89411056e-01 1.56132581e-01 1.25190229e-01 9.74693671e-02 7.37270983e-02 5.43267288e-02 3.90080728e-02 2.72145648e-02 1.84187127e-02 1.20827918e-02 7.64315820e-03 4.59464008e-03 2.56947320e-03 1.25896264e-03 4.42329540e-04 -4.03132793e-05 -3.04661093e-04 -4.23821729e-04 -4.44525680e-04 -3.92810017e-04 -3.09143640e-04 -2.21540165e-04 -1.41876233e-04 -7.97352600e-05 -3.86563805e-05 -1.59107663e-05 -5.47996717e-06 -1.56084061e-06 -3.66710742e-07 -7.45063061e-08 -1.76052385e-08 -8.86554558e-09 -7.81901505e-09 -7.72625997e-09 -7.72455994e-09 -7.72922992e-09 -7.73385894e-09 -7.73805653e-09 -7.74174780e-09 -7.74491316e-09 -7.74752001e-09 -7.74953013e-09 -7.75095477e-09 -7.75172360e-09 -7.75190456e-09 -7.75140452e-09 -7.75033182e-09 -7.74858805e-09 -7.74629882e-09 -7.74338971e-09 -7.73997266e-09 -7.73601239e-09 -7.73159586e-09 -7.72681447e-09 -7.72330250e-09 -7.74507780e-09 -8.07159750e-09 -1.11951226e-08 -3.41798970e-08 -1.66932764e-07 -7.74404943e-07 -2.99651750e-06 -9.55580003e-06 -2.53369341e-05 -5.66113403e-05 -1.08229771e-04 -1.80005855e-04 -2.65097216e-04 -3.52163071e-04 -4.26673003e-04 -4.44413237e-04 -3.78814548e-04 -1.94292468e-04 1.67558752e-04 7.99825259e-04 1.84149448e-03 3.47324487e-03 5.97110136e-03 9.66565686e-03 1.49538999e-02 2.24816386e-02 3.26897671e-02 4.61922487e-02 6.35186163e-02 8.50596217e-02 1.10874031e-01 1.40312474e-01 1.72550238e-01 2.06446279e-01 2.39855945e-01 2.70884726e-01 2.96836302e-01 3.15597354e-01 3.25451911e-01 3.25451911e-01 3.15597354e-01 2.96836302e-01 2.70884726e-01 2.39855945e-01 2.06446279e-01 1.72550238e-01 1.40312474e-01 1.10874031e-01 8.50596217e-02 6.35186163e-02 4.61922487e-02 3.26897671e-02 2.24816386e-02 1.49538999e-02 9.66565686e-03 5.97110136e-03 3.47324487e-03 1.84149448e-03 7.99825259e-04 1.67558752e-04 -1.94292468e-04 -3.78814548e-04 -4.44413237e-04 -4.26673003e-04 -3.52163071e-04 -2.65097216e-04 -1.80005855e-04 -1.08229771e-04 -5.66113403e-05 -2.53369341e-05 -9.55580003e-06 -2.99651750e-06 -7.74404943e-07 -1.66932764e-07 -3.41798972e-08 -1.11951224e-08 -8.07159750e-09 -7.74507780e-09 -7.72330233e-09 -7.72681458e-09 -7.73159581e-09 -7.73601222e-09 -7.73997250e-09 -7.74338982e-09 -7.74629871e-09 -7.74858788e-09 -7.75033171e-09 -7.75140468e-09 -7.75190473e-09 -7.75172360e-09 -7.75095482e-09 -7.74953024e-09 -7.74751990e-09 -7.74491327e-09 -7.74174752e-09 -7.73805647e-09 -7.73385911e-09 -7.72922959e-09 -7.72456010e-09 -7.72625997e-09 -7.81901516e-09 -8.86554546e-09 -1.76052385e-08 -7.45063059e-08 -3.66710742e-07 -1.56084061e-06 -5.47996717e-06 -1.59107663e-05 -3.86563805e-05 -7.97352600e-05 -1.41876233e-04 -2.21540165e-04 -3.09143640e-04 -3.92810017e-04 -4.44525680e-04 -4.23821729e-04 -3.04661093e-04 -4.03132793e-05 4.42329540e-04 1.25896264e-03 2.56947320e-03 4.59464008e-03 7.64315820e-03 1.20827918e-02 1.84187127e-02 2.72145648e-02 3.90080728e-02 5.43267288e-02 7.37270983e-02 9.74693671e-02 1.25190229e-01 1.56132581e-01 1.89411056e-01 2.23348920e-01 2.55847497e-01 2.84639661e-01 3.07225573e-01 3.21719914e-01 3.26705738e-01
3.26595683e-01 3.21579337e-01 3.06999055e-01 2.84184441e-01 2.55152104e-01 2.22328921e-01 1.88161992e-01 1.54720483e-01 1.23753781e-01 9.62259212e-02 7.26182280e-02 5.33318177e-02 3.81362575e-02 2.65169248e-02 1.78989601e-02 1.16678399e-02 7.35793614e-03 4.40288644e-03 2.44265394e-03 1.18445501e-03 4.01360106e-04 -5.93258108e-05 -3.10748403e-04 -4.23789769e-04 -4.43077956e-04 -3.93133558e-04 -3.11720642e-04 -2.25186952e-04 -1.45393381e-04 -8.23586105e-05 -4.02175476e-05 -1.66564521e-05 -5.76484242e-06 -1.64720511e-06 -3.87275153e-07 -7.83056566e-08 -1.81425437e-08 -8.92329138e-09 -7.82425907e-09 -7.72723918e-09 -7.72519482e-09 -7.72974573e-09 -7.73427089e-09 -7.73837366e-09 -7.74198250e-09 -7.74507414e-09 -7.74762426e-09 -7.74958381e-09 -7.75097786e-09 -7.75172249e-09 -7.75190423e-09 -7.75141129e-09 -7.75037073e-09 -7.74866282e-09 -7.74643166e-09 -7.74358522e-09 -7.74024861e-09 -7.73637443e-09 -7.73206010e-09 -7.72738573e-09 -7.72403430e-09 -7.74694775e-09 -8.08896405e-09 -1.13772811e-08 -3.56584675e-08 -1.76064354e-07 -8.17871051e-07 -3.15806754e-06 -1.00299476e-05 -2.64460414e-05 -5.86915689e-05 -1.11357490e-04 -1.83718779e-04 -2.68370276e-04 -3.53740540e-04 -4.25777843e-04 -4.43175437e-04 -3.81145098e-04 -2.05694648e-04 1.38909991e-04 7.44248107e-04 1.74351027e-03 3.31621462e-03 5.73272899e-03 9.32102183e-03 1.45130672e-02 2.18747419e-02 3.19241017e-02 4.52329939e-02 6.24223408e-02 8.39052908e-02 1.09533207e-01 1.38852681e-01 1.71257769e-01 2.05199622e-01 2.39082070e-01 2.70296936e-01 2.96509087e-01 3.15420011e-01 3.25334032e-01 3.25334032e-01 3.15420011e-01 2.96509087e-01 2.70296936e-01 2.39082070e-01 2.05199622e-01 1.71257769e-01 1.38852681e-01 1.09533207e-01 8.39052908e-02 6.24223408e-02 4.52329939e-02 3.19241017e-02 2.18747419e-02 1.45130672e-02 9.32102183e-03 5.73272899e-03 3.31621462e-03 1.74351027e-03 7.44248107e-04 1.38909991e-04 -2.05694648e-04 -3.81145098e-04 -4.43175437e-04 -4.25777843e-04 -3.53740540e-04 -2.68370276e-04 -1.83718779e-04 -1.11357490e-04 -5.86915689e-05 -2.64460414e-05 -1.00299476e-05 -3.15806754e-06 -8.17871051e-07 -1.76064354e-07 -3.56584678e-08 -1.13772810e-08 -8.08896400e-09 -7.74694797e-09 -7.72403452e-09 -7.72738595e-09 -7.73206021e-09 -7.73637460e-09 -7.74024861e-09 -7.74358505e-09 -7.74643166e-09 -7.74866249e-09 -7.75037085e-09 -7.75141140e-09 -7.75190417e-09 -7.75172238e-09 -7.75097764e-09 -7.74958386e-09 -7.74762410e-09 -7.74507408e-09 -7.74198261e-09 -7.73837361e-09 -7.73427106e-09 -7.72974568e-09 -7.72519476e-09 -7.72723924e-09 -7.82425913e-09 -8.92329099e-09 -1.81425439e-08 -7.83056564e-08 -3.87275152e-07 -1.64720511e-06 -5.76484242e-06 -1.66564521e-05 -4.02175476e-05 -8.23586105e-05 -1.45393381e-04 -2.25186952e-04 -3.11720642e-04 -3.93133558e-04 -4.43077956e-04 -4.23789769e-04 -3.10748403e-04 -5.93258108e-05 4.01360106e-04 1.18445501e-03 2.44265394e-03 4.40288644e-03 7.35793614e-03 1.16678399e-02 1.78989601e-02 2.65169248e-02 3.81362575e-02 5.33318177e-02 7.26182280e-02 9.62259212e-02 1.23753781e-01 1.54720483e-01 1.88161992e-01 2.22328921e-01 2.55152104e-01 2.84184441e-01 3.06999055e-01 3.21579337e-01 3.26595683e-01
3.26275043e-01 3.21221737e-01 3.06541488e-01 2.83619053e-01 2.54457425e-01 2.21385948e-01 1.86962273e-01 1.53404929e-01 1.22322251e-01 9.49183133e-02 7.15212569e-02 5.23226024e-02 3.72787315e-02 2.58430561e-02 1.73802824e-02 1.12859613e-02 7.07917656e-03 4.21556365e-03 2.32159033e-03 1.11335703e-03 3.62758649e-04 -7.69476253e-05 -3.15940356e-04 -4.23210749e-04 -4.41245528e-04 -3.93123595e-04 -3.14032993e-04 -2.28681991e-04 -1.48863751e-04 -8.49967015e-05 -4.18099098e-05 -1.74254527e-05 -6.06110481e-06 -1.73756316e-06 -4.08868996e-07 -8.23000270e-08 -1.87066233e-08 -8.98360819e-09 -7.82964821e-09 -7.72820319e-09 -7.72581243e-09 -7.73024733e-09 -7.73467074e-09 -7.73868136e-09 -7.74221109e-09 -7.74523057e-09 -7.74772602e-09 -7.74963532e-09 -7.75100018e-09 -7.75172010e-09 -7.75190373e-09 -7.75141751e-09 -7.75040865e-09 -7.74873554e-09 -7.74656173e-09 -7.74377407e-09 -7.74051767e-09 -7.73672620e-09 -7.73251024e-09 -7.72794001e-09 -7.72474729e-09 -7.74883047e-09 -8.10700618e-09 -1.15681507e-08 -3.72123728e-08 -1.85661856e-07 -8.63443546e-07 -3.32663041e-06 -1.05211303e-05 -2.75839469e-05 -6.07993436e-05 -1.14475504e-04 -1.87336389e-04 -2.71432876e-04 -3.55010484e-04 -4.24519610e-04 -4.41473736e-04 -3.82766118e-04 -2.16185916e-04 1.11823063e-04 6.90905099e-04 1.64862570e-03 3.16706039e-03 5.50423566e-03 8.98135896e-03 1.40754147e-02 2.12758943e-02 3.11548633e-02 4.43232804e-02 6.13846088e-02 8.27069541e-02 1.08126542e-01 1.37471775e-01 1.69914477e-01 2.04214488e-01 2.38257626e-01 2.69676358e-01 2.95993169e-01 3.15019050e-01 3.25004039e-01 3.25004039e-01 3.15019050e-01 2.95993169e-01 2.69676358e-01 2.38257626e-01 2.04214488e-01 1.69914477e-01 1.37471775e-01 1.08126542e-01 8.27069541e-02 6.13846088e-02 4.43232804e-02 3.11548633e-02 2.12758943e-02 1.40754147e-02 8.98135896e-03 5.50423566e-03 3.16706039e-03 1.64862570e-03 6.90905099e-04 1.11823063e-04 -2.16185916e-04 -3.82766118e-04 -4.41473736e-04 -4.24519610e-04 -3.55010484e-04 -2.71432876e-04 -1.87336389e-04 -1.14475504e-04 -6.07993436e-05 -2.75839469e-05 -1.05211303e-05 -3.32663041e-06 -8.63443547e-07 -1.85661856e-07 -3.72123730e-08 -1.15681507e-08 -8.10700629e-09 -7.74883002e-09 -7.72474706e-09 -7.72794023e-09 -7.73251041e-09 -7.73672604e-09 -7.74051773e-09 -7.74377379e-09 -7.74656150e-09 -7.74873554e-09 -7.75040865e-09 -7.75141740e-09 -7.75190373e-09 -7.75172015e-09 -7.75100006e-09 -7.74963538e-09 -7.74772596e-09 -7.74523079e-09 -7.74221132e-09 -7.73868142e-09 -7.73467074e-09 -7.73024700e-09 -7.72581238e-09 -7.72820302e-09 -7.82964832e-09 -8.98360847e-09 -1.87066230e-08 -8.23000269e-08 -4.08868996e-07 -1.73756316e-06 -6.06110481e-06 -1.74254527e-05 -4.18099098e-05 -8.49967015e-05 -1.48863751e-04 -2.28681991e-04 -3.14032993e-04 -3.93123595e-04 -4.41245528e-04 -4.23210749e-04 -3.15940356e-04 -7.69476253e-05 3.62758649e-04 1.11335703e-03 2.32159033e-03 4.21556365e-03 7.07917656e-03 1.12859613e-02 1.73802824e-02 2.58430561e-02 3.72787315e-02 5.23226024e-02 7.15212569e-02 9.49183133e-02 1.22322251e-01 1.53404929e-01 1.86962273e-01 2.21385948e-01 2.54457425e-01 2.83619053e-01 3.06541488e-01 3.21221737e-01 3.26275043e-01
3.26214754e-01 3.21075767e-01 3.06158616e-01 2.82879366e-01 2.53581148e-01 2.20453183e-01 1.85835809e-01 1.52061803e-01 1.20979235e-01 9.35623438e-02 7.03892680e-02 5.13631374e-02 3.64558629e-02 2.51761479e-02 1.68704997e-02 1.09224733e-02 6.80590569e-03 4.03342308e-03 2.20633558e-03 1.04476483e-03 3.26671077e-04 -9.32585445e-05 -3.20350938e-04 -4.22129459e-04 -4.39028693e-04 -3.92788205e-04 -3.16079271e-04 -2.32018806e-04 -1.52280924e-04 -8.76458489e-05 -4.34323283e-05 -1.82178145e-05 -6.36899734e-06 -1.83204764e-06 -4.31533948e-07 -8.64979494e-08 -1.92986264e-08 -9.04659481e-09 -7.83518517e-09 -7.72915348e-09 -7.72641107e-09 -7.73073378e-09 -7.73505915e-09 -7.73897979e-09 -7.74243342e-09 -7.74538217e-09 -7.74782460e-09 -7.74968395e-09 -7.75102227e-09 -7.75171755e-09 -7.75190317e-09 -7.75142217e-09 -7.75044506e-09 -7.74880493e-09 -7.74668757e-09 -7.74395714e-09 -7.74077785e-09 -7.73706671e-09 -7.73294806e-09 -7.72847841e-09 -7.72544184e-09 -7.75072750e-09 -8.12574191e-09 -1.17680872e-08 -3.88449231e-08 -1.95745118e-07 -9.11201200e-07 -3.50240240e-06 -1.10295682e-05 -2.87502729e-05 -6.29323986e-05 -1.17578634e-04 -1.90851703e-04 -2.74280377e-04 -3.55975865e-04 -4.22932497e-04 -4.39355803e-04 -3.83756746e-04 -2.25724666e-04 8.65952706e-05 6.40255413e-04 1.55735559e-03 3.02259894e-03 5.28219814e-03 8.65106553e-03 1.36397481e-02 2.06881733e-02 3.03960571e-02 4.34125419e-02 6.03596514e-02 8.14578873e-02 1.06734342e-01 1.36119842e-01 1.68748512e-01 2.03180035e-01 2.37352803e-01 2.68865828e-01 2.95445454e-01 3.14769416e-01 3.24922154e-01 3.24922154e-01 3.14769416e-01 2.95445454e-01 2.68865828e-01 2.37352803e-01 2.03180035e-01 1.68748512e-01 1.36119842e-01 1.06734342e-01 8.14578873e-02 6.03596514e-02 4.34125419e-02 3.03960571e-02 2.06881733e-02 1.36397481e-02 8.65106553e-03 5.28219814e-03 3.02259894e-03 1.55735559e-03 6.40255413e-04 8.65952706e-05 -2.25724666e-04 -3.83756746e-04 -4.39355803e-04 -4.22932497e-04 -3.55975865e-04 -2.74280377e-04 -1.90851703e-04 -1.17578634e-04 -6.29323986e-05 -2.87502729e-05 -1.10295682e-05 -3.50240240e-06 -9.11201200e-07 -1.95745118e-07 -3.88449232e-08 -1.17680873e-08 -8.12574208e-09 -7.75072762e-09 -7.72544173e-09 -7.72847869e-09 -7.73294823e-09 -7.73706677e-09 -7.74077780e-09 -7.74395714e-09 -7.74668757e-09 -7.74880515e-09 -7.75044495e-09 -7.75142206e-09 -7.75190312e-09 -7.75171755e-09 -7.75102238e-09 -7.74968423e-09 -7.74782449e-09 -7.74538211e-09 -7.74243325e-09 -7.73897979e-09 -7.73505948e-09 -7.73073361e-09 -7.72641123e-09 -7.72915376e-09 -7.83518522e-09 -9.04659508e-09 -1.92986265e-08 -8.64979492e-08 -4.31533949e-07 -1.83204764e-06 -6.36899733e-06 -1.82178145e-05 -4.34323283e-05 -8.76458489e-05 -1.52280924e-04 -2.32018806e-04 -3.16079271e-04 -3.92788205e-04 -4.39028693e-04 -4.22129459e-04 -3.20350938e-04 -9.32585445e-05 3.26671077e-04 1.04476483e-03 2.20633558e-03 4.03342308e-03 6.80590569e-03 1.09224733e-02 1.68704997e-02 2.51761479e-02 3.64558629e-02 5.13631374e-02 7.03892680e-02 9.35623438e-02 1.20979235e-01 1.52061803e-01 1.85835809e-01 2.20453183e-01 2.53581148e-01 2.82879366e-01 3.06158616e-01 3.21075767e-01 3.26214754e-01
3.26031721e-01 3.20834137e-01 3.05826818e-01 2.82416052e-01 2.52710759e-01 2.19352064e-01 1.84725714e-01 1.50858571e-01 1.19622983e-01 9.22372149e-02 6.92153647e-02 5.04214400e-02 3.56451191e-02 2.45153250e-02 1.63660331e-02 1.05621920e-02 6.53754075e-03 3.85866446e-03 2.09663130e-03 9.78494454e-04 2.92246156e-04 -1.08426432e-04 -3.24024843e-04 -4.20557392e-04 -4.36437949e-04 -3.92136370e-04 -3.17858956e-04 -2.35191425e-04 -1.55638572e-04 -9.03022666e-05 -4.50835641e-05 -1.90335411e-05 -6.68875534e-06 -1.93079246e-06 -4.55312625e-07 -9.09081661e-08 -1.99197214e-08 -9.11234355e-09 -7.84087584e-09 -7.73008996e-09 -7.72699538e-09 -7.73120590e-09 -7.73543718e-09 -7.73926973e-09 -7.74264991e-09 -7.74552816e-09 -7.74792064e-09 -7.74973086e-09 -7.75104303e-09 -7.75171344e-09 -7.75190245e-09 -7.75142561e-09 -7.75048081e-09 -7.74887260e-09 -7.74681008e-09 -7.74413422e-09 -7.74103226e-09 -7.73739828e-09 -7.73337316e-09 -7.72900177e-09 -7.72611908e-09 -7.75263770e-09 -8.14519785e-09 -1.19774491e-08 -4.05594908e-08 -2.06334483e-07 -9.61224114e-07 -3.68557858e-06 -1.15554608e-05 -2.99445702e-05 -6.50883508e-05 -1.20661659e-04 -1.94258018e-04 -2.76908870e-04 -3.56640617e-04 -4.21020462e-04 -4.36834671e-04 -3.84172700e-04 -2.34255035e-04 6.31027888e-05 5.92178743e-04 1.47051423e-03 2.88185558e-03 5.06535453e-03 8.35341536e-03 1.32105654e-02 2.01162295e-02 2.96612341e-02 4.25357349e-02 5.93074912e-02 8.01727264e-02 1.05439487e-01 1.34824226e-01 1.67567552e-01 2.02071821e-01 2.36295557e-01 2.68198672e-01 2.95052755e-01 3.14488096e-01 3.24723887e-01 3.24723887e-01 3.14488096e-01 2.95052755e-01 2.68198672e-01 2.36295557e-01 2.02071821e-01 1.67567552e-01 1.34824226e-01 1.05439487e-01 8.01727264e-02 5.93074912e-02 4.25357349e-02 2.96612341e-02 2.01162295e-02 1.32105654e-02 8.35341536e-03 5.06535453e-03 2.88185558e-03 1.47051423e-03 5.92178743e-04 6.31027888e-05 -2.34255035e-04 -3.84172700e-04 -4.36834671e-04 -4.21020462e-04 -3.56640617e-04 -2.76908870e-04 -1.94258018e-04 -1.20661659e-04 -6.50883508e-05 -2.99445702e-05 -1.15554608e-05 -3.68557858e-06 -9.61224114e-07 -2.06334483e-07 -4.05594910e-08 -1.19774491e-08 -8.14519785e-09 -7.75263764e-09 -7.72611924e-09 -7.72900183e-09 -7.73337333e-09 -7.73739817e-09 -7.74103215e-09 -7.74413417e-09 -7.74680986e-09 -7.74887254e-09 -7.75048098e-09 -7.75142589e-09 -7.75190245e-09 -7.75171360e-09 -7.75104286e-09 -7.74973075e-09 -7.74792053e-09 -7.74552800e-09 -7.74264997e-09 -7.73926973e-09 -7.73543724e-09 -7.73120590e-09 -7.72699549e-09 -7.73009035e-09 -7.84087606e-09 -9.11234355e-09 -1.99197214e-08 -9.09081661e-08 -4.55312625e-07 -1.93079246e-06 -6.68875534e-06 -1.90335411e-05 -4.50835641e-05 -9.03022666e-05 -1.55638572e-04 -2.35191425e-04 -3.17858956e-04 -3.92136370e-04 -4.36437949e-04 -4.20557392e-04 -3.24024843e-04 -1.08426432e-04 2.92246156e-04 9.78494454e-04 2.09663130e-03 3.85866446e-03 6.53754075e-03 1.05621920e-02 1.63660331e-02 2.45153250e-02 3.56451191e-02 5.04214400e-02 6.92153647e-02 9.22372149e-02 1.19622983e-01 1.50858571e-01 1.84725714e-01 2.19352064e-01 2.52710759e-01 2.82416052e-01 3.05826818e-01 3.20834137e-01 3.26031721e-01
3.25872694e-01 3.20633655e-01 3.05464536e-01 2.81816755e-01 2.51943582e-01 2.18298637e-01 1.83476767e-01 1.49643585e-01 1.18373692e-01 9.09943481e-02 6.80193468e-02 4.94608061e-02 3.48542672e-02 2.38681026e-02 1.58811148e-02 1.02068500e-02 6.28574520e-03 3.68927433e-03 1.99062298e-03 9.15133230e-04 2.59603941e-04 -1.22353854e-04 -3.27035541e-04 -4.18550404e-04 -4.33524893e-04 -3.91177903e-04 -3.19372413e-04 -2.38194404e-04 -1.58930481e-04 -9.29620767e-05 -4.67622780e-05 -1.98725923e-05 -7.02060552e-06 -2.03393232e-06 -4.80248472e-07 -9.55396016e-08 -2.05710842e-08 -9.18095000e-09 -7.84672227e-09 -7.73101427e-09 -7.72756215e-09 -7.73166503e-09 -7.73580555e-09 -7.73955011e-09 -7.74286035e-09 -7.74566949e-09 -7.74801484e-09 -7.74977560e-09 -7.75106412e-09 -7.75170939e-09 -7.75190095e-09 -7.75142828e-09 -7.75051540e-09 -7.74893710e-09 -7.74692910e-09 -7.74430714e-09 -7.74127890e-09 -7.73771935e-09 -7.73378600e-09 -7.72950909e-09 -7.72678033e-09 -7.75456438e-09 -8.16539009e-09 -1.21965899e-08 -4.23595139e-08 -2.17450736e-07 -1.01359355e-06 -3.87635223e-06 -1.20989851e-05 -3.11663175e-05 -6.72647049e-05 -1.23719343e-04 -1.97548936e-04 -2.79315182e-04 -3.57009603e-04 -4.18797330e-04 -4.33948047e-04 -3.84061798e-04 -2.41943347e-04 4.12423174e-05 5.46188086e-04 1.38825407e-03 2.74592313e-03 4.85298422e-03 8.06082966e-03 1.27882278e-02 1.95471394e-02 2.89507048e-02 4.16833586e-02 5.82246062e-02 7.89291915e-02 1.04105992e-01 1.33573677e-01 1.66348028e-01 2.00839632e-01 2.35442524e-01 2.67487063e-01 2.94579066e-01 3.14219284e-01 3.24554400e-01 3.24554400e-01 3.14219284e-01 2.94579066e-01 2.67487063e-01 2.35442524e-01 2.00839632e-01 1.66348028e-01 1.33573677e-01 1.04105992e-01 7.89291915e-02 5.82246062e-02 4.16833586e-02 2.89507048e-02 1.95471394e-02 1.27882278e-02 8.06082966e-03 4.85298422e-03 2.74592313e-03 1.38825407e-03 5.46188086e-04 4.12423174e-05 -2.41943347e-04 -3.84061798e-04 -4.33948047e-04 -4.18797330e-04 -3.57009603e-04 -2.79315182e-04 -1.97548936e-04 -1.23719343e-04 -6.72647049e-05 -3.11663175e-05 -1.20989851e-05 -3.87635223e-06 -1.01359355e-06 -2.17450736e-07 -4.23595139e-08 -1.21965903e-08 -8.16538992e-09 -7.75456427e-09 -7.72678055e-09 -7.72950903e-09 -7.73378650e-09 -7.73771947e-09 -7.74127873e-09 -7.74430708e-09 -7.74692915e-09 -7.74893694e-09 -7.75051517e-09 -7.75142844e-09 -7.75190095e-09 -7.75170933e-09 -7.75106412e-09 -7.74977582e-09 -7.74801506e-09 -7.74566916e-09 -7.74286013e-09 -7.73955022e-09 -7.73580550e-09 -7.73166509e-09 -7.72756231e-09 -7.73101427e-09 -7.84672227e-09 -9.18095011e-09 -2.05710842e-08 -9.55396015e-08 -4.80248472e-07 -2.03393232e-06 -7.02060552e-06 -1.98725923e-05 -4.67622780e-05 -9.29620767e-05 -1.58930481e-04 -2.38194404e-04 -3.19372413e-04 -3.91177903e-04 -4.33524893e-04 -4.18550404e-04 -3.27035541e-04 -1.22353854e-04 2.59603941e-04 9.15133230e-04 1.99062298e-03 3.68927433e-03 6.28574520e-03 1.02068500e-02 1.58811148e-02 2.38681026e-02 3.48542672e-02 4.94608061e-02 6.80193468e-02 9.09943481e-02 1.18373692e-01 1.49643585e-01 1.83476767e-01 2.18298637e-01 2.51943582e-01 2.81816755e-01 3.05464536e-01 3.20633655e-01 3.25872694e-01
3.25568621e-01 3.20297664e-01 3.05013410e-01 2.81214680e-01 2.51118821e-01 2.17288415e-01 1.82256009e-01 1.48349196e-01 1.17130866e-01 8.97240170e-02 6.68625712e-02 4.84765124e-02 3.40919542e-02 2.32544348e-02 1.54000899e-02 9.85976640e-03 6.05134857e-03 3.52442022e-03 1.88782634e-03 8.55046422e-04 2.28995747e-04 -1.35058840e-04 -3.29425764e-04 -4.16124855e-04 -4.30303107e-04 -3.89923364e-04 -3.20620875e-04 -2.41022842e-04 -1.62150577e-04 -9.56213219e-05 -4.84670328e-05 -2.07348816e-05 -7.36476481e-06 -2.14160225e-06 -5.06385652e-07 -1.00401324e-07 -2.12538858e-08 -9.25249549e-09 -7.85272769e-09 -7.73192327e-09 -7.72811387e-09 -7.73211095e-09 -7.73616321e-09 -7.73982262e-09 -7.74306619e-09 -7.74580611e-09 -7.74810682e-09 -7.74981768e-09 -7.75108477e-09 -7.75170350e-09 -7.75189973e-09 -7.75143122e-09 -7.75054865e-09 -7.74899978e-09 -7.74704517e-09 -7.74447384e-09 -7.74151870e-09 -7.73803188e-09 -7.73418923e-09 -7.73000247e-09 -7.72742503e-09 -7.75650794e-09 -8.18633694e-09 -1.24258552e-08 -4.42484600e-08 -2.29115039e-07 -1.06839172e-06 -4.07491417e-06 -1.26602943e-05 -3.24149199e-05 -6.94588591e-05 -1.26746447e-04 -2.00718389e-04 -2.81496884e-04 -3.57088563e-04 -4.16287342e-04 -4.30720901e-04 -3.83427983e-04 -2.48765964e-04 2.07003154e-05 5.02082414e-04 1.31000551e-03 2.61543518e-03 4.64623889e-03 7.77216733e-03 1.23781211e-02 1.89905486e-02 2.82501433e-02 4.08192744e-02 5.71238722e-02 7.77446920e-02 1.02902785e-01 1.32334207e-01 1.65021401e-01 1.99789737e-01 2.34489359e-01 2.66793923e-01 2.94054445e-01 3.13834067e-01 3.24242407e-01 3.24242407e-01 3.13834067e-01 2.94054445e-01 2.66793923e-01 2.34489359e-01 1.99789737e-01 1.65021401e-01 1.32334207e-01 1.02902785e-01 7.77446920e-02 5.71238722e-02 4.08192744e-02 2.82501433e-02 1.89905486e-02 1.23781211e-02 7.77216733e-03 4.64623889e-03 2.61543518e-03 1.31000551e-03 5.02082414e-04 2.07003154e-05 -2.48765964e-04 -3.83427983e-04 -4.30720901e-04 -4.16287342e-04 -3.57088563e-04 -2.81496884e-04 -2.00718389e-04 -1.26746447e-04 -6.94588591e-05 -3.24149199e-05 -1.26602943e-05 -4.07491417e-06 -1.06839172e-06 -2.29115039e-07 -4.42484597e-08 -1.24258551e-08 -8.18633705e-09 -7.75650799e-09 -7.72742509e-09 -7.73000258e-09 -7.73418946e-09 -7.73803177e-09 -7.74151870e-09 -7.74447384e-09 -7.74704539e-09 -7.74899978e-09 -7.75054865e-09 -7.75143127e-09 -7.75189957e-09 -7.75170372e-09 -7.75108461e-09 -7.74981768e-09 -7.74810660e-09 -7.74580600e-09 -7.74306574e-09 -7.73982289e-09 -7.73616293e-09 -7.73211078e-09 -7.72811387e-09 -7.73192327e-09 -7.85272780e-09 -9.25249544e-09 -2.12538860e-08 -1.00401324e-07 -5.06385652e-07 -2.14160225e-06 -7.36476481e-06 -2.07348816e-05 -4.84670328e-05 -9.56213219e-05 -1.62150577e-04 -2.41022842e-04 -3.20620875e-04 -3.89923364e-04 -4.30303107e-04 -4.16124855e-04 -3.29425764e-04 -1.35058840e-04 2.28995747e-04 8.55046422e-04 1.88782634e-03 3.52442022e-03 6.05134857e-03 9.85976640e-03 1.54000899e-02 2.32544348e-02 3.40919542e-02 4.84765124e-02 6.68625712e-02 8.97240170e-02 1.17130866e-01 1.48349196e-01 1.82256009e-01 2.17288415e-01 2.51118821e-01 2.81214680e-01 3.05013410e-01 3.20297664e-01 3.25568621e-01
3.25023874e-01 3.19727102e-01 3.04374810e-01 2.80476114e-01 2.50243110e-01 2.16252507e-01 1.81091997e-01 1.47007166e-01 1.15879754e-01 8.85631836e-02 6.57546522e-02 4.74798449e-02 3.33273552e-02 2.26409083e-02 1.49295905e-02 9.51832251e-03 5.82077944e-03 3.36392159e-03 1.78900960e-03 7.98266599e-04 1.99857909e-04 -1.46652117e-04 -3.31197983e-04 -4.13343544e-04 -4.26811349e-04 -3.88383984e-04 -3.21606416e-04 -2.43672404e-04 -1.65292949e-04 -9.82759775e-05 -5.01962939e-05 -2.16202753e-05 -7.72143920e-06 -2.25393718e-06 -5.33768874e-07 -1.05502484e-07 -2.19692889e-08 -9.32706129e-09 -7.85889087e-09 -7.73282138e-09 -7.72865016e-09 -7.73254372e-09 -7.73651243e-09 -7.74008724e-09 -7.74326592e-09 -7.74593789e-09 -7.74819608e-09 -7.74985820e-09 -7.75110481e-09 -7.75169756e-09 -7.75189879e-09 -7.75143244e-09 -7.75058073e-09 -7.74906106e-09 -7.74715686e-09 -7.74463682e-09 -7.74175185e-09 -7.73833542e-09 -7.73458103e-09 -7.73048275e-09 -7.72805364e-09 -7.75846409e-09 -8.20805079e-09 -1.26655773e-08 -4.62297965e-08 -2.41348820e-07 -1.12570149e-06 -4.28145196e-06 -1.32395160e-05 -3.36897079e-05 -7.16681107e-05 -1.29737752e-04 -2.03760664e-04 -2.83452287e-04 -3.56884059e-04 -4.13504241e-04 -4.27205626e-04 -3.82373714e-04 -2.54793622e-04 1.35727661e-06 4.60046614e-04 1.23470913e-03 2.48956027e-03 4.45683384e-03 7.48917711e-03 1.19795483e-02 1.84606744e-02 2.75772846e-02 3.99398965e-02 5.60579555e-02 7.65524674e-02 1.01685886e-01 1.31006378e-01 1.63807112e-01 1.98650832e-01 2.33547556e-01 2.65994977e-01 2.93367825e-01 3.13233745e-01 3.23691086e-01 3.23691086e-01 3.13233745e-01 2.93367825e-01 2.65994977e-01 2.33547556e-01 1.98650832e-01 1.63807112e-01 1.31006378e-01 1.01685886e-01 7.65524674e-02 5.60579555e-02 3.99398965e-02 2.75772846e-02 1.84606744e-02 1.19795483e-02 7.48917711e-03 4.45683384e-03 2.48956027e-03 1.23470913e-03 4.60046614e-04 1.35727660e-06 -2.54793622e-04 -3.82373714e-04 -4.27205626e-04 -4.13504241e-04 -3.56884059e-04 -2.83452287e-04 -2.03760664e-04 -1.29737752e-04 -7.16681107e-05 -3.36897079e-05 -1.32395160e-05 -4.28145196e-06 -1.12570149e-06 -2.41348819e-07 -4.62297965e-08 -1.26655773e-08 -8.20805107e-09 -7.75846420e-09 -7.72805375e-09 -7.73048281e-09 -7.73458092e-09 -7.73833531e-09 -7.74175191e-09 -7.74463704e-09 -7.74715692e-09 -7.74906084e-09 -7.75058073e-09 -7.75143233e-09 -7.75189857e-09 -7.75169751e-09 -7.75110481e-09 -7.74985820e-09 -7.74819631e-09 -7.74593767e-09 -7.74326614e-09 -7.74008724e-09 -7.73651226e-09 -7.73254338e-09 -7.72865033e-09 -7.73282133e-09 -7.85889098e-09 -9.32706123e-09 -2.19692894e-08 -1.05502484e-07 -5.33768875e-07 -2.25393718e-06 -7.72143920e-06 -2.16202753e-05 -5.01962939e-05 -9.82759775e-05 -1.65292949e-04 -2.43672404e-04 -3.21606416e-04 -3.88383984e-04 -4.26811349e-04 -4.13343544e-04 -3.31197983e-04 -1.46652117e-04 1.99857909e-04 7.98266599e-04 1.78900960e-03 3.36392159e-03 5.82077944e-03 9.51832251e-03 1.49295905e-02 2.26409083e-02 3.33273552e-02 4.74798449e-02 6.57546522e-02 8.85631836e-02 1.15879754e-01 1.47007166e-01 1.81091997e-01 2.16252507e-01 2.50243110e-01 2.80476114e-01 3.04374810e-01 3.19727102e-01 3.25023874e-01
3.24223431e-01 3.18905693e-01 3.03496636e-01 2.79527281e-01 2.49228732e-01 2.15157759e-01 1.79898924e-01 1.45781759e-01 1.14555463e-01 8.73925166e-02 6.46466091e-02 4.65099114e-02 3.25521578e-02 2.20556655e-02 1.44745841e-02 9.19129178e-03 5.59423808e-03 3.20859548e-03 1.69443530e-03 7.44520904e-04 1.72211149e-04 -1.57329615e-04 -3.32461006e-04 -4.10236128e-04 -4.23050645e-04 -3.86571579e-04 -3.22331920e-04 -2.46139330e-04 -1.68351876e-04 -1.00921965e-04 -5.19484318e-05 -2.25285900e-05 -8.09082239e-06 -2.37107137e-06 -5.62443178e-07 -1.10852247e-07 -2.27184082e-08 -9.40470979e-09 -7.86521437e-09 -7.73370645e-09 -7.72917325e-09 -7.73296371e-09 -7.73685183e-09 -7.74034470e-09 -7.74346187e-09 -7.74606523e-09 -7.74828529e-09 -7.74989645e-09 -7.75112463e-09 -7.75169007e-09 -7.75189685e-09 -7.75143372e-09 -7.75061165e-09 -7.74912029e-09 -7.74726616e-09 -7.74479508e-09 -7.74197828e-09 -7.73863085e-09 -7.73496189e-09 -7.73094944e-09 -7.72866759e-09 -7.76043657e-09 -8.23054053e-09 -1.29160623e-08 -4.83069607e-08 -2.54173653e-07 -1.18560605e-06 -4.49614902e-06 -1.38367508e-05 -3.49899373e-05 -7.38896627e-05 -1.32688077e-04 -2.06670428e-04 -2.85180437e-04 -3.56403420e-04 -4.10461612e-04 -4.23421792e-04 -3.80925103e-04 -2.60001888e-04 -1.65628454e-05 4.20311994e-04 1.16202363e-03 2.36738727e-03 4.27544263e-03 7.21300785e-03 1.15867921e-02 1.79365176e-02 2.69107043e-02 3.90500576e-02 5.50380522e-02 7.54435186e-02 1.00450358e-01 1.29703900e-01 1.62547492e-01 1.97520529e-01 2.32501478e-01 2.65011443e-01 2.92455206e-01 3.12387502e-01 3.22885100e-01 3.22885100e-01 3.12387502e-01 2.92455206e-01 2.65011443e-01 2.32501478e-01 1.97520529e-01 1.62547492e-01 1.29703900e-01 1.00450358e-01 7.54435186e-02 5.50380522e-02 3.90500576e-02 2.69107043e-02 1.79365176e-02 1.15867921e-02 7.21300785e-03 4.27544263e-03 2.36738727e-03 1.16202363e-03 4.20311994e-04 -1.65628454e-05 -2.60001888e-04 -3.80925103e-04 -4.23421792e-04 -4.10461612e-04 -3.56403420e-04 -2.85180437e-04 -2.06670428e-04 -1.32688077e-04 -7.38896627e-05 -3.49899373e-05 -1.38367508e-05 -4.49614902e-06 -1.18560605e-06 -2.54173653e-07 -4.83069608e-08 -1.29160623e-08 -8.23054025e-09 -7.76043652e-09 -7.72866793e-09 -7.73094938e-09 -7.73496206e-09 -7.73863074e-09 -7.74197817e-09 -7.74479508e-09 -7.74726616e-09 -7.74912051e-09 -7.75061165e-09 -7.75143344e-09 -7.75189701e-09 -7.75169018e-09 -7.75112452e-09 -7.74989672e-09 -7.74828518e-09 -7.74606557e-09 -7.74346204e-09 -7.74034464e-09 -7.73685183e-09 -7.73296371e-09 -7.72917319e-09 -7.73370645e-09 -7.86521409e-09 -9.40471001e-09 -2.27184082e-08 -1.10852247e-07 -5.62443178e-07 -2.37107137e-06 -8.09082239e-06 -2.25285900e-05 -5.19484318e-05 -1.00921965e-04 -1.68351876e-04 -2.46139330e-04 -3.22331920e-04 -3.86571579e-04 -4.23050645e-04 -4.10236128e-04 -3.32461006e-04 -1.57329615e-04 1.72211149e-04 7.44520904e-04 1.69443530e-03 3.20859548e-03 5.59423808e-03 9.19129178e-03 1.44745841e-02 2.20556655e-02 3.25521578e-02 4.65099114e-02 6.46466091e-02 8.73925166e-02 1.14555463e-01 1.45781759e-01 1.79898924e-01 2.15157759e-01 2.49228732e-01 2.79527281e-01 3.03496636e-01 3.18905693e-01 3.24223431e-01
3.24297477e-01 3.18752466e-01 3.02714720e-01 2.78358754e-01 2.48022998e-01 2.13938166e-01 1.78666720e-01 1.44504000e-01 1.13290171e-01 8.61940611e-02 6.36075257e-02 4.55869345e-02 3.17694151e-02 2.14818049e-02 1.40368149e-02 8.86938245e-03 5.37374462e-03 3.06745780e-03 1.60335510e-03 6.93104032e-04 1.46091348e-04 -1.67124168e-04 -3.33213113e-04 -4.06813481e-04 -4.19055424e-04 -3.84498465e-04 -3.22801047e-04 -2.48420444e-04 -1.71321844e-04 -1.03555163e-04 -5.37217241e-05 -2.34595916e-05 -8.47309431e-06 -2.49313764e-06 -5.92453642e-07 -1.16459693e-07 -2.35023064e-08 -9.48549583e-09 -7.87169241e-09 -7.73457776e-09 -7.72968367e-09 -7.73337194e-09 -7.73718367e-09 -7.74059261e-09 -7.74365366e-09 -7.74618858e-09 -7.74837100e-09 -7.74993292e-09 -7.75114428e-09 -7.75168274e-09 -7.75189524e-09 -7.75143399e-09 -7.75064180e-09 -7.74917797e-09 -7.74737163e-09 -7.74495018e-09 -7.74219855e-09 -7.73891784e-09 -7.73533204e-09 -7.73140346e-09 -7.72926539e-09 -7.76242215e-09 -8.25380808e-09 -1.31775871e-08 -5.04833017e-08 -2.67611081e-07 -1.24818841e-06 -4.71918351e-06 -1.44520702e-05 -3.63147882e-05 -7.61206312e-05 -1.35592301e-04 -2.09442743e-04 -2.86681106e-04 -3.55654676e-04 -4.07175490e-04 -4.19354768e-04 -3.79087775e-04 -2.64429807e-04 -3.32907676e-05 3.83050167e-04 1.09235292e-03 2.24907757e-03 4.09785526e-03 6.94479135e-03 1.12045364e-02 1.74307558e-02 2.62382612e-02 3.81782248e-02 5.40184698e-02 7.43348654e-02 9.91593689e-02 1.28444763e-01 1.61313270e-01 1.96300801e-01 2.31285870e-01 2.63822012e-01 2.91315146e-01 3.11963299e-01 3.22901724e-01 3.22901724e-01 3.11963299e-01 2.91315146e-01 2.63822012e-01 2.31285870e-01 1.96300801e-01 1.61313270e-01 1.28444763e-01 9.91593689e-02 7.43348654e-02 5.40184698e-02 3.81782248e-02 2.62382612e-02 1.74307558e-02 1.12045364e-02 6.94479135e-03 4.09785526e-03 2.24907757e-03 1.09235292e-03 3.83050167e-04 -3.32907676e-05 -2.64429807e-04 -3.79087775e-04 -4.19354768e-04 -4.07175490e-04 -3.55654676e-04 -2.86681106e-04 -2.09442743e-04 -1.35592301e-04 -7.61206312e-05 -3.63147882e-05 -1.44520702e-05 -4.71918351e-06 -1.24818841e-06 -2.67611081e-07 -5.04833015e-08 -1.31775872e-08 -8.25380775e-09 -7.76242215e-09 -7.72926534e-09 -7.73140352e-09 -7.73533237e-09 -7.73891773e-09 -7.74219833e-09 -7.74495035e-09 -7.74737141e-09 -7.74917824e-09 -7.75064168e-09 -7.75143383e-09 -7.75189540e-09 -7.75168252e-09 -7.75114445e-09 -7.74993258e-09 -7.74837106e-09 -7.74618891e-09 -7.74365339e-09 -7.74059261e-09 -7.73718395e-09 -7.73337194e-09 -7.72968300e-09 -7.73457792e-09 -7.87169263e-09 -9.48549589e-09 -2.35023064e-08 -1.16459693e-07 -5.92453642e-07 -2.49313764e-06 -8.47309431e-06 -2.34595916e-05 -5.37217241e-05 -1.03555163e-04 -1.71321844e-04 -2.48420444e-04 -3.22801047e-04 -3.84498465e-04 -4.19055424e-04 -4.06813481e-04 -3.33213113e-04 -1.67124168e-04 1.46091348e-04 6.93104032e-04 1.60335510e-03 3.06745780e-03 5.37374462e-03 8.86938245e-03 1.40368149e-02 2.14818049e-02 3.17694151e-02 4.55869345e-02 6.36075257e-02 8.61940611e-02 1.13290171e-01 1.44504000e-01 1.78666720e-01 2.13938166e-01 2.48022998e-01 2.78358754e-01 3.02714720e-01 3.18752466e-01 3.24297477e-01
3.24922811e-01 3.19331975e-01 3.03164590e-01 2.78111230e-01 2.46631995e-01 2.12557574e-01 1.77336993e-01 1.43221819e-01 1.12027500e-01 8.49568682e-02 6.25706604e-02 4.46595146e-02 3.10018644e-02 2.09065544e-02 1.36069032e-02 8.55625067e-03 5.15846658e-03 2.93060593e-03 1.51556847e-03 6.43666733e-04 1.21500015e-04 -1.76072524e-04 -3.33514604e-04 -4.03127627e-04 -4.14852935e-04 -3.82177379e-04 -3.23018196e-04 -2.50513162e-04 -1.74197571e-04 -1.06171425e-04 -5.55143583e-05 -2.44129934e-05 -8.86841945e-06 -2.62026656e-06 -6.23845016e-07 -1.22333695e-07 -2.43219576e-08 -9.56944951e-09 -7.87831878e-09 -7.73543685e-09 -7.73017939e-09 -7.73376924e-09 -7.73750752e-09 -7.74083270e-09 -7.74383985e-09 -7.74630804e-09 -7.74845610e-09 -7.74996778e-09 -7.75116338e-09 -7.75167502e-09 -7.75189357e-09 -7.75143438e-09 -7.75067072e-09 -7.74923492e-09 -7.74747394e-09 -7.74510123e-09 -7.74241282e-09 -7.73919917e-09 -7.73569214e-09 -7.73184583e-09 -7.72984760e-09 -7.76441839e-09 -8.27784719e-09 -1.34503816e-08 -5.27620240e-08 -2.81682402e-07 -1.31353086e-06 -4.95072713e-06 -1.50855146e-05 -3.76633646e-05 -7.83580524e-05 -1.38445376e-04 -2.12073088e-04 -2.87954781e-04 -3.54646499e-04 -4.03660926e-04 -4.15047244e-04 -3.76864134e-04 -2.68248584e-04 -4.90016917e-05 3.47889682e-04 1.02601977e-03 2.13583671e-03 3.92421937e-03 6.68592669e-03 1.08416823e-02 1.69429200e-02 2.55611088e-02 3.73518750e-02 5.30625628e-02 7.32010714e-02 9.79473711e-02 1.27170066e-01 1.60015653e-01 1.94939976e-01 2.29891950e-01 2.62999955e-01 2.91608656e-01 3.12487025e-01 3.23515372e-01 3.23515372e-01 3.12487025e-01 2.91608656e-01 2.62999955e-01 2.29891950e-01 1.94939976e-01 1.60015653e-01 1.27170066e-01 9.79473711e-02 7.32010714e-02 5.30625628e-02 3.73518750e-02 2.55611088e-02 1.69429200e-02 1.08416823e-02 6.68592669e-03 3.92421937e-03 2.13583671e-03 1.02601977e-03 3.47889682e-04 -4.90016917e-05 -2.68248584e-04 -3.76864134e-04 -4.15047244e-04 -4.03660926e-04 -3.54646499e-04 -2.87954781e-04 -2.12073088e-04 -1.38445376e-04 -7.83580524e-05 -3.76633646e-05 -1.50855146e-05 -4.95072713e-06 -1.31353086e-06 -2.81682402e-07 -5.27620236e-08 -1.34503819e-08 -8.27784719e-09 -7.76441861e-09 -7.72984782e-09 -7.73184583e-09 -7.73569225e-09 -7.73919911e-09 -7.74241293e-09 -7.74510100e-09 -7.74747377e-09 -7.74923503e-09 -7.75067066e-09 -7.75143416e-09 -7.75189368e-09 -7.75167502e-09 -7.75116360e-09 -7.74996778e-09 -7.74845604e-09 -7.74630804e-09 -7.74383985e-09 -7.74083292e-09 -7.73750775e-09 -7.73376918e-09 -7.73017927e-09 -7.73543674e-09 -7.87831866e-09 -9.56944946e-09 -2.43219576e-08 -1.22333695e-07 -6.23845016e-07 -2.62026656e-06 -8.86841945e-06 -2.44129934e-05 -5.55143583e-05 -1.06171425e-04 -1.74197571e-04 -2.50513162e-04 -3.23018196e-04 -3.82177379e-04 -4.14852935e-04 -4.03127627e-04 -3.33514604e-04 -1.76072524e-04 1.21500015e-04 6.43666733e-04 1.51556847e-03 2.93060593e-03 5.15846658e-03 8.55625067e-03 1.36069032e-02 2.09065544e-02 3.10018644e-02 4.46595146e-02 6.25706604e-02 8.49568682e-02 1.12027500e-01 1.43221819e-01 1.77336993e-01 2.12557574e-01 2.46631995e-01 2.78111230e-01 3.03164590e-01 3.19331975e-01 3.24922811e-01
3.25279653e-01 3.19648422e-01 3.03369815e-01 2.78156532e-01 2.46487080e-01 2.11144946e-01 1.75878527e-01 1.41876390e-01 1.10774831e-01 8.38051457e-02 6.15151032e-02 4.37944850e-02 3.02681570e-02 2.03291529e-02 1.31952289e-02 8.25409753e-03 4.95200602e-03 2.79711710e-03 1.43083057e-03 5.96486381e-04 9.85990579e-05 -1.84202334e-04 -3.33285455e-04 -3.99202061e-04 -4.10451854e-04 -3.79621393e-04 -3.22988464e-04 -2.52415493e-04 -1.76974029e-04 -1.08766589e-04 -5.73244345e-05 -2.53884538e-05 -9.27694487e-06 -2.75258531e-06 -6.56661267e-07 -1.28482772e-07 -2.51782162e-08 -9.65657676e-09 -7.88508697e-09 -7.73628051e-09 -7.73066366e-09 -7.73415382e-09 -7.73782322e-09 -7.74106790e-09 -7.74402337e-09 -7.74642406e-09 -7.74853881e-09 -7.75000142e-09 -7.75118320e-09 -7.75166636e-09 -7.75189174e-09 -7.75143461e-09 -7.75069842e-09 -7.74929065e-09 -7.74757353e-09 -7.74524822e-09 -7.74262077e-09 -7.73947240e-09 -7.73604286e-09 -7.73227526e-09 -7.73041786e-09 -7.76642212e-09 -8.30264496e-09 -1.37346220e-08 -5.51461105e-08 -2.96408389e-07 -1.38171422e-06 -5.19094356e-06 -1.57370917e-05 -3.90346945e-05 -8.05988906e-05 -1.41242354e-04 -2.14557370e-04 -2.89002644e-04 -3.53388137e-04 -3.99935683e-04 -4.10534063e-04 -3.74349163e-04 -2.71537156e-04 -6.36754246e-05 3.14486690e-04 9.62451925e-04 2.03205484e-03 3.75629691e-03 6.43240943e-03 1.04835045e-02 1.64578174e-02 2.48932088e-02 3.65230587e-02 5.21108402e-02 7.20389309e-02 9.67114753e-02 1.25873647e-01 1.58612532e-01 1.93434493e-01 2.29099317e-01 2.62956180e-01 2.91737949e-01 3.12755190e-01 3.23861938e-01 3.23861938e-01 3.12755190e-01 2.91737949e-01 2.62956180e-01 2.29099317e-01 1.93434493e-01 1.58612532e-01 1.25873647e-01 9.67114753e-02 7.20389309e-02 5.21108402e-02 3.65230587e-02 2.48932088e-02 1.64578174e-02 1.04835045e-02 6.43240943e-03 3.75629691e-03 2.03205484e-03 9.62451925e-04 3.14486690e-04 -6.36754246e-05 -2.71537156e-04 -3.74349163e-04 -4.10534063e-04 -3.99935683e-04 -3.53388137e-04 -2.89002644e-04 -2.14557370e-04 -1.41242354e-04 -8.05988906e-05 -3.90346945e-05 -1.57370917e-05 -5.19094356e-06 -1.38171422e-06 -2.96408389e-07 -5.51461105e-08 -1.37346218e-08 -8.30264496e-09 -7.76642234e-09 -7.73041797e-09 -7.73227510e-09 -7.73604292e-09 -7.73947240e-09 -7.74262099e-09 -7.74524800e-09 -7.74757342e-09 -7.74929043e-09 -7.75069825e-09 -7.75143472e-09 -7.75189163e-09 -7.75166636e-09 -7.75118342e-09 -7.75000192e-09 -7.74853892e-09 -7.74642395e-09 -7.74402331e-09 -7.74106790e-09 -7.73782322e-09 -7.73415371e-09 -7.73066344e-09 -7.73628062e-09 -7.88508714e-09 -9.65657676e-09 -2.51782163e-08 -1.28482772e-07 -6.56661267e-07 -2.75258531e-06 -9.27694487e-06 -2.53884538e-05 -5.73244345e-05 -1.08766589e-04 -1.76974029e-04 -2.52415493e-04 -3.22988464e-04 -3.79621393e-04 -4.10451854e-04 -3.99202061e-04 -3.33285455e-04 -1.84202334e-04 9.85990579e-05 5.96486381e-04 1.43083057e-03 2.79711710e-03 4.95200602e-03 8.25409753e-03 1.31952289e-02 2.03291529e-02 3.02681570e-02 4.37944850e-02 6.15151032e-02 8.38051457e-02 1.10774831e-01 1.41876390e-01 1.75878527e-01 2.11144946e-01 2.46487080e-01 2.78156532e-01 3.03369815e-01 3.19648422e-01 3.25279653e-01
3.25394580e-01 3.19722941e-01 3.03331031e-01 2.77971469e-01 2.46158156e-01 2.10682593e-01 1.74300466e-01 1.40436339e-01 1.09492572e-01 8.26283658e-02 6.04405770e-02 4.29314540e-02 2.95435420e-02 1.97544156e-02 1.27921550e-02 7.96422169e-03 4.75149839e-03 2.66759060e-03 1.35016969e-03 5.51798916e-04 7.72869628e-05 -1.91569933e-04 -3.32660204e-04 -3.95050411e-04 -4.05864376e-04 -3.76843835e-04 -3.22717598e-04 -2.54126041e-04 -1.79646456e-04 -1.11336493e-04 -5.91499684e-05 -2.63855750e-05 -9.69879793e-06 -2.89021635e-06 -6.90944984e-07 -1.34914904e-07 -2.60717732e-08 -9.74685710e-09 -7.89198529e-09 -7.73711012e-09 -7.73113429e-09 -7.73452941e-09 -7.73813186e-09 -7.74129516e-09 -7.74420117e-09 -7.74653497e-09 -7.74862063e-09 -7.75003323e-09 -7.75120190e-09 -7.75165798e-09 -7.75189007e-09 -7.75143488e-09 -7.75072506e-09 -7.74934461e-09 -7.74766939e-09 -7.74539233e-09 -7.74282272e-09 -7.73974007e-09 -7.73638309e-09 -7.73269565e-09 -7.73097186e-09 -7.76843129e-09 -8.32817582e-09 -1.40304061e-08 -5.76382306e-08 -3.11808955e-07 -1.45281691e-06 -5.43998664e-06 -1.64067730e-05 -4.04277291e-05 -8.28400466e-05 -1.43978399e-04 -2.16891943e-04 -2.89826552e-04 -3.51889349e-04 -3.96016637e-04 -4.05831922e-04 -3.71524139e-04 -2.74276319e-04 -7.73625090e-05 2.82596360e-04 9.01290823e-04 1.93165887e-03 3.59270275e-03 6.18699216e-03 1.01396364e-02 1.59731927e-02 2.42499927e-02 3.57467152e-02 5.11481899e-02 7.09562926e-02 9.54986483e-02 1.24516458e-01 1.57096196e-01 1.92440576e-01 2.28702208e-01 2.62697285e-01 2.91625954e-01 3.12780938e-01 3.23966670e-01 3.23966670e-01 3.12780938e-01 2.91625954e-01 2.62697285e-01 2.28702208e-01 1.92440576e-01 1.57096196e-01 1.24516458e-01 9.54986483e-02 7.09562926e-02 5.11481899e-02 3.57467152e-02 2.42499927e-02 1.59731927e-02 1.01396364e-02 6.18699216e-03 3.59270275e-03 1.93165887e-03 9.01290823e-04 2.82596360e-04 -7.73625090e-05 -2.74276319e-04 -3.71524139e-04 -4.05831922e-04 -3.96016637e-04 -3.51889349e-04 -2.89826552e-04 -2.16891943e-04 -1.43978399e-04 -8.28400466e-05 -4.04277291e-05 -1.64067730e-05 -5.43998664e-06 -1.45281691e-06 -3.11808955e-07 -5.76382302e-08 -1.40304061e-08 -8.32817570e-09 -7.76843112e-09 -7.73097159e-09 -7.73269598e-09 -7.73638315e-09 -7.73973990e-09 -7.74282249e-09 -7.74539227e-09 -7.74766951e-09 -7.74934422e-09 -7.75072478e-09 -7.75143477e-09 -7.75189035e-09 -7.75165776e-09 -7.75120190e-09 -7.75003323e-09 -7.74862080e-09 -7.74653502e-09 -7.74420150e-09 -7.74129488e-09 -7.73813180e-09 -7.73452957e-09 -7.73113423e-09 -7.73711017e-09 -7.89198540e-09 -9.74685727e-09 -2.60717731e-08 -1.34914904e-07 -6.90944984e-07 -2.89021635e-06 -9.69879794e-06 -2.63855750e-05 -5.91499684e-05 -1.11336493e-04 -1.79646456e-04 -2.54126041e-04 -3.22717598e-04 -3.76843835e-04 -4.05864376e-04 -3.95050411e-04 -3.32660204e-04 -1.91569933e-04 7.72869628e-05 5.51798916e-04 1.35016969e-03 2.66759060e-03 4.75149839e-03 7.96422169e-03 1.27921550e-02 1.97544156e-02 2.95435420e-02 4.29314540e-02 6.04405770e-02 8.26283658e-02 1.09492572e-01 1.40436339e-01 1.74300466e-01 2.10682593e-01 2.46158156e-01 2.77971469e-01 3.03331031e-01 3.19722941e-01 3.25394580e-01
3.25380207e-01 3.19661190e-01 3.03138545e-01 2.77585287e-01 2.45625781e-01 2.10052347e-01 1.73596247e-01 1.38899138e-01 1.08153089e-01 8.14673908e-02 5.94353089e-02 4.20655519e-02 2.88534517e-02 1.91987667e-02 1.23909785e-02 7.68038050e-03 4.55657601e-03 2.54269990e-03 1.27613087e-03 5.09205493e-04 5.71660450e-05 -1.98270432e-04 -3.31691016e-04 -3.90702763e-04 -4.01117355e-04 -3.73858210e-04 -3.22211951e-04 -2.55643999e-04 -1.82210384e-04 -1.13876989e-04 -6.09888951e-05 -2.74039005e-05 -1.01340836e-05 -3.03327580e-06 -7.26736661e-07 -1.41637299e-07 -2.70031109e-08 -9.84023085e-09 -7.89899607e-09 -7.73792330e-09 -7.73159298e-09 -7.73489250e-09 -7.73843245e-09 -7.74151593e-09 -7.74437636e-09 -7.74664322e-09 -7.74870057e-09 -7.75006470e-09 -7.75122055e-09 -7.75165032e-09 -7.75188835e-09 -7.75143483e-09 -7.75075104e-09 -7.74939818e-09 -7.74776232e-09 -7.74553333e-09 -7.74301717e-09 -7.74000058e-09 -7.73671355e-09 -7.73310416e-09 -7.73150943e-09 -7.77043896e-09 -8.35440317e-09 -1.43377404e-08 -6.02406344e-08 -3.27902717e-07 -1.52691385e-06 -5.69799812e-06 -1.70944919e-05 -4.18413428e-05 -8.50783656e-05 -1.46648805e-04 -2.19073615e-04 -2.90429013e-04 -3.50160333e-04 -3.91918863e-04 -4.00982803e-04 -3.68449477e-04 -2.76490025e-04 -8.99280513e-05 2.52219947e-04 8.42690348e-04 1.83426610e-03 3.43665776e-03 5.95329538e-03 9.80847018e-03 1.54900342e-02 2.36252726e-02 3.49775128e-02 5.01697427e-02 6.98515251e-02 9.42561321e-02 1.23075353e-01 1.55808181e-01 1.91772631e-01 2.28116789e-01 2.62237228e-01 2.91343815e-01 3.12663005e-01 3.23940237e-01 3.23940237e-01 3.12663005e-01 2.91343815e-01 2.62237228e-01 2.28116789e-01 1.91772631e-01 1.55808181e-01 1.23075353e-01 9.42561321e-02 6.98515251e-02 5.01697427e-02 3.49775128e-02 2.36252726e-02 1.54900342e-02 9.80847018e-03 5.95329538e-03 3.43665776e-03 1.83426610e-03 8.42690348e-04 2.52219947e-04 -8.99280513e-05 -2.76490025e-04 -3.68449477e-04 -4.00982803e-04 -3.91918863e-04 -3.50160333e-04 -2.90429013e-04 -2.19073615e-04 -1.46648805e-04 -8.50783656e-05 -4.18413428e-05 -1.70944919e-05 -5.69799812e-06 -1.52691385e-06 -3.27902717e-07 -6.02406343e-08 -1.43377408e-08 -8.35440317e-09 -7.77043907e-09 -7.73150982e-09 -7.73310399e-09 -7.73671360e-09 -7.74000058e-09 -7.74301701e-09 -7.74553344e-09 -7.74776215e-09 -7.74939840e-09 -7.75075110e-09 -7.75143505e-09 -7.75188835e-09 -7.75165032e-09 -7.75122055e-09 -7.75006476e-09 -7.74870046e-09 -7.74664349e-09 -7.74437647e-09 -7.74151543e-09 -7.73843251e-09 -7.73489262e-09 -7.73159303e-09 -7.73792302e-09 -7.89899601e-09 -9.84023074e-09 -2.70031102e-08 -1.41637298e-07 -7.26736661e-07 -3.03327580e-06 -1.01340836e-05 -2.74039005e-05 -6.09888951e-05 -1.13876989e-04 -1.82210384e-04 -2.55643999e-04 -3.22211951e-04 -3.73858210e-04 -4.01117355e-04 -3.90702763e-04 -3.31691016e-04 -1.98270432e-04 5.71660450e-05 5.09205493e-04 1.27613087e-03 2.54269990e-03 4.55657601e-03 7.68038050e-03 1.23909785e-02 1.91987667e-02 2.88534517e-02 4.20655519e-02 5.94353089e-02 8.14673908e-02 1.08153089e-01 1.38899138e-01 1.73596247e-01 2.10052347e-01 2.45625781e-01 2.77585287e-01 3.03138545e-01 3.19661190e-01 3.25380207e-01
3.25399979e-01 3.19611270e-01 3.02897476e-01 2.77097137e-01 2.44952885e-01 2.09253010e-01 1.72760848e-01 1.37820429e-01 1.06744372e-01 8.02841700e-02 5.84148484e-02 4.11887197e-02 2.81770538e-02 1.86681705e-02 1.19922020e-02 7.40946312e-03 4.36838179e-03 2.42155425e-03 1.20474415e-03 4.68509367e-04 3.81528503e-05 -2.04283895e-04 -3.30424415e-04 -3.86190294e-04 -3.96234112e-04 -3.70678127e-04 -3.21478433e-04 -2.56969142e-04 -1.84661645e-04 -1.16383958e-04 -6.28390720e-05 -2.84429121e-05 -1.05828811e-05 -3.18187135e-06 -7.64073811e-07 -1.48656133e-07 -2.79724521e-08 -9.93659977e-09 -7.90610211e-09 -7.73871855e-09 -7.73204029e-09 -7.73524783e-09 -7.73872572e-09 -7.74173087e-09 -7.74454639e-09 -7.74674908e-09 -7.74877795e-09 -7.75009462e-09 -7.75123898e-09 -7.75164272e-09 -7.75188680e-09 -7.75143627e-09 -7.75077547e-09 -7.74945080e-09 -7.74785092e-09 -7.74567221e-09 -7.74320663e-09 -7.74025732e-09 -7.73703435e-09 -7.73350389e-09 -7.73203357e-09 -7.77244036e-09 -8.38127512e-09 -1.46565245e-08 -6.29550238e-08 -3.44706496e-07 -1.60407502e-06 -5.96510502e-06 -1.78001397e-05 -4.32743328e-05 -8.73106462e-05 -1.49249020e-04 -2.21099654e-04 -2.90813156e-04 -3.48211667e-04 -3.87655687e-04 -3.95992254e-04 -3.65157897e-04 -2.78248585e-04 -1.01402163e-04 2.23745525e-04 7.87080336e-04 1.74016864e-03 3.28502380e-03 5.72578540e-03 9.48116014e-03 1.50195510e-02 2.30186523e-02 3.42137299e-02 4.92484527e-02 6.87607596e-02 9.29610592e-02 1.21554929e-01 1.54970134e-01 1.90949541e-01 2.27361941e-01 2.61655897e-01 2.90974781e-01 3.12530789e-01 3.23942252e-01 3.23942252e-01 3.12530789e-01 2.90974781e-01 2.61655897e-01 2.27361941e-01 1.90949541e-01 1.54970134e-01 1.21554929e-01 9.29610592e-02 6.87607596e-02 4.92484527e-02 3.42137299e-02 2.30186523e-02 1.50195510e-02 9.48116014e-03 5.72578540e-03 3.28502380e-03 1.74016864e-03 7.87080336e-04 2.23745525e-04 -1.01402163e-04 -2.78248585e-04 -3.65157897e-04 -3.95992254e-04 -3.87655687e-04 -3.48211667e-04 -2.90813156e-04 -2.21099654e-04 -1.49249020e-04 -8.73106462e-05 -4.32743328e-05 -1.78001397e-05 -5.96510502e-06 -1.60407502e-06 -3.44706496e-07 -6.29550238e-08 -1.46565243e-08 -8.38127501e-09 -7.77244047e-09 -7.73203396e-09 -7.73350373e-09 -7.73703468e-09 -7.74025710e-09 -7.74320646e-09 -7.74567260e-09 -7.74785047e-09 -7.74945064e-09 -7.75077535e-09 -7.75143622e-09 -7.75188702e-09 -7.75164261e-09 -7.75123871e-09 -7.75009446e-09 -7.74877823e-09 -7.74674902e-09 -7.74454639e-09 -7.74173059e-09 -7.73872549e-09 -7.73524783e-09 -7.73204017e-09 -7.73871894e-09 -7.90610205e-09 -9.93659965e-09 -2.79724516e-08 -1.48656133e-07 -7.64073811e-07 -3.18187135e-06 -1.05828811e-05 -2.84429121e-05 -6.28390720e-05 -1.16383958e-04 -1.84661645e-04 -2.56969142e-04 -3.21478433e-04 -3.70678127e-04 -3.96234112e-04 -3.86190294e-04 -3.30424415e-04 -2.04283895e-04 3.81528503e-05 4.68509367e-04 1.20474415e-03 2.42155425e-03 4.36838179e-03 7.40946312e-03 1.19922020e-02 1.86681705e-02 2.81770538e-02 4.11887197e-02 5.84148484e-02 8.02841700e-02 1.06744372e-01 1.37820429e-01 1.72760848e-01 2.09253010e-01 2.44952885e-01 2.77097137e-01 3.02897476e-01 3.19611270e-01 3.25399979e-01
3.25225313e-01 3.19401163e-01 3.02592583e-01 2.76652513e-01 2.44208713e-01 2.08340826e-01 1.71788326e-01 1.36886313e-01 1.05368801e-01 7.90587122e-02 5.74086387e-02 4.03553060e-02 2.75118419e-02 1.81427564e-02 1.16002196e-02 7.14634894e-03 4.19036216e-03 2.30621708e-03 1.13580155e-03 4.29561893e-04 2.01701813e-05 -2.09643579e-04 -3.28855012e-04 -3.81530658e-04 -3.91216223e-04 -3.67317225e-04 -3.20524460e-04 -2.58101818e-04 -1.86996390e-04 -1.18853321e-04 -6.46982820e-05 -2.95020277e-05 -1.10452404e-05 -3.33609986e-06 -8.02989895e-07 -1.55976234e-07 -2.89796971e-08 -1.00358101e-08 -7.91327703e-09 -7.73949616e-09 -7.73247716e-09 -7.73559278e-09 -7.73901215e-09 -7.74193998e-09 -7.74471187e-09 -7.74685166e-09 -7.74885484e-09 -7.75012371e-09 -7.75125708e-09 -7.75163506e-09 -7.75188541e-09 -7.75143788e-09 -7.75079867e-09 -7.74950337e-09 -7.74793735e-09 -7.74580877e-09 -7.74339087e-09 -7.74050657e-09 -7.73734710e-09 -7.73389369e-09 -7.73254261e-09 -7.77442838e-09 -8.40872422e-09 -1.49865191e-08 -6.57824056e-08 -3.62234700e-07 -1.68436380e-06 -6.24141634e-06 -1.85235623e-05 -4.47254182e-05 -8.95336488e-05 -1.51774654e-04 -2.22967798e-04 -2.90982706e-04 -3.46054236e-04 -3.83249395e-04 -3.90874228e-04 -3.61664237e-04 -2.79599320e-04 -1.11984212e-04 1.96799703e-04 7.36029833e-04 1.64969114e-03 3.13882657e-03 5.50613643e-03 9.15682607e-03 1.45698479e-02 2.24335121e-02 3.34411219e-02 4.83187456e-02 6.76532947e-02 9.16100313e-02 1.20617121e-01 1.54011731e-01 1.89986413e-01 2.26514968e-01 2.61060154e-01 2.90612457e-01 3.12278865e-01 3.23758549e-01 3.23758549e-01 3.12278865e-01 2.90612457e-01 2.61060154e-01 2.26514968e-01 1.89986413e-01 1.54011731e-01 1.20617121e-01 9.16100313e-02 6.76532947e-02 4.83187456e-02 3.34411219e-02 2.24335121e-02 1.45698479e-02 9.15682607e-03 5.50613643e-03 3.13882657e-03 1.64969114e-03 7.36029833e-04 1.96799703e-04 -1.11984212e-04 -2.79599320e-04 -3.61664237e-04 -3.90874228e-04 -3.83249395e-04 -3.46054236e-04 -2.90982706e-04 -2.22967798e-04 -1.51774654e-04 -8.95336488e-05 -4.47254182e-05 -1.85235623e-05 -6.24141634e-06 -1.68436380e-06 -3.62234700e-07 -6.57824057e-08 -1.49865193e-08 -8.40872444e-09 -7.77442832e-09 -7.73254250e-09 -7.73389419e-09 -7.73734643e-09 -7.74050612e-09 -7.74339071e-09 -7.74580861e-09 -7.74793751e-09 -7.74950337e-09 -7.75079889e-09 -7.75143782e-09 -7.75188552e-09 -7.75163522e-09 -7.75125686e-09 -7.75012376e-09 -7.74885461e-09 -7.74685155e-09 -7.74471198e-09 -7.74193992e-09 -7.73901221e-09 -7.73559261e-09 -7.73247710e-09 -7.73949649e-09 -7.91327709e-09 -1.00358101e-08 -2.89796972e-08 -1.55976233e-07 -8.02989895e-07 -3.33609986e-06 -1.10452404e-05 -2.95020277e-05 -6.46982820e-05 -1.18853321e-04 -1.86996390e-04 -2.58101818e-04 -3.20524460e-04 -3.67317225e-04 -3.91216223e-04 -3.81530658e-04 -3.28855012e-04 -2.09643579e-04 2.01701813e-05 4.29561893e-04 1.13580155e-03 2.30621708e-03 4.19036216e-03 7.14634894e-03 1.16002196e-02 1.81427564e-02 2.75118419e-02 4.03553060e-02 5.74086387e-02 7.90587122e-02 1.05368801e-01 1.36886313e-01 1.71788326e-01 2.08340826e-01 2.44208713e-01 2.76652513e-01 3.02592583e-01 3.19401163e-01 3.25225313e-01
3.25316581e-01 3.19383903e-01 3.02312712e-01 2.76019180e-01 2.43470340e-01 2.07381367e-01 1.70718448e-01 1.35845218e-01 1.04426269e-01 7.77888722e-02 5.63917507e-02 3.95220476e-02 2.68402222e-02 1.76487360e-02 1.12223784e-02 6.88689563e-03 4.01599086e-03 2.19449129e-03 1.06957153e-03 3.92764765e-04 3.44485747e-06 -2.14293873e-04 -3.27010326e-04 -3.76753035e-04 -3.86086878e-04 -3.63789101e-04 -3.19357900e-04 -2.59042934e-04 -1.89211103e-04 -1.21281056e-04 -6.65642373e-05 -3.05805970e-05 -1.15211771e-05 -3.49604432e-06 -8.43513047e-07 -1.63600706e-07 -3.00243539e-08 -1.01376557e-08 -7.92049215e-09 -7.74025216e-09 -7.73290182e-09 -7.73592851e-09 -7.73929043e-09 -7.74214409e-09 -7.74487352e-09 -7.74695141e-09 -7.74892855e-09 -7.75015274e-09 -7.75127523e-09 -7.75162873e-09 -7.75188325e-09 -7.75144021e-09 -7.75082060e-09 -7.74955494e-09 -7.74802011e-09 -7.74594350e-09 -7.74356756e-09 -7.74075276e-09 -7.73764947e-09 -7.73427539e-09 -7.73303444e-09 -7.77639286e-09 -8.43666270e-09 -1.53273264e-08 -6.87229271e-08 -3.80498601e-07 -1.76783487e-06 -6.52701914e-06 -1.92645548e-05 -4.61932391e-05 -9.17441038e-05 -1.54221499e-04 -2.24676256e-04 -2.90941947e-04 -3.43699168e-04 -3.78712280e-04 -3.85642658e-04 -3.57978285e-04 -2.80566343e-04 -1.21857056e-04 1.71207508e-04 6.87160324e-04 1.56241172e-03 2.99833535e-03 5.29653968e-03 8.83661891e-03 1.41298216e-02 2.18607788e-02 3.26972468e-02 4.74049668e-02 6.65131925e-02 9.03684740e-02 1.19622546e-01 1.52937607e-01 1.88949099e-01 2.25687185e-01 2.60370891e-01 2.90153143e-01 3.12147674e-01 3.23821598e-01 3.23821598e-01 3.12147674e-01 2.90153143e-01 2.60370891e-01 2.25687185e-01 1.88949099e-01 1.52937607e-01 1.19622546e-01 9.03684740e-02 6.65131925e-02 4.74049668e-02 3.26972468e-02 2.18607788e-02 1.41298216e-02 8.83661891e-03 5.29653968e-03 2.99833535e-03 1.56241172e-03 6.87160324e-04 1.71207508e-04 -1.21857056e-04 -2.80566343e-04 -3.57978285e-04 -3.85642658e-04 -3.78712280e-04 -3.43699168e-04 -2.90941947e-04 -2.24676256e-04 -1.54221499e-04 -9.17441038e-05 -4.61932391e-05 -1.92645548e-05 -6.52701914e-06 -1.76783487e-06 -3.80498601e-07 -6.87229271e-08 -1.53273264e-08 -8.43666287e-09 -7.77639320e-09 -7.73303444e-09 -7.73427572e-09 -7.73764897e-09 -7.74075259e-09 -7.74356773e-09 -7.74594328e-09 -7.74802000e-09 -7.74955494e-09 -7.75082065e-09 -7.75144005e-09 -7.75188363e-09 -7.75162856e-09 -7.75127529e-09 -7.75015307e-09 -7.74892872e-09 -7.74695141e-09 -7.74487419e-09 -7.74214415e-09 -7.73929032e-09 -7.73592834e-09 -7.73290165e-09 -7.74025249e-09 -7.92049215e-09 -1.01376563e-08 -3.00243543e-08 -1.63600706e-07 -8.43513047e-07 -3.49604432e-06 -1.15211771e-05 -3.05805970e-05 -6.65642373e-05 -1.21281056e-04 -1.89211103e-04 -2.59042934e-04 -3.19357900e-04 -3.63789101e-04 -3.86086878e-04 -3.76753035e-04 -3.27010326e-04 -2.14293873e-04 3.44485747e-06 3.92764765e-04 1.06957153e-03 2.19449129e-03 4.01599086e-03 6.88689563e-03 1.12223784e-02 1.76487360e-02 2.68402222e-02 3.95220476e-02 5.63917507e-02 7.77888722e-02 1.04426269e-01 1.35845218e-01 1.70718448e-01 2.07381367e-01 2.43470340e-01 2.76019180e-01 3.02312712e-01 3.19383903e-01 3.25316581e-01
