# mapa exacto (Lambda, theta) | filas = Lambda (200), columnas = theta (200) | sector=even, sign=+1, nph_wig=85
-7.75253051e-09 -7.75205478e-09 -7.75062942e-09 -7.74826076e-09 -7.74495845e-09 -7.74073644e-09 -7.73561282e-09 -7.72960884e-09 -7.72274977e-09 -7.71506442e-09 -7.70658509e-09 -7.69734698e-09 -7.68738873e-09 -7.67675185e-09 -7.66548031e-09 -7.65362107e-09 -7.64122277e-09 -7.62833657e-09 -7.61501545e-09 -7.60131380e-09 -7.58728746e-09 -7.57299368e-09 -7.55848978e-09 -7.54383489e-09 -7.52908774e-09 -7.51430723e-09 -7.49955248e-09 -7.48488227e-09 -7.47035445e-09 -7.45602657e-09 -7.44195494e-09 -7.42819450e-09 -7.41479922e-09 -7.40182099e-09 -7.38931027e-09 -7.37731531e-09 -7.36588213e-09 -7.35505512e-09 -7.34487515e-09 -7.33538147e-09 -7.32660987e-09 -7.31859406e-09 -7.31136401e-09 -7.30494731e-09 -7.29936800e-09 -7.29464739e-09 -7.29080285e-09 -7.28784910e-09 -7.28579713e-09 -7.28465466e-09 -7.28442595e-09 -7.28511185e-09 -7.28670990e-09 -7.28921390e-09 -7.29261457e-09 -7.29689914e-09 -7.30205157e-09 -7.30805250e-09 -7.31487904e-09 -7.32250560e-09 -7.33090322e-09 -7.34004013e-09 -7.34988170e-09 -7.36039030e-09 -7.37152578e-09 -7.38324535e-09 -7.39550410e-09 -7.40825479e-09 -7.42144796e-09 -7.43503237e-09 -7.44895523e-09 -7.46316198e-09 -7.47759693e-09 -7.49220319e-09 -7.50692297e-09 -7.52169804e-09 -7.53646912e-09 -7.55117757e-09 -7.56576424e-09 -7.58017038e-09 -7.59433760e-09 -7.60820884e-09 -7.62172703e-09 -7.63483743e-09 -7.64748609e-09 -7.65962116e-09 -7.67119257e-09 -7.68215241e-09 -7.69245545e-09 -7.70205855e-09 -7.71092190e-09 -7.71900849e-09 -7.72628445e-09 -7.73271924e-09 -7.73828607e-09 -7.74296138e-09 -7.74672543e-09 -7.74956249e-09 -7.75146053e-09 -7.75241144e-09 -7.75241149e-09 -7.75146053e-09 -7.74956244e-09 -7.74672543e-09 -7.74296133e-09 -7.73828623e-09 -7.73271924e-09 -7.72628445e-09 -7.71900849e-09 -7.71092185e-09 -7.70205855e-09 -7.69245545e-09 -7.68215241e-09 -7.67119257e-09 -7.65962116e-09 -7.64748609e-09 -7.63483743e-09 -7.62172703e-09 -7.60820884e-09 -7.59433760e-09 -7.58017032e-09 -7.56576424e-09 -7.55117757e-09 -7.53646917e-09 -7.52169793e-09 -7.50692297e-09 -7.49220319e-09 -7.47759693e-09 -7.46316198e-09 -7.44895523e-09 -7.43503237e-09 -7.42144796e-09 -7.40825479e-09 -7.39550410e-09 -7.38324535e-09 -7.37152578e-09 -7.36039030e-09 -7.34988170e-09 -7.34004013e-09 -7.33090322e-09 -7.32250549e-09 -7.31487904e-09 -7.30805244e-09 -7.30205163e-09 -7.29689920e-09 -7.29261451e-09 -7.28921384e-09 -7.28670985e-09 -7.28511185e-09 -7.28442595e-09 -7.28465460e-09 -7.28579713e-09 -7.28784910e-09 -7.29080285e-09 -7.29464739e-09 -7.29936811e-09 -7.30494731e-09 -7.31136401e-09 -7.31859401e-09 -7.32660987e-09 -7.33538147e-09 -7.34487521e-09 -7.35505512e-09 -7.36588213e-09 -7.37731531e-09 -7.38931027e-09 -7.40182093e-09 -7.41479916e-09 -7.42819450e-09 -7.44195483e-09 -7.45602657e-09 -7.47035445e-09 -7.48488227e-09 -7.49955265e-09 -7.51430729e-09 -7.52908769e-09 -7.54383489e-09 -7.55848978e-09 -7.57299373e-09 -7.58728746e-09 -7.60131380e-09 -7.61501545e-09 -7.62833657e-09 -7.64122277e-09 -7.65362096e-09 -7.66548031e-09 -7.67675185e-09 -7.68738873e-09 -7.69734698e-09 -7.70658504e-09 -7.71506459e-09 -7.72274977e-09 -7.72960884e-09 -7.73561282e-09 -7.74073644e-09 -7.74495840e-09 -7.74826070e-09 -7.75062942e-09 -7.75205472e-09 -7.75253051e-09
-7.75244507e-09 -7.75123454e-09 -7.74760817e-09 -7.74158271e-09 -7.73318554e-09 -7.72245523e-09 -7.70944081e-09 -7.69420105e-09 -7.67680536e-09 -7.65733216e-09 -7.63586916e-09 -7.61251229e-09 -7.58736585e-09 -7.56054119e-09 -7.53215629e-09 -7.50233564e-09 -7.47120887e-09 -7.43891054e-09 -7.40557859e-09 -7.37135525e-09 -7.33638472e-09 -7.30081301e-09 -7.26478772e-09 -7.22845700e-09 -7.19196863e-09 -7.15546977e-09 -7.11910630e-09 -7.08302195e-09 -7.04735820e-09 -7.01225322e-09 -6.97784208e-09 -6.94425573e-09 -6.91162039e-09 -6.88005830e-09 -6.84968571e-09 -6.82061407e-09 -6.79294909e-09 -6.76679018e-09 -6.74223072e-09 -6.71935779e-09 -6.69825162e-09 -6.67898598e-09 -6.66162764e-09 -6.64623662e-09 -6.63286548e-09 -6.62155997e-09 -6.61235849e-09 -6.60529220e-09 -6.60038491e-09 -6.59765331e-09 -6.59710653e-09 -6.59874644e-09 -6.60256738e-09 -6.60855665e-09 -6.61669403e-09 -6.62695182e-09 -6.63929550e-09 -6.65368272e-09 -6.67006461e-09 -6.68838429e-09 -6.70857914e-09 -6.73057815e-09 -6.75430500e-09 -6.77967549e-09 -6.80659940e-09 -6.83498064e-09 -6.86471624e-09 -6.89569774e-09 -6.92781132e-09 -6.96093783e-09 -6.99495262e-09 -7.02972741e-09 -7.06512870e-09 -7.10102033e-09 -7.13726223e-09 -7.17371146e-09 -7.21022342e-09 -7.24665128e-09 -7.28284794e-09 -7.31866479e-09 -7.35395428e-09 -7.38856942e-09 -7.42236500e-09 -7.45519751e-09 -7.48692724e-09 -7.51741747e-09 -7.54653595e-09 -7.57415597e-09 -7.60015584e-09 -7.62442104e-09 -7.64684355e-09 -7.66732311e-09 -7.68576786e-09 -7.70209491e-09 -7.71623010e-09 -7.72810932e-09 -7.73767844e-09 -7.74489373e-09 -7.74972236e-09 -7.75214237e-09 -7.75214248e-09 -7.74972247e-09 -7.74489384e-09 -7.73767844e-09 -7.72810926e-09 -7.71623021e-09 -7.70209496e-09 -7.68576802e-09 -7.66732311e-09 -7.64684355e-09 -7.62442104e-09 -7.60015595e-09 -7.57415597e-09 -7.54653595e-09 -7.51741741e-09 -7.48692724e-09 -7.45519746e-09 -7.42236500e-09 -7.38856942e-09 -7.35395417e-09 -7.31866479e-09 -7.28284788e-09 -7.24665128e-09 -7.21022342e-09 -7.17371146e-09 -7.13726223e-09 -7.10102033e-09 -7.06512870e-09 -7.02972736e-09 -6.99495262e-09 -6.96093783e-09 -6.92781132e-09 -6.89569779e-09 -6.86471618e-09 -6.83498064e-09 -6.80659940e-09 -6.77967549e-09 -6.75430500e-09 -6.73057821e-09 -6.70857914e-09 -6.68838429e-09 -6.67006461e-09 -6.65368272e-09 -6.63929545e-09 -6.62695182e-09 -6.61669403e-09 -6.60855676e-09 -6.60256738e-09 -6.59874644e-09 -6.59710653e-09 -6.59765320e-09 -6.60038491e-09 -6.60529220e-09 -6.61235849e-09 -6.62155997e-09 -6.63286542e-09 -6.64623667e-09 -6.66162764e-09 -6.67898598e-09 -6.69825151e-09 -6.71935785e-09 -6.74223072e-09 -6.76679018e-09 -6.79294920e-09 -6.82061407e-09 -6.84968576e-09 -6.88005819e-09 -6.91162039e-09 -6.94425561e-09 -6.97784214e-09 -7.01225322e-09 -7.04735820e-09 -7.08302195e-09 -7.11910630e-09 -7.15546977e-09 -7.19196863e-09 -7.22845700e-09 -7.26478766e-09 -7.30081301e-09 -7.33638472e-09 -7.37135530e-09 -7.40557859e-09 -7.43891049e-09 -7.47120898e-09 -7.50233553e-09 -7.53215634e-09 -7.56054119e-09 -7.58736585e-09 -7.61251229e-09 -7.63586927e-09 -7.65733216e-09 -7.67680530e-09 -7.69420105e-09 -7.70944081e-09 -7.72245518e-09 -7.73318554e-09 -7.74158271e-09 -7.74760817e-09 -7.75123454e-09 -7.75244507e-09
-7.75237174e-09 -7.75009695e-09 -7.74328512e-09 -7.73197062e-09 -7.71621050e-09 -7.69608621e-09 -7.67169844e-09 -7.64317060e-09 -7.61064606e-09 -7.57428675e-09 -7.53427271e-09 -7.49080031e-09 -7.44408157e-09 -7.39434208e-09 -7.34181904e-09 -7.28676053e-09 -7.22942339e-09 -7.17007259e-09 -7.10897735e-09 -7.04641157e-09 -6.98265240e-09 -6.91797625e-09 -6.85266077e-09 -6.78698081e-09 -6.72120787e-09 -6.65560912e-09 -6.59044702e-09 -6.52597654e-09 -6.46244525e-09 -6.40009307e-09 -6.33915043e-09 -6.27983821e-09 -6.22236701e-09 -6.16693735e-09 -6.11373863e-09 -6.06294875e-09 -6.01473532e-09 -5.96925381e-09 -5.92664795e-09 -5.88705074e-09 -5.85058368e-09 -5.81735610e-09 -5.78746745e-09 -5.76100462e-09 -5.73804482e-09 -5.71865344e-09 -5.70288572e-09 -5.69078573e-09 -5.68238734e-09 -5.67771402e-09 -5.67677849e-09 -5.67958403e-09 -5.68612191e-09 -5.69637487e-09 -5.71031367e-09 -5.72789927e-09 -5.74908243e-09 -5.77380282e-09 -5.80198856e-09 -5.83355830e-09 -5.86841875e-09 -5.90646537e-09 -5.94758293e-09 -5.99164390e-09 -6.03851008e-09 -6.08803175e-09 -6.14004769e-09 -6.19438473e-09 -6.25085944e-09 -6.30927693e-09 -6.36943159e-09 -6.43110731e-09 -6.49407850e-09 -6.55810950e-09 -6.62295740e-09 -6.68837030e-09 -6.75408912e-09 -6.81984919e-09 -6.88538121e-09 -6.95041164e-09 -7.01466379e-09 -7.07786113e-09 -7.13972576e-09 -7.19998294e-09 -7.25836036e-09 -7.31459077e-09 -7.36841321e-09 -7.41957495e-09 -7.46783302e-09 -7.51295592e-09 -7.55472468e-09 -7.59293467e-09 -7.62739838e-09 -7.65794334e-09 -7.68441771e-09 -7.70668823e-09 -7.72464176e-09 -7.73818737e-09 -7.74725661e-09 -7.75180292e-09 -7.75180292e-09 -7.74725661e-09 -7.73818737e-09 -7.72464176e-09 -7.70668795e-09 -7.68441771e-09 -7.65794334e-09 -7.62739838e-09 -7.59293467e-09 -7.55472468e-09 -7.51295592e-09 -7.46783302e-09 -7.41957484e-09 -7.36841321e-09 -7.31459077e-09 -7.25836030e-09 -7.19998294e-09 -7.13972576e-09 -7.07786108e-09 -7.01466379e-09 -6.95041164e-09 -6.88538121e-09 -6.81984924e-09 -6.75408912e-09 -6.68837030e-09 -6.62295740e-09 -6.55810950e-09 -6.49407850e-09 -6.43110731e-09 -6.36943159e-09 -6.30927693e-09 -6.25085950e-09 -6.19438473e-09 -6.14004769e-09 -6.08803175e-09 -6.03851008e-09 -5.99164396e-09 -5.94758293e-09 -5.90646543e-09 -5.86841875e-09 -5.83355836e-09 -5.80198856e-09 -5.77380282e-09 -5.74908238e-09 -5.72789949e-09 -5.71031344e-09 -5.69637487e-09 -5.68612185e-09 -5.67958397e-09 -5.67677849e-09 -5.67771402e-09 -5.68238712e-09 -5.69078573e-09 -5.70288572e-09 -5.71865333e-09 -5.73804487e-09 -5.76100462e-09 -5.78746751e-09 -5.81735610e-09 -5.85058368e-09 -5.88705074e-09 -5.92664795e-09 -5.96925359e-09 -6.01473532e-09 -6.06294870e-09 -6.11373863e-09 -6.16693741e-09 -6.22236707e-09 -6.27983798e-09 -6.33915043e-09 -6.40009323e-09 -6.46244525e-09 -6.52597654e-09 -6.59044697e-09 -6.65560912e-09 -6.72120753e-09 -6.78698081e-09 -6.85266077e-09 -6.91797625e-09 -6.98265218e-09 -7.04641157e-09 -7.10897718e-09 -7.17007231e-09 -7.22942345e-09 -7.28676058e-09 -7.34181904e-09 -7.39434214e-09 -7.44408180e-09 -7.49080031e-09 -7.53427265e-09 -7.57428681e-09 -7.61064584e-09 -7.64317076e-09 -7.67169844e-09 -7.69608610e-09 -7.71621056e-09 -7.73197051e-09 -7.74328518e-09 -7.75009701e-09 -7.75237174e-09
-7.75230852e-09 -7.74865150e-09 -7.73770104e-09 -7.71952136e-09 -7.69421693e-09 -7.66193320e-09 -7.62285579e-09 -7.57720708e-09 -7.52524432e-09 -7.46725898e-09 -7.40357214e-09 -7.33453348e-09 -7.26051663e-09 -7.18191651e-09 -7.09914677e-09 -7.01263503e-09 -6.92282176e-09 -6.83015411e-09 -6.73508554e-09 -6.63807043e-09 -6.53956267e-09 -6.44001102e-09 -6.33985953e-09 -6.23954083e-09 -6.13947854e-09 -6.04008199e-09 -5.94174565e-09 -5.84484849e-09 -5.74975101e-09 -5.65679570e-09 -5.56630692e-09 -5.47858847e-09 -5.39392431e-09 -5.31257971e-09 -5.23479882e-09 -5.16080839e-09 -5.09081383e-09 -5.02500452e-09 -4.96355101e-09 -4.90660618e-09 -4.85430823e-09 -4.80677859e-09 -4.76412443e-09 -4.72643924e-09 -4.69380268e-09 -4.66628297e-09 -4.64393546e-09 -4.62680477e-09 -4.61492355e-09 -4.60831601e-09 -4.60699356e-09 -4.61095973e-09 -4.62020605e-09 -4.63471572e-09 -4.65445954e-09 -4.67939976e-09 -4.70948547e-09 -4.74465545e-09 -4.78483592e-09 -4.82994034e-09 -4.87986851e-09 -4.93450586e-09 -4.99372321e-09 -5.05737507e-09 -5.12529919e-09 -5.19731669e-09 -5.27322908e-09 -5.35282135e-09 -5.43585738e-09 -5.52208312e-09 -5.61122360e-09 -5.70298475e-09 -5.79705295e-09 -5.89309435e-09 -5.99075733e-09 -6.08967193e-09 -6.18945173e-09 -6.28969410e-09 -6.38998282e-09 -6.48988929e-09 -6.58897509e-09 -6.68679306e-09 -6.78289180e-09 -6.87681667e-09 -6.96811336e-09 -7.05633146e-09 -7.14102616e-09 -7.22176419e-09 -7.29812327e-09 -7.36969918e-09 -7.43610712e-09 -7.49698492e-09 -7.55199714e-09 -7.60083763e-09 -7.64323072e-09 -7.67893688e-09 -7.70775144e-09 -7.72950914e-09 -7.74408482e-09 -7.75139392e-09 -7.75139397e-09 -7.74408482e-09 -7.72950914e-09 -7.70775144e-09 -7.67893682e-09 -7.64323072e-09 -7.60083763e-09 -7.55199714e-09 -7.49698492e-09 -7.43610706e-09 -7.36969918e-09 -7.29812333e-09 -7.22176419e-09 -7.14102627e-09 -7.05633130e-09 -6.96811336e-09 -6.87681667e-09 -6.78289180e-09 -6.68679306e-09 -6.58897509e-09 -6.48988940e-09 -6.38998282e-09 -6.28969410e-09 -6.18945173e-09 -6.08967199e-09 -5.99075711e-09 -5.89309435e-09 -5.79705295e-09 -5.70298475e-09 -5.61122360e-09 -5.52208318e-09 -5.43585738e-09 -5.35282135e-09 -5.27322930e-09 -5.19731674e-09 -5.12529919e-09 -5.05737507e-09 -4.99372343e-09 -4.93450608e-09 -4.87986829e-09 -4.82994034e-09 -4.78483592e-09 -4.74465545e-09 -4.70948552e-09 -4.67939953e-09 -4.65445960e-09 -4.63471572e-09 -4.62020627e-09 -4.61095973e-09 -4.60699373e-09 -4.60831595e-09 -4.61492378e-09 -4.62680477e-09 -4.64393546e-09 -4.66628297e-09 -4.69380274e-09 -4.72643924e-09 -4.76412443e-09 -4.80677859e-09 -4.85430823e-09 -4.90660623e-09 -4.96355101e-09 -5.02500458e-09 -5.09081394e-09 -5.16080839e-09 -5.23479882e-09 -5.31257965e-09 -5.39392447e-09 -5.47858847e-09 -5.56630692e-09 -5.65679570e-09 -5.74975101e-09 -5.84484849e-09 -5.94174565e-09 -6.04008199e-09 -6.13947848e-09 -6.23954083e-09 -6.33985953e-09 -6.44001102e-09 -6.53956261e-09 -6.63807043e-09 -6.73508554e-09 -6.83015444e-09 -6.92282154e-09 -7.01263525e-09 -7.09914677e-09 -7.18191651e-09 -7.26051663e-09 -7.33453348e-09 -7.40357214e-09 -7.46725898e-09 -7.52524437e-09 -7.57720708e-09 -7.62285601e-09 -7.66193342e-09 -7.69421693e-09 -7.71952136e-09 -7.73770104e-09 -7.74865150e-09 -7.75230852e-09
-7.75225428e-09 -7.74690923e-09 -7.73090969e-09 -7.70436193e-09 -7.66744146e-09 -7.62039204e-09 -7.56352109e-09 -7.49719814e-09 -7.42184963e-09 -7.33795441e-09 -7.24603899e-09 -7.14667192e-09 -7.04045722e-09 -6.92802909e-09 -6.81004569e-09 -6.68718236e-09 -6.56012594e-09 -6.42956866e-09 -6.29620223e-09 -6.16071250e-09 -6.02377448e-09 -5.88604721e-09 -5.74817016e-09 -5.61075880e-09 -5.47440215e-09 -5.33965983e-09 -5.20705945e-09 -5.07709585e-09 -4.95022934e-09 -4.82688584e-09 -4.70745587e-09 -4.59229577e-09 -4.48172771e-09 -4.37604075e-09 -4.27549324e-09 -4.18031287e-09 -4.09069978e-09 -4.00682698e-09 -3.92884486e-09 -3.85688087e-09 -3.79104242e-09 -3.73142017e-09 -3.67808833e-09 -3.63110753e-09 -3.59052699e-09 -3.55638508e-09 -3.52871210e-09 -3.50753054e-09 -3.49285662e-09 -3.48470108e-09 -3.48306967e-09 -3.48796347e-09 -3.49937929e-09 -3.51730867e-09 -3.54173840e-09 -3.57264907e-09 -3.61001468e-09 -3.65380060e-09 -3.70396391e-09 -3.76044934e-09 -3.82318988e-09 -3.89210342e-09 -3.96709127e-09 -4.04803580e-09 -4.13479911e-09 -4.22721913e-09 -4.32510977e-09 -4.42825721e-09 -4.53641880e-09 -4.64932109e-09 -4.76665862e-09 -4.88809204e-09 -5.01324793e-09 -5.14171838e-09 -5.27306010e-09 -5.40679546e-09 -5.54241286e-09 -5.67936870e-09 -5.81708837e-09 -5.95496913e-09 -6.09238293e-09 -6.22868024e-09 -6.36319342e-09 -6.49524151e-09 -6.62413507e-09 -6.74918132e-09 -6.86969015e-09 -6.98497921e-09 -7.09438153e-09 -7.19725002e-09 -7.29296462e-09 -7.38093842e-09 -7.46062329e-09 -7.53151574e-09 -7.59316254e-09 -7.64516522e-09 -7.68718461e-09 -7.71894493e-09 -7.74023623e-09 -7.75091735e-09 -7.75091735e-09 -7.74023623e-09 -7.71894493e-09 -7.68718467e-09 -7.64516522e-09 -7.59316254e-09 -7.53151574e-09 -7.46062334e-09 -7.38093842e-09 -7.29296462e-09 -7.19725002e-09 -7.09438153e-09 -6.98497915e-09 -6.86969004e-09 -6.74918138e-09 -6.62413513e-09 -6.49524151e-09 -6.36319342e-09 -6.22868024e-09 -6.09238299e-09 -5.95496913e-09 -5.81708837e-09 -5.67936870e-09 -5.54241286e-09 -5.40679546e-09 -5.27306010e-09 -5.14171838e-09 -5.01324793e-09 -4.88809204e-09 -4.76665862e-09 -4.64932109e-09 -4.53641880e-09 -4.42825732e-09 -4.32510971e-09 -4.22721919e-09 -4.13479906e-09 -4.04803591e-09 -3.96709127e-09 -3.89210342e-09 -3.82318988e-09 -3.76044934e-09 -3.70396391e-09 -3.65380060e-09 -3.61001468e-09 -3.57264907e-09 -3.54173846e-09 -3.51730872e-09 -3.49937929e-09 -3.48796347e-09 -3.48306967e-09 -3.48470108e-09 -3.49285662e-09 -3.50753049e-09 -3.52871204e-09 -3.55638502e-09 -3.59052688e-09 -3.63110753e-09 -3.67808833e-09 -3.73142017e-09 -3.79104242e-09 -3.85688081e-09 -3.92884486e-09 -4.00682709e-09 -4.09069978e-09 -4.18031287e-09 -4.27549324e-09 -4.37604075e-09 -4.48172771e-09 -4.59229577e-09 -4.70745587e-09 -4.82688589e-09 -4.95022934e-09 -5.07709580e-09 -5.20705939e-09 -5.33965977e-09 -5.47440215e-09 -5.61075886e-09 -5.74817016e-09 -5.88604721e-09 -6.02377442e-09 -6.16071250e-09 -6.29620223e-09 -6.42956866e-09 -6.56012594e-09 -6.68718236e-09 -6.81004564e-09 -6.92802921e-09 -7.04045733e-09 -7.14667192e-09 -7.24603899e-09 -7.33795424e-09 -7.42184963e-09 -7.49719814e-09 -7.56352103e-09 -7.62039204e-09 -7.66744152e-09 -7.70436193e-09 -7.73090969e-09 -7.74690928e-09 -7.75225428e-09
-7.75220765e-09 -7.74488584e-09 -7.72297648e-09 -7.68664732e-09 -7.63617458e-09 -7.57194113e-09 -7.49442919e-09 -7.40421591e-09 -7.30196464e-09 -7.18841731e-09 -7.06438458e-09 -6.93073599e-09 -6.78839029e-09 -6.63830346e-09 -6.48145909e-09 -6.31885660e-09 -6.15150220e-09 -5.98039734e-09 -5.80653059e-09 -5.63086799e-09 -5.45434486e-09 -5.27786048e-09 -5.10226994e-09 -4.92837976e-09 -4.75694434e-09 -4.58866184e-09 -4.42417342e-09 -4.26406060e-09 -4.10884615e-09 -3.95899380e-09 -3.81491094e-09 -3.67694886e-09 -3.54540686e-09 -3.42053541e-09 -3.30253813e-09 -3.19157800e-09 -3.08777975e-09 -2.99123404e-09 -2.90200364e-09 -2.82012591e-09 -2.74561751e-09 -2.67847927e-09 -2.61869904e-09 -2.56625610e-09 -2.52112398e-09 -2.48327386e-09 -2.45267728e-09 -2.42930764e-09 -2.41314363e-09 -2.40416909e-09 -2.40237452e-09 -2.40775844e-09 -2.42032611e-09 -2.44009057e-09 -2.46707055e-09 -2.50129045e-09 -2.54277804e-09 -2.59156202e-09 -2.64767053e-09 -2.71112760e-09 -2.78195017e-09 -2.86014418e-09 -2.94570152e-09 -3.03859571e-09 -3.13877724e-09 -3.24616989e-09 -3.36066641e-09 -3.48212359e-09 -3.61035857e-09 -3.74514481e-09 -3.88620797e-09 -4.03322292e-09 -4.18581075e-09 -4.34353603e-09 -4.50590565e-09 -4.67236749e-09 -4.84231022e-09 -5.01506392e-09 -5.18990195e-09 -5.36604339e-09 -5.54265683e-09 -5.71886438e-09 -5.89374827e-09 -6.06635642e-09 -6.23571061e-09 -6.40081471e-09 -6.56066362e-09 -6.71425371e-09 -6.86059132e-09 -6.99870595e-09 -7.12765857e-09 -7.24655391e-09 -7.35455047e-09 -7.45087086e-09 -7.53481105e-09 -7.60575014e-09 -7.66315739e-09 -7.70659958e-09 -7.73574677e-09 -7.75037623e-09 -7.75037623e-09 -7.73574682e-09 -7.70659947e-09 -7.66315739e-09 -7.60575014e-09 -7.53481105e-09 -7.45087086e-09 -7.35455047e-09 -7.24655391e-09 -7.12765846e-09 -6.99870595e-09 -6.86059132e-09 -6.71425371e-09 -6.56066368e-09 -6.40081477e-09 -6.23571067e-09 -6.06635642e-09 -5.89374827e-09 -5.71886438e-09 -5.54265678e-09 -5.36604339e-09 -5.18990184e-09 -5.01506392e-09 -4.84231033e-09 -4.67236749e-09 -4.50590565e-09 -4.34353603e-09 -4.18581075e-09 -4.03322292e-09 -3.88620797e-09 -3.74514481e-09 -3.61035857e-09 -3.48212370e-09 -3.36066641e-09 -3.24616989e-09 -3.13877724e-09 -3.03859565e-09 -2.94570152e-09 -2.86014418e-09 -2.78195017e-09 -2.71112754e-09 -2.64767036e-09 -2.59156202e-09 -2.54277804e-09 -2.50129045e-09 -2.46707055e-09 -2.44009052e-09 -2.42032605e-09 -2.40775844e-09 -2.40237463e-09 -2.40416909e-09 -2.41314363e-09 -2.42930764e-09 -2.45267728e-09 -2.48327381e-09 -2.52112398e-09 -2.56625604e-09 -2.61869904e-09 -2.67847927e-09 -2.74561751e-09 -2.82012591e-09 -2.90200364e-09 -2.99123404e-09 -3.08777981e-09 -3.19157806e-09 -3.30253819e-09 -3.42053541e-09 -3.54540691e-09 -3.67694891e-09 -3.81491094e-09 -3.95899380e-09 -4.10884615e-09 -4.26406055e-09 -4.42417347e-09 -4.58866189e-09 -4.75694434e-09 -4.92837976e-09 -5.10226994e-09 -5.27786048e-09 -5.45434486e-09 -5.63086799e-09 -5.80653059e-09 -5.98039734e-09 -6.15150214e-09 -6.31885649e-09 -6.48145904e-09 -6.63830341e-09 -6.78839041e-09 -6.93073599e-09 -7.06438458e-09 -7.18841719e-09 -7.30196476e-09 -7.40421591e-09 -7.49442919e-09 -7.57194113e-09 -7.63617447e-09 -7.68664732e-09 -7.72297648e-09 -7.74488584e-09 -7.75220765e-09
-7.75216752e-09 -7.74259917e-09 -7.71397873e-09 -7.66655822e-09 -7.60075330e-09 -7.51713713e-09 -7.41643164e-09 -7.29949634e-09 -7.16731591e-09 -7.02098607e-09 -6.86169743e-09 -6.69071865e-09 -6.50938015e-09 -6.31905539e-09 -6.12114426e-09 -5.91705418e-09 -5.70818665e-09 -5.49591850e-09 -5.28158928e-09 -5.06648740e-09 -4.85184015e-09 -4.63880179e-09 -4.42844661e-09 -4.22176338e-09 -4.01964950e-09 -3.82290888e-09 -3.63225072e-09 -3.44828976e-09 -3.27154853e-09 -3.10245973e-09 -2.94137126e-09 -2.78855078e-09 -2.64419170e-09 -2.50842025e-09 -2.38130193e-09 -2.26284946e-09 -2.15302925e-09 -2.05177042e-09 -1.95897060e-09 -1.87450450e-09 -1.79822990e-09 -1.72999526e-09 -1.66964342e-09 -1.61702163e-09 -1.57198154e-09 -1.53438795e-09 -1.50411977e-09 -1.48107526e-09 -1.46517387e-09 -1.45635864e-09 -1.45459716e-09 -1.45988305e-09 -1.47223594e-09 -1.49170010e-09 -1.51834501e-09 -1.55226187e-09 -1.59356262e-09 -1.64237585e-09 -1.69884345e-09 -1.76311721e-09 -1.83535265e-09 -1.91570437e-09 -2.00432060e-09 -2.10133572e-09 -2.20686391e-09 -2.32099351e-09 -2.44377751e-09 -2.57522714e-09 -2.71530409e-09 -2.86391377e-09 -3.02089703e-09 -3.18602389e-09 -3.35898764e-09 -3.53939833e-09 -3.72677889e-09 -3.92056110e-09 -4.12008272e-09 -4.32458780e-09 -4.53322502e-09 -4.74505063e-09 -4.95903318e-09 -5.17405668e-09 -5.38892952e-09 -5.60239277e-09 -5.81313075e-09 -6.01978373e-09 -6.22095997e-09 -6.41525399e-09 -6.60125937e-09 -6.77758738e-09 -6.94288382e-09 -7.09584735e-09 -7.23524574e-09 -7.35993388e-09 -7.46887002e-09 -7.56112983e-09 -7.63592145e-09 -7.69259612e-09 -7.73065861e-09 -7.74977410e-09 -7.74977404e-09 -7.73065861e-09 -7.69259612e-09 -7.63592145e-09 -7.56112989e-09 -7.46887008e-09 -7.35993388e-09 -7.23524574e-09 -7.09584735e-09 -6.94288393e-09 -6.77758738e-09 -6.60125937e-09 -6.41525399e-09 -6.22095997e-09 -6.01978351e-09 -5.81313075e-09 -5.60239277e-09 -5.38892952e-09 -5.17405668e-09 -4.95903307e-09 -4.74505063e-09 -4.53322485e-09 -4.32458774e-09 -4.12008272e-09 -3.92056093e-09 -3.72677889e-09 -3.53939833e-09 -3.35898764e-09 -3.18602394e-09 -3.02089703e-09 -2.86391377e-09 -2.71530409e-09 -2.57522714e-09 -2.44377751e-09 -2.32099351e-09 -2.20686391e-09 -2.10133555e-09 -2.00432060e-09 -1.91570437e-09 -1.83535265e-09 -1.76311721e-09 -1.69884351e-09 -1.64237585e-09 -1.59356262e-09 -1.55226176e-09 -1.51834501e-09 -1.49170010e-09 -1.47223594e-09 -1.45988321e-09 -1.45459716e-09 -1.45635864e-09 -1.46517404e-09 -1.48107526e-09 -1.50411977e-09 -1.53438795e-09 -1.57198154e-09 -1.61702163e-09 -1.66964353e-09 -1.72999515e-09 -1.79822990e-09 -1.87450439e-09 -1.95897054e-09 -2.05177042e-09 -2.15302925e-09 -2.26284941e-09 -2.38130193e-09 -2.50842025e-09 -2.64419164e-09 -2.78855078e-09 -2.94137126e-09 -3.10245973e-09 -3.27154859e-09 -3.44828976e-09 -3.63225072e-09 -3.82290882e-09 -4.01964950e-09 -4.22176338e-09 -4.42844661e-09 -4.63880173e-09 -4.85184015e-09 -5.06648740e-09 -5.28158922e-09 -5.49591850e-09 -5.70818665e-09 -5.91705412e-09 -6.12114426e-09 -6.31905545e-09 -6.50938020e-09 -6.69071859e-09 -6.86169743e-09 -7.02098607e-09 -7.16731596e-09 -7.29949634e-09 -7.41643164e-09 -7.51713713e-09 -7.60075330e-09 -7.66655811e-09 -7.71397879e-09 -7.74259917e-09 -7.75216757e-09
-7.75213321e-09 -7.74007042e-09 -7.70400449e-09 -7.64430025e-09 -7.56155882e-09 -7.45660689e-09 -7.33048261e-09 -7.18441895e-09 -7.01982106e-09 -6.83824547e-09 -6.64137356e-09 -6.43098508e-09 -6.20893170e-09 -5.97710892e-09 -5.73742975e-09 -5.49179702e-09 -5.24208155e-09 -4.99009656e-09 -4.73757816e-09 -4.48616772e-09 -4.23739599e-09 -3.99267092e-09 -3.75326753e-09 -3.52032276e-09 -3.29482963e-09 -3.07763798e-09 -2.86945401e-09 -2.67084699e-09 -2.48225118e-09 -2.30397568e-09 -2.13621298e-09 -1.97904831e-09 -1.83247106e-09 -1.69638614e-09 -1.57062546e-09 -1.45496010e-09 -1.34911221e-09 -1.25276650e-09 -1.16558052e-09 -1.08719661e-09 -1.01725040e-09 -9.55380719e-10 -9.01236974e-10 -8.54488369e-10 -8.14828205e-10 -7.81982090e-10 -7.55710994e-10 -7.35816297e-10 -7.22143123e-10 -7.14582615e-10 -7.13073600e-10 -7.17603976e-10 -7.28210159e-10 -7.44977302e-10 -7.68037967e-10 -7.97569233e-10 -8.33790370e-10 -8.76958006e-10 -9.27364185e-10 -9.85328152e-10 -1.05119152e-09 -1.12531107e-09 -1.20805049e-09 -1.29977268e-09 -1.40082806e-09 -1.51154728e-09 -1.63222835e-09 -1.76312615e-09 -1.90444049e-09 -2.05630463e-09 -2.21877261e-09 -2.39180892e-09 -2.57527544e-09 -2.76892342e-09 -2.97238134e-09 -3.18514870e-09 -3.40658823e-09 -3.63592262e-09 -3.87222965e-09 -4.11444462e-09 -4.36136105e-09 -4.61163624e-09 -4.86379903e-09 -5.11626252e-09 -5.36733497e-09 -5.61523950e-09 -5.85813204e-09 -6.09412221e-09 -6.32129865e-09 -6.53775450e-09 -6.74161243e-09 -6.93105301e-09 -7.10434261e-09 -7.25985905e-09 -7.39611850e-09 -7.51179885e-09 -7.60576263e-09 -7.67707492e-09 -7.72502068e-09 -7.74911552e-09 -7.74911552e-09 -7.72502068e-09 -7.67707492e-09 -7.60576263e-09 -7.51179885e-09 -7.39611850e-09 -7.25985905e-09 -7.10434261e-09 -6.93105301e-09 -6.74161227e-09 -6.53775450e-09 -6.32129860e-09 -6.09412221e-09 -5.85813187e-09 -5.61523955e-09 -5.36733508e-09 -5.11626252e-09 -4.86379909e-09 -4.61163624e-09 -4.36136105e-09 -4.11444462e-09 -3.87222970e-09 -3.63592262e-09 -3.40658823e-09 -3.18514848e-09 -2.97238123e-09 -2.76892365e-09 -2.57527544e-09 -2.39180886e-09 -2.21877261e-09 -2.05630435e-09 -1.90444044e-09 -1.76312615e-09 -1.63222830e-09 -1.51154728e-09 -1.40082795e-09 -1.29977268e-09 -1.20805049e-09 -1.12531107e-09 -1.05119180e-09 -9.85328152e-10 -9.27364185e-10 -8.76958062e-10 -8.33790148e-10 -7.97569233e-10 -7.68038022e-10 -7.44977302e-10 -7.28210159e-10 -7.17603810e-10 -7.13073545e-10 -7.14582615e-10 -7.22143456e-10 -7.35816297e-10 -7.55710994e-10 -7.81982090e-10 -8.14828094e-10 -8.54488369e-10 -9.01236974e-10 -9.55380774e-10 -1.01725040e-09 -1.08719667e-09 -1.16558052e-09 -1.25276650e-09 -1.34911227e-09 -1.45496010e-09 -1.57062541e-09 -1.69638614e-09 -1.83247106e-09 -1.97904831e-09 -2.13621298e-09 -2.30397573e-09 -2.48225107e-09 -2.67084699e-09 -2.86945406e-09 -3.07763792e-09 -3.29482963e-09 -3.52032281e-09 -3.75326753e-09 -3.99267092e-09 -4.23739599e-09 -4.48616777e-09 -4.73757805e-09 -4.99009650e-09 -5.24208155e-09 -5.49179713e-09 -5.73742959e-09 -5.97710914e-09 -6.20893170e-09 -6.43098530e-09 -6.64137356e-09 -6.83824547e-09 -7.01982106e-09 -7.18441900e-09 -7.33048261e-09 -7.45660667e-09 -7.56155882e-09 -7.64430025e-09 -7.70400449e-09 -7.74007058e-09 -7.75213321e-09
-7.75210368e-09 -7.73732267e-09 -7.69315089e-09 -7.62010011e-09 -7.51901036e-09 -7.39103651e-09 -7.23762339e-09 -7.06048092e-09 -6.86155105e-09 -6.64297123e-09 -6.40703735e-09 -6.15616402e-09 -5.89284183e-09 -5.61959806e-09 -5.33895650e-09 -5.05339970e-09 -4.76533413e-09 -4.47705806e-09 -4.19073409e-09 -3.90836552e-09 -3.63177755e-09 -3.36260325e-09 -3.10227222e-09 -2.85200619e-09 -2.61281896e-09 -2.38551712e-09 -2.17070795e-09 -1.96880845e-09 -1.78005682e-09 -1.60452734e-09 -1.44214529e-09 -1.29270467e-09 -1.15588505e-09 -1.03126985e-09 -9.18363996e-10 -8.16610723e-10 -7.25409566e-10 -6.44130416e-10 -5.72129677e-10 -5.08763642e-10 -4.53400206e-10 -4.05430300e-10 -3.64278385e-10 -3.29409722e-10 -3.00340142e-10 -2.76639045e-10 -2.57683042e-10 -2.42811771e-10 -2.32025177e-10 -2.25583219e-10 -2.24274987e-10 -2.28186803e-10 -2.36980768e-10 -2.49696652e-10 -2.66684119e-10 -2.87842861e-10 -3.14178461e-10 -3.46090323e-10 -3.84036580e-10 -4.28527991e-10 -4.80120388e-10 -5.39407408e-10 -6.07010775e-10 -6.83569867e-10 -7.69730002e-10 -8.66129835e-10 -9.73386927e-10 -1.09208115e-09 -1.22274113e-09 -1.36582490e-09 -1.52170271e-09 -1.69064063e-09 -1.87278060e-09 -2.06812539e-09 -2.27652053e-09 -2.49763998e-09 -2.73097261e-09 -2.97581293e-09 -3.23125110e-09 -3.49616941e-09 -3.76924214e-09 -4.04893685e-09 -4.33352265e-09 -4.62108368e-09 -4.90953417e-09 -5.19663990e-09 -5.48004553e-09 -5.75730175e-09 -6.02590139e-09 -6.28331370e-09 -6.52702481e-09 -6.75457695e-09 -6.96361002e-09 -7.15190218e-09 -7.31740862e-09 -7.45830026e-09 -7.57299495e-09 -7.66019048e-09 -7.71888675e-09 -7.74840564e-09 -7.74840581e-09 -7.71888675e-09 -7.66019048e-09 -7.57299501e-09 -7.45830026e-09 -7.31740868e-09 -7.15190218e-09 -6.96360991e-09 -6.75457695e-09 -6.52702481e-09 -6.28331343e-09 -6.02590139e-09 -5.75730169e-09 -5.48004542e-09 -5.19664001e-09 -4.90953428e-09 -4.62108368e-09 -4.33352271e-09 -4.04893674e-09 -3.76924209e-09 -3.49616947e-09 -3.23125110e-09 -2.97581293e-09 -2.73097256e-09 -2.49763998e-09 -2.27652053e-09 -2.06812550e-09 -1.87278060e-09 -1.69064074e-09 -1.52170282e-09 -1.36582490e-09 -1.22274113e-09 -1.09208109e-09 -9.73386927e-10 -8.66129890e-10 -7.69730002e-10 -6.83569867e-10 -6.07010664e-10 -5.39407463e-10 -4.80120388e-10 -4.28528102e-10 -3.84036636e-10 -3.46090268e-10 -3.14178461e-10 -2.87842861e-10 -2.66684119e-10 -2.49696597e-10 -2.36980879e-10 -2.28186747e-10 -2.24274932e-10 -2.25583219e-10 -2.32025177e-10 -2.42811771e-10 -2.57683097e-10 -2.76639045e-10 -3.00340142e-10 -3.29409833e-10 -3.64278330e-10 -4.05430411e-10 -4.53400206e-10 -5.08763587e-10 -5.72129677e-10 -6.44130527e-10 -7.25409566e-10 -8.16610835e-10 -9.18364051e-10 -1.03126990e-09 -1.15588505e-09 -1.29270472e-09 -1.44214518e-09 -1.60452740e-09 -1.78005682e-09 -1.96880845e-09 -2.17070778e-09 -2.38551712e-09 -2.61281874e-09 -2.85200619e-09 -3.10227222e-09 -3.36260331e-09 -3.63177771e-09 -3.90836552e-09 -4.19073415e-09 -4.47705806e-09 -4.76533413e-09 -5.05339981e-09 -5.33895650e-09 -5.61959806e-09 -5.89284160e-09 -6.15616402e-09 -6.40703729e-09 -6.64297123e-09 -6.86155105e-09 -7.06048109e-09 -7.23762339e-09 -7.39103628e-09 -7.51901036e-09 -7.62010011e-09 -7.69315112e-09 -7.73732278e-09 -7.75210363e-09
-7.75207842e-09 -7.73438147e-09 -7.68152442e-09 -7.59420321e-09 -7.47356071e-09 -7.32116345e-09 -7.13896625e-09 -6.92927427e-09 -6.69469158e-09 -6.43807208e-09 -6.16246038e-09 -5.87103488e-09 -5.56704760e-09 -5.25376598e-09 -4.93441793e-09 -4.61213723e-09 -4.28991898e-09 -3.97057598e-09 -3.65670227e-09 -3.35064704e-09 -3.05448955e-09 -2.77002687e-09 -2.49876519e-09 -2.24191843e-09 -2.00041228e-09 -1.77489518e-09 -1.56575192e-09 -1.37312173e-09 -1.19692123e-09 -1.03686637e-09 -8.92497964e-10 -7.63208330e-10 -6.48265885e-10 -5.46841517e-10 -4.58033445e-10 -3.80888876e-10 -3.14427484e-10 -2.55052424e-10 -1.78635995e-10 -6.05097084e-11 1.17332921e-10 3.70065978e-10 7.01536385e-10 1.11086973e-09 1.57754043e-09 2.07076645e-09 2.55902988e-09 2.98850900e-09 3.32284955e-09 3.51710572e-09 3.55680885e-09 3.43906637e-09 3.17033610e-09 2.77982237e-09 2.32073805e-09 1.82491833e-09 1.33800437e-09 8.98315866e-10 5.27036303e-10 2.33134512e-10 1.99862349e-11 -1.26052613e-10 -2.20735763e-10 -2.84807455e-10 -3.46384477e-10 -4.18063750e-10 -5.00919140e-10 -5.95918870e-10 -7.03993641e-10 -8.26011481e-10 -9.62756264e-10 -1.11490051e-09 -1.28298128e-09 -1.46737295e-09 -1.66826269e-09 -1.88562521e-09 -2.11920098e-09 -2.36847564e-09 -2.63266348e-09 -2.91069541e-09 -3.20121224e-09 -3.50256119e-09 -3.81280285e-09 -4.12972062e-09 -4.45083992e-09 -4.77345286e-09 -5.09465164e-09 -5.41136530e-09 -5.72040704e-09 -6.01852218e-09 -6.30244379e-09 -6.56894983e-09 -6.81492107e-09 -7.03740083e-09 -7.23365351e-09 -7.40121775e-09 -7.53795870e-09 -7.64211050e-09 -7.71231523e-09 -7.74765041e-09 -7.74765041e-09 -7.71231518e-09 -7.64211050e-09 -7.53795876e-09 -7.40121786e-09 -7.23365312e-09 -7.03740094e-09 -6.81492102e-09 -6.56894983e-09 -6.30244401e-09 -6.01852224e-09 -5.72040676e-09 -5.41136536e-09 -5.09465176e-09 -4.77345280e-09 -4.45083992e-09 -4.12972073e-09 -3.81280285e-09 -3.50256107e-09 -3.20121218e-09 -2.91069541e-09 -2.63266337e-09 -2.36847553e-09 -2.11920098e-09 -1.88562516e-09 -1.66826264e-09 -1.46737295e-09 -1.28298128e-09 -1.11490045e-09 -9.62756264e-10 -8.26011481e-10 -7.03993752e-10 -5.95918981e-10 -5.00919084e-10 -4.18063750e-10 -3.46384477e-10 -2.84807455e-10 -2.20735874e-10 -1.26052668e-10 1.99862349e-11 2.33134623e-10 5.27036303e-10 8.98315977e-10 1.33800437e-09 1.82491833e-09 2.32073816e-09 2.77982215e-09 3.17033610e-09 3.43906614e-09 3.55680896e-09 3.51710550e-09 3.32284944e-09 2.98850900e-09 2.55902988e-09 2.07076667e-09 1.57754043e-09 1.11086973e-09 7.01536496e-10 3.70066200e-10 1.17332921e-10 -6.05097084e-11 -1.78635995e-10 -2.55052424e-10 -3.14427484e-10 -3.80888765e-10 -4.58033445e-10 -5.46841683e-10 -6.48265885e-10 -7.63208274e-10 -8.92497964e-10 -1.03686643e-09 -1.19692134e-09 -1.37312178e-09 -1.56575186e-09 -1.77489518e-09 -2.00041245e-09 -2.24191843e-09 -2.49876514e-09 -2.77002687e-09 -3.05448955e-09 -3.35064704e-09 -3.65670227e-09 -3.97057598e-09 -4.28991903e-09 -4.61213712e-09 -4.93441776e-09 -5.25376598e-09 -5.56704766e-09 -5.87103499e-09 -6.16246038e-09 -6.43807208e-09 -6.69469141e-09 -6.92927427e-09 -7.13896642e-09 -7.32116340e-09 -7.47356060e-09 -7.59420304e-09 -7.68152447e-09 -7.73438141e-09 -7.75207826e-09
-7.75205689e-09 -7.73127429e-09 -7.66923736e-09 -7.56687013e-09 -7.42568862e-09 -7.24776439e-09 -7.03567676e-09 -6.79245382e-09 -6.52150173e-09 -6.22653162e-09 -5.91147759e-09 -5.58041413e-09 -5.23747384e-09 -4.88676577e-09 -4.53230148e-09 -4.17792323e-09 -3.82724286e-09 -3.48358831e-09 -3.14996196e-09 -2.82900581e-09 -2.52297883e-09 -2.23374769e-09 -1.96278049e-09 -1.71115605e-09 -1.47957646e-09 -1.26838884e-09 -1.07761222e-09 -9.06968833e-10 -7.55917440e-10 -6.23691654e-10 -5.09333797e-10 -4.11734091e-10 -3.29665073e-10 -2.48910614e-10 -9.75999281e-11 2.18870588e-10 8.24325941e-10 1.88546467e-09 3.59204255e-09 6.13089202e-09 9.67152947e-09 1.43205390e-08 2.00312652e-08 2.66657132e-08 3.38927260e-08 4.12756039e-08 4.82422073e-08 5.43767178e-08 5.89900954e-08 6.16238518e-08 6.21636378e-08 6.05651420e-08 5.69129122e-08 5.14614609e-08 4.48892012e-08 3.75533507e-08 3.01952002e-08 2.32264353e-08 1.70283196e-08 1.18629599e-08 7.76465159e-09 4.74622641e-09 2.64627187e-09 1.28628774e-09 4.75435469e-10 3.27493588e-11 -1.87494686e-10 -2.92878499e-10 -3.68838515e-10 -4.58513560e-10 -5.64345237e-10 -6.87507162e-10 -8.29037172e-10 -9.89801741e-10 -1.17045995e-09 -1.37142481e-09 -1.59283087e-09 -1.83449800e-09 -2.09590462e-09 -2.37616271e-09 -2.67399997e-09 -2.98774971e-09 -3.31534783e-09 -3.65434150e-09 -4.00190536e-09 -4.35486974e-09 -4.70975847e-09 -5.06283682e-09 -5.41017037e-09 -5.74768921e-09 -6.07126271e-09 -6.37677722e-09 -6.66021799e-09 -6.91775248e-09 -7.14581144e-09 -7.34116951e-09 -7.50101425e-09 -7.62301366e-09 -7.70536901e-09 -7.74685627e-09 -7.74685627e-09 -7.70536912e-09 -7.62301366e-09 -7.50101431e-09 -7.34116951e-09 -7.14581139e-09 -6.91775248e-09 -6.66021793e-09 -6.37677722e-09 -6.07126271e-09 -5.74768932e-09 -5.41017020e-09 -5.06283682e-09 -4.70975842e-09 -4.35486958e-09 -4.00190536e-09 -3.65434139e-09 -3.31534783e-09 -2.98774966e-09 -2.67400002e-09 -2.37616271e-09 -2.09590462e-09 -1.83449800e-09 -1.59283087e-09 -1.37142486e-09 -1.17045995e-09 -9.89801907e-10 -8.29037172e-10 -6.87507162e-10 -5.64345237e-10 -4.58513560e-10 -3.68838460e-10 -2.92878499e-10 -1.87494686e-10 3.27493588e-11 4.75435469e-10 1.28628752e-09 2.64627187e-09 4.74622641e-09 7.76465159e-09 1.18629601e-08 1.70283200e-08 2.32264352e-08 3.01952002e-08 3.75533507e-08 4.48892012e-08 5.14614609e-08 5.69129122e-08 6.05651420e-08 6.21636378e-08 6.16238516e-08 5.89900955e-08 5.43767178e-08 4.82422072e-08 4.12756038e-08 3.38927260e-08 2.66657132e-08 2.00312651e-08 1.43205390e-08 9.67152947e-09 6.13089202e-09 3.59204266e-09 1.88546467e-09 8.24325719e-10 2.18870588e-10 -9.75999837e-11 -2.48910614e-10 -3.29665018e-10 -4.11734091e-10 -5.09333575e-10 -6.23691543e-10 -7.55917440e-10 -9.06968889e-10 -1.07761222e-09 -1.26838889e-09 -1.47957646e-09 -1.71115611e-09 -1.96278055e-09 -2.23374780e-09 -2.52297883e-09 -2.82900559e-09 -3.14996190e-09 -3.48358825e-09 -3.82724286e-09 -4.17792323e-09 -4.53230165e-09 -4.88676577e-09 -5.23747379e-09 -5.58041419e-09 -5.91147753e-09 -6.22653157e-09 -6.52150167e-09 -6.79245382e-09 -7.03567693e-09 -7.24776428e-09 -7.42568862e-09 -7.56687030e-09 -7.66923725e-09 -7.73127429e-09 -7.75205689e-09
-7.75203818e-09 -7.72802977e-09 -7.65640890e-09 -7.53837487e-09 -7.37589351e-09 -7.17164450e-09 -6.92895430e-09 -6.65171157e-09 -6.34427055e-09 -6.01134648e-09 -5.65790353e-09 -5.28904159e-09 -4.90988350e-09 -4.52546911e-09 -4.14065227e-09 -3.76001358e-09 -3.38778106e-09 -3.02776704e-09 -2.68331740e-09 -2.35727837e-09 -2.05197603e-09 -1.76921089e-09 -1.51026613e-09 -1.27592642e-09 -1.06650760e-09 -8.81894224e-10 -7.21583071e-10 -5.84732041e-10 -4.70210815e-10 -3.76652265e-10 -2.92109503e-10 -1.07559739e-10 3.85671051e-10 1.55171009e-09 3.98484601e-09 8.55265259e-09 1.64525312e-08 2.90393388e-08 4.77232616e-08 7.36745168e-08 1.07980529e-07 1.50375088e-07 2.00543304e-07 2.56515128e-07 3.15461818e-07 3.74639491e-07 4.29210087e-07 4.75798940e-07 5.10085290e-07 5.30719096e-07 5.34903580e-07 5.22338941e-07 4.94356140e-07 4.53924313e-07 4.02326308e-07 3.45465976e-07 2.86099579e-07 2.28117425e-07 1.74742084e-07 1.28262095e-07 8.97100884e-08 5.97300528e-08 3.75353253e-08 2.20743720e-08 1.20116195e-08 5.93857630e-09 2.55517207e-09 8.51941850e-10 8.27017343e-11 -2.22916796e-10 -3.36908612e-10 -4.20904256e-10 -5.24760735e-10 -6.50289378e-10 -7.98745958e-10 -9.71123237e-10 -1.16809962e-09 -1.38999035e-09 -1.63670044e-09 -1.90768418e-09 -2.20191038e-09 -2.51783921e-09 -2.85340684e-09 -3.20602611e-09 -3.57259777e-09 -3.94953747e-09 -4.33281733e-09 -4.71802469e-09 -5.10043169e-09 -5.47507900e-09 -5.83687310e-09 -6.18068813e-09 -6.50147830e-09 -6.79438972e-09 -7.05487385e-09 -7.27879634e-09 -7.46253859e-09 -7.60308805e-09 -7.69811442e-09 -7.74602976e-09 -7.74602971e-09 -7.69811448e-09 -7.60308805e-09 -7.46253859e-09 -7.27879640e-09 -7.05487380e-09 -6.79438988e-09 -6.50147836e-09 -6.18068818e-09 -5.83687321e-09 -5.47507900e-09 -5.10043158e-09 -4.71802469e-09 -4.33281733e-09 -3.94953759e-09 -3.57259777e-09 -3.20602611e-09 -2.85340690e-09 -2.51783916e-09 -2.20191054e-09 -1.90768418e-09 -1.63670055e-09 -1.38999035e-09 -1.16809962e-09 -9.71123237e-10 -7.98746014e-10 -6.50289378e-10 -5.24760679e-10 -4.20904311e-10 -3.36908612e-10 -2.22916907e-10 8.27016233e-11 8.51941961e-10 2.55517207e-09 5.93857630e-09 1.20116195e-08 2.20743720e-08 3.75353253e-08 5.97300528e-08 8.97100885e-08 1.28262095e-07 1.74742084e-07 2.28117425e-07 2.86099579e-07 3.45465976e-07 4.02326308e-07 4.53924313e-07 4.94356140e-07 5.22338940e-07 5.34903580e-07 5.30719096e-07 5.10085290e-07 4.75798940e-07 4.29210087e-07 3.74639491e-07 3.15461818e-07 2.56515128e-07 2.00543304e-07 1.50375088e-07 1.07980528e-07 7.36745168e-08 4.77232616e-08 2.90393389e-08 1.64525312e-08 8.55265270e-09 3.98484601e-09 1.55171009e-09 3.85670940e-10 -1.07559628e-10 -2.92109559e-10 -3.76652376e-10 -4.70210815e-10 -5.84732041e-10 -7.21583016e-10 -8.81894224e-10 -1.06650755e-09 -1.27592642e-09 -1.51026608e-09 -1.76921094e-09 -2.05197598e-09 -2.35727837e-09 -2.68331746e-09 -3.02776704e-09 -3.38778106e-09 -3.76001358e-09 -4.14065221e-09 -4.52546911e-09 -4.90988350e-09 -5.28904159e-09 -5.65790348e-09 -6.01134648e-09 -6.34427066e-09 -6.65171157e-09 -6.92895430e-09 -7.17164456e-09 -7.37589351e-09 -7.53837487e-09 -7.65640890e-09 -7.72802988e-09 -7.75203818e-09
-7.75202230e-09 -7.72467867e-09 -7.64316177e-09 -7.50899876e-09 -7.32468730e-09 -7.09362447e-09 -6.82001333e-09 -6.50874654e-09 -6.16527535e-09 -5.79546655e-09 -5.40545075e-09 -5.00147257e-09 -4.58974125e-09 -4.17629137e-09 -3.76685394e-09 -3.36674527e-09 -2.98077218e-09 -2.61315886e-09 -2.26749236e-09 -1.94669164e-09 -1.65299546e-09 -1.38796974e-09 -1.15253085e-09 -9.46986323e-10 -7.71083419e-10 -6.24070684e-10 -5.04764008e-10 -4.11616075e-10 -3.28393202e-10 -8.87293017e-11 7.15880466e-10 2.95759828e-09 8.30369817e-09 1.95339942e-08 4.07677635e-08 7.73391782e-08 1.36014892e-07 2.23410721e-07 3.45922852e-07 5.08962706e-07 7.12404303e-07 9.56990236e-07 1.23480463e-06 1.53537849e-06 1.84423029e-06 2.14768091e-06 2.42295417e-06 2.65558271e-06 2.82377348e-06 2.92435798e-06 2.94502891e-06 2.88345433e-06 2.74757453e-06 2.54638423e-06 2.28797011e-06 1.99890420e-06 1.69099489e-06 1.38282962e-06 1.09196152e-06 8.30428227e-07 6.05770127e-07 4.22326022e-07 2.79955231e-07 1.75703337e-07 1.03531143e-07 5.67715293e-08 2.85523345e-08 1.29494979e-08 5.09204268e-09 1.57688451e-09 2.02749151e-10 -2.46489051e-10 -3.73881148e-10 -4.55029348e-10 -5.61043101e-10 -6.94030389e-10 -8.55365778e-10 -1.04602516e-09 -1.26651889e-09 -1.51682683e-09 -1.79634219e-09 -2.10382800e-09 -2.43738385e-09 -2.79443119e-09 -3.17171350e-09 -3.56532015e-09 -3.97072797e-09 -4.38286452e-09 -4.79619333e-09 -5.20481636e-09 -5.60259517e-09 -5.98328448e-09 -6.34067793e-09 -6.66875744e-09 -6.96184643e-09 -7.21475479e-09 -7.42291950e-09 -7.58252705e-09 -7.69061970e-09 -7.74517839e-09 -7.74517839e-09 -7.69061970e-09 -7.58252705e-09 -7.42291967e-09 -7.21475479e-09 -6.96184643e-09 -6.66875755e-09 -6.34067793e-09 -5.98328442e-09 -5.60259511e-09 -5.20481658e-09 -4.79619322e-09 -4.38286446e-09 -3.97072791e-09 -3.56531998e-09 -3.17171350e-09 -2.79443113e-09 -2.43738385e-09 -2.10382806e-09 -1.79634219e-09 -1.51682666e-09 -1.26651895e-09 -1.04602516e-09 -8.55365612e-10 -6.94030389e-10 -5.61043101e-10 -4.55029348e-10 -3.73881148e-10 -2.46489051e-10 2.02749151e-10 1.57688451e-09 5.09204279e-09 1.29494979e-08 2.85523345e-08 5.67715293e-08 1.03531143e-07 1.75703337e-07 2.79955231e-07 4.22326022e-07 6.05770127e-07 8.30428228e-07 1.09196152e-06 1.38282962e-06 1.69099489e-06 1.99890420e-06 2.28797011e-06 2.54638423e-06 2.74757453e-06 2.88345433e-06 2.94502891e-06 2.92435798e-06 2.82377348e-06 2.65558271e-06 2.42295417e-06 2.14768091e-06 1.84423029e-06 1.53537849e-06 1.23480463e-06 9.56990236e-07 7.12404303e-07 5.08962706e-07 3.45922852e-07 2.23410721e-07 1.36014892e-07 7.73391782e-08 4.07677636e-08 1.95339942e-08 8.30369817e-09 2.95759839e-09 7.15880688e-10 -8.87293017e-11 -3.28393313e-10 -4.11616075e-10 -5.04764008e-10 -6.24070684e-10 -7.71083197e-10 -9.46986156e-10 -1.15253096e-09 -1.38796952e-09 -1.65299552e-09 -1.94669170e-09 -2.26749236e-09 -2.61315897e-09 -2.98077224e-09 -3.36674522e-09 -3.76685394e-09 -4.17629137e-09 -4.58974125e-09 -5.00147251e-09 -5.40545086e-09 -5.79546638e-09 -6.16527546e-09 -6.50874638e-09 -6.82001322e-09 -7.09362463e-09 -7.32468725e-09 -7.50899887e-09 -7.64316177e-09 -7.72467856e-09 -7.75202230e-09
-7.75200865e-09 -7.72125108e-09 -7.62962171e-09 -7.47902829e-09 -7.27258820e-09 -7.01452868e-09 -6.71006350e-09 -6.36523506e-09 -5.98673955e-09 -5.58173774e-09 -5.15765380e-09 -4.72197992e-09 -4.28208474e-09 -3.84503679e-09 -3.41744394e-09 -3.00531777e-09 -2.61396632e-09 -2.24791002e-09 -1.91083066e-09 -1.60554853e-09 -1.33402367e-09 -1.09738441e-09 -8.95975572e-10 -7.29424743e-10 -5.96721283e-10 -4.96304886e-10 -4.26016333e-10 -3.06783154e-10 2.85465096e-10 2.52285659e-09 9.16901244e-09 2.57127335e-08 6.13411988e-08 1.30139665e-07 2.50669969e-07 4.45635201e-07 7.39510322e-07 1.15569161e-06 1.71187094e-06 2.41896092e-06 3.27529131e-06 4.27006688e-06 5.36840558e-06 6.52955534e-06 7.69796867e-06 8.83114800e-06 9.83580107e-06 1.06842897e-05 1.12953949e-05 1.16456813e-05 1.17181379e-05 1.15032451e-05 1.10230362e-05 1.02856974e-05 9.34414191e-06 8.27587659e-06 7.12239210e-06 5.94382867e-06 4.80651489e-06 3.75790047e-06 2.83096196e-06 2.04521149e-06 1.41586672e-06 9.30985937e-07 5.78693404e-07 3.37430547e-07 1.82267876e-07 9.05007572e-08 4.03550713e-08 1.57179145e-08 5.03271891e-09 1.07818932e-09 -1.17342525e-10 -3.88695243e-10 -4.57589744e-10 -5.42593692e-10 -6.58927912e-10 -8.08392076e-10 -9.92283700e-10 -1.21130417e-09 -1.46547685e-09 -1.75407278e-09 -2.07555140e-09 -2.42752607e-09 -2.80674362e-09 -3.20909799e-09 -3.62966723e-09 -4.06277967e-09 -4.50210907e-09 -4.94079988e-09 -5.37161182e-09 -5.78709186e-09 -6.17975648e-09 -6.54228893e-09 -6.86773655e-09 -7.14970660e-09 -7.38254946e-09 -7.56152818e-09 -7.68295516e-09 -7.74430914e-09 -7.74430897e-09 -7.68295505e-09 -7.56152807e-09 -7.38254963e-09 -7.14970649e-09 -6.86773655e-09 -6.54228904e-09 -6.17975648e-09 -5.78709175e-09 -5.37161188e-09 -4.94079988e-09 -4.50210896e-09 -4.06277967e-09 -3.62966723e-09 -3.20909799e-09 -2.80674362e-09 -2.42752585e-09 -2.07555145e-09 -1.75407266e-09 -1.46547691e-09 -1.21130417e-09 -9.92283700e-10 -8.08392187e-10 -6.58927857e-10 -5.42593526e-10 -4.57589855e-10 -3.88695132e-10 -1.17342691e-10 1.07818932e-09 5.03271880e-09 1.57179145e-08 4.03550713e-08 9.05007573e-08 1.82267876e-07 3.37430547e-07 5.78693403e-07 9.30985937e-07 1.41586672e-06 2.04521149e-06 2.83096196e-06 3.75790047e-06 4.80651489e-06 5.94382867e-06 7.12239210e-06 8.27587659e-06 9.34414191e-06 1.02856974e-05 1.10230362e-05 1.15032451e-05 1.17181379e-05 1.16456813e-05 1.12953949e-05 1.06842897e-05 9.83580107e-06 8.83114800e-06 7.69796867e-06 6.52955534e-06 5.36840558e-06 4.27006688e-06 3.27529131e-06 2.41896092e-06 1.71187094e-06 1.15569161e-06 7.39510322e-07 4.45635201e-07 2.50669969e-07 1.30139665e-07 6.13411990e-08 2.57127335e-08 9.16901244e-09 2.52285637e-09 2.85465096e-10 -3.06783043e-10 -4.26016111e-10 -4.96304886e-10 -5.96721283e-10 -7.29424743e-10 -8.95975627e-10 -1.09738429e-09 -1.33402356e-09 -1.60554847e-09 -1.91083066e-09 -2.24791008e-09 -2.61396632e-09 -3.00531788e-09 -3.41744394e-09 -3.84503673e-09 -4.28208480e-09 -4.72197975e-09 -5.15765369e-09 -5.58173774e-09 -5.98673966e-09 -6.36523495e-09 -6.71006334e-09 -7.01452874e-09 -7.27258798e-09 -7.47902829e-09 -7.62962160e-09 -7.72125108e-09 -7.75200865e-09
-7.75199699e-09 -7.71777869e-09 -7.61591473e-09 -7.44875123e-09 -7.22011184e-09 -6.93517221e-09 -6.60029031e-09 -6.22280216e-09 -5.81079357e-09 -5.37284917e-09 -4.91779834e-09 -4.45446369e-09 -3.99141897e-09 -3.53677088e-09 -3.09796533e-09 -2.68162914e-09 -2.29344838e-09 -1.93808181e-09 -1.61911873e-09 -1.33906997e-09 -1.09939413e-09 -9.00555186e-10 -7.42105266e-10 -6.22783713e-10 -5.40636091e-10 -4.93135421e-10 -3.92084254e-10 4.83202811e-10 4.62546912e-09 1.85132476e-08 5.55650655e-08 1.39614399e-07 3.07469075e-07 6.09672561e-07 1.10632995e-06 1.86943284e-06 2.96309892e-06 4.44586804e-06 6.36346214e-06 8.71000975e-06 1.14830555e-05 1.46007522e-05 1.79797702e-05 2.14808252e-05 2.49420543e-05 2.82569185e-05 3.11567574e-05 3.35899105e-05 3.53400269e-05 3.63360096e-05 3.65385893e-05 3.59324078e-05 3.45633261e-05 3.24499202e-05 2.97461593e-05 2.66389940e-05 2.32410461e-05 1.97115310e-05 1.62545610e-05 1.29941087e-05 1.00484291e-05 7.48746016e-06 5.34724701e-06 3.65281366e-06 2.37056706e-06 1.45079347e-06 8.29068579e-07 4.37932038e-07 2.10390098e-07 8.96850521e-08 3.29343764e-08 9.71454128e-09 1.87323312e-09 -1.45203849e-10 -4.71428119e-10 -5.12731524e-10 -5.77209280e-10 -6.77660816e-10 -8.16342771e-10 -9.94877680e-10 -1.21413368e-09 -1.47411483e-09 -1.77386794e-09 -2.11141360e-09 -2.48370352e-09 -2.88661001e-09 -3.31495259e-09 -3.76256237e-09 -4.22238483e-09 -4.68662198e-09 -5.14690751e-09 -5.59451424e-09 -6.02058514e-09 -6.41638126e-09 -6.77353579e-09 -7.08430759e-09 -7.34182243e-09 -7.54028967e-09 -7.67519165e-09 -7.74343012e-09 -7.74343012e-09 -7.67519159e-09 -7.54028956e-09 -7.34182243e-09 -7.08430753e-09 -6.77353579e-09 -6.41638109e-09 -6.02058514e-09 -5.59451424e-09 -5.14690734e-09 -4.68662198e-09 -4.22238494e-09 -3.76256237e-09 -3.31495242e-09 -2.88660978e-09 -2.48370330e-09 -2.11141360e-09 -1.77386789e-09 -1.47411472e-09 -1.21413368e-09 -9.94877680e-10 -8.16342771e-10 -6.77660927e-10 -5.77209502e-10 -5.12731524e-10 -4.71428119e-10 -1.45203738e-10 1.87323301e-09 9.71454128e-09 3.29343763e-08 8.96850522e-08 2.10390098e-07 4.37932038e-07 8.29068579e-07 1.45079347e-06 2.37056706e-06 3.65281366e-06 5.34724701e-06 7.48746016e-06 1.00484291e-05 1.29941087e-05 1.62545610e-05 1.97115310e-05 2.32410461e-05 2.66389940e-05 2.97461593e-05 3.24499202e-05 3.45633261e-05 3.59324078e-05 3.65385893e-05 3.63360096e-05 3.53400269e-05 3.35899105e-05 3.11567574e-05 2.82569185e-05 2.49420543e-05 2.14808252e-05 1.79797702e-05 1.46007522e-05 1.14830555e-05 8.71000975e-06 6.36346214e-06 4.44586804e-06 2.96309892e-06 1.86943284e-06 1.10632995e-06 6.09672561e-07 3.07469075e-07 1.39614399e-07 5.55650655e-08 1.85132478e-08 4.62546912e-09 4.83202811e-10 -3.92084365e-10 -4.93135421e-10 -5.40636091e-10 -6.22783825e-10 -7.42105266e-10 -9.00555408e-10 -1.09939408e-09 -1.33906969e-09 -1.61911873e-09 -1.93808192e-09 -2.29344843e-09 -2.68162914e-09 -3.09796533e-09 -3.53677077e-09 -3.99141897e-09 -4.45446369e-09 -4.91779839e-09 -5.37284917e-09 -5.81079379e-09 -6.22280216e-09 -6.60029031e-09 -6.93517205e-09 -7.22011195e-09 -7.44875123e-09 -7.61591484e-09 -7.71777858e-09 -7.75199699e-09
-7.75198689e-09 -7.71429226e-09 -7.60216695e-09 -7.41845091e-09 -7.16776571e-09 -6.85634932e-09 -6.49183640e-09 -6.08299677e-09 -5.63943681e-09 -5.17128318e-09 -4.68886152e-09 -4.20237833e-09 -3.72162651e-09 -3.25571836e-09 -2.81285856e-09 -2.40016484e-09 -2.02353445e-09 -1.68756581e-09 -1.39553036e-09 -1.14938770e-09 -9.49850754e-10 -7.96479382e-10 -6.87806478e-10 -6.21485863e-10 -5.94450156e-10 -6.00422267e-10 -6.79956091e-12 4.93490271e-09 2.56800503e-08 8.83012325e-08 2.42284615e-07 5.65786774e-07 1.17059625e-06 2.20023027e-06 3.80653066e-06 6.16575674e-06 9.41443024e-06 1.36792940e-05 1.89941630e-05 2.53528330e-05 3.26430777e-05 4.06897354e-05 4.92551051e-05 5.80205290e-05 6.65515173e-05 7.45115978e-05 8.16019880e-05 8.73675764e-05 9.15138820e-05 9.39075827e-05 9.44011794e-05 9.29366353e-05 8.96437502e-05 8.46880020e-05 7.81807428e-05 7.06720893e-05 6.22798516e-05 5.36202343e-05 4.49396931e-05 3.65954383e-05 2.88904072e-05 2.20334690e-05 1.62097667e-05 1.14120222e-05 7.67084921e-06 4.88350970e-06 2.91937437e-06 1.62294316e-06 8.25510621e-07 3.77016847e-07 1.49661399e-07 4.92600833e-08 1.21508079e-08 1.45997592e-09 -5.02686115e-10 -5.94549576e-10 -6.03272543e-10 -6.49528764e-10 -7.36683381e-10 -8.67463767e-10 -1.04379538e-09 -1.26664962e-09 -1.53590357e-09 -1.85023191e-09 -2.20702312e-09 -2.60234279e-09 -3.03093539e-09 -3.48628049e-09 -3.96069771e-09 -4.44550274e-09 -4.93121166e-09 -5.40778988e-09 -5.86493243e-09 -6.29237312e-09 -6.68020478e-09 -7.01920150e-09 -7.30112498e-09 -7.51900892e-09 -7.66739933e-09 -7.74254838e-09 -7.74254838e-09 -7.66739949e-09 -7.51900880e-09 -7.30112493e-09 -7.01920150e-09 -6.68020478e-09 -6.29237301e-09 -5.86493243e-09 -5.40778966e-09 -4.93121172e-09 -4.44550252e-09 -3.96069766e-09 -3.48628049e-09 -3.03093539e-09 -2.60234273e-09 -2.20702334e-09 -1.85023197e-09 -1.53590374e-09 -1.26664956e-09 -1.04379527e-09 -8.67463879e-10 -7.36683492e-10 -6.49528653e-10 -6.03272654e-10 -5.94549576e-10 -5.02686337e-10 1.45997592e-09 1.21508079e-08 4.92600835e-08 1.49661399e-07 3.77016847e-07 8.25510621e-07 1.62294316e-06 2.91937437e-06 4.88350970e-06 7.67084921e-06 1.14120222e-05 1.62097667e-05 2.20334690e-05 2.88904072e-05 3.65954383e-05 4.49396931e-05 5.36202343e-05 6.22798516e-05 7.06720893e-05 7.81807428e-05 8.46880020e-05 8.96437502e-05 9.29366353e-05 9.44011794e-05 9.39075827e-05 9.15138820e-05 8.73675764e-05 8.16019880e-05 7.45115978e-05 6.65515173e-05 5.80205290e-05 4.92551051e-05 4.06897354e-05 3.26430777e-05 2.53528330e-05 1.89941630e-05 1.36792940e-05 9.41443024e-06 6.16575674e-06 3.80653066e-06 2.20023027e-06 1.17059625e-06 5.65786774e-07 2.42284615e-07 8.83012325e-08 2.56800503e-08 4.93490260e-09 -6.79956091e-12 -6.00422378e-10 -5.94450045e-10 -6.21485863e-10 -6.87806534e-10 -7.96479382e-10 -9.49850865e-10 -1.14938775e-09 -1.39553036e-09 -1.68756603e-09 -2.02353434e-09 -2.40016484e-09 -2.81285883e-09 -3.25571836e-09 -3.72162634e-09 -4.20237833e-09 -4.68886152e-09 -5.17128318e-09 -5.63943681e-09 -6.08299677e-09 -6.49183635e-09 -6.85634916e-09 -7.16776571e-09 -7.41845069e-09 -7.60216678e-09 -7.71429226e-09 -7.75198689e-09
-7.75197861e-09 -7.71082309e-09 -7.58850083e-09 -7.38840406e-09 -7.11603931e-09 -6.77881973e-09 -6.38578429e-09 -5.94726379e-09 -5.47450507e-09 -4.97927477e-09 -4.47345877e-09 -3.96867172e-09 -3.47590301e-09 -3.00519809e-09 -2.56539884e-09 -2.16394530e-09 -1.80674165e-09 -1.49808987e-09 -1.24068722e-09 -1.03568309e-09 -8.82785511e-10 -7.80410070e-10 -7.25859040e-10 -7.15524695e-10 -7.45094431e-10 -7.95353228e-10 2.11202300e-09 2.32178512e-08 1.03266221e-07 3.25181098e-07 8.33150433e-07 1.83575351e-06 3.60969288e-06 6.47080767e-06 1.07870968e-05 1.68527080e-05 2.49444592e-05 3.52559178e-05 4.77631449e-05 6.24000600e-05 7.88775011e-05 9.67362392e-05 1.15397529e-04 1.34157986e-04 1.52285642e-04 1.69258674e-04 1.83889536e-04 1.95926483e-04 2.04644071e-04 2.09608345e-04 2.10603780e-04 2.07617792e-04 2.00739906e-04 1.90284904e-04 1.76867051e-04 1.60991343e-04 1.43430201e-04 1.24711645e-04 1.05917500e-04 8.76064241e-05 7.03932200e-05 5.48236799e-05 4.12552350e-05 2.98054562e-05 2.06322031e-05 1.35822507e-05 8.42811902e-06 4.88659833e-06 2.60530643e-06 1.25567748e-06 5.32249818e-07 1.88974005e-07 5.19475049e-08 8.68029693e-09 -2.63247757e-10 -7.73355768e-10 -7.25612626e-10 -7.15420612e-10 -7.47362783e-10 -8.25426949e-10 -9.52791568e-10 -1.13162124e-09 -1.36287553e-09 -1.64614095e-09 -1.97950561e-09 -2.35947284e-09 -2.78093559e-09 -3.23720895e-09 -3.72013192e-09 -4.22023128e-09 -4.72695338e-09 -5.22895438e-09 -5.71443620e-09 -6.17152335e-09 -6.58865940e-09 -6.95500613e-09 -7.26083332e-09 -7.49787765e-09 -7.65964736e-09 -7.74167158e-09 -7.74167136e-09 -7.65964725e-09 -7.49787765e-09 -7.26083349e-09 -6.95500602e-09 -6.58865940e-09 -6.17152335e-09 -5.71443626e-09 -5.22895433e-09 -4.72695361e-09 -4.22023105e-09 -3.72013204e-09 -3.23720917e-09 -2.78093559e-09 -2.35947256e-09 -1.97950550e-09 -1.64614095e-09 -1.36287537e-09 -1.13162141e-09 -9.52791568e-10 -8.25426949e-10 -7.47362616e-10 -7.15420612e-10 -7.25612515e-10 -7.73355713e-10 -2.63247757e-10 8.68029670e-09 5.19475049e-08 1.88974005e-07 5.32249818e-07 1.25567748e-06 2.60530643e-06 4.88659833e-06 8.42811902e-06 1.35822507e-05 2.06322031e-05 2.98054562e-05 4.12552350e-05 5.48236799e-05 7.03932200e-05 8.76064241e-05 1.05917500e-04 1.24711645e-04 1.43430201e-04 1.60991343e-04 1.76867051e-04 1.90284904e-04 2.00739906e-04 2.07617792e-04 2.10603780e-04 2.09608345e-04 2.04644071e-04 1.95926483e-04 1.83889536e-04 1.69258674e-04 1.52285642e-04 1.34157986e-04 1.15397529e-04 9.67362392e-05 7.88775011e-05 6.24000600e-05 4.77631449e-05 3.52559178e-05 2.49444592e-05 1.68527080e-05 1.07870968e-05 6.47080767e-06 3.60969288e-06 1.83575351e-06 8.33150433e-07 3.25181098e-07 1.03266222e-07 2.32178514e-08 2.11202278e-09 -7.95353061e-10 -7.45094542e-10 -7.15524751e-10 -7.25859151e-10 -7.80409848e-10 -8.82785511e-10 -1.03568321e-09 -1.24068739e-09 -1.49808999e-09 -1.80674187e-09 -2.16394530e-09 -2.56539878e-09 -3.00519803e-09 -3.47590279e-09 -3.96867178e-09 -4.47345866e-09 -4.97927483e-09 -5.47450485e-09 -5.94726379e-09 -6.38578435e-09 -6.77881962e-09 -7.11603942e-09 -7.38840406e-09 -7.58850088e-09 -7.71082287e-09 -7.75197861e-09
-7.75197134e-09 -7.70739950e-09 -7.57503577e-09 -7.35887590e-09 -7.06539904e-09 -6.70329980e-09 -6.28313856e-09 -5.81692317e-09 -5.31764210e-09 -4.79877538e-09 -4.27380376e-09 -3.75574238e-09 -3.25671390e-09 -2.78758450e-09 -2.35767156e-09 -1.97453065e-09 -1.64383213e-09 -1.36931627e-09 -1.15283327e-09 -9.94449856e-10 -8.92617202e-10 -8.44381454e-10 -8.45631343e-10 -8.91358154e-10 -9.75921677e-10 -1.03449327e-09 1.01206878e-08 8.25159571e-08 3.33230137e-07 9.82492404e-07 2.37817759e-06 4.98952075e-06 9.39741109e-06 1.62449671e-05 2.61378671e-05 3.96741674e-05 5.72530405e-05 7.89585279e-05 1.04864645e-04 1.34500916e-04 1.67228414e-04 2.02239524e-04 2.38472736e-04 2.74537154e-04 3.08923410e-04 3.40783353e-04 3.68175166e-04 3.90581961e-04 4.06772785e-04 4.15898761e-04 4.17743500e-04 4.12237341e-04 3.99513750e-04 3.80102267e-04 3.55103025e-04 3.25326617e-04 2.91954419e-04 2.56467884e-04 2.20317838e-04 1.84604169e-04 1.50550068e-04 1.19239239e-04 9.13882404e-05 6.76037745e-05 4.79461698e-05 3.24164924e-05 2.07644339e-05 1.24801783e-05 6.92555823e-06 3.49435584e-06 1.55889894e-06 5.89647095e-07 1.74345262e-07 3.32878880e-08 1.15741539e-09 -1.03089570e-09 -9.29154975e-10 -8.63276062e-10 -8.39115832e-10 -8.62032667e-10 -9.36619449e-10 -1.06644060e-09 -1.25377630e-09 -1.49939194e-09 -1.80234738e-09 -2.15985507e-09 -2.56721056e-09 -3.01779046e-09 -3.50313667e-09 -4.01312600e-09 -4.53622301e-09 -5.05980879e-09 -5.57057905e-09 -6.05499317e-09 -6.49975518e-09 -6.89230623e-09 -7.22130700e-09 -7.47708084e-09 -7.65200237e-09 -7.74080711e-09 -7.74080716e-09 -7.65200242e-09 -7.47708073e-09 -7.22130700e-09 -6.89230617e-09 -6.49975523e-09 -6.05499312e-09 -5.57057911e-09 -5.05980902e-09 -4.53622284e-09 -4.01312622e-09 -3.50313650e-09 -3.01779035e-09 -2.56721044e-09 -2.15985507e-09 -1.80234738e-09 -1.49939194e-09 -1.25377625e-09 -1.06644060e-09 -9.36619449e-10 -8.62032667e-10 -8.39115999e-10 -8.63276006e-10 -9.29154975e-10 -1.03089576e-09 1.15741539e-09 3.32878878e-08 1.74345262e-07 5.89647095e-07 1.55889894e-06 3.49435584e-06 6.92555823e-06 1.24801783e-05 2.07644339e-05 3.24164924e-05 4.79461698e-05 6.76037745e-05 9.13882404e-05 1.19239239e-04 1.50550068e-04 1.84604169e-04 2.20317838e-04 2.56467884e-04 2.91954419e-04 3.25326617e-04 3.55103025e-04 3.80102267e-04 3.99513750e-04 4.12237341e-04 4.17743500e-04 4.15898761e-04 4.06772785e-04 3.90581961e-04 3.68175166e-04 3.40783353e-04 3.08923410e-04 2.74537154e-04 2.38472736e-04 2.02239524e-04 1.67228414e-04 1.34500916e-04 1.04864645e-04 7.89585279e-05 5.72530405e-05 3.96741674e-05 2.61378671e-05 1.62449671e-05 9.39741109e-06 4.98952075e-06 2.37817759e-06 9.82492404e-07 3.33230137e-07 8.25159570e-08 1.01206880e-08 -1.03449321e-09 -9.75921677e-10 -8.91358098e-10 -8.45631232e-10 -8.44381454e-10 -8.92616980e-10 -9.94449745e-10 -1.15283311e-09 -1.36931605e-09 -1.64383207e-09 -1.97453087e-09 -2.35767145e-09 -2.78758455e-09 -3.25671395e-09 -3.75574255e-09 -4.27380381e-09 -4.79877554e-09 -5.31764210e-09 -5.81692317e-09 -6.28313862e-09 -6.70329969e-09 -7.06539915e-09 -7.35887623e-09 -7.57503571e-09 -7.70739961e-09 -7.75197134e-09
-7.75196513e-09 -7.70405106e-09 -7.56188390e-09 -7.33011724e-09 -7.01628100e-09 -6.63044997e-09 -6.18481222e-09 -5.69315084e-09 -5.17027560e-09 -4.63142535e-09 -4.09168227e-09 -3.56541324e-09 -3.06577674e-09 -2.60430733e-09 -2.19059687e-09 -1.83207782e-09 -1.53391816e-09 -1.29901506e-09 -1.12809090e-09 -1.01986419e-09 -9.71292768e-10 -9.77861014e-10 -1.03390219e-09 -1.13292431e-09 -1.26793781e-09 -1.22889404e-09 3.36431154e-08 2.40591098e-07 9.07632425e-07 2.53262383e-06 5.83840536e-06 1.17579806e-05 2.13741739e-05 3.57353187e-05 5.59746640e-05 8.28062969e-05 1.16864539e-04 1.58032065e-04 2.06255208e-04 2.60581856e-04 3.19743121e-04 3.82171559e-04 4.45831757e-04 5.08527242e-04 5.68412693e-04 6.22834020e-04 6.70201228e-04 7.07911273e-04 7.35114980e-04 7.50750901e-04 7.53912824e-04 7.44481079e-04 7.22898071e-04 6.90405880e-04 6.47638483e-04 5.96277061e-04 5.39100176e-04 4.77321592e-04 4.13699785e-04 3.50513087e-04 2.89513530e-04 2.32604956e-04 1.81315764e-04 1.36612758e-04 9.89218134e-05 6.85228443e-05 4.50758719e-05 2.78957251e-05 1.60391135e-05 8.41598408e-06 3.92392508e-06 1.55916283e-06 4.90682329e-07 1.01873149e-07 5.99777383e-09 -1.34669603e-09 -1.19637983e-09 -1.07846942e-09 -1.00008796e-09 -9.68015501e-10 -9.88372828e-10 -1.06629239e-09 -1.20559135e-09 -1.40846462e-09 -1.67521946e-09 -2.00406197e-09 -2.39096570e-09 -2.82962320e-09 -3.31150274e-09 -3.82600757e-09 -4.36074477e-09 -4.90189450e-09 -5.43466572e-09 -5.94382599e-09 -6.41427644e-09 -6.83164686e-09 -7.18288307e-09 -7.45679402e-09 -7.64452857e-09 -7.73996189e-09 -7.73996167e-09 -7.64452851e-09 -7.45679418e-09 -7.18288323e-09 -6.83164680e-09 -6.41427667e-09 -5.94382593e-09 -5.43466550e-09 -4.90189433e-09 -4.36074488e-09 -3.82600757e-09 -3.31150268e-09 -2.82962320e-09 -2.39096554e-09 -2.00406186e-09 -1.67521946e-09 -1.40846479e-09 -1.20559129e-09 -1.06629250e-09 -9.88372717e-10 -9.68015390e-10 -1.00008790e-09 -1.07846942e-09 -1.19637994e-09 -1.34669620e-09 5.99777383e-09 1.01873149e-07 4.90682329e-07 1.55916283e-06 3.92392508e-06 8.41598408e-06 1.60391135e-05 2.78957251e-05 4.50758719e-05 6.85228443e-05 9.89218134e-05 1.36612758e-04 1.81315764e-04 2.32604956e-04 2.89513530e-04 3.50513087e-04 4.13699785e-04 4.77321592e-04 5.39100176e-04 5.96277061e-04 6.47638483e-04 6.90405880e-04 7.22898071e-04 7.44481079e-04 7.53912824e-04 7.50750901e-04 7.35114980e-04 7.07911273e-04 6.70201228e-04 6.22834020e-04 5.68412693e-04 5.08527242e-04 4.45831757e-04 3.82171559e-04 3.19743121e-04 2.60581856e-04 2.06255208e-04 1.58032065e-04 1.16864539e-04 8.28062969e-05 5.59746640e-05 3.57353187e-05 2.13741739e-05 1.17579806e-05 5.83840536e-06 2.53262383e-06 9.07632425e-07 2.40591098e-07 3.36431154e-08 -1.22889376e-09 -1.26793775e-09 -1.13292420e-09 -1.03390230e-09 -9.77861014e-10 -9.71292768e-10 -1.01986414e-09 -1.12809107e-09 -1.29901517e-09 -1.53391821e-09 -1.83207782e-09 -2.19059698e-09 -2.60430738e-09 -3.06577674e-09 -3.56541313e-09 -4.09168244e-09 -4.63142541e-09 -5.17027554e-09 -5.69315106e-09 -6.18481222e-09 -6.63044986e-09 -7.01628089e-09 -7.33011729e-09 -7.56188373e-09 -7.70405117e-09 -7.75196507e-09
-7.75195980e-09 -7.70080377e-09 -7.54915025e-09 -7.30235916e-09 -6.96908309e-09 -6.56086657e-09 -6.09161321e-09 -5.57696250e-09 -5.03359865e-09 -4.47853848e-09 -3.92843397e-09 -3.39892414e-09 -2.90406649e-09 -2.45587684e-09 -2.06398776e-09 -1.73544490e-09 -1.47462920e-09 -1.28330763e-09 -1.16079912e-09 -1.10422971e-09 -1.10886178e-09 -1.16847271e-09 -1.27575328e-09 -1.42271317e-09 -1.60106156e-09 -1.23920152e-09 9.20694944e-08 6.03762377e-07 2.15671432e-06 5.73600256e-06 1.27076522e-05 2.47012396e-05 4.35294526e-05 7.08264224e-05 1.08221077e-04 1.56798137e-04 2.16896846e-04 2.88605403e-04 3.70778539e-04 4.62214962e-04 5.60729551e-04 6.63339443e-04 7.67452975e-04 8.69355965e-04 9.65130557e-04 1.05276132e-03 1.12749734e-03 1.18747110e-03 1.23107031e-03 1.25570161e-03 1.26066097e-03 1.24580002e-03 1.21150731e-03 1.15920033e-03 1.09193352e-03 1.01016152e-03 9.18342166e-04 8.18756540e-04 7.15763108e-04 6.12114541e-04 5.11115781e-04 4.15728180e-04 3.28551936e-04 2.51205575e-04 1.85443607e-04 1.31059543e-04 8.81785655e-05 5.60366742e-05 3.31580383e-05 1.79807486e-05 8.71193934e-06 3.61720536e-06 1.19717492e-06 2.65328715e-07 1.87211263e-08 -1.69942027e-09 -1.50848400e-09 -1.34478895e-09 -1.21664240e-09 -1.13223125e-09 -1.09925458e-09 -1.12452858e-09 -1.21358362e-09 -1.37026923e-09 -1.59640079e-09 -1.89146188e-09 -2.25239205e-09 -2.67347711e-09 -3.14636062e-09 -3.66018321e-09 -4.20185858e-09 -4.75647355e-09 -5.30780564e-09 -5.83893606e-09 -6.33292463e-09 -6.77352197e-09 -7.14587234e-09 -7.43717937e-09 -7.63728508e-09 -7.73914227e-09 -7.73914233e-09 -7.63728486e-09 -7.43717943e-09 -7.14587223e-09 -6.77352197e-09 -6.33292468e-09 -5.83893606e-09 -5.30780581e-09 -4.75647344e-09 -4.20185864e-09 -3.66018321e-09 -3.14636062e-09 -2.67347711e-09 -2.25239205e-09 -1.89146188e-09 -1.59640090e-09 -1.37026934e-09 -1.21358368e-09 -1.12452864e-09 -1.09925458e-09 -1.13223120e-09 -1.21664240e-09 -1.34478895e-09 -1.50848373e-09 -1.69942027e-09 1.87211264e-08 2.65328715e-07 1.19717492e-06 3.61720536e-06 8.71193934e-06 1.79807486e-05 3.31580383e-05 5.60366742e-05 8.81785655e-05 1.31059543e-04 1.85443607e-04 2.51205575e-04 3.28551936e-04 4.15728180e-04 5.11115781e-04 6.12114541e-04 7.15763108e-04 8.18756540e-04 9.18342166e-04 1.01016152e-03 1.09193352e-03 1.15920033e-03 1.21150731e-03 1.24580002e-03 1.26066097e-03 1.25570161e-03 1.23107031e-03 1.18747110e-03 1.12749734e-03 1.05276132e-03 9.65130557e-04 8.69355965e-04 7.67452975e-04 6.63339443e-04 5.60729551e-04 4.62214962e-04 3.70778539e-04 2.88605403e-04 2.16896846e-04 1.56798137e-04 1.08221077e-04 7.08264224e-05 4.35294526e-05 2.47012396e-05 1.27076522e-05 5.73600256e-06 2.15671432e-06 6.03762377e-07 9.20694943e-08 -1.23920157e-09 -1.60106173e-09 -1.42271334e-09 -1.27575317e-09 -1.16847276e-09 -1.10886178e-09 -1.10422971e-09 -1.16079912e-09 -1.28330763e-09 -1.47462925e-09 -1.73544490e-09 -2.06398781e-09 -2.45587661e-09 -2.90406649e-09 -3.39892425e-09 -3.92843413e-09 -4.47853854e-09 -5.03359887e-09 -5.57696245e-09 -6.09161321e-09 -6.56086641e-09 -6.96908325e-09 -7.30235916e-09 -7.54915036e-09 -7.70080372e-09 -7.75195980e-09
-7.75195524e-09 -7.69768160e-09 -7.53693125e-09 -7.27581151e-09 -6.92416324e-09 -6.49507237e-09 -6.00423494e-09 -5.46920143e-09 -4.90855862e-09 -4.34108888e-09 -3.78495180e-09 -3.25694055e-09 -2.77184331e-09 -2.34193742e-09 -1.97664285e-09 -1.68233505e-09 -1.46231899e-09 -1.31695155e-09 -1.24389454e-09 -1.23847105e-09 -1.29409611e-09 -1.40274975e-09 -1.55546687e-09 -1.74281384e-09 -1.95532351e-09 -7.39611705e-10 2.18127227e-07 1.34404883e-06 4.57764597e-06 1.17070031e-05 2.50254964e-05 4.71971421e-05 8.08598818e-05 1.28659146e-04 1.92426434e-04 2.73434467e-04 3.72453070e-04 4.88119078e-04 6.19403437e-04 7.63589471e-04 9.17117408e-04 1.07553876e-03 1.23503730e-03 1.39002924e-03 1.53471696e-03 1.66668946e-03 1.77901650e-03 1.86828650e-03 1.93326805e-03 1.97014027e-03 1.97750933e-03 1.95539722e-03 1.90418144e-03 1.82609136e-03 1.72550017e-03 1.60263610e-03 1.46424687e-03 1.31300745e-03 1.15578611e-03 9.96259454e-04 8.39531025e-04 6.90370538e-04 5.52172511e-04 4.28251158e-04 3.20791682e-04 2.30703952e-04 1.58439774e-04 1.02869512e-04 6.24216254e-05 3.48530451e-05 1.74397051e-05 7.51515631e-06 2.59885024e-06 6.07238044e-07 4.77484313e-08 -2.06814349e-09 -1.84650550e-09 -1.64540759e-09 -1.47418427e-09 -1.34233835e-09 -1.25912597e-09 -1.23310101e-09 -1.27162630e-09 -1.38039091e-09 -1.56295155e-09 -1.82033788e-09 -2.15074308e-09 -2.54933269e-09 -3.00819636e-09 -3.51645268e-09 -4.06051437e-09 -4.62451855e-09 -5.19090210e-09 -5.74109515e-09 -6.25630925e-09 -6.71837014e-09 -7.11055459e-09 -7.41838546e-09 -7.63032620e-09 -7.73835424e-09 -7.73835424e-09 -7.63032626e-09 -7.41838513e-09 -7.11055470e-09 -6.71837019e-09 -6.25630925e-09 -5.74109527e-09 -5.19090221e-09 -4.62451866e-09 -4.06051431e-09 -3.51645268e-09 -3.00819658e-09 -2.54933263e-09 -2.15074308e-09 -1.82033777e-09 -1.56295149e-09 -1.38039075e-09 -1.27162630e-09 -1.23310095e-09 -1.25912591e-09 -1.34233802e-09 -1.47418444e-09 -1.64540737e-09 -1.84650539e-09 -2.06814355e-09 4.77484313e-08 6.07238044e-07 2.59885024e-06 7.51515631e-06 1.74397051e-05 3.48530451e-05 6.24216254e-05 1.02869512e-04 1.58439774e-04 2.30703952e-04 3.20791682e-04 4.28251158e-04 5.52172511e-04 6.90370538e-04 8.39531025e-04 9.96259454e-04 1.15578611e-03 1.31300745e-03 1.46424687e-03 1.60263610e-03 1.72550017e-03 1.82609136e-03 1.90418144e-03 1.95539722e-03 1.97750933e-03 1.97014027e-03 1.93326805e-03 1.86828650e-03 1.77901650e-03 1.66668946e-03 1.53471696e-03 1.39002924e-03 1.23503730e-03 1.07553876e-03 9.17117408e-04 7.63589471e-04 6.19403437e-04 4.88119078e-04 3.72453070e-04 2.73434467e-04 1.92426434e-04 1.28659146e-04 8.08598818e-05 4.71971421e-05 2.50254964e-05 1.17070031e-05 4.57764597e-06 1.34404883e-06 2.18127227e-07 -7.39611816e-10 -1.95532390e-09 -1.74281400e-09 -1.55546698e-09 -1.40274958e-09 -1.29409627e-09 -1.23847116e-09 -1.24389460e-09 -1.31695155e-09 -1.46231882e-09 -1.68233527e-09 -1.97664296e-09 -2.34193742e-09 -2.77184342e-09 -3.25694066e-09 -3.78495169e-09 -4.34108888e-09 -4.90855867e-09 -5.46920120e-09 -6.00423494e-09 -6.49507259e-09 -6.92416324e-09 -7.27581145e-09 -7.53693113e-09 -7.69768155e-09 -7.75195530e-09
-7.75195153e-09 -7.69470687e-09 -7.52531226e-09 -7.25065968e-09 -6.88183011e-09 -6.43351350e-09 -5.92324856e-09 -5.37053158e-09 -4.79585249e-09 -4.21971336e-09 -3.66168834e-09 -3.13957699e-09 -2.66869787e-09 -2.26135038e-09 -1.92646821e-09 -1.66947112e-09 -1.49230628e-09 -1.39365985e-09 -1.36932016e-09 -1.41264500e-09 -1.51510626e-09 -1.66686998e-09 -1.85737409e-09 -2.07587486e-09 -2.31192970e-09 6.12096596e-10 4.61678542e-07 2.71113663e-06 8.85932423e-06 2.18670505e-05 4.53418069e-05 8.32155860e-05 1.39403863e-04 2.17194701e-04 3.18939304e-04 4.46001923e-04 5.98929181e-04 7.75338803e-04 9.72579837e-04 1.18728179e-03 1.41369044e-03 1.64649489e-03 1.87839198e-03 2.10131363e-03 2.31142759e-03 2.49814687e-03 2.65992213e-03 2.78791880e-03 2.87844109e-03 2.93025455e-03 2.94073872e-03 2.90930577e-03 2.83809320e-03 2.72836466e-03 2.58303317e-03 2.40721658e-03 2.20899413e-03 1.99137117e-03 1.76252141e-03 1.53029886e-03 1.30025486e-03 1.07883620e-03 8.71757272e-04 6.84106159e-04 5.19432444e-04 3.79203240e-04 2.64984541e-04 1.75435197e-04 1.08803529e-04 6.22769474e-05 3.20662959e-05 1.42995536e-05 5.12778005e-06 1.25068719e-06 1.05253574e-07 -2.43346182e-09 -2.19233720e-09 -1.96378996e-09 -1.75795256e-09 -1.58547475e-09 -1.45707413e-09 -1.38302031e-09 -1.37256662e-09 -1.43336865e-09 -1.57091884e-09 -1.78803250e-09 -2.08442963e-09 -2.45644272e-09 -2.89688901e-09 -3.39512096e-09 -3.93727340e-09 -4.50671001e-09 -5.08464459e-09 -5.65092761e-09 -6.18494095e-09 -6.66656874e-09 -7.07717512e-09 -7.40054273e-09 -7.62370134e-09 -7.73760356e-09 -7.73760322e-09 -7.62370128e-09 -7.40054296e-09 -7.07717518e-09 -6.66656863e-09 -6.18494095e-09 -5.65092778e-09 -5.08464459e-09 -4.50670989e-09 -3.93727345e-09 -3.39512096e-09 -2.89688890e-09 -2.45644277e-09 -2.08442957e-09 -1.78803261e-09 -1.57091884e-09 -1.43336865e-09 -1.37256650e-09 -1.38302009e-09 -1.45707435e-09 -1.58547475e-09 -1.75795267e-09 -1.96379002e-09 -2.19233703e-09 -2.43346182e-09 1.05253574e-07 1.25068719e-06 5.12778005e-06 1.42995536e-05 3.20662959e-05 6.22769474e-05 1.08803529e-04 1.75435197e-04 2.64984541e-04 3.79203240e-04 5.19432444e-04 6.84106159e-04 8.71757272e-04 1.07883620e-03 1.30025486e-03 1.53029886e-03 1.76252141e-03 1.99137117e-03 2.20899413e-03 2.40721658e-03 2.58303317e-03 2.72836466e-03 2.83809320e-03 2.90930577e-03 2.94073872e-03 2.93025455e-03 2.87844109e-03 2.78791880e-03 2.65992213e-03 2.49814687e-03 2.31142759e-03 2.10131363e-03 1.87839198e-03 1.64649489e-03 1.41369044e-03 1.18728179e-03 9.72579837e-04 7.75338803e-04 5.98929181e-04 4.46001923e-04 3.18939304e-04 2.17194701e-04 1.39403863e-04 8.32155860e-05 4.53418069e-05 2.18670505e-05 8.85932423e-06 2.71113663e-06 4.61678542e-07 6.12096818e-10 -2.31192976e-09 -2.07587475e-09 -1.85737420e-09 -1.66687003e-09 -1.51510615e-09 -1.41264517e-09 -1.36931999e-09 -1.39365974e-09 -1.49230633e-09 -1.66947089e-09 -1.92646837e-09 -2.26135055e-09 -2.66869776e-09 -3.13957704e-09 -3.66168840e-09 -4.21971336e-09 -4.79585238e-09 -5.37053163e-09 -5.92324878e-09 -6.43351344e-09 -6.88182999e-09 -7.25065968e-09 -7.52531221e-09 -7.69470698e-09 -7.75195153e-09
-7.75194803e-09 -7.69189828e-09 -7.51436746e-09 -7.22706162e-09 -6.84234436e-09 -6.37655156e-09 -5.84909743e-09 -5.28143307e-09 -4.69592326e-09 -4.11471746e-09 -3.55867774e-09 -3.04643538e-09 -2.59361765e-09 -2.21228869e-09 -1.91061844e-09 -1.69279157e-09 -1.55913354e-09 -1.50643575e-09 -1.52843987e-09 -1.61643587e-09 -1.75992898e-09 -1.94732691e-09 -2.16660789e-09 -2.40592535e-09 -2.65413258e-09 3.65162434e-09 8.93999111e-07 5.01858808e-06 1.58347450e-05 3.79353343e-05 7.65979337e-05 1.37317388e-04 2.25338532e-04 3.44842126e-04 4.98428749e-04 6.87752846e-04 9.11217343e-04 1.16729424e-03 1.45122794e-03 1.75635939e-03 2.07569495e-03 2.40054490e-03 2.72206872e-03 3.03361940e-03 3.32060111e-03 3.58012331e-03 3.79934351e-03 3.97449038e-03 4.09993487e-03 4.17073117e-03 4.18501580e-03 4.14230050e-03 4.04384006e-03 3.89262522e-03 3.69541765e-03 3.45517373e-03 3.17996676e-03 2.88033640e-03 2.56327456e-03 2.23732737e-03 1.91403032e-03 1.60065630e-03 1.30544975e-03 1.03553178e-03 7.95554202e-04 5.88418195e-04 4.17271173e-04 2.80992931e-04 1.77625255e-04 1.03906011e-04 5.48234715e-05 2.51652870e-05 9.31952036e-06 2.36668084e-06 2.11286002e-07 -2.77838130e-09 -2.52957510e-09 -2.28448072e-09 -2.05373274e-09 -1.84888832e-09 -1.68195197e-09 -1.56481095e-09 -1.50859480e-09 -1.52299051e-09 -1.61556379e-09 -1.79111648e-09 -2.05114137e-09 -2.39341275e-09 -2.81175622e-09 -3.29602684e-09 -3.83232490e-09 -4.40343667e-09 -4.98950653e-09 -5.56890201e-09 -6.11922640e-09 -6.61842958e-09 -7.04594205e-09 -7.38376604e-09 -7.61745217e-09 -7.73689451e-09 -7.73689451e-09 -7.61745211e-09 -7.38376588e-09 -7.04594216e-09 -6.61842980e-09 -6.11922635e-09 -5.56890201e-09 -4.98950675e-09 -4.40343656e-09 -3.83232485e-09 -3.29602701e-09 -2.81175605e-09 -2.39341275e-09 -2.05114165e-09 -1.79111659e-09 -1.61556379e-09 -1.52299051e-09 -1.50859480e-09 -1.56481106e-09 -1.68195197e-09 -1.84888832e-09 -2.05373279e-09 -2.28448049e-09 -2.52957522e-09 -2.77838125e-09 2.11286002e-07 2.36668084e-06 9.31952036e-06 2.51652870e-05 5.48234715e-05 1.03906011e-04 1.77625255e-04 2.80992931e-04 4.17271173e-04 5.88418195e-04 7.95554202e-04 1.03553178e-03 1.30544975e-03 1.60065630e-03 1.91403032e-03 2.23732737e-03 2.56327456e-03 2.88033640e-03 3.17996676e-03 3.45517373e-03 3.69541765e-03 3.89262522e-03 4.04384006e-03 4.14230050e-03 4.18501580e-03 4.17073117e-03 4.09993487e-03 3.97449038e-03 3.79934351e-03 3.58012331e-03 3.32060111e-03 3.03361940e-03 2.72206872e-03 2.40054490e-03 2.07569495e-03 1.75635939e-03 1.45122794e-03 1.16729424e-03 9.11217343e-04 6.87752846e-04 4.98428749e-04 3.44842126e-04 2.25338532e-04 1.37317388e-04 7.65979337e-05 3.79353343e-05 1.58347450e-05 5.01858808e-06 8.93999111e-07 3.65162434e-09 -2.65413247e-09 -2.40592535e-09 -2.16660784e-09 -1.94732691e-09 -1.75992904e-09 -1.61643593e-09 -1.52843976e-09 -1.50643581e-09 -1.55913349e-09 -1.69279152e-09 -1.91061844e-09 -2.21228869e-09 -2.59361760e-09 -3.04643544e-09 -3.55867785e-09 -4.11471757e-09 -4.69592354e-09 -5.28143318e-09 -5.84909760e-09 -6.37655173e-09 -6.84234425e-09 -7.22706162e-09 -7.51436741e-09 -7.69189845e-09 -7.75194803e-09
-7.75194542e-09 -7.68927255e-09 -7.50415918e-09 -7.20514737e-09 -6.80591228e-09 -6.32446173e-09 -5.78209702e-09 -5.20220544e-09 -4.60897209e-09 -4.02609196e-09 -3.47556522e-09 -2.97665564e-09 -2.54506261e-09 -2.19234997e-09 -1.92565225e-09 -1.74765452e-09 -1.65683078e-09 -1.64789532e-09 -1.71242936e-09 -1.83961935e-09 -2.01705164e-09 -2.23150998e-09 -2.46972276e-09 -2.71901962e-09 -2.96787511e-09 8.76803918e-09 1.60042232e-06 8.66112098e-06 2.65043940e-05 6.17764511e-05 1.21827952e-04 2.14198594e-04 3.45056728e-04 5.19595971e-04 7.41249349e-04 1.00963584e-03 1.32404518e-03 1.67932931e-03 2.06900636e-03 2.48611525e-03 2.92032338e-03 3.35987407e-03 3.79155664e-03 4.20547898e-03 4.59007935e-03 4.93330759e-03 5.22316919e-03 5.45503352e-03 5.62116707e-03 5.71498295e-03 5.73383582e-03 5.67742043e-03 5.54694225e-03 5.34714087e-03 5.08490203e-03 4.76747740e-03 4.40133952e-03 4.00260399e-03 3.57596728e-03 3.13909187e-03 2.70252432e-03 2.27613031e-03 1.87097704e-03 1.49685183e-03 1.16092557e-03 8.69806842e-04 6.24528687e-04 4.26510937e-04 2.74523465e-04 1.63657738e-04 8.83046443e-05 4.15232593e-05 1.58299630e-05 4.15545952e-06 3.87888461e-07 -3.08895010e-09 -2.84416635e-09 -2.59373850e-09 -2.34846015e-09 -2.12048912e-09 -1.92287131e-09 -1.76894044e-09 -1.67160752e-09 -1.64258812e-09 -1.69159498e-09 -1.82556681e-09 -2.04797901e-09 -2.35829511e-09 -2.75161993e-09 -3.21858551e-09 -3.74550524e-09 -4.31481012e-09 -4.90574914e-09 -5.49533363e-09 -6.05946582e-09 -6.57419608e-09 -7.01702230e-09 -7.36814820e-09 -7.61161456e-09 -7.73623149e-09 -7.73623143e-09 -7.61161473e-09 -7.36814809e-09 -7.01702241e-09 -6.57419608e-09 -6.05946593e-09 -5.49533380e-09 -4.90574920e-09 -4.31481012e-09 -3.74550518e-09 -3.21858540e-09 -2.75161993e-09 -2.35829506e-09 -2.04797890e-09 -1.82556681e-09 -1.69159498e-09 -1.64258795e-09 -1.67160752e-09 -1.76894044e-09 -1.92287114e-09 -2.12048895e-09 -2.34845998e-09 -2.59373850e-09 -2.84416612e-09 -3.08895010e-09 3.87888461e-07 4.15545952e-06 1.58299630e-05 4.15232593e-05 8.83046443e-05 1.63657738e-04 2.74523465e-04 4.26510937e-04 6.24528687e-04 8.69806842e-04 1.16092557e-03 1.49685183e-03 1.87097704e-03 2.27613031e-03 2.70252432e-03 3.13909187e-03 3.57596728e-03 4.00260399e-03 4.40133952e-03 4.76747740e-03 5.08490203e-03 5.34714087e-03 5.54694225e-03 5.67742043e-03 5.73383582e-03 5.71498295e-03 5.62116707e-03 5.45503352e-03 5.22316919e-03 4.93330759e-03 4.59007935e-03 4.20547898e-03 3.79155664e-03 3.35987407e-03 2.92032338e-03 2.48611525e-03 2.06900636e-03 1.67932931e-03 1.32404518e-03 1.00963584e-03 7.41249349e-04 5.19595971e-04 3.45056728e-04 2.14198594e-04 1.21827952e-04 6.17764511e-05 2.65043940e-05 8.66112098e-06 1.60042232e-06 8.76803918e-09 -2.96787472e-09 -2.71901951e-09 -2.46972276e-09 -2.23150998e-09 -2.01705158e-09 -1.83961923e-09 -1.71242936e-09 -1.64789521e-09 -1.65683062e-09 -1.74765469e-09 -1.92565197e-09 -2.19235008e-09 -2.54506249e-09 -2.97665559e-09 -3.47556517e-09 -4.02609168e-09 -4.60897215e-09 -5.20220550e-09 -5.78209697e-09 -6.32446162e-09 -6.80591217e-09 -7.20514737e-09 -7.50415924e-09 -7.68927250e-09 -7.75194536e-09
-7.75194275e-09 -7.68684172e-09 -7.49473589e-09 -7.18501658e-09 -6.77268652e-09 -6.27743302e-09 -5.72243253e-09 -5.13296911e-09 -4.53496574e-09 -3.95353561e-09 -3.41164447e-09 -2.92897528e-09 -2.52105237e-09 -2.19867813e-09 -1.96769223e-09 -1.82904680e-09 -1.77917225e-09 -1.81057863e-09 -1.91263672e-09 -2.07246431e-09 -2.27585262e-09 -2.50816617e-09 -2.75516271e-09 -3.00368225e-09 -3.24218857e-09 1.74662997e-08 2.68811403e-06 1.40923961e-05 4.19174584e-05 9.53413877e-05 1.84440278e-04 3.18088204e-04 5.04687864e-04 7.49446445e-04 1.05523483e-03 1.42318747e-03 1.84771434e-03 2.32365106e-03 2.84334268e-03 3.39407206e-03 3.96298064e-03 4.53832336e-03 5.10048721e-03 5.63575131e-03 6.13238647e-03 6.57549722e-03 6.94767159e-03 7.24583231e-03 7.45858963e-03 7.57899603e-03 7.60308029e-03 7.53082318e-03 7.36373801e-03 7.10632231e-03 6.77076830e-03 6.36232159e-03 5.88970837e-03 5.37319944e-03 4.81927485e-03 4.25106146e-03 3.67825163e-03 3.11643028e-03 2.58018908e-03 2.08042391e-03 1.62830904e-03 1.23179325e-03 8.94711458e-04 6.19619137e-04 4.04325905e-04 2.44961326e-04 1.34796144e-04 6.48143115e-05 2.53790939e-05 6.86440397e-06 6.64713480e-07 -3.35462086e-09 -3.12483317e-09 -2.87999596e-09 -2.63068434e-09 -2.38930215e-09 -2.16962798e-09 -1.98619737e-09 -1.85353999e-09 -1.78531628e-09 -1.79339799e-09 -1.88694987e-09 -2.07159079e-09 -2.34868991e-09 -2.71488032e-09 -3.16183152e-09 -3.67632896e-09 -4.24067881e-09 -4.83342999e-09 -5.43038620e-09 -6.00585343e-09 -6.53404264e-09 -6.99054470e-09 -7.35376249e-09 -7.60621754e-09 -7.73561737e-09 -7.73561726e-09 -7.60621766e-09 -7.35376260e-09 -6.99054453e-09 -6.53404264e-09 -6.00585337e-09 -5.43038620e-09 -4.83342999e-09 -4.24067881e-09 -3.67632896e-09 -3.16183135e-09 -2.71488032e-09 -2.34868991e-09 -2.07159068e-09 -1.88694982e-09 -1.79339782e-09 -1.78531628e-09 -1.85353966e-09 -1.98619726e-09 -2.16962787e-09 -2.38930215e-09 -2.63068434e-09 -2.87999591e-09 -3.12483306e-09 -3.35462097e-09 6.64713480e-07 6.86440397e-06 2.53790939e-05 6.48143115e-05 1.34796144e-04 2.44961326e-04 4.04325905e-04 6.19619137e-04 8.94711458e-04 1.23179325e-03 1.62830904e-03 2.08042391e-03 2.58018908e-03 3.11643028e-03 3.67825163e-03 4.25106146e-03 4.81927485e-03 5.37319944e-03 5.88970837e-03 6.36232159e-03 6.77076830e-03 7.10632231e-03 7.36373801e-03 7.53082318e-03 7.60308029e-03 7.57899603e-03 7.45858963e-03 7.24583231e-03 6.94767159e-03 6.57549722e-03 6.13238647e-03 5.63575131e-03 5.10048721e-03 4.53832336e-03 3.96298064e-03 3.39407206e-03 2.84334268e-03 2.32365106e-03 1.84771434e-03 1.42318747e-03 1.05523483e-03 7.49446445e-04 5.04687864e-04 3.18088204e-04 1.84440278e-04 9.53413877e-05 4.19174584e-05 1.40923961e-05 2.68811403e-06 1.74662997e-08 -3.24218846e-09 -3.00368230e-09 -2.75516288e-09 -2.50816612e-09 -2.27585262e-09 -2.07246409e-09 -1.91263672e-09 -1.81057852e-09 -1.77917225e-09 -1.82904669e-09 -1.96769223e-09 -2.19867835e-09 -2.52105226e-09 -2.92897528e-09 -3.41164474e-09 -3.95353561e-09 -4.53496568e-09 -5.13296905e-09 -5.72243275e-09 -6.27743291e-09 -6.77268652e-09 -7.18501647e-09 -7.49473572e-09 -7.68684161e-09 -7.75194270e-09
-7.75194087e-09 -7.68461600e-09 -7.48613371e-09 -7.16673976e-09 -6.74276568e-09 -6.23556856e-09 -5.67016767e-09 -5.07367737e-09 -4.47365472e-09 -3.89648303e-09 -3.36590472e-09 -2.90179480e-09 -2.51925858e-09 -2.22808649e-09 -2.03258632e-09 -1.93178046e-09 -1.91991384e-09 -1.98722511e-09 -2.12089057e-09 -2.30606584e-09 -2.52694082e-09 -2.76773321e-09 -3.01356107e-09 -3.25115079e-09 -3.46934848e-09 3.14747273e-08 4.26334149e-06 2.17041219e-05 6.30505528e-05 1.40616888e-04 2.66703073e-04 4.53273108e-04 7.09190587e-04 1.04013826e-03 1.44831152e-03 1.93488247e-03 2.49105047e-03 3.11034348e-03 3.78123727e-03 4.48792933e-03 5.21562904e-03 5.94620320e-03 6.65710742e-03 7.33608735e-03 7.95787798e-03 8.51652367e-03 8.98444951e-03 9.35352659e-03 9.62022113e-03 9.77075016e-03 9.80090065e-03 9.71044667e-03 9.50109394e-03 9.18124449e-03 8.76242975e-03 8.24728880e-03 7.65383696e-03 7.00183356e-03 6.30318493e-03 5.58074948e-03 4.85143042e-03 4.13231995e-03 3.44167276e-03 2.79489321e-03 2.20465247e-03 1.68208205e-03 1.23462417e-03 8.65105416e-04 5.72081978e-04 3.51930673e-04 1.96996886e-04 9.65687180e-05 3.86597798e-05 1.07135987e-05 1.07186388e-06 -3.56835195e-09 -3.36327777e-09 -3.13413751e-09 -2.89089203e-09 -2.64580768e-09 -2.41303882e-09 -2.20801732e-09 -2.04665646e-09 -1.94441441e-09 -1.91525629e-09 -1.97060207e-09 -2.11831908e-09 -2.36185493e-09 -2.69958972e-09 -3.12447723e-09 -3.62402436e-09 -4.18065071e-09 -4.77241308e-09 -5.37407763e-09 -5.95847904e-09 -6.49807469e-09 -6.96659347e-09 -7.34066197e-09 -7.60128149e-09 -7.73505454e-09 -7.73505454e-09 -7.60128166e-09 -7.34066197e-09 -6.96659341e-09 -6.49807474e-09 -5.95847915e-09 -5.37407757e-09 -4.77241302e-09 -4.18065088e-09 -3.62402441e-09 -3.12447718e-09 -2.69958961e-09 -2.36185493e-09 -2.11831908e-09 -1.97060207e-09 -1.91525612e-09 -1.94441424e-09 -2.04665662e-09 -2.20801744e-09 -2.41303888e-09 -2.64580768e-09 -2.89089203e-09 -3.13413739e-09 -3.36327766e-09 -3.56835173e-09 1.07186388e-06 1.07135987e-05 3.86597798e-05 9.65687180e-05 1.96996886e-04 3.51930673e-04 5.72081978e-04 8.65105416e-04 1.23462417e-03 1.68208205e-03 2.20465247e-03 2.79489321e-03 3.44167276e-03 4.13231995e-03 4.85143042e-03 5.58074948e-03 6.30318493e-03 7.00183356e-03 7.65383696e-03 8.24728880e-03 8.76242975e-03 9.18124449e-03 9.50109394e-03 9.71044667e-03 9.80090065e-03 9.77075016e-03 9.62022113e-03 9.35352659e-03 8.98444951e-03 8.51652367e-03 7.95787798e-03 7.33608735e-03 6.65710742e-03 5.94620320e-03 5.21562904e-03 4.48792933e-03 3.78123727e-03 3.11034348e-03 2.49105047e-03 1.93488247e-03 1.44831152e-03 1.04013826e-03 7.09190587e-04 4.53273108e-04 2.66703073e-04 1.40616888e-04 6.30505528e-05 2.17041219e-05 4.26334149e-06 3.14747275e-08 -3.46934848e-09 -3.25115063e-09 -3.01356118e-09 -2.76773326e-09 -2.52694082e-09 -2.30606573e-09 -2.12089052e-09 -1.98722516e-09 -1.91991384e-09 -1.93178007e-09 -2.03258621e-09 -2.22808649e-09 -2.51925869e-09 -2.90179514e-09 -3.36590483e-09 -3.89648303e-09 -4.47365478e-09 -5.07367737e-09 -5.67016767e-09 -6.23556862e-09 -6.74276579e-09 -7.16673970e-09 -7.48613382e-09 -7.68461600e-09 -7.75194064e-09
-7.75193898e-09 -7.68260150e-09 -7.47837459e-09 -7.15035670e-09 -6.71619521e-09 -6.19888890e-09 -5.62524655e-09 -5.02412678e-09 -4.42459469e-09 -3.85413901e-09 -3.33707662e-09 -2.89324853e-09 -2.53710092e-09 -2.27717961e-09 -2.11605966e-09 -2.05067674e-09 -2.07300543e-09 -2.17100715e-09 -2.32974706e-09 -2.53259436e-09 -2.76239337e-09 -3.00253905e-09 -3.23788418e-09 -3.45543538e-09 -3.64481789e-09 4.88343546e-08 6.45556427e-06 3.20560860e-05 9.10145190e-05 1.99204866e-04 3.71768691e-04 6.22770118e-04 9.62336502e-04 1.39612026e-03 1.92549623e-03 2.55047266e-03 3.26071827e-03 4.04378156e-03 4.88823774e-03 5.77478900e-03 6.68183014e-03 7.58614911e-03 8.46674106e-03 9.30490753e-03 1.00733586e-02 1.07544048e-02 1.13328348e-02 1.17893410e-02 1.21121741e-02 1.22928118e-02 1.23291083e-02 1.22203892e-02 1.19679097e-02 1.15766440e-02 1.10586878e-02 1.04230151e-02 9.70036221e-03 8.89087891e-03 8.03202234e-03 7.13280831e-03 6.22526800e-03 5.32824518e-03 4.46141587e-03 3.64479751e-03 2.89487584e-03 2.22685722e-03 1.64899270e-03 1.16716548e-03 7.80993319e-04 4.86943920e-04 2.76500412e-04 1.37832039e-04 5.64283050e-05 1.60283602e-05 1.64791015e-06 -3.72648229e-09 -3.55418589e-09 -3.34959732e-09 -3.12168047e-09 -2.88216317e-09 -2.64518757e-09 -2.42673048e-09 -2.24379848e-09 -2.11342643e-09 -2.05154788e-09 -2.07179646e-09 -2.18433538e-09 -2.39481274e-09 -2.70353939e-09 -3.10497061e-09 -3.58757601e-09 -4.13412138e-09 -4.72238737e-09 -5.32628813e-09 -5.91733285e-09 -6.46632903e-09 -6.94521485e-09 -7.32887806e-09 -7.59682045e-09 -7.73454500e-09 -7.73454506e-09 -7.59682045e-09 -7.32887812e-09 -6.94521485e-09 -6.46632886e-09 -5.91733262e-09 -5.32628819e-09 -4.72238748e-09 -4.13412160e-09 -3.58757579e-09 -3.10497072e-09 -2.70353945e-09 -2.39481296e-09 -2.18433560e-09 -2.07179646e-09 -2.05154788e-09 -2.11342643e-09 -2.24379848e-09 -2.42673048e-09 -2.64518746e-09 -2.88216301e-09 -3.12168053e-09 -3.34959760e-09 -3.55418595e-09 -3.72648218e-09 1.64791015e-06 1.60283602e-05 5.64283050e-05 1.37832039e-04 2.76500412e-04 4.86943920e-04 7.80993319e-04 1.16716548e-03 1.64899270e-03 2.22685722e-03 2.89487584e-03 3.64479751e-03 4.46141587e-03 5.32824518e-03 6.22526800e-03 7.13280831e-03 8.03202234e-03 8.89087891e-03 9.70036221e-03 1.04230151e-02 1.10586878e-02 1.15766440e-02 1.19679097e-02 1.22203892e-02 1.23291083e-02 1.22928118e-02 1.21121741e-02 1.17893410e-02 1.13328348e-02 1.07544048e-02 1.00733586e-02 9.30490753e-03 8.46674106e-03 7.58614911e-03 6.68183014e-03 5.77478900e-03 4.88823774e-03 4.04378156e-03 3.26071827e-03 2.55047266e-03 1.92549623e-03 1.39612026e-03 9.62336502e-04 6.22770118e-04 3.71768691e-04 1.99204866e-04 9.10145190e-05 3.20560860e-05 6.45556427e-06 4.88343546e-08 -3.64481806e-09 -3.45543527e-09 -3.23788413e-09 -3.00253916e-09 -2.76239343e-09 -2.53259441e-09 -2.32974706e-09 -2.17100687e-09 -2.07300549e-09 -2.05067696e-09 -2.11605961e-09 -2.27717961e-09 -2.53710092e-09 -2.89324859e-09 -3.33707639e-09 -3.85413912e-09 -4.42459469e-09 -5.02412673e-09 -5.62524677e-09 -6.19888862e-09 -6.71619504e-09 -7.15035675e-09 -7.47837459e-09 -7.68260167e-09 -7.75193898e-09
-7.75193765e-09 -7.68080127e-09 -7.47146911e-09 -7.13587800e-09 -6.69296890e-09 -6.16733553e-09 -5.58750513e-09 -4.98397285e-09 -4.38717079e-09 -3.82551502e-09 -3.32368810e-09 -2.90127522e-09 -2.57183785e-09 -2.34247227e-09 -2.21385371e-09 -2.18072721e-09 -2.23276747e-09 -2.35571529e-09 -2.53267629e-09 -2.74546452e-09 -2.97588654e-09 -3.20687854e-09 -3.42342232e-09 -3.61320529e-09 -3.76700748e-09 7.69326884e-08 9.34823148e-06 4.54657983e-05 1.26658515e-04 2.72432191e-04 5.01203315e-04 8.28985340e-04 1.26692842e-03 1.81984932e-03 2.48958342e-03 3.27277293e-03 4.15759260e-03 5.12733974e-03 6.16692057e-03 7.25164023e-03 8.35670428e-03 9.45713069e-03 1.05298319e-02 1.15372336e-02 1.24715077e-02 1.32928119e-02 1.39829781e-02 1.45344587e-02 1.49251676e-02 1.51471423e-02 1.51915611e-02 1.50583158e-02 1.47503314e-02 1.42787805e-02 1.36555251e-02 1.28965630e-02 1.20159544e-02 1.10442034e-02 9.99591757e-03 8.91082623e-03 7.80091341e-03 6.70194514e-03 5.63841944e-03 4.63107196e-03 3.70153941e-03 2.86845120e-03 2.14004384e-03 1.52879492e-03 1.03364214e-03 6.52138869e-04 3.75357436e-04 1.90098457e-04 7.91708400e-05 2.29597961e-05 2.40841075e-06 -3.82841603e-09 -3.69505393e-09 -3.52231033e-09 -3.31779537e-09 -3.09230713e-09 -2.85957608e-09 -2.63574307e-09 -2.43856624e-09 -2.28638797e-09 -2.19691559e-09 -2.18589302e-09 -2.26576735e-09 -2.44445686e-09 -2.72433781e-09 -3.10155868e-09 -3.56576585e-09 -4.10030154e-09 -4.68288552e-09 -5.28677480e-09 -5.88231147e-09 -6.43877962e-09 -6.92641455e-09 -7.31842281e-09 -7.59284025e-09 -7.73408904e-09 -7.73408904e-09 -7.59284019e-09 -7.31842270e-09 -6.92641483e-09 -6.43877957e-09 -5.88231153e-09 -5.28677480e-09 -4.68288552e-09 -4.10030165e-09 -3.56576602e-09 -3.10155873e-09 -2.72433776e-09 -2.44445669e-09 -2.26576707e-09 -2.18589313e-09 -2.19691554e-09 -2.28638802e-09 -2.43856618e-09 -2.63574307e-09 -2.85957613e-09 -3.09230708e-09 -3.31779537e-09 -3.52231044e-09 -3.69505404e-09 -3.82841614e-09 2.40841075e-06 2.29597961e-05 7.91708400e-05 1.90098457e-04 3.75357436e-04 6.52138869e-04 1.03364214e-03 1.52879492e-03 2.14004384e-03 2.86845120e-03 3.70153941e-03 4.63107196e-03 5.63841944e-03 6.70194514e-03 7.80091341e-03 8.91082623e-03 9.99591757e-03 1.10442034e-02 1.20159544e-02 1.28965630e-02 1.36555251e-02 1.42787805e-02 1.47503314e-02 1.50583158e-02 1.51915611e-02 1.51471423e-02 1.49251676e-02 1.45344587e-02 1.39829781e-02 1.32928119e-02 1.24715077e-02 1.15372336e-02 1.05298319e-02 9.45713069e-03 8.35670428e-03 7.25164023e-03 6.16692057e-03 5.12733974e-03 4.15759260e-03 3.27277293e-03 2.48958342e-03 1.81984932e-03 1.26692842e-03 8.28985340e-04 5.01203315e-04 2.72432191e-04 1.26658515e-04 4.54657983e-05 9.34823148e-06 7.69326886e-08 -3.76700748e-09 -3.61320551e-09 -3.42342243e-09 -3.20687865e-09 -2.97588670e-09 -2.74546452e-09 -2.53267629e-09 -2.35571540e-09 -2.23276736e-09 -2.18072721e-09 -2.21385366e-09 -2.34247211e-09 -2.57183813e-09 -2.90127516e-09 -3.32368816e-09 -3.82551479e-09 -4.38717063e-09 -4.98397285e-09 -5.58750524e-09 -6.16733553e-09 -6.69296890e-09 -7.13587789e-09 -7.47146894e-09 -7.68080122e-09 -7.75193765e-09
-7.75193643e-09 -7.67921537e-09 -7.46541329e-09 -7.12328752e-09 -6.67303207e-09 -6.14077861e-09 -5.55668006e-09 -4.95274788e-09 -4.36062420e-09 -3.80946585e-09 -3.32411676e-09 -2.92368924e-09 -2.62065603e-09 -2.42049181e-09 -2.32184999e-09 -2.31722919e-09 -2.39403319e-09 -2.53590099e-09 -2.72418105e-09 -2.93941893e-09 -3.16273008e-09 -3.37697648e-09 -3.56766605e-09 -3.72354791e-09 -3.83689785e-09 1.12813587e-07 1.30738471e-05 6.22974817e-05 1.70527748e-04 3.61450044e-04 6.56110009e-04 1.07322515e-03 1.62367894e-03 2.31263185e-03 3.14140344e-03 4.09965330e-03 5.17682835e-03 6.35412813e-03 7.60729741e-03 8.91017600e-03 1.02396113e-02 1.15544180e-02 1.28278389e-02 1.40371885e-02 1.51392126e-02 1.61121381e-02 1.69396459e-02 1.75926415e-02 1.80513299e-02 1.83090475e-02 1.83606995e-02 1.82058734e-02 1.78462284e-02 1.72887027e-02 1.65447923e-02 1.56396765e-02 1.46025492e-02 1.34424770e-02 1.22011232e-02 1.08978778e-02 9.57564071e-03 8.25787260e-03 6.97487062e-03 5.75519418e-03 4.62650688e-03 3.60562290e-03 2.71032369e-03 1.95056094e-03 1.33108024e-03 8.48562966e-04 4.94805147e-04 2.53984379e-04 1.07521501e-04 3.17666169e-05 3.41373459e-06 -3.87617810e-09 -3.78588239e-09 -3.65052411e-09 -3.47604978e-09 -3.27196281e-09 -3.05118930e-09 -2.82963908e-09 -2.62545352e-09 -2.45796361e-09 -2.34640468e-09 -2.30846936e-09 -2.35881570e-09 -2.50764587e-09 -2.75949152e-09 -3.11234555e-09 -3.55722318e-09 -4.07825201e-09 -4.65330624e-09 -5.25518129e-09 -5.85322679e-09 -6.41534015e-09 -6.91016105e-09 -7.30928773e-09 -7.58934060e-09 -7.73368719e-09 -7.73368714e-09 -7.58934043e-09 -7.30928779e-09 -6.91016122e-09 -6.41534026e-09 -5.85322690e-09 -5.25518107e-09 -4.65330624e-09 -4.07825185e-09 -3.55722307e-09 -3.11234555e-09 -2.75949152e-09 -2.50764576e-09 -2.35881581e-09 -2.30846936e-09 -2.34640440e-09 -2.45796378e-09 -2.62545335e-09 -2.82963908e-09 -3.05118919e-09 -3.27196259e-09 -3.47604956e-09 -3.65052422e-09 -3.78588239e-09 -3.87617821e-09 3.41373459e-06 3.17666169e-05 1.07521501e-04 2.53984379e-04 4.94805147e-04 8.48562966e-04 1.33108024e-03 1.95056094e-03 2.71032369e-03 3.60562290e-03 4.62650688e-03 5.75519418e-03 6.97487062e-03 8.25787260e-03 9.57564071e-03 1.08978778e-02 1.22011232e-02 1.34424770e-02 1.46025492e-02 1.56396765e-02 1.65447923e-02 1.72887027e-02 1.78462284e-02 1.82058734e-02 1.83606995e-02 1.83090475e-02 1.80513299e-02 1.75926415e-02 1.69396459e-02 1.61121381e-02 1.51392126e-02 1.40371885e-02 1.28278389e-02 1.15544180e-02 1.02396113e-02 8.91017600e-03 7.60729741e-03 6.35412813e-03 5.17682835e-03 4.09965330e-03 3.14140344e-03 2.31263185e-03 1.62367894e-03 1.07322515e-03 6.56110009e-04 3.61450044e-04 1.70527748e-04 6.22974817e-05 1.30738471e-05 1.12813587e-07 -3.83689791e-09 -3.72354803e-09 -3.56766583e-09 -3.37697648e-09 -3.16273030e-09 -2.93941910e-09 -2.72418099e-09 -2.53590110e-09 -2.39403314e-09 -2.31722924e-09 -2.32184988e-09 -2.42049170e-09 -2.62065603e-09 -2.92368940e-09 -3.32411670e-09 -3.80946558e-09 -4.36062397e-09 -4.95274777e-09 -5.55668001e-09 -6.14077866e-09 -6.67303229e-09 -7.12328729e-09 -7.46541312e-09 -7.67921537e-09 -7.75193643e-09
-7.75193532e-09 -7.67784036e-09 -7.46019302e-09 -7.11254239e-09 -6.65628808e-09 -6.11902318e-09 -5.53242241e-09 -4.92987973e-09 -4.34407976e-09 -3.80473275e-09 -3.33664069e-09 -2.95824487e-09 -2.68075240e-09 -2.50787646e-09 -2.43617176e-09 -2.45589155e-09 -2.55224997e-09 -2.70695533e-09 -2.89985513e-09 -3.11054538e-09 -3.31982092e-09 -3.51085905e-09 -3.67007591e-09 -3.78763054e-09 -3.85758092e-09 1.57523331e-07 1.77037178e-05 8.28322845e-05 2.23112523e-04 4.66644247e-04 8.37795206e-04 1.35539767e-03 2.03206775e-03 2.87461189e-03 3.87560488e-03 5.03092465e-03 6.32209169e-03 7.72306258e-03 9.21220403e-03 1.07531121e-02 1.23129278e-02 1.38650140e-02 1.53624922e-02 1.67756445e-02 1.80623940e-02 1.92093523e-02 2.01712970e-02 2.09262723e-02 2.14627105e-02 2.17662006e-02 2.18272449e-02 2.16441327e-02 2.12221188e-02 2.05749113e-02 1.97164997e-02 1.86554083e-02 1.74323647e-02 1.60818135e-02 1.46162301e-02 1.30949981e-02 1.15344316e-02 9.97339440e-03 8.45570514e-03 7.00782113e-03 5.65813361e-03 4.43603681e-03 3.35632202e-03 2.43272223e-03 1.67279327e-03 1.07709137e-03 6.35150673e-04 3.30422440e-04 1.41865409e-04 4.26213422e-05 4.66460850e-06 -3.87388155e-09 -3.82877752e-09 -3.73452314e-09 -3.59515129e-09 -3.41855211e-09 -3.21647919e-09 -3.00421993e-09 -2.79991796e-09 -2.62354416e-09 -2.49557058e-09 -2.43542692e-09 -2.45985282e-09 -2.58129290e-09 -2.80647910e-09 -3.13535525e-09 -3.56046537e-09 -4.06691464e-09 -4.63293537e-09 -5.23105670e-09 -5.82981474e-09 -6.39587105e-09 -6.89638863e-09 -7.30144756e-09 -7.58631352e-09 -7.73333847e-09 -7.73333853e-09 -7.58631352e-09 -7.30144761e-09 -6.89638868e-09 -6.39587122e-09 -5.82981480e-09 -5.23105670e-09 -4.63293515e-09 -4.06691486e-09 -3.56046514e-09 -3.13535514e-09 -2.80647927e-09 -2.58129296e-09 -2.45985288e-09 -2.43542708e-09 -2.49557075e-09 -2.62354416e-09 -2.79991813e-09 -3.00421987e-09 -3.21647931e-09 -3.41855200e-09 -3.59515129e-09 -3.73452308e-09 -3.82877752e-09 -3.87388166e-09 4.66460850e-06 4.26213422e-05 1.41865409e-04 3.30422440e-04 6.35150673e-04 1.07709137e-03 1.67279327e-03 2.43272223e-03 3.35632202e-03 4.43603681e-03 5.65813361e-03 7.00782113e-03 8.45570514e-03 9.97339440e-03 1.15344316e-02 1.30949981e-02 1.46162301e-02 1.60818135e-02 1.74323647e-02 1.86554083e-02 1.97164997e-02 2.05749113e-02 2.12221188e-02 2.16441327e-02 2.18272449e-02 2.17662006e-02 2.14627105e-02 2.09262723e-02 2.01712970e-02 1.92093523e-02 1.80623940e-02 1.67756445e-02 1.53624922e-02 1.38650140e-02 1.23129278e-02 1.07531121e-02 9.21220403e-03 7.72306258e-03 6.32209169e-03 5.03092465e-03 3.87560488e-03 2.87461189e-03 2.03206775e-03 1.35539767e-03 8.37795206e-04 4.66644247e-04 2.23112523e-04 8.28322845e-05 1.77037178e-05 1.57523331e-07 -3.85758092e-09 -3.78763038e-09 -3.67007602e-09 -3.51085905e-09 -3.31982092e-09 -3.11054538e-09 -2.89985491e-09 -2.70695544e-09 -2.55224980e-09 -2.45589149e-09 -2.43617188e-09 -2.50787657e-09 -2.68075273e-09 -2.95824498e-09 -3.33664080e-09 -3.80473270e-09 -4.34407949e-09 -4.92987978e-09 -5.53242274e-09 -6.11902307e-09 -6.65628808e-09 -7.11254239e-09 -7.46019302e-09 -7.67784042e-09 -7.75193509e-09
-7.75193421e-09 -7.67667035e-09 -7.45578221e-09 -7.10357695e-09 -6.64259980e-09 -6.10181722e-09 -5.51431262e-09 -4.91471142e-09 -4.33657499e-09 -3.80997855e-09 -3.35949008e-09 -3.00270053e-09 -2.74940215e-09 -2.60145006e-09 -2.55326882e-09 -2.59291316e-09 -2.70354300e-09 -2.86515534e-09 -3.05638437e-09 -3.25622579e-09 -3.44552603e-09 -3.60815738e-09 -3.73179576e-09 -3.80830684e-09 -3.83375215e-09 2.10539539e-07 2.33326060e-05 1.07097112e-04 2.84735792e-04 5.88001353e-04 1.04533338e-03 1.67604897e-03 2.49341867e-03 3.49900008e-03 4.69308565e-03 6.05737385e-03 7.57440353e-03 9.21805784e-03 1.09559429e-02 1.27579219e-02 1.45741312e-02 1.63648967e-02 1.81070045e-02 1.97335681e-02 2.12324977e-02 2.25511413e-02 2.36573056e-02 2.45290465e-02 2.51528244e-02 2.55023631e-02 2.55731118e-02 2.53623890e-02 2.48739376e-02 2.41228239e-02 2.31327956e-02 2.19187001e-02 2.05000459e-02 1.89397644e-02 1.72485518e-02 1.54783590e-02 1.36624691e-02 1.18527011e-02 1.00820712e-02 8.38503217e-03 6.80103363e-03 5.35512308e-03 4.07310904e-03 2.97203010e-03 2.06074023e-03 1.33770641e-03 7.95807456e-04 4.19103068e-04 1.82119056e-04 5.56171124e-05 6.20646677e-06 -3.82716980e-09 -3.82750143e-09 -3.77628384e-09 -3.67545905e-09 -3.53104151e-09 -3.35328321e-09 -3.15648446e-09 -2.95840824e-09 -2.77930112e-09 -2.64055156e-09 -2.56306976e-09 -2.56550114e-09 -2.66244238e-09 -2.86281576e-09 -3.16858284e-09 -3.57394481e-09 -4.06514955e-09 -4.62097294e-09 -5.21387189e-09 -5.81174614e-09 -6.38018338e-09 -6.88499957e-09 -7.29485977e-09 -7.58374552e-09 -7.73304099e-09 -7.73304076e-09 -7.58374585e-09 -7.29485983e-09 -6.88499929e-09 -6.38018338e-09 -5.81174625e-09 -5.21387172e-09 -4.62097294e-09 -4.06514944e-09 -3.57394481e-09 -3.16858301e-09 -2.86281587e-09 -2.66244227e-09 -2.56550103e-09 -2.56306976e-09 -2.64055183e-09 -2.77930085e-09 -2.95840824e-09 -3.15648446e-09 -3.35328337e-09 -3.53104146e-09 -3.67545910e-09 -3.77628373e-09 -3.82750143e-09 -3.82716980e-09 6.20646677e-06 5.56171124e-05 1.82119056e-04 4.19103068e-04 7.95807456e-04 1.33770641e-03 2.06074023e-03 2.97203010e-03 4.07310904e-03 5.35512308e-03 6.80103363e-03 8.38503217e-03 1.00820712e-02 1.18527011e-02 1.36624691e-02 1.54783590e-02 1.72485518e-02 1.89397644e-02 2.05000459e-02 2.19187001e-02 2.31327956e-02 2.41228239e-02 2.48739376e-02 2.53623890e-02 2.55731118e-02 2.55023631e-02 2.51528244e-02 2.45290465e-02 2.36573056e-02 2.25511413e-02 2.12324977e-02 1.97335681e-02 1.81070045e-02 1.63648967e-02 1.45741312e-02 1.27579219e-02 1.09559429e-02 9.21805784e-03 7.57440353e-03 6.05737385e-03 4.69308565e-03 3.49900008e-03 2.49341867e-03 1.67604897e-03 1.04533338e-03 5.88001353e-04 2.84735792e-04 1.07097112e-04 2.33326060e-05 2.10539539e-07 -3.83375220e-09 -3.80830678e-09 -3.73179565e-09 -3.60815755e-09 -3.44552609e-09 -3.25622562e-09 -3.05638448e-09 -2.86515534e-09 -2.70354306e-09 -2.59291294e-09 -2.55326904e-09 -2.60144994e-09 -2.74940215e-09 -3.00270064e-09 -3.35949019e-09 -3.80997867e-09 -4.33657499e-09 -4.91471158e-09 -5.51431245e-09 -6.10181722e-09 -6.64259969e-09 -7.10357689e-09 -7.45578221e-09 -7.67667030e-09 -7.75193437e-09
-7.75193360e-09 -7.67569830e-09 -7.45214679e-09 -7.09630427e-09 -6.63179545e-09 -6.08886225e-09 -5.50186813e-09 -4.90652352e-09 -4.33708969e-09 -3.82382587e-09 -3.39089096e-09 -3.05486825e-09 -2.82402024e-09 -2.69828582e-09 -2.66997258e-09 -2.72503209e-09 -2.84474955e-09 -3.00766129e-09 -3.19150734e-09 -3.37503614e-09 -3.53951646e-09 -3.66986502e-09 -3.75532283e-09 -3.78969955e-09 -3.77121162e-09 2.66849048e-07 2.99220768e-05 1.35282037e-04 3.55426134e-04 7.25838342e-04 1.27696129e-03 2.03084709e-03 3.00011424e-03 4.18788619e-03 5.58281214e-03 7.17246049e-03 8.93586183e-03 1.08365068e-02 1.28394509e-02 1.49098565e-02 1.69971878e-02 1.90535075e-02 2.10442302e-02 2.29018323e-02 2.46164925e-02 2.61196986e-02 2.73763521e-02 2.83783759e-02 2.90876379e-02 2.94890312e-02 2.95698898e-02 2.93278807e-02 2.87709168e-02 2.79120610e-02 2.67809965e-02 2.53952210e-02 2.37834058e-02 2.19887440e-02 2.00602877e-02 1.80295853e-02 1.59518286e-02 1.38723505e-02 1.18315277e-02 9.87250026e-03 8.03575436e-03 6.35718894e-03 4.85865416e-03 3.56690717e-03 2.48713178e-03 1.62738315e-03 9.77915467e-04 5.19242148e-04 2.28567458e-04 7.06852381e-05 8.07053934e-06 -3.74267578e-09 -3.78701437e-09 -3.77910686e-09 -3.71869913e-09 -3.60973595e-09 -3.46069562e-09 -3.28455657e-09 -3.09833897e-09 -2.92220081e-09 -2.77810885e-09 -2.68816286e-09 -2.67269884e-09 -2.74832868e-09 -2.92611119e-09 -3.21005034e-09 -3.59609120e-09 -4.07176293e-09 -4.61655514e-09 -5.20303278e-09 -5.79863912e-09 -6.36804881e-09 -6.87587098e-09 -7.28946709e-09 -7.58161822e-09 -7.73279352e-09 -7.73279335e-09 -7.58161844e-09 -7.28946709e-09 -6.87587093e-09 -6.36804870e-09 -5.79863924e-09 -5.20303278e-09 -4.61655525e-09 -4.07176320e-09 -3.59609109e-09 -3.21005034e-09 -2.92611113e-09 -2.74832868e-09 -2.67269873e-09 -2.68816269e-09 -2.77810902e-09 -2.92220115e-09 -3.09833881e-09 -3.28455663e-09 -3.46069562e-09 -3.60973595e-09 -3.71869890e-09 -3.77910692e-09 -3.78701454e-09 -3.74267595e-09 8.07053934e-06 7.06852381e-05 2.28567458e-04 5.19242148e-04 9.77915467e-04 1.62738315e-03 2.48713178e-03 3.56690717e-03 4.85865416e-03 6.35718894e-03 8.03575436e-03 9.87250026e-03 1.18315277e-02 1.38723505e-02 1.59518286e-02 1.80295853e-02 2.00602877e-02 2.19887440e-02 2.37834058e-02 2.53952210e-02 2.67809965e-02 2.79120610e-02 2.87709168e-02 2.93278807e-02 2.95698898e-02 2.94890312e-02 2.90876379e-02 2.83783759e-02 2.73763521e-02 2.61196986e-02 2.46164925e-02 2.29018323e-02 2.10442302e-02 1.90535075e-02 1.69971878e-02 1.49098565e-02 1.28394509e-02 1.08365068e-02 8.93586183e-03 7.17246049e-03 5.58281214e-03 4.18788619e-03 3.00011424e-03 2.03084709e-03 1.27696129e-03 7.25838342e-04 3.55426134e-04 1.35282037e-04 2.99220768e-05 2.66849048e-07 -3.77121145e-09 -3.78969978e-09 -3.75532294e-09 -3.66986502e-09 -3.53951635e-09 -3.37503581e-09 -3.19150745e-09 -3.00766140e-09 -2.84474932e-09 -2.72503192e-09 -2.66997274e-09 -2.69828582e-09 -2.82402030e-09 -3.05486847e-09 -3.39089085e-09 -3.82382603e-09 -4.33708980e-09 -4.90652330e-09 -5.50186813e-09 -6.08886208e-09 -6.63179528e-09 -7.09630438e-09 -7.45214673e-09 -7.67569808e-09 -7.75193360e-09
-7.75193287e-09 -7.67491259e-09 -7.44924283e-09 -7.09062187e-09 -6.62367650e-09 -6.07982087e-09 -5.49456691e-09 -4.90455154e-09 -4.34456959e-09 -3.84489196e-09 -3.42910728e-09 -3.11266440e-09 -2.90221208e-09 -2.79575441e-09 -2.78353868e-09 -2.84954987e-09 -2.97341091e-09 -3.13248005e-09 -3.30393063e-09 -3.46661500e-09 -3.60257124e-09 -3.69807063e-09 -3.74417169e-09 -3.73679754e-09 -3.67639480e-09 3.55050879e-07 3.74767768e-05 1.67470821e-04 4.34295923e-04 8.78515605e-04 1.53280714e-03 2.42007820e-03 3.55163245e-03 4.92974250e-03 6.54040012e-03 8.37029672e-03 1.03883748e-02 1.25611974e-02 1.48419539e-02 1.71884833e-02 1.95632722e-02 2.18922170e-02 2.41457312e-02 2.62526416e-02 2.81881204e-02 2.98868937e-02 3.13066729e-02 3.24402896e-02 3.32436405e-02 3.36968139e-02 3.37876917e-02 3.35153508e-02 3.28835454e-02 3.19132350e-02 3.06314500e-02 2.90715140e-02 2.72490273e-02 2.52152979e-02 2.30365715e-02 2.07312935e-02 1.83792841e-02 1.60162010e-02 1.36881712e-02 1.14543064e-02 9.35610058e-03 7.43126164e-03 5.70688733e-03 4.20848747e-03 2.95469070e-03 1.94652334e-03 1.17753951e-03 6.32395959e-04 2.81192932e-04 8.81369247e-05 1.01604399e-05 -3.62752639e-09 -3.71303649e-09 -3.74724096e-09 -3.72766273e-09 -3.65605168e-09 -3.53890017e-09 -3.38758033e-09 -3.21803850e-09 -3.04999004e-09 -2.90563623e-09 -2.80796186e-09 -2.77874124e-09 -2.83642654e-09 -2.99411873e-09 -3.25784416e-09 -3.62534536e-09 -4.08554107e-09 -4.61877980e-09 -5.19790300e-09 -5.79006987e-09 -6.35920477e-09 -6.86885610e-09 -7.28519944e-09 -7.57990759e-09 -7.73259279e-09 -7.73259273e-09 -7.57990753e-09 -7.28519950e-09 -6.86885610e-09 -6.35920494e-09 -5.79006987e-09 -5.19790305e-09 -4.61877991e-09 -4.08554102e-09 -3.62534514e-09 -3.25784399e-09 -2.99411851e-09 -2.83642654e-09 -2.77874135e-09 -2.80796203e-09 -2.90563618e-09 -3.04998982e-09 -3.21803856e-09 -3.38758044e-09 -3.53890017e-09 -3.65605191e-09 -3.72766246e-09 -3.74724085e-09 -3.71303638e-09 -3.62752639e-09 1.01604399e-05 8.81369247e-05 2.81192932e-04 6.32395959e-04 1.17753951e-03 1.94652334e-03 2.95469070e-03 4.20848747e-03 5.70688733e-03 7.43126164e-03 9.35610058e-03 1.14543064e-02 1.36881712e-02 1.60162010e-02 1.83792841e-02 2.07312935e-02 2.30365715e-02 2.52152979e-02 2.72490273e-02 2.90715140e-02 3.06314500e-02 3.19132350e-02 3.28835454e-02 3.35153508e-02 3.37876917e-02 3.36968139e-02 3.32436405e-02 3.24402896e-02 3.13066729e-02 2.98868937e-02 2.81881204e-02 2.62526416e-02 2.41457312e-02 2.18922170e-02 1.95632722e-02 1.71884833e-02 1.48419539e-02 1.25611974e-02 1.03883748e-02 8.37029672e-03 6.54040012e-03 4.92974250e-03 3.55163245e-03 2.42007820e-03 1.53280714e-03 8.78515605e-04 4.34295923e-04 1.67470821e-04 3.74767768e-05 3.55050879e-07 -3.67639480e-09 -3.73679759e-09 -3.74417186e-09 -3.69807035e-09 -3.60257119e-09 -3.46661494e-09 -3.30393080e-09 -3.13248005e-09 -2.97341068e-09 -2.84954982e-09 -2.78353868e-09 -2.79575452e-09 -2.90221192e-09 -3.11266418e-09 -3.42910744e-09 -3.84489196e-09 -4.34456959e-09 -4.90455143e-09 -5.49456680e-09 -6.07982087e-09 -6.62367655e-09 -7.09062203e-09 -7.44924278e-09 -7.67491243e-09 -7.75193282e-09
-7.75193243e-09 -7.67430175e-09 -7.44702056e-09 -7.08641146e-09 -6.61802213e-09 -6.07432871e-09 -5.49185369e-09 -4.90800778e-09 -4.35795505e-09 -3.87181781e-09 -3.47247719e-09 -3.17414312e-09 -2.98180713e-09 -2.89155327e-09 -2.89166568e-09 -2.96433089e-09 -3.08775183e-09 -3.23840477e-09 -3.39322453e-09 -3.53150431e-09 -3.63636282e-09 -3.69568992e-09 -3.70255127e-09 -3.65508185e-09 -3.55596558e-09 4.32250963e-07 4.61048249e-05 2.03154029e-04 5.21520618e-04 1.04549157e-03 1.81093728e-03 2.83933956e-03 4.14157156e-03 5.71698463e-03 7.55635410e-03 9.63670051e-03 1.19203324e-02 1.43745556e-02 1.69442438e-02 1.95839962e-02 2.22530191e-02 2.48667036e-02 2.73936256e-02 2.97568641e-02 3.19258417e-02 3.38257525e-02 3.54188776e-02 3.66852242e-02 3.75832434e-02 3.80891832e-02 3.81905926e-02 3.78867156e-02 3.71812022e-02 3.60967491e-02 3.46623839e-02 3.29128692e-02 3.08688917e-02 2.85961815e-02 2.61498629e-02 2.35651398e-02 2.09221525e-02 1.82654697e-02 1.56441712e-02 1.31228652e-02 1.07515475e-02 8.56607402e-03 6.60636212e-03 4.89405728e-03 3.45608323e-03 2.29019413e-03 1.39625888e-03 7.55499893e-04 3.39257839e-04 1.07474904e-04 1.26154733e-05 -3.48892260e-09 -3.61165509e-09 -3.68553815e-09 -3.70591002e-09 -3.67227332e-09 -3.58898744e-09 -3.46559065e-09 -3.31666278e-09 -3.16115056e-09 -3.02115305e-09 -2.92022462e-09 -2.88130741e-09 -2.92448665e-09 -3.06477060e-09 -3.31015582e-09 -3.66019581e-09 -4.10527634e-09 -4.62672706e-09 -5.19781679e-09 -5.78558379e-09 -6.35336406e-09 -6.86379015e-09 -7.28197769e-09 -7.57858531e-09 -7.73243569e-09 -7.73243591e-09 -7.57858526e-09 -7.28197763e-09 -6.86379020e-09 -6.35336400e-09 -5.78558401e-09 -5.19781684e-09 -4.62672717e-09 -4.10527617e-09 -3.66019587e-09 -3.31015593e-09 -3.06477066e-09 -2.92448654e-09 -2.88130753e-09 -2.92022456e-09 -3.02115322e-09 -3.16115056e-09 -3.31666278e-09 -3.46559059e-09 -3.58898733e-09 -3.67227326e-09 -3.70591002e-09 -3.68553793e-09 -3.61165498e-09 -3.48892260e-09 1.26154733e-05 1.07474904e-04 3.39257839e-04 7.55499893e-04 1.39625888e-03 2.29019413e-03 3.45608323e-03 4.89405728e-03 6.60636212e-03 8.56607402e-03 1.07515475e-02 1.31228652e-02 1.56441712e-02 1.82654697e-02 2.09221525e-02 2.35651398e-02 2.61498629e-02 2.85961815e-02 3.08688917e-02 3.29128692e-02 3.46623839e-02 3.60967491e-02 3.71812022e-02 3.78867156e-02 3.81905926e-02 3.80891832e-02 3.75832434e-02 3.66852242e-02 3.54188776e-02 3.38257525e-02 3.19258417e-02 2.97568641e-02 2.73936256e-02 2.48667036e-02 2.22530191e-02 1.95839962e-02 1.69442438e-02 1.43745556e-02 1.19203324e-02 9.63670051e-03 7.55635410e-03 5.71698463e-03 4.14157156e-03 2.83933956e-03 1.81093728e-03 1.04549157e-03 5.21520618e-04 2.03154029e-04 4.61048249e-05 4.32250962e-07 -3.55596558e-09 -3.65508174e-09 -3.70255138e-09 -3.69569003e-09 -3.63636277e-09 -3.53150448e-09 -3.39322470e-09 -3.23840454e-09 -3.08775183e-09 -2.96433089e-09 -2.89166574e-09 -2.89155339e-09 -2.98180708e-09 -3.17414328e-09 -3.47247703e-09 -3.87181781e-09 -4.35795511e-09 -4.90800794e-09 -5.49185381e-09 -6.07432848e-09 -6.61802213e-09 -7.08641146e-09 -7.44702061e-09 -7.67430175e-09 -7.75193237e-09
-7.75193193e-09 -7.67385128e-09 -7.44542461e-09 -7.08354375e-09 -6.61459532e-09 -6.07200051e-09 -5.49315898e-09 -4.91609986e-09 -4.37620118e-09 -3.90329591e-09 -3.51943885e-09 -3.23753013e-09 -3.06088443e-09 -2.98372449e-09 -2.99249370e-09 -3.06778275e-09 -3.18662940e-09 -3.32493022e-09 -3.45970042e-09 -3.57098218e-09 -3.64324604e-09 -3.66620789e-09 -3.63506625e-09 -3.55020285e-09 -3.41648315e-09 5.45416943e-07 5.56044294e-05 2.42302137e-04 6.16450517e-04 1.22499685e-03 2.10590226e-03 3.28339158e-03 4.76483668e-03 6.54650033e-03 8.62113164e-03 1.09573822e-02 1.35164869e-02 1.62594972e-02 1.91293938e-02 2.20707520e-02 2.50452488e-02 2.79485396e-02 3.07628555e-02 3.33837125e-02 3.57932649e-02 3.79097158e-02 3.96891312e-02 4.10812095e-02 4.20740631e-02 4.26370653e-02 4.27501210e-02 4.24112450e-02 4.16304789e-02 4.04324863e-02 3.88452660e-02 3.68935916e-02 3.46199976e-02 3.21028669e-02 2.93764296e-02 2.65041819e-02 2.35580696e-02 2.06015344e-02 1.76791021e-02 1.48633100e-02 1.22075122e-02 9.75383673e-03 7.55074644e-03 5.61849495e-03 3.98531284e-03 2.65600186e-03 1.63061013e-03 8.88079971e-04 4.02533194e-04 1.28990462e-04 1.52059173e-05 -3.33380745e-09 -3.48899654e-09 -3.59914043e-09 -3.65749198e-09 -3.66131803e-09 -3.61276281e-09 -3.51936413e-09 -3.39409384e-09 -3.25483573e-09 -3.12326898e-09 -3.02320363e-09 -2.97846964e-09 -3.01055342e-09 -3.13620901e-09 -3.36531092e-09 -3.69920594e-09 -4.12979262e-09 -4.63948080e-09 -5.20209664e-09 -5.78470866e-09 -6.35022063e-09 -6.86049539e-09 -7.27971383e-09 -7.57762120e-09 -7.73231978e-09 -7.73231978e-09 -7.57762114e-09 -7.27971378e-09 -6.86049545e-09 -6.35022079e-09 -5.78470877e-09 -5.20209653e-09 -4.63948074e-09 -4.12979273e-09 -3.69920594e-09 -3.36531081e-09 -3.13620896e-09 -3.01055347e-09 -2.97846969e-09 -3.02320380e-09 -3.12326920e-09 -3.25483568e-09 -3.39409367e-09 -3.51936424e-09 -3.61276264e-09 -3.66131792e-09 -3.65749181e-09 -3.59914026e-09 -3.48899637e-09 -3.33380745e-09 1.52059173e-05 1.28990462e-04 4.02533194e-04 8.88079971e-04 1.63061013e-03 2.65600186e-03 3.98531284e-03 5.61849495e-03 7.55074644e-03 9.75383673e-03 1.22075122e-02 1.48633100e-02 1.76791021e-02 2.06015344e-02 2.35580696e-02 2.65041819e-02 2.93764296e-02 3.21028669e-02 3.46199976e-02 3.68935916e-02 3.88452660e-02 4.04324863e-02 4.16304789e-02 4.24112450e-02 4.27501210e-02 4.26370653e-02 4.20740631e-02 4.10812095e-02 3.96891312e-02 3.79097158e-02 3.57932649e-02 3.33837125e-02 3.07628555e-02 2.79485396e-02 2.50452488e-02 2.20707520e-02 1.91293938e-02 1.62594972e-02 1.35164869e-02 1.09573822e-02 8.62113164e-03 6.54650033e-03 4.76483668e-03 3.28339158e-03 2.10590226e-03 1.22499685e-03 6.16450517e-04 2.42302137e-04 5.56044294e-05 5.45416943e-07 -3.41648315e-09 -3.55020280e-09 -3.63506641e-09 -3.66620806e-09 -3.64324615e-09 -3.57098195e-09 -3.45970042e-09 -3.32492994e-09 -3.18662952e-09 -3.06778236e-09 -2.99249392e-09 -2.98372455e-09 -3.06088432e-09 -3.23753024e-09 -3.51943880e-09 -3.90329569e-09 -4.37620107e-09 -4.91609986e-09 -5.49315882e-09 -6.07200062e-09 -6.61459532e-09 -7.08354364e-09 -7.44542461e-09 -7.67385155e-09 -7.75193210e-09
-7.75193137e-09 -7.67354735e-09 -7.44439455e-09 -7.08188275e-09 -6.61314792e-09 -6.07244321e-09 -5.49790680e-09 -4.92804220e-09 -4.39829900e-09 -3.93809130e-09 -3.56855623e-09 -3.30123684e-09 -3.13778958e-09 -3.07065751e-09 -3.08459869e-09 -3.15882304e-09 -3.26947369e-09 -3.39216011e-09 -3.50427926e-09 -3.58689611e-09 -3.62605490e-09 -3.61344943e-09 -3.54646901e-09 -3.42772205e-09 -3.26414507e-09 6.39226885e-07 6.59036679e-05 2.84669260e-04 7.17592230e-04 1.41528663e-03 2.41721730e-03 3.74756808e-03 5.41455625e-03 7.40990815e-03 9.72420033e-03 1.23218576e-02 1.51638757e-02 1.81999960e-02 2.13758573e-02 2.46314106e-02 2.79126209e-02 3.11157813e-02 3.42243240e-02 3.71187524e-02 3.97646820e-02 4.21052245e-02 4.40737207e-02 4.56104327e-02 4.66972655e-02 4.73120360e-02 4.74363590e-02 4.70645360e-02 4.62110337e-02 4.48989122e-02 4.31423615e-02 4.09803915e-02 3.84724677e-02 3.57051628e-02 3.26885924e-02 2.95274798e-02 2.62675823e-02 2.30035779e-02 1.97759664e-02 1.66561081e-02 1.37096559e-02 1.09847676e-02 8.53085108e-03 6.37162483e-03 4.53815047e-03 3.04014371e-03 1.87710545e-03 1.03058313e-03 4.70729322e-04 1.52285802e-04 1.82616910e-05 -3.16862331e-09 -3.35096423e-09 -3.49322177e-09 -3.58670615e-09 -3.62651592e-09 -3.61256280e-09 -3.55027541e-09 -3.45082835e-09 -3.33079181e-09 -3.21113569e-09 -3.11562504e-09 -3.06869119e-09 -3.09297921e-09 -3.20680038e-09 -3.42178780e-09 -3.74103504e-09 -4.15796797e-09 -4.65614530e-09 -5.21006532e-09 -5.78696446e-09 -6.34945840e-09 -6.85878393e-09 -7.27831373e-09 -7.57698210e-09 -7.73224068e-09 -7.73224085e-09 -7.57698215e-09 -7.27831373e-09 -6.85878393e-09 -6.34945851e-09 -5.78696452e-09 -5.21006549e-09 -4.65614519e-09 -4.15796819e-09 -3.74103520e-09 -3.42178796e-09 -3.20680038e-09 -3.09297937e-09 -3.06869108e-09 -3.11562504e-09 -3.21113569e-09 -3.33079175e-09 -3.45082835e-09 -3.55027546e-09 -3.61256280e-09 -3.62651614e-09 -3.58670599e-09 -3.49322199e-09 -3.35096401e-09 -3.16862320e-09 1.82616910e-05 1.52285802e-04 4.70729322e-04 1.03058313e-03 1.87710545e-03 3.04014371e-03 4.53815047e-03 6.37162483e-03 8.53085108e-03 1.09847676e-02 1.37096559e-02 1.66561081e-02 1.97759664e-02 2.30035779e-02 2.62675823e-02 2.95274798e-02 3.26885924e-02 3.57051628e-02 3.84724677e-02 4.09803915e-02 4.31423615e-02 4.48989122e-02 4.62110337e-02 4.70645360e-02 4.74363590e-02 4.73120360e-02 4.66972655e-02 4.56104327e-02 4.40737207e-02 4.21052245e-02 3.97646820e-02 3.71187524e-02 3.42243240e-02 3.11157813e-02 2.79126209e-02 2.46314106e-02 2.13758573e-02 1.81999960e-02 1.51638757e-02 1.23218576e-02 9.72420033e-03 7.40990815e-03 5.41455625e-03 3.74756808e-03 2.41721730e-03 1.41528663e-03 7.17592230e-04 2.84669260e-04 6.59036679e-05 6.39226885e-07 -3.26414529e-09 -3.42772211e-09 -3.54646890e-09 -3.61344932e-09 -3.62605490e-09 -3.58689589e-09 -3.50427948e-09 -3.39216011e-09 -3.26947369e-09 -3.15882287e-09 -3.08459869e-09 -3.07065751e-09 -3.13778953e-09 -3.30123684e-09 -3.56855601e-09 -3.93809119e-09 -4.39829906e-09 -4.92804225e-09 -5.49790696e-09 -6.07244305e-09 -6.61314770e-09 -7.08188297e-09 -7.44439455e-09 -7.67354746e-09 -7.75193160e-09
-7.75193132e-09 -7.67337449e-09 -7.44386930e-09 -7.08128833e-09 -6.61342819e-09 -6.07526096e-09 -5.50553014e-09 -4.94307872e-09 -4.42329218e-09 -3.97506161e-09 -3.61853336e-09 -3.36388023e-09 -3.21113747e-09 -3.15108267e-09 -3.16696169e-09 -3.23683347e-09 -3.33621231e-09 -3.44070739e-09 -3.52836410e-09 -3.58150487e-09 -3.58791952e-09 -3.54136986e-09 -3.44144918e-09 -3.29290994e-09 -3.10461973e-09 7.47171124e-07 7.70830344e-05 3.29884358e-04 8.23972134e-04 1.61488487e-03 2.74135951e-03 4.22868520e-03 6.08491062e-03 8.29695275e-03 1.08544176e-02 1.37182031e-02 1.68455972e-02 2.01793101e-02 2.36659185e-02 2.72458041e-02 3.08303476e-02 3.43551285e-02 3.77421291e-02 4.09283295e-02 4.38181228e-02 4.63795019e-02 4.85382881e-02 5.02312098e-02 5.14334935e-02 5.21101552e-02 5.22457206e-02 5.18392348e-02 5.08948643e-02 4.94466246e-02 4.75108860e-02 4.51424060e-02 4.24180711e-02 3.93714613e-02 3.60623328e-02 3.26058640e-02 2.90314542e-02 2.54501144e-02 2.19146007e-02 1.84901074e-02 1.52463279e-02 1.22479581e-02 9.53761196e-03 7.14697570e-03 5.10998515e-03 3.43891501e-03 2.13456145e-03 1.17993210e-03 5.43027583e-04 1.77061969e-04 2.14901063e-05 -2.99915848e-09 -3.20305216e-09 -3.37278550e-09 -3.49789386e-09 -3.57142155e-09 -3.59108460e-09 -3.56014929e-09 -3.48786300e-09 -3.38927447e-09 -3.28439109e-09 -3.19665111e-09 -3.15081028e-09 -3.17042015e-09 -3.27514582e-09 -3.47823809e-09 -3.78445791e-09 -4.18874868e-09 -4.67586286e-09 -5.22106308e-09 -5.79187259e-09 -6.35075692e-09 -6.85846274e-09 -7.27768029e-09 -7.57663249e-09 -7.73219450e-09 -7.73219455e-09 -7.57663265e-09 -7.27768035e-09 -6.85846296e-09 -6.35075703e-09 -5.79187270e-09 -5.22106336e-09 -4.67586281e-09 -4.18874863e-09 -3.78445797e-09 -3.47823781e-09 -3.27514604e-09 -3.17041987e-09 -3.15081045e-09 -3.19665100e-09 -3.28439120e-09 -3.38927431e-09 -3.48786300e-09 -3.56014940e-09 -3.59108437e-09 -3.57142177e-09 -3.49789397e-09 -3.37278550e-09 -3.20305193e-09 -2.99915859e-09 2.14901063e-05 1.77061969e-04 5.43027583e-04 1.17993210e-03 2.13456145e-03 3.43891501e-03 5.10998515e-03 7.14697570e-03 9.53761196e-03 1.22479581e-02 1.52463279e-02 1.84901074e-02 2.19146007e-02 2.54501144e-02 2.90314542e-02 3.26058640e-02 3.60623328e-02 3.93714613e-02 4.24180711e-02 4.51424060e-02 4.75108860e-02 4.94466246e-02 5.08948643e-02 5.18392348e-02 5.22457206e-02 5.21101552e-02 5.14334935e-02 5.02312098e-02 4.85382881e-02 4.63795019e-02 4.38181228e-02 4.09283295e-02 3.77421291e-02 3.43551285e-02 3.08303476e-02 2.72458041e-02 2.36659185e-02 2.01793101e-02 1.68455972e-02 1.37182031e-02 1.08544176e-02 8.29695275e-03 6.08491062e-03 4.22868520e-03 2.74135951e-03 1.61488487e-03 8.23972134e-04 3.29884358e-04 7.70830344e-05 7.47171124e-07 -3.10461973e-09 -3.29290989e-09 -3.44144918e-09 -3.54136998e-09 -3.58791946e-09 -3.58150470e-09 -3.52836416e-09 -3.44070750e-09 -3.33621247e-09 -3.23683347e-09 -3.16696175e-09 -3.15108273e-09 -3.21113769e-09 -3.36388023e-09 -3.61853347e-09 -3.97506150e-09 -4.42329212e-09 -4.94307850e-09 -5.50553042e-09 -6.07526074e-09 -6.61342792e-09 -7.08128856e-09 -7.44386924e-09 -7.67337477e-09 -7.75193115e-09
-7.75193099e-09 -7.67331676e-09 -7.44378553e-09 -7.08161679e-09 -6.61518412e-09 -6.08006390e-09 -5.51548096e-09 -4.96048541e-09 -4.45028908e-09 -4.01316591e-09 -3.66822872e-09 -3.42428086e-09 -3.27981015e-09 -3.22405530e-09 -3.23894084e-09 -3.30160765e-09 -3.38720274e-09 -3.47159329e-09 -3.53371521e-09 -3.55733443e-09 -3.53210711e-09 -3.45390416e-09 -3.32447703e-09 -3.15061094e-09 -2.94293634e-09 8.91293147e-07 8.89842544e-05 3.77139311e-04 9.34963317e-04 1.82134084e-03 3.07538172e-03 4.72260592e-03 6.76887501e-03 9.20045464e-03 1.20009501e-02 1.51326517e-02 1.85465647e-02 2.21788164e-02 2.59886393e-02 2.98847712e-02 3.37751384e-02 3.76277901e-02 4.13021687e-02 4.47736575e-02 4.79415718e-02 5.07076023e-02 5.30503136e-02 5.49045729e-02 5.62195197e-02 5.69578132e-02 5.71064448e-02 5.66613420e-02 5.56319474e-02 5.40413634e-02 5.19346593e-02 4.93765245e-02 4.64056354e-02 4.30715504e-02 3.94908611e-02 3.57114355e-02 3.18361399e-02 2.79197273e-02 2.40754784e-02 2.03463056e-02 1.68087516e-02 1.35295600e-02 1.05605255e-02 7.93595993e-03 5.69520034e-03 3.84898832e-03 2.40062743e-03 1.33480955e-03 6.18602702e-04 2.03272310e-04 2.48871875e-05 -2.83046753e-09 -3.05022130e-09 -3.24250871e-09 -3.39527462e-09 -3.49964824e-09 -3.55123014e-09 -3.55112911e-09 -3.50658169e-09 -3.43096129e-09 -3.34309391e-09 -3.26584076e-09 -3.22401716e-09 -3.24182964e-09 -3.34008610e-09 -3.53349122e-09 -3.82837673e-09 -4.22116525e-09 -4.69782652e-09 -5.23445476e-09 -5.79896586e-09 -6.35379893e-09 -6.85933921e-09 -7.27771454e-09 -7.57653751e-09 -7.73217756e-09 -7.73217762e-09 -7.57653756e-09 -7.27771443e-09 -6.85933932e-09 -6.35379899e-09 -5.79896586e-09 -5.23445465e-09 -4.69782663e-09 -4.22116536e-09 -3.82837684e-09 -3.53349139e-09 -3.34008593e-09 -3.24182958e-09 -3.22401716e-09 -3.26584082e-09 -3.34309402e-09 -3.43096140e-09 -3.50658169e-09 -3.55112928e-09 -3.55122998e-09 -3.49964835e-09 -3.39527462e-09 -3.24250893e-09 -3.05022130e-09 -2.83046764e-09 2.48871875e-05 2.03272310e-04 6.18602702e-04 1.33480955e-03 2.40062743e-03 3.84898832e-03 5.69520034e-03 7.93595993e-03 1.05605255e-02 1.35295600e-02 1.68087516e-02 2.03463056e-02 2.40754784e-02 2.79197273e-02 3.18361399e-02 3.57114355e-02 3.94908611e-02 4.30715504e-02 4.64056354e-02 4.93765245e-02 5.19346593e-02 5.40413634e-02 5.56319474e-02 5.66613420e-02 5.71064448e-02 5.69578132e-02 5.62195197e-02 5.49045729e-02 5.30503136e-02 5.07076023e-02 4.79415718e-02 4.47736575e-02 4.13021687e-02 3.76277901e-02 3.37751384e-02 2.98847712e-02 2.59886393e-02 2.21788164e-02 1.85465647e-02 1.51326517e-02 1.20009501e-02 9.20045464e-03 6.76887501e-03 4.72260592e-03 3.07538172e-03 1.82134084e-03 9.34963317e-04 3.77139311e-04 8.89842544e-05 8.91293147e-07 -2.94293601e-09 -3.15061066e-09 -3.32447697e-09 -3.45390427e-09 -3.53210705e-09 -3.55733437e-09 -3.53371510e-09 -3.47159301e-09 -3.38720252e-09 -3.30160760e-09 -3.23894067e-09 -3.22405524e-09 -3.27981020e-09 -3.42428058e-09 -3.66822894e-09 -4.01316580e-09 -4.45028914e-09 -4.96048574e-09 -5.51548113e-09 -6.08006356e-09 -6.61518396e-09 -7.08161702e-09 -7.44378559e-09 -7.67331687e-09 -7.75193093e-09
-7.75193093e-09 -7.67335817e-09 -7.44407969e-09 -7.08272879e-09 -6.61816868e-09 -6.08647438e-09 -5.52723584e-09 -4.97959068e-09 -4.47847537e-09 -4.05147993e-09 -3.71665676e-09 -3.48146961e-09 -3.34294603e-09 -3.28893340e-09 -3.30023064e-09 -3.35329298e-09 -3.42314699e-09 -3.48615331e-09 -3.52233598e-09 -3.51705298e-09 -3.46189383e-09 -3.35482991e-09 -3.19969212e-09 -3.00515818e-09 -2.78345152e-09 1.03376815e-06 1.01375652e-04 4.26160031e-04 1.04943372e-03 2.03255250e-03 3.41578452e-03 5.22429719e-03 7.45875658e-03 1.01131755e-02 1.31540231e-02 1.65527134e-02 2.02546936e-02 2.41973704e-02 2.83194519e-02 3.25248487e-02 3.67507162e-02 4.09013476e-02 4.48999234e-02 4.86326669e-02 5.20693391e-02 5.50854433e-02 5.76214204e-02 5.96067882e-02 6.10237254e-02 6.18253996e-02 6.19870374e-02 6.15040410e-02 6.03902417e-02 5.86843094e-02 5.64217989e-02 5.36311577e-02 5.03962790e-02 4.68020830e-02 4.29275248e-02 3.88303230e-02 3.46447777e-02 3.04081333e-02 2.62400019e-02 2.22057149e-02 1.83756127e-02 1.48162298e-02 1.15888231e-02 8.73205704e-03 6.28800328e-03 4.26631576e-03 2.67273221e-03 1.49369631e-03 6.96614618e-04 2.30583696e-04 2.84394323e-05 -2.66685840e-09 -2.89683677e-09 -3.10665244e-09 -3.28282762e-09 -3.41473816e-09 -3.49598045e-09 -3.52555463e-09 -3.50865237e-09 -3.45686335e-09 -3.38766026e-09 -3.32310301e-09 -3.28782201e-09 -3.30644084e-09 -3.40069051e-09 -3.58655972e-09 -3.87182836e-09 -4.25434277e-09 -4.72128936e-09 -5.24964139e-09 -5.80779530e-09 -6.35827480e-09 -6.86122309e-09 -7.27831806e-09 -7.57666113e-09 -7.73218556e-09 -7.73218561e-09 -7.57666152e-09 -7.27831817e-09 -6.86122320e-09 -6.35827485e-09 -5.80779547e-09 -5.24964128e-09 -4.72128947e-09 -4.25434271e-09 -3.87182836e-09 -3.58655966e-09 -3.40069028e-09 -3.30644073e-09 -3.28782201e-09 -3.32310318e-09 -3.38766049e-09 -3.45686368e-09 -3.50865237e-09 -3.52555474e-09 -3.49598028e-09 -3.41473827e-09 -3.28282757e-09 -3.10665227e-09 -2.89683677e-09 -2.66685857e-09 2.84394323e-05 2.30583696e-04 6.96614618e-04 1.49369631e-03 2.67273221e-03 4.26631576e-03 6.28800328e-03 8.73205704e-03 1.15888231e-02 1.48162298e-02 1.83756127e-02 2.22057149e-02 2.62400019e-02 3.04081333e-02 3.46447777e-02 3.88303230e-02 4.29275248e-02 4.68020830e-02 5.03962790e-02 5.36311577e-02 5.64217989e-02 5.86843094e-02 6.03902417e-02 6.15040410e-02 6.19870374e-02 6.18253996e-02 6.10237254e-02 5.96067882e-02 5.76214204e-02 5.50854433e-02 5.20693391e-02 4.86326669e-02 4.48999234e-02 4.09013476e-02 3.67507162e-02 3.25248487e-02 2.83194519e-02 2.41973704e-02 2.02546936e-02 1.65527134e-02 1.31540231e-02 1.01131755e-02 7.45875658e-03 5.22429719e-03 3.41578452e-03 2.03255250e-03 1.04943372e-03 4.26160031e-04 1.01375652e-04 1.03376815e-06 -2.78345141e-09 -3.00515818e-09 -3.19969234e-09 -3.35483002e-09 -3.46189388e-09 -3.51705309e-09 -3.52233592e-09 -3.48615325e-09 -3.42314693e-09 -3.35329314e-09 -3.30023070e-09 -3.28893357e-09 -3.34294614e-09 -3.48146972e-09 -3.71665687e-09 -4.05147993e-09 -4.47847537e-09 -4.97959074e-09 -5.52723550e-09 -6.08647477e-09 -6.61816862e-09 -7.08272874e-09 -7.44407974e-09 -7.67335800e-09 -7.75193076e-09
-7.75193049e-09 -7.67348279e-09 -7.44469009e-09 -7.08448644e-09 -6.62214300e-09 -6.09413586e-09 -5.54030349e-09 -4.99977393e-09 -4.50711918e-09 -4.08919643e-09 -3.76299109e-09 -3.53467644e-09 -3.39992529e-09 -3.34534878e-09 -3.35082162e-09 -3.39233724e-09 -3.44502438e-09 -3.48594664e-09 -3.49637858e-09 -3.46336460e-09 -3.38045836e-09 -3.24768212e-09 -3.07083509e-09 -2.86033774e-09 -2.62985511e-09 1.17724394e-06 1.14203200e-04 4.76569154e-04 1.16650405e-03 2.24638588e-03 3.75960905e-03 5.72833775e-03 8.14887422e-03 1.10238318e-02 1.43114491e-02 1.79760051e-02 2.19645593e-02 2.62086416e-02 3.06288970e-02 3.51594749e-02 3.97132396e-02 4.41696194e-02 4.84733355e-02 5.25168841e-02 5.61822290e-02 5.94401203e-02 6.21871230e-02 6.43490089e-02 6.58740279e-02 6.67362715e-02 6.69100335e-02 6.63896554e-02 6.51920453e-02 6.33485319e-02 6.08844812e-02 5.78661105e-02 5.44027106e-02 5.05426297e-02 4.63427265e-02 4.19609370e-02 3.74326708e-02 3.28946806e-02 2.83971850e-02 2.40504814e-02 1.99316414e-02 1.60983742e-02 1.26146702e-02 9.53160783e-03 6.88219608e-03 4.68595696e-03 2.94821125e-03 1.65498223e-03 7.76286945e-04 2.58761538e-04 3.21611304e-05 -2.51192955e-09 -2.74665285e-09 -2.96899760e-09 -3.16420917e-09 -3.32006522e-09 -3.42829287e-09 -3.48586116e-09 -3.49593199e-09 -3.46824752e-09 -3.41879336e-09 -3.36864309e-09 -3.34202399e-09 -3.36374706e-09 -3.45625339e-09 -3.63663327e-09 -3.91398719e-09 -4.28750652e-09 -4.74557182e-09 -5.26606664e-09 -5.81793858e-09 -6.36388886e-09 -6.86392898e-09 -7.27939509e-09 -7.57696911e-09 -7.73221481e-09 -7.73221454e-09 -7.57696905e-09 -7.27939514e-09 -6.86392887e-09 -6.36388886e-09 -5.81793852e-09 -5.26606675e-09 -4.74557188e-09 -4.28750652e-09 -3.91398708e-09 -3.63663327e-09 -3.45625339e-09 -3.36374695e-09 -3.34202421e-09 -3.36864309e-09 -3.41879342e-09 -3.46824763e-09 -3.49593171e-09 -3.48586121e-09 -3.42829282e-09 -3.32006539e-09 -3.16420895e-09 -2.96899777e-09 -2.74665263e-09 -2.51192944e-09 3.21611304e-05 2.58761538e-04 7.76286945e-04 1.65498223e-03 2.94821125e-03 4.68595696e-03 6.88219608e-03 9.53160783e-03 1.26146702e-02 1.60983742e-02 1.99316414e-02 2.40504814e-02 2.83971850e-02 3.28946806e-02 3.74326708e-02 4.19609370e-02 4.63427265e-02 5.05426297e-02 5.44027106e-02 5.78661105e-02 6.08844812e-02 6.33485319e-02 6.51920453e-02 6.63896554e-02 6.69100335e-02 6.67362715e-02 6.58740279e-02 6.43490089e-02 6.21871230e-02 5.94401203e-02 5.61822290e-02 5.25168841e-02 4.84733355e-02 4.41696194e-02 3.97132396e-02 3.51594749e-02 3.06288970e-02 2.62086416e-02 2.19645593e-02 1.79760051e-02 1.43114491e-02 1.10238318e-02 8.14887422e-03 5.72833775e-03 3.75960905e-03 2.24638588e-03 1.16650405e-03 4.76569154e-04 1.14203200e-04 1.17724394e-06 -2.62985511e-09 -2.86033763e-09 -3.07083514e-09 -3.24768212e-09 -3.38045825e-09 -3.46336471e-09 -3.49637863e-09 -3.48594675e-09 -3.44502438e-09 -3.39233708e-09 -3.35082151e-09 -3.34534866e-09 -3.39992523e-09 -3.53467644e-09 -3.76299109e-09 -4.08919676e-09 -4.50711912e-09 -4.99977393e-09 -5.54030377e-09 -6.09413597e-09 -6.62214317e-09 -7.08448639e-09 -7.44469009e-09 -7.67348290e-09 -7.75193038e-09
-7.75193038e-09 -7.67367653e-09 -7.44555700e-09 -7.08675807e-09 -6.62688338e-09 -6.10271100e-09 -5.55423435e-09 -5.02047542e-09 -4.53557775e-09 -4.12562895e-09 -3.80656123e-09 -3.58332386e-09 -3.45034878e-09 -3.39317918e-09 -3.39095751e-09 -3.41942569e-09 -3.45402201e-09 -3.47268225e-09 -3.45805551e-09 -3.39892992e-09 -3.29080851e-09 -3.13568838e-09 -2.94120944e-09 -2.71939349e-09 -2.48521814e-09 1.31939972e-06 1.27335724e-04 5.27765997e-04 1.28489910e-03 2.46113095e-03 4.10316849e-03 6.22825803e-03 8.83875405e-03 1.19230369e-02 1.54548012e-02 1.93837171e-02 2.36503149e-02 2.81871035e-02 3.29184693e-02 3.77783198e-02 4.26291174e-02 4.74274379e-02 5.20191167e-02 5.63522558e-02 6.03158562e-02 6.37938729e-02 6.67149861e-02 6.90287081e-02 7.06771629e-02 7.16081492e-02 7.17959643e-02 7.12336855e-02 6.99389650e-02 6.79504851e-02 6.53263157e-02 6.21194861e-02 5.83824869e-02 5.42236053e-02 4.97582612e-02 4.50496559e-02 4.02093409e-02 3.53423337e-02 3.05436025e-02 2.58859679e-02 2.14706783e-02 1.73654506e-02 1.36348265e-02 1.03272264e-02 7.47271401e-03 5.10382604e-03 3.22329271e-03 1.81699626e-03 8.56938140e-04 2.87502010e-04 3.60341285e-05 -2.36864373e-09 -2.60283800e-09 -2.83283569e-09 -3.04270387e-09 -3.21876453e-09 -3.35101391e-09 -3.43449469e-09 -3.47038498e-09 -3.46655959e-09 -3.43742523e-09 -3.40291806e-09 -3.38667316e-09 -3.41347661e-09 -3.50627483e-09 -3.68307917e-09 -3.95416733e-09 -4.31998504e-09 -4.77006901e-09 -5.28322552e-09 -5.82900112e-09 -6.37036113e-09 -6.86728052e-09 -7.28085309e-09 -7.57742646e-09 -7.73226139e-09 -7.73226161e-09 -7.57742613e-09 -7.28085309e-09 -6.86728036e-09 -6.37036129e-09 -5.82900106e-09 -5.28322552e-09 -4.77006901e-09 -4.31998493e-09 -3.95416722e-09 -3.68307934e-09 -3.50627438e-09 -3.41347633e-09 -3.38667328e-09 -3.40291817e-09 -3.43742523e-09 -3.46655965e-09 -3.47038509e-09 -3.43449458e-09 -3.35101408e-09 -3.21876470e-09 -3.04270381e-09 -2.83283541e-09 -2.60283772e-09 -2.36864395e-09 3.60341285e-05 2.87502010e-04 8.56938140e-04 1.81699626e-03 3.22329271e-03 5.10382604e-03 7.47271401e-03 1.03272264e-02 1.36348265e-02 1.73654506e-02 2.14706783e-02 2.58859679e-02 3.05436025e-02 3.53423337e-02 4.02093409e-02 4.50496559e-02 4.97582612e-02 5.42236053e-02 5.83824869e-02 6.21194861e-02 6.53263157e-02 6.79504851e-02 6.99389650e-02 7.12336855e-02 7.17959643e-02 7.16081492e-02 7.06771629e-02 6.90287081e-02 6.67149861e-02 6.37938729e-02 6.03158562e-02 5.63522558e-02 5.20191167e-02 4.74274379e-02 4.26291174e-02 3.77783198e-02 3.29184693e-02 2.81871035e-02 2.36503149e-02 1.93837171e-02 1.54548012e-02 1.19230369e-02 8.83875405e-03 6.22825803e-03 4.10316849e-03 2.46113095e-03 1.28489910e-03 5.27765997e-04 1.27335724e-04 1.31939972e-06 -2.48521792e-09 -2.71939360e-09 -2.94120950e-09 -3.13568821e-09 -3.29080863e-09 -3.39892997e-09 -3.45805551e-09 -3.47268214e-09 -3.45402223e-09 -3.41942569e-09 -3.39095729e-09 -3.39317940e-09 -3.45034895e-09 -3.58332392e-09 -3.80656140e-09 -4.12562906e-09 -4.53557780e-09 -5.02047526e-09 -5.55423435e-09 -6.10271089e-09 -6.62688343e-09 -7.08675796e-09 -7.44555695e-09 -7.67367636e-09 -7.75193032e-09
-7.75193032e-09 -7.67392383e-09 -7.44662410e-09 -7.08941994e-09 -6.63217792e-09 -6.11189244e-09 -5.56862034e-09 -5.04120240e-09 -4.56329863e-09 -4.16021106e-09 -3.84684856e-09 -3.62701258e-09 -3.49402351e-09 -3.43251616e-09 -3.42109052e-09 -3.43543538e-09 -3.45147089e-09 -3.44814666e-09 -3.40957118e-09 -3.32629629e-09 -3.19572868e-09 -3.02173925e-09 -2.81368306e-09 -2.58505611e-09 -2.35207115e-09 1.45561437e-06 1.40534919e-04 5.79008995e-04 1.40301507e-03 2.67567960e-03 4.44378119e-03 6.72293494e-03 9.52134396e-03 1.28111684e-02 1.65740896e-02 2.07565828e-02 2.52959878e-02 3.01380771e-02 3.51845897e-02 4.03319364e-02 4.55312353e-02 5.06098040e-02 5.55404645e-02 6.01493994e-02 6.43577368e-02 6.80935183e-02 7.12371914e-02 7.37210238e-02 7.54659757e-02 7.64545094e-02 7.66538880e-02 7.60564743e-02 7.46878844e-02 7.25693793e-02 6.97456472e-02 6.62950726e-02 6.22988361e-02 5.78967868e-02 5.31086649e-02 4.80875967e-02 4.29410388e-02 3.77536333e-02 3.26325280e-02 2.76919889e-02 2.29934904e-02 1.86244691e-02 1.46440261e-02 1.11082395e-02 8.05783172e-03 5.51676346e-03 3.49578284e-03 1.97868061e-03 9.37662593e-04 3.16676526e-04 3.99942393e-05 -2.23943208e-09 -2.46802595e-09 -2.70097511e-09 -2.92120661e-09 -3.11369142e-09 -3.26682525e-09 -3.37384332e-09 -3.43401602e-09 -3.45336237e-09 -3.44465695e-09 -3.42658701e-09 -3.42203210e-09 -3.45556606e-09 -3.55044688e-09 -3.72542724e-09 -3.99181727e-09 -4.35121217e-09 -4.79425333e-09 -5.30066274e-09 -5.84062426e-09 -6.37743330e-09 -6.87111312e-09 -7.28260446e-09 -7.57800145e-09 -7.73232189e-09 -7.73232189e-09 -7.57800150e-09 -7.28260430e-09 -6.87111340e-09 -6.37743336e-09 -5.84062404e-09 -5.30066269e-09 -4.79425338e-09 -4.35121239e-09 -3.99181710e-09 -3.72542708e-09 -3.55044705e-09 -3.45556622e-09 -3.42203244e-09 -3.42658724e-09 -3.44465706e-09 -3.45336237e-09 -3.43401585e-09 -3.37384320e-09 -3.26682503e-09 -3.11369119e-09 -2.92120655e-09 -2.70097511e-09 -2.46802578e-09 -2.23943208e-09 3.99942393e-05 3.16676526e-04 9.37662593e-04 1.97868061e-03 3.49578284e-03 5.51676346e-03 8.05783172e-03 1.11082395e-02 1.46440261e-02 1.86244691e-02 2.29934904e-02 2.76919889e-02 3.26325280e-02 3.77536333e-02 4.29410388e-02 4.80875967e-02 5.31086649e-02 5.78967868e-02 6.22988361e-02 6.62950726e-02 6.97456472e-02 7.25693793e-02 7.46878844e-02 7.60564743e-02 7.66538880e-02 7.64545094e-02 7.54659757e-02 7.37210238e-02 7.12371914e-02 6.80935183e-02 6.43577368e-02 6.01493994e-02 5.55404645e-02 5.06098040e-02 4.55312353e-02 4.03319364e-02 3.51845897e-02 3.01380771e-02 2.52959878e-02 2.07565828e-02 1.65740896e-02 1.28111684e-02 9.52134396e-03 6.72293494e-03 4.44378119e-03 2.67567960e-03 1.40301507e-03 5.79008995e-04 1.40534919e-04 1.45561437e-06 -2.35207120e-09 -2.58505628e-09 -2.81368318e-09 -3.02173953e-09 -3.19572885e-09 -3.32629635e-09 -3.40957135e-09 -3.44814660e-09 -3.45147100e-09 -3.43543521e-09 -3.42109058e-09 -3.43251610e-09 -3.49402363e-09 -3.62701236e-09 -3.84684828e-09 -4.16021090e-09 -4.56329852e-09 -5.04120251e-09 -5.56862045e-09 -6.11189244e-09 -6.63217786e-09 -7.08941994e-09 -7.44662421e-09 -7.67392383e-09 -7.75193038e-09
-7.75192999e-09 -7.67421232e-09 -7.44783790e-09 -7.09235837e-09 -6.63783406e-09 -6.12140050e-09 -5.58309982e-09 -5.06152648e-09 -4.58981775e-09 -4.19249135e-09 -3.88347321e-09 -3.66550679e-09 -3.53093055e-09 -3.46363094e-09 -3.44184703e-09 -3.44138296e-09 -3.43879530e-09 -3.41415374e-09 -3.35307276e-09 -3.24785820e-09 -3.09774795e-09 -2.90837965e-09 -2.69070155e-09 -2.45959431e-09 -2.23249658e-09 1.57181803e-06 1.53914007e-04 6.30405421e-04 1.51986339e-03 2.88727150e-03 4.77797046e-03 7.21021522e-03 1.01842415e-02 1.36868849e-02 1.76758788e-02 2.21051869e-02 2.69271128e-02 3.20461417e-02 3.73796102e-02 4.28597296e-02 4.83468074e-02 5.37664951e-02 5.89636029e-02 6.38841618e-02 6.83777896e-02 7.23230883e-02 7.56508600e-02 7.82982479e-02 8.01791784e-02 8.12357298e-02 8.14487422e-02 8.08115373e-02 7.93392763e-02 7.70695991e-02 7.40632992e-02 7.04314587e-02 6.61943088e-02 6.14648477e-02 5.64026123e-02 5.10787845e-02 4.55986017e-02 4.01147539e-02 3.46919450e-02 2.94431875e-02 2.44683913e-02 1.98400571e-02 1.56203587e-02 1.18689890e-02 8.63226509e-03 5.92433563e-03 3.76465452e-03 2.14103320e-03 1.01849094e-03 3.45947798e-04 4.39262697e-05 -2.12630530e-09 -2.34438857e-09 -2.57578125e-09 -2.80222484e-09 -3.00739600e-09 -3.17820231e-09 -3.30618999e-09 -3.38881334e-09 -3.43027839e-09 -3.44171081e-09 -3.44046813e-09 -3.44854262e-09 -3.49013446e-09 -3.58863345e-09 -3.76336134e-09 -4.02651334e-09 -4.38072434e-09 -4.81767515e-09 -5.31798078e-09 -5.85248749e-09 -6.38487013e-09 -6.87527474e-09 -7.28456850e-09 -7.57866492e-09 -7.73239284e-09 -7.73239306e-09 -7.57866464e-09 -7.28456850e-09 -6.87527485e-09 -6.38487008e-09 -5.85248749e-09 -5.31798089e-09 -4.81767498e-09 -4.38072434e-09 -4.02651329e-09 -3.76336129e-09 -3.58863350e-09 -3.49013463e-09 -3.44854295e-09 -3.44046813e-09 -3.44171058e-09 -3.43027856e-09 -3.38881334e-09 -3.30619021e-09 -3.17820237e-09 -3.00739633e-09 -2.80222512e-09 -2.57578159e-09 -2.34438846e-09 -2.12630547e-09 4.39262697e-05 3.45947798e-04 1.01849094e-03 2.14103320e-03 3.76465452e-03 5.92433563e-03 8.63226509e-03 1.18689890e-02 1.56203587e-02 1.98400571e-02 2.44683913e-02 2.94431875e-02 3.46919450e-02 4.01147539e-02 4.55986017e-02 5.10787845e-02 5.64026123e-02 6.14648477e-02 6.61943088e-02 7.04314587e-02 7.40632992e-02 7.70695991e-02 7.93392763e-02 8.08115373e-02 8.14487422e-02 8.12357298e-02 8.01791784e-02 7.82982479e-02 7.56508600e-02 7.23230883e-02 6.83777896e-02 6.38841618e-02 5.89636029e-02 5.37664951e-02 4.83468074e-02 4.28597296e-02 3.73796102e-02 3.20461417e-02 2.69271128e-02 2.21051869e-02 1.76758788e-02 1.36868849e-02 1.01842415e-02 7.21021522e-03 4.77797046e-03 2.88727150e-03 1.51986339e-03 6.30405421e-04 1.53914007e-04 1.57181803e-06 -2.23249674e-09 -2.45959442e-09 -2.69070155e-09 -2.90837987e-09 -3.09774767e-09 -3.24785798e-09 -3.35307282e-09 -3.41415396e-09 -3.43879542e-09 -3.44138296e-09 -3.44184697e-09 -3.46363077e-09 -3.53093055e-09 -3.66550690e-09 -3.88347310e-09 -4.19249102e-09 -4.58981775e-09 -5.06152653e-09 -5.58310015e-09 -6.12140078e-09 -6.63783406e-09 -7.09235826e-09 -7.44783812e-09 -7.67421232e-09 -7.75193010e-09
-7.75193010e-09 -7.67452824e-09 -7.44915007e-09 -7.09546721e-09 -6.64367711e-09 -6.13098589e-09 -5.59735758e-09 -5.08108516e-09 -4.61476146e-09 -4.22213048e-09 -3.91618965e-09 -3.69871961e-09 -3.56120522e-09 -3.48694751e-09 -3.45398232e-09 -3.43838369e-09 -3.41746553e-09 -3.37249262e-09 -3.29060523e-09 -3.16582061e-09 -2.99912489e-09 -2.79781159e-09 -2.57432248e-09 -2.34488579e-09 -2.12823059e-09 1.73094345e-06 1.67410343e-04 6.81310985e-04 1.63452711e-03 3.09616629e-03 5.10724172e-03 7.68662259e-03 1.08273032e-02 1.45253117e-02 1.87377398e-02 2.34134844e-02 2.84885757e-02 3.38842329e-02 3.95373076e-02 4.52991421e-02 5.11148874e-02 5.68187654e-02 6.23537992e-02 6.75376069e-02 7.22719831e-02 7.64868291e-02 8.00431925e-02 8.28485370e-02 8.48353472e-02 8.59485474e-02 8.61717425e-02 8.55027976e-02 8.39499722e-02 8.15425112e-02 7.83539216e-02 7.44545738e-02 6.99601265e-02 6.49893897e-02 5.96190760e-02 5.39732274e-02 4.82138911e-02 4.23970832e-02 3.66869484e-02 3.11613140e-02 2.59116719e-02 2.10206435e-02 1.65733925e-02 1.26160024e-02 9.18608566e-03 6.32599354e-03 4.03173538e-03 2.29981269e-03 1.09897534e-03 3.74540322e-04 4.78213496e-05 -2.03098477e-09 -2.23372149e-09 -2.45922183e-09 -2.68789724e-09 -2.90212254e-09 -3.08739156e-09 -3.23367200e-09 -3.33670314e-09 -3.39894413e-09 -3.42987999e-09 -3.44549445e-09 -3.46679119e-09 -3.51745688e-09 -3.62085140e-09 -3.79670634e-09 -4.05795425e-09 -4.40815739e-09 -4.83995966e-09 -5.33483890e-09 -5.86430654e-09 -6.39245890e-09 -6.87962720e-09 -7.28666955e-09 -7.57938723e-09 -7.73247111e-09 -7.73247122e-09 -7.57938723e-09 -7.28666938e-09 -6.87962726e-09 -6.39245923e-09 -5.86430665e-09 -5.33483907e-09 -4.83995988e-09 -4.40815751e-09 -4.05795431e-09 -3.79670628e-09 -3.62085140e-09 -3.51745677e-09 -3.46679108e-09 -3.44549433e-09 -3.42988021e-09 -3.39894418e-09 -3.33670314e-09 -3.23367189e-09 -3.08739134e-09 -2.90212243e-09 -2.68789713e-09 -2.45922194e-09 -2.23372143e-09 -2.03098482e-09 4.78213496e-05 3.74540322e-04 1.09897534e-03 2.29981269e-03 4.03173538e-03 6.32599354e-03 9.18608566e-03 1.26160024e-02 1.65733925e-02 2.10206435e-02 2.59116719e-02 3.11613140e-02 3.66869484e-02 4.23970832e-02 4.82138911e-02 5.39732274e-02 5.96190760e-02 6.49893897e-02 6.99601265e-02 7.44545738e-02 7.83539216e-02 8.15425112e-02 8.39499722e-02 8.55027976e-02 8.61717425e-02 8.59485474e-02 8.48353472e-02 8.28485370e-02 8.00431925e-02 7.64868291e-02 7.22719831e-02 6.75376069e-02 6.23537992e-02 5.68187654e-02 5.11148874e-02 4.52991421e-02 3.95373076e-02 3.38842329e-02 2.84885757e-02 2.34134844e-02 1.87377398e-02 1.45253117e-02 1.08273032e-02 7.68662259e-03 5.10724172e-03 3.09616629e-03 1.63452711e-03 6.81310985e-04 1.67410343e-04 1.73094345e-06 -2.12823059e-09 -2.34488612e-09 -2.57432231e-09 -2.79781154e-09 -2.99912511e-09 -3.16582049e-09 -3.29060490e-09 -3.37249284e-09 -3.41746553e-09 -3.43838386e-09 -3.45398232e-09 -3.48694751e-09 -3.56120494e-09 -3.69871961e-09 -3.91618948e-09 -4.22213048e-09 -4.61476152e-09 -5.08108500e-09 -5.59735736e-09 -6.13098605e-09 -6.64367700e-09 -7.09546710e-09 -7.44914985e-09 -7.67452824e-09 -7.75192999e-09
-7.75193004e-09 -7.67486102e-09 -7.45051632e-09 -7.09865361e-09 -6.64955402e-09 -6.14043594e-09 -5.61112640e-09 -5.09958398e-09 -4.63784111e-09 -4.24889307e-09 -3.94487104e-09 -3.72669212e-09 -3.58512087e-09 -3.50301349e-09 -3.45835366e-09 -3.42761475e-09 -3.38896139e-09 -3.32489825e-09 -3.22408417e-09 -3.08218684e-09 -2.90184715e-09 -2.69191647e-09 -2.46626480e-09 -2.24248842e-09 -2.04077910e-09 1.92401190e-06 1.80815410e-04 7.32359008e-04 1.74937491e-03 3.29739458e-03 5.42543623e-03 8.14274008e-03 1.14584385e-02 1.53434599e-02 1.97623705e-02 2.46756664e-02 3.00065238e-02 3.56834349e-02 4.15924271e-02 4.76764627e-02 5.37707292e-02 5.98142047e-02 6.56003723e-02 7.10929945e-02 7.61248184e-02 8.05573949e-02 8.42777623e-02 8.72372097e-02 8.93486159e-02 9.05368134e-02 9.07768350e-02 9.00592066e-02 8.84048344e-02 8.58583586e-02 8.25146338e-02 7.84158019e-02 7.36763299e-02 6.83944101e-02 6.27459097e-02 5.68115110e-02 5.07206390e-02 4.46293641e-02 3.86143894e-02 3.27958917e-02 2.72952234e-02 2.21687039e-02 1.74940859e-02 1.33304423e-02 9.72947734e-03 6.70835626e-03 4.28844124e-03 2.45305847e-03 1.17768622e-03 4.03209661e-04 5.15644235e-05 -1.95503069e-09 -2.13753493e-09 -2.35293041e-09 -2.58002864e-09 -2.79981632e-09 -2.99640268e-09 -3.15826304e-09 -3.27952310e-09 -3.36097372e-09 -3.41049788e-09 -3.44268369e-09 -3.47747708e-09 -3.53793517e-09 -3.64724978e-09 -3.82541149e-09 -4.08595230e-09 -4.43324355e-09 -4.86081003e-09 -5.35095124e-09 -5.87583782e-09 -6.40001585e-09 -6.88404589e-09 -7.28884164e-09 -7.58014468e-09 -7.73255360e-09 -7.73255360e-09 -7.58014462e-09 -7.28884159e-09 -6.88404611e-09 -6.40001607e-09 -5.87583759e-09 -5.35095102e-09 -4.86081009e-09 -4.43324349e-09 -4.08595247e-09 -3.82541182e-09 -3.64724972e-09 -3.53793522e-09 -3.47747708e-09 -3.44268353e-09 -3.41049788e-09 -3.36097372e-09 -3.27952321e-09 -3.15826265e-09 -2.99640268e-09 -2.79981627e-09 -2.58002858e-09 -2.35293030e-09 -2.13753504e-09 -1.95503080e-09 5.15644235e-05 4.03209661e-04 1.17768622e-03 2.45305847e-03 4.28844124e-03 6.70835626e-03 9.72947734e-03 1.33304423e-02 1.74940859e-02 2.21687039e-02 2.72952234e-02 3.27958917e-02 3.86143894e-02 4.46293641e-02 5.07206390e-02 5.68115110e-02 6.27459097e-02 6.83944101e-02 7.36763299e-02 7.84158019e-02 8.25146338e-02 8.58583586e-02 8.84048344e-02 9.00592066e-02 9.07768350e-02 9.05368134e-02 8.93486159e-02 8.72372097e-02 8.42777623e-02 8.05573949e-02 7.61248184e-02 7.10929945e-02 6.56003723e-02 5.98142047e-02 5.37707292e-02 4.76764627e-02 4.15924271e-02 3.56834349e-02 3.00065238e-02 2.46756664e-02 1.97623705e-02 1.53434599e-02 1.14584385e-02 8.14274008e-03 5.42543623e-03 3.29739458e-03 1.74937491e-03 7.32359008e-04 1.80815410e-04 1.92401190e-06 -2.04077932e-09 -2.24248842e-09 -2.46626503e-09 -2.69191636e-09 -2.90184715e-09 -3.08218695e-09 -3.22408389e-09 -3.32489836e-09 -3.38896139e-09 -3.42761475e-09 -3.45835377e-09 -3.50301310e-09 -3.58512092e-09 -3.72669196e-09 -3.94487099e-09 -4.24889296e-09 -4.63784117e-09 -5.09958392e-09 -5.61112623e-09 -6.14043594e-09 -6.64955385e-09 -7.09865339e-09 -7.45051643e-09 -7.67486097e-09 -7.75192988e-09
-7.75192976e-09 -7.67520014e-09 -7.45189777e-09 -7.10183423e-09 -6.65533095e-09 -6.14956530e-09 -5.62418756e-09 -5.11678955e-09 -4.65884792e-09 -4.27263902e-09 -3.96949951e-09 -3.74958320e-09 -3.60305707e-09 -3.51247131e-09 -3.45588813e-09 -3.41028261e-09 -3.35473938e-09 -3.27302396e-09 -3.15527887e-09 -2.99875375e-09 -2.80764745e-09 -2.59228694e-09 -2.36795755e-09 -2.15372281e-09 -1.97152661e-09 2.08266177e-06 1.93912394e-04 7.81219362e-04 1.85977606e-03 3.49460681e-03 5.73271822e-03 8.58817651e-03 1.20549440e-02 1.61285347e-02 2.07560466e-02 2.58884570e-02 3.14563211e-02 3.73862960e-02 4.36052938e-02 4.99479572e-02 5.63647147e-02 6.26651554e-02 6.87917342e-02 7.45570716e-02 7.98070848e-02 8.44923692e-02 8.84587461e-02 9.15873037e-02 9.38100267e-02 9.50602338e-02 9.53128272e-02 9.45593728e-02 9.28164509e-02 9.01318990e-02 8.65739195e-02 8.22304212e-02 7.72507781e-02 7.17360213e-02 6.57613413e-02 5.95388244e-02 5.31678723e-02 4.67582227e-02 4.04634110e-02 3.43963720e-02 2.86249768e-02 2.32591829e-02 1.83722085e-02 1.40239128e-02 1.02492358e-02 7.08263566e-03 4.53546316e-03 2.60433323e-03 1.25354842e-03 4.31650781e-04 5.57146687e-05 -1.89997607e-09 -2.05715128e-09 -2.25826718e-09 -2.48012821e-09 -2.70214573e-09 -2.90700858e-09 -3.08175691e-09 -3.21899551e-09 -3.31793210e-09 -3.38490258e-09 -3.43310380e-09 -3.48138218e-09 -3.55207830e-09 -3.66809250e-09 -3.84954152e-09 -4.11042139e-09 -4.45580206e-09 -4.88000163e-09 -5.36608813e-09 -5.88687954e-09 -6.40738196e-09 -6.88842555e-09 -7.29102478e-09 -7.58091423e-09 -7.73263820e-09 -7.73263820e-09 -7.58091417e-09 -7.29102489e-09 -6.88842533e-09 -6.40738190e-09 -5.88687971e-09 -5.36608824e-09 -4.88000163e-09 -4.45580206e-09 -4.11042156e-09 -3.84954163e-09 -3.66809244e-09 -3.55207846e-09 -3.48138218e-09 -3.43310375e-09 -3.38490236e-09 -3.31793215e-09 -3.21899524e-09 -3.08175691e-09 -2.90700886e-09 -2.70214606e-09 -2.48012844e-09 -2.25826724e-09 -2.05715128e-09 -1.89997607e-09 5.57146687e-05 4.31650781e-04 1.25354842e-03 2.60433323e-03 4.53546316e-03 7.08263566e-03 1.02492358e-02 1.40239128e-02 1.83722085e-02 2.32591829e-02 2.86249768e-02 3.43963720e-02 4.04634110e-02 4.67582227e-02 5.31678723e-02 5.95388244e-02 6.57613413e-02 7.17360213e-02 7.72507781e-02 8.22304212e-02 8.65739195e-02 9.01318990e-02 9.28164509e-02 9.45593728e-02 9.53128272e-02 9.50602338e-02 9.38100267e-02 9.15873037e-02 8.84587461e-02 8.44923692e-02 7.98070848e-02 7.45570716e-02 6.87917342e-02 6.26651554e-02 5.63647147e-02 4.99479572e-02 4.36052938e-02 3.73862960e-02 3.14563211e-02 2.58884570e-02 2.07560466e-02 1.61285347e-02 1.20549440e-02 8.58817651e-03 5.73271822e-03 3.49460681e-03 1.85977606e-03 7.81219362e-04 1.93912394e-04 2.08266177e-06 -1.97152683e-09 -2.15372248e-09 -2.36795766e-09 -2.59228694e-09 -2.80764767e-09 -2.99875386e-09 -3.15527893e-09 -3.27302413e-09 -3.35473938e-09 -3.41028289e-09 -3.45588785e-09 -3.51247137e-09 -3.60305719e-09 -3.74958264e-09 -3.96949934e-09 -4.27263908e-09 -4.65884792e-09 -5.11678938e-09 -5.62418762e-09 -6.14956530e-09 -6.65533112e-09 -7.10183434e-09 -7.45189793e-09 -7.67520014e-09 -7.75192965e-09
-7.75192949e-09 -7.67553759e-09 -7.45326123e-09 -7.10493947e-09 -6.66089495e-09 -6.15822604e-09 -5.63636726e-09 -5.13253201e-09 -4.67764838e-09 -4.29331787e-09 -3.99015226e-09 -3.76764625e-09 -3.61548724e-09 -3.51604057e-09 -3.44755541e-09 -3.38759809e-09 -3.31621386e-09 -3.21842286e-09 -3.08580450e-09 -2.91711016e-09 -2.71801115e-09 -2.50026122e-09 -2.28060021e-09 -2.07975520e-09 -1.92185390e-09 2.15133416e-06 2.06709999e-04 8.28890234e-04 1.96513137e-03 3.68439000e-03 6.02877235e-03 9.01104564e-03 1.26352230e-02 1.68733585e-02 2.16904920e-02 2.70433357e-02 3.28577884e-02 3.90388003e-02 4.54962101e-02 5.21599451e-02 5.88256615e-02 6.54646748e-02 7.18511345e-02 7.78709920e-02 8.34337764e-02 8.83536582e-02 9.24939999e-02 9.57687302e-02 9.80825973e-02 9.94013037e-02 9.96669885e-02 9.88719516e-02 9.70453309e-02 9.42491096e-02 9.05201897e-02 8.59839735e-02 8.07227869e-02 7.49014081e-02 6.86958131e-02 6.21617497e-02 5.54942331e-02 4.88087889e-02 4.22511009e-02 3.58950508e-02 2.98972014e-02 2.43122124e-02 1.92164277e-02 1.46778919e-02 1.07438417e-02 7.43981615e-03 4.77887675e-03 2.74988567e-03 1.32875024e-03 4.58924504e-04 5.95087376e-05 -1.86746313e-09 -1.99380079e-09 -2.17639423e-09 -2.38945796e-09 -2.61052502e-09 -2.82075674e-09 -3.00576719e-09 -3.15671439e-09 -3.27131067e-09 -3.35441053e-09 -3.41784978e-09 -3.47935347e-09 -3.56047786e-09 -3.68373859e-09 -3.86925603e-09 -4.13136958e-09 -4.47573462e-09 -4.89737595e-09 -5.38007427e-09 -5.89726568e-09 -6.41442410e-09 -6.89267249e-09 -7.29316774e-09 -7.58167656e-09 -7.73272224e-09 -7.73272207e-09 -7.58167640e-09 -7.29316796e-09 -6.89267277e-09 -6.41442416e-09 -5.89726551e-09 -5.38007444e-09 -4.89737573e-09 -4.47573489e-09 -4.13136952e-09 -3.86925603e-09 -3.68373881e-09 -3.56047802e-09 -3.47935314e-09 -3.41784984e-09 -3.35441064e-09 -3.27131089e-09 -3.15671450e-09 -3.00576697e-09 -2.82075641e-09 -2.61052491e-09 -2.38945813e-09 -2.17639440e-09 -1.99380090e-09 -1.86746330e-09 5.95087376e-05 4.58924504e-04 1.32875024e-03 2.74988567e-03 4.77887675e-03 7.43981615e-03 1.07438417e-02 1.46778919e-02 1.92164277e-02 2.43122124e-02 2.98972014e-02 3.58950508e-02 4.22511009e-02 4.88087889e-02 5.54942331e-02 6.21617497e-02 6.86958131e-02 7.49014081e-02 8.07227869e-02 8.59839735e-02 9.05201897e-02 9.42491096e-02 9.70453309e-02 9.88719516e-02 9.96669885e-02 9.94013037e-02 9.80825973e-02 9.57687302e-02 9.24939999e-02 8.83536582e-02 8.34337764e-02 7.78709920e-02 7.18511345e-02 6.54646748e-02 5.88256615e-02 5.21599451e-02 4.54962101e-02 3.90388003e-02 3.28577884e-02 2.70433357e-02 2.16904920e-02 1.68733585e-02 1.26352230e-02 9.01104564e-03 6.02877235e-03 3.68439000e-03 1.96513137e-03 8.28890234e-04 2.06709999e-04 2.15133416e-06 -1.92185390e-09 -2.07975559e-09 -2.28060010e-09 -2.50026150e-09 -2.71801104e-09 -2.91711028e-09 -3.08580467e-09 -3.21842275e-09 -3.31621386e-09 -3.38759826e-09 -3.44755546e-09 -3.51604040e-09 -3.61548719e-09 -3.76764636e-09 -3.99015210e-09 -4.29331776e-09 -4.67764849e-09 -5.13253195e-09 -5.63636726e-09 -6.15822604e-09 -6.66089472e-09 -7.10493947e-09 -7.45326123e-09 -7.67553748e-09 -7.75192943e-09
-7.75192938e-09 -7.67586517e-09 -7.45457718e-09 -7.10790959e-09 -6.66615452e-09 -6.16629736e-09 -5.64753622e-09 -5.14669746e-09 -4.69418049e-09 -4.31095759e-09 -4.00699440e-09 -3.78121900e-09 -3.62295483e-09 -3.51448887e-09 -3.43435075e-09 -3.36075701e-09 -3.27473487e-09 -3.16253679e-09 -3.01711900e-09 -2.83864893e-09 -2.63420574e-09 -2.41696219e-09 -2.20521790e-09 -2.02167766e-09 -1.89325311e-09 2.35763591e-06 2.19403111e-04 8.76385949e-04 2.06973419e-03 3.86592648e-03 6.30931690e-03 9.41791654e-03 1.31804797e-02 1.75890562e-02 2.25947149e-02 2.81457948e-02 3.41658141e-02 4.06044940e-02 4.73329188e-02 5.42291518e-02 6.12231314e-02 6.81081847e-02 7.47841466e-02 8.11102060e-02 8.69074160e-02 9.20162668e-02 9.63680167e-02 9.98336877e-02 1.02294019e-01 1.03681776e-01 1.03961236e-01 1.03125320e-01 1.01193546e-01 9.82213885e-02 9.42952979e-02 8.95589638e-02 8.40927079e-02 7.80049755e-02 7.14693742e-02 6.46899356e-02 5.77225659e-02 5.07782079e-02 4.39285800e-02 3.73559506e-02 3.11093734e-02 2.53055441e-02 2.00174266e-02 1.53096841e-02 1.12218086e-02 7.77838197e-03 5.00487258e-03 2.88835522e-03 1.40042376e-03 4.85638532e-04 6.30404491e-05 -1.85937993e-09 -1.94872096e-09 -2.10834161e-09 -2.30908165e-09 -2.52614962e-09 -2.73898204e-09 -2.93172731e-09 -3.09413950e-09 -3.22251564e-09 -3.32030320e-09 -3.39802059e-09 -3.47227219e-09 -3.56379165e-09 -3.69462694e-09 -3.88480126e-09 -4.14888696e-09 -4.49301812e-09 -4.91284041e-09 -5.39278455e-09 -5.90687127e-09 -6.42103615e-09 -6.89671320e-09 -7.29522853e-09 -7.58241503e-09 -7.73280368e-09 -7.73280368e-09 -7.58241514e-09 -7.29522864e-09 -6.89671320e-09 -6.42103609e-09 -5.90687099e-09 -5.39278472e-09 -4.91284058e-09 -4.49301812e-09 -4.14888679e-09 -3.88480115e-09 -3.69462716e-09 -3.56379154e-09 -3.47227203e-09 -3.39802042e-09 -3.32030303e-09 -3.22251564e-09 -3.09413939e-09 -2.93172719e-09 -2.73898210e-09 -2.52614957e-09 -2.30908148e-09 -2.10834150e-09 -1.94872102e-09 -1.85937982e-09 6.30404491e-05 4.85638532e-04 1.40042376e-03 2.88835522e-03 5.00487258e-03 7.77838197e-03 1.12218086e-02 1.53096841e-02 2.00174266e-02 2.53055441e-02 3.11093734e-02 3.73559506e-02 4.39285800e-02 5.07782079e-02 5.77225659e-02 6.46899356e-02 7.14693742e-02 7.80049755e-02 8.40927079e-02 8.95589638e-02 9.42952979e-02 9.82213885e-02 1.01193546e-01 1.03125320e-01 1.03961236e-01 1.03681776e-01 1.02294019e-01 9.98336877e-02 9.63680167e-02 9.20162668e-02 8.69074160e-02 8.11102060e-02 7.47841466e-02 6.81081847e-02 6.12231314e-02 5.42291518e-02 4.73329188e-02 4.06044940e-02 3.41658141e-02 2.81457948e-02 2.25947149e-02 1.75890562e-02 1.31804797e-02 9.41791654e-03 6.30931690e-03 3.86592648e-03 2.06973419e-03 8.76385949e-04 2.19403111e-04 2.35763591e-06 -1.89325311e-09 -2.02167805e-09 -2.20521790e-09 -2.41696202e-09 -2.63420602e-09 -2.83864887e-09 -3.01711933e-09 -3.16253657e-09 -3.27473482e-09 -3.36075695e-09 -3.43435119e-09 -3.51448864e-09 -3.62295471e-09 -3.78121939e-09 -4.00699451e-09 -4.31095742e-09 -4.69418049e-09 -5.14669729e-09 -5.64753616e-09 -6.16629725e-09 -6.66615457e-09 -7.10790987e-09 -7.45457746e-09 -7.67586517e-09 -7.75192949e-09
-7.75192965e-09 -7.67617686e-09 -7.45582218e-09 -7.11069781e-09 -6.67103828e-09 -6.17369278e-09 -5.65760760e-09 -5.15922649e-09 -4.70844391e-09 -4.32565689e-09 -4.02025946e-09 -3.79070997e-09 -3.62606178e-09 -3.50862184e-09 -3.41727180e-09 -3.33092137e-09 -3.23157928e-09 -3.10669190e-09 -2.95052172e-09 -2.76457979e-09 -2.55730759e-09 -2.34333430e-09 -2.14272305e-09 -1.98059402e-09 -1.88744298e-09 2.50713005e-06 2.31363313e-04 9.20254789e-04 2.16718433e-03 4.04126046e-03 6.58211528e-03 9.80074349e-03 1.37037176e-02 1.82630403e-02 2.34405068e-02 2.91913434e-02 3.54393927e-02 4.20837338e-02 4.90643401e-02 5.62453271e-02 6.34853132e-02 7.06458433e-02 7.76209072e-02 8.41875027e-02 9.02235095e-02 9.56076139e-02 1.00180672e-01 1.03786448e-01 1.06345620e-01 1.07793780e-01 1.08085130e-01 1.07213465e-01 1.05203442e-01 1.02109407e-01 9.80059337e-02 9.30061028e-02 8.72694945e-02 8.09708076e-02 7.41791640e-02 6.70721719e-02 5.98713806e-02 5.26240108e-02 4.55557120e-02 3.87132008e-02 3.22480952e-02 2.62456607e-02 2.07764597e-02 1.59003982e-02 1.16679568e-02 8.10611853e-03 5.22809087e-03 3.02363100e-03 1.46954843e-03 5.11968324e-04 6.70210593e-05 -1.87800109e-09 -1.92325372e-09 -2.05507716e-09 -2.23990709e-09 -2.45002491e-09 -2.66283073e-09 -2.86089913e-09 -3.03259207e-09 -3.17285637e-09 -3.28380689e-09 -3.37470080e-09 -3.46104351e-09 -3.56272117e-09 -3.70125774e-09 -3.89649385e-09 -4.16313561e-09 -4.50769905e-09 -4.92636215e-09 -5.40414136e-09 -5.91560484e-09 -6.42713599e-09 -6.90048557e-09 -7.29717120e-09 -7.58311608e-09 -7.73288139e-09 -7.73288156e-09 -7.58311625e-09 -7.29717115e-09 -6.90048568e-09 -6.42713593e-09 -5.91560473e-09 -5.40414108e-09 -4.92636221e-09 -4.50769910e-09 -4.16313539e-09 -3.89649391e-09 -3.70125758e-09 -3.56272151e-09 -3.46104356e-09 -3.37470107e-09 -3.28380695e-09 -3.17285631e-09 -3.03259223e-09 -2.86089924e-09 -2.66283057e-09 -2.45002507e-09 -2.23990698e-09 -2.05507733e-09 -1.92325367e-09 -1.87800103e-09 6.70210593e-05 5.11968324e-04 1.46954843e-03 3.02363100e-03 5.22809087e-03 8.10611853e-03 1.16679568e-02 1.59003982e-02 2.07764597e-02 2.62456607e-02 3.22480952e-02 3.87132008e-02 4.55557120e-02 5.26240108e-02 5.98713806e-02 6.70721719e-02 7.41791640e-02 8.09708076e-02 8.72694945e-02 9.30061028e-02 9.80059337e-02 1.02109407e-01 1.05203442e-01 1.07213465e-01 1.08085130e-01 1.07793780e-01 1.06345620e-01 1.03786448e-01 1.00180672e-01 9.56076139e-02 9.02235095e-02 8.41875027e-02 7.76209072e-02 7.06458433e-02 6.34853132e-02 5.62453271e-02 4.90643401e-02 4.20837338e-02 3.54393927e-02 2.91913434e-02 2.34405068e-02 1.82630403e-02 1.37037176e-02 9.80074349e-03 6.58211528e-03 4.04126046e-03 2.16718433e-03 9.20254789e-04 2.31363313e-04 2.50713005e-06 -1.88744276e-09 -1.98059380e-09 -2.14272300e-09 -2.34333430e-09 -2.55730753e-09 -2.76458023e-09 -2.95052166e-09 -3.10669196e-09 -3.23157934e-09 -3.33092143e-09 -3.41727202e-09 -3.50862184e-09 -3.62606173e-09 -3.79070980e-09 -4.02025940e-09 -4.32565694e-09 -4.70844391e-09 -5.15922610e-09 -5.65760772e-09 -6.17369261e-09 -6.67103794e-09 -7.11069803e-09 -7.45582213e-09 -7.67617681e-09 -7.75192938e-09
-7.75192960e-09 -7.67646707e-09 -7.45697892e-09 -7.11326725e-09 -6.67549316e-09 -6.18035367e-09 -5.66653530e-09 -5.17010901e-09 -4.72049766e-09 -4.33757913e-09 -4.03024769e-09 -3.79658016e-09 -3.62545072e-09 -3.49926332e-09 -3.39730977e-09 -3.29920985e-09 -3.18794241e-09 -3.05209391e-09 -2.88716445e-09 -2.69594408e-09 -2.48822518e-09 -2.28019370e-09 -2.09397122e-09 -1.95769673e-09 -1.90649108e-09 2.58859675e-06 2.43450585e-04 9.64520857e-04 2.26370903e-03 4.20584587e-03 6.83508940e-03 1.01675949e-02 1.41912744e-02 1.88975463e-02 2.42414196e-02 3.01688087e-02 3.66117209e-02 4.35040486e-02 5.06957833e-02 5.81396021e-02 6.56317100e-02 7.30975681e-02 8.02964975e-02 8.71352769e-02 9.34560386e-02 9.90637408e-02 1.03797443e-01 1.07532376e-01 1.10193279e-01 1.11710722e-01 1.12016827e-01 1.11101599e-01 1.08997534e-01 1.05798578e-01 1.01539339e-01 9.63584441e-02 9.03789787e-02 8.37574050e-02 7.67415891e-02 6.93746788e-02 6.18699366e-02 5.44109337e-02 4.70644188e-02 4.00066386e-02 3.33401363e-02 2.71432909e-02 2.14989128e-02 1.64689006e-02 1.20971769e-02 8.41183549e-03 5.43298672e-03 3.14996943e-03 1.53683150e-03 5.36167671e-04 7.03855925e-05 -1.92613847e-09 -1.91894589e-09 -2.01757633e-09 -2.18274521e-09 -2.38300218e-09 -2.59327781e-09 -2.79438589e-09 -2.97325953e-09 -3.12354242e-09 -3.24608662e-09 -3.34895145e-09 -3.44657758e-09 -3.55800150e-09 -3.70418363e-09 -3.90471272e-09 -4.17434393e-09 -4.51988280e-09 -4.93796065e-09 -5.41411327e-09 -5.92341221e-09 -6.43266757e-09 -6.90394597e-09 -7.29896887e-09 -7.58376850e-09 -7.73295422e-09 -7.73295444e-09 -7.58376861e-09 -7.29896898e-09 -6.90394608e-09 -6.43266751e-09 -5.92341221e-09 -5.41411321e-09 -4.93796082e-09 -4.51988269e-09 -4.17434420e-09 -3.90471300e-09 -3.70418352e-09 -3.55800173e-09 -3.44657763e-09 -3.34895167e-09 -3.24608662e-09 -3.12354231e-09 -2.97325964e-09 -2.79438567e-09 -2.59327804e-09 -2.38300230e-09 -2.18274521e-09 -2.01757644e-09 -1.91894572e-09 -1.92613864e-09 7.03855925e-05 5.36167671e-04 1.53683150e-03 3.14996943e-03 5.43298672e-03 8.41183549e-03 1.20971769e-02 1.64689006e-02 2.14989128e-02 2.71432909e-02 3.33401363e-02 4.00066386e-02 4.70644188e-02 5.44109337e-02 6.18699366e-02 6.93746788e-02 7.67415891e-02 8.37574050e-02 9.03789787e-02 9.63584441e-02 1.01539339e-01 1.05798578e-01 1.08997534e-01 1.11101599e-01 1.12016827e-01 1.11710722e-01 1.10193279e-01 1.07532376e-01 1.03797443e-01 9.90637408e-02 9.34560386e-02 8.71352769e-02 8.02964975e-02 7.30975681e-02 6.56317100e-02 5.81396021e-02 5.06957833e-02 4.35040486e-02 3.66117209e-02 3.01688087e-02 2.42414196e-02 1.88975463e-02 1.41912744e-02 1.01675949e-02 6.83508940e-03 4.20584587e-03 2.26370903e-03 9.64520857e-04 2.43450585e-04 2.58859675e-06 -1.90649097e-09 -1.95769678e-09 -2.09397155e-09 -2.28019348e-09 -2.48822529e-09 -2.69594419e-09 -2.88716462e-09 -3.05209397e-09 -3.18794224e-09 -3.29921007e-09 -3.39730954e-09 -3.49926332e-09 -3.62545061e-09 -3.79657961e-09 -4.03024775e-09 -4.33757885e-09 -4.72049788e-09 -5.17010901e-09 -5.66653546e-09 -6.18035390e-09 -6.67549316e-09 -7.11326731e-09 -7.45697898e-09 -7.67646680e-09 -7.75192965e-09
-7.75192938e-09 -7.67673325e-09 -7.45803352e-09 -7.11559267e-09 -6.67948630e-09 -6.18624785e-09 -5.67430830e-09 -5.17938042e-09 -4.73045370e-09 -4.34694014e-09 -4.03730926e-09 -3.79933551e-09 -3.62179325e-09 -3.48724594e-09 -3.37543149e-09 -3.26668875e-09 -3.14493281e-09 -2.99983477e-09 -2.82806023e-09 -2.63363564e-09 -2.42772913e-09 -2.22826047e-09 -2.05982115e-09 -1.95435834e-09 -1.95294658e-09 2.80332698e-06 2.54710175e-04 1.00535818e-03 2.35269047e-03 4.36482475e-03 7.08030352e-03 1.05100007e-02 1.46573203e-02 1.95014171e-02 2.50001837e-02 3.11040302e-02 3.77364057e-02 4.48153277e-02 5.22684943e-02 5.99105234e-02 6.76916961e-02 7.53839789e-02 8.28608307e-02 8.99879286e-02 9.65216087e-02 1.02315186e-01 1.07242855e-01 1.11174573e-01 1.13978013e-01 1.15561752e-01 1.15880508e-01 1.14926993e-01 1.12722240e-01 1.09341013e-01 1.04892485e-01 9.95187292e-02 9.33447104e-02 8.64902199e-02 7.91503653e-02 7.15647731e-02 6.38012580e-02 5.60782253e-02 4.85045790e-02 4.12378555e-02 3.43542354e-02 2.79668844e-02 2.21623732e-02 1.69895227e-02 1.24992777e-02 8.70590642e-03 5.63533120e-03 3.27380285e-03 1.59981110e-03 5.61156468e-04 7.39836649e-05 -2.00730216e-09 -1.93764937e-09 -1.99689371e-09 -2.13835288e-09 -2.32581376e-09 -2.53115223e-09 -2.73314427e-09 -2.91720248e-09 -3.07568204e-09 -3.20823745e-09 -3.32179595e-09 -3.42977818e-09 -3.55038665e-09 -3.70399289e-09 -3.90988536e-09 -4.18279156e-09 -4.52972981e-09 -4.94770541e-09 -5.42270806e-09 -5.93026833e-09 -6.43759585e-09 -6.90706442e-09 -7.30060179e-09 -7.58436519e-09 -7.73302111e-09 -7.73302111e-09 -7.58436514e-09 -7.30060212e-09 -6.90706431e-09 -6.43759601e-09 -5.93026855e-09 -5.42270795e-09 -4.94770525e-09 -4.52972970e-09 -4.18279156e-09 -3.90988530e-09 -3.70399311e-09 -3.55038660e-09 -3.42977829e-09 -3.32179584e-09 -3.20823740e-09 -3.07568204e-09 -2.91720237e-09 -2.73314410e-09 -2.53115251e-09 -2.32581343e-09 -2.13835288e-09 -1.99689398e-09 -1.93764893e-09 -2.00730221e-09 7.39836649e-05 5.61156468e-04 1.59981110e-03 3.27380285e-03 5.63533120e-03 8.70590642e-03 1.24992777e-02 1.69895227e-02 2.21623732e-02 2.79668844e-02 3.43542354e-02 4.12378555e-02 4.85045790e-02 5.60782253e-02 6.38012580e-02 7.15647731e-02 7.91503653e-02 8.64902199e-02 9.33447104e-02 9.95187292e-02 1.04892485e-01 1.09341013e-01 1.12722240e-01 1.14926993e-01 1.15880508e-01 1.15561752e-01 1.13978013e-01 1.11174573e-01 1.07242855e-01 1.02315186e-01 9.65216087e-02 8.99879286e-02 8.28608307e-02 7.53839789e-02 6.76916961e-02 5.99105234e-02 5.22684943e-02 4.48153277e-02 3.77364057e-02 3.11040302e-02 2.50001837e-02 1.95014171e-02 1.46573203e-02 1.05100007e-02 7.08030352e-03 4.36482475e-03 2.35269047e-03 1.00535818e-03 2.54710175e-04 2.80332698e-06 -1.95294669e-09 -1.95435856e-09 -2.05982120e-09 -2.22826041e-09 -2.42772924e-09 -2.63363564e-09 -2.82806012e-09 -2.99983471e-09 -3.14493281e-09 -3.26668881e-09 -3.37543149e-09 -3.48724577e-09 -3.62179320e-09 -3.79933585e-09 -4.03730910e-09 -4.34694009e-09 -4.73045381e-09 -5.17938026e-09 -5.67430819e-09 -6.18624807e-09 -6.67948596e-09 -7.11559250e-09 -7.45803330e-09 -7.67673314e-09 -7.75192927e-09
-7.75192976e-09 -7.67697228e-09 -7.45897599e-09 -7.11765968e-09 -6.68300165e-09 -6.19137192e-09 -5.68095060e-09 -5.18711785e-09 -4.73846901e-09 -4.35400505e-09 -4.04184097e-09 -3.79951925e-09 -3.61577984e-09 -3.47339724e-09 -3.35257661e-09 -3.23436555e-09 -3.10357273e-09 -2.95089153e-09 -2.77409290e-09 -2.57841581e-09 -2.37648357e-09 -2.18820118e-09 -2.04118800e-09 -1.97221001e-09 -2.02996653e-09 2.83463855e-06 2.65964243e-04 1.04610513e-03 2.44081892e-03 4.51401942e-03 7.31049538e-03 1.08375497e-02 1.50954961e-02 2.00589481e-02 2.57007352e-02 3.19694854e-02 3.87928686e-02 4.60731688e-02 5.37215032e-02 6.16189076e-02 6.96277814e-02 7.75682007e-02 8.53312914e-02 9.26728576e-02 9.94153458e-02 1.05469832e-01 1.10615684e-01 1.14698768e-01 1.17607204e-01 1.19253509e-01 1.19584394e-01 1.18592874e-01 1.16305164e-01 1.12799336e-01 1.08166220e-01 1.02548215e-01 9.61181326e-02 8.90645824e-02 8.14876895e-02 7.35927473e-02 6.56279666e-02 5.76415856e-02 4.98697486e-02 4.23688603e-02 3.53081360e-02 2.87659037e-02 2.28088818e-02 1.74967898e-02 1.28742889e-02 8.98187954e-03 5.81949940e-03 3.38899381e-03 1.66161871e-03 5.83410683e-04 7.72252213e-05 -2.12587503e-09 -1.98162986e-09 -1.99422451e-09 -2.10747797e-09 -2.27910135e-09 -2.47715959e-09 -2.67799594e-09 -2.86535462e-09 -3.03028119e-09 -3.17127991e-09 -3.29421251e-09 -3.41153322e-09 -3.54063739e-09 -3.70130249e-09 -3.91247640e-09 -4.18880586e-09 -4.53744731e-09 -4.95570968e-09 -5.42997458e-09 -5.93618227e-09 -6.44190917e-09 -6.90982371e-09 -7.30205940e-09 -7.58489960e-09 -7.73308040e-09 -7.73308045e-09 -7.58489982e-09 -7.30205940e-09 -6.90982360e-09 -6.44190934e-09 -5.93618232e-09 -5.42997491e-09 -4.95570945e-09 -4.53744731e-09 -4.18880575e-09 -3.91247645e-09 -3.70130260e-09 -3.54063751e-09 -3.41153317e-09 -3.29421240e-09 -3.17127985e-09 -3.03028130e-09 -2.86535473e-09 -2.67799594e-09 -2.47715937e-09 -2.27910124e-09 -2.10747786e-09 -1.99422456e-09 -1.98162986e-09 -2.12587525e-09 7.72252213e-05 5.83410683e-04 1.66161871e-03 3.38899381e-03 5.81949940e-03 8.98187954e-03 1.28742889e-02 1.74967898e-02 2.28088818e-02 2.87659037e-02 3.53081360e-02 4.23688603e-02 4.98697486e-02 5.76415856e-02 6.56279666e-02 7.35927473e-02 8.14876895e-02 8.90645824e-02 9.61181326e-02 1.02548215e-01 1.08166220e-01 1.12799336e-01 1.16305164e-01 1.18592874e-01 1.19584394e-01 1.19253509e-01 1.17607204e-01 1.14698768e-01 1.10615684e-01 1.05469832e-01 9.94153458e-02 9.26728576e-02 8.53312914e-02 7.75682007e-02 6.96277814e-02 6.16189076e-02 5.37215032e-02 4.60731688e-02 3.87928686e-02 3.19694854e-02 2.57007352e-02 2.00589481e-02 1.50954961e-02 1.08375497e-02 7.31049538e-03 4.51401942e-03 2.44081892e-03 1.04610513e-03 2.65964243e-04 2.83463855e-06 -2.02996669e-09 -1.97221017e-09 -2.04118816e-09 -2.18820123e-09 -2.37648345e-09 -2.57841604e-09 -2.77409279e-09 -2.95089148e-09 -3.10357273e-09 -3.23436572e-09 -3.35257666e-09 -3.47339746e-09 -3.61578012e-09 -3.79951937e-09 -4.04184097e-09 -4.35400499e-09 -4.73846895e-09 -5.18711785e-09 -5.68095065e-09 -6.19137192e-09 -6.68300165e-09 -7.11765952e-09 -7.45897588e-09 -7.67697217e-09 -7.75192976e-09
-7.75192954e-09 -7.67718322e-09 -7.45980422e-09 -7.11946252e-09 -6.68604011e-09 -6.19574447e-09 -5.68651876e-09 -5.19343607e-09 -4.74474054e-09 -4.35907888e-09 -4.04427203e-09 -3.79769621e-09 -3.60811109e-09 -3.45853390e-09 -3.32964856e-09 -3.20318416e-09 -3.06479619e-09 -2.90613439e-09 -2.72602785e-09 -2.53093579e-09 -2.33506470e-09 -2.16066609e-09 -2.03910422e-09 -2.01323580e-09 -2.14147983e-09 3.06408676e-06 2.76472932e-04 1.08331450e-03 2.52159736e-03 4.65667254e-03 7.52687011e-03 1.11449284e-02 1.55028499e-02 2.05931703e-02 2.63706792e-02 3.27812993e-02 3.97690589e-02 4.72549474e-02 5.50920533e-02 6.32262444e-02 7.14318070e-02 7.96602358e-02 8.76383798e-02 9.51980628e-02 1.02233754e-01 1.08505187e-01 1.13816489e-01 1.18043150e-01 1.21027881e-01 1.22720273e-01 1.23061256e-01 1.22040743e-01 1.19692250e-01 1.16078105e-01 1.11287988e-01 1.05478270e-01 9.87985525e-02 9.14747572e-02 8.36913431e-02 7.55656251e-02 6.73286059e-02 5.91407700e-02 5.11319537e-02 4.34507174e-02 3.62190441e-02 2.95036202e-02 2.33954970e-02 1.79634053e-02 1.32363737e-02 9.23945337e-03 6.00141400e-03 3.50022987e-03 1.71941647e-03 6.06814671e-04 8.05814332e-05 -2.28732000e-09 -2.05368528e-09 -2.01098160e-09 -2.09090983e-09 -2.24345575e-09 -2.43190273e-09 -2.62964955e-09 -2.81853946e-09 -2.98824998e-09 -3.13616089e-09 -3.26713079e-09 -3.39270823e-09 -3.52951535e-09 -3.69674502e-09 -3.91298538e-09 -4.19275270e-09 -4.54328447e-09 -4.96212743e-09 -5.43599471e-09 -5.94118699e-09 -6.44561504e-09 -6.91221996e-09 -7.30333510e-09 -7.58537066e-09 -7.73313358e-09 -7.73313358e-09 -7.58537083e-09 -7.30333499e-09 -6.91221991e-09 -6.44561493e-09 -5.94118704e-09 -5.43599482e-09 -4.96212715e-09 -4.54328464e-09 -4.19275248e-09 -3.91298538e-09 -3.69674502e-09 -3.52951579e-09 -3.39270811e-09 -3.26713073e-09 -3.13616083e-09 -2.98824987e-09 -2.81853924e-09 -2.62964944e-09 -2.43190290e-09 -2.24345575e-09 -2.09090972e-09 -2.01098171e-09 -2.05368539e-09 -2.28732011e-09 8.05814332e-05 6.06814671e-04 1.71941647e-03 3.50022987e-03 6.00141400e-03 9.23945337e-03 1.32363737e-02 1.79634053e-02 2.33954970e-02 2.95036202e-02 3.62190441e-02 4.34507174e-02 5.11319537e-02 5.91407700e-02 6.73286059e-02 7.55656251e-02 8.36913431e-02 9.14747572e-02 9.87985525e-02 1.05478270e-01 1.11287988e-01 1.16078105e-01 1.19692250e-01 1.22040743e-01 1.23061256e-01 1.22720273e-01 1.21027881e-01 1.18043150e-01 1.13816489e-01 1.08505187e-01 1.02233754e-01 9.51980628e-02 8.76383798e-02 7.96602358e-02 7.14318070e-02 6.32262444e-02 5.50920533e-02 4.72549474e-02 3.97690589e-02 3.27812993e-02 2.63706792e-02 2.05931703e-02 1.55028499e-02 1.11449284e-02 7.52687011e-03 4.65667254e-03 2.52159736e-03 1.08331450e-03 2.76472932e-04 3.06408676e-06 -2.14147977e-09 -2.01323574e-09 -2.03910433e-09 -2.16066592e-09 -2.33506503e-09 -2.53093585e-09 -2.72602796e-09 -2.90613467e-09 -3.06479619e-09 -3.20318427e-09 -3.32964861e-09 -3.45853396e-09 -3.60811103e-09 -3.79769655e-09 -4.04427219e-09 -4.35907871e-09 -4.74474032e-09 -5.19343629e-09 -5.68651892e-09 -6.19574453e-09 -6.68604039e-09 -7.11946246e-09 -7.45980405e-09 -7.67718317e-09 -7.75192976e-09
-7.75192949e-09 -7.67736524e-09 -7.46051732e-09 -7.12100640e-09 -6.68861833e-09 -6.19940610e-09 -5.69109521e-09 -5.19848337e-09 -4.74950279e-09 -4.36250047e-09 -4.04506140e-09 -3.79445064e-09 -3.59948693e-09 -3.44345441e-09 -3.30750705e-09 -3.17402460e-09 -3.02945125e-09 -2.86633528e-09 -2.68452699e-09 -2.49174970e-09 -2.30399538e-09 -2.14632939e-09 -2.05477235e-09 -2.07986584e-09 -2.29234975e-09 3.09132046e-06 2.87094625e-04 1.12128498e-03 2.60257643e-03 4.79381696e-03 7.73533387e-03 1.14302228e-02 1.58946936e-02 2.10966334e-02 2.70000707e-02 3.35586323e-02 4.06929275e-02 4.83479050e-02 5.64006176e-02 6.47114260e-02 7.31832765e-02 8.16184738e-02 8.98109755e-02 9.76610773e-02 1.04924707e-01 1.11366104e-01 1.16832403e-01 1.21188426e-01 1.24307980e-01 1.26079952e-01 1.26437756e-01 1.25367932e-01 1.22911211e-01 1.19151951e-01 1.14235968e-01 1.08258576e-01 1.01375027e-01 9.37948448e-02 8.57468736e-02 7.74215464e-02 6.89302004e-02 6.05430421e-02 5.23158348e-02 4.44724780e-02 3.70506021e-02 3.01861588e-02 2.39534912e-02 1.83978672e-02 1.35678699e-02 9.48941811e-03 6.16824242e-03 3.60607014e-03 1.77550072e-03 6.27413350e-04 8.35396341e-05 -2.49840332e-09 -2.15727147e-09 -2.04887118e-09 -2.08952416e-09 -2.21943913e-09 -2.39590581e-09 -2.58870958e-09 -2.77747386e-09 -2.95040115e-09 -3.10375114e-09 -3.24142851e-09 -3.37413714e-09 -3.51777296e-09 -3.69096664e-09 -3.91193333e-09 -4.19503071e-09 -4.54752525e-09 -4.96714575e-09 -5.44088147e-09 -5.94534361e-09 -6.44874104e-09 -6.91426305e-09 -7.30443062e-09 -7.58577662e-09 -7.73317965e-09 -7.73317965e-09 -7.58577656e-09 -7.30443028e-09 -6.91426305e-09 -6.44874082e-09 -5.94534338e-09 -5.44088119e-09 -4.96714575e-09 -4.54752519e-09 -4.19503066e-09 -3.91193344e-09 -3.69096642e-09 -3.51777285e-09 -3.37413719e-09 -3.24142857e-09 -3.10375114e-09 -2.95040137e-09 -2.77747342e-09 -2.58870936e-09 -2.39590592e-09 -2.21943930e-09 -2.08952394e-09 -2.04887129e-09 -2.15727147e-09 -2.49840337e-09 8.35396341e-05 6.27413350e-04 1.77550072e-03 3.60607014e-03 6.16824242e-03 9.48941811e-03 1.35678699e-02 1.83978672e-02 2.39534912e-02 3.01861588e-02 3.70506021e-02 4.44724780e-02 5.23158348e-02 6.05430421e-02 6.89302004e-02 7.74215464e-02 8.57468736e-02 9.37948448e-02 1.01375027e-01 1.08258576e-01 1.14235968e-01 1.19151951e-01 1.22911211e-01 1.25367932e-01 1.26437756e-01 1.26079952e-01 1.24307980e-01 1.21188426e-01 1.16832403e-01 1.11366104e-01 1.04924707e-01 9.76610773e-02 8.98109755e-02 8.16184738e-02 7.31832765e-02 6.47114260e-02 5.64006176e-02 4.83479050e-02 4.06929275e-02 3.35586323e-02 2.70000707e-02 2.10966334e-02 1.58946936e-02 1.14302228e-02 7.73533387e-03 4.79381696e-03 2.60257643e-03 1.12128498e-03 2.87094625e-04 3.09132046e-06 -2.29234948e-09 -2.07986589e-09 -2.05477235e-09 -2.14632978e-09 -2.30399533e-09 -2.49174958e-09 -2.68452710e-09 -2.86633539e-09 -3.02945091e-09 -3.17402460e-09 -3.30750710e-09 -3.44345419e-09 -3.59948682e-09 -3.79445042e-09 -4.04506134e-09 -4.36250047e-09 -4.74950268e-09 -5.19848325e-09 -5.69109548e-09 -6.19940610e-09 -6.68861827e-09 -7.12100656e-09 -7.46051715e-09 -7.67736541e-09 -7.75192954e-09
-7.75192932e-09 -7.67751962e-09 -7.46112017e-09 -7.12230325e-09 -6.69076627e-09 -6.20241952e-09 -5.69479242e-09 -5.20243676e-09 -4.75301998e-09 -4.36463843e-09 -4.04469069e-09 -3.79037574e-09 -3.59060415e-09 -3.42893214e-09 -3.28696925e-09 -3.14770210e-09 -2.99830449e-09 -2.83217017e-09 -2.65015532e-09 -2.46133586e-09 -2.28376401e-09 -2.14592172e-09 -2.08962841e-09 -2.17508689e-09 -2.48857701e-09 3.29722970e-06 2.96863189e-04 1.15565338e-03 2.67738736e-03 4.91981183e-03 7.92643623e-03 1.17078763e-02 1.62569682e-02 2.15553149e-02 2.75757517e-02 3.42771859e-02 4.15726373e-02 4.93729938e-02 5.76231715e-02 6.61299412e-02 7.48168427e-02 8.34375297e-02 9.19119055e-02 9.99832134e-02 1.07433636e-01 1.14048934e-01 1.19740518e-01 1.24281757e-01 1.27511849e-01 1.29342947e-01 1.29713294e-01 1.28607651e-01 1.26066666e-01 1.22166451e-01 1.17023414e-01 1.10852333e-01 1.03810617e-01 9.60156516e-02 8.77060014e-02 7.91540041e-02 7.04757152e-02 6.18320801e-02 5.34558920e-02 4.54111642e-02 3.78404782e-02 3.08469631e-02 2.44868068e-02 1.88196930e-02 1.38875650e-02 9.71953205e-03 6.32715667e-03 3.70470214e-03 1.83023407e-03 6.48794705e-04 8.68319302e-05 -2.76746603e-09 -2.29664621e-09 -2.10996715e-09 -2.10432621e-09 -2.20762225e-09 -2.36963360e-09 -2.55569022e-09 -2.74278039e-09 -2.91746138e-09 -3.07484671e-09 -3.21792626e-09 -3.35662015e-09 -3.50614998e-09 -3.68461217e-09 -3.90985855e-09 -4.19606272e-09 -4.55048549e-09 -4.97098512e-09 -5.44477669e-09 -5.94873628e-09 -6.45133053e-09 -6.91597413e-09 -7.30535432e-09 -7.58612040e-09 -7.73321829e-09 -7.73321812e-09 -7.58612023e-09 -7.30535454e-09 -6.91597435e-09 -6.45133069e-09 -5.94873623e-09 -5.44477663e-09 -4.97098496e-09 -4.55048543e-09 -4.19606272e-09 -3.90985799e-09 -3.68461262e-09 -3.50614993e-09 -3.35662004e-09 -3.21792637e-09 -3.07484693e-09 -2.91746138e-09 -2.74278034e-09 -2.55569027e-09 -2.36963377e-09 -2.20762247e-09 -2.10432610e-09 -2.10996703e-09 -2.29664621e-09 -2.76746592e-09 8.68319302e-05 6.48794705e-04 1.83023407e-03 3.70470214e-03 6.32715667e-03 9.71953205e-03 1.38875650e-02 1.88196930e-02 2.44868068e-02 3.08469631e-02 3.78404782e-02 4.54111642e-02 5.34558920e-02 6.18320801e-02 7.04757152e-02 7.91540041e-02 8.77060014e-02 9.60156516e-02 1.03810617e-01 1.10852333e-01 1.17023414e-01 1.22166451e-01 1.26066666e-01 1.28607651e-01 1.29713294e-01 1.29342947e-01 1.27511849e-01 1.24281757e-01 1.19740518e-01 1.14048934e-01 1.07433636e-01 9.99832134e-02 9.19119055e-02 8.34375297e-02 7.48168427e-02 6.61299412e-02 5.76231715e-02 4.93729938e-02 4.15726373e-02 3.42771859e-02 2.75757517e-02 2.15553149e-02 1.62569682e-02 1.17078763e-02 7.92643623e-03 4.91981183e-03 2.67738736e-03 1.15565338e-03 2.96863189e-04 3.29722970e-06 -2.48857701e-09 -2.17508689e-09 -2.08962853e-09 -2.14592205e-09 -2.28376401e-09 -2.46133608e-09 -2.65015515e-09 -2.83217017e-09 -2.99830449e-09 -3.14770204e-09 -3.28696914e-09 -3.42893219e-09 -3.59060404e-09 -3.79037590e-09 -4.04469058e-09 -4.36463804e-09 -4.75302003e-09 -5.20243676e-09 -5.69479236e-09 -6.20241947e-09 -6.69076616e-09 -7.12230325e-09 -7.46112000e-09 -7.67751951e-09 -7.75192927e-09
-7.75192943e-09 -7.67764763e-09 -7.46162021e-09 -7.12337567e-09 -6.69252848e-09 -6.20486490e-09 -5.69774172e-09 -5.20550203e-09 -4.75558459e-09 -4.36588282e-09 -4.04365680e-09 -3.78606979e-09 -3.58214658e-09 -3.41571471e-09 -3.26880606e-09 -3.12496640e-09 -2.97204317e-09 -2.80422668e-09 -2.62339728e-09 -2.44011222e-09 -2.27484886e-09 -2.16027113e-09 -2.14540885e-09 -2.30255803e-09 -2.73752326e-09 3.35211667e-06 3.06919688e-04 1.19029919e-03 2.74882904e-03 5.04542361e-03 8.11354411e-03 1.19672768e-02 1.65956435e-02 2.19983113e-02 2.81295994e-02 3.49379560e-02 4.23918929e-02 5.03623721e-02 5.87537380e-02 6.74801982e-02 7.63478286e-02 8.52064331e-02 9.39104431e-02 1.02170086e-01 1.09799428e-01 1.16680533e-01 1.22560435e-01 1.27227555e-01 1.30567205e-01 1.32454830e-01 1.32834059e-01 1.31697969e-01 1.29073043e-01 1.25050624e-01 1.19761281e-01 1.13348443e-01 1.06071926e-01 9.81064104e-02 8.95912143e-02 8.07721830e-02 7.19149802e-02 6.30791805e-02 5.45166602e-02 4.62960270e-02 3.85955692e-02 3.14583897e-02 2.49760988e-02 1.92101834e-02 1.41907149e-02 9.94005651e-03 6.48407789e-03 3.80335399e-03 1.88035996e-03 6.68871552e-04 8.94626425e-05 -3.10474418e-09 -2.47703874e-09 -2.19679908e-09 -2.13650497e-09 -2.20860930e-09 -2.35350867e-09 -2.53103388e-09 -2.71499434e-09 -2.89007096e-09 -3.05017028e-09 -3.19739024e-09 -3.34091932e-09 -3.49536544e-09 -3.67832853e-09 -3.90730892e-09 -4.19629281e-09 -4.55250260e-09 -4.97389008e-09 -5.44784634e-09 -5.95146854e-09 -6.45344500e-09 -6.91738317e-09 -7.30611943e-09 -7.58640650e-09 -7.73325065e-09 -7.73325065e-09 -7.58640639e-09 -7.30611954e-09 -6.91738294e-09 -6.45344506e-09 -5.95146832e-09 -5.44784651e-09 -4.97388997e-09 -4.55250265e-09 -4.19629292e-09 -3.90730914e-09 -3.67832870e-09 -3.49536561e-09 -3.34091949e-09 -3.19739041e-09 -3.05017039e-09 -2.89007096e-09 -2.71499434e-09 -2.53103344e-09 -2.35350883e-09 -2.20860930e-09 -2.13650503e-09 -2.19679913e-09 -2.47703880e-09 -3.10474413e-09 8.94626425e-05 6.68871552e-04 1.88035996e-03 3.80335399e-03 6.48407789e-03 9.94005651e-03 1.41907149e-02 1.92101834e-02 2.49760988e-02 3.14583897e-02 3.85955692e-02 4.62960270e-02 5.45166602e-02 6.30791805e-02 7.19149802e-02 8.07721830e-02 8.95912143e-02 9.81064104e-02 1.06071926e-01 1.13348443e-01 1.19761281e-01 1.25050624e-01 1.29073043e-01 1.31697969e-01 1.32834059e-01 1.32454830e-01 1.30567205e-01 1.27227555e-01 1.22560435e-01 1.16680533e-01 1.09799428e-01 1.02170086e-01 9.39104431e-02 8.52064331e-02 7.63478286e-02 6.74801982e-02 5.87537380e-02 5.03623721e-02 4.23918929e-02 3.49379560e-02 2.81295994e-02 2.19983113e-02 1.65956435e-02 1.19672768e-02 8.11354411e-03 5.04542361e-03 2.74882904e-03 1.19029919e-03 3.06919688e-04 3.35211667e-06 -2.73752315e-09 -2.30255809e-09 -2.14540885e-09 -2.16027107e-09 -2.27484886e-09 -2.44011211e-09 -2.62339722e-09 -2.80422668e-09 -2.97204317e-09 -3.12496629e-09 -3.26880611e-09 -3.41571466e-09 -3.58214675e-09 -3.78606985e-09 -4.04365663e-09 -4.36588299e-09 -4.75558487e-09 -5.20550181e-09 -5.69774161e-09 -6.20486507e-09 -6.69252848e-09 -7.12337567e-09 -7.46161999e-09 -7.67764785e-09 -7.75192943e-09
-7.75192943e-09 -7.67775299e-09 -7.46202955e-09 -7.12425008e-09 -6.69396105e-09 -6.20684065e-09 -5.70009923e-09 -5.20790355e-09 -4.75750939e-09 -4.36664482e-09 -4.04246586e-09 -3.78213166e-09 -3.57478680e-09 -3.40451384e-09 -3.25373500e-09 -3.10650156e-09 -2.95127667e-09 -2.78301748e-09 -2.60466326e-09 -2.42844889e-09 -2.27774355e-09 -2.19033958e-09 -2.22421692e-09 -2.46675708e-09 -3.04819203e-09 3.47264390e-06 3.15926984e-04 1.22366546e-03 2.81999675e-03 5.16349290e-03 8.29375533e-03 1.22078549e-02 1.69287215e-02 2.24233288e-02 2.86563257e-02 3.55850227e-02 4.31388895e-02 5.12844257e-02 5.98306889e-02 6.87483906e-02 7.77826434e-02 8.68788572e-02 9.57755863e-02 1.04213730e-01 1.12116612e-01 1.19207874e-01 1.25233126e-01 1.30030890e-01 1.33451046e-01 1.35394363e-01 1.35784979e-01 1.34614715e-01 1.31916157e-01 1.27797188e-01 1.22362865e-01 1.15780055e-01 1.08256967e-01 1.00057267e-01 9.13791937e-02 8.23466610e-02 7.32542337e-02 6.42578286e-02 5.54970866e-02 4.71455130e-02 3.92971104e-02 3.20310225e-02 2.54377433e-02 1.95725625e-02 1.44721941e-02 1.01532527e-02 6.62840402e-03 3.89470300e-03 1.93124870e-03 6.87480597e-04 9.26330210e-05 -3.52274343e-09 -2.70483874e-09 -2.31245734e-09 -2.18748147e-09 -2.22306606e-09 -2.34793651e-09 -2.51511773e-09 -2.69457262e-09 -2.86879476e-09 -3.03037440e-09 -3.18052762e-09 -3.32775790e-09 -3.48611595e-09 -3.67275088e-09 -3.90484023e-09 -4.19618018e-09 -4.55394034e-09 -4.97612984e-09 -5.45028034e-09 -5.95366517e-09 -6.45515952e-09 -6.91853053e-09 -7.30674543e-09 -7.58664037e-09 -7.73327696e-09 -7.73327702e-09 -7.58664020e-09 -7.30674543e-09 -6.91853080e-09 -6.45515946e-09 -5.95366506e-09 -5.45028028e-09 -4.97612984e-09 -4.55394045e-09 -4.19618029e-09 -3.90484017e-09 -3.67275099e-09 -3.48611578e-09 -3.32775801e-09 -3.18052756e-09 -3.03037451e-09 -2.86879476e-09 -2.69457251e-09 -2.51511778e-09 -2.34793662e-09 -2.22306595e-09 -2.18748136e-09 -2.31245745e-09 -2.70483880e-09 -3.52274332e-09 9.26330210e-05 6.87480597e-04 1.93124870e-03 3.89470300e-03 6.62840402e-03 1.01532527e-02 1.44721941e-02 1.95725625e-02 2.54377433e-02 3.20310225e-02 3.92971104e-02 4.71455130e-02 5.54970866e-02 6.42578286e-02 7.32542337e-02 8.23466610e-02 9.13791937e-02 1.00057267e-01 1.08256967e-01 1.15780055e-01 1.22362865e-01 1.27797188e-01 1.31916157e-01 1.34614715e-01 1.35784979e-01 1.35394363e-01 1.33451046e-01 1.30030890e-01 1.25233126e-01 1.19207874e-01 1.12116612e-01 1.04213730e-01 9.57755863e-02 8.68788572e-02 7.77826434e-02 6.87483906e-02 5.98306889e-02 5.12844257e-02 4.31388895e-02 3.55850227e-02 2.86563257e-02 2.24233288e-02 1.69287215e-02 1.22078549e-02 8.29375533e-03 5.16349290e-03 2.81999675e-03 1.22366546e-03 3.15926984e-04 3.47264390e-06 -3.04819220e-09 -2.46675719e-09 -2.22421714e-09 -2.19033947e-09 -2.27774360e-09 -2.42844889e-09 -2.60466326e-09 -2.78301726e-09 -2.95127650e-09 -3.10650156e-09 -3.25373495e-09 -3.40451350e-09 -3.57478702e-09 -3.78213161e-09 -4.04246570e-09 -4.36664505e-09 -4.75750972e-09 -5.20790328e-09 -5.70009939e-09 -6.20684071e-09 -6.69396122e-09 -7.12425002e-09 -7.46202944e-09 -7.67775266e-09 -7.75192927e-09
-7.75192943e-09 -7.67783837e-09 -7.46236301e-09 -7.12496440e-09 -6.69513200e-09 -6.20845858e-09 -5.70203651e-09 -5.20989063e-09 -4.75912670e-09 -4.36734710e-09 -4.04163264e-09 -3.77915399e-09 -3.56917323e-09 -3.39600970e-09 -3.24242722e-09 -3.09292986e-09 -2.93654207e-09 -2.76897416e-09 -2.59430033e-09 -2.42668363e-09 -2.29297525e-09 -2.23726293e-09 -2.32860209e-09 -2.67313038e-09 -3.43153894e-09 3.64141447e-06 3.25272416e-04 1.25492736e-03 2.88638009e-03 5.27514082e-03 8.45983694e-03 1.24501469e-02 1.72397453e-02 2.28156390e-02 2.91534959e-02 3.61981234e-02 4.38799641e-02 5.21395795e-02 6.08755112e-02 6.99275200e-02 7.91754526e-02 8.84702074e-02 9.75164512e-02 1.06225839e-01 1.14334544e-01 1.21585244e-01 1.27751404e-01 1.32669270e-01 1.36171837e-01 1.38175305e-01 1.38579316e-01 1.37369703e-01 1.34601645e-01 1.30379241e-01 1.24823389e-01 1.18082534e-01 1.10368158e-01 1.01915256e-01 9.30389852e-02 8.38383611e-02 7.45235936e-02 6.53725303e-02 5.64408681e-02 4.79502364e-02 3.99539685e-02 3.25737346e-02 2.58875927e-02 1.99319582e-02 1.47430768e-02 1.03529837e-02 6.76750230e-03 3.98320755e-03 1.97959965e-03 7.07807293e-04 9.54687653e-05 -4.03669131e-09 -2.98782876e-09 -2.46069765e-09 -2.25896357e-09 -2.25175611e-09 -2.35331132e-09 -2.50826954e-09 -2.68190020e-09 -2.85411567e-09 -3.01604264e-09 -3.16798848e-09 -3.31781580e-09 -3.47907042e-09 -3.66850528e-09 -3.90300531e-09 -4.19619361e-09 -4.55517435e-09 -4.97799391e-09 -5.45228535e-09 -5.95546762e-09 -6.45656162e-09 -6.91946828e-09 -7.30725530e-09 -7.58683094e-09 -7.73329834e-09 -7.73329834e-09 -7.58683072e-09 -7.30725519e-09 -6.91946822e-09 -6.45656173e-09 -5.95546779e-09 -5.45228529e-09 -4.97799391e-09 -4.55517424e-09 -4.19619367e-09 -3.90300542e-09 -3.66850528e-09 -3.47907042e-09 -3.31781580e-09 -3.16798832e-09 -3.01604264e-09 -2.85411561e-09 -2.68190015e-09 -2.50826965e-09 -2.35331143e-09 -2.25175595e-09 -2.25896352e-09 -2.46069765e-09 -2.98782860e-09 -4.03669143e-09 9.54687653e-05 7.07807293e-04 1.97959965e-03 3.98320755e-03 6.76750230e-03 1.03529837e-02 1.47430768e-02 1.99319582e-02 2.58875927e-02 3.25737346e-02 3.99539685e-02 4.79502364e-02 5.64408681e-02 6.53725303e-02 7.45235936e-02 8.38383611e-02 9.30389852e-02 1.01915256e-01 1.10368158e-01 1.18082534e-01 1.24823389e-01 1.30379241e-01 1.34601645e-01 1.37369703e-01 1.38579316e-01 1.38175305e-01 1.36171837e-01 1.32669270e-01 1.27751404e-01 1.21585244e-01 1.14334544e-01 1.06225839e-01 9.75164512e-02 8.84702074e-02 7.91754526e-02 6.99275200e-02 6.08755112e-02 5.21395795e-02 4.38799641e-02 3.61981234e-02 2.91534959e-02 2.28156390e-02 1.72397453e-02 1.24501469e-02 8.45983694e-03 5.27514082e-03 2.88638009e-03 1.25492736e-03 3.25272416e-04 3.64141447e-06 -3.43153889e-09 -2.67313027e-09 -2.32860214e-09 -2.23726315e-09 -2.29297525e-09 -2.42668363e-09 -2.59430000e-09 -2.76897433e-09 -2.93654218e-09 -3.09292969e-09 -3.24242744e-09 -3.39600970e-09 -3.56917340e-09 -3.77915399e-09 -4.04163247e-09 -4.36734726e-09 -4.75912698e-09 -5.20989063e-09 -5.70203651e-09 -6.20845875e-09 -6.69513206e-09 -7.12496423e-09 -7.46236323e-09 -7.67783842e-09 -7.75192921e-09
-7.75192932e-09 -7.67790942e-09 -7.46263895e-09 -7.12555853e-09 -6.69611844e-09 -6.20984608e-09 -5.70374431e-09 -5.21172627e-09 -4.76078410e-09 -4.36842207e-09 -4.04167100e-09 -3.77771942e-09 -3.56593516e-09 -3.39084166e-09 -3.23550070e-09 -3.08480663e-09 -2.92830732e-09 -2.76246387e-09 -2.59259880e-09 -2.43513598e-09 -2.32113323e-09 -2.30239683e-09 -2.46165510e-09 -2.92828656e-09 -3.90086102e-09 3.64314170e-06 3.34684039e-04 1.28693792e-03 2.95178457e-03 5.38784906e-03 8.62361711e-03 1.26795016e-02 1.75309534e-02 2.31885567e-02 2.96136981e-02 3.67723134e-02 4.45845259e-02 5.29550717e-02 6.18532817e-02 7.10479510e-02 8.05136852e-02 8.99593417e-02 9.92133883e-02 1.08148554e-01 1.16434427e-01 1.23838183e-01 1.30136124e-01 1.35217670e-01 1.38851267e-01 1.40916723e-01 1.41333761e-01 1.40087912e-01 1.37221388e-01 1.32843943e-01 1.27136189e-01 1.20268682e-01 1.12392170e-01 1.03749292e-01 9.46047764e-02 8.52561645e-02 7.57569155e-02 6.64192518e-02 5.73477143e-02 4.87067860e-02 4.05821391e-02 3.31038442e-02 2.63126489e-02 2.02712033e-02 1.50078948e-02 1.05451488e-02 6.90772608e-03 4.07216768e-03 2.02582551e-03 7.25681442e-04 9.81912833e-05 -4.66507499e-09 -3.33544881e-09 -2.64607414e-09 -2.35301323e-09 -2.29556496e-09 -2.37004610e-09 -2.51077437e-09 -2.67729994e-09 -2.84645130e-09 -3.00768899e-09 -3.16036464e-09 -3.31172501e-09 -3.47486684e-09 -3.66619929e-09 -3.90235788e-09 -4.19680812e-09 -4.55659610e-09 -4.97978470e-09 -5.45408829e-09 -5.95703187e-09 -6.45775322e-09 -6.92025304e-09 -7.30767763e-09 -7.58698826e-09 -7.73331632e-09 -7.73331621e-09 -7.58698826e-09 -7.30767785e-09 -6.92025287e-09 -6.45775333e-09 -5.95703192e-09 -5.45408840e-09 -4.97978481e-09 -4.55659621e-09 -4.19680818e-09 -3.90235766e-09 -3.66619912e-09 -3.47486667e-09 -3.31172478e-09 -3.16036480e-09 -3.00768910e-09 -2.84645135e-09 -2.67729972e-09 -2.51077437e-09 -2.37004588e-09 -2.29556518e-09 -2.35301317e-09 -2.64607436e-09 -3.33544870e-09 -4.66507466e-09 9.81912833e-05 7.25681442e-04 2.02582551e-03 4.07216768e-03 6.90772608e-03 1.05451488e-02 1.50078948e-02 2.02712033e-02 2.63126489e-02 3.31038442e-02 4.05821391e-02 4.87067860e-02 5.73477143e-02 6.64192518e-02 7.57569155e-02 8.52561645e-02 9.46047764e-02 1.03749292e-01 1.12392170e-01 1.20268682e-01 1.27136189e-01 1.32843943e-01 1.37221388e-01 1.40087912e-01 1.41333761e-01 1.40916723e-01 1.38851267e-01 1.35217670e-01 1.30136124e-01 1.23838183e-01 1.16434427e-01 1.08148554e-01 9.92133883e-02 8.99593417e-02 8.05136852e-02 7.10479510e-02 6.18532817e-02 5.29550717e-02 4.45845259e-02 3.67723134e-02 2.96136981e-02 2.31885567e-02 1.75309534e-02 1.26795016e-02 8.62361711e-03 5.38784906e-03 2.95178457e-03 1.28693792e-03 3.34684039e-04 3.64314170e-06 -3.90086086e-09 -2.92828650e-09 -2.46165521e-09 -2.30239661e-09 -2.32113345e-09 -2.43513554e-09 -2.59259880e-09 -2.76246370e-09 -2.92830726e-09 -3.08480685e-09 -3.23550048e-09 -3.39084144e-09 -3.56593516e-09 -3.77771958e-09 -4.04167083e-09 -4.36842207e-09 -4.76078421e-09 -5.21172633e-09 -5.70374425e-09 -6.20984608e-09 -6.69611866e-09 -7.12555837e-09 -7.46263878e-09 -7.67790942e-09 -7.75192932e-09
-7.75192938e-09 -7.67796970e-09 -7.46287654e-09 -7.12608084e-09 -6.69700695e-09 -6.21114177e-09 -5.70542397e-09 -5.21368670e-09 -4.76283812e-09 -4.37030989e-09 -4.04309297e-09 -3.77839532e-09 -3.56567165e-09 -3.38960998e-09 -3.23351851e-09 -3.08262871e-09 -2.92697078e-09 -2.76378820e-09 -2.59980393e-09 -2.45411907e-09 -2.36288861e-09 -2.38736653e-09 -2.62710698e-09 -3.24021543e-09 -4.47225179e-09 3.85179452e-06 3.43407258e-04 1.31812417e-03 3.01773007e-03 5.49681157e-03 8.78709560e-03 1.28925663e-02 1.78215493e-02 2.35605771e-02 3.00696278e-02 3.73099987e-02 4.52491711e-02 5.37602517e-02 6.27772071e-02 7.21520903e-02 8.17710100e-02 9.13584148e-02 1.00864434e-01 1.09986110e-01 1.18426138e-01 1.25977178e-01 1.32496896e-01 1.37725715e-01 1.41466129e-01 1.43586632e-01 1.44013574e-01 1.42736146e-01 1.39790804e-01 1.35285324e-01 1.29379588e-01 1.22329896e-01 1.14295811e-01 1.05491489e-01 9.61475868e-02 8.65822485e-02 7.69437597e-02 6.74037494e-02 5.82173824e-02 4.94191338e-02 4.11976705e-02 3.36103739e-02 2.67258859e-02 2.05979327e-02 1.52621536e-02 1.07358239e-02 7.03923076e-03 4.15577825e-03 2.07307411e-03 7.43787030e-04 1.01178181e-04 -5.43028333e-09 -3.75911902e-09 -2.87409496e-09 -2.47211218e-09 -2.35553799e-09 -2.39858172e-09 -2.52288812e-09 -2.68103473e-09 -2.84615043e-09 -3.00576297e-09 -3.15818910e-09 -3.31007299e-09 -3.47410972e-09 -3.66642150e-09 -3.90343841e-09 -4.19850094e-09 -4.55860277e-09 -4.98182073e-09 -5.45592660e-09 -5.95852667e-09 -6.45884357e-09 -6.92095026e-09 -7.30804584e-09 -7.58712337e-09 -7.73333092e-09 -7.73333086e-09 -7.58712332e-09 -7.30804561e-09 -6.92095026e-09 -6.45884346e-09 -5.95852678e-09 -5.45592649e-09 -4.98182068e-09 -4.55860283e-09 -4.19850105e-09 -3.90343857e-09 -3.66642122e-09 -3.47410967e-09 -3.31007310e-09 -3.15818927e-09 -3.00576292e-09 -2.84615032e-09 -2.68103484e-09 -2.52288812e-09 -2.39858172e-09 -2.35553815e-09 -2.47211207e-09 -2.87409502e-09 -3.75911924e-09 -5.43028311e-09 1.01178181e-04 7.43787030e-04 2.07307411e-03 4.15577825e-03 7.03923076e-03 1.07358239e-02 1.52621536e-02 2.05979327e-02 2.67258859e-02 3.36103739e-02 4.11976705e-02 4.94191338e-02 5.82173824e-02 6.74037494e-02 7.69437597e-02 8.65822485e-02 9.61475868e-02 1.05491489e-01 1.14295811e-01 1.22329896e-01 1.29379588e-01 1.35285324e-01 1.39790804e-01 1.42736146e-01 1.44013574e-01 1.43586632e-01 1.41466129e-01 1.37725715e-01 1.32496896e-01 1.25977178e-01 1.18426138e-01 1.09986110e-01 1.00864434e-01 9.13584148e-02 8.17710100e-02 7.21520903e-02 6.27772071e-02 5.37602517e-02 4.52491711e-02 3.73099987e-02 3.00696278e-02 2.35605771e-02 1.78215493e-02 1.28925663e-02 8.78709560e-03 5.49681157e-03 3.01773007e-03 1.31812417e-03 3.43407258e-04 3.85179452e-06 -4.47225190e-09 -3.24021554e-09 -2.62710709e-09 -2.38736669e-09 -2.36288877e-09 -2.45411907e-09 -2.59980426e-09 -2.76378842e-09 -2.92697089e-09 -3.08262860e-09 -3.23351873e-09 -3.38960993e-09 -3.56567198e-09 -3.77839526e-09 -4.04309319e-09 -4.37030989e-09 -4.76283812e-09 -5.21368665e-09 -5.70542380e-09 -6.21114177e-09 -6.69700684e-09 -7.12608073e-09 -7.46287643e-09 -7.67796959e-09 -7.75192954e-09
-7.75192949e-09 -7.67802522e-09 -7.46310019e-09 -7.12658293e-09 -6.69789313e-09 -6.21249474e-09 -5.70728942e-09 -5.21606180e-09 -4.76565620e-09 -4.37345044e-09 -4.04640499e-09 -3.78173326e-09 -3.56895313e-09 -3.39287343e-09 -3.23699173e-09 -3.08682541e-09 -2.93286695e-09 -2.77318685e-09 -2.61611949e-09 -2.48395282e-09 -2.41902043e-09 -2.49411547e-09 -2.82945284e-09 -3.61855196e-09 -5.16513499e-09 3.93713687e-06 3.52380306e-04 1.34814690e-03 3.08090870e-03 5.60038348e-03 8.94465045e-03 1.31086501e-02 1.81101873e-02 2.39242189e-02 3.05190393e-02 3.78536920e-02 4.58847983e-02 5.45309107e-02 6.36583853e-02 7.32077397e-02 8.29689117e-02 9.27599149e-02 1.02451836e-01 1.11723337e-01 1.20317023e-01 1.28097718e-01 1.34789156e-01 1.40150766e-01 1.43967917e-01 1.46141246e-01 1.46581140e-01 1.45267158e-01 1.42260218e-01 1.37651711e-01 1.31600283e-01 1.24322764e-01 1.16112662e-01 1.07160924e-01 9.76413290e-02 8.78464217e-02 7.80780795e-02 6.83820895e-02 5.90501799e-02 5.01190166e-02 4.17927952e-02 3.40976907e-02 2.71139167e-02 2.09086401e-02 1.55074216e-02 1.09231922e-02 7.16833666e-03 4.23719021e-03 2.11938466e-03 7.63056435e-04 1.03859350e-04 -6.35937081e-09 -4.27261160e-09 -3.15139731e-09 -2.61925137e-09 -2.43291665e-09 -2.43940679e-09 -2.54484389e-09 -2.69331635e-09 -2.85349666e-09 -3.01064806e-09 -3.16193738e-09 -3.31339767e-09 -3.47736706e-09 -3.66973574e-09 -3.90677840e-09 -4.20174684e-09 -4.56159988e-09 -4.98442931e-09 -5.45805146e-09 -5.96013333e-09 -6.45995413e-09 -6.92163249e-09 -7.30839461e-09 -7.58724883e-09 -7.73334496e-09 -7.73334519e-09 -7.58724894e-09 -7.30839467e-09 -6.92163243e-09 -6.45995435e-09 -5.96013311e-09 -5.45805162e-09 -4.98442931e-09 -4.56159982e-09 -4.20174662e-09 -3.90677835e-09 -3.66973552e-09 -3.47736701e-09 -3.31339789e-09 -3.16193738e-09 -3.01064806e-09 -2.85349677e-09 -2.69331629e-09 -2.54484400e-09 -2.43940684e-09 -2.43291653e-09 -2.61925159e-09 -3.15139714e-09 -4.27261138e-09 -6.35937086e-09 1.03859350e-04 7.63056435e-04 2.11938466e-03 4.23719021e-03 7.16833666e-03 1.09231922e-02 1.55074216e-02 2.09086401e-02 2.71139167e-02 3.40976907e-02 4.17927952e-02 5.01190166e-02 5.90501799e-02 6.83820895e-02 7.80780795e-02 8.78464217e-02 9.76413290e-02 1.07160924e-01 1.16112662e-01 1.24322764e-01 1.31600283e-01 1.37651711e-01 1.42260218e-01 1.45267158e-01 1.46581140e-01 1.46141246e-01 1.43967917e-01 1.40150766e-01 1.34789156e-01 1.28097718e-01 1.20317023e-01 1.11723337e-01 1.02451836e-01 9.27599149e-02 8.29689117e-02 7.32077397e-02 6.36583853e-02 5.45309107e-02 4.58847983e-02 3.78536920e-02 3.05190393e-02 2.39242189e-02 1.81101873e-02 1.31086501e-02 8.94465045e-03 5.60038348e-03 3.08090870e-03 1.34814690e-03 3.52380306e-04 3.93713687e-06 -5.16513499e-09 -3.61855179e-09 -2.82945273e-09 -2.49411525e-09 -2.41902054e-09 -2.48395282e-09 -2.61611960e-09 -2.77318668e-09 -2.93286706e-09 -3.08682513e-09 -3.23699206e-09 -3.39287332e-09 -3.56895302e-09 -3.78173293e-09 -4.04640488e-09 -4.37345049e-09 -4.76565620e-09 -5.21606192e-09 -5.70728942e-09 -6.21249485e-09 -6.69789302e-09 -7.12658299e-09 -7.46310003e-09 -7.67802544e-09 -7.75192954e-09
-7.75192927e-09 -7.67808289e-09 -7.46333495e-09 -7.12712278e-09 -6.69887629e-09 -6.21406104e-09 -5.70956638e-09 -5.21914717e-09 -4.76960760e-09 -4.37828279e-09 -4.05209899e-09 -3.78826281e-09 -3.57631680e-09 -3.40114259e-09 -3.24637428e-09 -3.09776704e-09 -2.94626368e-09 -2.79084322e-09 -2.64171529e-09 -2.52497762e-09 -2.49044452e-09 -2.62497762e-09 -3.07409431e-09 -4.07487699e-09 -6.00290617e-09 3.96625760e-06 3.61539338e-04 1.37878774e-03 3.14220216e-03 5.70517400e-03 9.09382550e-03 1.33265727e-02 1.83872011e-02 2.42742189e-02 3.09589659e-02 3.83890048e-02 4.65087045e-02 5.52812927e-02 6.45381303e-02 7.42433571e-02 8.41211939e-02 9.41257206e-02 1.03976732e-01 1.13392150e-01 1.22200063e-01 1.30173408e-01 1.37015933e-01 1.42476784e-01 1.46391419e-01 1.48606467e-01 1.49053140e-01 1.47717428e-01 1.44638429e-01 1.39931925e-01 1.33750531e-01 1.26316335e-01 1.17875959e-01 1.08759842e-01 9.90988576e-02 8.91149738e-02 7.91698197e-02 6.93500390e-02 5.98486573e-02 5.08228120e-02 4.23731341e-02 3.45639531e-02 2.75076874e-02 2.12279641e-02 1.57497157e-02 1.11037039e-02 7.29715578e-03 4.32338627e-03 2.16338307e-03 7.80809949e-04 1.06579669e-04 -7.48495904e-09 -4.89250007e-09 -3.48595414e-09 -2.79801693e-09 -2.52918086e-09 -2.49307991e-09 -2.57686322e-09 -2.71430534e-09 -2.86871293e-09 -3.02266345e-09 -3.17202253e-09 -3.32218580e-09 -3.48516810e-09 -3.67667891e-09 -3.91289351e-09 -4.20701324e-09 -4.56599203e-09 -4.98794239e-09 -5.46072204e-09 -5.96204069e-09 -6.46121201e-09 -6.92237623e-09 -7.30876554e-09 -7.58737906e-09 -7.73335984e-09 -7.73335990e-09 -7.58737917e-09 -7.30876543e-09 -6.92237628e-09 -6.46121212e-09 -5.96204064e-09 -5.46072187e-09 -4.98794239e-09 -4.56599203e-09 -4.20701340e-09 -3.91289334e-09 -3.67667891e-09 -3.48516804e-09 -3.32218558e-09 -3.17202276e-09 -3.02266356e-09 -2.86871288e-09 -2.71430511e-09 -2.57686306e-09 -2.49307996e-09 -2.52918075e-09 -2.79801698e-09 -3.48595386e-09 -4.89249991e-09 -7.48495926e-09 1.06579669e-04 7.80809949e-04 2.16338307e-03 4.32338627e-03 7.29715578e-03 1.11037039e-02 1.57497157e-02 2.12279641e-02 2.75076874e-02 3.45639531e-02 4.23731341e-02 5.08228120e-02 5.98486573e-02 6.93500390e-02 7.91698197e-02 8.91149738e-02 9.90988576e-02 1.08759842e-01 1.17875959e-01 1.26316335e-01 1.33750531e-01 1.39931925e-01 1.44638429e-01 1.47717428e-01 1.49053140e-01 1.48606467e-01 1.46391419e-01 1.42476784e-01 1.37015933e-01 1.30173408e-01 1.22200063e-01 1.13392150e-01 1.03976732e-01 9.41257206e-02 8.41211939e-02 7.42433571e-02 6.45381303e-02 5.52812927e-02 4.65087045e-02 3.83890048e-02 3.09589659e-02 2.42742189e-02 1.83872011e-02 1.33265727e-02 9.09382550e-03 5.70517400e-03 3.14220216e-03 1.37878774e-03 3.61539338e-04 3.96625760e-06 -6.00290623e-09 -4.07487699e-09 -3.07409409e-09 -2.62497762e-09 -2.49044452e-09 -2.52497762e-09 -2.64171546e-09 -2.79084322e-09 -2.94626379e-09 -3.09776704e-09 -3.24637434e-09 -3.40114287e-09 -3.57631680e-09 -3.78826270e-09 -4.05209899e-09 -4.37828257e-09 -4.76960760e-09 -5.21914695e-09 -5.70956638e-09 -6.21406082e-09 -6.69887623e-09 -7.12712295e-09 -7.46333495e-09 -7.67808289e-09 -7.75192938e-09
-7.75192949e-09 -7.67814889e-09 -7.46360695e-09 -7.12776083e-09 -6.70006484e-09 -6.21600610e-09 -5.71248371e-09 -5.22324284e-09 -4.77506279e-09 -4.38523873e-09 -4.06065581e-09 -3.79848558e-09 -3.58826036e-09 -3.41488016e-09 -3.26206151e-09 -3.11575871e-09 -2.96736857e-09 -2.81688961e-09 -2.67673456e-09 -2.57756616e-09 -2.57824573e-09 -2.78274337e-09 -3.36749911e-09 -4.62308619e-09 -7.01368807e-09 4.18199566e-06 3.70301293e-04 1.41029404e-03 3.20676143e-03 5.81300921e-03 9.24946910e-03 1.35403692e-02 1.86595998e-02 2.46156984e-02 3.13819772e-02 3.89142531e-02 4.71364207e-02 5.60179802e-02 6.54074163e-02 7.52397785e-02 8.52756358e-02 9.54584643e-02 1.05450298e-01 1.15031040e-01 1.24065603e-01 1.32195936e-01 1.39172345e-01 1.44740610e-01 1.48723810e-01 1.50979183e-01 1.51434435e-01 1.50074518e-01 1.46937855e-01 1.42146094e-01 1.35849413e-01 1.28259667e-01 1.19634045e-01 1.10298246e-01 1.00495905e-01 9.03714714e-02 8.02178213e-02 7.02872559e-02 6.06302326e-02 5.15059125e-02 4.29352483e-02 3.50408565e-02 2.79000592e-02 2.15408254e-02 1.59945379e-02 1.12839814e-02 7.42888036e-03 4.40641002e-03 2.20952579e-03 7.98302578e-04 1.09565846e-04 -8.84630835e-09 -5.63868252e-09 -3.88732729e-09 -3.01270542e-09 -2.64609756e-09 -2.56024463e-09 -2.61916488e-09 -2.74412343e-09 -2.89195901e-09 -3.04206460e-09 -3.18879667e-09 -3.33686984e-09 -3.49799478e-09 -3.68775388e-09 -3.92227595e-09 -4.21475899e-09 -4.57218297e-09 -4.99269837e-09 -5.46420381e-09 -5.96444516e-09 -6.46275261e-09 -6.92326491e-09 -7.30919891e-09 -7.58752983e-09 -7.73337611e-09 -7.73337594e-09 -7.58753005e-09 -7.30919913e-09 -6.92326496e-09 -6.46275233e-09 -5.96444538e-09 -5.46420414e-09 -4.99269853e-09 -4.57218297e-09 -4.21475910e-09 -3.92227589e-09 -3.68775388e-09 -3.49799500e-09 -3.33687028e-09 -3.18879678e-09 -3.04206449e-09 -2.89195901e-09 -2.74412348e-09 -2.61916516e-09 -2.56024463e-09 -2.64609745e-09 -3.01270542e-09 -3.88732746e-09 -5.63868252e-09 -8.84630869e-09 1.09565846e-04 7.98302578e-04 2.20952579e-03 4.40641002e-03 7.42888036e-03 1.12839814e-02 1.59945379e-02 2.15408254e-02 2.79000592e-02 3.50408565e-02 4.29352483e-02 5.15059125e-02 6.06302326e-02 7.02872559e-02 8.02178213e-02 9.03714714e-02 1.00495905e-01 1.10298246e-01 1.19634045e-01 1.28259667e-01 1.35849413e-01 1.42146094e-01 1.46937855e-01 1.50074518e-01 1.51434435e-01 1.50979183e-01 1.48723810e-01 1.44740610e-01 1.39172345e-01 1.32195936e-01 1.24065603e-01 1.15031040e-01 1.05450298e-01 9.54584643e-02 8.52756358e-02 7.52397785e-02 6.54074163e-02 5.60179802e-02 4.71364207e-02 3.89142531e-02 3.13819772e-02 2.46156984e-02 1.86595998e-02 1.35403692e-02 9.24946910e-03 5.81300921e-03 3.20676143e-03 1.41029404e-03 3.70301293e-04 4.18199566e-06 -7.01368802e-09 -4.62308614e-09 -3.36749911e-09 -2.78274337e-09 -2.57824606e-09 -2.57756594e-09 -2.67673445e-09 -2.81688950e-09 -2.96736857e-09 -3.11575854e-09 -3.26206162e-09 -3.41488027e-09 -3.58826030e-09 -3.79848542e-09 -4.06065565e-09 -4.38523884e-09 -4.77506262e-09 -5.22324295e-09 -5.71248387e-09 -6.21600615e-09 -6.70006489e-09 -7.12776083e-09 -7.46360707e-09 -7.67814878e-09 -7.75192938e-09
-7.75192954e-09 -7.67823055e-09 -7.46394568e-09 -7.12856107e-09 -6.70156963e-09 -6.21849994e-09 -5.71627690e-09 -5.22865318e-09 -4.78238976e-09 -4.39474035e-09 -4.07253231e-09 -3.81287368e-09 -3.60523833e-09 -3.43449585e-09 -3.28438815e-09 -3.14103765e-09 -2.99632236e-09 -2.85140411e-09 -2.72129869e-09 -2.64214139e-09 -2.68371303e-09 -2.97074398e-09 -3.71739850e-09 -5.27980076e-09 -8.23120344e-09 4.26750857e-06 3.79432187e-04 1.43982773e-03 3.27113451e-03 5.91822251e-03 9.40898761e-03 1.37484301e-02 1.89318634e-02 2.49619546e-02 3.18059504e-02 3.94320855e-02 4.77664874e-02 5.67392740e-02 6.62816307e-02 7.62178621e-02 8.64315208e-02 9.67610284e-02 1.06886880e-01 1.16679552e-01 1.25887728e-01 1.34168500e-01 1.41266854e-01 1.46929097e-01 1.50976382e-01 1.53278487e-01 1.53747135e-01 1.52351498e-01 1.49159107e-01 1.44289095e-01 1.37882970e-01 1.30155792e-01 1.21379998e-01 1.11829156e-01 1.01863432e-01 9.16002788e-02 8.12772147e-02 7.12119378e-02 6.14337073e-02 5.21873638e-02 4.34922413e-02 3.55224178e-02 2.82945168e-02 2.18552646e-02 1.62406061e-02 1.14686599e-02 7.55767637e-03 4.48801624e-03 2.25633076e-03 8.18061128e-04 1.12419415e-04 -1.04905665e-08 -6.53499010e-09 -4.36694436e-09 -3.26844840e-09 -2.78577200e-09 -2.64165567e-09 -2.67197575e-09 -2.78284945e-09 -2.92334157e-09 -3.06904091e-09 -3.21255067e-09 -3.35782596e-09 -3.51628693e-09 -3.70343106e-09 -3.93539556e-09 -4.22542756e-09 -4.58056804e-09 -4.99903158e-09 -5.46876655e-09 -5.96754834e-09 -6.46471354e-09 -6.92438429e-09 -7.30974048e-09 -7.58771723e-09 -7.73339603e-09 -7.73339587e-09 -7.58771723e-09 -7.30974070e-09 -6.92438445e-09 -6.46471354e-09 -5.96754823e-09 -5.46876661e-09 -4.99903169e-09 -4.58056792e-09 -4.22542767e-09 -3.93539568e-09 -3.70343073e-09 -3.51628682e-09 -3.35782568e-09 -3.21255011e-09 -3.06904097e-09 -2.92334174e-09 -2.78284951e-09 -2.67197592e-09 -2.64165562e-09 -2.78577184e-09 -3.26844846e-09 -4.36694453e-09 -6.53499022e-09 -1.04905666e-08 1.12419415e-04 8.18061128e-04 2.25633076e-03 4.48801624e-03 7.55767637e-03 1.14686599e-02 1.62406061e-02 2.18552646e-02 2.82945168e-02 3.55224178e-02 4.34922413e-02 5.21873638e-02 6.14337073e-02 7.12119378e-02 8.12772147e-02 9.16002788e-02 1.01863432e-01 1.11829156e-01 1.21379998e-01 1.30155792e-01 1.37882970e-01 1.44289095e-01 1.49159107e-01 1.52351498e-01 1.53747135e-01 1.53278487e-01 1.50976382e-01 1.46929097e-01 1.41266854e-01 1.34168500e-01 1.25887728e-01 1.16679552e-01 1.06886880e-01 9.67610284e-02 8.64315208e-02 7.62178621e-02 6.62816307e-02 5.67392740e-02 4.77664874e-02 3.94320855e-02 3.18059504e-02 2.49619546e-02 1.89318634e-02 1.37484301e-02 9.40898761e-03 5.91822251e-03 3.27113451e-03 1.43982773e-03 3.79432187e-04 4.26750857e-06 -8.23120372e-09 -5.27980099e-09 -3.71739850e-09 -2.97074410e-09 -2.68371325e-09 -2.64214139e-09 -2.72129869e-09 -2.85140433e-09 -2.99632241e-09 -3.14103787e-09 -3.28438815e-09 -3.43449569e-09 -3.60523850e-09 -3.81287385e-09 -4.07253231e-09 -4.39474024e-09 -4.78238993e-09 -5.22865323e-09 -5.71627695e-09 -6.21849994e-09 -6.70156963e-09 -7.12856113e-09 -7.46394591e-09 -7.67823061e-09 -7.75192965e-09
-7.75192943e-09 -7.67833652e-09 -7.46438067e-09 -7.12958870e-09 -6.70350592e-09 -6.22171492e-09 -5.72118264e-09 -5.23567900e-09 -4.79194850e-09 -4.40719461e-09 -4.08816414e-09 -3.83186577e-09 -3.62766434e-09 -3.46034468e-09 -3.31362981e-09 -3.17378301e-09 -3.03320796e-09 -2.89441893e-09 -2.77551793e-09 -2.71919143e-09 -2.80837503e-09 -3.19294996e-09 -4.13300544e-09 -6.06486406e-09 -9.69581238e-09 4.30288152e-06 3.88859672e-04 1.47157614e-03 3.33429408e-03 6.02384661e-03 9.56783252e-03 1.39604332e-02 1.92185667e-02 2.53240629e-02 3.22419112e-02 3.99560483e-02 4.83996627e-02 5.74696934e-02 6.71500514e-02 7.71932402e-02 8.75965894e-02 9.80543018e-02 1.08323520e-01 1.18321668e-01 1.27687485e-01 1.36105313e-01 1.43313000e-01 1.49059327e-01 1.53235251e-01 1.55613573e-01 1.56094477e-01 1.54656971e-01 1.51363304e-01 1.46373867e-01 1.39870215e-01 1.32027763e-01 1.23109319e-01 1.13394142e-01 1.03217032e-01 9.28283551e-02 8.23629760e-02 7.21326700e-02 6.22457480e-02 5.28632961e-02 4.40780560e-02 3.60109015e-02 2.86926972e-02 2.21716996e-02 1.64893565e-02 1.16574396e-02 7.68776129e-03 4.57191447e-03 2.30260782e-03 8.36820827e-04 1.15130241e-04 -1.24742284e-08 -7.60990831e-09 -4.93843244e-09 -3.57136065e-09 -2.95071234e-09 -2.73820611e-09 -2.73553963e-09 -2.83053281e-09 -2.96290659e-09 -3.10371950e-09 -3.24350863e-09 -3.38537098e-09 -3.54042945e-09 -3.72413689e-09 -3.95269167e-09 -4.23944202e-09 -4.59153293e-09 -5.00727382e-09 -5.47467993e-09 -5.97155581e-09 -6.46724013e-09 -6.92582336e-09 -7.31043603e-09 -7.58795693e-09 -7.73342268e-09 -7.73342268e-09 -7.58795693e-09 -7.31043603e-09 -6.92582330e-09 -6.46723997e-09 -5.97155592e-09 -5.47467999e-09 -5.00727415e-09 -4.59153288e-09 -4.23944208e-09 -3.95269178e-09 -3.72413678e-09 -3.54042945e-09 -3.38537098e-09 -3.24350852e-09 -3.10371961e-09 -2.96290648e-09 -2.83053281e-09 -2.73553957e-09 -2.73820622e-09 -2.95071245e-09 -3.57136093e-09 -4.93843261e-09 -7.60990826e-09 -1.24742284e-08 1.15130241e-04 8.36820827e-04 2.30260782e-03 4.57191447e-03 7.68776129e-03 1.16574396e-02 1.64893565e-02 2.21716996e-02 2.86926972e-02 3.60109015e-02 4.40780560e-02 5.28632961e-02 6.22457480e-02 7.21326700e-02 8.23629760e-02 9.28283551e-02 1.03217032e-01 1.13394142e-01 1.23109319e-01 1.32027763e-01 1.39870215e-01 1.46373867e-01 1.51363304e-01 1.54656971e-01 1.56094477e-01 1.55613573e-01 1.53235251e-01 1.49059327e-01 1.43313000e-01 1.36105313e-01 1.27687485e-01 1.18321668e-01 1.08323520e-01 9.80543018e-02 8.75965894e-02 7.71932402e-02 6.71500514e-02 5.74696934e-02 4.83996627e-02 3.99560483e-02 3.22419112e-02 2.53240629e-02 1.92185667e-02 1.39604332e-02 9.56783252e-03 6.02384661e-03 3.33429408e-03 1.47157614e-03 3.88859672e-04 4.30288152e-06 -9.69581249e-09 -6.06486406e-09 -4.13300566e-09 -3.19294990e-09 -2.80837509e-09 -2.71919154e-09 -2.77551787e-09 -2.89441915e-09 -3.03320802e-09 -3.17378318e-09 -3.31362970e-09 -3.46034479e-09 -3.62766428e-09 -3.83186582e-09 -4.08816447e-09 -4.40719439e-09 -4.79194850e-09 -5.23567895e-09 -5.72118225e-09 -6.22171487e-09 -6.70350575e-09 -7.12958881e-09 -7.46438089e-09 -7.67833636e-09 -7.75192904e-09
-7.75192938e-09 -7.67847258e-09 -7.46494316e-09 -7.13091253e-09 -6.70598971e-09 -6.22582513e-09 -5.72743719e-09 -5.24461585e-09 -4.80408779e-09 -4.42298853e-09 -4.10795686e-09 -3.85585708e-09 -3.65589814e-09 -3.49272250e-09 -3.34998973e-09 -3.21409949e-09 -3.07804293e-09 -2.94591812e-09 -2.83949231e-09 -2.80928569e-09 -2.95404923e-09 -3.45407525e-09 -4.62526684e-09 -7.00190272e-09 -1.14556914e-08 4.48666445e-06 3.98025065e-04 1.50389814e-03 3.39905771e-03 6.13216722e-03 9.72385138e-03 1.41866908e-02 1.95131932e-02 2.56950104e-02 3.26987759e-02 4.04920585e-02 4.90495405e-02 5.82332931e-02 6.80334146e-02 7.82134597e-02 8.87578724e-02 9.93390093e-02 1.09807588e-01 1.19974599e-01 1.29482018e-01 1.38019955e-01 1.45328231e-01 1.51258671e-01 1.55530899e-01 1.57959531e-01 1.58451827e-01 1.56983258e-01 1.53619261e-01 1.48482302e-01 1.41852157e-01 1.33889342e-01 1.24828946e-01 1.14958806e-01 1.04581372e-01 9.40538637e-02 8.34590979e-02 7.30608649e-02 6.30741406e-02 5.35475956e-02 4.46767817e-02 3.65089236e-02 2.90910617e-02 2.24935089e-02 1.67398928e-02 1.18452543e-02 7.81974857e-03 4.66091151e-03 2.34894199e-03 8.54592219e-04 1.18138098e-04 -1.48648278e-08 -8.89739304e-09 -5.61800312e-09 -3.92870275e-09 -3.14389942e-09 -2.85095275e-09 -2.81012724e-09 -2.88718544e-09 -3.01064285e-09 -3.14615828e-09 -3.28182936e-09 -3.41975864e-09 -3.57075403e-09 -3.75025322e-09 -3.97456801e-09 -4.25720059e-09 -4.60544913e-09 -5.01775060e-09 -5.48220735e-09 -5.97667082e-09 -6.47047538e-09 -6.92767305e-09 -7.31133354e-09 -7.58826846e-09 -7.73345676e-09 -7.73345638e-09 -7.58826868e-09 -7.31133359e-09 -6.92767310e-09 -6.47047549e-09 -5.97667088e-09 -5.48220747e-09 -5.01775077e-09 -4.60544913e-09 -4.25720048e-09 -3.97456790e-09 -3.75025322e-09 -3.57075430e-09 -3.41975870e-09 -3.28182953e-09 -3.14615839e-09 -3.01064301e-09 -2.88718505e-09 -2.81012735e-09 -2.85095292e-09 -3.14389947e-09 -3.92870303e-09 -5.61800317e-09 -8.89739316e-09 -1.48648278e-08 1.18138098e-04 8.54592219e-04 2.34894199e-03 4.66091151e-03 7.81974857e-03 1.18452543e-02 1.67398928e-02 2.24935089e-02 2.90910617e-02 3.65089236e-02 4.46767817e-02 5.35475956e-02 6.30741406e-02 7.30608649e-02 8.34590979e-02 9.40538637e-02 1.04581372e-01 1.14958806e-01 1.24828946e-01 1.33889342e-01 1.41852157e-01 1.48482302e-01 1.53619261e-01 1.56983258e-01 1.58451827e-01 1.57959531e-01 1.55530899e-01 1.51258671e-01 1.45328231e-01 1.38019955e-01 1.29482018e-01 1.19974599e-01 1.09807588e-01 9.93390093e-02 8.87578724e-02 7.82134597e-02 6.80334146e-02 5.82332931e-02 4.90495405e-02 4.04920585e-02 3.26987759e-02 2.56950104e-02 1.95131932e-02 1.41866908e-02 9.72385138e-03 6.13216722e-03 3.39905771e-03 1.50389814e-03 3.98025065e-04 4.48666445e-06 -1.14556915e-08 -7.00190256e-09 -4.62526695e-09 -3.45407525e-09 -2.95404889e-09 -2.80928558e-09 -2.83949253e-09 -2.94591829e-09 -3.07804321e-09 -3.21409960e-09 -3.34998990e-09 -3.49272256e-09 -3.65589797e-09 -3.85585708e-09 -4.10795697e-09 -4.42298864e-09 -4.80408791e-09 -5.24461580e-09 -5.72743686e-09 -6.22582502e-09 -6.70598965e-09 -7.13091247e-09 -7.46494316e-09 -7.67847291e-09 -7.75192921e-09
-7.75192915e-09 -7.67864844e-09 -7.46566359e-09 -7.13259973e-09 -6.70913847e-09 -6.23100327e-09 -5.73527115e-09 -5.25575233e-09 -4.81914164e-09 -4.44248599e-09 -4.13228085e-09 -3.88520011e-09 -3.69024328e-09 -3.53185958e-09 -3.39361000e-09 -3.26202809e-09 -3.13078485e-09 -3.00584652e-09 -2.91332836e-09 -2.91309998e-09 -3.12289739e-09 -3.75970655e-09 -5.20716220e-09 -8.11897999e-09 -1.35682132e-08 4.63675788e-06 4.07756706e-04 1.53665943e-03 3.46785975e-03 6.24673752e-03 9.88809994e-03 1.44159484e-02 1.98099823e-02 2.60701559e-02 3.31686412e-02 4.10521625e-02 4.97111508e-02 5.90256876e-02 6.89249235e-02 7.92682356e-02 8.99412857e-02 1.00638656e-01 1.11313581e-01 1.21624592e-01 1.31273483e-01 1.39928107e-01 1.47415715e-01 1.53481431e-01 1.57849349e-01 1.60332474e-01 1.60833330e-01 1.59335195e-01 1.55888476e-01 1.50649157e-01 1.43824959e-01 1.35729960e-01 1.26554252e-01 1.16535965e-01 1.05995436e-01 9.52976510e-02 8.45756650e-02 7.40211507e-02 6.39143080e-02 5.42647551e-02 4.52964150e-02 3.70136127e-02 2.95057742e-02 2.28310835e-02 1.69999150e-02 1.20393322e-02 7.96180925e-03 4.74994704e-03 2.39860798e-03 8.74820474e-04 1.21448488e-04 -1.77428950e-08 -1.04378284e-08 -6.42488635e-09 -4.34908076e-09 -3.36886419e-09 -2.98114988e-09 -2.89605628e-09 -2.95280073e-09 -3.06648923e-09 -3.19635285e-09 -3.32760008e-09 -3.46117679e-09 -3.60753216e-09 -3.78211262e-09 -4.00139044e-09 -4.27907415e-09 -4.62266736e-09 -5.03077285e-09 -5.49161272e-09 -5.98309674e-09 -6.47456344e-09 -6.93002439e-09 -7.31248045e-09 -7.58866775e-09 -7.73350017e-09 -7.73350023e-09 -7.58866792e-09 -7.31248029e-09 -6.93002428e-09 -6.47456355e-09 -5.98309691e-09 -5.49161289e-09 -5.03077269e-09 -4.62266692e-09 -4.27907421e-09 -4.00139000e-09 -3.78211273e-09 -3.60753211e-09 -3.46117668e-09 -3.32760047e-09 -3.19635279e-09 -3.06648901e-09 -2.95280100e-09 -2.89605645e-09 -2.98114960e-09 -3.36886424e-09 -4.34908110e-09 -6.42488657e-09 -1.04378284e-08 -1.77428953e-08 1.21448488e-04 8.74820474e-04 2.39860798e-03 4.74994704e-03 7.96180925e-03 1.20393322e-02 1.69999150e-02 2.28310835e-02 2.95057742e-02 3.70136127e-02 4.52964150e-02 5.42647551e-02 6.39143080e-02 7.40211507e-02 8.45756650e-02 9.52976510e-02 1.05995436e-01 1.16535965e-01 1.26554252e-01 1.35729960e-01 1.43824959e-01 1.50649157e-01 1.55888476e-01 1.59335195e-01 1.60833330e-01 1.60332474e-01 1.57849349e-01 1.53481431e-01 1.47415715e-01 1.39928107e-01 1.31273483e-01 1.21624592e-01 1.11313581e-01 1.00638656e-01 8.99412857e-02 7.92682356e-02 6.89249235e-02 5.90256876e-02 4.97111508e-02 4.10521625e-02 3.31686412e-02 2.60701559e-02 1.98099823e-02 1.44159484e-02 9.88809994e-03 6.24673752e-03 3.46785975e-03 1.53665943e-03 4.07756706e-04 4.63675788e-06 -1.35682131e-08 -8.11897999e-09 -5.20716237e-09 -3.75970655e-09 -3.12289716e-09 -2.91309998e-09 -2.91332841e-09 -3.00584657e-09 -3.13078496e-09 -3.26202798e-09 -3.39361017e-09 -3.53185980e-09 -3.69024328e-09 -3.88520005e-09 -4.13228085e-09 -4.44248610e-09 -4.81914142e-09 -5.25575250e-09 -5.73527115e-09 -6.23100316e-09 -6.70913874e-09 -7.13259973e-09 -7.46566364e-09 -7.67864838e-09 -7.75192915e-09
-7.75192938e-09 -7.67887071e-09 -7.46657480e-09 -7.13471981e-09 -6.71306716e-09 -6.23741953e-09 -5.74491044e-09 -5.26936206e-09 -4.83742202e-09 -4.46602055e-09 -4.16146573e-09 -3.92019606e-09 -3.73094544e-09 -3.57792440e-09 -3.44455853e-09 -3.31753747e-09 -3.19133087e-09 -3.07410730e-09 -2.99713954e-09 -3.03143588e-09 -3.31746997e-09 -4.11644185e-09 -5.89402671e-09 -9.44933481e-09 -1.61015125e-08 4.68090844e-06 4.17567395e-04 1.56955381e-03 3.53771272e-03 6.36375087e-03 1.00621916e-02 1.46537265e-02 2.01178219e-02 2.64566470e-02 3.36488690e-02 4.16436476e-02 5.03912675e-02 5.98415755e-02 6.98375575e-02 8.03487842e-02 9.11406134e-02 1.02003476e-01 1.12842062e-01 1.23301937e-01 1.33066411e-01 1.41872788e-01 1.49544221e-01 1.55727699e-01 1.60177496e-01 1.62703346e-01 1.63212512e-01 1.61688680e-01 1.58184266e-01 1.52834250e-01 1.45871792e-01 1.37591047e-01 1.28293994e-01 1.18144729e-01 1.07447129e-01 9.65614969e-02 8.57207729e-02 7.50298495e-02 6.47821482e-02 5.50231453e-02 4.59341861e-02 3.75324972e-02 2.99423846e-02 2.31807739e-02 1.72722454e-02 1.22412357e-02 8.10464155e-03 4.83982537e-03 2.44918788e-03 8.96140802e-04 1.24349284e-04 -2.12041898e-08 -1.22791091e-08 -7.38183520e-09 -4.84265683e-09 -3.62978425e-09 -3.13028270e-09 -2.99370007e-09 -3.02735209e-09 -3.13033127e-09 -3.25422883e-09 -3.38084166e-09 -3.50974150e-09 -3.65096980e-09 -3.81999110e-09 -4.03347755e-09 -4.30539726e-09 -4.64351235e-09 -5.04663655e-09 -5.50314488e-09 -5.99103012e-09 -6.47964682e-09 -6.93296820e-09 -7.31392569e-09 -7.58917351e-09 -7.73355552e-09 -7.73355563e-09 -7.58917340e-09 -7.31392619e-09 -6.93296875e-09 -6.47964649e-09 -5.99103012e-09 -5.50314505e-09 -5.04663650e-09 -4.64351224e-09 -4.30539748e-09 -4.03347744e-09 -3.81999127e-09 -3.65096997e-09 -3.50974139e-09 -3.38084177e-09 -3.25422889e-09 -3.13033099e-09 -3.02735187e-09 -2.99370023e-09 -3.13028259e-09 -3.62978447e-09 -4.84265705e-09 -7.38183537e-09 -1.22791093e-08 -2.12041901e-08 1.24349284e-04 8.96140802e-04 2.44918788e-03 4.83982537e-03 8.10464155e-03 1.22412357e-02 1.72722454e-02 2.31807739e-02 2.99423846e-02 3.75324972e-02 4.59341861e-02 5.50231453e-02 6.47821482e-02 7.50298495e-02 8.57207729e-02 9.65614969e-02 1.07447129e-01 1.18144729e-01 1.28293994e-01 1.37591047e-01 1.45871792e-01 1.52834250e-01 1.58184266e-01 1.61688680e-01 1.63212512e-01 1.62703346e-01 1.60177496e-01 1.55727699e-01 1.49544221e-01 1.41872788e-01 1.33066411e-01 1.23301937e-01 1.12842062e-01 1.02003476e-01 9.11406134e-02 8.03487842e-02 6.98375575e-02 5.98415755e-02 5.03912675e-02 4.16436476e-02 3.36488690e-02 2.64566470e-02 2.01178219e-02 1.46537265e-02 1.00621916e-02 6.36375087e-03 3.53771272e-03 1.56955381e-03 4.17567395e-04 4.68090844e-06 -1.61015126e-08 -9.44933509e-09 -5.89402682e-09 -4.11644169e-09 -3.31746974e-09 -3.03143610e-09 -2.99713976e-09 -3.07410747e-09 -3.19133081e-09 -3.31753730e-09 -3.44455880e-09 -3.57792435e-09 -3.73094533e-09 -3.92019628e-09 -4.16146578e-09 -4.46602066e-09 -4.83742196e-09 -5.26936228e-09 -5.74491049e-09 -6.23741925e-09 -6.71306699e-09 -7.13471981e-09 -7.46657491e-09 -7.67887065e-09 -7.75192927e-09
-7.75192927e-09 -7.67914832e-09 -7.46770512e-09 -7.13733916e-09 -6.71788908e-09 -6.24523633e-09 -5.75656778e-09 -5.28570337e-09 -4.85921814e-09 -4.49389032e-09 -4.19579932e-09 -3.96109190e-09 -3.77818704e-09 -3.63100799e-09 -3.50282908e-09 -3.38052730e-09 -3.25951671e-09 -3.15057047e-09 -3.09106352e-09 -3.16524684e-09 -3.54078378e-09 -4.53204896e-09 -6.70393852e-09 -1.10322247e-08 -1.91362705e-08 4.82361279e-06 4.27707396e-04 1.60422385e-03 3.60911417e-03 6.48206297e-03 1.02425035e-02 1.48963041e-02 2.04312255e-02 2.68599986e-02 3.41508997e-02 4.22553175e-02 5.11044714e-02 6.06924841e-02 7.08074023e-02 8.14689722e-02 9.23857352e-02 1.03425858e-01 1.14419383e-01 1.25011283e-01 1.34900330e-01 1.43899700e-01 1.51711772e-01 1.58006882e-01 1.62528541e-01 1.65093307e-01 1.65611902e-01 1.64061150e-01 1.60502779e-01 1.55066389e-01 1.47983876e-01 1.39521198e-01 1.30073802e-01 1.19792855e-01 1.08952946e-01 9.78767855e-02 8.69078614e-02 7.60839436e-02 6.56838719e-02 5.58133372e-02 4.65952853e-02 3.80891390e-02 3.04020496e-02 2.35468799e-02 1.75575239e-02 1.24525285e-02 8.25011623e-03 4.93231283e-03 2.50086725e-03 9.16468308e-04 1.27563790e-04 -2.53622424e-08 -1.44778770e-08 -8.51568704e-09 -5.42139883e-09 -3.93157806e-09 -3.30011579e-09 -3.10350012e-09 -3.11079573e-09 -3.20200227e-09 -3.31964817e-09 -3.44149698e-09 -3.56550200e-09 -3.70121034e-09 -3.86410648e-09 -4.07109935e-09 -4.33646796e-09 -4.66827954e-09 -5.06561604e-09 -5.51704238e-09 -6.00066052e-09 -6.48586268e-09 -6.93659447e-09 -7.31571725e-09 -7.58980234e-09 -7.73362441e-09 -7.73362452e-09 -7.58980262e-09 -7.31571731e-09 -6.93659430e-09 -6.48586262e-09 -6.00066064e-09 -5.51704232e-09 -5.06561582e-09 -4.66827965e-09 -4.33646791e-09 -4.07109929e-09 -3.86410648e-09 -3.70121023e-09 -3.56550189e-09 -3.44149709e-09 -3.31964800e-09 -3.20200205e-09 -3.11079584e-09 -3.10350001e-09 -3.30011596e-09 -3.93157823e-09 -5.42139883e-09 -8.51568716e-09 -1.44778770e-08 -2.53622420e-08 1.27563790e-04 9.16468308e-04 2.50086725e-03 4.93231283e-03 8.25011623e-03 1.24525285e-02 1.75575239e-02 2.35468799e-02 3.04020496e-02 3.80891390e-02 4.65952853e-02 5.58133372e-02 6.56838719e-02 7.60839436e-02 8.69078614e-02 9.78767855e-02 1.08952946e-01 1.19792855e-01 1.30073802e-01 1.39521198e-01 1.47983876e-01 1.55066389e-01 1.60502779e-01 1.64061150e-01 1.65611902e-01 1.65093307e-01 1.62528541e-01 1.58006882e-01 1.51711772e-01 1.43899700e-01 1.34900330e-01 1.25011283e-01 1.14419383e-01 1.03425858e-01 9.23857352e-02 8.14689722e-02 7.08074023e-02 6.06924841e-02 5.11044714e-02 4.22553175e-02 3.41508997e-02 2.68599986e-02 2.04312255e-02 1.48963041e-02 1.02425035e-02 6.48206297e-03 3.60911417e-03 1.60422385e-03 4.27707396e-04 4.82361279e-06 -1.91362708e-08 -1.10322246e-08 -6.70393852e-09 -4.53204940e-09 -3.54078350e-09 -3.16524684e-09 -3.09106329e-09 -3.15057042e-09 -3.25951677e-09 -3.38052725e-09 -3.50282892e-09 -3.63100827e-09 -3.77818721e-09 -3.96109195e-09 -4.19579932e-09 -4.49389048e-09 -4.85921792e-09 -5.28570321e-09 -5.75656756e-09 -6.24523633e-09 -6.71788891e-09 -7.13733900e-09 -7.46770545e-09 -7.67914798e-09 -7.75192921e-09
-7.75192938e-09 -7.67948816e-09 -7.46908724e-09 -7.14052228e-09 -6.72371159e-09 -6.25461061e-09 -5.77044379e-09 -5.30501171e-09 -4.88478630e-09 -4.52635363e-09 -4.23551411e-09 -4.00807249e-09 -3.83207865e-09 -3.69113146e-09 -3.56834334e-09 -3.45082551e-09 -3.33512196e-09 -3.23507449e-09 -3.19526772e-09 -3.31566574e-09 -3.79638321e-09 -5.01564434e-09 -7.65812530e-09 -1.29138717e-08 -2.27677250e-08 5.00825424e-06 4.38227760e-04 1.64050048e-03 3.68127351e-03 6.60556851e-03 1.04274055e-02 1.51476206e-02 2.07706591e-02 2.72867369e-02 3.46773974e-02 4.28984116e-02 5.18690952e-02 6.15813560e-02 7.18442425e-02 8.26430395e-02 9.36855718e-02 1.04908244e-01 1.16049249e-01 1.26776768e-01 1.36810482e-01 1.45999312e-01 1.53936200e-01 1.60339050e-01 1.64920539e-01 1.67527492e-01 1.68055069e-01 1.66476594e-01 1.62870187e-01 1.57348803e-01 1.50148952e-01 1.41530970e-01 1.31888739e-01 1.21495854e-01 1.10512577e-01 9.92731816e-02 8.81439864e-02 7.71882478e-02 6.66280480e-02 5.66475322e-02 4.72851776e-02 3.86788399e-02 3.08837172e-02 2.39328089e-02 1.78546958e-02 1.26753612e-02 8.40146858e-03 5.03267109e-03 2.55258035e-03 9.36518068e-04 1.31074443e-04 -3.03512269e-08 -1.71009084e-08 -9.85800086e-09 -6.09935497e-09 -4.28002067e-09 -3.49273055e-09 -3.22599569e-09 -3.20309096e-09 -3.28129146e-09 -3.39240641e-09 -3.50943768e-09 -3.62842301e-09 -3.75831866e-09 -3.91460919e-09 -4.11446865e-09 -4.37253278e-09 -4.69723177e-09 -5.08796072e-09 -5.53352236e-09 -6.01216682e-09 -6.49334314e-09 -6.94098756e-09 -7.31789918e-09 -7.59057306e-09 -7.73370912e-09 -7.73370934e-09 -7.59057306e-09 -7.31789901e-09 -6.94098740e-09 -6.49334314e-09 -6.01216693e-09 -5.53352208e-09 -5.08796072e-09 -4.69723171e-09 -4.37253272e-09 -4.11446843e-09 -3.91460919e-09 -3.75831866e-09 -3.62842334e-09 -3.50943780e-09 -3.39240647e-09 -3.28129135e-09 -3.20309090e-09 -3.22599591e-09 -3.49273038e-09 -4.28002073e-09 -6.09935491e-09 -9.85800103e-09 -1.71009085e-08 -3.03512267e-08 1.31074443e-04 9.36518068e-04 2.55258035e-03 5.03267109e-03 8.40146858e-03 1.26753612e-02 1.78546958e-02 2.39328089e-02 3.08837172e-02 3.86788399e-02 4.72851776e-02 5.66475322e-02 6.66280480e-02 7.71882478e-02 8.81439864e-02 9.92731816e-02 1.10512577e-01 1.21495854e-01 1.31888739e-01 1.41530970e-01 1.50148952e-01 1.57348803e-01 1.62870187e-01 1.66476594e-01 1.68055069e-01 1.67527492e-01 1.64920539e-01 1.60339050e-01 1.53936200e-01 1.45999312e-01 1.36810482e-01 1.26776768e-01 1.16049249e-01 1.04908244e-01 9.36855718e-02 8.26430395e-02 7.18442425e-02 6.15813560e-02 5.18690952e-02 4.28984116e-02 3.46773974e-02 2.72867369e-02 2.07706591e-02 1.51476206e-02 1.04274055e-02 6.60556851e-03 3.68127351e-03 1.64050048e-03 4.38227760e-04 5.00825424e-06 -2.27677253e-08 -1.29138719e-08 -7.65812519e-09 -5.01564429e-09 -3.79638321e-09 -3.31566574e-09 -3.19526783e-09 -3.23507421e-09 -3.33512140e-09 -3.45082563e-09 -3.56834340e-09 -3.69113162e-09 -3.83207854e-09 -4.00807260e-09 -4.23551400e-09 -4.52635363e-09 -4.88478630e-09 -5.30501193e-09 -5.77044368e-09 -6.25461066e-09 -6.72371159e-09 -7.14052228e-09 -7.46908724e-09 -7.67948816e-09 -7.75192949e-09
-7.75192932e-09 -7.67989838e-09 -7.47074758e-09 -7.14432985e-09 -6.73063660e-09 -6.26568530e-09 -5.78672066e-09 -5.32749767e-09 -4.91434871e-09 -4.56362270e-09 -4.28078989e-09 -4.06125655e-09 -3.89265919e-09 -3.75823733e-09 -3.64094299e-09 -3.52819191e-09 -3.41786971e-09 -3.32743666e-09 -3.30997185e-09 -3.48404072e-09 -4.08842538e-09 -5.57788532e-09 -8.78144224e-09 -1.51485214e-08 -2.71079295e-08 5.07314008e-06 4.49115640e-04 1.67797809e-03 3.75901444e-03 6.73488820e-03 1.06157312e-02 1.54184577e-02 2.11318609e-02 2.77431526e-02 3.52301714e-02 4.35735239e-02 5.26811481e-02 6.25133475e-02 7.29363129e-02 8.38660895e-02 9.50577776e-02 1.06452524e-01 1.17738506e-01 1.28593922e-01 1.38813218e-01 1.48153597e-01 1.56220294e-01 1.62711713e-01 1.67366293e-01 1.70011500e-01 1.70544947e-01 1.68949212e-01 1.65276249e-01 1.59682209e-01 1.52371018e-01 1.43613889e-01 1.33775757e-01 1.23248454e-01 1.12136140e-01 1.00743918e-01 8.94363961e-02 7.83499259e-02 6.76303317e-02 5.75175639e-02 4.80140605e-02 3.93033173e-02 3.13939591e-02 2.43332580e-02 1.81628658e-02 1.29036737e-02 8.56134476e-03 5.13600095e-03 2.60858673e-03 9.59656654e-04 1.34545580e-04 -3.63291883e-08 -2.02266737e-08 -1.14457679e-08 -6.89295399e-09 -4.68186995e-09 -3.71057313e-09 -3.36183337e-09 -3.30419392e-09 -3.36794520e-09 -3.47223622e-09 -3.58446173e-09 -3.69840203e-09 -3.82228704e-09 -3.97158156e-09 -4.16373602e-09 -4.41379100e-09 -4.73058748e-09 -5.11388909e-09 -5.55278429e-09 -6.02571160e-09 -6.50221160e-09 -6.94622826e-09 -7.32051741e-09 -7.59149976e-09 -7.73381115e-09 -7.73381115e-09 -7.59150004e-09 -7.32051741e-09 -6.94622826e-09 -6.50221132e-09 -6.02571149e-09 -5.55278445e-09 -5.11388898e-09 -4.73058770e-09 -4.41379111e-09 -4.16373630e-09 -3.97158156e-09 -3.82228726e-09 -3.69840203e-09 -3.58446206e-09 -3.47223628e-09 -3.36794537e-09 -3.30419392e-09 -3.36183353e-09 -3.71057302e-09 -4.68187000e-09 -6.89295382e-09 -1.14457679e-08 -2.02266737e-08 -3.63291883e-08 1.34545580e-04 9.59656654e-04 2.60858673e-03 5.13600095e-03 8.56134476e-03 1.29036737e-02 1.81628658e-02 2.43332580e-02 3.13939591e-02 3.93033173e-02 4.80140605e-02 5.75175639e-02 6.76303317e-02 7.83499259e-02 8.94363961e-02 1.00743918e-01 1.12136140e-01 1.23248454e-01 1.33775757e-01 1.43613889e-01 1.52371018e-01 1.59682209e-01 1.65276249e-01 1.68949212e-01 1.70544947e-01 1.70011500e-01 1.67366293e-01 1.62711713e-01 1.56220294e-01 1.48153597e-01 1.38813218e-01 1.28593922e-01 1.17738506e-01 1.06452524e-01 9.50577776e-02 8.38660895e-02 7.29363129e-02 6.25133475e-02 5.26811481e-02 4.35735239e-02 3.52301714e-02 2.77431526e-02 2.11318609e-02 1.54184577e-02 1.06157312e-02 6.73488820e-03 3.75901444e-03 1.67797809e-03 4.49115640e-04 5.07314008e-06 -2.71079296e-08 -1.51485215e-08 -8.78144213e-09 -5.57788538e-09 -4.08842532e-09 -3.48404045e-09 -3.30997196e-09 -3.32743677e-09 -3.41786976e-09 -3.52819185e-09 -3.64094299e-09 -3.75823728e-09 -3.89265908e-09 -4.06125639e-09 -4.28078983e-09 -4.56362254e-09 -4.91434876e-09 -5.32749778e-09 -5.78672066e-09 -6.26568530e-09 -6.73063655e-09 -7.14433007e-09 -7.47074747e-09 -7.67989827e-09 -7.75192927e-09
-7.75192932e-09 -7.68038455e-09 -7.47271428e-09 -7.14881976e-09 -6.73875666e-09 -6.27858843e-09 -5.80555926e-09 -5.35334138e-09 -4.94808772e-09 -4.60585853e-09 -4.33174208e-09 -4.12069495e-09 -3.95989114e-09 -3.83218945e-09 -3.72039521e-09 -3.61231495e-09 -3.50743384e-09 -3.42745698e-09 -3.43544793e-09 -3.67196051e-09 -4.42176301e-09 -6.23118812e-09 -1.01028904e-08 -1.77996221e-08 -3.22882596e-08 5.14977842e-06 4.60176419e-04 1.71528709e-03 3.84052710e-03 6.87111460e-03 1.08170111e-02 1.57028090e-02 2.15101421e-02 2.82240751e-02 3.58235910e-02 4.42891993e-02 5.35354080e-02 6.34930761e-02 7.40813448e-02 8.51535905e-02 9.65090170e-02 1.08070793e-01 1.19503657e-01 1.30476465e-01 1.40895770e-01 1.50385685e-01 1.58566102e-01 1.65138432e-01 1.69862562e-01 1.72537198e-01 1.73077958e-01 1.71462651e-01 1.67750926e-01 1.62070874e-01 1.54658563e-01 1.45776302e-01 1.35775085e-01 1.25068278e-01 1.13832391e-01 1.02289190e-01 9.07921695e-02 7.95720495e-02 6.87021854e-02 5.84364665e-02 4.88038117e-02 3.99619474e-02 3.19261253e-02 2.47522247e-02 1.84842414e-02 1.31427603e-02 8.73194224e-03 5.24162949e-03 2.66682866e-03 9.83868735e-04 1.37832394e-04 -4.34816175e-08 -2.39470662e-08 -1.33221999e-08 -7.82134618e-09 -5.14499809e-09 -3.95651556e-09 -3.51179008e-09 -3.41407830e-09 -3.46167356e-09 -3.55880536e-09 -3.66629249e-09 -3.77524967e-09 -3.89303079e-09 -4.03502953e-09 -4.21898916e-09 -4.46038551e-09 -4.76852186e-09 -5.14358456e-09 -5.57499996e-09 -6.04144124e-09 -6.51257759e-09 -6.95239116e-09 -7.32361066e-09 -7.59259983e-09 -7.73393272e-09 -7.73393233e-09 -7.59259955e-09 -7.32361077e-09 -6.95239100e-09 -6.51257764e-09 -6.04144140e-09 -5.57499974e-09 -5.14358423e-09 -4.76852186e-09 -4.46038539e-09 -4.21898910e-09 -4.03502937e-09 -3.89303062e-09 -3.77524989e-09 -3.66629238e-09 -3.55880558e-09 -3.46167373e-09 -3.41407791e-09 -3.51179003e-09 -3.95651589e-09 -5.14499798e-09 -7.82134590e-09 -1.33222000e-08 -2.39470662e-08 -4.34816174e-08 1.37832394e-04 9.83868735e-04 2.66682866e-03 5.24162949e-03 8.73194224e-03 1.31427603e-02 1.84842414e-02 2.47522247e-02 3.19261253e-02 3.99619474e-02 4.88038117e-02 5.84364665e-02 6.87021854e-02 7.95720495e-02 9.07921695e-02 1.02289190e-01 1.13832391e-01 1.25068278e-01 1.35775085e-01 1.45776302e-01 1.54658563e-01 1.62070874e-01 1.67750926e-01 1.71462651e-01 1.73077958e-01 1.72537198e-01 1.69862562e-01 1.65138432e-01 1.58566102e-01 1.50385685e-01 1.40895770e-01 1.30476465e-01 1.19503657e-01 1.08070793e-01 9.65090170e-02 8.51535905e-02 7.40813448e-02 6.34930761e-02 5.35354080e-02 4.42891993e-02 3.58235910e-02 2.82240751e-02 2.15101421e-02 1.57028090e-02 1.08170111e-02 6.87111460e-03 3.84052710e-03 1.71528709e-03 4.60176419e-04 5.14977842e-06 -3.22882594e-08 -1.77996218e-08 -1.01028906e-08 -6.23118801e-09 -4.42176307e-09 -3.67196029e-09 -3.43544798e-09 -3.42745704e-09 -3.50743395e-09 -3.61231473e-09 -3.72039549e-09 -3.83218951e-09 -3.95989119e-09 -4.12069473e-09 -4.33174208e-09 -4.60585869e-09 -4.94808766e-09 -5.35334105e-09 -5.80555953e-09 -6.27858859e-09 -6.73875666e-09 -7.14881965e-09 -7.47271450e-09 -7.68038461e-09 -7.75192938e-09
-7.75192949e-09 -7.68095459e-09 -7.47500989e-09 -7.15404258e-09 -6.74815470e-09 -6.29343466e-09 -5.82709536e-09 -5.38268868e-09 -4.98613945e-09 -4.65316868e-09 -4.38842251e-09 -4.18636054e-09 -4.03365674e-09 -3.91277249e-09 -3.80638993e-09 -3.70282149e-09 -3.60343994e-09 -3.53492419e-09 -3.57204766e-09 -3.88129773e-09 -4.80203183e-09 -6.98995950e-09 -1.16561790e-08 -2.09411144e-08 -3.84621895e-08 5.36432070e-06 4.71680755e-04 1.75518908e-03 3.92364120e-03 7.01196165e-03 1.10296290e-02 1.59971746e-02 2.19016038e-02 2.87264276e-02 3.64526046e-02 4.50394205e-02 5.44397981e-02 6.45294002e-02 7.52973445e-02 8.65134253e-02 9.80444480e-02 1.09769597e-01 1.21340566e-01 1.32472343e-01 1.43075110e-01 1.52702017e-01 1.60988782e-01 1.67651178e-01 1.72426123e-01 1.75133769e-01 1.75684054e-01 1.74043854e-01 1.70289067e-01 1.64537004e-01 1.57031824e-01 1.48026014e-01 1.37867856e-01 1.26966825e-01 1.15599063e-01 1.03907904e-01 9.22247805e-02 8.08633347e-02 6.98375984e-02 5.94103261e-02 4.96357162e-02 4.06539526e-02 3.24805615e-02 2.51938381e-02 1.88256149e-02 1.33917842e-02 8.90608782e-03 5.35014728e-03 2.72737073e-03 1.00675638e-03 1.41460523e-04 -5.20254181e-08 -2.83693153e-08 -1.55375864e-08 -8.90677143e-09 -5.67854297e-09 -4.23390512e-09 -3.67680392e-09 -3.53274071e-09 -3.56215429e-09 -3.65172936e-09 -3.75458442e-09 -3.85870347e-09 -3.97038202e-09 -4.10488366e-09 -4.28024349e-09 -4.51239712e-09 -4.81115875e-09 -5.17719112e-09 -5.60031316e-09 -6.05948214e-09 -6.52454102e-09 -6.95954305e-09 -7.32721739e-09 -7.59388658e-09 -7.73407455e-09 -7.73407460e-09 -7.59388619e-09 -7.32721728e-09 -6.95954278e-09 -6.52454091e-09 -6.05948236e-09 -5.60031294e-09 -5.17719118e-09 -4.81115897e-09 -4.51239712e-09 -4.28024366e-09 -4.10488366e-09 -3.97038197e-09 -3.85870325e-09 -3.75458437e-09 -3.65172925e-09 -3.56215413e-09 -3.53274043e-09 -3.67680431e-09 -4.23390512e-09 -5.67854308e-09 -8.90677110e-09 -1.55375864e-08 -2.83693152e-08 -5.20254183e-08 1.41460523e-04 1.00675638e-03 2.72737073e-03 5.35014728e-03 8.90608782e-03 1.33917842e-02 1.88256149e-02 2.51938381e-02 3.24805615e-02 4.06539526e-02 4.96357162e-02 5.94103261e-02 6.98375984e-02 8.08633347e-02 9.22247805e-02 1.03907904e-01 1.15599063e-01 1.26966825e-01 1.37867856e-01 1.48026014e-01 1.57031824e-01 1.64537004e-01 1.70289067e-01 1.74043854e-01 1.75684054e-01 1.75133769e-01 1.72426123e-01 1.67651178e-01 1.60988782e-01 1.52702017e-01 1.43075110e-01 1.32472343e-01 1.21340566e-01 1.09769597e-01 9.80444480e-02 8.65134253e-02 7.52973445e-02 6.45294002e-02 5.44397981e-02 4.50394205e-02 3.64526046e-02 2.87264276e-02 2.19016038e-02 1.59971746e-02 1.10296290e-02 7.01196165e-03 3.92364120e-03 1.75518908e-03 4.71680755e-04 5.36432070e-06 -3.84621892e-08 -2.09411141e-08 -1.16561791e-08 -6.98995933e-09 -4.80203177e-09 -3.88129756e-09 -3.57204744e-09 -3.53492424e-09 -3.60343994e-09 -3.70282138e-09 -3.80638965e-09 -3.91277255e-09 -4.03365669e-09 -4.18636059e-09 -4.38842257e-09 -4.65316830e-09 -4.98613939e-09 -5.38268863e-09 -5.82709547e-09 -6.29343483e-09 -6.74815448e-09 -7.15404258e-09 -7.47500994e-09 -7.68095482e-09 -7.75192932e-09
-7.75192943e-09 -7.68161351e-09 -7.47765777e-09 -7.16004145e-09 -6.75889839e-09 -6.31031627e-09 -5.85143528e-09 -5.41564577e-09 -5.02859149e-09 -4.70559608e-09 -4.45081327e-09 -4.25815283e-09 -4.11375811e-09 -3.99968875e-09 -3.89854427e-09 -3.79927262e-09 -3.70547393e-09 -3.64963082e-09 -3.72021625e-09 -4.11424367e-09 -5.23575738e-09 -7.87085608e-09 -1.34803487e-08 -2.46588551e-08 -4.58083225e-08 5.50937929e-06 4.83909065e-04 1.79608278e-03 4.00810339e-03 7.15647845e-03 1.12509240e-02 1.63094030e-02 2.23119633e-02 2.92542143e-02 3.71117653e-02 4.58278062e-02 5.53931650e-02 6.56382487e-02 7.65771401e-02 8.79405571e-02 9.96636286e-02 1.11551295e-01 1.23260609e-01 1.34582878e-01 1.45350669e-01 1.55101198e-01 1.63499112e-01 1.70254310e-01 1.75083364e-01 1.77832388e-01 1.78388948e-01 1.76727512e-01 1.72921439e-01 1.67100141e-01 1.59501206e-01 1.50377847e-01 1.40066719e-01 1.28961697e-01 1.17450881e-01 1.05617761e-01 9.37553631e-02 8.22198634e-02 7.10377595e-02 6.04347330e-02 5.05162591e-02 4.13782523e-02 3.30656263e-02 2.56626332e-02 1.91853443e-02 1.36551378e-02 9.08450251e-03 5.46195274e-03 2.78690714e-03 1.02997306e-03 1.45510692e-04 -6.22132412e-08 -3.36180758e-08 -1.81502505e-08 -1.01749532e-08 -6.29306457e-09 -4.54662935e-09 -3.85798749e-09 -3.66021802e-09 -3.66904179e-09 -3.75056702e-09 -3.84891741e-09 -3.94842015e-09 -4.05409351e-09 -4.18099810e-09 -4.34744013e-09 -4.56984062e-09 -4.85856699e-09 -5.21480858e-09 -5.62883196e-09 -6.07993544e-09 -6.53818183e-09 -6.96773950e-09 -7.33136840e-09 -7.59537111e-09 -7.73423914e-09 -7.73423914e-09 -7.59537128e-09 -7.33136840e-09 -6.96773955e-09 -6.53818166e-09 -6.07993550e-09 -5.62883201e-09 -5.21480864e-09 -4.85856710e-09 -4.56984084e-09 -4.34744019e-09 -4.18099788e-09 -4.05409373e-09 -3.94842020e-09 -3.84891735e-09 -3.75056708e-09 -3.66904163e-09 -3.66021813e-09 -3.85798771e-09 -4.54662946e-09 -6.29306451e-09 -1.01749536e-08 -1.81502507e-08 -3.36180755e-08 -6.22132414e-08 1.45510692e-04 1.02997306e-03 2.78690714e-03 5.46195274e-03 9.08450251e-03 1.36551378e-02 1.91853443e-02 2.56626332e-02 3.30656263e-02 4.13782523e-02 5.05162591e-02 6.04347330e-02 7.10377595e-02 8.22198634e-02 9.37553631e-02 1.05617761e-01 1.17450881e-01 1.28961697e-01 1.40066719e-01 1.50377847e-01 1.59501206e-01 1.67100141e-01 1.72921439e-01 1.76727512e-01 1.78388948e-01 1.77832388e-01 1.75083364e-01 1.70254310e-01 1.63499112e-01 1.55101198e-01 1.45350669e-01 1.34582878e-01 1.23260609e-01 1.11551295e-01 9.96636286e-02 8.79405571e-02 7.65771401e-02 6.56382487e-02 5.53931650e-02 4.58278062e-02 3.71117653e-02 2.92542143e-02 2.23119633e-02 1.63094030e-02 1.12509240e-02 7.15647845e-03 4.00810339e-03 1.79608278e-03 4.83909065e-04 5.50937929e-06 -4.58083224e-08 -2.46588553e-08 -1.34803484e-08 -7.87085619e-09 -5.23575749e-09 -4.11424356e-09 -3.72021647e-09 -3.64963082e-09 -3.70547393e-09 -3.79927267e-09 -3.89854415e-09 -3.99968875e-09 -4.11375817e-09 -4.25815261e-09 -4.45081322e-09 -4.70559591e-09 -5.02859177e-09 -5.41564565e-09 -5.85143517e-09 -6.31031605e-09 -6.75889822e-09 -7.16004150e-09 -7.47765783e-09 -7.68161351e-09 -7.75192932e-09
-7.75192921e-09 -7.68236452e-09 -7.48067414e-09 -7.16685444e-09 -6.77104672e-09 -6.32930219e-09 -5.87865528e-09 -5.45227757e-09 -5.07547759e-09 -4.76312362e-09 -4.51882270e-09 -4.33589159e-09 -4.19991952e-09 -4.09256573e-09 -3.99640532e-09 -3.90117316e-09 -3.81308829e-09 -3.77137843e-09 -3.88050769e-09 -4.37334691e-09 -5.73045456e-09 -8.89305052e-09 -1.56204475e-08 -2.90521570e-08 -5.45336988e-08 5.59127376e-06 4.96170983e-04 1.83964127e-03 4.09759456e-03 7.30758892e-03 1.14817400e-02 1.66289471e-02 2.27341041e-02 2.98054336e-02 3.78028075e-02 4.66727365e-02 5.63956193e-02 6.68142317e-02 7.79208082e-02 8.94436960e-02 1.01373799e-01 1.13422281e-01 1.25270633e-01 1.36801478e-01 1.47720326e-01 1.57602956e-01 1.66101253e-01 1.72934709e-01 1.77833472e-01 1.80614250e-01 1.81176646e-01 1.79498090e-01 1.75635896e-01 1.69744732e-01 1.62049854e-01 1.52816095e-01 1.42369978e-01 1.31081661e-01 1.19391761e-01 1.07413116e-01 9.53696404e-02 8.36444413e-02 7.22971954e-02 6.15083929e-02 5.14404681e-02 4.21357380e-02 3.36833642e-02 2.61545318e-02 1.95631298e-02 1.39324114e-02 9.27147306e-03 5.58342894e-03 2.85006064e-03 1.05613781e-03 1.49309699e-04 -7.43382045e-08 -3.98377036e-08 -2.12275702e-08 -1.16555381e-08 -7.00071801e-09 -4.89918045e-09 -4.05666090e-09 -3.79658915e-09 -3.78197629e-09 -3.85483179e-09 -3.94881383e-09 -4.04398276e-09 -4.14384099e-09 -4.26314217e-09 -4.42044484e-09 -4.63266608e-09 -4.91075858e-09 -5.25648730e-09 -5.66062802e-09 -6.10287521e-09 -6.55356575e-09 -6.97702773e-09 -7.33609040e-09 -7.59706520e-09 -7.73442727e-09 -7.73442732e-09 -7.59706531e-09 -7.33609024e-09 -6.97702796e-09 -6.55356569e-09 -6.10287509e-09 -5.66062824e-09 -5.25648725e-09 -4.91075841e-09 -4.63266625e-09 -4.42044512e-09 -4.26314234e-09 -4.14384099e-09 -4.04398254e-09 -3.94881400e-09 -3.85483157e-09 -3.78197629e-09 -3.79658910e-09 -4.05666106e-09 -4.89918067e-09 -7.00071812e-09 -1.16555379e-08 -2.12275700e-08 -3.98377038e-08 -7.43382043e-08 1.49309699e-04 1.05613781e-03 2.85006064e-03 5.58342894e-03 9.27147306e-03 1.39324114e-02 1.95631298e-02 2.61545318e-02 3.36833642e-02 4.21357380e-02 5.14404681e-02 6.15083929e-02 7.22971954e-02 8.36444413e-02 9.53696404e-02 1.07413116e-01 1.19391761e-01 1.31081661e-01 1.42369978e-01 1.52816095e-01 1.62049854e-01 1.69744732e-01 1.75635896e-01 1.79498090e-01 1.81176646e-01 1.80614250e-01 1.77833472e-01 1.72934709e-01 1.66101253e-01 1.57602956e-01 1.47720326e-01 1.36801478e-01 1.25270633e-01 1.13422281e-01 1.01373799e-01 8.94436960e-02 7.79208082e-02 6.68142317e-02 5.63956193e-02 4.66727365e-02 3.78028075e-02 2.98054336e-02 2.27341041e-02 1.66289471e-02 1.14817400e-02 7.30758892e-03 4.09759456e-03 1.83964127e-03 4.96170983e-04 5.59127376e-06 -5.45336988e-08 -2.90521571e-08 -1.56204477e-08 -8.89305030e-09 -5.73045461e-09 -4.37334663e-09 -3.88050742e-09 -3.77137832e-09 -3.81308807e-09 -3.90117322e-09 -3.99640543e-09 -4.09256595e-09 -4.19991958e-09 -4.33589165e-09 -4.51882237e-09 -4.76312334e-09 -5.07547726e-09 -5.45227768e-09 -5.87865501e-09 -6.32930225e-09 -6.77104672e-09 -7.16685439e-09 -7.48067425e-09 -7.68236452e-09 -7.75192921e-09
-7.75192949e-09 -7.68321384e-09 -7.48407369e-09 -7.17450682e-09 -6.78463646e-09 -6.35044095e-09 -5.90879579e-09 -5.49260259e-09 -5.12677401e-09 -4.82566703e-09 -4.59228644e-09 -4.41932024e-09 -4.29178382e-09 -4.19095453e-09 -4.09945272e-09 -4.00798283e-09 -3.92581068e-09 -3.89999077e-09 -4.05360040e-09 -4.66155881e-09 -6.29473929e-09 -1.00785269e-08 -1.81282405e-08 -3.42354470e-08 -6.48773417e-08 5.72580185e-06 5.08446657e-04 1.88221119e-03 4.19027337e-03 7.46424217e-03 1.17192747e-02 1.69581669e-02 2.31818090e-02 3.03782242e-02 3.85268679e-02 4.75585408e-02 5.74422847e-02 6.80487085e-02 7.93269894e-02 9.10400587e-02 1.03163781e-01 1.15374651e-01 1.27383294e-01 1.39124574e-01 1.50191357e-01 1.60198110e-01 1.68800355e-01 1.75714712e-01 1.80673539e-01 1.83508728e-01 1.84089994e-01 1.82358777e-01 1.78453440e-01 1.72487416e-01 1.64695535e-01 1.55345840e-01 1.44767953e-01 1.33313055e-01 1.21423021e-01 1.09288965e-01 9.70740616e-02 8.51338341e-02 7.36243665e-02 6.26422218e-02 5.24095189e-02 4.29260358e-02 3.43366286e-02 2.66728751e-02 1.99547202e-02 1.42204498e-02 9.46665401e-03 5.70735886e-03 2.91690912e-03 1.08362363e-03 1.53063087e-04 -8.87389509e-08 -4.71947067e-08 -2.48470799e-08 -1.33825516e-08 -7.81543041e-09 -5.29672201e-09 -4.27437874e-09 -3.94200383e-09 -3.90059168e-09 -3.96400113e-09 -4.05373446e-09 -4.14490442e-09 -4.23921664e-09 -4.35101000e-09 -4.49904930e-09 -4.70075012e-09 -4.96768104e-09 -5.30222899e-09 -5.69573499e-09 -6.12834683e-09 -6.57073596e-09 -6.98744124e-09 -7.34140276e-09 -7.59897623e-09 -7.73463887e-09 -7.73463887e-09 -7.59897623e-09 -7.34140304e-09 -6.98744135e-09 -6.57073601e-09 -6.12834705e-09 -5.69573505e-09 -5.30222882e-09 -4.96768104e-09 -4.70075023e-09 -4.49904924e-09 -4.35100966e-09 -4.23921642e-09 -4.14490436e-09 -4.05373424e-09 -3.96400118e-09 -3.90059163e-09 -3.94200361e-09 -4.27437874e-09 -5.29672201e-09 -7.81543030e-09 -1.33825514e-08 -2.48470800e-08 -4.71947069e-08 -8.87389511e-08 1.53063087e-04 1.08362363e-03 2.91690912e-03 5.70735886e-03 9.46665401e-03 1.42204498e-02 1.99547202e-02 2.66728751e-02 3.43366286e-02 4.29260358e-02 5.24095189e-02 6.26422218e-02 7.36243665e-02 8.51338341e-02 9.70740616e-02 1.09288965e-01 1.21423021e-01 1.33313055e-01 1.44767953e-01 1.55345840e-01 1.64695535e-01 1.72487416e-01 1.78453440e-01 1.82358777e-01 1.84089994e-01 1.83508728e-01 1.80673539e-01 1.75714712e-01 1.68800355e-01 1.60198110e-01 1.50191357e-01 1.39124574e-01 1.27383294e-01 1.15374651e-01 1.03163781e-01 9.10400587e-02 7.93269894e-02 6.80487085e-02 5.74422847e-02 4.75585408e-02 3.85268679e-02 3.03782242e-02 2.31818090e-02 1.69581669e-02 1.17192747e-02 7.46424217e-03 4.19027337e-03 1.88221119e-03 5.08446657e-04 5.72580185e-06 -6.48773419e-08 -3.42354469e-08 -1.81282406e-08 -1.00785268e-08 -6.29473906e-09 -4.66155892e-09 -4.05360057e-09 -3.89999050e-09 -3.92581034e-09 -4.00798317e-09 -4.09945256e-09 -4.19095469e-09 -4.29178382e-09 -4.41931980e-09 -4.59228633e-09 -4.82566709e-09 -5.12677389e-09 -5.49260259e-09 -5.90879556e-09 -6.35044073e-09 -6.78463652e-09 -7.17450671e-09 -7.48407381e-09 -7.68321384e-09 -7.75192943e-09
-7.75192927e-09 -7.68416275e-09 -7.48786383e-09 -7.18301629e-09 -6.79969064e-09 -6.37375080e-09 -5.94185967e-09 -5.53659185e-09 -5.18240251e-09 -4.89307583e-09 -4.67096672e-09 -4.50810239e-09 -4.38891840e-09 -4.29433966e-09 -4.20711366e-09 -4.11911899e-09 -4.04315637e-09 -4.03532485e-09 -4.24032548e-09 -4.98227620e-09 -6.93844510e-09 -1.14523900e-08 -2.10629993e-08 -4.03400524e-08 -7.71140920e-08 5.92114715e-06 5.21550750e-04 1.92743486e-03 4.28561537e-03 7.62899575e-03 1.19615637e-02 1.73088426e-02 2.36536599e-02 3.09789848e-02 3.92825310e-02 4.84835666e-02 5.85299044e-02 6.93435550e-02 8.07993713e-02 9.27213660e-02 1.05033079e-01 1.17416406e-01 1.29626262e-01 1.41545863e-01 1.52764470e-01 1.62891540e-01 1.71606320e-01 1.78593939e-01 1.83632781e-01 1.86549033e-01 1.87138132e-01 1.85376247e-01 1.81357837e-01 1.75329600e-01 1.67451661e-01 1.57980738e-01 1.47262399e-01 1.35649942e-01 1.23550894e-01 1.11247268e-01 9.88566855e-02 8.66898531e-02 7.50126447e-02 6.38353791e-02 5.34197947e-02 4.37601330e-02 3.50212773e-02 2.72095181e-02 2.03593586e-02 1.45128876e-02 9.67346356e-03 5.83511214e-03 2.98700461e-03 1.10952598e-03 1.57149621e-04 -1.05805114e-07 -5.58803810e-08 -2.90976619e-08 -1.53948984e-08 -8.75309641e-09 -5.74516040e-09 -4.51295235e-09 -4.09668449e-09 -4.02452610e-09 -4.07751893e-09 -4.16309254e-09 -4.25063607e-09 -4.33974640e-09 -4.44421644e-09 -4.58296623e-09 -4.77389994e-09 -5.02922104e-09 -5.35198247e-09 -5.73414077e-09 -6.15636403e-09 -6.58971511e-09 -6.99900077e-09 -7.34732047e-09 -7.60110941e-09 -7.73487618e-09 -7.73487624e-09 -7.60110924e-09 -7.34732064e-09 -6.99900071e-09 -6.58971522e-09 -6.15636436e-09 -5.73414094e-09 -5.35198247e-09 -5.02922104e-09 -4.77390000e-09 -4.58296617e-09 -4.44421633e-09 -4.33974645e-09 -4.25063573e-09 -4.16309243e-09 -4.07751888e-09 -4.02452627e-09 -4.09668427e-09 -4.51295223e-09 -5.74516046e-09 -8.75309608e-09 -1.53948985e-08 -2.90976621e-08 -5.58803809e-08 -1.05805114e-07 1.57149621e-04 1.10952598e-03 2.98700461e-03 5.83511214e-03 9.67346356e-03 1.45128876e-02 2.03593586e-02 2.72095181e-02 3.50212773e-02 4.37601330e-02 5.34197947e-02 6.38353791e-02 7.50126447e-02 8.66898531e-02 9.88566855e-02 1.11247268e-01 1.23550894e-01 1.35649942e-01 1.47262399e-01 1.57980738e-01 1.67451661e-01 1.75329600e-01 1.81357837e-01 1.85376247e-01 1.87138132e-01 1.86549033e-01 1.83632781e-01 1.78593939e-01 1.71606320e-01 1.62891540e-01 1.52764470e-01 1.41545863e-01 1.29626262e-01 1.17416406e-01 1.05033079e-01 9.27213660e-02 8.07993713e-02 6.93435550e-02 5.85299044e-02 4.84835666e-02 3.92825310e-02 3.09789848e-02 2.36536599e-02 1.73088426e-02 1.19615637e-02 7.62899575e-03 4.28561537e-03 1.92743486e-03 5.21550750e-04 5.92114715e-06 -7.71140921e-08 -4.03400525e-08 -2.10629995e-08 -1.14523898e-08 -6.93844515e-09 -4.98227615e-09 -4.24032565e-09 -4.03532474e-09 -4.04315648e-09 -4.11911910e-09 -4.20711371e-09 -4.29433966e-09 -4.38891845e-09 -4.50810250e-09 -4.67096661e-09 -4.89307561e-09 -5.18240223e-09 -5.53659163e-09 -5.94185967e-09 -6.37375075e-09 -6.79969064e-09 -7.18301618e-09 -7.48786394e-09 -7.68416264e-09 -7.75192927e-09
-7.75192893e-09 -7.68521174e-09 -7.49205004e-09 -7.19238946e-09 -6.81621293e-09 -6.39922326e-09 -5.97781524e-09 -5.58416907e-09 -5.24222410e-09 -4.96513103e-09 -4.75455386e-09 -4.60183236e-09 -4.49082499e-09 -4.40214176e-09 -4.31876468e-09 -4.23396584e-09 -4.16463369e-09 -4.17728141e-09 -4.44167481e-09 -5.33938227e-09 -7.67274450e-09 -1.30431929e-08 -2.44923054e-08 -4.75160907e-08 -9.15586460e-08 6.03810509e-06 5.35241453e-04 1.97382774e-03 4.38422557e-03 7.79690133e-03 1.22169619e-02 1.76746839e-02 2.41463656e-02 3.16112873e-02 4.00655613e-02 4.94487795e-02 5.96625150e-02 7.06976877e-02 8.23283992e-02 9.44811888e-02 1.06985437e-01 1.19556657e-01 1.31967112e-01 1.44063731e-01 1.55430653e-01 1.65692148e-01 1.74511118e-01 1.81570399e-01 1.86744637e-01 1.89707714e-01 1.90306227e-01 1.88514936e-01 1.84413413e-01 1.78272898e-01 1.70304286e-01 1.60723312e-01 1.49853621e-01 1.38084885e-01 1.25771209e-01 1.13286012e-01 1.00717010e-01 8.83368400e-02 7.64563952e-02 6.50895044e-02 5.44656453e-02 4.46354081e-02 3.57339897e-02 2.77576718e-02 2.07781415e-02 1.48174777e-02 9.88292503e-03 5.96225854e-03 3.05532464e-03 1.13565649e-03 1.61639394e-04 -1.25983057e-07 -6.61136029e-08 -3.40808011e-08 -1.77368781e-08 -9.83177184e-09 -6.25121555e-09 -4.77448303e-09 -4.26094426e-09 -4.15343537e-09 -4.19481583e-09 -4.27625763e-09 -4.36056891e-09 -4.44488946e-09 -4.54230809e-09 -4.67183786e-09 -4.85185320e-09 -5.09520243e-09 -5.40564127e-09 -5.77579423e-09 -6.18690738e-09 -6.61050159e-09 -7.01171099e-09 -7.35384803e-09 -7.60346752e-09 -7.73513831e-09 -7.73513820e-09 -7.60346774e-09 -7.35384820e-09 -7.01171082e-09 -6.61050142e-09 -6.18690754e-09 -5.77579401e-09 -5.40564132e-09 -5.09520259e-09 -4.85185309e-09 -4.67183786e-09 -4.54230792e-09 -4.44488929e-09 -4.36056902e-09 -4.27625768e-09 -4.19481594e-09 -4.15343515e-09 -4.26094438e-09 -4.77448325e-09 -6.25121593e-09 -9.83177195e-09 -1.77368779e-08 -3.40808012e-08 -6.61136028e-08 -1.25983057e-07 1.61639394e-04 1.13565649e-03 3.05532464e-03 5.96225854e-03 9.88292503e-03 1.48174777e-02 2.07781415e-02 2.77576718e-02 3.57339897e-02 4.46354081e-02 5.44656453e-02 6.50895044e-02 7.64563952e-02 8.83368400e-02 1.00717010e-01 1.13286012e-01 1.25771209e-01 1.38084885e-01 1.49853621e-01 1.60723312e-01 1.70304286e-01 1.78272898e-01 1.84413413e-01 1.88514936e-01 1.90306227e-01 1.89707714e-01 1.86744637e-01 1.81570399e-01 1.74511118e-01 1.65692148e-01 1.55430653e-01 1.44063731e-01 1.31967112e-01 1.19556657e-01 1.06985437e-01 9.44811888e-02 8.23283992e-02 7.06976877e-02 5.96625150e-02 4.94487795e-02 4.00655613e-02 3.16112873e-02 2.41463656e-02 1.76746839e-02 1.22169619e-02 7.79690133e-03 4.38422557e-03 1.97382774e-03 5.35241453e-04 6.03810509e-06 -9.15586461e-08 -4.75160907e-08 -2.44923052e-08 -1.30431927e-08 -7.67274472e-09 -5.33938227e-09 -4.44167492e-09 -4.17728119e-09 -4.16463364e-09 -4.23396584e-09 -4.31876473e-09 -4.40214176e-09 -4.49082493e-09 -4.60183225e-09 -4.75455375e-09 -4.96513092e-09 -5.24222421e-09 -5.58416907e-09 -5.97781524e-09 -6.39922304e-09 -6.81621293e-09 -7.19238957e-09 -7.49204987e-09 -7.68521186e-09 -7.75192904e-09
-7.75192943e-09 -7.68636133e-09 -7.49663170e-09 -7.20262050e-09 -6.83418883e-09 -6.42682108e-09 -6.01658634e-09 -5.63520763e-09 -5.30603939e-09 -5.04155040e-09 -4.84266915e-09 -4.70003320e-09 -4.59693650e-09 -4.51373017e-09 -4.43374065e-09 -4.35189151e-09 -4.28975733e-09 -4.32581881e-09 -4.65882644e-09 -5.73729109e-09 -8.51027537e-09 -1.48832799e-08 -2.84929285e-08 -5.59344838e-08 -1.08569840e-07 6.09676056e-06 5.48706094e-04 2.02217179e-03 4.48314911e-03 7.96672103e-03 1.24797847e-02 1.80479798e-02 2.46476901e-02 3.22645606e-02 4.08668491e-02 5.04465032e-02 6.08540384e-02 7.20945214e-02 8.39202783e-02 9.63084483e-02 1.09013765e-01 1.21773459e-01 1.34401318e-01 1.46682954e-01 1.58206233e-01 1.68590559e-01 1.77507239e-01 1.84688923e-01 1.89969175e-01 1.92972791e-01 1.93581885e-01 1.91766346e-01 1.87600316e-01 1.81314105e-01 1.73253167e-01 1.63558548e-01 1.52556941e-01 1.40612295e-01 1.28091890e-01 1.15412749e-01 1.02648945e-01 9.00538504e-02 7.79493640e-02 6.63898040e-02 5.55485583e-02 4.55472528e-02 3.64639012e-02 2.83274974e-02 2.12086809e-02 1.51301669e-02 1.00953108e-02 6.09394403e-03 3.12372016e-03 1.16424530e-03 1.65738273e-04 -1.49781953e-07 -7.81437904e-08 -3.99119227e-08 -2.04587481e-08 -1.10718954e-08 -6.82249712e-09 -5.06138548e-09 -4.43520176e-09 -4.28699887e-09 -4.31530883e-09 -4.39257308e-09 -4.47405341e-09 -4.55404114e-09 -4.64476174e-09 -4.76523687e-09 -4.93428004e-09 -5.16538706e-09 -5.46304596e-09 -5.82059589e-09 -6.21992369e-09 -6.63307093e-09 -7.02556413e-09 -7.36098338e-09 -7.60605151e-09 -7.73542619e-09 -7.73542630e-09 -7.60605140e-09 -7.36098371e-09 -7.02556402e-09 -6.63307115e-09 -6.21992391e-09 -5.82059562e-09 -5.46304596e-09 -5.16538706e-09 -4.93427982e-09 -4.76523726e-09 -4.64476174e-09 -4.55404131e-09 -4.47405357e-09 -4.39257297e-09 -4.31530878e-09 -4.28699887e-09 -4.43520182e-09 -5.06138542e-09 -6.82249690e-09 -1.10718953e-08 -2.04587483e-08 -3.99119225e-08 -7.81437901e-08 -1.49781953e-07 1.65738273e-04 1.16424530e-03 3.12372016e-03 6.09394403e-03 1.00953108e-02 1.51301669e-02 2.12086809e-02 2.83274974e-02 3.64639012e-02 4.55472528e-02 5.55485583e-02 6.63898040e-02 7.79493640e-02 9.00538504e-02 1.02648945e-01 1.15412749e-01 1.28091890e-01 1.40612295e-01 1.52556941e-01 1.63558548e-01 1.73253167e-01 1.81314105e-01 1.87600316e-01 1.91766346e-01 1.93581885e-01 1.92972791e-01 1.89969175e-01 1.84688923e-01 1.77507239e-01 1.68590559e-01 1.58206233e-01 1.46682954e-01 1.34401318e-01 1.21773459e-01 1.09013765e-01 9.63084483e-02 8.39202783e-02 7.20945214e-02 6.08540384e-02 5.04465032e-02 4.08668491e-02 3.22645606e-02 2.46476901e-02 1.80479798e-02 1.24797847e-02 7.96672103e-03 4.48314911e-03 2.02217179e-03 5.48706094e-04 6.09676056e-06 -1.08569840e-07 -5.59344838e-08 -2.84929283e-08 -1.48832798e-08 -8.51027548e-09 -5.73729086e-09 -4.65882627e-09 -4.32581898e-09 -4.28975733e-09 -4.35189162e-09 -4.43374071e-09 -4.51373028e-09 -4.59693644e-09 -4.70003336e-09 -4.84266932e-09 -5.04155034e-09 -5.30603916e-09 -5.63520763e-09 -6.01658656e-09 -6.42682141e-09 -6.83418894e-09 -7.20262061e-09 -7.49663154e-09 -7.68636133e-09 -7.75192938e-09
-7.75192927e-09 -7.68761116e-09 -7.50160234e-09 -7.21369608e-09 -6.85358248e-09 -6.45647846e-09 -6.05806211e-09 -5.68953284e-09 -5.37359818e-09 -5.12199033e-09 -4.93487251e-09 -4.80216922e-09 -4.70663858e-09 -4.62843308e-09 -4.55135379e-09 -4.47224957e-09 -4.41806131e-09 -4.48096565e-09 -4.89315677e-09 -6.18099666e-09 -9.46526990e-09 -1.70091555e-08 -3.31517432e-08 -6.57890649e-08 -1.28555114e-07 6.29710424e-06 5.62077956e-04 2.06937872e-03 4.58538987e-03 8.14139406e-03 1.27521702e-02 1.84311073e-02 2.51619426e-02 3.29323423e-02 4.17090990e-02 5.14722595e-02 6.20873631e-02 7.35326236e-02 8.55734474e-02 9.81962636e-02 1.11116183e-01 1.24059825e-01 1.36921246e-01 1.49402652e-01 1.61065629e-01 1.71569261e-01 1.80599698e-01 1.87938030e-01 1.93300044e-01 1.96354740e-01 1.96975808e-01 1.95122908e-01 1.90895094e-01 1.84478707e-01 1.76290569e-01 1.66484966e-01 1.55351446e-01 1.43234186e-01 1.30509917e-01 1.17605341e-01 1.04641866e-01 9.18340955e-02 7.94906544e-02 6.77253097e-02 5.66629817e-02 4.64839385e-02 3.72051163e-02 2.89111654e-02 2.16548931e-02 1.54539286e-02 1.03124694e-02 6.23296684e-03 3.19799127e-03 1.19442920e-03 1.69863266e-04 -1.77780093e-07 -9.22540092e-08 -4.67217924e-08 -2.36172989e-08 -1.24964967e-08 -7.46758033e-09 -5.37641509e-09 -4.61999361e-09 -4.42493564e-09 -4.43841913e-09 -4.51136178e-09 -4.59040017e-09 -4.66655603e-09 -4.75100009e-09 -4.86267454e-09 -5.02078706e-09 -5.23947835e-09 -5.52398405e-09 -5.86840604e-09 -6.25532726e-09 -6.65737465e-09 -7.04053577e-09 -7.36871753e-09 -7.60885621e-09 -7.73573949e-09 -7.73573933e-09 -7.60885621e-09 -7.36871741e-09 -7.04053577e-09 -6.65737465e-09 -6.25532703e-09 -5.86840604e-09 -5.52398427e-09 -5.23947835e-09 -5.02078734e-09 -4.86267471e-09 -4.75099993e-09 -4.66655620e-09 -4.59040039e-09 -4.51136173e-09 -4.43841908e-09 -4.42493575e-09 -4.61999378e-09 -5.37641504e-09 -7.46758011e-09 -1.24964967e-08 -2.36172991e-08 -4.67217921e-08 -9.22540090e-08 -1.77780093e-07 1.69863266e-04 1.19442920e-03 3.19799127e-03 6.23296684e-03 1.03124694e-02 1.54539286e-02 2.16548931e-02 2.89111654e-02 3.72051163e-02 4.64839385e-02 5.66629817e-02 6.77253097e-02 7.94906544e-02 9.18340955e-02 1.04641866e-01 1.17605341e-01 1.30509917e-01 1.43234186e-01 1.55351446e-01 1.66484966e-01 1.76290569e-01 1.84478707e-01 1.90895094e-01 1.95122908e-01 1.96975808e-01 1.96354740e-01 1.93300044e-01 1.87938030e-01 1.80599698e-01 1.71569261e-01 1.61065629e-01 1.49402652e-01 1.36921246e-01 1.24059825e-01 1.11116183e-01 9.81962636e-02 8.55734474e-02 7.35326236e-02 6.20873631e-02 5.14722595e-02 4.17090990e-02 3.29323423e-02 2.51619426e-02 1.84311073e-02 1.27521702e-02 8.14139406e-03 4.58538987e-03 2.06937872e-03 5.62077956e-04 6.29710424e-06 -1.28555114e-07 -6.57890648e-08 -3.31517432e-08 -1.70091553e-08 -9.46526968e-09 -6.18099683e-09 -4.89315677e-09 -4.48096577e-09 -4.41806114e-09 -4.47224974e-09 -4.55135390e-09 -4.62843291e-09 -4.70663847e-09 -4.80216955e-09 -4.93487229e-09 -5.12199000e-09 -5.37359796e-09 -5.68953268e-09 -6.05806205e-09 -6.45647857e-09 -6.85358237e-09 -7.21369620e-09 -7.50160201e-09 -7.68761133e-09 -7.75192915e-09
-7.75192938e-09 -7.68895803e-09 -7.50695162e-09 -7.22558641e-09 -6.87434015e-09 -6.48810339e-09 -6.10209411e-09 -5.74692527e-09 -5.44459378e-09 -5.20604981e-09 -5.03066538e-09 -4.90765562e-09 -4.81927037e-09 -4.74554607e-09 -4.67089800e-09 -4.59440619e-09 -4.54910659e-09 -4.64282213e-09 -5.14626131e-09 -6.67611288e-09 -1.05536934e-08 -1.94618552e-08 -3.85666886e-08 -7.72988020e-08 -1.51975213e-07 6.43797400e-06 5.76100347e-04 2.11817484e-03 4.68972416e-03 8.31944709e-03 1.30264644e-02 1.88149618e-02 2.56832514e-02 3.36099558e-02 4.25696995e-02 5.25153888e-02 6.33530036e-02 7.50056244e-02 8.72842712e-02 1.00131330e-01 1.13279022e-01 1.26433786e-01 1.39527572e-01 1.52190343e-01 1.64006134e-01 1.74643446e-01 1.83793043e-01 1.91299990e-01 1.96732446e-01 1.99836568e-01 2.00464439e-01 1.98585360e-01 1.94301412e-01 1.87778644e-01 1.79414119e-01 1.69496606e-01 1.58221579e-01 1.45935090e-01 1.33006984e-01 1.19859556e-01 1.06698210e-01 9.36612782e-02 8.10691252e-02 6.90938320e-02 5.78168211e-02 4.74386777e-02 3.79661396e-02 2.95109691e-02 2.21116662e-02 1.57846028e-02 1.05349603e-02 6.37401569e-03 3.27440596e-03 1.22259398e-03 1.74309351e-04 -2.10631512e-07 -1.08764233e-07 -5.46580060e-08 -2.72764741e-08 -1.41314370e-08 -8.19608537e-09 -5.72269709e-09 -4.81598672e-09 -4.56701182e-09 -4.56358529e-09 -4.63194311e-09 -4.70890099e-09 -4.78174833e-09 -4.86039697e-09 -4.96360825e-09 -5.11092846e-09 -5.31712352e-09 -5.58819491e-09 -5.91904054e-09 -6.29299601e-09 -6.68334188e-09 -7.05658693e-09 -7.37703032e-09 -7.61187757e-09 -7.73607628e-09 -7.73607645e-09 -7.61187735e-09 -7.37703043e-09 -7.05658676e-09 -6.68334194e-09 -6.29299601e-09 -5.91904031e-09 -5.58819496e-09 -5.31712352e-09 -5.11092846e-09 -4.96360819e-09 -4.86039703e-09 -4.78174833e-09 -4.70890110e-09 -4.63194294e-09 -4.56358529e-09 -4.56701199e-09 -4.81598683e-09 -5.72269698e-09 -8.19608559e-09 -1.41314370e-08 -2.72764742e-08 -5.46580058e-08 -1.08764232e-07 -2.10631512e-07 1.74309351e-04 1.22259398e-03 3.27440596e-03 6.37401569e-03 1.05349603e-02 1.57846028e-02 2.21116662e-02 2.95109691e-02 3.79661396e-02 4.74386777e-02 5.78168211e-02 6.90938320e-02 8.10691252e-02 9.36612782e-02 1.06698210e-01 1.19859556e-01 1.33006984e-01 1.45935090e-01 1.58221579e-01 1.69496606e-01 1.79414119e-01 1.87778644e-01 1.94301412e-01 1.98585360e-01 2.00464439e-01 1.99836568e-01 1.96732446e-01 1.91299990e-01 1.83793043e-01 1.74643446e-01 1.64006134e-01 1.52190343e-01 1.39527572e-01 1.26433786e-01 1.13279022e-01 1.00131330e-01 8.72842712e-02 7.50056244e-02 6.33530036e-02 5.25153888e-02 4.25696995e-02 3.36099558e-02 2.56832514e-02 1.88149618e-02 1.30264644e-02 8.31944709e-03 4.68972416e-03 2.11817484e-03 5.76100347e-04 6.43797400e-06 -1.51975214e-07 -7.72988021e-08 -3.85666888e-08 -1.94618555e-08 -1.05536935e-08 -6.67611288e-09 -5.14626092e-09 -4.64282224e-09 -4.54910642e-09 -4.59440624e-09 -4.67089800e-09 -4.74554585e-09 -4.81927037e-09 -4.90765550e-09 -5.03066561e-09 -5.20605009e-09 -5.44459372e-09 -5.74692505e-09 -6.10209416e-09 -6.48810350e-09 -6.87434049e-09 -7.22558635e-09 -7.50695139e-09 -7.68895797e-09 -7.75192943e-09
-7.75192932e-09 -7.69039771e-09 -7.51266294e-09 -7.23825455e-09 -6.89638929e-09 -6.52157145e-09 -6.14849671e-09 -5.80711979e-09 -5.51867363e-09 -5.29328181e-09 -5.12950504e-09 -5.01586295e-09 -4.93414437e-09 -4.86434992e-09 -4.79167028e-09 -4.71773609e-09 -4.68249217e-09 -4.81158935e-09 -5.41997114e-09 -7.22892629e-09 -1.17933877e-08 -2.22873553e-08 -4.48477840e-08 -9.07101130e-08 -1.79349021e-07 6.52018494e-06 5.90665230e-04 2.16782386e-03 4.79477838e-03 8.50163132e-03 1.32976434e-02 1.91993889e-02 2.62035202e-02 3.42989797e-02 4.34414248e-02 5.35743130e-02 6.46401231e-02 7.65090894e-02 8.90301672e-02 1.02121980e-01 1.15487302e-01 1.28878106e-01 1.42213272e-01 1.55046149e-01 1.67021166e-01 1.77811454e-01 1.87126504e-01 1.94742783e-01 2.00247667e-01 2.03387309e-01 2.04021311e-01 2.02124601e-01 1.97776856e-01 1.91173349e-01 1.82637310e-01 1.72587715e-01 1.61164066e-01 1.48706661e-01 1.35583113e-01 1.22162668e-01 1.08798179e-01 9.55308583e-02 8.26824846e-02 7.04872624e-02 5.89926702e-02 4.83988496e-02 3.87352920e-02 3.01202867e-02 2.25721808e-02 1.61170126e-02 1.07631167e-02 6.51384845e-03 3.34914321e-03 1.25044376e-03 1.78997115e-04 -2.49072740e-07 -1.28034723e-07 -6.38865302e-08 -3.15080101e-08 -1.60056462e-08 -9.01875946e-09 -6.10375112e-09 -5.02399083e-09 -4.71305295e-09 -4.69026895e-09 -4.75363893e-09 -4.82883444e-09 -4.89890634e-09 -4.97229080e-09 -5.06744768e-09 -5.20420518e-09 -5.39792255e-09 -5.65537184e-09 -5.97227823e-09 -6.33278052e-09 -6.71087463e-09 -7.07366266e-09 -7.38589750e-09 -7.61510560e-09 -7.73643682e-09 -7.73643671e-09 -7.61510566e-09 -7.38589750e-09 -7.07366260e-09 -6.71087474e-09 -6.33278052e-09 -5.97227828e-09 -5.65537184e-09 -5.39792255e-09 -5.20420534e-09 -5.06744785e-09 -4.97229075e-09 -4.89890634e-09 -4.82883433e-09 -4.75363920e-09 -4.69026884e-09 -4.71305289e-09 -5.02399089e-09 -6.10375117e-09 -9.01875941e-09 -1.60056461e-08 -3.15080101e-08 -6.38865302e-08 -1.28034723e-07 -2.49072740e-07 1.78997115e-04 1.25044376e-03 3.34914321e-03 6.51384845e-03 1.07631167e-02 1.61170126e-02 2.25721808e-02 3.01202867e-02 3.87352920e-02 4.83988496e-02 5.89926702e-02 7.04872624e-02 8.26824846e-02 9.55308583e-02 1.08798179e-01 1.22162668e-01 1.35583113e-01 1.48706661e-01 1.61164066e-01 1.72587715e-01 1.82637310e-01 1.91173349e-01 1.97776856e-01 2.02124601e-01 2.04021311e-01 2.03387309e-01 2.00247667e-01 1.94742783e-01 1.87126504e-01 1.77811454e-01 1.67021166e-01 1.55046149e-01 1.42213272e-01 1.28878106e-01 1.15487302e-01 1.02121980e-01 8.90301672e-02 7.65090894e-02 6.46401231e-02 5.35743130e-02 4.34414248e-02 3.42989797e-02 2.62035202e-02 1.91993889e-02 1.32976434e-02 8.50163132e-03 4.79477838e-03 2.16782386e-03 5.90665230e-04 6.52018494e-06 -1.79349021e-07 -9.07101129e-08 -4.48477843e-08 -2.22873551e-08 -1.17933876e-08 -7.22892624e-09 -5.41997114e-09 -4.81158924e-09 -4.68249217e-09 -4.71773631e-09 -4.79167039e-09 -4.86434998e-09 -4.93414443e-09 -5.01586306e-09 -5.12950504e-09 -5.29328198e-09 -5.51867357e-09 -5.80711979e-09 -6.14849682e-09 -6.52157184e-09 -6.89638913e-09 -7.23825461e-09 -7.51266294e-09 -7.69039793e-09 -7.75192927e-09
-7.75192943e-09 -7.69192499e-09 -7.51871515e-09 -7.25165034e-09 -6.91963864e-09 -6.55673787e-09 -6.19705315e-09 -5.86981669e-09 -5.59544300e-09 -5.38319450e-09 -5.23081056e-09 -5.12613446e-09 -5.05055070e-09 -4.98412067e-09 -4.91297425e-09 -4.84164309e-09 -4.81787055e-09 -4.98755415e-09 -5.71636682e-09 -7.84643572e-09 -1.32042153e-08 -2.55369914e-08 -5.21181868e-08 -1.06299276e-07 -2.11258562e-07 6.58316097e-06 6.04584636e-04 2.21747796e-03 4.89932224e-03 8.68311062e-03 1.35712378e-02 1.95986107e-02 2.67367403e-02 3.49915419e-02 4.43180650e-02 5.46473215e-02 6.59432701e-02 7.80248138e-02 9.08118218e-02 1.04143373e-01 1.17723006e-01 1.31392116e-01 1.44943780e-01 1.57959000e-01 1.70107413e-01 1.81039737e-01 1.90533831e-01 1.98259644e-01 2.03826490e-01 2.07003289e-01 2.07646081e-01 2.05726260e-01 2.01327881e-01 1.94648171e-01 1.85957374e-01 1.75746981e-01 1.64164500e-01 1.51536894e-01 1.38208268e-01 1.24529962e-01 1.10924497e-01 9.74418582e-02 8.43358427e-02 7.19022050e-02 6.01875899e-02 4.93727752e-02 3.95204950e-02 3.07405006e-02 2.30333858e-02 1.64485050e-02 1.09901764e-02 6.64982497e-03 3.41998738e-03 1.27982432e-03 1.83042178e-04 -2.93929792e-07 -1.50469553e-07 -7.45933294e-08 -3.63921177e-08 -1.81513773e-08 -9.94755944e-09 -6.52351839e-09 -5.24496613e-09 -4.86295126e-09 -4.81796858e-09 -4.87579455e-09 -4.94948577e-09 -5.01730940e-09 -5.08599329e-09 -5.17357368e-09 -5.30007910e-09 -5.48143381e-09 -5.72516762e-09 -6.02785977e-09 -6.37449926e-09 -6.73985845e-09 -7.09169612e-09 -7.39528511e-09 -7.61852925e-09 -7.73681930e-09 -7.73681941e-09 -7.61852925e-09 -7.39528516e-09 -7.09169601e-09 -6.73985845e-09 -6.37449954e-09 -6.02786021e-09 -5.72516745e-09 -5.48143392e-09 -5.30007910e-09 -5.17357357e-09 -5.08599335e-09 -5.01730918e-09 -4.94948565e-09 -4.87579477e-09 -4.81796864e-09 -4.86295171e-09 -5.24496591e-09 -6.52351806e-09 -9.94755939e-09 -1.81513777e-08 -3.63921178e-08 -7.45933294e-08 -1.50469553e-07 -2.93929792e-07 1.83042178e-04 1.27982432e-03 3.41998738e-03 6.64982497e-03 1.09901764e-02 1.64485050e-02 2.30333858e-02 3.07405006e-02 3.95204950e-02 4.93727752e-02 6.01875899e-02 7.19022050e-02 8.43358427e-02 9.74418582e-02 1.10924497e-01 1.24529962e-01 1.38208268e-01 1.51536894e-01 1.64164500e-01 1.75746981e-01 1.85957374e-01 1.94648171e-01 2.01327881e-01 2.05726260e-01 2.07646081e-01 2.07003289e-01 2.03826490e-01 1.98259644e-01 1.90533831e-01 1.81039737e-01 1.70107413e-01 1.57959000e-01 1.44943780e-01 1.31392116e-01 1.17723006e-01 1.04143373e-01 9.08118218e-02 7.80248138e-02 6.59432701e-02 5.46473215e-02 4.43180650e-02 3.49915419e-02 2.67367403e-02 1.95986107e-02 1.35712378e-02 8.68311062e-03 4.89932224e-03 2.21747796e-03 6.04584636e-04 6.58316097e-06 -2.11258561e-07 -1.06299276e-07 -5.21181865e-08 -2.55369915e-08 -1.32042152e-08 -7.84643533e-09 -5.71636682e-09 -4.98755415e-09 -4.81787021e-09 -4.84164320e-09 -4.91297419e-09 -4.98412078e-09 -5.05055070e-09 -5.12613452e-09 -5.23081051e-09 -5.38319495e-09 -5.59544255e-09 -5.86981685e-09 -6.19705309e-09 -6.55673765e-09 -6.91963864e-09 -7.25165022e-09 -7.51871532e-09 -7.69192499e-09 -7.75192943e-09
-7.75192927e-09 -7.69353409e-09 -7.52508311e-09 -7.26571486e-09 -6.94398261e-09 -6.59343369e-09 -6.24751917e-09 -5.93468441e-09 -5.67447672e-09 -5.47526735e-09 -5.33397532e-09 -5.23779770e-09 -5.16777798e-09 -5.10414522e-09 -5.03414121e-09 -4.96557240e-09 -4.95494507e-09 -5.17111837e-09 -6.03779288e-09 -8.53640691e-09 -1.48082224e-08 -2.92678997e-08 -6.05153094e-08 -1.24374945e-07 -2.48354142e-07 6.79296809e-06 6.18388362e-04 2.26668051e-03 5.00371759e-03 8.86075741e-03 1.38494329e-02 1.99977232e-02 2.72787382e-02 3.56806902e-02 4.52021460e-02 5.57320803e-02 6.72547793e-02 7.95505359e-02 9.26168467e-02 1.06181717e-01 1.19989846e-01 1.33943649e-01 1.47706289e-01 1.60927969e-01 1.73256756e-01 1.84318592e-01 1.94000723e-01 2.01837434e-01 2.07479178e-01 2.10700521e-01 2.11351396e-01 2.09404655e-01 2.04949449e-01 1.98176721e-01 1.89359560e-01 1.78958843e-01 1.67234717e-01 1.54406660e-01 1.40866351e-01 1.26957786e-01 1.13072229e-01 9.93650521e-02 8.60091829e-02 7.33228265e-02 6.13834203e-02 5.03418434e-02 4.03103013e-02 3.13542209e-02 2.34916220e-02 1.67789534e-02 1.12155373e-02 6.78830389e-03 3.49434691e-03 1.31058393e-03 1.87509244e-04 -3.46125251e-07 -1.76520232e-07 -8.69860464e-08 -4.20181927e-08 -2.06044775e-08 -1.09957489e-08 -6.98638691e-09 -5.48003676e-09 -5.01667224e-09 -4.94623198e-09 -4.99778563e-09 -5.07015779e-09 -5.13624304e-09 -5.20081017e-09 -5.28134225e-09 -5.39798839e-09 -5.56718194e-09 -5.79720283e-09 -6.08549999e-09 -6.41794951e-09 -6.77015688e-09 -7.11060616e-09 -7.40515316e-09 -7.62213420e-09 -7.73722347e-09 -7.73722336e-09 -7.62213415e-09 -7.40515294e-09 -7.11060599e-09 -6.77015699e-09 -6.41794962e-09 -6.08550021e-09 -5.79720305e-09 -5.56718205e-09 -5.39798839e-09 -5.28134236e-09 -5.20080995e-09 -5.13624276e-09 -5.07015790e-09 -4.99778546e-09 -4.94623220e-09 -5.01667241e-09 -5.48003659e-09 -6.98638680e-09 -1.09957489e-08 -2.06044773e-08 -4.20181925e-08 -8.69860463e-08 -1.76520232e-07 -3.46125251e-07 1.87509244e-04 1.31058393e-03 3.49434691e-03 6.78830389e-03 1.12155373e-02 1.67789534e-02 2.34916220e-02 3.13542209e-02 4.03103013e-02 5.03418434e-02 6.13834203e-02 7.33228265e-02 8.60091829e-02 9.93650521e-02 1.13072229e-01 1.26957786e-01 1.40866351e-01 1.54406660e-01 1.67234717e-01 1.78958843e-01 1.89359560e-01 1.98176721e-01 2.04949449e-01 2.09404655e-01 2.11351396e-01 2.10700521e-01 2.07479178e-01 2.01837434e-01 1.94000723e-01 1.84318592e-01 1.73256756e-01 1.60927969e-01 1.47706289e-01 1.33943649e-01 1.19989846e-01 1.06181717e-01 9.26168467e-02 7.95505359e-02 6.72547793e-02 5.57320803e-02 4.52021460e-02 3.56806902e-02 2.72787382e-02 1.99977232e-02 1.38494329e-02 8.86075741e-03 5.00371759e-03 2.26668051e-03 6.18388362e-04 6.79296809e-06 -2.48354142e-07 -1.24374945e-07 -6.05153095e-08 -2.92678997e-08 -1.48082224e-08 -8.53640691e-09 -6.03779304e-09 -5.17111853e-09 -4.95494523e-09 -4.96557229e-09 -5.03414144e-09 -5.10414544e-09 -5.16777787e-09 -5.23779786e-09 -5.33397532e-09 -5.47526746e-09 -5.67447678e-09 -5.93468474e-09 -6.24751911e-09 -6.59343358e-09 -6.94398261e-09 -7.26571497e-09 -7.52508306e-09 -7.69353414e-09 -7.75192949e-09
-7.75192954e-09 -7.69521780e-09 -7.53173651e-09 -7.28038174e-09 -6.96930158e-09 -6.63147237e-09 -6.29962416e-09 -6.00136263e-09 -5.75531900e-09 -5.56895680e-09 -5.43837891e-09 -5.35017569e-09 -5.28512367e-09 -5.22372967e-09 -5.15453685e-09 -5.08901055e-09 -5.09348758e-09 -5.36279132e-09 -6.38687581e-09 -9.30742222e-09 -1.66298000e-08 -3.35434902e-08 -7.01919854e-08 -1.45280766e-07 -2.91359647e-07 6.86031880e-06 6.32057594e-04 2.31542027e-03 5.10659034e-03 9.03937561e-03 1.41264305e-02 2.03900213e-02 2.78124124e-02 3.63746838e-02 4.60794302e-02 5.68131921e-02 6.85565241e-02 8.10952499e-02 9.44206994e-02 1.08220749e-01 1.22296703e-01 1.36505404e-01 1.50503103e-01 1.63936879e-01 1.76434073e-01 1.87685516e-01 1.97523608e-01 2.05479563e-01 2.11201166e-01 2.14462801e-01 2.15123019e-01 2.13150485e-01 2.08633130e-01 2.01759726e-01 1.92817256e-01 1.82211491e-01 1.70326931e-01 1.57314954e-01 1.43548923e-01 1.29398816e-01 1.15240293e-01 1.01286535e-01 8.76886086e-02 7.47304328e-02 6.25804976e-02 5.13084800e-02 4.11021868e-02 3.19585503e-02 2.39465933e-02 1.71070329e-02 1.14372840e-02 6.93133924e-03 3.57142734e-03 1.33890198e-03 1.91944461e-04 -4.06685546e-07 -2.06689484e-07 -1.01295792e-07 -4.84855649e-08 -2.34046699e-08 -1.21779777e-08 -7.49722234e-09 -5.73049630e-09 -5.17426435e-09 -5.07465681e-09 -5.11902654e-09 -5.19017918e-09 -5.25499982e-09 -5.31604621e-09 -5.39010103e-09 -5.49734469e-09 -5.65466685e-09 -5.87107263e-09 -6.14488527e-09 -6.46290366e-09 -6.80161905e-09 -7.13030124e-09 -7.41545458e-09 -7.62590252e-09 -7.73764519e-09 -7.73764541e-09 -7.62590235e-09 -7.41545458e-09 -7.13030124e-09 -6.80161882e-09 -6.46290399e-09 -6.14488538e-09 -5.87107241e-09 -5.65466685e-09 -5.49734497e-09 -5.39010103e-09 -5.31604633e-09 -5.25499971e-09 -5.19017906e-09 -5.11902620e-09 -5.07465686e-09 -5.17426418e-09 -5.73049663e-09 -7.49722240e-09 -1.21779778e-08 -2.34046699e-08 -4.84855648e-08 -1.01295792e-07 -2.06689484e-07 -4.06685546e-07 1.91944461e-04 1.33890198e-03 3.57142734e-03 6.93133924e-03 1.14372840e-02 1.71070329e-02 2.39465933e-02 3.19585503e-02 4.11021868e-02 5.13084800e-02 6.25804976e-02 7.47304328e-02 8.76886086e-02 1.01286535e-01 1.15240293e-01 1.29398816e-01 1.43548923e-01 1.57314954e-01 1.70326931e-01 1.82211491e-01 1.92817256e-01 2.01759726e-01 2.08633130e-01 2.13150485e-01 2.15123019e-01 2.14462801e-01 2.11201166e-01 2.05479563e-01 1.97523608e-01 1.87685516e-01 1.76434073e-01 1.63936879e-01 1.50503103e-01 1.36505404e-01 1.22296703e-01 1.08220749e-01 9.44206994e-02 8.10952499e-02 6.85565241e-02 5.68131921e-02 4.60794302e-02 3.63746838e-02 2.78124124e-02 2.03900213e-02 1.41264305e-02 9.03937561e-03 5.10659034e-03 2.31542027e-03 6.32057594e-04 6.86031880e-06 -2.91359647e-07 -1.45280766e-07 -7.01919856e-08 -3.35434904e-08 -1.66298000e-08 -9.30742244e-09 -6.38687558e-09 -5.36279110e-09 -5.09348741e-09 -5.08901077e-09 -5.15453702e-09 -5.22372967e-09 -5.28512401e-09 -5.35017575e-09 -5.43837919e-09 -5.56895674e-09 -5.75531867e-09 -6.00136274e-09 -6.29962393e-09 -6.63147226e-09 -6.96930130e-09 -7.28038169e-09 -7.53173640e-09 -7.69521802e-09 -7.75192938e-09
-7.75192927e-09 -7.69696717e-09 -7.53864215e-09 -7.29557703e-09 -6.99546354e-09 -6.67064903e-09 -6.35308250e-09 -6.06947409e-09 -5.83750259e-09 -5.66370750e-09 -5.54339785e-09 -5.46259848e-09 -5.40190637e-09 -5.34221961e-09 -5.27357047e-09 -5.21150528e-09 -5.23333754e-09 -5.56319729e-09 -6.76653056e-09 -1.01689368e-08 -1.86958697e-08 -3.84339467e-08 -8.13177041e-08 -1.69398087e-07 -3.41077939e-07 6.84491542e-06 6.46317138e-04 2.36356298e-03 5.20916855e-03 9.21391447e-03 1.43988004e-02 2.07759702e-02 2.83352916e-02 3.70620117e-02 4.69369061e-02 5.78919976e-02 6.98400083e-02 8.26431156e-02 9.62135131e-02 1.10265110e-01 1.24617495e-01 1.39080884e-01 1.53334203e-01 1.66953945e-01 1.79619268e-01 1.91101737e-01 2.01113227e-01 2.09176916e-01 2.14956685e-01 2.18252953e-01 2.18918228e-01 2.16926726e-01 2.12365018e-01 2.05410692e-01 1.96329510e-01 1.85495741e-01 1.73425808e-01 1.60248839e-01 1.46253987e-01 1.31854001e-01 1.17401417e-01 1.03201769e-01 8.93560220e-02 7.61264441e-02 6.37590064e-02 5.22753697e-02 4.18759560e-02 3.25491721e-02 2.43984442e-02 1.74314278e-02 1.16549767e-02 7.06884935e-03 3.64511914e-03 1.36632756e-03 1.96313304e-04 -4.76748276e-07 -2.41535119e-07 -1.17778984e-07 -5.59043072e-08 -2.65958597e-08 -1.35103991e-08 -8.06139044e-09 -5.99781647e-09 -5.33585787e-09 -5.20290433e-09 -5.23898491e-09 -5.30892286e-09 -5.37291145e-09 -5.43102313e-09 -5.49920032e-09 -5.59755836e-09 -5.74337633e-09 -5.94635202e-09 -6.20568230e-09 -6.50911647e-09 -6.83407736e-09 -7.15068083e-09 -7.42613765e-09 -7.62981761e-09 -7.73808362e-09 -7.73808384e-09 -7.62981744e-09 -7.42613759e-09 -7.15068088e-09 -6.83407775e-09 -6.50911658e-09 -6.20568241e-09 -5.94635208e-09 -5.74337611e-09 -5.59755825e-09 -5.49920032e-09 -5.43102319e-09 -5.37291145e-09 -5.30892280e-09 -5.23898491e-09 -5.20290427e-09 -5.33585764e-09 -5.99781630e-09 -8.06139067e-09 -1.35103991e-08 -2.65958597e-08 -5.59043072e-08 -1.17778984e-07 -2.41535119e-07 -4.76748276e-07 1.96313304e-04 1.36632756e-03 3.64511914e-03 7.06884935e-03 1.16549767e-02 1.74314278e-02 2.43984442e-02 3.25491721e-02 4.18759560e-02 5.22753697e-02 6.37590064e-02 7.61264441e-02 8.93560220e-02 1.03201769e-01 1.17401417e-01 1.31854001e-01 1.46253987e-01 1.60248839e-01 1.73425808e-01 1.85495741e-01 1.96329510e-01 2.05410692e-01 2.12365018e-01 2.16926726e-01 2.18918228e-01 2.18252953e-01 2.14956685e-01 2.09176916e-01 2.01113227e-01 1.91101737e-01 1.79619268e-01 1.66953945e-01 1.53334203e-01 1.39080884e-01 1.24617495e-01 1.10265110e-01 9.62135131e-02 8.26431156e-02 6.98400083e-02 5.78919976e-02 4.69369061e-02 3.70620117e-02 2.83352916e-02 2.07759702e-02 1.43988004e-02 9.21391447e-03 5.20916855e-03 2.36356298e-03 6.46317138e-04 6.84491542e-06 -3.41077939e-07 -1.69398087e-07 -8.13177043e-08 -3.84339468e-08 -1.86958700e-08 -1.01689368e-08 -6.76653056e-09 -5.56319729e-09 -5.23333743e-09 -5.21150534e-09 -5.27357052e-09 -5.34221950e-09 -5.40190620e-09 -5.46259832e-09 -5.54339757e-09 -5.66370723e-09 -5.83750309e-09 -6.06947426e-09 -6.35308267e-09 -6.67064892e-09 -6.99546354e-09 -7.29557703e-09 -7.53864166e-09 -7.69696712e-09 -7.75192932e-09
-7.75192954e-09 -7.69877362e-09 -7.54576468e-09 -7.31122030e-09 -7.02232705e-09 -6.71074951e-09 -6.40759512e-09 -6.13862894e-09 -5.92054944e-09 -5.75896691e-09 -5.64841351e-09 -5.57442026e-09 -5.51747970e-09 -5.45900419e-09 -5.39071154e-09 -5.33266409e-09 -5.37440814e-09 -5.77308512e-09 -7.17998588e-09 -1.11313306e-08 -2.10360701e-08 -4.40167510e-08 -9.40799016e-08 -1.97148791e-07 -3.98396398e-07 6.96590349e-06 6.59748107e-04 2.41021798e-03 5.30973870e-03 9.38764305e-03 1.46577365e-02 2.11446883e-02 2.88412949e-02 3.77326404e-02 4.77771625e-02 5.89543327e-02 7.11017416e-02 8.41766465e-02 9.79787637e-02 1.12284662e-01 1.26926921e-01 1.41670218e-01 1.56142156e-01 1.69972962e-01 1.82821301e-01 1.94565187e-01 2.04707969e-01 2.12872523e-01 2.18721932e-01 2.22056053e-01 2.22732178e-01 2.20712417e-01 2.16099654e-01 2.09059644e-01 1.99864902e-01 1.88858514e-01 1.76535747e-01 1.63162855e-01 1.48960051e-01 1.34302369e-01 1.19560669e-01 1.05102322e-01 9.10089632e-02 7.75279365e-02 6.49143387e-02 5.32332352e-02 4.26259891e-02 3.31329123e-02 2.48395033e-02 1.77522439e-02 1.18703197e-02 7.19987346e-03 3.71220733e-03 1.39363932e-03 2.00210720e-04 -5.57569656e-07 -2.81674037e-07 -1.36719289e-07 -6.43960562e-08 -3.02264570e-08 -1.50107672e-08 -8.68479311e-09 -6.28365515e-09 -5.50167734e-09 -5.33070083e-09 -5.35718775e-09 -5.42580936e-09 -5.48934109e-09 -5.54508839e-09 -5.60800673e-09 -5.69804204e-09 -5.83279225e-09 -6.02260775e-09 -6.26754981e-09 -6.55633331e-09 -6.86735735e-09 -7.17163529e-09 -7.43714673e-09 -7.63385732e-09 -7.73853748e-09 -7.73853737e-09 -7.63385744e-09 -7.43714668e-09 -7.17163529e-09 -6.86735735e-09 -6.55633314e-09 -6.26754981e-09 -6.02260786e-09 -5.83279214e-09 -5.69804204e-09 -5.60800695e-09 -5.54508811e-09 -5.48934098e-09 -5.42580936e-09 -5.35718786e-09 -5.33070099e-09 -5.50167722e-09 -6.28365515e-09 -8.68479316e-09 -1.50107674e-08 -3.02264574e-08 -6.43960562e-08 -1.36719289e-07 -2.81674038e-07 -5.57569656e-07 2.00210720e-04 1.39363932e-03 3.71220733e-03 7.19987346e-03 1.18703197e-02 1.77522439e-02 2.48395033e-02 3.31329123e-02 4.26259891e-02 5.32332352e-02 6.49143387e-02 7.75279365e-02 9.10089632e-02 1.05102322e-01 1.19560669e-01 1.34302369e-01 1.48960051e-01 1.63162855e-01 1.76535747e-01 1.88858514e-01 1.99864902e-01 2.09059644e-01 2.16099654e-01 2.20712417e-01 2.22732178e-01 2.22056053e-01 2.18721932e-01 2.12872523e-01 2.04707969e-01 1.94565187e-01 1.82821301e-01 1.69972962e-01 1.56142156e-01 1.41670218e-01 1.26926921e-01 1.12284662e-01 9.79787637e-02 8.41766465e-02 7.11017416e-02 5.89543327e-02 4.77771625e-02 3.77326404e-02 2.88412949e-02 2.11446883e-02 1.46577365e-02 9.38764305e-03 5.30973870e-03 2.41021798e-03 6.59748107e-04 6.96590349e-06 -3.98396398e-07 -1.97148792e-07 -9.40799016e-08 -4.40167510e-08 -2.10360703e-08 -1.11313306e-08 -7.17998594e-09 -5.77308529e-09 -5.37440820e-09 -5.33266409e-09 -5.39071132e-09 -5.45900414e-09 -5.51747970e-09 -5.57442026e-09 -5.64841363e-09 -5.75896664e-09 -5.92054927e-09 -6.13862861e-09 -6.40759501e-09 -6.71074940e-09 -7.02232705e-09 -7.31122024e-09 -7.54576446e-09 -7.69877323e-09 -7.75192949e-09
-7.75192915e-09 -7.70062725e-09 -7.55306628e-09 -7.32722760e-09 -7.04974790e-09 -6.75155232e-09 -6.46285597e-09 -6.20843538e-09 -6.00398531e-09 -5.85418669e-09 -5.75283737e-09 -5.68502834e-09 -5.63124031e-09 -5.57352814e-09 -5.50548396e-09 -5.45215817e-09 -5.51668522e-09 -5.99332239e-09 -7.63078956e-09 -1.22059872e-08 -2.36829634e-08 -5.03772593e-08 -1.08685331e-07 -2.28998224e-07 -4.64292566e-07 7.06178049e-06 6.72436884e-04 2.45562645e-03 5.40375507e-03 9.55143136e-03 1.49056538e-02 2.15000697e-02 2.93272757e-02 3.83794224e-02 4.86050097e-02 5.99835276e-02 7.23412932e-02 8.56716960e-02 9.97283534e-02 1.14273231e-01 1.29219757e-01 1.44232358e-01 1.58932550e-01 1.72969333e-01 1.86075446e-01 1.98026223e-01 2.08304847e-01 2.16571352e-01 2.22488093e-01 2.25857237e-01 2.26539144e-01 2.24500786e-01 2.19841201e-01 2.12709123e-01 2.03403360e-01 1.92229618e-01 1.79645854e-01 1.66056600e-01 1.51638334e-01 1.36740096e-01 1.21714387e-01 1.06962884e-01 9.26277702e-02 7.89041377e-02 6.60405993e-02 5.41626113e-02 4.33505571e-02 3.37049573e-02 2.52652123e-02 1.80555997e-02 1.20794381e-02 7.32237175e-03 3.77949526e-03 1.42196264e-03 2.04221247e-04 -6.50532020e-07 -3.27786375e-07 -1.58429655e-07 -7.40949223e-08 -3.43497290e-08 -1.66985623e-08 -9.37389599e-09 -6.58985788e-09 -5.67202568e-09 -5.45784085e-09 -5.47322332e-09 -5.54032153e-09 -5.60370633e-09 -5.65763075e-09 -5.71591235e-09 -5.79822268e-09 -5.92240185e-09 -6.09940409e-09 -6.33013586e-09 -6.60429139e-09 -6.90127688e-09 -7.19305343e-09 -7.44842399e-09 -7.63800168e-09 -7.73900283e-09 -7.73900261e-09 -7.63800156e-09 -7.44842360e-09 -7.19305349e-09 -6.90127699e-09 -6.60429145e-09 -6.33013575e-09 -6.09940409e-09 -5.92240190e-09 -5.79822301e-09 -5.71591241e-09 -5.65763086e-09 -5.60370605e-09 -5.54032165e-09 -5.47322337e-09 -5.45784079e-09 -5.67202585e-09 -6.58985788e-09 -9.37389610e-09 -1.66985624e-08 -3.43497292e-08 -7.40949221e-08 -1.58429655e-07 -3.27786374e-07 -6.50532020e-07 2.04221247e-04 1.42196264e-03 3.77949526e-03 7.32237175e-03 1.20794381e-02 1.80555997e-02 2.52652123e-02 3.37049573e-02 4.33505571e-02 5.41626113e-02 6.60405993e-02 7.89041377e-02 9.26277702e-02 1.06962884e-01 1.21714387e-01 1.36740096e-01 1.51638334e-01 1.66056600e-01 1.79645854e-01 1.92229618e-01 2.03403360e-01 2.12709123e-01 2.19841201e-01 2.24500786e-01 2.26539144e-01 2.25857237e-01 2.22488093e-01 2.16571352e-01 2.08304847e-01 1.98026223e-01 1.86075446e-01 1.72969333e-01 1.58932550e-01 1.44232358e-01 1.29219757e-01 1.14273231e-01 9.97283534e-02 8.56716960e-02 7.23412932e-02 5.99835276e-02 4.86050097e-02 3.83794224e-02 2.93272757e-02 2.15000697e-02 1.49056538e-02 9.55143136e-03 5.40375507e-03 2.45562645e-03 6.72436884e-04 7.06178049e-06 -4.64292566e-07 -2.28998224e-07 -1.08685331e-07 -5.03772592e-08 -2.36829634e-08 -1.22059871e-08 -7.63078944e-09 -5.99332250e-09 -5.51668522e-09 -5.45215828e-09 -5.50548407e-09 -5.57352842e-09 -5.63124047e-09 -5.68502834e-09 -5.75283743e-09 -5.85418652e-09 -6.00398492e-09 -6.20843560e-09 -6.46285570e-09 -6.75155259e-09 -7.04974762e-09 -7.32722760e-09 -7.55306623e-09 -7.70062714e-09 -7.75192910e-09
-7.75192943e-09 -7.70251790e-09 -7.56050855e-09 -7.34351224e-09 -7.07757641e-09 -6.79283302e-09 -6.51855842e-09 -6.27850405e-09 -6.08734285e-09 -5.94884347e-09 -5.85610482e-09 -5.79384690e-09 -5.74264003e-09 -5.68529523e-09 -5.61748731e-09 -5.56972934e-09 -5.66022995e-09 -6.22490615e-09 -8.12283352e-09 -1.34053457e-08 -2.66722641e-08 -5.76093053e-08 -1.25361501e-07 -2.65458260e-07 -5.39839916e-07 6.99255249e-06 6.84403386e-04 2.49935320e-03 5.49540155e-03 9.70818460e-03 1.51481425e-02 2.18518168e-02 2.97973884e-02 3.90033340e-02 4.94021027e-02 6.09676759e-02 7.35563138e-02 8.71291713e-02 1.01425643e-01 1.16240226e-01 1.31487776e-01 1.46748811e-01 1.61678786e-01 1.75965598e-01 1.89328127e-01 2.01454435e-01 2.11885254e-01 2.20270574e-01 2.26286219e-01 2.29704900e-01 2.30395922e-01 2.28331024e-01 2.23592795e-01 2.16347430e-01 2.06911640e-01 1.95572682e-01 1.82757685e-01 1.68933653e-01 1.54268596e-01 1.39138076e-01 1.23838736e-01 1.08777499e-01 9.42066650e-02 8.02315664e-02 6.71303658e-02 5.50529435e-02 4.40454024e-02 3.42548700e-02 2.56722255e-02 1.83451835e-02 1.22774629e-02 7.44834114e-03 3.84777139e-03 1.44793074e-03 2.08239503e-04 -7.57151385e-07 -3.80619746e-07 -1.83254447e-07 -8.51484336e-08 -3.90241707e-08 -1.85951140e-08 -1.01357739e-08 -6.91847279e-09 -5.84731047e-09 -5.58418745e-09 -5.58674906e-09 -5.65200386e-09 -5.71547959e-09 -5.76808318e-09 -5.82234583e-09 -5.89755333e-09 -6.01171007e-09 -6.17631302e-09 -6.39309256e-09 -6.65272376e-09 -6.93564783e-09 -7.21481741e-09 -7.45990753e-09 -7.64222824e-09 -7.73947717e-09 -7.73947695e-09 -7.64222846e-09 -7.45990753e-09 -7.21481752e-09 -6.93564789e-09 -6.65272393e-09 -6.39309228e-09 -6.17631313e-09 -6.01171035e-09 -5.89755333e-09 -5.82234572e-09 -5.76808323e-09 -5.71547981e-09 -5.65200381e-09 -5.58674890e-09 -5.58418756e-09 -5.84731036e-09 -6.91847291e-09 -1.01357734e-08 -1.85951140e-08 -3.90241708e-08 -8.51484338e-08 -1.83254447e-07 -3.80619746e-07 -7.57151385e-07 2.08239503e-04 1.44793074e-03 3.84777139e-03 7.44834114e-03 1.22774629e-02 1.83451835e-02 2.56722255e-02 3.42548700e-02 4.40454024e-02 5.50529435e-02 6.71303658e-02 8.02315664e-02 9.42066650e-02 1.08777499e-01 1.23838736e-01 1.39138076e-01 1.54268596e-01 1.68933653e-01 1.82757685e-01 1.95572682e-01 2.06911640e-01 2.16347430e-01 2.23592795e-01 2.28331024e-01 2.30395922e-01 2.29704900e-01 2.26286219e-01 2.20270574e-01 2.11885254e-01 2.01454435e-01 1.89328127e-01 1.75965598e-01 1.61678786e-01 1.46748811e-01 1.31487776e-01 1.16240226e-01 1.01425643e-01 8.71291713e-02 7.35563138e-02 6.09676759e-02 4.94021027e-02 3.90033340e-02 2.97973884e-02 2.18518168e-02 1.51481425e-02 9.70818460e-03 5.49540155e-03 2.49935320e-03 6.84403386e-04 6.99255249e-06 -5.39839916e-07 -2.65458260e-07 -1.25361501e-07 -5.76093054e-08 -2.66722642e-08 -1.34053459e-08 -8.12283363e-09 -6.22490626e-09 -5.66023001e-09 -5.56972912e-09 -5.61748736e-09 -5.68529518e-09 -5.74264014e-09 -5.79384674e-09 -5.85610471e-09 -5.94884370e-09 -6.08734274e-09 -6.27850399e-09 -6.51855842e-09 -6.79283341e-09 -7.07757641e-09 -7.34351219e-09 -7.56050866e-09 -7.70251779e-09 -7.75192954e-09
-7.75192910e-09 -7.70443742e-09 -7.56804985e-09 -7.35998718e-09 -7.10566012e-09 -6.83436635e-09 -6.57439869e-09 -6.34845432e-09 -6.17017720e-09 -6.04243972e-09 -5.95769101e-09 -5.90035742e-09 -5.85119037e-09 -5.79388060e-09 -5.72638248e-09 -5.68518432e-09 -5.80517906e-09 -6.46895376e-09 -8.66036931e-09 -1.47430003e-08 -3.00430814e-08 -6.58158467e-08 -1.44358213e-07 -3.07090480e-07 -6.26213731e-07 6.91684663e-06 6.96664060e-04 2.54069203e-03 5.58283781e-03 9.85493005e-03 1.53807891e-02 2.21834204e-02 3.02499836e-02 3.95919559e-02 5.01664156e-02 6.19163162e-02 7.47347473e-02 8.85356401e-02 1.03056742e-01 1.18191125e-01 1.33695513e-01 1.49210268e-01 1.64406596e-01 1.78896395e-01 1.92545329e-01 2.04866050e-01 2.15478317e-01 2.23973936e-01 2.30055000e-01 2.33510617e-01 2.34206342e-01 2.32123455e-01 2.27332502e-01 2.20002452e-01 2.10418289e-01 1.98892879e-01 1.85854456e-01 1.71757693e-01 1.56864631e-01 1.41468885e-01 1.25929475e-01 1.10548677e-01 9.57278981e-02 8.15176072e-02 6.81785706e-02 5.58975523e-02 4.47206716e-02 3.47733441e-02 2.60617746e-02 1.86188329e-02 1.24614732e-02 7.56643867e-03 3.91124894e-03 1.47107558e-03 2.11717331e-04 -8.79085056e-07 -4.40993657e-07 -2.11571678e-07 -9.77185485e-08 -4.43139153e-08 -2.07237492e-08 -1.09781377e-08 -7.27175387e-09 -6.02801464e-09 -5.70967457e-09 -5.69748815e-09 -5.76047055e-09 -5.82420295e-09 -5.87594035e-09 -5.92677840e-09 -5.99551880e-09 -6.10023698e-09 -6.25291841e-09 -6.45607895e-09 -6.70137007e-09 -6.97028474e-09 -7.23680993e-09 -7.47153583e-09 -7.64651387e-09 -7.73995912e-09 -7.73995923e-09 -7.64651387e-09 -7.47153589e-09 -7.23680998e-09 -6.97028479e-09 -6.70137018e-09 -6.45607900e-09 -6.25291852e-09 -6.10023704e-09 -5.99551880e-09 -5.92677840e-09 -5.87594040e-09 -5.82420284e-09 -5.76047060e-09 -5.69748826e-09 -5.70967451e-09 -6.02801481e-09 -7.27175364e-09 -1.09781377e-08 -2.07237496e-08 -4.43139155e-08 -9.77185487e-08 -2.11571678e-07 -4.40993657e-07 -8.79085056e-07 2.11717331e-04 1.47107558e-03 3.91124894e-03 7.56643867e-03 1.24614732e-02 1.86188329e-02 2.60617746e-02 3.47733441e-02 4.47206716e-02 5.58975523e-02 6.81785706e-02 8.15176072e-02 9.57278981e-02 1.10548677e-01 1.25929475e-01 1.41468885e-01 1.56864631e-01 1.71757693e-01 1.85854456e-01 1.98892879e-01 2.10418289e-01 2.20002452e-01 2.27332502e-01 2.32123455e-01 2.34206342e-01 2.33510617e-01 2.30055000e-01 2.23973936e-01 2.15478317e-01 2.04866050e-01 1.92545329e-01 1.78896395e-01 1.64406596e-01 1.49210268e-01 1.33695513e-01 1.18191125e-01 1.03056742e-01 8.85356401e-02 7.47347473e-02 6.19163162e-02 5.01664156e-02 3.95919559e-02 3.02499836e-02 2.21834204e-02 1.53807891e-02 9.85493005e-03 5.58283781e-03 2.54069203e-03 6.96664060e-04 6.91684663e-06 -6.26213731e-07 -3.07090480e-07 -1.44358213e-07 -6.58158466e-08 -3.00430815e-08 -1.47430002e-08 -8.66036920e-09 -6.46895371e-09 -5.80517923e-09 -5.68518438e-09 -5.72638231e-09 -5.79388065e-09 -5.85119031e-09 -5.90035742e-09 -5.95769090e-09 -6.04243960e-09 -6.17017720e-09 -6.34845421e-09 -6.57439880e-09 -6.83436641e-09 -7.10566028e-09 -7.35998723e-09 -7.56804963e-09 -7.70443742e-09 -7.75192927e-09
-7.75192927e-09 -7.70637382e-09 -7.57565244e-09 -7.37656475e-09 -7.13385334e-09 -6.87593549e-09 -6.63008409e-09 -6.41792419e-09 -6.25206481e-09 -6.13451356e-09 -6.05711842e-09 -6.00409344e-09 -5.95646410e-09 -5.89892513e-09 -5.83190202e-09 -5.79839832e-09 -5.95173766e-09 -6.72671802e-09 -9.24802868e-09 -1.62337632e-08 -3.38381845e-08 -7.51096675e-08 -1.65949162e-07 -3.54509488e-07 -7.24697110e-07 6.98234394e-06 7.08240251e-04 2.57843513e-03 5.66510965e-03 9.99548626e-03 1.55984759e-02 2.24959048e-02 3.06706071e-02 4.01439480e-02 5.08926765e-02 6.28046932e-02 7.58586814e-02 8.98725390e-02 1.04632871e-01 1.20065202e-01 1.35836191e-01 1.51620741e-01 1.67057042e-01 1.81825120e-01 1.95728092e-01 2.08262957e-01 2.19019088e-01 2.27620347e-01 2.33781035e-01 2.37278838e-01 2.37982639e-01 2.35875361e-01 2.31016929e-01 2.23600384e-01 2.13893015e-01 2.02194117e-01 1.88917656e-01 1.74523193e-01 1.59399239e-01 1.43739764e-01 1.27939325e-01 1.12292759e-01 9.71732243e-02 8.27589118e-02 6.91897862e-02 5.67052839e-02 4.53635482e-02 3.52629389e-02 2.64153512e-02 1.88755607e-02 1.26316514e-02 7.67504304e-03 3.96651730e-03 1.49328212e-03 2.15059108e-04 -1.01813930e-06 -5.09804027e-07 -2.43795354e-07 -1.11982731e-07 -5.02891665e-08 -2.31099422e-08 -1.19093919e-08 -7.65216474e-09 -6.21471818e-09 -5.83429782e-09 -5.80523674e-09 -5.86540427e-09 -5.92947957e-09 -5.98075023e-09 -6.02873618e-09 -6.09164624e-09 -6.18754165e-09 -6.32882730e-09 -6.51876447e-09 -6.74997153e-09 -7.00500680e-09 -7.25891597e-09 -7.48324885e-09 -7.65083696e-09 -7.74044512e-09 -7.74044512e-09 -7.65083719e-09 -7.48324874e-09 -7.25891613e-09 -7.00500646e-09 -6.74997136e-09 -6.51876453e-09 -6.32882724e-09 -6.18754165e-09 -6.09164608e-09 -6.02873607e-09 -5.98075023e-09 -5.92947930e-09 -5.86540416e-09 -5.80523685e-09 -5.83429793e-09 -6.21471796e-09 -7.65216457e-09 -1.19093920e-08 -2.31099421e-08 -5.02891665e-08 -1.11982731e-07 -2.43795354e-07 -5.09804027e-07 -1.01813930e-06 2.15059108e-04 1.49328212e-03 3.96651730e-03 7.67504304e-03 1.26316514e-02 1.88755607e-02 2.64153512e-02 3.52629389e-02 4.53635482e-02 5.67052839e-02 6.91897862e-02 8.27589118e-02 9.71732243e-02 1.12292759e-01 1.27939325e-01 1.43739764e-01 1.59399239e-01 1.74523193e-01 1.88917656e-01 2.02194117e-01 2.13893015e-01 2.23600384e-01 2.31016929e-01 2.35875361e-01 2.37982639e-01 2.37278838e-01 2.33781035e-01 2.27620347e-01 2.19019088e-01 2.08262957e-01 1.95728092e-01 1.81825120e-01 1.67057042e-01 1.51620741e-01 1.35836191e-01 1.20065202e-01 1.04632871e-01 8.98725390e-02 7.58586814e-02 6.28046932e-02 5.08926765e-02 4.01439480e-02 3.06706071e-02 2.24959048e-02 1.55984759e-02 9.99548626e-03 5.66510965e-03 2.57843513e-03 7.08240251e-04 6.98234394e-06 -7.24697110e-07 -3.54509488e-07 -1.65949162e-07 -7.51096674e-08 -3.38381846e-08 -1.62337633e-08 -9.24802851e-09 -6.72671813e-09 -5.95173755e-09 -5.79839804e-09 -5.83190218e-09 -5.89892485e-09 -5.95646404e-09 -6.00409356e-09 -6.05711847e-09 -6.13451351e-09 -6.25206481e-09 -6.41792414e-09 -6.63008437e-09 -6.87593538e-09 -7.13385306e-09 -7.37656480e-09 -7.57565233e-09 -7.70637354e-09 -7.75192938e-09
-7.75192954e-09 -7.70831754e-09 -7.58327579e-09 -7.39316186e-09 -7.16201065e-09 -6.91732865e-09 -6.68533828e-09 -6.48657061e-09 -6.33261543e-09 -6.22464086e-09 -6.15396051e-09 -6.10465001e-09 -6.05810851e-09 -6.00014061e-09 -5.93384869e-09 -5.90930849e-09 -6.10018014e-09 -6.99957958e-09 -9.89085364e-09 -1.78937819e-08 -3.81042847e-08 -8.56141195e-08 -1.90433647e-07 -4.08386350e-07 -8.36687010e-07 6.91764720e-06 7.17890110e-04 2.61453957e-03 5.73849119e-03 1.01263865e-02 1.57940011e-02 2.27749678e-02 3.10666560e-02 4.06605414e-02 5.15672192e-02 6.36466768e-02 7.69268258e-02 9.11465240e-02 1.06175545e-01 1.21867824e-01 1.37903525e-01 1.53955257e-01 1.69617584e-01 1.84699430e-01 1.98873238e-01 2.11599109e-01 2.22499449e-01 2.31206917e-01 2.37437806e-01 2.40977431e-01 2.41691037e-01 2.39555427e-01 2.34642929e-01 2.27140896e-01 2.17304156e-01 2.05442567e-01 1.91937275e-01 1.77245173e-01 1.61848552e-01 1.45948142e-01 1.29871211e-01 1.13968210e-01 9.85514028e-02 8.39231209e-02 7.01414665e-02 5.74560771e-02 4.59616726e-02 3.57117787e-02 2.67461026e-02 1.91178680e-02 1.27954118e-02 7.77071893e-03 4.01784727e-03 1.51613839e-03 2.18270336e-04 -1.17627689e-06 -5.88027836e-07 -2.80377942e-07 -1.28135093e-07 -5.70266708e-08 -2.57814837e-08 -1.29386828e-08 -8.06240119e-09 -6.40808157e-09 -5.95811966e-09 -5.90985233e-09 -5.96655958e-09 -6.03098604e-09 -6.08213169e-09 -6.12780127e-09 -6.18550750e-09 -6.27321345e-09 -6.40366982e-09 -6.58084021e-09 -6.79828532e-09 -7.03963676e-09 -7.28102251e-09 -7.49498574e-09 -7.65517499e-09 -7.74093362e-09 -7.74093378e-09 -7.65517499e-09 -7.49498569e-09 -7.28102223e-09 -7.03963665e-09 -6.79828527e-09 -6.58084021e-09 -6.40367004e-09 -6.27321350e-09 -6.18550777e-09 -6.12780116e-09 -6.08213174e-09 -6.03098571e-09 -5.96655991e-09 -5.90985233e-09 -5.95811950e-09 -6.40808168e-09 -8.06240119e-09 -1.29386830e-08 -2.57814837e-08 -5.70266708e-08 -1.28135093e-07 -2.80377942e-07 -5.88027836e-07 -1.17627689e-06 2.18270336e-04 1.51613839e-03 4.01784727e-03 7.77071893e-03 1.27954118e-02 1.91178680e-02 2.67461026e-02 3.57117787e-02 4.59616726e-02 5.74560771e-02 7.01414665e-02 8.39231209e-02 9.85514028e-02 1.13968210e-01 1.29871211e-01 1.45948142e-01 1.61848552e-01 1.77245173e-01 1.91937275e-01 2.05442567e-01 2.17304156e-01 2.27140896e-01 2.34642929e-01 2.39555427e-01 2.41691037e-01 2.40977431e-01 2.37437806e-01 2.31206917e-01 2.22499449e-01 2.11599109e-01 1.98873238e-01 1.84699430e-01 1.69617584e-01 1.53955257e-01 1.37903525e-01 1.21867824e-01 1.06175545e-01 9.11465240e-02 7.69268258e-02 6.36466768e-02 5.15672192e-02 4.06605414e-02 3.10666560e-02 2.27749678e-02 1.57940011e-02 1.01263865e-02 5.73849119e-03 2.61453957e-03 7.17890110e-04 6.91764720e-06 -8.36687010e-07 -4.08386350e-07 -1.90433647e-07 -8.56141195e-08 -3.81042847e-08 -1.78937820e-08 -9.89085330e-09 -6.99957969e-09 -6.10018008e-09 -5.90930838e-09 -5.93384886e-09 -6.00014050e-09 -6.05810868e-09 -6.10465012e-09 -6.15396067e-09 -6.22464080e-09 -6.33261554e-09 -6.48657050e-09 -6.68533828e-09 -6.91732860e-09 -7.16201076e-09 -7.39316203e-09 -7.58327551e-09 -7.70831743e-09 -7.75192943e-09
-7.75192932e-09 -7.71025854e-09 -7.59088220e-09 -7.40969469e-09 -7.18999615e-09 -6.95834762e-09 -6.73989792e-09 -6.55407872e-09 -6.41147380e-09 -6.31244956e-09 -6.24784813e-09 -6.20168855e-09 -6.15583318e-09 -6.09731021e-09 -6.03208594e-09 -6.01791056e-09 -6.25084418e-09 -7.28905258e-09 -1.05943149e-08 -1.97406299e-08 -4.28923552e-08 -9.74639210e-08 -2.18138365e-07 -4.69452152e-07 -9.63700404e-07 6.64879569e-06 7.26630618e-04 2.64712553e-03 5.80571473e-03 1.02417489e-02 1.59649956e-02 2.30256057e-02 3.14231672e-02 4.11408006e-02 5.21879161e-02 6.44519178e-02 7.79143442e-02 9.23375385e-02 1.07645665e-01 1.23581635e-01 1.39901568e-01 1.56188495e-01 1.72122510e-01 1.87551963e-01 2.01941937e-01 2.14836869e-01 2.25883103e-01 2.34719885e-01 2.41066472e-01 2.44665353e-01 2.45390119e-01 2.43220518e-01 2.38223782e-01 2.30597288e-01 2.20618487e-01 2.08602366e-01 1.94903993e-01 1.79949280e-01 1.64189762e-01 1.48063880e-01 1.31729069e-01 1.15558467e-01 9.98763454e-02 8.50070517e-02 7.10390744e-02 5.81460315e-02 4.65081932e-02 3.61090290e-02 2.70554192e-02 1.93306909e-02 1.29441257e-02 7.86007676e-03 4.06938493e-03 1.53630563e-03 2.21211581e-04 -1.35562473e-06 -6.76727899e-07 -3.21812937e-07 -1.46387614e-07 -6.46102249e-08 -2.87686688e-08 -1.40759496e-08 -8.50539023e-09 -6.60885585e-09 -6.08125705e-09 -6.01125361e-09 -6.06376016e-09 -6.12846646e-09 -6.17976703e-09 -6.22361496e-09 -6.27672991e-09 -6.35688557e-09 -6.47710990e-09 -6.64201460e-09 -6.84608026e-09 -7.07400660e-09 -7.30302191e-09 -7.50668844e-09 -7.65950514e-09 -7.74142145e-09 -7.74142161e-09 -7.65950520e-09 -7.50668849e-09 -7.30302174e-09 -7.07400644e-09 -6.84608037e-09 -6.64201472e-09 -6.47710996e-09 -6.35688552e-09 -6.27673002e-09 -6.22361490e-09 -6.17976681e-09 -6.12846629e-09 -6.06376016e-09 -6.01125361e-09 -6.08125705e-09 -6.60885580e-09 -8.50539039e-09 -1.40759497e-08 -2.87686687e-08 -6.46102247e-08 -1.46387614e-07 -3.21812937e-07 -6.76727899e-07 -1.35562473e-06 2.21211581e-04 1.53630563e-03 4.06938493e-03 7.86007676e-03 1.29441257e-02 1.93306909e-02 2.70554192e-02 3.61090290e-02 4.65081932e-02 5.81460315e-02 7.10390744e-02 8.50070517e-02 9.98763454e-02 1.15558467e-01 1.31729069e-01 1.48063880e-01 1.64189762e-01 1.79949280e-01 1.94903993e-01 2.08602366e-01 2.20618487e-01 2.30597288e-01 2.38223782e-01 2.43220518e-01 2.45390119e-01 2.44665353e-01 2.41066472e-01 2.34719885e-01 2.25883103e-01 2.14836869e-01 2.01941937e-01 1.87551963e-01 1.72122510e-01 1.56188495e-01 1.39901568e-01 1.23581635e-01 1.07645665e-01 9.23375385e-02 7.79143442e-02 6.44519178e-02 5.21879161e-02 4.11408006e-02 3.14231672e-02 2.30256057e-02 1.59649956e-02 1.02417489e-02 5.80571473e-03 2.64712553e-03 7.26630618e-04 6.64879569e-06 -9.63700404e-07 -4.69452152e-07 -2.18138365e-07 -9.74639208e-08 -4.28923553e-08 -1.97406299e-08 -1.05943148e-08 -7.28905247e-09 -6.25084406e-09 -6.01791056e-09 -6.03208572e-09 -6.09731038e-09 -6.15583318e-09 -6.20168877e-09 -6.24784813e-09 -6.31244979e-09 -6.41147380e-09 -6.55407867e-09 -6.73989786e-09 -6.95834779e-09 -7.18999632e-09 -7.40969475e-09 -7.59088226e-09 -7.71025832e-09 -7.75192938e-09
-7.75192965e-09 -7.71218878e-09 -7.59843893e-09 -7.42608858e-09 -7.21768190e-09 -6.99880709e-09 -6.79352341e-09 -6.62016364e-09 -6.48832166e-09 -6.39761188e-09 -6.33846670e-09 -6.29493213e-09 -6.24941798e-09 -6.19028023e-09 -6.12654355e-09 -6.12425410e-09 -6.40412878e-09 -7.59679009e-09 -1.13643572e-08 -2.17934272e-08 -4.82579600e-08 -1.10806002e-07 -2.49419309e-07 -5.38501713e-07 -1.10738051e-06 6.53466449e-06 7.35645611e-04 2.67630558e-03 5.86602029e-03 1.03416457e-02 1.61242713e-02 2.32574771e-02 3.17369111e-02 4.15814525e-02 5.27413023e-02 6.51935162e-02 7.88174477e-02 9.34652735e-02 1.09015585e-01 1.25232629e-01 1.41776151e-01 1.58313315e-01 1.74603435e-01 1.90286582e-01 2.04893965e-01 2.17994307e-01 2.29241589e-01 2.38216165e-01 2.44635332e-01 2.48268480e-01 2.49001013e-01 2.46810253e-01 2.41759918e-01 2.34038696e-01 2.23886619e-01 2.11658178e-01 1.97752220e-01 1.82565592e-01 1.66488910e-01 1.50060176e-01 1.33498475e-01 1.17060313e-01 1.01132991e-01 8.60170558e-02 7.18654794e-02 5.87991565e-02 4.70010262e-02 3.64850259e-02 2.73355013e-02 1.95245619e-02 1.30712372e-02 7.94328271e-03 4.11401579e-03 1.55184750e-03 2.23501970e-04 -1.55848135e-06 -7.77057773e-07 -3.68637558e-07 -1.66971425e-07 -7.31312132e-08 -3.21044917e-08 -1.53319911e-08 -8.98431057e-09 -6.81786982e-09 -6.20388230e-09 -6.10941875e-09 -6.15688855e-09 -6.22173579e-09 -6.27340846e-09 -6.31587899e-09 -6.36498698e-09 -6.43823023e-09 -6.54884230e-09 -6.70202482e-09 -6.89314372e-09 -7.10796066e-09 -7.32481165e-09 -7.51830354e-09 -7.66381014e-09 -7.74190667e-09 -7.74190662e-09 -7.66381014e-09 -7.51830342e-09 -7.32481176e-09 -7.10796055e-09 -6.89314372e-09 -6.70202471e-09 -6.54884214e-09 -6.43823028e-09 -6.36498715e-09 -6.31587882e-09 -6.27340851e-09 -6.22173563e-09 -6.15688855e-09 -6.10941880e-09 -6.20388219e-09 -6.81786982e-09 -8.98431030e-09 -1.53319909e-08 -3.21044918e-08 -7.31312133e-08 -1.66971425e-07 -3.68637558e-07 -7.77057773e-07 -1.55848135e-06 2.23501970e-04 1.55184750e-03 4.11401579e-03 7.94328271e-03 1.30712372e-02 1.95245619e-02 2.73355013e-02 3.64850259e-02 4.70010262e-02 5.87991565e-02 7.18654794e-02 8.60170558e-02 1.01132991e-01 1.17060313e-01 1.33498475e-01 1.50060176e-01 1.66488910e-01 1.82565592e-01 1.97752220e-01 2.11658178e-01 2.23886619e-01 2.34038696e-01 2.41759918e-01 2.46810253e-01 2.49001013e-01 2.48268480e-01 2.44635332e-01 2.38216165e-01 2.29241589e-01 2.17994307e-01 2.04893965e-01 1.90286582e-01 1.74603435e-01 1.58313315e-01 1.41776151e-01 1.25232629e-01 1.09015585e-01 9.34652735e-02 7.88174477e-02 6.51935162e-02 5.27413023e-02 4.15814525e-02 3.17369111e-02 2.32574771e-02 1.61242713e-02 1.03416457e-02 5.86602029e-03 2.67630558e-03 7.35645611e-04 6.53466449e-06 -1.10738051e-06 -5.38501713e-07 -2.49419309e-07 -1.10806002e-07 -4.82579600e-08 -2.17934273e-08 -1.13643572e-08 -7.59679020e-09 -6.40412889e-09 -6.12425444e-09 -6.12654327e-09 -6.19028040e-09 -6.24941826e-09 -6.29493213e-09 -6.33846653e-09 -6.39761211e-09 -6.48832155e-09 -6.62016364e-09 -6.79352352e-09 -6.99880698e-09 -7.21768179e-09 -7.42608869e-09 -7.59843910e-09 -7.71218889e-09 -7.75192943e-09
-7.75192938e-09 -7.71409980e-09 -7.60590996e-09 -7.44227319e-09 -7.24494964e-09 -7.03853942e-09 -6.84600143e-09 -6.68457201e-09 -6.56288501e-09 -6.47985221e-09 -6.42556142e-09 -6.38416509e-09 -6.33871033e-09 -6.27896157e-09 -6.21720003e-09 -6.22843693e-09 -6.56048749e-09 -7.92458948e-09 -1.22074197e-08 -2.40729637e-08 -5.42616150e-08 -1.25800413e-07 -2.84663747e-07 -6.16397368e-07 -1.26950294e-06 6.45385977e-06 7.43563865e-04 2.70062854e-03 5.91932436e-03 1.04287622e-02 1.62663986e-02 2.34602961e-02 3.20139025e-02 4.19724978e-02 5.32425666e-02 6.58681110e-02 7.96571605e-02 9.45157029e-02 1.10308418e-01 1.26768239e-01 1.43547999e-01 1.60377290e-01 1.76983760e-01 1.92919022e-01 2.07774409e-01 2.21105839e-01 2.32497766e-01 2.41578598e-01 2.48073226e-01 2.51752641e-01 2.52495261e-01 2.50273167e-01 2.45163440e-01 2.37350578e-01 2.27077557e-01 2.14668057e-01 2.00509692e-01 1.85073411e-01 1.68734347e-01 1.51965220e-01 1.35141291e-01 1.18480500e-01 1.02302888e-01 8.69448919e-02 7.26120062e-02 5.93903694e-02 4.74375437e-02 3.68252783e-02 2.75737633e-02 1.96925960e-02 1.31828391e-02 8.01369737e-03 4.15086783e-03 1.56567873e-03 2.25653431e-04 -1.78732416e-06 -8.90266694e-07 -4.21435540e-07 -1.90138174e-07 -8.26891929e-08 -3.58248706e-08 -1.67185354e-08 -9.50260959e-09 -7.03603953e-09 -6.32621588e-09 -6.20437612e-09 -6.24588958e-09 -6.31066843e-09 -6.36286657e-09 -6.40435766e-09 -6.45001280e-09 -6.51697407e-09 -6.61860272e-09 -6.76063416e-09 -6.93928315e-09 -7.14135467e-09 -7.34629918e-09 -7.52978041e-09 -7.66806796e-09 -7.74238612e-09 -7.74238629e-09 -7.66806796e-09 -7.52978035e-09 -7.34629907e-09 -7.14135467e-09 -6.93928331e-09 -6.76063416e-09 -6.61860267e-09 -6.51697407e-09 -6.45001280e-09 -6.40435743e-09 -6.36286679e-09 -6.31066843e-09 -6.24588942e-09 -6.20437618e-09 -6.32621594e-09 -7.03603942e-09 -9.50260981e-09 -1.67185353e-08 -3.58248707e-08 -8.26891933e-08 -1.90138174e-07 -4.21435540e-07 -8.90266695e-07 -1.78732416e-06 2.25653431e-04 1.56567873e-03 4.15086783e-03 8.01369737e-03 1.31828391e-02 1.96925960e-02 2.75737633e-02 3.68252783e-02 4.74375437e-02 5.93903694e-02 7.26120062e-02 8.69448919e-02 1.02302888e-01 1.18480500e-01 1.35141291e-01 1.51965220e-01 1.68734347e-01 1.85073411e-01 2.00509692e-01 2.14668057e-01 2.27077557e-01 2.37350578e-01 2.45163440e-01 2.50273167e-01 2.52495261e-01 2.51752641e-01 2.48073226e-01 2.41578598e-01 2.32497766e-01 2.21105839e-01 2.07774409e-01 1.92919022e-01 1.76983760e-01 1.60377290e-01 1.43547999e-01 1.26768239e-01 1.10308418e-01 9.45157029e-02 7.96571605e-02 6.58681110e-02 5.32425666e-02 4.19724978e-02 3.20139025e-02 2.34602961e-02 1.62663986e-02 1.04287622e-02 5.91932436e-03 2.70062854e-03 7.43563865e-04 6.45385977e-06 -1.26950294e-06 -6.16397368e-07 -2.84663747e-07 -1.25800413e-07 -5.42616150e-08 -2.40729638e-08 -1.22074199e-08 -7.92458960e-09 -6.56048782e-09 -6.22843704e-09 -6.21720009e-09 -6.27896146e-09 -6.33871039e-09 -6.38416520e-09 -6.42556136e-09 -6.47985188e-09 -6.56288479e-09 -6.68457206e-09 -6.84600143e-09 -7.03853953e-09 -7.24494947e-09 -7.44227313e-09 -7.60591018e-09 -7.71410003e-09 -7.75192927e-09
-7.75192938e-09 -7.71598269e-09 -7.61326652e-09 -7.45818174e-09 -7.27169175e-09 -7.07739206e-09 -6.89713769e-09 -6.74708228e-09 -6.63493172e-09 -6.55894333e-09 -6.50893539e-09 -6.46924031e-09 -6.42361131e-09 -6.36332020e-09 -6.30408814e-09 -6.33059599e-09 -6.72043093e-09 -8.27439739e-09 -1.31304931e-08 -2.66018390e-08 -6.09691763e-08 -1.42621275e-07 -3.24292296e-07 -7.04072888e-07 -1.45198188e-06 6.05215267e-06 7.48960638e-04 2.72309880e-03 5.96438800e-03 1.05076045e-02 1.63882679e-02 2.36342138e-02 3.22586197e-02 4.23034435e-02 5.36992617e-02 6.64511398e-02 8.04055108e-02 9.54807086e-02 1.11516116e-01 1.28193633e-01 1.45219254e-01 1.62356999e-01 1.79253948e-01 1.95460789e-01 2.10568927e-01 2.24081051e-01 2.35632485e-01 2.44834339e-01 2.51415869e-01 2.55152900e-01 2.55906028e-01 2.53651765e-01 2.48470028e-01 2.40551646e-01 2.30131034e-01 2.17551449e-01 2.03191312e-01 1.87478695e-01 1.70861174e-01 1.53788276e-01 1.36683921e-01 1.19786155e-01 1.03394537e-01 8.77960809e-02 7.32868454e-02 5.99121956e-02 4.78179541e-02 3.71149367e-02 2.77799440e-02 1.98288731e-02 1.32737141e-02 8.07132352e-03 4.17989221e-03 1.58100016e-03 2.27620489e-04 -2.04481659e-06 -1.01770463e-06 -4.80840040e-07 -2.16161451e-07 -9.33925095e-08 -3.99688714e-08 -1.82483210e-08 -1.00640211e-08 -7.26436167e-09 -6.44851972e-09 -6.29619556e-09 -6.33076047e-09 -6.39520042e-09 -6.44801984e-09 -6.48887361e-09 -6.53159038e-09 -6.59288113e-09 -6.68615907e-09 -6.81763457e-09 -6.98432645e-09 -7.17406040e-09 -7.36739769e-09 -7.54107121e-09 -7.67226416e-09 -7.74286069e-09 -7.74286102e-09 -7.67226416e-09 -7.54107138e-09 -7.36739775e-09 -7.17406051e-09 -6.98432656e-09 -6.81763451e-09 -6.68615896e-09 -6.59288146e-09 -6.53159032e-09 -6.48887322e-09 -6.44801973e-09 -6.39520048e-09 -6.33076053e-09 -6.29619568e-09 -6.44851983e-09 -7.26436167e-09 -1.00640212e-08 -1.82483211e-08 -3.99688717e-08 -9.33925098e-08 -2.16161451e-07 -4.80840039e-07 -1.01770463e-06 -2.04481659e-06 2.27620489e-04 1.58100016e-03 4.17989221e-03 8.07132352e-03 1.32737141e-02 1.98288731e-02 2.77799440e-02 3.71149367e-02 4.78179541e-02 5.99121956e-02 7.32868454e-02 8.77960809e-02 1.03394537e-01 1.19786155e-01 1.36683921e-01 1.53788276e-01 1.70861174e-01 1.87478695e-01 2.03191312e-01 2.17551449e-01 2.30131034e-01 2.40551646e-01 2.48470028e-01 2.53651765e-01 2.55906028e-01 2.55152900e-01 2.51415869e-01 2.44834339e-01 2.35632485e-01 2.24081051e-01 2.10568927e-01 1.95460789e-01 1.79253948e-01 1.62356999e-01 1.45219254e-01 1.28193633e-01 1.11516116e-01 9.54807086e-02 8.04055108e-02 6.64511398e-02 5.36992617e-02 4.23034435e-02 3.22586197e-02 2.36342138e-02 1.63882679e-02 1.05076045e-02 5.96438800e-03 2.72309880e-03 7.48960638e-04 6.05215267e-06 -1.45198188e-06 -7.04072888e-07 -3.24292296e-07 -1.42621275e-07 -6.09691764e-08 -2.66018390e-08 -1.31304929e-08 -8.27439733e-09 -6.72043104e-09 -6.33059605e-09 -6.30408792e-09 -6.36332009e-09 -6.42361131e-09 -6.46924042e-09 -6.50893545e-09 -6.55894317e-09 -6.63493210e-09 -6.74708234e-09 -6.89713753e-09 -7.07739201e-09 -7.27169180e-09 -7.45818185e-09 -7.61326652e-09 -7.71598263e-09 -7.75192943e-09
-7.75192954e-09 -7.71783087e-09 -7.62048069e-09 -7.47375573e-09 -7.29781191e-09 -7.11523213e-09 -6.94676777e-09 -6.80751056e-09 -6.70427130e-09 -6.63471034e-09 -6.58844534e-09 -6.55005844e-09 -6.50408560e-09 -6.44337439e-09 -6.38727804e-09 -6.43090747e-09 -6.88451990e-09 -8.64831962e-09 -1.41411466e-08 -2.94046022e-08 -6.84522493e-08 -1.61457792e-07 -3.68761094e-07 -8.02537454e-07 -1.65687618e-06 5.68297303e-06 7.53684391e-04 2.73991688e-03 5.99689093e-03 1.05691947e-02 1.64775217e-02 2.37741618e-02 3.24614175e-02 4.25837684e-02 5.40996994e-02 6.69744218e-02 8.10758413e-02 9.63633140e-02 1.12609987e-01 1.29503081e-01 1.46785500e-01 1.64242291e-01 1.81417526e-01 1.97900136e-01 2.13234641e-01 2.26937101e-01 2.38647347e-01 2.47994076e-01 2.54699333e-01 2.58501604e-01 2.59266526e-01 2.56976052e-01 2.51696987e-01 2.43636294e-01 2.33065551e-01 2.20314098e-01 2.05745854e-01 1.89785621e-01 1.72881744e-01 1.55534007e-01 1.38115191e-01 1.20978101e-01 1.04385603e-01 8.85765131e-02 7.38752904e-02 6.03666433e-02 4.81545101e-02 3.73525398e-02 2.79369554e-02 1.99411106e-02 1.33516844e-02 8.11564904e-03 4.20665110e-03 1.59241193e-03 2.28951905e-04 -2.33381480e-06 -1.16082731e-06 -5.47536632e-07 -2.45338297e-07 -1.05358947e-07 -4.45789644e-08 -1.99351627e-08 -1.06725848e-08 -7.50391882e-09 -6.57109384e-09 -6.38498809e-09 -6.41154763e-09 -6.47532361e-09 -6.52880006e-09 -6.56930610e-09 -6.60955890e-09 -6.66576838e-09 -6.75132394e-09 -6.87284929e-09 -7.02812208e-09 -7.20596305e-09 -7.38803141e-09 -7.55213664e-09 -7.67638064e-09 -7.74332587e-09 -7.74332609e-09 -7.67638042e-09 -7.55213647e-09 -7.38803124e-09 -7.20596288e-09 -7.02812203e-09 -6.87284929e-09 -6.75132406e-09 -6.66576849e-09 -6.60955918e-09 -6.56930604e-09 -6.52880017e-09 -6.47532356e-09 -6.41154763e-09 -6.38498865e-09 -6.57109395e-09 -7.50391882e-09 -1.06725846e-08 -1.99351627e-08 -4.45789646e-08 -1.05358947e-07 -2.45338297e-07 -5.47536632e-07 -1.16082731e-06 -2.33381480e-06 2.28951905e-04 1.59241193e-03 4.20665110e-03 8.11564904e-03 1.33516844e-02 1.99411106e-02 2.79369554e-02 3.73525398e-02 4.81545101e-02 6.03666433e-02 7.38752904e-02 8.85765131e-02 1.04385603e-01 1.20978101e-01 1.38115191e-01 1.55534007e-01 1.72881744e-01 1.89785621e-01 2.05745854e-01 2.20314098e-01 2.33065551e-01 2.43636294e-01 2.51696987e-01 2.56976052e-01 2.59266526e-01 2.58501604e-01 2.54699333e-01 2.47994076e-01 2.38647347e-01 2.26937101e-01 2.13234641e-01 1.97900136e-01 1.81417526e-01 1.64242291e-01 1.46785500e-01 1.29503081e-01 1.12609987e-01 9.63633140e-02 8.10758413e-02 6.69744218e-02 5.40996994e-02 4.25837684e-02 3.24614175e-02 2.37741618e-02 1.64775217e-02 1.05691947e-02 5.99689093e-03 2.73991688e-03 7.53684391e-04 5.68297303e-06 -1.65687618e-06 -8.02537454e-07 -3.68761094e-07 -1.61457792e-07 -6.84522494e-08 -2.94046021e-08 -1.41411469e-08 -8.64831973e-09 -6.88451995e-09 -6.43090736e-09 -6.38727798e-09 -6.44337450e-09 -6.50408560e-09 -6.55005838e-09 -6.58844534e-09 -6.63471034e-09 -6.70427097e-09 -6.80751039e-09 -6.94676783e-09 -7.11523185e-09 -7.29781180e-09 -7.47375556e-09 -7.62048069e-09 -7.71783099e-09 -7.75192949e-09
-7.75192932e-09 -7.71963815e-09 -7.62752661e-09 -7.48894441e-09 -7.32322758e-09 -7.15194531e-09 -6.99475428e-09 -6.86570334e-09 -6.77075324e-09 -6.70702471e-09 -6.66399835e-09 -6.62657867e-09 -6.58014176e-09 -6.51918475e-09 -6.46687964e-09 -6.52957055e-09 -7.05335745e-09 -9.04863195e-09 -1.52475862e-08 -3.25079145e-08 -7.67886258e-08 -1.82515313e-07 -4.18564039e-07 -9.12879713e-07 -1.88639522e-06 5.39896629e-06 7.58165506e-04 2.75365478e-03 6.02345559e-03 1.06120814e-02 1.65435614e-02 2.38803107e-02 3.26255184e-02 4.28031325e-02 5.44285474e-02 6.74111156e-02 8.16753448e-02 9.71571713e-02 1.13587884e-01 1.30709841e-01 1.48267981e-01 1.65998402e-01 1.83486552e-01 2.00215371e-01 2.15757369e-01 2.29670578e-01 2.41598935e-01 2.51088157e-01 2.57876026e-01 2.61792896e-01 2.62584782e-01 2.60216922e-01 2.54830296e-01 2.46670884e-01 2.35913465e-01 2.22934877e-01 2.08164115e-01 1.91977632e-01 1.74797925e-01 1.57151691e-01 1.39443109e-01 1.22065152e-01 1.05268215e-01 8.92810011e-02 7.43743644e-02 6.07569348e-02 4.84309325e-02 3.75434352e-02 2.80672700e-02 2.00332229e-02 1.34086383e-02 8.14971685e-03 4.22701221e-03 1.59846462e-03 2.29814254e-04 -2.65737408e-06 -1.32120132e-06 -6.22266389e-07 -2.77990786e-07 -1.18716426e-07 -4.97012864e-08 -2.17940587e-08 -1.13326717e-08 -7.75588122e-09 -6.69427214e-09 -6.47089643e-09 -6.48833148e-09 -6.55107302e-09 -6.60518895e-09 -6.64558741e-09 -6.68380840e-09 -6.73549083e-09 -6.81394297e-09 -6.92613134e-09 -7.07054265e-09 -7.23696092e-09 -7.40813311e-09 -7.56293628e-09 -7.68040381e-09 -7.74378034e-09 -7.74378028e-09 -7.68040365e-09 -7.56293628e-09 -7.40813277e-09 -7.23696120e-09 -7.07054260e-09 -6.92613139e-09 -6.81394319e-09 -6.73549072e-09 -6.68380840e-09 -6.64558741e-09 -6.60518890e-09 -6.55107280e-09 -6.48833132e-09 -6.47089626e-09 -6.69427214e-09 -7.75588138e-09 -1.13326717e-08 -2.17940587e-08 -4.97012863e-08 -1.18716426e-07 -2.77990786e-07 -6.22266389e-07 -1.32120132e-06 -2.65737408e-06 2.29814254e-04 1.59846462e-03 4.22701221e-03 8.14971685e-03 1.34086383e-02 2.00332229e-02 2.80672700e-02 3.75434352e-02 4.84309325e-02 6.07569348e-02 7.43743644e-02 8.92810011e-02 1.05268215e-01 1.22065152e-01 1.39443109e-01 1.57151691e-01 1.74797925e-01 1.91977632e-01 2.08164115e-01 2.22934877e-01 2.35913465e-01 2.46670884e-01 2.54830296e-01 2.60216922e-01 2.62584782e-01 2.61792896e-01 2.57876026e-01 2.51088157e-01 2.41598935e-01 2.29670578e-01 2.15757369e-01 2.00215371e-01 1.83486552e-01 1.65998402e-01 1.48267981e-01 1.30709841e-01 1.13587884e-01 9.71571713e-02 8.16753448e-02 6.74111156e-02 5.44285474e-02 4.28031325e-02 3.26255184e-02 2.38803107e-02 1.65435614e-02 1.06120814e-02 6.02345559e-03 2.75365478e-03 7.58165506e-04 5.39896629e-06 -1.88639522e-06 -9.12879713e-07 -4.18564039e-07 -1.82515314e-07 -7.67886257e-08 -3.25079145e-08 -1.52475862e-08 -9.04863190e-09 -7.05335745e-09 -6.52957050e-09 -6.46687981e-09 -6.51918475e-09 -6.58014176e-09 -6.62657879e-09 -6.66399858e-09 -6.70702466e-09 -6.77075324e-09 -6.86570312e-09 -6.99475433e-09 -7.15194509e-09 -7.32322758e-09 -7.48894469e-09 -7.62752655e-09 -7.71963832e-09 -7.75192932e-09
-7.75192921e-09 -7.72139913e-09 -7.63438457e-09 -7.50370233e-09 -7.34786670e-09 -7.18743615e-09 -7.04098035e-09 -6.92154067e-09 -6.83426715e-09 -6.77580247e-09 -6.73555034e-09 -6.69880523e-09 -6.65183658e-09 -6.59084826e-09 -6.54302762e-09 -6.62681904e-09 -7.22760302e-09 -9.47779394e-09 -1.64587071e-08 -3.59407134e-08 -8.60627473e-08 -2.06016450e-07 -4.74235111e-07 -1.03627184e-06 -2.14290461e-06 5.04859941e-06 7.61338777e-04 2.76124792e-03 6.04247645e-03 1.06386287e-02 1.65908090e-02 2.39503402e-02 3.27463435e-02 4.29799593e-02 5.46944947e-02 6.77645839e-02 8.21956995e-02 9.78419457e-02 1.14456891e-01 1.31796913e-01 1.49645679e-01 1.67680748e-01 1.85422215e-01 2.02375188e-01 2.18164512e-01 2.32318308e-01 2.44403123e-01 2.54050764e-01 2.61066749e-01 2.65056709e-01 2.65861901e-01 2.63452393e-01 2.57920293e-01 2.49547045e-01 2.38642434e-01 2.25469809e-01 2.10437202e-01 1.94019381e-01 1.76611877e-01 1.58675494e-01 1.40677030e-01 1.23051740e-01 1.06030550e-01 8.98940977e-02 7.48107367e-02 6.10672940e-02 4.86484306e-02 3.76820814e-02 2.81653245e-02 2.00925300e-02 1.34467682e-02 8.17405407e-03 4.24120537e-03 1.60186908e-03 2.30451629e-04 -3.01875458e-06 -1.50050903e-06 -7.05829034e-07 -3.14467642e-07 -1.33603741e-07 -5.53859267e-08 -2.38412778e-08 -1.20490138e-08 -8.02151062e-09 -6.81841916e-09 -6.55408561e-09 -6.56122912e-09 -6.62252647e-09 -6.67722044e-09 -6.71769729e-09 -6.75427148e-09 -6.80195400e-09 -6.87389956e-09 -6.97736052e-09 -7.11148118e-09 -7.26697258e-09 -7.42764494e-09 -7.57343899e-09 -7.68432223e-09 -7.74422371e-09 -7.74422371e-09 -7.68432218e-09 -7.57343904e-09 -7.42764505e-09 -7.26697241e-09 -7.11148124e-09 -6.97736047e-09 -6.87389934e-09 -6.80195383e-09 -6.75427148e-09 -6.71769701e-09 -6.67722050e-09 -6.62252653e-09 -6.56122895e-09 -6.55408550e-09 -6.81841894e-09 -8.02151068e-09 -1.20490137e-08 -2.38412777e-08 -5.53859268e-08 -1.33603741e-07 -3.14467642e-07 -7.05829034e-07 -1.50050903e-06 -3.01875458e-06 2.30451629e-04 1.60186908e-03 4.24120537e-03 8.17405407e-03 1.34467682e-02 2.00925300e-02 2.81653245e-02 3.76820814e-02 4.86484306e-02 6.10672940e-02 7.48107367e-02 8.98940977e-02 1.06030550e-01 1.23051740e-01 1.40677030e-01 1.58675494e-01 1.76611877e-01 1.94019381e-01 2.10437202e-01 2.25469809e-01 2.38642434e-01 2.49547045e-01 2.57920293e-01 2.63452393e-01 2.65861901e-01 2.65056709e-01 2.61066749e-01 2.54050764e-01 2.44403123e-01 2.32318308e-01 2.18164512e-01 2.02375188e-01 1.85422215e-01 1.67680748e-01 1.49645679e-01 1.31796913e-01 1.14456891e-01 9.78419457e-02 8.21956995e-02 6.77645839e-02 5.46944947e-02 4.29799593e-02 3.27463435e-02 2.39503402e-02 1.65908090e-02 1.06386287e-02 6.04247645e-03 2.76124792e-03 7.61338777e-04 5.04859941e-06 -2.14290461e-06 -1.03627184e-06 -4.74235111e-07 -2.06016450e-07 -8.60627473e-08 -3.59407136e-08 -1.64587071e-08 -9.47779366e-09 -7.22760307e-09 -6.62681887e-09 -6.54302779e-09 -6.59084803e-09 -6.65183658e-09 -6.69880529e-09 -6.73555034e-09 -6.77580236e-09 -6.83426715e-09 -6.92154084e-09 -7.04098047e-09 -7.18743620e-09 -7.34786676e-09 -7.50370222e-09 -7.63438474e-09 -7.72139913e-09 -7.75192904e-09
-7.75192943e-09 -7.72310893e-09 -7.64103641e-09 -7.51799306e-09 -7.37167266e-09 -7.22162424e-09 -7.08536052e-09 -6.97493496e-09 -6.89474183e-09 -6.84099805e-09 -6.80310047e-09 -6.76678530e-09 -6.71926292e-09 -6.65849492e-09 -6.61587990e-09 -6.72289846e-09 -7.40796008e-09 -9.93845528e-09 -1.77841435e-08 -3.97343948e-08 -9.63661967e-08 -2.32202230e-07 -5.36350753e-07 -1.17397362e-06 -2.42893153e-06 4.34370792e-06 7.61545429e-04 2.76715298e-03 6.05165677e-03 1.06512328e-02 1.66180130e-02 2.39901553e-02 3.28215979e-02 4.31108532e-02 5.48862481e-02 6.80523000e-02 8.26376774e-02 9.84155374e-02 1.15227736e-01 1.32793196e-01 1.50940180e-01 1.69222750e-01 1.87198792e-01 2.04417730e-01 2.20475712e-01 2.34825883e-01 2.47102849e-01 2.57015077e-01 2.64137838e-01 2.68188786e-01 2.69005389e-01 2.66561724e-01 2.60945438e-01 2.52391746e-01 2.41244295e-01 2.27885366e-01 2.12628458e-01 1.95914177e-01 1.78276218e-01 1.60098578e-01 1.41803089e-01 1.23913078e-01 1.06718700e-01 9.03957905e-02 7.51913831e-02 6.12987785e-02 4.88177300e-02 3.77732177e-02 2.82287376e-02 2.01286208e-02 1.34652858e-02 8.18633787e-03 4.24557001e-03 1.60807842e-03 2.30609635e-04 -3.42142645e-06 -1.70055351e-06 -7.99086132e-07 -3.55145963e-07 -1.50171312e-07 -6.16872268e-08 -2.60944598e-08 -1.28267273e-08 -8.30216185e-09 -6.94392294e-09 -6.63474198e-09 -6.63038502e-09 -6.68979844e-09 -6.74496475e-09 -6.78565626e-09 -6.82092266e-09 -6.86509427e-09 -6.93111135e-09 -7.02644837e-09 -7.15085474e-09 -7.29592775e-09 -7.44651801e-09 -7.58361846e-09 -7.68812358e-09 -7.74465359e-09 -7.74465359e-09 -7.68812347e-09 -7.58361857e-09 -7.44651807e-09 -7.29592781e-09 -7.15085530e-09 -7.02644820e-09 -6.93111124e-09 -6.86509449e-09 -6.82092244e-09 -6.78565604e-09 -6.74496492e-09 -6.68979838e-09 -6.63038502e-09 -6.63474209e-09 -6.94392294e-09 -8.30216185e-09 -1.28267275e-08 -2.60944599e-08 -6.16872268e-08 -1.50171312e-07 -3.55145963e-07 -7.99086132e-07 -1.70055351e-06 -3.42142645e-06 2.30609635e-04 1.60807842e-03 4.24557001e-03 8.18633787e-03 1.34652858e-02 2.01286208e-02 2.82287376e-02 3.77732177e-02 4.88177300e-02 6.12987785e-02 7.51913831e-02 9.03957905e-02 1.06718700e-01 1.23913078e-01 1.41803089e-01 1.60098578e-01 1.78276218e-01 1.95914177e-01 2.12628458e-01 2.27885366e-01 2.41244295e-01 2.52391746e-01 2.60945438e-01 2.66561724e-01 2.69005389e-01 2.68188786e-01 2.64137838e-01 2.57015077e-01 2.47102849e-01 2.34825883e-01 2.20475712e-01 2.04417730e-01 1.87198792e-01 1.69222750e-01 1.50940180e-01 1.32793196e-01 1.15227736e-01 9.84155374e-02 8.26376774e-02 6.80523000e-02 5.48862481e-02 4.31108532e-02 3.28215979e-02 2.39901553e-02 1.66180130e-02 1.06512328e-02 6.05165677e-03 2.76715298e-03 7.61545429e-04 4.34370792e-06 -2.42893153e-06 -1.17397362e-06 -5.36350753e-07 -2.32202230e-07 -9.63661965e-08 -3.97343944e-08 -1.77841434e-08 -9.93845506e-09 -7.40796002e-09 -6.72289846e-09 -6.61587973e-09 -6.65849498e-09 -6.71926270e-09 -6.76678535e-09 -6.80310025e-09 -6.84099810e-09 -6.89474161e-09 -6.97493485e-09 -7.08536063e-09 -7.22162424e-09 -7.37167244e-09 -7.51799289e-09 -7.64103647e-09 -7.72310887e-09 -7.75192943e-09
-7.75192932e-09 -7.72476250e-09 -7.64746616e-09 -7.53178442e-09 -7.39459466e-09 -7.25445293e-09 -7.12782738e-09 -7.02582820e-09 -6.95213753e-09 -6.90260749e-09 -6.86668561e-09 -6.83060214e-09 -6.78254408e-09 -6.72227746e-09 -6.68561556e-09 -6.81807355e-09 -7.59518143e-09 -1.04334814e-08 -1.92343341e-08 -4.39229959e-08 -1.07798202e-07 -2.61333328e-07 -6.05532311e-07 -1.32733648e-06 -2.74716967e-06 3.68898837e-06 7.61546894e-04 2.76642787e-03 6.04889809e-03 1.06522157e-02 1.66204886e-02 2.40017186e-02 3.28467254e-02 4.31953417e-02 5.50107579e-02 6.82869326e-02 8.29799311e-02 9.89132583e-02 1.15859237e-01 1.33709639e-01 1.52117303e-01 1.70609748e-01 1.88855609e-01 2.06358482e-01 2.22631550e-01 2.37172105e-01 2.49759776e-01 2.59868964e-01 2.67157223e-01 2.71288977e-01 2.72120729e-01 2.69630708e-01 2.63890216e-01 2.55146500e-01 2.43741309e-01 2.30136087e-01 2.14685194e-01 1.97724978e-01 1.79789132e-01 1.61380110e-01 1.42857430e-01 1.24688022e-01 1.07285067e-01 9.08007338e-02 7.54825611e-02 6.14550562e-02 4.89188868e-02 3.78194198e-02 2.82499295e-02 2.01265094e-02 1.34596764e-02 8.18403758e-03 4.24380461e-03 1.60900756e-03 2.30268121e-04 -3.86907414e-06 -1.92326322e-06 -9.02964314e-07 -4.00432957e-07 -1.68581999e-07 -6.86640960e-08 -2.85727294e-08 -1.36713497e-08 -8.59929311e-09 -7.07120262e-09 -6.71306949e-09 -6.69596101e-09 -6.75302725e-09 -6.80852386e-09 -6.84952672e-09 -6.88377905e-09 -6.92489044e-09 -6.98552782e-09 -7.07333225e-09 -7.18859916e-09 -7.32377275e-09 -7.46471374e-09 -7.59345098e-09 -7.69180059e-09 -7.74507003e-09 -7.74507020e-09 -7.69180075e-09 -7.59345120e-09 -7.46471357e-09 -7.32377259e-09 -7.18859894e-09 -7.07333225e-09 -6.98552788e-09 -6.92489044e-09 -6.88377927e-09 -6.84952672e-09 -6.80852397e-09 -6.75302714e-09 -6.69596101e-09 -6.71306932e-09 -7.07120251e-09 -8.59929339e-09 -1.36713499e-08 -2.85727293e-08 -6.86640963e-08 -1.68582000e-07 -4.00432957e-07 -9.02964314e-07 -1.92326322e-06 -3.86907414e-06 2.30268121e-04 1.60900756e-03 4.24380461e-03 8.18403758e-03 1.34596764e-02 2.01265094e-02 2.82499295e-02 3.78194198e-02 4.89188868e-02 6.14550562e-02 7.54825611e-02 9.08007338e-02 1.07285067e-01 1.24688022e-01 1.42857430e-01 1.61380110e-01 1.79789132e-01 1.97724978e-01 2.14685194e-01 2.30136087e-01 2.43741309e-01 2.55146500e-01 2.63890216e-01 2.69630708e-01 2.72120729e-01 2.71288977e-01 2.67157223e-01 2.59868964e-01 2.49759776e-01 2.37172105e-01 2.22631550e-01 2.06358482e-01 1.88855609e-01 1.70609748e-01 1.52117303e-01 1.33709639e-01 1.15859237e-01 9.89132583e-02 8.29799311e-02 6.82869326e-02 5.50107579e-02 4.31953417e-02 3.28467254e-02 2.40017186e-02 1.66204886e-02 1.06522157e-02 6.04889809e-03 2.76642787e-03 7.61546894e-04 3.68898837e-06 -2.74716967e-06 -1.32733648e-06 -6.05532311e-07 -2.61333328e-07 -1.07798203e-07 -4.39229955e-08 -1.92343345e-08 -1.04334810e-08 -7.59518159e-09 -6.81807344e-09 -6.68561539e-09 -6.72227773e-09 -6.78254380e-09 -6.83060181e-09 -6.86668572e-09 -6.90260760e-09 -6.95213742e-09 -7.02582814e-09 -7.12782727e-09 -7.25445282e-09 -7.39459466e-09 -7.53178453e-09 -7.64746616e-09 -7.72476272e-09 -7.75192921e-09
-7.75192921e-09 -7.72635733e-09 -7.65366165e-09 -7.54505314e-09 -7.41659989e-09 -7.28587568e-09 -7.16833681e-09 -7.07418701e-09 -7.00644753e-09 -6.96065788e-09 -6.92637442e-09 -6.89036661e-09 -6.84182744e-09 -6.78236667e-09 -6.75241824e-09 -6.91262086e-09 -7.79007087e-09 -1.09659608e-08 -2.08205830e-08 -4.85433939e-08 -1.20466185e-07 -2.93691288e-07 -6.82448505e-07 -1.49780747e-06 -3.10048362e-06 3.24358428e-06 7.60800116e-04 2.76309799e-03 6.03719979e-03 1.06365345e-02 1.65970997e-02 2.39810899e-02 3.28276044e-02 4.32144953e-02 5.50640616e-02 6.84440890e-02 8.32382720e-02 9.92965218e-02 1.16424123e-01 1.34530901e-01 1.53131173e-01 1.71878488e-01 1.90409227e-01 2.08138402e-01 2.24606564e-01 2.39506582e-01 2.52391155e-01 2.62685129e-01 2.70067019e-01 2.74246197e-01 2.75090432e-01 2.72568361e-01 2.66760854e-01 2.57882079e-01 2.46241627e-01 2.32265049e-01 2.16571674e-01 1.99399206e-01 1.81217715e-01 1.62504021e-01 1.43783625e-01 1.25385368e-01 1.07732033e-01 9.11380959e-02 7.56753643e-02 6.15723801e-02 4.89576917e-02 3.78275479e-02 2.82269995e-02 2.00995147e-02 1.34387119e-02 8.16629530e-03 4.23781665e-03 1.60516882e-03 2.29397689e-04 -4.36559976e-06 -2.17069645e-06 -1.01845852e-06 -4.50767754e-07 -1.89011938e-07 -7.63803399e-08 -3.12968043e-08 -1.45888701e-08 -8.91447716e-09 -7.20069410e-09 -6.78927747e-09 -6.75813588e-09 -6.81237278e-09 -6.86803325e-09 -6.90939927e-09 -6.94288915e-09 -6.98135028e-09 -7.03712866e-09 -7.11796944e-09 -7.22466831e-09 -7.35046490e-09 -7.48220097e-09 -7.60291924e-09 -7.69534692e-09 -7.74547199e-09 -7.74547215e-09 -7.69534675e-09 -7.60291957e-09 -7.48220103e-09 -7.35046490e-09 -7.22466831e-09 -7.11796944e-09 -7.03712844e-09 -6.98135039e-09 -6.94288910e-09 -6.90939922e-09 -6.86803342e-09 -6.81237278e-09 -6.75813605e-09 -6.78927736e-09 -7.20069410e-09 -8.91447738e-09 -1.45888701e-08 -3.12968045e-08 -7.63803401e-08 -1.89011938e-07 -4.50767754e-07 -1.01845852e-06 -2.17069645e-06 -4.36559976e-06 2.29397689e-04 1.60516882e-03 4.23781665e-03 8.16629530e-03 1.34387119e-02 2.00995147e-02 2.82269995e-02 3.78275479e-02 4.89576917e-02 6.15723801e-02 7.56753643e-02 9.11380959e-02 1.07732033e-01 1.25385368e-01 1.43783625e-01 1.62504021e-01 1.81217715e-01 1.99399206e-01 2.16571674e-01 2.32265049e-01 2.46241627e-01 2.57882079e-01 2.66760854e-01 2.72568361e-01 2.75090432e-01 2.74246197e-01 2.70067019e-01 2.62685129e-01 2.52391155e-01 2.39506582e-01 2.24606564e-01 2.08138402e-01 1.90409227e-01 1.71878488e-01 1.53131173e-01 1.34530901e-01 1.16424123e-01 9.92965218e-02 8.32382720e-02 6.84440890e-02 5.50640616e-02 4.32144953e-02 3.28276044e-02 2.39810899e-02 1.65970997e-02 1.06365345e-02 6.03719979e-03 2.76309799e-03 7.60800116e-04 3.24358428e-06 -3.10048362e-06 -1.49780747e-06 -6.82448505e-07 -2.93691288e-07 -1.20466185e-07 -4.85433939e-08 -2.08205830e-08 -1.09659608e-08 -7.79007087e-09 -6.91262075e-09 -6.75241840e-09 -6.78236678e-09 -6.84182760e-09 -6.89036650e-09 -6.92637458e-09 -6.96065794e-09 -7.00644753e-09 -7.07418701e-09 -7.16833681e-09 -7.28587568e-09 -7.41660000e-09 -7.54505303e-09 -7.65366148e-09 -7.72635733e-09 -7.75192910e-09
-7.75192927e-09 -7.72789222e-09 -7.65961428e-09 -7.55778118e-09 -7.43765993e-09 -7.31586691e-09 -7.20686849e-09 -7.12000586e-09 -7.05769004e-09 -7.01520586e-09 -6.98226588e-09 -6.94621805e-09 -6.89728363e-09 -6.83894735e-09 -6.81648543e-09 -7.00682928e-09 -7.99348276e-09 -1.15392302e-08 -2.25551252e-08 -5.36355261e-08 -1.34486313e-07 -3.29579851e-07 -7.67817941e-07 -1.68693305e-06 -3.49191267e-06 2.44003804e-06 7.59083611e-04 2.75367101e-03 6.01914251e-03 1.06042264e-02 1.65503997e-02 2.39287668e-02 3.27827033e-02 4.31759782e-02 5.50760684e-02 6.85240008e-02 8.34205541e-02 9.95635130e-02 1.16932862e-01 1.35211548e-01 1.54035123e-01 1.73063224e-01 1.91799186e-01 2.09746884e-01 2.26559196e-01 2.41815146e-01 2.54892701e-01 2.65348513e-01 2.72841568e-01 2.77085775e-01 2.77944680e-01 2.75376553e-01 2.69487852e-01 2.60468770e-01 2.48657755e-01 2.34428666e-01 2.18303328e-01 2.00898659e-01 1.82512670e-01 1.63550857e-01 1.44569723e-01 1.25989691e-01 1.08111309e-01 9.13562046e-02 7.58015679e-02 6.16242903e-02 4.89335490e-02 3.77847587e-02 2.81662596e-02 2.00505920e-02 1.34015894e-02 8.14110015e-03 4.22740914e-03 1.59863949e-03 2.28184113e-04 -4.91512528e-06 -2.44504550e-06 -1.14663519e-06 -5.06623246e-07 -2.11651402e-07 -8.49050222e-08 -3.42891183e-08 -1.55857665e-08 -9.24939464e-09 -7.33286054e-09 -6.86358398e-09 -6.81709661e-09 -6.86801926e-09 -6.92364427e-09 -6.96539126e-09 -6.99832720e-09 -7.03450975e-09 -7.08591824e-09 -7.16034715e-09 -7.25903593e-09 -7.37597816e-09 -7.49895834e-09 -7.61201124e-09 -7.69875530e-09 -7.74585796e-09 -7.74585784e-09 -7.69875552e-09 -7.61201108e-09 -7.49895834e-09 -7.37597816e-09 -7.25903582e-09 -7.16034715e-09 -7.08591830e-09 -7.03450953e-09 -6.99832714e-09 -6.96539115e-09 -6.92364416e-09 -6.86801926e-09 -6.81709661e-09 -6.86358381e-09 -7.33286043e-09 -9.24939431e-09 -1.55857666e-08 -3.42891181e-08 -8.49050221e-08 -2.11651402e-07 -5.06623246e-07 -1.14663519e-06 -2.44504550e-06 -4.91512528e-06 2.28184113e-04 1.59863949e-03 4.22740914e-03 8.14110015e-03 1.34015894e-02 2.00505920e-02 2.81662596e-02 3.77847587e-02 4.89335490e-02 6.16242903e-02 7.58015679e-02 9.13562046e-02 1.08111309e-01 1.25989691e-01 1.44569723e-01 1.63550857e-01 1.82512670e-01 2.00898659e-01 2.18303328e-01 2.34428666e-01 2.48657755e-01 2.60468770e-01 2.69487852e-01 2.75376553e-01 2.77944680e-01 2.77085775e-01 2.72841568e-01 2.65348513e-01 2.54892701e-01 2.41815146e-01 2.26559196e-01 2.09746884e-01 1.91799186e-01 1.73063224e-01 1.54035123e-01 1.35211548e-01 1.16932862e-01 9.95635130e-02 8.34205541e-02 6.85240008e-02 5.50760684e-02 4.31759782e-02 3.27827033e-02 2.39287668e-02 1.65503997e-02 1.06042264e-02 6.01914251e-03 2.75367101e-03 7.59083611e-04 2.44003804e-06 -3.49191267e-06 -1.68693305e-06 -7.67817941e-07 -3.29579851e-07 -1.34486313e-07 -5.36355263e-08 -2.25551249e-08 -1.15392302e-08 -7.99348271e-09 -7.00682939e-09 -6.81648538e-09 -6.83894719e-09 -6.89728358e-09 -6.94621793e-09 -6.98226627e-09 -7.01520581e-09 -7.05768999e-09 -7.12000597e-09 -7.20686849e-09 -7.31586669e-09 -7.43766027e-09 -7.55778118e-09 -7.65961444e-09 -7.72789216e-09 -7.75192949e-09
-7.75192938e-09 -7.72936365e-09 -7.66531694e-09 -7.56995627e-09 -7.45776124e-09 -7.34440808e-09 -7.24341465e-09 -7.16329890e-09 -7.10590781e-09 -7.06632941e-09 -7.03448017e-09 -6.99831293e-09 -6.94909363e-09 -6.89220858e-09 -6.87801405e-09 -7.10099579e-09 -8.20633073e-09 -1.21568913e-08 -2.44512022e-08 -5.92425933e-08 -1.49984091e-07 -3.69326268e-07 -8.62411620e-07 -1.89636281e-06 -3.92467388e-06 1.43468887e-06 7.54011628e-04 2.74195125e-03 5.99321757e-03 1.05537441e-02 1.64815985e-02 2.38474587e-02 3.26997799e-02 4.30869611e-02 5.50248061e-02 6.85358987e-02 8.34914031e-02 9.97866420e-02 1.17327771e-01 1.35766867e-01 1.54849171e-01 1.74084304e-01 1.93018036e-01 2.11306953e-01 2.28495107e-01 2.43990952e-01 2.57258467e-01 2.67852877e-01 2.75438743e-01 2.79745820e-01 2.80615615e-01 2.78014238e-01 2.72044392e-01 2.62904295e-01 2.50933693e-01 2.36488702e-01 2.20090775e-01 2.02242958e-01 1.83630718e-01 1.64470289e-01 1.45256203e-01 1.26461307e-01 1.08429897e-01 9.14712839e-02 7.58556838e-02 6.15935378e-02 4.88551218e-02 3.77021665e-02 2.80796342e-02 1.99767069e-02 1.33450236e-02 8.10656092e-03 4.20772965e-03 1.59361187e-03 2.26642427e-04 -5.52199351e-06 -2.74864040e-06 -1.28863546e-06 -5.68507967e-07 -2.36705719e-07 -9.43128115e-08 -3.75739561e-08 -1.66690446e-08 -9.60586066e-09 -7.46818873e-09 -6.93621144e-09 -6.87303670e-09 -6.92014757e-09 -6.97553049e-09 -7.01764158e-09 -7.05019354e-09 -7.08443104e-09 -7.13192144e-09 -7.20046628e-09 -7.29169081e-09 -7.40029593e-09 -7.51497065e-09 -7.62071350e-09 -7.70202246e-09 -7.74622888e-09 -7.74622871e-09 -7.70202246e-09 -7.62071350e-09 -7.51497065e-09 -7.40029626e-09 -7.29169092e-09 -7.20046611e-09 -7.13192150e-09 -7.08443126e-09 -7.05019354e-09 -7.01764180e-09 -6.97553065e-09 -6.92014779e-09 -6.87303636e-09 -6.93621172e-09 -7.46818918e-09 -9.60586055e-09 -1.66690444e-08 -3.75739558e-08 -9.43128115e-08 -2.36705719e-07 -5.68507967e-07 -1.28863546e-06 -2.74864040e-06 -5.52199351e-06 2.26642427e-04 1.59361187e-03 4.20772965e-03 8.10656092e-03 1.33450236e-02 1.99767069e-02 2.80796342e-02 3.77021665e-02 4.88551218e-02 6.15935378e-02 7.58556838e-02 9.14712839e-02 1.08429897e-01 1.26461307e-01 1.45256203e-01 1.64470289e-01 1.83630718e-01 2.02242958e-01 2.20090775e-01 2.36488702e-01 2.50933693e-01 2.62904295e-01 2.72044392e-01 2.78014238e-01 2.80615615e-01 2.79745820e-01 2.75438743e-01 2.67852877e-01 2.57258467e-01 2.43990952e-01 2.28495107e-01 2.11306953e-01 1.93018036e-01 1.74084304e-01 1.54849171e-01 1.35766867e-01 1.17327771e-01 9.97866420e-02 8.34914031e-02 6.85358987e-02 5.50248061e-02 4.30869611e-02 3.26997799e-02 2.38474587e-02 1.64815985e-02 1.05537441e-02 5.99321757e-03 2.74195125e-03 7.54011628e-04 1.43468887e-06 -3.92467388e-06 -1.89636281e-06 -8.62411620e-07 -3.69326268e-07 -1.49984091e-07 -5.92425931e-08 -2.44512024e-08 -1.21568910e-08 -8.20633039e-09 -7.10099590e-09 -6.87801394e-09 -6.89220880e-09 -6.94909347e-09 -6.99831310e-09 -7.03447994e-09 -7.06632969e-09 -7.10590781e-09 -7.16329907e-09 -7.24341470e-09 -7.34440808e-09 -7.45776113e-09 -7.56995633e-09 -7.66531716e-09 -7.72936382e-09 -7.75192910e-09
-7.75192976e-09 -7.73077075e-09 -7.67076691e-09 -7.58157070e-09 -7.47689455e-09 -7.37150074e-09 -7.27798932e-09 -7.20409921e-09 -7.15116871e-09 -7.11413217e-09 -7.08315306e-09 -7.04682213e-09 -6.99745029e-09 -6.94234892e-09 -6.93720054e-09 -7.19542520e-09 -8.42959247e-09 -1.28228285e-08 -2.65231376e-08 -6.54112984e-08 -1.67094972e-07 -4.13282667e-07 -9.67055442e-07 -2.12785287e-06 -4.40216423e-06 4.81838969e-07 7.48843309e-04 2.72534248e-03 5.95741230e-03 1.04885951e-02 1.63887477e-02 2.37291600e-02 3.25699858e-02 4.29554086e-02 5.49151547e-02 6.84790506e-02 8.34822070e-02 9.99421078e-02 1.17604463e-01 1.36249500e-01 1.55526629e-01 1.74948394e-01 1.94160194e-01 2.12834197e-01 2.30285353e-01 2.45994065e-01 2.59440314e-01 2.70225387e-01 2.77981814e-01 2.82386660e-01 2.83274065e-01 2.80617848e-01 2.74511064e-01 2.65185142e-01 2.53035883e-01 2.38393316e-01 2.21750277e-01 2.03611380e-01 1.84594623e-01 1.65235778e-01 1.45848499e-01 1.26828769e-01 1.08643724e-01 9.15317032e-02 7.58089695e-02 6.15118382e-02 4.87373367e-02 3.75666657e-02 2.79572880e-02 1.98792727e-02 1.32705356e-02 8.05884707e-03 4.17888565e-03 1.58455727e-03 2.24242723e-04 -6.19076757e-06 -3.08395225e-06 -1.44567819e-06 -6.36968002e-07 -2.64396187e-07 -1.04684380e-07 -4.11775705e-08 -1.78462770e-08 -9.98582245e-09 -7.60718799e-09 -7.00738495e-09 -6.92614827e-09 -6.96895863e-09 -7.02387520e-09 -7.06630948e-09 -7.09860998e-09 -7.13119630e-09 -7.17519200e-09 -7.23834914e-09 -7.32263727e-09 -7.42341344e-09 -7.53023116e-09 -7.62902430e-09 -7.70514774e-09 -7.74658332e-09 -7.74658371e-09 -7.70514774e-09 -7.62902430e-09 -7.53023111e-09 -7.42341366e-09 -7.32263733e-09 -7.23834892e-09 -7.17519216e-09 -7.13119647e-09 -7.09860992e-09 -7.06630959e-09 -7.02387526e-09 -6.96895897e-09 -6.92614843e-09 -7.00738489e-09 -7.60718810e-09 -9.98582239e-09 -1.78462770e-08 -4.11775704e-08 -1.04684380e-07 -2.64396187e-07 -6.36968001e-07 -1.44567819e-06 -3.08395225e-06 -6.19076757e-06 2.24242723e-04 1.58455727e-03 4.17888565e-03 8.05884707e-03 1.32705356e-02 1.98792727e-02 2.79572880e-02 3.75666657e-02 4.87373367e-02 6.15118382e-02 7.58089695e-02 9.15317032e-02 1.08643724e-01 1.26828769e-01 1.45848499e-01 1.65235778e-01 1.84594623e-01 2.03611380e-01 2.21750277e-01 2.38393316e-01 2.53035883e-01 2.65185142e-01 2.74511064e-01 2.80617848e-01 2.83274065e-01 2.82386660e-01 2.77981814e-01 2.70225387e-01 2.59440314e-01 2.45994065e-01 2.30285353e-01 2.12834197e-01 1.94160194e-01 1.74948394e-01 1.55526629e-01 1.36249500e-01 1.17604463e-01 9.99421078e-02 8.34822070e-02 6.84790506e-02 5.49151547e-02 4.29554086e-02 3.25699858e-02 2.37291600e-02 1.63887477e-02 1.04885951e-02 5.95741230e-03 2.72534248e-03 7.48843309e-04 4.81838969e-07 -4.40216423e-06 -2.12785287e-06 -9.67055442e-07 -4.13282667e-07 -1.67094972e-07 -6.54112985e-08 -2.65231376e-08 -1.28228283e-08 -8.42959202e-09 -7.19542509e-09 -6.93720054e-09 -6.94234881e-09 -6.99745029e-09 -7.04682196e-09 -7.08315295e-09 -7.11413206e-09 -7.15116877e-09 -7.20409904e-09 -7.27798899e-09 -7.37150069e-09 -7.47689427e-09 -7.58157059e-09 -7.67076691e-09 -7.73077047e-09 -7.75192976e-09
-7.75192915e-09 -7.73211306e-09 -7.67596037e-09 -7.59262381e-09 -7.49506235e-09 -7.39715245e-09 -7.31061572e-09 -7.24245552e-09 -7.19355131e-09 -7.15873083e-09 -7.12844217e-09 -7.09192860e-09 -7.04254832e-09 -6.98956104e-09 -6.99424596e-09 -7.29042904e-09 -8.66430649e-09 -1.35412395e-08 -2.87864025e-08 -7.21920860e-08 -1.85964976e-07 -4.61827445e-07 -1.08263269e-06 -2.38326907e-06 -4.92796184e-06 -3.69372744e-07 7.43389117e-04 2.70475371e-03 5.90987833e-03 1.04160397e-02 1.62850909e-02 2.35780192e-02 3.24073348e-02 4.27735801e-02 5.47616917e-02 6.83311520e-02 8.34192282e-02 9.99891011e-02 1.17797623e-01 1.36626212e-01 1.56043129e-01 1.75717173e-01 1.95288902e-01 2.14238787e-01 2.31915704e-01 2.47865761e-01 2.61591945e-01 2.72576831e-01 2.80430461e-01 2.84883798e-01 2.85781896e-01 2.83095731e-01 2.76913140e-01 2.67453442e-01 2.55054617e-01 2.40136427e-01 2.23260370e-01 2.04888242e-01 1.85541366e-01 1.65854720e-01 1.46292573e-01 1.27118025e-01 1.08751393e-01 9.15295724e-02 7.56833669e-02 6.13620164e-02 4.85635637e-02 3.73934532e-02 2.78036348e-02 1.97541881e-02 1.31767573e-02 7.99838710e-03 4.14684939e-03 1.57130807e-03 2.21729345e-04 -6.92622881e-06 -3.45359593e-06 -1.61906298e-06 -7.12588887e-07 -2.94961046e-07 -1.16106787e-07 -4.51283345e-08 -1.91256402e-08 -1.03913805e-08 -7.75039610e-09 -7.07732739e-09 -6.97662461e-09 -7.01465019e-09 -7.06886732e-09 -7.11156140e-09 -7.14371229e-09 -7.17490406e-09 -7.21579074e-09 -7.27403338e-09 -7.35189043e-09 -7.44533341e-09 -7.54473806e-09 -7.63693853e-09 -7.70812592e-09 -7.74692177e-09 -7.74692216e-09 -7.70812603e-09 -7.63693853e-09 -7.54473806e-09 -7.44533335e-09 -7.35189060e-09 -7.27403338e-09 -7.21579074e-09 -7.17490412e-09 -7.14371240e-09 -7.11156112e-09 -7.06886716e-09 -7.01465008e-09 -6.97662467e-09 -7.07732750e-09 -7.75039610e-09 -1.03913806e-08 -1.91256400e-08 -4.51283345e-08 -1.16106787e-07 -2.94961046e-07 -7.12588887e-07 -1.61906298e-06 -3.45359593e-06 -6.92622881e-06 2.21729345e-04 1.57130807e-03 4.14684939e-03 7.99838710e-03 1.31767573e-02 1.97541881e-02 2.78036348e-02 3.73934532e-02 4.85635637e-02 6.13620164e-02 7.56833669e-02 9.15295724e-02 1.08751393e-01 1.27118025e-01 1.46292573e-01 1.65854720e-01 1.85541366e-01 2.04888242e-01 2.23260370e-01 2.40136427e-01 2.55054617e-01 2.67453442e-01 2.76913140e-01 2.83095731e-01 2.85781896e-01 2.84883798e-01 2.80430461e-01 2.72576831e-01 2.61591945e-01 2.47865761e-01 2.31915704e-01 2.14238787e-01 1.95288902e-01 1.75717173e-01 1.56043129e-01 1.36626212e-01 1.17797623e-01 9.99891011e-02 8.34192282e-02 6.83311520e-02 5.47616917e-02 4.27735801e-02 3.24073348e-02 2.35780192e-02 1.62850909e-02 1.04160397e-02 5.90987833e-03 2.70475371e-03 7.43389117e-04 -3.69372744e-07 -4.92796184e-06 -2.38326907e-06 -1.08263269e-06 -4.61827445e-07 -1.85964975e-07 -7.21920862e-08 -2.87864024e-08 -1.35412394e-08 -8.66430666e-09 -7.29042920e-09 -6.99424596e-09 -6.98956110e-09 -7.04254838e-09 -7.09192843e-09 -7.12844217e-09 -7.15873083e-09 -7.19355092e-09 -7.24245558e-09 -7.31061578e-09 -7.39715250e-09 -7.49506252e-09 -7.59262397e-09 -7.67596009e-09 -7.73211306e-09 -7.75192921e-09
-7.75192921e-09 -7.73339093e-09 -7.68089975e-09 -7.60311625e-09 -7.51226997e-09 -7.42138317e-09 -7.34133188e-09 -7.27843452e-09 -7.23315108e-09 -7.20025506e-09 -7.17050747e-09 -7.13381659e-09 -7.08458664e-09 -7.03403935e-09 -7.04933689e-09 -7.38633077e-09 -8.91158636e-09 -1.43166461e-08 -3.12577149e-08 -7.96393897e-08 -2.06751350e-07 -5.15366686e-07 -1.21008645e-06 -2.66458978e-06 -5.50582608e-06 -1.55882271e-06 7.36425497e-04 2.68002612e-03 5.85696335e-03 1.03311130e-02 1.61551655e-02 2.34062359e-02 3.22026180e-02 4.25455351e-02 5.45460126e-02 6.81198455e-02 8.33007478e-02 9.99442532e-02 1.17915940e-01 1.36861721e-01 1.56465172e-01 1.76436089e-01 1.96297845e-01 2.15476300e-01 2.33457540e-01 2.49721040e-01 2.63617212e-01 2.74746914e-01 2.82716629e-01 2.87235643e-01 2.88147206e-01 2.85421195e-01 2.79147342e-01 2.69554513e-01 2.56992649e-01 2.41846509e-01 2.24627887e-01 2.06012607e-01 1.86412755e-01 1.66428166e-01 1.46600460e-01 1.27288098e-01 1.08776301e-01 9.14401531e-02 7.55013384e-02 6.11431728e-02 4.83520788e-02 3.71622528e-02 2.76164334e-02 1.95982664e-02 1.30653013e-02 7.92557098e-03 4.11238173e-03 1.55490914e-03 2.18567901e-04 -7.73337291e-06 -3.86033222e-06 -1.81017296e-06 -7.95997540e-07 -3.28656450e-07 -1.28673899e-07 -4.94568863e-08 -2.05159739e-08 -1.08247887e-08 -7.89837795e-09 -7.14626275e-09 -7.02465563e-09 -7.05741521e-09 -7.11070547e-09 -7.15357318e-09 -7.18564575e-09 -7.21566851e-09 -7.25379645e-09 -7.30756722e-09 -7.37947992e-09 -7.46606954e-09 -7.55849500e-09 -7.64445829e-09 -7.71095998e-09 -7.74724429e-09 -7.74724412e-09 -7.71095987e-09 -7.64445823e-09 -7.55849483e-09 -7.46606960e-09 -7.37947992e-09 -7.30756722e-09 -7.25379662e-09 -7.21566851e-09 -7.18564575e-09 -7.15357318e-09 -7.11070558e-09 -7.05741521e-09 -7.02465575e-09 -7.14626242e-09 -7.89837806e-09 -1.08247887e-08 -2.05159741e-08 -4.94568863e-08 -1.28673899e-07 -3.28656450e-07 -7.95997540e-07 -1.81017296e-06 -3.86033222e-06 -7.73337291e-06 2.18567901e-04 1.55490914e-03 4.11238173e-03 7.92557098e-03 1.30653013e-02 1.95982664e-02 2.76164334e-02 3.71622528e-02 4.83520788e-02 6.11431728e-02 7.55013384e-02 9.14401531e-02 1.08776301e-01 1.27288098e-01 1.46600460e-01 1.66428166e-01 1.86412755e-01 2.06012607e-01 2.24627887e-01 2.41846509e-01 2.56992649e-01 2.69554513e-01 2.79147342e-01 2.85421195e-01 2.88147206e-01 2.87235643e-01 2.82716629e-01 2.74746914e-01 2.63617212e-01 2.49721040e-01 2.33457540e-01 2.15476300e-01 1.96297845e-01 1.76436089e-01 1.56465172e-01 1.36861721e-01 1.17915940e-01 9.99442532e-02 8.33007478e-02 6.81198455e-02 5.45460126e-02 4.25455351e-02 3.22026180e-02 2.34062359e-02 1.61551655e-02 1.03311130e-02 5.85696335e-03 2.68002612e-03 7.36425497e-04 -1.55882271e-06 -5.50582608e-06 -2.66458978e-06 -1.21008645e-06 -5.15366686e-07 -2.06751350e-07 -7.96393899e-08 -3.12577147e-08 -1.43166459e-08 -8.91158652e-09 -7.38633055e-09 -7.04933689e-09 -7.03403918e-09 -7.08458653e-09 -7.13381665e-09 -7.17050730e-09 -7.20025517e-09 -7.23315124e-09 -7.27843419e-09 -7.34133215e-09 -7.42138317e-09 -7.51227019e-09 -7.60311636e-09 -7.68089964e-09 -7.73339109e-09 -7.75192927e-09
-7.75192910e-09 -7.73460401e-09 -7.68558406e-09 -7.61305419e-09 -7.52853380e-09 -7.44421957e-09 -7.37018557e-09 -7.31210681e-09 -7.27007726e-09 -7.23884597e-09 -7.20951798e-09 -7.17268117e-09 -7.12376225e-09 -7.07597064e-09 -7.10266468e-09 -7.48345602e-09 -9.17262061e-09 -1.51539309e-08 -3.39551108e-08 -8.78118937e-08 -2.29623246e-07 -5.74335578e-07 -1.35042199e-06 -2.97390835e-06 -6.13969638e-06 -3.03351424e-06 7.27011646e-04 2.65123549e-03 5.79846259e-03 1.02302026e-02 1.60084701e-02 2.32210818e-02 3.19611016e-02 4.22867666e-02 5.42654425e-02 6.78559495e-02 8.30903224e-02 9.98460615e-02 1.17916272e-01 1.36986453e-01 1.56809955e-01 1.77068558e-01 1.97155298e-01 2.16646187e-01 2.34936606e-01 2.51396114e-01 2.65494410e-01 2.76777122e-01 2.84849309e-01 2.89422460e-01 2.90345742e-01 2.87585631e-01 2.81235496e-01 2.71515396e-01 2.58761834e-01 2.43427456e-01 2.25979880e-01 2.07009326e-01 1.87159104e-01 1.66932749e-01 1.46835699e-01 1.27326737e-01 1.08729126e-01 9.12754366e-02 7.52668997e-02 6.08596113e-02 4.80825060e-02 3.69066864e-02 2.74006346e-02 1.94203831e-02 1.29394480e-02 7.84727690e-03 4.07168475e-03 1.53918290e-03 2.15273929e-04 -8.61740404e-06 -4.30706912e-06 -2.02047740e-06 -8.87864160e-07 -3.65757483e-07 -1.42486813e-07 -5.41962695e-08 -2.20268077e-08 -1.12884759e-08 -8.05172673e-09 -7.21441235e-09 -7.07042347e-09 -7.09745079e-09 -7.14958115e-09 -7.19252730e-09 -7.22456706e-09 -7.25361227e-09 -7.28930077e-09 -7.33901101e-09 -7.40544015e-09 -7.48564066e-09 -7.57151264e-09 -7.65158775e-09 -7.71365016e-09 -7.74755032e-09 -7.74755032e-09 -7.71365016e-09 -7.65158770e-09 -7.57151242e-09 -7.48564088e-09 -7.40544004e-09 -7.33901101e-09 -7.28930066e-09 -7.25361204e-09 -7.22456689e-09 -7.19252718e-09 -7.14958115e-09 -7.09745063e-09 -7.07042347e-09 -7.21441246e-09 -8.05172662e-09 -1.12884757e-08 -2.20268076e-08 -5.41962699e-08 -1.42486813e-07 -3.65757483e-07 -8.87864160e-07 -2.02047740e-06 -4.30706912e-06 -8.61740404e-06 2.15273929e-04 1.53918290e-03 4.07168475e-03 7.84727690e-03 1.29394480e-02 1.94203831e-02 2.74006346e-02 3.69066864e-02 4.80825060e-02 6.08596113e-02 7.52668997e-02 9.12754366e-02 1.08729126e-01 1.27326737e-01 1.46835699e-01 1.66932749e-01 1.87159104e-01 2.07009326e-01 2.25979880e-01 2.43427456e-01 2.58761834e-01 2.71515396e-01 2.81235496e-01 2.87585631e-01 2.90345742e-01 2.89422460e-01 2.84849309e-01 2.76777122e-01 2.65494410e-01 2.51396114e-01 2.34936606e-01 2.16646187e-01 1.97155298e-01 1.77068558e-01 1.56809955e-01 1.36986453e-01 1.17916272e-01 9.98460615e-02 8.30903224e-02 6.78559495e-02 5.42654425e-02 4.22867666e-02 3.19611016e-02 2.32210818e-02 1.60084701e-02 1.02302026e-02 5.79846259e-03 2.65123549e-03 7.27011646e-04 -3.03351424e-06 -6.13969638e-06 -2.97390835e-06 -1.35042199e-06 -5.74335578e-07 -2.29623246e-07 -8.78118937e-08 -3.39551106e-08 -1.51539312e-08 -9.17262033e-09 -7.48345585e-09 -7.10266479e-09 -7.07597075e-09 -7.12376236e-09 -7.17268095e-09 -7.20951809e-09 -7.23884591e-09 -7.27007710e-09 -7.31210642e-09 -7.37018563e-09 -7.44421974e-09 -7.52853357e-09 -7.61305430e-09 -7.68558417e-09 -7.73460401e-09 -7.75192888e-09
-7.75192965e-09 -7.73575387e-09 -7.69001895e-09 -7.62244723e-09 -7.54387175e-09 -7.46569723e-09 -7.39723438e-09 -7.34355882e-09 -7.30444139e-09 -7.27464983e-09 -7.24565102e-09 -7.20870696e-09 -7.16026688e-09 -7.11553738e-09 -7.15440973e-09 -7.58214425e-09 -9.44868350e-09 -1.60583530e-08 -3.68980430e-08 -9.67728033e-08 -2.54762393e-07 -6.39199858e-07 -1.50470898e-06 -3.31343503e-06 -6.83368976e-06 -4.38827074e-06 7.16179686e-04 2.62051674e-03 5.73178584e-03 1.01123090e-02 1.58404350e-02 2.30016735e-02 3.16822605e-02 4.19893295e-02 5.39292486e-02 6.75514638e-02 8.28173149e-02 9.96565193e-02 1.17801600e-01 1.37041356e-01 1.57106159e-01 1.77561773e-01 1.97962469e-01 2.17727820e-01 2.36247593e-01 2.52919656e-01 2.67202321e-01 2.78646950e-01 2.86884984e-01 2.91565621e-01 2.92509151e-01 2.89686137e-01 2.83190922e-01 2.73305469e-01 2.60384624e-01 2.44855281e-01 2.27180616e-01 2.07977638e-01 1.87779725e-01 1.67330831e-01 1.46991412e-01 1.27284759e-01 1.08568463e-01 9.10535234e-02 7.49721701e-02 6.05258648e-02 4.77590861e-02 3.66304687e-02 2.71545479e-02 1.92308551e-02 1.27998061e-02 7.75867346e-03 4.02098698e-03 1.52186909e-03 2.11237155e-04 -9.58372689e-06 -4.79686243e-06 -2.25153411e-06 -9.88904106e-07 -4.06559174e-07 -1.57654308e-07 -5.93821105e-08 -2.36684256e-08 -1.17850545e-08 -8.21107232e-09 -7.28199745e-09 -7.11410125e-09 -7.13494375e-09 -7.18568843e-09 -7.22860793e-09 -7.26063731e-09 -7.28886479e-09 -7.32240457e-09 -7.36843470e-09 -7.42981660e-09 -7.50407347e-09 -7.58380286e-09 -7.65833053e-09 -7.71619874e-09 -7.74784037e-09 -7.74784015e-09 -7.71619879e-09 -7.65833086e-09 -7.58380281e-09 -7.50407342e-09 -7.42981643e-09 -7.36843458e-09 -7.32240452e-09 -7.28886485e-09 -7.26063748e-09 -7.22860793e-09 -7.18568832e-09 -7.13494375e-09 -7.11410131e-09 -7.28199745e-09 -8.21107238e-09 -1.17850544e-08 -2.36684256e-08 -5.93821102e-08 -1.57654308e-07 -4.06559174e-07 -9.88904106e-07 -2.25153411e-06 -4.79686243e-06 -9.58372689e-06 2.11237155e-04 1.52186909e-03 4.02098698e-03 7.75867346e-03 1.27998061e-02 1.92308551e-02 2.71545479e-02 3.66304687e-02 4.77590861e-02 6.05258648e-02 7.49721701e-02 9.10535234e-02 1.08568463e-01 1.27284759e-01 1.46991412e-01 1.67330831e-01 1.87779725e-01 2.07977638e-01 2.27180616e-01 2.44855281e-01 2.60384624e-01 2.73305469e-01 2.83190922e-01 2.89686137e-01 2.92509151e-01 2.91565621e-01 2.86884984e-01 2.78646950e-01 2.67202321e-01 2.52919656e-01 2.36247593e-01 2.17727820e-01 1.97962469e-01 1.77561773e-01 1.57106159e-01 1.37041356e-01 1.17801600e-01 9.96565193e-02 8.28173149e-02 6.75514638e-02 5.39292486e-02 4.19893295e-02 3.16822605e-02 2.30016735e-02 1.58404350e-02 1.01123090e-02 5.73178584e-03 2.62051674e-03 7.16179686e-04 -4.38827074e-06 -6.83368976e-06 -3.31343503e-06 -1.50470898e-06 -6.39199858e-07 -2.54762393e-07 -9.67728030e-08 -3.68980432e-08 -1.60583528e-08 -9.44868339e-09 -7.58214413e-09 -7.15440951e-09 -7.11553716e-09 -7.16026660e-09 -7.20870719e-09 -7.24565119e-09 -7.27464999e-09 -7.30444127e-09 -7.34355898e-09 -7.39723416e-09 -7.46569756e-09 -7.54387214e-09 -7.62244701e-09 -7.69001907e-09 -7.73575393e-09 -7.75192927e-09
-7.75192932e-09 -7.73684083e-09 -7.69420816e-09 -7.63130642e-09 -7.55830670e-09 -7.48585505e-09 -7.42254075e-09 -7.37288119e-09 -7.33636796e-09 -7.30781474e-09 -7.27907645e-09 -7.24208560e-09 -7.19428572e-09 -7.15290982e-09 -7.20474841e-09 -7.68274711e-09 -9.74113534e-09 -1.70355786e-08 -4.01074626e-08 -1.06590129e-07 -2.82363829e-07 -7.10457242e-07 -1.67408369e-06 -3.68549845e-06 -7.59209682e-06 -5.77820039e-06 7.06707584e-04 2.58446175e-03 5.65803734e-03 9.98258794e-03 1.56558081e-02 2.27603564e-02 3.13889121e-02 4.16381721e-02 5.35552821e-02 6.71771003e-02 8.24999051e-02 9.93717298e-02 1.17610375e-01 1.37019327e-01 1.57283887e-01 1.77992550e-01 1.98687524e-01 2.18668509e-01 2.37405892e-01 2.54278675e-01 2.68861093e-01 2.80548855e-01 2.88902649e-01 2.93629193e-01 2.94582307e-01 2.91731546e-01 2.85162867e-01 2.75099636e-01 2.61892093e-01 2.46114069e-01 2.28239151e-01 2.08800054e-01 1.88390823e-01 1.67604470e-01 1.47070463e-01 1.27183302e-01 1.08317349e-01 9.07485415e-02 7.46206628e-02 6.01390897e-02 4.73926691e-02 3.63142695e-02 2.68749128e-02 1.90227507e-02 1.26521547e-02 7.66034886e-03 3.96544681e-03 1.50018596e-03 2.06630988e-04 -1.06379365e-05 -5.33291532e-06 -2.50499158e-06 -1.09987975e-06 -4.51377545e-07 -1.74293289e-07 -6.50527646e-08 -2.54519014e-08 -1.23173318e-08 -8.37708020e-09 -7.34924116e-09 -7.15586257e-09 -7.17007287e-09 -7.21921656e-09 -7.26199578e-09 -7.29402089e-09 -7.32156402e-09 -7.35320926e-09 -7.39591521e-09 -7.45266071e-09 -7.52140056e-09 -7.59538371e-09 -7.66469643e-09 -7.71860587e-09 -7.74811471e-09 -7.74811471e-09 -7.71860587e-09 -7.66469643e-09 -7.59538366e-09 -7.52140078e-09 -7.45266049e-09 -7.39591544e-09 -7.35320949e-09 -7.32156391e-09 -7.29402055e-09 -7.26199595e-09 -7.21921628e-09 -7.17007304e-09 -7.15586268e-09 -7.34924138e-09 -8.37708031e-09 -1.23173320e-08 -2.54519015e-08 -6.50527648e-08 -1.74293289e-07 -4.51377545e-07 -1.09987975e-06 -2.50499158e-06 -5.33291532e-06 -1.06379365e-05 2.06630988e-04 1.50018596e-03 3.96544681e-03 7.66034886e-03 1.26521547e-02 1.90227507e-02 2.68749128e-02 3.63142695e-02 4.73926691e-02 6.01390897e-02 7.46206628e-02 9.07485415e-02 1.08317349e-01 1.27183302e-01 1.47070463e-01 1.67604470e-01 1.88390823e-01 2.08800054e-01 2.28239151e-01 2.46114069e-01 2.61892093e-01 2.75099636e-01 2.85162867e-01 2.91731546e-01 2.94582307e-01 2.93629193e-01 2.88902649e-01 2.80548855e-01 2.68861093e-01 2.54278675e-01 2.37405892e-01 2.18668509e-01 1.98687524e-01 1.77992550e-01 1.57283887e-01 1.37019327e-01 1.17610375e-01 9.93717298e-02 8.24999051e-02 6.71771003e-02 5.35552821e-02 4.16381721e-02 3.13889121e-02 2.27603564e-02 1.56558081e-02 9.98258794e-03 5.65803734e-03 2.58446175e-03 7.06707584e-04 -5.77820039e-06 -7.59209682e-06 -3.68549845e-06 -1.67408369e-06 -7.10457242e-07 -2.82363829e-07 -1.06590129e-07 -4.01074626e-08 -1.70355787e-08 -9.74113551e-09 -7.68274711e-09 -7.20474885e-09 -7.15290999e-09 -7.19428561e-09 -7.24208532e-09 -7.27907662e-09 -7.30781463e-09 -7.33636807e-09 -7.37288125e-09 -7.42254064e-09 -7.48585510e-09 -7.55830665e-09 -7.63130648e-09 -7.69420810e-09 -7.73684072e-09 -7.75192949e-09
-7.75192915e-09 -7.73786635e-09 -7.69815878e-09 -7.63964580e-09 -7.57186647e-09 -7.50474088e-09 -7.44617301e-09 -7.40017003e-09 -7.36597888e-09 -7.33849592e-09 -7.30996935e-09 -7.27299854e-09 -7.22599836e-09 -7.18825455e-09 -7.25384952e-09 -7.78562481e-09 -1.00514386e-08 -1.80917057e-08 -4.36059343e-08 -1.17336973e-07 -3.12636601e-07 -7.88638858e-07 -1.85975094e-06 -4.09254642e-06 -8.41937610e-06 -7.42743287e-06 6.95135424e-04 2.54586419e-03 5.57596445e-03 9.85043519e-03 1.54546296e-02 2.24878611e-02 3.10632307e-02 4.12566374e-02 5.31354432e-02 6.67567064e-02 8.21026932e-02 9.90025713e-02 1.17350403e-01 1.36931758e-01 1.57386067e-01 1.78371456e-01 1.99258388e-01 2.19456003e-01 2.38452095e-01 2.55666705e-01 2.70444714e-01 2.82252802e-01 2.90691202e-01 2.95468922e-01 2.96433851e-01 2.93548192e-01 2.86916685e-01 2.76746098e-01 2.63397012e-01 2.47337172e-01 2.29127926e-01 2.09467911e-01 1.88857308e-01 1.67866201e-01 1.47044717e-01 1.27001053e-01 1.08014140e-01 9.03617316e-02 7.42236970e-02 5.97183680e-02 4.69918658e-02 3.59571611e-02 2.65700649e-02 1.87901748e-02 1.24872659e-02 7.55380459e-03 3.90880147e-03 1.47534234e-03 2.01888568e-04 -1.17858057e-05 -5.91857698e-06 -2.78259074e-06 -1.22160225e-06 -5.00550659e-07 -1.92529268e-07 -7.12495043e-08 -2.73891679e-08 -1.28883300e-08 -8.55045845e-09 -7.41635614e-09 -7.19586041e-09 -7.20301241e-09 -7.25034965e-09 -7.29287131e-09 -7.32487926e-09 -7.35185018e-09 -7.38182987e-09 -7.42153561e-09 -7.47402884e-09 -7.53765433e-09 -7.60627417e-09 -7.67069491e-09 -7.72087771e-09 -7.74837394e-09 -7.74837405e-09 -7.72087777e-09 -7.67069486e-09 -7.60627422e-09 -7.53765456e-09 -7.47402884e-09 -7.42153522e-09 -7.38182987e-09 -7.35185046e-09 -7.32487915e-09 -7.29287120e-09 -7.25034954e-09 -7.20301252e-09 -7.19586024e-09 -7.41635620e-09 -8.55045834e-09 -1.28883300e-08 -2.73891678e-08 -7.12495044e-08 -1.92529268e-07 -5.00550659e-07 -1.22160225e-06 -2.78259074e-06 -5.91857698e-06 -1.17858057e-05 2.01888568e-04 1.47534234e-03 3.90880147e-03 7.55380459e-03 1.24872659e-02 1.87901748e-02 2.65700649e-02 3.59571611e-02 4.69918658e-02 5.97183680e-02 7.42236970e-02 9.03617316e-02 1.08014140e-01 1.27001053e-01 1.47044717e-01 1.67866201e-01 1.88857308e-01 2.09467911e-01 2.29127926e-01 2.47337172e-01 2.63397012e-01 2.76746098e-01 2.86916685e-01 2.93548192e-01 2.96433851e-01 2.95468922e-01 2.90691202e-01 2.82252802e-01 2.70444714e-01 2.55666705e-01 2.38452095e-01 2.19456003e-01 1.99258388e-01 1.78371456e-01 1.57386067e-01 1.36931758e-01 1.17350403e-01 9.90025713e-02 8.21026932e-02 6.67567064e-02 5.31354432e-02 4.12566374e-02 3.10632307e-02 2.24878611e-02 1.54546296e-02 9.85043519e-03 5.57596445e-03 2.54586419e-03 6.95135424e-04 -7.42743287e-06 -8.41937610e-06 -4.09254642e-06 -1.85975094e-06 -7.88638858e-07 -3.12636601e-07 -1.17336973e-07 -4.36059344e-08 -1.80917057e-08 -1.00514385e-08 -7.78562470e-09 -7.25384947e-09 -7.18825427e-09 -7.22599813e-09 -7.27299843e-09 -7.30996952e-09 -7.33849570e-09 -7.36597855e-09 -7.40016992e-09 -7.44617312e-09 -7.50474111e-09 -7.57186636e-09 -7.63964564e-09 -7.69815867e-09 -7.73786657e-09 -7.75192932e-09
-7.75192949e-09 -7.73883208e-09 -7.70187608e-09 -7.64748276e-09 -7.58458052e-09 -7.52240070e-09 -7.46820467e-09 -7.42552481e-09 -7.39340389e-09 -7.36684425e-09 -7.33849914e-09 -7.30162103e-09 -7.25557714e-09 -7.22172516e-09 -7.30188193e-09 -7.89115645e-09 -1.03811570e-08 -1.92332966e-08 -4.74177165e-08 -1.29091838e-07 -3.45804526e-07 -8.74310647e-07 -2.06298587e-06 -4.53714612e-06 -9.32014678e-06 -9.38814325e-06 6.81791298e-04 2.50501006e-03 5.48776212e-03 9.70931984e-03 1.52413636e-02 2.22008368e-02 3.07085645e-02 4.08449038e-02 5.26779025e-02 6.62978494e-02 8.16260562e-02 9.85866033e-02 1.17032084e-01 1.36742345e-01 1.57457708e-01 1.78609535e-01 1.99693519e-01 2.20174022e-01 2.39488564e-01 2.56875982e-01 2.71811048e-01 2.83789982e-01 2.92350511e-01 2.97213284e-01 2.98195904e-01 2.95257407e-01 2.88518062e-01 2.78200414e-01 2.64685831e-01 2.48449889e-01 2.30030872e-01 2.10009062e-01 1.89199575e-01 1.68005219e-01 1.46997186e-01 1.26742810e-01 1.07635581e-01 8.99037702e-02 7.37544951e-02 5.92555962e-02 4.65372797e-02 3.55671567e-02 2.62488028e-02 1.85394242e-02 1.23050826e-02 7.43952473e-03 3.85007430e-03 1.45004409e-03 1.96641891e-04 -1.30332697e-05 -6.55734003e-06 -3.08616637e-06 -1.35493326e-06 -5.54439675e-07 -2.12496850e-07 -7.80166859e-08 -2.94930562e-08 -1.35012957e-08 -8.73194966e-09 -7.48357065e-09 -7.23424964e-09 -7.23392601e-09 -7.27926136e-09 -7.32140792e-09 -7.35337402e-09 -7.37986128e-09 -7.40837713e-09 -7.44537837e-09 -7.49398121e-09 -7.55287716e-09 -7.61649727e-09 -7.67633485e-09 -7.72301673e-09 -7.74861802e-09 -7.74861797e-09 -7.72301700e-09 -7.67633485e-09 -7.61649738e-09 -7.55287710e-09 -7.49398127e-09 -7.44537831e-09 -7.40837669e-09 -7.37986139e-09 -7.35337424e-09 -7.32140781e-09 -7.27926125e-09 -7.23392601e-09 -7.23424959e-09 -7.48357054e-09 -8.73194950e-09 -1.35012957e-08 -2.94930559e-08 -7.80166858e-08 -2.12496850e-07 -5.54439675e-07 -1.35493326e-06 -3.08616637e-06 -6.55734003e-06 -1.30332697e-05 1.96641891e-04 1.45004409e-03 3.85007430e-03 7.43952473e-03 1.23050826e-02 1.85394242e-02 2.62488028e-02 3.55671567e-02 4.65372797e-02 5.92555962e-02 7.37544951e-02 8.99037702e-02 1.07635581e-01 1.26742810e-01 1.46997186e-01 1.68005219e-01 1.89199575e-01 2.10009062e-01 2.30030872e-01 2.48449889e-01 2.64685831e-01 2.78200414e-01 2.88518062e-01 2.95257407e-01 2.98195904e-01 2.97213284e-01 2.92350511e-01 2.83789982e-01 2.71811048e-01 2.56875982e-01 2.39488564e-01 2.20174022e-01 1.99693519e-01 1.78609535e-01 1.57457708e-01 1.36742345e-01 1.17032084e-01 9.85866033e-02 8.16260562e-02 6.62978494e-02 5.26779025e-02 4.08449038e-02 3.07085645e-02 2.22008368e-02 1.52413636e-02 9.70931984e-03 5.48776212e-03 2.50501006e-03 6.81791298e-04 -9.38814325e-06 -9.32014678e-06 -4.53714612e-06 -2.06298587e-06 -8.74310647e-07 -3.45804526e-07 -1.29091838e-07 -4.74177166e-08 -1.92332965e-08 -1.03811572e-08 -7.89115656e-09 -7.30188188e-09 -7.22172522e-09 -7.25557692e-09 -7.30162097e-09 -7.33849947e-09 -7.36684413e-09 -7.39340389e-09 -7.42552503e-09 -7.46820455e-09 -7.52240048e-09 -7.58458052e-09 -7.64748276e-09 -7.70187591e-09 -7.73883213e-09 -7.75192932e-09
-7.75192965e-09 -7.73974085e-09 -7.70536768e-09 -7.65483310e-09 -7.59648167e-09 -7.53888885e-09 -7.48870799e-09 -7.44904727e-09 -7.41876993e-09 -7.39300732e-09 -7.36482797e-09 -7.32812339e-09 -7.28318011e-09 -7.25346638e-09 -7.34899797e-09 -7.99973338e-09 -1.07319614e-08 -2.04674020e-08 -5.15688775e-08 -1.41938934e-07 -3.82106923e-07 -9.68074746e-07 -2.28513563e-06 -5.02198352e-06 -1.02991794e-05 -1.13440125e-05 6.66721440e-04 2.46018618e-03 5.39649639e-03 9.55322477e-03 1.50147593e-02 2.18940348e-02 3.03277827e-02 4.03845289e-02 5.21863007e-02 6.57833203e-02 8.10915060e-02 9.80912192e-02 1.16625996e-01 1.36546069e-01 1.57400532e-01 1.78723945e-01 2.00041385e-01 2.20823231e-01 2.40316760e-01 2.57932804e-01 2.73079738e-01 2.85236880e-01 2.94034945e-01 2.99075581e-01 3.00093957e-01 2.97049537e-01 2.90085976e-01 2.79552864e-01 2.65856099e-01 2.49389072e-01 2.30776758e-01 2.10554943e-01 1.89407178e-01 1.68032493e-01 1.46879688e-01 1.26425701e-01 1.07183202e-01 8.94093435e-02 7.32236659e-02 5.87637144e-02 4.60549216e-02 3.51539536e-02 2.59087617e-02 1.82759696e-02 1.21084235e-02 7.31580252e-03 3.78381434e-03 1.42523372e-03 1.91310345e-04 -1.43864088e-05 -7.25283683e-06 -3.41764816e-06 -1.50078658e-06 -6.13429901e-07 -2.34340220e-07 -8.54019415e-08 -3.17773612e-08 -1.41597113e-08 -8.92235630e-09 -7.55110241e-09 -7.27117283e-09 -7.26296340e-09 -7.30611827e-09 -7.34777572e-09 -7.37966621e-09 -7.40573625e-09 -7.43296513e-09 -7.46753348e-09 -7.51258095e-09 -7.56710700e-09 -7.62607799e-09 -7.68163089e-09 -7.72502728e-09 -7.74884651e-09 -7.74884629e-09 -7.72502706e-09 -7.68163078e-09 -7.62607816e-09 -7.56710727e-09 -7.51258100e-09 -7.46753359e-09 -7.43296524e-09 -7.40573614e-09 -7.37966621e-09 -7.34777550e-09 -7.30611832e-09 -7.26296323e-09 -7.27117294e-09 -7.55110208e-09 -8.92235608e-09 -1.41597113e-08 -3.17773612e-08 -8.54019415e-08 -2.34340220e-07 -6.13429901e-07 -1.50078658e-06 -3.41764816e-06 -7.25283683e-06 -1.43864088e-05 1.91310345e-04 1.42523372e-03 3.78381434e-03 7.31580252e-03 1.21084235e-02 1.82759696e-02 2.59087617e-02 3.51539536e-02 4.60549216e-02 5.87637144e-02 7.32236659e-02 8.94093435e-02 1.07183202e-01 1.26425701e-01 1.46879688e-01 1.68032493e-01 1.89407178e-01 2.10554943e-01 2.30776758e-01 2.49389072e-01 2.65856099e-01 2.79552864e-01 2.90085976e-01 2.97049537e-01 3.00093957e-01 2.99075581e-01 2.94034945e-01 2.85236880e-01 2.73079738e-01 2.57932804e-01 2.40316760e-01 2.20823231e-01 2.00041385e-01 1.78723945e-01 1.57400532e-01 1.36546069e-01 1.16625996e-01 9.80912192e-02 8.10915060e-02 6.57833203e-02 5.21863007e-02 4.03845289e-02 3.03277827e-02 2.18940348e-02 1.50147593e-02 9.55322477e-03 5.39649639e-03 2.46018618e-03 6.66721440e-04 -1.13440125e-05 -1.02991794e-05 -5.02198352e-06 -2.28513563e-06 -9.68074746e-07 -3.82106923e-07 -1.41938934e-07 -5.15688774e-08 -2.04674018e-08 -1.07319614e-08 -7.99973321e-09 -7.34899819e-09 -7.25346616e-09 -7.28318028e-09 -7.32812339e-09 -7.36482803e-09 -7.39300732e-09 -7.41876993e-09 -7.44904716e-09 -7.48870804e-09 -7.53888885e-09 -7.59648161e-09 -7.65483299e-09 -7.70536790e-09 -7.73974101e-09 -7.75192965e-09
-7.75192938e-09 -7.74059383e-09 -7.70864250e-09 -7.66171671e-09 -7.60760432e-09 -7.55425578e-09 -7.50776347e-09 -7.47083528e-09 -7.44220041e-09 -7.41713363e-09 -7.38912004e-09 -7.35266636e-09 -7.30895994e-09 -7.28361527e-09 -7.39535477e-09 -8.11176626e-09 -1.11056520e-08 -2.18015966e-08 -5.60874087e-08 -1.55968500e-07 -4.21799380e-07 -1.07057084e-06 -2.52762065e-06 -5.54986202e-06 -1.13613850e-05 -1.33215636e-05 6.52615924e-04 2.41488449e-03 5.30051694e-03 9.38630311e-03 1.47784846e-02 2.15733921e-02 2.99314687e-02 3.99035275e-02 5.16639665e-02 6.52039138e-02 8.05247211e-02 9.75516900e-02 1.16200704e-01 1.36237824e-01 1.57235562e-01 1.78751744e-01 2.00344129e-01 2.21317014e-01 2.41032463e-01 2.58867474e-01 2.74347539e-01 2.86863211e-01 2.95870810e-01 3.00999224e-01 3.02035351e-01 2.98937902e-01 2.91828979e-01 2.81020985e-01 2.66915477e-01 2.50220548e-01 2.31377616e-01 2.10956350e-01 1.89606869e-01 1.67940024e-01 1.46650553e-01 1.26092526e-01 1.06682235e-01 8.88327797e-02 7.26425565e-02 5.82140057e-02 4.55518640e-02 3.47110545e-02 2.55446357e-02 1.79916248e-02 1.19080064e-02 7.18744814e-03 3.71175272e-03 1.39706057e-03 1.84594842e-04 -1.58514272e-05 -8.00883450e-06 -3.77906123e-06 -1.66012961e-06 -6.77931864e-07 -2.58213669e-07 -9.34563702e-08 -3.42568969e-08 -1.48673216e-08 -9.12252229e-09 -7.61917529e-09 -7.30676447e-09 -7.29027000e-09 -7.33107819e-09 -7.37213529e-09 -7.40390621e-09 -7.42961348e-09 -7.45570994e-09 -7.48809037e-09 -7.52989160e-09 -7.58038787e-09 -7.63504143e-09 -7.68659414e-09 -7.72691416e-09 -7.74906261e-09 -7.74906239e-09 -7.72691422e-09 -7.68659397e-09 -7.63504149e-09 -7.58038804e-09 -7.52989160e-09 -7.48809037e-09 -7.45570999e-09 -7.42961359e-09 -7.40390632e-09 -7.37213540e-09 -7.33107813e-09 -7.29026994e-09 -7.30676458e-09 -7.61917529e-09 -9.12252218e-09 -1.48673217e-08 -3.42568969e-08 -9.34563702e-08 -2.58213669e-07 -6.77931864e-07 -1.66012961e-06 -3.77906123e-06 -8.00883450e-06 -1.58514272e-05 1.84594842e-04 1.39706057e-03 3.71175272e-03 7.18744814e-03 1.19080064e-02 1.79916248e-02 2.55446357e-02 3.47110545e-02 4.55518640e-02 5.82140057e-02 7.26425565e-02 8.88327797e-02 1.06682235e-01 1.26092526e-01 1.46650553e-01 1.67940024e-01 1.89606869e-01 2.10956350e-01 2.31377616e-01 2.50220548e-01 2.66915477e-01 2.81020985e-01 2.91828979e-01 2.98937902e-01 3.02035351e-01 3.00999224e-01 2.95870810e-01 2.86863211e-01 2.74347539e-01 2.58867474e-01 2.41032463e-01 2.21317014e-01 2.00344129e-01 1.78751744e-01 1.57235562e-01 1.36237824e-01 1.16200704e-01 9.75516900e-02 8.05247211e-02 6.52039138e-02 5.16639665e-02 3.99035275e-02 2.99314687e-02 2.15733921e-02 1.47784846e-02 9.38630311e-03 5.30051694e-03 2.41488449e-03 6.52615924e-04 -1.33215636e-05 -1.13613850e-05 -5.54986202e-06 -2.52762065e-06 -1.07057084e-06 -4.21799380e-07 -1.55968500e-07 -5.60874088e-08 -2.18015964e-08 -1.11056519e-08 -8.11176604e-09 -7.39535477e-09 -7.28361504e-09 -7.30895977e-09 -7.35266692e-09 -7.38911993e-09 -7.41713385e-09 -7.44220019e-09 -7.47083534e-09 -7.50776352e-09 -7.55425578e-09 -7.60760410e-09 -7.66171671e-09 -7.70864256e-09 -7.74059417e-09 -7.75192938e-09
-7.75192960e-09 -7.74139319e-09 -7.71171083e-09 -7.66815289e-09 -7.61798175e-09 -7.56855884e-09 -7.52544604e-09 -7.49099416e-09 -7.46382106e-09 -7.43936540e-09 -7.41152240e-09 -7.37540262e-09 -7.33305916e-09 -7.31229655e-09 -7.44110312e-09 -8.22768698e-09 -1.15041408e-08 -2.32440073e-08 -6.10033312e-08 -1.71277142e-07 -4.65154513e-07 -1.18247743e-06 -2.79193571e-06 -6.12370018e-06 -1.25118014e-05 -1.55737026e-05 6.37843451e-04 2.36408645e-03 5.19945738e-03 9.21616257e-03 1.45270724e-02 2.12361639e-02 2.95029871e-02 3.94008476e-02 5.11044647e-02 6.45919002e-02 7.98932688e-02 9.69587017e-02 1.15725410e-01 1.35855750e-01 1.56965827e-01 1.78757645e-01 2.00504233e-01 2.21693676e-01 2.41614229e-01 2.59908046e-01 2.75753401e-01 2.88464839e-01 2.97601463e-01 3.02793391e-01 3.03840525e-01 3.00707294e-01 2.93507540e-01 2.82534078e-01 2.68184279e-01 2.51024816e-01 2.31848818e-01 2.11210574e-01 1.89671905e-01 1.67821368e-01 1.46318485e-01 1.25653847e-01 1.06163769e-01 8.82082741e-02 7.20360970e-02 5.76191205e-02 4.50301294e-02 3.42329925e-02 2.51693946e-02 1.76929424e-02 1.17025932e-02 7.05220743e-03 3.63668364e-03 1.36641010e-03 1.78521811e-04 -1.74346303e-05 -8.82922842e-06 -4.17252612e-06 -1.83398477e-06 -7.48382330e-07 -2.84282097e-07 -1.02234738e-07 -3.69475622e-08 -1.56281394e-08 -9.33335109e-09 -7.68802061e-09 -7.34115224e-09 -7.31598082e-09 -7.35428929e-09 -7.39464073e-09 -7.42624384e-09 -7.45162487e-09 -7.47672224e-09 -7.50713763e-09 -7.54597962e-09 -7.59276669e-09 -7.64341301e-09 -7.69123804e-09 -7.72868153e-09 -7.74926456e-09 -7.74926451e-09 -7.72868175e-09 -7.69123815e-09 -7.64341324e-09 -7.59276669e-09 -7.54597979e-09 -7.50713786e-09 -7.47672224e-09 -7.45162504e-09 -7.42624384e-09 -7.39464073e-09 -7.35428951e-09 -7.31598082e-09 -7.34115224e-09 -7.68802066e-09 -9.33335093e-09 -1.56281394e-08 -3.69475620e-08 -1.02234737e-07 -2.84282097e-07 -7.48382330e-07 -1.83398477e-06 -4.17252612e-06 -8.82922842e-06 -1.74346303e-05 1.78521811e-04 1.36641010e-03 3.63668364e-03 7.05220743e-03 1.17025932e-02 1.76929424e-02 2.51693946e-02 3.42329925e-02 4.50301294e-02 5.76191205e-02 7.20360970e-02 8.82082741e-02 1.06163769e-01 1.25653847e-01 1.46318485e-01 1.67821368e-01 1.89671905e-01 2.11210574e-01 2.31848818e-01 2.51024816e-01 2.68184279e-01 2.82534078e-01 2.93507540e-01 3.00707294e-01 3.03840525e-01 3.02793391e-01 2.97601463e-01 2.88464839e-01 2.75753401e-01 2.59908046e-01 2.41614229e-01 2.21693676e-01 2.00504233e-01 1.78757645e-01 1.56965827e-01 1.35855750e-01 1.15725410e-01 9.69587017e-02 7.98932688e-02 6.45919002e-02 5.11044647e-02 3.94008476e-02 2.95029871e-02 2.12361639e-02 1.45270724e-02 9.21616257e-03 5.19945738e-03 2.36408645e-03 6.37843451e-04 -1.55737026e-05 -1.25118014e-05 -6.12370018e-06 -2.79193571e-06 -1.18247743e-06 -4.65154513e-07 -1.71277142e-07 -6.10033313e-08 -2.32440073e-08 -1.15041410e-08 -8.22768687e-09 -7.44110329e-09 -7.31229644e-09 -7.33305927e-09 -7.37540262e-09 -7.41152240e-09 -7.43936562e-09 -7.46382123e-09 -7.49099405e-09 -7.52544616e-09 -7.56855867e-09 -7.61798180e-09 -7.66815300e-09 -7.71171071e-09 -7.74139319e-09 -7.75192971e-09
-7.75192932e-09 -7.74214193e-09 -7.71457731e-09 -7.67416219e-09 -7.62765129e-09 -7.58185131e-09 -7.54183360e-09 -7.50962337e-09 -7.48375217e-09 -7.45983797e-09 -7.43218337e-09 -7.39647543e-09 -7.35560568e-09 -7.33963090e-09 -7.48638951e-09 -8.34795022e-09 -1.19294888e-08 -2.48033487e-08 -6.63488125e-08 -1.87968160e-07 -5.12462741e-07 -1.30451308e-06 -3.07965074e-06 -6.74652850e-06 -1.37555785e-05 -1.81061744e-05 6.21446077e-04 2.31277822e-03 5.09282926e-03 9.03542558e-03 1.42617921e-02 2.08871668e-02 2.90455157e-02 3.88869662e-02 5.05012313e-02 6.39464420e-02 7.92224092e-02 9.63586922e-02 1.15181547e-01 1.35372583e-01 1.56696344e-01 1.78617324e-01 2.00562612e-01 2.21953338e-01 2.42381507e-01 2.60986726e-01 2.77009021e-01 2.89868999e-01 2.99112582e-01 3.04360012e-01 3.05420518e-01 3.02250503e-01 2.94973279e-01 2.83859421e-01 2.69359823e-01 2.51965295e-01 2.32335099e-01 2.11362539e-01 1.89610310e-01 1.67614230e-01 1.45924037e-01 1.25134579e-01 1.05585593e-01 8.75549216e-02 7.13584978e-02 5.69900710e-02 4.44662988e-02 3.37431803e-02 2.47718712e-02 1.73853858e-02 1.14868277e-02 6.91254089e-03 3.56175602e-03 1.33392369e-03 1.71403773e-04 -1.91423981e-05 -9.71803448e-06 -4.60025830e-06 -2.02343071e-06 -8.25245350e-07 -3.12721554e-07 -1.11795683e-07 -3.98663982e-08 -1.64464612e-08 -9.55579932e-09 -7.75787135e-09 -7.37445627e-09 -7.34021505e-09 -7.37588868e-09 -7.41543715e-09 -7.44682227e-09 -7.47190193e-09 -7.49611473e-09 -7.52476470e-09 -7.56091173e-09 -7.60428592e-09 -7.65122199e-09 -7.69557751e-09 -7.73033565e-09 -7.74945330e-09 -7.74945291e-09 -7.73033570e-09 -7.69557740e-09 -7.65122221e-09 -7.60428576e-09 -7.56091190e-09 -7.52476437e-09 -7.49611478e-09 -7.47190176e-09 -7.44682238e-09 -7.41543704e-09 -7.37588846e-09 -7.34021510e-09 -7.37445605e-09 -7.75787135e-09 -9.55579899e-09 -1.64464612e-08 -3.98663983e-08 -1.11795683e-07 -3.12721554e-07 -8.25245350e-07 -2.02343071e-06 -4.60025831e-06 -9.71803448e-06 -1.91423981e-05 1.71403773e-04 1.33392369e-03 3.56175602e-03 6.91254089e-03 1.14868277e-02 1.73853858e-02 2.47718712e-02 3.37431803e-02 4.44662988e-02 5.69900710e-02 7.13584978e-02 8.75549216e-02 1.05585593e-01 1.25134579e-01 1.45924037e-01 1.67614230e-01 1.89610310e-01 2.11362539e-01 2.32335099e-01 2.51965295e-01 2.69359823e-01 2.83859421e-01 2.94973279e-01 3.02250503e-01 3.05420518e-01 3.04360012e-01 2.99112582e-01 2.89868999e-01 2.77009021e-01 2.60986726e-01 2.42381507e-01 2.21953338e-01 2.00562612e-01 1.78617324e-01 1.56696344e-01 1.35372583e-01 1.15181547e-01 9.63586922e-02 7.92224092e-02 6.39464420e-02 5.05012313e-02 3.88869662e-02 2.90455157e-02 2.08871668e-02 1.42617921e-02 9.03542558e-03 5.09282926e-03 2.31277822e-03 6.21446077e-04 -1.81061744e-05 -1.37555785e-05 -6.74652850e-06 -3.07965074e-06 -1.30451308e-06 -5.12462741e-07 -1.87968160e-07 -6.63488123e-08 -2.48033488e-08 -1.19294889e-08 -8.34795039e-09 -7.48638990e-09 -7.33963090e-09 -7.35560585e-09 -7.39647521e-09 -7.43218298e-09 -7.45983775e-09 -7.48375195e-09 -7.50962342e-09 -7.54183360e-09 -7.58185126e-09 -7.62765140e-09 -7.67416192e-09 -7.71457703e-09 -7.74214187e-09 -7.75192938e-09
-7.75192954e-09 -7.74284054e-09 -7.71725467e-09 -7.67976427e-09 -7.63664787e-09 -7.59418972e-09 -7.55700219e-09 -7.52681889e-09 -7.50211060e-09 -7.47868317e-09 -7.45123696e-09 -7.41601708e-09 -7.37672529e-09 -7.36572497e-09 -7.53136159e-09 -8.47303333e-09 -1.23838888e-08 -2.64889563e-08 -7.21582969e-08 -2.06151918e-07 -5.64033044e-07 -1.43743756e-06 -3.39241120e-06 -7.42148528e-06 -1.50979606e-05 -2.07560377e-05 6.03287942e-04 2.25933524e-03 4.97879815e-03 8.85323951e-03 1.39853454e-02 2.05221846e-02 2.85725572e-02 3.83376662e-02 4.98748704e-02 6.32539906e-02 7.85177577e-02 9.57008272e-02 1.14552331e-01 1.34876222e-01 1.56314568e-01 1.78374521e-01 2.00510092e-01 2.22365261e-01 2.43079017e-01 2.61872285e-01 2.78072688e-01 2.91141240e-01 3.00529144e-01 3.05872812e-01 3.06953573e-01 3.03723235e-01 2.96324022e-01 2.85032869e-01 2.70337938e-01 2.52762550e-01 2.32907610e-01 2.11523966e-01 1.89454599e-01 1.67300248e-01 1.45500655e-01 1.24524188e-01 1.04934309e-01 8.68933093e-02 7.06441648e-02 5.63407326e-02 4.38731913e-02 3.32417249e-02 2.43495608e-02 1.70704869e-02 1.12567363e-02 6.76836470e-03 3.48325881e-03 1.30143173e-03 1.64675237e-04 -2.09811558e-05 -1.06793796e-05 -5.06456698e-06 -2.22960332e-06 -9.09013243e-07 -3.43719768e-07 -1.22201933e-07 -4.30316663e-08 -1.73268977e-08 -9.79089287e-09 -7.82896498e-09 -7.40679068e-09 -7.36308875e-09 -7.39600575e-09 -7.43465861e-09 -7.46577444e-09 -7.49056545e-09 -7.51399482e-09 -7.54105733e-09 -7.57475216e-09 -7.61499197e-09 -7.65849645e-09 -7.69962638e-09 -7.73188025e-09 -7.74962977e-09 -7.74962972e-09 -7.73188025e-09 -7.69962638e-09 -7.65849617e-09 -7.61499203e-09 -7.57475221e-09 -7.54105717e-09 -7.51399465e-09 -7.49056550e-09 -7.46577467e-09 -7.43465867e-09 -7.39600592e-09 -7.36308858e-09 -7.40679063e-09 -7.82896503e-09 -9.79089276e-09 -1.73268976e-08 -4.30316661e-08 -1.22201933e-07 -3.43719768e-07 -9.09013243e-07 -2.22960332e-06 -5.06456698e-06 -1.06793796e-05 -2.09811558e-05 1.64675237e-04 1.30143173e-03 3.48325881e-03 6.76836470e-03 1.12567363e-02 1.70704869e-02 2.43495608e-02 3.32417249e-02 4.38731913e-02 5.63407326e-02 7.06441648e-02 8.68933093e-02 1.04934309e-01 1.24524188e-01 1.45500655e-01 1.67300248e-01 1.89454599e-01 2.11523966e-01 2.32907610e-01 2.52762550e-01 2.70337938e-01 2.85032869e-01 2.96324022e-01 3.03723235e-01 3.06953573e-01 3.05872812e-01 3.00529144e-01 2.91141240e-01 2.78072688e-01 2.61872285e-01 2.43079017e-01 2.22365261e-01 2.00510092e-01 1.78374521e-01 1.56314568e-01 1.34876222e-01 1.14552331e-01 9.57008272e-02 7.85177577e-02 6.32539906e-02 4.98748704e-02 3.83376662e-02 2.85725572e-02 2.05221846e-02 1.39853454e-02 8.85323951e-03 4.97879815e-03 2.25933524e-03 6.03287942e-04 -2.07560377e-05 -1.50979606e-05 -7.42148528e-06 -3.39241120e-06 -1.43743756e-06 -5.64033044e-07 -2.06151917e-07 -7.21582968e-08 -2.64889562e-08 -1.23838889e-08 -8.47303328e-09 -7.53136159e-09 -7.36572486e-09 -7.37672495e-09 -7.41601724e-09 -7.45123674e-09 -7.47868328e-09 -7.50211049e-09 -7.52681900e-09 -7.55700225e-09 -7.59418950e-09 -7.63664787e-09 -7.67976421e-09 -7.71725461e-09 -7.74284037e-09 -7.75192954e-09
-7.75192927e-09 -7.74349312e-09 -7.71975062e-09 -7.68498054e-09 -7.64500807e-09 -7.60562702e-09 -7.57102731e-09 -7.54267793e-09 -7.51900781e-09 -7.49602330e-09 -7.46881268e-09 -7.43415224e-09 -7.39652795e-09 -7.39068146e-09 -7.57616203e-09 -8.60343741e-09 -1.28696896e-08 -2.83108246e-08 -7.84686315e-08 -2.25946182e-07 -6.20193729e-07 -1.58205287e-06 -3.73193809e-06 -8.15181125e-06 -1.65442664e-05 -2.35187281e-05 5.84739288e-04 2.20364692e-03 4.86467155e-03 8.66270738e-03 1.37057465e-02 2.01433251e-02 2.81035359e-02 3.77679890e-02 4.92257618e-02 6.25263266e-02 7.78087946e-02 9.49850486e-02 1.13867103e-01 1.34304138e-01 1.55825101e-01 1.78032715e-01 2.00577010e-01 2.22679012e-01 2.43597911e-01 2.62628816e-01 2.79074660e-01 2.92413147e-01 3.02008545e-01 3.07465189e-01 3.08567066e-01 3.05270804e-01 2.97709249e-01 2.86170858e-01 2.71215728e-01 2.53389423e-01 2.33333840e-01 2.11741424e-01 1.89290089e-01 1.66885185e-01 1.44957546e-01 1.23916863e-01 1.04210982e-01 8.61711459e-02 6.99120710e-02 5.56466615e-02 4.32568321e-02 3.27217038e-02 2.39174168e-02 1.67422054e-02 1.10201039e-02 6.61636303e-03 3.40116109e-03 1.26876657e-03 1.56879827e-04 -2.29573427e-05 -1.17174908e-05 -5.56785325e-06 -2.45369660e-06 -1.00020757e-06 -3.77476693e-07 -1.33520518e-07 -4.64629045e-08 -1.82743732e-08 -1.00397196e-08 -7.90154958e-09 -7.43826356e-09 -7.38471173e-09 -7.41476008e-09 -7.45243733e-09 -7.48322854e-09 -7.50773910e-09 -7.53046436e-09 -7.55610030e-09 -7.58756480e-09 -7.62492730e-09 -7.66526248e-09 -7.70339842e-09 -7.73331993e-09 -7.74979503e-09 -7.74979525e-09 -7.73331993e-09 -7.70339859e-09 -7.66526242e-09 -7.62492741e-09 -7.58756491e-09 -7.55610041e-09 -7.53046436e-09 -7.50773921e-09 -7.48322843e-09 -7.45243744e-09 -7.41476036e-09 -7.38471184e-09 -7.43826367e-09 -7.90154953e-09 -1.00397196e-08 -1.82743730e-08 -4.64629045e-08 -1.33520518e-07 -3.77476693e-07 -1.00020757e-06 -2.45369660e-06 -5.56785325e-06 -1.17174908e-05 -2.29573427e-05 1.56879827e-04 1.26876657e-03 3.40116109e-03 6.61636303e-03 1.10201039e-02 1.67422054e-02 2.39174168e-02 3.27217038e-02 4.32568321e-02 5.56466615e-02 6.99120710e-02 8.61711459e-02 1.04210982e-01 1.23916863e-01 1.44957546e-01 1.66885185e-01 1.89290089e-01 2.11741424e-01 2.33333840e-01 2.53389423e-01 2.71215728e-01 2.86170858e-01 2.97709249e-01 3.05270804e-01 3.08567066e-01 3.07465189e-01 3.02008545e-01 2.92413147e-01 2.79074660e-01 2.62628816e-01 2.43597911e-01 2.22679012e-01 2.00577010e-01 1.78032715e-01 1.55825101e-01 1.34304138e-01 1.13867103e-01 9.49850486e-02 7.78087946e-02 6.25263266e-02 4.92257618e-02 3.77679890e-02 2.81035359e-02 2.01433251e-02 1.37057465e-02 8.66270738e-03 4.86467155e-03 2.20364692e-03 5.84739288e-04 -2.35187281e-05 -1.65442664e-05 -8.15181125e-06 -3.73193809e-06 -1.58205287e-06 -6.20193728e-07 -2.25946182e-07 -7.84686314e-08 -2.83108247e-08 -1.28696897e-08 -8.60343768e-09 -7.57616198e-09 -7.39068129e-09 -7.39652817e-09 -7.43415229e-09 -7.46881273e-09 -7.49602325e-09 -7.51900775e-09 -7.54267787e-09 -7.57102736e-09 -7.60562680e-09 -7.64500818e-09 -7.68498032e-09 -7.71975073e-09 -7.74349318e-09 -7.75192932e-09
-7.75192927e-09 -7.74410058e-09 -7.72207542e-09 -7.68983044e-09 -7.65276664e-09 -7.61621771e-09 -7.58398033e-09 -7.55728924e-09 -7.53455309e-09 -7.51197704e-09 -7.48503276e-09 -7.45099760e-09 -7.41511808e-09 -7.41459377e-09 -7.62093288e-09 -8.73969658e-09 -1.33893999e-08 -3.02796427e-08 -8.53191921e-08 -2.47476493e-07 -6.81293170e-07 -1.73920422e-06 -4.10002756e-06 -8.94084325e-06 -1.80998677e-05 -2.64152222e-05 5.67224425e-04 2.14782200e-03 4.74937669e-03 8.46727388e-03 1.34200324e-02 1.97543019e-02 2.76154058e-02 3.71752456e-02 4.85356790e-02 6.17859848e-02 7.70549707e-02 9.42023174e-02 1.13168362e-01 1.33632497e-01 1.55266592e-01 1.77760807e-01 2.00565209e-01 2.22845075e-01 2.44033189e-01 2.63371081e-01 2.80158412e-01 2.93665149e-01 3.03390833e-01 3.08925926e-01 3.10043116e-01 3.06701808e-01 2.99026714e-01 2.87361586e-01 2.72129184e-01 2.53957002e-01 2.33631697e-01 2.11811429e-01 1.89184668e-01 1.66419954e-01 1.44336704e-01 1.23229508e-01 1.03454234e-01 8.53962701e-02 6.91849141e-02 5.49114267e-02 4.26275819e-02 3.21786634e-02 2.34761931e-02 1.64075820e-02 1.07803994e-02 6.46197010e-03 3.31585082e-03 1.23351552e-03 1.48592001e-04 -2.50773763e-05 -1.28366824e-05 -6.11260759e-06 -2.69696326e-06 -1.09938006e-06 -4.14205053e-07 -1.45823006e-07 -5.01810131e-08 -1.92941583e-08 -1.03034407e-08 -7.97588451e-09 -7.46898082e-09 -7.40517425e-09 -7.43226092e-09 -7.46888851e-09 -7.49930423e-09 -7.52353441e-09 -7.54562529e-09 -7.56997753e-09 -7.59941560e-09 -7.63413927e-09 -7.67154745e-09 -7.70690939e-09 -7.73466258e-09 -7.74994885e-09 -7.74994879e-09 -7.73466280e-09 -7.70690955e-09 -7.67154729e-09 -7.63413899e-09 -7.59941543e-09 -7.56997776e-09 -7.54562529e-09 -7.52353441e-09 -7.49930440e-09 -7.46888834e-09 -7.43226103e-09 -7.40517442e-09 -7.46898055e-09 -7.97588451e-09 -1.03034408e-08 -1.92941584e-08 -5.01810131e-08 -1.45823006e-07 -4.14205053e-07 -1.09938006e-06 -2.69696326e-06 -6.11260759e-06 -1.28366824e-05 -2.50773763e-05 1.48592001e-04 1.23351552e-03 3.31585082e-03 6.46197010e-03 1.07803994e-02 1.64075820e-02 2.34761931e-02 3.21786634e-02 4.26275819e-02 5.49114267e-02 6.91849141e-02 8.53962701e-02 1.03454234e-01 1.23229508e-01 1.44336704e-01 1.66419954e-01 1.89184668e-01 2.11811429e-01 2.33631697e-01 2.53957002e-01 2.72129184e-01 2.87361586e-01 2.99026714e-01 3.06701808e-01 3.10043116e-01 3.08925926e-01 3.03390833e-01 2.93665149e-01 2.80158412e-01 2.63371081e-01 2.44033189e-01 2.22845075e-01 2.00565209e-01 1.77760807e-01 1.55266592e-01 1.33632497e-01 1.13168362e-01 9.42023174e-02 7.70549707e-02 6.17859848e-02 4.85356790e-02 3.71752456e-02 2.76154058e-02 1.97543019e-02 1.34200324e-02 8.46727388e-03 4.74937669e-03 2.14782200e-03 5.67224425e-04 -2.64152222e-05 -1.80998677e-05 -8.94084325e-06 -4.10002756e-06 -1.73920422e-06 -6.81293170e-07 -2.47476493e-07 -8.53191922e-08 -3.02796428e-08 -1.33894001e-08 -8.73969691e-09 -7.62093277e-09 -7.41459388e-09 -7.41511808e-09 -7.45099760e-09 -7.48503287e-09 -7.51197698e-09 -7.53455276e-09 -7.55728907e-09 -7.58398044e-09 -7.61621755e-09 -7.65276664e-09 -7.68983033e-09 -7.72207553e-09 -7.74410069e-09 -7.75192943e-09
-7.75192904e-09 -7.74466724e-09 -7.72423719e-09 -7.69433534e-09 -7.65996006e-09 -7.62601510e-09 -7.59593277e-09 -7.57074181e-09 -7.54884655e-09 -7.52665474e-09 -7.50000889e-09 -7.46665851e-09 -7.43258932e-09 -7.43755391e-09 -7.66581920e-09 -8.88237345e-09 -1.39456950e-08 -3.24068377e-08 -9.27520281e-08 -2.70876537e-07 -7.47700571e-07 -1.90978086e-06 -4.49855003e-06 -9.79200656e-06 -1.97701645e-05 -2.96471666e-05 5.48260487e-04 2.08826710e-03 4.63177762e-03 8.26705645e-03 1.31265006e-02 1.93548586e-02 2.71115308e-02 3.65796318e-02 4.78221041e-02 6.10442512e-02 7.62555262e-02 9.34053590e-02 1.12386189e-01 1.32908391e-01 1.54714505e-01 1.77453665e-01 2.00417574e-01 2.22964531e-01 2.44487133e-01 2.64100052e-01 2.81113729e-01 2.94820537e-01 3.04666929e-01 3.10263952e-01 3.11394463e-01 3.08013750e-01 3.00254762e-01 2.88418724e-01 2.72973771e-01 2.54591838e-01 2.33898816e-01 2.11780809e-01 1.88948936e-01 1.66017330e-01 1.43641168e-01 1.22464715e-01 1.02684903e-01 8.45727029e-02 6.84049237e-02 5.41702948e-02 4.19720887e-02 3.16209765e-02 2.30284114e-02 1.60629768e-02 1.05334386e-02 6.30254044e-03 3.22832563e-03 1.19735631e-03 1.40498082e-04 -2.73476153e-05 -1.40413419e-05 -6.70140650e-06 -2.96071507e-06 -1.20711347e-06 -4.54130887e-07 -1.59185730e-07 -5.42083213e-08 -2.03918842e-08 -1.05832848e-08 -8.05223227e-09 -7.49904094e-09 -7.42457118e-09 -7.44860962e-09 -7.48412321e-09 -7.51411433e-09 -7.53805507e-09 -7.55957397e-09 -7.58276675e-09 -7.61036378e-09 -7.64267027e-09 -7.67738101e-09 -7.71017294e-09 -7.73591230e-09 -7.75009157e-09 -7.75009168e-09 -7.73591247e-09 -7.71017294e-09 -7.67738134e-09 -7.64267027e-09 -7.61036378e-09 -7.58276697e-09 -7.55957386e-09 -7.53805512e-09 -7.51411428e-09 -7.48412310e-09 -7.44860940e-09 -7.42457118e-09 -7.49904072e-09 -8.05223233e-09 -1.05832849e-08 -2.03918842e-08 -5.42083211e-08 -1.59185730e-07 -4.54130887e-07 -1.20711347e-06 -2.96071507e-06 -6.70140650e-06 -1.40413419e-05 -2.73476153e-05 1.40498082e-04 1.19735631e-03 3.22832563e-03 6.30254044e-03 1.05334386e-02 1.60629768e-02 2.30284114e-02 3.16209765e-02 4.19720887e-02 5.41702948e-02 6.84049237e-02 8.45727029e-02 1.02684903e-01 1.22464715e-01 1.43641168e-01 1.66017330e-01 1.88948936e-01 2.11780809e-01 2.33898816e-01 2.54591838e-01 2.72973771e-01 2.88418724e-01 3.00254762e-01 3.08013750e-01 3.11394463e-01 3.10263952e-01 3.04666929e-01 2.94820537e-01 2.81113729e-01 2.64100052e-01 2.44487133e-01 2.22964531e-01 2.00417574e-01 1.77453665e-01 1.54714505e-01 1.32908391e-01 1.12386189e-01 9.34053590e-02 7.62555262e-02 6.10442512e-02 4.78221041e-02 3.65796318e-02 2.71115308e-02 1.93548586e-02 1.31265006e-02 8.26705645e-03 4.63177762e-03 2.08826710e-03 5.48260487e-04 -2.96471666e-05 -1.97701645e-05 -9.79200656e-06 -4.49855003e-06 -1.90978086e-06 -7.47700571e-07 -2.70876537e-07 -9.27520283e-08 -3.24068378e-08 -1.39456949e-08 -8.88237334e-09 -7.66581898e-09 -7.43755396e-09 -7.43258921e-09 -7.46665874e-09 -7.50000878e-09 -7.52665502e-09 -7.54884633e-09 -7.57074203e-09 -7.59593277e-09 -7.62601515e-09 -7.65996000e-09 -7.69433511e-09 -7.72423742e-09 -7.74466707e-09 -7.75192915e-09
-7.75192904e-09 -7.74519260e-09 -7.72624503e-09 -7.69851494e-09 -7.66662128e-09 -7.63506713e-09 -7.60695251e-09 -7.58312002e-09 -7.56198448e-09 -7.54016027e-09 -7.51384266e-09 -7.48123263e-09 -7.44903045e-09 -7.45964268e-09 -7.71096781e-09 -9.03206282e-09 -1.45414298e-08 -3.47046061e-08 -1.00811999e-07 -2.96288522e-07 -8.19806652e-07 -2.09471671e-06 -4.92944883e-06 -1.07088061e-05 -2.15605590e-05 -3.31222195e-05 5.28646697e-04 2.02832910e-03 4.50998970e-03 8.06467228e-03 1.28287663e-02 1.89450649e-02 2.65965960e-02 3.59532461e-02 4.70960398e-02 6.02662248e-02 7.54134759e-02 9.25703596e-02 1.11543202e-01 1.32135132e-01 1.54174697e-01 1.77042797e-01 2.00213946e-01 2.23105114e-01 2.44874281e-01 2.64745451e-01 2.81961852e-01 2.95802217e-01 3.05745160e-01 3.11394969e-01 3.12537623e-01 3.09124065e-01 3.01290547e-01 2.89340716e-01 2.73740553e-01 2.55099556e-01 2.34179025e-01 2.11722880e-01 1.88636733e-01 1.65536582e-01 1.42993998e-01 1.21635051e-01 1.01834835e-01 8.37429160e-02 6.75891442e-02 5.34425258e-02 4.12879272e-02 3.10567479e-02 2.25695203e-02 1.57106905e-02 1.02831006e-02 6.14219003e-03 3.14041518e-03 1.15983475e-03 1.31772437e-04 -2.97743191e-05 -1.53359138e-05 -7.33690836e-06 -3.24632295e-06 -1.32402242e-06 -4.97494098e-07 -1.73690023e-07 -5.85686690e-08 -2.15735624e-08 -1.08805714e-08 -8.13087131e-09 -7.52854046e-09 -7.44298229e-09 -7.46389911e-09 -7.49824408e-09 -7.52776264e-09 -7.55140883e-09 -7.57239793e-09 -7.59454627e-09 -7.62046792e-09 -7.65056274e-09 -7.68278774e-09 -7.71320224e-09 -7.73707315e-09 -7.75022474e-09 -7.75022480e-09 -7.73707287e-09 -7.71320235e-09 -7.68278802e-09 -7.65056246e-09 -7.62046759e-09 -7.59454616e-09 -7.57239793e-09 -7.55140900e-09 -7.52776258e-09 -7.49824403e-09 -7.46389922e-09 -7.44298234e-09 -7.52854057e-09 -8.13087142e-09 -1.08805714e-08 -2.15735623e-08 -5.85686687e-08 -1.73690023e-07 -4.97494098e-07 -1.32402242e-06 -3.24632295e-06 -7.33690836e-06 -1.53359138e-05 -2.97743191e-05 1.31772437e-04 1.15983475e-03 3.14041518e-03 6.14219003e-03 1.02831006e-02 1.57106905e-02 2.25695203e-02 3.10567479e-02 4.12879272e-02 5.34425258e-02 6.75891442e-02 8.37429160e-02 1.01834835e-01 1.21635051e-01 1.42993998e-01 1.65536582e-01 1.88636733e-01 2.11722880e-01 2.34179025e-01 2.55099556e-01 2.73740553e-01 2.89340716e-01 3.01290547e-01 3.09124065e-01 3.12537623e-01 3.11394969e-01 3.05745160e-01 2.95802217e-01 2.81961852e-01 2.64745451e-01 2.44874281e-01 2.23105114e-01 2.00213946e-01 1.77042797e-01 1.54174697e-01 1.32135132e-01 1.11543202e-01 9.25703596e-02 7.54134759e-02 6.02662248e-02 4.70960398e-02 3.59532461e-02 2.65965960e-02 1.89450649e-02 1.28287663e-02 8.06467228e-03 4.50998970e-03 2.02832910e-03 5.28646697e-04 -3.31222195e-05 -2.15605590e-05 -1.07088061e-05 -4.92944883e-06 -2.09471671e-06 -8.19806652e-07 -2.96288522e-07 -1.00811999e-07 -3.47046061e-08 -1.45414296e-08 -9.03206265e-09 -7.71096775e-09 -7.45964268e-09 -7.44903034e-09 -7.48123269e-09 -7.51384233e-09 -7.54016027e-09 -7.56198426e-09 -7.58312002e-09 -7.60695262e-09 -7.63506697e-09 -7.66662139e-09 -7.69851510e-09 -7.72624525e-09 -7.74519276e-09 -7.75192910e-09
-7.75192976e-09 -7.74568115e-09 -7.72810899e-09 -7.70238756e-09 -7.67278469e-09 -7.64342378e-09 -7.61710406e-09 -7.59450414e-09 -7.57405949e-09 -7.55259066e-09 -7.52663493e-09 -7.49481138e-09 -7.46452006e-09 -7.48093409e-09 -7.75652353e-09 -9.18939169e-09 -1.51796451e-08 -3.71859695e-08 -1.09546925e-07 -3.23863559e-07 -8.98024361e-07 -2.29499092e-06 -5.39473832e-06 -1.16948164e-05 -2.34764266e-05 -3.67384399e-05 5.07242130e-04 1.96724532e-03 4.38337128e-03 7.85630688e-03 1.25229108e-02 1.85301269e-02 2.60764276e-02 3.53052337e-02 4.63835827e-02 5.94585971e-02 7.45644817e-02 9.16740364e-02 1.10648322e-01 1.31387611e-01 1.53535310e-01 1.76565407e-01 2.00031904e-01 2.23164131e-01 2.45179189e-01 2.65239792e-01 2.82599661e-01 2.96613235e-01 3.06729523e-01 3.12529767e-01 3.13704645e-01 3.10195404e-01 3.02189498e-01 2.90052200e-01 2.74303245e-01 2.55495381e-01 2.34363131e-01 2.11677891e-01 1.88282888e-01 1.64957700e-01 1.42315559e-01 1.20796991e-01 1.00936795e-01 8.28811268e-02 6.67402760e-02 5.26757783e-02 4.05907043e-02 3.04743629e-02 2.21015434e-02 1.53492228e-02 1.00297666e-02 5.97948866e-03 3.05030855e-03 1.12191852e-03 1.23206506e-04 -3.23636048e-05 -1.67248816e-05 -8.02184851e-06 -3.55521672e-06 -1.45075410e-06 -5.44548993e-07 -1.89422478e-07 -6.32874911e-08 -2.28456047e-08 -1.11966930e-08 -8.21208723e-09 -7.55757257e-09 -7.46048440e-09 -7.47821377e-09 -7.51134566e-09 -7.54034873e-09 -7.56368401e-09 -7.58418534e-09 -7.60538738e-09 -7.62978786e-09 -7.65785635e-09 -7.68779534e-09 -7.71601200e-09 -7.73815112e-09 -7.75034859e-09 -7.75034864e-09 -7.73815073e-09 -7.71601194e-09 -7.68779523e-09 -7.65785635e-09 -7.62978769e-09 -7.60538743e-09 -7.58418534e-09 -7.56368418e-09 -7.54034868e-09 -7.51134593e-09 -7.47821371e-09 -7.46048423e-09 -7.55757296e-09 -8.21208718e-09 -1.11966929e-08 -2.28456046e-08 -6.32874909e-08 -1.89422477e-07 -5.44548994e-07 -1.45075410e-06 -3.55521672e-06 -8.02184851e-06 -1.67248816e-05 -3.23636048e-05 1.23206506e-04 1.12191852e-03 3.05030855e-03 5.97948866e-03 1.00297666e-02 1.53492228e-02 2.21015434e-02 3.04743629e-02 4.05907043e-02 5.26757783e-02 6.67402760e-02 8.28811268e-02 1.00936795e-01 1.20796991e-01 1.42315559e-01 1.64957700e-01 1.88282888e-01 2.11677891e-01 2.34363131e-01 2.55495381e-01 2.74303245e-01 2.90052200e-01 3.02189498e-01 3.10195404e-01 3.13704645e-01 3.12529767e-01 3.06729523e-01 2.96613235e-01 2.82599661e-01 2.65239792e-01 2.45179189e-01 2.23164131e-01 2.00031904e-01 1.76565407e-01 1.53535310e-01 1.31387611e-01 1.10648322e-01 9.16740364e-02 7.45644817e-02 5.94585971e-02 4.63835827e-02 3.53052337e-02 2.60764276e-02 1.85301269e-02 1.25229108e-02 7.85630688e-03 4.38337128e-03 1.96724532e-03 5.07242130e-04 -3.67384399e-05 -2.34764266e-05 -1.16948164e-05 -5.39473832e-06 -2.29499092e-06 -8.98024361e-07 -3.23863559e-07 -1.09546925e-07 -3.71859694e-08 -1.51796452e-08 -9.18939175e-09 -7.75652353e-09 -7.48093404e-09 -7.46452000e-09 -7.49481122e-09 -7.52663520e-09 -7.55259055e-09 -7.57405910e-09 -7.59450397e-09 -7.61710411e-09 -7.64342389e-09 -7.67278463e-09 -7.70238756e-09 -7.72810904e-09 -7.74568121e-09 -7.75192960e-09
-7.75192949e-09 -7.74613496e-09 -7.72983644e-09 -7.70597347e-09 -7.67848041e-09 -7.65113317e-09 -7.62645080e-09 -7.60496732e-09 -7.58515523e-09 -7.56403762e-09 -7.53847085e-09 -7.50747509e-09 -7.47913259e-09 -7.50150575e-09 -7.80263731e-09 -9.35502642e-09 -1.58635831e-08 -3.98648128e-08 -1.19007730e-07 -3.53762031e-07 -9.82789526e-07 -2.51162823e-06 -5.89650139e-06 -1.27536699e-05 -2.55230854e-05 -4.04733840e-05 4.86205750e-04 1.90531798e-03 4.25495637e-03 7.64543540e-03 1.22145351e-02 1.81138518e-02 2.55462413e-02 3.46450802e-02 4.56442049e-02 5.86281720e-02 7.36846619e-02 9.07424702e-02 1.09744639e-01 1.30590691e-01 1.52837558e-01 1.76104881e-01 1.99777220e-01 2.23135909e-01 2.45299446e-01 2.65570825e-01 2.83252925e-01 2.97584243e-01 3.07894473e-01 3.13768627e-01 3.14956031e-01 3.11407157e-01 3.03272660e-01 2.90890971e-01 2.74773248e-01 2.55709516e-01 2.34415406e-01 2.11561976e-01 1.87944951e-01 1.64349632e-01 1.41559578e-01 1.19975983e-01 9.99924547e-02 8.19641768e-02 6.58935464e-02 5.18851269e-02 3.99064382e-02 2.98765025e-02 2.16313169e-02 1.49829503e-02 9.77388374e-03 5.81556464e-03 2.95987310e-03 1.08352370e-03 1.13554472e-04 -3.51214022e-05 -1.82127484e-05 -8.75903329e-06 -3.88888457e-06 -1.58798896e-06 -5.95564825e-07 -2.06475178e-07 -6.83918958e-08 -2.42148495e-08 -1.15331363e-08 -8.29618452e-09 -7.58622865e-09 -7.47714929e-09 -7.49163409e-09 -7.52351370e-09 -7.55196250e-09 -7.57497204e-09 -7.59501695e-09 -7.61535979e-09 -7.63837443e-09 -7.66459074e-09 -7.69242675e-09 -7.71861508e-09 -7.73915010e-09 -7.75046327e-09 -7.75046338e-09 -7.73915010e-09 -7.71861530e-09 -7.69242670e-09 -7.66459074e-09 -7.63837438e-09 -7.61535968e-09 -7.59501695e-09 -7.57497198e-09 -7.55196256e-09 -7.52351348e-09 -7.49163404e-09 -7.47714918e-09 -7.58622865e-09 -8.29618463e-09 -1.15331363e-08 -2.42148492e-08 -6.83918957e-08 -2.06475178e-07 -5.95564825e-07 -1.58798896e-06 -3.88888457e-06 -8.75903329e-06 -1.82127484e-05 -3.51214022e-05 1.13554472e-04 1.08352370e-03 2.95987310e-03 5.81556464e-03 9.77388374e-03 1.49829503e-02 2.16313169e-02 2.98765025e-02 3.99064382e-02 5.18851269e-02 6.58935464e-02 8.19641768e-02 9.99924547e-02 1.19975983e-01 1.41559578e-01 1.64349632e-01 1.87944951e-01 2.11561976e-01 2.34415406e-01 2.55709516e-01 2.74773248e-01 2.90890971e-01 3.03272660e-01 3.11407157e-01 3.14956031e-01 3.13768627e-01 3.07894473e-01 2.97584243e-01 2.83252925e-01 2.65570825e-01 2.45299446e-01 2.23135909e-01 1.99777220e-01 1.76104881e-01 1.52837558e-01 1.30590691e-01 1.09744639e-01 9.07424702e-02 7.36846619e-02 5.86281720e-02 4.56442049e-02 3.46450802e-02 2.55462413e-02 1.81138518e-02 1.22145351e-02 7.64543540e-03 4.25495637e-03 1.90531798e-03 4.86205750e-04 -4.04733840e-05 -2.55230854e-05 -1.27536699e-05 -5.89650139e-06 -2.51162823e-06 -9.82789526e-07 -3.53762031e-07 -1.19007730e-07 -3.98648128e-08 -1.58635831e-08 -9.35502653e-09 -7.80263743e-09 -7.50150575e-09 -7.47913265e-09 -7.50747525e-09 -7.53847090e-09 -7.56403801e-09 -7.58515539e-09 -7.60496743e-09 -7.62645092e-09 -7.65113312e-09 -7.67848052e-09 -7.70597330e-09 -7.72983649e-09 -7.74613496e-09 -7.75192965e-09
-7.75192943e-09 -7.74655506e-09 -7.73143627e-09 -7.70929065e-09 -7.68374075e-09 -7.65824071e-09 -7.63504998e-09 -7.61458396e-09 -7.59535346e-09 -7.57458263e-09 -7.54943585e-09 -7.51930296e-09 -7.49293305e-09 -7.52142409e-09 -7.84945964e-09 -9.52966817e-09 -1.65966958e-08 -4.27559269e-08 -1.29248602e-07 -3.86154006e-07 -1.07456149e-06 -2.74569909e-06 -6.43688645e-06 -1.38890449e-05 -2.77057629e-05 -4.44532684e-05 4.65443861e-04 1.84271525e-03 4.12866069e-03 7.43439388e-03 1.19012665e-02 1.76965173e-02 2.50055351e-02 3.40004827e-02 4.48893784e-02 5.77953188e-02 7.27603350e-02 8.97739564e-02 1.08850803e-01 1.29732184e-01 1.52128090e-01 1.75591612e-01 1.99458509e-01 2.22944120e-01 2.45343283e-01 2.66023469e-01 2.83967841e-01 2.98439329e-01 3.08855048e-01 3.14784624e-01 3.15982756e-01 3.12400401e-01 3.04183204e-01 2.91675342e-01 2.75387626e-01 2.55967239e-01 2.34310384e-01 2.11305914e-01 1.87527194e-01 1.63770095e-01 1.40759048e-01 1.19104318e-01 9.90680553e-02 8.10118832e-02 6.50212667e-02 5.10757868e-02 3.92071757e-02 2.92706840e-02 2.11551776e-02 1.46174663e-02 9.51331893e-03 5.64915625e-03 2.86700529e-03 1.04487446e-03 1.03847670e-04 -3.80534066e-05 -1.98040157e-05 -9.55133327e-06 -4.24887211e-06 -1.73644126e-06 -6.50826307e-07 -2.24945965e-07 -7.39107570e-08 -2.56885798e-08 -1.18914757e-08 -8.38347741e-09 -7.61460039e-09 -7.49303630e-09 -7.50422702e-09 -7.53482554e-09 -7.56268626e-09 -7.58535573e-09 -7.60496877e-09 -7.62452829e-09 -7.64628333e-09 -7.67080455e-09 -7.69670794e-09 -7.72102493e-09 -7.74007625e-09 -7.75056913e-09 -7.75056902e-09 -7.74007625e-09 -7.72102488e-09 -7.69670810e-09 -7.67080438e-09 -7.64628327e-09 -7.62452823e-09 -7.60496865e-09 -7.58535573e-09 -7.56268626e-09 -7.53482576e-09 -7.50422680e-09 -7.49303641e-09 -7.61460028e-09 -8.38347736e-09 -1.18914756e-08 -2.56885798e-08 -7.39107571e-08 -2.24945965e-07 -6.50826307e-07 -1.73644126e-06 -4.24887211e-06 -9.55133327e-06 -1.98040157e-05 -3.80534066e-05 1.03847670e-04 1.04487446e-03 2.86700529e-03 5.64915625e-03 9.51331893e-03 1.46174663e-02 2.11551776e-02 2.92706840e-02 3.92071757e-02 5.10757868e-02 6.50212667e-02 8.10118832e-02 9.90680553e-02 1.19104318e-01 1.40759048e-01 1.63770095e-01 1.87527194e-01 2.11305914e-01 2.34310384e-01 2.55967239e-01 2.75387626e-01 2.91675342e-01 3.04183204e-01 3.12400401e-01 3.15982756e-01 3.14784624e-01 3.08855048e-01 2.98439329e-01 2.83967841e-01 2.66023469e-01 2.45343283e-01 2.22944120e-01 1.99458509e-01 1.75591612e-01 1.52128090e-01 1.29732184e-01 1.08850803e-01 8.97739564e-02 7.27603350e-02 5.77953188e-02 4.48893784e-02 3.40004827e-02 2.50055351e-02 1.76965173e-02 1.19012665e-02 7.43439388e-03 4.12866069e-03 1.84271525e-03 4.65443861e-04 -4.44532684e-05 -2.77057629e-05 -1.38890449e-05 -6.43688645e-06 -2.74569909e-06 -1.07456149e-06 -3.86154006e-07 -1.29248602e-07 -4.27559271e-08 -1.65966959e-08 -9.52966828e-09 -7.84945997e-09 -7.52142426e-09 -7.49293305e-09 -7.51930307e-09 -7.54943591e-09 -7.57458263e-09 -7.59535357e-09 -7.61458396e-09 -7.63504970e-09 -7.65824082e-09 -7.68374075e-09 -7.70929054e-09 -7.73143644e-09 -7.74655484e-09 -7.75192949e-09
-7.75192938e-09 -7.74694414e-09 -7.73291697e-09 -7.71235598e-09 -7.68859509e-09 -7.66478669e-09 -7.64295843e-09 -7.62341779e-09 -7.60472713e-09 -7.58430163e-09 -7.55960261e-09 -7.53035934e-09 -7.50598272e-09 -7.54075391e-09 -7.89715116e-09 -9.71406400e-09 -1.73826514e-08 -4.58750620e-08 -1.40327156e-07 -4.21219589e-07 -1.17382368e-06 -2.99831959e-06 -7.01810370e-06 -1.51046506e-05 -3.00295617e-05 -4.87648321e-05 4.44031038e-04 1.77926337e-03 4.00272331e-03 7.22101139e-03 1.15850526e-02 1.72776039e-02 2.44565987e-02 3.33455675e-02 4.41199366e-02 5.69362291e-02 7.18145876e-02 8.88134963e-02 1.07911385e-01 1.28846736e-01 1.51407342e-01 1.75025407e-01 1.98991339e-01 2.22691497e-01 2.45513171e-01 2.66396432e-01 2.84471882e-01 2.99126845e-01 3.09690433e-01 3.15707678e-01 3.16923826e-01 3.13288140e-01 3.04954663e-01 2.92277339e-01 2.75829162e-01 2.56253711e-01 2.34286743e-01 2.10905805e-01 1.86991599e-01 1.63126138e-01 1.39972207e-01 1.18169835e-01 9.81308394e-02 8.00427088e-02 6.41135717e-02 5.02651286e-02 3.84931754e-02 2.86672621e-02 2.06706054e-02 1.42514262e-02 9.25312479e-03 5.48079713e-03 2.77381060e-03 1.00520605e-03 9.39726348e-05 -4.11650292e-05 -2.15031599e-05 -1.04016755e-05 -4.63678110e-06 -1.89685953e-06 -7.10634134e-07 -2.44938685e-07 -7.98748062e-08 -2.72745552e-08 -1.22733880e-08 -8.47429560e-09 -7.64277419e-09 -7.50821016e-09 -7.51606066e-09 -7.54535612e-09 -7.57259694e-09 -7.59491053e-09 -7.61411201e-09 -7.63295410e-09 -7.65356273e-09 -7.67653319e-09 -7.70066189e-09 -7.72325354e-09 -7.74093417e-09 -7.75066800e-09 -7.75066766e-09 -7.74093428e-09 -7.72325354e-09 -7.70066166e-09 -7.67653335e-09 -7.65356256e-09 -7.63295421e-09 -7.61411223e-09 -7.59491048e-09 -7.57259744e-09 -7.54535617e-09 -7.51606055e-09 -7.50821022e-09 -7.64277408e-09 -8.47429549e-09 -1.22733881e-08 -2.72745551e-08 -7.98748063e-08 -2.44938685e-07 -7.10634134e-07 -1.89685953e-06 -4.63678110e-06 -1.04016755e-05 -2.15031599e-05 -4.11650292e-05 9.39726348e-05 1.00520605e-03 2.77381060e-03 5.48079713e-03 9.25312479e-03 1.42514262e-02 2.06706054e-02 2.86672621e-02 3.84931754e-02 5.02651286e-02 6.41135717e-02 8.00427088e-02 9.81308394e-02 1.18169835e-01 1.39972207e-01 1.63126138e-01 1.86991599e-01 2.10905805e-01 2.34286743e-01 2.56253711e-01 2.75829162e-01 2.92277339e-01 3.04954663e-01 3.13288140e-01 3.16923826e-01 3.15707678e-01 3.09690433e-01 2.99126845e-01 2.84471882e-01 2.66396432e-01 2.45513171e-01 2.22691497e-01 1.98991339e-01 1.75025407e-01 1.51407342e-01 1.28846736e-01 1.07911385e-01 8.88134963e-02 7.18145876e-02 5.69362291e-02 4.41199366e-02 3.33455675e-02 2.44565987e-02 1.72776039e-02 1.15850526e-02 7.22101139e-03 4.00272331e-03 1.77926337e-03 4.44031038e-04 -4.87648321e-05 -3.00295617e-05 -1.51046506e-05 -7.01810370e-06 -2.99831959e-06 -1.17382368e-06 -4.21219589e-07 -1.40327156e-07 -4.58750620e-08 -1.73826515e-08 -9.71406400e-09 -7.89715121e-09 -7.54075402e-09 -7.50598284e-09 -7.53035939e-09 -7.55960272e-09 -7.58430146e-09 -7.60472713e-09 -7.62341779e-09 -7.64295821e-09 -7.66478619e-09 -7.68859509e-09 -7.71235609e-09 -7.73291697e-09 -7.74694420e-09 -7.75192943e-09
-7.75192943e-09 -7.74730352e-09 -7.73428532e-09 -7.71518699e-09 -7.69307018e-09 -7.67081354e-09 -7.65022889e-09 -7.63153352e-09 -7.61334640e-09 -7.59327118e-09 -7.56904012e-09 -7.54070839e-09 -7.51833951e-09 -7.55955754e-09 -7.94586924e-09 -9.90899640e-09 -1.82253516e-08 -4.92389807e-08 -1.52304584e-07 -4.59149323e-07 -1.28108413e-06 -3.27065123e-06 -7.64242078e-06 -1.64042125e-05 -3.24994223e-05 -5.33016146e-05 4.22099465e-04 1.71431130e-03 3.87394732e-03 7.00802495e-03 1.12697734e-02 1.68475653e-02 2.39044699e-02 3.26797135e-02 4.33538990e-02 5.60503271e-02 7.08466632e-02 8.78480236e-02 1.06933679e-01 1.27990334e-01 1.50640247e-01 1.74318158e-01 1.98467011e-01 2.22548031e-01 2.45540758e-01 2.66590595e-01 2.84904840e-01 2.99707992e-01 3.10370447e-01 3.16441990e-01 3.17668800e-01 3.14000493e-01 3.05589624e-01 2.92786630e-01 2.76137587e-01 2.56350136e-01 2.34233489e-01 2.10594424e-01 1.86345030e-01 1.62393104e-01 1.39146766e-01 1.17225568e-01 9.71470061e-02 7.90761284e-02 6.31793155e-02 4.94403318e-02 3.77698402e-02 2.80642960e-02 2.01766647e-02 1.38827355e-02 8.98915173e-03 5.30921816e-03 2.67950110e-03 9.65284743e-04 8.37446935e-05 -4.44613468e-05 -2.33146084e-05 -1.13130347e-05 -5.05426775e-06 -2.07002691e-06 -7.75305476e-07 -2.66563463e-07 -8.63167225e-08 -2.89810234e-08 -1.26806500e-08 -8.56898569e-09 -7.67083852e-09 -7.52272372e-09 -7.52719148e-09 -7.55517132e-09 -7.58176644e-09 -7.60370605e-09 -7.62251295e-09 -7.64069769e-09 -7.66025759e-09 -7.68181335e-09 -7.70431091e-09 -7.72531211e-09 -7.74172726e-09 -7.75075865e-09 -7.75075870e-09 -7.74172731e-09 -7.72531183e-09 -7.70431108e-09 -7.68181346e-09 -7.66025743e-09 -7.64069780e-09 -7.62251307e-09 -7.60370605e-09 -7.58176644e-09 -7.55517116e-09 -7.52719159e-09 -7.52272378e-09 -7.67083858e-09 -8.56898585e-09 -1.26806498e-08 -2.89810232e-08 -8.63167228e-08 -2.66563463e-07 -7.75305476e-07 -2.07002691e-06 -5.05426775e-06 -1.13130347e-05 -2.33146084e-05 -4.44613468e-05 8.37446935e-05 9.65284743e-04 2.67950110e-03 5.30921816e-03 8.98915173e-03 1.38827355e-02 2.01766647e-02 2.80642960e-02 3.77698402e-02 4.94403318e-02 6.31793155e-02 7.90761284e-02 9.71470061e-02 1.17225568e-01 1.39146766e-01 1.62393104e-01 1.86345030e-01 2.10594424e-01 2.34233489e-01 2.56350136e-01 2.76137587e-01 2.92786630e-01 3.05589624e-01 3.14000493e-01 3.17668800e-01 3.16441990e-01 3.10370447e-01 2.99707992e-01 2.84904840e-01 2.66590595e-01 2.45540758e-01 2.22548031e-01 1.98467011e-01 1.74318158e-01 1.50640247e-01 1.27990334e-01 1.06933679e-01 8.78480236e-02 7.08466632e-02 5.60503271e-02 4.33538990e-02 3.26797135e-02 2.39044699e-02 1.68475653e-02 1.12697734e-02 7.00802495e-03 3.87394732e-03 1.71431130e-03 4.22099465e-04 -5.33016146e-05 -3.24994223e-05 -1.64042125e-05 -7.64242078e-06 -3.27065123e-06 -1.28108413e-06 -4.59149323e-07 -1.52304584e-07 -4.92389808e-08 -1.82253516e-08 -9.90899629e-09 -7.94586907e-09 -7.55955765e-09 -7.51833928e-09 -7.54070817e-09 -7.56904017e-09 -7.59327123e-09 -7.61334640e-09 -7.63153352e-09 -7.65022867e-09 -7.67081332e-09 -7.69307024e-09 -7.71518693e-09 -7.73428532e-09 -7.74730369e-09 -7.75192938e-09
-7.75192871e-09 -7.74763714e-09 -7.73555053e-09 -7.71779995e-09 -7.69719555e-09 -7.67635944e-09 -7.65690966e-09 -7.63898877e-09 -7.62127456e-09 -7.60155305e-09 -7.57781404e-09 -7.55040980e-09 -7.53005303e-09 -7.57789798e-09 -7.99578109e-09 -1.01152978e-08 -1.91289453e-08 -5.28655049e-08 -1.65245833e-07 -5.00144563e-07 -1.39687597e-06 -3.56390033e-06 -8.31215776e-06 -1.77914552e-05 -3.51200854e-05 -5.80357567e-05 3.99184020e-04 1.64995325e-03 3.74452874e-03 6.79555580e-03 1.09554484e-02 1.64132131e-02 2.33551351e-02 3.20075069e-02 4.25764122e-02 5.51538828e-02 6.98858830e-02 8.68469525e-02 1.05959954e-01 1.27085898e-01 1.49770857e-01 1.73545760e-01 1.98041821e-01 2.22247357e-01 2.45433233e-01 2.66688162e-01 2.85166772e-01 3.00114455e-01 3.10979203e-01 3.17237025e-01 3.18506665e-01 3.14717886e-01 3.06075396e-01 2.93126289e-01 2.76324915e-01 2.56361765e-01 2.34018964e-01 2.10234926e-01 1.85769293e-01 1.61555228e-01 1.38271333e-01 1.16299038e-01 9.61325514e-02 7.81052622e-02 6.22384195e-02 4.85986238e-02 3.70434460e-02 2.74533538e-02 1.96844893e-02 1.35127554e-02 8.72566954e-03 5.13694795e-03 2.58593320e-03 9.23702534e-04 7.35765906e-05 -4.79470494e-05 -2.52427125e-05 -1.22884237e-05 -5.50304055e-06 -2.25676140e-06 -8.45174448e-07 -2.89936954e-07 -9.32712321e-08 -3.08167631e-08 -1.31151449e-08 -8.66791006e-09 -7.69888148e-09 -7.53663215e-09 -7.53767510e-09 -7.56433116e-09 -7.59025992e-09 -7.61181124e-09 -7.63023317e-09 -7.64781111e-09 -7.66641434e-09 -7.68667330e-09 -7.70767516e-09 -7.72721331e-09 -7.74245978e-09 -7.75084308e-09 -7.75084325e-09 -7.74245978e-09 -7.72721315e-09 -7.70767505e-09 -7.68667308e-09 -7.66641411e-09 -7.64781116e-09 -7.63023311e-09 -7.61181135e-09 -7.59025981e-09 -7.56433116e-09 -7.53767510e-09 -7.53663215e-09 -7.69888170e-09 -8.66791017e-09 -1.31151450e-08 -3.08167631e-08 -9.32712321e-08 -2.89936954e-07 -8.45174448e-07 -2.25676140e-06 -5.50304055e-06 -1.22884237e-05 -2.52427125e-05 -4.79470494e-05 7.35765906e-05 9.23702534e-04 2.58593320e-03 5.13694795e-03 8.72566954e-03 1.35127554e-02 1.96844893e-02 2.74533538e-02 3.70434460e-02 4.85986238e-02 6.22384195e-02 7.81052622e-02 9.61325514e-02 1.16299038e-01 1.38271333e-01 1.61555228e-01 1.85769293e-01 2.10234926e-01 2.34018964e-01 2.56361765e-01 2.76324915e-01 2.93126289e-01 3.06075396e-01 3.14717886e-01 3.18506665e-01 3.17237025e-01 3.10979203e-01 3.00114455e-01 2.85166772e-01 2.66688162e-01 2.45433233e-01 2.22247357e-01 1.98041821e-01 1.73545760e-01 1.49770857e-01 1.27085898e-01 1.05959954e-01 8.68469525e-02 6.98858830e-02 5.51538828e-02 4.25764122e-02 3.20075069e-02 2.33551351e-02 1.64132131e-02 1.09554484e-02 6.79555580e-03 3.74452874e-03 1.64995325e-03 3.99184020e-04 -5.80357567e-05 -3.51200854e-05 -1.77914552e-05 -8.31215776e-06 -3.56390033e-06 -1.39687597e-06 -5.00144563e-07 -1.65245833e-07 -5.28655048e-08 -1.91289456e-08 -1.01152975e-08 -7.99578104e-09 -7.57789798e-09 -7.53005286e-09 -7.55040996e-09 -7.57781415e-09 -7.60155305e-09 -7.62127456e-09 -7.63898866e-09 -7.65690977e-09 -7.67635927e-09 -7.69719544e-09 -7.71779995e-09 -7.73555042e-09 -7.74763692e-09 -7.75192904e-09
-7.75192910e-09 -7.74794390e-09 -7.73671621e-09 -7.72020770e-09 -7.70099368e-09 -7.68145914e-09 -7.66305058e-09 -7.64583991e-09 -7.62857177e-09 -7.60920832e-09 -7.58597835e-09 -7.55951129e-09 -7.54117213e-09 -7.59582791e-09 -8.04705713e-09 -1.03338472e-08 -2.00978365e-08 -5.67735676e-08 -1.79219769e-07 -5.44417840e-07 -1.52175781e-06 -3.87931725e-06 -9.02968136e-06 -1.92700846e-05 -3.78960518e-05 -6.29529939e-05 3.76315614e-04 1.58512919e-03 3.61435866e-03 6.58233562e-03 1.06382226e-02 1.59827904e-02 2.28035581e-02 3.13373468e-02 4.17778891e-02 5.42476310e-02 6.89202842e-02 8.58276936e-02 1.04983437e-01 1.26119572e-01 1.48825180e-01 1.72864743e-01 1.97470912e-01 2.21858418e-01 2.45224238e-01 2.66634528e-01 2.85456823e-01 3.00913813e-01 3.12076405e-01 3.18439161e-01 3.19727239e-01 3.15878889e-01 3.07070541e-01 2.93677998e-01 2.76380097e-01 2.56219494e-01 2.33733233e-01 2.09727435e-01 1.85157105e-01 1.60722307e-01 1.37301126e-01 1.15327643e-01 9.51375856e-02 7.70971673e-02 6.13034847e-02 4.77438201e-02 3.63132853e-02 2.68430581e-02 1.91912111e-02 1.31383830e-02 8.46103124e-03 4.96989296e-03 2.49067566e-03 8.82696309e-04 6.26107802e-05 -5.16263881e-05 -2.72917203e-05 -1.33308823e-05 -5.98485770e-06 -2.45791585e-06 -9.20592565e-07 -3.15182614e-07 -1.00775204e-07 -3.27910952e-08 -1.35788731e-08 -8.77145068e-09 -7.72699049e-09 -7.54997925e-09 -7.54755897e-09 -7.57288987e-09 -7.59813484e-09 -7.61928476e-09 -7.63733121e-09 -7.65434649e-09 -7.67207575e-09 -7.69114744e-09 -7.71077580e-09 -7.72896747e-09 -7.74313630e-09 -7.75092107e-09 -7.75092096e-09 -7.74313641e-09 -7.72896763e-09 -7.71077591e-09 -7.69114761e-09 -7.67207586e-09 -7.65434660e-09 -7.63733143e-09 -7.61928454e-09 -7.59813479e-09 -7.57288982e-09 -7.54755880e-09 -7.54997920e-09 -7.72699082e-09 -8.77145057e-09 -1.35788732e-08 -3.27910954e-08 -1.00775204e-07 -3.15182614e-07 -9.20592565e-07 -2.45791585e-06 -5.98485770e-06 -1.33308823e-05 -2.72917203e-05 -5.16263881e-05 6.26107802e-05 8.82696309e-04 2.49067566e-03 4.96989296e-03 8.46103124e-03 1.31383830e-02 1.91912111e-02 2.68430581e-02 3.63132853e-02 4.77438201e-02 6.13034847e-02 7.70971673e-02 9.51375856e-02 1.15327643e-01 1.37301126e-01 1.60722307e-01 1.85157105e-01 2.09727435e-01 2.33733233e-01 2.56219494e-01 2.76380097e-01 2.93677998e-01 3.07070541e-01 3.15878889e-01 3.19727239e-01 3.18439161e-01 3.12076405e-01 3.00913813e-01 2.85456823e-01 2.66634528e-01 2.45224238e-01 2.21858418e-01 1.97470912e-01 1.72864743e-01 1.48825180e-01 1.26119572e-01 1.04983437e-01 8.58276936e-02 6.89202842e-02 5.42476310e-02 4.17778891e-02 3.13373468e-02 2.28035581e-02 1.59827904e-02 1.06382226e-02 6.58233562e-03 3.61435866e-03 1.58512919e-03 3.76315614e-04 -6.29529939e-05 -3.78960518e-05 -1.92700846e-05 -9.02968136e-06 -3.87931725e-06 -1.52175781e-06 -5.44417840e-07 -1.79219769e-07 -5.67735676e-08 -2.00978364e-08 -1.03338473e-08 -8.04705702e-09 -7.59582780e-09 -7.54117191e-09 -7.55951141e-09 -7.58597851e-09 -7.60920860e-09 -7.62857189e-09 -7.64584002e-09 -7.66305064e-09 -7.68145914e-09 -7.70099362e-09 -7.72020775e-09 -7.73671632e-09 -7.74794384e-09 -7.75192904e-09
-7.75192954e-09 -7.74822784e-09 -7.73779346e-09 -7.72242836e-09 -7.70449204e-09 -7.68614961e-09 -7.66869207e-09 -7.65213604e-09 -7.63529262e-09 -7.61629271e-09 -7.59358770e-09 -7.56806257e-09 -7.55173751e-09 -7.61340735e-09 -8.09987544e-09 -1.05655719e-08 -2.11366986e-08 -6.09832764e-08 -1.94299353e-07 -5.92193242e-07 -1.65631408e-06 -4.21819528e-06 -9.79739852e-06 -2.08437685e-05 -4.08315421e-05 -6.80819795e-05 3.53283150e-04 1.52017558e-03 3.48392253e-03 6.36817918e-03 1.03233023e-02 1.55523686e-02 2.22556183e-02 3.06654388e-02 4.09706368e-02 5.33383267e-02 6.79330753e-02 8.48300982e-02 1.03967333e-01 1.25073633e-01 1.47948819e-01 1.72091910e-01 1.96813172e-01 2.21358233e-01 2.44872715e-01 2.66846516e-01 2.86116602e-01 3.01735393e-01 3.12998716e-01 3.19433536e-01 3.20734798e-01 3.16845846e-01 3.07945274e-01 2.94432426e-01 2.76888646e-01 2.56103413e-01 2.33299145e-01 2.09159219e-01 1.84414281e-01 1.59917904e-01 1.36278005e-01 1.14292967e-01 9.41237835e-02 7.60804774e-02 6.03644333e-02 4.68808223e-02 3.55737835e-02 2.62340991e-02 1.87042967e-02 1.27690707e-02 8.19699236e-03 4.80308696e-03 2.39629184e-03 8.41837144e-04 5.14415556e-05 -5.55031213e-05 -2.94657474e-05 -1.44434662e-05 -6.50152404e-06 -2.67437798e-06 -1.00192915e-06 -3.42430962e-07 -1.08867759e-07 -3.49139259e-08 -1.40739541e-08 -8.88000656e-09 -7.75525671e-09 -7.56281215e-09 -7.55688878e-09 -7.58089758e-09 -7.60544761e-09 -7.62618235e-09 -7.64386132e-09 -7.66035135e-09 -7.67727687e-09 -7.69526365e-09 -7.71363279e-09 -7.73058451e-09 -7.74376113e-09 -7.75099318e-09 -7.75099301e-09 -7.74376108e-09 -7.73058467e-09 -7.71363284e-09 -7.69526404e-09 -7.67727681e-09 -7.66035113e-09 -7.64386127e-09 -7.62618252e-09 -7.60544761e-09 -7.58089774e-09 -7.55688867e-09 -7.56281204e-09 -7.75525655e-09 -8.88000673e-09 -1.40739542e-08 -3.49139259e-08 -1.08867758e-07 -3.42430962e-07 -1.00192915e-06 -2.67437798e-06 -6.50152404e-06 -1.44434662e-05 -2.94657474e-05 -5.55031213e-05 5.14415556e-05 8.41837144e-04 2.39629184e-03 4.80308696e-03 8.19699236e-03 1.27690707e-02 1.87042967e-02 2.62340991e-02 3.55737835e-02 4.68808223e-02 6.03644333e-02 7.60804774e-02 9.41237835e-02 1.14292967e-01 1.36278005e-01 1.59917904e-01 1.84414281e-01 2.09159219e-01 2.33299145e-01 2.56103413e-01 2.76888646e-01 2.94432426e-01 3.07945274e-01 3.16845846e-01 3.20734798e-01 3.19433536e-01 3.12998716e-01 3.01735393e-01 2.86116602e-01 2.66846516e-01 2.44872715e-01 2.21358233e-01 1.96813172e-01 1.72091910e-01 1.47948819e-01 1.25073633e-01 1.03967333e-01 8.48300982e-02 6.79330753e-02 5.33383267e-02 4.09706368e-02 3.06654388e-02 2.22556183e-02 1.55523686e-02 1.03233023e-02 6.36817918e-03 3.48392253e-03 1.52017558e-03 3.53283150e-04 -6.80819795e-05 -4.08315421e-05 -2.08437685e-05 -9.79739852e-06 -4.21819528e-06 -1.65631408e-06 -5.92193242e-07 -1.94299353e-07 -6.09832767e-08 -2.11366986e-08 -1.05655718e-08 -8.09987533e-09 -7.61340718e-09 -7.55173746e-09 -7.56806279e-09 -7.59358781e-09 -7.61629293e-09 -7.63529240e-09 -7.65213592e-09 -7.66869224e-09 -7.68614949e-09 -7.70449216e-09 -7.72242842e-09 -7.73779346e-09 -7.74822778e-09 -7.75192943e-09
-7.75192960e-09 -7.74848846e-09 -7.73878595e-09 -7.72447351e-09 -7.70770914e-09 -7.69046077e-09 -7.67387404e-09 -7.65792385e-09 -7.64148800e-09 -7.62285562e-09 -7.60068797e-09 -7.57610696e-09 -7.56179031e-09 -7.63068542e-09 -8.15441803e-09 -1.08114491e-08 -2.22504900e-08 -6.55159696e-08 -2.10561806e-07 -6.43706743e-07 -1.80115529e-06 -4.58186930e-06 -1.06177492e-05 -2.25161163e-05 -4.39304548e-05 -7.35330745e-05 3.30415533e-04 1.45526277e-03 3.35496438e-03 6.15423876e-03 1.00110741e-02 1.51196243e-02 2.17060810e-02 2.99925067e-02 4.01679563e-02 5.24321725e-02 6.69406735e-02 8.38062048e-02 1.02898280e-01 1.24025799e-01 1.47024491e-01 1.71224248e-01 1.96061290e-01 2.20763143e-01 2.44875591e-01 2.67152156e-01 2.86588596e-01 3.02342164e-01 3.13727094e-01 3.20225136e-01 3.21544098e-01 3.17611716e-01 3.08615130e-01 2.94974322e-01 2.77278934e-01 2.56310290e-01 2.32980157e-01 2.08469580e-01 1.83620568e-01 1.58988538e-01 1.35328678e-01 1.13192308e-01 9.30900455e-02 7.50859533e-02 5.94038411e-02 4.60276667e-02 3.48287557e-02 2.56283341e-02 1.82140299e-02 1.24001054e-02 7.93530295e-03 4.63460102e-03 2.30230101e-03 8.01231251e-04 4.01864961e-05 -5.95804616e-05 -3.17687465e-05 -1.56292333e-05 -7.05488751e-06 -2.90707006e-06 -1.08957173e-06 -3.71819847e-07 -1.17590365e-07 -3.71957636e-08 -1.46026321e-08 -8.99399655e-09 -7.78376524e-09 -7.57517415e-09 -7.56570628e-09 -7.58839847e-09 -7.61224367e-09 -7.63255359e-09 -7.64986885e-09 -7.66586805e-09 -7.68205793e-09 -7.69904829e-09 -7.71626180e-09 -7.73207465e-09 -7.74433623e-09 -7.75105946e-09 -7.75105941e-09 -7.74433623e-09 -7.73207454e-09 -7.71626191e-09 -7.69904834e-09 -7.68205782e-09 -7.66586816e-09 -7.64986863e-09 -7.63255359e-09 -7.61224384e-09 -7.58839852e-09 -7.56570606e-09 -7.57517438e-09 -7.78376541e-09 -8.99399638e-09 -1.46026322e-08 -3.71957639e-08 -1.17590365e-07 -3.71819847e-07 -1.08957173e-06 -2.90707006e-06 -7.05488751e-06 -1.56292333e-05 -3.17687465e-05 -5.95804616e-05 4.01864961e-05 8.01231251e-04 2.30230101e-03 4.63460102e-03 7.93530295e-03 1.24001054e-02 1.82140299e-02 2.56283341e-02 3.48287557e-02 4.60276667e-02 5.94038411e-02 7.50859533e-02 9.30900455e-02 1.13192308e-01 1.35328678e-01 1.58988538e-01 1.83620568e-01 2.08469580e-01 2.32980157e-01 2.56310290e-01 2.77278934e-01 2.94974322e-01 3.08615130e-01 3.17611716e-01 3.21544098e-01 3.20225136e-01 3.13727094e-01 3.02342164e-01 2.86588596e-01 2.67152156e-01 2.44875591e-01 2.20763143e-01 1.96061290e-01 1.71224248e-01 1.47024491e-01 1.24025799e-01 1.02898280e-01 8.38062048e-02 6.69406735e-02 5.24321725e-02 4.01679563e-02 2.99925067e-02 2.17060810e-02 1.51196243e-02 1.00110741e-02 6.15423876e-03 3.35496438e-03 1.45526277e-03 3.30415533e-04 -7.35330745e-05 -4.39304548e-05 -2.25161163e-05 -1.06177492e-05 -4.58186930e-06 -1.80115529e-06 -6.43706743e-07 -2.10561806e-07 -6.55159695e-08 -2.22504902e-08 -1.08114491e-08 -8.15441825e-09 -7.63068531e-09 -7.56179019e-09 -7.57610685e-09 -7.60068797e-09 -7.62285568e-09 -7.64148811e-09 -7.65792374e-09 -7.67387393e-09 -7.69046093e-09 -7.70770897e-09 -7.72447334e-09 -7.73878583e-09 -7.74848874e-09 -7.75192954e-09
-7.75192954e-09 -7.74873066e-09 -7.73970066e-09 -7.72635655e-09 -7.71066894e-09 -7.69442343e-09 -7.67863761e-09 -7.66324842e-09 -7.64720198e-09 -7.62894536e-09 -7.60732233e-09 -7.58368202e-09 -7.57136742e-09 -7.64771946e-09 -8.21087504e-09 -1.10725164e-08 -2.34444699e-08 -7.03942672e-08 -2.28088799e-07 -6.99206560e-07 -1.95691815e-06 -4.97171401e-06 -1.14931983e-05 -2.42906572e-05 -4.71963236e-05 -7.92756441e-05 3.07069534e-04 1.39103626e-03 3.22678666e-03 5.93879443e-03 9.70161489e-03 1.46914086e-02 2.11626372e-02 2.93121488e-02 3.93666439e-02 5.15162995e-02 6.59724631e-02 8.27662413e-02 1.01783076e-01 1.23015105e-01 1.45999181e-01 1.70298333e-01 1.95227529e-01 2.20491827e-01 2.44825066e-01 2.67272529e-01 2.86878722e-01 3.02846431e-01 3.14414613e-01 3.21014512e-01 3.22349632e-01 3.18359624e-01 3.09221908e-01 2.95371048e-01 2.77488490e-01 2.56347200e-01 2.32834355e-01 2.07897545e-01 1.82726250e-01 1.58020635e-01 1.34306695e-01 1.12127991e-01 9.20020828e-02 7.40739374e-02 5.84417578e-02 4.51712652e-02 3.40820481e-02 2.50192664e-02 1.77280097e-02 1.20279660e-02 7.67692236e-03 4.46673043e-03 2.20827044e-03 7.60691514e-04 2.87007464e-05 -6.38610237e-05 -3.42044761e-05 -1.68912310e-05 -7.64683504e-06 -3.15694851e-06 -1.18392638e-06 -4.03494705e-07 -1.26986953e-07 -3.96477620e-08 -1.51672805e-08 -9.11385989e-09 -7.81260961e-09 -7.58710261e-09 -7.57404739e-09 -7.59543572e-09 -7.61857283e-09 -7.63844599e-09 -7.65540253e-09 -7.67093949e-09 -7.68645086e-09 -7.70252956e-09 -7.71868192e-09 -7.73344810e-09 -7.74486758e-09 -7.75112013e-09 -7.75112013e-09 -7.74486753e-09 -7.73344799e-09 -7.71868192e-09 -7.70252967e-09 -7.68645081e-09 -7.67093933e-09 -7.65540253e-09 -7.63844599e-09 -7.61857283e-09 -7.59543567e-09 -7.57404761e-09 -7.58710278e-09 -7.81260945e-09 -9.11385994e-09 -1.51672805e-08 -3.96477618e-08 -1.26986953e-07 -4.03494705e-07 -1.18392638e-06 -3.15694851e-06 -7.64683504e-06 -1.68912310e-05 -3.42044761e-05 -6.38610237e-05 2.87007464e-05 7.60691514e-04 2.20827044e-03 4.46673043e-03 7.67692236e-03 1.20279660e-02 1.77280097e-02 2.50192664e-02 3.40820481e-02 4.51712652e-02 5.84417578e-02 7.40739374e-02 9.20020828e-02 1.12127991e-01 1.34306695e-01 1.58020635e-01 1.82726250e-01 2.07897545e-01 2.32834355e-01 2.56347200e-01 2.77488490e-01 2.95371048e-01 3.09221908e-01 3.18359624e-01 3.22349632e-01 3.21014512e-01 3.14414613e-01 3.02846431e-01 2.86878722e-01 2.67272529e-01 2.44825066e-01 2.20491827e-01 1.95227529e-01 1.70298333e-01 1.45999181e-01 1.23015105e-01 1.01783076e-01 8.27662413e-02 6.59724631e-02 5.15162995e-02 3.93666439e-02 2.93121488e-02 2.11626372e-02 1.46914086e-02 9.70161489e-03 5.93879443e-03 3.22678666e-03 1.39103626e-03 3.07069534e-04 -7.92756441e-05 -4.71963236e-05 -2.42906572e-05 -1.14931983e-05 -4.97171401e-06 -1.95691815e-06 -6.99206560e-07 -2.28088800e-07 -7.03942673e-08 -2.34444698e-08 -1.10725165e-08 -8.21087515e-09 -7.64771957e-09 -7.57136726e-09 -7.58368213e-09 -7.60732211e-09 -7.62894531e-09 -7.64720204e-09 -7.66324870e-09 -7.67863756e-09 -7.69442376e-09 -7.71066905e-09 -7.72635689e-09 -7.73970077e-09 -7.74873055e-09 -7.75192943e-09
-7.75192904e-09 -7.74895204e-09 -7.74054260e-09 -7.72808867e-09 -7.71339115e-09 -7.69806491e-09 -7.68301356e-09 -7.66814923e-09 -7.65248215e-09 -7.63460128e-09 -7.61353208e-09 -7.59082280e-09 -7.58050467e-09 -7.66455927e-09 -8.26944502e-09 -1.13498640e-08 -2.47242133e-08 -7.56421464e-08 -2.46966625e-07 -7.58953470e-07 -2.12426567e-06 -5.38914194e-06 -1.24262273e-05 -2.61708177e-05 -5.06322758e-05 -8.51649851e-05 2.83478725e-04 1.32620838e-03 3.09972511e-03 5.72922501e-03 9.39139118e-03 1.42673826e-02 2.06164210e-02 2.86294331e-02 3.85609413e-02 5.06038690e-02 6.49833234e-02 8.16821883e-02 1.00704356e-01 1.21916375e-01 1.44940925e-01 1.69277033e-01 1.94659378e-01 2.20121607e-01 2.44625215e-01 2.67293742e-01 2.87148902e-01 3.03284656e-01 3.14980618e-01 3.21697258e-01 3.23062503e-01 3.18985611e-01 3.09728867e-01 2.95723244e-01 2.77639755e-01 2.56232489e-01 2.32535833e-01 2.07458572e-01 1.81872583e-01 1.56978352e-01 1.33225232e-01 1.11068110e-01 9.08777487e-02 7.30491201e-02 5.75060253e-02 4.43103702e-02 3.33435975e-02 2.44011279e-02 1.72478650e-02 1.16594101e-02 7.42226757e-03 4.29982818e-03 2.11475639e-03 7.19148524e-04 1.69902705e-05 -6.83467719e-05 -3.67764680e-05 -1.82324806e-05 -8.27928801e-06 -3.42500329e-06 -1.28541800e-06 -4.37608828e-07 -1.37104026e-07 -4.22817375e-08 -1.57704169e-08 -9.24006160e-09 -7.84187959e-09 -7.59864061e-09 -7.58194685e-09 -7.60204566e-09 -7.62447216e-09 -7.64390296e-09 -7.66050245e-09 -7.67560204e-09 -7.69048553e-09 -7.70572850e-09 -7.72090802e-09 -7.73471193e-09 -7.74535625e-09 -7.75117670e-09 -7.75117642e-09 -7.74535625e-09 -7.73471187e-09 -7.72090797e-09 -7.70572839e-09 -7.69048542e-09 -7.67560193e-09 -7.66050234e-09 -7.64390301e-09 -7.62447216e-09 -7.60204566e-09 -7.58194685e-09 -7.59864072e-09 -7.84187959e-09 -9.24006149e-09 -1.57704172e-08 -4.22817376e-08 -1.37104026e-07 -4.37608828e-07 -1.28541800e-06 -3.42500329e-06 -8.27928801e-06 -1.82324806e-05 -3.67764680e-05 -6.83467719e-05 1.69902705e-05 7.19148524e-04 2.11475639e-03 4.29982818e-03 7.42226757e-03 1.16594101e-02 1.72478650e-02 2.44011279e-02 3.33435975e-02 4.43103702e-02 5.75060253e-02 7.30491201e-02 9.08777487e-02 1.11068110e-01 1.33225232e-01 1.56978352e-01 1.81872583e-01 2.07458572e-01 2.32535833e-01 2.56232489e-01 2.77639755e-01 2.95723244e-01 3.09728867e-01 3.18985611e-01 3.23062503e-01 3.21697258e-01 3.14980618e-01 3.03284656e-01 2.87148902e-01 2.67293742e-01 2.44625215e-01 2.20121607e-01 1.94659378e-01 1.69277033e-01 1.44940925e-01 1.21916375e-01 1.00704356e-01 8.16821883e-02 6.49833234e-02 5.06038690e-02 3.85609413e-02 2.86294331e-02 2.06164210e-02 1.42673826e-02 9.39139118e-03 5.72922501e-03 3.09972511e-03 1.32620838e-03 2.83478725e-04 -8.51649851e-05 -5.06322758e-05 -2.61708177e-05 -1.24262273e-05 -5.38914194e-06 -2.12426567e-06 -7.58953470e-07 -2.46966625e-07 -7.56421462e-08 -2.47242132e-08 -1.13498640e-08 -8.26944502e-09 -7.66455954e-09 -7.58050495e-09 -7.59082297e-09 -7.61353219e-09 -7.63460117e-09 -7.65248231e-09 -7.66814928e-09 -7.68301356e-09 -7.69806491e-09 -7.71339126e-09 -7.72808861e-09 -7.74054298e-09 -7.74895204e-09 -7.75192921e-09
-7.75192910e-09 -7.74915732e-09 -7.74131764e-09 -7.72968334e-09 -7.71589348e-09 -7.70141168e-09 -7.68703806e-09 -7.67266134e-09 -7.65736252e-09 -7.63986246e-09 -7.61934960e-09 -7.59756402e-09 -7.58923241e-09 -7.68125824e-09 -8.33033298e-09 -1.16446440e-08 -2.60956179e-08 -8.12849937e-08 -2.67286371e-07 -8.23221115e-07 -2.30388708e-06 -5.83560104e-06 -1.34193244e-05 -2.81598977e-05 -5.42409888e-05 -9.13162931e-05 2.59814481e-04 1.26129927e-03 2.97322196e-03 5.52333742e-03 9.08135675e-03 1.38498815e-02 2.00709262e-02 2.79596625e-02 3.77583131e-02 4.97115716e-02 6.39823410e-02 8.05787212e-02 9.96057185e-02 1.20778806e-01 1.43806459e-01 1.68435953e-01 1.94032076e-01 2.19611903e-01 2.44350938e-01 2.67241734e-01 2.87316718e-01 3.03795957e-01 3.15712051e-01 3.22519686e-01 3.23897232e-01 3.19780221e-01 3.10363297e-01 2.96082727e-01 2.77676717e-01 2.56091948e-01 2.32135300e-01 2.06887930e-01 1.81177099e-01 1.55894469e-01 1.32096427e-01 1.09931434e-01 8.98059226e-02 7.19848052e-02 5.65514339e-02 4.34480221e-02 3.26025004e-02 2.37891728e-02 1.67678932e-02 1.12939011e-02 7.16776336e-03 4.13405959e-03 2.02199315e-03 6.77075605e-04 5.11588081e-06 -7.30389709e-05 -3.94879948e-05 -1.96559625e-05 -8.95419708e-06 -3.71225705e-06 -1.39449061e-06 -4.74323612e-07 -1.47990762e-07 -4.51102189e-08 -1.64147019e-08 -9.37308220e-09 -7.87166698e-09 -7.60982050e-09 -7.58943558e-09 -7.60826202e-09 -7.62997981e-09 -7.64896252e-09 -7.66520625e-09 -7.67989239e-09 -7.69419672e-09 -7.70866959e-09 -7.72295572e-09 -7.73587494e-09 -7.74580650e-09 -7.75122899e-09 -7.75122916e-09 -7.74580666e-09 -7.73587505e-09 -7.72295561e-09 -7.70866915e-09 -7.69419684e-09 -7.67989244e-09 -7.66520619e-09 -7.64896274e-09 -7.62997993e-09 -7.60826213e-09 -7.58943547e-09 -7.60982061e-09 -7.87166698e-09 -9.37308237e-09 -1.64147018e-08 -4.51102190e-08 -1.47990762e-07 -4.74323612e-07 -1.39449061e-06 -3.71225705e-06 -8.95419708e-06 -1.96559625e-05 -3.94879948e-05 -7.30389709e-05 5.11588081e-06 6.77075605e-04 2.02199315e-03 4.13405959e-03 7.16776336e-03 1.12939011e-02 1.67678932e-02 2.37891728e-02 3.26025004e-02 4.34480221e-02 5.65514339e-02 7.19848052e-02 8.98059226e-02 1.09931434e-01 1.32096427e-01 1.55894469e-01 1.81177099e-01 2.06887930e-01 2.32135300e-01 2.56091948e-01 2.77676717e-01 2.96082727e-01 3.10363297e-01 3.19780221e-01 3.23897232e-01 3.22519686e-01 3.15712051e-01 3.03795957e-01 2.87316718e-01 2.67241734e-01 2.44350938e-01 2.19611903e-01 1.94032076e-01 1.68435953e-01 1.43806459e-01 1.20778806e-01 9.96057185e-02 8.05787212e-02 6.39823410e-02 4.97115716e-02 3.77583131e-02 2.79596625e-02 2.00709262e-02 1.38498815e-02 9.08135675e-03 5.52333742e-03 2.97322196e-03 1.26129927e-03 2.59814481e-04 -9.13162931e-05 -5.42409888e-05 -2.81598977e-05 -1.34193244e-05 -5.83560104e-06 -2.30388708e-06 -8.23221114e-07 -2.67286371e-07 -8.12849938e-08 -2.60956177e-08 -1.16446440e-08 -8.33033281e-09 -7.68125813e-09 -7.58923241e-09 -7.59756408e-09 -7.61934960e-09 -7.63986258e-09 -7.65736258e-09 -7.67266156e-09 -7.68703812e-09 -7.70141184e-09 -7.71589370e-09 -7.72968328e-09 -7.74131781e-09 -7.74915748e-09 -7.75192921e-09
-7.75192949e-09 -7.74934605e-09 -7.74203213e-09 -7.73114972e-09 -7.71819419e-09 -7.70448838e-09 -7.69073993e-09 -7.67682212e-09 -7.66188074e-09 -7.64476571e-09 -7.62481023e-09 -7.60393287e-09 -7.59758045e-09 -7.69786229e-09 -8.39374975e-09 -1.19580735e-08 -2.75649397e-08 -8.73496808e-08 -2.89144112e-07 -8.92296287e-07 -2.49649768e-06 -6.31257194e-06 -1.44749746e-05 -3.02610463e-05 -5.80246486e-05 -9.76349630e-05 2.35890130e-04 1.19762123e-03 2.84860661e-03 5.31961981e-03 8.77421757e-03 1.34367782e-02 1.95291819e-02 2.72893250e-02 3.69543600e-02 4.88138421e-02 6.29584911e-02 7.95108538e-02 9.84486481e-02 1.19599004e-01 1.42721792e-01 1.67599780e-01 1.93288616e-01 2.19058074e-01 2.43996641e-01 2.67222101e-01 2.87624115e-01 3.04281342e-01 3.16380411e-01 3.23297939e-01 3.24698369e-01 3.20513902e-01 3.10946211e-01 2.96468208e-01 2.77837631e-01 2.55875671e-01 2.31700437e-01 2.06218262e-01 1.80376331e-01 1.55011687e-01 1.30904889e-01 1.08774136e-01 8.87069997e-02 7.09064492e-02 5.55955943e-02 4.26079856e-02 3.18653213e-02 2.31891437e-02 1.62905759e-02 1.09392825e-02 6.91425090e-03 3.97012583e-03 1.93051906e-03 6.35383985e-04 -7.22109991e-06 -7.79381369e-05 -4.23420357e-05 -2.11645989e-05 -9.67353653e-06 -4.01976413e-06 -1.51160750e-06 -5.13808802e-07 -1.59699142e-07 -4.81464640e-08 -1.71029503e-08 -9.51343465e-09 -7.90207066e-09 -7.62067731e-09 -7.59654145e-09 -7.61411656e-09 -7.63513003e-09 -7.65365971e-09 -7.66955033e-09 -7.68384251e-09 -7.69760761e-09 -7.71137326e-09 -7.72483777e-09 -7.73694520e-09 -7.74622066e-09 -7.75127573e-09 -7.75127562e-09 -7.74622078e-09 -7.73694520e-09 -7.72483782e-09 -7.71137343e-09 -7.69760755e-09 -7.68384251e-09 -7.66955044e-09 -7.65365998e-09 -7.63513025e-09 -7.61411656e-09 -7.59654140e-09 -7.62067731e-09 -7.90207039e-09 -9.51343471e-09 -1.71029504e-08 -4.81464640e-08 -1.59699141e-07 -5.13808802e-07 -1.51160750e-06 -4.01976413e-06 -9.67353653e-06 -2.11645989e-05 -4.23420357e-05 -7.79381369e-05 -7.22109991e-06 6.35383985e-04 1.93051906e-03 3.97012583e-03 6.91425090e-03 1.09392825e-02 1.62905759e-02 2.31891437e-02 3.18653213e-02 4.26079856e-02 5.55955943e-02 7.09064492e-02 8.87069997e-02 1.08774136e-01 1.30904889e-01 1.55011687e-01 1.80376331e-01 2.06218262e-01 2.31700437e-01 2.55875671e-01 2.77837631e-01 2.96468208e-01 3.10946211e-01 3.20513902e-01 3.24698369e-01 3.23297939e-01 3.16380411e-01 3.04281342e-01 2.87624115e-01 2.67222101e-01 2.43996641e-01 2.19058074e-01 1.93288616e-01 1.67599780e-01 1.42721792e-01 1.19599004e-01 9.84486481e-02 7.95108538e-02 6.29584911e-02 4.88138421e-02 3.69543600e-02 2.72893250e-02 1.95291819e-02 1.34367782e-02 8.77421757e-03 5.31961981e-03 2.84860661e-03 1.19762123e-03 2.35890130e-04 -9.76349630e-05 -5.80246486e-05 -3.02610463e-05 -1.44749746e-05 -6.31257194e-06 -2.49649768e-06 -8.92296287e-07 -2.89144112e-07 -8.73496809e-08 -2.75649396e-08 -1.19580734e-08 -8.39374970e-09 -7.69786235e-09 -7.59758045e-09 -7.60393271e-09 -7.62481028e-09 -7.64476582e-09 -7.66188052e-09 -7.67682223e-09 -7.69073993e-09 -7.70448838e-09 -7.71819419e-09 -7.73114983e-09 -7.74203190e-09 -7.74934600e-09 -7.75192932e-09
-7.75192965e-09 -7.74951936e-09 -7.74268782e-09 -7.73249853e-09 -7.72030928e-09 -7.70731795e-09 -7.69414588e-09 -7.68065955e-09 -7.66606811e-09 -7.64933750e-09 -7.62994057e-09 -7.60995633e-09 -7.60557667e-09 -7.71442521e-09 -8.45991815e-09 -1.22914321e-08 -2.91387919e-08 -9.38646136e-08 -3.12641077e-07 -9.66479186e-07 -2.70283857e-06 -6.82156486e-06 -1.55956486e-05 -3.24772365e-05 -6.19849083e-05 -1.04215730e-04 2.12035010e-04 1.13357248e-03 2.72475855e-03 5.11661260e-03 8.47244760e-03 1.30251435e-02 1.89964664e-02 2.66225206e-02 3.61750994e-02 4.79090197e-02 6.19247476e-02 7.84167466e-02 9.72860004e-02 1.18378209e-01 1.41744337e-01 1.66670507e-01 1.92500442e-01 2.18436378e-01 2.43726895e-01 2.67186379e-01 2.87883547e-01 3.04743007e-01 3.16950778e-01 3.23928944e-01 3.25341147e-01 3.21120867e-01 3.11468155e-01 2.96849404e-01 2.77953368e-01 2.55743803e-01 2.31227626e-01 2.05504932e-01 1.79492970e-01 1.54059309e-01 1.29822966e-01 1.07573937e-01 8.75582562e-02 6.98715398e-02 5.46192161e-02 4.17653426e-02 3.11345521e-02 2.25883849e-02 1.58149177e-02 1.05879706e-02 6.66212591e-03 3.80908740e-03 1.83821542e-03 5.94722217e-04 -1.96496688e-05 -8.30439926e-05 -4.53412436e-05 -2.27612371e-05 -1.04392981e-05 -4.34860927e-06 -1.63725141e-06 -5.56242746e-07 -1.72284047e-07 -5.14045131e-08 -1.78381381e-08 -9.66165103e-09 -7.93318589e-09 -7.63124403e-09 -7.60329255e-09 -7.61963304e-09 -7.63995167e-09 -7.65802766e-09 -7.67356834e-09 -7.68748021e-09 -7.70074449e-09 -7.71385777e-09 -7.72656950e-09 -7.73792996e-09 -7.74660269e-09 -7.75132009e-09 -7.75132025e-09 -7.74660275e-09 -7.73792996e-09 -7.72656966e-09 -7.71385794e-09 -7.70074432e-09 -7.68748049e-09 -7.67356828e-09 -7.65802782e-09 -7.63995156e-09 -7.61963304e-09 -7.60329272e-09 -7.63124397e-09 -7.93318589e-09 -9.66165103e-09 -1.78381381e-08 -5.14045130e-08 -1.72284047e-07 -5.56242746e-07 -1.63725141e-06 -4.34860927e-06 -1.04392981e-05 -2.27612371e-05 -4.53412436e-05 -8.30439926e-05 -1.96496688e-05 5.94722217e-04 1.83821542e-03 3.80908740e-03 6.66212591e-03 1.05879706e-02 1.58149177e-02 2.25883849e-02 3.11345521e-02 4.17653426e-02 5.46192161e-02 6.98715398e-02 8.75582562e-02 1.07573937e-01 1.29822966e-01 1.54059309e-01 1.79492970e-01 2.05504932e-01 2.31227626e-01 2.55743803e-01 2.77953368e-01 2.96849404e-01 3.11468155e-01 3.21120867e-01 3.25341147e-01 3.23928944e-01 3.16950778e-01 3.04743007e-01 2.87883547e-01 2.67186379e-01 2.43726895e-01 2.18436378e-01 1.92500442e-01 1.66670507e-01 1.41744337e-01 1.18378209e-01 9.72860004e-02 7.84167466e-02 6.19247476e-02 4.79090197e-02 3.61750994e-02 2.66225206e-02 1.89964664e-02 1.30251435e-02 8.47244760e-03 5.11661260e-03 2.72475855e-03 1.13357248e-03 2.12035010e-04 -1.04215730e-04 -6.19849083e-05 -3.24772365e-05 -1.55956486e-05 -6.82156486e-06 -2.70283857e-06 -9.66479186e-07 -3.12641077e-07 -9.38646135e-08 -2.91387922e-08 -1.22914323e-08 -8.45991838e-09 -7.71442521e-09 -7.60557661e-09 -7.60995655e-09 -7.62994051e-09 -7.64933733e-09 -7.66606795e-09 -7.68065944e-09 -7.69414576e-09 -7.70731801e-09 -7.72030945e-09 -7.73249847e-09 -7.74268771e-09 -7.74951936e-09 -7.75192965e-09
-7.75192927e-09 -7.74967890e-09 -7.74329201e-09 -7.73373832e-09 -7.72225472e-09 -7.70991793e-09 -7.69728237e-09 -7.68420449e-09 -7.66995506e-09 -7.65361186e-09 -7.63476860e-09 -7.61566077e-09 -7.61324659e-09 -7.73099701e-09 -8.52906801e-09 -1.26460747e-08 -3.08241692e-08 -1.00859826e-07 -3.37883836e-07 -1.04608365e-06 -2.92367619e-06 -7.36411607e-06 -1.67837917e-05 -3.48112396e-05 -6.61228480e-05 -1.11082141e-04 1.88203108e-04 1.07104107e-03 2.60308439e-03 4.91514798e-03 8.18006499e-03 1.26188154e-02 1.84655645e-02 2.59589864e-02 3.53985236e-02 4.69920556e-02 6.09243468e-02 7.72923838e-02 9.60777205e-02 1.17296925e-01 1.40696083e-01 1.65679261e-01 1.91638624e-01 2.17892644e-01 2.43415767e-01 2.67160388e-01 2.88014615e-01 3.04977991e-01 3.17268246e-01 3.24293200e-01 3.25715361e-01 3.21465659e-01 3.11750397e-01 2.97036454e-01 2.78016023e-01 2.55580979e-01 2.30786813e-01 2.04775455e-01 1.78586321e-01 1.53022914e-01 1.28776122e-01 1.06346989e-01 8.63995459e-02 6.88144324e-02 5.36359589e-02 4.09201201e-02 3.04171760e-02 2.19878039e-02 1.53493807e-02 1.02400011e-02 6.41467790e-03 3.65083023e-03 1.74817348e-03 5.55025063e-04 -3.20757720e-05 -8.83554252e-05 -4.84879105e-05 -2.44486314e-05 -1.12534840e-05 -4.69990612e-06 -1.77192457e-06 -6.01812618e-07 -1.85803393e-07 -5.48992088e-08 -1.86234094e-08 -9.81829296e-09 -7.96511074e-09 -7.64155683e-09 -7.60971330e-09 -7.62484265e-09 -7.64447483e-09 -7.66209440e-09 -7.67728536e-09 -7.69083425e-09 -7.70363101e-09 -7.71614200e-09 -7.72816133e-09 -7.73883552e-09 -7.74695297e-09 -7.75136078e-09 -7.75136066e-09 -7.74695297e-09 -7.73883546e-09 -7.72816133e-09 -7.71614195e-09 -7.70363123e-09 -7.69083430e-09 -7.67728536e-09 -7.66209457e-09 -7.64447472e-09 -7.62484281e-09 -7.60971292e-09 -7.64155683e-09 -7.96511063e-09 -9.81829273e-09 -1.86234094e-08 -5.48992086e-08 -1.85803394e-07 -6.01812618e-07 -1.77192457e-06 -4.69990612e-06 -1.12534840e-05 -2.44486314e-05 -4.84879105e-05 -8.83554252e-05 -3.20757720e-05 5.55025063e-04 1.74817348e-03 3.65083023e-03 6.41467790e-03 1.02400011e-02 1.53493807e-02 2.19878039e-02 3.04171760e-02 4.09201201e-02 5.36359589e-02 6.88144324e-02 8.63995459e-02 1.06346989e-01 1.28776122e-01 1.53022914e-01 1.78586321e-01 2.04775455e-01 2.30786813e-01 2.55580979e-01 2.78016023e-01 2.97036454e-01 3.11750397e-01 3.21465659e-01 3.25715361e-01 3.24293200e-01 3.17268246e-01 3.04977991e-01 2.88014615e-01 2.67160388e-01 2.43415767e-01 2.17892644e-01 1.91638624e-01 1.65679261e-01 1.40696083e-01 1.17296925e-01 9.60777205e-02 7.72923838e-02 6.09243468e-02 4.69920556e-02 3.53985236e-02 2.59589864e-02 1.84655645e-02 1.26188154e-02 8.18006499e-03 4.91514798e-03 2.60308439e-03 1.07104107e-03 1.88203108e-04 -1.11082141e-04 -6.61228480e-05 -3.48112396e-05 -1.67837917e-05 -7.36411607e-06 -2.92367619e-06 -1.04608365e-06 -3.37883835e-07 -1.00859826e-07 -3.08241694e-08 -1.26460745e-08 -8.52906812e-09 -7.73099690e-09 -7.61324620e-09 -7.61566066e-09 -7.63476860e-09 -7.65361191e-09 -7.66995506e-09 -7.68420438e-09 -7.69728248e-09 -7.70991770e-09 -7.72225472e-09 -7.73373815e-09 -7.74329217e-09 -7.74967901e-09 -7.75192932e-09
-7.75192943e-09 -7.74982573e-09 -7.74384779e-09 -7.73487852e-09 -7.72404218e-09 -7.71231135e-09 -7.70017344e-09 -7.68748154e-09 -7.67356623e-09 -7.65761177e-09 -7.63931829e-09 -7.62106656e-09 -7.62061542e-09 -7.74762343e-09 -8.60143806e-09 -1.30234256e-08 -3.26284757e-08 -1.08367028e-07 -3.64984466e-07 -1.13143736e-06 -3.15980178e-06 -7.94178404e-06 -1.80418108e-05 -3.72655987e-05 -7.04389367e-05 -1.18165790e-04 1.64572986e-04 1.00950651e-03 2.48197548e-03 4.71744200e-03 7.88949825e-03 1.22162602e-02 1.79379500e-02 2.53080167e-02 3.46249759e-02 4.60731491e-02 5.99030346e-02 7.61621397e-02 9.48804366e-02 1.16193837e-01 1.39580466e-01 1.64642635e-01 1.90840151e-01 2.17309513e-01 2.43063301e-01 2.66941605e-01 2.87902058e-01 3.04993375e-01 3.17464608e-01 3.24602119e-01 3.26048240e-01 3.21728244e-01 3.11861753e-01 2.96987607e-01 2.77851225e-01 2.55295556e-01 2.30357430e-01 2.04079041e-01 1.77635611e-01 1.51956472e-01 1.27660196e-01 1.05250938e-01 8.52063616e-02 6.77237247e-02 5.26842734e-02 4.00711550e-02 2.97135564e-02 2.13956409e-02 1.48891719e-02 9.89585103e-03 6.17199800e-03 3.49450226e-03 1.65973376e-03 5.15058297e-04 -4.47809515e-05 -9.38704471e-05 -5.17839351e-05 -2.62294240e-05 -1.21181000e-05 -5.07479550e-06 -1.91614869e-06 -6.50714640e-07 -2.00318237e-07 -5.86462496e-08 -1.94620891e-08 -9.98395033e-09 -7.99794764e-09 -7.65164071e-09 -7.61582486e-09 -7.62976593e-09 -7.64872254e-09 -7.66588754e-09 -7.68073033e-09 -7.69392894e-09 -7.70628783e-09 -7.71824504e-09 -7.72962444e-09 -7.73966785e-09 -7.74727610e-09 -7.75139780e-09 -7.75139763e-09 -7.74727626e-09 -7.73966780e-09 -7.72962433e-09 -7.71824504e-09 -7.70628789e-09 -7.69392905e-09 -7.68073033e-09 -7.66588726e-09 -7.64872266e-09 -7.62976576e-09 -7.61582475e-09 -7.65164054e-09 -7.99794764e-09 -9.98395006e-09 -1.94620894e-08 -5.86462495e-08 -2.00318237e-07 -6.50714640e-07 -1.91614869e-06 -5.07479550e-06 -1.21181000e-05 -2.62294240e-05 -5.17839351e-05 -9.38704471e-05 -4.47809515e-05 5.15058297e-04 1.65973376e-03 3.49450226e-03 6.17199800e-03 9.89585103e-03 1.48891719e-02 2.13956409e-02 2.97135564e-02 4.00711550e-02 5.26842734e-02 6.77237247e-02 8.52063616e-02 1.05250938e-01 1.27660196e-01 1.51956472e-01 1.77635611e-01 2.04079041e-01 2.30357430e-01 2.55295556e-01 2.77851225e-01 2.96987607e-01 3.11861753e-01 3.21728244e-01 3.26048240e-01 3.24602119e-01 3.17464608e-01 3.04993375e-01 2.87902058e-01 2.66941605e-01 2.43063301e-01 2.17309513e-01 1.90840151e-01 1.64642635e-01 1.39580466e-01 1.16193837e-01 9.48804366e-02 7.61621397e-02 5.99030346e-02 4.60731491e-02 3.46249759e-02 2.53080167e-02 1.79379500e-02 1.22162602e-02 7.88949825e-03 4.71744200e-03 2.48197548e-03 1.00950651e-03 1.64572986e-04 -1.18165790e-04 -7.04389367e-05 -3.72655987e-05 -1.80418108e-05 -7.94178404e-06 -3.15980178e-06 -1.13143736e-06 -3.64984466e-07 -1.08367029e-07 -3.26284756e-08 -1.30234256e-08 -8.60143812e-09 -7.74762354e-09 -7.62061536e-09 -7.62106650e-09 -7.63931851e-09 -7.65761177e-09 -7.67356623e-09 -7.68748132e-09 -7.70017361e-09 -7.71231123e-09 -7.72404224e-09 -7.73487852e-09 -7.74384784e-09 -7.74982561e-09 -7.75192954e-09
-7.75192954e-09 -7.74996045e-09 -7.74435799e-09 -7.73592668e-09 -7.72568731e-09 -7.71451497e-09 -7.70283987e-09 -7.69051578e-09 -7.67693059e-09 -7.66136055e-09 -7.64361041e-09 -7.62619595e-09 -7.62770519e-09 -7.76435771e-09 -8.67728012e-09 -1.34249857e-08 -3.45595244e-08 -1.16419686e-07 -3.94060737e-07 -1.22288199e-06 -3.41203070e-06 -8.55614515e-06 -1.93720620e-05 -3.98426027e-05 -7.49329951e-05 -1.25417222e-04 1.40898314e-04 9.48843283e-04 2.36289600e-03 4.52395272e-03 7.60386304e-03 1.18233211e-02 1.74139085e-02 2.46741696e-02 3.38472912e-02 4.51800181e-02 5.88653121e-02 7.50064055e-02 9.37749490e-02 1.15040205e-01 1.38452998e-01 1.63650055e-01 1.90012772e-01 2.16678873e-01 2.42513526e-01 2.66524253e-01 2.87739981e-01 3.05097329e-01 3.17824521e-01 3.25116929e-01 3.26594842e-01 3.22179671e-01 3.12102657e-01 2.96956005e-01 2.77550447e-01 2.54808575e-01 2.29767220e-01 2.03384360e-01 1.76734050e-01 1.50841397e-01 1.26498610e-01 1.04119032e-01 8.40345405e-02 6.66355524e-02 5.17267690e-02 3.92163400e-02 2.90059750e-02 2.08129823e-02 1.44336222e-02 9.55531547e-03 5.93350587e-03 3.34041688e-03 1.57187448e-03 4.75121259e-04 -5.75851393e-05 -9.95861622e-05 -5.52307892e-05 -2.81061260e-05 -1.30351471e-05 -5.47444341e-06 -2.07046494e-06 -7.03154299e-07 -2.15892899e-07 -6.26622123e-08 -2.03576856e-08 -1.01592406e-08 -8.03180117e-09 -7.66152897e-09 -7.62164853e-09 -7.63442187e-09 -7.65271552e-09 -7.66943042e-09 -7.68392866e-09 -7.69678882e-09 -7.70873620e-09 -7.72017761e-09 -7.73097120e-09 -7.74043379e-09 -7.74757225e-09 -7.75143205e-09 -7.75143211e-09 -7.74757219e-09 -7.74043368e-09 -7.73097131e-09 -7.72017772e-09 -7.70873632e-09 -7.69678876e-09 -7.68392860e-09 -7.66943026e-09 -7.65271546e-09 -7.63442176e-09 -7.62164837e-09 -7.66152863e-09 -8.03180095e-09 -1.01592408e-08 -2.03576858e-08 -6.26622125e-08 -2.15892899e-07 -7.03154299e-07 -2.07046494e-06 -5.47444341e-06 -1.30351471e-05 -2.81061260e-05 -5.52307892e-05 -9.95861622e-05 -5.75851393e-05 4.75121259e-04 1.57187448e-03 3.34041688e-03 5.93350587e-03 9.55531547e-03 1.44336222e-02 2.08129823e-02 2.90059750e-02 3.92163400e-02 5.17267690e-02 6.66355524e-02 8.40345405e-02 1.04119032e-01 1.26498610e-01 1.50841397e-01 1.76734050e-01 2.03384360e-01 2.29767220e-01 2.54808575e-01 2.77550447e-01 2.96956005e-01 3.12102657e-01 3.22179671e-01 3.26594842e-01 3.25116929e-01 3.17824521e-01 3.05097329e-01 2.87739981e-01 2.66524253e-01 2.42513526e-01 2.16678873e-01 1.90012772e-01 1.63650055e-01 1.38452998e-01 1.15040205e-01 9.37749490e-02 7.50064055e-02 5.88653121e-02 4.51800181e-02 3.38472912e-02 2.46741696e-02 1.74139085e-02 1.18233211e-02 7.60386304e-03 4.52395272e-03 2.36289600e-03 9.48843283e-04 1.40898314e-04 -1.25417222e-04 -7.49329951e-05 -3.98426027e-05 -1.93720620e-05 -8.55614515e-06 -3.41203070e-06 -1.22288199e-06 -3.94060737e-07 -1.16419687e-07 -3.45595243e-08 -1.34249859e-08 -8.67728012e-09 -7.76435760e-09 -7.62770536e-09 -7.62619579e-09 -7.64361030e-09 -7.66136077e-09 -7.67693042e-09 -7.69051567e-09 -7.70283998e-09 -7.71451480e-09 -7.72568731e-09 -7.73592679e-09 -7.74435815e-09 -7.74996040e-09 -7.75192943e-09
-7.75192954e-09 -7.75008469e-09 -7.74482828e-09 -7.73689202e-09 -7.72720077e-09 -7.71654435e-09 -7.70530240e-09 -7.69332714e-09 -7.68006614e-09 -7.66488151e-09 -7.64766461e-09 -7.63106445e-09 -7.63453767e-09 -7.78124970e-09 -8.75685302e-09 -1.38523423e-08 -3.66255772e-08 -1.25053097e-07 -4.25236265e-07 -1.32077336e-06 -3.68120151e-06 -9.20878901e-06 -2.07768369e-05 -4.25442598e-05 -7.96041625e-05 -1.32906521e-04 1.17339059e-04 8.88631826e-04 2.24699275e-03 4.33275603e-03 7.32179253e-03 1.14341610e-02 1.69006573e-02 2.40392328e-02 3.30678401e-02 4.42844565e-02 5.78290241e-02 7.38755288e-02 9.26437800e-02 1.13856192e-01 1.37300337e-01 1.62641247e-01 1.89156705e-01 2.15875985e-01 2.41826066e-01 2.66140648e-01 2.87732293e-01 3.05412282e-01 3.18272738e-01 3.25640582e-01 3.27133378e-01 3.22673761e-01 3.12493299e-01 2.97126119e-01 2.77350308e-01 2.54274299e-01 2.28998973e-01 2.02553274e-01 1.75814978e-01 1.49779729e-01 1.25309932e-01 1.02945895e-01 8.29370271e-02 6.55210661e-02 5.07512907e-02 3.83847887e-02 2.83027340e-02 2.02483903e-02 1.39807573e-02 9.22308543e-03 5.70064382e-03 3.19016202e-03 1.48691491e-03 4.35055830e-04 -7.04758393e-05 -1.05498736e-04 -5.88294861e-05 -3.00810978e-05 -1.40066137e-05 -5.90003872e-06 -2.23543372e-06 -7.59346536e-07 -2.32595082e-07 -6.69646093e-08 -2.13139055e-08 -1.03448120e-08 -8.06677669e-09 -7.67124742e-09 -7.62720509e-09 -7.63883129e-09 -7.65647989e-09 -7.67274316e-09 -7.68689978e-09 -7.69943320e-09 -7.71099357e-09 -7.72195713e-09 -7.73220848e-09 -7.74113779e-09 -7.74784592e-09 -7.75146336e-09 -7.75146347e-09 -7.74784570e-09 -7.74113779e-09 -7.73220854e-09 -7.72195718e-09 -7.71099334e-09 -7.69943331e-09 -7.68689984e-09 -7.67274316e-09 -7.65647989e-09 -7.63883129e-09 -7.62720542e-09 -7.67124742e-09 -8.06677669e-09 -1.03448118e-08 -2.13139056e-08 -6.69646090e-08 -2.32595082e-07 -7.59346536e-07 -2.23543372e-06 -5.90003872e-06 -1.40066137e-05 -3.00810978e-05 -5.88294860e-05 -1.05498736e-04 -7.04758393e-05 4.35055830e-04 1.48691491e-03 3.19016202e-03 5.70064382e-03 9.22308543e-03 1.39807573e-02 2.02483903e-02 2.83027340e-02 3.83847887e-02 5.07512907e-02 6.55210661e-02 8.29370271e-02 1.02945895e-01 1.25309932e-01 1.49779729e-01 1.75814978e-01 2.02553274e-01 2.28998973e-01 2.54274299e-01 2.77350308e-01 2.97126119e-01 3.12493299e-01 3.22673761e-01 3.27133378e-01 3.25640582e-01 3.18272738e-01 3.05412282e-01 2.87732293e-01 2.66140648e-01 2.41826066e-01 2.15875985e-01 1.89156705e-01 1.62641247e-01 1.37300337e-01 1.13856192e-01 9.26437800e-02 7.38755288e-02 5.78290241e-02 4.42844565e-02 3.30678401e-02 2.40392328e-02 1.69006573e-02 1.14341610e-02 7.32179253e-03 4.33275603e-03 2.24699275e-03 8.88631826e-04 1.17339059e-04 -1.32906521e-04 -7.96041625e-05 -4.25442598e-05 -2.07768369e-05 -9.20878901e-06 -3.68120151e-06 -1.32077336e-06 -4.25236265e-07 -1.25053097e-07 -3.66255775e-08 -1.38523424e-08 -8.75685285e-09 -7.78125014e-09 -7.63453778e-09 -7.63106445e-09 -7.64766450e-09 -7.66488145e-09 -7.68006619e-09 -7.69332714e-09 -7.70530217e-09 -7.71654429e-09 -7.72720066e-09 -7.73689190e-09 -7.74482806e-09 -7.75008480e-09 -7.75192954e-09
-7.75192904e-09 -7.75019937e-09 -7.74526088e-09 -7.73777831e-09 -7.72859343e-09 -7.71841491e-09 -7.70757508e-09 -7.69593789e-09 -7.68299457e-09 -7.66819064e-09 -7.65149910e-09 -7.63569175e-09 -7.64113511e-09 -7.79834419e-09 -8.84042795e-09 -1.43071622e-08 -3.88353549e-08 -1.34304458e-07 -4.58640695e-07 -1.42548149e-06 -3.96817496e-06 -9.90131342e-06 -2.22583489e-05 -4.53722708e-05 -8.44508650e-05 -1.40509513e-04 9.37541203e-05 8.28518567e-04 2.13305062e-03 4.14471340e-03 7.04514498e-03 1.10505954e-02 1.64039549e-02 2.34110010e-02 3.23045454e-02 4.33734503e-02 5.67790597e-02 7.28036904e-02 9.14694102e-02 1.12648400e-01 1.36186229e-01 1.61628316e-01 1.88150218e-01 2.14957999e-01 2.41217608e-01 2.65942269e-01 2.87748250e-01 3.05573217e-01 3.18526954e-01 3.25961462e-01 3.27473785e-01 3.22957784e-01 3.12706459e-01 2.97220885e-01 2.77276190e-01 2.53878451e-01 2.28214568e-01 2.01567832e-01 1.74807186e-01 1.48701868e-01 1.24138202e-01 1.01752664e-01 8.18148980e-02 6.44367301e-02 4.97780813e-02 3.75578925e-02 2.76027204e-02 1.96873492e-02 1.35363824e-02 8.89662728e-03 5.47145009e-03 3.04186753e-03 1.40234365e-03 3.95108353e-04 -8.36141582e-05 -1.11603372e-04 -6.25805497e-05 -3.21565285e-05 -1.50344662e-05 -6.35279069e-06 -2.41163446e-06 -8.19515923e-07 -2.50495986e-07 -7.15719128e-08 -2.23346599e-08 -1.05413492e-08 -8.10298434e-09 -7.68082820e-09 -7.63250957e-09 -7.64301122e-09 -7.66002894e-09 -7.67584890e-09 -7.68966718e-09 -7.70188185e-09 -7.71307551e-09 -7.72359587e-09 -7.73334791e-09 -7.74178488e-09 -7.74809672e-09 -7.75149261e-09 -7.75149267e-09 -7.74809694e-09 -7.74178466e-09 -7.73334768e-09 -7.72359576e-09 -7.71307573e-09 -7.70188180e-09 -7.68966713e-09 -7.67584885e-09 -7.66002894e-09 -7.64301122e-09 -7.63250974e-09 -7.68082808e-09 -8.10298451e-09 -1.05413492e-08 -2.23346598e-08 -7.15719131e-08 -2.50495986e-07 -8.19515923e-07 -2.41163446e-06 -6.35279069e-06 -1.50344662e-05 -3.21565285e-05 -6.25805497e-05 -1.11603372e-04 -8.36141582e-05 3.95108353e-04 1.40234365e-03 3.04186753e-03 5.47145009e-03 8.89662728e-03 1.35363824e-02 1.96873492e-02 2.76027204e-02 3.75578925e-02 4.97780813e-02 6.44367301e-02 8.18148980e-02 1.01752664e-01 1.24138202e-01 1.48701868e-01 1.74807186e-01 2.01567832e-01 2.28214568e-01 2.53878451e-01 2.77276190e-01 2.97220885e-01 3.12706459e-01 3.22957784e-01 3.27473785e-01 3.25961462e-01 3.18526954e-01 3.05573217e-01 2.87748250e-01 2.65942269e-01 2.41217608e-01 2.14957999e-01 1.88150218e-01 1.61628316e-01 1.36186229e-01 1.12648400e-01 9.14694102e-02 7.28036904e-02 5.67790597e-02 4.33734503e-02 3.23045454e-02 2.34110010e-02 1.64039549e-02 1.10505954e-02 7.04514498e-03 4.14471340e-03 2.13305062e-03 8.28518567e-04 9.37541203e-05 -1.40509513e-04 -8.44508650e-05 -4.53722708e-05 -2.22583489e-05 -9.90131342e-06 -3.96817496e-06 -1.42548149e-06 -4.58640695e-07 -1.34304458e-07 -3.88353547e-08 -1.43071624e-08 -8.84042800e-09 -7.79834419e-09 -7.64113511e-09 -7.63569169e-09 -7.65149921e-09 -7.66819042e-09 -7.68299457e-09 -7.69593778e-09 -7.70757524e-09 -7.71841485e-09 -7.72859343e-09 -7.73777820e-09 -7.74526071e-09 -7.75019915e-09 -7.75192927e-09
-7.75192965e-09 -7.75030423e-09 -7.74565762e-09 -7.73859532e-09 -7.72987613e-09 -7.72014025e-09 -7.70968067e-09 -7.69836239e-09 -7.68573344e-09 -7.67130720e-09 -7.65512942e-09 -7.64009511e-09 -7.64751540e-09 -7.81569676e-09 -8.92828755e-09 -1.47912064e-08 -4.11980581e-08 -1.44212939e-07 -4.94409850e-07 -1.53739067e-06 -4.27383284e-06 -1.06353189e-05 -2.38187182e-05 -4.83280040e-05 -8.94707879e-05 -1.48330690e-04 7.01593731e-05 7.69504116e-04 2.02155172e-03 3.96215233e-03 6.77544540e-03 1.06721026e-02 1.59164371e-02 2.27874491e-02 3.15595713e-02 4.24708828e-02 5.57497396e-02 7.17155907e-02 9.02917189e-02 1.11474855e-01 1.35061874e-01 1.60493822e-01 1.87038705e-01 2.14113539e-01 2.40759162e-01 2.65630557e-01 2.87566704e-01 3.05622709e-01 3.18757050e-01 3.26283800e-01 3.27811168e-01 3.23252707e-01 3.12855650e-01 2.97153628e-01 2.77028043e-01 2.53500107e-01 2.27579394e-01 2.00573921e-01 1.73661436e-01 1.47592919e-01 1.22978781e-01 1.00540811e-01 8.06625911e-02 6.34014217e-02 4.87959807e-02 3.67280416e-02 2.69118505e-02 1.91328103e-02 1.31035156e-02 8.57475981e-03 5.24692597e-03 2.89673860e-03 1.31988697e-03 3.56417560e-04 -9.67101217e-05 -1.17894291e-04 -6.64839855e-05 -3.43344159e-05 -1.61206398e-05 -6.83392614e-06 -2.59966527e-06 -8.83896832e-07 -2.69670431e-07 -7.65036093e-08 -2.34240752e-08 -1.07495656e-08 -8.14053830e-09 -7.69029679e-09 -7.63758234e-09 -7.64697899e-09 -7.66338204e-09 -7.67876457e-09 -7.69224628e-09 -7.70415254e-09 -7.71499914e-09 -7.72510683e-09 -7.73439696e-09 -7.74238151e-09 -7.74832809e-09 -7.75151937e-09 -7.75151943e-09 -7.74832803e-09 -7.74238146e-09 -7.73439712e-09 -7.72510717e-09 -7.71499936e-09 -7.70415232e-09 -7.69224634e-09 -7.67876451e-09 -7.66338171e-09 -7.64697911e-09 -7.63758223e-09 -7.69029684e-09 -8.14053813e-09 -1.07495657e-08 -2.34240751e-08 -7.65036093e-08 -2.69670431e-07 -8.83896832e-07 -2.59966527e-06 -6.83392614e-06 -1.61206398e-05 -3.43344159e-05 -6.64839855e-05 -1.17894291e-04 -9.67101217e-05 3.56417560e-04 1.31988697e-03 2.89673860e-03 5.24692597e-03 8.57475981e-03 1.31035156e-02 1.91328103e-02 2.69118505e-02 3.67280416e-02 4.87959807e-02 6.34014217e-02 8.06625911e-02 1.00540811e-01 1.22978781e-01 1.47592919e-01 1.73661436e-01 2.00573921e-01 2.27579394e-01 2.53500107e-01 2.77028043e-01 2.97153628e-01 3.12855650e-01 3.23252707e-01 3.27811168e-01 3.26283800e-01 3.18757050e-01 3.05622709e-01 2.87566704e-01 2.65630557e-01 2.40759162e-01 2.14113539e-01 1.87038705e-01 1.60493822e-01 1.35061874e-01 1.11474855e-01 9.02917189e-02 7.17155907e-02 5.57497396e-02 4.24708828e-02 3.15595713e-02 2.27874491e-02 1.59164371e-02 1.06721026e-02 6.77544540e-03 3.96215233e-03 2.02155172e-03 7.69504116e-04 7.01593731e-05 -1.48330690e-04 -8.94707879e-05 -4.83280040e-05 -2.38187182e-05 -1.06353189e-05 -4.27383284e-06 -1.53739067e-06 -4.94409850e-07 -1.44212938e-07 -4.11980580e-08 -1.47912065e-08 -8.92828755e-09 -7.81569665e-09 -7.64751562e-09 -7.64009500e-09 -7.65512964e-09 -7.67130703e-09 -7.68573344e-09 -7.69836239e-09 -7.70968095e-09 -7.72014019e-09 -7.72987629e-09 -7.73859526e-09 -7.74565773e-09 -7.75030440e-09 -7.75192976e-09
-7.75192954e-09 -7.75040054e-09 -7.74602371e-09 -7.73934672e-09 -7.73105852e-09 -7.72173225e-09 -7.71163045e-09 -7.70062170e-09 -7.68829966e-09 -7.67424585e-09 -7.65857106e-09 -7.64428698e-09 -7.65369701e-09 -7.83335474e-09 -9.02072955e-09 -1.53063232e-08 -4.37233986e-08 -1.54819770e-07 -5.32685880e-07 -1.65689945e-06 -4.59907654e-06 -1.14124028e-05 -2.54599573e-05 -5.14124691e-05 -9.46608514e-05 -1.56384585e-04 4.68851421e-05 7.11649927e-04 1.91208437e-03 3.78375110e-03 6.51024110e-03 1.03003916e-02 1.54349169e-02 2.21686618e-02 3.08082130e-02 4.15615300e-02 5.47697291e-02 7.06023337e-02 8.90962526e-02 1.10287188e-01 1.33869461e-01 1.59254663e-01 1.85983781e-01 2.13378251e-01 2.40149216e-01 2.65193081e-01 2.87396654e-01 3.05605132e-01 3.18851858e-01 3.26438894e-01 3.27975860e-01 3.23384609e-01 3.12898423e-01 2.97068868e-01 2.76731242e-01 2.52931011e-01 2.26914904e-01 1.99695578e-01 1.72487372e-01 1.46367788e-01 1.21824059e-01 9.93768310e-02 7.95138764e-02 6.23571814e-02 4.78268397e-02 3.59043096e-02 2.62402012e-02 1.85859580e-02 1.26845649e-02 8.25878894e-03 5.02740027e-03 2.75420118e-03 1.23785522e-03 3.19005361e-04 -1.09871733e-04 -1.24364723e-04 -7.05392527e-05 -3.66165460e-05 -1.72670289e-05 -7.34468637e-06 -2.80014250e-06 -9.52733569e-07 -2.90196975e-07 -8.17802376e-08 -2.45865013e-08 -1.09702150e-08 -8.17955714e-09 -7.69968012e-09 -7.64243779e-09 -7.65074648e-09 -7.66655195e-09 -7.68150399e-09 -7.69465458e-09 -7.70626035e-09 -7.71677838e-09 -7.72650022e-09 -7.73536257e-09 -7.74293035e-09 -7.74854025e-09 -7.75154330e-09 -7.75154330e-09 -7.74854014e-09 -7.74293035e-09 -7.73536235e-09 -7.72650022e-09 -7.71677855e-09 -7.70626046e-09 -7.69465452e-09 -7.68150410e-09 -7.66655178e-09 -7.65074659e-09 -7.64243779e-09 -7.69968000e-09 -8.17955725e-09 -1.09702152e-08 -2.45865011e-08 -8.17802376e-08 -2.90196975e-07 -9.52733569e-07 -2.80014250e-06 -7.34468637e-06 -1.72670289e-05 -3.66165460e-05 -7.05392527e-05 -1.24364723e-04 -1.09871733e-04 3.19005361e-04 1.23785522e-03 2.75420118e-03 5.02740027e-03 8.25878894e-03 1.26845649e-02 1.85859580e-02 2.62402012e-02 3.59043096e-02 4.78268397e-02 6.23571814e-02 7.95138764e-02 9.93768310e-02 1.21824059e-01 1.46367788e-01 1.72487372e-01 1.99695578e-01 2.26914904e-01 2.52931011e-01 2.76731242e-01 2.97068868e-01 3.12898423e-01 3.23384609e-01 3.27975860e-01 3.26438894e-01 3.18851858e-01 3.05605132e-01 2.87396654e-01 2.65193081e-01 2.40149216e-01 2.13378251e-01 1.85983781e-01 1.59254663e-01 1.33869461e-01 1.10287188e-01 8.90962526e-02 7.06023337e-02 5.47697291e-02 4.15615300e-02 3.08082130e-02 2.21686618e-02 1.54349169e-02 1.03003916e-02 6.51024110e-03 3.78375110e-03 1.91208437e-03 7.11649927e-04 4.68851421e-05 -1.56384585e-04 -9.46608514e-05 -5.14124691e-05 -2.54599573e-05 -1.14124028e-05 -4.59907654e-06 -1.65689945e-06 -5.32685880e-07 -1.54819770e-07 -4.37233984e-08 -1.53063231e-08 -9.02072933e-09 -7.83335469e-09 -7.65369701e-09 -7.64428687e-09 -7.65857094e-09 -7.67424602e-09 -7.68829944e-09 -7.70062175e-09 -7.71163045e-09 -7.72173231e-09 -7.73105846e-09 -7.73934677e-09 -7.74602404e-09 -7.75040049e-09 -7.75192960e-09
-7.75192954e-09 -7.75048997e-09 -7.74636022e-09 -7.74004033e-09 -7.73214859e-09 -7.72320574e-09 -7.71343772e-09 -7.70272635e-09 -7.69070718e-09 -7.67702146e-09 -7.66183911e-09 -7.64828201e-09 -7.65969932e-09 -7.85137061e-09 -9.11806025e-09 -1.58544672e-08 -4.64216048e-08 -1.66168302e-07 -5.73617421e-07 -1.78442055e-06 -4.94482553e-06 -1.22341531e-05 -2.71839557e-05 -5.46262929e-05 -1.00017191e-04 -1.64588008e-04 2.40086776e-05 6.56132868e-04 1.80595810e-03 3.61005583e-03 6.25095374e-03 9.94362541e-03 1.49607568e-02 2.15685193e-02 3.00564514e-02 4.06653682e-02 5.37838074e-02 6.94914637e-02 8.79403053e-02 1.09098359e-01 1.32582625e-01 1.58033428e-01 1.85044672e-01 2.12508967e-01 2.39462916e-01 2.64723424e-01 2.87081280e-01 3.05395135e-01 3.18717654e-01 3.26349518e-01 3.27897672e-01 3.23276398e-01 3.12731491e-01 2.96805734e-01 2.76341570e-01 2.52376092e-01 2.26107767e-01 1.98794560e-01 1.71403266e-01 1.45075407e-01 1.20587173e-01 9.81989594e-02 7.83500040e-02 6.12943559e-02 4.69083719e-02 3.50793500e-02 2.55661452e-02 1.80421751e-02 1.22706217e-02 7.94916183e-03 4.81320854e-03 2.61559380e-03 1.15803638e-03 2.82402153e-04 -1.23062776e-04 -1.31006896e-04 -7.47452393e-05 -3.90044722e-05 -1.84754766e-05 -7.88632377e-06 -3.01370017e-06 -1.02628049e-06 -3.12158023e-07 -8.74234305e-08 -2.58265259e-08 -1.12040848e-08 -8.22015700e-09 -7.70900233e-09 -7.64708891e-09 -7.65432817e-09 -7.66955432e-09 -7.68408442e-09 -7.69690744e-09 -7.70821978e-09 -7.71842401e-09 -7.72778674e-09 -7.73625375e-09 -7.74343534e-09 -7.74873632e-09 -7.75156650e-09 -7.75156650e-09 -7.74873599e-09 -7.74343567e-09 -7.73625375e-09 -7.72778691e-09 -7.71842401e-09 -7.70821973e-09 -7.69690733e-09 -7.68408476e-09 -7.66955438e-09 -7.65432828e-09 -7.64708885e-09 -7.70900221e-09 -8.22015700e-09 -1.12040846e-08 -2.58265263e-08 -8.74234303e-08 -3.12158023e-07 -1.02628049e-06 -3.01370017e-06 -7.88632377e-06 -1.84754766e-05 -3.90044722e-05 -7.47452393e-05 -1.31006896e-04 -1.23062776e-04 2.82402153e-04 1.15803638e-03 2.61559380e-03 4.81320854e-03 7.94916183e-03 1.22706217e-02 1.80421751e-02 2.55661452e-02 3.50793500e-02 4.69083719e-02 6.12943559e-02 7.83500040e-02 9.81989594e-02 1.20587173e-01 1.45075407e-01 1.71403266e-01 1.98794560e-01 2.26107767e-01 2.52376092e-01 2.76341570e-01 2.96805734e-01 3.12731491e-01 3.23276398e-01 3.27897672e-01 3.26349518e-01 3.18717654e-01 3.05395135e-01 2.87081280e-01 2.64723424e-01 2.39462916e-01 2.12508967e-01 1.85044672e-01 1.58033428e-01 1.32582625e-01 1.09098359e-01 8.79403053e-02 6.94914637e-02 5.37838074e-02 4.06653682e-02 3.00564514e-02 2.15685193e-02 1.49607568e-02 9.94362541e-03 6.25095374e-03 3.61005583e-03 1.80595810e-03 6.56132868e-04 2.40086776e-05 -1.64588008e-04 -1.00017191e-04 -5.46262929e-05 -2.71839557e-05 -1.22341531e-05 -4.94482553e-06 -1.78442055e-06 -5.73617421e-07 -1.66168302e-07 -4.64216046e-08 -1.58544671e-08 -9.11806003e-09 -7.85137055e-09 -7.65969926e-09 -7.64828217e-09 -7.66183922e-09 -7.67702146e-09 -7.69070740e-09 -7.70272623e-09 -7.71343800e-09 -7.72320596e-09 -7.73214864e-09 -7.74004044e-09 -7.74636033e-09 -7.75048997e-09 -7.75192938e-09
-7.75192943e-09 -7.75057202e-09 -7.74667119e-09 -7.74067788e-09 -7.73315567e-09 -7.72456737e-09 -7.71511660e-09 -7.70469311e-09 -7.69297137e-09 -7.67964797e-09 -7.66494102e-09 -7.65209240e-09 -7.66553820e-09 -7.86979498e-09 -9.22059984e-09 -1.64376887e-08 -4.93034671e-08 -1.78304093e-07 -6.17359724e-07 -1.92038078e-06 -5.31201559e-06 -1.31021419e-05 -2.89924642e-05 -5.79696960e-05 -1.05535140e-04 -1.72890211e-04 1.34185175e-06 6.01665567e-04 1.70226344e-03 3.43980238e-03 5.99729906e-03 9.59328134e-03 1.44908031e-02 2.09739306e-02 2.93136001e-02 3.98115369e-02 5.27825449e-02 6.83770495e-02 8.67761123e-02 1.07840457e-01 1.31271291e-01 1.56918786e-01 1.83996530e-01 2.11593286e-01 2.38710638e-01 2.64098390e-01 2.86558468e-01 3.04994532e-01 3.18737642e-01 3.26664907e-01 3.28273473e-01 3.23471709e-01 3.12537516e-01 2.96340153e-01 2.75767498e-01 2.51690824e-01 2.25291335e-01 1.97761925e-01 1.70342455e-01 1.43835134e-01 1.19271265e-01 9.70077872e-02 7.72374418e-02 6.02381105e-02 4.59858734e-02 3.42599022e-02 2.48956859e-02 1.75141656e-02 1.18628240e-02 7.64675894e-03 4.60393739e-03 2.48060467e-03 1.08056314e-03 2.45821236e-04 -1.36423497e-04 -1.37812041e-04 -7.91002386e-05 -4.14994956e-05 -1.97477641e-05 -8.46009822e-06 -3.24098936e-06 -1.10480209e-06 -3.35639949e-07 -9.34559622e-08 -2.71489871e-08 -1.14520043e-08 -8.26246582e-09 -7.71829350e-09 -7.65155161e-09 -7.65773855e-09 -7.67240171e-09 -7.68651792e-09 -7.69901698e-09 -7.71004477e-09 -7.71995101e-09 -7.72897518e-09 -7.73707420e-09 -7.74390146e-09 -7.74891618e-09 -7.75158732e-09 -7.75158709e-09 -7.74891606e-09 -7.74390163e-09 -7.73707420e-09 -7.72897513e-09 -7.71995096e-09 -7.71004471e-09 -7.69901709e-09 -7.68651776e-09 -7.67240166e-09 -7.65773844e-09 -7.65155145e-09 -7.71829339e-09 -8.26246582e-09 -1.14520045e-08 -2.71489872e-08 -9.34559621e-08 -3.35639949e-07 -1.10480209e-06 -3.24098936e-06 -8.46009822e-06 -1.97477641e-05 -4.14994956e-05 -7.91002386e-05 -1.37812041e-04 -1.36423497e-04 2.45821236e-04 1.08056314e-03 2.48060467e-03 4.60393739e-03 7.64675894e-03 1.18628240e-02 1.75141656e-02 2.48956859e-02 3.42599022e-02 4.59858734e-02 6.02381105e-02 7.72374418e-02 9.70077872e-02 1.19271265e-01 1.43835134e-01 1.70342455e-01 1.97761925e-01 2.25291335e-01 2.51690824e-01 2.75767498e-01 2.96340153e-01 3.12537516e-01 3.23471709e-01 3.28273473e-01 3.26664907e-01 3.18737642e-01 3.04994532e-01 2.86558468e-01 2.64098390e-01 2.38710638e-01 2.11593286e-01 1.83996530e-01 1.56918786e-01 1.31271291e-01 1.07840457e-01 8.67761123e-02 6.83770495e-02 5.27825449e-02 3.98115369e-02 2.93136001e-02 2.09739306e-02 1.44908031e-02 9.59328134e-03 5.99729906e-03 3.43980238e-03 1.70226344e-03 6.01665567e-04 1.34185175e-06 -1.72890211e-04 -1.05535140e-04 -5.79696960e-05 -2.89924642e-05 -1.31021419e-05 -5.31201559e-06 -1.92038078e-06 -6.17359724e-07 -1.78304093e-07 -4.93034668e-08 -1.64376887e-08 -9.22059978e-09 -7.86979493e-09 -7.66553798e-09 -7.65209246e-09 -7.66494102e-09 -7.67964786e-09 -7.69297137e-09 -7.70469311e-09 -7.71511677e-09 -7.72456726e-09 -7.73315573e-09 -7.74067782e-09 -7.74667114e-09 -7.75057196e-09 -7.75192938e-09
-7.75192932e-09 -7.75064712e-09 -7.74695641e-09 -7.74126724e-09 -7.73408537e-09 -7.72583014e-09 -7.71667952e-09 -7.70653275e-09 -7.69510139e-09 -7.68213348e-09 -7.66789227e-09 -7.65573038e-09 -7.67122960e-09 -7.88867893e-09 -9.32868782e-09 -1.70581504e-08 -5.23803418e-08 -1.91274983e-07 -6.64074776e-07 -2.06522086e-06 -5.70159694e-06 -1.40179182e-05 -3.08870797e-05 -6.14424705e-05 -1.11209221e-04 -1.81350570e-04 -2.08802570e-05 5.48733543e-04 1.60082613e-03 3.27412715e-03 5.74904208e-03 9.24813740e-03 1.40313281e-02 2.03842302e-02 2.85718507e-02 3.89647922e-02 5.17922183e-02 6.72980851e-02 8.56023395e-02 1.06526245e-01 1.30032954e-01 1.55750584e-01 1.82879985e-01 2.10614923e-01 2.37804653e-01 2.63295630e-01 2.86321539e-01 3.05392714e-01 3.19314001e-01 3.27313271e-01 3.28935360e-01 3.24091066e-01 3.13051044e-01 2.96444458e-01 2.75165304e-01 2.50836894e-01 2.24354680e-01 1.96730698e-01 1.69159525e-01 1.42679709e-01 1.17961680e-01 9.57551576e-02 7.61105946e-02 5.91815095e-02 4.50584880e-02 3.34729521e-02 2.42326433e-02 1.69983211e-02 1.14635103e-02 7.35464260e-03 4.39954028e-03 2.34922589e-03 1.00541385e-03 2.09876905e-04 -1.49679619e-04 -1.44770398e-04 -8.36019295e-05 -4.41026444e-05 -2.10855999e-05 -9.06727309e-06 -3.48267743e-06 -1.18857311e-06 -3.60733205e-07 -9.99017947e-08 -2.85589797e-08 -1.17148471e-08 -8.30660868e-09 -7.72757769e-09 -7.65583752e-09 -7.66098551e-09 -7.67510328e-09 -7.68881570e-09 -7.70099795e-09 -7.71174602e-09 -7.72136688e-09 -7.73007330e-09 -7.73783193e-09 -7.74433018e-09 -7.74908232e-09 -7.75160647e-09 -7.75160647e-09 -7.74908238e-09 -7.74433040e-09 -7.73783171e-09 -7.73007314e-09 -7.72136677e-09 -7.71174608e-09 -7.70099817e-09 -7.68881570e-09 -7.67510322e-09 -7.66098573e-09 -7.65583752e-09 -7.72757791e-09 -8.30660851e-09 -1.17148469e-08 -2.85589797e-08 -9.99017945e-08 -3.60733205e-07 -1.18857311e-06 -3.48267743e-06 -9.06727309e-06 -2.10855999e-05 -4.41026444e-05 -8.36019295e-05 -1.44770398e-04 -1.49679619e-04 2.09876905e-04 1.00541385e-03 2.34922589e-03 4.39954028e-03 7.35464260e-03 1.14635103e-02 1.69983211e-02 2.42326433e-02 3.34729521e-02 4.50584880e-02 5.91815095e-02 7.61105946e-02 9.57551576e-02 1.17961680e-01 1.42679709e-01 1.69159525e-01 1.96730698e-01 2.24354680e-01 2.50836894e-01 2.75165304e-01 2.96444458e-01 3.13051044e-01 3.24091066e-01 3.28935360e-01 3.27313271e-01 3.19314001e-01 3.05392714e-01 2.86321539e-01 2.63295630e-01 2.37804653e-01 2.10614923e-01 1.82879985e-01 1.55750584e-01 1.30032954e-01 1.06526245e-01 8.56023395e-02 6.72980851e-02 5.17922183e-02 3.89647922e-02 2.85718507e-02 2.03842302e-02 1.40313281e-02 9.24813740e-03 5.74904208e-03 3.27412715e-03 1.60082613e-03 5.48733543e-04 -2.08802570e-05 -1.81350570e-04 -1.11209221e-04 -6.14424705e-05 -3.08870797e-05 -1.40179182e-05 -5.70159694e-06 -2.06522086e-06 -6.64074776e-07 -1.91274983e-07 -5.23803420e-08 -1.70581507e-08 -9.32868777e-09 -7.88867865e-09 -7.67122954e-09 -7.65573027e-09 -7.66789232e-09 -7.68213337e-09 -7.69510128e-09 -7.70653275e-09 -7.71667974e-09 -7.72583003e-09 -7.73408515e-09 -7.74126713e-09 -7.74695624e-09 -7.75064724e-09 -7.75192943e-09
-7.75192965e-09 -7.75071685e-09 -7.74722009e-09 -7.74181008e-09 -7.73494591e-09 -7.72700071e-09 -7.71813380e-09 -7.70825637e-09 -7.69711223e-09 -7.68449138e-09 -7.67070202e-09 -7.65920638e-09 -7.67678993e-09 -7.90807592e-09 -9.44267370e-09 -1.77181309e-08 -5.56641878e-08 -2.05131174e-07 -7.13931425e-07 -2.21939515e-06 -6.11453202e-06 -1.49830011e-05 -3.28692290e-05 -6.50439589e-05 -1.17033137e-04 -1.89895394e-04 -4.28629863e-05 4.96472060e-04 1.50237932e-03 3.11359165e-03 5.50784400e-03 8.91113837e-03 1.35874606e-02 1.98036761e-02 2.78599354e-02 3.81134639e-02 5.08019218e-02 6.62136639e-02 8.43785796e-02 1.05231493e-01 1.28820477e-01 1.54497705e-01 1.81722891e-01 2.09504718e-01 2.36774112e-01 2.63045047e-01 2.86411491e-01 3.05615334e-01 3.19646668e-01 3.27706895e-01 3.29341730e-01 3.24460436e-01 3.13335248e-01 2.96600341e-01 2.75176124e-01 2.50182903e-01 2.23263522e-01 1.95605683e-01 1.67979864e-01 1.41432216e-01 1.16725175e-01 9.44575886e-02 7.49689547e-02 5.81654413e-02 4.41345281e-02 3.27041459e-02 2.35751734e-02 1.64864162e-02 1.10713551e-02 7.06812793e-03 4.20104177e-03 2.22108507e-03 9.32275167e-04 1.74261834e-04 -1.62858914e-04 -1.51871233e-04 -8.82473593e-05 -4.68146551e-05 -2.24906083e-05 -9.70911111e-06 -3.73944713e-06 -1.27787849e-06 -3.87532429e-07 -1.06786122e-07 -3.00618667e-08 -1.19935225e-08 -8.35271946e-09 -7.73687830e-09 -7.65995911e-09 -7.66408070e-09 -7.67767305e-09 -7.69098912e-09 -7.70285924e-09 -7.71333575e-09 -7.72268305e-09 -7.73109093e-09 -7.73853231e-09 -7.74472586e-09 -7.74923459e-09 -7.75162334e-09 -7.75162357e-09 -7.74923459e-09 -7.74472586e-09 -7.73853220e-09 -7.73109099e-09 -7.72268333e-09 -7.71333564e-09 -7.70285907e-09 -7.69098929e-09 -7.67767322e-09 -7.66408065e-09 -7.65995911e-09 -7.73687825e-09 -8.35271952e-09 -1.19935226e-08 -3.00618667e-08 -1.06786122e-07 -3.87532429e-07 -1.27787849e-06 -3.73944713e-06 -9.70911111e-06 -2.24906083e-05 -4.68146551e-05 -8.82473593e-05 -1.51871233e-04 -1.62858914e-04 1.74261834e-04 9.32275167e-04 2.22108507e-03 4.20104177e-03 7.06812793e-03 1.10713551e-02 1.64864162e-02 2.35751734e-02 3.27041459e-02 4.41345281e-02 5.81654413e-02 7.49689547e-02 9.44575886e-02 1.16725175e-01 1.41432216e-01 1.67979864e-01 1.95605683e-01 2.23263522e-01 2.50182903e-01 2.75176124e-01 2.96600341e-01 3.13335248e-01 3.24460436e-01 3.29341730e-01 3.27706895e-01 3.19646668e-01 3.05615334e-01 2.86411491e-01 2.63045047e-01 2.36774112e-01 2.09504718e-01 1.81722891e-01 1.54497705e-01 1.28820477e-01 1.05231493e-01 8.43785796e-02 6.62136639e-02 5.08019218e-02 3.81134639e-02 2.78599354e-02 1.98036761e-02 1.35874606e-02 8.91113837e-03 5.50784400e-03 3.11359165e-03 1.50237932e-03 4.96472060e-04 -4.28629863e-05 -1.89895394e-04 -1.17033137e-04 -6.50439589e-05 -3.28692290e-05 -1.49830011e-05 -6.11453202e-06 -2.21939515e-06 -7.13931425e-07 -2.05131174e-07 -5.56641876e-08 -1.77181308e-08 -9.44267364e-09 -7.90807569e-09 -7.67679004e-09 -7.65920616e-09 -7.67070196e-09 -7.68449149e-09 -7.69711239e-09 -7.70825642e-09 -7.71813391e-09 -7.72700054e-09 -7.73494591e-09 -7.74181014e-09 -7.74722014e-09 -7.75071674e-09 -7.75192943e-09
-7.75192971e-09 -7.75078041e-09 -7.74746434e-09 -7.74231268e-09 -7.73574127e-09 -7.72808717e-09 -7.71949182e-09 -7.70987368e-09 -7.69900987e-09 -7.68673236e-09 -7.67337871e-09 -7.66253122e-09 -7.68223268e-09 -7.92804150e-09 -9.56292234e-09 -1.84200205e-08 -5.91675854e-08 -2.19925294e-07 -7.67105483e-07 -2.38337138e-06 -6.55179327e-06 -1.59988716e-05 -3.49401535e-05 -6.87730355e-05 -1.22999776e-04 -1.98533321e-04 -6.47093711e-05 4.44776643e-04 1.40625914e-03 2.95698939e-03 5.27366702e-03 8.58362328e-03 1.31506603e-02 1.92285803e-02 2.71659534e-02 3.72646963e-02 4.98452304e-02 6.51250121e-02 8.31203402e-02 1.04008497e-01 1.27522177e-01 1.53244540e-01 1.80458085e-01 2.08291715e-01 2.36345674e-01 2.62790346e-01 2.86281295e-01 3.05640177e-01 3.19796167e-01 3.27928506e-01 3.29578037e-01 3.24652582e-01 3.13430284e-01 2.96540990e-01 2.74985516e-01 2.49853322e-01 2.22429321e-01 1.94350737e-01 1.66729534e-01 1.40147380e-01 1.15478607e-01 9.31897642e-02 7.37872494e-02 5.71436614e-02 4.32170551e-02 3.19337303e-02 2.29353139e-02 1.59808417e-02 1.06933978e-02 6.78829536e-03 4.00784219e-03 2.09680694e-03 8.61099944e-04 1.39323730e-04 -1.75979234e-04 -1.59102859e-04 -9.30329293e-05 -4.96359533e-05 -2.39643179e-05 -1.03868698e-05 -4.01199560e-06 -1.37301347e-06 -4.16136551e-07 -1.14135417e-07 -3.16632959e-08 -1.22889953e-08 -8.40093606e-09 -7.74622011e-09 -7.66392860e-09 -7.66703245e-09 -7.68011610e-09 -7.69304859e-09 -7.70461200e-09 -7.71482223e-09 -7.72390740e-09 -7.73203479e-09 -7.73917924e-09 -7.74509207e-09 -7.74937542e-09 -7.75164044e-09 -7.75164033e-09 -7.74937536e-09 -7.74509185e-09 -7.73917913e-09 -7.73203473e-09 -7.72390740e-09 -7.71482211e-09 -7.70461195e-09 -7.69304859e-09 -7.68011621e-09 -7.66703240e-09 -7.66392849e-09 -7.74622011e-09 -8.40093595e-09 -1.22889952e-08 -3.16632960e-08 -1.14135417e-07 -4.16136552e-07 -1.37301347e-06 -4.01199560e-06 -1.03868698e-05 -2.39643179e-05 -4.96359533e-05 -9.30329293e-05 -1.59102859e-04 -1.75979234e-04 1.39323730e-04 8.61099944e-04 2.09680694e-03 4.00784219e-03 6.78829536e-03 1.06933978e-02 1.59808417e-02 2.29353139e-02 3.19337303e-02 4.32170551e-02 5.71436614e-02 7.37872494e-02 9.31897642e-02 1.15478607e-01 1.40147380e-01 1.66729534e-01 1.94350737e-01 2.22429321e-01 2.49853322e-01 2.74985516e-01 2.96540990e-01 3.13430284e-01 3.24652582e-01 3.29578037e-01 3.27928506e-01 3.19796167e-01 3.05640177e-01 2.86281295e-01 2.62790346e-01 2.36345674e-01 2.08291715e-01 1.80458085e-01 1.53244540e-01 1.27522177e-01 1.04008497e-01 8.31203402e-02 6.51250121e-02 4.98452304e-02 3.72646963e-02 2.71659534e-02 1.92285803e-02 1.31506603e-02 8.58362328e-03 5.27366702e-03 2.95698939e-03 1.40625914e-03 4.44776643e-04 -6.47093711e-05 -1.98533321e-04 -1.22999776e-04 -6.87730355e-05 -3.49401535e-05 -1.59988716e-05 -6.55179327e-06 -2.38337138e-06 -7.67105483e-07 -2.19925294e-07 -5.91675856e-08 -1.84200204e-08 -9.56292251e-09 -7.92804145e-09 -7.68223274e-09 -7.66253139e-09 -7.67337865e-09 -7.68673242e-09 -7.69900987e-09 -7.70987374e-09 -7.71949199e-09 -7.72808717e-09 -7.73574094e-09 -7.74231257e-09 -7.74746411e-09 -7.75078057e-09 -7.75192965e-09
-7.75192954e-09 -7.75084003e-09 -7.74768805e-09 -7.74277631e-09 -7.73647857e-09 -7.72909808e-09 -7.72076114e-09 -7.71139541e-09 -7.70080566e-09 -7.68886255e-09 -7.67593172e-09 -7.66571201e-09 -7.68757585e-09 -7.94862742e-09 -9.68982256e-09 -1.91663378e-08 -6.29037716e-08 -2.35712486e-07 -8.23779807e-07 -2.55763029e-06 -7.01436053e-06 -1.70669653e-05 -3.71008938e-05 -7.26280890e-05 -1.29101207e-04 -2.07271128e-04 -8.62756051e-05 3.94983895e-04 1.31248919e-03 2.80615983e-03 5.04624991e-03 8.26458207e-03 1.27158088e-02 1.86666983e-02 2.64769742e-02 3.64321858e-02 4.88854044e-02 6.40033049e-02 8.18998549e-02 1.02761518e-01 1.26221876e-01 1.51914699e-01 1.79095303e-01 2.07590423e-01 2.35770718e-01 2.62333521e-01 2.85995250e-01 3.05522258e-01 3.19877258e-01 3.28132067e-01 3.29807514e-01 3.24805333e-01 3.13417888e-01 2.96338440e-01 2.74612957e-01 2.49336739e-01 2.21801502e-01 1.93287110e-01 1.65370551e-01 1.38831612e-01 1.14162951e-01 9.19904831e-02 7.25844052e-02 5.61162025e-02 4.23308221e-02 3.11669404e-02 2.23193673e-02 1.54841883e-02 1.03232418e-02 6.51744873e-03 3.81926085e-03 1.97713062e-03 7.91832450e-04 1.05557603e-04 -1.89017224e-04 -1.66452668e-04 -9.79543849e-05 -5.25666359e-05 -2.55081501e-05 -1.11017969e-05 -4.30103324e-06 -1.47428350e-06 -4.46648891e-07 -1.21977479e-07 -3.33692124e-08 -1.26022709e-08 -8.45140047e-09 -7.75563003e-09 -7.66775593e-09 -7.66985198e-09 -7.68244451e-09 -7.69500080e-09 -7.70626502e-09 -7.71621811e-09 -7.72504993e-09 -7.73291087e-09 -7.73977860e-09 -7.74542930e-09 -7.74950648e-09 -7.75165537e-09 -7.75165521e-09 -7.74950665e-09 -7.74542924e-09 -7.73977860e-09 -7.73291087e-09 -7.72505010e-09 -7.71621789e-09 -7.70626513e-09 -7.69500097e-09 -7.68244446e-09 -7.66985203e-09 -7.66775604e-09 -7.75563014e-09 -8.45140036e-09 -1.26022708e-08 -3.33692124e-08 -1.21977479e-07 -4.46648892e-07 -1.47428350e-06 -4.30103324e-06 -1.11017969e-05 -2.55081501e-05 -5.25666359e-05 -9.79543849e-05 -1.66452668e-04 -1.89017224e-04 1.05557603e-04 7.91832450e-04 1.97713062e-03 3.81926085e-03 6.51744873e-03 1.03232418e-02 1.54841883e-02 2.23193673e-02 3.11669404e-02 4.23308221e-02 5.61162025e-02 7.25844052e-02 9.19904831e-02 1.14162951e-01 1.38831612e-01 1.65370551e-01 1.93287110e-01 2.21801502e-01 2.49336739e-01 2.74612957e-01 2.96338440e-01 3.13417888e-01 3.24805333e-01 3.29807514e-01 3.28132067e-01 3.19877258e-01 3.05522258e-01 2.85995250e-01 2.62333521e-01 2.35770718e-01 2.07590423e-01 1.79095303e-01 1.51914699e-01 1.26221876e-01 1.02761518e-01 8.18998549e-02 6.40033049e-02 4.88854044e-02 3.64321858e-02 2.64769742e-02 1.86666983e-02 1.27158088e-02 8.26458207e-03 5.04624991e-03 2.80615983e-03 1.31248919e-03 3.94983895e-04 -8.62756051e-05 -2.07271128e-04 -1.29101207e-04 -7.26280890e-05 -3.71008938e-05 -1.70669653e-05 -7.01436053e-06 -2.55763029e-06 -8.23779807e-07 -2.35712486e-07 -6.29037720e-08 -1.91663377e-08 -9.68982256e-09 -7.94862759e-09 -7.68757591e-09 -7.66571195e-09 -7.67593178e-09 -7.68886244e-09 -7.70080588e-09 -7.71139547e-09 -7.72076120e-09 -7.72909792e-09 -7.73647840e-09 -7.74277625e-09 -7.74768816e-09 -7.75083986e-09 -7.75192938e-09
-7.75192938e-09 -7.75089404e-09 -7.74789544e-09 -7.74320574e-09 -7.73716369e-09 -7.73003972e-09 -7.72194825e-09 -7.71282505e-09 -7.70250697e-09 -7.69088859e-09 -7.67836894e-09 -7.66876074e-09 -7.69282926e-09 -7.96989114e-09 -9.82377180e-09 -1.99597303e-08 -6.68866497e-08 -2.52550481e-07 -8.84144382e-07 -2.74266511e-06 -7.50321836e-06 -1.81886638e-05 -3.93522738e-05 -7.66070079e-05 -1.35328700e-04 -2.16096122e-04 -1.07361755e-04 3.46368495e-04 1.22218354e-03 2.65937668e-03 4.82427518e-03 7.95495806e-03 1.22910289e-02 1.81227788e-02 2.57910206e-02 3.56217681e-02 4.79300633e-02 6.28680409e-02 8.07346469e-02 1.01459662e-01 1.24883099e-01 1.50494506e-01 1.78135190e-01 2.06754575e-01 2.35036808e-01 2.61747353e-01 2.85689083e-01 3.05464805e-01 3.19926608e-01 3.28242131e-01 3.29930540e-01 3.24890697e-01 3.13420305e-01 2.96177907e-01 2.74148723e-01 2.48681316e-01 2.21006496e-01 1.92419401e-01 1.64058185e-01 1.37442485e-01 1.12853391e-01 9.07553545e-02 7.14142011e-02 5.50662660e-02 4.14479771e-02 3.04116617e-02 2.17115980e-02 1.49961510e-02 9.95713944e-03 6.25359582e-03 3.63640929e-03 1.86130358e-03 7.24529683e-04 7.31370720e-05 -2.02014913e-04 -1.73907169e-04 -1.03006809e-04 -5.56064539e-05 -2.71234070e-05 -1.18551250e-05 -4.60728245e-06 -1.58200419e-06 -4.79177263e-07 -1.30341481e-07 -3.51858652e-08 -1.29344089e-08 -8.50425952e-09 -7.76512932e-09 -7.67145403e-09 -7.67254538e-09 -7.68466379e-09 -7.69685637e-09 -7.70782616e-09 -7.71752606e-09 -7.72611480e-09 -7.73372499e-09 -7.74033349e-09 -7.74574116e-09 -7.74962666e-09 -7.75166870e-09 -7.75166897e-09 -7.74962688e-09 -7.74574110e-09 -7.74033371e-09 -7.73372510e-09 -7.72611491e-09 -7.71752606e-09 -7.70782604e-09 -7.69685637e-09 -7.68466363e-09 -7.67254554e-09 -7.67145381e-09 -7.76512910e-09 -8.50425941e-09 -1.29344090e-08 -3.51858652e-08 -1.30341481e-07 -4.79177263e-07 -1.58200419e-06 -4.60728245e-06 -1.18551250e-05 -2.71234070e-05 -5.56064539e-05 -1.03006809e-04 -1.73907169e-04 -2.02014913e-04 7.31370720e-05 7.24529683e-04 1.86130358e-03 3.63640929e-03 6.25359582e-03 9.95713944e-03 1.49961510e-02 2.17115980e-02 3.04116617e-02 4.14479771e-02 5.50662660e-02 7.14142011e-02 9.07553545e-02 1.12853391e-01 1.37442485e-01 1.64058185e-01 1.92419401e-01 2.21006496e-01 2.48681316e-01 2.74148723e-01 2.96177907e-01 3.13420305e-01 3.24890697e-01 3.29930540e-01 3.28242131e-01 3.19926608e-01 3.05464805e-01 2.85689083e-01 2.61747353e-01 2.35036808e-01 2.06754575e-01 1.78135190e-01 1.50494506e-01 1.24883099e-01 1.01459662e-01 8.07346469e-02 6.28680409e-02 4.79300633e-02 3.56217681e-02 2.57910206e-02 1.81227788e-02 1.22910289e-02 7.95495806e-03 4.82427518e-03 2.65937668e-03 1.22218354e-03 3.46368495e-04 -1.07361755e-04 -2.16096122e-04 -1.35328700e-04 -7.66070079e-05 -3.93522738e-05 -1.81886638e-05 -7.50321836e-06 -2.74266511e-06 -8.84144382e-07 -2.52550481e-07 -6.68866497e-08 -1.99597305e-08 -9.82377169e-09 -7.96989119e-09 -7.69282915e-09 -7.66876057e-09 -7.67836905e-09 -7.69088832e-09 -7.70250708e-09 -7.71282505e-09 -7.72194791e-09 -7.73003966e-09 -7.73716347e-09 -7.74320585e-09 -7.74789538e-09 -7.75089415e-09 -7.75192943e-09
-7.75192949e-09 -7.75094522e-09 -7.74808784e-09 -7.74360448e-09 -7.73779929e-09 -7.73091730e-09 -7.72306208e-09 -7.71417796e-09 -7.70412095e-09 -7.69282116e-09 -7.68069602e-09 -7.67168240e-09 -7.69800723e-09 -7.99188921e-09 -9.96519312e-09 -2.08029841e-08 -7.11308335e-08 -2.70499670e-07 -9.48396376e-07 -2.93898114e-06 -8.01935313e-06 -1.93652865e-05 -4.16948868e-05 -8.07071678e-05 -1.41672734e-04 -2.24929588e-04 -1.27946029e-04 2.99969831e-04 1.13606480e-03 2.51604492e-03 4.61098349e-03 7.65171384e-03 1.18741074e-02 1.75917193e-02 2.51173359e-02 3.48161387e-02 4.69577924e-02 6.17626702e-02 7.95373341e-02 1.00165235e-01 1.23475649e-01 1.49267945e-01 1.77120752e-01 2.05788798e-01 2.34204113e-01 2.61208139e-01 2.85317443e-01 3.05245758e-01 3.19837951e-01 3.28280448e-01 3.30004167e-01 3.24861446e-01 3.13269889e-01 2.95880397e-01 2.73710248e-01 2.47987117e-01 2.20099721e-01 1.91413231e-01 1.63023952e-01 1.35985636e-01 1.11508482e-01 8.94838474e-02 7.02934606e-02 5.40017617e-02 4.05769111e-02 2.96756109e-02 2.11068775e-02 1.45229648e-02 9.59821898e-03 5.99842817e-03 3.45960886e-03 1.74935225e-03 6.59949983e-04 4.18068508e-05 -2.14868898e-04 -1.81452033e-04 -1.08184619e-04 -5.87547970e-05 -2.88112599e-05 -1.26480669e-05 -4.93147626e-06 -1.69650121e-06 -5.13834056e-07 -1.39258019e-07 -3.71198288e-08 -1.32865179e-08 -8.55966864e-09 -7.77474413e-09 -7.67502761e-09 -7.67512165e-09 -7.68678154e-09 -7.69862163e-09 -7.70930297e-09 -7.71875625e-09 -7.72711145e-09 -7.73448200e-09 -7.74084841e-09 -7.74602976e-09 -7.74973774e-09 -7.75168163e-09 -7.75168157e-09 -7.74973768e-09 -7.74602971e-09 -7.74084852e-09 -7.73448217e-09 -7.72711140e-09 -7.71875625e-09 -7.70930308e-09 -7.69862180e-09 -7.68678177e-09 -7.67512165e-09 -7.67502772e-09 -7.77474418e-09 -8.55966864e-09 -1.32865179e-08 -3.71198289e-08 -1.39258019e-07 -5.13834056e-07 -1.69650121e-06 -4.93147626e-06 -1.26480669e-05 -2.88112599e-05 -5.87547970e-05 -1.08184619e-04 -1.81452033e-04 -2.14868898e-04 4.18068508e-05 6.59949983e-04 1.74935225e-03 3.45960886e-03 5.99842817e-03 9.59821898e-03 1.45229648e-02 2.11068775e-02 2.96756109e-02 4.05769111e-02 5.40017617e-02 7.02934606e-02 8.94838474e-02 1.11508482e-01 1.35985636e-01 1.63023952e-01 1.91413231e-01 2.20099721e-01 2.47987117e-01 2.73710248e-01 2.95880397e-01 3.13269889e-01 3.24861446e-01 3.30004167e-01 3.28280448e-01 3.19837951e-01 3.05245758e-01 2.85317443e-01 2.61208139e-01 2.34204113e-01 2.05788798e-01 1.77120752e-01 1.49267945e-01 1.23475649e-01 1.00165235e-01 7.95373341e-02 6.17626702e-02 4.69577924e-02 3.48161387e-02 2.51173359e-02 1.75917193e-02 1.18741074e-02 7.65171384e-03 4.61098349e-03 2.51604492e-03 1.13606480e-03 2.99969831e-04 -1.27946029e-04 -2.24929588e-04 -1.41672734e-04 -8.07071678e-05 -4.16948868e-05 -1.93652865e-05 -8.01935313e-06 -2.93898114e-06 -9.48396376e-07 -2.70499670e-07 -7.11308333e-08 -2.08029841e-08 -9.96519306e-09 -7.99188926e-09 -7.69800701e-09 -7.67168240e-09 -7.68069619e-09 -7.69282088e-09 -7.70412090e-09 -7.71417791e-09 -7.72306202e-09 -7.73091735e-09 -7.73779940e-09 -7.74360448e-09 -7.74808795e-09 -7.75094522e-09 -7.75192965e-09
-7.75192932e-09 -7.75099196e-09 -7.74826614e-09 -7.74397385e-09 -7.73839071e-09 -7.73173869e-09 -7.72410857e-09 -7.71545267e-09 -7.70565456e-09 -7.69466368e-09 -7.68292124e-09 -7.67448843e-09 -7.70312392e-09 -8.01468020e-09 -1.01145249e-08 -2.16990238e-08 -7.56516636e-08 -2.89623177e-07 -1.01674018e-06 -3.14709506e-06 -8.56374990e-06 -2.05980824e-05 -4.41290802e-05 -8.49254214e-05 -1.48123025e-04 -2.33777338e-04 -1.47805193e-04 2.55332692e-04 1.05298499e-03 2.37752867e-03 4.40435100e-03 7.35427232e-03 1.14688046e-02 1.70679302e-02 2.44574233e-02 3.40212038e-02 4.59781038e-02 6.07028915e-02 7.83136689e-02 9.88322397e-02 1.22051049e-01 1.48142023e-01 1.75988499e-01 2.04733290e-01 2.33409385e-01 2.60545580e-01 2.84842477e-01 3.05131573e-01 3.19986061e-01 3.28536247e-01 3.30271683e-01 3.25090771e-01 3.13300422e-01 2.95597391e-01 2.73138328e-01 2.47245018e-01 2.19173910e-01 1.90314535e-01 1.61890194e-01 1.34821359e-01 1.10102663e-01 8.82190427e-02 6.91472821e-02 5.29686823e-02 3.96901288e-02 2.89494968e-02 2.05135342e-02 1.40643889e-02 9.24784559e-03 5.75065236e-03 3.28819441e-03 1.64104019e-03 5.97437488e-04 1.12324658e-05 -2.27610851e-04 -1.89072144e-04 -1.13481569e-04 -6.20106790e-05 -3.05727370e-05 -1.34818094e-05 -5.27435676e-06 -1.81811017e-06 -5.50736326e-07 -1.48759160e-07 -3.91780099e-08 -1.36597653e-08 -8.61778532e-09 -7.78449888e-09 -7.67849007e-09 -7.67758657e-09 -7.68880470e-09 -7.70030162e-09 -7.71070380e-09 -7.71991548e-09 -7.72804548e-09 -7.73519027e-09 -7.74132780e-09 -7.74629788e-09 -7.74984055e-09 -7.75169373e-09 -7.75169390e-09 -7.74984077e-09 -7.74629783e-09 -7.74132786e-09 -7.73519027e-09 -7.72804531e-09 -7.71991526e-09 -7.71070385e-09 -7.70030140e-09 -7.68880459e-09 -7.67758662e-09 -7.67849023e-09 -7.78449905e-09 -8.61778526e-09 -1.36597652e-08 -3.91780100e-08 -1.48759160e-07 -5.50736326e-07 -1.81811017e-06 -5.27435676e-06 -1.34818094e-05 -3.05727370e-05 -6.20106790e-05 -1.13481569e-04 -1.89072144e-04 -2.27610851e-04 1.12324658e-05 5.97437488e-04 1.64104019e-03 3.28819441e-03 5.75065236e-03 9.24784559e-03 1.40643889e-02 2.05135342e-02 2.89494968e-02 3.96901288e-02 5.29686823e-02 6.91472821e-02 8.82190427e-02 1.10102663e-01 1.34821359e-01 1.61890194e-01 1.90314535e-01 2.19173910e-01 2.47245018e-01 2.73138328e-01 2.95597391e-01 3.13300422e-01 3.25090771e-01 3.30271683e-01 3.28536247e-01 3.19986061e-01 3.05131573e-01 2.84842477e-01 2.60545580e-01 2.33409385e-01 2.04733290e-01 1.75988499e-01 1.48142023e-01 1.22051049e-01 9.88322397e-02 7.83136689e-02 6.07028915e-02 4.59781038e-02 3.40212038e-02 2.44574233e-02 1.70679302e-02 1.14688046e-02 7.35427232e-03 4.40435100e-03 2.37752867e-03 1.05298499e-03 2.55332692e-04 -1.47805193e-04 -2.33777338e-04 -1.48123025e-04 -8.49254214e-05 -4.41290802e-05 -2.05980824e-05 -8.56374990e-06 -3.14709506e-06 -1.01674018e-06 -2.89623176e-07 -7.56516633e-08 -2.16990238e-08 -1.01145252e-08 -8.01468025e-09 -7.70312397e-09 -7.67448871e-09 -7.68292119e-09 -7.69466380e-09 -7.70565445e-09 -7.71545250e-09 -7.72410863e-09 -7.73173869e-09 -7.73839071e-09 -7.74397391e-09 -7.74826597e-09 -7.75099207e-09 -7.75192938e-09
-7.75192910e-09 -7.75103526e-09 -7.74843056e-09 -7.74431713e-09 -7.73894265e-09 -7.73250564e-09 -7.72509090e-09 -7.71665937e-09 -7.70711328e-09 -7.69642367e-09 -7.68504954e-09 -7.67718322e-09 -7.70819092e-09 -8.03832390e-09 -1.02722238e-08 -2.26509229e-08 -8.04652376e-08 -3.09986924e-07 -1.08938745e-06 -3.36753428e-06 -9.13738915e-06 -2.18882207e-05 -4.66549424e-05 -8.92580912e-05 -1.54668553e-04 -2.42644540e-04 -1.67228798e-04 2.11999405e-04 9.72142022e-04 2.24305535e-03 4.20393634e-03 7.06436188e-03 1.10782225e-02 1.65508902e-02 2.38187913e-02 3.32224808e-02 4.50237257e-02 5.96237322e-02 7.70931997e-02 9.74502864e-02 1.20880659e-01 1.46913255e-01 1.74768040e-01 2.03715361e-01 2.32491180e-01 2.59914628e-01 2.84592816e-01 3.05015009e-01 3.20079776e-01 3.28768737e-01 3.30536691e-01 3.25262139e-01 3.13296081e-01 2.95401145e-01 2.72706739e-01 2.46407793e-01 2.18198681e-01 1.89185981e-01 1.60667803e-01 1.33629996e-01 1.08751372e-01 8.69224957e-02 6.79806890e-02 5.19754846e-02 3.87980969e-02 2.82353371e-02 1.99337421e-02 1.36153288e-02 8.90703914e-03 5.50834844e-03 3.12418805e-03 1.53542680e-03 5.36491843e-04 -1.87053818e-05 -2.40241133e-04 -1.96751662e-04 -1.18890754e-04 -6.53727244e-05 -3.24087119e-05 -1.43575083e-05 -5.63667349e-06 -1.94717640e-06 -5.90005869e-07 -1.58878488e-07 -4.13676652e-08 -1.40553761e-08 -8.67877520e-09 -7.79441700e-09 -7.68184738e-09 -7.67994712e-09 -7.69073838e-09 -7.70190339e-09 -7.71203146e-09 -7.72100883e-09 -7.72892100e-09 -7.73584902e-09 -7.74177350e-09 -7.74654635e-09 -7.74993641e-09 -7.75170400e-09 -7.75170406e-09 -7.74993653e-09 -7.74654629e-09 -7.74177356e-09 -7.73584918e-09 -7.72892084e-09 -7.72100883e-09 -7.71203124e-09 -7.70190345e-09 -7.69073838e-09 -7.67994718e-09 -7.68184727e-09 -7.79441683e-09 -8.67877503e-09 -1.40553760e-08 -4.13676652e-08 -1.58878488e-07 -5.90005869e-07 -1.94717640e-06 -5.63667349e-06 -1.43575083e-05 -3.24087119e-05 -6.53727244e-05 -1.18890754e-04 -1.96751662e-04 -2.40241133e-04 -1.87053818e-05 5.36491843e-04 1.53542680e-03 3.12418805e-03 5.50834844e-03 8.90703914e-03 1.36153288e-02 1.99337421e-02 2.82353371e-02 3.87980969e-02 5.19754846e-02 6.79806890e-02 8.69224957e-02 1.08751372e-01 1.33629996e-01 1.60667803e-01 1.89185981e-01 2.18198681e-01 2.46407793e-01 2.72706739e-01 2.95401145e-01 3.13296081e-01 3.25262139e-01 3.30536691e-01 3.28768737e-01 3.20079776e-01 3.05015009e-01 2.84592816e-01 2.59914628e-01 2.32491180e-01 2.03715361e-01 1.74768040e-01 1.46913255e-01 1.20880659e-01 9.74502864e-02 7.70931997e-02 5.96237322e-02 4.50237257e-02 3.32224808e-02 2.38187913e-02 1.65508902e-02 1.10782225e-02 7.06436188e-03 4.20393634e-03 2.24305535e-03 9.72142022e-04 2.11999405e-04 -1.67228798e-04 -2.42644540e-04 -1.54668553e-04 -8.92580912e-05 -4.66549424e-05 -2.18882207e-05 -9.13738915e-06 -3.36753428e-06 -1.08938745e-06 -3.09986924e-07 -8.04652374e-08 -2.26509230e-08 -1.02722241e-08 -8.03832384e-09 -7.70819075e-09 -7.67718306e-09 -7.68504943e-09 -7.69642372e-09 -7.70711317e-09 -7.71665942e-09 -7.72509073e-09 -7.73250569e-09 -7.73894260e-09 -7.74431713e-09 -7.74843079e-09 -7.75103537e-09 -7.75192910e-09
-7.75192960e-09 -7.75107573e-09 -7.74858377e-09 -7.74463677e-09 -7.73945708e-09 -7.73322584e-09 -7.72601727e-09 -7.71780412e-09 -7.70850228e-09 -7.69810699e-09 -7.68708858e-09 -7.67977454e-09 -7.71322101e-09 -8.06287964e-09 -1.04387766e-08 -2.36619092e-08 -8.55884400e-08 -3.31659722e-07 -1.16655704e-06 -3.60083621e-06 -9.74124326e-06 -2.32367827e-05 -4.92722894e-05 -9.37009658e-05 -1.61297592e-04 -2.51463703e-04 -1.86055167e-04 1.70282783e-04 8.94494617e-04 2.11437604e-03 4.01020737e-03 6.78238155e-03 1.06962113e-02 1.60478968e-02 2.31869467e-02 3.24211567e-02 4.41063706e-02 5.85281993e-02 7.58486225e-02 9.61518252e-02 1.19640015e-01 1.45622569e-01 1.73593560e-01 2.02600339e-01 2.31638161e-01 2.59331577e-01 2.84282955e-01 3.05020152e-01 3.20245717e-01 3.29019223e-01 3.30801678e-01 3.25482179e-01 3.13388722e-01 2.95269319e-01 2.72247679e-01 2.45760290e-01 2.17150108e-01 1.88027858e-01 1.59396428e-01 1.32351430e-01 1.07563588e-01 8.55893168e-02 6.68238396e-02 5.09689280e-02 3.79228735e-02 2.75256540e-02 1.93748930e-02 1.31723282e-02 8.57828876e-03 5.27186693e-03 2.96645557e-03 1.43397619e-03 4.77949255e-04 -4.78870367e-05 -2.52449549e-04 -2.04474087e-04 -1.24404624e-04 -6.88391579e-05 -3.43198922e-05 -1.52762820e-05 -6.01918163e-06 -2.08405473e-06 -6.31769296e-07 -1.69651154e-07 -4.36964141e-08 -1.44746357e-08 -8.74280981e-09 -7.80452170e-09 -7.68510966e-09 -7.68220881e-09 -7.69259001e-09 -7.70343350e-09 -7.71329378e-09 -7.72204167e-09 -7.72974384e-09 -7.73646480e-09 -7.74218756e-09 -7.74677789e-09 -7.75002507e-09 -7.75171460e-09 -7.75171466e-09 -7.75002507e-09 -7.74677777e-09 -7.74218795e-09 -7.73646525e-09 -7.72974401e-09 -7.72204178e-09 -7.71329384e-09 -7.70343322e-09 -7.69258968e-09 -7.68220909e-09 -7.68510966e-09 -7.80452147e-09 -8.74280992e-09 -1.44746358e-08 -4.36964144e-08 -1.69651154e-07 -6.31769296e-07 -2.08405473e-06 -6.01918163e-06 -1.52762820e-05 -3.43198922e-05 -6.88391579e-05 -1.24404624e-04 -2.04474087e-04 -2.52449549e-04 -4.78870367e-05 4.77949255e-04 1.43397619e-03 2.96645557e-03 5.27186693e-03 8.57828876e-03 1.31723282e-02 1.93748930e-02 2.75256540e-02 3.79228735e-02 5.09689280e-02 6.68238396e-02 8.55893168e-02 1.07563588e-01 1.32351430e-01 1.59396428e-01 1.88027858e-01 2.17150108e-01 2.45760290e-01 2.72247679e-01 2.95269319e-01 3.13388722e-01 3.25482179e-01 3.30801678e-01 3.29019223e-01 3.20245717e-01 3.05020152e-01 2.84282955e-01 2.59331577e-01 2.31638161e-01 2.02600339e-01 1.73593560e-01 1.45622569e-01 1.19640015e-01 9.61518252e-02 7.58486225e-02 5.85281993e-02 4.41063706e-02 3.24211567e-02 2.31869467e-02 1.60478968e-02 1.06962113e-02 6.78238155e-03 4.01020737e-03 2.11437604e-03 8.94494617e-04 1.70282783e-04 -1.86055167e-04 -2.51463703e-04 -1.61297592e-04 -9.37009658e-05 -4.92722894e-05 -2.32367827e-05 -9.74124326e-06 -3.60083621e-06 -1.16655704e-06 -3.31659722e-07 -8.55884401e-08 -2.36619093e-08 -1.04387765e-08 -8.06287953e-09 -7.71322078e-09 -7.67977448e-09 -7.68708858e-09 -7.69810687e-09 -7.70850228e-09 -7.71780417e-09 -7.72601755e-09 -7.73322573e-09 -7.73945691e-09 -7.74463693e-09 -7.74858377e-09 -7.75107561e-09 -7.75192960e-09
-7.75192910e-09 -7.75111320e-09 -7.74872622e-09 -7.74493414e-09 -7.73993813e-09 -7.73390096e-09 -7.72689235e-09 -7.71888997e-09 -7.70982822e-09 -7.69971531e-09 -7.68904196e-09 -7.68226793e-09 -7.71822506e-09 -8.08841422e-09 -1.06146852e-08 -2.47353769e-08 -9.10389695e-08 -3.54713307e-07 -1.24847508e-06 -3.84754734e-06 -1.03762729e-05 -2.46447525e-05 -5.19806529e-05 -9.82492981e-05 -1.67997754e-04 -2.60226359e-04 -2.04497474e-04 1.29825905e-04 8.19706072e-04 1.99220097e-03 3.82137479e-03 6.51037055e-03 1.03231962e-02 1.55602522e-02 2.25635654e-02 3.16307331e-02 4.31844369e-02 5.74428934e-02 7.45713811e-02 9.49664941e-02 1.18345426e-01 1.44327008e-01 1.72331779e-01 2.01540556e-01 2.30787642e-01 2.58830276e-01 2.84015181e-01 3.04882788e-01 3.20199406e-01 3.29025681e-01 3.30819032e-01 3.25467411e-01 3.13302757e-01 2.95070136e-01 2.71876719e-01 2.45064567e-01 2.16257716e-01 1.86800183e-01 1.58135377e-01 1.31019405e-01 1.06315955e-01 8.43554495e-02 6.56491587e-02 4.99515997e-02 3.70845884e-02 2.68134695e-02 1.88200912e-02 1.27408647e-02 8.25799344e-03 5.04286053e-03 2.81327148e-03 1.33546394e-03 4.22006306e-04 -7.59414941e-05 -2.64462784e-04 -2.12222332e-04 -1.30014993e-04 -7.24077941e-05 -3.63068077e-05 -1.62392057e-05 -6.42264008e-06 -2.22910924e-06 -6.76158089e-07 -1.81113926e-07 -4.61722572e-08 -1.49188894e-08 -8.81006984e-09 -7.81483728e-09 -7.68828473e-09 -7.68437891e-09 -7.69436215e-09 -7.70489395e-09 -7.71449482e-09 -7.72301967e-09 -7.73051878e-09 -7.73704201e-09 -7.74257508e-09 -7.74699283e-09 -7.75010739e-09 -7.75172454e-09 -7.75172443e-09 -7.75010717e-09 -7.74699316e-09 -7.74257486e-09 -7.73704195e-09 -7.73051889e-09 -7.72301961e-09 -7.71449465e-09 -7.70489395e-09 -7.69436176e-09 -7.68437902e-09 -7.68828495e-09 -7.81483722e-09 -8.81006978e-09 -1.49188893e-08 -4.61722573e-08 -1.81113926e-07 -6.76158088e-07 -2.22910924e-06 -6.42264008e-06 -1.62392057e-05 -3.63068077e-05 -7.24077941e-05 -1.30014993e-04 -2.12222332e-04 -2.64462784e-04 -7.59414941e-05 4.22006306e-04 1.33546394e-03 2.81327148e-03 5.04286053e-03 8.25799344e-03 1.27408647e-02 1.88200912e-02 2.68134695e-02 3.70845884e-02 4.99515997e-02 6.56491587e-02 8.43554495e-02 1.06315955e-01 1.31019405e-01 1.58135377e-01 1.86800183e-01 2.16257716e-01 2.45064567e-01 2.71876719e-01 2.95070136e-01 3.13302757e-01 3.25467411e-01 3.30819032e-01 3.29025681e-01 3.20199406e-01 3.04882788e-01 2.84015181e-01 2.58830276e-01 2.30787642e-01 2.01540556e-01 1.72331779e-01 1.44327008e-01 1.18345426e-01 9.49664941e-02 7.45713811e-02 5.74428934e-02 4.31844369e-02 3.16307331e-02 2.25635654e-02 1.55602522e-02 1.03231962e-02 6.51037055e-03 3.82137479e-03 1.99220097e-03 8.19706072e-04 1.29825905e-04 -2.04497474e-04 -2.60226359e-04 -1.67997754e-04 -9.82492981e-05 -5.19806529e-05 -2.46447525e-05 -1.03762729e-05 -3.84754734e-06 -1.24847508e-06 -3.54713307e-07 -9.10389698e-08 -2.47353769e-08 -1.06146852e-08 -8.08841405e-09 -7.71822506e-09 -7.68226821e-09 -7.68904213e-09 -7.69971520e-09 -7.70982816e-09 -7.71889003e-09 -7.72689202e-09 -7.73390091e-09 -7.73993819e-09 -7.74493414e-09 -7.74872633e-09 -7.75111308e-09 -7.75192899e-09
-7.75192999e-09 -7.75114783e-09 -7.74885867e-09 -7.74521147e-09 -7.74038855e-09 -7.73453546e-09 -7.72771985e-09 -7.71992265e-09 -7.71109337e-09 -7.70125658e-09 -7.69091313e-09 -7.68467107e-09 -7.72321446e-09 -8.11498779e-09 -1.08004750e-08 -2.58748815e-08 -9.68353701e-08 -3.79222431e-07 -1.33537487e-06 -4.10822234e-06 -1.10434232e-05 -2.61130083e-05 -5.47792689e-05 -1.02897807e-04 -1.74756031e-04 -2.68939902e-04 -2.22541218e-04 9.08937590e-05 7.47703698e-04 1.87444055e-03 3.63841290e-03 6.24696989e-03 9.95819977e-03 1.50822910e-02 2.19400176e-02 3.08703956e-02 4.22525251e-02 5.63447477e-02 7.33954464e-02 9.37337751e-02 1.17006800e-01 1.42999701e-01 1.71085504e-01 2.00477977e-01 2.30037831e-01 2.58246064e-01 2.83537027e-01 3.04508553e-01 3.19907317e-01 3.28799229e-01 3.30608835e-01 3.25210118e-01 3.12970012e-01 2.94647600e-01 2.71347081e-01 2.44414603e-01 2.15325231e-01 1.85711077e-01 1.56808673e-01 1.29714220e-01 1.05018868e-01 8.31947765e-02 6.44515434e-02 4.89464960e-02 3.62492995e-02 2.61104705e-02 1.82763301e-02 1.23211978e-02 7.94714163e-03 4.82143468e-03 2.66548118e-03 1.24132530e-03 3.68494458e-04 -1.02783697e-04 -2.76317304e-04 -2.19978803e-04 -1.35713065e-04 -7.60760305e-05 -3.83697999e-05 -1.72473053e-05 -6.84780936e-06 -2.38271287e-06 -7.23308656e-07 -1.93305235e-07 -4.88035824e-08 -1.53895536e-08 -8.88073959e-09 -7.82538706e-09 -7.69137865e-09 -7.68646236e-09 -7.69606112e-09 -7.70629233e-09 -7.71563935e-09 -7.72394626e-09 -7.73124770e-09 -7.73758480e-09 -7.74293651e-09 -7.74719300e-09 -7.75018333e-09 -7.75173303e-09 -7.75173298e-09 -7.75018305e-09 -7.74719316e-09 -7.74293629e-09 -7.73758474e-09 -7.73124770e-09 -7.72394643e-09 -7.71563924e-09 -7.70629227e-09 -7.69606134e-09 -7.68646213e-09 -7.69137853e-09 -7.82538723e-09 -8.88073953e-09 -1.53895536e-08 -4.88035823e-08 -1.93305235e-07 -7.23308656e-07 -2.38271287e-06 -6.84780936e-06 -1.72473053e-05 -3.83697999e-05 -7.60760305e-05 -1.35713065e-04 -2.19978803e-04 -2.76317304e-04 -1.02783697e-04 3.68494458e-04 1.24132530e-03 2.66548118e-03 4.82143468e-03 7.94714163e-03 1.23211978e-02 1.82763301e-02 2.61104705e-02 3.62492995e-02 4.89464960e-02 6.44515434e-02 8.31947765e-02 1.05018868e-01 1.29714220e-01 1.56808673e-01 1.85711077e-01 2.15325231e-01 2.44414603e-01 2.71347081e-01 2.94647600e-01 3.12970012e-01 3.25210118e-01 3.30608835e-01 3.28799229e-01 3.19907317e-01 3.04508553e-01 2.83537027e-01 2.58246064e-01 2.30037831e-01 2.00477977e-01 1.71085504e-01 1.42999701e-01 1.17006800e-01 9.37337751e-02 7.33954464e-02 5.63447477e-02 4.22525251e-02 3.08703956e-02 2.19400176e-02 1.50822910e-02 9.95819977e-03 6.24696989e-03 3.63841290e-03 1.87444055e-03 7.47703698e-04 9.08937590e-05 -2.22541218e-04 -2.68939902e-04 -1.74756031e-04 -1.02897807e-04 -5.47792689e-05 -2.61130083e-05 -1.10434232e-05 -4.10822234e-06 -1.33537487e-06 -3.79222431e-07 -9.68353697e-08 -2.58748813e-08 -1.08004746e-08 -8.11498768e-09 -7.72321446e-09 -7.68467107e-09 -7.69091313e-09 -7.70125669e-09 -7.71109354e-09 -7.71992248e-09 -7.72771985e-09 -7.73453579e-09 -7.74038872e-09 -7.74521169e-09 -7.74885867e-09 -7.75114783e-09 -7.75192982e-09
-7.75192938e-09 -7.75117964e-09 -7.74898168e-09 -7.74547115e-09 -7.74081033e-09 -7.73513448e-09 -7.72850234e-09 -7.72090436e-09 -7.71230357e-09 -7.70273340e-09 -7.69271125e-09 -7.68698744e-09 -7.72820108e-09 -8.14266976e-09 -1.09967008e-08 -2.70841586e-08 -1.02997050e-07 -4.05264908e-07 -1.42749680e-06 -4.38342302e-06 -1.17436196e-05 -2.76423135e-05 -5.76670679e-05 -1.07640685e-04 -1.81558847e-04 -2.77582759e-04 -2.39940378e-04 5.36713990e-05 6.79171366e-04 1.76066925e-03 3.46197319e-03 5.99072507e-03 9.60376214e-03 1.46134150e-02 2.13209888e-02 3.01244074e-02 4.13352972e-02 5.52306575e-02 7.22775250e-02 9.24631835e-02 1.15695928e-01 1.41633969e-01 1.69879281e-01 1.99502723e-01 2.29186537e-01 2.57467545e-01 2.82852853e-01 3.03979512e-01 3.19598461e-01 3.28628341e-01 3.30463242e-01 3.24987270e-01 3.12547978e-01 2.94042715e-01 2.70608078e-01 2.43598454e-01 2.14421478e-01 1.84584357e-01 1.55559656e-01 1.28358183e-01 1.03697204e-01 8.19878560e-02 6.33408336e-02 4.79369610e-02 3.54048559e-02 2.54319787e-02 1.77376826e-02 1.19156877e-02 7.64392628e-03 4.60840144e-03 2.52240558e-03 1.15259578e-03 3.17071654e-04 -1.28685841e-04 -2.87891087e-04 -2.27725479e-04 -1.41489452e-04 -7.98408417e-05 -4.05090110e-05 -1.83015506e-05 -7.29544948e-06 -2.54524714e-06 -7.73362374e-07 -2.06265220e-07 -5.15991901e-08 -1.58881087e-08 -8.95501667e-09 -7.83619880e-09 -7.69440012e-09 -7.68846220e-09 -7.69769026e-09 -7.70762931e-09 -7.71673098e-09 -7.72482733e-09 -7.73193681e-09 -7.73809405e-09 -7.74327480e-09 -7.74738040e-09 -7.75025422e-09 -7.75174108e-09 -7.75174086e-09 -7.75025422e-09 -7.74738057e-09 -7.74327458e-09 -7.73809394e-09 -7.73193698e-09 -7.72482711e-09 -7.71673103e-09 -7.70762926e-09 -7.69769049e-09 -7.68846214e-09 -7.69440006e-09 -7.83619880e-09 -8.95501640e-09 -1.58881086e-08 -5.15991901e-08 -2.06265220e-07 -7.73362374e-07 -2.54524714e-06 -7.29544948e-06 -1.83015506e-05 -4.05090110e-05 -7.98408417e-05 -1.41489452e-04 -2.27725479e-04 -2.87891087e-04 -1.28685841e-04 3.17071654e-04 1.15259578e-03 2.52240558e-03 4.60840144e-03 7.64392628e-03 1.19156877e-02 1.77376826e-02 2.54319787e-02 3.54048559e-02 4.79369610e-02 6.33408336e-02 8.19878560e-02 1.03697204e-01 1.28358183e-01 1.55559656e-01 1.84584357e-01 2.14421478e-01 2.43598454e-01 2.70608078e-01 2.94042715e-01 3.12547978e-01 3.24987270e-01 3.30463242e-01 3.28628341e-01 3.19598461e-01 3.03979512e-01 2.82852853e-01 2.57467545e-01 2.29186537e-01 1.99502723e-01 1.69879281e-01 1.41633969e-01 1.15695928e-01 9.24631835e-02 7.22775250e-02 5.52306575e-02 4.13352972e-02 3.01244074e-02 2.13209888e-02 1.46134150e-02 9.60376214e-03 5.99072507e-03 3.46197319e-03 1.76066925e-03 6.79171366e-04 5.36713990e-05 -2.39940378e-04 -2.77582759e-04 -1.81558847e-04 -1.07640685e-04 -5.76670679e-05 -2.76423135e-05 -1.17436196e-05 -4.38342302e-06 -1.42749680e-06 -4.05264908e-07 -1.02997050e-07 -2.70841585e-08 -1.09967007e-08 -8.14266971e-09 -7.72820108e-09 -7.68698721e-09 -7.69271102e-09 -7.70273334e-09 -7.71230346e-09 -7.72090458e-09 -7.72850239e-09 -7.73513453e-09 -7.74081038e-09 -7.74547115e-09 -7.74898179e-09 -7.75117981e-09 -7.75192927e-09
-7.75192965e-09 -7.75121034e-09 -7.74909725e-09 -7.74571357e-09 -7.74120701e-09 -7.73569836e-09 -7.72924552e-09 -7.72184183e-09 -7.71346120e-09 -7.70415159e-09 -7.69443576e-09 -7.68922420e-09 -7.73319686e-09 -8.17152929e-09 -1.12039386e-08 -2.83671231e-08 -1.09544327e-07 -4.32921675e-07 -1.52508830e-06 -4.67371721e-06 -1.24777642e-05 -2.92333081e-05 -6.06426656e-05 -1.12471603e-04 -1.88392114e-04 -2.86109634e-04 -2.56726544e-04 1.81645900e-05 6.13327320e-04 1.65089990e-03 3.29256602e-03 5.74343624e-03 9.26183957e-03 1.41522598e-02 2.07197405e-02 2.93731818e-02 4.04186783e-02 5.41811959e-02 7.11267826e-02 9.11801397e-02 1.14338118e-01 1.40372485e-01 1.68718030e-01 1.98436269e-01 2.28160122e-01 2.56526060e-01 2.82185644e-01 3.03593767e-01 3.19340870e-01 3.28475392e-01 3.30344778e-01 3.24772584e-01 3.12245535e-01 2.93521354e-01 2.69762585e-01 2.42594437e-01 2.13375559e-01 1.83498421e-01 1.54289217e-01 1.27006549e-01 1.02394679e-01 8.07576276e-02 6.22771383e-02 4.69155984e-02 3.45755824e-02 2.47722487e-02 1.72023145e-02 1.15160419e-02 7.34970044e-03 4.40230557e-03 2.38425415e-03 1.06726184e-03 2.68343431e-04 -1.53482761e-04 -2.99102886e-04 -2.35444006e-04 -1.47334204e-04 -8.36987765e-05 -4.27243741e-05 -1.94028495e-05 -7.76631754e-06 -2.71710161e-06 -8.26465617e-07 -2.20035783e-07 -5.45683006e-08 -1.64161135e-08 -9.03310177e-09 -7.84729492e-09 -7.69735370e-09 -7.69038455e-09 -7.69925296e-09 -7.70891195e-09 -7.71777342e-09 -7.72566278e-09 -7.73258857e-09 -7.73857256e-09 -7.74359171e-09 -7.74755543e-09 -7.75032105e-09 -7.75174869e-09 -7.75174885e-09 -7.75032111e-09 -7.74755549e-09 -7.74359182e-09 -7.73857256e-09 -7.73258818e-09 -7.72566289e-09 -7.71777325e-09 -7.70891218e-09 -7.69925290e-09 -7.69038477e-09 -7.69735370e-09 -7.84729504e-09 -9.03310154e-09 -1.64161136e-08 -5.45683008e-08 -2.20035783e-07 -8.26465617e-07 -2.71710161e-06 -7.76631754e-06 -1.94028495e-05 -4.27243741e-05 -8.36987765e-05 -1.47334204e-04 -2.35444006e-04 -2.99102886e-04 -1.53482761e-04 2.68343431e-04 1.06726184e-03 2.38425415e-03 4.40230557e-03 7.34970044e-03 1.15160419e-02 1.72023145e-02 2.47722487e-02 3.45755824e-02 4.69155984e-02 6.22771383e-02 8.07576276e-02 1.02394679e-01 1.27006549e-01 1.54289217e-01 1.83498421e-01 2.13375559e-01 2.42594437e-01 2.69762585e-01 2.93521354e-01 3.12245535e-01 3.24772584e-01 3.30344778e-01 3.28475392e-01 3.19340870e-01 3.03593767e-01 2.82185644e-01 2.56526060e-01 2.28160122e-01 1.98436269e-01 1.68718030e-01 1.40372485e-01 1.14338118e-01 9.11801397e-02 7.11267826e-02 5.41811959e-02 4.04186783e-02 2.93731818e-02 2.07197405e-02 1.41522598e-02 9.26183957e-03 5.74343624e-03 3.29256602e-03 1.65089990e-03 6.13327320e-04 1.81645900e-05 -2.56726544e-04 -2.86109634e-04 -1.88392114e-04 -1.12471603e-04 -6.06426656e-05 -2.92333081e-05 -1.24777642e-05 -4.67371721e-06 -1.52508830e-06 -4.32921675e-07 -1.09544327e-07 -2.83671233e-08 -1.12039384e-08 -8.17152923e-09 -7.73319686e-09 -7.68922431e-09 -7.69443564e-09 -7.70415159e-09 -7.71346120e-09 -7.72184161e-09 -7.72924524e-09 -7.73569842e-09 -7.74120701e-09 -7.74571363e-09 -7.74909742e-09 -7.75121028e-09 -7.75192965e-09
-7.75192949e-09 -7.75123771e-09 -7.74920583e-09 -7.74594167e-09 -7.74157988e-09 -7.73623060e-09 -7.72995101e-09 -7.72273473e-09 -7.71457054e-09 -7.70551178e-09 -7.69609199e-09 -7.69138531e-09 -7.73821024e-09 -8.20163509e-09 -1.14227935e-08 -2.97278849e-08 -1.16498445e-07 -4.62276848e-07 -1.62840369e-06 -4.97967756e-06 -1.32467307e-05 -3.08865000e-05 -6.37043558e-05 -1.17383725e-04 -1.95241291e-04 -2.94476177e-04 -2.72724013e-04 -1.58026457e-05 5.50192210e-04 1.54590839e-03 3.12938741e-03 5.50271064e-03 8.92904282e-03 1.36967259e-02 2.01439148e-02 2.86309487e-02 3.94930927e-02 5.31877609e-02 6.99573441e-02 8.99041045e-02 1.13014486e-01 1.39086728e-01 1.67526806e-01 1.97220292e-01 2.27005506e-01 2.55660896e-01 2.81533328e-01 3.03300366e-01 3.19332819e-01 3.28590089e-01 3.30473310e-01 3.24856597e-01 3.12107958e-01 2.93047864e-01 2.69045856e-01 2.41568488e-01 2.12169434e-01 1.82294523e-01 1.53082377e-01 1.25702276e-01 1.01052473e-01 7.95258272e-02 6.11883731e-02 4.59424800e-02 3.37488553e-02 2.41135098e-02 1.66805652e-02 1.11274371e-02 7.06537687e-03 4.20261860e-03 2.25214142e-03 9.85389666e-04 2.22033000e-04 -1.76923485e-04 -3.10022921e-04 -2.43115784e-04 -1.53236845e-04 -8.76459565e-05 -4.50156040e-05 -2.05520410e-05 -8.26116532e-06 -2.89867350e-06 -8.82769778e-07 -2.34660625e-07 -5.77205764e-08 -1.69751975e-08 -9.11520559e-09 -7.85869914e-09 -7.70024861e-09 -7.69223307e-09 -7.70075403e-09 -7.71014147e-09 -7.71877084e-09 -7.72646008e-09 -7.73320691e-09 -7.73902464e-09 -7.74388970e-09 -7.74771886e-09 -7.75038433e-09 -7.75175563e-09 -7.75175563e-09 -7.75038445e-09 -7.74771880e-09 -7.74388981e-09 -7.73902464e-09 -7.73320696e-09 -7.72646030e-09 -7.71877096e-09 -7.71014147e-09 -7.70075437e-09 -7.69223324e-09 -7.70024855e-09 -7.85869925e-09 -9.11520542e-09 -1.69751975e-08 -5.77205764e-08 -2.34660625e-07 -8.82769778e-07 -2.89867350e-06 -8.26116532e-06 -2.05520410e-05 -4.50156040e-05 -8.76459565e-05 -1.53236845e-04 -2.43115784e-04 -3.10022921e-04 -1.76923485e-04 2.22033000e-04 9.85389666e-04 2.25214142e-03 4.20261860e-03 7.06537687e-03 1.11274371e-02 1.66805652e-02 2.41135098e-02 3.37488553e-02 4.59424800e-02 6.11883731e-02 7.95258272e-02 1.01052473e-01 1.25702276e-01 1.53082377e-01 1.82294523e-01 2.12169434e-01 2.41568488e-01 2.69045856e-01 2.93047864e-01 3.12107958e-01 3.24856597e-01 3.30473310e-01 3.28590089e-01 3.19332819e-01 3.03300366e-01 2.81533328e-01 2.55660896e-01 2.27005506e-01 1.97220292e-01 1.67526806e-01 1.39086728e-01 1.13014486e-01 8.99041045e-02 6.99573441e-02 5.31877609e-02 3.94930927e-02 2.86309487e-02 2.01439148e-02 1.36967259e-02 8.92904282e-03 5.50271064e-03 3.12938741e-03 1.54590839e-03 5.50192210e-04 -1.58026457e-05 -2.72724013e-04 -2.94476177e-04 -1.95241291e-04 -1.17383725e-04 -6.37043558e-05 -3.08865000e-05 -1.32467307e-05 -4.97967756e-06 -1.62840369e-06 -4.62276848e-07 -1.16498445e-07 -2.97278847e-08 -1.14227935e-08 -8.20163526e-09 -7.73821024e-09 -7.69138508e-09 -7.69609226e-09 -7.70551184e-09 -7.71457054e-09 -7.72273484e-09 -7.72995068e-09 -7.73623077e-09 -7.74157982e-09 -7.74594155e-09 -7.74920583e-09 -7.75123754e-09 -7.75192960e-09
-7.75192954e-09 -7.75126391e-09 -7.74930631e-09 -7.74615566e-09 -7.74193065e-09 -7.73673703e-09 -7.73062114e-09 -7.72358844e-09 -7.71563408e-09 -7.70681907e-09 -7.69768504e-09 -7.69347519e-09 -7.74325326e-09 -8.23306412e-09 -1.16538980e-08 -3.11707470e-08 -1.23881612e-07 -4.93417770e-07 -1.73770403e-06 -5.30188021e-06 -1.40513609e-05 -3.26022567e-05 -6.68501041e-05 -1.22369724e-04 -2.02091448e-04 -3.02704787e-04 -2.87921523e-04 -4.81518716e-05 4.89930156e-04 1.44479080e-03 2.97177595e-03 5.27061679e-03 8.60544509e-03 1.32495527e-02 1.95724307e-02 2.78995829e-02 3.85929455e-02 5.21791576e-02 6.87860936e-02 8.86065432e-02 1.11699532e-01 1.37833069e-01 1.66215786e-01 1.95898234e-01 2.25937895e-01 2.54843448e-01 2.81132367e-01 3.03073520e-01 3.19240543e-01 3.28580608e-01 3.30480595e-01 3.24812446e-01 3.11955384e-01 2.92738713e-01 2.68442037e-01 2.40590370e-01 2.10962699e-01 1.80953709e-01 1.51796169e-01 1.24418647e-01 9.97626325e-02 7.82965003e-02 6.00875039e-02 4.50273568e-02 3.29200900e-02 2.34595865e-02 1.61781940e-02 1.07456138e-02 6.79290615e-03 4.00972450e-03 2.12588440e-03 9.06942639e-04 1.77553180e-04 -1.99440061e-04 -3.20649127e-04 -2.50722064e-04 -1.59186404e-04 -9.16780780e-05 -4.73821877e-05 -2.17498889e-05 -8.78073671e-06 -3.09036708e-06 -9.42431280e-07 -2.50185293e-07 -6.10661357e-08 -1.75670659e-08 -9.20154802e-09 -7.87043875e-09 -7.70308650e-09 -7.69401165e-09 -7.70219671e-09 -7.71132325e-09 -7.71972530e-09 -7.72722042e-09 -7.73379250e-09 -7.73945075e-09 -7.74416942e-09 -7.74787257e-09 -7.75044151e-09 -7.75176268e-09 -7.75176257e-09 -7.75044140e-09 -7.74787257e-09 -7.74416942e-09 -7.73945091e-09 -7.73379250e-09 -7.72722053e-09 -7.71972530e-09 -7.71132308e-09 -7.70219677e-09 -7.69401165e-09 -7.70308622e-09 -7.87043875e-09 -9.20154780e-09 -1.75670659e-08 -6.10661358e-08 -2.50185293e-07 -9.42431280e-07 -3.09036708e-06 -8.78073671e-06 -2.17498889e-05 -4.73821877e-05 -9.16780780e-05 -1.59186404e-04 -2.50722064e-04 -3.20649127e-04 -1.99440061e-04 1.77553180e-04 9.06942639e-04 2.12588440e-03 4.00972450e-03 6.79290615e-03 1.07456138e-02 1.61781940e-02 2.34595865e-02 3.29200900e-02 4.50273568e-02 6.00875039e-02 7.82965003e-02 9.97626325e-02 1.24418647e-01 1.51796169e-01 1.80953709e-01 2.10962699e-01 2.40590370e-01 2.68442037e-01 2.92738713e-01 3.11955384e-01 3.24812446e-01 3.30480595e-01 3.28580608e-01 3.19240543e-01 3.03073520e-01 2.81132367e-01 2.54843448e-01 2.25937895e-01 1.95898234e-01 1.66215786e-01 1.37833069e-01 1.11699532e-01 8.86065432e-02 6.87860936e-02 5.21791576e-02 3.85929455e-02 2.78995829e-02 1.95724307e-02 1.32495527e-02 8.60544509e-03 5.27061679e-03 2.97177595e-03 1.44479080e-03 4.89930156e-04 -4.81518716e-05 -2.87921523e-04 -3.02704787e-04 -2.02091448e-04 -1.22369724e-04 -6.68501041e-05 -3.26022567e-05 -1.40513609e-05 -5.30188021e-06 -1.73770403e-06 -4.93417770e-07 -1.23881612e-07 -3.11707472e-08 -1.16538981e-08 -8.23306379e-09 -7.74325326e-09 -7.69347497e-09 -7.69768510e-09 -7.70681896e-09 -7.71563391e-09 -7.72358849e-09 -7.73062109e-09 -7.73673681e-09 -7.74193065e-09 -7.74615544e-09 -7.74930631e-09 -7.75126374e-09 -7.75192938e-09
-7.75192943e-09 -7.75128828e-09 -7.74940101e-09 -7.74635600e-09 -7.74226294e-09 -7.73721481e-09 -7.73125908e-09 -7.72440606e-09 -7.71665443e-09 -7.70807590e-09 -7.69921732e-09 -7.69549902e-09 -7.74833464e-09 -8.26588958e-09 -1.18979187e-08 -3.27002211e-08 -1.31717020e-07 -5.26435058e-07 -1.85325693e-06 -5.64090340e-06 -1.48924593e-05 -3.43807972e-05 -7.00775434e-05 -1.27421801e-04 -2.08927336e-04 -3.10763439e-04 -3.02488973e-04 -7.88140036e-05 4.32722826e-04 1.34869666e-03 2.81994099e-03 5.04875038e-03 8.29002645e-03 1.28166813e-02 1.90022316e-02 2.71709539e-02 3.77568985e-02 5.11598110e-02 6.76221294e-02 8.73627088e-02 1.10434498e-01 1.36496316e-01 1.64801049e-01 1.94655616e-01 2.24921887e-01 2.54161336e-01 2.80630800e-01 3.02679786e-01 3.18935589e-01 3.28362348e-01 3.30291401e-01 3.24544011e-01 3.11604754e-01 2.92302254e-01 2.67851322e-01 2.39785606e-01 2.09782910e-01 1.79585259e-01 1.50405681e-01 1.23133095e-01 9.84700891e-02 7.70526096e-02 5.89893079e-02 4.40992354e-02 3.20994202e-02 2.28185199e-02 1.56876638e-02 1.03702710e-02 6.52648963e-03 3.82346595e-03 2.00404664e-03 8.31903412e-04 1.34938534e-04 -2.20846923e-04 -3.30976918e-04 -2.58244048e-04 -1.65171461e-04 -9.57904156e-05 -4.98233773e-05 -2.29970751e-05 -9.32576496e-06 -3.29259308e-06 -1.00561156e-06 -2.66657240e-07 -6.46155659e-08 -1.81935150e-08 -9.29235905e-09 -7.88253962e-09 -7.70588027e-09 -7.69572506e-09 -7.70358410e-09 -7.71245634e-09 -7.72064046e-09 -7.72794495e-09 -7.73434938e-09 -7.73985459e-09 -7.74443371e-09 -7.74801656e-09 -7.75049658e-09 -7.75176823e-09 -7.75176845e-09 -7.75049624e-09 -7.74801612e-09 -7.74443365e-09 -7.73985431e-09 -7.73434916e-09 -7.72794512e-09 -7.72064063e-09 -7.71245645e-09 -7.70358410e-09 -7.69572511e-09 -7.70588049e-09 -7.88253929e-09 -9.29235899e-09 -1.81935150e-08 -6.46155662e-08 -2.66657240e-07 -1.00561156e-06 -3.29259308e-06 -9.32576496e-06 -2.29970751e-05 -4.98233773e-05 -9.57904156e-05 -1.65171461e-04 -2.58244048e-04 -3.30976918e-04 -2.20846923e-04 1.34938534e-04 8.31903412e-04 2.00404664e-03 3.82346595e-03 6.52648963e-03 1.03702710e-02 1.56876638e-02 2.28185199e-02 3.20994202e-02 4.40992354e-02 5.89893079e-02 7.70526096e-02 9.84700891e-02 1.23133095e-01 1.50405681e-01 1.79585259e-01 2.09782910e-01 2.39785606e-01 2.67851322e-01 2.92302254e-01 3.11604754e-01 3.24544011e-01 3.30291401e-01 3.28362348e-01 3.18935589e-01 3.02679786e-01 2.80630800e-01 2.54161336e-01 2.24921887e-01 1.94655616e-01 1.64801049e-01 1.36496316e-01 1.10434498e-01 8.73627088e-02 6.76221294e-02 5.11598110e-02 3.77568985e-02 2.71709539e-02 1.90022316e-02 1.28166813e-02 8.29002645e-03 5.04875038e-03 2.81994099e-03 1.34869666e-03 4.32722826e-04 -7.88140036e-05 -3.02488973e-04 -3.10763439e-04 -2.08927336e-04 -1.27421801e-04 -7.00775434e-05 -3.43807972e-05 -1.48924593e-05 -5.64090340e-06 -1.85325693e-06 -5.26435058e-07 -1.31717020e-07 -3.27002212e-08 -1.18979187e-08 -8.26588925e-09 -7.74833486e-09 -7.69549885e-09 -7.69921732e-09 -7.70807584e-09 -7.71665443e-09 -7.72440595e-09 -7.73125924e-09 -7.73721470e-09 -7.74226278e-09 -7.74635600e-09 -7.74940107e-09 -7.75128839e-09 -7.75192938e-09
-7.75192938e-09 -7.75131187e-09 -7.74949033e-09 -7.74654485e-09 -7.74257630e-09 -7.73766939e-09 -7.73186826e-09 -7.72518782e-09 -7.71763431e-09 -7.70928271e-09 -7.70069208e-09 -7.69746122e-09 -7.75346831e-09 -8.30018954e-09 -1.21555468e-08 -3.43210262e-08 -1.40028887e-07 -5.61422634e-07 -1.97533638e-06 -5.99732601e-06 -1.57707894e-05 -3.62221841e-05 -7.33839708e-05 -1.32531703e-04 -2.15733458e-04 -3.18597959e-04 -3.16430229e-04 -1.07897531e-04 3.78569198e-04 1.25715989e-03 2.67364187e-03 4.83500405e-03 7.97993859e-03 1.24025453e-02 1.84457050e-02 2.64426951e-02 3.69156855e-02 5.01434353e-02 6.64495299e-02 8.61099048e-02 1.09142099e-01 1.35064610e-01 1.63422703e-01 1.93451436e-01 2.23988395e-01 2.53370812e-01 2.79932470e-01 3.02253135e-01 3.18756643e-01 3.28300125e-01 3.30241377e-01 3.24450415e-01 3.11315273e-01 2.91728430e-01 2.67103037e-01 2.38932136e-01 2.08764290e-01 1.78265308e-01 1.48950264e-01 1.21774098e-01 9.72268826e-02 7.58627424e-02 5.79003689e-02 4.31653439e-02 3.13494519e-02 2.21817347e-02 1.52012010e-02 1.00049739e-02 6.26861435e-03 3.64532047e-03 1.88703850e-03 7.60459278e-04 9.43608908e-05 -2.41323009e-04 -3.40689936e-04 -2.65662987e-04 -1.71180189e-04 -9.99778290e-05 -5.23381821e-05 -2.42941935e-05 -9.89696992e-06 -3.50576809e-06 -1.07247706e-06 -2.84125838e-07 -6.83799459e-08 -1.88564167e-08 -9.38787886e-09 -7.89502763e-09 -7.70862829e-09 -7.69737646e-09 -7.70491870e-09 -7.71354763e-09 -7.72151887e-09 -7.72863840e-09 -7.73487835e-09 -7.74023595e-09 -7.74468323e-09 -7.74815156e-09 -7.75054726e-09 -7.75177428e-09 -7.75177444e-09 -7.75054726e-09 -7.74815156e-09 -7.74468328e-09 -7.74023595e-09 -7.73487840e-09 -7.72863856e-09 -7.72151898e-09 -7.71354758e-09 -7.70491859e-09 -7.69737624e-09 -7.70862835e-09 -7.89502747e-09 -9.38787881e-09 -1.88564165e-08 -6.83799459e-08 -2.84125838e-07 -1.07247706e-06 -3.50576809e-06 -9.89696992e-06 -2.42941935e-05 -5.23381821e-05 -9.99778290e-05 -1.71180189e-04 -2.65662987e-04 -3.40689936e-04 -2.41323009e-04 9.43608908e-05 7.60459278e-04 1.88703850e-03 3.64532047e-03 6.26861435e-03 1.00049739e-02 1.52012010e-02 2.21817347e-02 3.13494519e-02 4.31653439e-02 5.79003689e-02 7.58627424e-02 9.72268826e-02 1.21774098e-01 1.48950264e-01 1.78265308e-01 2.08764290e-01 2.38932136e-01 2.67103037e-01 2.91728430e-01 3.11315273e-01 3.24450415e-01 3.30241377e-01 3.28300125e-01 3.18756643e-01 3.02253135e-01 2.79932470e-01 2.53370812e-01 2.23988395e-01 1.93451436e-01 1.63422703e-01 1.35064610e-01 1.09142099e-01 8.61099048e-02 6.64495299e-02 5.01434353e-02 3.69156855e-02 2.64426951e-02 1.84457050e-02 1.24025453e-02 7.97993859e-03 4.83500405e-03 2.67364187e-03 1.25715989e-03 3.78569198e-04 -1.07897531e-04 -3.16430229e-04 -3.18597959e-04 -2.15733458e-04 -1.32531703e-04 -7.33839708e-05 -3.62221841e-05 -1.57707894e-05 -5.99732601e-06 -1.97533638e-06 -5.61422633e-07 -1.40028887e-07 -3.43210262e-08 -1.21555470e-08 -8.30018954e-09 -7.75346853e-09 -7.69746133e-09 -7.70069197e-09 -7.70928293e-09 -7.71763436e-09 -7.72518782e-09 -7.73186815e-09 -7.73766967e-09 -7.74257625e-09 -7.74654485e-09 -7.74949038e-09 -7.75131176e-09 -7.75192949e-09
-7.75192927e-09 -7.75133302e-09 -7.74957426e-09 -7.74672360e-09 -7.74287345e-09 -7.73810094e-09 -7.73245062e-09 -7.72593639e-09 -7.71857611e-09 -7.71044573e-09 -7.70211162e-09 -7.69936498e-09 -7.75865944e-09 -8.33604830e-09 -1.24275096e-08 -3.60381150e-08 -1.48842474e-07 -5.98477767e-07 -2.10422245e-06 -6.37172597e-06 -1.66870684e-05 -3.81263164e-05 -7.67663463e-05 -1.37690757e-04 -2.22494143e-04 -3.26220524e-04 -3.29694858e-04 -1.35350772e-04 3.27153369e-04 1.16902766e-03 2.53306245e-03 4.62666522e-03 7.67736200e-03 1.19935726e-02 1.78967017e-02 2.57660665e-02 3.60735003e-02 4.91374396e-02 6.53246988e-02 8.49023301e-02 1.07778301e-01 1.33610577e-01 1.62056695e-01 1.92329307e-01 2.22951442e-01 2.52464592e-01 2.79356199e-01 3.01835959e-01 3.18476341e-01 3.28099227e-01 3.30057358e-01 3.24216900e-01 3.10974166e-01 2.91231184e-01 2.66366536e-01 2.37921820e-01 2.07693764e-01 1.77061269e-01 1.47564494e-01 1.20334987e-01 9.59552494e-02 7.46685147e-02 5.68045256e-02 4.22339866e-02 3.06018423e-02 2.15483864e-02 1.47220577e-02 9.65609453e-03 6.01752721e-03 3.47547827e-03 1.77449063e-03 6.92675579e-04 5.59392987e-05 -2.60581437e-04 -3.50064606e-04 -2.72960281e-04 -1.77200404e-04 -1.04234772e-04 -5.49253629e-05 -2.56417431e-05 -1.04950551e-05 -3.73031376e-06 -1.14319919e-06 -3.02642446e-07 -7.23708552e-08 -1.95577409e-08 -9.48835904e-09 -7.90792759e-09 -7.71133901e-09 -7.69896918e-09 -7.70620345e-09 -7.71459602e-09 -7.72236086e-09 -7.72930070e-09 -7.73538428e-09 -7.74059861e-09 -7.74491810e-09 -7.74827918e-09 -7.75059555e-09 -7.75178005e-09 -7.75178005e-09 -7.75059561e-09 -7.74827935e-09 -7.74491804e-09 -7.74059861e-09 -7.73538428e-09 -7.72930070e-09 -7.72236075e-09 -7.71459580e-09 -7.70620368e-09 -7.69896891e-09 -7.71133918e-09 -7.90792765e-09 -9.48835899e-09 -1.95577407e-08 -7.23708555e-08 -3.02642446e-07 -1.14319919e-06 -3.73031376e-06 -1.04950551e-05 -2.56417431e-05 -5.49253629e-05 -1.04234772e-04 -1.77200404e-04 -2.72960281e-04 -3.50064606e-04 -2.60581437e-04 5.59392987e-05 6.92675579e-04 1.77449063e-03 3.47547827e-03 6.01752721e-03 9.65609453e-03 1.47220577e-02 2.15483864e-02 3.06018423e-02 4.22339866e-02 5.68045256e-02 7.46685147e-02 9.59552494e-02 1.20334987e-01 1.47564494e-01 1.77061269e-01 2.07693764e-01 2.37921820e-01 2.66366536e-01 2.91231184e-01 3.10974166e-01 3.24216900e-01 3.30057358e-01 3.28099227e-01 3.18476341e-01 3.01835959e-01 2.79356199e-01 2.52464592e-01 2.22951442e-01 1.92329307e-01 1.62056695e-01 1.33610577e-01 1.07778301e-01 8.49023301e-02 6.53246988e-02 4.91374396e-02 3.60735003e-02 2.57660665e-02 1.78967017e-02 1.19935726e-02 7.67736200e-03 4.62666522e-03 2.53306245e-03 1.16902766e-03 3.27153369e-04 -1.35350772e-04 -3.29694858e-04 -3.26220524e-04 -2.22494143e-04 -1.37690757e-04 -7.67663463e-05 -3.81263164e-05 -1.66870684e-05 -6.37172597e-06 -2.10422245e-06 -5.98477767e-07 -1.48842475e-07 -3.60381150e-08 -1.24275096e-08 -8.33604852e-09 -7.75865933e-09 -7.69936492e-09 -7.70211150e-09 -7.71044595e-09 -7.71857611e-09 -7.72593622e-09 -7.73245079e-09 -7.73810072e-09 -7.74287368e-09 -7.74672371e-09 -7.74957415e-09 -7.75133291e-09 -7.75192938e-09
-7.75192943e-09 -7.75135389e-09 -7.74965259e-09 -7.74689179e-09 -7.74315412e-09 -7.73851211e-09 -7.73300679e-09 -7.72665704e-09 -7.71948250e-09 -7.71156627e-09 -7.70347991e-09 -7.70121311e-09 -7.76392262e-09 -8.37355046e-09 -1.27145635e-08 -3.78566588e-08 -1.58184125e-07 -6.37701099e-07 -2.24020103e-06 -6.76467858e-06 -1.76419625e-05 -4.00929227e-05 -8.02212938e-05 -1.42889890e-04 -2.29193625e-04 -3.33617514e-04 -3.42311862e-04 -1.61184878e-04 2.78558237e-04 1.08468390e-03 2.39968594e-03 4.42576352e-03 7.38529854e-03 1.15884000e-02 1.73518474e-02 2.51049011e-02 3.52313661e-02 4.81322260e-02 6.41959588e-02 8.36618458e-02 1.06357848e-01 1.32205253e-01 1.60811795e-01 1.91121014e-01 2.21847080e-01 2.51624209e-01 2.78671569e-01 3.01307788e-01 3.18027175e-01 3.27699045e-01 3.29667328e-01 3.23796489e-01 3.10487362e-01 2.90640145e-01 2.65600333e-01 2.36979725e-01 2.06485220e-01 1.75842684e-01 1.46223712e-01 1.18914900e-01 9.46197692e-02 7.35129859e-02 5.57531776e-02 4.13191586e-02 2.98509636e-02 2.09407851e-02 1.42556311e-02 9.31587900e-03 5.77179136e-03 3.31165138e-03 1.66679615e-03 6.28260669e-04 1.98998666e-05 -2.78623879e-04 -3.59079149e-04 -2.80117580e-04 -1.83219615e-04 -1.08555303e-04 -5.75834266e-05 -2.70401219e-05 -1.11207047e-05 -3.96665611e-06 -1.21795424e-06 -3.22260433e-07 -7.66003994e-08 -2.02995397e-08 -9.59405860e-09 -7.92126809e-09 -7.71401942e-09 -7.70050573e-09 -7.70744080e-09 -7.71560588e-09 -7.72317077e-09 -7.72993647e-09 -7.73586589e-09 -7.74094355e-09 -7.74514020e-09 -7.74840003e-09 -7.75064035e-09 -7.75178460e-09 -7.75178460e-09 -7.75064052e-09 -7.74839992e-09 -7.74514008e-09 -7.74094333e-09 -7.73586600e-09 -7.72993652e-09 -7.72317066e-09 -7.71560582e-09 -7.70744085e-09 -7.70050568e-09 -7.71401942e-09 -7.92126814e-09 -9.59405871e-09 -2.02995397e-08 -7.66003994e-08 -3.22260433e-07 -1.21795424e-06 -3.96665611e-06 -1.11207047e-05 -2.70401219e-05 -5.75834266e-05 -1.08555303e-04 -1.83219615e-04 -2.80117580e-04 -3.59079149e-04 -2.78623879e-04 1.98998666e-05 6.28260669e-04 1.66679615e-03 3.31165138e-03 5.77179136e-03 9.31587900e-03 1.42556311e-02 2.09407851e-02 2.98509636e-02 4.13191586e-02 5.57531776e-02 7.35129859e-02 9.46197692e-02 1.18914900e-01 1.46223712e-01 1.75842684e-01 2.06485220e-01 2.36979725e-01 2.65600333e-01 2.90640145e-01 3.10487362e-01 3.23796489e-01 3.29667328e-01 3.27699045e-01 3.18027175e-01 3.01307788e-01 2.78671569e-01 2.51624209e-01 2.21847080e-01 1.91121014e-01 1.60811795e-01 1.32205253e-01 1.06357848e-01 8.36618458e-02 6.41959588e-02 4.81322260e-02 3.52313661e-02 2.51049011e-02 1.73518474e-02 1.15884000e-02 7.38529854e-03 4.42576352e-03 2.39968594e-03 1.08468390e-03 2.78558237e-04 -1.61184878e-04 -3.42311862e-04 -3.33617514e-04 -2.29193625e-04 -1.42889890e-04 -8.02212938e-05 -4.00929227e-05 -1.76419625e-05 -6.76467858e-06 -2.24020103e-06 -6.37701099e-07 -1.58184125e-07 -3.78566589e-08 -1.27145633e-08 -8.37355052e-09 -7.76392250e-09 -7.70121300e-09 -7.70347997e-09 -7.71156639e-09 -7.71948239e-09 -7.72665720e-09 -7.73300668e-09 -7.73851211e-09 -7.74315412e-09 -7.74689157e-09 -7.74965253e-09 -7.75135400e-09 -7.75192943e-09
-7.75192954e-09 -7.75137265e-09 -7.74972664e-09 -7.74705150e-09 -7.74342179e-09 -7.73890307e-09 -7.73353892e-09 -7.72734887e-09 -7.72035458e-09 -7.71264419e-09 -7.70479680e-09 -7.70301034e-09 -7.76926501e-09 -8.41278092e-09 -1.30175046e-08 -3.97820722e-08 -1.68081284e-07 -6.79196666e-07 -2.38356354e-06 -7.17675478e-06 -1.86360827e-05 -4.21215543e-05 -8.37451026e-05 -1.48119668e-04 -2.35816119e-04 -3.40763496e-04 -3.54255185e-04 -1.85420846e-04 2.32598857e-04 1.00419868e-03 2.27269572e-03 4.23012538e-03 7.10626826e-03 1.11961243e-02 1.68161937e-02 2.44428878e-02 3.44111099e-02 4.71611369e-02 6.31034877e-02 8.23740773e-02 1.04975212e-01 1.30882051e-01 1.59512975e-01 1.89843471e-01 2.20771717e-01 2.50695284e-01 2.77839124e-01 3.00548706e-01 3.17322248e-01 3.27030363e-01 3.29006245e-01 3.23113066e-01 3.09757967e-01 2.89850983e-01 2.64717867e-01 2.35976013e-01 2.05342303e-01 1.74516389e-01 1.44926012e-01 1.17509511e-01 9.32476951e-02 7.23336147e-02 5.47020477e-02 4.04036857e-02 2.91023124e-02 2.03636050e-02 1.37950958e-02 8.98090791e-03 5.53311714e-03 3.15240590e-03 1.56391277e-03 5.66942903e-04 -1.40777475e-05 -2.95754456e-04 -3.67632967e-04 -2.87116885e-04 -1.89225079e-04 -1.12933102e-04 -6.03106220e-05 -2.84896208e-05 -1.17745804e-05 -4.21522464e-06 -1.29692339e-06 -3.43035226e-07 -8.10812208e-08 -2.10839684e-08 -9.70524933e-09 -7.93507682e-09 -7.71667219e-09 -7.70199049e-09 -7.70863390e-09 -7.71657749e-09 -7.72395004e-09 -7.73054565e-09 -7.73632597e-09 -7.74127079e-09 -7.74535158e-09 -7.74851316e-09 -7.75068298e-09 -7.75178999e-09 -7.75178988e-09 -7.75068315e-09 -7.74851322e-09 -7.74535136e-09 -7.74127096e-09 -7.73632602e-09 -7.73054587e-09 -7.72395004e-09 -7.71657765e-09 -7.70863379e-09 -7.70199032e-09 -7.71667230e-09 -7.93507682e-09 -9.70524899e-09 -2.10839685e-08 -8.10812211e-08 -3.43035226e-07 -1.29692339e-06 -4.21522464e-06 -1.17745804e-05 -2.84896208e-05 -6.03106220e-05 -1.12933102e-04 -1.89225079e-04 -2.87116885e-04 -3.67632967e-04 -2.95754456e-04 -1.40777475e-05 5.66942903e-04 1.56391277e-03 3.15240590e-03 5.53311714e-03 8.98090791e-03 1.37950958e-02 2.03636050e-02 2.91023124e-02 4.04036857e-02 5.47020477e-02 7.23336147e-02 9.32476951e-02 1.17509511e-01 1.44926012e-01 1.74516389e-01 2.05342303e-01 2.35976013e-01 2.64717867e-01 2.89850983e-01 3.09757967e-01 3.23113066e-01 3.29006245e-01 3.27030363e-01 3.17322248e-01 3.00548706e-01 2.77839124e-01 2.50695284e-01 2.20771717e-01 1.89843471e-01 1.59512975e-01 1.30882051e-01 1.04975212e-01 8.23740773e-02 6.31034877e-02 4.71611369e-02 3.44111099e-02 2.44428878e-02 1.68161937e-02 1.11961243e-02 7.10626826e-03 4.23012538e-03 2.27269572e-03 1.00419868e-03 2.32598857e-04 -1.85420846e-04 -3.54255185e-04 -3.40763496e-04 -2.35816119e-04 -1.48119668e-04 -8.37451026e-05 -4.21215543e-05 -1.86360827e-05 -7.17675478e-06 -2.38356354e-06 -6.79196666e-07 -1.68081284e-07 -3.97820724e-08 -1.30175045e-08 -8.41278108e-09 -7.76926484e-09 -7.70301012e-09 -7.70479675e-09 -7.71264436e-09 -7.72035463e-09 -7.72734871e-09 -7.73353909e-09 -7.73890313e-09 -7.74342157e-09 -7.74705144e-09 -7.74972647e-09 -7.75137288e-09 -7.75192943e-09
-7.75192927e-09 -7.75139120e-09 -7.74979764e-09 -7.74720232e-09 -7.74367659e-09 -7.73927855e-09 -7.73404929e-09 -7.72801240e-09 -7.72119657e-09 -7.71368514e-09 -7.70606989e-09 -7.70476000e-09 -7.77469683e-09 -8.45383447e-09 -1.33371650e-08 -4.18200182e-08 -1.78562538e-07 -7.23071905e-07 -2.53460652e-06 -7.60851933e-06 -1.96699796e-05 -4.42115798e-05 -8.73337324e-05 -1.53370327e-04 -2.42345904e-04 -3.47635149e-04 -3.65411754e-04 -2.08171863e-04 1.89057508e-04 9.27711817e-04 2.15052404e-03 4.04039961e-03 6.83320931e-03 1.08119473e-02 1.63191127e-02 2.37876390e-02 3.35902770e-02 4.61923365e-02 6.19919995e-02 8.10616500e-02 1.03611342e-01 1.29558117e-01 1.58114262e-01 1.88602446e-01 2.19629831e-01 2.49593255e-01 2.76789109e-01 2.99553793e-01 3.16672618e-01 3.26755037e-01 3.28809086e-01 3.22684616e-01 3.08835334e-01 2.88826055e-01 2.63637585e-01 2.34853736e-01 2.04144261e-01 1.73217500e-01 1.43562563e-01 1.16206455e-01 9.19118683e-02 7.11134774e-02 5.36858862e-02 3.95133494e-02 2.83693846e-02 1.97903244e-02 1.33401666e-02 8.65373508e-03 5.30531856e-03 2.99982079e-03 1.46673432e-03 5.08433463e-04 -4.58479004e-05 -3.11826890e-04 -3.75737330e-04 -2.93940641e-04 -1.95203858e-04 -1.17361484e-04 -6.31049371e-05 -2.99904176e-05 -1.24573183e-05 -4.47645145e-06 -1.38029255e-06 -3.65024340e-07 -8.58265200e-08 -2.19132805e-08 -9.82221593e-09 -7.94938354e-09 -7.71930297e-09 -7.70342334e-09 -7.70978398e-09 -7.71751568e-09 -7.72469844e-09 -7.73113074e-09 -7.73676556e-09 -7.74158293e-09 -7.74555164e-09 -7.74862141e-09 -7.75072329e-09 -7.75179432e-09 -7.75179432e-09 -7.75072329e-09 -7.74862163e-09 -7.74555153e-09 -7.74158287e-09 -7.73676556e-09 -7.73113096e-09 -7.72469855e-09 -7.71751579e-09 -7.70978409e-09 -7.70342312e-09 -7.71930314e-09 -7.94938348e-09 -9.82221604e-09 -2.19132805e-08 -8.58265199e-08 -3.65024339e-07 -1.38029255e-06 -4.47645145e-06 -1.24573183e-05 -2.99904176e-05 -6.31049371e-05 -1.17361484e-04 -1.95203858e-04 -2.93940641e-04 -3.75737330e-04 -3.11826890e-04 -4.58479004e-05 5.08433463e-04 1.46673432e-03 2.99982079e-03 5.30531856e-03 8.65373508e-03 1.33401666e-02 1.97903244e-02 2.83693846e-02 3.95133494e-02 5.36858862e-02 7.11134774e-02 9.19118683e-02 1.16206455e-01 1.43562563e-01 1.73217500e-01 2.04144261e-01 2.34853736e-01 2.63637585e-01 2.88826055e-01 3.08835334e-01 3.22684616e-01 3.28809086e-01 3.26755037e-01 3.16672618e-01 2.99553793e-01 2.76789109e-01 2.49593255e-01 2.19629831e-01 1.88602446e-01 1.58114262e-01 1.29558117e-01 1.03611342e-01 8.10616500e-02 6.19919995e-02 4.61923365e-02 3.35902770e-02 2.37876390e-02 1.63191127e-02 1.08119473e-02 6.83320931e-03 4.04039961e-03 2.15052404e-03 9.27711817e-04 1.89057508e-04 -2.08171863e-04 -3.65411754e-04 -3.47635149e-04 -2.42345904e-04 -1.53370327e-04 -8.73337324e-05 -4.42115798e-05 -1.96699796e-05 -7.60851932e-06 -2.53460652e-06 -7.23071905e-07 -1.78562538e-07 -4.18200183e-08 -1.33371650e-08 -8.45383419e-09 -7.77469700e-09 -7.70476011e-09 -7.70606989e-09 -7.71368525e-09 -7.72119663e-09 -7.72801251e-09 -7.73404946e-09 -7.73927827e-09 -7.74367670e-09 -7.74720227e-09 -7.74979780e-09 -7.75139120e-09 -7.75192927e-09
-7.75192927e-09 -7.75140790e-09 -7.74986458e-09 -7.74734665e-09 -7.74391834e-09 -7.73963649e-09 -7.73453873e-09 -7.72865216e-09 -7.72200559e-09 -7.71468844e-09 -7.70729575e-09 -7.70646524e-09 -7.78022968e-09 -8.49680210e-09 -1.36744141e-08 -4.39764124e-08 -1.89657636e-07 -7.69437670e-07 -2.69363133e-06 -8.06052884e-06 -2.07441387e-05 -4.63621799e-05 -9.09828188e-05 -1.58631812e-04 -2.48767399e-04 -3.54196753e-04 -3.75852477e-04 -2.29514735e-04 1.47990980e-04 8.54781101e-04 2.03255650e-03 3.85677046e-03 6.56589153e-03 1.04342433e-02 1.58307352e-02 2.31409775e-02 3.27877576e-02 4.52581473e-02 6.08503798e-02 7.97897424e-02 1.02326989e-01 1.28165406e-01 1.56794114e-01 1.87303382e-01 2.18331532e-01 2.48292540e-01 2.75853271e-01 2.99463899e-01 3.16972853e-01 3.27129251e-01 3.29198215e-01 3.23029123e-01 3.09069675e-01 2.88326869e-01 2.62366587e-01 2.33552071e-01 2.02844220e-01 1.71893070e-01 1.42165851e-01 1.14876414e-01 9.06000244e-02 6.98741840e-02 5.26606648e-02 3.86354186e-02 2.76434926e-02 1.92227761e-02 1.29096099e-02 8.33669541e-03 5.08597163e-03 2.85175019e-03 1.37445808e-03 4.53212651e-04 -7.56491065e-05 -3.26786439e-04 -3.83363861e-04 -3.00571838e-04 -2.01142881e-04 -1.21833421e-04 -6.59640970e-05 -3.15425711e-05 -1.31695257e-05 -4.75077029e-06 -1.46825228e-06 -3.88287403e-07 -9.08500689e-08 -2.27898332e-08 -9.94525728e-09 -7.96421640e-09 -7.72191500e-09 -7.70480907e-09 -7.71089270e-09 -7.71841924e-09 -7.72542036e-09 -7.73169212e-09 -7.73718783e-09 -7.74188103e-09 -7.74574238e-09 -7.74872344e-09 -7.75076120e-09 -7.75179848e-09 -7.75179854e-09 -7.75076126e-09 -7.74872344e-09 -7.74574238e-09 -7.74188091e-09 -7.73718767e-09 -7.73169218e-09 -7.72542030e-09 -7.71841946e-09 -7.71089254e-09 -7.70480901e-09 -7.72191505e-09 -7.96421640e-09 -9.94525701e-09 -2.27898332e-08 -9.08500689e-08 -3.88287403e-07 -1.46825228e-06 -4.75077029e-06 -1.31695257e-05 -3.15425711e-05 -6.59640970e-05 -1.21833421e-04 -2.01142881e-04 -3.00571838e-04 -3.83363861e-04 -3.26786439e-04 -7.56491065e-05 4.53212651e-04 1.37445808e-03 2.85175019e-03 5.08597163e-03 8.33669541e-03 1.29096099e-02 1.92227761e-02 2.76434926e-02 3.86354186e-02 5.26606648e-02 6.98741840e-02 9.06000244e-02 1.14876414e-01 1.42165851e-01 1.71893070e-01 2.02844220e-01 2.33552071e-01 2.62366587e-01 2.88326869e-01 3.09069675e-01 3.23029123e-01 3.29198215e-01 3.27129251e-01 3.16972853e-01 2.99463899e-01 2.75853271e-01 2.48292540e-01 2.18331532e-01 1.87303382e-01 1.56794114e-01 1.28165406e-01 1.02326989e-01 7.97897424e-02 6.08503798e-02 4.52581473e-02 3.27877576e-02 2.31409775e-02 1.58307352e-02 1.04342433e-02 6.56589153e-03 3.85677046e-03 2.03255650e-03 8.54781101e-04 1.47990980e-04 -2.29514735e-04 -3.75852477e-04 -3.54196753e-04 -2.48767399e-04 -1.58631812e-04 -9.09828188e-05 -4.63621799e-05 -2.07441387e-05 -8.06052884e-06 -2.69363133e-06 -7.69437670e-07 -1.89657636e-07 -4.39764124e-08 -1.36744139e-08 -8.49680215e-09 -7.78022935e-09 -7.70646513e-09 -7.70729547e-09 -7.71468822e-09 -7.72200559e-09 -7.72865227e-09 -7.73453868e-09 -7.73963654e-09 -7.74391834e-09 -7.74734632e-09 -7.74986475e-09 -7.75140785e-09 -7.75192954e-09
-7.75192932e-09 -7.75142373e-09 -7.74992703e-09 -7.74748282e-09 -7.74414882e-09 -7.73997805e-09 -7.73500808e-09 -7.72926734e-09 -7.72278597e-09 -7.71565684e-09 -7.70848146e-09 -7.70812814e-09 -7.78587100e-09 -8.54178517e-09 -1.40301595e-08 -4.62574377e-08 -2.01397515e-07 -8.18408225e-07 -2.86094364e-06 -8.53332988e-06 -2.18589759e-05 -4.85723424e-05 -9.46876818e-05 -1.63893817e-04 -2.55065249e-04 -3.60460747e-04 -3.85478920e-04 -2.49604727e-04 1.09218366e-04 7.86141370e-04 1.91964318e-03 3.68267912e-03 6.30711051e-03 1.00652556e-02 1.53459189e-02 2.25070588e-02 3.20062122e-02 4.43190012e-02 5.96970605e-02 7.85483021e-02 1.01016765e-01 1.26784589e-01 1.55414151e-01 1.85879317e-01 2.16865572e-01 2.47410498e-01 2.75666923e-01 2.99415748e-01 3.17028222e-01 3.27250654e-01 3.29334051e-01 3.23122495e-01 3.09078526e-01 2.88213011e-01 2.61990143e-01 2.32172091e-01 2.01397167e-01 1.70498419e-01 1.40789450e-01 1.13481028e-01 8.93465942e-02 6.86739536e-02 5.16090503e-02 3.77852788e-02 2.69287197e-02 1.86613060e-02 1.24967680e-02 8.02639946e-03 4.87259137e-03 2.70889239e-03 1.28594167e-03 4.00869524e-04 -1.03710264e-04 -3.40741570e-04 -3.90541502e-04 -3.06994101e-04 -2.07029001e-04 -1.26341563e-04 -6.88855638e-05 -3.31460158e-05 -1.39117775e-05 -5.03861554e-06 -1.56099768e-06 -4.12886206e-07 -9.61662325e-08 -2.37160896e-08 -1.00746827e-08 -7.97960598e-09 -7.72451342e-09 -7.70615083e-09 -7.71196251e-09 -7.71929226e-09 -7.72611630e-09 -7.73223313e-09 -7.73759146e-09 -7.74216546e-09 -7.74592396e-09 -7.74882059e-09 -7.75079750e-09 -7.75180264e-09 -7.75180270e-09 -7.75079739e-09 -7.74882047e-09 -7.74592374e-09 -7.74216524e-09 -7.73759140e-09 -7.73223280e-09 -7.72611647e-09 -7.71929221e-09 -7.71196235e-09 -7.70615072e-09 -7.72451358e-09 -7.97960598e-09 -1.00746830e-08 -2.37160898e-08 -9.61662326e-08 -4.12886206e-07 -1.56099768e-06 -5.03861554e-06 -1.39117775e-05 -3.31460158e-05 -6.88855638e-05 -1.26341563e-04 -2.07029001e-04 -3.06994101e-04 -3.90541502e-04 -3.40741570e-04 -1.03710264e-04 4.00869524e-04 1.28594167e-03 2.70889239e-03 4.87259137e-03 8.02639946e-03 1.24967680e-02 1.86613060e-02 2.69287197e-02 3.77852788e-02 5.16090503e-02 6.86739536e-02 8.93465942e-02 1.13481028e-01 1.40789450e-01 1.70498419e-01 2.01397167e-01 2.32172091e-01 2.61990143e-01 2.88213011e-01 3.09078526e-01 3.23122495e-01 3.29334051e-01 3.27250654e-01 3.17028222e-01 2.99415748e-01 2.75666923e-01 2.47410498e-01 2.16865572e-01 1.85879317e-01 1.55414151e-01 1.26784589e-01 1.01016765e-01 7.85483021e-02 5.96970605e-02 4.43190012e-02 3.20062122e-02 2.25070588e-02 1.53459189e-02 1.00652556e-02 6.30711051e-03 3.68267912e-03 1.91964318e-03 7.86141370e-04 1.09218366e-04 -2.49604727e-04 -3.85478920e-04 -3.60460747e-04 -2.55065249e-04 -1.63893817e-04 -9.46876818e-05 -4.85723424e-05 -2.18589759e-05 -8.53332988e-06 -2.86094364e-06 -8.18408225e-07 -2.01397514e-07 -4.62574377e-08 -1.40301597e-08 -8.54178539e-09 -7.78587123e-09 -7.70812819e-09 -7.70848180e-09 -7.71565684e-09 -7.72278608e-09 -7.72926723e-09 -7.73500802e-09 -7.73997816e-09 -7.74414832e-09 -7.74748288e-09 -7.74992692e-09 -7.75142373e-09 -7.75192943e-09
-7.75192932e-09 -7.75143910e-09 -7.74998743e-09 -7.74761294e-09 -7.74436948e-09 -7.74030740e-09 -7.73546005e-09 -7.72986020e-09 -7.72354136e-09 -7.71659070e-09 -7.70962572e-09 -7.70975289e-09 -7.79163334e-09 -8.58888516e-09 -1.44053511e-08 -4.86695504e-08 -2.13814335e-07 -8.70101228e-07 -3.03685302e-06 -9.02745683e-06 -2.30148326e-05 -5.08408589e-05 -9.84433355e-05 -1.69145829e-04 -2.61224397e-04 -3.66409204e-04 -3.94360479e-04 -2.68136857e-04 7.29147056e-05 7.21149783e-04 1.81114039e-03 3.51480208e-03 6.05554059e-03 9.71892022e-03 1.48685883e-02 2.18799377e-02 3.12400418e-02 4.33631685e-02 5.85807020e-02 7.73480984e-02 9.96480981e-02 1.25397912e-01 1.53952773e-01 1.84316853e-01 2.15845768e-01 2.46896312e-01 2.75272553e-01 2.99138230e-01 3.16865219e-01 3.27158143e-01 3.29255722e-01 3.23002464e-01 3.08860307e-01 2.87878232e-01 2.61536070e-01 2.31584508e-01 1.99892362e-01 1.68984908e-01 1.39378680e-01 1.12127003e-01 8.80717890e-02 6.75008309e-02 5.05503729e-02 3.69405886e-02 2.62398902e-02 1.81155263e-02 1.20889686e-02 7.72185101e-03 4.66382950e-03 2.57153434e-03 1.20134465e-03 3.51579476e-04 -1.29814307e-04 -3.53494816e-04 -3.97268953e-04 -3.13191773e-04 -2.12849058e-04 -1.30878261e-04 -7.18665371e-05 -3.48005569e-05 -1.46846133e-05 -5.34042115e-06 -1.65872823e-06 -4.38884711e-07 -1.01789983e-07 -2.46946242e-08 -1.02108146e-08 -7.99558436e-09 -7.72710312e-09 -7.70744990e-09 -7.71299524e-09 -7.72013303e-09 -7.72678704e-09 -7.73275260e-09 -7.73797904e-09 -7.74243847e-09 -7.74609643e-09 -7.74891240e-09 -7.75083170e-09 -7.75180664e-09 -7.75180664e-09 -7.75083187e-09 -7.74891235e-09 -7.74609654e-09 -7.74243825e-09 -7.73797892e-09 -7.73275266e-09 -7.72678704e-09 -7.72013320e-09 -7.71299535e-09 -7.70745012e-09 -7.72710312e-09 -7.99558447e-09 -1.02108146e-08 -2.46946239e-08 -1.01789983e-07 -4.38884711e-07 -1.65872823e-06 -5.34042115e-06 -1.46846133e-05 -3.48005569e-05 -7.18665371e-05 -1.30878261e-04 -2.12849058e-04 -3.13191773e-04 -3.97268953e-04 -3.53494816e-04 -1.29814307e-04 3.51579476e-04 1.20134465e-03 2.57153434e-03 4.66382950e-03 7.72185101e-03 1.20889686e-02 1.81155263e-02 2.62398902e-02 3.69405886e-02 5.05503729e-02 6.75008309e-02 8.80717890e-02 1.12127003e-01 1.39378680e-01 1.68984908e-01 1.99892362e-01 2.31584508e-01 2.61536070e-01 2.87878232e-01 3.08860307e-01 3.23002464e-01 3.29255722e-01 3.27158143e-01 3.16865219e-01 2.99138230e-01 2.75272553e-01 2.46896312e-01 2.15845768e-01 1.84316853e-01 1.53952773e-01 1.25397912e-01 9.96480981e-02 7.73480984e-02 5.85807020e-02 4.33631685e-02 3.12400418e-02 2.18799377e-02 1.48685883e-02 9.71892022e-03 6.05554059e-03 3.51480208e-03 1.81114039e-03 7.21149783e-04 7.29147056e-05 -2.68136857e-04 -3.94360479e-04 -3.66409204e-04 -2.61224397e-04 -1.69145829e-04 -9.84433355e-05 -5.08408589e-05 -2.30148326e-05 -9.02745683e-06 -3.03685302e-06 -8.70101227e-07 -2.13814335e-07 -4.86695505e-08 -1.44053514e-08 -8.58888510e-09 -7.79163339e-09 -7.70975295e-09 -7.70962572e-09 -7.71659070e-09 -7.72354136e-09 -7.72986031e-09 -7.73546027e-09 -7.74030723e-09 -7.74436948e-09 -7.74761288e-09 -7.74998749e-09 -7.75143894e-09 -7.75192938e-09
-7.75192904e-09 -7.75145398e-09 -7.75004444e-09 -7.74773679e-09 -7.74458042e-09 -7.74062142e-09 -7.73589487e-09 -7.73043174e-09 -7.72426856e-09 -7.71749481e-09 -7.71073078e-09 -7.71134157e-09 -7.79752424e-09 -8.63820904e-09 -1.48009822e-08 -5.12194918e-08 -2.26941496e-07 -9.24637723e-07 -3.22167243e-06 -9.54342980e-06 -2.42119716e-05 -5.31663217e-05 -1.02244500e-04 -1.74377168e-04 -2.67230168e-04 -3.72021721e-04 -4.02520909e-04 -2.85257543e-04 3.89158582e-05 6.59508464e-04 1.70674801e-03 3.35162323e-03 5.81020074e-03 9.38058979e-03 1.44007660e-02 2.12757777e-02 3.04887219e-02 4.23997752e-02 5.74893744e-02 7.61297071e-02 9.83339781e-02 1.23971267e-01 1.52383046e-01 1.83065598e-01 2.15052663e-01 2.46192243e-01 2.74683462e-01 2.98717847e-01 3.16605518e-01 3.26992974e-01 3.29110331e-01 3.22798482e-01 3.08528987e-01 2.87354904e-01 2.60884844e-01 2.30837110e-01 1.99060117e-01 1.67354612e-01 1.37879361e-01 1.10754473e-01 8.67594624e-02 6.63647102e-02 4.95189820e-02 3.60868155e-02 2.55582205e-02 1.75763706e-02 1.16877433e-02 7.43086853e-03 4.46308110e-03 2.44160623e-03 1.12068197e-03 3.05054557e-04 -1.54107429e-04 -3.65260169e-04 -4.03462669e-04 -3.19150005e-04 -2.18589944e-04 -1.35435595e-04 -7.49039564e-05 -3.65058650e-05 -1.54885336e-05 -5.65661946e-06 -1.76164763e-06 -4.66349083e-07 -1.07736922e-07 -2.57281324e-08 -1.03539921e-08 -8.01218064e-09 -7.72968867e-09 -7.70870678e-09 -7.71399433e-09 -7.72094555e-09 -7.72743391e-09 -7.73325359e-09 -7.73835174e-09 -7.74269859e-09 -7.74626124e-09 -7.74900077e-09 -7.75086378e-09 -7.75180986e-09 -7.75180992e-09 -7.75086406e-09 -7.74900066e-09 -7.74626113e-09 -7.74269837e-09 -7.73835174e-09 -7.73325359e-09 -7.72743419e-09 -7.72094555e-09 -7.71399450e-09 -7.70870667e-09 -7.72968872e-09 -8.01218070e-09 -1.03539921e-08 -2.57281323e-08 -1.07736923e-07 -4.66349083e-07 -1.76164763e-06 -5.65661946e-06 -1.54885336e-05 -3.65058650e-05 -7.49039564e-05 -1.35435595e-04 -2.18589944e-04 -3.19150005e-04 -4.03462669e-04 -3.65260169e-04 -1.54107429e-04 3.05054557e-04 1.12068197e-03 2.44160623e-03 4.46308110e-03 7.43086853e-03 1.16877433e-02 1.75763706e-02 2.55582205e-02 3.60868155e-02 4.95189820e-02 6.63647102e-02 8.67594624e-02 1.10754473e-01 1.37879361e-01 1.67354612e-01 1.99060117e-01 2.30837110e-01 2.60884844e-01 2.87354904e-01 3.08528987e-01 3.22798482e-01 3.29110331e-01 3.26992974e-01 3.16605518e-01 2.98717847e-01 2.74683462e-01 2.46192243e-01 2.15052663e-01 1.83065598e-01 1.52383046e-01 1.23971267e-01 9.83339781e-02 7.61297071e-02 5.74893744e-02 4.23997752e-02 3.04887219e-02 2.12757777e-02 1.44007660e-02 9.38058979e-03 5.81020074e-03 3.35162323e-03 1.70674801e-03 6.59508464e-04 3.89158582e-05 -2.85257543e-04 -4.02520909e-04 -3.72021721e-04 -2.67230168e-04 -1.74377168e-04 -1.02244500e-04 -5.31663217e-05 -2.42119716e-05 -9.54342980e-06 -3.22167243e-06 -9.24637723e-07 -2.26941496e-07 -5.12194918e-08 -1.48009822e-08 -8.63820926e-09 -7.79752435e-09 -7.71134134e-09 -7.71073083e-09 -7.71749464e-09 -7.72426867e-09 -7.73043152e-09 -7.73589515e-09 -7.74062159e-09 -7.74458037e-09 -7.74773667e-09 -7.75004433e-09 -7.75145392e-09 -7.75192910e-09
-7.75192932e-09 -7.75146758e-09 -7.75009884e-09 -7.74785436e-09 -7.74478204e-09 -7.74092329e-09 -7.73631292e-09 -7.73098274e-09 -7.72497111e-09 -7.71836628e-09 -7.71180109e-09 -7.71289482e-09 -7.80355852e-09 -8.68986827e-09 -1.52180892e-08 -5.39142937e-08 -2.40813671e-07 -9.82142102e-07 -3.41571767e-06 -1.00817525e-05 -2.54505724e-05 -5.55471213e-05 -1.06085615e-04 -1.79577038e-04 -2.73068341e-04 -3.77278227e-04 -4.10006686e-04 -3.01100467e-04 7.21347109e-06 6.00765147e-04 1.60712483e-03 3.19332939e-03 5.57150411e-03 9.04782051e-03 1.39430763e-02 2.06804209e-02 2.97321806e-02 4.14607710e-02 5.64340661e-02 7.48855630e-02 9.69930999e-02 1.22467345e-01 1.50884746e-01 1.82082077e-01 2.14094642e-01 2.45323107e-01 2.74011542e-01 2.98186953e-01 3.16258898e-01 3.26803045e-01 3.28952858e-01 3.22544458e-01 3.08068053e-01 2.86773480e-01 2.60116383e-01 2.29920244e-01 1.98085654e-01 1.66284888e-01 1.36286438e-01 1.09338848e-01 8.54920605e-02 6.52192069e-02 4.85095653e-02 3.52249887e-02 2.48977244e-02 1.70525590e-02 1.12924502e-02 7.15396899e-03 4.26836977e-03 2.31660593e-03 1.04366263e-03 2.61252051e-04 -1.76778904e-04 -3.75959570e-04 -4.09116247e-04 -3.24854828e-04 -2.24238667e-04 -1.40005400e-04 -7.79945044e-05 -3.82614724e-05 -1.63239969e-05 -5.98764005e-06 -1.86996363e-06 -4.95347710e-07 -1.14023289e-07 -2.68194280e-08 -1.05045662e-08 -8.02942962e-09 -7.73227316e-09 -7.70992614e-09 -7.71495845e-09 -7.72173164e-09 -7.72805986e-09 -7.73373682e-09 -7.73871006e-09 -7.74294828e-09 -7.74641917e-09 -7.74908371e-09 -7.75089515e-09 -7.75181352e-09 -7.75181386e-09 -7.75089531e-09 -7.74908365e-09 -7.74641939e-09 -7.74294828e-09 -7.73871001e-09 -7.73373665e-09 -7.72805991e-09 -7.72173159e-09 -7.71495834e-09 -7.70992603e-09 -7.73227304e-09 -8.02942962e-09 -1.05045661e-08 -2.68194276e-08 -1.14023289e-07 -4.95347710e-07 -1.86996363e-06 -5.98764005e-06 -1.63239969e-05 -3.82614724e-05 -7.79945044e-05 -1.40005400e-04 -2.24238667e-04 -3.24854828e-04 -4.09116247e-04 -3.75959570e-04 -1.76778904e-04 2.61252051e-04 1.04366263e-03 2.31660593e-03 4.26836977e-03 7.15396899e-03 1.12924502e-02 1.70525590e-02 2.48977244e-02 3.52249887e-02 4.85095653e-02 6.52192069e-02 8.54920605e-02 1.09338848e-01 1.36286438e-01 1.66284888e-01 1.98085654e-01 2.29920244e-01 2.60116383e-01 2.86773480e-01 3.08068053e-01 3.22544458e-01 3.28952858e-01 3.26803045e-01 3.16258898e-01 2.98186953e-01 2.74011542e-01 2.45323107e-01 2.14094642e-01 1.82082077e-01 1.50884746e-01 1.22467345e-01 9.69930999e-02 7.48855630e-02 5.64340661e-02 4.14607710e-02 2.97321806e-02 2.06804209e-02 1.39430763e-02 9.04782051e-03 5.57150411e-03 3.19332939e-03 1.60712483e-03 6.00765147e-04 7.21347109e-06 -3.01100467e-04 -4.10006686e-04 -3.77278227e-04 -2.73068341e-04 -1.79577038e-04 -1.06085615e-04 -5.55471213e-05 -2.54505724e-05 -1.00817525e-05 -3.41571767e-06 -9.82142102e-07 -2.40813670e-07 -5.39142938e-08 -1.52180893e-08 -8.68986821e-09 -7.80355869e-09 -7.71289477e-09 -7.71180086e-09 -7.71836628e-09 -7.72497133e-09 -7.73098280e-09 -7.73631265e-09 -7.74092318e-09 -7.74478198e-09 -7.74785441e-09 -7.75009884e-09 -7.75146736e-09 -7.75192921e-09
-7.75192949e-09 -7.75148046e-09 -7.75015058e-09 -7.74796738e-09 -7.74497555e-09 -7.74121345e-09 -7.73671599e-09 -7.73151598e-09 -7.72565062e-09 -7.71921038e-09 -7.71283393e-09 -7.71441788e-09 -7.80974085e-09 -8.74397649e-09 -1.56577569e-08 -5.67612894e-08 -2.55466827e-07 -1.04274206e-06 -3.61930679e-06 -1.06429098e-05 -2.67307268e-05 -5.79814456e-05 -1.09960855e-04 -1.84734573e-04 -2.78725224e-04 -3.82183125e-04 -4.16775890e-04 -3.15492061e-04 -2.24962410e-05 5.45561837e-04 1.51286610e-03 3.04119005e-03 5.34531348e-03 8.72227349e-03 1.34957318e-02 2.01051595e-02 2.89704959e-02 4.05432185e-02 5.53714705e-02 7.36769024e-02 9.56144021e-02 1.20887455e-01 1.49784513e-01 1.80960703e-01 2.13010859e-01 2.44408324e-01 2.73269920e-01 2.97786129e-01 3.16038623e-01 3.26651125e-01 3.28815726e-01 3.22363967e-01 3.07793665e-01 2.86203709e-01 2.59234373e-01 2.28920406e-01 1.96968545e-01 1.65171480e-01 1.34935602e-01 1.07857235e-01 8.42041009e-02 6.40545766e-02 4.75390895e-02 3.43812654e-02 2.42358633e-02 1.65428134e-02 1.09102665e-02 6.88264927e-03 4.07918082e-03 2.19556669e-03 9.70125719e-04 2.20028093e-04 -1.97640615e-04 -3.85691292e-04 -4.14303202e-04 -3.30293226e-04 -2.29782411e-04 -1.44579300e-04 -8.11346121e-05 -4.00667686e-05 -1.71914156e-05 -6.33390851e-06 -1.98388778e-06 -5.25951219e-07 -1.20665987e-07 -2.79714413e-08 -1.06629064e-08 -8.04736749e-09 -7.73486064e-09 -7.71110864e-09 -7.71589104e-09 -7.72249009e-09 -7.72866304e-09 -7.73420233e-09 -7.73905429e-09 -7.74318898e-09 -7.74656972e-09 -7.74916348e-09 -7.75092457e-09 -7.75181647e-09 -7.75181658e-09 -7.75092457e-09 -7.74916353e-09 -7.74656983e-09 -7.74318887e-09 -7.73905429e-09 -7.73420228e-09 -7.72866265e-09 -7.72249037e-09 -7.71589131e-09 -7.71110820e-09 -7.73486053e-09 -8.04736755e-09 -1.06629063e-08 -2.79714413e-08 -1.20665987e-07 -5.25951218e-07 -1.98388778e-06 -6.33390851e-06 -1.71914156e-05 -4.00667686e-05 -8.11346121e-05 -1.44579300e-04 -2.29782411e-04 -3.30293226e-04 -4.14303202e-04 -3.85691292e-04 -1.97640615e-04 2.20028093e-04 9.70125719e-04 2.19556669e-03 4.07918082e-03 6.88264927e-03 1.09102665e-02 1.65428134e-02 2.42358633e-02 3.43812654e-02 4.75390895e-02 6.40545766e-02 8.42041009e-02 1.07857235e-01 1.34935602e-01 1.65171480e-01 1.96968545e-01 2.28920406e-01 2.59234373e-01 2.86203709e-01 3.07793665e-01 3.22363967e-01 3.28815726e-01 3.26651125e-01 3.16038623e-01 2.97786129e-01 2.73269920e-01 2.44408324e-01 2.13010859e-01 1.80960703e-01 1.49784513e-01 1.20887455e-01 9.56144021e-02 7.36769024e-02 5.53714705e-02 4.05432185e-02 2.89704959e-02 2.01051595e-02 1.34957318e-02 8.72227349e-03 5.34531348e-03 3.04119005e-03 1.51286610e-03 5.45561837e-04 -2.24962410e-05 -3.15492061e-04 -4.16775890e-04 -3.82183125e-04 -2.78725224e-04 -1.84734573e-04 -1.09960855e-04 -5.79814456e-05 -2.67307268e-05 -1.06429098e-05 -3.61930679e-06 -1.04274206e-06 -2.55466827e-07 -5.67612892e-08 -1.56577565e-08 -8.74397654e-09 -7.80974085e-09 -7.71441799e-09 -7.71283404e-09 -7.71921038e-09 -7.72565090e-09 -7.73151604e-09 -7.73671577e-09 -7.74121323e-09 -7.74497544e-09 -7.74796732e-09 -7.75015069e-09 -7.75148035e-09 -7.75192943e-09
-7.75192921e-09 -7.75149278e-09 -7.75020059e-09 -7.74807629e-09 -7.74516073e-09 -7.74149250e-09 -7.73710451e-09 -7.73203040e-09 -7.72630759e-09 -7.72002551e-09 -7.71383407e-09 -7.71591196e-09 -7.81608478e-09 -8.80065532e-09 -1.61211134e-08 -5.97681252e-08 -2.70938250e-07 -1.10656857e-06 -3.83275951e-06 -1.12273658e-05 -2.80524353e-05 -6.04672789e-05 -1.13864149e-04 -1.89838883e-04 -2.84187722e-04 -3.86725495e-04 -4.22866306e-04 -3.28649236e-04 -5.03781384e-05 4.93075278e-04 1.42258118e-03 2.89446237e-03 5.12817370e-03 8.40500198e-03 1.30659614e-02 1.95371839e-02 2.82192213e-02 3.96666403e-02 5.42927787e-02 7.24574848e-02 9.41793630e-02 1.19643366e-01 1.48580455e-01 1.79723497e-01 2.11881928e-01 2.43477231e-01 2.72627048e-01 2.97251679e-01 3.15592207e-01 3.26304956e-01 3.28489645e-01 3.21978011e-01 3.07301362e-01 2.85623816e-01 2.58495517e-01 2.27826096e-01 1.95781788e-01 1.63943912e-01 1.33772112e-01 1.06320792e-01 8.28838850e-02 6.29239159e-02 4.65671449e-02 3.35561009e-02 2.35729897e-02 1.60461848e-02 1.05356056e-02 6.61837048e-03 3.89680945e-03 2.07871161e-03 9.00381896e-04 1.81371634e-04 -2.16969450e-04 -3.94494700e-04 -4.18992217e-04 -3.35453197e-04 -2.35208602e-04 -1.49148738e-04 -8.43204653e-05 -4.19209971e-05 -1.80911534e-05 -6.69584508e-06 -2.10363525e-06 -5.58232487e-07 -1.27682597e-07 -2.91872433e-08 -1.08293960e-08 -8.06602551e-09 -7.73745673e-09 -7.71225617e-09 -7.71679376e-09 -7.72322550e-09 -7.72924658e-09 -7.73465153e-09 -7.73938608e-09 -7.74341902e-09 -7.74671438e-09 -7.74924003e-09 -7.75095244e-09 -7.75181963e-09 -7.75181974e-09 -7.75095232e-09 -7.74924014e-09 -7.74671438e-09 -7.74341907e-09 -7.73938591e-09 -7.73465136e-09 -7.72924669e-09 -7.72322550e-09 -7.71679382e-09 -7.71225594e-09 -7.73745668e-09 -8.06602563e-09 -1.08293959e-08 -2.91872434e-08 -1.27682597e-07 -5.58232487e-07 -2.10363525e-06 -6.69584508e-06 -1.80911534e-05 -4.19209971e-05 -8.43204653e-05 -1.49148738e-04 -2.35208602e-04 -3.35453197e-04 -4.18992217e-04 -3.94494700e-04 -2.16969450e-04 1.81371634e-04 9.00381896e-04 2.07871161e-03 3.89680945e-03 6.61837048e-03 1.05356056e-02 1.60461848e-02 2.35729897e-02 3.35561009e-02 4.65671449e-02 6.29239159e-02 8.28838850e-02 1.06320792e-01 1.33772112e-01 1.63943912e-01 1.95781788e-01 2.27826096e-01 2.58495517e-01 2.85623816e-01 3.07301362e-01 3.21978011e-01 3.28489645e-01 3.26304956e-01 3.15592207e-01 2.97251679e-01 2.72627048e-01 2.43477231e-01 2.11881928e-01 1.79723497e-01 1.48580455e-01 1.19643366e-01 9.41793630e-02 7.24574848e-02 5.42927787e-02 3.96666403e-02 2.82192213e-02 1.95371839e-02 1.30659614e-02 8.40500198e-03 5.12817370e-03 2.89446237e-03 1.42258118e-03 4.93075278e-04 -5.03781384e-05 -3.28649236e-04 -4.22866306e-04 -3.86725495e-04 -2.84187722e-04 -1.89838883e-04 -1.13864149e-04 -6.04672789e-05 -2.80524353e-05 -1.12273658e-05 -3.83275951e-06 -1.10656857e-06 -2.70938250e-07 -5.97681252e-08 -1.61211133e-08 -8.80065548e-09 -7.81608483e-09 -7.71591169e-09 -7.71383413e-09 -7.72002551e-09 -7.72630776e-09 -7.73203018e-09 -7.73710462e-09 -7.74149267e-09 -7.74516085e-09 -7.74807596e-09 -7.75020065e-09 -7.75149273e-09 -7.75192927e-09
-7.75192932e-09 -7.75150377e-09 -7.75024855e-09 -7.74817910e-09 -7.74533965e-09 -7.74176184e-09 -7.73747999e-09 -7.73252751e-09 -7.72694253e-09 -7.72081354e-09 -7.71480335e-09 -7.71737829e-09 -7.82260151e-09 -8.86002788e-09 -1.66093432e-08 -6.29427709e-08 -2.87266563e-07 -1.17375577e-06 -4.05639653e-06 -1.18355612e-05 -2.94156029e-05 -6.30024031e-05 -1.17789196e-04 -1.94879108e-04 -2.89443404e-04 -3.90902021e-04 -4.28277572e-04 -3.40520901e-04 -7.63343728e-05 4.43381245e-04 1.33586694e-03 2.75267679e-03 4.91650672e-03 8.09649845e-03 1.26421481e-02 1.89695294e-02 2.74905975e-02 3.87912503e-02 5.32471641e-02 7.12105641e-02 9.27434871e-02 1.18441327e-01 1.47279512e-01 1.78454382e-01 2.10759781e-01 2.42557671e-01 2.71795187e-01 2.96616032e-01 3.15115693e-01 3.25911514e-01 3.28136433e-01 3.21536439e-01 3.06755280e-01 2.84890344e-01 2.57612597e-01 2.26860975e-01 1.94511882e-01 1.62645804e-01 1.32516375e-01 1.05160984e-01 8.15190009e-02 6.17852533e-02 4.55815196e-02 3.27692486e-02 2.29158859e-02 1.55629296e-02 1.01734068e-02 6.35941887e-03 3.72401890e-03 1.96707257e-03 8.34589190e-04 1.45086448e-04 -2.34779095e-04 -4.02405705e-04 -4.23183380e-04 -3.40323814e-04 -2.40504966e-04 -1.53705009e-04 -8.75480121e-05 -4.38232523e-05 -1.90235213e-05 -7.07386335e-06 -2.22942453e-06 -5.92266652e-07 -1.35091396e-07 -3.04700283e-08 -1.10044349e-08 -8.08544309e-09 -7.74006281e-09 -7.71337094e-09 -7.71766512e-09 -7.72393449e-09 -7.72981024e-09 -7.73508502e-09 -7.73970654e-09 -7.74364106e-09 -7.74685266e-09 -7.74931341e-09 -7.75097869e-09 -7.75182218e-09 -7.75182230e-09 -7.75097864e-09 -7.74931341e-09 -7.74685260e-09 -7.74364095e-09 -7.73970665e-09 -7.73508496e-09 -7.72981007e-09 -7.72393460e-09 -7.71766523e-09 -7.71337083e-09 -7.74006309e-09 -8.08544309e-09 -1.10044350e-08 -3.04700284e-08 -1.35091396e-07 -5.92266652e-07 -2.22942453e-06 -7.07386335e-06 -1.90235213e-05 -4.38232523e-05 -8.75480121e-05 -1.53705009e-04 -2.40504966e-04 -3.40323814e-04 -4.23183380e-04 -4.02405705e-04 -2.34779095e-04 1.45086448e-04 8.34589190e-04 1.96707257e-03 3.72401890e-03 6.35941887e-03 1.01734068e-02 1.55629296e-02 2.29158859e-02 3.27692486e-02 4.55815196e-02 6.17852533e-02 8.15190009e-02 1.05160984e-01 1.32516375e-01 1.62645804e-01 1.94511882e-01 2.26860975e-01 2.57612597e-01 2.84890344e-01 3.06755280e-01 3.21536439e-01 3.28136433e-01 3.25911514e-01 3.15115693e-01 2.96616032e-01 2.71795187e-01 2.42557671e-01 2.10759781e-01 1.78454382e-01 1.47279512e-01 1.18441327e-01 9.27434871e-02 7.12105641e-02 5.32471641e-02 3.87912503e-02 2.74905975e-02 1.89695294e-02 1.26421481e-02 8.09649845e-03 4.91650672e-03 2.75267679e-03 1.33586694e-03 4.43381245e-04 -7.63343728e-05 -3.40520901e-04 -4.28277572e-04 -3.90902021e-04 -2.89443404e-04 -1.94879108e-04 -1.17789196e-04 -6.30024031e-05 -2.94156029e-05 -1.18355612e-05 -4.05639653e-06 -1.17375577e-06 -2.87266563e-07 -6.29427708e-08 -1.66093433e-08 -8.86002782e-09 -7.82260162e-09 -7.71737840e-09 -7.71480346e-09 -7.72081371e-09 -7.72694259e-09 -7.73252751e-09 -7.73748021e-09 -7.74176168e-09 -7.74533926e-09 -7.74817921e-09 -7.75024844e-09 -7.75150366e-09 -7.75192949e-09
-7.75192921e-09 -7.75151454e-09 -7.75029352e-09 -7.74827880e-09 -7.74551001e-09 -7.74202102e-09 -7.73784192e-09 -7.73300757e-09 -7.72755604e-09 -7.72157743e-09 -7.71574032e-09 -7.71881969e-09 -7.82929999e-09 -8.92222657e-09 -1.71236784e-08 -6.62935210e-08 -3.04491748e-07 -1.24444096e-06 -4.29053883e-06 -1.24679110e-05 -3.08200356e-05 -6.55843989e-05 -1.21729490e-04 -1.99844465e-04 -2.94480561e-04 -3.94693327e-04 -4.33004580e-04 -3.51180734e-04 -1.00362425e-04 3.96670959e-04 1.25244155e-03 2.61667156e-03 4.71088886e-03 7.79626620e-03 1.22347533e-02 1.84045477e-02 2.67892709e-02 3.79058292e-02 5.21980401e-02 6.99290587e-02 9.16070147e-02 1.17160520e-01 1.45938629e-01 1.77165988e-01 2.09631053e-01 2.41502563e-01 2.70933941e-01 2.96087683e-01 3.14925401e-01 3.25901911e-01 3.28142366e-01 3.21466262e-01 3.06409860e-01 2.84156441e-01 2.56659086e-01 2.25739389e-01 1.93362107e-01 1.61285837e-01 1.31178879e-01 1.03954226e-01 8.01878708e-02 6.06272082e-02 4.46300458e-02 3.19889520e-02 2.22810532e-02 1.50813332e-02 9.82119091e-03 6.10994592e-03 3.55762288e-03 1.85963362e-03 7.71667298e-04 1.11168201e-04 -2.51029039e-04 -4.09416106e-04 -4.26884801e-04 -3.44895271e-04 -2.45659595e-04 -1.58239297e-04 -9.08129723e-05 -4.57724773e-05 -1.99887750e-05 -7.46836884e-06 -2.36147720e-06 -6.28131113e-07 -1.42911370e-07 -3.18231369e-08 -1.11884397e-08 -8.10565504e-09 -7.74268549e-09 -7.71445463e-09 -7.71851005e-09 -7.72462166e-09 -7.73035569e-09 -7.73550496e-09 -7.74001530e-09 -7.74385500e-09 -7.74698611e-09 -7.74938302e-09 -7.75100389e-09 -7.75182507e-09 -7.75182496e-09 -7.75100412e-09 -7.74938336e-09 -7.74698583e-09 -7.74385500e-09 -7.74001530e-09 -7.73550485e-09 -7.73035563e-09 -7.72462194e-09 -7.71851000e-09 -7.71445485e-09 -7.74268571e-09 -8.10565537e-09 -1.11884396e-08 -3.18231368e-08 -1.42911370e-07 -6.28131113e-07 -2.36147720e-06 -7.46836884e-06 -1.99887750e-05 -4.57724773e-05 -9.08129723e-05 -1.58239297e-04 -2.45659595e-04 -3.44895271e-04 -4.26884801e-04 -4.09416106e-04 -2.51029039e-04 1.11168201e-04 7.71667298e-04 1.85963362e-03 3.55762288e-03 6.10994592e-03 9.82119091e-03 1.50813332e-02 2.22810532e-02 3.19889520e-02 4.46300458e-02 6.06272082e-02 8.01878708e-02 1.03954226e-01 1.31178879e-01 1.61285837e-01 1.93362107e-01 2.25739389e-01 2.56659086e-01 2.84156441e-01 3.06409860e-01 3.21466262e-01 3.28142366e-01 3.25901911e-01 3.14925401e-01 2.96087683e-01 2.70933941e-01 2.41502563e-01 2.09631053e-01 1.77165988e-01 1.45938629e-01 1.17160520e-01 9.16070147e-02 6.99290587e-02 5.21980401e-02 3.79058292e-02 2.67892709e-02 1.84045477e-02 1.22347533e-02 7.79626620e-03 4.71088886e-03 2.61667156e-03 1.25244155e-03 3.96670959e-04 -1.00362425e-04 -3.51180734e-04 -4.33004580e-04 -3.94693327e-04 -2.94480561e-04 -1.99844465e-04 -1.21729490e-04 -6.55843989e-05 -3.08200356e-05 -1.24679110e-05 -4.29053883e-06 -1.24444096e-06 -3.04491748e-07 -6.62935209e-08 -1.71236786e-08 -8.92222674e-09 -7.82930004e-09 -7.71881947e-09 -7.71574027e-09 -7.72157710e-09 -7.72755598e-09 -7.73300779e-09 -7.73784187e-09 -7.74202097e-09 -7.74550990e-09 -7.74827869e-09 -7.75029352e-09 -7.75151432e-09 -7.75192915e-09
-7.75192954e-09 -7.75152481e-09 -7.75033737e-09 -7.74837300e-09 -7.74567610e-09 -7.74227016e-09 -7.73819214e-09 -7.73347203e-09 -7.72815162e-09 -7.72231679e-09 -7.71664976e-09 -7.72023956e-09 -7.83619158e-09 -8.98738306e-09 -1.76654006e-08 -6.98290179e-08 -3.22655170e-07 -1.31876445e-06 -4.53550697e-06 -1.31248023e-05 -3.22654368e-05 -6.82106483e-05 -1.25678336e-04 -2.04724295e-04 -2.99288267e-04 -3.98095489e-04 -4.37053125e-04 -3.60791198e-04 -1.22652455e-04 3.52920943e-04 1.17318114e-03 2.48782782e-03 4.51057398e-03 7.50771668e-03 1.18326214e-02 1.78547003e-02 2.61035363e-02 3.70449794e-02 5.11371651e-02 6.86898636e-02 9.04206158e-02 1.15828972e-01 1.44553983e-01 1.75902200e-01 2.08393421e-01 2.40423491e-01 2.70325301e-01 2.95683309e-01 3.14620374e-01 3.25765010e-01 3.28041272e-01 3.21259627e-01 3.06055309e-01 2.83696842e-01 2.55815872e-01 2.24579967e-01 1.92085611e-01 1.60000493e-01 1.29823920e-01 1.02679131e-01 7.90838690e-02 5.94449946e-02 4.36775562e-02 3.12044497e-02 2.16655462e-02 1.46030688e-02 9.47924360e-03 5.86684324e-03 3.39674415e-03 1.75644381e-03 7.11847183e-04 7.94090961e-05 -2.65850930e-04 -4.15606709e-04 -4.30053319e-04 -3.49158924e-04 -2.50660998e-04 -1.62742711e-04 -9.41108477e-05 -4.77674618e-05 -2.09871108e-05 -7.87975756e-06 -2.50001759e-06 -6.65905535e-07 -1.51162237e-07 -3.32500433e-08 -1.13818479e-08 -8.12670387e-09 -7.74532483e-09 -7.71550757e-09 -7.71932723e-09 -7.72528774e-09 -7.73088360e-09 -7.73591052e-09 -7.74031228e-09 -7.74406028e-09 -7.74711340e-09 -7.74945053e-09 -7.75102810e-09 -7.75182729e-09 -7.75182740e-09 -7.75102804e-09 -7.74945058e-09 -7.74711328e-09 -7.74406017e-09 -7.74031206e-09 -7.73591063e-09 -7.73088371e-09 -7.72528769e-09 -7.71932696e-09 -7.71550734e-09 -7.74532460e-09 -8.12670353e-09 -1.13818477e-08 -3.32500433e-08 -1.51162237e-07 -6.65905535e-07 -2.50001759e-06 -7.87975756e-06 -2.09871108e-05 -4.77674618e-05 -9.41108477e-05 -1.62742711e-04 -2.50660998e-04 -3.49158924e-04 -4.30053319e-04 -4.15606709e-04 -2.65850930e-04 7.94090961e-05 7.11847183e-04 1.75644381e-03 3.39674415e-03 5.86684324e-03 9.47924360e-03 1.46030688e-02 2.16655462e-02 3.12044497e-02 4.36775562e-02 5.94449946e-02 7.90838690e-02 1.02679131e-01 1.29823920e-01 1.60000493e-01 1.92085611e-01 2.24579967e-01 2.55815872e-01 2.83696842e-01 3.06055309e-01 3.21259627e-01 3.28041272e-01 3.25765010e-01 3.14620374e-01 2.95683309e-01 2.70325301e-01 2.40423491e-01 2.08393421e-01 1.75902200e-01 1.44553983e-01 1.15828972e-01 9.04206158e-02 6.86898636e-02 5.11371651e-02 3.70449794e-02 2.61035363e-02 1.78547003e-02 1.18326214e-02 7.50771668e-03 4.51057398e-03 2.48782782e-03 1.17318114e-03 3.52920943e-04 -1.22652455e-04 -3.60791198e-04 -4.37053125e-04 -3.98095489e-04 -2.99288267e-04 -2.04724295e-04 -1.25678336e-04 -6.82106483e-05 -3.22654368e-05 -1.31248023e-05 -4.53550697e-06 -1.31876445e-06 -3.22655171e-07 -6.98290178e-08 -1.76654005e-08 -8.98738289e-09 -7.83619153e-09 -7.72024006e-09 -7.71664965e-09 -7.72231668e-09 -7.72815145e-09 -7.73347164e-09 -7.73819231e-09 -7.74227016e-09 -7.74567588e-09 -7.74837328e-09 -7.75033748e-09 -7.75152464e-09 -7.75192954e-09
-7.75192938e-09 -7.75153391e-09 -7.75037956e-09 -7.74846465e-09 -7.74583453e-09 -7.74251113e-09 -7.73852959e-09 -7.73392239e-09 -7.72872777e-09 -7.72303210e-09 -7.71753006e-09 -7.72163744e-09 -7.84329018e-09 -9.05564002e-09 -1.82358547e-08 -7.35582447e-08 -3.41799583e-07 -1.39686951e-06 -4.79162028e-06 -1.38065917e-05 -3.37514046e-05 -7.08783383e-05 -1.29628882e-04 -2.09508118e-04 -3.03856429e-04 -4.01116818e-04 -4.40462096e-04 -3.69328252e-04 -1.43056750e-04 3.11456988e-04 1.09743107e-03 2.36417403e-03 4.31781516e-03 7.22585811e-03 1.14342008e-02 1.73196174e-02 2.54197185e-02 3.61906198e-02 5.00572155e-02 6.76380889e-02 8.91819224e-02 1.14472724e-01 1.43244449e-01 1.74539951e-01 2.07149307e-01 2.39612889e-01 2.69610911e-01 2.95311410e-01 3.14582927e-01 3.25854682e-01 3.28160106e-01 3.21298036e-01 3.05849352e-01 2.83158490e-01 2.55049952e-01 2.23559222e-01 1.90774435e-01 1.58650399e-01 1.28455806e-01 1.01372039e-01 7.79377651e-02 5.82948397e-02 4.27194090e-02 3.04352909e-02 2.10701132e-02 1.41329777e-02 9.14808436e-03 5.63161157e-03 3.24067752e-03 1.65821486e-03 6.54898262e-04 4.99451234e-05 -2.79332170e-04 -4.20891839e-04 -4.32751823e-04 -3.53107325e-04 -2.55498161e-04 -1.67206321e-04 -9.74369343e-05 -4.98068412e-05 -2.20186632e-05 -8.30841451e-06 -2.64527247e-06 -7.05671829e-07 -1.59864451e-07 -3.47543764e-08 -1.15851117e-08 -8.14862644e-09 -7.74798747e-09 -7.71653169e-09 -7.72011893e-09 -7.72593145e-09 -7.73139441e-09 -7.73630343e-09 -7.74059994e-09 -7.74425857e-09 -7.74723674e-09 -7.74951558e-09 -7.75105102e-09 -7.75182929e-09 -7.75182940e-09 -7.75105119e-09 -7.74951525e-09 -7.74723657e-09 -7.74425857e-09 -7.74060027e-09 -7.73630338e-09 -7.73139447e-09 -7.72593178e-09 -7.72011877e-09 -7.71653147e-09 -7.74798747e-09 -8.14862627e-09 -1.15851119e-08 -3.47543763e-08 -1.59864451e-07 -7.05671830e-07 -2.64527247e-06 -8.30841451e-06 -2.20186632e-05 -4.98068412e-05 -9.74369343e-05 -1.67206321e-04 -2.55498161e-04 -3.53107325e-04 -4.32751823e-04 -4.20891839e-04 -2.79332170e-04 4.99451234e-05 6.54898262e-04 1.65821486e-03 3.24067752e-03 5.63161157e-03 9.14808436e-03 1.41329777e-02 2.10701132e-02 3.04352909e-02 4.27194090e-02 5.82948397e-02 7.79377651e-02 1.01372039e-01 1.28455806e-01 1.58650399e-01 1.90774435e-01 2.23559222e-01 2.55049952e-01 2.83158490e-01 3.05849352e-01 3.21298036e-01 3.28160106e-01 3.25854682e-01 3.14582927e-01 2.95311410e-01 2.69610911e-01 2.39612889e-01 2.07149307e-01 1.74539951e-01 1.43244449e-01 1.14472724e-01 8.91819224e-02 6.76380889e-02 5.00572155e-02 3.61906198e-02 2.54197185e-02 1.73196174e-02 1.14342008e-02 7.22585811e-03 4.31781516e-03 2.36417403e-03 1.09743107e-03 3.11456988e-04 -1.43056750e-04 -3.69328252e-04 -4.40462096e-04 -4.01116818e-04 -3.03856429e-04 -2.09508118e-04 -1.29628882e-04 -7.08783383e-05 -3.37514046e-05 -1.38065917e-05 -4.79162028e-06 -1.39686951e-06 -3.41799583e-07 -7.35582446e-08 -1.82358547e-08 -9.05563990e-09 -7.84329018e-09 -7.72163739e-09 -7.71753000e-09 -7.72303227e-09 -7.72872766e-09 -7.73392228e-09 -7.73852948e-09 -7.74251113e-09 -7.74583453e-09 -7.74846470e-09 -7.75037962e-09 -7.75153375e-09 -7.75192915e-09
-7.75192954e-09 -7.75154307e-09 -7.75041914e-09 -7.74855291e-09 -7.74598835e-09 -7.74274356e-09 -7.73885744e-09 -7.73435815e-09 -7.72928499e-09 -7.72372544e-09 -7.71838371e-09 -7.72301662e-09 -7.85060295e-09 -9.12714282e-09 -1.88364353e-08 -7.74905524e-08 -3.61969158e-07 -1.47890222e-06 -5.05919606e-06 -1.45136030e-05 -3.52774288e-05 -7.35844652e-05 -1.33574137e-04 -2.14185678e-04 -3.08175827e-04 -4.03753412e-04 -4.43221306e-04 -3.76890090e-04 -1.61643719e-04 2.72128325e-04 1.02500317e-03 2.24481201e-03 4.13124610e-03 6.95524305e-03 1.10406347e-02 1.68096320e-02 2.47423410e-02 3.53360078e-02 4.89932173e-02 6.65564503e-02 8.79213005e-02 1.13139395e-01 1.41842698e-01 1.73156201e-01 2.06113811e-01 2.38703487e-01 2.69117873e-01 2.95079032e-01 3.14534278e-01 3.25894349e-01 3.28214926e-01 3.21302049e-01 3.05731705e-01 2.82792166e-01 2.54324665e-01 2.22541924e-01 1.89572719e-01 1.57251501e-01 1.27114869e-01 1.00034576e-01 7.67511303e-02 5.73094022e-02 4.17489998e-02 2.96786712e-02 2.04809478e-02 1.36798177e-02 8.82075633e-03 5.40644958e-03 3.08958082e-03 1.56479305e-03 6.00952250e-04 2.23779859e-05 -2.91543000e-04 -4.25400412e-04 -4.34971579e-04 -3.56734243e-04 -2.60160598e-04 -1.71621197e-04 -1.00786336e-04 -5.18890956e-05 -2.30835017e-05 -8.75471218e-06 -2.79747069e-06 -7.47514154e-07 -1.69039233e-07 -3.63399081e-08 -1.17987033e-08 -8.17146695e-09 -7.75067677e-09 -7.71752962e-09 -7.72088560e-09 -7.72655562e-09 -7.73188963e-09 -7.73668296e-09 -7.74087722e-09 -7.74445036e-09 -7.74735442e-09 -7.74957803e-09 -7.75107312e-09 -7.75183151e-09 -7.75183151e-09 -7.75107323e-09 -7.74957787e-09 -7.74735431e-09 -7.74445025e-09 -7.74087761e-09 -7.73668296e-09 -7.73188991e-09 -7.72655562e-09 -7.72088571e-09 -7.71752939e-09 -7.75067677e-09 -8.17146739e-09 -1.17987032e-08 -3.63399078e-08 -1.69039234e-07 -7.47514154e-07 -2.79747069e-06 -8.75471218e-06 -2.30835017e-05 -5.18890956e-05 -1.00786336e-04 -1.71621197e-04 -2.60160598e-04 -3.56734243e-04 -4.34971579e-04 -4.25400412e-04 -2.91543000e-04 2.23779859e-05 6.00952250e-04 1.56479305e-03 3.08958082e-03 5.40644958e-03 8.82075633e-03 1.36798177e-02 2.04809478e-02 2.96786712e-02 4.17489998e-02 5.73094022e-02 7.67511303e-02 1.00034576e-01 1.27114869e-01 1.57251501e-01 1.89572719e-01 2.22541924e-01 2.54324665e-01 2.82792166e-01 3.05731705e-01 3.21302049e-01 3.28214926e-01 3.25894349e-01 3.14534278e-01 2.95079032e-01 2.69117873e-01 2.38703487e-01 2.06113811e-01 1.73156201e-01 1.41842698e-01 1.13139395e-01 8.79213005e-02 6.65564503e-02 4.89932173e-02 3.53360078e-02 2.47423410e-02 1.68096320e-02 1.10406347e-02 6.95524305e-03 4.13124610e-03 2.24481201e-03 1.02500317e-03 2.72128325e-04 -1.61643719e-04 -3.76890090e-04 -4.43221306e-04 -4.03753412e-04 -3.08175827e-04 -2.14185678e-04 -1.33574137e-04 -7.35844652e-05 -3.52774288e-05 -1.45136030e-05 -5.05919606e-06 -1.47890222e-06 -3.61969158e-07 -7.74905523e-08 -1.88364354e-08 -9.12714276e-09 -7.85060289e-09 -7.72301645e-09 -7.71838393e-09 -7.72372566e-09 -7.72928466e-09 -7.73435826e-09 -7.73885750e-09 -7.74274389e-09 -7.74598835e-09 -7.74855258e-09 -7.75041908e-09 -7.75154291e-09 -7.75192932e-09
-7.75192965e-09 -7.75155079e-09 -7.75045861e-09 -7.74863601e-09 -7.74613557e-09 -7.74296827e-09 -7.73917369e-09 -7.73477915e-09 -7.72982534e-09 -7.72439712e-09 -7.71921260e-09 -7.72437792e-09 -7.85814602e-09 -9.20204335e-09 -1.94685970e-08 -8.16356525e-08 -3.83209483e-07 -1.56501138e-06 -5.33854874e-06 -1.52461251e-05 -3.68428885e-05 -7.63258407e-05 -1.37507000e-04 -2.18746992e-04 -3.12238162e-04 -4.06002408e-04 -4.45396698e-04 -3.83520285e-04 -1.78693860e-04 2.34988944e-04 9.56417456e-04 2.12977917e-03 3.95203764e-03 6.69115803e-03 1.06595799e-02 1.63074136e-02 2.40818738e-02 3.44753044e-02 4.80849596e-02 6.54408506e-02 8.66319184e-02 1.11801910e-01 1.40433579e-01 1.71974847e-01 2.05005312e-01 2.37952361e-01 2.68610316e-01 2.94705111e-01 3.14256709e-01 3.25674222e-01 3.28006727e-01 3.21058334e-01 3.05411416e-01 2.82357236e-01 2.53716685e-01 2.21610125e-01 1.88387864e-01 1.55898630e-01 1.25708850e-01 9.87473676e-02 7.55503547e-02 5.62992825e-02 4.07762397e-02 2.89268781e-02 1.98918572e-02 1.32432592e-02 8.49784256e-03 5.18689598e-03 2.94474172e-03 1.47567464e-03 5.49732370e-04 -3.27241140e-06 -3.02566512e-04 -4.29110629e-04 -4.36693341e-04 -3.60034683e-04 -2.64638401e-04 -1.75978447e-04 -1.04153976e-04 -5.40125504e-05 -2.41816276e-05 -9.21900898e-06 -2.95684282e-06 -7.91518890e-07 -1.78708571e-07 -3.80105707e-08 -1.20231157e-08 -8.19526791e-09 -7.75339404e-09 -7.71850039e-09 -7.72162956e-09 -7.72715941e-09 -7.73236819e-09 -7.73705100e-09 -7.74114595e-09 -7.74463449e-09 -7.74746817e-09 -7.74963693e-09 -7.75109410e-09 -7.75183262e-09 -7.75183251e-09 -7.75109388e-09 -7.74963693e-09 -7.74746856e-09 -7.74463449e-09 -7.74114572e-09 -7.73705111e-09 -7.73236813e-09 -7.72715941e-09 -7.72162928e-09 -7.71850028e-09 -7.75339382e-09 -8.19526752e-09 -1.20231156e-08 -3.80105706e-08 -1.78708571e-07 -7.91518890e-07 -2.95684282e-06 -9.21900898e-06 -2.41816276e-05 -5.40125504e-05 -1.04153976e-04 -1.75978447e-04 -2.64638401e-04 -3.60034683e-04 -4.36693341e-04 -4.29110629e-04 -3.02566512e-04 -3.27241140e-06 5.49732370e-04 1.47567464e-03 2.94474172e-03 5.18689598e-03 8.49784256e-03 1.32432592e-02 1.98918572e-02 2.89268781e-02 4.07762397e-02 5.62992825e-02 7.55503547e-02 9.87473676e-02 1.25708850e-01 1.55898630e-01 1.88387864e-01 2.21610125e-01 2.53716685e-01 2.82357236e-01 3.05411416e-01 3.21058334e-01 3.28006727e-01 3.25674222e-01 3.14256709e-01 2.94705111e-01 2.68610316e-01 2.37952361e-01 2.05005312e-01 1.71974847e-01 1.40433579e-01 1.11801910e-01 8.66319184e-02 6.54408506e-02 4.80849596e-02 3.44753044e-02 2.40818738e-02 1.63074136e-02 1.06595799e-02 6.69115803e-03 3.95203764e-03 2.12977917e-03 9.56417456e-04 2.34988944e-04 -1.78693860e-04 -3.83520285e-04 -4.45396698e-04 -4.06002408e-04 -3.12238162e-04 -2.18746992e-04 -1.37507000e-04 -7.63258407e-05 -3.68428885e-05 -1.52461251e-05 -5.33854874e-06 -1.56501138e-06 -3.83209483e-07 -8.16356525e-08 -1.94685971e-08 -9.20204368e-09 -7.85814580e-09 -7.72437792e-09 -7.71921271e-09 -7.72439712e-09 -7.72982550e-09 -7.73477909e-09 -7.73917386e-09 -7.74296799e-09 -7.74613562e-09 -7.74863596e-09 -7.75045872e-09 -7.75155079e-09 -7.75192965e-09
-7.75192954e-09 -7.75155806e-09 -7.75049619e-09 -7.74871778e-09 -7.74627906e-09 -7.74318509e-09 -7.73947939e-09 -7.73518710e-09 -7.73034881e-09 -7.72504843e-09 -7.72001635e-09 -7.72572323e-09 -7.86592641e-09 -9.28049920e-09 -2.01338554e-08 -8.60036348e-08 -4.05567577e-07 -1.65534833e-06 -5.62998901e-06 -1.60044089e-05 -3.84470502e-05 -7.90990978e-05 -1.41420287e-04 -2.23182392e-04 -3.16036082e-04 -4.07861384e-04 -4.46964531e-04 -3.89060227e-04 -1.94466676e-04 2.00189018e-04 8.91240725e-04 2.01888459e-03 3.77934605e-03 6.43172566e-03 1.02910146e-02 1.58079390e-02 2.34293187e-02 3.36103673e-02 4.71607146e-02 6.43168174e-02 8.54025283e-02 1.10421170e-01 1.39119233e-01 1.70710671e-01 2.04030182e-01 2.37162539e-01 2.67902208e-01 2.94090518e-01 3.13717923e-01 3.25187558e-01 3.27531681e-01 3.20549909e-01 3.04837173e-01 2.81696550e-01 2.52970406e-01 2.20758112e-01 1.87258349e-01 1.54634313e-01 1.24296699e-01 9.74362663e-02 7.43282518e-02 5.52645537e-02 3.99489228e-02 2.81736621e-02 1.93236237e-02 1.28195149e-02 8.18305503e-03 4.97637338e-03 2.80495104e-03 1.39020092e-03 5.01220648e-04 -2.72135430e-05 -3.12294299e-04 -4.32039400e-04 -4.37972711e-04 -3.63004891e-04 -2.68922284e-04 -1.80269256e-04 -1.07534619e-04 -5.61753768e-05 -2.53129715e-05 -9.70164765e-06 -3.12362072e-06 -8.37774605e-07 -1.88895242e-07 -3.97704539e-08 -1.22588572e-08 -8.22006929e-09 -7.75614573e-09 -7.71944808e-09 -7.72234993e-09 -7.72774678e-09 -7.73283260e-09 -7.73740616e-09 -7.74140563e-09 -7.74481357e-09 -7.74757808e-09 -7.74969433e-09 -7.75111331e-09 -7.75183412e-09 -7.75183395e-09 -7.75111325e-09 -7.74969439e-09 -7.74757802e-09 -7.74481362e-09 -7.74140563e-09 -7.73740627e-09 -7.73283260e-09 -7.72774666e-09 -7.72234976e-09 -7.71944814e-09 -7.75614584e-09 -8.22006924e-09 -1.22588573e-08 -3.97704543e-08 -1.88895242e-07 -8.37774605e-07 -3.12362072e-06 -9.70164765e-06 -2.53129715e-05 -5.61753768e-05 -1.07534619e-04 -1.80269256e-04 -2.68922284e-04 -3.63004891e-04 -4.37972711e-04 -4.32039400e-04 -3.12294299e-04 -2.72135430e-05 5.01220648e-04 1.39020092e-03 2.80495104e-03 4.97637338e-03 8.18305503e-03 1.28195149e-02 1.93236237e-02 2.81736621e-02 3.99489228e-02 5.52645537e-02 7.43282518e-02 9.74362663e-02 1.24296699e-01 1.54634313e-01 1.87258349e-01 2.20758112e-01 2.52970406e-01 2.81696550e-01 3.04837173e-01 3.20549909e-01 3.27531681e-01 3.25187558e-01 3.13717923e-01 2.94090518e-01 2.67902208e-01 2.37162539e-01 2.04030182e-01 1.70710671e-01 1.39119233e-01 1.10421170e-01 8.54025283e-02 6.43168174e-02 4.71607146e-02 3.36103673e-02 2.34293187e-02 1.58079390e-02 1.02910146e-02 6.43172566e-03 3.77934605e-03 2.01888459e-03 8.91240725e-04 2.00189018e-04 -1.94466676e-04 -3.89060227e-04 -4.46964531e-04 -4.07861384e-04 -3.16036082e-04 -2.23182392e-04 -1.41420287e-04 -7.90990978e-05 -3.84470502e-05 -1.60044089e-05 -5.62998901e-06 -1.65534833e-06 -4.05567577e-07 -8.60036348e-08 -2.01338554e-08 -9.28049920e-09 -7.86592630e-09 -7.72572317e-09 -7.72001635e-09 -7.72504849e-09 -7.73034892e-09 -7.73518710e-09 -7.73947939e-09 -7.74318532e-09 -7.74627912e-09 -7.74871772e-09 -7.75049613e-09 -7.75155790e-09 -7.75192943e-09
-7.75192910e-09 -7.75156356e-09 -7.75053210e-09 -7.74879516e-09 -7.74641717e-09 -7.74339526e-09 -7.73977676e-09 -7.73558345e-09 -7.73085646e-09 -7.72568065e-09 -7.72079550e-09 -7.72705500e-09 -7.87395937e-09 -9.36267119e-09 -2.08337853e-08 -9.06049710e-08 -4.29091900e-07 -1.75006684e-06 -5.93382285e-06 -1.67886659e-05 -4.00890657e-05 -8.19006990e-05 -1.45306760e-04 -2.27482578e-04 -3.19563212e-04 -4.09335017e-04 -4.47960464e-04 -3.93724342e-04 -2.08861300e-04 1.67547733e-04 8.29311430e-04 1.91297595e-03 3.61245368e-03 6.17726975e-03 9.94031525e-03 1.53202564e-02 2.27785557e-02 3.28467720e-02 4.62182570e-02 6.31778802e-02 8.41381667e-02 1.09046753e-01 1.37801916e-01 1.69572960e-01 2.03016257e-01 2.36182901e-01 2.66975269e-01 2.93264919e-01 3.13065862e-01 3.24661774e-01 3.27032099e-01 3.19972490e-01 3.04089804e-01 2.80811167e-01 2.52011591e-01 2.19759846e-01 1.86207242e-01 1.53366916e-01 1.23019738e-01 9.61030811e-02 7.31657482e-02 5.42255019e-02 3.91137481e-02 2.74172599e-02 1.87630858e-02 1.24028765e-02 7.88072796e-03 4.77103667e-03 2.67167404e-03 1.30794782e-03 4.55448396e-04 -4.97215870e-05 -3.20929357e-04 -4.34270441e-04 -4.38778798e-04 -3.65642352e-04 -2.73003626e-04 -1.84484923e-04 -1.10922881e-04 -5.83755932e-05 -2.64773906e-05 -1.02029537e-05 -3.29803715e-06 -8.86372032e-07 -1.99622815e-07 -4.16238090e-08 -1.25064631e-08 -8.24592217e-09 -7.75893433e-09 -7.72037090e-09 -7.72304831e-09 -7.72831465e-09 -7.73328218e-09 -7.73775144e-09 -7.74165676e-09 -7.74498721e-09 -7.74768333e-09 -7.74974984e-09 -7.75113251e-09 -7.75183462e-09 -7.75183490e-09 -7.75113251e-09 -7.74974973e-09 -7.74768327e-09 -7.74498710e-09 -7.74165665e-09 -7.73775166e-09 -7.73328229e-09 -7.72831465e-09 -7.72304865e-09 -7.72037079e-09 -7.75893427e-09 -8.24592239e-09 -1.25064629e-08 -4.16238092e-08 -1.99622816e-07 -8.86372032e-07 -3.29803715e-06 -1.02029537e-05 -2.64773906e-05 -5.83755932e-05 -1.10922881e-04 -1.84484923e-04 -2.73003626e-04 -3.65642352e-04 -4.38778798e-04 -4.34270441e-04 -3.20929357e-04 -4.97215870e-05 4.55448396e-04 1.30794782e-03 2.67167404e-03 4.77103667e-03 7.88072796e-03 1.24028765e-02 1.87630858e-02 2.74172599e-02 3.91137481e-02 5.42255019e-02 7.31657482e-02 9.61030811e-02 1.23019738e-01 1.53366916e-01 1.86207242e-01 2.19759846e-01 2.52011591e-01 2.80811167e-01 3.04089804e-01 3.19972490e-01 3.27032099e-01 3.24661774e-01 3.13065862e-01 2.93264919e-01 2.66975269e-01 2.36182901e-01 2.03016257e-01 1.69572960e-01 1.37801916e-01 1.09046753e-01 8.41381667e-02 6.31778802e-02 4.62182570e-02 3.28467720e-02 2.27785557e-02 1.53202564e-02 9.94031525e-03 6.17726975e-03 3.61245368e-03 1.91297595e-03 8.29311430e-04 1.67547733e-04 -2.08861300e-04 -3.93724342e-04 -4.47960464e-04 -4.09335017e-04 -3.19563212e-04 -2.27482578e-04 -1.45306760e-04 -8.19006990e-05 -4.00890657e-05 -1.67886659e-05 -5.93382285e-06 -1.75006684e-06 -4.29091900e-07 -9.06049712e-08 -2.08337853e-08 -9.36267130e-09 -7.87395926e-09 -7.72705483e-09 -7.72079572e-09 -7.72568048e-09 -7.73085646e-09 -7.73558351e-09 -7.73977654e-09 -7.74339515e-09 -7.74641734e-09 -7.74879516e-09 -7.75053183e-09 -7.75156361e-09 -7.75192927e-09
-7.75192938e-09 -7.75156933e-09 -7.75056752e-09 -7.74886899e-09 -7.74655173e-09 -7.74359743e-09 -7.74006453e-09 -7.73596631e-09 -7.73134951e-09 -7.72629327e-09 -7.72155367e-09 -7.72837405e-09 -7.88225690e-09 -9.44872935e-09 -2.15700231e-08 -9.54505281e-08 -4.53832340e-07 -1.84932290e-06 -6.25035065e-06 -1.75990652e-05 -4.17679715e-05 -8.47269445e-05 -1.49159153e-04 -2.31638651e-04 -3.22814171e-04 -4.10431181e-04 -4.48427850e-04 -3.97610348e-04 -2.21965884e-04 1.36906926e-04 7.70433718e-04 1.81138435e-03 3.45233263e-03 5.93098830e-03 9.59705346e-03 1.48445953e-02 2.21280011e-02 3.21039496e-02 4.52732990e-02 6.20888206e-02 8.28648770e-02 1.07787755e-01 1.36539336e-01 1.68418902e-01 2.01841222e-01 2.35012686e-01 2.65952901e-01 2.92484136e-01 3.12593770e-01 3.24367749e-01 3.26776245e-01 3.19604883e-01 3.03488314e-01 2.79910895e-01 2.50879859e-01 2.18584379e-01 1.85042988e-01 1.52182552e-01 1.21689608e-01 9.47963006e-02 7.19717758e-02 5.31766691e-02 3.82654215e-02 2.67216102e-02 1.82072296e-02 1.19908426e-02 7.59019023e-03 4.56970266e-03 2.54278697e-03 1.22928245e-03 4.12126298e-04 -7.05560561e-05 -3.28568745e-04 -4.35819997e-04 -4.39136710e-04 -3.67945781e-04 -2.76874507e-04 -1.88616902e-04 -1.14313251e-04 -6.06110677e-05 -2.76746665e-05 -1.07232335e-05 -3.48032526e-06 -9.37404018e-07 -2.10915667e-07 -4.35750538e-08 -1.27664824e-08 -8.27286945e-09 -7.76176201e-09 -7.72127196e-09 -7.72372555e-09 -7.72886621e-09 -7.73371861e-09 -7.73808684e-09 -7.74189973e-09 -7.74515441e-09 -7.74778569e-09 -7.74980341e-09 -7.75115050e-09 -7.75183528e-09 -7.75183551e-09 -7.75115033e-09 -7.74980352e-09 -7.74778552e-09 -7.74515430e-09 -7.74189979e-09 -7.73808678e-09 -7.73371855e-09 -7.72886632e-09 -7.72372544e-09 -7.72127207e-09 -7.76176196e-09 -8.27286950e-09 -1.27664825e-08 -4.35750538e-08 -2.10915667e-07 -9.37404018e-07 -3.48032526e-06 -1.07232335e-05 -2.76746665e-05 -6.06110677e-05 -1.14313251e-04 -1.88616902e-04 -2.76874507e-04 -3.67945781e-04 -4.39136710e-04 -4.35819997e-04 -3.28568745e-04 -7.05560561e-05 4.12126298e-04 1.22928245e-03 2.54278697e-03 4.56970266e-03 7.59019023e-03 1.19908426e-02 1.82072296e-02 2.67216102e-02 3.82654215e-02 5.31766691e-02 7.19717758e-02 9.47963006e-02 1.21689608e-01 1.52182552e-01 1.85042988e-01 2.18584379e-01 2.50879859e-01 2.79910895e-01 3.03488314e-01 3.19604883e-01 3.26776245e-01 3.24367749e-01 3.12593770e-01 2.92484136e-01 2.65952901e-01 2.35012686e-01 2.01841222e-01 1.68418902e-01 1.36539336e-01 1.07787755e-01 8.28648770e-02 6.20888206e-02 4.52732990e-02 3.21039496e-02 2.21280011e-02 1.48445953e-02 9.59705346e-03 5.93098830e-03 3.45233263e-03 1.81138435e-03 7.70433718e-04 1.36906926e-04 -2.21965884e-04 -3.97610348e-04 -4.48427850e-04 -4.10431181e-04 -3.22814171e-04 -2.31638651e-04 -1.49159153e-04 -8.47269445e-05 -4.17679715e-05 -1.75990652e-05 -6.25035065e-06 -1.84932290e-06 -4.53832340e-07 -9.54505279e-08 -2.15700231e-08 -9.44872930e-09 -7.88225685e-09 -7.72837416e-09 -7.72155356e-09 -7.72629305e-09 -7.73134967e-09 -7.73596620e-09 -7.74006453e-09 -7.74359771e-09 -7.74655179e-09 -7.74886927e-09 -7.75056769e-09 -7.75156922e-09 -7.75192949e-09
-7.75192927e-09 -7.75157383e-09 -7.75060155e-09 -7.74893993e-09 -7.74668152e-09 -7.74379377e-09 -7.74034392e-09 -7.73633896e-09 -7.73182723e-09 -7.72688591e-09 -7.72228903e-09 -7.72968084e-09 -7.89083043e-09 -9.53884699e-09 -2.23442692e-08 -1.00551555e-07 -4.79840225e-07 -1.95327452e-06 -6.57986616e-06 -1.84357316e-05 -4.34826876e-05 -8.75739822e-05 -1.52970203e-04 -2.35642157e-04 -3.25784591e-04 -4.11157353e-04 -4.48392600e-04 -4.00711481e-04 -2.33837575e-04 1.08395287e-04 7.14111537e-04 1.71477896e-03 3.29646544e-03 5.69446826e-03 9.25819007e-03 1.43762435e-02 2.15008500e-02 3.13530008e-02 4.43240885e-02 6.09764877e-02 8.16281973e-02 1.06491412e-01 1.35332056e-01 1.67143418e-01 2.00510043e-01 2.33804972e-01 2.65072631e-01 2.91945718e-01 3.12160680e-01 3.24002987e-01 3.26426207e-01 3.19211783e-01 3.03005588e-01 2.79215583e-01 2.49797449e-01 2.17268388e-01 1.83731439e-01 1.50947198e-01 1.20458767e-01 9.35623881e-02 7.07768100e-02 5.21728324e-02 3.74154501e-02 2.60718371e-02 1.76542905e-02 1.15938506e-02 7.31012836e-03 4.37390184e-03 2.41907938e-03 1.15424285e-03 3.71259755e-04 -8.96825784e-05 -3.35237143e-04 -4.36720328e-04 -4.39081232e-04 -3.69915105e-04 -2.80527743e-04 -1.92656835e-04 -1.17700109e-04 -6.28795205e-05 -2.89045023e-05 -1.12627733e-05 -3.67071814e-06 -9.90965473e-07 -2.22798987e-07 -4.56287704e-08 -1.30394870e-08 -8.30096081e-09 -7.76463338e-09 -7.72215086e-09 -7.72438313e-09 -7.72940106e-09 -7.73414133e-09 -7.73841119e-09 -7.74213554e-09 -7.74531639e-09 -7.74788356e-09 -7.74985454e-09 -7.75116704e-09 -7.75183562e-09 -7.75183540e-09 -7.75116704e-09 -7.74985470e-09 -7.74788356e-09 -7.74531628e-09 -7.74213538e-09 -7.73841130e-09 -7.73414122e-09 -7.72940134e-09 -7.72438319e-09 -7.72215075e-09 -7.76463371e-09 -8.30096081e-09 -1.30394870e-08 -4.56287704e-08 -2.22798986e-07 -9.90965473e-07 -3.67071814e-06 -1.12627733e-05 -2.89045023e-05 -6.28795205e-05 -1.17700109e-04 -1.92656835e-04 -2.80527743e-04 -3.69915105e-04 -4.39081232e-04 -4.36720328e-04 -3.35237143e-04 -8.96825784e-05 3.71259755e-04 1.15424285e-03 2.41907938e-03 4.37390184e-03 7.31012836e-03 1.15938506e-02 1.76542905e-02 2.60718371e-02 3.74154501e-02 5.21728324e-02 7.07768100e-02 9.35623881e-02 1.20458767e-01 1.50947198e-01 1.83731439e-01 2.17268388e-01 2.49797449e-01 2.79215583e-01 3.03005588e-01 3.19211783e-01 3.26426207e-01 3.24002987e-01 3.12160680e-01 2.91945718e-01 2.65072631e-01 2.33804972e-01 2.00510043e-01 1.67143418e-01 1.35332056e-01 1.06491412e-01 8.16281973e-02 6.09764877e-02 4.43240885e-02 3.13530008e-02 2.15008500e-02 1.43762435e-02 9.25819007e-03 5.69446826e-03 3.29646544e-03 1.71477896e-03 7.14111537e-04 1.08395287e-04 -2.33837575e-04 -4.00711481e-04 -4.48392600e-04 -4.11157353e-04 -3.25784591e-04 -2.35642157e-04 -1.52970203e-04 -8.75739822e-05 -4.34826876e-05 -1.84357316e-05 -6.57986616e-06 -1.95327452e-06 -4.79840225e-07 -1.00551555e-07 -2.23442689e-08 -9.53884677e-09 -7.89083032e-09 -7.72968062e-09 -7.72228886e-09 -7.72688591e-09 -7.73182707e-09 -7.73633885e-09 -7.74034403e-09 -7.74379383e-09 -7.74668157e-09 -7.74893993e-09 -7.75060144e-09 -7.75157388e-09 -7.75192910e-09
-7.75192910e-09 -7.75157755e-09 -7.75063441e-09 -7.74900849e-09 -7.74680731e-09 -7.74398357e-09 -7.74061509e-09 -7.73669995e-09 -7.73229208e-09 -7.72746200e-09 -7.72300496e-09 -7.73097886e-09 -7.89969062e-09 -9.63320090e-09 -2.31582808e-08 -1.05919709e-07 -5.07168297e-07 -2.06208155e-06 -6.92265552e-06 -1.92987431e-05 -4.52320171e-05 -9.04378175e-05 -1.56732678e-04 -2.39485128e-04 -3.28471116e-04 -4.11517688e-04 -4.47845885e-04 -4.03056315e-04 -2.44648464e-04 8.14777627e-05 6.60383196e-04 1.62163822e-03 3.14445649e-03 5.46864536e-03 8.92787312e-03 1.39128776e-02 2.09367891e-02 3.06001721e-02 4.34075675e-02 5.98667022e-02 8.04405466e-02 1.05275054e-01 1.34044757e-01 1.65738431e-01 1.99154141e-01 2.32750024e-01 2.64237412e-01 2.91292435e-01 3.11877406e-01 3.23950273e-01 3.26421651e-01 3.19064887e-01 3.02550941e-01 2.78432231e-01 2.48912219e-01 2.16039659e-01 1.82303010e-01 1.49598522e-01 1.19229992e-01 9.23168341e-02 6.96184251e-02 5.11563369e-02 3.65674933e-02 2.54168135e-02 1.71056787e-02 1.12046505e-02 7.03612273e-03 4.18509017e-03 2.30062312e-03 1.08283690e-03 3.32494466e-04 -1.07395205e-04 -3.40974989e-04 -4.37029321e-04 -4.38603110e-04 -3.71551436e-04 -2.83956911e-04 -1.96596592e-04 -1.21077745e-04 -6.51785282e-05 -3.01665215e-05 -1.18218366e-05 -3.86944832e-06 -1.04715330e-06 -2.35298774e-07 -4.77897109e-08 -1.33260658e-08 -8.33024444e-09 -7.76755205e-09 -7.72300990e-09 -7.72502123e-09 -7.72992037e-09 -7.73455150e-09 -7.73872660e-09 -7.74236303e-09 -7.74547304e-09 -7.74797876e-09 -7.74990433e-09 -7.75118325e-09 -7.75183517e-09 -7.75183528e-09 -7.75118308e-09 -7.74990422e-09 -7.74797881e-09 -7.74547315e-09 -7.74236314e-09 -7.73872660e-09 -7.73455150e-09 -7.72992070e-09 -7.72502129e-09 -7.72300990e-09 -7.76755205e-09 -8.33024472e-09 -1.33260659e-08 -4.77897112e-08 -2.35298774e-07 -1.04715330e-06 -3.86944832e-06 -1.18218366e-05 -3.01665215e-05 -6.51785282e-05 -1.21077745e-04 -1.96596592e-04 -2.83956911e-04 -3.71551436e-04 -4.38603110e-04 -4.37029321e-04 -3.40974989e-04 -1.07395205e-04 3.32494466e-04 1.08283690e-03 2.30062312e-03 4.18509017e-03 7.03612273e-03 1.12046505e-02 1.71056787e-02 2.54168135e-02 3.65674933e-02 5.11563369e-02 6.96184251e-02 9.23168341e-02 1.19229992e-01 1.49598522e-01 1.82303010e-01 2.16039659e-01 2.48912219e-01 2.78432231e-01 3.02550941e-01 3.19064887e-01 3.26421651e-01 3.23950273e-01 3.11877406e-01 2.91292435e-01 2.64237412e-01 2.32750024e-01 1.99154141e-01 1.65738431e-01 1.34044757e-01 1.05275054e-01 8.04405466e-02 5.98667022e-02 4.34075675e-02 3.06001721e-02 2.09367891e-02 1.39128776e-02 8.92787312e-03 5.46864536e-03 3.14445649e-03 1.62163822e-03 6.60383196e-04 8.14777627e-05 -2.44648464e-04 -4.03056315e-04 -4.47845885e-04 -4.11517688e-04 -3.28471116e-04 -2.39485128e-04 -1.56732678e-04 -9.04378175e-05 -4.52320171e-05 -1.92987431e-05 -6.92265552e-06 -2.06208155e-06 -5.07168297e-07 -1.05919709e-07 -2.31582807e-08 -9.63320085e-09 -7.89969062e-09 -7.73097869e-09 -7.72300479e-09 -7.72746200e-09 -7.73229220e-09 -7.73669995e-09 -7.74061515e-09 -7.74398368e-09 -7.74680731e-09 -7.74900855e-09 -7.75063463e-09 -7.75157760e-09 -7.75192910e-09
-7.75192921e-09 -7.75157938e-09 -7.75066655e-09 -7.74907427e-09 -7.74693054e-09 -7.74416720e-09 -7.74087788e-09 -7.73704933e-09 -7.73274117e-09 -7.72802211e-09 -7.72369912e-09 -7.73226688e-09 -7.90885291e-09 -9.73197600e-09 -2.40138786e-08 -1.11567034e-07 -5.35870700e-07 -2.17590545e-06 -7.27899618e-06 -2.01881295e-05 -4.70146465e-05 -9.33143254e-05 -1.60439409e-04 -2.43160107e-04 -3.30871410e-04 -4.11513685e-04 -4.46821919e-04 -4.04730692e-04 -2.54338032e-04 5.62783855e-05 6.09638566e-04 1.53268122e-03 2.99715874e-03 5.24987774e-03 8.60763195e-03 1.34533449e-02 2.03722199e-02 2.98560224e-02 4.24891751e-02 5.87906150e-02 7.92589197e-02 1.04052799e-01 1.32657216e-01 1.64286277e-01 1.97928870e-01 2.31669157e-01 2.63508588e-01 2.90949749e-01 3.11681767e-01 3.23891558e-01 3.26391817e-01 3.18949803e-01 3.02267805e-01 2.77940212e-01 2.47939555e-01 2.14929966e-01 1.80923405e-01 1.48143164e-01 1.17924063e-01 9.11344257e-02 6.84978522e-02 5.01423596e-02 3.57407026e-02 2.47596490e-02 1.66139880e-02 1.08212740e-02 6.76619338e-03 4.00389950e-03 2.18560512e-03 1.01520639e-03 2.96057062e-04 -1.23629925e-04 -3.45788822e-04 -4.36823482e-04 -4.37709243e-04 -3.72857042e-04 -2.87156372e-04 -2.00428307e-04 -1.24440381e-04 -6.75055277e-05 -3.14602655e-05 -1.24006634e-05 -4.07674717e-06 -1.10606630e-06 -2.48441840e-07 -5.00627898e-08 -1.36268298e-08 -8.36076830e-09 -7.77052023e-09 -7.72384939e-09 -7.72564035e-09 -7.73042502e-09 -7.73494974e-09 -7.73903130e-09 -7.74258402e-09 -7.74562514e-09 -7.74807141e-09 -7.74995179e-09 -7.75119852e-09 -7.75183417e-09 -7.75183384e-09 -7.75119846e-09 -7.74995140e-09 -7.74807157e-09 -7.74562514e-09 -7.74258391e-09 -7.73903142e-09 -7.73495001e-09 -7.73042541e-09 -7.72564035e-09 -7.72384928e-09 -7.77052028e-09 -8.36076847e-09 -1.36268297e-08 -5.00627898e-08 -2.48441840e-07 -1.10606630e-06 -4.07674717e-06 -1.24006634e-05 -3.14602655e-05 -6.75055277e-05 -1.24440381e-04 -2.00428307e-04 -2.87156372e-04 -3.72857042e-04 -4.37709243e-04 -4.36823482e-04 -3.45788822e-04 -1.23629925e-04 2.96057062e-04 1.01520639e-03 2.18560512e-03 4.00389950e-03 6.76619338e-03 1.08212740e-02 1.66139880e-02 2.47596490e-02 3.57407026e-02 5.01423596e-02 6.84978522e-02 9.11344257e-02 1.17924063e-01 1.48143164e-01 1.80923405e-01 2.14929966e-01 2.47939555e-01 2.77940212e-01 3.02267805e-01 3.18949803e-01 3.26391817e-01 3.23891558e-01 3.11681767e-01 2.90949749e-01 2.63508588e-01 2.31669157e-01 1.97928870e-01 1.64286277e-01 1.32657216e-01 1.04052799e-01 7.92589197e-02 5.87906150e-02 4.24891751e-02 2.98560224e-02 2.03722199e-02 1.34533449e-02 8.60763195e-03 5.24987774e-03 2.99715874e-03 1.53268122e-03 6.09638566e-04 5.62783855e-05 -2.54338032e-04 -4.04730692e-04 -4.46821919e-04 -4.11513685e-04 -3.30871410e-04 -2.43160107e-04 -1.60439409e-04 -9.33143254e-05 -4.70146465e-05 -2.01881295e-05 -7.27899618e-06 -2.17590545e-06 -5.35870700e-07 -1.11567034e-07 -2.40138789e-08 -9.73197600e-09 -7.90885291e-09 -7.73226683e-09 -7.72369946e-09 -7.72802217e-09 -7.73274117e-09 -7.73704939e-09 -7.74087805e-09 -7.74416686e-09 -7.74693054e-09 -7.74907449e-09 -7.75066661e-09 -7.75157938e-09 -7.75192915e-09
-7.75192904e-09 -7.75158043e-09 -7.75069808e-09 -7.74913761e-09 -7.74704961e-09 -7.74434422e-09 -7.74113390e-09 -7.73738795e-09 -7.73317910e-09 -7.72856423e-09 -7.72437470e-09 -7.73354969e-09 -7.91832688e-09 -9.83535708e-09 -2.49129400e-08 -1.17505971e-07 -5.66002944e-07 -2.29490896e-06 -7.64915584e-06 -2.11038694e-05 -4.88291460e-05 -9.61992620e-05 -1.64083318e-04 -2.46660187e-04 -3.32984143e-04 -4.11160142e-04 -4.45362198e-04 -4.05712853e-04 -2.62914796e-04 3.26982526e-05 5.61493379e-04 1.44750526e-03 2.85593023e-03 5.03586008e-03 8.29459043e-03 1.30191907e-02 1.98079906e-02 2.91215954e-02 4.15724930e-02 5.77508309e-02 7.81285348e-02 1.02759479e-01 1.31192496e-01 1.62929985e-01 1.96678544e-01 2.30772648e-01 2.62857319e-01 2.90559861e-01 3.11481320e-01 3.23764130e-01 3.26279778e-01 3.18792539e-01 3.01999035e-01 2.77417162e-01 2.47221270e-01 2.13790166e-01 1.79677613e-01 1.46692184e-01 1.16534828e-01 8.99396048e-02 6.73863788e-02 4.91550245e-02 3.49248686e-02 2.41114304e-02 1.61353801e-02 1.04422696e-02 6.50671087e-03 3.83190278e-03 2.07381480e-03 9.50283771e-04 2.61383215e-04 -1.38579889e-04 -3.49734398e-04 -4.36077098e-04 -4.36440288e-04 -3.73835300e-04 -2.90121292e-04 -2.04144409e-04 -1.27782191e-04 -6.98578214e-05 -3.27851923e-05 -1.29994680e-05 -4.29284436e-06 -1.16780512e-06 -2.62255792e-07 -5.24530888e-08 -1.39424010e-08 -8.39258418e-09 -7.77354131e-09 -7.72466963e-09 -7.72624109e-09 -7.73091358e-09 -7.73533626e-09 -7.73932846e-09 -7.74279840e-09 -7.74577263e-09 -7.74816039e-09 -7.74999731e-09 -7.75121245e-09 -7.75183318e-09 -7.75183312e-09 -7.75121278e-09 -7.74999731e-09 -7.74816028e-09 -7.74577236e-09 -7.74279862e-09 -7.73932840e-09 -7.73533632e-09 -7.73091396e-09 -7.72624115e-09 -7.72466974e-09 -7.77354131e-09 -8.39258402e-09 -1.39424007e-08 -5.24530888e-08 -2.62255792e-07 -1.16780512e-06 -4.29284436e-06 -1.29994680e-05 -3.27851923e-05 -6.98578214e-05 -1.27782191e-04 -2.04144409e-04 -2.90121292e-04 -3.73835300e-04 -4.36440288e-04 -4.36077098e-04 -3.49734398e-04 -1.38579889e-04 2.61383215e-04 9.50283771e-04 2.07381480e-03 3.83190278e-03 6.50671087e-03 1.04422696e-02 1.61353801e-02 2.41114304e-02 3.49248686e-02 4.91550245e-02 6.73863788e-02 8.99396048e-02 1.16534828e-01 1.46692184e-01 1.79677613e-01 2.13790166e-01 2.47221270e-01 2.77417162e-01 3.01999035e-01 3.18792539e-01 3.26279778e-01 3.23764130e-01 3.11481320e-01 2.90559861e-01 2.62857319e-01 2.30772648e-01 1.96678544e-01 1.62929985e-01 1.31192496e-01 1.02759479e-01 7.81285348e-02 5.77508309e-02 4.15724930e-02 2.91215954e-02 1.98079906e-02 1.30191907e-02 8.29459043e-03 5.03586008e-03 2.85593023e-03 1.44750526e-03 5.61493379e-04 3.26982526e-05 -2.62914796e-04 -4.05712853e-04 -4.45362198e-04 -4.11160142e-04 -3.32984143e-04 -2.46660187e-04 -1.64083318e-04 -9.61992620e-05 -4.88291460e-05 -2.11038694e-05 -7.64915584e-06 -2.29490896e-06 -5.66002944e-07 -1.17505971e-07 -2.49129399e-08 -9.83535720e-09 -7.91832688e-09 -7.73354969e-09 -7.72437470e-09 -7.72856423e-09 -7.73317899e-09 -7.73738806e-09 -7.74113385e-09 -7.74434389e-09 -7.74704945e-09 -7.74913772e-09 -7.75069819e-09 -7.75158032e-09 -7.75192932e-09
-7.75192943e-09 -7.75158121e-09 -7.75072856e-09 -7.74919806e-09 -7.74716535e-09 -7.74451558e-09 -7.74138165e-09 -7.73771652e-09 -7.73360420e-09 -7.72909181e-09 -7.72503211e-09 -7.73482345e-09 -7.92812305e-09 -9.94353400e-09 -2.58573943e-08 -1.23749332e-07 -5.97621857e-07 -2.41925587e-06 -8.03339132e-06 -2.20458890e-05 -5.06739709e-05 -9.90882782e-05 -1.67657445e-04 -2.49979038e-04 -3.34808984e-04 -4.10466447e-04 -4.43490263e-04 -4.06110338e-04 -2.70517933e-04 1.06910852e-05 5.16080545e-04 1.36542642e-03 2.72093037e-03 4.82686055e-03 7.98729802e-03 1.26193209e-02 1.92495487e-02 2.84054445e-02 4.06752469e-02 5.67204184e-02 7.69840925e-02 1.01398963e-01 1.29770140e-01 1.61599023e-01 1.95585052e-01 2.29886358e-01 2.62207357e-01 2.90019806e-01 3.11053516e-01 3.23422425e-01 3.25956819e-01 3.18415029e-01 3.01509222e-01 2.76825517e-01 2.46461787e-01 2.12822841e-01 1.78377005e-01 1.45356994e-01 1.15103297e-01 8.86868015e-02 6.63201821e-02 4.82056459e-02 3.41099599e-02 2.34672728e-02 1.56579918e-02 1.00703949e-02 6.25415437e-03 3.66491001e-03 1.96616209e-03 8.88443547e-04 2.28898237e-04 -1.52316184e-04 -3.52978305e-04 -4.34824757e-04 -4.34796630e-04 -3.74490658e-04 -2.92847652e-04 -2.07737655e-04 -1.31097321e-04 -7.22325831e-05 -3.41406754e-05 -1.36184375e-05 -4.51796723e-06 -1.23247205e-06 -2.76769021e-07 -5.49658420e-08 -1.42734189e-08 -8.42573789e-09 -7.77661707e-09 -7.72547348e-09 -7.72682546e-09 -7.73138931e-09 -7.73571096e-09 -7.73961673e-09 -7.74300635e-09 -7.74591541e-09 -7.74824688e-09 -7.75004111e-09 -7.75122599e-09 -7.75183101e-09 -7.75183123e-09 -7.75122611e-09 -7.75004111e-09 -7.74824677e-09 -7.74591541e-09 -7.74300640e-09 -7.73961684e-09 -7.73571096e-09 -7.73138958e-09 -7.72682540e-09 -7.72547337e-09 -7.77661718e-09 -8.42573800e-09 -1.42734189e-08 -5.49658419e-08 -2.76769021e-07 -1.23247205e-06 -4.51796723e-06 -1.36184375e-05 -3.41406754e-05 -7.22325831e-05 -1.31097321e-04 -2.07737655e-04 -2.92847652e-04 -3.74490658e-04 -4.34796630e-04 -4.34824757e-04 -3.52978305e-04 -1.52316184e-04 2.28898237e-04 8.88443547e-04 1.96616209e-03 3.66491001e-03 6.25415437e-03 1.00703949e-02 1.56579918e-02 2.34672728e-02 3.41099599e-02 4.82056459e-02 6.63201821e-02 8.86868015e-02 1.15103297e-01 1.45356994e-01 1.78377005e-01 2.12822841e-01 2.46461787e-01 2.76825517e-01 3.01509222e-01 3.18415029e-01 3.25956819e-01 3.23422425e-01 3.11053516e-01 2.90019806e-01 2.62207357e-01 2.29886358e-01 1.95585052e-01 1.61599023e-01 1.29770140e-01 1.01398963e-01 7.69840925e-02 5.67204184e-02 4.06752469e-02 2.84054445e-02 1.92495487e-02 1.26193209e-02 7.98729802e-03 4.82686055e-03 2.72093037e-03 1.36542642e-03 5.16080545e-04 1.06910852e-05 -2.70517933e-04 -4.06110338e-04 -4.43490263e-04 -4.10466447e-04 -3.34808984e-04 -2.49979038e-04 -1.67657445e-04 -9.90882782e-05 -5.06739709e-05 -2.20458890e-05 -8.03339132e-06 -2.41925587e-06 -5.97621857e-07 -1.23749333e-07 -2.58573943e-08 -9.94353394e-09 -7.92812310e-09 -7.73482339e-09 -7.72503189e-09 -7.72909203e-09 -7.73360398e-09 -7.73771669e-09 -7.74138159e-09 -7.74451542e-09 -7.74716535e-09 -7.74919806e-09 -7.75072861e-09 -7.75158104e-09 -7.75192943e-09
-7.75192921e-09 -7.75157988e-09 -7.75075848e-09 -7.74925596e-09 -7.74727849e-09 -7.74468223e-09 -7.74162368e-09 -7.73803538e-09 -7.73401776e-09 -7.72960373e-09 -7.72567138e-09 -7.73609132e-09 -7.93825405e-09 -1.00566949e-08 -2.68492212e-08 -1.30310301e-07 -6.30785517e-07 -2.54911067e-06 -8.43194738e-06 -2.30140600e-05 -5.25474629e-05 -1.01976933e-04 -1.71154980e-04 -2.53110926e-04 -3.36346578e-04 -4.09444589e-04 -4.41220591e-04 -4.05898589e-04 -2.77276186e-04 -9.91515455e-06 4.72848303e-04 1.28603437e-03 2.59251727e-03 4.62630246e-03 7.68494985e-03 1.22219855e-02 1.86964241e-02 2.76890096e-02 3.98208008e-02 5.57315367e-02 7.57939436e-02 1.00024189e-01 1.28447099e-01 1.60341534e-01 1.94499187e-01 2.28967925e-01 2.61363425e-01 2.89375873e-01 3.10739908e-01 3.23313762e-01 3.25891112e-01 3.18221897e-01 3.01050569e-01 2.76050636e-01 2.45569353e-01 2.11845425e-01 1.77256197e-01 1.43977623e-01 1.13732560e-01 8.73776921e-02 6.52451745e-02 4.72603578e-02 3.33056817e-02 2.28466080e-02 1.51847209e-02 9.73489399e-03 6.00797214e-03 3.50172712e-03 1.86329814e-03 8.29659983e-04 1.98387863e-04 -1.64939834e-04 -3.55468335e-04 -4.33085371e-04 -4.32799951e-04 -3.74828579e-04 -2.95332255e-04 -2.11201163e-04 -1.34379914e-04 -7.46268644e-05 -3.55260023e-05 -1.42577300e-05 -4.75234008e-06 -1.30017096e-06 -2.92010658e-07 -5.76064287e-08 -1.46205362e-08 -8.46028014e-09 -7.77975023e-09 -7.72625847e-09 -7.72739267e-09 -7.73185110e-09 -7.73607567e-09 -7.73989545e-09 -7.74320852e-09 -7.74605313e-09 -7.74833003e-09 -7.75008391e-09 -7.75123921e-09 -7.75182835e-09 -7.75182818e-09 -7.75123954e-09 -7.75008369e-09 -7.74833003e-09 -7.74605324e-09 -7.74320874e-09 -7.73989539e-09 -7.73607545e-09 -7.73185105e-09 -7.72739250e-09 -7.72625858e-09 -7.77975023e-09 -8.46028003e-09 -1.46205363e-08 -5.76064288e-08 -2.92010658e-07 -1.30017096e-06 -4.75234008e-06 -1.42577300e-05 -3.55260023e-05 -7.46268644e-05 -1.34379914e-04 -2.11201163e-04 -2.95332255e-04 -3.74828579e-04 -4.32799951e-04 -4.33085371e-04 -3.55468335e-04 -1.64939834e-04 1.98387863e-04 8.29659983e-04 1.86329814e-03 3.50172712e-03 6.00797214e-03 9.73489399e-03 1.51847209e-02 2.28466080e-02 3.33056817e-02 4.72603578e-02 6.52451745e-02 8.73776921e-02 1.13732560e-01 1.43977623e-01 1.77256197e-01 2.11845425e-01 2.45569353e-01 2.76050636e-01 3.01050569e-01 3.18221897e-01 3.25891112e-01 3.23313762e-01 3.10739908e-01 2.89375873e-01 2.61363425e-01 2.28967925e-01 1.94499187e-01 1.60341534e-01 1.28447099e-01 1.00024189e-01 7.57939436e-02 5.57315367e-02 3.98208008e-02 2.76890096e-02 1.86964241e-02 1.22219855e-02 7.68494985e-03 4.62630246e-03 2.59251727e-03 1.28603437e-03 4.72848303e-04 -9.91515455e-06 -2.77276186e-04 -4.05898589e-04 -4.41220591e-04 -4.09444589e-04 -3.36346578e-04 -2.53110926e-04 -1.71154980e-04 -1.01976933e-04 -5.25474629e-05 -2.30140600e-05 -8.43194738e-06 -2.54911067e-06 -6.30785517e-07 -1.30310301e-07 -2.68492212e-08 -1.00566951e-08 -7.93825383e-09 -7.73609121e-09 -7.72567177e-09 -7.72960362e-09 -7.73401787e-09 -7.73803543e-09 -7.74162368e-09 -7.74468234e-09 -7.74727865e-09 -7.74925613e-09 -7.75075815e-09 -7.75157982e-09 -7.75192932e-09
-7.75192971e-09 -7.75157794e-09 -7.75078834e-09 -7.74931130e-09 -7.74738856e-09 -7.74484143e-09 -7.74185893e-09 -7.73834502e-09 -7.73441933e-09 -7.73010100e-09 -7.72629294e-09 -7.73735409e-09 -7.94872879e-09 -1.01750285e-08 -2.78904317e-08 -1.37202387e-07 -6.65553163e-07 -2.68463815e-06 -8.84505554e-06 -2.40081979e-05 -5.44478523e-05 -1.04860707e-04 -1.74569290e-04 -2.56050739e-04 -3.37598526e-04 -4.08106725e-04 -4.38588378e-04 -4.05152767e-04 -2.83219652e-04 -2.90255720e-05 4.31811433e-04 1.20980071e-03 2.46824948e-03 4.43183134e-03 7.39620956e-03 1.18276361e-02 1.81629919e-02 2.69852673e-02 3.89668069e-02 5.47379364e-02 7.45600890e-02 9.87118726e-02 1.27087705e-01 1.59132782e-01 1.93389099e-01 2.27887675e-01 2.60593259e-01 2.88950662e-01 3.10435698e-01 3.23096734e-01 3.25704254e-01 3.17960532e-01 3.00688909e-01 2.75486524e-01 2.44587694e-01 2.10735018e-01 1.76109851e-01 1.42752325e-01 1.12412256e-01 8.60709223e-02 6.41323620e-02 4.63546445e-02 3.25499867e-02 2.22269303e-02 1.47210103e-02 9.40801606e-03 5.76646450e-03 3.34395728e-03 1.76544955e-03 7.73157417e-04 1.69826016e-04 -1.76498733e-04 -3.57294315e-04 -4.30905079e-04 -4.30472690e-04 -3.74855482e-04 -2.97572732e-04 -2.14528439e-04 -1.37624132e-04 -7.70376020e-05 -3.69403742e-05 -1.49174731e-05 -4.99618350e-06 -1.37100704e-06 -3.08010542e-07 -6.03803577e-08 -1.49844070e-08 -8.49625570e-09 -7.78294368e-09 -7.72702613e-09 -7.72794340e-09 -7.73230047e-09 -7.73643000e-09 -7.74016740e-09 -7.74340592e-09 -7.74618703e-09 -7.74841119e-09 -7.75012443e-09 -7.75125181e-09 -7.75182624e-09 -7.75182601e-09 -7.75125186e-09 -7.75012443e-09 -7.74841136e-09 -7.74618703e-09 -7.74340581e-09 -7.74016734e-09 -7.73642972e-09 -7.73230058e-09 -7.72794323e-09 -7.72702624e-09 -7.78294329e-09 -8.49625592e-09 -1.49844070e-08 -6.03803576e-08 -3.08010541e-07 -1.37100705e-06 -4.99618350e-06 -1.49174731e-05 -3.69403742e-05 -7.70376020e-05 -1.37624132e-04 -2.14528439e-04 -2.97572732e-04 -3.74855482e-04 -4.30472690e-04 -4.30905079e-04 -3.57294315e-04 -1.76498733e-04 1.69826016e-04 7.73157417e-04 1.76544955e-03 3.34395728e-03 5.76646450e-03 9.40801606e-03 1.47210103e-02 2.22269303e-02 3.25499867e-02 4.63546445e-02 6.41323620e-02 8.60709223e-02 1.12412256e-01 1.42752325e-01 1.76109851e-01 2.10735018e-01 2.44587694e-01 2.75486524e-01 3.00688909e-01 3.17960532e-01 3.25704254e-01 3.23096734e-01 3.10435698e-01 2.88950662e-01 2.60593259e-01 2.27887675e-01 1.93389099e-01 1.59132782e-01 1.27087705e-01 9.87118726e-02 7.45600890e-02 5.47379364e-02 3.89668069e-02 2.69852673e-02 1.81629919e-02 1.18276361e-02 7.39620956e-03 4.43183134e-03 2.46824948e-03 1.20980071e-03 4.31811433e-04 -2.90255720e-05 -2.83219652e-04 -4.05152767e-04 -4.38588378e-04 -4.08106725e-04 -3.37598526e-04 -2.56050739e-04 -1.74569290e-04 -1.04860707e-04 -5.44478523e-05 -2.40081979e-05 -8.84505554e-06 -2.68463815e-06 -6.65553163e-07 -1.37202387e-07 -2.78904320e-08 -1.01750284e-08 -7.94872879e-09 -7.73735415e-09 -7.72629299e-09 -7.73010089e-09 -7.73441927e-09 -7.73834508e-09 -7.74185915e-09 -7.74484143e-09 -7.74738879e-09 -7.74931153e-09 -7.75078829e-09 -7.75157827e-09 -7.75192932e-09
-7.75192943e-09 -7.75157577e-09 -7.75081660e-09 -7.74936376e-09 -7.74749570e-09 -7.74499753e-09 -7.74208969e-09 -7.73864539e-09 -7.73481040e-09 -7.73058312e-09 -7.72689923e-09 -7.73861331e-09 -7.95955485e-09 -1.02987177e-08 -2.89830691e-08 -1.44439400e-07 -7.01985074e-07 -2.82600296e-06 -9.27293282e-06 -2.50280602e-05 -5.63732605e-05 -1.07735019e-04 -1.77893945e-04 -2.58794001e-04 -3.38567350e-04 -4.06461105e-04 -4.35612139e-04 -4.03952460e-04 -2.88341707e-04 -4.66491593e-05 3.93053678e-04 1.13731422e-03 2.34730931e-03 4.24204537e-03 7.13122794e-03 1.14407359e-02 1.76375298e-02 2.63160546e-02 3.81505132e-02 5.37171338e-02 7.33351481e-02 9.74235363e-02 1.25864983e-01 1.57929308e-01 1.92148778e-01 2.26930368e-01 2.59854353e-01 2.88414757e-01 3.10122640e-01 3.22914333e-01 3.25542602e-01 3.17729669e-01 3.00273249e-01 2.74821240e-01 2.43793121e-01 2.09584394e-01 1.74871226e-01 1.41513930e-01 1.11111378e-01 8.48272534e-02 6.29862385e-02 4.54517744e-02 3.17884205e-02 2.16191864e-02 1.42655472e-02 9.08467173e-03 5.53029003e-03 3.19230864e-03 1.67239633e-03 7.18950621e-04 1.42866864e-04 -1.87057601e-04 -3.58536165e-04 -4.28349841e-04 -4.27834240e-04 -3.74578686e-04 -2.99567535e-04 -2.17713402e-04 -1.40824174e-04 -7.94616252e-05 -3.83829053e-05 -1.55977622e-05 -5.24971356e-06 -1.44508662e-06 -3.24799133e-07 -6.32932448e-08 -1.53656893e-08 -8.53370891e-09 -7.78619524e-09 -7.72778030e-09 -7.72847880e-09 -7.73273684e-09 -7.73677372e-09 -7.74043091e-09 -7.74359676e-09 -7.74631698e-09 -7.74849074e-09 -7.75016323e-09 -7.75126291e-09 -7.75182274e-09 -7.75182252e-09 -7.75126308e-09 -7.75016318e-09 -7.74849063e-09 -7.74631720e-09 -7.74359676e-09 -7.74043080e-09 -7.73677367e-09 -7.73273701e-09 -7.72847875e-09 -7.72778025e-09 -7.78619530e-09 -8.53370913e-09 -1.53656894e-08 -6.32932447e-08 -3.24799133e-07 -1.44508662e-06 -5.24971356e-06 -1.55977622e-05 -3.83829053e-05 -7.94616252e-05 -1.40824174e-04 -2.17713402e-04 -2.99567535e-04 -3.74578686e-04 -4.27834240e-04 -4.28349841e-04 -3.58536165e-04 -1.87057601e-04 1.42866864e-04 7.18950621e-04 1.67239633e-03 3.19230864e-03 5.53029003e-03 9.08467173e-03 1.42655472e-02 2.16191864e-02 3.17884205e-02 4.54517744e-02 6.29862385e-02 8.48272534e-02 1.11111378e-01 1.41513930e-01 1.74871226e-01 2.09584394e-01 2.43793121e-01 2.74821240e-01 3.00273249e-01 3.17729669e-01 3.25542602e-01 3.22914333e-01 3.10122640e-01 2.88414757e-01 2.59854353e-01 2.26930368e-01 1.92148778e-01 1.57929308e-01 1.25864983e-01 9.74235363e-02 7.33351481e-02 5.37171338e-02 3.81505132e-02 2.63160546e-02 1.76375298e-02 1.14407359e-02 7.13122794e-03 4.24204537e-03 2.34730931e-03 1.13731422e-03 3.93053678e-04 -4.66491593e-05 -2.88341707e-04 -4.03952460e-04 -4.35612139e-04 -4.06461105e-04 -3.38567350e-04 -2.58794001e-04 -1.77893945e-04 -1.07735019e-04 -5.63732605e-05 -2.50280602e-05 -9.27293282e-06 -2.82600296e-06 -7.01985074e-07 -1.44439399e-07 -2.89830691e-08 -1.02987178e-08 -7.95955479e-09 -7.73861314e-09 -7.72689901e-09 -7.73058323e-09 -7.73481057e-09 -7.73864539e-09 -7.74208964e-09 -7.74499742e-09 -7.74749570e-09 -7.74936387e-09 -7.75081682e-09 -7.75157560e-09 -7.75192949e-09
-7.75192932e-09 -7.75157150e-09 -7.75084485e-09 -7.74941483e-09 -7.74760095e-09 -7.74514802e-09 -7.74231246e-09 -7.73893621e-09 -7.73519110e-09 -7.73105113e-09 -7.72748932e-09 -7.73986647e-09 -7.97073718e-09 -1.04279397e-08 -3.01291825e-08 -1.52035380e-07 -7.40142398e-07 -2.97336910e-06 -9.71578040e-06 -2.60733454e-05 -5.83217029e-05 -1.10595242e-04 -1.81122747e-04 -2.61336886e-04 -3.39256461e-04 -4.04520341e-04 -4.32311896e-04 -4.02317474e-04 -2.92734988e-04 -6.28122682e-05 3.56199588e-04 1.06858152e-03 2.23094031e-03 4.05695016e-03 6.87018421e-03 1.10596391e-02 1.71196231e-02 2.56512146e-02 3.73423973e-02 5.26715980e-02 7.21691372e-02 9.61831094e-02 1.24624875e-01 1.56612888e-01 1.91008627e-01 2.25933951e-01 2.59095615e-01 2.87852477e-01 3.09706139e-01 3.22592601e-01 3.25236536e-01 3.17371961e-01 2.99785283e-01 2.74179777e-01 2.42903454e-01 2.08561566e-01 1.73564598e-01 1.40250149e-01 1.09881160e-01 8.35935915e-02 6.18532153e-02 4.45287429e-02 3.10621421e-02 2.10331759e-02 1.38246400e-02 8.76626216e-03 5.31143474e-03 3.04583867e-03 1.58258812e-03 6.67220846e-04 1.17436622e-04 -1.96669002e-04 -3.59290508e-04 -4.25443421e-04 -4.24905328e-04 -3.74006338e-04 -3.01315933e-04 -2.20750410e-04 -1.43974303e-04 -8.18956646e-05 -3.98526230e-05 -1.62986586e-05 -5.51314091e-06 -1.52251682e-06 -3.42407430e-07 -6.63507774e-08 -1.57650309e-08 -8.57267790e-09 -7.78950948e-09 -7.72851683e-09 -7.72900077e-09 -7.73316000e-09 -7.73710929e-09 -7.74068670e-09 -7.74378284e-09 -7.74644204e-09 -7.74856795e-09 -7.75020098e-09 -7.75127373e-09 -7.75181863e-09 -7.75181846e-09 -7.75127396e-09 -7.75020098e-09 -7.74856806e-09 -7.74644182e-09 -7.74378306e-09 -7.74068687e-09 -7.73710895e-09 -7.73316011e-09 -7.72900061e-09 -7.72851672e-09 -7.78950915e-09 -8.57267796e-09 -1.57650312e-08 -6.63507775e-08 -3.42407430e-07 -1.52251682e-06 -5.51314091e-06 -1.62986586e-05 -3.98526230e-05 -8.18956646e-05 -1.43974303e-04 -2.20750410e-04 -3.01315933e-04 -3.74006338e-04 -4.24905328e-04 -4.25443421e-04 -3.59290508e-04 -1.96669002e-04 1.17436622e-04 6.67220846e-04 1.58258812e-03 3.04583867e-03 5.31143474e-03 8.76626216e-03 1.38246400e-02 2.10331759e-02 3.10621421e-02 4.45287429e-02 6.18532153e-02 8.35935915e-02 1.09881160e-01 1.40250149e-01 1.73564598e-01 2.08561566e-01 2.42903454e-01 2.74179777e-01 2.99785283e-01 3.17371961e-01 3.25236536e-01 3.22592601e-01 3.09706139e-01 2.87852477e-01 2.59095615e-01 2.25933951e-01 1.91008627e-01 1.56612888e-01 1.24624875e-01 9.61831094e-02 7.21691372e-02 5.26715980e-02 3.73423973e-02 2.56512146e-02 1.71196231e-02 1.10596391e-02 6.87018421e-03 4.05695016e-03 2.23094031e-03 1.06858152e-03 3.56199588e-04 -6.28122682e-05 -2.92734988e-04 -4.02317474e-04 -4.32311896e-04 -4.04520341e-04 -3.39256461e-04 -2.61336886e-04 -1.81122747e-04 -1.10595242e-04 -5.83217029e-05 -2.60733454e-05 -9.71578040e-06 -2.97336910e-06 -7.40142398e-07 -1.52035380e-07 -3.01291825e-08 -1.04279395e-08 -7.97073729e-09 -7.73986669e-09 -7.72748954e-09 -7.73105147e-09 -7.73519110e-09 -7.73893627e-09 -7.74231246e-09 -7.74514797e-09 -7.74760101e-09 -7.74941489e-09 -7.75084502e-09 -7.75157155e-09 -7.75192938e-09
-7.75192943e-09 -7.75156717e-09 -7.75087267e-09 -7.74946346e-09 -7.74770387e-09 -7.74529374e-09 -7.74253023e-09 -7.73921965e-09 -7.73556269e-09 -7.73150677e-09 -7.72806386e-09 -7.74111519e-09 -7.98228361e-09 -1.05628611e-08 -3.13308078e-08 -1.60004544e-07 -7.80086941e-07 -3.12689933e-06 -1.01737822e-05 -2.71436908e-05 -6.02910927e-05 -1.13436714e-04 -1.84249751e-04 -2.63676225e-04 -3.39670118e-04 -4.02302022e-04 -4.28722054e-04 -4.00276300e-04 -2.96489746e-04 -7.79600098e-05 3.20991794e-04 1.00344308e-03 2.11949548e-03 3.87693324e-03 6.61341504e-03 1.06933414e-02 1.66130498e-02 2.50088374e-02 3.65215703e-02 5.16367419e-02 7.10068120e-02 9.49768259e-02 1.23331205e-01 1.55333298e-01 1.89842040e-01 2.24953090e-01 2.58257080e-01 2.87139695e-01 3.09087649e-01 3.22033206e-01 3.24690136e-01 3.16787682e-01 2.99124185e-01 2.73414821e-01 2.41993843e-01 2.07472566e-01 1.72403342e-01 1.38900893e-01 1.08660048e-01 8.24209703e-02 6.07716338e-02 4.35875046e-02 3.03488042e-02 2.04642924e-02 1.33885172e-02 8.45589881e-03 5.10392394e-03 2.90347332e-03 1.49559281e-03 6.18098727e-04 9.36116702e-05 -2.05251169e-04 -3.59548070e-04 -4.22194640e-04 -4.21705430e-04 -3.73147351e-04 -3.02817999e-04 -2.23634280e-04 -1.47068867e-04 -8.43363613e-05 -4.13484672e-05 -1.70201882e-05 -5.78666984e-06 -1.60340526e-06 -3.60866838e-07 -6.95586809e-08 -1.61830650e-08 -8.61319688e-09 -7.79288406e-09 -7.72923858e-09 -7.72950709e-09 -7.73357245e-09 -7.73743525e-09 -7.74093500e-09 -7.74396458e-09 -7.74656372e-09 -7.74864350e-09 -7.75023634e-09 -7.75128484e-09 -7.75181408e-09 -7.75181430e-09 -7.75128467e-09 -7.75023612e-09 -7.74864350e-09 -7.74656372e-09 -7.74396458e-09 -7.74093484e-09 -7.73743536e-09 -7.73357256e-09 -7.72950726e-09 -7.72923875e-09 -7.79288389e-09 -8.61319699e-09 -1.61830651e-08 -6.95586810e-08 -3.60866837e-07 -1.60340526e-06 -5.78666984e-06 -1.70201882e-05 -4.13484672e-05 -8.43363613e-05 -1.47068867e-04 -2.23634280e-04 -3.02817999e-04 -3.73147351e-04 -4.21705430e-04 -4.22194640e-04 -3.59548070e-04 -2.05251169e-04 9.36116702e-05 6.18098727e-04 1.49559281e-03 2.90347332e-03 5.10392394e-03 8.45589881e-03 1.33885172e-02 2.04642924e-02 3.03488042e-02 4.35875046e-02 6.07716338e-02 8.24209703e-02 1.08660048e-01 1.38900893e-01 1.72403342e-01 2.07472566e-01 2.41993843e-01 2.73414821e-01 2.99124185e-01 3.16787682e-01 3.24690136e-01 3.22033206e-01 3.09087649e-01 2.87139695e-01 2.58257080e-01 2.24953090e-01 1.89842040e-01 1.55333298e-01 1.23331205e-01 9.49768259e-02 7.10068120e-02 5.16367419e-02 3.65215703e-02 2.50088374e-02 1.66130498e-02 1.06933414e-02 6.61341504e-03 3.87693324e-03 2.11949548e-03 1.00344308e-03 3.20991794e-04 -7.79600098e-05 -2.96489746e-04 -4.00276300e-04 -4.28722054e-04 -4.02302022e-04 -3.39670118e-04 -2.63676225e-04 -1.84249751e-04 -1.13436714e-04 -6.02910927e-05 -2.71436908e-05 -1.01737822e-05 -3.12689933e-06 -7.80086941e-07 -1.60004543e-07 -3.13308077e-08 -1.05628615e-08 -7.98228350e-09 -7.74111519e-09 -7.72806374e-09 -7.73150677e-09 -7.73556263e-09 -7.73921982e-09 -7.74253028e-09 -7.74529374e-09 -7.74770387e-09 -7.74946346e-09 -7.75087272e-09 -7.75156717e-09 -7.75192932e-09
-7.75192915e-09 -7.75156200e-09 -7.75089981e-09 -7.74951059e-09 -7.74780284e-09 -7.74543452e-09 -7.74274200e-09 -7.73949360e-09 -7.73592296e-09 -7.73194891e-09 -7.72862402e-09 -7.74235953e-09 -7.99419403e-09 -1.07036258e-08 -3.25899466e-08 -1.68361162e-07 -8.21880882e-07 -3.28675440e-06 -1.06471033e-05 -2.82386718e-05 -6.22792448e-05 -1.16254762e-04 -1.87269292e-04 -2.65809515e-04 -3.39813383e-04 -3.99818791e-04 -4.24849420e-04 -3.97855249e-04 -2.99625521e-04 -9.21533039e-05 2.87644278e-04 9.40881355e-04 2.01204147e-03 3.71260188e-03 6.36268602e-03 1.03337083e-02 1.61331951e-02 2.43885532e-02 3.56889328e-02 5.06454535e-02 6.99059728e-02 9.37845937e-02 1.21980614e-01 1.54089991e-01 1.88688719e-01 2.23886290e-01 2.57258433e-01 2.86209178e-01 3.08225801e-01 3.21220505e-01 3.23888284e-01 3.15955112e-01 2.98229144e-01 2.72447961e-01 2.40962661e-01 2.06358292e-01 1.71174553e-01 1.37645019e-01 1.07373610e-01 8.12703301e-02 5.96971038e-02 4.26544377e-02 2.96295406e-02 1.99066263e-02 1.29638069e-02 8.15215669e-03 4.90041147e-03 2.76490845e-03 1.41229751e-03 5.71888024e-04 7.11374794e-05 -2.12888628e-04 -3.59320158e-04 -4.18635976e-04 -4.18230915e-04 -3.72011327e-04 -3.04074589e-04 -2.26360307e-04 -1.50102319e-04 -8.67802758e-05 -4.28692916e-05 -1.77623391e-05 -6.07049714e-06 -1.68785954e-06 -3.80208998e-07 -7.29226559e-08 -1.66203928e-08 -8.65529304e-09 -7.79631992e-09 -7.72994474e-09 -7.73000031e-09 -7.73397202e-09 -7.73775299e-09 -7.74117637e-09 -7.74414194e-09 -7.74668124e-09 -7.74871789e-09 -7.75027020e-09 -7.75129527e-09 -7.75180953e-09 -7.75180947e-09 -7.75129505e-09 -7.75027009e-09 -7.74871817e-09 -7.74668119e-09 -7.74414188e-09 -7.74117620e-09 -7.73775299e-09 -7.73397196e-09 -7.73000025e-09 -7.72994480e-09 -7.79631992e-09 -8.65529265e-09 -1.66203928e-08 -7.29226557e-08 -3.80208998e-07 -1.68785954e-06 -6.07049714e-06 -1.77623391e-05 -4.28692916e-05 -8.67802758e-05 -1.50102319e-04 -2.26360307e-04 -3.04074589e-04 -3.72011327e-04 -4.18230915e-04 -4.18635976e-04 -3.59320158e-04 -2.12888628e-04 7.11374794e-05 5.71888024e-04 1.41229751e-03 2.76490845e-03 4.90041147e-03 8.15215669e-03 1.29638069e-02 1.99066263e-02 2.96295406e-02 4.26544377e-02 5.96971038e-02 8.12703301e-02 1.07373610e-01 1.37645019e-01 1.71174553e-01 2.06358292e-01 2.40962661e-01 2.72447961e-01 2.98229144e-01 3.15955112e-01 3.23888284e-01 3.21220505e-01 3.08225801e-01 2.86209178e-01 2.57258433e-01 2.23886290e-01 1.88688719e-01 1.54089991e-01 1.21980614e-01 9.37845937e-02 6.99059728e-02 5.06454535e-02 3.56889328e-02 2.43885532e-02 1.61331951e-02 1.03337083e-02 6.36268602e-03 3.71260188e-03 2.01204147e-03 9.40881355e-04 2.87644278e-04 -9.21533039e-05 -2.99625521e-04 -3.97855249e-04 -4.24849420e-04 -3.99818791e-04 -3.39813383e-04 -2.65809515e-04 -1.87269292e-04 -1.16254762e-04 -6.22792448e-05 -2.82386718e-05 -1.06471033e-05 -3.28675440e-06 -8.21880882e-07 -1.68361162e-07 -3.25899466e-08 -1.07036258e-08 -7.99419386e-09 -7.74235920e-09 -7.72862385e-09 -7.73194875e-09 -7.73592279e-09 -7.73949360e-09 -7.74274223e-09 -7.74543463e-09 -7.74780301e-09 -7.74951059e-09 -7.75089964e-09 -7.75156211e-09 -7.75192927e-09
-7.75192938e-09 -7.75155573e-09 -7.75092623e-09 -7.74955500e-09 -7.74790065e-09 -7.74557185e-09 -7.74294950e-09 -7.73976017e-09 -7.73627479e-09 -7.73237996e-09 -7.72916953e-09 -7.74359804e-09 -8.00646283e-09 -1.08503644e-08 -3.39085243e-08 -1.77119445e-07 -8.65586410e-07 -3.45309220e-06 -1.11358884e-05 -2.93578003e-05 -6.42838798e-05 -1.19044712e-04 -1.90176008e-04 -2.67734914e-04 -3.39692078e-04 -3.97085216e-04 -4.20726914e-04 -3.95085258e-04 -3.02106869e-04 -1.05126303e-04 2.56167447e-04 8.80478716e-04 1.90794900e-03 3.55429292e-03 6.11764444e-03 9.98166435e-03 1.56555394e-02 2.37674340e-02 3.48594210e-02 4.96666458e-02 6.88211679e-02 9.25353350e-02 1.20750142e-01 1.52832001e-01 1.87465613e-01 2.22668319e-01 2.56059677e-01 2.85053195e-01 3.07632593e-01 3.21165912e-01 3.23947945e-01 3.15678079e-01 2.97242068e-01 2.71268456e-01 2.39751290e-01 2.05136683e-01 1.69939368e-01 1.36355863e-01 1.06081238e-01 8.01275677e-02 5.86773203e-02 4.17574748e-02 2.89026902e-02 1.93712921e-02 1.25570691e-02 7.86000784e-03 4.70133588e-03 2.63150009e-03 1.33268489e-03 5.28182088e-04 4.98957441e-05 -2.19746138e-04 -3.58622009e-04 -4.14800367e-04 -4.14517990e-04 -3.70608488e-04 -3.05087329e-04 -2.28924282e-04 -1.53069242e-04 -8.92238987e-05 -4.44138637e-05 -1.85250604e-05 -6.36481084e-06 -1.77598670e-06 -4.00465566e-07 -7.64483146e-08 -1.70775702e-08 -8.69897987e-09 -7.79981185e-09 -7.73063508e-09 -7.73047959e-09 -7.73436160e-09 -7.73806313e-09 -7.74140863e-09 -7.74431530e-09 -7.74679454e-09 -7.74879083e-09 -7.75030307e-09 -7.75130521e-09 -7.75180492e-09 -7.75180470e-09 -7.75130521e-09 -7.75030290e-09 -7.74879066e-09 -7.74679454e-09 -7.74431524e-09 -7.74140868e-09 -7.73806319e-09 -7.73436148e-09 -7.73047981e-09 -7.73063547e-09 -7.79981191e-09 -8.69897970e-09 -1.70775701e-08 -7.64483145e-08 -4.00465566e-07 -1.77598670e-06 -6.36481084e-06 -1.85250604e-05 -4.44138637e-05 -8.92238987e-05 -1.53069242e-04 -2.28924282e-04 -3.05087329e-04 -3.70608488e-04 -4.14517990e-04 -4.14800367e-04 -3.58622009e-04 -2.19746138e-04 4.98957441e-05 5.28182088e-04 1.33268489e-03 2.63150009e-03 4.70133588e-03 7.86000784e-03 1.25570691e-02 1.93712921e-02 2.89026902e-02 4.17574748e-02 5.86773203e-02 8.01275677e-02 1.06081238e-01 1.36355863e-01 1.69939368e-01 2.05136683e-01 2.39751290e-01 2.71268456e-01 2.97242068e-01 3.15678079e-01 3.23947945e-01 3.21165912e-01 3.07632593e-01 2.85053195e-01 2.56059677e-01 2.22668319e-01 1.87465613e-01 1.52832001e-01 1.20750142e-01 9.25353350e-02 6.88211679e-02 4.96666458e-02 3.48594210e-02 2.37674340e-02 1.56555394e-02 9.98166435e-03 6.11764444e-03 3.55429292e-03 1.90794900e-03 8.80478716e-04 2.56167447e-04 -1.05126303e-04 -3.02106869e-04 -3.95085258e-04 -4.20726914e-04 -3.97085216e-04 -3.39692078e-04 -2.67734914e-04 -1.90176008e-04 -1.19044712e-04 -6.42838798e-05 -2.93578003e-05 -1.11358884e-05 -3.45309219e-06 -8.65586410e-07 -1.77119445e-07 -3.39085244e-08 -1.08503643e-08 -8.00646249e-09 -7.74359804e-09 -7.72916958e-09 -7.73238013e-09 -7.73627495e-09 -7.73976028e-09 -7.74294928e-09 -7.74557157e-09 -7.74790065e-09 -7.74955516e-09 -7.75092646e-09 -7.75155584e-09 -7.75192910e-09
-7.75192904e-09 -7.75154962e-09 -7.75095155e-09 -7.74959846e-09 -7.74799569e-09 -7.74570535e-09 -7.74315106e-09 -7.74002001e-09 -7.73661701e-09 -7.73279696e-09 -7.72970021e-09 -7.74482883e-09 -8.01908751e-09 -1.10031704e-08 -3.52883516e-08 -1.86293379e-07 -9.11265263e-07 -3.62606667e-06 -1.16402598e-05 -3.05005235e-05 -6.63026295e-05 -1.21801908e-04 -1.92964854e-04 -2.69451246e-04 -3.39312726e-04 -3.94116010e-04 -4.16388091e-04 -3.92009402e-04 -3.03955857e-04 -1.17158745e-04 2.26746432e-04 8.22839667e-04 1.80725899e-03 3.39966169e-03 5.88147478e-03 9.63997061e-03 1.51997641e-02 2.31422807e-02 3.40586571e-02 4.87297799e-02 6.77441885e-02 9.13074585e-02 1.19471842e-01 1.51537416e-01 1.86119144e-01 2.21279384e-01 2.54946640e-01 2.85082413e-01 3.08121361e-01 3.21765233e-01 3.24570350e-01 3.16232287e-01 2.97648181e-01 2.70736187e-01 2.38354477e-01 2.03764427e-01 1.68625200e-01 1.35088698e-01 1.04857800e-01 7.89379541e-02 5.76733622e-02 4.08811015e-02 2.81737433e-02 1.88425317e-02 1.21598662e-02 7.57289504e-03 4.50830718e-03 2.50997229e-03 1.25633646e-03 4.86494482e-04 2.99141076e-05 -2.25928686e-04 -3.57535666e-04 -4.10716048e-04 -4.10586846e-04 -3.68949599e-04 -3.05858582e-04 -2.31322501e-04 -1.55964366e-04 -9.16636605e-05 -4.59808661e-05 -1.93082600e-05 -6.66978873e-06 -1.86789248e-06 -4.21667924e-07 -8.01410937e-08 -1.75550930e-08 -8.74426498e-09 -7.80335718e-09 -7.73131104e-09 -7.73094788e-09 -7.73473874e-09 -7.73836495e-09 -7.74163650e-09 -7.74448516e-09 -7.74690417e-09 -7.74886255e-09 -7.75033365e-09 -7.75131515e-09 -7.75179898e-09 -7.75179909e-09 -7.75131503e-09 -7.75033360e-09 -7.74886227e-09 -7.74690417e-09 -7.74448533e-09 -7.74163667e-09 -7.73836500e-09 -7.73473890e-09 -7.73094810e-09 -7.73131081e-09 -7.80335724e-09 -8.74426509e-09 -1.75550931e-08 -8.01410937e-08 -4.21667924e-07 -1.86789248e-06 -6.66978873e-06 -1.93082600e-05 -4.59808661e-05 -9.16636605e-05 -1.55964366e-04 -2.31322501e-04 -3.05858582e-04 -3.68949599e-04 -4.10586846e-04 -4.10716048e-04 -3.57535666e-04 -2.25928686e-04 2.99141076e-05 4.86494482e-04 1.25633646e-03 2.50997229e-03 4.50830718e-03 7.57289504e-03 1.21598662e-02 1.88425317e-02 2.81737433e-02 4.08811015e-02 5.76733622e-02 7.89379541e-02 1.04857800e-01 1.35088698e-01 1.68625200e-01 2.03764427e-01 2.38354477e-01 2.70736187e-01 2.97648181e-01 3.16232287e-01 3.24570350e-01 3.21765233e-01 3.08121361e-01 2.85082413e-01 2.54946640e-01 2.21279384e-01 1.86119144e-01 1.51537416e-01 1.19471842e-01 9.13074585e-02 6.77441885e-02 4.87297799e-02 3.40586571e-02 2.31422807e-02 1.51997641e-02 9.63997061e-03 5.88147478e-03 3.39966169e-03 1.80725899e-03 8.22839667e-04 2.26746432e-04 -1.17158745e-04 -3.03955857e-04 -3.92009402e-04 -4.16388091e-04 -3.94116010e-04 -3.39312726e-04 -2.69451246e-04 -1.92964854e-04 -1.21801908e-04 -6.63026295e-05 -3.05005235e-05 -1.16402598e-05 -3.62606667e-06 -9.11265263e-07 -1.86293380e-07 -3.52883514e-08 -1.10031704e-08 -8.01908745e-09 -7.74482894e-09 -7.72970027e-09 -7.73279707e-09 -7.73661735e-09 -7.74002012e-09 -7.74315112e-09 -7.74570535e-09 -7.74799558e-09 -7.74959863e-09 -7.75095155e-09 -7.75154962e-09 -7.75192938e-09
-7.75192921e-09 -7.75154330e-09 -7.75097697e-09 -7.74964121e-09 -7.74808817e-09 -7.74583453e-09 -7.74334719e-09 -7.74027253e-09 -7.73695147e-09 -7.73320341e-09 -7.73021841e-09 -7.74605130e-09 -8.03205263e-09 -1.11621034e-08 -3.67310699e-08 -1.95896511e-07 -9.58978134e-07 -3.80582656e-06 -1.21603154e-05 -3.16662229e-05 -6.83330417e-05 -1.24521728e-04 -1.95631130e-04 -2.70957988e-04 -3.38682507e-04 -3.90923550e-04 -4.11848949e-04 -3.88662013e-04 -3.05327422e-04 -1.28355180e-04 1.99183018e-04 7.68105385e-04 1.71100880e-03 3.24922815e-03 5.65322217e-03 9.31534653e-03 1.47551930e-02 2.25160276e-02 3.32843600e-02 4.78114622e-02 6.66343442e-02 9.01189125e-02 1.18200250e-01 1.50164079e-01 1.84636502e-01 2.20171167e-01 2.54858408e-01 2.85170663e-01 3.08359916e-01 3.22099135e-01 3.24924604e-01 3.16526559e-01 2.97817226e-01 2.70736916e-01 2.37885798e-01 2.02241337e-01 1.67193959e-01 1.33772686e-01 1.03611198e-01 7.77778257e-02 5.66785042e-02 4.00327741e-02 2.74680999e-02 1.83130588e-02 1.17736790e-02 7.29523952e-03 4.31972266e-03 2.39228070e-03 1.18267984e-03 4.46430593e-04 1.12086263e-05 -2.31458743e-04 -3.56078578e-04 -4.06406937e-04 -4.06451998e-04 -3.67045897e-04 -3.06391423e-04 -2.33551778e-04 -1.58782590e-04 -9.40959429e-05 -4.75688971e-05 -2.01118023e-05 -6.98559660e-06 -1.96368044e-06 -4.43846821e-07 -8.40061417e-08 -1.80533704e-08 -8.79113532e-09 -7.80695186e-09 -7.73197190e-09 -7.73140330e-09 -7.73510467e-09 -7.73866066e-09 -7.74185527e-09 -7.74465114e-09 -7.74700948e-09 -7.74893244e-09 -7.75036335e-09 -7.75132453e-09 -7.75179343e-09 -7.75179321e-09 -7.75132447e-09 -7.75036335e-09 -7.74893227e-09 -7.74700953e-09 -7.74465136e-09 -7.74185549e-09 -7.73866071e-09 -7.73510478e-09 -7.73140341e-09 -7.73197173e-09 -7.80695170e-09 -8.79113532e-09 -1.80533705e-08 -8.40061417e-08 -4.43846821e-07 -1.96368044e-06 -6.98559660e-06 -2.01118023e-05 -4.75688971e-05 -9.40959429e-05 -1.58782590e-04 -2.33551778e-04 -3.06391423e-04 -3.67045897e-04 -4.06451998e-04 -4.06406937e-04 -3.56078578e-04 -2.31458743e-04 1.12086263e-05 4.46430593e-04 1.18267984e-03 2.39228070e-03 4.31972266e-03 7.29523952e-03 1.17736790e-02 1.83130588e-02 2.74680999e-02 4.00327741e-02 5.66785042e-02 7.77778257e-02 1.03611198e-01 1.33772686e-01 1.67193959e-01 2.02241337e-01 2.37885798e-01 2.70736916e-01 2.97817226e-01 3.16526559e-01 3.24924604e-01 3.22099135e-01 3.08359916e-01 2.85170663e-01 2.54858408e-01 2.20171167e-01 1.84636502e-01 1.50164079e-01 1.18200250e-01 9.01189125e-02 6.66343442e-02 4.78114622e-02 3.32843600e-02 2.25160276e-02 1.47551930e-02 9.31534653e-03 5.65322217e-03 3.24922815e-03 1.71100880e-03 7.68105385e-04 1.99183018e-04 -1.28355180e-04 -3.05327422e-04 -3.88662013e-04 -4.11848949e-04 -3.90923550e-04 -3.38682507e-04 -2.70957988e-04 -1.95631130e-04 -1.24521728e-04 -6.83330417e-05 -3.16662229e-05 -1.21603154e-05 -3.80582656e-06 -9.58978135e-07 -1.95896511e-07 -3.67310700e-08 -1.11621039e-08 -8.03205247e-09 -7.74605124e-09 -7.73021824e-09 -7.73320363e-09 -7.73695175e-09 -7.74027287e-09 -7.74334707e-09 -7.74583486e-09 -7.74808806e-09 -7.74964126e-09 -7.75097697e-09 -7.75154330e-09 -7.75192910e-09
-7.75192932e-09 -7.75153658e-09 -7.75100195e-09 -7.74968251e-09 -7.74817821e-09 -7.74596082e-09 -7.74353803e-09 -7.74051784e-09 -7.73727626e-09 -7.73360054e-09 -7.73072145e-09 -7.74726389e-09 -8.04534406e-09 -1.13271721e-08 -3.82380950e-08 -2.05941700e-07 -1.00878394e-06 -3.99251378e-06 -1.26961261e-05 -3.28542125e-05 -7.03725853e-05 -1.27199603e-04 -1.98170491e-04 -2.72255262e-04 -3.37809192e-04 -3.87523325e-04 -4.07122352e-04 -3.85055890e-04 -3.06247773e-04 -1.38722270e-04 1.73046018e-04 7.15734888e-04 1.62294178e-03 3.10408184e-03 5.43045828e-03 8.99474561e-03 1.43129197e-02 2.19046583e-02 3.25243587e-02 4.69072441e-02 6.55541489e-02 8.89228232e-02 1.16883616e-01 1.48685883e-01 1.83337628e-01 2.19741206e-01 2.54563328e-01 2.85022678e-01 3.08354999e-01 3.22191196e-01 3.25036961e-01 3.16578853e-01 2.97741735e-01 2.70514936e-01 2.37522709e-01 2.01568728e-01 1.65641015e-01 1.32373205e-01 1.02360694e-01 7.66445161e-02 5.56562724e-02 3.92084992e-02 2.67939092e-02 1.77835681e-02 1.14037885e-02 7.02887573e-03 4.14016346e-03 2.27791995e-03 1.11165372e-03 4.08321526e-04 -5.98596397e-06 -2.36293607e-04 -3.54241797e-04 -4.01894241e-04 -4.02130839e-04 -3.64909012e-04 -3.06689605e-04 -2.35609451e-04 -1.61519002e-04 -9.65170897e-05 -4.91764723e-05 -2.09355061e-05 -7.31238618e-06 -2.06345081e-06 -4.67031924e-07 -8.80481941e-08 -1.85726989e-08 -8.83956386e-09 -7.81058734e-09 -7.73261655e-09 -7.73184861e-09 -7.73546172e-09 -7.73894937e-09 -7.74206826e-09 -7.74481379e-09 -7.74711184e-09 -7.74900116e-09 -7.75039100e-09 -7.75133518e-09 -7.75178849e-09 -7.75178821e-09 -7.75133513e-09 -7.75039072e-09 -7.74900122e-09 -7.74711195e-09 -7.74481379e-09 -7.74206788e-09 -7.73894959e-09 -7.73546160e-09 -7.73184872e-09 -7.73261649e-09 -7.81058723e-09 -8.83956397e-09 -1.85726990e-08 -8.80481938e-08 -4.67031925e-07 -2.06345081e-06 -7.31238618e-06 -2.09355061e-05 -4.91764723e-05 -9.65170897e-05 -1.61519002e-04 -2.35609451e-04 -3.06689605e-04 -3.64909012e-04 -4.02130839e-04 -4.01894241e-04 -3.54241797e-04 -2.36293607e-04 -5.98596397e-06 4.08321526e-04 1.11165372e-03 2.27791995e-03 4.14016346e-03 7.02887573e-03 1.14037885e-02 1.77835681e-02 2.67939092e-02 3.92084992e-02 5.56562724e-02 7.66445161e-02 1.02360694e-01 1.32373205e-01 1.65641015e-01 2.01568728e-01 2.37522709e-01 2.70514936e-01 2.97741735e-01 3.16578853e-01 3.25036961e-01 3.22191196e-01 3.08354999e-01 2.85022678e-01 2.54563328e-01 2.19741206e-01 1.83337628e-01 1.48685883e-01 1.16883616e-01 8.89228232e-02 6.55541489e-02 4.69072441e-02 3.25243587e-02 2.19046583e-02 1.43129197e-02 8.99474561e-03 5.43045828e-03 3.10408184e-03 1.62294178e-03 7.15734888e-04 1.73046018e-04 -1.38722270e-04 -3.06247773e-04 -3.85055890e-04 -4.07122352e-04 -3.87523325e-04 -3.37809192e-04 -2.72255262e-04 -1.98170491e-04 -1.27199603e-04 -7.03725853e-05 -3.28542125e-05 -1.26961261e-05 -3.99251378e-06 -1.00878394e-06 -2.05941700e-07 -3.82380949e-08 -1.13271719e-08 -8.04534406e-09 -7.74726383e-09 -7.73072129e-09 -7.73360076e-09 -7.73727626e-09 -7.74051806e-09 -7.74353809e-09 -7.74596109e-09 -7.74817843e-09 -7.74968228e-09 -7.75100184e-09 -7.75153658e-09 -7.75192954e-09
-7.75192954e-09 -7.75153008e-09 -7.75102588e-09 -7.74972236e-09 -7.74826547e-09 -7.74608355e-09 -7.74372422e-09 -7.74075765e-09 -7.73759268e-09 -7.73398612e-09 -7.73121256e-09 -7.74846448e-09 -8.05893396e-09 -1.14983307e-08 -3.98105470e-08 -2.16440808e-07 -1.06073888e-06 -4.18626149e-06 -1.32477332e-05 -3.40637379e-05 -7.24186568e-05 -1.29831028e-04 -2.00578966e-04 -2.73343824e-04 -3.36701095e-04 -3.83932709e-04 -4.02243353e-04 -3.81224972e-04 -3.06759245e-04 -1.48255777e-04 1.48084248e-04 6.65564788e-04 1.53800563e-03 2.96301359e-03 5.21520230e-03 8.68990392e-03 1.38718298e-02 2.13211644e-02 3.17977943e-02 4.59839672e-02 6.44955949e-02 8.77194778e-02 1.15493702e-01 1.47139276e-01 1.82652516e-01 2.19132324e-01 2.54066513e-01 2.84688904e-01 3.08201795e-01 3.22149863e-01 3.25019558e-01 3.16491611e-01 2.97506931e-01 2.70092294e-01 2.36963222e-01 2.00918804e-01 1.64637201e-01 1.30883114e-01 1.01069405e-01 7.55134704e-02 5.46601317e-02 3.84009459e-02 2.61227455e-02 1.72627869e-02 1.10395132e-02 6.77154603e-03 3.96549272e-03 2.16720982e-03 1.04418375e-03 3.72302134e-04 -2.18821017e-05 -2.40571124e-04 -3.52094708e-04 -3.97201023e-04 -3.97648869e-04 -3.62550896e-04 -3.06757524e-04 -2.37493387e-04 -1.64168897e-04 -9.89234178e-05 -5.08020257e-05 -2.17791419e-05 -7.65029265e-06 -2.16729917e-06 -4.91251254e-07 -9.22714103e-08 -1.91132365e-08 -8.88949814e-09 -7.81425608e-09 -7.73324516e-09 -7.73228204e-09 -7.73580772e-09 -7.73923226e-09 -7.74227416e-09 -7.74497355e-09 -7.74721048e-09 -7.74906900e-09 -7.75041786e-09 -7.75134512e-09 -7.75178244e-09 -7.75178249e-09 -7.75134529e-09 -7.75041786e-09 -7.74906861e-09 -7.74721087e-09 -7.74497338e-09 -7.74227404e-09 -7.73923203e-09 -7.73580794e-09 -7.73228181e-09 -7.73324516e-09 -7.81425574e-09 -8.88949780e-09 -1.91132367e-08 -9.22714099e-08 -4.91251254e-07 -2.16729917e-06 -7.65029265e-06 -2.17791419e-05 -5.08020257e-05 -9.89234178e-05 -1.64168897e-04 -2.37493387e-04 -3.06757524e-04 -3.62550896e-04 -3.97648869e-04 -3.97201023e-04 -3.52094708e-04 -2.40571124e-04 -2.18821017e-05 3.72302134e-04 1.04418375e-03 2.16720982e-03 3.96549272e-03 6.77154603e-03 1.10395132e-02 1.72627869e-02 2.61227455e-02 3.84009459e-02 5.46601317e-02 7.55134704e-02 1.01069405e-01 1.30883114e-01 1.64637201e-01 2.00918804e-01 2.36963222e-01 2.70092294e-01 2.97506931e-01 3.16491611e-01 3.25019558e-01 3.22149863e-01 3.08201795e-01 2.84688904e-01 2.54066513e-01 2.19132324e-01 1.82652516e-01 1.47139276e-01 1.15493702e-01 8.77194778e-02 6.44955949e-02 4.59839672e-02 3.17977943e-02 2.13211644e-02 1.38718298e-02 8.68990392e-03 5.21520230e-03 2.96301359e-03 1.53800563e-03 6.65564788e-04 1.48084248e-04 -1.48255777e-04 -3.06759245e-04 -3.81224972e-04 -4.02243353e-04 -3.83932709e-04 -3.36701095e-04 -2.73343824e-04 -2.00578966e-04 -1.29831028e-04 -7.24186568e-05 -3.40637379e-05 -1.32477332e-05 -4.18626149e-06 -1.06073888e-06 -2.16440808e-07 -3.98105471e-08 -1.14983305e-08 -8.05893424e-09 -7.74846443e-09 -7.73121278e-09 -7.73398595e-09 -7.73759234e-09 -7.74075776e-09 -7.74372444e-09 -7.74608377e-09 -7.74826536e-09 -7.74972220e-09 -7.75102571e-09 -7.75153031e-09 -7.75192954e-09
-7.75192932e-09 -7.75152448e-09 -7.75104836e-09 -7.74976261e-09 -7.74835052e-09 -7.74620557e-09 -7.74390463e-09 -7.74099224e-09 -7.73789988e-09 -7.73436193e-09 -7.73168929e-09 -7.74965003e-09 -8.07279077e-09 -1.16754613e-08 -4.14491552e-08 -2.27404313e-07 -1.11489538e-06 -4.38719176e-06 -1.38151447e-05 -3.52939740e-05 -7.44685854e-05 -1.32411584e-04 -2.02852968e-04 -2.74225043e-04 -3.35367006e-04 -3.80164916e-04 -3.97228960e-04 -3.77218120e-04 -3.06897753e-04 -1.56906890e-04 1.24432901e-04 6.17473584e-04 1.45581073e-03 2.82859275e-03 5.01096773e-03 8.39402799e-03 1.34342562e-02 2.07457884e-02 3.10817040e-02 4.50800548e-02 6.34431654e-02 8.64814318e-02 1.14027293e-01 1.46301244e-01 1.81822313e-01 2.18354188e-01 2.53439069e-01 2.84250537e-01 3.08018087e-01 3.22130053e-01 3.25034892e-01 3.16403987e-01 2.97203863e-01 2.69557131e-01 2.36240412e-01 2.00105872e-01 1.63799918e-01 1.29553129e-01 9.97181560e-02 7.43754086e-02 5.36880353e-02 3.75784643e-02 2.54934943e-02 1.67618663e-02 1.06774842e-02 6.52148867e-03 3.79652410e-03 2.06058011e-03 9.82332557e-04 3.38221218e-04 -3.67868882e-05 -2.44307639e-04 -3.49670933e-04 -3.92360243e-04 -3.93005865e-04 -3.59983748e-04 -3.06600178e-04 -2.39201983e-04 -1.66727792e-04 -1.01311229e-04 -5.24439108e-05 -2.26424287e-05 -7.99943164e-06 -2.27531466e-06 -5.16530510e-07 -9.66791893e-08 -1.96749691e-08 -8.94086416e-09 -7.81794618e-09 -7.73385767e-09 -7.73270514e-09 -7.73614428e-09 -7.73950781e-09 -7.74247383e-09 -7.74512898e-09 -7.74730508e-09 -7.74913600e-09 -7.75044329e-09 -7.75135561e-09 -7.75177739e-09 -7.75177755e-09 -7.75135545e-09 -7.75044340e-09 -7.74913572e-09 -7.74730569e-09 -7.74512909e-09 -7.74247400e-09 -7.73950787e-09 -7.73614389e-09 -7.73270520e-09 -7.73385767e-09 -7.81794629e-09 -8.94086416e-09 -1.96749689e-08 -9.66791893e-08 -5.16530510e-07 -2.27531466e-06 -7.99943164e-06 -2.26424287e-05 -5.24439108e-05 -1.01311229e-04 -1.66727792e-04 -2.39201983e-04 -3.06600178e-04 -3.59983748e-04 -3.93005865e-04 -3.92360243e-04 -3.49670933e-04 -2.44307639e-04 -3.67868882e-05 3.38221218e-04 9.82332557e-04 2.06058011e-03 3.79652410e-03 6.52148867e-03 1.06774842e-02 1.67618663e-02 2.54934943e-02 3.75784643e-02 5.36880353e-02 7.43754086e-02 9.97181560e-02 1.29553129e-01 1.63799918e-01 2.00105872e-01 2.36240412e-01 2.69557131e-01 2.97203863e-01 3.16403987e-01 3.25034892e-01 3.22130053e-01 3.08018087e-01 2.84250537e-01 2.53439069e-01 2.18354188e-01 1.81822313e-01 1.46301244e-01 1.14027293e-01 8.64814318e-02 6.34431654e-02 4.50800548e-02 3.10817040e-02 2.07457884e-02 1.34342562e-02 8.39402799e-03 5.01096773e-03 2.82859275e-03 1.45581073e-03 6.17473584e-04 1.24432901e-04 -1.56906890e-04 -3.06897753e-04 -3.77218120e-04 -3.97228960e-04 -3.80164916e-04 -3.35367006e-04 -2.74225043e-04 -2.02852968e-04 -1.32411584e-04 -7.44685854e-05 -3.52939740e-05 -1.38151447e-05 -4.38719176e-06 -1.11489538e-06 -2.27404313e-07 -4.14491550e-08 -1.16754610e-08 -8.07279066e-09 -7.74965031e-09 -7.73168907e-09 -7.73436171e-09 -7.73789999e-09 -7.74099251e-09 -7.74390452e-09 -7.74620518e-09 -7.74835046e-09 -7.74976250e-09 -7.75104853e-09 -7.75152414e-09 -7.75192938e-09
-7.75192904e-09 -7.75151920e-09 -7.75107145e-09 -7.74980152e-09 -7.74843273e-09 -7.74632303e-09 -7.74408027e-09 -7.74122100e-09 -7.73819925e-09 -7.73472852e-09 -7.73215336e-09 -7.75081460e-09 -8.08687012e-09 -1.18583608e-08 -4.31541721e-08 -2.38840878e-07 -1.17130063e-06 -4.59541265e-06 -1.43983318e-05 -3.65440236e-05 -7.65196393e-05 -1.34936949e-04 -2.04989306e-04 -2.74900883e-04 -3.33816136e-04 -3.76234627e-04 -3.92093572e-04 -3.73056163e-04 -3.06638012e-04 -1.64641691e-04 1.02293400e-04 5.71778532e-04 1.37655730e-03 2.69823889e-03 4.81134483e-03 8.10155997e-03 1.30103560e-02 2.01990032e-02 3.03622785e-02 4.42032675e-02 6.23864919e-02 8.51931042e-02 1.12856900e-01 1.45354262e-01 1.80852764e-01 2.17472914e-01 2.52768326e-01 2.83859254e-01 3.07741170e-01 3.21935282e-01 3.24857957e-01 3.16174688e-01 2.96869203e-01 2.69037352e-01 2.35425443e-01 1.99160473e-01 1.62832393e-01 1.28633353e-01 9.83056838e-02 7.32104821e-02 5.27227416e-02 3.67663392e-02 2.48702670e-02 1.62772717e-02 1.03186307e-02 6.28267609e-03 3.63349220e-03 1.95761864e-03 9.22942225e-04 3.05641137e-04 -5.07796911e-05 -2.47521422e-04 -3.47024107e-04 -3.87396197e-04 -3.88230310e-04 -3.57219944e-04 -3.06223131e-04 -2.40734164e-04 -1.69191447e-04 -1.03676819e-04 -5.41004021e-05 -2.35250303e-05 -8.35989563e-06 -2.38757797e-06 -5.42892245e-07 -1.01273944e-07 -2.02576663e-08 -8.99355801e-09 -7.82164294e-09 -7.73445291e-09 -7.73311870e-09 -7.73647046e-09 -7.73977771e-09 -7.74266751e-09 -7.74528280e-09 -7.74739739e-09 -7.74920195e-09 -7.75046805e-09 -7.75136599e-09 -7.75177122e-09 -7.75177095e-09 -7.75136594e-09 -7.75046799e-09 -7.74920172e-09 -7.74739739e-09 -7.74528303e-09 -7.74266740e-09 -7.73977782e-09 -7.73647091e-09 -7.73311859e-09 -7.73445313e-09 -7.82164256e-09 -8.99355806e-09 -2.02576660e-08 -1.01273944e-07 -5.42892245e-07 -2.38757797e-06 -8.35989563e-06 -2.35250303e-05 -5.41004021e-05 -1.03676819e-04 -1.69191447e-04 -2.40734164e-04 -3.06223131e-04 -3.57219944e-04 -3.88230310e-04 -3.87396197e-04 -3.47024107e-04 -2.47521422e-04 -5.07796911e-05 3.05641137e-04 9.22942225e-04 1.95761864e-03 3.63349220e-03 6.28267609e-03 1.03186307e-02 1.62772717e-02 2.48702670e-02 3.67663392e-02 5.27227416e-02 7.32104821e-02 9.83056838e-02 1.28633353e-01 1.62832393e-01 1.99160473e-01 2.35425443e-01 2.69037352e-01 2.96869203e-01 3.16174688e-01 3.24857957e-01 3.21935282e-01 3.07741170e-01 2.83859254e-01 2.52768326e-01 2.17472914e-01 1.80852764e-01 1.45354262e-01 1.12856900e-01 8.51931042e-02 6.23864919e-02 4.42032675e-02 3.03622785e-02 2.01990032e-02 1.30103560e-02 8.10155997e-03 4.81134483e-03 2.69823889e-03 1.37655730e-03 5.71778532e-04 1.02293400e-04 -1.64641691e-04 -3.06638012e-04 -3.73056163e-04 -3.92093572e-04 -3.76234627e-04 -3.33816136e-04 -2.74900883e-04 -2.04989306e-04 -1.34936949e-04 -7.65196393e-05 -3.65440236e-05 -1.43983318e-05 -4.59541265e-06 -1.17130063e-06 -2.38840878e-07 -4.31541718e-08 -1.18583606e-08 -8.08686990e-09 -7.75081466e-09 -7.73215331e-09 -7.73472847e-09 -7.73819947e-09 -7.74122105e-09 -7.74407999e-09 -7.74632286e-09 -7.74843273e-09 -7.74980180e-09 -7.75107112e-09 -7.75151909e-09 -7.75192927e-09
-7.75192949e-09 -7.75151493e-09 -7.75109210e-09 -7.74983966e-09 -7.74851178e-09 -7.74643899e-09 -7.74425046e-09 -7.74144648e-09 -7.73849052e-09 -7.73508735e-09 -7.73260456e-09 -7.75195691e-09 -8.10112205e-09 -1.20467331e-08 -4.49252627e-08 -2.50756816e-07 -1.22999503e-06 -4.81101481e-06 -1.49972235e-05 -3.78129140e-05 -7.85690311e-05 -1.37402915e-04 -2.06985195e-04 -2.75373882e-04 -3.32058058e-04 -3.72157180e-04 -3.86854222e-04 -3.68745937e-04 -3.06059256e-04 -1.71738036e-04 8.14608351e-05 5.29999749e-04 1.30053973e-03 2.57276630e-03 4.61986490e-03 7.81264044e-03 1.26077085e-02 1.96632952e-02 2.96432541e-02 4.33310959e-02 6.13094627e-02 8.38573355e-02 1.11888459e-01 1.44292579e-01 1.79797904e-01 2.16576572e-01 2.52051526e-01 2.83301767e-01 3.07539081e-01 3.21963437e-01 3.24942134e-01 3.16105478e-01 2.96504294e-01 2.68375952e-01 2.34667269e-01 1.98142809e-01 1.61749335e-01 1.27614658e-01 9.72489499e-02 7.20067269e-02 5.17574149e-02 3.59871345e-02 2.42514332e-02 1.58062731e-02 9.96907582e-03 6.05004699e-03 3.47915338e-03 1.85958118e-03 8.65801121e-04 2.74611964e-04 -6.39596948e-05 -2.50262084e-04 -3.44165535e-04 -3.82325792e-04 -3.83340904e-04 -3.54271972e-04 -3.05632466e-04 -2.42089380e-04 -1.71555875e-04 -1.06016495e-04 -5.57696956e-05 -2.44265513e-05 -8.73174965e-06 -2.50415884e-06 -5.70354894e-07 -1.06056864e-07 -2.08608522e-08 -9.04744141e-09 -7.82533044e-09 -7.73503012e-09 -7.73352160e-09 -7.73678749e-09 -7.74004205e-09 -7.74285602e-09 -7.74543285e-09 -7.74748637e-09 -7.74926712e-09 -7.75049169e-09 -7.75137732e-09 -7.75176734e-09 -7.75176723e-09 -7.75137710e-09 -7.75049186e-09 -7.74926695e-09 -7.74748637e-09 -7.74543263e-09 -7.74285613e-09 -7.74004189e-09 -7.73678765e-09 -7.73352143e-09 -7.73503028e-09 -7.82533066e-09 -9.04744141e-09 -2.08608519e-08 -1.06056864e-07 -5.70354894e-07 -2.50415884e-06 -8.73174965e-06 -2.44265513e-05 -5.57696956e-05 -1.06016495e-04 -1.71555875e-04 -2.42089380e-04 -3.05632466e-04 -3.54271972e-04 -3.83340904e-04 -3.82325792e-04 -3.44165535e-04 -2.50262084e-04 -6.39596948e-05 2.74611964e-04 8.65801121e-04 1.85958118e-03 3.47915338e-03 6.05004699e-03 9.96907582e-03 1.58062731e-02 2.42514332e-02 3.59871345e-02 5.17574149e-02 7.20067269e-02 9.72489499e-02 1.27614658e-01 1.61749335e-01 1.98142809e-01 2.34667269e-01 2.68375952e-01 2.96504294e-01 3.16105478e-01 3.24942134e-01 3.21963437e-01 3.07539081e-01 2.83301767e-01 2.52051526e-01 2.16576572e-01 1.79797904e-01 1.44292579e-01 1.11888459e-01 8.38573355e-02 6.13094627e-02 4.33310959e-02 2.96432541e-02 1.96632952e-02 1.26077085e-02 7.81264044e-03 4.61986490e-03 2.57276630e-03 1.30053973e-03 5.29999749e-04 8.14608351e-05 -1.71738036e-04 -3.06059256e-04 -3.68745937e-04 -3.86854222e-04 -3.72157180e-04 -3.32058058e-04 -2.75373882e-04 -2.06985195e-04 -1.37402915e-04 -7.85690311e-05 -3.78129140e-05 -1.49972235e-05 -4.81101481e-06 -1.22999503e-06 -2.50756816e-07 -4.49252627e-08 -1.20467331e-08 -8.10112194e-09 -7.75195730e-09 -7.73260433e-09 -7.73508685e-09 -7.73849024e-09 -7.74144604e-09 -7.74425035e-09 -7.74643905e-09 -7.74851200e-09 -7.74983988e-09 -7.75109221e-09 -7.75151460e-09 -7.75192943e-09
