# mapa exacto (Lambda, theta) | filas = Lambda (200), columnas = theta (200) | sector=even, sign=+1, nph_wig=85
9.99167360e-01 9.99167360e-01 9.99167360e-01 9.99167360e-01 9.99167360e-01 9.99167360e-01 9.99167360e-01 9.99167360e-01 9.99167360e-01 9.99167360e-01 9.99167360e-01 9.99167360e-01 9.99167360e-01 9.99167360e-01 9.99167360e-01 9.99167360e-01 9.99167360e-01 9.99167360e-01 9.99167360e-01 9.99167360e-01 9.99167360e-01 9.99167360e-01 9.99167360e-01 9.99167360e-01 9.99167360e-01 9.99167360e-01 9.99167360e-01 9.99167360e-01 9.99167360e-01 9.99167360e-01 9.99167360e-01 9.99167360e-01 9.99167360e-01 9.99167360e-01 9.99167360e-01 9.99167360e-01 9.99167360e-01 9.99167360e-01 9.99167360e-01 9.99167360e-01 9.99167360e-01 9.99167360e-01 9.99167360e-01 9.99167360e-01 9.99167360e-01 9.99167360e-01 9.99167360e-01 9.99167360e-01 9.99167360e-01 9.99167360e-01 9.99167360e-01 9.99167360e-01 9.99167360e-01 9.99167360e-01 9.99167360e-01 9.99167360e-01 9.99167360e-01 9.99167360e-01 9.99167360e-01 9.99167360e-01 9.99167360e-01 9.99167360e-01 9.99167360e-01 9.99167360e-01 9.99167360e-01 9.99167360e-01 9.99167360e-01 9.99167360e-01 9.99167360e-01 9.99167360e-01 9.99167360e-01 9.99167360e-01 9.99167360e-01 9.99167360e-01 9.99167360e-01 9.99167360e-01 9.99167360e-01 9.99167360e-01 9.99167360e-01 9.99167360e-01 9.99167360e-01 9.99167360e-01 9.99167360e-01 9.99167360e-01 9.99167360e-01 9.99167360e-01 9.99167360e-01 9.99167360e-01 9.99167360e-01 9.99167360e-01 9.99167360e-01 9.99167360e-01 9.99167360e-01 9.99167360e-01 9.99167360e-01 9.99167360e-01 9.99167360e-01 9.99167360e-01 9.99167360e-01 9.99167360e-01 9.99167360e-01 9.99167360e-01 9.99167360e-01 9.99167360e-01 9.99167360e-01 9.99167360e-01 9.99167360e-01 9.99167360e-01 9.99167360e-01 9.99167360e-01 9.99167360e-01 9.99167360e-01 9.99167360e-01 9.99167360e-01 9.99167360e-01 9.99167360e-01 9.99167360e-01 9.99167360e-01 9.99167360e-01 9.99167360e-01 9.99167360e-01 9.99167360e-01 9.99167360e-01 9.99167360e-01 9.99167360e-01 9.99167360e-01 9.99167360e-01 9.99167360e-01 9.99167360e-01 9.99167360e-01 9.99167360e-01 9.99167360e-01 9.99167360e-01 9.99167360e-01 9.99167360e-01 9.99167360e-01 9.99167360e-01 9.99167360e-01 9.99167360e-01 9.99167360e-01 9.99167360e-01 9.99167360e-01 9.99167360e-01 9.99167360e-01 9.99167360e-01 9.99167360e-01 9.99167360e-01 9.99167360e-01 9.99167360e-01 9.99167360e-01 9.99167360e-01 9.99167360e-01 9.99167360e-01 9.99167360e-01 9.99167360e-01 9.99167360e-01 9.99167360e-01 9.99167360e-01 9.99167360e-01 9.99167360e-01 9.99167360e-01 9.99167360e-01 9.99167360e-01 9.99167360e-01 9.99167360e-01 9.99167360e-01 9.99167360e-01 9.99167360e-01 9.99167360e-01 9.99167360e-01 9.99167360e-01 9.99167360e-01 9.99167360e-01 9.99167360e-01 9.99167360e-01 9.99167360e-01 9.99167360e-01 9.99167360e-01 9.99167360e-01 9.99167360e-01 9.99167360e-01 9.99167360e-01 9.99167360e-01 9.99167360e-01 9.99167360e-01 9.99167360e-01 9.99167360e-01 9.99167360e-01 9.99167360e-01 9.99167360e-01 9.99167360e-01 9.99167360e-01 9.99167360e-01 9.99167360e-01 9.99167360e-01 9.99167360e-01 9.99167360e-01 9.99167360e-01 9.99167360e-01 9.99167360e-01
9.97876533e-01 9.97876533e-01 9.97876533e-01 9.97876533e-01 9.97876533e-01 9.97876533e-01 9.97876533e-01 9.97876533e-01 9.97876533e-01 9.97876533e-01 9.97876533e-01 9.97876533e-01 9.97876533e-01 9.97876533e-01 9.97876533e-01 9.97876533e-01 9.97876533e-01 9.97876533e-01 9.97876533e-01 9.97876533e-01 9.97876533e-01 9.97876533e-01 9.97876533e-01 9.97876533e-01 9.97876533e-01 9.97876533e-01 9.97876533e-01 9.97876533e-01 9.97876533e-01 9.97876533e-01 9.97876533e-01 9.97876533e-01 9.97876533e-01 9.97876533e-01 9.97876533e-01 9.97876533e-01 9.97876533e-01 9.97876533e-01 9.97876533e-01 9.97876533e-01 9.97876533e-01 9.97876533e-01 9.97876533e-01 9.97876533e-01 9.97876533e-01 9.97876533e-01 9.97876533e-01 9.97876533e-01 9.97876533e-01 9.97876533e-01 9.97876533e-01 9.97876533e-01 9.97876533e-01 9.97876533e-01 9.97876533e-01 9.97876533e-01 9.97876533e-01 9.97876533e-01 9.97876533e-01 9.97876533e-01 9.97876533e-01 9.97876533e-01 9.97876533e-01 9.97876533e-01 9.97876533e-01 9.97876533e-01 9.97876533e-01 9.97876533e-01 9.97876533e-01 9.97876533e-01 9.97876533e-01 9.97876533e-01 9.97876533e-01 9.97876533e-01 9.97876533e-01 9.97876533e-01 9.97876533e-01 9.97876533e-01 9.97876533e-01 9.97876533e-01 9.97876533e-01 9.97876533e-01 9.97876533e-01 9.97876533e-01 9.97876533e-01 9.97876533e-01 9.97876533e-01 9.97876533e-01 9.97876533e-01 9.97876533e-01 9.97876533e-01 9.97876533e-01 9.97876533e-01 9.97876533e-01 9.97876533e-01 9.97876533e-01 9.97876533e-01 9.97876533e-01 9.97876533e-01 9.97876533e-01 9.97876533e-01 9.97876533e-01 9.97876533e-01 9.97876533e-01 9.97876533e-01 9.97876533e-01 9.97876533e-01 9.97876533e-01 9.97876533e-01 9.97876533e-01 9.97876533e-01 9.97876533e-01 9.97876533e-01 9.97876533e-01 9.97876533e-01 9.97876533e-01 9.97876533e-01 9.97876533e-01 9.97876533e-01 9.97876533e-01 9.97876533e-01 9.97876533e-01 9.97876533e-01 9.97876533e-01 9.97876533e-01 9.97876533e-01 9.97876533e-01 9.97876533e-01 9.97876533e-01 9.97876533e-01 9.97876533e-01 9.97876533e-01 9.97876533e-01 9.97876533e-01 9.97876533e-01 9.97876533e-01 9.97876533e-01 9.97876533e-01 9.97876533e-01 9.97876533e-01 9.97876533e-01 9.97876533e-01 9.97876533e-01 9.97876533e-01 9.97876533e-01 9.97876533e-01 9.97876533e-01 9.97876533e-01 9.97876533e-01 9.97876533e-01 9.97876533e-01 9.97876533e-01 9.97876533e-01 9.97876533e-01 9.97876533e-01 9.97876533e-01 9.97876533e-01 9.97876533e-01 9.97876533e-01 9.97876533e-01 9.97876533e-01 9.97876533e-01 9.97876533e-01 9.97876533e-01 9.97876533e-01 9.97876533e-01 9.97876533e-01 9.97876533e-01 9.97876533e-01 9.97876533e-01 9.97876533e-01 9.97876533e-01 9.97876533e-01 9.97876533e-01 9.97876533e-01 9.97876533e-01 9.97876533e-01 9.97876533e-01 9.97876533e-01 9.97876533e-01 9.97876533e-01 9.97876533e-01 9.97876533e-01 9.97876533e-01 9.97876533e-01 9.97876533e-01 9.97876533e-01 9.97876533e-01 9.97876533e-01 9.97876533e-01 9.97876533e-01 9.97876533e-01 9.97876533e-01 9.97876533e-01 9.97876533e-01 9.97876533e-01 9.97876533e-01 9.97876533e-01 9.97876533e-01 9.97876533e-01
9.95997416e-01 9.95997416e-01 9.95997416e-01 9.95997416e-01 9.95997416e-01 9.95997416e-01 9.95997416e-01 9.95997416e-01 9.95997416e-01 9.95997416e-01 9.95997416e-01 9.95997416e-01 9.95997416e-01 9.95997416e-01 9.95997416e-01 9.95997416e-01 9.95997416e-01 9.95997416e-01 9.95997416e-01 9.95997416e-01 9.95997416e-01 9.95997416e-01 9.95997416e-01 9.95997416e-01 9.95997416e-01 9.95997416e-01 9.95997416e-01 9.95997416e-01 9.95997416e-01 9.95997416e-01 9.95997416e-01 9.95997416e-01 9.95997416e-01 9.95997416e-01 9.95997416e-01 9.95997416e-01 9.95997416e-01 9.95997416e-01 9.95997416e-01 9.95997416e-01 9.95997416e-01 9.95997416e-01 9.95997416e-01 9.95997416e-01 9.95997416e-01 9.95997416e-01 9.95997416e-01 9.95997416e-01 9.95997416e-01 9.95997416e-01 9.95997416e-01 9.95997416e-01 9.95997416e-01 9.95997416e-01 9.95997416e-01 9.95997416e-01 9.95997416e-01 9.95997416e-01 9.95997416e-01 9.95997416e-01 9.95997416e-01 9.95997416e-01 9.95997416e-01 9.95997416e-01 9.95997416e-01 9.95997416e-01 9.95997416e-01 9.95997416e-01 9.95997416e-01 9.95997416e-01 9.95997416e-01 9.95997416e-01 9.95997416e-01 9.95997416e-01 9.95997416e-01 9.95997416e-01 9.95997416e-01 9.95997416e-01 9.95997416e-01 9.95997416e-01 9.95997416e-01 9.95997416e-01 9.95997416e-01 9.95997416e-01 9.95997416e-01 9.95997416e-01 9.95997416e-01 9.95997416e-01 9.95997416e-01 9.95997416e-01 9.95997416e-01 9.95997416e-01 9.95997416e-01 9.95997416e-01 9.95997416e-01 9.95997416e-01 9.95997416e-01 9.95997416e-01 9.95997416e-01 9.95997416e-01 9.95997416e-01 9.95997416e-01 9.95997416e-01 9.95997416e-01 9.95997416e-01 9.95997416e-01 9.95997416e-01 9.95997416e-01 9.95997416e-01 9.95997416e-01 9.95997416e-01 9.95997416e-01 9.95997416e-01 9.95997416e-01 9.95997416e-01 9.95997416e-01 9.95997416e-01 9.95997416e-01 9.95997416e-01 9.95997416e-01 9.95997416e-01 9.95997416e-01 9.95997416e-01 9.95997416e-01 9.95997416e-01 9.95997416e-01 9.95997416e-01 9.95997416e-01 9.95997416e-01 9.95997416e-01 9.95997416e-01 9.95997416e-01 9.95997416e-01 9.95997416e-01 9.95997416e-01 9.95997416e-01 9.95997416e-01 9.95997416e-01 9.95997416e-01 9.95997416e-01 9.95997416e-01 9.95997416e-01 9.95997416e-01 9.95997416e-01 9.95997416e-01 9.95997416e-01 9.95997416e-01 9.95997416e-01 9.95997416e-01 9.95997416e-01 9.95997416e-01 9.95997416e-01 9.95997416e-01 9.95997416e-01 9.95997416e-01 9.95997416e-01 9.95997416e-01 9.95997416e-01 9.95997416e-01 9.95997416e-01 9.95997416e-01 9.95997416e-01 9.95997416e-01 9.95997416e-01 9.95997416e-01 9.95997416e-01 9.95997416e-01 9.95997416e-01 9.95997416e-01 9.95997416e-01 9.95997416e-01 9.95997416e-01 9.95997416e-01 9.95997416e-01 9.95997416e-01 9.95997416e-01 9.95997416e-01 9.95997416e-01 9.95997416e-01 9.95997416e-01 9.95997416e-01 9.95997416e-01 9.95997416e-01 9.95997416e-01 9.95997416e-01 9.95997416e-01 9.95997416e-01 9.95997416e-01 9.95997416e-01 9.95997416e-01 9.95997416e-01 9.95997416e-01 9.95997416e-01 9.95997416e-01 9.95997416e-01 9.95997416e-01 9.95997416e-01 9.95997416e-01 9.95997416e-01 9.95997416e-01
9.93536559e-01 9.93536559e-01 9.93536559e-01 9.93536559e-01 9.93536559e-01 9.93536559e-01 9.93536559e-01 9.93536559e-01 9.93536559e-01 9.93536559e-01 9.93536559e-01 9.93536559e-01 9.93536559e-01 9.93536559e-01 9.93536559e-01 9.93536559e-01 9.93536559e-01 9.93536559e-01 9.93536559e-01 9.93536559e-01 9.93536559e-01 9.93536559e-01 9.93536559e-01 9.93536559e-01 9.93536559e-01 9.93536559e-01 9.93536559e-01 9.93536559e-01 9.93536559e-01 9.93536559e-01 9.93536559e-01 9.93536559e-01 9.93536559e-01 9.93536559e-01 9.93536559e-01 9.93536559e-01 9.93536559e-01 9.93536559e-01 9.93536559e-01 9.93536559e-01 9.93536559e-01 9.93536559e-01 9.93536559e-01 9.93536559e-01 9.93536559e-01 9.93536559e-01 9.93536559e-01 9.93536559e-01 9.93536559e-01 9.93536559e-01 9.93536559e-01 9.93536559e-01 9.93536559e-01 9.93536559e-01 9.93536559e-01 9.93536559e-01 9.93536559e-01 9.93536559e-01 9.93536559e-01 9.93536559e-01 9.93536559e-01 9.93536559e-01 9.93536559e-01 9.93536559e-01 9.93536559e-01 9.93536559e-01 9.93536559e-01 9.93536559e-01 9.93536559e-01 9.93536559e-01 9.93536559e-01 9.93536559e-01 9.93536559e-01 9.93536559e-01 9.93536559e-01 9.93536559e-01 9.93536559e-01 9.93536559e-01 9.93536559e-01 9.93536559e-01 9.93536559e-01 9.93536559e-01 9.93536559e-01 9.93536559e-01 9.93536559e-01 9.93536559e-01 9.93536559e-01 9.93536559e-01 9.93536559e-01 9.93536559e-01 9.93536559e-01 9.93536559e-01 9.93536559e-01 9.93536559e-01 9.93536559e-01 9.93536559e-01 9.93536559e-01 9.93536559e-01 9.93536559e-01 9.93536559e-01 9.93536559e-01 9.93536559e-01 9.93536559e-01 9.93536559e-01 9.93536559e-01 9.93536559e-01 9.93536559e-01 9.93536559e-01 9.93536559e-01 9.93536559e-01 9.93536559e-01 9.93536559e-01 9.93536559e-01 9.93536559e-01 9.93536559e-01 9.93536559e-01 9.93536559e-01 9.93536559e-01 9.93536559e-01 9.93536559e-01 9.93536559e-01 9.93536559e-01 9.93536559e-01 9.93536559e-01 9.93536559e-01 9.93536559e-01 9.93536559e-01 9.93536559e-01 9.93536559e-01 9.93536559e-01 9.93536559e-01 9.93536559e-01 9.93536559e-01 9.93536559e-01 9.93536559e-01 9.93536559e-01 9.93536559e-01 9.93536559e-01 9.93536559e-01 9.93536559e-01 9.93536559e-01 9.93536559e-01 9.93536559e-01 9.93536559e-01 9.93536559e-01 9.93536559e-01 9.93536559e-01 9.93536559e-01 9.93536559e-01 9.93536559e-01 9.93536559e-01 9.93536559e-01 9.93536559e-01 9.93536559e-01 9.93536559e-01 9.93536559e-01 9.93536559e-01 9.93536559e-01 9.93536559e-01 9.93536559e-01 9.93536559e-01 9.93536559e-01 9.93536559e-01 9.93536559e-01 9.93536559e-01 9.93536559e-01 9.93536559e-01 9.93536559e-01 9.93536559e-01 9.93536559e-01 9.93536559e-01 9.93536559e-01 9.93536559e-01 9.93536559e-01 9.93536559e-01 9.93536559e-01 9.93536559e-01 9.93536559e-01 9.93536559e-01 9.93536559e-01 9.93536559e-01 9.93536559e-01 9.93536559e-01 9.93536559e-01 9.93536559e-01 9.93536559e-01 9.93536559e-01 9.93536559e-01 9.93536559e-01 9.93536559e-01 9.93536559e-01 9.93536559e-01 9.93536559e-01 9.93536559e-01 9.93536559e-01 9.93536559e-01 9.93536559e-01 9.93536559e-01 9.93536559e-01 9.93536559e-01
9.90502396e-01 9.90502396e-01 9.90502396e-01 9.90502396e-01 9.90502396e-01 9.90502396e-01 9.90502396e-01 9.90502396e-01 9.90502396e-01 9.90502396e-01 9.90502396e-01 9.90502396e-01 9.90502396e-01 9.90502396e-01 9.90502396e-01 9.90502396e-01 9.90502396e-01 9.90502396e-01 9.90502396e-01 9.90502396e-01 9.90502396e-01 9.90502396e-01 9.90502396e-01 9.90502396e-01 9.90502396e-01 9.90502396e-01 9.90502396e-01 9.90502396e-01 9.90502396e-01 9.90502396e-01 9.90502396e-01 9.90502396e-01 9.90502396e-01 9.90502396e-01 9.90502396e-01 9.90502396e-01 9.90502396e-01 9.90502396e-01 9.90502396e-01 9.90502396e-01 9.90502396e-01 9.90502396e-01 9.90502396e-01 9.90502396e-01 9.90502396e-01 9.90502396e-01 9.90502396e-01 9.90502396e-01 9.90502396e-01 9.90502396e-01 9.90502396e-01 9.90502396e-01 9.90502396e-01 9.90502396e-01 9.90502396e-01 9.90502396e-01 9.90502396e-01 9.90502396e-01 9.90502396e-01 9.90502396e-01 9.90502396e-01 9.90502396e-01 9.90502396e-01 9.90502396e-01 9.90502396e-01 9.90502396e-01 9.90502396e-01 9.90502396e-01 9.90502396e-01 9.90502396e-01 9.90502396e-01 9.90502396e-01 9.90502396e-01 9.90502396e-01 9.90502396e-01 9.90502396e-01 9.90502396e-01 9.90502396e-01 9.90502396e-01 9.90502396e-01 9.90502396e-01 9.90502396e-01 9.90502396e-01 9.90502396e-01 9.90502396e-01 9.90502396e-01 9.90502396e-01 9.90502396e-01 9.90502396e-01 9.90502396e-01 9.90502396e-01 9.90502396e-01 9.90502396e-01 9.90502396e-01 9.90502396e-01 9.90502396e-01 9.90502396e-01 9.90502396e-01 9.90502396e-01 9.90502396e-01 9.90502396e-01 9.90502396e-01 9.90502396e-01 9.90502396e-01 9.90502396e-01 9.90502396e-01 9.90502396e-01 9.90502396e-01 9.90502396e-01 9.90502396e-01 9.90502396e-01 9.90502396e-01 9.90502396e-01 9.90502396e-01 9.90502396e-01 9.90502396e-01 9.90502396e-01 9.90502396e-01 9.90502396e-01 9.90502396e-01 9.90502396e-01 9.90502396e-01 9.90502396e-01 9.90502396e-01 9.90502396e-01 9.90502396e-01 9.90502396e-01 9.90502396e-01 9.90502396e-01 9.90502396e-01 9.90502396e-01 9.90502396e-01 9.90502396e-01 9.90502396e-01 9.90502396e-01 9.90502396e-01 9.90502396e-01 9.90502396e-01 9.90502396e-01 9.90502396e-01 9.90502396e-01 9.90502396e-01 9.90502396e-01 9.90502396e-01 9.90502396e-01 9.90502396e-01 9.90502396e-01 9.90502396e-01 9.90502396e-01 9.90502396e-01 9.90502396e-01 9.90502396e-01 9.90502396e-01 9.90502396e-01 9.90502396e-01 9.90502396e-01 9.90502396e-01 9.90502396e-01 9.90502396e-01 9.90502396e-01 9.90502396e-01 9.90502396e-01 9.90502396e-01 9.90502396e-01 9.90502396e-01 9.90502396e-01 9.90502396e-01 9.90502396e-01 9.90502396e-01 9.90502396e-01 9.90502396e-01 9.90502396e-01 9.90502396e-01 9.90502396e-01 9.90502396e-01 9.90502396e-01 9.90502396e-01 9.90502396e-01 9.90502396e-01 9.90502396e-01 9.90502396e-01 9.90502396e-01 9.90502396e-01 9.90502396e-01 9.90502396e-01 9.90502396e-01 9.90502396e-01 9.90502396e-01 9.90502396e-01 9.90502396e-01 9.90502396e-01 9.90502396e-01 9.90502396e-01 9.90502396e-01 9.90502396e-01 9.90502396e-01 9.90502396e-01 9.90502396e-01 9.90502396e-01 9.90502396e-01
9.86905107e-01 9.86905107e-01 9.86905107e-01 9.86905107e-01 9.86905107e-01 9.86905107e-01 9.86905107e-01 9.86905107e-01 9.86905107e-01 9.86905107e-01 9.86905107e-01 9.86905107e-01 9.86905107e-01 9.86905107e-01 9.86905107e-01 9.86905107e-01 9.86905107e-01 9.86905107e-01 9.86905107e-01 9.86905107e-01 9.86905107e-01 9.86905107e-01 9.86905107e-01 9.86905107e-01 9.86905107e-01 9.86905107e-01 9.86905107e-01 9.86905107e-01 9.86905107e-01 9.86905107e-01 9.86905107e-01 9.86905107e-01 9.86905107e-01 9.86905107e-01 9.86905107e-01 9.86905107e-01 9.86905107e-01 9.86905107e-01 9.86905107e-01 9.86905107e-01 9.86905107e-01 9.86905107e-01 9.86905107e-01 9.86905107e-01 9.86905107e-01 9.86905107e-01 9.86905107e-01 9.86905107e-01 9.86905107e-01 9.86905107e-01 9.86905107e-01 9.86905107e-01 9.86905107e-01 9.86905107e-01 9.86905107e-01 9.86905107e-01 9.86905107e-01 9.86905107e-01 9.86905107e-01 9.86905107e-01 9.86905107e-01 9.86905107e-01 9.86905107e-01 9.86905107e-01 9.86905107e-01 9.86905107e-01 9.86905107e-01 9.86905107e-01 9.86905107e-01 9.86905107e-01 9.86905107e-01 9.86905107e-01 9.86905107e-01 9.86905107e-01 9.86905107e-01 9.86905107e-01 9.86905107e-01 9.86905107e-01 9.86905107e-01 9.86905107e-01 9.86905107e-01 9.86905107e-01 9.86905107e-01 9.86905107e-01 9.86905107e-01 9.86905107e-01 9.86905107e-01 9.86905107e-01 9.86905107e-01 9.86905107e-01 9.86905107e-01 9.86905107e-01 9.86905107e-01 9.86905107e-01 9.86905107e-01 9.86905107e-01 9.86905107e-01 9.86905107e-01 9.86905107e-01 9.86905107e-01 9.86905107e-01 9.86905107e-01 9.86905107e-01 9.86905107e-01 9.86905107e-01 9.86905107e-01 9.86905107e-01 9.86905107e-01 9.86905107e-01 9.86905107e-01 9.86905107e-01 9.86905107e-01 9.86905107e-01 9.86905107e-01 9.86905107e-01 9.86905107e-01 9.86905107e-01 9.86905107e-01 9.86905107e-01 9.86905107e-01 9.86905107e-01 9.86905107e-01 9.86905107e-01 9.86905107e-01 9.86905107e-01 9.86905107e-01 9.86905107e-01 9.86905107e-01 9.86905107e-01 9.86905107e-01 9.86905107e-01 9.86905107e-01 9.86905107e-01 9.86905107e-01 9.86905107e-01 9.86905107e-01 9.86905107e-01 9.86905107e-01 9.86905107e-01 9.86905107e-01 9.86905107e-01 9.86905107e-01 9.86905107e-01 9.86905107e-01 9.86905107e-01 9.86905107e-01 9.86905107e-01 9.86905107e-01 9.86905107e-01 9.86905107e-01 9.86905107e-01 9.86905107e-01 9.86905107e-01 9.86905107e-01 9.86905107e-01 9.86905107e-01 9.86905107e-01 9.86905107e-01 9.86905107e-01 9.86905107e-01 9.86905107e-01 9.86905107e-01 9.86905107e-01 9.86905107e-01 9.86905107e-01 9.86905107e-01 9.86905107e-01 9.86905107e-01 9.86905107e-01 9.86905107e-01 9.86905107e-01 9.86905107e-01 9.86905107e-01 9.86905107e-01 9.86905107e-01 9.86905107e-01 9.86905107e-01 9.86905107e-01 9.86905107e-01 9.86905107e-01 9.86905107e-01 9.86905107e-01 9.86905107e-01 9.86905107e-01 9.86905107e-01 9.86905107e-01 9.86905107e-01 9.86905107e-01 9.86905107e-01 9.86905107e-01 9.86905107e-01 9.86905107e-01 9.86905107e-01 9.86905107e-01 9.86905107e-01 9.86905107e-01 9.86905107e-01 9.86905107e-01 9.86905107e-01 9.86905107e-01
9.82756455e-01 9.82756455e-01 9.82756455e-01 9.82756455e-01 9.82756455e-01 9.82756455e-01 9.82756455e-01 9.82756455e-01 9.82756455e-01 9.82756455e-01 9.82756455e-01 9.82756455e-01 9.82756455e-01 9.82756455e-01 9.82756455e-01 9.82756455e-01 9.82756455e-01 9.82756455e-01 9.82756455e-01 9.82756455e-01 9.82756455e-01 9.82756455e-01 9.82756455e-01 9.82756455e-01 9.82756455e-01 9.82756455e-01 9.82756455e-01 9.82756455e-01 9.82756455e-01 9.82756455e-01 9.82756455e-01 9.82756455e-01 9.82756455e-01 9.82756455e-01 9.82756455e-01 9.82756455e-01 9.82756455e-01 9.82756455e-01 9.82756455e-01 9.82756455e-01 9.82756455e-01 9.82756455e-01 9.82756455e-01 9.82756455e-01 9.82756455e-01 9.82756455e-01 9.82756455e-01 9.82756455e-01 9.82756455e-01 9.82756455e-01 9.82756455e-01 9.82756455e-01 9.82756455e-01 9.82756455e-01 9.82756455e-01 9.82756455e-01 9.82756455e-01 9.82756455e-01 9.82756455e-01 9.82756455e-01 9.82756455e-01 9.82756455e-01 9.82756455e-01 9.82756455e-01 9.82756455e-01 9.82756455e-01 9.82756455e-01 9.82756455e-01 9.82756455e-01 9.82756455e-01 9.82756455e-01 9.82756455e-01 9.82756455e-01 9.82756455e-01 9.82756455e-01 9.82756455e-01 9.82756455e-01 9.82756455e-01 9.82756455e-01 9.82756455e-01 9.82756455e-01 9.82756455e-01 9.82756455e-01 9.82756455e-01 9.82756455e-01 9.82756455e-01 9.82756455e-01 9.82756455e-01 9.82756455e-01 9.82756455e-01 9.82756455e-01 9.82756455e-01 9.82756455e-01 9.82756455e-01 9.82756455e-01 9.82756455e-01 9.82756455e-01 9.82756455e-01 9.82756455e-01 9.82756455e-01 9.82756455e-01 9.82756455e-01 9.82756455e-01 9.82756455e-01 9.82756455e-01 9.82756455e-01 9.82756455e-01 9.82756455e-01 9.82756455e-01 9.82756455e-01 9.82756455e-01 9.82756455e-01 9.82756455e-01 9.82756455e-01 9.82756455e-01 9.82756455e-01 9.82756455e-01 9.82756455e-01 9.82756455e-01 9.82756455e-01 9.82756455e-01 9.82756455e-01 9.82756455e-01 9.82756455e-01 9.82756455e-01 9.82756455e-01 9.82756455e-01 9.82756455e-01 9.82756455e-01 9.82756455e-01 9.82756455e-01 9.82756455e-01 9.82756455e-01 9.82756455e-01 9.82756455e-01 9.82756455e-01 9.82756455e-01 9.82756455e-01 9.82756455e-01 9.82756455e-01 9.82756455e-01 9.82756455e-01 9.82756455e-01 9.82756455e-01 9.82756455e-01 9.82756455e-01 9.82756455e-01 9.82756455e-01 9.82756455e-01 9.82756455e-01 9.82756455e-01 9.82756455e-01 9.82756455e-01 9.82756455e-01 9.82756455e-01 9.82756455e-01 9.82756455e-01 9.82756455e-01 9.82756455e-01 9.82756455e-01 9.82756455e-01 9.82756455e-01 9.82756455e-01 9.82756455e-01 9.82756455e-01 9.82756455e-01 9.82756455e-01 9.82756455e-01 9.82756455e-01 9.82756455e-01 9.82756455e-01 9.82756455e-01 9.82756455e-01 9.82756455e-01 9.82756455e-01 9.82756455e-01 9.82756455e-01 9.82756455e-01 9.82756455e-01 9.82756455e-01 9.82756455e-01 9.82756455e-01 9.82756455e-01 9.82756455e-01 9.82756455e-01 9.82756455e-01 9.82756455e-01 9.82756455e-01 9.82756455e-01 9.82756455e-01 9.82756455e-01 9.82756455e-01 9.82756455e-01 9.82756455e-01 9.82756455e-01 9.82756455e-01 9.82756455e-01 9.82756455e-01 9.82756455e-01 9.82756455e-01
9.78069613e-01 9.78069613e-01 9.78069613e-01 9.78069613e-01 9.78069613e-01 9.78069613e-01 9.78069613e-01 9.78069613e-01 9.78069613e-01 9.78069613e-01 9.78069613e-01 9.78069613e-01 9.78069613e-01 9.78069613e-01 9.78069613e-01 9.78069613e-01 9.78069613e-01 9.78069613e-01 9.78069613e-01 9.78069613e-01 9.78069613e-01 9.78069613e-01 9.78069613e-01 9.78069613e-01 9.78069613e-01 9.78069613e-01 9.78069613e-01 9.78069613e-01 9.78069613e-01 9.78069613e-01 9.78069613e-01 9.78069613e-01 9.78069613e-01 9.78069613e-01 9.78069613e-01 9.78069613e-01 9.78069613e-01 9.78069613e-01 9.78069613e-01 9.78069613e-01 9.78069613e-01 9.78069613e-01 9.78069613e-01 9.78069613e-01 9.78069613e-01 9.78069613e-01 9.78069613e-01 9.78069613e-01 9.78069613e-01 9.78069613e-01 9.78069613e-01 9.78069613e-01 9.78069613e-01 9.78069613e-01 9.78069613e-01 9.78069613e-01 9.78069613e-01 9.78069613e-01 9.78069613e-01 9.78069613e-01 9.78069613e-01 9.78069613e-01 9.78069613e-01 9.78069613e-01 9.78069613e-01 9.78069613e-01 9.78069613e-01 9.78069613e-01 9.78069613e-01 9.78069613e-01 9.78069613e-01 9.78069613e-01 9.78069613e-01 9.78069613e-01 9.78069613e-01 9.78069613e-01 9.78069613e-01 9.78069613e-01 9.78069613e-01 9.78069613e-01 9.78069613e-01 9.78069613e-01 9.78069613e-01 9.78069613e-01 9.78069613e-01 9.78069613e-01 9.78069613e-01 9.78069613e-01 9.78069613e-01 9.78069613e-01 9.78069613e-01 9.78069613e-01 9.78069613e-01 9.78069613e-01 9.78069613e-01 9.78069613e-01 9.78069613e-01 9.78069613e-01 9.78069613e-01 9.78069613e-01 9.78069613e-01 9.78069613e-01 9.78069613e-01 9.78069613e-01 9.78069613e-01 9.78069613e-01 9.78069613e-01 9.78069613e-01 9.78069613e-01 9.78069613e-01 9.78069613e-01 9.78069613e-01 9.78069613e-01 9.78069613e-01 9.78069613e-01 9.78069613e-01 9.78069613e-01 9.78069613e-01 9.78069613e-01 9.78069613e-01 9.78069613e-01 9.78069613e-01 9.78069613e-01 9.78069613e-01 9.78069613e-01 9.78069613e-01 9.78069613e-01 9.78069613e-01 9.78069613e-01 9.78069613e-01 9.78069613e-01 9.78069613e-01 9.78069613e-01 9.78069613e-01 9.78069613e-01 9.78069613e-01 9.78069613e-01 9.78069613e-01 9.78069613e-01 9.78069613e-01 9.78069613e-01 9.78069613e-01 9.78069613e-01 9.78069613e-01 9.78069613e-01 9.78069613e-01 9.78069613e-01 9.78069613e-01 9.78069613e-01 9.78069613e-01 9.78069613e-01 9.78069613e-01 9.78069613e-01 9.78069613e-01 9.78069613e-01 9.78069613e-01 9.78069613e-01 9.78069613e-01 9.78069613e-01 9.78069613e-01 9.78069613e-01 9.78069613e-01 9.78069613e-01 9.78069613e-01 9.78069613e-01 9.78069613e-01 9.78069613e-01 9.78069613e-01 9.78069613e-01 9.78069613e-01 9.78069613e-01 9.78069613e-01 9.78069613e-01 9.78069613e-01 9.78069613e-01 9.78069613e-01 9.78069613e-01 9.78069613e-01 9.78069613e-01 9.78069613e-01 9.78069613e-01 9.78069613e-01 9.78069613e-01 9.78069613e-01 9.78069613e-01 9.78069613e-01 9.78069613e-01 9.78069613e-01 9.78069613e-01 9.78069613e-01 9.78069613e-01 9.78069613e-01 9.78069613e-01 9.78069613e-01 9.78069613e-01 9.78069613e-01 9.78069613e-01 9.78069613e-01 9.78069613e-01 9.78069613e-01
9.72858969e-01 9.72858969e-01 9.72858969e-01 9.72858969e-01 9.72858969e-01 9.72858969e-01 9.72858969e-01 9.72858969e-01 9.72858969e-01 9.72858969e-01 9.72858969e-01 9.72858969e-01 9.72858969e-01 9.72858969e-01 9.72858969e-01 9.72858969e-01 9.72858969e-01 9.72858969e-01 9.72858969e-01 9.72858969e-01 9.72858969e-01 9.72858969e-01 9.72858969e-01 9.72858969e-01 9.72858969e-01 9.72858969e-01 9.72858969e-01 9.72858969e-01 9.72858969e-01 9.72858969e-01 9.72858969e-01 9.72858969e-01 9.72858969e-01 9.72858969e-01 9.72858969e-01 9.72858969e-01 9.72858969e-01 9.72858969e-01 9.72858969e-01 9.72858969e-01 9.72858969e-01 9.72858969e-01 9.72858969e-01 9.72858969e-01 9.72858969e-01 9.72858969e-01 9.72858969e-01 9.72858969e-01 9.72858969e-01 9.72858969e-01 9.72858969e-01 9.72858969e-01 9.72858969e-01 9.72858969e-01 9.72858969e-01 9.72858969e-01 9.72858969e-01 9.72858969e-01 9.72858969e-01 9.72858969e-01 9.72858969e-01 9.72858969e-01 9.72858969e-01 9.72858969e-01 9.72858969e-01 9.72858969e-01 9.72858969e-01 9.72858969e-01 9.72858969e-01 9.72858969e-01 9.72858969e-01 9.72858969e-01 9.72858969e-01 9.72858969e-01 9.72858969e-01 9.72858969e-01 9.72858969e-01 9.72858969e-01 9.72858969e-01 9.72858969e-01 9.72858969e-01 9.72858969e-01 9.72858969e-01 9.72858969e-01 9.72858969e-01 9.72858969e-01 9.72858969e-01 9.72858969e-01 9.72858969e-01 9.72858969e-01 9.72858969e-01 9.72858969e-01 9.72858969e-01 9.72858969e-01 9.72858969e-01 9.72858969e-01 9.72858969e-01 9.72858969e-01 9.72858969e-01 9.72858969e-01 9.72858969e-01 9.72858969e-01 9.72858969e-01 9.72858969e-01 9.72858969e-01 9.72858969e-01 9.72858969e-01 9.72858969e-01 9.72858969e-01 9.72858969e-01 9.72858969e-01 9.72858969e-01 9.72858969e-01 9.72858969e-01 9.72858969e-01 9.72858969e-01 9.72858969e-01 9.72858969e-01 9.72858969e-01 9.72858969e-01 9.72858969e-01 9.72858969e-01 9.72858969e-01 9.72858969e-01 9.72858969e-01 9.72858969e-01 9.72858969e-01 9.72858969e-01 9.72858969e-01 9.72858969e-01 9.72858969e-01 9.72858969e-01 9.72858969e-01 9.72858969e-01 9.72858969e-01 9.72858969e-01 9.72858969e-01 9.72858969e-01 9.72858969e-01 9.72858969e-01 9.72858969e-01 9.72858969e-01 9.72858969e-01 9.72858969e-01 9.72858969e-01 9.72858969e-01 9.72858969e-01 9.72858969e-01 9.72858969e-01 9.72858969e-01 9.72858969e-01 9.72858969e-01 9.72858969e-01 9.72858969e-01 9.72858969e-01 9.72858969e-01 9.72858969e-01 9.72858969e-01 9.72858969e-01 9.72858969e-01 9.72858969e-01 9.72858969e-01 9.72858969e-01 9.72858969e-01 9.72858969e-01 9.72858969e-01 9.72858969e-01 9.72858969e-01 9.72858969e-01 9.72858969e-01 9.72858969e-01 9.72858969e-01 9.72858969e-01 9.72858969e-01 9.72858969e-01 9.72858969e-01 9.72858969e-01 9.72858969e-01 9.72858969e-01 9.72858969e-01 9.72858969e-01 9.72858969e-01 9.72858969e-01 9.72858969e-01 9.72858969e-01 9.72858969e-01 9.72858969e-01 9.72858969e-01 9.72858969e-01 9.72858969e-01 9.72858969e-01 9.72858969e-01 9.72858969e-01 9.72858969e-01 9.72858969e-01 9.72858969e-01 9.72858969e-01 9.72858969e-01 9.72858969e-01 9.72858969e-01
9.67139939e-01 9.67139939e-01 9.67139939e-01 9.67139939e-01 9.67139939e-01 9.67139939e-01 9.67139939e-01 9.67139939e-01 9.67139939e-01 9.67139939e-01 9.67139939e-01 9.67139939e-01 9.67139939e-01 9.67139939e-01 9.67139939e-01 9.67139939e-01 9.67139939e-01 9.67139939e-01 9.67139939e-01 9.67139939e-01 9.67139939e-01 9.67139939e-01 9.67139939e-01 9.67139939e-01 9.67139939e-01 9.67139939e-01 9.67139939e-01 9.67139939e-01 9.67139939e-01 9.67139939e-01 9.67139939e-01 9.67139939e-01 9.67139939e-01 9.67139939e-01 9.67139939e-01 9.67139939e-01 9.67139939e-01 9.67139939e-01 9.67139939e-01 9.67139939e-01 9.67139939e-01 9.67139939e-01 9.67139939e-01 9.67139939e-01 9.67139939e-01 9.67139939e-01 9.67139939e-01 9.67139939e-01 9.67139939e-01 9.67139939e-01 9.67139939e-01 9.67139939e-01 9.67139939e-01 9.67139939e-01 9.67139939e-01 9.67139939e-01 9.67139939e-01 9.67139939e-01 9.67139939e-01 9.67139939e-01 9.67139939e-01 9.67139939e-01 9.67139939e-01 9.67139939e-01 9.67139939e-01 9.67139939e-01 9.67139939e-01 9.67139939e-01 9.67139939e-01 9.67139939e-01 9.67139939e-01 9.67139939e-01 9.67139939e-01 9.67139939e-01 9.67139939e-01 9.67139939e-01 9.67139939e-01 9.67139939e-01 9.67139939e-01 9.67139939e-01 9.67139939e-01 9.67139939e-01 9.67139939e-01 9.67139939e-01 9.67139939e-01 9.67139939e-01 9.67139939e-01 9.67139939e-01 9.67139939e-01 9.67139939e-01 9.67139939e-01 9.67139939e-01 9.67139939e-01 9.67139939e-01 9.67139939e-01 9.67139939e-01 9.67139939e-01 9.67139939e-01 9.67139939e-01 9.67139939e-01 9.67139939e-01 9.67139939e-01 9.67139939e-01 9.67139939e-01 9.67139939e-01 9.67139939e-01 9.67139939e-01 9.67139939e-01 9.67139939e-01 9.67139939e-01 9.67139939e-01 9.67139939e-01 9.67139939e-01 9.67139939e-01 9.67139939e-01 9.67139939e-01 9.67139939e-01 9.67139939e-01 9.67139939e-01 9.67139939e-01 9.67139939e-01 9.67139939e-01 9.67139939e-01 9.67139939e-01 9.67139939e-01 9.67139939e-01 9.67139939e-01 9.67139939e-01 9.67139939e-01 9.67139939e-01 9.67139939e-01 9.67139939e-01 9.67139939e-01 9.67139939e-01 9.67139939e-01 9.67139939e-01 9.67139939e-01 9.67139939e-01 9.67139939e-01 9.67139939e-01 9.67139939e-01 9.67139939e-01 9.67139939e-01 9.67139939e-01 9.67139939e-01 9.67139939e-01 9.67139939e-01 9.67139939e-01 9.67139939e-01 9.67139939e-01 9.67139939e-01 9.67139939e-01 9.67139939e-01 9.67139939e-01 9.67139939e-01 9.67139939e-01 9.67139939e-01 9.67139939e-01 9.67139939e-01 9.67139939e-01 9.67139939e-01 9.67139939e-01 9.67139939e-01 9.67139939e-01 9.67139939e-01 9.67139939e-01 9.67139939e-01 9.67139939e-01 9.67139939e-01 9.67139939e-01 9.67139939e-01 9.67139939e-01 9.67139939e-01 9.67139939e-01 9.67139939e-01 9.67139939e-01 9.67139939e-01 9.67139939e-01 9.67139939e-01 9.67139939e-01 9.67139939e-01 9.67139939e-01 9.67139939e-01 9.67139939e-01 9.67139939e-01 9.67139939e-01 9.67139939e-01 9.67139939e-01 9.67139939e-01 9.67139939e-01 9.67139939e-01 9.67139939e-01 9.67139939e-01 9.67139939e-01 9.67139939e-01 9.67139939e-01 9.67139939e-01 9.67139939e-01 9.67139939e-01 9.67139939e-01
9.60928772e-01 9.60928772e-01 9.60928772e-01 9.60928772e-01 9.60928772e-01 9.60928772e-01 9.60928772e-01 9.60928772e-01 9.60928772e-01 9.60928772e-01 9.60928772e-01 9.60928772e-01 9.60928772e-01 9.60928772e-01 9.60928772e-01 9.60928772e-01 9.60928772e-01 9.60928772e-01 9.60928772e-01 9.60928772e-01 9.60928772e-01 9.60928772e-01 9.60928772e-01 9.60928772e-01 9.60928772e-01 9.60928772e-01 9.60928772e-01 9.60928772e-01 9.60928772e-01 9.60928772e-01 9.60928772e-01 9.60928772e-01 9.60928772e-01 9.60928772e-01 9.60928772e-01 9.60928772e-01 9.60928772e-01 9.60928772e-01 9.60928772e-01 9.60928772e-01 9.60928772e-01 9.60928772e-01 9.60928772e-01 9.60928772e-01 9.60928772e-01 9.60928772e-01 9.60928772e-01 9.60928772e-01 9.60928772e-01 9.60928772e-01 9.60928772e-01 9.60928772e-01 9.60928772e-01 9.60928772e-01 9.60928772e-01 9.60928772e-01 9.60928772e-01 9.60928772e-01 9.60928772e-01 9.60928772e-01 9.60928772e-01 9.60928772e-01 9.60928772e-01 9.60928772e-01 9.60928772e-01 9.60928772e-01 9.60928772e-01 9.60928772e-01 9.60928772e-01 9.60928772e-01 9.60928772e-01 9.60928772e-01 9.60928772e-01 9.60928772e-01 9.60928772e-01 9.60928772e-01 9.60928772e-01 9.60928772e-01 9.60928772e-01 9.60928772e-01 9.60928772e-01 9.60928772e-01 9.60928772e-01 9.60928772e-01 9.60928772e-01 9.60928772e-01 9.60928772e-01 9.60928772e-01 9.60928772e-01 9.60928772e-01 9.60928772e-01 9.60928772e-01 9.60928772e-01 9.60928772e-01 9.60928772e-01 9.60928772e-01 9.60928772e-01 9.60928772e-01 9.60928772e-01 9.60928772e-01 9.60928772e-01 9.60928772e-01 9.60928772e-01 9.60928772e-01 9.60928772e-01 9.60928772e-01 9.60928772e-01 9.60928772e-01 9.60928772e-01 9.60928772e-01 9.60928772e-01 9.60928772e-01 9.60928772e-01 9.60928772e-01 9.60928772e-01 9.60928772e-01 9.60928772e-01 9.60928772e-01 9.60928772e-01 9.60928772e-01 9.60928772e-01 9.60928772e-01 9.60928772e-01 9.60928772e-01 9.60928772e-01 9.60928772e-01 9.60928772e-01 9.60928772e-01 9.60928772e-01 9.60928772e-01 9.60928772e-01 9.60928772e-01 9.60928772e-01 9.60928772e-01 9.60928772e-01 9.60928772e-01 9.60928772e-01 9.60928772e-01 9.60928772e-01 9.60928772e-01 9.60928772e-01 9.60928772e-01 9.60928772e-01 9.60928772e-01 9.60928772e-01 9.60928772e-01 9.60928772e-01 9.60928772e-01 9.60928772e-01 9.60928772e-01 9.60928772e-01 9.60928772e-01 9.60928772e-01 9.60928772e-01 9.60928772e-01 9.60928772e-01 9.60928772e-01 9.60928772e-01 9.60928772e-01 9.60928772e-01 9.60928772e-01 9.60928772e-01 9.60928772e-01 9.60928772e-01 9.60928772e-01 9.60928772e-01 9.60928772e-01 9.60928772e-01 9.60928772e-01 9.60928772e-01 9.60928772e-01 9.60928772e-01 9.60928772e-01 9.60928772e-01 9.60928772e-01 9.60928772e-01 9.60928772e-01 9.60928772e-01 9.60928772e-01 9.60928772e-01 9.60928772e-01 9.60928772e-01 9.60928772e-01 9.60928772e-01 9.60928772e-01 9.60928772e-01 9.60928772e-01 9.60928772e-01 9.60928772e-01 9.60928772e-01 9.60928772e-01 9.60928772e-01 9.60928772e-01 9.60928772e-01 9.60928772e-01 9.60928772e-01 9.60928772e-01 9.60928772e-01 9.60928772e-01 9.60928772e-01
9.54242360e-01 9.54242360e-01 9.54242360e-01 9.54242360e-01 9.54242360e-01 9.54242360e-01 9.54242360e-01 9.54242360e-01 9.54242360e-01 9.54242360e-01 9.54242360e-01 9.54242360e-01 9.54242360e-01 9.54242360e-01 9.54242360e-01 9.54242360e-01 9.54242360e-01 9.54242360e-01 9.54242360e-01 9.54242360e-01 9.54242360e-01 9.54242360e-01 9.54242360e-01 9.54242360e-01 9.54242360e-01 9.54242360e-01 9.54242360e-01 9.54242360e-01 9.54242360e-01 9.54242360e-01 9.54242360e-01 9.54242360e-01 9.54242360e-01 9.54242360e-01 9.54242360e-01 9.54242360e-01 9.54242360e-01 9.54242360e-01 9.54242360e-01 9.54242360e-01 9.54242360e-01 9.54242360e-01 9.54242360e-01 9.54242360e-01 9.54242360e-01 9.54242360e-01 9.54242360e-01 9.54242360e-01 9.54242360e-01 9.54242360e-01 9.54242360e-01 9.54242360e-01 9.54242360e-01 9.54242360e-01 9.54242360e-01 9.54242360e-01 9.54242360e-01 9.54242360e-01 9.54242360e-01 9.54242360e-01 9.54242360e-01 9.54242360e-01 9.54242360e-01 9.54242360e-01 9.54242360e-01 9.54242360e-01 9.54242360e-01 9.54242360e-01 9.54242360e-01 9.54242360e-01 9.54242360e-01 9.54242360e-01 9.54242360e-01 9.54242360e-01 9.54242360e-01 9.54242360e-01 9.54242360e-01 9.54242360e-01 9.54242360e-01 9.54242360e-01 9.54242360e-01 9.54242360e-01 9.54242360e-01 9.54242360e-01 9.54242360e-01 9.54242360e-01 9.54242360e-01 9.54242360e-01 9.54242360e-01 9.54242360e-01 9.54242360e-01 9.54242360e-01 9.54242360e-01 9.54242360e-01 9.54242360e-01 9.54242360e-01 9.54242360e-01 9.54242360e-01 9.54242360e-01 9.54242360e-01 9.54242360e-01 9.54242360e-01 9.54242360e-01 9.54242360e-01 9.54242360e-01 9.54242360e-01 9.54242360e-01 9.54242360e-01 9.54242360e-01 9.54242360e-01 9.54242360e-01 9.54242360e-01 9.54242360e-01 9.54242360e-01 9.54242360e-01 9.54242360e-01 9.54242360e-01 9.54242360e-01 9.54242360e-01 9.54242360e-01 9.54242360e-01 9.54242360e-01 9.54242360e-01 9.54242360e-01 9.54242360e-01 9.54242360e-01 9.54242360e-01 9.54242360e-01 9.54242360e-01 9.54242360e-01 9.54242360e-01 9.54242360e-01 9.54242360e-01 9.54242360e-01 9.54242360e-01 9.54242360e-01 9.54242360e-01 9.54242360e-01 9.54242360e-01 9.54242360e-01 9.54242360e-01 9.54242360e-01 9.54242360e-01 9.54242360e-01 9.54242360e-01 9.54242360e-01 9.54242360e-01 9.54242360e-01 9.54242360e-01 9.54242360e-01 9.54242360e-01 9.54242360e-01 9.54242360e-01 9.54242360e-01 9.54242360e-01 9.54242360e-01 9.54242360e-01 9.54242360e-01 9.54242360e-01 9.54242360e-01 9.54242360e-01 9.54242360e-01 9.54242360e-01 9.54242360e-01 9.54242360e-01 9.54242360e-01 9.54242360e-01 9.54242360e-01 9.54242360e-01 9.54242360e-01 9.54242360e-01 9.54242360e-01 9.54242360e-01 9.54242360e-01 9.54242360e-01 9.54242360e-01 9.54242360e-01 9.54242360e-01 9.54242360e-01 9.54242360e-01 9.54242360e-01 9.54242360e-01 9.54242360e-01 9.54242360e-01 9.54242360e-01 9.54242360e-01 9.54242360e-01 9.54242360e-01 9.54242360e-01 9.54242360e-01 9.54242360e-01 9.54242360e-01 9.54242360e-01 9.54242360e-01 9.54242360e-01 9.54242360e-01 9.54242360e-01 9.54242360e-01 9.54242360e-01 9.54242360e-01
9.47098063e-01 9.47098063e-01 9.47098063e-01 9.47098063e-01 9.47098063e-01 9.47098063e-01 9.47098063e-01 9.47098063e-01 9.47098063e-01 9.47098063e-01 9.47098063e-01 9.47098063e-01 9.47098063e-01 9.47098063e-01 9.47098063e-01 9.47098063e-01 9.47098063e-01 9.47098063e-01 9.47098063e-01 9.47098063e-01 9.47098063e-01 9.47098063e-01 9.47098063e-01 9.47098063e-01 9.47098063e-01 9.47098063e-01 9.47098063e-01 9.47098063e-01 9.47098063e-01 9.47098063e-01 9.47098063e-01 9.47098063e-01 9.47098063e-01 9.47098063e-01 9.47098063e-01 9.47098063e-01 9.47098063e-01 9.47098063e-01 9.47098063e-01 9.47098063e-01 9.47098063e-01 9.47098063e-01 9.47098063e-01 9.47098063e-01 9.47098063e-01 9.47098063e-01 9.47098063e-01 9.47098063e-01 9.47098063e-01 9.47098063e-01 9.47098063e-01 9.47098063e-01 9.47098063e-01 9.47098063e-01 9.47098063e-01 9.47098063e-01 9.47098063e-01 9.47098063e-01 9.47098063e-01 9.47098063e-01 9.47098063e-01 9.47098063e-01 9.47098063e-01 9.47098063e-01 9.47098063e-01 9.47098063e-01 9.47098063e-01 9.47098063e-01 9.47098063e-01 9.47098063e-01 9.47098063e-01 9.47098063e-01 9.47098063e-01 9.47098063e-01 9.47098063e-01 9.47098063e-01 9.47098063e-01 9.47098063e-01 9.47098063e-01 9.47098063e-01 9.47098063e-01 9.47098063e-01 9.47098063e-01 9.47098063e-01 9.47098063e-01 9.47098063e-01 9.47098063e-01 9.47098063e-01 9.47098063e-01 9.47098063e-01 9.47098063e-01 9.47098063e-01 9.47098063e-01 9.47098063e-01 9.47098063e-01 9.47098063e-01 9.47098063e-01 9.47098063e-01 9.47098063e-01 9.47098063e-01 9.47098063e-01 9.47098063e-01 9.47098063e-01 9.47098063e-01 9.47098063e-01 9.47098063e-01 9.47098063e-01 9.47098063e-01 9.47098063e-01 9.47098063e-01 9.47098063e-01 9.47098063e-01 9.47098063e-01 9.47098063e-01 9.47098063e-01 9.47098063e-01 9.47098063e-01 9.47098063e-01 9.47098063e-01 9.47098063e-01 9.47098063e-01 9.47098063e-01 9.47098063e-01 9.47098063e-01 9.47098063e-01 9.47098063e-01 9.47098063e-01 9.47098063e-01 9.47098063e-01 9.47098063e-01 9.47098063e-01 9.47098063e-01 9.47098063e-01 9.47098063e-01 9.47098063e-01 9.47098063e-01 9.47098063e-01 9.47098063e-01 9.47098063e-01 9.47098063e-01 9.47098063e-01 9.47098063e-01 9.47098063e-01 9.47098063e-01 9.47098063e-01 9.47098063e-01 9.47098063e-01 9.47098063e-01 9.47098063e-01 9.47098063e-01 9.47098063e-01 9.47098063e-01 9.47098063e-01 9.47098063e-01 9.47098063e-01 9.47098063e-01 9.47098063e-01 9.47098063e-01 9.47098063e-01 9.47098063e-01 9.47098063e-01 9.47098063e-01 9.47098063e-01 9.47098063e-01 9.47098063e-01 9.47098063e-01 9.47098063e-01 9.47098063e-01 9.47098063e-01 9.47098063e-01 9.47098063e-01 9.47098063e-01 9.47098063e-01 9.47098063e-01 9.47098063e-01 9.47098063e-01 9.47098063e-01 9.47098063e-01 9.47098063e-01 9.47098063e-01 9.47098063e-01 9.47098063e-01 9.47098063e-01 9.47098063e-01 9.47098063e-01 9.47098063e-01 9.47098063e-01 9.47098063e-01 9.47098063e-01 9.47098063e-01 9.47098063e-01 9.47098063e-01 9.47098063e-01 9.47098063e-01 9.47098063e-01 9.47098063e-01 9.47098063e-01 9.47098063e-01 9.47098063e-01 9.47098063e-01
9.39513540e-01 9.39513540e-01 9.39513540e-01 9.39513540e-01 9.39513540e-01 9.39513540e-01 9.39513540e-01 9.39513540e-01 9.39513540e-01 9.39513540e-01 9.39513540e-01 9.39513540e-01 9.39513540e-01 9.39513540e-01 9.39513540e-01 9.39513540e-01 9.39513540e-01 9.39513540e-01 9.39513540e-01 9.39513540e-01 9.39513540e-01 9.39513540e-01 9.39513540e-01 9.39513540e-01 9.39513540e-01 9.39513540e-01 9.39513540e-01 9.39513540e-01 9.39513540e-01 9.39513540e-01 9.39513540e-01 9.39513540e-01 9.39513540e-01 9.39513540e-01 9.39513540e-01 9.39513540e-01 9.39513540e-01 9.39513540e-01 9.39513540e-01 9.39513540e-01 9.39513540e-01 9.39513540e-01 9.39513540e-01 9.39513540e-01 9.39513540e-01 9.39513540e-01 9.39513540e-01 9.39513540e-01 9.39513540e-01 9.39513540e-01 9.39513540e-01 9.39513540e-01 9.39513540e-01 9.39513540e-01 9.39513540e-01 9.39513540e-01 9.39513540e-01 9.39513540e-01 9.39513540e-01 9.39513540e-01 9.39513540e-01 9.39513540e-01 9.39513540e-01 9.39513540e-01 9.39513540e-01 9.39513540e-01 9.39513540e-01 9.39513540e-01 9.39513540e-01 9.39513540e-01 9.39513540e-01 9.39513540e-01 9.39513540e-01 9.39513540e-01 9.39513540e-01 9.39513540e-01 9.39513540e-01 9.39513540e-01 9.39513540e-01 9.39513540e-01 9.39513540e-01 9.39513540e-01 9.39513540e-01 9.39513540e-01 9.39513540e-01 9.39513540e-01 9.39513540e-01 9.39513540e-01 9.39513540e-01 9.39513540e-01 9.39513540e-01 9.39513540e-01 9.39513540e-01 9.39513540e-01 9.39513540e-01 9.39513540e-01 9.39513540e-01 9.39513540e-01 9.39513540e-01 9.39513540e-01 9.39513540e-01 9.39513540e-01 9.39513540e-01 9.39513540e-01 9.39513540e-01 9.39513540e-01 9.39513540e-01 9.39513540e-01 9.39513540e-01 9.39513540e-01 9.39513540e-01 9.39513540e-01 9.39513540e-01 9.39513540e-01 9.39513540e-01 9.39513540e-01 9.39513540e-01 9.39513540e-01 9.39513540e-01 9.39513540e-01 9.39513540e-01 9.39513540e-01 9.39513540e-01 9.39513540e-01 9.39513540e-01 9.39513540e-01 9.39513540e-01 9.39513540e-01 9.39513540e-01 9.39513540e-01 9.39513540e-01 9.39513540e-01 9.39513540e-01 9.39513540e-01 9.39513540e-01 9.39513540e-01 9.39513540e-01 9.39513540e-01 9.39513540e-01 9.39513540e-01 9.39513540e-01 9.39513540e-01 9.39513540e-01 9.39513540e-01 9.39513540e-01 9.39513540e-01 9.39513540e-01 9.39513540e-01 9.39513540e-01 9.39513540e-01 9.39513540e-01 9.39513540e-01 9.39513540e-01 9.39513540e-01 9.39513540e-01 9.39513540e-01 9.39513540e-01 9.39513540e-01 9.39513540e-01 9.39513540e-01 9.39513540e-01 9.39513540e-01 9.39513540e-01 9.39513540e-01 9.39513540e-01 9.39513540e-01 9.39513540e-01 9.39513540e-01 9.39513540e-01 9.39513540e-01 9.39513540e-01 9.39513540e-01 9.39513540e-01 9.39513540e-01 9.39513540e-01 9.39513540e-01 9.39513540e-01 9.39513540e-01 9.39513540e-01 9.39513540e-01 9.39513540e-01 9.39513540e-01 9.39513540e-01 9.39513540e-01 9.39513540e-01 9.39513540e-01 9.39513540e-01 9.39513540e-01 9.39513540e-01 9.39513540e-01 9.39513540e-01 9.39513540e-01 9.39513540e-01 9.39513540e-01 9.39513540e-01 9.39513540e-01 9.39513540e-01 9.39513540e-01 9.39513540e-01 9.39513540e-01
9.31506598e-01 9.31506598e-01 9.31506598e-01 9.31506598e-01 9.31506598e-01 9.31506598e-01 9.31506598e-01 9.31506598e-01 9.31506598e-01 9.31506598e-01 9.31506598e-01 9.31506598e-01 9.31506598e-01 9.31506598e-01 9.31506598e-01 9.31506598e-01 9.31506598e-01 9.31506598e-01 9.31506598e-01 9.31506598e-01 9.31506598e-01 9.31506598e-01 9.31506598e-01 9.31506598e-01 9.31506598e-01 9.31506598e-01 9.31506598e-01 9.31506598e-01 9.31506598e-01 9.31506598e-01 9.31506598e-01 9.31506598e-01 9.31506598e-01 9.31506598e-01 9.31506598e-01 9.31506598e-01 9.31506598e-01 9.31506598e-01 9.31506598e-01 9.31506598e-01 9.31506598e-01 9.31506598e-01 9.31506598e-01 9.31506598e-01 9.31506598e-01 9.31506598e-01 9.31506598e-01 9.31506598e-01 9.31506598e-01 9.31506598e-01 9.31506598e-01 9.31506598e-01 9.31506598e-01 9.31506598e-01 9.31506598e-01 9.31506598e-01 9.31506598e-01 9.31506598e-01 9.31506598e-01 9.31506598e-01 9.31506598e-01 9.31506598e-01 9.31506598e-01 9.31506598e-01 9.31506598e-01 9.31506598e-01 9.31506598e-01 9.31506598e-01 9.31506598e-01 9.31506598e-01 9.31506598e-01 9.31506598e-01 9.31506598e-01 9.31506598e-01 9.31506598e-01 9.31506598e-01 9.31506598e-01 9.31506598e-01 9.31506598e-01 9.31506598e-01 9.31506598e-01 9.31506598e-01 9.31506598e-01 9.31506598e-01 9.31506598e-01 9.31506598e-01 9.31506598e-01 9.31506598e-01 9.31506598e-01 9.31506598e-01 9.31506598e-01 9.31506598e-01 9.31506598e-01 9.31506598e-01 9.31506598e-01 9.31506598e-01 9.31506598e-01 9.31506598e-01 9.31506598e-01 9.31506598e-01 9.31506598e-01 9.31506598e-01 9.31506598e-01 9.31506598e-01 9.31506598e-01 9.31506598e-01 9.31506598e-01 9.31506598e-01 9.31506598e-01 9.31506598e-01 9.31506598e-01 9.31506598e-01 9.31506598e-01 9.31506598e-01 9.31506598e-01 9.31506598e-01 9.31506598e-01 9.31506598e-01 9.31506598e-01 9.31506598e-01 9.31506598e-01 9.31506598e-01 9.31506598e-01 9.31506598e-01 9.31506598e-01 9.31506598e-01 9.31506598e-01 9.31506598e-01 9.31506598e-01 9.31506598e-01 9.31506598e-01 9.31506598e-01 9.31506598e-01 9.31506598e-01 9.31506598e-01 9.31506598e-01 9.31506598e-01 9.31506598e-01 9.31506598e-01 9.31506598e-01 9.31506598e-01 9.31506598e-01 9.31506598e-01 9.31506598e-01 9.31506598e-01 9.31506598e-01 9.31506598e-01 9.31506598e-01 9.31506598e-01 9.31506598e-01 9.31506598e-01 9.31506598e-01 9.31506598e-01 9.31506598e-01 9.31506598e-01 9.31506598e-01 9.31506598e-01 9.31506598e-01 9.31506598e-01 9.31506598e-01 9.31506598e-01 9.31506598e-01 9.31506598e-01 9.31506598e-01 9.31506598e-01 9.31506598e-01 9.31506598e-01 9.31506598e-01 9.31506598e-01 9.31506598e-01 9.31506598e-01 9.31506598e-01 9.31506598e-01 9.31506598e-01 9.31506598e-01 9.31506598e-01 9.31506598e-01 9.31506598e-01 9.31506598e-01 9.31506598e-01 9.31506598e-01 9.31506598e-01 9.31506598e-01 9.31506598e-01 9.31506598e-01 9.31506598e-01 9.31506598e-01 9.31506598e-01 9.31506598e-01 9.31506598e-01 9.31506598e-01 9.31506598e-01 9.31506598e-01 9.31506598e-01 9.31506598e-01 9.31506598e-01 9.31506598e-01 9.31506598e-01 9.31506598e-01 9.31506598e-01
9.23095057e-01 9.23095057e-01 9.23095057e-01 9.23095057e-01 9.23095057e-01 9.23095057e-01 9.23095057e-01 9.23095057e-01 9.23095057e-01 9.23095057e-01 9.23095057e-01 9.23095057e-01 9.23095057e-01 9.23095057e-01 9.23095057e-01 9.23095057e-01 9.23095057e-01 9.23095057e-01 9.23095057e-01 9.23095057e-01 9.23095057e-01 9.23095057e-01 9.23095057e-01 9.23095057e-01 9.23095057e-01 9.23095057e-01 9.23095057e-01 9.23095057e-01 9.23095057e-01 9.23095057e-01 9.23095057e-01 9.23095057e-01 9.23095057e-01 9.23095057e-01 9.23095057e-01 9.23095057e-01 9.23095057e-01 9.23095057e-01 9.23095057e-01 9.23095057e-01 9.23095057e-01 9.23095057e-01 9.23095057e-01 9.23095057e-01 9.23095057e-01 9.23095057e-01 9.23095057e-01 9.23095057e-01 9.23095057e-01 9.23095057e-01 9.23095057e-01 9.23095057e-01 9.23095057e-01 9.23095057e-01 9.23095057e-01 9.23095057e-01 9.23095057e-01 9.23095057e-01 9.23095057e-01 9.23095057e-01 9.23095057e-01 9.23095057e-01 9.23095057e-01 9.23095057e-01 9.23095057e-01 9.23095057e-01 9.23095057e-01 9.23095057e-01 9.23095057e-01 9.23095057e-01 9.23095057e-01 9.23095057e-01 9.23095057e-01 9.23095057e-01 9.23095057e-01 9.23095057e-01 9.23095057e-01 9.23095057e-01 9.23095057e-01 9.23095057e-01 9.23095057e-01 9.23095057e-01 9.23095057e-01 9.23095057e-01 9.23095057e-01 9.23095057e-01 9.23095057e-01 9.23095057e-01 9.23095057e-01 9.23095057e-01 9.23095057e-01 9.23095057e-01 9.23095057e-01 9.23095057e-01 9.23095057e-01 9.23095057e-01 9.23095057e-01 9.23095057e-01 9.23095057e-01 9.23095057e-01 9.23095057e-01 9.23095057e-01 9.23095057e-01 9.23095057e-01 9.23095057e-01 9.23095057e-01 9.23095057e-01 9.23095057e-01 9.23095057e-01 9.23095057e-01 9.23095057e-01 9.23095057e-01 9.23095057e-01 9.23095057e-01 9.23095057e-01 9.23095057e-01 9.23095057e-01 9.23095057e-01 9.23095057e-01 9.23095057e-01 9.23095057e-01 9.23095057e-01 9.23095057e-01 9.23095057e-01 9.23095057e-01 9.23095057e-01 9.23095057e-01 9.23095057e-01 9.23095057e-01 9.23095057e-01 9.23095057e-01 9.23095057e-01 9.23095057e-01 9.23095057e-01 9.23095057e-01 9.23095057e-01 9.23095057e-01 9.23095057e-01 9.23095057e-01 9.23095057e-01 9.23095057e-01 9.23095057e-01 9.23095057e-01 9.23095057e-01 9.23095057e-01 9.23095057e-01 9.23095057e-01 9.23095057e-01 9.23095057e-01 9.23095057e-01 9.23095057e-01 9.23095057e-01 9.23095057e-01 9.23095057e-01 9.23095057e-01 9.23095057e-01 9.23095057e-01 9.23095057e-01 9.23095057e-01 9.23095057e-01 9.23095057e-01 9.23095057e-01 9.23095057e-01 9.23095057e-01 9.23095057e-01 9.23095057e-01 9.23095057e-01 9.23095057e-01 9.23095057e-01 9.23095057e-01 9.23095057e-01 9.23095057e-01 9.23095057e-01 9.23095057e-01 9.23095057e-01 9.23095057e-01 9.23095057e-01 9.23095057e-01 9.23095057e-01 9.23095057e-01 9.23095057e-01 9.23095057e-01 9.23095057e-01 9.23095057e-01 9.23095057e-01 9.23095057e-01 9.23095057e-01 9.23095057e-01 9.23095057e-01 9.23095057e-01 9.23095057e-01 9.23095057e-01 9.23095057e-01 9.23095057e-01 9.23095057e-01 9.23095057e-01 9.23095057e-01 9.23095057e-01 9.23095057e-01 9.23095057e-01
9.14296630e-01 9.14296630e-01 9.14296630e-01 9.14296630e-01 9.14296630e-01 9.14296630e-01 9.14296630e-01 9.14296630e-01 9.14296630e-01 9.14296630e-01 9.14296630e-01 9.14296630e-01 9.14296630e-01 9.14296630e-01 9.14296630e-01 9.14296630e-01 9.14296630e-01 9.14296630e-01 9.14296630e-01 9.14296630e-01 9.14296630e-01 9.14296630e-01 9.14296630e-01 9.14296630e-01 9.14296630e-01 9.14296630e-01 9.14296630e-01 9.14296630e-01 9.14296630e-01 9.14296630e-01 9.14296630e-01 9.14296630e-01 9.14296630e-01 9.14296630e-01 9.14296630e-01 9.14296630e-01 9.14296630e-01 9.14296630e-01 9.14296630e-01 9.14296630e-01 9.14296630e-01 9.14296630e-01 9.14296630e-01 9.14296630e-01 9.14296630e-01 9.14296630e-01 9.14296630e-01 9.14296630e-01 9.14296630e-01 9.14296630e-01 9.14296630e-01 9.14296630e-01 9.14296630e-01 9.14296630e-01 9.14296630e-01 9.14296630e-01 9.14296630e-01 9.14296630e-01 9.14296630e-01 9.14296630e-01 9.14296630e-01 9.14296630e-01 9.14296630e-01 9.14296630e-01 9.14296630e-01 9.14296630e-01 9.14296630e-01 9.14296630e-01 9.14296630e-01 9.14296630e-01 9.14296630e-01 9.14296630e-01 9.14296630e-01 9.14296630e-01 9.14296630e-01 9.14296630e-01 9.14296630e-01 9.14296630e-01 9.14296630e-01 9.14296630e-01 9.14296630e-01 9.14296630e-01 9.14296630e-01 9.14296630e-01 9.14296630e-01 9.14296630e-01 9.14296630e-01 9.14296630e-01 9.14296630e-01 9.14296630e-01 9.14296630e-01 9.14296630e-01 9.14296630e-01 9.14296630e-01 9.14296630e-01 9.14296630e-01 9.14296630e-01 9.14296630e-01 9.14296630e-01 9.14296630e-01 9.14296630e-01 9.14296630e-01 9.14296630e-01 9.14296630e-01 9.14296630e-01 9.14296630e-01 9.14296630e-01 9.14296630e-01 9.14296630e-01 9.14296630e-01 9.14296630e-01 9.14296630e-01 9.14296630e-01 9.14296630e-01 9.14296630e-01 9.14296630e-01 9.14296630e-01 9.14296630e-01 9.14296630e-01 9.14296630e-01 9.14296630e-01 9.14296630e-01 9.14296630e-01 9.14296630e-01 9.14296630e-01 9.14296630e-01 9.14296630e-01 9.14296630e-01 9.14296630e-01 9.14296630e-01 9.14296630e-01 9.14296630e-01 9.14296630e-01 9.14296630e-01 9.14296630e-01 9.14296630e-01 9.14296630e-01 9.14296630e-01 9.14296630e-01 9.14296630e-01 9.14296630e-01 9.14296630e-01 9.14296630e-01 9.14296630e-01 9.14296630e-01 9.14296630e-01 9.14296630e-01 9.14296630e-01 9.14296630e-01 9.14296630e-01 9.14296630e-01 9.14296630e-01 9.14296630e-01 9.14296630e-01 9.14296630e-01 9.14296630e-01 9.14296630e-01 9.14296630e-01 9.14296630e-01 9.14296630e-01 9.14296630e-01 9.14296630e-01 9.14296630e-01 9.14296630e-01 9.14296630e-01 9.14296630e-01 9.14296630e-01 9.14296630e-01 9.14296630e-01 9.14296630e-01 9.14296630e-01 9.14296630e-01 9.14296630e-01 9.14296630e-01 9.14296630e-01 9.14296630e-01 9.14296630e-01 9.14296630e-01 9.14296630e-01 9.14296630e-01 9.14296630e-01 9.14296630e-01 9.14296630e-01 9.14296630e-01 9.14296630e-01 9.14296630e-01 9.14296630e-01 9.14296630e-01 9.14296630e-01 9.14296630e-01 9.14296630e-01 9.14296630e-01 9.14296630e-01 9.14296630e-01 9.14296630e-01 9.14296630e-01 9.14296630e-01 9.14296630e-01 9.14296630e-01 9.14296630e-01
9.05128825e-01 9.05128825e-01 9.05128825e-01 9.05128825e-01 9.05128825e-01 9.05128825e-01 9.05128825e-01 9.05128825e-01 9.05128825e-01 9.05128825e-01 9.05128825e-01 9.05128825e-01 9.05128825e-01 9.05128825e-01 9.05128825e-01 9.05128825e-01 9.05128825e-01 9.05128825e-01 9.05128825e-01 9.05128825e-01 9.05128825e-01 9.05128825e-01 9.05128825e-01 9.05128825e-01 9.05128825e-01 9.05128825e-01 9.05128825e-01 9.05128825e-01 9.05128825e-01 9.05128825e-01 9.05128825e-01 9.05128825e-01 9.05128825e-01 9.05128825e-01 9.05128825e-01 9.05128825e-01 9.05128825e-01 9.05128825e-01 9.05128825e-01 9.05128825e-01 9.05128825e-01 9.05128825e-01 9.05128825e-01 9.05128825e-01 9.05128825e-01 9.05128825e-01 9.05128825e-01 9.05128825e-01 9.05128825e-01 9.05128825e-01 9.05128825e-01 9.05128825e-01 9.05128825e-01 9.05128825e-01 9.05128825e-01 9.05128825e-01 9.05128825e-01 9.05128825e-01 9.05128825e-01 9.05128825e-01 9.05128825e-01 9.05128825e-01 9.05128825e-01 9.05128825e-01 9.05128825e-01 9.05128825e-01 9.05128825e-01 9.05128825e-01 9.05128825e-01 9.05128825e-01 9.05128825e-01 9.05128825e-01 9.05128825e-01 9.05128825e-01 9.05128825e-01 9.05128825e-01 9.05128825e-01 9.05128825e-01 9.05128825e-01 9.05128825e-01 9.05128825e-01 9.05128825e-01 9.05128825e-01 9.05128825e-01 9.05128825e-01 9.05128825e-01 9.05128825e-01 9.05128825e-01 9.05128825e-01 9.05128825e-01 9.05128825e-01 9.05128825e-01 9.05128825e-01 9.05128825e-01 9.05128825e-01 9.05128825e-01 9.05128825e-01 9.05128825e-01 9.05128825e-01 9.05128825e-01 9.05128825e-01 9.05128825e-01 9.05128825e-01 9.05128825e-01 9.05128825e-01 9.05128825e-01 9.05128825e-01 9.05128825e-01 9.05128825e-01 9.05128825e-01 9.05128825e-01 9.05128825e-01 9.05128825e-01 9.05128825e-01 9.05128825e-01 9.05128825e-01 9.05128825e-01 9.05128825e-01 9.05128825e-01 9.05128825e-01 9.05128825e-01 9.05128825e-01 9.05128825e-01 9.05128825e-01 9.05128825e-01 9.05128825e-01 9.05128825e-01 9.05128825e-01 9.05128825e-01 9.05128825e-01 9.05128825e-01 9.05128825e-01 9.05128825e-01 9.05128825e-01 9.05128825e-01 9.05128825e-01 9.05128825e-01 9.05128825e-01 9.05128825e-01 9.05128825e-01 9.05128825e-01 9.05128825e-01 9.05128825e-01 9.05128825e-01 9.05128825e-01 9.05128825e-01 9.05128825e-01 9.05128825e-01 9.05128825e-01 9.05128825e-01 9.05128825e-01 9.05128825e-01 9.05128825e-01 9.05128825e-01 9.05128825e-01 9.05128825e-01 9.05128825e-01 9.05128825e-01 9.05128825e-01 9.05128825e-01 9.05128825e-01 9.05128825e-01 9.05128825e-01 9.05128825e-01 9.05128825e-01 9.05128825e-01 9.05128825e-01 9.05128825e-01 9.05128825e-01 9.05128825e-01 9.05128825e-01 9.05128825e-01 9.05128825e-01 9.05128825e-01 9.05128825e-01 9.05128825e-01 9.05128825e-01 9.05128825e-01 9.05128825e-01 9.05128825e-01 9.05128825e-01 9.05128825e-01 9.05128825e-01 9.05128825e-01 9.05128825e-01 9.05128825e-01 9.05128825e-01 9.05128825e-01 9.05128825e-01 9.05128825e-01 9.05128825e-01 9.05128825e-01 9.05128825e-01 9.05128825e-01 9.05128825e-01 9.05128825e-01 9.05128825e-01 9.05128825e-01 9.05128825e-01 9.05128825e-01
8.95608854e-01 8.95608854e-01 8.95608854e-01 8.95608854e-01 8.95608854e-01 8.95608854e-01 8.95608854e-01 8.95608854e-01 8.95608854e-01 8.95608854e-01 8.95608854e-01 8.95608854e-01 8.95608854e-01 8.95608854e-01 8.95608854e-01 8.95608854e-01 8.95608854e-01 8.95608854e-01 8.95608854e-01 8.95608854e-01 8.95608854e-01 8.95608854e-01 8.95608854e-01 8.95608854e-01 8.95608854e-01 8.95608854e-01 8.95608854e-01 8.95608854e-01 8.95608854e-01 8.95608854e-01 8.95608854e-01 8.95608854e-01 8.95608854e-01 8.95608854e-01 8.95608854e-01 8.95608854e-01 8.95608854e-01 8.95608854e-01 8.95608854e-01 8.95608854e-01 8.95608854e-01 8.95608854e-01 8.95608854e-01 8.95608854e-01 8.95608854e-01 8.95608854e-01 8.95608854e-01 8.95608854e-01 8.95608854e-01 8.95608854e-01 8.95608854e-01 8.95608854e-01 8.95608854e-01 8.95608854e-01 8.95608854e-01 8.95608854e-01 8.95608854e-01 8.95608854e-01 8.95608854e-01 8.95608854e-01 8.95608854e-01 8.95608854e-01 8.95608854e-01 8.95608854e-01 8.95608854e-01 8.95608854e-01 8.95608854e-01 8.95608854e-01 8.95608854e-01 8.95608854e-01 8.95608854e-01 8.95608854e-01 8.95608854e-01 8.95608854e-01 8.95608854e-01 8.95608854e-01 8.95608854e-01 8.95608854e-01 8.95608854e-01 8.95608854e-01 8.95608854e-01 8.95608854e-01 8.95608854e-01 8.95608854e-01 8.95608854e-01 8.95608854e-01 8.95608854e-01 8.95608854e-01 8.95608854e-01 8.95608854e-01 8.95608854e-01 8.95608854e-01 8.95608854e-01 8.95608854e-01 8.95608854e-01 8.95608854e-01 8.95608854e-01 8.95608854e-01 8.95608854e-01 8.95608854e-01 8.95608854e-01 8.95608854e-01 8.95608854e-01 8.95608854e-01 8.95608854e-01 8.95608854e-01 8.95608854e-01 8.95608854e-01 8.95608854e-01 8.95608854e-01 8.95608854e-01 8.95608854e-01 8.95608854e-01 8.95608854e-01 8.95608854e-01 8.95608854e-01 8.95608854e-01 8.95608854e-01 8.95608854e-01 8.95608854e-01 8.95608854e-01 8.95608854e-01 8.95608854e-01 8.95608854e-01 8.95608854e-01 8.95608854e-01 8.95608854e-01 8.95608854e-01 8.95608854e-01 8.95608854e-01 8.95608854e-01 8.95608854e-01 8.95608854e-01 8.95608854e-01 8.95608854e-01 8.95608854e-01 8.95608854e-01 8.95608854e-01 8.95608854e-01 8.95608854e-01 8.95608854e-01 8.95608854e-01 8.95608854e-01 8.95608854e-01 8.95608854e-01 8.95608854e-01 8.95608854e-01 8.95608854e-01 8.95608854e-01 8.95608854e-01 8.95608854e-01 8.95608854e-01 8.95608854e-01 8.95608854e-01 8.95608854e-01 8.95608854e-01 8.95608854e-01 8.95608854e-01 8.95608854e-01 8.95608854e-01 8.95608854e-01 8.95608854e-01 8.95608854e-01 8.95608854e-01 8.95608854e-01 8.95608854e-01 8.95608854e-01 8.95608854e-01 8.95608854e-01 8.95608854e-01 8.95608854e-01 8.95608854e-01 8.95608854e-01 8.95608854e-01 8.95608854e-01 8.95608854e-01 8.95608854e-01 8.95608854e-01 8.95608854e-01 8.95608854e-01 8.95608854e-01 8.95608854e-01 8.95608854e-01 8.95608854e-01 8.95608854e-01 8.95608854e-01 8.95608854e-01 8.95608854e-01 8.95608854e-01 8.95608854e-01 8.95608854e-01 8.95608854e-01 8.95608854e-01 8.95608854e-01 8.95608854e-01 8.95608854e-01 8.95608854e-01 8.95608854e-01 8.95608854e-01 8.95608854e-01
8.85753568e-01 8.85753568e-01 8.85753568e-01 8.85753568e-01 8.85753568e-01 8.85753568e-01 8.85753568e-01 8.85753568e-01 8.85753568e-01 8.85753568e-01 8.85753568e-01 8.85753568e-01 8.85753568e-01 8.85753568e-01 8.85753568e-01 8.85753568e-01 8.85753568e-01 8.85753568e-01 8.85753568e-01 8.85753568e-01 8.85753568e-01 8.85753568e-01 8.85753568e-01 8.85753568e-01 8.85753568e-01 8.85753568e-01 8.85753568e-01 8.85753568e-01 8.85753568e-01 8.85753568e-01 8.85753568e-01 8.85753568e-01 8.85753568e-01 8.85753568e-01 8.85753568e-01 8.85753568e-01 8.85753568e-01 8.85753568e-01 8.85753568e-01 8.85753568e-01 8.85753568e-01 8.85753568e-01 8.85753568e-01 8.85753568e-01 8.85753568e-01 8.85753568e-01 8.85753568e-01 8.85753568e-01 8.85753568e-01 8.85753568e-01 8.85753568e-01 8.85753568e-01 8.85753568e-01 8.85753568e-01 8.85753568e-01 8.85753568e-01 8.85753568e-01 8.85753568e-01 8.85753568e-01 8.85753568e-01 8.85753568e-01 8.85753568e-01 8.85753568e-01 8.85753568e-01 8.85753568e-01 8.85753568e-01 8.85753568e-01 8.85753568e-01 8.85753568e-01 8.85753568e-01 8.85753568e-01 8.85753568e-01 8.85753568e-01 8.85753568e-01 8.85753568e-01 8.85753568e-01 8.85753568e-01 8.85753568e-01 8.85753568e-01 8.85753568e-01 8.85753568e-01 8.85753568e-01 8.85753568e-01 8.85753568e-01 8.85753568e-01 8.85753568e-01 8.85753568e-01 8.85753568e-01 8.85753568e-01 8.85753568e-01 8.85753568e-01 8.85753568e-01 8.85753568e-01 8.85753568e-01 8.85753568e-01 8.85753568e-01 8.85753568e-01 8.85753568e-01 8.85753568e-01 8.85753568e-01 8.85753568e-01 8.85753568e-01 8.85753568e-01 8.85753568e-01 8.85753568e-01 8.85753568e-01 8.85753568e-01 8.85753568e-01 8.85753568e-01 8.85753568e-01 8.85753568e-01 8.85753568e-01 8.85753568e-01 8.85753568e-01 8.85753568e-01 8.85753568e-01 8.85753568e-01 8.85753568e-01 8.85753568e-01 8.85753568e-01 8.85753568e-01 8.85753568e-01 8.85753568e-01 8.85753568e-01 8.85753568e-01 8.85753568e-01 8.85753568e-01 8.85753568e-01 8.85753568e-01 8.85753568e-01 8.85753568e-01 8.85753568e-01 8.85753568e-01 8.85753568e-01 8.85753568e-01 8.85753568e-01 8.85753568e-01 8.85753568e-01 8.85753568e-01 8.85753568e-01 8.85753568e-01 8.85753568e-01 8.85753568e-01 8.85753568e-01 8.85753568e-01 8.85753568e-01 8.85753568e-01 8.85753568e-01 8.85753568e-01 8.85753568e-01 8.85753568e-01 8.85753568e-01 8.85753568e-01 8.85753568e-01 8.85753568e-01 8.85753568e-01 8.85753568e-01 8.85753568e-01 8.85753568e-01 8.85753568e-01 8.85753568e-01 8.85753568e-01 8.85753568e-01 8.85753568e-01 8.85753568e-01 8.85753568e-01 8.85753568e-01 8.85753568e-01 8.85753568e-01 8.85753568e-01 8.85753568e-01 8.85753568e-01 8.85753568e-01 8.85753568e-01 8.85753568e-01 8.85753568e-01 8.85753568e-01 8.85753568e-01 8.85753568e-01 8.85753568e-01 8.85753568e-01 8.85753568e-01 8.85753568e-01 8.85753568e-01 8.85753568e-01 8.85753568e-01 8.85753568e-01 8.85753568e-01 8.85753568e-01 8.85753568e-01 8.85753568e-01 8.85753568e-01 8.85753568e-01 8.85753568e-01 8.85753568e-01 8.85753568e-01 8.85753568e-01 8.85753568e-01 8.85753568e-01 8.85753568e-01
8.75579403e-01 8.75579403e-01 8.75579403e-01 8.75579403e-01 8.75579403e-01 8.75579403e-01 8.75579403e-01 8.75579403e-01 8.75579403e-01 8.75579403e-01 8.75579403e-01 8.75579403e-01 8.75579403e-01 8.75579403e-01 8.75579403e-01 8.75579403e-01 8.75579403e-01 8.75579403e-01 8.75579403e-01 8.75579403e-01 8.75579403e-01 8.75579403e-01 8.75579403e-01 8.75579403e-01 8.75579403e-01 8.75579403e-01 8.75579403e-01 8.75579403e-01 8.75579403e-01 8.75579403e-01 8.75579403e-01 8.75579403e-01 8.75579403e-01 8.75579403e-01 8.75579403e-01 8.75579403e-01 8.75579403e-01 8.75579403e-01 8.75579403e-01 8.75579403e-01 8.75579403e-01 8.75579403e-01 8.75579403e-01 8.75579403e-01 8.75579403e-01 8.75579403e-01 8.75579403e-01 8.75579403e-01 8.75579403e-01 8.75579403e-01 8.75579403e-01 8.75579403e-01 8.75579403e-01 8.75579403e-01 8.75579403e-01 8.75579403e-01 8.75579403e-01 8.75579403e-01 8.75579403e-01 8.75579403e-01 8.75579403e-01 8.75579403e-01 8.75579403e-01 8.75579403e-01 8.75579403e-01 8.75579403e-01 8.75579403e-01 8.75579403e-01 8.75579403e-01 8.75579403e-01 8.75579403e-01 8.75579403e-01 8.75579403e-01 8.75579403e-01 8.75579403e-01 8.75579403e-01 8.75579403e-01 8.75579403e-01 8.75579403e-01 8.75579403e-01 8.75579403e-01 8.75579403e-01 8.75579403e-01 8.75579403e-01 8.75579403e-01 8.75579403e-01 8.75579403e-01 8.75579403e-01 8.75579403e-01 8.75579403e-01 8.75579403e-01 8.75579403e-01 8.75579403e-01 8.75579403e-01 8.75579403e-01 8.75579403e-01 8.75579403e-01 8.75579403e-01 8.75579403e-01 8.75579403e-01 8.75579403e-01 8.75579403e-01 8.75579403e-01 8.75579403e-01 8.75579403e-01 8.75579403e-01 8.75579403e-01 8.75579403e-01 8.75579403e-01 8.75579403e-01 8.75579403e-01 8.75579403e-01 8.75579403e-01 8.75579403e-01 8.75579403e-01 8.75579403e-01 8.75579403e-01 8.75579403e-01 8.75579403e-01 8.75579403e-01 8.75579403e-01 8.75579403e-01 8.75579403e-01 8.75579403e-01 8.75579403e-01 8.75579403e-01 8.75579403e-01 8.75579403e-01 8.75579403e-01 8.75579403e-01 8.75579403e-01 8.75579403e-01 8.75579403e-01 8.75579403e-01 8.75579403e-01 8.75579403e-01 8.75579403e-01 8.75579403e-01 8.75579403e-01 8.75579403e-01 8.75579403e-01 8.75579403e-01 8.75579403e-01 8.75579403e-01 8.75579403e-01 8.75579403e-01 8.75579403e-01 8.75579403e-01 8.75579403e-01 8.75579403e-01 8.75579403e-01 8.75579403e-01 8.75579403e-01 8.75579403e-01 8.75579403e-01 8.75579403e-01 8.75579403e-01 8.75579403e-01 8.75579403e-01 8.75579403e-01 8.75579403e-01 8.75579403e-01 8.75579403e-01 8.75579403e-01 8.75579403e-01 8.75579403e-01 8.75579403e-01 8.75579403e-01 8.75579403e-01 8.75579403e-01 8.75579403e-01 8.75579403e-01 8.75579403e-01 8.75579403e-01 8.75579403e-01 8.75579403e-01 8.75579403e-01 8.75579403e-01 8.75579403e-01 8.75579403e-01 8.75579403e-01 8.75579403e-01 8.75579403e-01 8.75579403e-01 8.75579403e-01 8.75579403e-01 8.75579403e-01 8.75579403e-01 8.75579403e-01 8.75579403e-01 8.75579403e-01 8.75579403e-01 8.75579403e-01 8.75579403e-01 8.75579403e-01 8.75579403e-01 8.75579403e-01 8.75579403e-01 8.75579403e-01 8.75579403e-01
8.65102336e-01 8.65102336e-01 8.65102336e-01 8.65102336e-01 8.65102336e-01 8.65102336e-01 8.65102336e-01 8.65102336e-01 8.65102336e-01 8.65102336e-01 8.65102336e-01 8.65102336e-01 8.65102336e-01 8.65102336e-01 8.65102336e-01 8.65102336e-01 8.65102336e-01 8.65102336e-01 8.65102336e-01 8.65102336e-01 8.65102336e-01 8.65102336e-01 8.65102336e-01 8.65102336e-01 8.65102336e-01 8.65102336e-01 8.65102336e-01 8.65102336e-01 8.65102336e-01 8.65102336e-01 8.65102336e-01 8.65102336e-01 8.65102336e-01 8.65102336e-01 8.65102336e-01 8.65102336e-01 8.65102336e-01 8.65102336e-01 8.65102336e-01 8.65102336e-01 8.65102336e-01 8.65102336e-01 8.65102336e-01 8.65102336e-01 8.65102336e-01 8.65102336e-01 8.65102336e-01 8.65102336e-01 8.65102336e-01 8.65102336e-01 8.65102336e-01 8.65102336e-01 8.65102336e-01 8.65102336e-01 8.65102336e-01 8.65102336e-01 8.65102336e-01 8.65102336e-01 8.65102336e-01 8.65102336e-01 8.65102336e-01 8.65102336e-01 8.65102336e-01 8.65102336e-01 8.65102336e-01 8.65102336e-01 8.65102336e-01 8.65102336e-01 8.65102336e-01 8.65102336e-01 8.65102336e-01 8.65102336e-01 8.65102336e-01 8.65102336e-01 8.65102336e-01 8.65102336e-01 8.65102336e-01 8.65102336e-01 8.65102336e-01 8.65102336e-01 8.65102336e-01 8.65102336e-01 8.65102336e-01 8.65102336e-01 8.65102336e-01 8.65102336e-01 8.65102336e-01 8.65102336e-01 8.65102336e-01 8.65102336e-01 8.65102336e-01 8.65102336e-01 8.65102336e-01 8.65102336e-01 8.65102336e-01 8.65102336e-01 8.65102336e-01 8.65102336e-01 8.65102336e-01 8.65102336e-01 8.65102336e-01 8.65102336e-01 8.65102336e-01 8.65102336e-01 8.65102336e-01 8.65102336e-01 8.65102336e-01 8.65102336e-01 8.65102336e-01 8.65102336e-01 8.65102336e-01 8.65102336e-01 8.65102336e-01 8.65102336e-01 8.65102336e-01 8.65102336e-01 8.65102336e-01 8.65102336e-01 8.65102336e-01 8.65102336e-01 8.65102336e-01 8.65102336e-01 8.65102336e-01 8.65102336e-01 8.65102336e-01 8.65102336e-01 8.65102336e-01 8.65102336e-01 8.65102336e-01 8.65102336e-01 8.65102336e-01 8.65102336e-01 8.65102336e-01 8.65102336e-01 8.65102336e-01 8.65102336e-01 8.65102336e-01 8.65102336e-01 8.65102336e-01 8.65102336e-01 8.65102336e-01 8.65102336e-01 8.65102336e-01 8.65102336e-01 8.65102336e-01 8.65102336e-01 8.65102336e-01 8.65102336e-01 8.65102336e-01 8.65102336e-01 8.65102336e-01 8.65102336e-01 8.65102336e-01 8.65102336e-01 8.65102336e-01 8.65102336e-01 8.65102336e-01 8.65102336e-01 8.65102336e-01 8.65102336e-01 8.65102336e-01 8.65102336e-01 8.65102336e-01 8.65102336e-01 8.65102336e-01 8.65102336e-01 8.65102336e-01 8.65102336e-01 8.65102336e-01 8.65102336e-01 8.65102336e-01 8.65102336e-01 8.65102336e-01 8.65102336e-01 8.65102336e-01 8.65102336e-01 8.65102336e-01 8.65102336e-01 8.65102336e-01 8.65102336e-01 8.65102336e-01 8.65102336e-01 8.65102336e-01 8.65102336e-01 8.65102336e-01 8.65102336e-01 8.65102336e-01 8.65102336e-01 8.65102336e-01 8.65102336e-01 8.65102336e-01 8.65102336e-01 8.65102336e-01 8.65102336e-01 8.65102336e-01 8.65102336e-01 8.65102336e-01 8.65102336e-01 8.65102336e-01 8.65102336e-01
8.54337862e-01 8.54337862e-01 8.54337862e-01 8.54337862e-01 8.54337862e-01 8.54337862e-01 8.54337862e-01 8.54337862e-01 8.54337862e-01 8.54337862e-01 8.54337862e-01 8.54337862e-01 8.54337862e-01 8.54337862e-01 8.54337862e-01 8.54337862e-01 8.54337862e-01 8.54337862e-01 8.54337862e-01 8.54337862e-01 8.54337862e-01 8.54337862e-01 8.54337862e-01 8.54337862e-01 8.54337862e-01 8.54337862e-01 8.54337862e-01 8.54337862e-01 8.54337862e-01 8.54337862e-01 8.54337862e-01 8.54337862e-01 8.54337862e-01 8.54337862e-01 8.54337862e-01 8.54337862e-01 8.54337862e-01 8.54337862e-01 8.54337862e-01 8.54337862e-01 8.54337862e-01 8.54337862e-01 8.54337862e-01 8.54337862e-01 8.54337862e-01 8.54337862e-01 8.54337862e-01 8.54337862e-01 8.54337862e-01 8.54337862e-01 8.54337862e-01 8.54337862e-01 8.54337862e-01 8.54337862e-01 8.54337862e-01 8.54337862e-01 8.54337862e-01 8.54337862e-01 8.54337862e-01 8.54337862e-01 8.54337862e-01 8.54337862e-01 8.54337862e-01 8.54337862e-01 8.54337862e-01 8.54337862e-01 8.54337862e-01 8.54337862e-01 8.54337862e-01 8.54337862e-01 8.54337862e-01 8.54337862e-01 8.54337862e-01 8.54337862e-01 8.54337862e-01 8.54337862e-01 8.54337862e-01 8.54337862e-01 8.54337862e-01 8.54337862e-01 8.54337862e-01 8.54337862e-01 8.54337862e-01 8.54337862e-01 8.54337862e-01 8.54337862e-01 8.54337862e-01 8.54337862e-01 8.54337862e-01 8.54337862e-01 8.54337862e-01 8.54337862e-01 8.54337862e-01 8.54337862e-01 8.54337862e-01 8.54337862e-01 8.54337862e-01 8.54337862e-01 8.54337862e-01 8.54337862e-01 8.54337862e-01 8.54337862e-01 8.54337862e-01 8.54337862e-01 8.54337862e-01 8.54337862e-01 8.54337862e-01 8.54337862e-01 8.54337862e-01 8.54337862e-01 8.54337862e-01 8.54337862e-01 8.54337862e-01 8.54337862e-01 8.54337862e-01 8.54337862e-01 8.54337862e-01 8.54337862e-01 8.54337862e-01 8.54337862e-01 8.54337862e-01 8.54337862e-01 8.54337862e-01 8.54337862e-01 8.54337862e-01 8.54337862e-01 8.54337862e-01 8.54337862e-01 8.54337862e-01 8.54337862e-01 8.54337862e-01 8.54337862e-01 8.54337862e-01 8.54337862e-01 8.54337862e-01 8.54337862e-01 8.54337862e-01 8.54337862e-01 8.54337862e-01 8.54337862e-01 8.54337862e-01 8.54337862e-01 8.54337862e-01 8.54337862e-01 8.54337862e-01 8.54337862e-01 8.54337862e-01 8.54337862e-01 8.54337862e-01 8.54337862e-01 8.54337862e-01 8.54337862e-01 8.54337862e-01 8.54337862e-01 8.54337862e-01 8.54337862e-01 8.54337862e-01 8.54337862e-01 8.54337862e-01 8.54337862e-01 8.54337862e-01 8.54337862e-01 8.54337862e-01 8.54337862e-01 8.54337862e-01 8.54337862e-01 8.54337862e-01 8.54337862e-01 8.54337862e-01 8.54337862e-01 8.54337862e-01 8.54337862e-01 8.54337862e-01 8.54337862e-01 8.54337862e-01 8.54337862e-01 8.54337862e-01 8.54337862e-01 8.54337862e-01 8.54337862e-01 8.54337862e-01 8.54337862e-01 8.54337862e-01 8.54337862e-01 8.54337862e-01 8.54337862e-01 8.54337862e-01 8.54337862e-01 8.54337862e-01 8.54337862e-01 8.54337862e-01 8.54337862e-01 8.54337862e-01 8.54337862e-01 8.54337862e-01 8.54337862e-01 8.54337862e-01 8.54337862e-01 8.54337862e-01 8.54337862e-01
8.43300970e-01 8.43300970e-01 8.43300970e-01 8.43300970e-01 8.43300970e-01 8.43300970e-01 8.43300970e-01 8.43300970e-01 8.43300970e-01 8.43300970e-01 8.43300970e-01 8.43300970e-01 8.43300970e-01 8.43300970e-01 8.43300970e-01 8.43300970e-01 8.43300970e-01 8.43300970e-01 8.43300970e-01 8.43300970e-01 8.43300970e-01 8.43300970e-01 8.43300970e-01 8.43300970e-01 8.43300970e-01 8.43300970e-01 8.43300970e-01 8.43300970e-01 8.43300970e-01 8.43300970e-01 8.43300970e-01 8.43300970e-01 8.43300970e-01 8.43300970e-01 8.43300970e-01 8.43300970e-01 8.43300970e-01 8.43300970e-01 8.43300970e-01 8.43300970e-01 8.43300970e-01 8.43300970e-01 8.43300970e-01 8.43300970e-01 8.43300970e-01 8.43300970e-01 8.43300970e-01 8.43300970e-01 8.43300970e-01 8.43300970e-01 8.43300970e-01 8.43300970e-01 8.43300970e-01 8.43300970e-01 8.43300970e-01 8.43300970e-01 8.43300970e-01 8.43300970e-01 8.43300970e-01 8.43300970e-01 8.43300970e-01 8.43300970e-01 8.43300970e-01 8.43300970e-01 8.43300970e-01 8.43300970e-01 8.43300970e-01 8.43300970e-01 8.43300970e-01 8.43300970e-01 8.43300970e-01 8.43300970e-01 8.43300970e-01 8.43300970e-01 8.43300970e-01 8.43300970e-01 8.43300970e-01 8.43300970e-01 8.43300970e-01 8.43300970e-01 8.43300970e-01 8.43300970e-01 8.43300970e-01 8.43300970e-01 8.43300970e-01 8.43300970e-01 8.43300970e-01 8.43300970e-01 8.43300970e-01 8.43300970e-01 8.43300970e-01 8.43300970e-01 8.43300970e-01 8.43300970e-01 8.43300970e-01 8.43300970e-01 8.43300970e-01 8.43300970e-01 8.43300970e-01 8.43300970e-01 8.43300970e-01 8.43300970e-01 8.43300970e-01 8.43300970e-01 8.43300970e-01 8.43300970e-01 8.43300970e-01 8.43300970e-01 8.43300970e-01 8.43300970e-01 8.43300970e-01 8.43300970e-01 8.43300970e-01 8.43300970e-01 8.43300970e-01 8.43300970e-01 8.43300970e-01 8.43300970e-01 8.43300970e-01 8.43300970e-01 8.43300970e-01 8.43300970e-01 8.43300970e-01 8.43300970e-01 8.43300970e-01 8.43300970e-01 8.43300970e-01 8.43300970e-01 8.43300970e-01 8.43300970e-01 8.43300970e-01 8.43300970e-01 8.43300970e-01 8.43300970e-01 8.43300970e-01 8.43300970e-01 8.43300970e-01 8.43300970e-01 8.43300970e-01 8.43300970e-01 8.43300970e-01 8.43300970e-01 8.43300970e-01 8.43300970e-01 8.43300970e-01 8.43300970e-01 8.43300970e-01 8.43300970e-01 8.43300970e-01 8.43300970e-01 8.43300970e-01 8.43300970e-01 8.43300970e-01 8.43300970e-01 8.43300970e-01 8.43300970e-01 8.43300970e-01 8.43300970e-01 8.43300970e-01 8.43300970e-01 8.43300970e-01 8.43300970e-01 8.43300970e-01 8.43300970e-01 8.43300970e-01 8.43300970e-01 8.43300970e-01 8.43300970e-01 8.43300970e-01 8.43300970e-01 8.43300970e-01 8.43300970e-01 8.43300970e-01 8.43300970e-01 8.43300970e-01 8.43300970e-01 8.43300970e-01 8.43300970e-01 8.43300970e-01 8.43300970e-01 8.43300970e-01 8.43300970e-01 8.43300970e-01 8.43300970e-01 8.43300970e-01 8.43300970e-01 8.43300970e-01 8.43300970e-01 8.43300970e-01 8.43300970e-01 8.43300970e-01 8.43300970e-01 8.43300970e-01 8.43300970e-01 8.43300970e-01 8.43300970e-01 8.43300970e-01 8.43300970e-01 8.43300970e-01 8.43300970e-01
8.32006138e-01 8.32006138e-01 8.32006138e-01 8.32006138e-01 8.32006138e-01 8.32006138e-01 8.32006138e-01 8.32006138e-01 8.32006138e-01 8.32006138e-01 8.32006138e-01 8.32006138e-01 8.32006138e-01 8.32006138e-01 8.32006138e-01 8.32006138e-01 8.32006138e-01 8.32006138e-01 8.32006138e-01 8.32006138e-01 8.32006138e-01 8.32006138e-01 8.32006138e-01 8.32006138e-01 8.32006138e-01 8.32006138e-01 8.32006138e-01 8.32006138e-01 8.32006138e-01 8.32006138e-01 8.32006138e-01 8.32006138e-01 8.32006138e-01 8.32006138e-01 8.32006138e-01 8.32006138e-01 8.32006138e-01 8.32006138e-01 8.32006138e-01 8.32006138e-01 8.32006138e-01 8.32006138e-01 8.32006138e-01 8.32006138e-01 8.32006138e-01 8.32006138e-01 8.32006138e-01 8.32006138e-01 8.32006138e-01 8.32006138e-01 8.32006138e-01 8.32006138e-01 8.32006138e-01 8.32006138e-01 8.32006138e-01 8.32006138e-01 8.32006138e-01 8.32006138e-01 8.32006138e-01 8.32006138e-01 8.32006138e-01 8.32006138e-01 8.32006138e-01 8.32006138e-01 8.32006138e-01 8.32006138e-01 8.32006138e-01 8.32006138e-01 8.32006138e-01 8.32006138e-01 8.32006138e-01 8.32006138e-01 8.32006138e-01 8.32006138e-01 8.32006138e-01 8.32006138e-01 8.32006138e-01 8.32006138e-01 8.32006138e-01 8.32006138e-01 8.32006138e-01 8.32006138e-01 8.32006138e-01 8.32006138e-01 8.32006138e-01 8.32006138e-01 8.32006138e-01 8.32006138e-01 8.32006138e-01 8.32006138e-01 8.32006138e-01 8.32006138e-01 8.32006138e-01 8.32006138e-01 8.32006138e-01 8.32006138e-01 8.32006138e-01 8.32006138e-01 8.32006138e-01 8.32006138e-01 8.32006138e-01 8.32006138e-01 8.32006138e-01 8.32006138e-01 8.32006138e-01 8.32006138e-01 8.32006138e-01 8.32006138e-01 8.32006138e-01 8.32006138e-01 8.32006138e-01 8.32006138e-01 8.32006138e-01 8.32006138e-01 8.32006138e-01 8.32006138e-01 8.32006138e-01 8.32006138e-01 8.32006138e-01 8.32006138e-01 8.32006138e-01 8.32006138e-01 8.32006138e-01 8.32006138e-01 8.32006138e-01 8.32006138e-01 8.32006138e-01 8.32006138e-01 8.32006138e-01 8.32006138e-01 8.32006138e-01 8.32006138e-01 8.32006138e-01 8.32006138e-01 8.32006138e-01 8.32006138e-01 8.32006138e-01 8.32006138e-01 8.32006138e-01 8.32006138e-01 8.32006138e-01 8.32006138e-01 8.32006138e-01 8.32006138e-01 8.32006138e-01 8.32006138e-01 8.32006138e-01 8.32006138e-01 8.32006138e-01 8.32006138e-01 8.32006138e-01 8.32006138e-01 8.32006138e-01 8.32006138e-01 8.32006138e-01 8.32006138e-01 8.32006138e-01 8.32006138e-01 8.32006138e-01 8.32006138e-01 8.32006138e-01 8.32006138e-01 8.32006138e-01 8.32006138e-01 8.32006138e-01 8.32006138e-01 8.32006138e-01 8.32006138e-01 8.32006138e-01 8.32006138e-01 8.32006138e-01 8.32006138e-01 8.32006138e-01 8.32006138e-01 8.32006138e-01 8.32006138e-01 8.32006138e-01 8.32006138e-01 8.32006138e-01 8.32006138e-01 8.32006138e-01 8.32006138e-01 8.32006138e-01 8.32006138e-01 8.32006138e-01 8.32006138e-01 8.32006138e-01 8.32006138e-01 8.32006138e-01 8.32006138e-01 8.32006138e-01 8.32006138e-01 8.32006138e-01 8.32006138e-01 8.32006138e-01 8.32006138e-01 8.32006138e-01 8.32006138e-01 8.32006138e-01 8.32006138e-01
8.20467336e-01 8.20467336e-01 8.20467336e-01 8.20467336e-01 8.20467336e-01 8.20467336e-01 8.20467336e-01 8.20467336e-01 8.20467336e-01 8.20467336e-01 8.20467336e-01 8.20467336e-01 8.20467336e-01 8.20467336e-01 8.20467336e-01 8.20467336e-01 8.20467336e-01 8.20467336e-01 8.20467336e-01 8.20467336e-01 8.20467336e-01 8.20467336e-01 8.20467336e-01 8.20467336e-01 8.20467336e-01 8.20467336e-01 8.20467336e-01 8.20467336e-01 8.20467336e-01 8.20467336e-01 8.20467336e-01 8.20467336e-01 8.20467336e-01 8.20467336e-01 8.20467336e-01 8.20467336e-01 8.20467336e-01 8.20467336e-01 8.20467336e-01 8.20467336e-01 8.20467336e-01 8.20467336e-01 8.20467336e-01 8.20467336e-01 8.20467336e-01 8.20467336e-01 8.20467336e-01 8.20467336e-01 8.20467336e-01 8.20467336e-01 8.20467336e-01 8.20467336e-01 8.20467336e-01 8.20467336e-01 8.20467336e-01 8.20467336e-01 8.20467336e-01 8.20467336e-01 8.20467336e-01 8.20467336e-01 8.20467336e-01 8.20467336e-01 8.20467336e-01 8.20467336e-01 8.20467336e-01 8.20467336e-01 8.20467336e-01 8.20467336e-01 8.20467336e-01 8.20467336e-01 8.20467336e-01 8.20467336e-01 8.20467336e-01 8.20467336e-01 8.20467336e-01 8.20467336e-01 8.20467336e-01 8.20467336e-01 8.20467336e-01 8.20467336e-01 8.20467336e-01 8.20467336e-01 8.20467336e-01 8.20467336e-01 8.20467336e-01 8.20467336e-01 8.20467336e-01 8.20467336e-01 8.20467336e-01 8.20467336e-01 8.20467336e-01 8.20467336e-01 8.20467336e-01 8.20467336e-01 8.20467336e-01 8.20467336e-01 8.20467336e-01 8.20467336e-01 8.20467336e-01 8.20467336e-01 8.20467336e-01 8.20467336e-01 8.20467336e-01 8.20467336e-01 8.20467336e-01 8.20467336e-01 8.20467336e-01 8.20467336e-01 8.20467336e-01 8.20467336e-01 8.20467336e-01 8.20467336e-01 8.20467336e-01 8.20467336e-01 8.20467336e-01 8.20467336e-01 8.20467336e-01 8.20467336e-01 8.20467336e-01 8.20467336e-01 8.20467336e-01 8.20467336e-01 8.20467336e-01 8.20467336e-01 8.20467336e-01 8.20467336e-01 8.20467336e-01 8.20467336e-01 8.20467336e-01 8.20467336e-01 8.20467336e-01 8.20467336e-01 8.20467336e-01 8.20467336e-01 8.20467336e-01 8.20467336e-01 8.20467336e-01 8.20467336e-01 8.20467336e-01 8.20467336e-01 8.20467336e-01 8.20467336e-01 8.20467336e-01 8.20467336e-01 8.20467336e-01 8.20467336e-01 8.20467336e-01 8.20467336e-01 8.20467336e-01 8.20467336e-01 8.20467336e-01 8.20467336e-01 8.20467336e-01 8.20467336e-01 8.20467336e-01 8.20467336e-01 8.20467336e-01 8.20467336e-01 8.20467336e-01 8.20467336e-01 8.20467336e-01 8.20467336e-01 8.20467336e-01 8.20467336e-01 8.20467336e-01 8.20467336e-01 8.20467336e-01 8.20467336e-01 8.20467336e-01 8.20467336e-01 8.20467336e-01 8.20467336e-01 8.20467336e-01 8.20467336e-01 8.20467336e-01 8.20467336e-01 8.20467336e-01 8.20467336e-01 8.20467336e-01 8.20467336e-01 8.20467336e-01 8.20467336e-01 8.20467336e-01 8.20467336e-01 8.20467336e-01 8.20467336e-01 8.20467336e-01 8.20467336e-01 8.20467336e-01 8.20467336e-01 8.20467336e-01 8.20467336e-01 8.20467336e-01 8.20467336e-01 8.20467336e-01 8.20467336e-01 8.20467336e-01 8.20467336e-01 8.20467336e-01 8.20467336e-01
8.08698029e-01 8.08698029e-01 8.08698029e-01 8.08698029e-01 8.08698029e-01 8.08698029e-01 8.08698029e-01 8.08698029e-01 8.08698029e-01 8.08698029e-01 8.08698029e-01 8.08698029e-01 8.08698029e-01 8.08698029e-01 8.08698029e-01 8.08698029e-01 8.08698029e-01 8.08698029e-01 8.08698029e-01 8.08698029e-01 8.08698029e-01 8.08698029e-01 8.08698029e-01 8.08698029e-01 8.08698029e-01 8.08698029e-01 8.08698029e-01 8.08698029e-01 8.08698029e-01 8.08698029e-01 8.08698029e-01 8.08698029e-01 8.08698029e-01 8.08698029e-01 8.08698029e-01 8.08698029e-01 8.08698029e-01 8.08698029e-01 8.08698029e-01 8.08698029e-01 8.08698029e-01 8.08698029e-01 8.08698029e-01 8.08698029e-01 8.08698029e-01 8.08698029e-01 8.08698029e-01 8.08698029e-01 8.08698029e-01 8.08698029e-01 8.08698029e-01 8.08698029e-01 8.08698029e-01 8.08698029e-01 8.08698029e-01 8.08698029e-01 8.08698029e-01 8.08698029e-01 8.08698029e-01 8.08698029e-01 8.08698029e-01 8.08698029e-01 8.08698029e-01 8.08698029e-01 8.08698029e-01 8.08698029e-01 8.08698029e-01 8.08698029e-01 8.08698029e-01 8.08698029e-01 8.08698029e-01 8.08698029e-01 8.08698029e-01 8.08698029e-01 8.08698029e-01 8.08698029e-01 8.08698029e-01 8.08698029e-01 8.08698029e-01 8.08698029e-01 8.08698029e-01 8.08698029e-01 8.08698029e-01 8.08698029e-01 8.08698029e-01 8.08698029e-01 8.08698029e-01 8.08698029e-01 8.08698029e-01 8.08698029e-01 8.08698029e-01 8.08698029e-01 8.08698029e-01 8.08698029e-01 8.08698029e-01 8.08698029e-01 8.08698029e-01 8.08698029e-01 8.08698029e-01 8.08698029e-01 8.08698029e-01 8.08698029e-01 8.08698029e-01 8.08698029e-01 8.08698029e-01 8.08698029e-01 8.08698029e-01 8.08698029e-01 8.08698029e-01 8.08698029e-01 8.08698029e-01 8.08698029e-01 8.08698029e-01 8.08698029e-01 8.08698029e-01 8.08698029e-01 8.08698029e-01 8.08698029e-01 8.08698029e-01 8.08698029e-01 8.08698029e-01 8.08698029e-01 8.08698029e-01 8.08698029e-01 8.08698029e-01 8.08698029e-01 8.08698029e-01 8.08698029e-01 8.08698029e-01 8.08698029e-01 8.08698029e-01 8.08698029e-01 8.08698029e-01 8.08698029e-01 8.08698029e-01 8.08698029e-01 8.08698029e-01 8.08698029e-01 8.08698029e-01 8.08698029e-01 8.08698029e-01 8.08698029e-01 8.08698029e-01 8.08698029e-01 8.08698029e-01 8.08698029e-01 8.08698029e-01 8.08698029e-01 8.08698029e-01 8.08698029e-01 8.08698029e-01 8.08698029e-01 8.08698029e-01 8.08698029e-01 8.08698029e-01 8.08698029e-01 8.08698029e-01 8.08698029e-01 8.08698029e-01 8.08698029e-01 8.08698029e-01 8.08698029e-01 8.08698029e-01 8.08698029e-01 8.08698029e-01 8.08698029e-01 8.08698029e-01 8.08698029e-01 8.08698029e-01 8.08698029e-01 8.08698029e-01 8.08698029e-01 8.08698029e-01 8.08698029e-01 8.08698029e-01 8.08698029e-01 8.08698029e-01 8.08698029e-01 8.08698029e-01 8.08698029e-01 8.08698029e-01 8.08698029e-01 8.08698029e-01 8.08698029e-01 8.08698029e-01 8.08698029e-01 8.08698029e-01 8.08698029e-01 8.08698029e-01 8.08698029e-01 8.08698029e-01 8.08698029e-01 8.08698029e-01 8.08698029e-01 8.08698029e-01 8.08698029e-01 8.08698029e-01 8.08698029e-01 8.08698029e-01 8.08698029e-01
7.96711190e-01 7.96711190e-01 7.96711190e-01 7.96711190e-01 7.96711190e-01 7.96711190e-01 7.96711190e-01 7.96711190e-01 7.96711190e-01 7.96711190e-01 7.96711190e-01 7.96711190e-01 7.96711190e-01 7.96711190e-01 7.96711190e-01 7.96711190e-01 7.96711190e-01 7.96711190e-01 7.96711190e-01 7.96711190e-01 7.96711190e-01 7.96711190e-01 7.96711190e-01 7.96711190e-01 7.96711190e-01 7.96711190e-01 7.96711190e-01 7.96711190e-01 7.96711190e-01 7.96711190e-01 7.96711190e-01 7.96711190e-01 7.96711190e-01 7.96711190e-01 7.96711190e-01 7.96711190e-01 7.96711190e-01 7.96711190e-01 7.96711190e-01 7.96711190e-01 7.96711190e-01 7.96711190e-01 7.96711190e-01 7.96711190e-01 7.96711190e-01 7.96711190e-01 7.96711190e-01 7.96711190e-01 7.96711190e-01 7.96711190e-01 7.96711190e-01 7.96711190e-01 7.96711190e-01 7.96711190e-01 7.96711190e-01 7.96711190e-01 7.96711190e-01 7.96711190e-01 7.96711190e-01 7.96711190e-01 7.96711190e-01 7.96711190e-01 7.96711190e-01 7.96711190e-01 7.96711190e-01 7.96711190e-01 7.96711190e-01 7.96711190e-01 7.96711190e-01 7.96711190e-01 7.96711190e-01 7.96711190e-01 7.96711190e-01 7.96711190e-01 7.96711190e-01 7.96711190e-01 7.96711190e-01 7.96711190e-01 7.96711190e-01 7.96711190e-01 7.96711190e-01 7.96711190e-01 7.96711190e-01 7.96711190e-01 7.96711190e-01 7.96711190e-01 7.96711190e-01 7.96711190e-01 7.96711190e-01 7.96711190e-01 7.96711190e-01 7.96711190e-01 7.96711190e-01 7.96711190e-01 7.96711190e-01 7.96711190e-01 7.96711190e-01 7.96711190e-01 7.96711190e-01 7.96711190e-01 7.96711190e-01 7.96711190e-01 7.96711190e-01 7.96711190e-01 7.96711190e-01 7.96711190e-01 7.96711190e-01 7.96711190e-01 7.96711190e-01 7.96711190e-01 7.96711190e-01 7.96711190e-01 7.96711190e-01 7.96711190e-01 7.96711190e-01 7.96711190e-01 7.96711190e-01 7.96711190e-01 7.96711190e-01 7.96711190e-01 7.96711190e-01 7.96711190e-01 7.96711190e-01 7.96711190e-01 7.96711190e-01 7.96711190e-01 7.96711190e-01 7.96711190e-01 7.96711190e-01 7.96711190e-01 7.96711190e-01 7.96711190e-01 7.96711190e-01 7.96711190e-01 7.96711190e-01 7.96711190e-01 7.96711190e-01 7.96711190e-01 7.96711190e-01 7.96711190e-01 7.96711190e-01 7.96711190e-01 7.96711190e-01 7.96711190e-01 7.96711190e-01 7.96711190e-01 7.96711190e-01 7.96711190e-01 7.96711190e-01 7.96711190e-01 7.96711190e-01 7.96711190e-01 7.96711190e-01 7.96711190e-01 7.96711190e-01 7.96711190e-01 7.96711190e-01 7.96711190e-01 7.96711190e-01 7.96711190e-01 7.96711190e-01 7.96711190e-01 7.96711190e-01 7.96711190e-01 7.96711190e-01 7.96711190e-01 7.96711190e-01 7.96711190e-01 7.96711190e-01 7.96711190e-01 7.96711190e-01 7.96711190e-01 7.96711190e-01 7.96711190e-01 7.96711190e-01 7.96711190e-01 7.96711190e-01 7.96711190e-01 7.96711190e-01 7.96711190e-01 7.96711190e-01 7.96711190e-01 7.96711190e-01 7.96711190e-01 7.96711190e-01 7.96711190e-01 7.96711190e-01 7.96711190e-01 7.96711190e-01 7.96711190e-01 7.96711190e-01 7.96711190e-01 7.96711190e-01 7.96711190e-01 7.96711190e-01 7.96711190e-01 7.96711190e-01 7.96711190e-01 7.96711190e-01 7.96711190e-01
7.84519320e-01 7.84519320e-01 7.84519320e-01 7.84519320e-01 7.84519320e-01 7.84519320e-01 7.84519320e-01 7.84519320e-01 7.84519320e-01 7.84519320e-01 7.84519320e-01 7.84519320e-01 7.84519320e-01 7.84519320e-01 7.84519320e-01 7.84519320e-01 7.84519320e-01 7.84519320e-01 7.84519320e-01 7.84519320e-01 7.84519320e-01 7.84519320e-01 7.84519320e-01 7.84519320e-01 7.84519320e-01 7.84519320e-01 7.84519320e-01 7.84519320e-01 7.84519320e-01 7.84519320e-01 7.84519320e-01 7.84519320e-01 7.84519320e-01 7.84519320e-01 7.84519320e-01 7.84519320e-01 7.84519320e-01 7.84519320e-01 7.84519320e-01 7.84519320e-01 7.84519320e-01 7.84519320e-01 7.84519320e-01 7.84519320e-01 7.84519320e-01 7.84519320e-01 7.84519320e-01 7.84519320e-01 7.84519320e-01 7.84519320e-01 7.84519320e-01 7.84519320e-01 7.84519320e-01 7.84519320e-01 7.84519320e-01 7.84519320e-01 7.84519320e-01 7.84519320e-01 7.84519320e-01 7.84519320e-01 7.84519320e-01 7.84519320e-01 7.84519320e-01 7.84519320e-01 7.84519320e-01 7.84519320e-01 7.84519320e-01 7.84519320e-01 7.84519320e-01 7.84519320e-01 7.84519320e-01 7.84519320e-01 7.84519320e-01 7.84519320e-01 7.84519320e-01 7.84519320e-01 7.84519320e-01 7.84519320e-01 7.84519320e-01 7.84519320e-01 7.84519320e-01 7.84519320e-01 7.84519320e-01 7.84519320e-01 7.84519320e-01 7.84519320e-01 7.84519320e-01 7.84519320e-01 7.84519320e-01 7.84519320e-01 7.84519320e-01 7.84519320e-01 7.84519320e-01 7.84519320e-01 7.84519320e-01 7.84519320e-01 7.84519320e-01 7.84519320e-01 7.84519320e-01 7.84519320e-01 7.84519320e-01 7.84519320e-01 7.84519320e-01 7.84519320e-01 7.84519320e-01 7.84519320e-01 7.84519320e-01 7.84519320e-01 7.84519320e-01 7.84519320e-01 7.84519320e-01 7.84519320e-01 7.84519320e-01 7.84519320e-01 7.84519320e-01 7.84519320e-01 7.84519320e-01 7.84519320e-01 7.84519320e-01 7.84519320e-01 7.84519320e-01 7.84519320e-01 7.84519320e-01 7.84519320e-01 7.84519320e-01 7.84519320e-01 7.84519320e-01 7.84519320e-01 7.84519320e-01 7.84519320e-01 7.84519320e-01 7.84519320e-01 7.84519320e-01 7.84519320e-01 7.84519320e-01 7.84519320e-01 7.84519320e-01 7.84519320e-01 7.84519320e-01 7.84519320e-01 7.84519320e-01 7.84519320e-01 7.84519320e-01 7.84519320e-01 7.84519320e-01 7.84519320e-01 7.84519320e-01 7.84519320e-01 7.84519320e-01 7.84519320e-01 7.84519320e-01 7.84519320e-01 7.84519320e-01 7.84519320e-01 7.84519320e-01 7.84519320e-01 7.84519320e-01 7.84519320e-01 7.84519320e-01 7.84519320e-01 7.84519320e-01 7.84519320e-01 7.84519320e-01 7.84519320e-01 7.84519320e-01 7.84519320e-01 7.84519320e-01 7.84519320e-01 7.84519320e-01 7.84519320e-01 7.84519320e-01 7.84519320e-01 7.84519320e-01 7.84519320e-01 7.84519320e-01 7.84519320e-01 7.84519320e-01 7.84519320e-01 7.84519320e-01 7.84519320e-01 7.84519320e-01 7.84519320e-01 7.84519320e-01 7.84519320e-01 7.84519320e-01 7.84519320e-01 7.84519320e-01 7.84519320e-01 7.84519320e-01 7.84519320e-01 7.84519320e-01 7.84519320e-01 7.84519320e-01 7.84519320e-01 7.84519320e-01 7.84519320e-01 7.84519320e-01 7.84519320e-01 7.84519320e-01 7.84519320e-01
7.72134469e-01 7.72134469e-01 7.72134469e-01 7.72134469e-01 7.72134469e-01 7.72134469e-01 7.72134469e-01 7.72134469e-01 7.72134469e-01 7.72134469e-01 7.72134469e-01 7.72134469e-01 7.72134469e-01 7.72134469e-01 7.72134469e-01 7.72134469e-01 7.72134469e-01 7.72134469e-01 7.72134469e-01 7.72134469e-01 7.72134469e-01 7.72134469e-01 7.72134469e-01 7.72134469e-01 7.72134469e-01 7.72134469e-01 7.72134469e-01 7.72134469e-01 7.72134469e-01 7.72134469e-01 7.72134469e-01 7.72134469e-01 7.72134469e-01 7.72134469e-01 7.72134469e-01 7.72134469e-01 7.72134469e-01 7.72134469e-01 7.72134469e-01 7.72134469e-01 7.72134469e-01 7.72134469e-01 7.72134469e-01 7.72134469e-01 7.72134469e-01 7.72134469e-01 7.72134469e-01 7.72134469e-01 7.72134469e-01 7.72134469e-01 7.72134469e-01 7.72134469e-01 7.72134469e-01 7.72134469e-01 7.72134469e-01 7.72134469e-01 7.72134469e-01 7.72134469e-01 7.72134469e-01 7.72134469e-01 7.72134469e-01 7.72134469e-01 7.72134469e-01 7.72134469e-01 7.72134469e-01 7.72134469e-01 7.72134469e-01 7.72134469e-01 7.72134469e-01 7.72134469e-01 7.72134469e-01 7.72134469e-01 7.72134469e-01 7.72134469e-01 7.72134469e-01 7.72134469e-01 7.72134469e-01 7.72134469e-01 7.72134469e-01 7.72134469e-01 7.72134469e-01 7.72134469e-01 7.72134469e-01 7.72134469e-01 7.72134469e-01 7.72134469e-01 7.72134469e-01 7.72134469e-01 7.72134469e-01 7.72134469e-01 7.72134469e-01 7.72134469e-01 7.72134469e-01 7.72134469e-01 7.72134469e-01 7.72134469e-01 7.72134469e-01 7.72134469e-01 7.72134469e-01 7.72134469e-01 7.72134469e-01 7.72134469e-01 7.72134469e-01 7.72134469e-01 7.72134469e-01 7.72134469e-01 7.72134469e-01 7.72134469e-01 7.72134469e-01 7.72134469e-01 7.72134469e-01 7.72134469e-01 7.72134469e-01 7.72134469e-01 7.72134469e-01 7.72134469e-01 7.72134469e-01 7.72134469e-01 7.72134469e-01 7.72134469e-01 7.72134469e-01 7.72134469e-01 7.72134469e-01 7.72134469e-01 7.72134469e-01 7.72134469e-01 7.72134469e-01 7.72134469e-01 7.72134469e-01 7.72134469e-01 7.72134469e-01 7.72134469e-01 7.72134469e-01 7.72134469e-01 7.72134469e-01 7.72134469e-01 7.72134469e-01 7.72134469e-01 7.72134469e-01 7.72134469e-01 7.72134469e-01 7.72134469e-01 7.72134469e-01 7.72134469e-01 7.72134469e-01 7.72134469e-01 7.72134469e-01 7.72134469e-01 7.72134469e-01 7.72134469e-01 7.72134469e-01 7.72134469e-01 7.72134469e-01 7.72134469e-01 7.72134469e-01 7.72134469e-01 7.72134469e-01 7.72134469e-01 7.72134469e-01 7.72134469e-01 7.72134469e-01 7.72134469e-01 7.72134469e-01 7.72134469e-01 7.72134469e-01 7.72134469e-01 7.72134469e-01 7.72134469e-01 7.72134469e-01 7.72134469e-01 7.72134469e-01 7.72134469e-01 7.72134469e-01 7.72134469e-01 7.72134469e-01 7.72134469e-01 7.72134469e-01 7.72134469e-01 7.72134469e-01 7.72134469e-01 7.72134469e-01 7.72134469e-01 7.72134469e-01 7.72134469e-01 7.72134469e-01 7.72134469e-01 7.72134469e-01 7.72134469e-01 7.72134469e-01 7.72134469e-01 7.72134469e-01 7.72134469e-01 7.72134469e-01 7.72134469e-01 7.72134469e-01 7.72134469e-01 7.72134469e-01 7.72134469e-01 7.72134469e-01 7.72134469e-01
7.59568262e-01 7.59568262e-01 7.59568262e-01 7.59568262e-01 7.59568262e-01 7.59568262e-01 7.59568262e-01 7.59568262e-01 7.59568262e-01 7.59568262e-01 7.59568262e-01 7.59568262e-01 7.59568262e-01 7.59568262e-01 7.59568262e-01 7.59568262e-01 7.59568262e-01 7.59568262e-01 7.59568262e-01 7.59568262e-01 7.59568262e-01 7.59568262e-01 7.59568262e-01 7.59568262e-01 7.59568262e-01 7.59568262e-01 7.59568262e-01 7.59568262e-01 7.59568262e-01 7.59568262e-01 7.59568262e-01 7.59568262e-01 7.59568262e-01 7.59568262e-01 7.59568262e-01 7.59568262e-01 7.59568262e-01 7.59568262e-01 7.59568262e-01 7.59568262e-01 7.59568262e-01 7.59568262e-01 7.59568262e-01 7.59568262e-01 7.59568262e-01 7.59568262e-01 7.59568262e-01 7.59568262e-01 7.59568262e-01 7.59568262e-01 7.59568262e-01 7.59568262e-01 7.59568262e-01 7.59568262e-01 7.59568262e-01 7.59568262e-01 7.59568262e-01 7.59568262e-01 7.59568262e-01 7.59568262e-01 7.59568262e-01 7.59568262e-01 7.59568262e-01 7.59568262e-01 7.59568262e-01 7.59568262e-01 7.59568262e-01 7.59568262e-01 7.59568262e-01 7.59568262e-01 7.59568262e-01 7.59568262e-01 7.59568262e-01 7.59568262e-01 7.59568262e-01 7.59568262e-01 7.59568262e-01 7.59568262e-01 7.59568262e-01 7.59568262e-01 7.59568262e-01 7.59568262e-01 7.59568262e-01 7.59568262e-01 7.59568262e-01 7.59568262e-01 7.59568262e-01 7.59568262e-01 7.59568262e-01 7.59568262e-01 7.59568262e-01 7.59568262e-01 7.59568262e-01 7.59568262e-01 7.59568262e-01 7.59568262e-01 7.59568262e-01 7.59568262e-01 7.59568262e-01 7.59568262e-01 7.59568262e-01 7.59568262e-01 7.59568262e-01 7.59568262e-01 7.59568262e-01 7.59568262e-01 7.59568262e-01 7.59568262e-01 7.59568262e-01 7.59568262e-01 7.59568262e-01 7.59568262e-01 7.59568262e-01 7.59568262e-01 7.59568262e-01 7.59568262e-01 7.59568262e-01 7.59568262e-01 7.59568262e-01 7.59568262e-01 7.59568262e-01 7.59568262e-01 7.59568262e-01 7.59568262e-01 7.59568262e-01 7.59568262e-01 7.59568262e-01 7.59568262e-01 7.59568262e-01 7.59568262e-01 7.59568262e-01 7.59568262e-01 7.59568262e-01 7.59568262e-01 7.59568262e-01 7.59568262e-01 7.59568262e-01 7.59568262e-01 7.59568262e-01 7.59568262e-01 7.59568262e-01 7.59568262e-01 7.59568262e-01 7.59568262e-01 7.59568262e-01 7.59568262e-01 7.59568262e-01 7.59568262e-01 7.59568262e-01 7.59568262e-01 7.59568262e-01 7.59568262e-01 7.59568262e-01 7.59568262e-01 7.59568262e-01 7.59568262e-01 7.59568262e-01 7.59568262e-01 7.59568262e-01 7.59568262e-01 7.59568262e-01 7.59568262e-01 7.59568262e-01 7.59568262e-01 7.59568262e-01 7.59568262e-01 7.59568262e-01 7.59568262e-01 7.59568262e-01 7.59568262e-01 7.59568262e-01 7.59568262e-01 7.59568262e-01 7.59568262e-01 7.59568262e-01 7.59568262e-01 7.59568262e-01 7.59568262e-01 7.59568262e-01 7.59568262e-01 7.59568262e-01 7.59568262e-01 7.59568262e-01 7.59568262e-01 7.59568262e-01 7.59568262e-01 7.59568262e-01 7.59568262e-01 7.59568262e-01 7.59568262e-01 7.59568262e-01 7.59568262e-01 7.59568262e-01 7.59568262e-01 7.59568262e-01 7.59568262e-01 7.59568262e-01 7.59568262e-01 7.59568262e-01 7.59568262e-01
7.46831921e-01 7.46831921e-01 7.46831921e-01 7.46831921e-01 7.46831921e-01 7.46831921e-01 7.46831921e-01 7.46831921e-01 7.46831921e-01 7.46831921e-01 7.46831921e-01 7.46831921e-01 7.46831921e-01 7.46831921e-01 7.46831921e-01 7.46831921e-01 7.46831921e-01 7.46831921e-01 7.46831921e-01 7.46831921e-01 7.46831921e-01 7.46831921e-01 7.46831921e-01 7.46831921e-01 7.46831921e-01 7.46831921e-01 7.46831921e-01 7.46831921e-01 7.46831921e-01 7.46831921e-01 7.46831921e-01 7.46831921e-01 7.46831921e-01 7.46831921e-01 7.46831921e-01 7.46831921e-01 7.46831921e-01 7.46831921e-01 7.46831921e-01 7.46831921e-01 7.46831921e-01 7.46831921e-01 7.46831921e-01 7.46831921e-01 7.46831921e-01 7.46831921e-01 7.46831921e-01 7.46831921e-01 7.46831921e-01 7.46831921e-01 7.46831921e-01 7.46831921e-01 7.46831921e-01 7.46831921e-01 7.46831921e-01 7.46831921e-01 7.46831921e-01 7.46831921e-01 7.46831921e-01 7.46831921e-01 7.46831921e-01 7.46831921e-01 7.46831921e-01 7.46831921e-01 7.46831921e-01 7.46831921e-01 7.46831921e-01 7.46831921e-01 7.46831921e-01 7.46831921e-01 7.46831921e-01 7.46831921e-01 7.46831921e-01 7.46831921e-01 7.46831921e-01 7.46831921e-01 7.46831921e-01 7.46831921e-01 7.46831921e-01 7.46831921e-01 7.46831921e-01 7.46831921e-01 7.46831921e-01 7.46831921e-01 7.46831921e-01 7.46831921e-01 7.46831921e-01 7.46831921e-01 7.46831921e-01 7.46831921e-01 7.46831921e-01 7.46831921e-01 7.46831921e-01 7.46831921e-01 7.46831921e-01 7.46831921e-01 7.46831921e-01 7.46831921e-01 7.46831921e-01 7.46831921e-01 7.46831921e-01 7.46831921e-01 7.46831921e-01 7.46831921e-01 7.46831921e-01 7.46831921e-01 7.46831921e-01 7.46831921e-01 7.46831921e-01 7.46831921e-01 7.46831921e-01 7.46831921e-01 7.46831921e-01 7.46831921e-01 7.46831921e-01 7.46831921e-01 7.46831921e-01 7.46831921e-01 7.46831921e-01 7.46831921e-01 7.46831921e-01 7.46831921e-01 7.46831921e-01 7.46831921e-01 7.46831921e-01 7.46831921e-01 7.46831921e-01 7.46831921e-01 7.46831921e-01 7.46831921e-01 7.46831921e-01 7.46831921e-01 7.46831921e-01 7.46831921e-01 7.46831921e-01 7.46831921e-01 7.46831921e-01 7.46831921e-01 7.46831921e-01 7.46831921e-01 7.46831921e-01 7.46831921e-01 7.46831921e-01 7.46831921e-01 7.46831921e-01 7.46831921e-01 7.46831921e-01 7.46831921e-01 7.46831921e-01 7.46831921e-01 7.46831921e-01 7.46831921e-01 7.46831921e-01 7.46831921e-01 7.46831921e-01 7.46831921e-01 7.46831921e-01 7.46831921e-01 7.46831921e-01 7.46831921e-01 7.46831921e-01 7.46831921e-01 7.46831921e-01 7.46831921e-01 7.46831921e-01 7.46831921e-01 7.46831921e-01 7.46831921e-01 7.46831921e-01 7.46831921e-01 7.46831921e-01 7.46831921e-01 7.46831921e-01 7.46831921e-01 7.46831921e-01 7.46831921e-01 7.46831921e-01 7.46831921e-01 7.46831921e-01 7.46831921e-01 7.46831921e-01 7.46831921e-01 7.46831921e-01 7.46831921e-01 7.46831921e-01 7.46831921e-01 7.46831921e-01 7.46831921e-01 7.46831921e-01 7.46831921e-01 7.46831921e-01 7.46831921e-01 7.46831921e-01 7.46831921e-01 7.46831921e-01 7.46831921e-01 7.46831921e-01 7.46831921e-01 7.46831921e-01 7.46831921e-01
7.33936303e-01 7.33936303e-01 7.33936303e-01 7.33936303e-01 7.33936303e-01 7.33936303e-01 7.33936303e-01 7.33936303e-01 7.33936303e-01 7.33936303e-01 7.33936303e-01 7.33936303e-01 7.33936303e-01 7.33936303e-01 7.33936303e-01 7.33936303e-01 7.33936303e-01 7.33936303e-01 7.33936303e-01 7.33936303e-01 7.33936303e-01 7.33936303e-01 7.33936303e-01 7.33936303e-01 7.33936303e-01 7.33936303e-01 7.33936303e-01 7.33936303e-01 7.33936303e-01 7.33936303e-01 7.33936303e-01 7.33936303e-01 7.33936303e-01 7.33936303e-01 7.33936303e-01 7.33936303e-01 7.33936303e-01 7.33936303e-01 7.33936303e-01 7.33936303e-01 7.33936303e-01 7.33936303e-01 7.33936303e-01 7.33936303e-01 7.33936303e-01 7.33936303e-01 7.33936303e-01 7.33936303e-01 7.33936303e-01 7.33936303e-01 7.33936303e-01 7.33936303e-01 7.33936303e-01 7.33936303e-01 7.33936303e-01 7.33936303e-01 7.33936303e-01 7.33936303e-01 7.33936303e-01 7.33936303e-01 7.33936303e-01 7.33936303e-01 7.33936303e-01 7.33936303e-01 7.33936303e-01 7.33936303e-01 7.33936303e-01 7.33936303e-01 7.33936303e-01 7.33936303e-01 7.33936303e-01 7.33936303e-01 7.33936303e-01 7.33936303e-01 7.33936303e-01 7.33936303e-01 7.33936303e-01 7.33936303e-01 7.33936303e-01 7.33936303e-01 7.33936303e-01 7.33936303e-01 7.33936303e-01 7.33936303e-01 7.33936303e-01 7.33936303e-01 7.33936303e-01 7.33936303e-01 7.33936303e-01 7.33936303e-01 7.33936303e-01 7.33936303e-01 7.33936303e-01 7.33936303e-01 7.33936303e-01 7.33936303e-01 7.33936303e-01 7.33936303e-01 7.33936303e-01 7.33936303e-01 7.33936303e-01 7.33936303e-01 7.33936303e-01 7.33936303e-01 7.33936303e-01 7.33936303e-01 7.33936303e-01 7.33936303e-01 7.33936303e-01 7.33936303e-01 7.33936303e-01 7.33936303e-01 7.33936303e-01 7.33936303e-01 7.33936303e-01 7.33936303e-01 7.33936303e-01 7.33936303e-01 7.33936303e-01 7.33936303e-01 7.33936303e-01 7.33936303e-01 7.33936303e-01 7.33936303e-01 7.33936303e-01 7.33936303e-01 7.33936303e-01 7.33936303e-01 7.33936303e-01 7.33936303e-01 7.33936303e-01 7.33936303e-01 7.33936303e-01 7.33936303e-01 7.33936303e-01 7.33936303e-01 7.33936303e-01 7.33936303e-01 7.33936303e-01 7.33936303e-01 7.33936303e-01 7.33936303e-01 7.33936303e-01 7.33936303e-01 7.33936303e-01 7.33936303e-01 7.33936303e-01 7.33936303e-01 7.33936303e-01 7.33936303e-01 7.33936303e-01 7.33936303e-01 7.33936303e-01 7.33936303e-01 7.33936303e-01 7.33936303e-01 7.33936303e-01 7.33936303e-01 7.33936303e-01 7.33936303e-01 7.33936303e-01 7.33936303e-01 7.33936303e-01 7.33936303e-01 7.33936303e-01 7.33936303e-01 7.33936303e-01 7.33936303e-01 7.33936303e-01 7.33936303e-01 7.33936303e-01 7.33936303e-01 7.33936303e-01 7.33936303e-01 7.33936303e-01 7.33936303e-01 7.33936303e-01 7.33936303e-01 7.33936303e-01 7.33936303e-01 7.33936303e-01 7.33936303e-01 7.33936303e-01 7.33936303e-01 7.33936303e-01 7.33936303e-01 7.33936303e-01 7.33936303e-01 7.33936303e-01 7.33936303e-01 7.33936303e-01 7.33936303e-01 7.33936303e-01 7.33936303e-01 7.33936303e-01 7.33936303e-01 7.33936303e-01 7.33936303e-01 7.33936303e-01 7.33936303e-01
7.20891923e-01 7.20891923e-01 7.20891923e-01 7.20891923e-01 7.20891923e-01 7.20891923e-01 7.20891923e-01 7.20891923e-01 7.20891923e-01 7.20891923e-01 7.20891923e-01 7.20891923e-01 7.20891923e-01 7.20891923e-01 7.20891923e-01 7.20891923e-01 7.20891923e-01 7.20891923e-01 7.20891923e-01 7.20891923e-01 7.20891923e-01 7.20891923e-01 7.20891923e-01 7.20891923e-01 7.20891923e-01 7.20891923e-01 7.20891923e-01 7.20891923e-01 7.20891923e-01 7.20891923e-01 7.20891923e-01 7.20891923e-01 7.20891923e-01 7.20891923e-01 7.20891923e-01 7.20891923e-01 7.20891923e-01 7.20891923e-01 7.20891923e-01 7.20891923e-01 7.20891923e-01 7.20891923e-01 7.20891923e-01 7.20891923e-01 7.20891923e-01 7.20891923e-01 7.20891923e-01 7.20891923e-01 7.20891923e-01 7.20891923e-01 7.20891923e-01 7.20891923e-01 7.20891923e-01 7.20891923e-01 7.20891923e-01 7.20891923e-01 7.20891923e-01 7.20891923e-01 7.20891923e-01 7.20891923e-01 7.20891923e-01 7.20891923e-01 7.20891923e-01 7.20891923e-01 7.20891923e-01 7.20891923e-01 7.20891923e-01 7.20891923e-01 7.20891923e-01 7.20891923e-01 7.20891923e-01 7.20891923e-01 7.20891923e-01 7.20891923e-01 7.20891923e-01 7.20891923e-01 7.20891923e-01 7.20891923e-01 7.20891923e-01 7.20891923e-01 7.20891923e-01 7.20891923e-01 7.20891923e-01 7.20891923e-01 7.20891923e-01 7.20891923e-01 7.20891923e-01 7.20891923e-01 7.20891923e-01 7.20891923e-01 7.20891923e-01 7.20891923e-01 7.20891923e-01 7.20891923e-01 7.20891923e-01 7.20891923e-01 7.20891923e-01 7.20891923e-01 7.20891923e-01 7.20891923e-01 7.20891923e-01 7.20891923e-01 7.20891923e-01 7.20891923e-01 7.20891923e-01 7.20891923e-01 7.20891923e-01 7.20891923e-01 7.20891923e-01 7.20891923e-01 7.20891923e-01 7.20891923e-01 7.20891923e-01 7.20891923e-01 7.20891923e-01 7.20891923e-01 7.20891923e-01 7.20891923e-01 7.20891923e-01 7.20891923e-01 7.20891923e-01 7.20891923e-01 7.20891923e-01 7.20891923e-01 7.20891923e-01 7.20891923e-01 7.20891923e-01 7.20891923e-01 7.20891923e-01 7.20891923e-01 7.20891923e-01 7.20891923e-01 7.20891923e-01 7.20891923e-01 7.20891923e-01 7.20891923e-01 7.20891923e-01 7.20891923e-01 7.20891923e-01 7.20891923e-01 7.20891923e-01 7.20891923e-01 7.20891923e-01 7.20891923e-01 7.20891923e-01 7.20891923e-01 7.20891923e-01 7.20891923e-01 7.20891923e-01 7.20891923e-01 7.20891923e-01 7.20891923e-01 7.20891923e-01 7.20891923e-01 7.20891923e-01 7.20891923e-01 7.20891923e-01 7.20891923e-01 7.20891923e-01 7.20891923e-01 7.20891923e-01 7.20891923e-01 7.20891923e-01 7.20891923e-01 7.20891923e-01 7.20891923e-01 7.20891923e-01 7.20891923e-01 7.20891923e-01 7.20891923e-01 7.20891923e-01 7.20891923e-01 7.20891923e-01 7.20891923e-01 7.20891923e-01 7.20891923e-01 7.20891923e-01 7.20891923e-01 7.20891923e-01 7.20891923e-01 7.20891923e-01 7.20891923e-01 7.20891923e-01 7.20891923e-01 7.20891923e-01 7.20891923e-01 7.20891923e-01 7.20891923e-01 7.20891923e-01 7.20891923e-01 7.20891923e-01 7.20891923e-01 7.20891923e-01 7.20891923e-01 7.20891923e-01 7.20891923e-01 7.20891923e-01 7.20891923e-01 7.20891923e-01 7.20891923e-01
7.07708992e-01 7.07708992e-01 7.07708992e-01 7.07708992e-01 7.07708992e-01 7.07708992e-01 7.07708992e-01 7.07708992e-01 7.07708992e-01 7.07708992e-01 7.07708992e-01 7.07708992e-01 7.07708992e-01 7.07708992e-01 7.07708992e-01 7.07708992e-01 7.07708992e-01 7.07708992e-01 7.07708992e-01 7.07708992e-01 7.07708992e-01 7.07708992e-01 7.07708992e-01 7.07708992e-01 7.07708992e-01 7.07708992e-01 7.07708992e-01 7.07708992e-01 7.07708992e-01 7.07708992e-01 7.07708992e-01 7.07708992e-01 7.07708992e-01 7.07708992e-01 7.07708992e-01 7.07708992e-01 7.07708992e-01 7.07708992e-01 7.07708992e-01 7.07708992e-01 7.07708992e-01 7.07708992e-01 7.07708992e-01 7.07708992e-01 7.07708992e-01 7.07708992e-01 7.07708992e-01 7.07708992e-01 7.07708992e-01 7.07708992e-01 7.07708992e-01 7.07708992e-01 7.07708992e-01 7.07708992e-01 7.07708992e-01 7.07708992e-01 7.07708992e-01 7.07708992e-01 7.07708992e-01 7.07708992e-01 7.07708992e-01 7.07708992e-01 7.07708992e-01 7.07708992e-01 7.07708992e-01 7.07708992e-01 7.07708992e-01 7.07708992e-01 7.07708992e-01 7.07708992e-01 7.07708992e-01 7.07708992e-01 7.07708992e-01 7.07708992e-01 7.07708992e-01 7.07708992e-01 7.07708992e-01 7.07708992e-01 7.07708992e-01 7.07708992e-01 7.07708992e-01 7.07708992e-01 7.07708992e-01 7.07708992e-01 7.07708992e-01 7.07708992e-01 7.07708992e-01 7.07708992e-01 7.07708992e-01 7.07708992e-01 7.07708992e-01 7.07708992e-01 7.07708992e-01 7.07708992e-01 7.07708992e-01 7.07708992e-01 7.07708992e-01 7.07708992e-01 7.07708992e-01 7.07708992e-01 7.07708992e-01 7.07708992e-01 7.07708992e-01 7.07708992e-01 7.07708992e-01 7.07708992e-01 7.07708992e-01 7.07708992e-01 7.07708992e-01 7.07708992e-01 7.07708992e-01 7.07708992e-01 7.07708992e-01 7.07708992e-01 7.07708992e-01 7.07708992e-01 7.07708992e-01 7.07708992e-01 7.07708992e-01 7.07708992e-01 7.07708992e-01 7.07708992e-01 7.07708992e-01 7.07708992e-01 7.07708992e-01 7.07708992e-01 7.07708992e-01 7.07708992e-01 7.07708992e-01 7.07708992e-01 7.07708992e-01 7.07708992e-01 7.07708992e-01 7.07708992e-01 7.07708992e-01 7.07708992e-01 7.07708992e-01 7.07708992e-01 7.07708992e-01 7.07708992e-01 7.07708992e-01 7.07708992e-01 7.07708992e-01 7.07708992e-01 7.07708992e-01 7.07708992e-01 7.07708992e-01 7.07708992e-01 7.07708992e-01 7.07708992e-01 7.07708992e-01 7.07708992e-01 7.07708992e-01 7.07708992e-01 7.07708992e-01 7.07708992e-01 7.07708992e-01 7.07708992e-01 7.07708992e-01 7.07708992e-01 7.07708992e-01 7.07708992e-01 7.07708992e-01 7.07708992e-01 7.07708992e-01 7.07708992e-01 7.07708992e-01 7.07708992e-01 7.07708992e-01 7.07708992e-01 7.07708992e-01 7.07708992e-01 7.07708992e-01 7.07708992e-01 7.07708992e-01 7.07708992e-01 7.07708992e-01 7.07708992e-01 7.07708992e-01 7.07708992e-01 7.07708992e-01 7.07708992e-01 7.07708992e-01 7.07708992e-01 7.07708992e-01 7.07708992e-01 7.07708992e-01 7.07708992e-01 7.07708992e-01 7.07708992e-01 7.07708992e-01 7.07708992e-01 7.07708992e-01 7.07708992e-01 7.07708992e-01 7.07708992e-01 7.07708992e-01 7.07708992e-01 7.07708992e-01 7.07708992e-01
6.94397445e-01 6.94397445e-01 6.94397445e-01 6.94397445e-01 6.94397445e-01 6.94397445e-01 6.94397445e-01 6.94397445e-01 6.94397445e-01 6.94397445e-01 6.94397445e-01 6.94397445e-01 6.94397445e-01 6.94397445e-01 6.94397445e-01 6.94397445e-01 6.94397445e-01 6.94397445e-01 6.94397445e-01 6.94397445e-01 6.94397445e-01 6.94397445e-01 6.94397445e-01 6.94397445e-01 6.94397445e-01 6.94397445e-01 6.94397445e-01 6.94397445e-01 6.94397445e-01 6.94397445e-01 6.94397445e-01 6.94397445e-01 6.94397445e-01 6.94397445e-01 6.94397445e-01 6.94397445e-01 6.94397445e-01 6.94397445e-01 6.94397445e-01 6.94397445e-01 6.94397445e-01 6.94397445e-01 6.94397445e-01 6.94397445e-01 6.94397445e-01 6.94397445e-01 6.94397445e-01 6.94397445e-01 6.94397445e-01 6.94397445e-01 6.94397445e-01 6.94397445e-01 6.94397445e-01 6.94397445e-01 6.94397445e-01 6.94397445e-01 6.94397445e-01 6.94397445e-01 6.94397445e-01 6.94397445e-01 6.94397445e-01 6.94397445e-01 6.94397445e-01 6.94397445e-01 6.94397445e-01 6.94397445e-01 6.94397445e-01 6.94397445e-01 6.94397445e-01 6.94397445e-01 6.94397445e-01 6.94397445e-01 6.94397445e-01 6.94397445e-01 6.94397445e-01 6.94397445e-01 6.94397445e-01 6.94397445e-01 6.94397445e-01 6.94397445e-01 6.94397445e-01 6.94397445e-01 6.94397445e-01 6.94397445e-01 6.94397445e-01 6.94397445e-01 6.94397445e-01 6.94397445e-01 6.94397445e-01 6.94397445e-01 6.94397445e-01 6.94397445e-01 6.94397445e-01 6.94397445e-01 6.94397445e-01 6.94397445e-01 6.94397445e-01 6.94397445e-01 6.94397445e-01 6.94397445e-01 6.94397445e-01 6.94397445e-01 6.94397445e-01 6.94397445e-01 6.94397445e-01 6.94397445e-01 6.94397445e-01 6.94397445e-01 6.94397445e-01 6.94397445e-01 6.94397445e-01 6.94397445e-01 6.94397445e-01 6.94397445e-01 6.94397445e-01 6.94397445e-01 6.94397445e-01 6.94397445e-01 6.94397445e-01 6.94397445e-01 6.94397445e-01 6.94397445e-01 6.94397445e-01 6.94397445e-01 6.94397445e-01 6.94397445e-01 6.94397445e-01 6.94397445e-01 6.94397445e-01 6.94397445e-01 6.94397445e-01 6.94397445e-01 6.94397445e-01 6.94397445e-01 6.94397445e-01 6.94397445e-01 6.94397445e-01 6.94397445e-01 6.94397445e-01 6.94397445e-01 6.94397445e-01 6.94397445e-01 6.94397445e-01 6.94397445e-01 6.94397445e-01 6.94397445e-01 6.94397445e-01 6.94397445e-01 6.94397445e-01 6.94397445e-01 6.94397445e-01 6.94397445e-01 6.94397445e-01 6.94397445e-01 6.94397445e-01 6.94397445e-01 6.94397445e-01 6.94397445e-01 6.94397445e-01 6.94397445e-01 6.94397445e-01 6.94397445e-01 6.94397445e-01 6.94397445e-01 6.94397445e-01 6.94397445e-01 6.94397445e-01 6.94397445e-01 6.94397445e-01 6.94397445e-01 6.94397445e-01 6.94397445e-01 6.94397445e-01 6.94397445e-01 6.94397445e-01 6.94397445e-01 6.94397445e-01 6.94397445e-01 6.94397445e-01 6.94397445e-01 6.94397445e-01 6.94397445e-01 6.94397445e-01 6.94397445e-01 6.94397445e-01 6.94397445e-01 6.94397445e-01 6.94397445e-01 6.94397445e-01 6.94397445e-01 6.94397445e-01 6.94397445e-01 6.94397445e-01 6.94397445e-01 6.94397445e-01 6.94397445e-01 6.94397445e-01 6.94397445e-01 6.94397445e-01 6.94397445e-01
6.80966975e-01 6.80966975e-01 6.80966975e-01 6.80966975e-01 6.80966975e-01 6.80966975e-01 6.80966975e-01 6.80966975e-01 6.80966975e-01 6.80966975e-01 6.80966975e-01 6.80966975e-01 6.80966975e-01 6.80966975e-01 6.80966975e-01 6.80966975e-01 6.80966975e-01 6.80966975e-01 6.80966975e-01 6.80966975e-01 6.80966975e-01 6.80966975e-01 6.80966975e-01 6.80966975e-01 6.80966975e-01 6.80966975e-01 6.80966975e-01 6.80966975e-01 6.80966975e-01 6.80966975e-01 6.80966975e-01 6.80966975e-01 6.80966975e-01 6.80966975e-01 6.80966975e-01 6.80966975e-01 6.80966975e-01 6.80966975e-01 6.80966975e-01 6.80966975e-01 6.80966975e-01 6.80966975e-01 6.80966975e-01 6.80966975e-01 6.80966975e-01 6.80966975e-01 6.80966975e-01 6.80966975e-01 6.80966975e-01 6.80966975e-01 6.80966975e-01 6.80966975e-01 6.80966975e-01 6.80966975e-01 6.80966975e-01 6.80966975e-01 6.80966975e-01 6.80966975e-01 6.80966975e-01 6.80966975e-01 6.80966975e-01 6.80966975e-01 6.80966975e-01 6.80966975e-01 6.80966975e-01 6.80966975e-01 6.80966975e-01 6.80966975e-01 6.80966975e-01 6.80966975e-01 6.80966975e-01 6.80966975e-01 6.80966975e-01 6.80966975e-01 6.80966975e-01 6.80966975e-01 6.80966975e-01 6.80966975e-01 6.80966975e-01 6.80966975e-01 6.80966975e-01 6.80966975e-01 6.80966975e-01 6.80966975e-01 6.80966975e-01 6.80966975e-01 6.80966975e-01 6.80966975e-01 6.80966975e-01 6.80966975e-01 6.80966975e-01 6.80966975e-01 6.80966975e-01 6.80966975e-01 6.80966975e-01 6.80966975e-01 6.80966975e-01 6.80966975e-01 6.80966975e-01 6.80966975e-01 6.80966975e-01 6.80966975e-01 6.80966975e-01 6.80966975e-01 6.80966975e-01 6.80966975e-01 6.80966975e-01 6.80966975e-01 6.80966975e-01 6.80966975e-01 6.80966975e-01 6.80966975e-01 6.80966975e-01 6.80966975e-01 6.80966975e-01 6.80966975e-01 6.80966975e-01 6.80966975e-01 6.80966975e-01 6.80966975e-01 6.80966975e-01 6.80966975e-01 6.80966975e-01 6.80966975e-01 6.80966975e-01 6.80966975e-01 6.80966975e-01 6.80966975e-01 6.80966975e-01 6.80966975e-01 6.80966975e-01 6.80966975e-01 6.80966975e-01 6.80966975e-01 6.80966975e-01 6.80966975e-01 6.80966975e-01 6.80966975e-01 6.80966975e-01 6.80966975e-01 6.80966975e-01 6.80966975e-01 6.80966975e-01 6.80966975e-01 6.80966975e-01 6.80966975e-01 6.80966975e-01 6.80966975e-01 6.80966975e-01 6.80966975e-01 6.80966975e-01 6.80966975e-01 6.80966975e-01 6.80966975e-01 6.80966975e-01 6.80966975e-01 6.80966975e-01 6.80966975e-01 6.80966975e-01 6.80966975e-01 6.80966975e-01 6.80966975e-01 6.80966975e-01 6.80966975e-01 6.80966975e-01 6.80966975e-01 6.80966975e-01 6.80966975e-01 6.80966975e-01 6.80966975e-01 6.80966975e-01 6.80966975e-01 6.80966975e-01 6.80966975e-01 6.80966975e-01 6.80966975e-01 6.80966975e-01 6.80966975e-01 6.80966975e-01 6.80966975e-01 6.80966975e-01 6.80966975e-01 6.80966975e-01 6.80966975e-01 6.80966975e-01 6.80966975e-01 6.80966975e-01 6.80966975e-01 6.80966975e-01 6.80966975e-01 6.80966975e-01 6.80966975e-01 6.80966975e-01 6.80966975e-01 6.80966975e-01 6.80966975e-01 6.80966975e-01 6.80966975e-01 6.80966975e-01 6.80966975e-01
6.67427069e-01 6.67427069e-01 6.67427069e-01 6.67427069e-01 6.67427069e-01 6.67427069e-01 6.67427069e-01 6.67427069e-01 6.67427069e-01 6.67427069e-01 6.67427069e-01 6.67427069e-01 6.67427069e-01 6.67427069e-01 6.67427069e-01 6.67427069e-01 6.67427069e-01 6.67427069e-01 6.67427069e-01 6.67427069e-01 6.67427069e-01 6.67427069e-01 6.67427069e-01 6.67427069e-01 6.67427069e-01 6.67427069e-01 6.67427069e-01 6.67427069e-01 6.67427069e-01 6.67427069e-01 6.67427069e-01 6.67427069e-01 6.67427069e-01 6.67427069e-01 6.67427069e-01 6.67427069e-01 6.67427069e-01 6.67427069e-01 6.67427069e-01 6.67427069e-01 6.67427069e-01 6.67427069e-01 6.67427069e-01 6.67427069e-01 6.67427069e-01 6.67427069e-01 6.67427069e-01 6.67427069e-01 6.67427069e-01 6.67427069e-01 6.67427069e-01 6.67427069e-01 6.67427069e-01 6.67427069e-01 6.67427069e-01 6.67427069e-01 6.67427069e-01 6.67427069e-01 6.67427069e-01 6.67427069e-01 6.67427069e-01 6.67427069e-01 6.67427069e-01 6.67427069e-01 6.67427069e-01 6.67427069e-01 6.67427069e-01 6.67427069e-01 6.67427069e-01 6.67427069e-01 6.67427069e-01 6.67427069e-01 6.67427069e-01 6.67427069e-01 6.67427069e-01 6.67427069e-01 6.67427069e-01 6.67427069e-01 6.67427069e-01 6.67427069e-01 6.67427069e-01 6.67427069e-01 6.67427069e-01 6.67427069e-01 6.67427069e-01 6.67427069e-01 6.67427069e-01 6.67427069e-01 6.67427069e-01 6.67427069e-01 6.67427069e-01 6.67427069e-01 6.67427069e-01 6.67427069e-01 6.67427069e-01 6.67427069e-01 6.67427069e-01 6.67427069e-01 6.67427069e-01 6.67427069e-01 6.67427069e-01 6.67427069e-01 6.67427069e-01 6.67427069e-01 6.67427069e-01 6.67427069e-01 6.67427069e-01 6.67427069e-01 6.67427069e-01 6.67427069e-01 6.67427069e-01 6.67427069e-01 6.67427069e-01 6.67427069e-01 6.67427069e-01 6.67427069e-01 6.67427069e-01 6.67427069e-01 6.67427069e-01 6.67427069e-01 6.67427069e-01 6.67427069e-01 6.67427069e-01 6.67427069e-01 6.67427069e-01 6.67427069e-01 6.67427069e-01 6.67427069e-01 6.67427069e-01 6.67427069e-01 6.67427069e-01 6.67427069e-01 6.67427069e-01 6.67427069e-01 6.67427069e-01 6.67427069e-01 6.67427069e-01 6.67427069e-01 6.67427069e-01 6.67427069e-01 6.67427069e-01 6.67427069e-01 6.67427069e-01 6.67427069e-01 6.67427069e-01 6.67427069e-01 6.67427069e-01 6.67427069e-01 6.67427069e-01 6.67427069e-01 6.67427069e-01 6.67427069e-01 6.67427069e-01 6.67427069e-01 6.67427069e-01 6.67427069e-01 6.67427069e-01 6.67427069e-01 6.67427069e-01 6.67427069e-01 6.67427069e-01 6.67427069e-01 6.67427069e-01 6.67427069e-01 6.67427069e-01 6.67427069e-01 6.67427069e-01 6.67427069e-01 6.67427069e-01 6.67427069e-01 6.67427069e-01 6.67427069e-01 6.67427069e-01 6.67427069e-01 6.67427069e-01 6.67427069e-01 6.67427069e-01 6.67427069e-01 6.67427069e-01 6.67427069e-01 6.67427069e-01 6.67427069e-01 6.67427069e-01 6.67427069e-01 6.67427069e-01 6.67427069e-01 6.67427069e-01 6.67427069e-01 6.67427069e-01 6.67427069e-01 6.67427069e-01 6.67427069e-01 6.67427069e-01 6.67427069e-01 6.67427069e-01 6.67427069e-01 6.67427069e-01 6.67427069e-01 6.67427069e-01 6.67427069e-01
6.53787040e-01 6.53787040e-01 6.53787040e-01 6.53787040e-01 6.53787040e-01 6.53787040e-01 6.53787040e-01 6.53787040e-01 6.53787040e-01 6.53787040e-01 6.53787040e-01 6.53787040e-01 6.53787040e-01 6.53787040e-01 6.53787040e-01 6.53787040e-01 6.53787040e-01 6.53787040e-01 6.53787040e-01 6.53787040e-01 6.53787040e-01 6.53787040e-01 6.53787040e-01 6.53787040e-01 6.53787040e-01 6.53787040e-01 6.53787040e-01 6.53787040e-01 6.53787040e-01 6.53787040e-01 6.53787040e-01 6.53787040e-01 6.53787040e-01 6.53787040e-01 6.53787040e-01 6.53787040e-01 6.53787040e-01 6.53787040e-01 6.53787040e-01 6.53787040e-01 6.53787040e-01 6.53787040e-01 6.53787040e-01 6.53787040e-01 6.53787040e-01 6.53787040e-01 6.53787040e-01 6.53787040e-01 6.53787040e-01 6.53787040e-01 6.53787040e-01 6.53787040e-01 6.53787040e-01 6.53787040e-01 6.53787040e-01 6.53787040e-01 6.53787040e-01 6.53787040e-01 6.53787040e-01 6.53787040e-01 6.53787040e-01 6.53787040e-01 6.53787040e-01 6.53787040e-01 6.53787040e-01 6.53787040e-01 6.53787040e-01 6.53787040e-01 6.53787040e-01 6.53787040e-01 6.53787040e-01 6.53787040e-01 6.53787040e-01 6.53787040e-01 6.53787040e-01 6.53787040e-01 6.53787040e-01 6.53787040e-01 6.53787040e-01 6.53787040e-01 6.53787040e-01 6.53787040e-01 6.53787040e-01 6.53787040e-01 6.53787040e-01 6.53787040e-01 6.53787040e-01 6.53787040e-01 6.53787040e-01 6.53787040e-01 6.53787040e-01 6.53787040e-01 6.53787040e-01 6.53787040e-01 6.53787040e-01 6.53787040e-01 6.53787040e-01 6.53787040e-01 6.53787040e-01 6.53787040e-01 6.53787040e-01 6.53787040e-01 6.53787040e-01 6.53787040e-01 6.53787040e-01 6.53787040e-01 6.53787040e-01 6.53787040e-01 6.53787040e-01 6.53787040e-01 6.53787040e-01 6.53787040e-01 6.53787040e-01 6.53787040e-01 6.53787040e-01 6.53787040e-01 6.53787040e-01 6.53787040e-01 6.53787040e-01 6.53787040e-01 6.53787040e-01 6.53787040e-01 6.53787040e-01 6.53787040e-01 6.53787040e-01 6.53787040e-01 6.53787040e-01 6.53787040e-01 6.53787040e-01 6.53787040e-01 6.53787040e-01 6.53787040e-01 6.53787040e-01 6.53787040e-01 6.53787040e-01 6.53787040e-01 6.53787040e-01 6.53787040e-01 6.53787040e-01 6.53787040e-01 6.53787040e-01 6.53787040e-01 6.53787040e-01 6.53787040e-01 6.53787040e-01 6.53787040e-01 6.53787040e-01 6.53787040e-01 6.53787040e-01 6.53787040e-01 6.53787040e-01 6.53787040e-01 6.53787040e-01 6.53787040e-01 6.53787040e-01 6.53787040e-01 6.53787040e-01 6.53787040e-01 6.53787040e-01 6.53787040e-01 6.53787040e-01 6.53787040e-01 6.53787040e-01 6.53787040e-01 6.53787040e-01 6.53787040e-01 6.53787040e-01 6.53787040e-01 6.53787040e-01 6.53787040e-01 6.53787040e-01 6.53787040e-01 6.53787040e-01 6.53787040e-01 6.53787040e-01 6.53787040e-01 6.53787040e-01 6.53787040e-01 6.53787040e-01 6.53787040e-01 6.53787040e-01 6.53787040e-01 6.53787040e-01 6.53787040e-01 6.53787040e-01 6.53787040e-01 6.53787040e-01 6.53787040e-01 6.53787040e-01 6.53787040e-01 6.53787040e-01 6.53787040e-01 6.53787040e-01 6.53787040e-01 6.53787040e-01 6.53787040e-01 6.53787040e-01 6.53787040e-01 6.53787040e-01 6.53787040e-01
6.40056058e-01 6.40056058e-01 6.40056058e-01 6.40056058e-01 6.40056058e-01 6.40056058e-01 6.40056058e-01 6.40056058e-01 6.40056058e-01 6.40056058e-01 6.40056058e-01 6.40056058e-01 6.40056058e-01 6.40056058e-01 6.40056058e-01 6.40056058e-01 6.40056058e-01 6.40056058e-01 6.40056058e-01 6.40056058e-01 6.40056058e-01 6.40056058e-01 6.40056058e-01 6.40056058e-01 6.40056058e-01 6.40056058e-01 6.40056058e-01 6.40056058e-01 6.40056058e-01 6.40056058e-01 6.40056058e-01 6.40056058e-01 6.40056058e-01 6.40056058e-01 6.40056058e-01 6.40056058e-01 6.40056058e-01 6.40056058e-01 6.40056058e-01 6.40056058e-01 6.40056058e-01 6.40056058e-01 6.40056058e-01 6.40056058e-01 6.40056058e-01 6.40056058e-01 6.40056058e-01 6.40056058e-01 6.40056058e-01 6.40056058e-01 6.40056058e-01 6.40056058e-01 6.40056058e-01 6.40056058e-01 6.40056058e-01 6.40056058e-01 6.40056058e-01 6.40056058e-01 6.40056058e-01 6.40056058e-01 6.40056058e-01 6.40056058e-01 6.40056058e-01 6.40056058e-01 6.40056058e-01 6.40056058e-01 6.40056058e-01 6.40056058e-01 6.40056058e-01 6.40056058e-01 6.40056058e-01 6.40056058e-01 6.40056058e-01 6.40056058e-01 6.40056058e-01 6.40056058e-01 6.40056058e-01 6.40056058e-01 6.40056058e-01 6.40056058e-01 6.40056058e-01 6.40056058e-01 6.40056058e-01 6.40056058e-01 6.40056058e-01 6.40056058e-01 6.40056058e-01 6.40056058e-01 6.40056058e-01 6.40056058e-01 6.40056058e-01 6.40056058e-01 6.40056058e-01 6.40056058e-01 6.40056058e-01 6.40056058e-01 6.40056058e-01 6.40056058e-01 6.40056058e-01 6.40056058e-01 6.40056058e-01 6.40056058e-01 6.40056058e-01 6.40056058e-01 6.40056058e-01 6.40056058e-01 6.40056058e-01 6.40056058e-01 6.40056058e-01 6.40056058e-01 6.40056058e-01 6.40056058e-01 6.40056058e-01 6.40056058e-01 6.40056058e-01 6.40056058e-01 6.40056058e-01 6.40056058e-01 6.40056058e-01 6.40056058e-01 6.40056058e-01 6.40056058e-01 6.40056058e-01 6.40056058e-01 6.40056058e-01 6.40056058e-01 6.40056058e-01 6.40056058e-01 6.40056058e-01 6.40056058e-01 6.40056058e-01 6.40056058e-01 6.40056058e-01 6.40056058e-01 6.40056058e-01 6.40056058e-01 6.40056058e-01 6.40056058e-01 6.40056058e-01 6.40056058e-01 6.40056058e-01 6.40056058e-01 6.40056058e-01 6.40056058e-01 6.40056058e-01 6.40056058e-01 6.40056058e-01 6.40056058e-01 6.40056058e-01 6.40056058e-01 6.40056058e-01 6.40056058e-01 6.40056058e-01 6.40056058e-01 6.40056058e-01 6.40056058e-01 6.40056058e-01 6.40056058e-01 6.40056058e-01 6.40056058e-01 6.40056058e-01 6.40056058e-01 6.40056058e-01 6.40056058e-01 6.40056058e-01 6.40056058e-01 6.40056058e-01 6.40056058e-01 6.40056058e-01 6.40056058e-01 6.40056058e-01 6.40056058e-01 6.40056058e-01 6.40056058e-01 6.40056058e-01 6.40056058e-01 6.40056058e-01 6.40056058e-01 6.40056058e-01 6.40056058e-01 6.40056058e-01 6.40056058e-01 6.40056058e-01 6.40056058e-01 6.40056058e-01 6.40056058e-01 6.40056058e-01 6.40056058e-01 6.40056058e-01 6.40056058e-01 6.40056058e-01 6.40056058e-01 6.40056058e-01 6.40056058e-01 6.40056058e-01 6.40056058e-01 6.40056058e-01 6.40056058e-01 6.40056058e-01 6.40056058e-01
6.26243186e-01 6.26243186e-01 6.26243186e-01 6.26243186e-01 6.26243186e-01 6.26243186e-01 6.26243186e-01 6.26243186e-01 6.26243186e-01 6.26243186e-01 6.26243186e-01 6.26243186e-01 6.26243186e-01 6.26243186e-01 6.26243186e-01 6.26243186e-01 6.26243186e-01 6.26243186e-01 6.26243186e-01 6.26243186e-01 6.26243186e-01 6.26243186e-01 6.26243186e-01 6.26243186e-01 6.26243186e-01 6.26243186e-01 6.26243186e-01 6.26243186e-01 6.26243186e-01 6.26243186e-01 6.26243186e-01 6.26243186e-01 6.26243186e-01 6.26243186e-01 6.26243186e-01 6.26243186e-01 6.26243186e-01 6.26243186e-01 6.26243186e-01 6.26243186e-01 6.26243186e-01 6.26243186e-01 6.26243186e-01 6.26243186e-01 6.26243186e-01 6.26243186e-01 6.26243186e-01 6.26243186e-01 6.26243186e-01 6.26243186e-01 6.26243186e-01 6.26243186e-01 6.26243186e-01 6.26243186e-01 6.26243186e-01 6.26243186e-01 6.26243186e-01 6.26243186e-01 6.26243186e-01 6.26243186e-01 6.26243186e-01 6.26243186e-01 6.26243186e-01 6.26243186e-01 6.26243186e-01 6.26243186e-01 6.26243186e-01 6.26243186e-01 6.26243186e-01 6.26243186e-01 6.26243186e-01 6.26243186e-01 6.26243186e-01 6.26243186e-01 6.26243186e-01 6.26243186e-01 6.26243186e-01 6.26243186e-01 6.26243186e-01 6.26243186e-01 6.26243186e-01 6.26243186e-01 6.26243186e-01 6.26243186e-01 6.26243186e-01 6.26243186e-01 6.26243186e-01 6.26243186e-01 6.26243186e-01 6.26243186e-01 6.26243186e-01 6.26243186e-01 6.26243186e-01 6.26243186e-01 6.26243186e-01 6.26243186e-01 6.26243186e-01 6.26243186e-01 6.26243186e-01 6.26243186e-01 6.26243186e-01 6.26243186e-01 6.26243186e-01 6.26243186e-01 6.26243186e-01 6.26243186e-01 6.26243186e-01 6.26243186e-01 6.26243186e-01 6.26243186e-01 6.26243186e-01 6.26243186e-01 6.26243186e-01 6.26243186e-01 6.26243186e-01 6.26243186e-01 6.26243186e-01 6.26243186e-01 6.26243186e-01 6.26243186e-01 6.26243186e-01 6.26243186e-01 6.26243186e-01 6.26243186e-01 6.26243186e-01 6.26243186e-01 6.26243186e-01 6.26243186e-01 6.26243186e-01 6.26243186e-01 6.26243186e-01 6.26243186e-01 6.26243186e-01 6.26243186e-01 6.26243186e-01 6.26243186e-01 6.26243186e-01 6.26243186e-01 6.26243186e-01 6.26243186e-01 6.26243186e-01 6.26243186e-01 6.26243186e-01 6.26243186e-01 6.26243186e-01 6.26243186e-01 6.26243186e-01 6.26243186e-01 6.26243186e-01 6.26243186e-01 6.26243186e-01 6.26243186e-01 6.26243186e-01 6.26243186e-01 6.26243186e-01 6.26243186e-01 6.26243186e-01 6.26243186e-01 6.26243186e-01 6.26243186e-01 6.26243186e-01 6.26243186e-01 6.26243186e-01 6.26243186e-01 6.26243186e-01 6.26243186e-01 6.26243186e-01 6.26243186e-01 6.26243186e-01 6.26243186e-01 6.26243186e-01 6.26243186e-01 6.26243186e-01 6.26243186e-01 6.26243186e-01 6.26243186e-01 6.26243186e-01 6.26243186e-01 6.26243186e-01 6.26243186e-01 6.26243186e-01 6.26243186e-01 6.26243186e-01 6.26243186e-01 6.26243186e-01 6.26243186e-01 6.26243186e-01 6.26243186e-01 6.26243186e-01 6.26243186e-01 6.26243186e-01 6.26243186e-01 6.26243186e-01 6.26243186e-01 6.26243186e-01 6.26243186e-01 6.26243186e-01 6.26243186e-01 6.26243186e-01 6.26243186e-01
6.12357414e-01 6.12357414e-01 6.12357414e-01 6.12357414e-01 6.12357414e-01 6.12357414e-01 6.12357414e-01 6.12357414e-01 6.12357414e-01 6.12357414e-01 6.12357414e-01 6.12357414e-01 6.12357414e-01 6.12357414e-01 6.12357414e-01 6.12357414e-01 6.12357414e-01 6.12357414e-01 6.12357414e-01 6.12357414e-01 6.12357414e-01 6.12357414e-01 6.12357414e-01 6.12357414e-01 6.12357414e-01 6.12357414e-01 6.12357414e-01 6.12357414e-01 6.12357414e-01 6.12357414e-01 6.12357414e-01 6.12357414e-01 6.12357414e-01 6.12357414e-01 6.12357414e-01 6.12357414e-01 6.12357414e-01 6.12357414e-01 6.12357414e-01 6.12357414e-01 6.12357414e-01 6.12357414e-01 6.12357414e-01 6.12357414e-01 6.12357414e-01 6.12357414e-01 6.12357414e-01 6.12357414e-01 6.12357414e-01 6.12357414e-01 6.12357414e-01 6.12357414e-01 6.12357414e-01 6.12357414e-01 6.12357414e-01 6.12357414e-01 6.12357414e-01 6.12357414e-01 6.12357414e-01 6.12357414e-01 6.12357414e-01 6.12357414e-01 6.12357414e-01 6.12357414e-01 6.12357414e-01 6.12357414e-01 6.12357414e-01 6.12357414e-01 6.12357414e-01 6.12357414e-01 6.12357414e-01 6.12357414e-01 6.12357414e-01 6.12357414e-01 6.12357414e-01 6.12357414e-01 6.12357414e-01 6.12357414e-01 6.12357414e-01 6.12357414e-01 6.12357414e-01 6.12357414e-01 6.12357414e-01 6.12357414e-01 6.12357414e-01 6.12357414e-01 6.12357414e-01 6.12357414e-01 6.12357414e-01 6.12357414e-01 6.12357414e-01 6.12357414e-01 6.12357414e-01 6.12357414e-01 6.12357414e-01 6.12357414e-01 6.12357414e-01 6.12357414e-01 6.12357414e-01 6.12357414e-01 6.12357414e-01 6.12357414e-01 6.12357414e-01 6.12357414e-01 6.12357414e-01 6.12357414e-01 6.12357414e-01 6.12357414e-01 6.12357414e-01 6.12357414e-01 6.12357414e-01 6.12357414e-01 6.12357414e-01 6.12357414e-01 6.12357414e-01 6.12357414e-01 6.12357414e-01 6.12357414e-01 6.12357414e-01 6.12357414e-01 6.12357414e-01 6.12357414e-01 6.12357414e-01 6.12357414e-01 6.12357414e-01 6.12357414e-01 6.12357414e-01 6.12357414e-01 6.12357414e-01 6.12357414e-01 6.12357414e-01 6.12357414e-01 6.12357414e-01 6.12357414e-01 6.12357414e-01 6.12357414e-01 6.12357414e-01 6.12357414e-01 6.12357414e-01 6.12357414e-01 6.12357414e-01 6.12357414e-01 6.12357414e-01 6.12357414e-01 6.12357414e-01 6.12357414e-01 6.12357414e-01 6.12357414e-01 6.12357414e-01 6.12357414e-01 6.12357414e-01 6.12357414e-01 6.12357414e-01 6.12357414e-01 6.12357414e-01 6.12357414e-01 6.12357414e-01 6.12357414e-01 6.12357414e-01 6.12357414e-01 6.12357414e-01 6.12357414e-01 6.12357414e-01 6.12357414e-01 6.12357414e-01 6.12357414e-01 6.12357414e-01 6.12357414e-01 6.12357414e-01 6.12357414e-01 6.12357414e-01 6.12357414e-01 6.12357414e-01 6.12357414e-01 6.12357414e-01 6.12357414e-01 6.12357414e-01 6.12357414e-01 6.12357414e-01 6.12357414e-01 6.12357414e-01 6.12357414e-01 6.12357414e-01 6.12357414e-01 6.12357414e-01 6.12357414e-01 6.12357414e-01 6.12357414e-01 6.12357414e-01 6.12357414e-01 6.12357414e-01 6.12357414e-01 6.12357414e-01 6.12357414e-01 6.12357414e-01 6.12357414e-01 6.12357414e-01 6.12357414e-01 6.12357414e-01 6.12357414e-01
5.98407688e-01 5.98407688e-01 5.98407688e-01 5.98407688e-01 5.98407688e-01 5.98407688e-01 5.98407688e-01 5.98407688e-01 5.98407688e-01 5.98407688e-01 5.98407688e-01 5.98407688e-01 5.98407688e-01 5.98407688e-01 5.98407688e-01 5.98407688e-01 5.98407688e-01 5.98407688e-01 5.98407688e-01 5.98407688e-01 5.98407688e-01 5.98407688e-01 5.98407688e-01 5.98407688e-01 5.98407688e-01 5.98407688e-01 5.98407688e-01 5.98407688e-01 5.98407688e-01 5.98407688e-01 5.98407688e-01 5.98407688e-01 5.98407688e-01 5.98407688e-01 5.98407688e-01 5.98407688e-01 5.98407688e-01 5.98407688e-01 5.98407688e-01 5.98407688e-01 5.98407688e-01 5.98407688e-01 5.98407688e-01 5.98407688e-01 5.98407688e-01 5.98407688e-01 5.98407688e-01 5.98407688e-01 5.98407688e-01 5.98407688e-01 5.98407688e-01 5.98407688e-01 5.98407688e-01 5.98407688e-01 5.98407688e-01 5.98407688e-01 5.98407688e-01 5.98407688e-01 5.98407688e-01 5.98407688e-01 5.98407688e-01 5.98407688e-01 5.98407688e-01 5.98407688e-01 5.98407688e-01 5.98407688e-01 5.98407688e-01 5.98407688e-01 5.98407688e-01 5.98407688e-01 5.98407688e-01 5.98407688e-01 5.98407688e-01 5.98407688e-01 5.98407688e-01 5.98407688e-01 5.98407688e-01 5.98407688e-01 5.98407688e-01 5.98407688e-01 5.98407688e-01 5.98407688e-01 5.98407688e-01 5.98407688e-01 5.98407688e-01 5.98407688e-01 5.98407688e-01 5.98407688e-01 5.98407688e-01 5.98407688e-01 5.98407688e-01 5.98407688e-01 5.98407688e-01 5.98407688e-01 5.98407688e-01 5.98407688e-01 5.98407688e-01 5.98407688e-01 5.98407688e-01 5.98407688e-01 5.98407688e-01 5.98407688e-01 5.98407688e-01 5.98407688e-01 5.98407688e-01 5.98407688e-01 5.98407688e-01 5.98407688e-01 5.98407688e-01 5.98407688e-01 5.98407688e-01 5.98407688e-01 5.98407688e-01 5.98407688e-01 5.98407688e-01 5.98407688e-01 5.98407688e-01 5.98407688e-01 5.98407688e-01 5.98407688e-01 5.98407688e-01 5.98407688e-01 5.98407688e-01 5.98407688e-01 5.98407688e-01 5.98407688e-01 5.98407688e-01 5.98407688e-01 5.98407688e-01 5.98407688e-01 5.98407688e-01 5.98407688e-01 5.98407688e-01 5.98407688e-01 5.98407688e-01 5.98407688e-01 5.98407688e-01 5.98407688e-01 5.98407688e-01 5.98407688e-01 5.98407688e-01 5.98407688e-01 5.98407688e-01 5.98407688e-01 5.98407688e-01 5.98407688e-01 5.98407688e-01 5.98407688e-01 5.98407688e-01 5.98407688e-01 5.98407688e-01 5.98407688e-01 5.98407688e-01 5.98407688e-01 5.98407688e-01 5.98407688e-01 5.98407688e-01 5.98407688e-01 5.98407688e-01 5.98407688e-01 5.98407688e-01 5.98407688e-01 5.98407688e-01 5.98407688e-01 5.98407688e-01 5.98407688e-01 5.98407688e-01 5.98407688e-01 5.98407688e-01 5.98407688e-01 5.98407688e-01 5.98407688e-01 5.98407688e-01 5.98407688e-01 5.98407688e-01 5.98407688e-01 5.98407688e-01 5.98407688e-01 5.98407688e-01 5.98407688e-01 5.98407688e-01 5.98407688e-01 5.98407688e-01 5.98407688e-01 5.98407688e-01 5.98407688e-01 5.98407688e-01 5.98407688e-01 5.98407688e-01 5.98407688e-01 5.98407688e-01 5.98407688e-01 5.98407688e-01 5.98407688e-01 5.98407688e-01 5.98407688e-01 5.98407688e-01 5.98407688e-01 5.98407688e-01 5.98407688e-01
5.84402946e-01 5.84402946e-01 5.84402946e-01 5.84402946e-01 5.84402946e-01 5.84402946e-01 5.84402946e-01 5.84402946e-01 5.84402946e-01 5.84402946e-01 5.84402946e-01 5.84402946e-01 5.84402946e-01 5.84402946e-01 5.84402946e-01 5.84402946e-01 5.84402946e-01 5.84402946e-01 5.84402946e-01 5.84402946e-01 5.84402946e-01 5.84402946e-01 5.84402946e-01 5.84402946e-01 5.84402946e-01 5.84402946e-01 5.84402946e-01 5.84402946e-01 5.84402946e-01 5.84402946e-01 5.84402946e-01 5.84402946e-01 5.84402946e-01 5.84402946e-01 5.84402946e-01 5.84402946e-01 5.84402946e-01 5.84402946e-01 5.84402946e-01 5.84402946e-01 5.84402946e-01 5.84402946e-01 5.84402946e-01 5.84402946e-01 5.84402946e-01 5.84402946e-01 5.84402946e-01 5.84402946e-01 5.84402946e-01 5.84402946e-01 5.84402946e-01 5.84402946e-01 5.84402946e-01 5.84402946e-01 5.84402946e-01 5.84402946e-01 5.84402946e-01 5.84402946e-01 5.84402946e-01 5.84402946e-01 5.84402946e-01 5.84402946e-01 5.84402946e-01 5.84402946e-01 5.84402946e-01 5.84402946e-01 5.84402946e-01 5.84402946e-01 5.84402946e-01 5.84402946e-01 5.84402946e-01 5.84402946e-01 5.84402946e-01 5.84402946e-01 5.84402946e-01 5.84402946e-01 5.84402946e-01 5.84402946e-01 5.84402946e-01 5.84402946e-01 5.84402946e-01 5.84402946e-01 5.84402946e-01 5.84402946e-01 5.84402946e-01 5.84402946e-01 5.84402946e-01 5.84402946e-01 5.84402946e-01 5.84402946e-01 5.84402946e-01 5.84402946e-01 5.84402946e-01 5.84402946e-01 5.84402946e-01 5.84402946e-01 5.84402946e-01 5.84402946e-01 5.84402946e-01 5.84402946e-01 5.84402946e-01 5.84402946e-01 5.84402946e-01 5.84402946e-01 5.84402946e-01 5.84402946e-01 5.84402946e-01 5.84402946e-01 5.84402946e-01 5.84402946e-01 5.84402946e-01 5.84402946e-01 5.84402946e-01 5.84402946e-01 5.84402946e-01 5.84402946e-01 5.84402946e-01 5.84402946e-01 5.84402946e-01 5.84402946e-01 5.84402946e-01 5.84402946e-01 5.84402946e-01 5.84402946e-01 5.84402946e-01 5.84402946e-01 5.84402946e-01 5.84402946e-01 5.84402946e-01 5.84402946e-01 5.84402946e-01 5.84402946e-01 5.84402946e-01 5.84402946e-01 5.84402946e-01 5.84402946e-01 5.84402946e-01 5.84402946e-01 5.84402946e-01 5.84402946e-01 5.84402946e-01 5.84402946e-01 5.84402946e-01 5.84402946e-01 5.84402946e-01 5.84402946e-01 5.84402946e-01 5.84402946e-01 5.84402946e-01 5.84402946e-01 5.84402946e-01 5.84402946e-01 5.84402946e-01 5.84402946e-01 5.84402946e-01 5.84402946e-01 5.84402946e-01 5.84402946e-01 5.84402946e-01 5.84402946e-01 5.84402946e-01 5.84402946e-01 5.84402946e-01 5.84402946e-01 5.84402946e-01 5.84402946e-01 5.84402946e-01 5.84402946e-01 5.84402946e-01 5.84402946e-01 5.84402946e-01 5.84402946e-01 5.84402946e-01 5.84402946e-01 5.84402946e-01 5.84402946e-01 5.84402946e-01 5.84402946e-01 5.84402946e-01 5.84402946e-01 5.84402946e-01 5.84402946e-01 5.84402946e-01 5.84402946e-01 5.84402946e-01 5.84402946e-01 5.84402946e-01 5.84402946e-01 5.84402946e-01 5.84402946e-01 5.84402946e-01 5.84402946e-01 5.84402946e-01 5.84402946e-01 5.84402946e-01 5.84402946e-01 5.84402946e-01 5.84402946e-01 5.84402946e-01 5.84402946e-01
5.70352147e-01 5.70352147e-01 5.70352147e-01 5.70352147e-01 5.70352147e-01 5.70352147e-01 5.70352147e-01 5.70352147e-01 5.70352147e-01 5.70352147e-01 5.70352147e-01 5.70352147e-01 5.70352147e-01 5.70352147e-01 5.70352147e-01 5.70352147e-01 5.70352147e-01 5.70352147e-01 5.70352147e-01 5.70352147e-01 5.70352147e-01 5.70352147e-01 5.70352147e-01 5.70352147e-01 5.70352147e-01 5.70352147e-01 5.70352147e-01 5.70352147e-01 5.70352147e-01 5.70352147e-01 5.70352147e-01 5.70352147e-01 5.70352147e-01 5.70352147e-01 5.70352147e-01 5.70352147e-01 5.70352147e-01 5.70352147e-01 5.70352147e-01 5.70352147e-01 5.70352147e-01 5.70352147e-01 5.70352147e-01 5.70352147e-01 5.70352147e-01 5.70352147e-01 5.70352147e-01 5.70352147e-01 5.70352147e-01 5.70352147e-01 5.70352147e-01 5.70352147e-01 5.70352147e-01 5.70352147e-01 5.70352147e-01 5.70352147e-01 5.70352147e-01 5.70352147e-01 5.70352147e-01 5.70352147e-01 5.70352147e-01 5.70352147e-01 5.70352147e-01 5.70352147e-01 5.70352147e-01 5.70352147e-01 5.70352147e-01 5.70352147e-01 5.70352147e-01 5.70352147e-01 5.70352147e-01 5.70352147e-01 5.70352147e-01 5.70352147e-01 5.70352147e-01 5.70352147e-01 5.70352147e-01 5.70352147e-01 5.70352147e-01 5.70352147e-01 5.70352147e-01 5.70352147e-01 5.70352147e-01 5.70352147e-01 5.70352147e-01 5.70352147e-01 5.70352147e-01 5.70352147e-01 5.70352147e-01 5.70352147e-01 5.70352147e-01 5.70352147e-01 5.70352147e-01 5.70352147e-01 5.70352147e-01 5.70352147e-01 5.70352147e-01 5.70352147e-01 5.70352147e-01 5.70352147e-01 5.70352147e-01 5.70352147e-01 5.70352147e-01 5.70352147e-01 5.70352147e-01 5.70352147e-01 5.70352147e-01 5.70352147e-01 5.70352147e-01 5.70352147e-01 5.70352147e-01 5.70352147e-01 5.70352147e-01 5.70352147e-01 5.70352147e-01 5.70352147e-01 5.70352147e-01 5.70352147e-01 5.70352147e-01 5.70352147e-01 5.70352147e-01 5.70352147e-01 5.70352147e-01 5.70352147e-01 5.70352147e-01 5.70352147e-01 5.70352147e-01 5.70352147e-01 5.70352147e-01 5.70352147e-01 5.70352147e-01 5.70352147e-01 5.70352147e-01 5.70352147e-01 5.70352147e-01 5.70352147e-01 5.70352147e-01 5.70352147e-01 5.70352147e-01 5.70352147e-01 5.70352147e-01 5.70352147e-01 5.70352147e-01 5.70352147e-01 5.70352147e-01 5.70352147e-01 5.70352147e-01 5.70352147e-01 5.70352147e-01 5.70352147e-01 5.70352147e-01 5.70352147e-01 5.70352147e-01 5.70352147e-01 5.70352147e-01 5.70352147e-01 5.70352147e-01 5.70352147e-01 5.70352147e-01 5.70352147e-01 5.70352147e-01 5.70352147e-01 5.70352147e-01 5.70352147e-01 5.70352147e-01 5.70352147e-01 5.70352147e-01 5.70352147e-01 5.70352147e-01 5.70352147e-01 5.70352147e-01 5.70352147e-01 5.70352147e-01 5.70352147e-01 5.70352147e-01 5.70352147e-01 5.70352147e-01 5.70352147e-01 5.70352147e-01 5.70352147e-01 5.70352147e-01 5.70352147e-01 5.70352147e-01 5.70352147e-01 5.70352147e-01 5.70352147e-01 5.70352147e-01 5.70352147e-01 5.70352147e-01 5.70352147e-01 5.70352147e-01 5.70352147e-01 5.70352147e-01 5.70352147e-01 5.70352147e-01 5.70352147e-01 5.70352147e-01 5.70352147e-01 5.70352147e-01 5.70352147e-01
5.56264303e-01 5.56264303e-01 5.56264303e-01 5.56264303e-01 5.56264303e-01 5.56264303e-01 5.56264303e-01 5.56264303e-01 5.56264303e-01 5.56264303e-01 5.56264303e-01 5.56264303e-01 5.56264303e-01 5.56264303e-01 5.56264303e-01 5.56264303e-01 5.56264303e-01 5.56264303e-01 5.56264303e-01 5.56264303e-01 5.56264303e-01 5.56264303e-01 5.56264303e-01 5.56264303e-01 5.56264303e-01 5.56264303e-01 5.56264303e-01 5.56264303e-01 5.56264303e-01 5.56264303e-01 5.56264303e-01 5.56264303e-01 5.56264303e-01 5.56264303e-01 5.56264303e-01 5.56264303e-01 5.56264303e-01 5.56264303e-01 5.56264303e-01 5.56264303e-01 5.56264303e-01 5.56264303e-01 5.56264303e-01 5.56264303e-01 5.56264303e-01 5.56264303e-01 5.56264303e-01 5.56264303e-01 5.56264303e-01 5.56264303e-01 5.56264303e-01 5.56264303e-01 5.56264303e-01 5.56264303e-01 5.56264303e-01 5.56264303e-01 5.56264303e-01 5.56264303e-01 5.56264303e-01 5.56264303e-01 5.56264303e-01 5.56264303e-01 5.56264303e-01 5.56264303e-01 5.56264303e-01 5.56264303e-01 5.56264303e-01 5.56264303e-01 5.56264303e-01 5.56264303e-01 5.56264303e-01 5.56264303e-01 5.56264303e-01 5.56264303e-01 5.56264303e-01 5.56264303e-01 5.56264303e-01 5.56264303e-01 5.56264303e-01 5.56264303e-01 5.56264303e-01 5.56264303e-01 5.56264303e-01 5.56264303e-01 5.56264303e-01 5.56264303e-01 5.56264303e-01 5.56264303e-01 5.56264303e-01 5.56264303e-01 5.56264303e-01 5.56264303e-01 5.56264303e-01 5.56264303e-01 5.56264303e-01 5.56264303e-01 5.56264303e-01 5.56264303e-01 5.56264303e-01 5.56264303e-01 5.56264303e-01 5.56264303e-01 5.56264303e-01 5.56264303e-01 5.56264303e-01 5.56264303e-01 5.56264303e-01 5.56264303e-01 5.56264303e-01 5.56264303e-01 5.56264303e-01 5.56264303e-01 5.56264303e-01 5.56264303e-01 5.56264303e-01 5.56264303e-01 5.56264303e-01 5.56264303e-01 5.56264303e-01 5.56264303e-01 5.56264303e-01 5.56264303e-01 5.56264303e-01 5.56264303e-01 5.56264303e-01 5.56264303e-01 5.56264303e-01 5.56264303e-01 5.56264303e-01 5.56264303e-01 5.56264303e-01 5.56264303e-01 5.56264303e-01 5.56264303e-01 5.56264303e-01 5.56264303e-01 5.56264303e-01 5.56264303e-01 5.56264303e-01 5.56264303e-01 5.56264303e-01 5.56264303e-01 5.56264303e-01 5.56264303e-01 5.56264303e-01 5.56264303e-01 5.56264303e-01 5.56264303e-01 5.56264303e-01 5.56264303e-01 5.56264303e-01 5.56264303e-01 5.56264303e-01 5.56264303e-01 5.56264303e-01 5.56264303e-01 5.56264303e-01 5.56264303e-01 5.56264303e-01 5.56264303e-01 5.56264303e-01 5.56264303e-01 5.56264303e-01 5.56264303e-01 5.56264303e-01 5.56264303e-01 5.56264303e-01 5.56264303e-01 5.56264303e-01 5.56264303e-01 5.56264303e-01 5.56264303e-01 5.56264303e-01 5.56264303e-01 5.56264303e-01 5.56264303e-01 5.56264303e-01 5.56264303e-01 5.56264303e-01 5.56264303e-01 5.56264303e-01 5.56264303e-01 5.56264303e-01 5.56264303e-01 5.56264303e-01 5.56264303e-01 5.56264303e-01 5.56264303e-01 5.56264303e-01 5.56264303e-01 5.56264303e-01 5.56264303e-01 5.56264303e-01 5.56264303e-01 5.56264303e-01 5.56264303e-01 5.56264303e-01 5.56264303e-01 5.56264303e-01 5.56264303e-01
5.42148511e-01 5.42148511e-01 5.42148511e-01 5.42148511e-01 5.42148511e-01 5.42148511e-01 5.42148511e-01 5.42148511e-01 5.42148511e-01 5.42148511e-01 5.42148511e-01 5.42148511e-01 5.42148511e-01 5.42148511e-01 5.42148511e-01 5.42148511e-01 5.42148511e-01 5.42148511e-01 5.42148511e-01 5.42148511e-01 5.42148511e-01 5.42148511e-01 5.42148511e-01 5.42148511e-01 5.42148511e-01 5.42148511e-01 5.42148511e-01 5.42148511e-01 5.42148511e-01 5.42148511e-01 5.42148511e-01 5.42148511e-01 5.42148511e-01 5.42148511e-01 5.42148511e-01 5.42148511e-01 5.42148511e-01 5.42148511e-01 5.42148511e-01 5.42148511e-01 5.42148511e-01 5.42148511e-01 5.42148511e-01 5.42148511e-01 5.42148511e-01 5.42148511e-01 5.42148511e-01 5.42148511e-01 5.42148511e-01 5.42148511e-01 5.42148511e-01 5.42148511e-01 5.42148511e-01 5.42148511e-01 5.42148511e-01 5.42148511e-01 5.42148511e-01 5.42148511e-01 5.42148511e-01 5.42148511e-01 5.42148511e-01 5.42148511e-01 5.42148511e-01 5.42148511e-01 5.42148511e-01 5.42148511e-01 5.42148511e-01 5.42148511e-01 5.42148511e-01 5.42148511e-01 5.42148511e-01 5.42148511e-01 5.42148511e-01 5.42148511e-01 5.42148511e-01 5.42148511e-01 5.42148511e-01 5.42148511e-01 5.42148511e-01 5.42148511e-01 5.42148511e-01 5.42148511e-01 5.42148511e-01 5.42148511e-01 5.42148511e-01 5.42148511e-01 5.42148511e-01 5.42148511e-01 5.42148511e-01 5.42148511e-01 5.42148511e-01 5.42148511e-01 5.42148511e-01 5.42148511e-01 5.42148511e-01 5.42148511e-01 5.42148511e-01 5.42148511e-01 5.42148511e-01 5.42148511e-01 5.42148511e-01 5.42148511e-01 5.42148511e-01 5.42148511e-01 5.42148511e-01 5.42148511e-01 5.42148511e-01 5.42148511e-01 5.42148511e-01 5.42148511e-01 5.42148511e-01 5.42148511e-01 5.42148511e-01 5.42148511e-01 5.42148511e-01 5.42148511e-01 5.42148511e-01 5.42148511e-01 5.42148511e-01 5.42148511e-01 5.42148511e-01 5.42148511e-01 5.42148511e-01 5.42148511e-01 5.42148511e-01 5.42148511e-01 5.42148511e-01 5.42148511e-01 5.42148511e-01 5.42148511e-01 5.42148511e-01 5.42148511e-01 5.42148511e-01 5.42148511e-01 5.42148511e-01 5.42148511e-01 5.42148511e-01 5.42148511e-01 5.42148511e-01 5.42148511e-01 5.42148511e-01 5.42148511e-01 5.42148511e-01 5.42148511e-01 5.42148511e-01 5.42148511e-01 5.42148511e-01 5.42148511e-01 5.42148511e-01 5.42148511e-01 5.42148511e-01 5.42148511e-01 5.42148511e-01 5.42148511e-01 5.42148511e-01 5.42148511e-01 5.42148511e-01 5.42148511e-01 5.42148511e-01 5.42148511e-01 5.42148511e-01 5.42148511e-01 5.42148511e-01 5.42148511e-01 5.42148511e-01 5.42148511e-01 5.42148511e-01 5.42148511e-01 5.42148511e-01 5.42148511e-01 5.42148511e-01 5.42148511e-01 5.42148511e-01 5.42148511e-01 5.42148511e-01 5.42148511e-01 5.42148511e-01 5.42148511e-01 5.42148511e-01 5.42148511e-01 5.42148511e-01 5.42148511e-01 5.42148511e-01 5.42148511e-01 5.42148511e-01 5.42148511e-01 5.42148511e-01 5.42148511e-01 5.42148511e-01 5.42148511e-01 5.42148511e-01 5.42148511e-01 5.42148511e-01 5.42148511e-01 5.42148511e-01 5.42148511e-01 5.42148511e-01 5.42148511e-01 5.42148511e-01 5.42148511e-01
5.28013981e-01 5.28013981e-01 5.28013981e-01 5.28013981e-01 5.28013981e-01 5.28013981e-01 5.28013981e-01 5.28013981e-01 5.28013981e-01 5.28013981e-01 5.28013981e-01 5.28013981e-01 5.28013981e-01 5.28013981e-01 5.28013981e-01 5.28013981e-01 5.28013981e-01 5.28013981e-01 5.28013981e-01 5.28013981e-01 5.28013981e-01 5.28013981e-01 5.28013981e-01 5.28013981e-01 5.28013981e-01 5.28013981e-01 5.28013981e-01 5.28013981e-01 5.28013981e-01 5.28013981e-01 5.28013981e-01 5.28013981e-01 5.28013981e-01 5.28013981e-01 5.28013981e-01 5.28013981e-01 5.28013981e-01 5.28013981e-01 5.28013981e-01 5.28013981e-01 5.28013981e-01 5.28013981e-01 5.28013981e-01 5.28013981e-01 5.28013981e-01 5.28013981e-01 5.28013981e-01 5.28013981e-01 5.28013981e-01 5.28013981e-01 5.28013981e-01 5.28013981e-01 5.28013981e-01 5.28013981e-01 5.28013981e-01 5.28013981e-01 5.28013981e-01 5.28013981e-01 5.28013981e-01 5.28013981e-01 5.28013981e-01 5.28013981e-01 5.28013981e-01 5.28013981e-01 5.28013981e-01 5.28013981e-01 5.28013981e-01 5.28013981e-01 5.28013981e-01 5.28013981e-01 5.28013981e-01 5.28013981e-01 5.28013981e-01 5.28013981e-01 5.28013981e-01 5.28013981e-01 5.28013981e-01 5.28013981e-01 5.28013981e-01 5.28013981e-01 5.28013981e-01 5.28013981e-01 5.28013981e-01 5.28013981e-01 5.28013981e-01 5.28013981e-01 5.28013981e-01 5.28013981e-01 5.28013981e-01 5.28013981e-01 5.28013981e-01 5.28013981e-01 5.28013981e-01 5.28013981e-01 5.28013981e-01 5.28013981e-01 5.28013981e-01 5.28013981e-01 5.28013981e-01 5.28013981e-01 5.28013981e-01 5.28013981e-01 5.28013981e-01 5.28013981e-01 5.28013981e-01 5.28013981e-01 5.28013981e-01 5.28013981e-01 5.28013981e-01 5.28013981e-01 5.28013981e-01 5.28013981e-01 5.28013981e-01 5.28013981e-01 5.28013981e-01 5.28013981e-01 5.28013981e-01 5.28013981e-01 5.28013981e-01 5.28013981e-01 5.28013981e-01 5.28013981e-01 5.28013981e-01 5.28013981e-01 5.28013981e-01 5.28013981e-01 5.28013981e-01 5.28013981e-01 5.28013981e-01 5.28013981e-01 5.28013981e-01 5.28013981e-01 5.28013981e-01 5.28013981e-01 5.28013981e-01 5.28013981e-01 5.28013981e-01 5.28013981e-01 5.28013981e-01 5.28013981e-01 5.28013981e-01 5.28013981e-01 5.28013981e-01 5.28013981e-01 5.28013981e-01 5.28013981e-01 5.28013981e-01 5.28013981e-01 5.28013981e-01 5.28013981e-01 5.28013981e-01 5.28013981e-01 5.28013981e-01 5.28013981e-01 5.28013981e-01 5.28013981e-01 5.28013981e-01 5.28013981e-01 5.28013981e-01 5.28013981e-01 5.28013981e-01 5.28013981e-01 5.28013981e-01 5.28013981e-01 5.28013981e-01 5.28013981e-01 5.28013981e-01 5.28013981e-01 5.28013981e-01 5.28013981e-01 5.28013981e-01 5.28013981e-01 5.28013981e-01 5.28013981e-01 5.28013981e-01 5.28013981e-01 5.28013981e-01 5.28013981e-01 5.28013981e-01 5.28013981e-01 5.28013981e-01 5.28013981e-01 5.28013981e-01 5.28013981e-01 5.28013981e-01 5.28013981e-01 5.28013981e-01 5.28013981e-01 5.28013981e-01 5.28013981e-01 5.28013981e-01 5.28013981e-01 5.28013981e-01 5.28013981e-01 5.28013981e-01 5.28013981e-01 5.28013981e-01 5.28013981e-01 5.28013981e-01 5.28013981e-01
5.13870066e-01 5.13870066e-01 5.13870066e-01 5.13870066e-01 5.13870066e-01 5.13870066e-01 5.13870066e-01 5.13870066e-01 5.13870066e-01 5.13870066e-01 5.13870066e-01 5.13870066e-01 5.13870066e-01 5.13870066e-01 5.13870066e-01 5.13870066e-01 5.13870066e-01 5.13870066e-01 5.13870066e-01 5.13870066e-01 5.13870066e-01 5.13870066e-01 5.13870066e-01 5.13870066e-01 5.13870066e-01 5.13870066e-01 5.13870066e-01 5.13870066e-01 5.13870066e-01 5.13870066e-01 5.13870066e-01 5.13870066e-01 5.13870066e-01 5.13870066e-01 5.13870066e-01 5.13870066e-01 5.13870066e-01 5.13870066e-01 5.13870066e-01 5.13870066e-01 5.13870066e-01 5.13870066e-01 5.13870066e-01 5.13870066e-01 5.13870066e-01 5.13870066e-01 5.13870066e-01 5.13870066e-01 5.13870066e-01 5.13870066e-01 5.13870066e-01 5.13870066e-01 5.13870066e-01 5.13870066e-01 5.13870066e-01 5.13870066e-01 5.13870066e-01 5.13870066e-01 5.13870066e-01 5.13870066e-01 5.13870066e-01 5.13870066e-01 5.13870066e-01 5.13870066e-01 5.13870066e-01 5.13870066e-01 5.13870066e-01 5.13870066e-01 5.13870066e-01 5.13870066e-01 5.13870066e-01 5.13870066e-01 5.13870066e-01 5.13870066e-01 5.13870066e-01 5.13870066e-01 5.13870066e-01 5.13870066e-01 5.13870066e-01 5.13870066e-01 5.13870066e-01 5.13870066e-01 5.13870066e-01 5.13870066e-01 5.13870066e-01 5.13870066e-01 5.13870066e-01 5.13870066e-01 5.13870066e-01 5.13870066e-01 5.13870066e-01 5.13870066e-01 5.13870066e-01 5.13870066e-01 5.13870066e-01 5.13870066e-01 5.13870066e-01 5.13870066e-01 5.13870066e-01 5.13870066e-01 5.13870066e-01 5.13870066e-01 5.13870066e-01 5.13870066e-01 5.13870066e-01 5.13870066e-01 5.13870066e-01 5.13870066e-01 5.13870066e-01 5.13870066e-01 5.13870066e-01 5.13870066e-01 5.13870066e-01 5.13870066e-01 5.13870066e-01 5.13870066e-01 5.13870066e-01 5.13870066e-01 5.13870066e-01 5.13870066e-01 5.13870066e-01 5.13870066e-01 5.13870066e-01 5.13870066e-01 5.13870066e-01 5.13870066e-01 5.13870066e-01 5.13870066e-01 5.13870066e-01 5.13870066e-01 5.13870066e-01 5.13870066e-01 5.13870066e-01 5.13870066e-01 5.13870066e-01 5.13870066e-01 5.13870066e-01 5.13870066e-01 5.13870066e-01 5.13870066e-01 5.13870066e-01 5.13870066e-01 5.13870066e-01 5.13870066e-01 5.13870066e-01 5.13870066e-01 5.13870066e-01 5.13870066e-01 5.13870066e-01 5.13870066e-01 5.13870066e-01 5.13870066e-01 5.13870066e-01 5.13870066e-01 5.13870066e-01 5.13870066e-01 5.13870066e-01 5.13870066e-01 5.13870066e-01 5.13870066e-01 5.13870066e-01 5.13870066e-01 5.13870066e-01 5.13870066e-01 5.13870066e-01 5.13870066e-01 5.13870066e-01 5.13870066e-01 5.13870066e-01 5.13870066e-01 5.13870066e-01 5.13870066e-01 5.13870066e-01 5.13870066e-01 5.13870066e-01 5.13870066e-01 5.13870066e-01 5.13870066e-01 5.13870066e-01 5.13870066e-01 5.13870066e-01 5.13870066e-01 5.13870066e-01 5.13870066e-01 5.13870066e-01 5.13870066e-01 5.13870066e-01 5.13870066e-01 5.13870066e-01 5.13870066e-01 5.13870066e-01 5.13870066e-01 5.13870066e-01 5.13870066e-01 5.13870066e-01 5.13870066e-01 5.13870066e-01 5.13870066e-01 5.13870066e-01 5.13870066e-01
4.99726289e-01 4.99726289e-01 4.99726289e-01 4.99726289e-01 4.99726289e-01 4.99726289e-01 4.99726289e-01 4.99726289e-01 4.99726289e-01 4.99726289e-01 4.99726289e-01 4.99726289e-01 4.99726289e-01 4.99726289e-01 4.99726289e-01 4.99726289e-01 4.99726289e-01 4.99726289e-01 4.99726289e-01 4.99726289e-01 4.99726289e-01 4.99726289e-01 4.99726289e-01 4.99726289e-01 4.99726289e-01 4.99726289e-01 4.99726289e-01 4.99726289e-01 4.99726289e-01 4.99726289e-01 4.99726289e-01 4.99726289e-01 4.99726289e-01 4.99726289e-01 4.99726289e-01 4.99726289e-01 4.99726289e-01 4.99726289e-01 4.99726289e-01 4.99726289e-01 4.99726289e-01 4.99726289e-01 4.99726289e-01 4.99726289e-01 4.99726289e-01 4.99726289e-01 4.99726289e-01 4.99726289e-01 4.99726289e-01 4.99726289e-01 4.99726289e-01 4.99726289e-01 4.99726289e-01 4.99726289e-01 4.99726289e-01 4.99726289e-01 4.99726289e-01 4.99726289e-01 4.99726289e-01 4.99726289e-01 4.99726289e-01 4.99726289e-01 4.99726289e-01 4.99726289e-01 4.99726289e-01 4.99726289e-01 4.99726289e-01 4.99726289e-01 4.99726289e-01 4.99726289e-01 4.99726289e-01 4.99726289e-01 4.99726289e-01 4.99726289e-01 4.99726289e-01 4.99726289e-01 4.99726289e-01 4.99726289e-01 4.99726289e-01 4.99726289e-01 4.99726289e-01 4.99726289e-01 4.99726289e-01 4.99726289e-01 4.99726289e-01 4.99726289e-01 4.99726289e-01 4.99726289e-01 4.99726289e-01 4.99726289e-01 4.99726289e-01 4.99726289e-01 4.99726289e-01 4.99726289e-01 4.99726289e-01 4.99726289e-01 4.99726289e-01 4.99726289e-01 4.99726289e-01 4.99726289e-01 4.99726289e-01 4.99726289e-01 4.99726289e-01 4.99726289e-01 4.99726289e-01 4.99726289e-01 4.99726289e-01 4.99726289e-01 4.99726289e-01 4.99726289e-01 4.99726289e-01 4.99726289e-01 4.99726289e-01 4.99726289e-01 4.99726289e-01 4.99726289e-01 4.99726289e-01 4.99726289e-01 4.99726289e-01 4.99726289e-01 4.99726289e-01 4.99726289e-01 4.99726289e-01 4.99726289e-01 4.99726289e-01 4.99726289e-01 4.99726289e-01 4.99726289e-01 4.99726289e-01 4.99726289e-01 4.99726289e-01 4.99726289e-01 4.99726289e-01 4.99726289e-01 4.99726289e-01 4.99726289e-01 4.99726289e-01 4.99726289e-01 4.99726289e-01 4.99726289e-01 4.99726289e-01 4.99726289e-01 4.99726289e-01 4.99726289e-01 4.99726289e-01 4.99726289e-01 4.99726289e-01 4.99726289e-01 4.99726289e-01 4.99726289e-01 4.99726289e-01 4.99726289e-01 4.99726289e-01 4.99726289e-01 4.99726289e-01 4.99726289e-01 4.99726289e-01 4.99726289e-01 4.99726289e-01 4.99726289e-01 4.99726289e-01 4.99726289e-01 4.99726289e-01 4.99726289e-01 4.99726289e-01 4.99726289e-01 4.99726289e-01 4.99726289e-01 4.99726289e-01 4.99726289e-01 4.99726289e-01 4.99726289e-01 4.99726289e-01 4.99726289e-01 4.99726289e-01 4.99726289e-01 4.99726289e-01 4.99726289e-01 4.99726289e-01 4.99726289e-01 4.99726289e-01 4.99726289e-01 4.99726289e-01 4.99726289e-01 4.99726289e-01 4.99726289e-01 4.99726289e-01 4.99726289e-01 4.99726289e-01 4.99726289e-01 4.99726289e-01 4.99726289e-01 4.99726289e-01 4.99726289e-01 4.99726289e-01 4.99726289e-01 4.99726289e-01 4.99726289e-01 4.99726289e-01 4.99726289e-01
4.85592371e-01 4.85592371e-01 4.85592371e-01 4.85592371e-01 4.85592371e-01 4.85592371e-01 4.85592371e-01 4.85592371e-01 4.85592371e-01 4.85592371e-01 4.85592371e-01 4.85592371e-01 4.85592371e-01 4.85592371e-01 4.85592371e-01 4.85592371e-01 4.85592371e-01 4.85592371e-01 4.85592371e-01 4.85592371e-01 4.85592371e-01 4.85592371e-01 4.85592371e-01 4.85592371e-01 4.85592371e-01 4.85592371e-01 4.85592371e-01 4.85592371e-01 4.85592371e-01 4.85592371e-01 4.85592371e-01 4.85592371e-01 4.85592371e-01 4.85592371e-01 4.85592371e-01 4.85592371e-01 4.85592371e-01 4.85592371e-01 4.85592371e-01 4.85592371e-01 4.85592371e-01 4.85592371e-01 4.85592371e-01 4.85592371e-01 4.85592371e-01 4.85592371e-01 4.85592371e-01 4.85592371e-01 4.85592371e-01 4.85592371e-01 4.85592371e-01 4.85592371e-01 4.85592371e-01 4.85592371e-01 4.85592371e-01 4.85592371e-01 4.85592371e-01 4.85592371e-01 4.85592371e-01 4.85592371e-01 4.85592371e-01 4.85592371e-01 4.85592371e-01 4.85592371e-01 4.85592371e-01 4.85592371e-01 4.85592371e-01 4.85592371e-01 4.85592371e-01 4.85592371e-01 4.85592371e-01 4.85592371e-01 4.85592371e-01 4.85592371e-01 4.85592371e-01 4.85592371e-01 4.85592371e-01 4.85592371e-01 4.85592371e-01 4.85592371e-01 4.85592371e-01 4.85592371e-01 4.85592371e-01 4.85592371e-01 4.85592371e-01 4.85592371e-01 4.85592371e-01 4.85592371e-01 4.85592371e-01 4.85592371e-01 4.85592371e-01 4.85592371e-01 4.85592371e-01 4.85592371e-01 4.85592371e-01 4.85592371e-01 4.85592371e-01 4.85592371e-01 4.85592371e-01 4.85592371e-01 4.85592371e-01 4.85592371e-01 4.85592371e-01 4.85592371e-01 4.85592371e-01 4.85592371e-01 4.85592371e-01 4.85592371e-01 4.85592371e-01 4.85592371e-01 4.85592371e-01 4.85592371e-01 4.85592371e-01 4.85592371e-01 4.85592371e-01 4.85592371e-01 4.85592371e-01 4.85592371e-01 4.85592371e-01 4.85592371e-01 4.85592371e-01 4.85592371e-01 4.85592371e-01 4.85592371e-01 4.85592371e-01 4.85592371e-01 4.85592371e-01 4.85592371e-01 4.85592371e-01 4.85592371e-01 4.85592371e-01 4.85592371e-01 4.85592371e-01 4.85592371e-01 4.85592371e-01 4.85592371e-01 4.85592371e-01 4.85592371e-01 4.85592371e-01 4.85592371e-01 4.85592371e-01 4.85592371e-01 4.85592371e-01 4.85592371e-01 4.85592371e-01 4.85592371e-01 4.85592371e-01 4.85592371e-01 4.85592371e-01 4.85592371e-01 4.85592371e-01 4.85592371e-01 4.85592371e-01 4.85592371e-01 4.85592371e-01 4.85592371e-01 4.85592371e-01 4.85592371e-01 4.85592371e-01 4.85592371e-01 4.85592371e-01 4.85592371e-01 4.85592371e-01 4.85592371e-01 4.85592371e-01 4.85592371e-01 4.85592371e-01 4.85592371e-01 4.85592371e-01 4.85592371e-01 4.85592371e-01 4.85592371e-01 4.85592371e-01 4.85592371e-01 4.85592371e-01 4.85592371e-01 4.85592371e-01 4.85592371e-01 4.85592371e-01 4.85592371e-01 4.85592371e-01 4.85592371e-01 4.85592371e-01 4.85592371e-01 4.85592371e-01 4.85592371e-01 4.85592371e-01 4.85592371e-01 4.85592371e-01 4.85592371e-01 4.85592371e-01 4.85592371e-01 4.85592371e-01 4.85592371e-01 4.85592371e-01 4.85592371e-01 4.85592371e-01 4.85592371e-01 4.85592371e-01 4.85592371e-01
4.71478254e-01 4.71478254e-01 4.71478254e-01 4.71478254e-01 4.71478254e-01 4.71478254e-01 4.71478254e-01 4.71478254e-01 4.71478254e-01 4.71478254e-01 4.71478254e-01 4.71478254e-01 4.71478254e-01 4.71478254e-01 4.71478254e-01 4.71478254e-01 4.71478254e-01 4.71478254e-01 4.71478254e-01 4.71478254e-01 4.71478254e-01 4.71478254e-01 4.71478254e-01 4.71478254e-01 4.71478254e-01 4.71478254e-01 4.71478254e-01 4.71478254e-01 4.71478254e-01 4.71478254e-01 4.71478254e-01 4.71478254e-01 4.71478254e-01 4.71478254e-01 4.71478254e-01 4.71478254e-01 4.71478254e-01 4.71478254e-01 4.71478254e-01 4.71478254e-01 4.71478254e-01 4.71478254e-01 4.71478254e-01 4.71478254e-01 4.71478254e-01 4.71478254e-01 4.71478254e-01 4.71478254e-01 4.71478254e-01 4.71478254e-01 4.71478254e-01 4.71478254e-01 4.71478254e-01 4.71478254e-01 4.71478254e-01 4.71478254e-01 4.71478254e-01 4.71478254e-01 4.71478254e-01 4.71478254e-01 4.71478254e-01 4.71478254e-01 4.71478254e-01 4.71478254e-01 4.71478254e-01 4.71478254e-01 4.71478254e-01 4.71478254e-01 4.71478254e-01 4.71478254e-01 4.71478254e-01 4.71478254e-01 4.71478254e-01 4.71478254e-01 4.71478254e-01 4.71478254e-01 4.71478254e-01 4.71478254e-01 4.71478254e-01 4.71478254e-01 4.71478254e-01 4.71478254e-01 4.71478254e-01 4.71478254e-01 4.71478254e-01 4.71478254e-01 4.71478254e-01 4.71478254e-01 4.71478254e-01 4.71478254e-01 4.71478254e-01 4.71478254e-01 4.71478254e-01 4.71478254e-01 4.71478254e-01 4.71478254e-01 4.71478254e-01 4.71478254e-01 4.71478254e-01 4.71478254e-01 4.71478254e-01 4.71478254e-01 4.71478254e-01 4.71478254e-01 4.71478254e-01 4.71478254e-01 4.71478254e-01 4.71478254e-01 4.71478254e-01 4.71478254e-01 4.71478254e-01 4.71478254e-01 4.71478254e-01 4.71478254e-01 4.71478254e-01 4.71478254e-01 4.71478254e-01 4.71478254e-01 4.71478254e-01 4.71478254e-01 4.71478254e-01 4.71478254e-01 4.71478254e-01 4.71478254e-01 4.71478254e-01 4.71478254e-01 4.71478254e-01 4.71478254e-01 4.71478254e-01 4.71478254e-01 4.71478254e-01 4.71478254e-01 4.71478254e-01 4.71478254e-01 4.71478254e-01 4.71478254e-01 4.71478254e-01 4.71478254e-01 4.71478254e-01 4.71478254e-01 4.71478254e-01 4.71478254e-01 4.71478254e-01 4.71478254e-01 4.71478254e-01 4.71478254e-01 4.71478254e-01 4.71478254e-01 4.71478254e-01 4.71478254e-01 4.71478254e-01 4.71478254e-01 4.71478254e-01 4.71478254e-01 4.71478254e-01 4.71478254e-01 4.71478254e-01 4.71478254e-01 4.71478254e-01 4.71478254e-01 4.71478254e-01 4.71478254e-01 4.71478254e-01 4.71478254e-01 4.71478254e-01 4.71478254e-01 4.71478254e-01 4.71478254e-01 4.71478254e-01 4.71478254e-01 4.71478254e-01 4.71478254e-01 4.71478254e-01 4.71478254e-01 4.71478254e-01 4.71478254e-01 4.71478254e-01 4.71478254e-01 4.71478254e-01 4.71478254e-01 4.71478254e-01 4.71478254e-01 4.71478254e-01 4.71478254e-01 4.71478254e-01 4.71478254e-01 4.71478254e-01 4.71478254e-01 4.71478254e-01 4.71478254e-01 4.71478254e-01 4.71478254e-01 4.71478254e-01 4.71478254e-01 4.71478254e-01 4.71478254e-01 4.71478254e-01 4.71478254e-01 4.71478254e-01 4.71478254e-01
4.57394125e-01 4.57394125e-01 4.57394125e-01 4.57394125e-01 4.57394125e-01 4.57394125e-01 4.57394125e-01 4.57394125e-01 4.57394125e-01 4.57394125e-01 4.57394125e-01 4.57394125e-01 4.57394125e-01 4.57394125e-01 4.57394125e-01 4.57394125e-01 4.57394125e-01 4.57394125e-01 4.57394125e-01 4.57394125e-01 4.57394125e-01 4.57394125e-01 4.57394125e-01 4.57394125e-01 4.57394125e-01 4.57394125e-01 4.57394125e-01 4.57394125e-01 4.57394125e-01 4.57394125e-01 4.57394125e-01 4.57394125e-01 4.57394125e-01 4.57394125e-01 4.57394125e-01 4.57394125e-01 4.57394125e-01 4.57394125e-01 4.57394125e-01 4.57394125e-01 4.57394125e-01 4.57394125e-01 4.57394125e-01 4.57394125e-01 4.57394125e-01 4.57394125e-01 4.57394125e-01 4.57394125e-01 4.57394125e-01 4.57394125e-01 4.57394125e-01 4.57394125e-01 4.57394125e-01 4.57394125e-01 4.57394125e-01 4.57394125e-01 4.57394125e-01 4.57394125e-01 4.57394125e-01 4.57394125e-01 4.57394125e-01 4.57394125e-01 4.57394125e-01 4.57394125e-01 4.57394125e-01 4.57394125e-01 4.57394125e-01 4.57394125e-01 4.57394125e-01 4.57394125e-01 4.57394125e-01 4.57394125e-01 4.57394125e-01 4.57394125e-01 4.57394125e-01 4.57394125e-01 4.57394125e-01 4.57394125e-01 4.57394125e-01 4.57394125e-01 4.57394125e-01 4.57394125e-01 4.57394125e-01 4.57394125e-01 4.57394125e-01 4.57394125e-01 4.57394125e-01 4.57394125e-01 4.57394125e-01 4.57394125e-01 4.57394125e-01 4.57394125e-01 4.57394125e-01 4.57394125e-01 4.57394125e-01 4.57394125e-01 4.57394125e-01 4.57394125e-01 4.57394125e-01 4.57394125e-01 4.57394125e-01 4.57394125e-01 4.57394125e-01 4.57394125e-01 4.57394125e-01 4.57394125e-01 4.57394125e-01 4.57394125e-01 4.57394125e-01 4.57394125e-01 4.57394125e-01 4.57394125e-01 4.57394125e-01 4.57394125e-01 4.57394125e-01 4.57394125e-01 4.57394125e-01 4.57394125e-01 4.57394125e-01 4.57394125e-01 4.57394125e-01 4.57394125e-01 4.57394125e-01 4.57394125e-01 4.57394125e-01 4.57394125e-01 4.57394125e-01 4.57394125e-01 4.57394125e-01 4.57394125e-01 4.57394125e-01 4.57394125e-01 4.57394125e-01 4.57394125e-01 4.57394125e-01 4.57394125e-01 4.57394125e-01 4.57394125e-01 4.57394125e-01 4.57394125e-01 4.57394125e-01 4.57394125e-01 4.57394125e-01 4.57394125e-01 4.57394125e-01 4.57394125e-01 4.57394125e-01 4.57394125e-01 4.57394125e-01 4.57394125e-01 4.57394125e-01 4.57394125e-01 4.57394125e-01 4.57394125e-01 4.57394125e-01 4.57394125e-01 4.57394125e-01 4.57394125e-01 4.57394125e-01 4.57394125e-01 4.57394125e-01 4.57394125e-01 4.57394125e-01 4.57394125e-01 4.57394125e-01 4.57394125e-01 4.57394125e-01 4.57394125e-01 4.57394125e-01 4.57394125e-01 4.57394125e-01 4.57394125e-01 4.57394125e-01 4.57394125e-01 4.57394125e-01 4.57394125e-01 4.57394125e-01 4.57394125e-01 4.57394125e-01 4.57394125e-01 4.57394125e-01 4.57394125e-01 4.57394125e-01 4.57394125e-01 4.57394125e-01 4.57394125e-01 4.57394125e-01 4.57394125e-01 4.57394125e-01 4.57394125e-01 4.57394125e-01 4.57394125e-01 4.57394125e-01 4.57394125e-01 4.57394125e-01 4.57394125e-01 4.57394125e-01 4.57394125e-01 4.57394125e-01 4.57394125e-01
4.43350436e-01 4.43350436e-01 4.43350436e-01 4.43350436e-01 4.43350436e-01 4.43350436e-01 4.43350436e-01 4.43350436e-01 4.43350436e-01 4.43350436e-01 4.43350436e-01 4.43350436e-01 4.43350436e-01 4.43350436e-01 4.43350436e-01 4.43350436e-01 4.43350436e-01 4.43350436e-01 4.43350436e-01 4.43350436e-01 4.43350436e-01 4.43350436e-01 4.43350436e-01 4.43350436e-01 4.43350436e-01 4.43350436e-01 4.43350436e-01 4.43350436e-01 4.43350436e-01 4.43350436e-01 4.43350436e-01 4.43350436e-01 4.43350436e-01 4.43350436e-01 4.43350436e-01 4.43350436e-01 4.43350436e-01 4.43350436e-01 4.43350436e-01 4.43350436e-01 4.43350436e-01 4.43350436e-01 4.43350436e-01 4.43350436e-01 4.43350436e-01 4.43350436e-01 4.43350436e-01 4.43350436e-01 4.43350436e-01 4.43350436e-01 4.43350436e-01 4.43350436e-01 4.43350436e-01 4.43350436e-01 4.43350436e-01 4.43350436e-01 4.43350436e-01 4.43350436e-01 4.43350436e-01 4.43350436e-01 4.43350436e-01 4.43350436e-01 4.43350436e-01 4.43350436e-01 4.43350436e-01 4.43350436e-01 4.43350436e-01 4.43350436e-01 4.43350436e-01 4.43350436e-01 4.43350436e-01 4.43350436e-01 4.43350436e-01 4.43350436e-01 4.43350436e-01 4.43350436e-01 4.43350436e-01 4.43350436e-01 4.43350436e-01 4.43350436e-01 4.43350436e-01 4.43350436e-01 4.43350436e-01 4.43350436e-01 4.43350436e-01 4.43350436e-01 4.43350436e-01 4.43350436e-01 4.43350436e-01 4.43350436e-01 4.43350436e-01 4.43350436e-01 4.43350436e-01 4.43350436e-01 4.43350436e-01 4.43350436e-01 4.43350436e-01 4.43350436e-01 4.43350436e-01 4.43350436e-01 4.43350436e-01 4.43350436e-01 4.43350436e-01 4.43350436e-01 4.43350436e-01 4.43350436e-01 4.43350436e-01 4.43350436e-01 4.43350436e-01 4.43350436e-01 4.43350436e-01 4.43350436e-01 4.43350436e-01 4.43350436e-01 4.43350436e-01 4.43350436e-01 4.43350436e-01 4.43350436e-01 4.43350436e-01 4.43350436e-01 4.43350436e-01 4.43350436e-01 4.43350436e-01 4.43350436e-01 4.43350436e-01 4.43350436e-01 4.43350436e-01 4.43350436e-01 4.43350436e-01 4.43350436e-01 4.43350436e-01 4.43350436e-01 4.43350436e-01 4.43350436e-01 4.43350436e-01 4.43350436e-01 4.43350436e-01 4.43350436e-01 4.43350436e-01 4.43350436e-01 4.43350436e-01 4.43350436e-01 4.43350436e-01 4.43350436e-01 4.43350436e-01 4.43350436e-01 4.43350436e-01 4.43350436e-01 4.43350436e-01 4.43350436e-01 4.43350436e-01 4.43350436e-01 4.43350436e-01 4.43350436e-01 4.43350436e-01 4.43350436e-01 4.43350436e-01 4.43350436e-01 4.43350436e-01 4.43350436e-01 4.43350436e-01 4.43350436e-01 4.43350436e-01 4.43350436e-01 4.43350436e-01 4.43350436e-01 4.43350436e-01 4.43350436e-01 4.43350436e-01 4.43350436e-01 4.43350436e-01 4.43350436e-01 4.43350436e-01 4.43350436e-01 4.43350436e-01 4.43350436e-01 4.43350436e-01 4.43350436e-01 4.43350436e-01 4.43350436e-01 4.43350436e-01 4.43350436e-01 4.43350436e-01 4.43350436e-01 4.43350436e-01 4.43350436e-01 4.43350436e-01 4.43350436e-01 4.43350436e-01 4.43350436e-01 4.43350436e-01 4.43350436e-01 4.43350436e-01 4.43350436e-01 4.43350436e-01 4.43350436e-01 4.43350436e-01 4.43350436e-01 4.43350436e-01 4.43350436e-01
4.29357923e-01 4.29357923e-01 4.29357923e-01 4.29357923e-01 4.29357923e-01 4.29357923e-01 4.29357923e-01 4.29357923e-01 4.29357923e-01 4.29357923e-01 4.29357923e-01 4.29357923e-01 4.29357923e-01 4.29357923e-01 4.29357923e-01 4.29357923e-01 4.29357923e-01 4.29357923e-01 4.29357923e-01 4.29357923e-01 4.29357923e-01 4.29357923e-01 4.29357923e-01 4.29357923e-01 4.29357923e-01 4.29357923e-01 4.29357923e-01 4.29357923e-01 4.29357923e-01 4.29357923e-01 4.29357923e-01 4.29357923e-01 4.29357923e-01 4.29357923e-01 4.29357923e-01 4.29357923e-01 4.29357923e-01 4.29357923e-01 4.29357923e-01 4.29357923e-01 4.29357923e-01 4.29357923e-01 4.29357923e-01 4.29357923e-01 4.29357923e-01 4.29357923e-01 4.29357923e-01 4.29357923e-01 4.29357923e-01 4.29357923e-01 4.29357923e-01 4.29357923e-01 4.29357923e-01 4.29357923e-01 4.29357923e-01 4.29357923e-01 4.29357923e-01 4.29357923e-01 4.29357923e-01 4.29357923e-01 4.29357923e-01 4.29357923e-01 4.29357923e-01 4.29357923e-01 4.29357923e-01 4.29357923e-01 4.29357923e-01 4.29357923e-01 4.29357923e-01 4.29357923e-01 4.29357923e-01 4.29357923e-01 4.29357923e-01 4.29357923e-01 4.29357923e-01 4.29357923e-01 4.29357923e-01 4.29357923e-01 4.29357923e-01 4.29357923e-01 4.29357923e-01 4.29357923e-01 4.29357923e-01 4.29357923e-01 4.29357923e-01 4.29357923e-01 4.29357923e-01 4.29357923e-01 4.29357923e-01 4.29357923e-01 4.29357923e-01 4.29357923e-01 4.29357923e-01 4.29357923e-01 4.29357923e-01 4.29357923e-01 4.29357923e-01 4.29357923e-01 4.29357923e-01 4.29357923e-01 4.29357923e-01 4.29357923e-01 4.29357923e-01 4.29357923e-01 4.29357923e-01 4.29357923e-01 4.29357923e-01 4.29357923e-01 4.29357923e-01 4.29357923e-01 4.29357923e-01 4.29357923e-01 4.29357923e-01 4.29357923e-01 4.29357923e-01 4.29357923e-01 4.29357923e-01 4.29357923e-01 4.29357923e-01 4.29357923e-01 4.29357923e-01 4.29357923e-01 4.29357923e-01 4.29357923e-01 4.29357923e-01 4.29357923e-01 4.29357923e-01 4.29357923e-01 4.29357923e-01 4.29357923e-01 4.29357923e-01 4.29357923e-01 4.29357923e-01 4.29357923e-01 4.29357923e-01 4.29357923e-01 4.29357923e-01 4.29357923e-01 4.29357923e-01 4.29357923e-01 4.29357923e-01 4.29357923e-01 4.29357923e-01 4.29357923e-01 4.29357923e-01 4.29357923e-01 4.29357923e-01 4.29357923e-01 4.29357923e-01 4.29357923e-01 4.29357923e-01 4.29357923e-01 4.29357923e-01 4.29357923e-01 4.29357923e-01 4.29357923e-01 4.29357923e-01 4.29357923e-01 4.29357923e-01 4.29357923e-01 4.29357923e-01 4.29357923e-01 4.29357923e-01 4.29357923e-01 4.29357923e-01 4.29357923e-01 4.29357923e-01 4.29357923e-01 4.29357923e-01 4.29357923e-01 4.29357923e-01 4.29357923e-01 4.29357923e-01 4.29357923e-01 4.29357923e-01 4.29357923e-01 4.29357923e-01 4.29357923e-01 4.29357923e-01 4.29357923e-01 4.29357923e-01 4.29357923e-01 4.29357923e-01 4.29357923e-01 4.29357923e-01 4.29357923e-01 4.29357923e-01 4.29357923e-01 4.29357923e-01 4.29357923e-01 4.29357923e-01 4.29357923e-01 4.29357923e-01 4.29357923e-01 4.29357923e-01 4.29357923e-01 4.29357923e-01 4.29357923e-01 4.29357923e-01 4.29357923e-01
4.15427624e-01 4.15427624e-01 4.15427624e-01 4.15427624e-01 4.15427624e-01 4.15427624e-01 4.15427624e-01 4.15427624e-01 4.15427624e-01 4.15427624e-01 4.15427624e-01 4.15427624e-01 4.15427624e-01 4.15427624e-01 4.15427624e-01 4.15427624e-01 4.15427624e-01 4.15427624e-01 4.15427624e-01 4.15427624e-01 4.15427624e-01 4.15427624e-01 4.15427624e-01 4.15427624e-01 4.15427624e-01 4.15427624e-01 4.15427624e-01 4.15427624e-01 4.15427624e-01 4.15427624e-01 4.15427624e-01 4.15427624e-01 4.15427624e-01 4.15427624e-01 4.15427624e-01 4.15427624e-01 4.15427624e-01 4.15427624e-01 4.15427624e-01 4.15427624e-01 4.15427624e-01 4.15427624e-01 4.15427624e-01 4.15427624e-01 4.15427624e-01 4.15427624e-01 4.15427624e-01 4.15427624e-01 4.15427624e-01 4.15427624e-01 4.15427624e-01 4.15427624e-01 4.15427624e-01 4.15427624e-01 4.15427624e-01 4.15427624e-01 4.15427624e-01 4.15427624e-01 4.15427624e-01 4.15427624e-01 4.15427624e-01 4.15427624e-01 4.15427624e-01 4.15427624e-01 4.15427624e-01 4.15427624e-01 4.15427624e-01 4.15427624e-01 4.15427624e-01 4.15427624e-01 4.15427624e-01 4.15427624e-01 4.15427624e-01 4.15427624e-01 4.15427624e-01 4.15427624e-01 4.15427624e-01 4.15427624e-01 4.15427624e-01 4.15427624e-01 4.15427624e-01 4.15427624e-01 4.15427624e-01 4.15427624e-01 4.15427624e-01 4.15427624e-01 4.15427624e-01 4.15427624e-01 4.15427624e-01 4.15427624e-01 4.15427624e-01 4.15427624e-01 4.15427624e-01 4.15427624e-01 4.15427624e-01 4.15427624e-01 4.15427624e-01 4.15427624e-01 4.15427624e-01 4.15427624e-01 4.15427624e-01 4.15427624e-01 4.15427624e-01 4.15427624e-01 4.15427624e-01 4.15427624e-01 4.15427624e-01 4.15427624e-01 4.15427624e-01 4.15427624e-01 4.15427624e-01 4.15427624e-01 4.15427624e-01 4.15427624e-01 4.15427624e-01 4.15427624e-01 4.15427624e-01 4.15427624e-01 4.15427624e-01 4.15427624e-01 4.15427624e-01 4.15427624e-01 4.15427624e-01 4.15427624e-01 4.15427624e-01 4.15427624e-01 4.15427624e-01 4.15427624e-01 4.15427624e-01 4.15427624e-01 4.15427624e-01 4.15427624e-01 4.15427624e-01 4.15427624e-01 4.15427624e-01 4.15427624e-01 4.15427624e-01 4.15427624e-01 4.15427624e-01 4.15427624e-01 4.15427624e-01 4.15427624e-01 4.15427624e-01 4.15427624e-01 4.15427624e-01 4.15427624e-01 4.15427624e-01 4.15427624e-01 4.15427624e-01 4.15427624e-01 4.15427624e-01 4.15427624e-01 4.15427624e-01 4.15427624e-01 4.15427624e-01 4.15427624e-01 4.15427624e-01 4.15427624e-01 4.15427624e-01 4.15427624e-01 4.15427624e-01 4.15427624e-01 4.15427624e-01 4.15427624e-01 4.15427624e-01 4.15427624e-01 4.15427624e-01 4.15427624e-01 4.15427624e-01 4.15427624e-01 4.15427624e-01 4.15427624e-01 4.15427624e-01 4.15427624e-01 4.15427624e-01 4.15427624e-01 4.15427624e-01 4.15427624e-01 4.15427624e-01 4.15427624e-01 4.15427624e-01 4.15427624e-01 4.15427624e-01 4.15427624e-01 4.15427624e-01 4.15427624e-01 4.15427624e-01 4.15427624e-01 4.15427624e-01 4.15427624e-01 4.15427624e-01 4.15427624e-01 4.15427624e-01 4.15427624e-01 4.15427624e-01 4.15427624e-01 4.15427624e-01 4.15427624e-01 4.15427624e-01 4.15427624e-01
4.01570884e-01 4.01570884e-01 4.01570884e-01 4.01570884e-01 4.01570884e-01 4.01570884e-01 4.01570884e-01 4.01570884e-01 4.01570884e-01 4.01570884e-01 4.01570884e-01 4.01570884e-01 4.01570884e-01 4.01570884e-01 4.01570884e-01 4.01570884e-01 4.01570884e-01 4.01570884e-01 4.01570884e-01 4.01570884e-01 4.01570884e-01 4.01570884e-01 4.01570884e-01 4.01570884e-01 4.01570884e-01 4.01570884e-01 4.01570884e-01 4.01570884e-01 4.01570884e-01 4.01570884e-01 4.01570884e-01 4.01570884e-01 4.01570884e-01 4.01570884e-01 4.01570884e-01 4.01570884e-01 4.01570884e-01 4.01570884e-01 4.01570884e-01 4.01570884e-01 4.01570884e-01 4.01570884e-01 4.01570884e-01 4.01570884e-01 4.01570884e-01 4.01570884e-01 4.01570884e-01 4.01570884e-01 4.01570884e-01 4.01570884e-01 4.01570884e-01 4.01570884e-01 4.01570884e-01 4.01570884e-01 4.01570884e-01 4.01570884e-01 4.01570884e-01 4.01570884e-01 4.01570884e-01 4.01570884e-01 4.01570884e-01 4.01570884e-01 4.01570884e-01 4.01570884e-01 4.01570884e-01 4.01570884e-01 4.01570884e-01 4.01570884e-01 4.01570884e-01 4.01570884e-01 4.01570884e-01 4.01570884e-01 4.01570884e-01 4.01570884e-01 4.01570884e-01 4.01570884e-01 4.01570884e-01 4.01570884e-01 4.01570884e-01 4.01570884e-01 4.01570884e-01 4.01570884e-01 4.01570884e-01 4.01570884e-01 4.01570884e-01 4.01570884e-01 4.01570884e-01 4.01570884e-01 4.01570884e-01 4.01570884e-01 4.01570884e-01 4.01570884e-01 4.01570884e-01 4.01570884e-01 4.01570884e-01 4.01570884e-01 4.01570884e-01 4.01570884e-01 4.01570884e-01 4.01570884e-01 4.01570884e-01 4.01570884e-01 4.01570884e-01 4.01570884e-01 4.01570884e-01 4.01570884e-01 4.01570884e-01 4.01570884e-01 4.01570884e-01 4.01570884e-01 4.01570884e-01 4.01570884e-01 4.01570884e-01 4.01570884e-01 4.01570884e-01 4.01570884e-01 4.01570884e-01 4.01570884e-01 4.01570884e-01 4.01570884e-01 4.01570884e-01 4.01570884e-01 4.01570884e-01 4.01570884e-01 4.01570884e-01 4.01570884e-01 4.01570884e-01 4.01570884e-01 4.01570884e-01 4.01570884e-01 4.01570884e-01 4.01570884e-01 4.01570884e-01 4.01570884e-01 4.01570884e-01 4.01570884e-01 4.01570884e-01 4.01570884e-01 4.01570884e-01 4.01570884e-01 4.01570884e-01 4.01570884e-01 4.01570884e-01 4.01570884e-01 4.01570884e-01 4.01570884e-01 4.01570884e-01 4.01570884e-01 4.01570884e-01 4.01570884e-01 4.01570884e-01 4.01570884e-01 4.01570884e-01 4.01570884e-01 4.01570884e-01 4.01570884e-01 4.01570884e-01 4.01570884e-01 4.01570884e-01 4.01570884e-01 4.01570884e-01 4.01570884e-01 4.01570884e-01 4.01570884e-01 4.01570884e-01 4.01570884e-01 4.01570884e-01 4.01570884e-01 4.01570884e-01 4.01570884e-01 4.01570884e-01 4.01570884e-01 4.01570884e-01 4.01570884e-01 4.01570884e-01 4.01570884e-01 4.01570884e-01 4.01570884e-01 4.01570884e-01 4.01570884e-01 4.01570884e-01 4.01570884e-01 4.01570884e-01 4.01570884e-01 4.01570884e-01 4.01570884e-01 4.01570884e-01 4.01570884e-01 4.01570884e-01 4.01570884e-01 4.01570884e-01 4.01570884e-01 4.01570884e-01 4.01570884e-01 4.01570884e-01 4.01570884e-01 4.01570884e-01 4.01570884e-01 4.01570884e-01 4.01570884e-01
3.87799367e-01 3.87799367e-01 3.87799367e-01 3.87799367e-01 3.87799367e-01 3.87799367e-01 3.87799367e-01 3.87799367e-01 3.87799367e-01 3.87799367e-01 3.87799367e-01 3.87799367e-01 3.87799367e-01 3.87799367e-01 3.87799367e-01 3.87799367e-01 3.87799367e-01 3.87799367e-01 3.87799367e-01 3.87799367e-01 3.87799367e-01 3.87799367e-01 3.87799367e-01 3.87799367e-01 3.87799367e-01 3.87799367e-01 3.87799367e-01 3.87799367e-01 3.87799367e-01 3.87799367e-01 3.87799367e-01 3.87799367e-01 3.87799367e-01 3.87799367e-01 3.87799367e-01 3.87799367e-01 3.87799367e-01 3.87799367e-01 3.87799367e-01 3.87799367e-01 3.87799367e-01 3.87799367e-01 3.87799367e-01 3.87799367e-01 3.87799367e-01 3.87799367e-01 3.87799367e-01 3.87799367e-01 3.87799367e-01 3.87799367e-01 3.87799367e-01 3.87799367e-01 3.87799367e-01 3.87799367e-01 3.87799367e-01 3.87799367e-01 3.87799367e-01 3.87799367e-01 3.87799367e-01 3.87799367e-01 3.87799367e-01 3.87799367e-01 3.87799367e-01 3.87799367e-01 3.87799367e-01 3.87799367e-01 3.87799367e-01 3.87799367e-01 3.87799367e-01 3.87799367e-01 3.87799367e-01 3.87799367e-01 3.87799367e-01 3.87799367e-01 3.87799367e-01 3.87799367e-01 3.87799367e-01 3.87799367e-01 3.87799367e-01 3.87799367e-01 3.87799367e-01 3.87799367e-01 3.87799367e-01 3.87799367e-01 3.87799367e-01 3.87799367e-01 3.87799367e-01 3.87799367e-01 3.87799367e-01 3.87799367e-01 3.87799367e-01 3.87799367e-01 3.87799367e-01 3.87799367e-01 3.87799367e-01 3.87799367e-01 3.87799367e-01 3.87799367e-01 3.87799367e-01 3.87799367e-01 3.87799367e-01 3.87799367e-01 3.87799367e-01 3.87799367e-01 3.87799367e-01 3.87799367e-01 3.87799367e-01 3.87799367e-01 3.87799367e-01 3.87799367e-01 3.87799367e-01 3.87799367e-01 3.87799367e-01 3.87799367e-01 3.87799367e-01 3.87799367e-01 3.87799367e-01 3.87799367e-01 3.87799367e-01 3.87799367e-01 3.87799367e-01 3.87799367e-01 3.87799367e-01 3.87799367e-01 3.87799367e-01 3.87799367e-01 3.87799367e-01 3.87799367e-01 3.87799367e-01 3.87799367e-01 3.87799367e-01 3.87799367e-01 3.87799367e-01 3.87799367e-01 3.87799367e-01 3.87799367e-01 3.87799367e-01 3.87799367e-01 3.87799367e-01 3.87799367e-01 3.87799367e-01 3.87799367e-01 3.87799367e-01 3.87799367e-01 3.87799367e-01 3.87799367e-01 3.87799367e-01 3.87799367e-01 3.87799367e-01 3.87799367e-01 3.87799367e-01 3.87799367e-01 3.87799367e-01 3.87799367e-01 3.87799367e-01 3.87799367e-01 3.87799367e-01 3.87799367e-01 3.87799367e-01 3.87799367e-01 3.87799367e-01 3.87799367e-01 3.87799367e-01 3.87799367e-01 3.87799367e-01 3.87799367e-01 3.87799367e-01 3.87799367e-01 3.87799367e-01 3.87799367e-01 3.87799367e-01 3.87799367e-01 3.87799367e-01 3.87799367e-01 3.87799367e-01 3.87799367e-01 3.87799367e-01 3.87799367e-01 3.87799367e-01 3.87799367e-01 3.87799367e-01 3.87799367e-01 3.87799367e-01 3.87799367e-01 3.87799367e-01 3.87799367e-01 3.87799367e-01 3.87799367e-01 3.87799367e-01 3.87799367e-01 3.87799367e-01 3.87799367e-01 3.87799367e-01 3.87799367e-01 3.87799367e-01 3.87799367e-01 3.87799367e-01 3.87799367e-01 3.87799367e-01 3.87799367e-01
3.74125058e-01 3.74125058e-01 3.74125058e-01 3.74125058e-01 3.74125058e-01 3.74125058e-01 3.74125058e-01 3.74125058e-01 3.74125058e-01 3.74125058e-01 3.74125058e-01 3.74125058e-01 3.74125058e-01 3.74125058e-01 3.74125058e-01 3.74125058e-01 3.74125058e-01 3.74125058e-01 3.74125058e-01 3.74125058e-01 3.74125058e-01 3.74125058e-01 3.74125058e-01 3.74125058e-01 3.74125058e-01 3.74125058e-01 3.74125058e-01 3.74125058e-01 3.74125058e-01 3.74125058e-01 3.74125058e-01 3.74125058e-01 3.74125058e-01 3.74125058e-01 3.74125058e-01 3.74125058e-01 3.74125058e-01 3.74125058e-01 3.74125058e-01 3.74125058e-01 3.74125058e-01 3.74125058e-01 3.74125058e-01 3.74125058e-01 3.74125058e-01 3.74125058e-01 3.74125058e-01 3.74125058e-01 3.74125058e-01 3.74125058e-01 3.74125058e-01 3.74125058e-01 3.74125058e-01 3.74125058e-01 3.74125058e-01 3.74125058e-01 3.74125058e-01 3.74125058e-01 3.74125058e-01 3.74125058e-01 3.74125058e-01 3.74125058e-01 3.74125058e-01 3.74125058e-01 3.74125058e-01 3.74125058e-01 3.74125058e-01 3.74125058e-01 3.74125058e-01 3.74125058e-01 3.74125058e-01 3.74125058e-01 3.74125058e-01 3.74125058e-01 3.74125058e-01 3.74125058e-01 3.74125058e-01 3.74125058e-01 3.74125058e-01 3.74125058e-01 3.74125058e-01 3.74125058e-01 3.74125058e-01 3.74125058e-01 3.74125058e-01 3.74125058e-01 3.74125058e-01 3.74125058e-01 3.74125058e-01 3.74125058e-01 3.74125058e-01 3.74125058e-01 3.74125058e-01 3.74125058e-01 3.74125058e-01 3.74125058e-01 3.74125058e-01 3.74125058e-01 3.74125058e-01 3.74125058e-01 3.74125058e-01 3.74125058e-01 3.74125058e-01 3.74125058e-01 3.74125058e-01 3.74125058e-01 3.74125058e-01 3.74125058e-01 3.74125058e-01 3.74125058e-01 3.74125058e-01 3.74125058e-01 3.74125058e-01 3.74125058e-01 3.74125058e-01 3.74125058e-01 3.74125058e-01 3.74125058e-01 3.74125058e-01 3.74125058e-01 3.74125058e-01 3.74125058e-01 3.74125058e-01 3.74125058e-01 3.74125058e-01 3.74125058e-01 3.74125058e-01 3.74125058e-01 3.74125058e-01 3.74125058e-01 3.74125058e-01 3.74125058e-01 3.74125058e-01 3.74125058e-01 3.74125058e-01 3.74125058e-01 3.74125058e-01 3.74125058e-01 3.74125058e-01 3.74125058e-01 3.74125058e-01 3.74125058e-01 3.74125058e-01 3.74125058e-01 3.74125058e-01 3.74125058e-01 3.74125058e-01 3.74125058e-01 3.74125058e-01 3.74125058e-01 3.74125058e-01 3.74125058e-01 3.74125058e-01 3.74125058e-01 3.74125058e-01 3.74125058e-01 3.74125058e-01 3.74125058e-01 3.74125058e-01 3.74125058e-01 3.74125058e-01 3.74125058e-01 3.74125058e-01 3.74125058e-01 3.74125058e-01 3.74125058e-01 3.74125058e-01 3.74125058e-01 3.74125058e-01 3.74125058e-01 3.74125058e-01 3.74125058e-01 3.74125058e-01 3.74125058e-01 3.74125058e-01 3.74125058e-01 3.74125058e-01 3.74125058e-01 3.74125058e-01 3.74125058e-01 3.74125058e-01 3.74125058e-01 3.74125058e-01 3.74125058e-01 3.74125058e-01 3.74125058e-01 3.74125058e-01 3.74125058e-01 3.74125058e-01 3.74125058e-01 3.74125058e-01 3.74125058e-01 3.74125058e-01 3.74125058e-01 3.74125058e-01 3.74125058e-01 3.74125058e-01 3.74125058e-01 3.74125058e-01 3.74125058e-01
3.60560260e-01 3.60560260e-01 3.60560260e-01 3.60560260e-01 3.60560260e-01 3.60560260e-01 3.60560260e-01 3.60560260e-01 3.60560260e-01 3.60560260e-01 3.60560260e-01 3.60560260e-01 3.60560260e-01 3.60560260e-01 3.60560260e-01 3.60560260e-01 3.60560260e-01 3.60560260e-01 3.60560260e-01 3.60560260e-01 3.60560260e-01 3.60560260e-01 3.60560260e-01 3.60560260e-01 3.60560260e-01 3.60560260e-01 3.60560260e-01 3.60560260e-01 3.60560260e-01 3.60560260e-01 3.60560260e-01 3.60560260e-01 3.60560260e-01 3.60560260e-01 3.60560260e-01 3.60560260e-01 3.60560260e-01 3.60560260e-01 3.60560260e-01 3.60560260e-01 3.60560260e-01 3.60560260e-01 3.60560260e-01 3.60560260e-01 3.60560260e-01 3.60560260e-01 3.60560260e-01 3.60560260e-01 3.60560260e-01 3.60560260e-01 3.60560260e-01 3.60560260e-01 3.60560260e-01 3.60560260e-01 3.60560260e-01 3.60560260e-01 3.60560260e-01 3.60560260e-01 3.60560260e-01 3.60560260e-01 3.60560260e-01 3.60560260e-01 3.60560260e-01 3.60560260e-01 3.60560260e-01 3.60560260e-01 3.60560260e-01 3.60560260e-01 3.60560260e-01 3.60560260e-01 3.60560260e-01 3.60560260e-01 3.60560260e-01 3.60560260e-01 3.60560260e-01 3.60560260e-01 3.60560260e-01 3.60560260e-01 3.60560260e-01 3.60560260e-01 3.60560260e-01 3.60560260e-01 3.60560260e-01 3.60560260e-01 3.60560260e-01 3.60560260e-01 3.60560260e-01 3.60560260e-01 3.60560260e-01 3.60560260e-01 3.60560260e-01 3.60560260e-01 3.60560260e-01 3.60560260e-01 3.60560260e-01 3.60560260e-01 3.60560260e-01 3.60560260e-01 3.60560260e-01 3.60560260e-01 3.60560260e-01 3.60560260e-01 3.60560260e-01 3.60560260e-01 3.60560260e-01 3.60560260e-01 3.60560260e-01 3.60560260e-01 3.60560260e-01 3.60560260e-01 3.60560260e-01 3.60560260e-01 3.60560260e-01 3.60560260e-01 3.60560260e-01 3.60560260e-01 3.60560260e-01 3.60560260e-01 3.60560260e-01 3.60560260e-01 3.60560260e-01 3.60560260e-01 3.60560260e-01 3.60560260e-01 3.60560260e-01 3.60560260e-01 3.60560260e-01 3.60560260e-01 3.60560260e-01 3.60560260e-01 3.60560260e-01 3.60560260e-01 3.60560260e-01 3.60560260e-01 3.60560260e-01 3.60560260e-01 3.60560260e-01 3.60560260e-01 3.60560260e-01 3.60560260e-01 3.60560260e-01 3.60560260e-01 3.60560260e-01 3.60560260e-01 3.60560260e-01 3.60560260e-01 3.60560260e-01 3.60560260e-01 3.60560260e-01 3.60560260e-01 3.60560260e-01 3.60560260e-01 3.60560260e-01 3.60560260e-01 3.60560260e-01 3.60560260e-01 3.60560260e-01 3.60560260e-01 3.60560260e-01 3.60560260e-01 3.60560260e-01 3.60560260e-01 3.60560260e-01 3.60560260e-01 3.60560260e-01 3.60560260e-01 3.60560260e-01 3.60560260e-01 3.60560260e-01 3.60560260e-01 3.60560260e-01 3.60560260e-01 3.60560260e-01 3.60560260e-01 3.60560260e-01 3.60560260e-01 3.60560260e-01 3.60560260e-01 3.60560260e-01 3.60560260e-01 3.60560260e-01 3.60560260e-01 3.60560260e-01 3.60560260e-01 3.60560260e-01 3.60560260e-01 3.60560260e-01 3.60560260e-01 3.60560260e-01 3.60560260e-01 3.60560260e-01 3.60560260e-01 3.60560260e-01 3.60560260e-01 3.60560260e-01 3.60560260e-01 3.60560260e-01 3.60560260e-01 3.60560260e-01 3.60560260e-01
3.47117581e-01 3.47117581e-01 3.47117581e-01 3.47117581e-01 3.47117581e-01 3.47117581e-01 3.47117581e-01 3.47117581e-01 3.47117581e-01 3.47117581e-01 3.47117581e-01 3.47117581e-01 3.47117581e-01 3.47117581e-01 3.47117581e-01 3.47117581e-01 3.47117581e-01 3.47117581e-01 3.47117581e-01 3.47117581e-01 3.47117581e-01 3.47117581e-01 3.47117581e-01 3.47117581e-01 3.47117581e-01 3.47117581e-01 3.47117581e-01 3.47117581e-01 3.47117581e-01 3.47117581e-01 3.47117581e-01 3.47117581e-01 3.47117581e-01 3.47117581e-01 3.47117581e-01 3.47117581e-01 3.47117581e-01 3.47117581e-01 3.47117581e-01 3.47117581e-01 3.47117581e-01 3.47117581e-01 3.47117581e-01 3.47117581e-01 3.47117581e-01 3.47117581e-01 3.47117581e-01 3.47117581e-01 3.47117581e-01 3.47117581e-01 3.47117581e-01 3.47117581e-01 3.47117581e-01 3.47117581e-01 3.47117581e-01 3.47117581e-01 3.47117581e-01 3.47117581e-01 3.47117581e-01 3.47117581e-01 3.47117581e-01 3.47117581e-01 3.47117581e-01 3.47117581e-01 3.47117581e-01 3.47117581e-01 3.47117581e-01 3.47117581e-01 3.47117581e-01 3.47117581e-01 3.47117581e-01 3.47117581e-01 3.47117581e-01 3.47117581e-01 3.47117581e-01 3.47117581e-01 3.47117581e-01 3.47117581e-01 3.47117581e-01 3.47117581e-01 3.47117581e-01 3.47117581e-01 3.47117581e-01 3.47117581e-01 3.47117581e-01 3.47117581e-01 3.47117581e-01 3.47117581e-01 3.47117581e-01 3.47117581e-01 3.47117581e-01 3.47117581e-01 3.47117581e-01 3.47117581e-01 3.47117581e-01 3.47117581e-01 3.47117581e-01 3.47117581e-01 3.47117581e-01 3.47117581e-01 3.47117581e-01 3.47117581e-01 3.47117581e-01 3.47117581e-01 3.47117581e-01 3.47117581e-01 3.47117581e-01 3.47117581e-01 3.47117581e-01 3.47117581e-01 3.47117581e-01 3.47117581e-01 3.47117581e-01 3.47117581e-01 3.47117581e-01 3.47117581e-01 3.47117581e-01 3.47117581e-01 3.47117581e-01 3.47117581e-01 3.47117581e-01 3.47117581e-01 3.47117581e-01 3.47117581e-01 3.47117581e-01 3.47117581e-01 3.47117581e-01 3.47117581e-01 3.47117581e-01 3.47117581e-01 3.47117581e-01 3.47117581e-01 3.47117581e-01 3.47117581e-01 3.47117581e-01 3.47117581e-01 3.47117581e-01 3.47117581e-01 3.47117581e-01 3.47117581e-01 3.47117581e-01 3.47117581e-01 3.47117581e-01 3.47117581e-01 3.47117581e-01 3.47117581e-01 3.47117581e-01 3.47117581e-01 3.47117581e-01 3.47117581e-01 3.47117581e-01 3.47117581e-01 3.47117581e-01 3.47117581e-01 3.47117581e-01 3.47117581e-01 3.47117581e-01 3.47117581e-01 3.47117581e-01 3.47117581e-01 3.47117581e-01 3.47117581e-01 3.47117581e-01 3.47117581e-01 3.47117581e-01 3.47117581e-01 3.47117581e-01 3.47117581e-01 3.47117581e-01 3.47117581e-01 3.47117581e-01 3.47117581e-01 3.47117581e-01 3.47117581e-01 3.47117581e-01 3.47117581e-01 3.47117581e-01 3.47117581e-01 3.47117581e-01 3.47117581e-01 3.47117581e-01 3.47117581e-01 3.47117581e-01 3.47117581e-01 3.47117581e-01 3.47117581e-01 3.47117581e-01 3.47117581e-01 3.47117581e-01 3.47117581e-01 3.47117581e-01 3.47117581e-01 3.47117581e-01 3.47117581e-01 3.47117581e-01 3.47117581e-01 3.47117581e-01 3.47117581e-01 3.47117581e-01 3.47117581e-01
3.33809922e-01 3.33809922e-01 3.33809922e-01 3.33809922e-01 3.33809922e-01 3.33809922e-01 3.33809922e-01 3.33809922e-01 3.33809922e-01 3.33809922e-01 3.33809922e-01 3.33809922e-01 3.33809922e-01 3.33809922e-01 3.33809922e-01 3.33809922e-01 3.33809922e-01 3.33809922e-01 3.33809922e-01 3.33809922e-01 3.33809922e-01 3.33809922e-01 3.33809922e-01 3.33809922e-01 3.33809922e-01 3.33809922e-01 3.33809922e-01 3.33809922e-01 3.33809922e-01 3.33809922e-01 3.33809922e-01 3.33809922e-01 3.33809922e-01 3.33809922e-01 3.33809922e-01 3.33809922e-01 3.33809922e-01 3.33809922e-01 3.33809922e-01 3.33809922e-01 3.33809922e-01 3.33809922e-01 3.33809922e-01 3.33809922e-01 3.33809922e-01 3.33809922e-01 3.33809922e-01 3.33809922e-01 3.33809922e-01 3.33809922e-01 3.33809922e-01 3.33809922e-01 3.33809922e-01 3.33809922e-01 3.33809922e-01 3.33809922e-01 3.33809922e-01 3.33809922e-01 3.33809922e-01 3.33809922e-01 3.33809922e-01 3.33809922e-01 3.33809922e-01 3.33809922e-01 3.33809922e-01 3.33809922e-01 3.33809922e-01 3.33809922e-01 3.33809922e-01 3.33809922e-01 3.33809922e-01 3.33809922e-01 3.33809922e-01 3.33809922e-01 3.33809922e-01 3.33809922e-01 3.33809922e-01 3.33809922e-01 3.33809922e-01 3.33809922e-01 3.33809922e-01 3.33809922e-01 3.33809922e-01 3.33809922e-01 3.33809922e-01 3.33809922e-01 3.33809922e-01 3.33809922e-01 3.33809922e-01 3.33809922e-01 3.33809922e-01 3.33809922e-01 3.33809922e-01 3.33809922e-01 3.33809922e-01 3.33809922e-01 3.33809922e-01 3.33809922e-01 3.33809922e-01 3.33809922e-01 3.33809922e-01 3.33809922e-01 3.33809922e-01 3.33809922e-01 3.33809922e-01 3.33809922e-01 3.33809922e-01 3.33809922e-01 3.33809922e-01 3.33809922e-01 3.33809922e-01 3.33809922e-01 3.33809922e-01 3.33809922e-01 3.33809922e-01 3.33809922e-01 3.33809922e-01 3.33809922e-01 3.33809922e-01 3.33809922e-01 3.33809922e-01 3.33809922e-01 3.33809922e-01 3.33809922e-01 3.33809922e-01 3.33809922e-01 3.33809922e-01 3.33809922e-01 3.33809922e-01 3.33809922e-01 3.33809922e-01 3.33809922e-01 3.33809922e-01 3.33809922e-01 3.33809922e-01 3.33809922e-01 3.33809922e-01 3.33809922e-01 3.33809922e-01 3.33809922e-01 3.33809922e-01 3.33809922e-01 3.33809922e-01 3.33809922e-01 3.33809922e-01 3.33809922e-01 3.33809922e-01 3.33809922e-01 3.33809922e-01 3.33809922e-01 3.33809922e-01 3.33809922e-01 3.33809922e-01 3.33809922e-01 3.33809922e-01 3.33809922e-01 3.33809922e-01 3.33809922e-01 3.33809922e-01 3.33809922e-01 3.33809922e-01 3.33809922e-01 3.33809922e-01 3.33809922e-01 3.33809922e-01 3.33809922e-01 3.33809922e-01 3.33809922e-01 3.33809922e-01 3.33809922e-01 3.33809922e-01 3.33809922e-01 3.33809922e-01 3.33809922e-01 3.33809922e-01 3.33809922e-01 3.33809922e-01 3.33809922e-01 3.33809922e-01 3.33809922e-01 3.33809922e-01 3.33809922e-01 3.33809922e-01 3.33809922e-01 3.33809922e-01 3.33809922e-01 3.33809922e-01 3.33809922e-01 3.33809922e-01 3.33809922e-01 3.33809922e-01 3.33809922e-01 3.33809922e-01 3.33809922e-01 3.33809922e-01 3.33809922e-01 3.33809922e-01 3.33809922e-01 3.33809922e-01 3.33809922e-01
3.20650452e-01 3.20650452e-01 3.20650452e-01 3.20650452e-01 3.20650452e-01 3.20650452e-01 3.20650452e-01 3.20650452e-01 3.20650452e-01 3.20650452e-01 3.20650452e-01 3.20650452e-01 3.20650452e-01 3.20650452e-01 3.20650452e-01 3.20650452e-01 3.20650452e-01 3.20650452e-01 3.20650452e-01 3.20650452e-01 3.20650452e-01 3.20650452e-01 3.20650452e-01 3.20650452e-01 3.20650452e-01 3.20650452e-01 3.20650452e-01 3.20650452e-01 3.20650452e-01 3.20650452e-01 3.20650452e-01 3.20650452e-01 3.20650452e-01 3.20650452e-01 3.20650452e-01 3.20650452e-01 3.20650452e-01 3.20650452e-01 3.20650452e-01 3.20650452e-01 3.20650452e-01 3.20650452e-01 3.20650452e-01 3.20650452e-01 3.20650452e-01 3.20650452e-01 3.20650452e-01 3.20650452e-01 3.20650452e-01 3.20650452e-01 3.20650452e-01 3.20650452e-01 3.20650452e-01 3.20650452e-01 3.20650452e-01 3.20650452e-01 3.20650452e-01 3.20650452e-01 3.20650452e-01 3.20650452e-01 3.20650452e-01 3.20650452e-01 3.20650452e-01 3.20650452e-01 3.20650452e-01 3.20650452e-01 3.20650452e-01 3.20650452e-01 3.20650452e-01 3.20650452e-01 3.20650452e-01 3.20650452e-01 3.20650452e-01 3.20650452e-01 3.20650452e-01 3.20650452e-01 3.20650452e-01 3.20650452e-01 3.20650452e-01 3.20650452e-01 3.20650452e-01 3.20650452e-01 3.20650452e-01 3.20650452e-01 3.20650452e-01 3.20650452e-01 3.20650452e-01 3.20650452e-01 3.20650452e-01 3.20650452e-01 3.20650452e-01 3.20650452e-01 3.20650452e-01 3.20650452e-01 3.20650452e-01 3.20650452e-01 3.20650452e-01 3.20650452e-01 3.20650452e-01 3.20650452e-01 3.20650452e-01 3.20650452e-01 3.20650452e-01 3.20650452e-01 3.20650452e-01 3.20650452e-01 3.20650452e-01 3.20650452e-01 3.20650452e-01 3.20650452e-01 3.20650452e-01 3.20650452e-01 3.20650452e-01 3.20650452e-01 3.20650452e-01 3.20650452e-01 3.20650452e-01 3.20650452e-01 3.20650452e-01 3.20650452e-01 3.20650452e-01 3.20650452e-01 3.20650452e-01 3.20650452e-01 3.20650452e-01 3.20650452e-01 3.20650452e-01 3.20650452e-01 3.20650452e-01 3.20650452e-01 3.20650452e-01 3.20650452e-01 3.20650452e-01 3.20650452e-01 3.20650452e-01 3.20650452e-01 3.20650452e-01 3.20650452e-01 3.20650452e-01 3.20650452e-01 3.20650452e-01 3.20650452e-01 3.20650452e-01 3.20650452e-01 3.20650452e-01 3.20650452e-01 3.20650452e-01 3.20650452e-01 3.20650452e-01 3.20650452e-01 3.20650452e-01 3.20650452e-01 3.20650452e-01 3.20650452e-01 3.20650452e-01 3.20650452e-01 3.20650452e-01 3.20650452e-01 3.20650452e-01 3.20650452e-01 3.20650452e-01 3.20650452e-01 3.20650452e-01 3.20650452e-01 3.20650452e-01 3.20650452e-01 3.20650452e-01 3.20650452e-01 3.20650452e-01 3.20650452e-01 3.20650452e-01 3.20650452e-01 3.20650452e-01 3.20650452e-01 3.20650452e-01 3.20650452e-01 3.20650452e-01 3.20650452e-01 3.20650452e-01 3.20650452e-01 3.20650452e-01 3.20650452e-01 3.20650452e-01 3.20650452e-01 3.20650452e-01 3.20650452e-01 3.20650452e-01 3.20650452e-01 3.20650452e-01 3.20650452e-01 3.20650452e-01 3.20650452e-01 3.20650452e-01 3.20650452e-01 3.20650452e-01 3.20650452e-01 3.20650452e-01 3.20650452e-01 3.20650452e-01 3.20650452e-01
3.07652570e-01 3.07652570e-01 3.07652570e-01 3.07652570e-01 3.07652570e-01 3.07652570e-01 3.07652570e-01 3.07652570e-01 3.07652570e-01 3.07652570e-01 3.07652570e-01 3.07652570e-01 3.07652570e-01 3.07652570e-01 3.07652570e-01 3.07652570e-01 3.07652570e-01 3.07652570e-01 3.07652570e-01 3.07652570e-01 3.07652570e-01 3.07652570e-01 3.07652570e-01 3.07652570e-01 3.07652570e-01 3.07652570e-01 3.07652570e-01 3.07652570e-01 3.07652570e-01 3.07652570e-01 3.07652570e-01 3.07652570e-01 3.07652570e-01 3.07652570e-01 3.07652570e-01 3.07652570e-01 3.07652570e-01 3.07652570e-01 3.07652570e-01 3.07652570e-01 3.07652570e-01 3.07652570e-01 3.07652570e-01 3.07652570e-01 3.07652570e-01 3.07652570e-01 3.07652570e-01 3.07652570e-01 3.07652570e-01 3.07652570e-01 3.07652570e-01 3.07652570e-01 3.07652570e-01 3.07652570e-01 3.07652570e-01 3.07652570e-01 3.07652570e-01 3.07652570e-01 3.07652570e-01 3.07652570e-01 3.07652570e-01 3.07652570e-01 3.07652570e-01 3.07652570e-01 3.07652570e-01 3.07652570e-01 3.07652570e-01 3.07652570e-01 3.07652570e-01 3.07652570e-01 3.07652570e-01 3.07652570e-01 3.07652570e-01 3.07652570e-01 3.07652570e-01 3.07652570e-01 3.07652570e-01 3.07652570e-01 3.07652570e-01 3.07652570e-01 3.07652570e-01 3.07652570e-01 3.07652570e-01 3.07652570e-01 3.07652570e-01 3.07652570e-01 3.07652570e-01 3.07652570e-01 3.07652570e-01 3.07652570e-01 3.07652570e-01 3.07652570e-01 3.07652570e-01 3.07652570e-01 3.07652570e-01 3.07652570e-01 3.07652570e-01 3.07652570e-01 3.07652570e-01 3.07652570e-01 3.07652570e-01 3.07652570e-01 3.07652570e-01 3.07652570e-01 3.07652570e-01 3.07652570e-01 3.07652570e-01 3.07652570e-01 3.07652570e-01 3.07652570e-01 3.07652570e-01 3.07652570e-01 3.07652570e-01 3.07652570e-01 3.07652570e-01 3.07652570e-01 3.07652570e-01 3.07652570e-01 3.07652570e-01 3.07652570e-01 3.07652570e-01 3.07652570e-01 3.07652570e-01 3.07652570e-01 3.07652570e-01 3.07652570e-01 3.07652570e-01 3.07652570e-01 3.07652570e-01 3.07652570e-01 3.07652570e-01 3.07652570e-01 3.07652570e-01 3.07652570e-01 3.07652570e-01 3.07652570e-01 3.07652570e-01 3.07652570e-01 3.07652570e-01 3.07652570e-01 3.07652570e-01 3.07652570e-01 3.07652570e-01 3.07652570e-01 3.07652570e-01 3.07652570e-01 3.07652570e-01 3.07652570e-01 3.07652570e-01 3.07652570e-01 3.07652570e-01 3.07652570e-01 3.07652570e-01 3.07652570e-01 3.07652570e-01 3.07652570e-01 3.07652570e-01 3.07652570e-01 3.07652570e-01 3.07652570e-01 3.07652570e-01 3.07652570e-01 3.07652570e-01 3.07652570e-01 3.07652570e-01 3.07652570e-01 3.07652570e-01 3.07652570e-01 3.07652570e-01 3.07652570e-01 3.07652570e-01 3.07652570e-01 3.07652570e-01 3.07652570e-01 3.07652570e-01 3.07652570e-01 3.07652570e-01 3.07652570e-01 3.07652570e-01 3.07652570e-01 3.07652570e-01 3.07652570e-01 3.07652570e-01 3.07652570e-01 3.07652570e-01 3.07652570e-01 3.07652570e-01 3.07652570e-01 3.07652570e-01 3.07652570e-01 3.07652570e-01 3.07652570e-01 3.07652570e-01 3.07652570e-01 3.07652570e-01 3.07652570e-01 3.07652570e-01 3.07652570e-01 3.07652570e-01 3.07652570e-01
2.94829871e-01 2.94829871e-01 2.94829871e-01 2.94829871e-01 2.94829871e-01 2.94829871e-01 2.94829871e-01 2.94829871e-01 2.94829871e-01 2.94829871e-01 2.94829871e-01 2.94829871e-01 2.94829871e-01 2.94829871e-01 2.94829871e-01 2.94829871e-01 2.94829871e-01 2.94829871e-01 2.94829871e-01 2.94829871e-01 2.94829871e-01 2.94829871e-01 2.94829871e-01 2.94829871e-01 2.94829871e-01 2.94829871e-01 2.94829871e-01 2.94829871e-01 2.94829871e-01 2.94829871e-01 2.94829871e-01 2.94829871e-01 2.94829871e-01 2.94829871e-01 2.94829871e-01 2.94829871e-01 2.94829871e-01 2.94829871e-01 2.94829871e-01 2.94829871e-01 2.94829871e-01 2.94829871e-01 2.94829871e-01 2.94829871e-01 2.94829871e-01 2.94829871e-01 2.94829871e-01 2.94829871e-01 2.94829871e-01 2.94829871e-01 2.94829871e-01 2.94829871e-01 2.94829871e-01 2.94829871e-01 2.94829871e-01 2.94829871e-01 2.94829871e-01 2.94829871e-01 2.94829871e-01 2.94829871e-01 2.94829871e-01 2.94829871e-01 2.94829871e-01 2.94829871e-01 2.94829871e-01 2.94829871e-01 2.94829871e-01 2.94829871e-01 2.94829871e-01 2.94829871e-01 2.94829871e-01 2.94829871e-01 2.94829871e-01 2.94829871e-01 2.94829871e-01 2.94829871e-01 2.94829871e-01 2.94829871e-01 2.94829871e-01 2.94829871e-01 2.94829871e-01 2.94829871e-01 2.94829871e-01 2.94829871e-01 2.94829871e-01 2.94829871e-01 2.94829871e-01 2.94829871e-01 2.94829871e-01 2.94829871e-01 2.94829871e-01 2.94829871e-01 2.94829871e-01 2.94829871e-01 2.94829871e-01 2.94829871e-01 2.94829871e-01 2.94829871e-01 2.94829871e-01 2.94829871e-01 2.94829871e-01 2.94829871e-01 2.94829871e-01 2.94829871e-01 2.94829871e-01 2.94829871e-01 2.94829871e-01 2.94829871e-01 2.94829871e-01 2.94829871e-01 2.94829871e-01 2.94829871e-01 2.94829871e-01 2.94829871e-01 2.94829871e-01 2.94829871e-01 2.94829871e-01 2.94829871e-01 2.94829871e-01 2.94829871e-01 2.94829871e-01 2.94829871e-01 2.94829871e-01 2.94829871e-01 2.94829871e-01 2.94829871e-01 2.94829871e-01 2.94829871e-01 2.94829871e-01 2.94829871e-01 2.94829871e-01 2.94829871e-01 2.94829871e-01 2.94829871e-01 2.94829871e-01 2.94829871e-01 2.94829871e-01 2.94829871e-01 2.94829871e-01 2.94829871e-01 2.94829871e-01 2.94829871e-01 2.94829871e-01 2.94829871e-01 2.94829871e-01 2.94829871e-01 2.94829871e-01 2.94829871e-01 2.94829871e-01 2.94829871e-01 2.94829871e-01 2.94829871e-01 2.94829871e-01 2.94829871e-01 2.94829871e-01 2.94829871e-01 2.94829871e-01 2.94829871e-01 2.94829871e-01 2.94829871e-01 2.94829871e-01 2.94829871e-01 2.94829871e-01 2.94829871e-01 2.94829871e-01 2.94829871e-01 2.94829871e-01 2.94829871e-01 2.94829871e-01 2.94829871e-01 2.94829871e-01 2.94829871e-01 2.94829871e-01 2.94829871e-01 2.94829871e-01 2.94829871e-01 2.94829871e-01 2.94829871e-01 2.94829871e-01 2.94829871e-01 2.94829871e-01 2.94829871e-01 2.94829871e-01 2.94829871e-01 2.94829871e-01 2.94829871e-01 2.94829871e-01 2.94829871e-01 2.94829871e-01 2.94829871e-01 2.94829871e-01 2.94829871e-01 2.94829871e-01 2.94829871e-01 2.94829871e-01 2.94829871e-01 2.94829871e-01 2.94829871e-01 2.94829871e-01 2.94829871e-01
2.82196084e-01 2.82196084e-01 2.82196084e-01 2.82196084e-01 2.82196084e-01 2.82196084e-01 2.82196084e-01 2.82196084e-01 2.82196084e-01 2.82196084e-01 2.82196084e-01 2.82196084e-01 2.82196084e-01 2.82196084e-01 2.82196084e-01 2.82196084e-01 2.82196084e-01 2.82196084e-01 2.82196084e-01 2.82196084e-01 2.82196084e-01 2.82196084e-01 2.82196084e-01 2.82196084e-01 2.82196084e-01 2.82196084e-01 2.82196084e-01 2.82196084e-01 2.82196084e-01 2.82196084e-01 2.82196084e-01 2.82196084e-01 2.82196084e-01 2.82196084e-01 2.82196084e-01 2.82196084e-01 2.82196084e-01 2.82196084e-01 2.82196084e-01 2.82196084e-01 2.82196084e-01 2.82196084e-01 2.82196084e-01 2.82196084e-01 2.82196084e-01 2.82196084e-01 2.82196084e-01 2.82196084e-01 2.82196084e-01 2.82196084e-01 2.82196084e-01 2.82196084e-01 2.82196084e-01 2.82196084e-01 2.82196084e-01 2.82196084e-01 2.82196084e-01 2.82196084e-01 2.82196084e-01 2.82196084e-01 2.82196084e-01 2.82196084e-01 2.82196084e-01 2.82196084e-01 2.82196084e-01 2.82196084e-01 2.82196084e-01 2.82196084e-01 2.82196084e-01 2.82196084e-01 2.82196084e-01 2.82196084e-01 2.82196084e-01 2.82196084e-01 2.82196084e-01 2.82196084e-01 2.82196084e-01 2.82196084e-01 2.82196084e-01 2.82196084e-01 2.82196084e-01 2.82196084e-01 2.82196084e-01 2.82196084e-01 2.82196084e-01 2.82196084e-01 2.82196084e-01 2.82196084e-01 2.82196084e-01 2.82196084e-01 2.82196084e-01 2.82196084e-01 2.82196084e-01 2.82196084e-01 2.82196084e-01 2.82196084e-01 2.82196084e-01 2.82196084e-01 2.82196084e-01 2.82196084e-01 2.82196084e-01 2.82196084e-01 2.82196084e-01 2.82196084e-01 2.82196084e-01 2.82196084e-01 2.82196084e-01 2.82196084e-01 2.82196084e-01 2.82196084e-01 2.82196084e-01 2.82196084e-01 2.82196084e-01 2.82196084e-01 2.82196084e-01 2.82196084e-01 2.82196084e-01 2.82196084e-01 2.82196084e-01 2.82196084e-01 2.82196084e-01 2.82196084e-01 2.82196084e-01 2.82196084e-01 2.82196084e-01 2.82196084e-01 2.82196084e-01 2.82196084e-01 2.82196084e-01 2.82196084e-01 2.82196084e-01 2.82196084e-01 2.82196084e-01 2.82196084e-01 2.82196084e-01 2.82196084e-01 2.82196084e-01 2.82196084e-01 2.82196084e-01 2.82196084e-01 2.82196084e-01 2.82196084e-01 2.82196084e-01 2.82196084e-01 2.82196084e-01 2.82196084e-01 2.82196084e-01 2.82196084e-01 2.82196084e-01 2.82196084e-01 2.82196084e-01 2.82196084e-01 2.82196084e-01 2.82196084e-01 2.82196084e-01 2.82196084e-01 2.82196084e-01 2.82196084e-01 2.82196084e-01 2.82196084e-01 2.82196084e-01 2.82196084e-01 2.82196084e-01 2.82196084e-01 2.82196084e-01 2.82196084e-01 2.82196084e-01 2.82196084e-01 2.82196084e-01 2.82196084e-01 2.82196084e-01 2.82196084e-01 2.82196084e-01 2.82196084e-01 2.82196084e-01 2.82196084e-01 2.82196084e-01 2.82196084e-01 2.82196084e-01 2.82196084e-01 2.82196084e-01 2.82196084e-01 2.82196084e-01 2.82196084e-01 2.82196084e-01 2.82196084e-01 2.82196084e-01 2.82196084e-01 2.82196084e-01 2.82196084e-01 2.82196084e-01 2.82196084e-01 2.82196084e-01 2.82196084e-01 2.82196084e-01 2.82196084e-01 2.82196084e-01 2.82196084e-01 2.82196084e-01 2.82196084e-01
2.69765018e-01 2.69765018e-01 2.69765018e-01 2.69765018e-01 2.69765018e-01 2.69765018e-01 2.69765018e-01 2.69765018e-01 2.69765018e-01 2.69765018e-01 2.69765018e-01 2.69765018e-01 2.69765018e-01 2.69765018e-01 2.69765018e-01 2.69765018e-01 2.69765018e-01 2.69765018e-01 2.69765018e-01 2.69765018e-01 2.69765018e-01 2.69765018e-01 2.69765018e-01 2.69765018e-01 2.69765018e-01 2.69765018e-01 2.69765018e-01 2.69765018e-01 2.69765018e-01 2.69765018e-01 2.69765018e-01 2.69765018e-01 2.69765018e-01 2.69765018e-01 2.69765018e-01 2.69765018e-01 2.69765018e-01 2.69765018e-01 2.69765018e-01 2.69765018e-01 2.69765018e-01 2.69765018e-01 2.69765018e-01 2.69765018e-01 2.69765018e-01 2.69765018e-01 2.69765018e-01 2.69765018e-01 2.69765018e-01 2.69765018e-01 2.69765018e-01 2.69765018e-01 2.69765018e-01 2.69765018e-01 2.69765018e-01 2.69765018e-01 2.69765018e-01 2.69765018e-01 2.69765018e-01 2.69765018e-01 2.69765018e-01 2.69765018e-01 2.69765018e-01 2.69765018e-01 2.69765018e-01 2.69765018e-01 2.69765018e-01 2.69765018e-01 2.69765018e-01 2.69765018e-01 2.69765018e-01 2.69765018e-01 2.69765018e-01 2.69765018e-01 2.69765018e-01 2.69765018e-01 2.69765018e-01 2.69765018e-01 2.69765018e-01 2.69765018e-01 2.69765018e-01 2.69765018e-01 2.69765018e-01 2.69765018e-01 2.69765018e-01 2.69765018e-01 2.69765018e-01 2.69765018e-01 2.69765018e-01 2.69765018e-01 2.69765018e-01 2.69765018e-01 2.69765018e-01 2.69765018e-01 2.69765018e-01 2.69765018e-01 2.69765018e-01 2.69765018e-01 2.69765018e-01 2.69765018e-01 2.69765018e-01 2.69765018e-01 2.69765018e-01 2.69765018e-01 2.69765018e-01 2.69765018e-01 2.69765018e-01 2.69765018e-01 2.69765018e-01 2.69765018e-01 2.69765018e-01 2.69765018e-01 2.69765018e-01 2.69765018e-01 2.69765018e-01 2.69765018e-01 2.69765018e-01 2.69765018e-01 2.69765018e-01 2.69765018e-01 2.69765018e-01 2.69765018e-01 2.69765018e-01 2.69765018e-01 2.69765018e-01 2.69765018e-01 2.69765018e-01 2.69765018e-01 2.69765018e-01 2.69765018e-01 2.69765018e-01 2.69765018e-01 2.69765018e-01 2.69765018e-01 2.69765018e-01 2.69765018e-01 2.69765018e-01 2.69765018e-01 2.69765018e-01 2.69765018e-01 2.69765018e-01 2.69765018e-01 2.69765018e-01 2.69765018e-01 2.69765018e-01 2.69765018e-01 2.69765018e-01 2.69765018e-01 2.69765018e-01 2.69765018e-01 2.69765018e-01 2.69765018e-01 2.69765018e-01 2.69765018e-01 2.69765018e-01 2.69765018e-01 2.69765018e-01 2.69765018e-01 2.69765018e-01 2.69765018e-01 2.69765018e-01 2.69765018e-01 2.69765018e-01 2.69765018e-01 2.69765018e-01 2.69765018e-01 2.69765018e-01 2.69765018e-01 2.69765018e-01 2.69765018e-01 2.69765018e-01 2.69765018e-01 2.69765018e-01 2.69765018e-01 2.69765018e-01 2.69765018e-01 2.69765018e-01 2.69765018e-01 2.69765018e-01 2.69765018e-01 2.69765018e-01 2.69765018e-01 2.69765018e-01 2.69765018e-01 2.69765018e-01 2.69765018e-01 2.69765018e-01 2.69765018e-01 2.69765018e-01 2.69765018e-01 2.69765018e-01 2.69765018e-01 2.69765018e-01 2.69765018e-01 2.69765018e-01 2.69765018e-01 2.69765018e-01 2.69765018e-01 2.69765018e-01 2.69765018e-01
2.57550485e-01 2.57550485e-01 2.57550485e-01 2.57550485e-01 2.57550485e-01 2.57550485e-01 2.57550485e-01 2.57550485e-01 2.57550485e-01 2.57550485e-01 2.57550485e-01 2.57550485e-01 2.57550485e-01 2.57550485e-01 2.57550485e-01 2.57550485e-01 2.57550485e-01 2.57550485e-01 2.57550485e-01 2.57550485e-01 2.57550485e-01 2.57550485e-01 2.57550485e-01 2.57550485e-01 2.57550485e-01 2.57550485e-01 2.57550485e-01 2.57550485e-01 2.57550485e-01 2.57550485e-01 2.57550485e-01 2.57550485e-01 2.57550485e-01 2.57550485e-01 2.57550485e-01 2.57550485e-01 2.57550485e-01 2.57550485e-01 2.57550485e-01 2.57550485e-01 2.57550485e-01 2.57550485e-01 2.57550485e-01 2.57550485e-01 2.57550485e-01 2.57550485e-01 2.57550485e-01 2.57550485e-01 2.57550485e-01 2.57550485e-01 2.57550485e-01 2.57550485e-01 2.57550485e-01 2.57550485e-01 2.57550485e-01 2.57550485e-01 2.57550485e-01 2.57550485e-01 2.57550485e-01 2.57550485e-01 2.57550485e-01 2.57550485e-01 2.57550485e-01 2.57550485e-01 2.57550485e-01 2.57550485e-01 2.57550485e-01 2.57550485e-01 2.57550485e-01 2.57550485e-01 2.57550485e-01 2.57550485e-01 2.57550485e-01 2.57550485e-01 2.57550485e-01 2.57550485e-01 2.57550485e-01 2.57550485e-01 2.57550485e-01 2.57550485e-01 2.57550485e-01 2.57550485e-01 2.57550485e-01 2.57550485e-01 2.57550485e-01 2.57550485e-01 2.57550485e-01 2.57550485e-01 2.57550485e-01 2.57550485e-01 2.57550485e-01 2.57550485e-01 2.57550485e-01 2.57550485e-01 2.57550485e-01 2.57550485e-01 2.57550485e-01 2.57550485e-01 2.57550485e-01 2.57550485e-01 2.57550485e-01 2.57550485e-01 2.57550485e-01 2.57550485e-01 2.57550485e-01 2.57550485e-01 2.57550485e-01 2.57550485e-01 2.57550485e-01 2.57550485e-01 2.57550485e-01 2.57550485e-01 2.57550485e-01 2.57550485e-01 2.57550485e-01 2.57550485e-01 2.57550485e-01 2.57550485e-01 2.57550485e-01 2.57550485e-01 2.57550485e-01 2.57550485e-01 2.57550485e-01 2.57550485e-01 2.57550485e-01 2.57550485e-01 2.57550485e-01 2.57550485e-01 2.57550485e-01 2.57550485e-01 2.57550485e-01 2.57550485e-01 2.57550485e-01 2.57550485e-01 2.57550485e-01 2.57550485e-01 2.57550485e-01 2.57550485e-01 2.57550485e-01 2.57550485e-01 2.57550485e-01 2.57550485e-01 2.57550485e-01 2.57550485e-01 2.57550485e-01 2.57550485e-01 2.57550485e-01 2.57550485e-01 2.57550485e-01 2.57550485e-01 2.57550485e-01 2.57550485e-01 2.57550485e-01 2.57550485e-01 2.57550485e-01 2.57550485e-01 2.57550485e-01 2.57550485e-01 2.57550485e-01 2.57550485e-01 2.57550485e-01 2.57550485e-01 2.57550485e-01 2.57550485e-01 2.57550485e-01 2.57550485e-01 2.57550485e-01 2.57550485e-01 2.57550485e-01 2.57550485e-01 2.57550485e-01 2.57550485e-01 2.57550485e-01 2.57550485e-01 2.57550485e-01 2.57550485e-01 2.57550485e-01 2.57550485e-01 2.57550485e-01 2.57550485e-01 2.57550485e-01 2.57550485e-01 2.57550485e-01 2.57550485e-01 2.57550485e-01 2.57550485e-01 2.57550485e-01 2.57550485e-01 2.57550485e-01 2.57550485e-01 2.57550485e-01 2.57550485e-01 2.57550485e-01 2.57550485e-01 2.57550485e-01 2.57550485e-01 2.57550485e-01 2.57550485e-01 2.57550485e-01 2.57550485e-01
2.45566216e-01 2.45566216e-01 2.45566216e-01 2.45566216e-01 2.45566216e-01 2.45566216e-01 2.45566216e-01 2.45566216e-01 2.45566216e-01 2.45566216e-01 2.45566216e-01 2.45566216e-01 2.45566216e-01 2.45566216e-01 2.45566216e-01 2.45566216e-01 2.45566216e-01 2.45566216e-01 2.45566216e-01 2.45566216e-01 2.45566216e-01 2.45566216e-01 2.45566216e-01 2.45566216e-01 2.45566216e-01 2.45566216e-01 2.45566216e-01 2.45566216e-01 2.45566216e-01 2.45566216e-01 2.45566216e-01 2.45566216e-01 2.45566216e-01 2.45566216e-01 2.45566216e-01 2.45566216e-01 2.45566216e-01 2.45566216e-01 2.45566216e-01 2.45566216e-01 2.45566216e-01 2.45566216e-01 2.45566216e-01 2.45566216e-01 2.45566216e-01 2.45566216e-01 2.45566216e-01 2.45566216e-01 2.45566216e-01 2.45566216e-01 2.45566216e-01 2.45566216e-01 2.45566216e-01 2.45566216e-01 2.45566216e-01 2.45566216e-01 2.45566216e-01 2.45566216e-01 2.45566216e-01 2.45566216e-01 2.45566216e-01 2.45566216e-01 2.45566216e-01 2.45566216e-01 2.45566216e-01 2.45566216e-01 2.45566216e-01 2.45566216e-01 2.45566216e-01 2.45566216e-01 2.45566216e-01 2.45566216e-01 2.45566216e-01 2.45566216e-01 2.45566216e-01 2.45566216e-01 2.45566216e-01 2.45566216e-01 2.45566216e-01 2.45566216e-01 2.45566216e-01 2.45566216e-01 2.45566216e-01 2.45566216e-01 2.45566216e-01 2.45566216e-01 2.45566216e-01 2.45566216e-01 2.45566216e-01 2.45566216e-01 2.45566216e-01 2.45566216e-01 2.45566216e-01 2.45566216e-01 2.45566216e-01 2.45566216e-01 2.45566216e-01 2.45566216e-01 2.45566216e-01 2.45566216e-01 2.45566216e-01 2.45566216e-01 2.45566216e-01 2.45566216e-01 2.45566216e-01 2.45566216e-01 2.45566216e-01 2.45566216e-01 2.45566216e-01 2.45566216e-01 2.45566216e-01 2.45566216e-01 2.45566216e-01 2.45566216e-01 2.45566216e-01 2.45566216e-01 2.45566216e-01 2.45566216e-01 2.45566216e-01 2.45566216e-01 2.45566216e-01 2.45566216e-01 2.45566216e-01 2.45566216e-01 2.45566216e-01 2.45566216e-01 2.45566216e-01 2.45566216e-01 2.45566216e-01 2.45566216e-01 2.45566216e-01 2.45566216e-01 2.45566216e-01 2.45566216e-01 2.45566216e-01 2.45566216e-01 2.45566216e-01 2.45566216e-01 2.45566216e-01 2.45566216e-01 2.45566216e-01 2.45566216e-01 2.45566216e-01 2.45566216e-01 2.45566216e-01 2.45566216e-01 2.45566216e-01 2.45566216e-01 2.45566216e-01 2.45566216e-01 2.45566216e-01 2.45566216e-01 2.45566216e-01 2.45566216e-01 2.45566216e-01 2.45566216e-01 2.45566216e-01 2.45566216e-01 2.45566216e-01 2.45566216e-01 2.45566216e-01 2.45566216e-01 2.45566216e-01 2.45566216e-01 2.45566216e-01 2.45566216e-01 2.45566216e-01 2.45566216e-01 2.45566216e-01 2.45566216e-01 2.45566216e-01 2.45566216e-01 2.45566216e-01 2.45566216e-01 2.45566216e-01 2.45566216e-01 2.45566216e-01 2.45566216e-01 2.45566216e-01 2.45566216e-01 2.45566216e-01 2.45566216e-01 2.45566216e-01 2.45566216e-01 2.45566216e-01 2.45566216e-01 2.45566216e-01 2.45566216e-01 2.45566216e-01 2.45566216e-01 2.45566216e-01 2.45566216e-01 2.45566216e-01 2.45566216e-01 2.45566216e-01 2.45566216e-01 2.45566216e-01 2.45566216e-01 2.45566216e-01 2.45566216e-01
2.33825767e-01 2.33825767e-01 2.33825767e-01 2.33825767e-01 2.33825767e-01 2.33825767e-01 2.33825767e-01 2.33825767e-01 2.33825767e-01 2.33825767e-01 2.33825767e-01 2.33825767e-01 2.33825767e-01 2.33825767e-01 2.33825767e-01 2.33825767e-01 2.33825767e-01 2.33825767e-01 2.33825767e-01 2.33825767e-01 2.33825767e-01 2.33825767e-01 2.33825767e-01 2.33825767e-01 2.33825767e-01 2.33825767e-01 2.33825767e-01 2.33825767e-01 2.33825767e-01 2.33825767e-01 2.33825767e-01 2.33825767e-01 2.33825767e-01 2.33825767e-01 2.33825767e-01 2.33825767e-01 2.33825767e-01 2.33825767e-01 2.33825767e-01 2.33825767e-01 2.33825767e-01 2.33825767e-01 2.33825767e-01 2.33825767e-01 2.33825767e-01 2.33825767e-01 2.33825767e-01 2.33825767e-01 2.33825767e-01 2.33825767e-01 2.33825767e-01 2.33825767e-01 2.33825767e-01 2.33825767e-01 2.33825767e-01 2.33825767e-01 2.33825767e-01 2.33825767e-01 2.33825767e-01 2.33825767e-01 2.33825767e-01 2.33825767e-01 2.33825767e-01 2.33825767e-01 2.33825767e-01 2.33825767e-01 2.33825767e-01 2.33825767e-01 2.33825767e-01 2.33825767e-01 2.33825767e-01 2.33825767e-01 2.33825767e-01 2.33825767e-01 2.33825767e-01 2.33825767e-01 2.33825767e-01 2.33825767e-01 2.33825767e-01 2.33825767e-01 2.33825767e-01 2.33825767e-01 2.33825767e-01 2.33825767e-01 2.33825767e-01 2.33825767e-01 2.33825767e-01 2.33825767e-01 2.33825767e-01 2.33825767e-01 2.33825767e-01 2.33825767e-01 2.33825767e-01 2.33825767e-01 2.33825767e-01 2.33825767e-01 2.33825767e-01 2.33825767e-01 2.33825767e-01 2.33825767e-01 2.33825767e-01 2.33825767e-01 2.33825767e-01 2.33825767e-01 2.33825767e-01 2.33825767e-01 2.33825767e-01 2.33825767e-01 2.33825767e-01 2.33825767e-01 2.33825767e-01 2.33825767e-01 2.33825767e-01 2.33825767e-01 2.33825767e-01 2.33825767e-01 2.33825767e-01 2.33825767e-01 2.33825767e-01 2.33825767e-01 2.33825767e-01 2.33825767e-01 2.33825767e-01 2.33825767e-01 2.33825767e-01 2.33825767e-01 2.33825767e-01 2.33825767e-01 2.33825767e-01 2.33825767e-01 2.33825767e-01 2.33825767e-01 2.33825767e-01 2.33825767e-01 2.33825767e-01 2.33825767e-01 2.33825767e-01 2.33825767e-01 2.33825767e-01 2.33825767e-01 2.33825767e-01 2.33825767e-01 2.33825767e-01 2.33825767e-01 2.33825767e-01 2.33825767e-01 2.33825767e-01 2.33825767e-01 2.33825767e-01 2.33825767e-01 2.33825767e-01 2.33825767e-01 2.33825767e-01 2.33825767e-01 2.33825767e-01 2.33825767e-01 2.33825767e-01 2.33825767e-01 2.33825767e-01 2.33825767e-01 2.33825767e-01 2.33825767e-01 2.33825767e-01 2.33825767e-01 2.33825767e-01 2.33825767e-01 2.33825767e-01 2.33825767e-01 2.33825767e-01 2.33825767e-01 2.33825767e-01 2.33825767e-01 2.33825767e-01 2.33825767e-01 2.33825767e-01 2.33825767e-01 2.33825767e-01 2.33825767e-01 2.33825767e-01 2.33825767e-01 2.33825767e-01 2.33825767e-01 2.33825767e-01 2.33825767e-01 2.33825767e-01 2.33825767e-01 2.33825767e-01 2.33825767e-01 2.33825767e-01 2.33825767e-01 2.33825767e-01 2.33825767e-01 2.33825767e-01 2.33825767e-01 2.33825767e-01 2.33825767e-01 2.33825767e-01 2.33825767e-01 2.33825767e-01 2.33825767e-01
2.22342417e-01 2.22342417e-01 2.22342417e-01 2.22342417e-01 2.22342417e-01 2.22342417e-01 2.22342417e-01 2.22342417e-01 2.22342417e-01 2.22342417e-01 2.22342417e-01 2.22342417e-01 2.22342417e-01 2.22342417e-01 2.22342417e-01 2.22342417e-01 2.22342417e-01 2.22342417e-01 2.22342417e-01 2.22342417e-01 2.22342417e-01 2.22342417e-01 2.22342417e-01 2.22342417e-01 2.22342417e-01 2.22342417e-01 2.22342417e-01 2.22342417e-01 2.22342417e-01 2.22342417e-01 2.22342417e-01 2.22342417e-01 2.22342417e-01 2.22342417e-01 2.22342417e-01 2.22342417e-01 2.22342417e-01 2.22342417e-01 2.22342417e-01 2.22342417e-01 2.22342417e-01 2.22342417e-01 2.22342417e-01 2.22342417e-01 2.22342417e-01 2.22342417e-01 2.22342417e-01 2.22342417e-01 2.22342417e-01 2.22342417e-01 2.22342417e-01 2.22342417e-01 2.22342417e-01 2.22342417e-01 2.22342417e-01 2.22342417e-01 2.22342417e-01 2.22342417e-01 2.22342417e-01 2.22342417e-01 2.22342417e-01 2.22342417e-01 2.22342417e-01 2.22342417e-01 2.22342417e-01 2.22342417e-01 2.22342417e-01 2.22342417e-01 2.22342417e-01 2.22342417e-01 2.22342417e-01 2.22342417e-01 2.22342417e-01 2.22342417e-01 2.22342417e-01 2.22342417e-01 2.22342417e-01 2.22342417e-01 2.22342417e-01 2.22342417e-01 2.22342417e-01 2.22342417e-01 2.22342417e-01 2.22342417e-01 2.22342417e-01 2.22342417e-01 2.22342417e-01 2.22342417e-01 2.22342417e-01 2.22342417e-01 2.22342417e-01 2.22342417e-01 2.22342417e-01 2.22342417e-01 2.22342417e-01 2.22342417e-01 2.22342417e-01 2.22342417e-01 2.22342417e-01 2.22342417e-01 2.22342417e-01 2.22342417e-01 2.22342417e-01 2.22342417e-01 2.22342417e-01 2.22342417e-01 2.22342417e-01 2.22342417e-01 2.22342417e-01 2.22342417e-01 2.22342417e-01 2.22342417e-01 2.22342417e-01 2.22342417e-01 2.22342417e-01 2.22342417e-01 2.22342417e-01 2.22342417e-01 2.22342417e-01 2.22342417e-01 2.22342417e-01 2.22342417e-01 2.22342417e-01 2.22342417e-01 2.22342417e-01 2.22342417e-01 2.22342417e-01 2.22342417e-01 2.22342417e-01 2.22342417e-01 2.22342417e-01 2.22342417e-01 2.22342417e-01 2.22342417e-01 2.22342417e-01 2.22342417e-01 2.22342417e-01 2.22342417e-01 2.22342417e-01 2.22342417e-01 2.22342417e-01 2.22342417e-01 2.22342417e-01 2.22342417e-01 2.22342417e-01 2.22342417e-01 2.22342417e-01 2.22342417e-01 2.22342417e-01 2.22342417e-01 2.22342417e-01 2.22342417e-01 2.22342417e-01 2.22342417e-01 2.22342417e-01 2.22342417e-01 2.22342417e-01 2.22342417e-01 2.22342417e-01 2.22342417e-01 2.22342417e-01 2.22342417e-01 2.22342417e-01 2.22342417e-01 2.22342417e-01 2.22342417e-01 2.22342417e-01 2.22342417e-01 2.22342417e-01 2.22342417e-01 2.22342417e-01 2.22342417e-01 2.22342417e-01 2.22342417e-01 2.22342417e-01 2.22342417e-01 2.22342417e-01 2.22342417e-01 2.22342417e-01 2.22342417e-01 2.22342417e-01 2.22342417e-01 2.22342417e-01 2.22342417e-01 2.22342417e-01 2.22342417e-01 2.22342417e-01 2.22342417e-01 2.22342417e-01 2.22342417e-01 2.22342417e-01 2.22342417e-01 2.22342417e-01 2.22342417e-01 2.22342417e-01 2.22342417e-01 2.22342417e-01 2.22342417e-01 2.22342417e-01 2.22342417e-01
2.11129057e-01 2.11129057e-01 2.11129057e-01 2.11129057e-01 2.11129057e-01 2.11129057e-01 2.11129057e-01 2.11129057e-01 2.11129057e-01 2.11129057e-01 2.11129057e-01 2.11129057e-01 2.11129057e-01 2.11129057e-01 2.11129057e-01 2.11129057e-01 2.11129057e-01 2.11129057e-01 2.11129057e-01 2.11129057e-01 2.11129057e-01 2.11129057e-01 2.11129057e-01 2.11129057e-01 2.11129057e-01 2.11129057e-01 2.11129057e-01 2.11129057e-01 2.11129057e-01 2.11129057e-01 2.11129057e-01 2.11129057e-01 2.11129057e-01 2.11129057e-01 2.11129057e-01 2.11129057e-01 2.11129057e-01 2.11129057e-01 2.11129057e-01 2.11129057e-01 2.11129057e-01 2.11129057e-01 2.11129057e-01 2.11129057e-01 2.11129057e-01 2.11129057e-01 2.11129057e-01 2.11129057e-01 2.11129057e-01 2.11129057e-01 2.11129057e-01 2.11129057e-01 2.11129057e-01 2.11129057e-01 2.11129057e-01 2.11129057e-01 2.11129057e-01 2.11129057e-01 2.11129057e-01 2.11129057e-01 2.11129057e-01 2.11129057e-01 2.11129057e-01 2.11129057e-01 2.11129057e-01 2.11129057e-01 2.11129057e-01 2.11129057e-01 2.11129057e-01 2.11129057e-01 2.11129057e-01 2.11129057e-01 2.11129057e-01 2.11129057e-01 2.11129057e-01 2.11129057e-01 2.11129057e-01 2.11129057e-01 2.11129057e-01 2.11129057e-01 2.11129057e-01 2.11129057e-01 2.11129057e-01 2.11129057e-01 2.11129057e-01 2.11129057e-01 2.11129057e-01 2.11129057e-01 2.11129057e-01 2.11129057e-01 2.11129057e-01 2.11129057e-01 2.11129057e-01 2.11129057e-01 2.11129057e-01 2.11129057e-01 2.11129057e-01 2.11129057e-01 2.11129057e-01 2.11129057e-01 2.11129057e-01 2.11129057e-01 2.11129057e-01 2.11129057e-01 2.11129057e-01 2.11129057e-01 2.11129057e-01 2.11129057e-01 2.11129057e-01 2.11129057e-01 2.11129057e-01 2.11129057e-01 2.11129057e-01 2.11129057e-01 2.11129057e-01 2.11129057e-01 2.11129057e-01 2.11129057e-01 2.11129057e-01 2.11129057e-01 2.11129057e-01 2.11129057e-01 2.11129057e-01 2.11129057e-01 2.11129057e-01 2.11129057e-01 2.11129057e-01 2.11129057e-01 2.11129057e-01 2.11129057e-01 2.11129057e-01 2.11129057e-01 2.11129057e-01 2.11129057e-01 2.11129057e-01 2.11129057e-01 2.11129057e-01 2.11129057e-01 2.11129057e-01 2.11129057e-01 2.11129057e-01 2.11129057e-01 2.11129057e-01 2.11129057e-01 2.11129057e-01 2.11129057e-01 2.11129057e-01 2.11129057e-01 2.11129057e-01 2.11129057e-01 2.11129057e-01 2.11129057e-01 2.11129057e-01 2.11129057e-01 2.11129057e-01 2.11129057e-01 2.11129057e-01 2.11129057e-01 2.11129057e-01 2.11129057e-01 2.11129057e-01 2.11129057e-01 2.11129057e-01 2.11129057e-01 2.11129057e-01 2.11129057e-01 2.11129057e-01 2.11129057e-01 2.11129057e-01 2.11129057e-01 2.11129057e-01 2.11129057e-01 2.11129057e-01 2.11129057e-01 2.11129057e-01 2.11129057e-01 2.11129057e-01 2.11129057e-01 2.11129057e-01 2.11129057e-01 2.11129057e-01 2.11129057e-01 2.11129057e-01 2.11129057e-01 2.11129057e-01 2.11129057e-01 2.11129057e-01 2.11129057e-01 2.11129057e-01 2.11129057e-01 2.11129057e-01 2.11129057e-01 2.11129057e-01 2.11129057e-01 2.11129057e-01 2.11129057e-01 2.11129057e-01 2.11129057e-01 2.11129057e-01 2.11129057e-01
2.00198068e-01 2.00198068e-01 2.00198068e-01 2.00198068e-01 2.00198068e-01 2.00198068e-01 2.00198068e-01 2.00198068e-01 2.00198068e-01 2.00198068e-01 2.00198068e-01 2.00198068e-01 2.00198068e-01 2.00198068e-01 2.00198068e-01 2.00198068e-01 2.00198068e-01 2.00198068e-01 2.00198068e-01 2.00198068e-01 2.00198068e-01 2.00198068e-01 2.00198068e-01 2.00198068e-01 2.00198068e-01 2.00198068e-01 2.00198068e-01 2.00198068e-01 2.00198068e-01 2.00198068e-01 2.00198068e-01 2.00198068e-01 2.00198068e-01 2.00198068e-01 2.00198068e-01 2.00198068e-01 2.00198068e-01 2.00198068e-01 2.00198068e-01 2.00198068e-01 2.00198068e-01 2.00198068e-01 2.00198068e-01 2.00198068e-01 2.00198068e-01 2.00198068e-01 2.00198068e-01 2.00198068e-01 2.00198068e-01 2.00198068e-01 2.00198068e-01 2.00198068e-01 2.00198068e-01 2.00198068e-01 2.00198068e-01 2.00198068e-01 2.00198068e-01 2.00198068e-01 2.00198068e-01 2.00198068e-01 2.00198068e-01 2.00198068e-01 2.00198068e-01 2.00198068e-01 2.00198068e-01 2.00198068e-01 2.00198068e-01 2.00198068e-01 2.00198068e-01 2.00198068e-01 2.00198068e-01 2.00198068e-01 2.00198068e-01 2.00198068e-01 2.00198068e-01 2.00198068e-01 2.00198068e-01 2.00198068e-01 2.00198068e-01 2.00198068e-01 2.00198068e-01 2.00198068e-01 2.00198068e-01 2.00198068e-01 2.00198068e-01 2.00198068e-01 2.00198068e-01 2.00198068e-01 2.00198068e-01 2.00198068e-01 2.00198068e-01 2.00198068e-01 2.00198068e-01 2.00198068e-01 2.00198068e-01 2.00198068e-01 2.00198068e-01 2.00198068e-01 2.00198068e-01 2.00198068e-01 2.00198068e-01 2.00198068e-01 2.00198068e-01 2.00198068e-01 2.00198068e-01 2.00198068e-01 2.00198068e-01 2.00198068e-01 2.00198068e-01 2.00198068e-01 2.00198068e-01 2.00198068e-01 2.00198068e-01 2.00198068e-01 2.00198068e-01 2.00198068e-01 2.00198068e-01 2.00198068e-01 2.00198068e-01 2.00198068e-01 2.00198068e-01 2.00198068e-01 2.00198068e-01 2.00198068e-01 2.00198068e-01 2.00198068e-01 2.00198068e-01 2.00198068e-01 2.00198068e-01 2.00198068e-01 2.00198068e-01 2.00198068e-01 2.00198068e-01 2.00198068e-01 2.00198068e-01 2.00198068e-01 2.00198068e-01 2.00198068e-01 2.00198068e-01 2.00198068e-01 2.00198068e-01 2.00198068e-01 2.00198068e-01 2.00198068e-01 2.00198068e-01 2.00198068e-01 2.00198068e-01 2.00198068e-01 2.00198068e-01 2.00198068e-01 2.00198068e-01 2.00198068e-01 2.00198068e-01 2.00198068e-01 2.00198068e-01 2.00198068e-01 2.00198068e-01 2.00198068e-01 2.00198068e-01 2.00198068e-01 2.00198068e-01 2.00198068e-01 2.00198068e-01 2.00198068e-01 2.00198068e-01 2.00198068e-01 2.00198068e-01 2.00198068e-01 2.00198068e-01 2.00198068e-01 2.00198068e-01 2.00198068e-01 2.00198068e-01 2.00198068e-01 2.00198068e-01 2.00198068e-01 2.00198068e-01 2.00198068e-01 2.00198068e-01 2.00198068e-01 2.00198068e-01 2.00198068e-01 2.00198068e-01 2.00198068e-01 2.00198068e-01 2.00198068e-01 2.00198068e-01 2.00198068e-01 2.00198068e-01 2.00198068e-01 2.00198068e-01 2.00198068e-01 2.00198068e-01 2.00198068e-01 2.00198068e-01 2.00198068e-01 2.00198068e-01 2.00198068e-01 2.00198068e-01 2.00198068e-01
1.89561201e-01 1.89561201e-01 1.89561201e-01 1.89561201e-01 1.89561201e-01 1.89561201e-01 1.89561201e-01 1.89561201e-01 1.89561201e-01 1.89561201e-01 1.89561201e-01 1.89561201e-01 1.89561201e-01 1.89561201e-01 1.89561201e-01 1.89561201e-01 1.89561201e-01 1.89561201e-01 1.89561201e-01 1.89561201e-01 1.89561201e-01 1.89561201e-01 1.89561201e-01 1.89561201e-01 1.89561201e-01 1.89561201e-01 1.89561201e-01 1.89561201e-01 1.89561201e-01 1.89561201e-01 1.89561201e-01 1.89561201e-01 1.89561201e-01 1.89561201e-01 1.89561201e-01 1.89561201e-01 1.89561201e-01 1.89561201e-01 1.89561201e-01 1.89561201e-01 1.89561201e-01 1.89561201e-01 1.89561201e-01 1.89561201e-01 1.89561201e-01 1.89561201e-01 1.89561201e-01 1.89561201e-01 1.89561201e-01 1.89561201e-01 1.89561201e-01 1.89561201e-01 1.89561201e-01 1.89561201e-01 1.89561201e-01 1.89561201e-01 1.89561201e-01 1.89561201e-01 1.89561201e-01 1.89561201e-01 1.89561201e-01 1.89561201e-01 1.89561201e-01 1.89561201e-01 1.89561201e-01 1.89561201e-01 1.89561201e-01 1.89561201e-01 1.89561201e-01 1.89561201e-01 1.89561201e-01 1.89561201e-01 1.89561201e-01 1.89561201e-01 1.89561201e-01 1.89561201e-01 1.89561201e-01 1.89561201e-01 1.89561201e-01 1.89561201e-01 1.89561201e-01 1.89561201e-01 1.89561201e-01 1.89561201e-01 1.89561201e-01 1.89561201e-01 1.89561201e-01 1.89561201e-01 1.89561201e-01 1.89561201e-01 1.89561201e-01 1.89561201e-01 1.89561201e-01 1.89561201e-01 1.89561201e-01 1.89561201e-01 1.89561201e-01 1.89561201e-01 1.89561201e-01 1.89561201e-01 1.89561201e-01 1.89561201e-01 1.89561201e-01 1.89561201e-01 1.89561201e-01 1.89561201e-01 1.89561201e-01 1.89561201e-01 1.89561201e-01 1.89561201e-01 1.89561201e-01 1.89561201e-01 1.89561201e-01 1.89561201e-01 1.89561201e-01 1.89561201e-01 1.89561201e-01 1.89561201e-01 1.89561201e-01 1.89561201e-01 1.89561201e-01 1.89561201e-01 1.89561201e-01 1.89561201e-01 1.89561201e-01 1.89561201e-01 1.89561201e-01 1.89561201e-01 1.89561201e-01 1.89561201e-01 1.89561201e-01 1.89561201e-01 1.89561201e-01 1.89561201e-01 1.89561201e-01 1.89561201e-01 1.89561201e-01 1.89561201e-01 1.89561201e-01 1.89561201e-01 1.89561201e-01 1.89561201e-01 1.89561201e-01 1.89561201e-01 1.89561201e-01 1.89561201e-01 1.89561201e-01 1.89561201e-01 1.89561201e-01 1.89561201e-01 1.89561201e-01 1.89561201e-01 1.89561201e-01 1.89561201e-01 1.89561201e-01 1.89561201e-01 1.89561201e-01 1.89561201e-01 1.89561201e-01 1.89561201e-01 1.89561201e-01 1.89561201e-01 1.89561201e-01 1.89561201e-01 1.89561201e-01 1.89561201e-01 1.89561201e-01 1.89561201e-01 1.89561201e-01 1.89561201e-01 1.89561201e-01 1.89561201e-01 1.89561201e-01 1.89561201e-01 1.89561201e-01 1.89561201e-01 1.89561201e-01 1.89561201e-01 1.89561201e-01 1.89561201e-01 1.89561201e-01 1.89561201e-01 1.89561201e-01 1.89561201e-01 1.89561201e-01 1.89561201e-01 1.89561201e-01 1.89561201e-01 1.89561201e-01 1.89561201e-01 1.89561201e-01 1.89561201e-01 1.89561201e-01 1.89561201e-01 1.89561201e-01 1.89561201e-01 1.89561201e-01 1.89561201e-01 1.89561201e-01 1.89561201e-01
1.79229452e-01 1.79229452e-01 1.79229452e-01 1.79229452e-01 1.79229452e-01 1.79229452e-01 1.79229452e-01 1.79229452e-01 1.79229452e-01 1.79229452e-01 1.79229452e-01 1.79229452e-01 1.79229452e-01 1.79229452e-01 1.79229452e-01 1.79229452e-01 1.79229452e-01 1.79229452e-01 1.79229452e-01 1.79229452e-01 1.79229452e-01 1.79229452e-01 1.79229452e-01 1.79229452e-01 1.79229452e-01 1.79229452e-01 1.79229452e-01 1.79229452e-01 1.79229452e-01 1.79229452e-01 1.79229452e-01 1.79229452e-01 1.79229452e-01 1.79229452e-01 1.79229452e-01 1.79229452e-01 1.79229452e-01 1.79229452e-01 1.79229452e-01 1.79229452e-01 1.79229452e-01 1.79229452e-01 1.79229452e-01 1.79229452e-01 1.79229452e-01 1.79229452e-01 1.79229452e-01 1.79229452e-01 1.79229452e-01 1.79229452e-01 1.79229452e-01 1.79229452e-01 1.79229452e-01 1.79229452e-01 1.79229452e-01 1.79229452e-01 1.79229452e-01 1.79229452e-01 1.79229452e-01 1.79229452e-01 1.79229452e-01 1.79229452e-01 1.79229452e-01 1.79229452e-01 1.79229452e-01 1.79229452e-01 1.79229452e-01 1.79229452e-01 1.79229452e-01 1.79229452e-01 1.79229452e-01 1.79229452e-01 1.79229452e-01 1.79229452e-01 1.79229452e-01 1.79229452e-01 1.79229452e-01 1.79229452e-01 1.79229452e-01 1.79229452e-01 1.79229452e-01 1.79229452e-01 1.79229452e-01 1.79229452e-01 1.79229452e-01 1.79229452e-01 1.79229452e-01 1.79229452e-01 1.79229452e-01 1.79229452e-01 1.79229452e-01 1.79229452e-01 1.79229452e-01 1.79229452e-01 1.79229452e-01 1.79229452e-01 1.79229452e-01 1.79229452e-01 1.79229452e-01 1.79229452e-01 1.79229452e-01 1.79229452e-01 1.79229452e-01 1.79229452e-01 1.79229452e-01 1.79229452e-01 1.79229452e-01 1.79229452e-01 1.79229452e-01 1.79229452e-01 1.79229452e-01 1.79229452e-01 1.79229452e-01 1.79229452e-01 1.79229452e-01 1.79229452e-01 1.79229452e-01 1.79229452e-01 1.79229452e-01 1.79229452e-01 1.79229452e-01 1.79229452e-01 1.79229452e-01 1.79229452e-01 1.79229452e-01 1.79229452e-01 1.79229452e-01 1.79229452e-01 1.79229452e-01 1.79229452e-01 1.79229452e-01 1.79229452e-01 1.79229452e-01 1.79229452e-01 1.79229452e-01 1.79229452e-01 1.79229452e-01 1.79229452e-01 1.79229452e-01 1.79229452e-01 1.79229452e-01 1.79229452e-01 1.79229452e-01 1.79229452e-01 1.79229452e-01 1.79229452e-01 1.79229452e-01 1.79229452e-01 1.79229452e-01 1.79229452e-01 1.79229452e-01 1.79229452e-01 1.79229452e-01 1.79229452e-01 1.79229452e-01 1.79229452e-01 1.79229452e-01 1.79229452e-01 1.79229452e-01 1.79229452e-01 1.79229452e-01 1.79229452e-01 1.79229452e-01 1.79229452e-01 1.79229452e-01 1.79229452e-01 1.79229452e-01 1.79229452e-01 1.79229452e-01 1.79229452e-01 1.79229452e-01 1.79229452e-01 1.79229452e-01 1.79229452e-01 1.79229452e-01 1.79229452e-01 1.79229452e-01 1.79229452e-01 1.79229452e-01 1.79229452e-01 1.79229452e-01 1.79229452e-01 1.79229452e-01 1.79229452e-01 1.79229452e-01 1.79229452e-01 1.79229452e-01 1.79229452e-01 1.79229452e-01 1.79229452e-01 1.79229452e-01 1.79229452e-01 1.79229452e-01 1.79229452e-01 1.79229452e-01 1.79229452e-01 1.79229452e-01 1.79229452e-01 1.79229452e-01 1.79229452e-01
1.69212934e-01 1.69212934e-01 1.69212934e-01 1.69212934e-01 1.69212934e-01 1.69212934e-01 1.69212934e-01 1.69212934e-01 1.69212934e-01 1.69212934e-01 1.69212934e-01 1.69212934e-01 1.69212934e-01 1.69212934e-01 1.69212934e-01 1.69212934e-01 1.69212934e-01 1.69212934e-01 1.69212934e-01 1.69212934e-01 1.69212934e-01 1.69212934e-01 1.69212934e-01 1.69212934e-01 1.69212934e-01 1.69212934e-01 1.69212934e-01 1.69212934e-01 1.69212934e-01 1.69212934e-01 1.69212934e-01 1.69212934e-01 1.69212934e-01 1.69212934e-01 1.69212934e-01 1.69212934e-01 1.69212934e-01 1.69212934e-01 1.69212934e-01 1.69212934e-01 1.69212934e-01 1.69212934e-01 1.69212934e-01 1.69212934e-01 1.69212934e-01 1.69212934e-01 1.69212934e-01 1.69212934e-01 1.69212934e-01 1.69212934e-01 1.69212934e-01 1.69212934e-01 1.69212934e-01 1.69212934e-01 1.69212934e-01 1.69212934e-01 1.69212934e-01 1.69212934e-01 1.69212934e-01 1.69212934e-01 1.69212934e-01 1.69212934e-01 1.69212934e-01 1.69212934e-01 1.69212934e-01 1.69212934e-01 1.69212934e-01 1.69212934e-01 1.69212934e-01 1.69212934e-01 1.69212934e-01 1.69212934e-01 1.69212934e-01 1.69212934e-01 1.69212934e-01 1.69212934e-01 1.69212934e-01 1.69212934e-01 1.69212934e-01 1.69212934e-01 1.69212934e-01 1.69212934e-01 1.69212934e-01 1.69212934e-01 1.69212934e-01 1.69212934e-01 1.69212934e-01 1.69212934e-01 1.69212934e-01 1.69212934e-01 1.69212934e-01 1.69212934e-01 1.69212934e-01 1.69212934e-01 1.69212934e-01 1.69212934e-01 1.69212934e-01 1.69212934e-01 1.69212934e-01 1.69212934e-01 1.69212934e-01 1.69212934e-01 1.69212934e-01 1.69212934e-01 1.69212934e-01 1.69212934e-01 1.69212934e-01 1.69212934e-01 1.69212934e-01 1.69212934e-01 1.69212934e-01 1.69212934e-01 1.69212934e-01 1.69212934e-01 1.69212934e-01 1.69212934e-01 1.69212934e-01 1.69212934e-01 1.69212934e-01 1.69212934e-01 1.69212934e-01 1.69212934e-01 1.69212934e-01 1.69212934e-01 1.69212934e-01 1.69212934e-01 1.69212934e-01 1.69212934e-01 1.69212934e-01 1.69212934e-01 1.69212934e-01 1.69212934e-01 1.69212934e-01 1.69212934e-01 1.69212934e-01 1.69212934e-01 1.69212934e-01 1.69212934e-01 1.69212934e-01 1.69212934e-01 1.69212934e-01 1.69212934e-01 1.69212934e-01 1.69212934e-01 1.69212934e-01 1.69212934e-01 1.69212934e-01 1.69212934e-01 1.69212934e-01 1.69212934e-01 1.69212934e-01 1.69212934e-01 1.69212934e-01 1.69212934e-01 1.69212934e-01 1.69212934e-01 1.69212934e-01 1.69212934e-01 1.69212934e-01 1.69212934e-01 1.69212934e-01 1.69212934e-01 1.69212934e-01 1.69212934e-01 1.69212934e-01 1.69212934e-01 1.69212934e-01 1.69212934e-01 1.69212934e-01 1.69212934e-01 1.69212934e-01 1.69212934e-01 1.69212934e-01 1.69212934e-01 1.69212934e-01 1.69212934e-01 1.69212934e-01 1.69212934e-01 1.69212934e-01 1.69212934e-01 1.69212934e-01 1.69212934e-01 1.69212934e-01 1.69212934e-01 1.69212934e-01 1.69212934e-01 1.69212934e-01 1.69212934e-01 1.69212934e-01 1.69212934e-01 1.69212934e-01 1.69212934e-01 1.69212934e-01 1.69212934e-01 1.69212934e-01 1.69212934e-01 1.69212934e-01 1.69212934e-01 1.69212934e-01 1.69212934e-01
1.59520760e-01 1.59520760e-01 1.59520760e-01 1.59520760e-01 1.59520760e-01 1.59520760e-01 1.59520760e-01 1.59520760e-01 1.59520760e-01 1.59520760e-01 1.59520760e-01 1.59520760e-01 1.59520760e-01 1.59520760e-01 1.59520760e-01 1.59520760e-01 1.59520760e-01 1.59520760e-01 1.59520760e-01 1.59520760e-01 1.59520760e-01 1.59520760e-01 1.59520760e-01 1.59520760e-01 1.59520760e-01 1.59520760e-01 1.59520760e-01 1.59520760e-01 1.59520760e-01 1.59520760e-01 1.59520760e-01 1.59520760e-01 1.59520760e-01 1.59520760e-01 1.59520760e-01 1.59520760e-01 1.59520760e-01 1.59520760e-01 1.59520760e-01 1.59520760e-01 1.59520760e-01 1.59520760e-01 1.59520760e-01 1.59520760e-01 1.59520760e-01 1.59520760e-01 1.59520760e-01 1.59520760e-01 1.59520760e-01 1.59520760e-01 1.59520760e-01 1.59520760e-01 1.59520760e-01 1.59520760e-01 1.59520760e-01 1.59520760e-01 1.59520760e-01 1.59520760e-01 1.59520760e-01 1.59520760e-01 1.59520760e-01 1.59520760e-01 1.59520760e-01 1.59520760e-01 1.59520760e-01 1.59520760e-01 1.59520760e-01 1.59520760e-01 1.59520760e-01 1.59520760e-01 1.59520760e-01 1.59520760e-01 1.59520760e-01 1.59520760e-01 1.59520760e-01 1.59520760e-01 1.59520760e-01 1.59520760e-01 1.59520760e-01 1.59520760e-01 1.59520760e-01 1.59520760e-01 1.59520760e-01 1.59520760e-01 1.59520760e-01 1.59520760e-01 1.59520760e-01 1.59520760e-01 1.59520760e-01 1.59520760e-01 1.59520760e-01 1.59520760e-01 1.59520760e-01 1.59520760e-01 1.59520760e-01 1.59520760e-01 1.59520760e-01 1.59520760e-01 1.59520760e-01 1.59520760e-01 1.59520760e-01 1.59520760e-01 1.59520760e-01 1.59520760e-01 1.59520760e-01 1.59520760e-01 1.59520760e-01 1.59520760e-01 1.59520760e-01 1.59520760e-01 1.59520760e-01 1.59520760e-01 1.59520760e-01 1.59520760e-01 1.59520760e-01 1.59520760e-01 1.59520760e-01 1.59520760e-01 1.59520760e-01 1.59520760e-01 1.59520760e-01 1.59520760e-01 1.59520760e-01 1.59520760e-01 1.59520760e-01 1.59520760e-01 1.59520760e-01 1.59520760e-01 1.59520760e-01 1.59520760e-01 1.59520760e-01 1.59520760e-01 1.59520760e-01 1.59520760e-01 1.59520760e-01 1.59520760e-01 1.59520760e-01 1.59520760e-01 1.59520760e-01 1.59520760e-01 1.59520760e-01 1.59520760e-01 1.59520760e-01 1.59520760e-01 1.59520760e-01 1.59520760e-01 1.59520760e-01 1.59520760e-01 1.59520760e-01 1.59520760e-01 1.59520760e-01 1.59520760e-01 1.59520760e-01 1.59520760e-01 1.59520760e-01 1.59520760e-01 1.59520760e-01 1.59520760e-01 1.59520760e-01 1.59520760e-01 1.59520760e-01 1.59520760e-01 1.59520760e-01 1.59520760e-01 1.59520760e-01 1.59520760e-01 1.59520760e-01 1.59520760e-01 1.59520760e-01 1.59520760e-01 1.59520760e-01 1.59520760e-01 1.59520760e-01 1.59520760e-01 1.59520760e-01 1.59520760e-01 1.59520760e-01 1.59520760e-01 1.59520760e-01 1.59520760e-01 1.59520760e-01 1.59520760e-01 1.59520760e-01 1.59520760e-01 1.59520760e-01 1.59520760e-01 1.59520760e-01 1.59520760e-01 1.59520760e-01 1.59520760e-01 1.59520760e-01 1.59520760e-01 1.59520760e-01 1.59520760e-01 1.59520760e-01 1.59520760e-01 1.59520760e-01 1.59520760e-01 1.59520760e-01 1.59520760e-01
1.50160924e-01 1.50160924e-01 1.50160924e-01 1.50160924e-01 1.50160924e-01 1.50160924e-01 1.50160924e-01 1.50160924e-01 1.50160924e-01 1.50160924e-01 1.50160924e-01 1.50160924e-01 1.50160924e-01 1.50160924e-01 1.50160924e-01 1.50160924e-01 1.50160924e-01 1.50160924e-01 1.50160924e-01 1.50160924e-01 1.50160924e-01 1.50160924e-01 1.50160924e-01 1.50160924e-01 1.50160924e-01 1.50160924e-01 1.50160924e-01 1.50160924e-01 1.50160924e-01 1.50160924e-01 1.50160924e-01 1.50160924e-01 1.50160924e-01 1.50160924e-01 1.50160924e-01 1.50160924e-01 1.50160924e-01 1.50160924e-01 1.50160924e-01 1.50160924e-01 1.50160924e-01 1.50160924e-01 1.50160924e-01 1.50160924e-01 1.50160924e-01 1.50160924e-01 1.50160924e-01 1.50160924e-01 1.50160924e-01 1.50160924e-01 1.50160924e-01 1.50160924e-01 1.50160924e-01 1.50160924e-01 1.50160924e-01 1.50160924e-01 1.50160924e-01 1.50160924e-01 1.50160924e-01 1.50160924e-01 1.50160924e-01 1.50160924e-01 1.50160924e-01 1.50160924e-01 1.50160924e-01 1.50160924e-01 1.50160924e-01 1.50160924e-01 1.50160924e-01 1.50160924e-01 1.50160924e-01 1.50160924e-01 1.50160924e-01 1.50160924e-01 1.50160924e-01 1.50160924e-01 1.50160924e-01 1.50160924e-01 1.50160924e-01 1.50160924e-01 1.50160924e-01 1.50160924e-01 1.50160924e-01 1.50160924e-01 1.50160924e-01 1.50160924e-01 1.50160924e-01 1.50160924e-01 1.50160924e-01 1.50160924e-01 1.50160924e-01 1.50160924e-01 1.50160924e-01 1.50160924e-01 1.50160924e-01 1.50160924e-01 1.50160924e-01 1.50160924e-01 1.50160924e-01 1.50160924e-01 1.50160924e-01 1.50160924e-01 1.50160924e-01 1.50160924e-01 1.50160924e-01 1.50160924e-01 1.50160924e-01 1.50160924e-01 1.50160924e-01 1.50160924e-01 1.50160924e-01 1.50160924e-01 1.50160924e-01 1.50160924e-01 1.50160924e-01 1.50160924e-01 1.50160924e-01 1.50160924e-01 1.50160924e-01 1.50160924e-01 1.50160924e-01 1.50160924e-01 1.50160924e-01 1.50160924e-01 1.50160924e-01 1.50160924e-01 1.50160924e-01 1.50160924e-01 1.50160924e-01 1.50160924e-01 1.50160924e-01 1.50160924e-01 1.50160924e-01 1.50160924e-01 1.50160924e-01 1.50160924e-01 1.50160924e-01 1.50160924e-01 1.50160924e-01 1.50160924e-01 1.50160924e-01 1.50160924e-01 1.50160924e-01 1.50160924e-01 1.50160924e-01 1.50160924e-01 1.50160924e-01 1.50160924e-01 1.50160924e-01 1.50160924e-01 1.50160924e-01 1.50160924e-01 1.50160924e-01 1.50160924e-01 1.50160924e-01 1.50160924e-01 1.50160924e-01 1.50160924e-01 1.50160924e-01 1.50160924e-01 1.50160924e-01 1.50160924e-01 1.50160924e-01 1.50160924e-01 1.50160924e-01 1.50160924e-01 1.50160924e-01 1.50160924e-01 1.50160924e-01 1.50160924e-01 1.50160924e-01 1.50160924e-01 1.50160924e-01 1.50160924e-01 1.50160924e-01 1.50160924e-01 1.50160924e-01 1.50160924e-01 1.50160924e-01 1.50160924e-01 1.50160924e-01 1.50160924e-01 1.50160924e-01 1.50160924e-01 1.50160924e-01 1.50160924e-01 1.50160924e-01 1.50160924e-01 1.50160924e-01 1.50160924e-01 1.50160924e-01 1.50160924e-01 1.50160924e-01 1.50160924e-01 1.50160924e-01 1.50160924e-01 1.50160924e-01 1.50160924e-01 1.50160924e-01 1.50160924e-01
1.41140204e-01 1.41140204e-01 1.41140204e-01 1.41140204e-01 1.41140204e-01 1.41140204e-01 1.41140204e-01 1.41140204e-01 1.41140204e-01 1.41140204e-01 1.41140204e-01 1.41140204e-01 1.41140204e-01 1.41140204e-01 1.41140204e-01 1.41140204e-01 1.41140204e-01 1.41140204e-01 1.41140204e-01 1.41140204e-01 1.41140204e-01 1.41140204e-01 1.41140204e-01 1.41140204e-01 1.41140204e-01 1.41140204e-01 1.41140204e-01 1.41140204e-01 1.41140204e-01 1.41140204e-01 1.41140204e-01 1.41140204e-01 1.41140204e-01 1.41140204e-01 1.41140204e-01 1.41140204e-01 1.41140204e-01 1.41140204e-01 1.41140204e-01 1.41140204e-01 1.41140204e-01 1.41140204e-01 1.41140204e-01 1.41140204e-01 1.41140204e-01 1.41140204e-01 1.41140204e-01 1.41140204e-01 1.41140204e-01 1.41140204e-01 1.41140204e-01 1.41140204e-01 1.41140204e-01 1.41140204e-01 1.41140204e-01 1.41140204e-01 1.41140204e-01 1.41140204e-01 1.41140204e-01 1.41140204e-01 1.41140204e-01 1.41140204e-01 1.41140204e-01 1.41140204e-01 1.41140204e-01 1.41140204e-01 1.41140204e-01 1.41140204e-01 1.41140204e-01 1.41140204e-01 1.41140204e-01 1.41140204e-01 1.41140204e-01 1.41140204e-01 1.41140204e-01 1.41140204e-01 1.41140204e-01 1.41140204e-01 1.41140204e-01 1.41140204e-01 1.41140204e-01 1.41140204e-01 1.41140204e-01 1.41140204e-01 1.41140204e-01 1.41140204e-01 1.41140204e-01 1.41140204e-01 1.41140204e-01 1.41140204e-01 1.41140204e-01 1.41140204e-01 1.41140204e-01 1.41140204e-01 1.41140204e-01 1.41140204e-01 1.41140204e-01 1.41140204e-01 1.41140204e-01 1.41140204e-01 1.41140204e-01 1.41140204e-01 1.41140204e-01 1.41140204e-01 1.41140204e-01 1.41140204e-01 1.41140204e-01 1.41140204e-01 1.41140204e-01 1.41140204e-01 1.41140204e-01 1.41140204e-01 1.41140204e-01 1.41140204e-01 1.41140204e-01 1.41140204e-01 1.41140204e-01 1.41140204e-01 1.41140204e-01 1.41140204e-01 1.41140204e-01 1.41140204e-01 1.41140204e-01 1.41140204e-01 1.41140204e-01 1.41140204e-01 1.41140204e-01 1.41140204e-01 1.41140204e-01 1.41140204e-01 1.41140204e-01 1.41140204e-01 1.41140204e-01 1.41140204e-01 1.41140204e-01 1.41140204e-01 1.41140204e-01 1.41140204e-01 1.41140204e-01 1.41140204e-01 1.41140204e-01 1.41140204e-01 1.41140204e-01 1.41140204e-01 1.41140204e-01 1.41140204e-01 1.41140204e-01 1.41140204e-01 1.41140204e-01 1.41140204e-01 1.41140204e-01 1.41140204e-01 1.41140204e-01 1.41140204e-01 1.41140204e-01 1.41140204e-01 1.41140204e-01 1.41140204e-01 1.41140204e-01 1.41140204e-01 1.41140204e-01 1.41140204e-01 1.41140204e-01 1.41140204e-01 1.41140204e-01 1.41140204e-01 1.41140204e-01 1.41140204e-01 1.41140204e-01 1.41140204e-01 1.41140204e-01 1.41140204e-01 1.41140204e-01 1.41140204e-01 1.41140204e-01 1.41140204e-01 1.41140204e-01 1.41140204e-01 1.41140204e-01 1.41140204e-01 1.41140204e-01 1.41140204e-01 1.41140204e-01 1.41140204e-01 1.41140204e-01 1.41140204e-01 1.41140204e-01 1.41140204e-01 1.41140204e-01 1.41140204e-01 1.41140204e-01 1.41140204e-01 1.41140204e-01 1.41140204e-01 1.41140204e-01 1.41140204e-01 1.41140204e-01 1.41140204e-01 1.41140204e-01 1.41140204e-01
1.32464068e-01 1.32464068e-01 1.32464068e-01 1.32464068e-01 1.32464068e-01 1.32464068e-01 1.32464068e-01 1.32464068e-01 1.32464068e-01 1.32464068e-01 1.32464068e-01 1.32464068e-01 1.32464068e-01 1.32464068e-01 1.32464068e-01 1.32464068e-01 1.32464068e-01 1.32464068e-01 1.32464068e-01 1.32464068e-01 1.32464068e-01 1.32464068e-01 1.32464068e-01 1.32464068e-01 1.32464068e-01 1.32464068e-01 1.32464068e-01 1.32464068e-01 1.32464068e-01 1.32464068e-01 1.32464068e-01 1.32464068e-01 1.32464068e-01 1.32464068e-01 1.32464068e-01 1.32464068e-01 1.32464068e-01 1.32464068e-01 1.32464068e-01 1.32464068e-01 1.32464068e-01 1.32464068e-01 1.32464068e-01 1.32464068e-01 1.32464068e-01 1.32464068e-01 1.32464068e-01 1.32464068e-01 1.32464068e-01 1.32464068e-01 1.32464068e-01 1.32464068e-01 1.32464068e-01 1.32464068e-01 1.32464068e-01 1.32464068e-01 1.32464068e-01 1.32464068e-01 1.32464068e-01 1.32464068e-01 1.32464068e-01 1.32464068e-01 1.32464068e-01 1.32464068e-01 1.32464068e-01 1.32464068e-01 1.32464068e-01 1.32464068e-01 1.32464068e-01 1.32464068e-01 1.32464068e-01 1.32464068e-01 1.32464068e-01 1.32464068e-01 1.32464068e-01 1.32464068e-01 1.32464068e-01 1.32464068e-01 1.32464068e-01 1.32464068e-01 1.32464068e-01 1.32464068e-01 1.32464068e-01 1.32464068e-01 1.32464068e-01 1.32464068e-01 1.32464068e-01 1.32464068e-01 1.32464068e-01 1.32464068e-01 1.32464068e-01 1.32464068e-01 1.32464068e-01 1.32464068e-01 1.32464068e-01 1.32464068e-01 1.32464068e-01 1.32464068e-01 1.32464068e-01 1.32464068e-01 1.32464068e-01 1.32464068e-01 1.32464068e-01 1.32464068e-01 1.32464068e-01 1.32464068e-01 1.32464068e-01 1.32464068e-01 1.32464068e-01 1.32464068e-01 1.32464068e-01 1.32464068e-01 1.32464068e-01 1.32464068e-01 1.32464068e-01 1.32464068e-01 1.32464068e-01 1.32464068e-01 1.32464068e-01 1.32464068e-01 1.32464068e-01 1.32464068e-01 1.32464068e-01 1.32464068e-01 1.32464068e-01 1.32464068e-01 1.32464068e-01 1.32464068e-01 1.32464068e-01 1.32464068e-01 1.32464068e-01 1.32464068e-01 1.32464068e-01 1.32464068e-01 1.32464068e-01 1.32464068e-01 1.32464068e-01 1.32464068e-01 1.32464068e-01 1.32464068e-01 1.32464068e-01 1.32464068e-01 1.32464068e-01 1.32464068e-01 1.32464068e-01 1.32464068e-01 1.32464068e-01 1.32464068e-01 1.32464068e-01 1.32464068e-01 1.32464068e-01 1.32464068e-01 1.32464068e-01 1.32464068e-01 1.32464068e-01 1.32464068e-01 1.32464068e-01 1.32464068e-01 1.32464068e-01 1.32464068e-01 1.32464068e-01 1.32464068e-01 1.32464068e-01 1.32464068e-01 1.32464068e-01 1.32464068e-01 1.32464068e-01 1.32464068e-01 1.32464068e-01 1.32464068e-01 1.32464068e-01 1.32464068e-01 1.32464068e-01 1.32464068e-01 1.32464068e-01 1.32464068e-01 1.32464068e-01 1.32464068e-01 1.32464068e-01 1.32464068e-01 1.32464068e-01 1.32464068e-01 1.32464068e-01 1.32464068e-01 1.32464068e-01 1.32464068e-01 1.32464068e-01 1.32464068e-01 1.32464068e-01 1.32464068e-01 1.32464068e-01 1.32464068e-01 1.32464068e-01 1.32464068e-01 1.32464068e-01 1.32464068e-01 1.32464068e-01 1.32464068e-01 1.32464068e-01 1.32464068e-01
1.24136602e-01 1.24136602e-01 1.24136602e-01 1.24136602e-01 1.24136602e-01 1.24136602e-01 1.24136602e-01 1.24136602e-01 1.24136602e-01 1.24136602e-01 1.24136602e-01 1.24136602e-01 1.24136602e-01 1.24136602e-01 1.24136602e-01 1.24136602e-01 1.24136602e-01 1.24136602e-01 1.24136602e-01 1.24136602e-01 1.24136602e-01 1.24136602e-01 1.24136602e-01 1.24136602e-01 1.24136602e-01 1.24136602e-01 1.24136602e-01 1.24136602e-01 1.24136602e-01 1.24136602e-01 1.24136602e-01 1.24136602e-01 1.24136602e-01 1.24136602e-01 1.24136602e-01 1.24136602e-01 1.24136602e-01 1.24136602e-01 1.24136602e-01 1.24136602e-01 1.24136602e-01 1.24136602e-01 1.24136602e-01 1.24136602e-01 1.24136602e-01 1.24136602e-01 1.24136602e-01 1.24136602e-01 1.24136602e-01 1.24136602e-01 1.24136602e-01 1.24136602e-01 1.24136602e-01 1.24136602e-01 1.24136602e-01 1.24136602e-01 1.24136602e-01 1.24136602e-01 1.24136602e-01 1.24136602e-01 1.24136602e-01 1.24136602e-01 1.24136602e-01 1.24136602e-01 1.24136602e-01 1.24136602e-01 1.24136602e-01 1.24136602e-01 1.24136602e-01 1.24136602e-01 1.24136602e-01 1.24136602e-01 1.24136602e-01 1.24136602e-01 1.24136602e-01 1.24136602e-01 1.24136602e-01 1.24136602e-01 1.24136602e-01 1.24136602e-01 1.24136602e-01 1.24136602e-01 1.24136602e-01 1.24136602e-01 1.24136602e-01 1.24136602e-01 1.24136602e-01 1.24136602e-01 1.24136602e-01 1.24136602e-01 1.24136602e-01 1.24136602e-01 1.24136602e-01 1.24136602e-01 1.24136602e-01 1.24136602e-01 1.24136602e-01 1.24136602e-01 1.24136602e-01 1.24136602e-01 1.24136602e-01 1.24136602e-01 1.24136602e-01 1.24136602e-01 1.24136602e-01 1.24136602e-01 1.24136602e-01 1.24136602e-01 1.24136602e-01 1.24136602e-01 1.24136602e-01 1.24136602e-01 1.24136602e-01 1.24136602e-01 1.24136602e-01 1.24136602e-01 1.24136602e-01 1.24136602e-01 1.24136602e-01 1.24136602e-01 1.24136602e-01 1.24136602e-01 1.24136602e-01 1.24136602e-01 1.24136602e-01 1.24136602e-01 1.24136602e-01 1.24136602e-01 1.24136602e-01 1.24136602e-01 1.24136602e-01 1.24136602e-01 1.24136602e-01 1.24136602e-01 1.24136602e-01 1.24136602e-01 1.24136602e-01 1.24136602e-01 1.24136602e-01 1.24136602e-01 1.24136602e-01 1.24136602e-01 1.24136602e-01 1.24136602e-01 1.24136602e-01 1.24136602e-01 1.24136602e-01 1.24136602e-01 1.24136602e-01 1.24136602e-01 1.24136602e-01 1.24136602e-01 1.24136602e-01 1.24136602e-01 1.24136602e-01 1.24136602e-01 1.24136602e-01 1.24136602e-01 1.24136602e-01 1.24136602e-01 1.24136602e-01 1.24136602e-01 1.24136602e-01 1.24136602e-01 1.24136602e-01 1.24136602e-01 1.24136602e-01 1.24136602e-01 1.24136602e-01 1.24136602e-01 1.24136602e-01 1.24136602e-01 1.24136602e-01 1.24136602e-01 1.24136602e-01 1.24136602e-01 1.24136602e-01 1.24136602e-01 1.24136602e-01 1.24136602e-01 1.24136602e-01 1.24136602e-01 1.24136602e-01 1.24136602e-01 1.24136602e-01 1.24136602e-01 1.24136602e-01 1.24136602e-01 1.24136602e-01 1.24136602e-01 1.24136602e-01 1.24136602e-01 1.24136602e-01 1.24136602e-01 1.24136602e-01 1.24136602e-01 1.24136602e-01 1.24136602e-01 1.24136602e-01 1.24136602e-01
1.16160461e-01 1.16160461e-01 1.16160461e-01 1.16160461e-01 1.16160461e-01 1.16160461e-01 1.16160461e-01 1.16160461e-01 1.16160461e-01 1.16160461e-01 1.16160461e-01 1.16160461e-01 1.16160461e-01 1.16160461e-01 1.16160461e-01 1.16160461e-01 1.16160461e-01 1.16160461e-01 1.16160461e-01 1.16160461e-01 1.16160461e-01 1.16160461e-01 1.16160461e-01 1.16160461e-01 1.16160461e-01 1.16160461e-01 1.16160461e-01 1.16160461e-01 1.16160461e-01 1.16160461e-01 1.16160461e-01 1.16160461e-01 1.16160461e-01 1.16160461e-01 1.16160461e-01 1.16160461e-01 1.16160461e-01 1.16160461e-01 1.16160461e-01 1.16160461e-01 1.16160461e-01 1.16160461e-01 1.16160461e-01 1.16160461e-01 1.16160461e-01 1.16160461e-01 1.16160461e-01 1.16160461e-01 1.16160461e-01 1.16160461e-01 1.16160461e-01 1.16160461e-01 1.16160461e-01 1.16160461e-01 1.16160461e-01 1.16160461e-01 1.16160461e-01 1.16160461e-01 1.16160461e-01 1.16160461e-01 1.16160461e-01 1.16160461e-01 1.16160461e-01 1.16160461e-01 1.16160461e-01 1.16160461e-01 1.16160461e-01 1.16160461e-01 1.16160461e-01 1.16160461e-01 1.16160461e-01 1.16160461e-01 1.16160461e-01 1.16160461e-01 1.16160461e-01 1.16160461e-01 1.16160461e-01 1.16160461e-01 1.16160461e-01 1.16160461e-01 1.16160461e-01 1.16160461e-01 1.16160461e-01 1.16160461e-01 1.16160461e-01 1.16160461e-01 1.16160461e-01 1.16160461e-01 1.16160461e-01 1.16160461e-01 1.16160461e-01 1.16160461e-01 1.16160461e-01 1.16160461e-01 1.16160461e-01 1.16160461e-01 1.16160461e-01 1.16160461e-01 1.16160461e-01 1.16160461e-01 1.16160461e-01 1.16160461e-01 1.16160461e-01 1.16160461e-01 1.16160461e-01 1.16160461e-01 1.16160461e-01 1.16160461e-01 1.16160461e-01 1.16160461e-01 1.16160461e-01 1.16160461e-01 1.16160461e-01 1.16160461e-01 1.16160461e-01 1.16160461e-01 1.16160461e-01 1.16160461e-01 1.16160461e-01 1.16160461e-01 1.16160461e-01 1.16160461e-01 1.16160461e-01 1.16160461e-01 1.16160461e-01 1.16160461e-01 1.16160461e-01 1.16160461e-01 1.16160461e-01 1.16160461e-01 1.16160461e-01 1.16160461e-01 1.16160461e-01 1.16160461e-01 1.16160461e-01 1.16160461e-01 1.16160461e-01 1.16160461e-01 1.16160461e-01 1.16160461e-01 1.16160461e-01 1.16160461e-01 1.16160461e-01 1.16160461e-01 1.16160461e-01 1.16160461e-01 1.16160461e-01 1.16160461e-01 1.16160461e-01 1.16160461e-01 1.16160461e-01 1.16160461e-01 1.16160461e-01 1.16160461e-01 1.16160461e-01 1.16160461e-01 1.16160461e-01 1.16160461e-01 1.16160461e-01 1.16160461e-01 1.16160461e-01 1.16160461e-01 1.16160461e-01 1.16160461e-01 1.16160461e-01 1.16160461e-01 1.16160461e-01 1.16160461e-01 1.16160461e-01 1.16160461e-01 1.16160461e-01 1.16160461e-01 1.16160461e-01 1.16160461e-01 1.16160461e-01 1.16160461e-01 1.16160461e-01 1.16160461e-01 1.16160461e-01 1.16160461e-01 1.16160461e-01 1.16160461e-01 1.16160461e-01 1.16160461e-01 1.16160461e-01 1.16160461e-01 1.16160461e-01 1.16160461e-01 1.16160461e-01 1.16160461e-01 1.16160461e-01 1.16160461e-01 1.16160461e-01 1.16160461e-01 1.16160461e-01 1.16160461e-01 1.16160461e-01 1.16160461e-01 1.16160461e-01 1.16160461e-01
1.08536832e-01 1.08536832e-01 1.08536832e-01 1.08536832e-01 1.08536832e-01 1.08536832e-01 1.08536832e-01 1.08536832e-01 1.08536832e-01 1.08536832e-01 1.08536832e-01 1.08536832e-01 1.08536832e-01 1.08536832e-01 1.08536832e-01 1.08536832e-01 1.08536832e-01 1.08536832e-01 1.08536832e-01 1.08536832e-01 1.08536832e-01 1.08536832e-01 1.08536832e-01 1.08536832e-01 1.08536832e-01 1.08536832e-01 1.08536832e-01 1.08536832e-01 1.08536832e-01 1.08536832e-01 1.08536832e-01 1.08536832e-01 1.08536832e-01 1.08536832e-01 1.08536832e-01 1.08536832e-01 1.08536832e-01 1.08536832e-01 1.08536832e-01 1.08536832e-01 1.08536832e-01 1.08536832e-01 1.08536832e-01 1.08536832e-01 1.08536832e-01 1.08536832e-01 1.08536832e-01 1.08536832e-01 1.08536832e-01 1.08536832e-01 1.08536832e-01 1.08536832e-01 1.08536832e-01 1.08536832e-01 1.08536832e-01 1.08536832e-01 1.08536832e-01 1.08536832e-01 1.08536832e-01 1.08536832e-01 1.08536832e-01 1.08536832e-01 1.08536832e-01 1.08536832e-01 1.08536832e-01 1.08536832e-01 1.08536832e-01 1.08536832e-01 1.08536832e-01 1.08536832e-01 1.08536832e-01 1.08536832e-01 1.08536832e-01 1.08536832e-01 1.08536832e-01 1.08536832e-01 1.08536832e-01 1.08536832e-01 1.08536832e-01 1.08536832e-01 1.08536832e-01 1.08536832e-01 1.08536832e-01 1.08536832e-01 1.08536832e-01 1.08536832e-01 1.08536832e-01 1.08536832e-01 1.08536832e-01 1.08536832e-01 1.08536832e-01 1.08536832e-01 1.08536832e-01 1.08536832e-01 1.08536832e-01 1.08536832e-01 1.08536832e-01 1.08536832e-01 1.08536832e-01 1.08536832e-01 1.08536832e-01 1.08536832e-01 1.08536832e-01 1.08536832e-01 1.08536832e-01 1.08536832e-01 1.08536832e-01 1.08536832e-01 1.08536832e-01 1.08536832e-01 1.08536832e-01 1.08536832e-01 1.08536832e-01 1.08536832e-01 1.08536832e-01 1.08536832e-01 1.08536832e-01 1.08536832e-01 1.08536832e-01 1.08536832e-01 1.08536832e-01 1.08536832e-01 1.08536832e-01 1.08536832e-01 1.08536832e-01 1.08536832e-01 1.08536832e-01 1.08536832e-01 1.08536832e-01 1.08536832e-01 1.08536832e-01 1.08536832e-01 1.08536832e-01 1.08536832e-01 1.08536832e-01 1.08536832e-01 1.08536832e-01 1.08536832e-01 1.08536832e-01 1.08536832e-01 1.08536832e-01 1.08536832e-01 1.08536832e-01 1.08536832e-01 1.08536832e-01 1.08536832e-01 1.08536832e-01 1.08536832e-01 1.08536832e-01 1.08536832e-01 1.08536832e-01 1.08536832e-01 1.08536832e-01 1.08536832e-01 1.08536832e-01 1.08536832e-01 1.08536832e-01 1.08536832e-01 1.08536832e-01 1.08536832e-01 1.08536832e-01 1.08536832e-01 1.08536832e-01 1.08536832e-01 1.08536832e-01 1.08536832e-01 1.08536832e-01 1.08536832e-01 1.08536832e-01 1.08536832e-01 1.08536832e-01 1.08536832e-01 1.08536832e-01 1.08536832e-01 1.08536832e-01 1.08536832e-01 1.08536832e-01 1.08536832e-01 1.08536832e-01 1.08536832e-01 1.08536832e-01 1.08536832e-01 1.08536832e-01 1.08536832e-01 1.08536832e-01 1.08536832e-01 1.08536832e-01 1.08536832e-01 1.08536832e-01 1.08536832e-01 1.08536832e-01 1.08536832e-01 1.08536832e-01 1.08536832e-01 1.08536832e-01 1.08536832e-01 1.08536832e-01 1.08536832e-01 1.08536832e-01 1.08536832e-01
1.01265429e-01 1.01265429e-01 1.01265429e-01 1.01265429e-01 1.01265429e-01 1.01265429e-01 1.01265429e-01 1.01265429e-01 1.01265429e-01 1.01265429e-01 1.01265429e-01 1.01265429e-01 1.01265429e-01 1.01265429e-01 1.01265429e-01 1.01265429e-01 1.01265429e-01 1.01265429e-01 1.01265429e-01 1.01265429e-01 1.01265429e-01 1.01265429e-01 1.01265429e-01 1.01265429e-01 1.01265429e-01 1.01265429e-01 1.01265429e-01 1.01265429e-01 1.01265429e-01 1.01265429e-01 1.01265429e-01 1.01265429e-01 1.01265429e-01 1.01265429e-01 1.01265429e-01 1.01265429e-01 1.01265429e-01 1.01265429e-01 1.01265429e-01 1.01265429e-01 1.01265429e-01 1.01265429e-01 1.01265429e-01 1.01265429e-01 1.01265429e-01 1.01265429e-01 1.01265429e-01 1.01265429e-01 1.01265429e-01 1.01265429e-01 1.01265429e-01 1.01265429e-01 1.01265429e-01 1.01265429e-01 1.01265429e-01 1.01265429e-01 1.01265429e-01 1.01265429e-01 1.01265429e-01 1.01265429e-01 1.01265429e-01 1.01265429e-01 1.01265429e-01 1.01265429e-01 1.01265429e-01 1.01265429e-01 1.01265429e-01 1.01265429e-01 1.01265429e-01 1.01265429e-01 1.01265429e-01 1.01265429e-01 1.01265429e-01 1.01265429e-01 1.01265429e-01 1.01265429e-01 1.01265429e-01 1.01265429e-01 1.01265429e-01 1.01265429e-01 1.01265429e-01 1.01265429e-01 1.01265429e-01 1.01265429e-01 1.01265429e-01 1.01265429e-01 1.01265429e-01 1.01265429e-01 1.01265429e-01 1.01265429e-01 1.01265429e-01 1.01265429e-01 1.01265429e-01 1.01265429e-01 1.01265429e-01 1.01265429e-01 1.01265429e-01 1.01265429e-01 1.01265429e-01 1.01265429e-01 1.01265429e-01 1.01265429e-01 1.01265429e-01 1.01265429e-01 1.01265429e-01 1.01265429e-01 1.01265429e-01 1.01265429e-01 1.01265429e-01 1.01265429e-01 1.01265429e-01 1.01265429e-01 1.01265429e-01 1.01265429e-01 1.01265429e-01 1.01265429e-01 1.01265429e-01 1.01265429e-01 1.01265429e-01 1.01265429e-01 1.01265429e-01 1.01265429e-01 1.01265429e-01 1.01265429e-01 1.01265429e-01 1.01265429e-01 1.01265429e-01 1.01265429e-01 1.01265429e-01 1.01265429e-01 1.01265429e-01 1.01265429e-01 1.01265429e-01 1.01265429e-01 1.01265429e-01 1.01265429e-01 1.01265429e-01 1.01265429e-01 1.01265429e-01 1.01265429e-01 1.01265429e-01 1.01265429e-01 1.01265429e-01 1.01265429e-01 1.01265429e-01 1.01265429e-01 1.01265429e-01 1.01265429e-01 1.01265429e-01 1.01265429e-01 1.01265429e-01 1.01265429e-01 1.01265429e-01 1.01265429e-01 1.01265429e-01 1.01265429e-01 1.01265429e-01 1.01265429e-01 1.01265429e-01 1.01265429e-01 1.01265429e-01 1.01265429e-01 1.01265429e-01 1.01265429e-01 1.01265429e-01 1.01265429e-01 1.01265429e-01 1.01265429e-01 1.01265429e-01 1.01265429e-01 1.01265429e-01 1.01265429e-01 1.01265429e-01 1.01265429e-01 1.01265429e-01 1.01265429e-01 1.01265429e-01 1.01265429e-01 1.01265429e-01 1.01265429e-01 1.01265429e-01 1.01265429e-01 1.01265429e-01 1.01265429e-01 1.01265429e-01 1.01265429e-01 1.01265429e-01 1.01265429e-01 1.01265429e-01 1.01265429e-01 1.01265429e-01 1.01265429e-01 1.01265429e-01 1.01265429e-01 1.01265429e-01 1.01265429e-01 1.01265429e-01 1.01265429e-01 1.01265429e-01 1.01265429e-01
9.43445057e-02 9.43445057e-02 9.43445057e-02 9.43445057e-02 9.43445057e-02 9.43445057e-02 9.43445057e-02 9.43445057e-02 9.43445057e-02 9.43445057e-02 9.43445057e-02 9.43445057e-02 9.43445057e-02 9.43445057e-02 9.43445057e-02 9.43445057e-02 9.43445057e-02 9.43445057e-02 9.43445057e-02 9.43445057e-02 9.43445057e-02 9.43445057e-02 9.43445057e-02 9.43445057e-02 9.43445057e-02 9.43445057e-02 9.43445057e-02 9.43445057e-02 9.43445057e-02 9.43445057e-02 9.43445057e-02 9.43445057e-02 9.43445057e-02 9.43445057e-02 9.43445057e-02 9.43445057e-02 9.43445057e-02 9.43445057e-02 9.43445057e-02 9.43445057e-02 9.43445057e-02 9.43445057e-02 9.43445057e-02 9.43445057e-02 9.43445057e-02 9.43445057e-02 9.43445057e-02 9.43445057e-02 9.43445057e-02 9.43445057e-02 9.43445057e-02 9.43445057e-02 9.43445057e-02 9.43445057e-02 9.43445057e-02 9.43445057e-02 9.43445057e-02 9.43445057e-02 9.43445057e-02 9.43445057e-02 9.43445057e-02 9.43445057e-02 9.43445057e-02 9.43445057e-02 9.43445057e-02 9.43445057e-02 9.43445057e-02 9.43445057e-02 9.43445057e-02 9.43445057e-02 9.43445057e-02 9.43445057e-02 9.43445057e-02 9.43445057e-02 9.43445057e-02 9.43445057e-02 9.43445057e-02 9.43445057e-02 9.43445057e-02 9.43445057e-02 9.43445057e-02 9.43445057e-02 9.43445057e-02 9.43445057e-02 9.43445057e-02 9.43445057e-02 9.43445057e-02 9.43445057e-02 9.43445057e-02 9.43445057e-02 9.43445057e-02 9.43445057e-02 9.43445057e-02 9.43445057e-02 9.43445057e-02 9.43445057e-02 9.43445057e-02 9.43445057e-02 9.43445057e-02 9.43445057e-02 9.43445057e-02 9.43445057e-02 9.43445057e-02 9.43445057e-02 9.43445057e-02 9.43445057e-02 9.43445057e-02 9.43445057e-02 9.43445057e-02 9.43445057e-02 9.43445057e-02 9.43445057e-02 9.43445057e-02 9.43445057e-02 9.43445057e-02 9.43445057e-02 9.43445057e-02 9.43445057e-02 9.43445057e-02 9.43445057e-02 9.43445057e-02 9.43445057e-02 9.43445057e-02 9.43445057e-02 9.43445057e-02 9.43445057e-02 9.43445057e-02 9.43445057e-02 9.43445057e-02 9.43445057e-02 9.43445057e-02 9.43445057e-02 9.43445057e-02 9.43445057e-02 9.43445057e-02 9.43445057e-02 9.43445057e-02 9.43445057e-02 9.43445057e-02 9.43445057e-02 9.43445057e-02 9.43445057e-02 9.43445057e-02 9.43445057e-02 9.43445057e-02 9.43445057e-02 9.43445057e-02 9.43445057e-02 9.43445057e-02 9.43445057e-02 9.43445057e-02 9.43445057e-02 9.43445057e-02 9.43445057e-02 9.43445057e-02 9.43445057e-02 9.43445057e-02 9.43445057e-02 9.43445057e-02 9.43445057e-02 9.43445057e-02 9.43445057e-02 9.43445057e-02 9.43445057e-02 9.43445057e-02 9.43445057e-02 9.43445057e-02 9.43445057e-02 9.43445057e-02 9.43445057e-02 9.43445057e-02 9.43445057e-02 9.43445057e-02 9.43445057e-02 9.43445057e-02 9.43445057e-02 9.43445057e-02 9.43445057e-02 9.43445057e-02 9.43445057e-02 9.43445057e-02 9.43445057e-02 9.43445057e-02 9.43445057e-02 9.43445057e-02 9.43445057e-02 9.43445057e-02 9.43445057e-02 9.43445057e-02 9.43445057e-02 9.43445057e-02 9.43445057e-02 9.43445057e-02 9.43445057e-02 9.43445057e-02 9.43445057e-02 9.43445057e-02 9.43445057e-02 9.43445057e-02 9.43445057e-02
8.77708940e-02 8.77708940e-02 8.77708940e-02 8.77708940e-02 8.77708940e-02 8.77708940e-02 8.77708940e-02 8.77708940e-02 8.77708940e-02 8.77708940e-02 8.77708940e-02 8.77708940e-02 8.77708940e-02 8.77708940e-02 8.77708940e-02 8.77708940e-02 8.77708940e-02 8.77708940e-02 8.77708940e-02 8.77708940e-02 8.77708940e-02 8.77708940e-02 8.77708940e-02 8.77708940e-02 8.77708940e-02 8.77708940e-02 8.77708940e-02 8.77708940e-02 8.77708940e-02 8.77708940e-02 8.77708940e-02 8.77708940e-02 8.77708940e-02 8.77708940e-02 8.77708940e-02 8.77708940e-02 8.77708940e-02 8.77708940e-02 8.77708940e-02 8.77708940e-02 8.77708940e-02 8.77708940e-02 8.77708940e-02 8.77708940e-02 8.77708940e-02 8.77708940e-02 8.77708940e-02 8.77708940e-02 8.77708940e-02 8.77708940e-02 8.77708940e-02 8.77708940e-02 8.77708940e-02 8.77708940e-02 8.77708940e-02 8.77708940e-02 8.77708940e-02 8.77708940e-02 8.77708940e-02 8.77708940e-02 8.77708940e-02 8.77708940e-02 8.77708940e-02 8.77708940e-02 8.77708940e-02 8.77708940e-02 8.77708940e-02 8.77708940e-02 8.77708940e-02 8.77708940e-02 8.77708940e-02 8.77708940e-02 8.77708940e-02 8.77708940e-02 8.77708940e-02 8.77708940e-02 8.77708940e-02 8.77708940e-02 8.77708940e-02 8.77708940e-02 8.77708940e-02 8.77708940e-02 8.77708940e-02 8.77708940e-02 8.77708940e-02 8.77708940e-02 8.77708940e-02 8.77708940e-02 8.77708940e-02 8.77708940e-02 8.77708940e-02 8.77708940e-02 8.77708940e-02 8.77708940e-02 8.77708940e-02 8.77708940e-02 8.77708940e-02 8.77708940e-02 8.77708940e-02 8.77708940e-02 8.77708940e-02 8.77708940e-02 8.77708940e-02 8.77708940e-02 8.77708940e-02 8.77708940e-02 8.77708940e-02 8.77708940e-02 8.77708940e-02 8.77708940e-02 8.77708940e-02 8.77708940e-02 8.77708940e-02 8.77708940e-02 8.77708940e-02 8.77708940e-02 8.77708940e-02 8.77708940e-02 8.77708940e-02 8.77708940e-02 8.77708940e-02 8.77708940e-02 8.77708940e-02 8.77708940e-02 8.77708940e-02 8.77708940e-02 8.77708940e-02 8.77708940e-02 8.77708940e-02 8.77708940e-02 8.77708940e-02 8.77708940e-02 8.77708940e-02 8.77708940e-02 8.77708940e-02 8.77708940e-02 8.77708940e-02 8.77708940e-02 8.77708940e-02 8.77708940e-02 8.77708940e-02 8.77708940e-02 8.77708940e-02 8.77708940e-02 8.77708940e-02 8.77708940e-02 8.77708940e-02 8.77708940e-02 8.77708940e-02 8.77708940e-02 8.77708940e-02 8.77708940e-02 8.77708940e-02 8.77708940e-02 8.77708940e-02 8.77708940e-02 8.77708940e-02 8.77708940e-02 8.77708940e-02 8.77708940e-02 8.77708940e-02 8.77708940e-02 8.77708940e-02 8.77708940e-02 8.77708940e-02 8.77708940e-02 8.77708940e-02 8.77708940e-02 8.77708940e-02 8.77708940e-02 8.77708940e-02 8.77708940e-02 8.77708940e-02 8.77708940e-02 8.77708940e-02 8.77708940e-02 8.77708940e-02 8.77708940e-02 8.77708940e-02 8.77708940e-02 8.77708940e-02 8.77708940e-02 8.77708940e-02 8.77708940e-02 8.77708940e-02 8.77708940e-02 8.77708940e-02 8.77708940e-02 8.77708940e-02 8.77708940e-02 8.77708940e-02 8.77708940e-02 8.77708940e-02 8.77708940e-02 8.77708940e-02 8.77708940e-02 8.77708940e-02 8.77708940e-02 8.77708940e-02 8.77708940e-02
8.15400614e-02 8.15400614e-02 8.15400614e-02 8.15400614e-02 8.15400614e-02 8.15400614e-02 8.15400614e-02 8.15400614e-02 8.15400614e-02 8.15400614e-02 8.15400614e-02 8.15400614e-02 8.15400614e-02 8.15400614e-02 8.15400614e-02 8.15400614e-02 8.15400614e-02 8.15400614e-02 8.15400614e-02 8.15400614e-02 8.15400614e-02 8.15400614e-02 8.15400614e-02 8.15400614e-02 8.15400614e-02 8.15400614e-02 8.15400614e-02 8.15400614e-02 8.15400614e-02 8.15400614e-02 8.15400614e-02 8.15400614e-02 8.15400614e-02 8.15400614e-02 8.15400614e-02 8.15400614e-02 8.15400614e-02 8.15400614e-02 8.15400614e-02 8.15400614e-02 8.15400614e-02 8.15400614e-02 8.15400614e-02 8.15400614e-02 8.15400614e-02 8.15400614e-02 8.15400614e-02 8.15400614e-02 8.15400614e-02 8.15400614e-02 8.15400614e-02 8.15400614e-02 8.15400614e-02 8.15400614e-02 8.15400614e-02 8.15400614e-02 8.15400614e-02 8.15400614e-02 8.15400614e-02 8.15400614e-02 8.15400614e-02 8.15400614e-02 8.15400614e-02 8.15400614e-02 8.15400614e-02 8.15400614e-02 8.15400614e-02 8.15400614e-02 8.15400614e-02 8.15400614e-02 8.15400614e-02 8.15400614e-02 8.15400614e-02 8.15400614e-02 8.15400614e-02 8.15400614e-02 8.15400614e-02 8.15400614e-02 8.15400614e-02 8.15400614e-02 8.15400614e-02 8.15400614e-02 8.15400614e-02 8.15400614e-02 8.15400614e-02 8.15400614e-02 8.15400614e-02 8.15400614e-02 8.15400614e-02 8.15400614e-02 8.15400614e-02 8.15400614e-02 8.15400614e-02 8.15400614e-02 8.15400614e-02 8.15400614e-02 8.15400614e-02 8.15400614e-02 8.15400614e-02 8.15400614e-02 8.15400614e-02 8.15400614e-02 8.15400614e-02 8.15400614e-02 8.15400614e-02 8.15400614e-02 8.15400614e-02 8.15400614e-02 8.15400614e-02 8.15400614e-02 8.15400614e-02 8.15400614e-02 8.15400614e-02 8.15400614e-02 8.15400614e-02 8.15400614e-02 8.15400614e-02 8.15400614e-02 8.15400614e-02 8.15400614e-02 8.15400614e-02 8.15400614e-02 8.15400614e-02 8.15400614e-02 8.15400614e-02 8.15400614e-02 8.15400614e-02 8.15400614e-02 8.15400614e-02 8.15400614e-02 8.15400614e-02 8.15400614e-02 8.15400614e-02 8.15400614e-02 8.15400614e-02 8.15400614e-02 8.15400614e-02 8.15400614e-02 8.15400614e-02 8.15400614e-02 8.15400614e-02 8.15400614e-02 8.15400614e-02 8.15400614e-02 8.15400614e-02 8.15400614e-02 8.15400614e-02 8.15400614e-02 8.15400614e-02 8.15400614e-02 8.15400614e-02 8.15400614e-02 8.15400614e-02 8.15400614e-02 8.15400614e-02 8.15400614e-02 8.15400614e-02 8.15400614e-02 8.15400614e-02 8.15400614e-02 8.15400614e-02 8.15400614e-02 8.15400614e-02 8.15400614e-02 8.15400614e-02 8.15400614e-02 8.15400614e-02 8.15400614e-02 8.15400614e-02 8.15400614e-02 8.15400614e-02 8.15400614e-02 8.15400614e-02 8.15400614e-02 8.15400614e-02 8.15400614e-02 8.15400614e-02 8.15400614e-02 8.15400614e-02 8.15400614e-02 8.15400614e-02 8.15400614e-02 8.15400614e-02 8.15400614e-02 8.15400614e-02 8.15400614e-02 8.15400614e-02 8.15400614e-02 8.15400614e-02 8.15400614e-02 8.15400614e-02 8.15400614e-02 8.15400614e-02 8.15400614e-02 8.15400614e-02 8.15400614e-02 8.15400614e-02 8.15400614e-02 8.15400614e-02 8.15400614e-02
7.56461905e-02 7.56461905e-02 7.56461905e-02 7.56461905e-02 7.56461905e-02 7.56461905e-02 7.56461905e-02 7.56461905e-02 7.56461905e-02 7.56461905e-02 7.56461905e-02 7.56461905e-02 7.56461905e-02 7.56461905e-02 7.56461905e-02 7.56461905e-02 7.56461905e-02 7.56461905e-02 7.56461905e-02 7.56461905e-02 7.56461905e-02 7.56461905e-02 7.56461905e-02 7.56461905e-02 7.56461905e-02 7.56461905e-02 7.56461905e-02 7.56461905e-02 7.56461905e-02 7.56461905e-02 7.56461905e-02 7.56461905e-02 7.56461905e-02 7.56461905e-02 7.56461905e-02 7.56461905e-02 7.56461905e-02 7.56461905e-02 7.56461905e-02 7.56461905e-02 7.56461905e-02 7.56461905e-02 7.56461905e-02 7.56461905e-02 7.56461905e-02 7.56461905e-02 7.56461905e-02 7.56461905e-02 7.56461905e-02 7.56461905e-02 7.56461905e-02 7.56461905e-02 7.56461905e-02 7.56461905e-02 7.56461905e-02 7.56461905e-02 7.56461905e-02 7.56461905e-02 7.56461905e-02 7.56461905e-02 7.56461905e-02 7.56461905e-02 7.56461905e-02 7.56461905e-02 7.56461905e-02 7.56461905e-02 7.56461905e-02 7.56461905e-02 7.56461905e-02 7.56461905e-02 7.56461905e-02 7.56461905e-02 7.56461905e-02 7.56461905e-02 7.56461905e-02 7.56461905e-02 7.56461905e-02 7.56461905e-02 7.56461905e-02 7.56461905e-02 7.56461905e-02 7.56461905e-02 7.56461905e-02 7.56461905e-02 7.56461905e-02 7.56461905e-02 7.56461905e-02 7.56461905e-02 7.56461905e-02 7.56461905e-02 7.56461905e-02 7.56461905e-02 7.56461905e-02 7.56461905e-02 7.56461905e-02 7.56461905e-02 7.56461905e-02 7.56461905e-02 7.56461905e-02 7.56461905e-02 7.56461905e-02 7.56461905e-02 7.56461905e-02 7.56461905e-02 7.56461905e-02 7.56461905e-02 7.56461905e-02 7.56461905e-02 7.56461905e-02 7.56461905e-02 7.56461905e-02 7.56461905e-02 7.56461905e-02 7.56461905e-02 7.56461905e-02 7.56461905e-02 7.56461905e-02 7.56461905e-02 7.56461905e-02 7.56461905e-02 7.56461905e-02 7.56461905e-02 7.56461905e-02 7.56461905e-02 7.56461905e-02 7.56461905e-02 7.56461905e-02 7.56461905e-02 7.56461905e-02 7.56461905e-02 7.56461905e-02 7.56461905e-02 7.56461905e-02 7.56461905e-02 7.56461905e-02 7.56461905e-02 7.56461905e-02 7.56461905e-02 7.56461905e-02 7.56461905e-02 7.56461905e-02 7.56461905e-02 7.56461905e-02 7.56461905e-02 7.56461905e-02 7.56461905e-02 7.56461905e-02 7.56461905e-02 7.56461905e-02 7.56461905e-02 7.56461905e-02 7.56461905e-02 7.56461905e-02 7.56461905e-02 7.56461905e-02 7.56461905e-02 7.56461905e-02 7.56461905e-02 7.56461905e-02 7.56461905e-02 7.56461905e-02 7.56461905e-02 7.56461905e-02 7.56461905e-02 7.56461905e-02 7.56461905e-02 7.56461905e-02 7.56461905e-02 7.56461905e-02 7.56461905e-02 7.56461905e-02 7.56461905e-02 7.56461905e-02 7.56461905e-02 7.56461905e-02 7.56461905e-02 7.56461905e-02 7.56461905e-02 7.56461905e-02 7.56461905e-02 7.56461905e-02 7.56461905e-02 7.56461905e-02 7.56461905e-02 7.56461905e-02 7.56461905e-02 7.56461905e-02 7.56461905e-02 7.56461905e-02 7.56461905e-02 7.56461905e-02 7.56461905e-02 7.56461905e-02 7.56461905e-02 7.56461905e-02 7.56461905e-02 7.56461905e-02 7.56461905e-02 7.56461905e-02 7.56461905e-02
7.00822734e-02 7.00822734e-02 7.00822734e-02 7.00822734e-02 7.00822734e-02 7.00822734e-02 7.00822734e-02 7.00822734e-02 7.00822734e-02 7.00822734e-02 7.00822734e-02 7.00822734e-02 7.00822734e-02 7.00822734e-02 7.00822734e-02 7.00822734e-02 7.00822734e-02 7.00822734e-02 7.00822734e-02 7.00822734e-02 7.00822734e-02 7.00822734e-02 7.00822734e-02 7.00822734e-02 7.00822734e-02 7.00822734e-02 7.00822734e-02 7.00822734e-02 7.00822734e-02 7.00822734e-02 7.00822734e-02 7.00822734e-02 7.00822734e-02 7.00822734e-02 7.00822734e-02 7.00822734e-02 7.00822734e-02 7.00822734e-02 7.00822734e-02 7.00822734e-02 7.00822734e-02 7.00822734e-02 7.00822734e-02 7.00822734e-02 7.00822734e-02 7.00822734e-02 7.00822734e-02 7.00822734e-02 7.00822734e-02 7.00822734e-02 7.00822734e-02 7.00822734e-02 7.00822734e-02 7.00822734e-02 7.00822734e-02 7.00822734e-02 7.00822734e-02 7.00822734e-02 7.00822734e-02 7.00822734e-02 7.00822734e-02 7.00822734e-02 7.00822734e-02 7.00822734e-02 7.00822734e-02 7.00822734e-02 7.00822734e-02 7.00822734e-02 7.00822734e-02 7.00822734e-02 7.00822734e-02 7.00822734e-02 7.00822734e-02 7.00822734e-02 7.00822734e-02 7.00822734e-02 7.00822734e-02 7.00822734e-02 7.00822734e-02 7.00822734e-02 7.00822734e-02 7.00822734e-02 7.00822734e-02 7.00822734e-02 7.00822734e-02 7.00822734e-02 7.00822734e-02 7.00822734e-02 7.00822734e-02 7.00822734e-02 7.00822734e-02 7.00822734e-02 7.00822734e-02 7.00822734e-02 7.00822734e-02 7.00822734e-02 7.00822734e-02 7.00822734e-02 7.00822734e-02 7.00822734e-02 7.00822734e-02 7.00822734e-02 7.00822734e-02 7.00822734e-02 7.00822734e-02 7.00822734e-02 7.00822734e-02 7.00822734e-02 7.00822734e-02 7.00822734e-02 7.00822734e-02 7.00822734e-02 7.00822734e-02 7.00822734e-02 7.00822734e-02 7.00822734e-02 7.00822734e-02 7.00822734e-02 7.00822734e-02 7.00822734e-02 7.00822734e-02 7.00822734e-02 7.00822734e-02 7.00822734e-02 7.00822734e-02 7.00822734e-02 7.00822734e-02 7.00822734e-02 7.00822734e-02 7.00822734e-02 7.00822734e-02 7.00822734e-02 7.00822734e-02 7.00822734e-02 7.00822734e-02 7.00822734e-02 7.00822734e-02 7.00822734e-02 7.00822734e-02 7.00822734e-02 7.00822734e-02 7.00822734e-02 7.00822734e-02 7.00822734e-02 7.00822734e-02 7.00822734e-02 7.00822734e-02 7.00822734e-02 7.00822734e-02 7.00822734e-02 7.00822734e-02 7.00822734e-02 7.00822734e-02 7.00822734e-02 7.00822734e-02 7.00822734e-02 7.00822734e-02 7.00822734e-02 7.00822734e-02 7.00822734e-02 7.00822734e-02 7.00822734e-02 7.00822734e-02 7.00822734e-02 7.00822734e-02 7.00822734e-02 7.00822734e-02 7.00822734e-02 7.00822734e-02 7.00822734e-02 7.00822734e-02 7.00822734e-02 7.00822734e-02 7.00822734e-02 7.00822734e-02 7.00822734e-02 7.00822734e-02 7.00822734e-02 7.00822734e-02 7.00822734e-02 7.00822734e-02 7.00822734e-02 7.00822734e-02 7.00822734e-02 7.00822734e-02 7.00822734e-02 7.00822734e-02 7.00822734e-02 7.00822734e-02 7.00822734e-02 7.00822734e-02 7.00822734e-02 7.00822734e-02 7.00822734e-02 7.00822734e-02 7.00822734e-02 7.00822734e-02 7.00822734e-02 7.00822734e-02 7.00822734e-02
6.48402216e-02 6.48402216e-02 6.48402216e-02 6.48402216e-02 6.48402216e-02 6.48402216e-02 6.48402216e-02 6.48402216e-02 6.48402216e-02 6.48402216e-02 6.48402216e-02 6.48402216e-02 6.48402216e-02 6.48402216e-02 6.48402216e-02 6.48402216e-02 6.48402216e-02 6.48402216e-02 6.48402216e-02 6.48402216e-02 6.48402216e-02 6.48402216e-02 6.48402216e-02 6.48402216e-02 6.48402216e-02 6.48402216e-02 6.48402216e-02 6.48402216e-02 6.48402216e-02 6.48402216e-02 6.48402216e-02 6.48402216e-02 6.48402216e-02 6.48402216e-02 6.48402216e-02 6.48402216e-02 6.48402216e-02 6.48402216e-02 6.48402216e-02 6.48402216e-02 6.48402216e-02 6.48402216e-02 6.48402216e-02 6.48402216e-02 6.48402216e-02 6.48402216e-02 6.48402216e-02 6.48402216e-02 6.48402216e-02 6.48402216e-02 6.48402216e-02 6.48402216e-02 6.48402216e-02 6.48402216e-02 6.48402216e-02 6.48402216e-02 6.48402216e-02 6.48402216e-02 6.48402216e-02 6.48402216e-02 6.48402216e-02 6.48402216e-02 6.48402216e-02 6.48402216e-02 6.48402216e-02 6.48402216e-02 6.48402216e-02 6.48402216e-02 6.48402216e-02 6.48402216e-02 6.48402216e-02 6.48402216e-02 6.48402216e-02 6.48402216e-02 6.48402216e-02 6.48402216e-02 6.48402216e-02 6.48402216e-02 6.48402216e-02 6.48402216e-02 6.48402216e-02 6.48402216e-02 6.48402216e-02 6.48402216e-02 6.48402216e-02 6.48402216e-02 6.48402216e-02 6.48402216e-02 6.48402216e-02 6.48402216e-02 6.48402216e-02 6.48402216e-02 6.48402216e-02 6.48402216e-02 6.48402216e-02 6.48402216e-02 6.48402216e-02 6.48402216e-02 6.48402216e-02 6.48402216e-02 6.48402216e-02 6.48402216e-02 6.48402216e-02 6.48402216e-02 6.48402216e-02 6.48402216e-02 6.48402216e-02 6.48402216e-02 6.48402216e-02 6.48402216e-02 6.48402216e-02 6.48402216e-02 6.48402216e-02 6.48402216e-02 6.48402216e-02 6.48402216e-02 6.48402216e-02 6.48402216e-02 6.48402216e-02 6.48402216e-02 6.48402216e-02 6.48402216e-02 6.48402216e-02 6.48402216e-02 6.48402216e-02 6.48402216e-02 6.48402216e-02 6.48402216e-02 6.48402216e-02 6.48402216e-02 6.48402216e-02 6.48402216e-02 6.48402216e-02 6.48402216e-02 6.48402216e-02 6.48402216e-02 6.48402216e-02 6.48402216e-02 6.48402216e-02 6.48402216e-02 6.48402216e-02 6.48402216e-02 6.48402216e-02 6.48402216e-02 6.48402216e-02 6.48402216e-02 6.48402216e-02 6.48402216e-02 6.48402216e-02 6.48402216e-02 6.48402216e-02 6.48402216e-02 6.48402216e-02 6.48402216e-02 6.48402216e-02 6.48402216e-02 6.48402216e-02 6.48402216e-02 6.48402216e-02 6.48402216e-02 6.48402216e-02 6.48402216e-02 6.48402216e-02 6.48402216e-02 6.48402216e-02 6.48402216e-02 6.48402216e-02 6.48402216e-02 6.48402216e-02 6.48402216e-02 6.48402216e-02 6.48402216e-02 6.48402216e-02 6.48402216e-02 6.48402216e-02 6.48402216e-02 6.48402216e-02 6.48402216e-02 6.48402216e-02 6.48402216e-02 6.48402216e-02 6.48402216e-02 6.48402216e-02 6.48402216e-02 6.48402216e-02 6.48402216e-02 6.48402216e-02 6.48402216e-02 6.48402216e-02 6.48402216e-02 6.48402216e-02 6.48402216e-02 6.48402216e-02 6.48402216e-02 6.48402216e-02 6.48402216e-02 6.48402216e-02 6.48402216e-02 6.48402216e-02 6.48402216e-02
5.99109861e-02 5.99109861e-02 5.99109861e-02 5.99109861e-02 5.99109861e-02 5.99109861e-02 5.99109861e-02 5.99109861e-02 5.99109861e-02 5.99109861e-02 5.99109861e-02 5.99109861e-02 5.99109861e-02 5.99109861e-02 5.99109861e-02 5.99109861e-02 5.99109861e-02 5.99109861e-02 5.99109861e-02 5.99109861e-02 5.99109861e-02 5.99109861e-02 5.99109861e-02 5.99109861e-02 5.99109861e-02 5.99109861e-02 5.99109861e-02 5.99109861e-02 5.99109861e-02 5.99109861e-02 5.99109861e-02 5.99109861e-02 5.99109861e-02 5.99109861e-02 5.99109861e-02 5.99109861e-02 5.99109861e-02 5.99109861e-02 5.99109861e-02 5.99109861e-02 5.99109861e-02 5.99109861e-02 5.99109861e-02 5.99109861e-02 5.99109861e-02 5.99109861e-02 5.99109861e-02 5.99109861e-02 5.99109861e-02 5.99109861e-02 5.99109861e-02 5.99109861e-02 5.99109861e-02 5.99109861e-02 5.99109861e-02 5.99109861e-02 5.99109861e-02 5.99109861e-02 5.99109861e-02 5.99109861e-02 5.99109861e-02 5.99109861e-02 5.99109861e-02 5.99109861e-02 5.99109861e-02 5.99109861e-02 5.99109861e-02 5.99109861e-02 5.99109861e-02 5.99109861e-02 5.99109861e-02 5.99109861e-02 5.99109861e-02 5.99109861e-02 5.99109861e-02 5.99109861e-02 5.99109861e-02 5.99109861e-02 5.99109861e-02 5.99109861e-02 5.99109861e-02 5.99109861e-02 5.99109861e-02 5.99109861e-02 5.99109861e-02 5.99109861e-02 5.99109861e-02 5.99109861e-02 5.99109861e-02 5.99109861e-02 5.99109861e-02 5.99109861e-02 5.99109861e-02 5.99109861e-02 5.99109861e-02 5.99109861e-02 5.99109861e-02 5.99109861e-02 5.99109861e-02 5.99109861e-02 5.99109861e-02 5.99109861e-02 5.99109861e-02 5.99109861e-02 5.99109861e-02 5.99109861e-02 5.99109861e-02 5.99109861e-02 5.99109861e-02 5.99109861e-02 5.99109861e-02 5.99109861e-02 5.99109861e-02 5.99109861e-02 5.99109861e-02 5.99109861e-02 5.99109861e-02 5.99109861e-02 5.99109861e-02 5.99109861e-02 5.99109861e-02 5.99109861e-02 5.99109861e-02 5.99109861e-02 5.99109861e-02 5.99109861e-02 5.99109861e-02 5.99109861e-02 5.99109861e-02 5.99109861e-02 5.99109861e-02 5.99109861e-02 5.99109861e-02 5.99109861e-02 5.99109861e-02 5.99109861e-02 5.99109861e-02 5.99109861e-02 5.99109861e-02 5.99109861e-02 5.99109861e-02 5.99109861e-02 5.99109861e-02 5.99109861e-02 5.99109861e-02 5.99109861e-02 5.99109861e-02 5.99109861e-02 5.99109861e-02 5.99109861e-02 5.99109861e-02 5.99109861e-02 5.99109861e-02 5.99109861e-02 5.99109861e-02 5.99109861e-02 5.99109861e-02 5.99109861e-02 5.99109861e-02 5.99109861e-02 5.99109861e-02 5.99109861e-02 5.99109861e-02 5.99109861e-02 5.99109861e-02 5.99109861e-02 5.99109861e-02 5.99109861e-02 5.99109861e-02 5.99109861e-02 5.99109861e-02 5.99109861e-02 5.99109861e-02 5.99109861e-02 5.99109861e-02 5.99109861e-02 5.99109861e-02 5.99109861e-02 5.99109861e-02 5.99109861e-02 5.99109861e-02 5.99109861e-02 5.99109861e-02 5.99109861e-02 5.99109861e-02 5.99109861e-02 5.99109861e-02 5.99109861e-02 5.99109861e-02 5.99109861e-02 5.99109861e-02 5.99109861e-02 5.99109861e-02 5.99109861e-02 5.99109861e-02 5.99109861e-02 5.99109861e-02 5.99109861e-02 5.99109861e-02 5.99109861e-02
5.52846842e-02 5.52846842e-02 5.52846842e-02 5.52846842e-02 5.52846842e-02 5.52846842e-02 5.52846842e-02 5.52846842e-02 5.52846842e-02 5.52846842e-02 5.52846842e-02 5.52846842e-02 5.52846842e-02 5.52846842e-02 5.52846842e-02 5.52846842e-02 5.52846842e-02 5.52846842e-02 5.52846842e-02 5.52846842e-02 5.52846842e-02 5.52846842e-02 5.52846842e-02 5.52846842e-02 5.52846842e-02 5.52846842e-02 5.52846842e-02 5.52846842e-02 5.52846842e-02 5.52846842e-02 5.52846842e-02 5.52846842e-02 5.52846842e-02 5.52846842e-02 5.52846842e-02 5.52846842e-02 5.52846842e-02 5.52846842e-02 5.52846842e-02 5.52846842e-02 5.52846842e-02 5.52846842e-02 5.52846842e-02 5.52846842e-02 5.52846842e-02 5.52846842e-02 5.52846842e-02 5.52846842e-02 5.52846842e-02 5.52846842e-02 5.52846842e-02 5.52846842e-02 5.52846842e-02 5.52846842e-02 5.52846842e-02 5.52846842e-02 5.52846842e-02 5.52846842e-02 5.52846842e-02 5.52846842e-02 5.52846842e-02 5.52846842e-02 5.52846842e-02 5.52846842e-02 5.52846842e-02 5.52846842e-02 5.52846842e-02 5.52846842e-02 5.52846842e-02 5.52846842e-02 5.52846842e-02 5.52846842e-02 5.52846842e-02 5.52846842e-02 5.52846842e-02 5.52846842e-02 5.52846842e-02 5.52846842e-02 5.52846842e-02 5.52846842e-02 5.52846842e-02 5.52846842e-02 5.52846842e-02 5.52846842e-02 5.52846842e-02 5.52846842e-02 5.52846842e-02 5.52846842e-02 5.52846842e-02 5.52846842e-02 5.52846842e-02 5.52846842e-02 5.52846842e-02 5.52846842e-02 5.52846842e-02 5.52846842e-02 5.52846842e-02 5.52846842e-02 5.52846842e-02 5.52846842e-02 5.52846842e-02 5.52846842e-02 5.52846842e-02 5.52846842e-02 5.52846842e-02 5.52846842e-02 5.52846842e-02 5.52846842e-02 5.52846842e-02 5.52846842e-02 5.52846842e-02 5.52846842e-02 5.52846842e-02 5.52846842e-02 5.52846842e-02 5.52846842e-02 5.52846842e-02 5.52846842e-02 5.52846842e-02 5.52846842e-02 5.52846842e-02 5.52846842e-02 5.52846842e-02 5.52846842e-02 5.52846842e-02 5.52846842e-02 5.52846842e-02 5.52846842e-02 5.52846842e-02 5.52846842e-02 5.52846842e-02 5.52846842e-02 5.52846842e-02 5.52846842e-02 5.52846842e-02 5.52846842e-02 5.52846842e-02 5.52846842e-02 5.52846842e-02 5.52846842e-02 5.52846842e-02 5.52846842e-02 5.52846842e-02 5.52846842e-02 5.52846842e-02 5.52846842e-02 5.52846842e-02 5.52846842e-02 5.52846842e-02 5.52846842e-02 5.52846842e-02 5.52846842e-02 5.52846842e-02 5.52846842e-02 5.52846842e-02 5.52846842e-02 5.52846842e-02 5.52846842e-02 5.52846842e-02 5.52846842e-02 5.52846842e-02 5.52846842e-02 5.52846842e-02 5.52846842e-02 5.52846842e-02 5.52846842e-02 5.52846842e-02 5.52846842e-02 5.52846842e-02 5.52846842e-02 5.52846842e-02 5.52846842e-02 5.52846842e-02 5.52846842e-02 5.52846842e-02 5.52846842e-02 5.52846842e-02 5.52846842e-02 5.52846842e-02 5.52846842e-02 5.52846842e-02 5.52846842e-02 5.52846842e-02 5.52846842e-02 5.52846842e-02 5.52846842e-02 5.52846842e-02 5.52846842e-02 5.52846842e-02 5.52846842e-02 5.52846842e-02 5.52846842e-02 5.52846842e-02 5.52846842e-02 5.52846842e-02 5.52846842e-02 5.52846842e-02 5.52846842e-02 5.52846842e-02 5.52846842e-02
5.09507312e-02 5.09507312e-02 5.09507312e-02 5.09507312e-02 5.09507312e-02 5.09507312e-02 5.09507312e-02 5.09507312e-02 5.09507312e-02 5.09507312e-02 5.09507312e-02 5.09507312e-02 5.09507312e-02 5.09507312e-02 5.09507312e-02 5.09507312e-02 5.09507312e-02 5.09507312e-02 5.09507312e-02 5.09507312e-02 5.09507312e-02 5.09507312e-02 5.09507312e-02 5.09507312e-02 5.09507312e-02 5.09507312e-02 5.09507312e-02 5.09507312e-02 5.09507312e-02 5.09507312e-02 5.09507312e-02 5.09507312e-02 5.09507312e-02 5.09507312e-02 5.09507312e-02 5.09507312e-02 5.09507312e-02 5.09507312e-02 5.09507312e-02 5.09507312e-02 5.09507312e-02 5.09507312e-02 5.09507312e-02 5.09507312e-02 5.09507312e-02 5.09507312e-02 5.09507312e-02 5.09507312e-02 5.09507312e-02 5.09507312e-02 5.09507312e-02 5.09507312e-02 5.09507312e-02 5.09507312e-02 5.09507312e-02 5.09507312e-02 5.09507312e-02 5.09507312e-02 5.09507312e-02 5.09507312e-02 5.09507312e-02 5.09507312e-02 5.09507312e-02 5.09507312e-02 5.09507312e-02 5.09507312e-02 5.09507312e-02 5.09507312e-02 5.09507312e-02 5.09507312e-02 5.09507312e-02 5.09507312e-02 5.09507312e-02 5.09507312e-02 5.09507312e-02 5.09507312e-02 5.09507312e-02 5.09507312e-02 5.09507312e-02 5.09507312e-02 5.09507312e-02 5.09507312e-02 5.09507312e-02 5.09507312e-02 5.09507312e-02 5.09507312e-02 5.09507312e-02 5.09507312e-02 5.09507312e-02 5.09507312e-02 5.09507312e-02 5.09507312e-02 5.09507312e-02 5.09507312e-02 5.09507312e-02 5.09507312e-02 5.09507312e-02 5.09507312e-02 5.09507312e-02 5.09507312e-02 5.09507312e-02 5.09507312e-02 5.09507312e-02 5.09507312e-02 5.09507312e-02 5.09507312e-02 5.09507312e-02 5.09507312e-02 5.09507312e-02 5.09507312e-02 5.09507312e-02 5.09507312e-02 5.09507312e-02 5.09507312e-02 5.09507312e-02 5.09507312e-02 5.09507312e-02 5.09507312e-02 5.09507312e-02 5.09507312e-02 5.09507312e-02 5.09507312e-02 5.09507312e-02 5.09507312e-02 5.09507312e-02 5.09507312e-02 5.09507312e-02 5.09507312e-02 5.09507312e-02 5.09507312e-02 5.09507312e-02 5.09507312e-02 5.09507312e-02 5.09507312e-02 5.09507312e-02 5.09507312e-02 5.09507312e-02 5.09507312e-02 5.09507312e-02 5.09507312e-02 5.09507312e-02 5.09507312e-02 5.09507312e-02 5.09507312e-02 5.09507312e-02 5.09507312e-02 5.09507312e-02 5.09507312e-02 5.09507312e-02 5.09507312e-02 5.09507312e-02 5.09507312e-02 5.09507312e-02 5.09507312e-02 5.09507312e-02 5.09507312e-02 5.09507312e-02 5.09507312e-02 5.09507312e-02 5.09507312e-02 5.09507312e-02 5.09507312e-02 5.09507312e-02 5.09507312e-02 5.09507312e-02 5.09507312e-02 5.09507312e-02 5.09507312e-02 5.09507312e-02 5.09507312e-02 5.09507312e-02 5.09507312e-02 5.09507312e-02 5.09507312e-02 5.09507312e-02 5.09507312e-02 5.09507312e-02 5.09507312e-02 5.09507312e-02 5.09507312e-02 5.09507312e-02 5.09507312e-02 5.09507312e-02 5.09507312e-02 5.09507312e-02 5.09507312e-02 5.09507312e-02 5.09507312e-02 5.09507312e-02 5.09507312e-02 5.09507312e-02 5.09507312e-02 5.09507312e-02 5.09507312e-02 5.09507312e-02 5.09507312e-02 5.09507312e-02 5.09507312e-02 5.09507312e-02 5.09507312e-02
4.68979715e-02 4.68979715e-02 4.68979715e-02 4.68979715e-02 4.68979715e-02 4.68979715e-02 4.68979715e-02 4.68979715e-02 4.68979715e-02 4.68979715e-02 4.68979715e-02 4.68979715e-02 4.68979715e-02 4.68979715e-02 4.68979715e-02 4.68979715e-02 4.68979715e-02 4.68979715e-02 4.68979715e-02 4.68979715e-02 4.68979715e-02 4.68979715e-02 4.68979715e-02 4.68979715e-02 4.68979715e-02 4.68979715e-02 4.68979715e-02 4.68979715e-02 4.68979715e-02 4.68979715e-02 4.68979715e-02 4.68979715e-02 4.68979715e-02 4.68979715e-02 4.68979715e-02 4.68979715e-02 4.68979715e-02 4.68979715e-02 4.68979715e-02 4.68979715e-02 4.68979715e-02 4.68979715e-02 4.68979715e-02 4.68979715e-02 4.68979715e-02 4.68979715e-02 4.68979715e-02 4.68979715e-02 4.68979715e-02 4.68979715e-02 4.68979715e-02 4.68979715e-02 4.68979715e-02 4.68979715e-02 4.68979715e-02 4.68979715e-02 4.68979715e-02 4.68979715e-02 4.68979715e-02 4.68979715e-02 4.68979715e-02 4.68979715e-02 4.68979715e-02 4.68979715e-02 4.68979715e-02 4.68979715e-02 4.68979715e-02 4.68979715e-02 4.68979715e-02 4.68979715e-02 4.68979715e-02 4.68979715e-02 4.68979715e-02 4.68979715e-02 4.68979715e-02 4.68979715e-02 4.68979715e-02 4.68979715e-02 4.68979715e-02 4.68979715e-02 4.68979715e-02 4.68979715e-02 4.68979715e-02 4.68979715e-02 4.68979715e-02 4.68979715e-02 4.68979715e-02 4.68979715e-02 4.68979715e-02 4.68979715e-02 4.68979715e-02 4.68979715e-02 4.68979715e-02 4.68979715e-02 4.68979715e-02 4.68979715e-02 4.68979715e-02 4.68979715e-02 4.68979715e-02 4.68979715e-02 4.68979715e-02 4.68979715e-02 4.68979715e-02 4.68979715e-02 4.68979715e-02 4.68979715e-02 4.68979715e-02 4.68979715e-02 4.68979715e-02 4.68979715e-02 4.68979715e-02 4.68979715e-02 4.68979715e-02 4.68979715e-02 4.68979715e-02 4.68979715e-02 4.68979715e-02 4.68979715e-02 4.68979715e-02 4.68979715e-02 4.68979715e-02 4.68979715e-02 4.68979715e-02 4.68979715e-02 4.68979715e-02 4.68979715e-02 4.68979715e-02 4.68979715e-02 4.68979715e-02 4.68979715e-02 4.68979715e-02 4.68979715e-02 4.68979715e-02 4.68979715e-02 4.68979715e-02 4.68979715e-02 4.68979715e-02 4.68979715e-02 4.68979715e-02 4.68979715e-02 4.68979715e-02 4.68979715e-02 4.68979715e-02 4.68979715e-02 4.68979715e-02 4.68979715e-02 4.68979715e-02 4.68979715e-02 4.68979715e-02 4.68979715e-02 4.68979715e-02 4.68979715e-02 4.68979715e-02 4.68979715e-02 4.68979715e-02 4.68979715e-02 4.68979715e-02 4.68979715e-02 4.68979715e-02 4.68979715e-02 4.68979715e-02 4.68979715e-02 4.68979715e-02 4.68979715e-02 4.68979715e-02 4.68979715e-02 4.68979715e-02 4.68979715e-02 4.68979715e-02 4.68979715e-02 4.68979715e-02 4.68979715e-02 4.68979715e-02 4.68979715e-02 4.68979715e-02 4.68979715e-02 4.68979715e-02 4.68979715e-02 4.68979715e-02 4.68979715e-02 4.68979715e-02 4.68979715e-02 4.68979715e-02 4.68979715e-02 4.68979715e-02 4.68979715e-02 4.68979715e-02 4.68979715e-02 4.68979715e-02 4.68979715e-02 4.68979715e-02 4.68979715e-02 4.68979715e-02 4.68979715e-02 4.68979715e-02 4.68979715e-02 4.68979715e-02 4.68979715e-02 4.68979715e-02 4.68979715e-02
4.31148084e-02 4.31148084e-02 4.31148084e-02 4.31148084e-02 4.31148084e-02 4.31148084e-02 4.31148084e-02 4.31148084e-02 4.31148084e-02 4.31148084e-02 4.31148084e-02 4.31148084e-02 4.31148084e-02 4.31148084e-02 4.31148084e-02 4.31148084e-02 4.31148084e-02 4.31148084e-02 4.31148084e-02 4.31148084e-02 4.31148084e-02 4.31148084e-02 4.31148084e-02 4.31148084e-02 4.31148084e-02 4.31148084e-02 4.31148084e-02 4.31148084e-02 4.31148084e-02 4.31148084e-02 4.31148084e-02 4.31148084e-02 4.31148084e-02 4.31148084e-02 4.31148084e-02 4.31148084e-02 4.31148084e-02 4.31148084e-02 4.31148084e-02 4.31148084e-02 4.31148084e-02 4.31148084e-02 4.31148084e-02 4.31148084e-02 4.31148084e-02 4.31148084e-02 4.31148084e-02 4.31148084e-02 4.31148084e-02 4.31148084e-02 4.31148084e-02 4.31148084e-02 4.31148084e-02 4.31148084e-02 4.31148084e-02 4.31148084e-02 4.31148084e-02 4.31148084e-02 4.31148084e-02 4.31148084e-02 4.31148084e-02 4.31148084e-02 4.31148084e-02 4.31148084e-02 4.31148084e-02 4.31148084e-02 4.31148084e-02 4.31148084e-02 4.31148084e-02 4.31148084e-02 4.31148084e-02 4.31148084e-02 4.31148084e-02 4.31148084e-02 4.31148084e-02 4.31148084e-02 4.31148084e-02 4.31148084e-02 4.31148084e-02 4.31148084e-02 4.31148084e-02 4.31148084e-02 4.31148084e-02 4.31148084e-02 4.31148084e-02 4.31148084e-02 4.31148084e-02 4.31148084e-02 4.31148084e-02 4.31148084e-02 4.31148084e-02 4.31148084e-02 4.31148084e-02 4.31148084e-02 4.31148084e-02 4.31148084e-02 4.31148084e-02 4.31148084e-02 4.31148084e-02 4.31148084e-02 4.31148084e-02 4.31148084e-02 4.31148084e-02 4.31148084e-02 4.31148084e-02 4.31148084e-02 4.31148084e-02 4.31148084e-02 4.31148084e-02 4.31148084e-02 4.31148084e-02 4.31148084e-02 4.31148084e-02 4.31148084e-02 4.31148084e-02 4.31148084e-02 4.31148084e-02 4.31148084e-02 4.31148084e-02 4.31148084e-02 4.31148084e-02 4.31148084e-02 4.31148084e-02 4.31148084e-02 4.31148084e-02 4.31148084e-02 4.31148084e-02 4.31148084e-02 4.31148084e-02 4.31148084e-02 4.31148084e-02 4.31148084e-02 4.31148084e-02 4.31148084e-02 4.31148084e-02 4.31148084e-02 4.31148084e-02 4.31148084e-02 4.31148084e-02 4.31148084e-02 4.31148084e-02 4.31148084e-02 4.31148084e-02 4.31148084e-02 4.31148084e-02 4.31148084e-02 4.31148084e-02 4.31148084e-02 4.31148084e-02 4.31148084e-02 4.31148084e-02 4.31148084e-02 4.31148084e-02 4.31148084e-02 4.31148084e-02 4.31148084e-02 4.31148084e-02 4.31148084e-02 4.31148084e-02 4.31148084e-02 4.31148084e-02 4.31148084e-02 4.31148084e-02 4.31148084e-02 4.31148084e-02 4.31148084e-02 4.31148084e-02 4.31148084e-02 4.31148084e-02 4.31148084e-02 4.31148084e-02 4.31148084e-02 4.31148084e-02 4.31148084e-02 4.31148084e-02 4.31148084e-02 4.31148084e-02 4.31148084e-02 4.31148084e-02 4.31148084e-02 4.31148084e-02 4.31148084e-02 4.31148084e-02 4.31148084e-02 4.31148084e-02 4.31148084e-02 4.31148084e-02 4.31148084e-02 4.31148084e-02 4.31148084e-02 4.31148084e-02 4.31148084e-02 4.31148084e-02 4.31148084e-02 4.31148084e-02 4.31148084e-02 4.31148084e-02 4.31148084e-02 4.31148084e-02 4.31148084e-02
3.95893285e-02 3.95893285e-02 3.95893285e-02 3.95893285e-02 3.95893285e-02 3.95893285e-02 3.95893285e-02 3.95893285e-02 3.95893285e-02 3.95893285e-02 3.95893285e-02 3.95893285e-02 3.95893285e-02 3.95893285e-02 3.95893285e-02 3.95893285e-02 3.95893285e-02 3.95893285e-02 3.95893285e-02 3.95893285e-02 3.95893285e-02 3.95893285e-02 3.95893285e-02 3.95893285e-02 3.95893285e-02 3.95893285e-02 3.95893285e-02 3.95893285e-02 3.95893285e-02 3.95893285e-02 3.95893285e-02 3.95893285e-02 3.95893285e-02 3.95893285e-02 3.95893285e-02 3.95893285e-02 3.95893285e-02 3.95893285e-02 3.95893285e-02 3.95893285e-02 3.95893285e-02 3.95893285e-02 3.95893285e-02 3.95893285e-02 3.95893285e-02 3.95893285e-02 3.95893285e-02 3.95893285e-02 3.95893285e-02 3.95893285e-02 3.95893285e-02 3.95893285e-02 3.95893285e-02 3.95893285e-02 3.95893285e-02 3.95893285e-02 3.95893285e-02 3.95893285e-02 3.95893285e-02 3.95893285e-02 3.95893285e-02 3.95893285e-02 3.95893285e-02 3.95893285e-02 3.95893285e-02 3.95893285e-02 3.95893285e-02 3.95893285e-02 3.95893285e-02 3.95893285e-02 3.95893285e-02 3.95893285e-02 3.95893285e-02 3.95893285e-02 3.95893285e-02 3.95893285e-02 3.95893285e-02 3.95893285e-02 3.95893285e-02 3.95893285e-02 3.95893285e-02 3.95893285e-02 3.95893285e-02 3.95893285e-02 3.95893285e-02 3.95893285e-02 3.95893285e-02 3.95893285e-02 3.95893285e-02 3.95893285e-02 3.95893285e-02 3.95893285e-02 3.95893285e-02 3.95893285e-02 3.95893285e-02 3.95893285e-02 3.95893285e-02 3.95893285e-02 3.95893285e-02 3.95893285e-02 3.95893285e-02 3.95893285e-02 3.95893285e-02 3.95893285e-02 3.95893285e-02 3.95893285e-02 3.95893285e-02 3.95893285e-02 3.95893285e-02 3.95893285e-02 3.95893285e-02 3.95893285e-02 3.95893285e-02 3.95893285e-02 3.95893285e-02 3.95893285e-02 3.95893285e-02 3.95893285e-02 3.95893285e-02 3.95893285e-02 3.95893285e-02 3.95893285e-02 3.95893285e-02 3.95893285e-02 3.95893285e-02 3.95893285e-02 3.95893285e-02 3.95893285e-02 3.95893285e-02 3.95893285e-02 3.95893285e-02 3.95893285e-02 3.95893285e-02 3.95893285e-02 3.95893285e-02 3.95893285e-02 3.95893285e-02 3.95893285e-02 3.95893285e-02 3.95893285e-02 3.95893285e-02 3.95893285e-02 3.95893285e-02 3.95893285e-02 3.95893285e-02 3.95893285e-02 3.95893285e-02 3.95893285e-02 3.95893285e-02 3.95893285e-02 3.95893285e-02 3.95893285e-02 3.95893285e-02 3.95893285e-02 3.95893285e-02 3.95893285e-02 3.95893285e-02 3.95893285e-02 3.95893285e-02 3.95893285e-02 3.95893285e-02 3.95893285e-02 3.95893285e-02 3.95893285e-02 3.95893285e-02 3.95893285e-02 3.95893285e-02 3.95893285e-02 3.95893285e-02 3.95893285e-02 3.95893285e-02 3.95893285e-02 3.95893285e-02 3.95893285e-02 3.95893285e-02 3.95893285e-02 3.95893285e-02 3.95893285e-02 3.95893285e-02 3.95893285e-02 3.95893285e-02 3.95893285e-02 3.95893285e-02 3.95893285e-02 3.95893285e-02 3.95893285e-02 3.95893285e-02 3.95893285e-02 3.95893285e-02 3.95893285e-02 3.95893285e-02 3.95893285e-02 3.95893285e-02 3.95893285e-02 3.95893285e-02 3.95893285e-02 3.95893285e-02 3.95893285e-02 3.95893285e-02 3.95893285e-02
3.63094195e-02 3.63094195e-02 3.63094195e-02 3.63094195e-02 3.63094195e-02 3.63094195e-02 3.63094195e-02 3.63094195e-02 3.63094195e-02 3.63094195e-02 3.63094195e-02 3.63094195e-02 3.63094195e-02 3.63094195e-02 3.63094195e-02 3.63094195e-02 3.63094195e-02 3.63094195e-02 3.63094195e-02 3.63094195e-02 3.63094195e-02 3.63094195e-02 3.63094195e-02 3.63094195e-02 3.63094195e-02 3.63094195e-02 3.63094195e-02 3.63094195e-02 3.63094195e-02 3.63094195e-02 3.63094195e-02 3.63094195e-02 3.63094195e-02 3.63094195e-02 3.63094195e-02 3.63094195e-02 3.63094195e-02 3.63094195e-02 3.63094195e-02 3.63094195e-02 3.63094195e-02 3.63094195e-02 3.63094195e-02 3.63094195e-02 3.63094195e-02 3.63094195e-02 3.63094195e-02 3.63094195e-02 3.63094195e-02 3.63094195e-02 3.63094195e-02 3.63094195e-02 3.63094195e-02 3.63094195e-02 3.63094195e-02 3.63094195e-02 3.63094195e-02 3.63094195e-02 3.63094195e-02 3.63094195e-02 3.63094195e-02 3.63094195e-02 3.63094195e-02 3.63094195e-02 3.63094195e-02 3.63094195e-02 3.63094195e-02 3.63094195e-02 3.63094195e-02 3.63094195e-02 3.63094195e-02 3.63094195e-02 3.63094195e-02 3.63094195e-02 3.63094195e-02 3.63094195e-02 3.63094195e-02 3.63094195e-02 3.63094195e-02 3.63094195e-02 3.63094195e-02 3.63094195e-02 3.63094195e-02 3.63094195e-02 3.63094195e-02 3.63094195e-02 3.63094195e-02 3.63094195e-02 3.63094195e-02 3.63094195e-02 3.63094195e-02 3.63094195e-02 3.63094195e-02 3.63094195e-02 3.63094195e-02 3.63094195e-02 3.63094195e-02 3.63094195e-02 3.63094195e-02 3.63094195e-02 3.63094195e-02 3.63094195e-02 3.63094195e-02 3.63094195e-02 3.63094195e-02 3.63094195e-02 3.63094195e-02 3.63094195e-02 3.63094195e-02 3.63094195e-02 3.63094195e-02 3.63094195e-02 3.63094195e-02 3.63094195e-02 3.63094195e-02 3.63094195e-02 3.63094195e-02 3.63094195e-02 3.63094195e-02 3.63094195e-02 3.63094195e-02 3.63094195e-02 3.63094195e-02 3.63094195e-02 3.63094195e-02 3.63094195e-02 3.63094195e-02 3.63094195e-02 3.63094195e-02 3.63094195e-02 3.63094195e-02 3.63094195e-02 3.63094195e-02 3.63094195e-02 3.63094195e-02 3.63094195e-02 3.63094195e-02 3.63094195e-02 3.63094195e-02 3.63094195e-02 3.63094195e-02 3.63094195e-02 3.63094195e-02 3.63094195e-02 3.63094195e-02 3.63094195e-02 3.63094195e-02 3.63094195e-02 3.63094195e-02 3.63094195e-02 3.63094195e-02 3.63094195e-02 3.63094195e-02 3.63094195e-02 3.63094195e-02 3.63094195e-02 3.63094195e-02 3.63094195e-02 3.63094195e-02 3.63094195e-02 3.63094195e-02 3.63094195e-02 3.63094195e-02 3.63094195e-02 3.63094195e-02 3.63094195e-02 3.63094195e-02 3.63094195e-02 3.63094195e-02 3.63094195e-02 3.63094195e-02 3.63094195e-02 3.63094195e-02 3.63094195e-02 3.63094195e-02 3.63094195e-02 3.63094195e-02 3.63094195e-02 3.63094195e-02 3.63094195e-02 3.63094195e-02 3.63094195e-02 3.63094195e-02 3.63094195e-02 3.63094195e-02 3.63094195e-02 3.63094195e-02 3.63094195e-02 3.63094195e-02 3.63094195e-02 3.63094195e-02 3.63094195e-02 3.63094195e-02 3.63094195e-02 3.63094195e-02 3.63094195e-02 3.63094195e-02 3.63094195e-02 3.63094195e-02 3.63094195e-02
3.32628794e-02 3.32628794e-02 3.32628794e-02 3.32628794e-02 3.32628794e-02 3.32628794e-02 3.32628794e-02 3.32628794e-02 3.32628794e-02 3.32628794e-02 3.32628794e-02 3.32628794e-02 3.32628794e-02 3.32628794e-02 3.32628794e-02 3.32628794e-02 3.32628794e-02 3.32628794e-02 3.32628794e-02 3.32628794e-02 3.32628794e-02 3.32628794e-02 3.32628794e-02 3.32628794e-02 3.32628794e-02 3.32628794e-02 3.32628794e-02 3.32628794e-02 3.32628794e-02 3.32628794e-02 3.32628794e-02 3.32628794e-02 3.32628794e-02 3.32628794e-02 3.32628794e-02 3.32628794e-02 3.32628794e-02 3.32628794e-02 3.32628794e-02 3.32628794e-02 3.32628794e-02 3.32628794e-02 3.32628794e-02 3.32628794e-02 3.32628794e-02 3.32628794e-02 3.32628794e-02 3.32628794e-02 3.32628794e-02 3.32628794e-02 3.32628794e-02 3.32628794e-02 3.32628794e-02 3.32628794e-02 3.32628794e-02 3.32628794e-02 3.32628794e-02 3.32628794e-02 3.32628794e-02 3.32628794e-02 3.32628794e-02 3.32628794e-02 3.32628794e-02 3.32628794e-02 3.32628794e-02 3.32628794e-02 3.32628794e-02 3.32628794e-02 3.32628794e-02 3.32628794e-02 3.32628794e-02 3.32628794e-02 3.32628794e-02 3.32628794e-02 3.32628794e-02 3.32628794e-02 3.32628794e-02 3.32628794e-02 3.32628794e-02 3.32628794e-02 3.32628794e-02 3.32628794e-02 3.32628794e-02 3.32628794e-02 3.32628794e-02 3.32628794e-02 3.32628794e-02 3.32628794e-02 3.32628794e-02 3.32628794e-02 3.32628794e-02 3.32628794e-02 3.32628794e-02 3.32628794e-02 3.32628794e-02 3.32628794e-02 3.32628794e-02 3.32628794e-02 3.32628794e-02 3.32628794e-02 3.32628794e-02 3.32628794e-02 3.32628794e-02 3.32628794e-02 3.32628794e-02 3.32628794e-02 3.32628794e-02 3.32628794e-02 3.32628794e-02 3.32628794e-02 3.32628794e-02 3.32628794e-02 3.32628794e-02 3.32628794e-02 3.32628794e-02 3.32628794e-02 3.32628794e-02 3.32628794e-02 3.32628794e-02 3.32628794e-02 3.32628794e-02 3.32628794e-02 3.32628794e-02 3.32628794e-02 3.32628794e-02 3.32628794e-02 3.32628794e-02 3.32628794e-02 3.32628794e-02 3.32628794e-02 3.32628794e-02 3.32628794e-02 3.32628794e-02 3.32628794e-02 3.32628794e-02 3.32628794e-02 3.32628794e-02 3.32628794e-02 3.32628794e-02 3.32628794e-02 3.32628794e-02 3.32628794e-02 3.32628794e-02 3.32628794e-02 3.32628794e-02 3.32628794e-02 3.32628794e-02 3.32628794e-02 3.32628794e-02 3.32628794e-02 3.32628794e-02 3.32628794e-02 3.32628794e-02 3.32628794e-02 3.32628794e-02 3.32628794e-02 3.32628794e-02 3.32628794e-02 3.32628794e-02 3.32628794e-02 3.32628794e-02 3.32628794e-02 3.32628794e-02 3.32628794e-02 3.32628794e-02 3.32628794e-02 3.32628794e-02 3.32628794e-02 3.32628794e-02 3.32628794e-02 3.32628794e-02 3.32628794e-02 3.32628794e-02 3.32628794e-02 3.32628794e-02 3.32628794e-02 3.32628794e-02 3.32628794e-02 3.32628794e-02 3.32628794e-02 3.32628794e-02 3.32628794e-02 3.32628794e-02 3.32628794e-02 3.32628794e-02 3.32628794e-02 3.32628794e-02 3.32628794e-02 3.32628794e-02 3.32628794e-02 3.32628794e-02 3.32628794e-02 3.32628794e-02 3.32628794e-02 3.32628794e-02 3.32628794e-02 3.32628794e-02 3.32628794e-02 3.32628794e-02 3.32628794e-02
3.04375159e-02 3.04375159e-02 3.04375159e-02 3.04375159e-02 3.04375159e-02 3.04375159e-02 3.04375159e-02 3.04375159e-02 3.04375159e-02 3.04375159e-02 3.04375159e-02 3.04375159e-02 3.04375159e-02 3.04375159e-02 3.04375159e-02 3.04375159e-02 3.04375159e-02 3.04375159e-02 3.04375159e-02 3.04375159e-02 3.04375159e-02 3.04375159e-02 3.04375159e-02 3.04375159e-02 3.04375159e-02 3.04375159e-02 3.04375159e-02 3.04375159e-02 3.04375159e-02 3.04375159e-02 3.04375159e-02 3.04375159e-02 3.04375159e-02 3.04375159e-02 3.04375159e-02 3.04375159e-02 3.04375159e-02 3.04375159e-02 3.04375159e-02 3.04375159e-02 3.04375159e-02 3.04375159e-02 3.04375159e-02 3.04375159e-02 3.04375159e-02 3.04375159e-02 3.04375159e-02 3.04375159e-02 3.04375159e-02 3.04375159e-02 3.04375159e-02 3.04375159e-02 3.04375159e-02 3.04375159e-02 3.04375159e-02 3.04375159e-02 3.04375159e-02 3.04375159e-02 3.04375159e-02 3.04375159e-02 3.04375159e-02 3.04375159e-02 3.04375159e-02 3.04375159e-02 3.04375159e-02 3.04375159e-02 3.04375159e-02 3.04375159e-02 3.04375159e-02 3.04375159e-02 3.04375159e-02 3.04375159e-02 3.04375159e-02 3.04375159e-02 3.04375159e-02 3.04375159e-02 3.04375159e-02 3.04375159e-02 3.04375159e-02 3.04375159e-02 3.04375159e-02 3.04375159e-02 3.04375159e-02 3.04375159e-02 3.04375159e-02 3.04375159e-02 3.04375159e-02 3.04375159e-02 3.04375159e-02 3.04375159e-02 3.04375159e-02 3.04375159e-02 3.04375159e-02 3.04375159e-02 3.04375159e-02 3.04375159e-02 3.04375159e-02 3.04375159e-02 3.04375159e-02 3.04375159e-02 3.04375159e-02 3.04375159e-02 3.04375159e-02 3.04375159e-02 3.04375159e-02 3.04375159e-02 3.04375159e-02 3.04375159e-02 3.04375159e-02 3.04375159e-02 3.04375159e-02 3.04375159e-02 3.04375159e-02 3.04375159e-02 3.04375159e-02 3.04375159e-02 3.04375159e-02 3.04375159e-02 3.04375159e-02 3.04375159e-02 3.04375159e-02 3.04375159e-02 3.04375159e-02 3.04375159e-02 3.04375159e-02 3.04375159e-02 3.04375159e-02 3.04375159e-02 3.04375159e-02 3.04375159e-02 3.04375159e-02 3.04375159e-02 3.04375159e-02 3.04375159e-02 3.04375159e-02 3.04375159e-02 3.04375159e-02 3.04375159e-02 3.04375159e-02 3.04375159e-02 3.04375159e-02 3.04375159e-02 3.04375159e-02 3.04375159e-02 3.04375159e-02 3.04375159e-02 3.04375159e-02 3.04375159e-02 3.04375159e-02 3.04375159e-02 3.04375159e-02 3.04375159e-02 3.04375159e-02 3.04375159e-02 3.04375159e-02 3.04375159e-02 3.04375159e-02 3.04375159e-02 3.04375159e-02 3.04375159e-02 3.04375159e-02 3.04375159e-02 3.04375159e-02 3.04375159e-02 3.04375159e-02 3.04375159e-02 3.04375159e-02 3.04375159e-02 3.04375159e-02 3.04375159e-02 3.04375159e-02 3.04375159e-02 3.04375159e-02 3.04375159e-02 3.04375159e-02 3.04375159e-02 3.04375159e-02 3.04375159e-02 3.04375159e-02 3.04375159e-02 3.04375159e-02 3.04375159e-02 3.04375159e-02 3.04375159e-02 3.04375159e-02 3.04375159e-02 3.04375159e-02 3.04375159e-02 3.04375159e-02 3.04375159e-02 3.04375159e-02 3.04375159e-02 3.04375159e-02 3.04375159e-02 3.04375159e-02 3.04375159e-02 3.04375159e-02 3.04375159e-02 3.04375159e-02 3.04375159e-02
2.78212357e-02 2.78212357e-02 2.78212357e-02 2.78212357e-02 2.78212357e-02 2.78212357e-02 2.78212357e-02 2.78212357e-02 2.78212357e-02 2.78212357e-02 2.78212357e-02 2.78212357e-02 2.78212357e-02 2.78212357e-02 2.78212357e-02 2.78212357e-02 2.78212357e-02 2.78212357e-02 2.78212357e-02 2.78212357e-02 2.78212357e-02 2.78212357e-02 2.78212357e-02 2.78212357e-02 2.78212357e-02 2.78212357e-02 2.78212357e-02 2.78212357e-02 2.78212357e-02 2.78212357e-02 2.78212357e-02 2.78212357e-02 2.78212357e-02 2.78212357e-02 2.78212357e-02 2.78212357e-02 2.78212357e-02 2.78212357e-02 2.78212357e-02 2.78212357e-02 2.78212357e-02 2.78212357e-02 2.78212357e-02 2.78212357e-02 2.78212357e-02 2.78212357e-02 2.78212357e-02 2.78212357e-02 2.78212357e-02 2.78212357e-02 2.78212357e-02 2.78212357e-02 2.78212357e-02 2.78212357e-02 2.78212357e-02 2.78212357e-02 2.78212357e-02 2.78212357e-02 2.78212357e-02 2.78212357e-02 2.78212357e-02 2.78212357e-02 2.78212357e-02 2.78212357e-02 2.78212357e-02 2.78212357e-02 2.78212357e-02 2.78212357e-02 2.78212357e-02 2.78212357e-02 2.78212357e-02 2.78212357e-02 2.78212357e-02 2.78212357e-02 2.78212357e-02 2.78212357e-02 2.78212357e-02 2.78212357e-02 2.78212357e-02 2.78212357e-02 2.78212357e-02 2.78212357e-02 2.78212357e-02 2.78212357e-02 2.78212357e-02 2.78212357e-02 2.78212357e-02 2.78212357e-02 2.78212357e-02 2.78212357e-02 2.78212357e-02 2.78212357e-02 2.78212357e-02 2.78212357e-02 2.78212357e-02 2.78212357e-02 2.78212357e-02 2.78212357e-02 2.78212357e-02 2.78212357e-02 2.78212357e-02 2.78212357e-02 2.78212357e-02 2.78212357e-02 2.78212357e-02 2.78212357e-02 2.78212357e-02 2.78212357e-02 2.78212357e-02 2.78212357e-02 2.78212357e-02 2.78212357e-02 2.78212357e-02 2.78212357e-02 2.78212357e-02 2.78212357e-02 2.78212357e-02 2.78212357e-02 2.78212357e-02 2.78212357e-02 2.78212357e-02 2.78212357e-02 2.78212357e-02 2.78212357e-02 2.78212357e-02 2.78212357e-02 2.78212357e-02 2.78212357e-02 2.78212357e-02 2.78212357e-02 2.78212357e-02 2.78212357e-02 2.78212357e-02 2.78212357e-02 2.78212357e-02 2.78212357e-02 2.78212357e-02 2.78212357e-02 2.78212357e-02 2.78212357e-02 2.78212357e-02 2.78212357e-02 2.78212357e-02 2.78212357e-02 2.78212357e-02 2.78212357e-02 2.78212357e-02 2.78212357e-02 2.78212357e-02 2.78212357e-02 2.78212357e-02 2.78212357e-02 2.78212357e-02 2.78212357e-02 2.78212357e-02 2.78212357e-02 2.78212357e-02 2.78212357e-02 2.78212357e-02 2.78212357e-02 2.78212357e-02 2.78212357e-02 2.78212357e-02 2.78212357e-02 2.78212357e-02 2.78212357e-02 2.78212357e-02 2.78212357e-02 2.78212357e-02 2.78212357e-02 2.78212357e-02 2.78212357e-02 2.78212357e-02 2.78212357e-02 2.78212357e-02 2.78212357e-02 2.78212357e-02 2.78212357e-02 2.78212357e-02 2.78212357e-02 2.78212357e-02 2.78212357e-02 2.78212357e-02 2.78212357e-02 2.78212357e-02 2.78212357e-02 2.78212357e-02 2.78212357e-02 2.78212357e-02 2.78212357e-02 2.78212357e-02 2.78212357e-02 2.78212357e-02 2.78212357e-02 2.78212357e-02 2.78212357e-02 2.78212357e-02 2.78212357e-02 2.78212357e-02 2.78212357e-02
2.54021232e-02 2.54021232e-02 2.54021232e-02 2.54021232e-02 2.54021232e-02 2.54021232e-02 2.54021232e-02 2.54021232e-02 2.54021232e-02 2.54021232e-02 2.54021232e-02 2.54021232e-02 2.54021232e-02 2.54021232e-02 2.54021232e-02 2.54021232e-02 2.54021232e-02 2.54021232e-02 2.54021232e-02 2.54021232e-02 2.54021232e-02 2.54021232e-02 2.54021232e-02 2.54021232e-02 2.54021232e-02 2.54021232e-02 2.54021232e-02 2.54021232e-02 2.54021232e-02 2.54021232e-02 2.54021232e-02 2.54021232e-02 2.54021232e-02 2.54021232e-02 2.54021232e-02 2.54021232e-02 2.54021232e-02 2.54021232e-02 2.54021232e-02 2.54021232e-02 2.54021232e-02 2.54021232e-02 2.54021232e-02 2.54021232e-02 2.54021232e-02 2.54021232e-02 2.54021232e-02 2.54021232e-02 2.54021232e-02 2.54021232e-02 2.54021232e-02 2.54021232e-02 2.54021232e-02 2.54021232e-02 2.54021232e-02 2.54021232e-02 2.54021232e-02 2.54021232e-02 2.54021232e-02 2.54021232e-02 2.54021232e-02 2.54021232e-02 2.54021232e-02 2.54021232e-02 2.54021232e-02 2.54021232e-02 2.54021232e-02 2.54021232e-02 2.54021232e-02 2.54021232e-02 2.54021232e-02 2.54021232e-02 2.54021232e-02 2.54021232e-02 2.54021232e-02 2.54021232e-02 2.54021232e-02 2.54021232e-02 2.54021232e-02 2.54021232e-02 2.54021232e-02 2.54021232e-02 2.54021232e-02 2.54021232e-02 2.54021232e-02 2.54021232e-02 2.54021232e-02 2.54021232e-02 2.54021232e-02 2.54021232e-02 2.54021232e-02 2.54021232e-02 2.54021232e-02 2.54021232e-02 2.54021232e-02 2.54021232e-02 2.54021232e-02 2.54021232e-02 2.54021232e-02 2.54021232e-02 2.54021232e-02 2.54021232e-02 2.54021232e-02 2.54021232e-02 2.54021232e-02 2.54021232e-02 2.54021232e-02 2.54021232e-02 2.54021232e-02 2.54021232e-02 2.54021232e-02 2.54021232e-02 2.54021232e-02 2.54021232e-02 2.54021232e-02 2.54021232e-02 2.54021232e-02 2.54021232e-02 2.54021232e-02 2.54021232e-02 2.54021232e-02 2.54021232e-02 2.54021232e-02 2.54021232e-02 2.54021232e-02 2.54021232e-02 2.54021232e-02 2.54021232e-02 2.54021232e-02 2.54021232e-02 2.54021232e-02 2.54021232e-02 2.54021232e-02 2.54021232e-02 2.54021232e-02 2.54021232e-02 2.54021232e-02 2.54021232e-02 2.54021232e-02 2.54021232e-02 2.54021232e-02 2.54021232e-02 2.54021232e-02 2.54021232e-02 2.54021232e-02 2.54021232e-02 2.54021232e-02 2.54021232e-02 2.54021232e-02 2.54021232e-02 2.54021232e-02 2.54021232e-02 2.54021232e-02 2.54021232e-02 2.54021232e-02 2.54021232e-02 2.54021232e-02 2.54021232e-02 2.54021232e-02 2.54021232e-02 2.54021232e-02 2.54021232e-02 2.54021232e-02 2.54021232e-02 2.54021232e-02 2.54021232e-02 2.54021232e-02 2.54021232e-02 2.54021232e-02 2.54021232e-02 2.54021232e-02 2.54021232e-02 2.54021232e-02 2.54021232e-02 2.54021232e-02 2.54021232e-02 2.54021232e-02 2.54021232e-02 2.54021232e-02 2.54021232e-02 2.54021232e-02 2.54021232e-02 2.54021232e-02 2.54021232e-02 2.54021232e-02 2.54021232e-02 2.54021232e-02 2.54021232e-02 2.54021232e-02 2.54021232e-02 2.54021232e-02 2.54021232e-02 2.54021232e-02 2.54021232e-02 2.54021232e-02 2.54021232e-02 2.54021232e-02 2.54021232e-02 2.54021232e-02 2.54021232e-02
2.31685077e-02 2.31685077e-02 2.31685077e-02 2.31685077e-02 2.31685077e-02 2.31685077e-02 2.31685077e-02 2.31685077e-02 2.31685077e-02 2.31685077e-02 2.31685077e-02 2.31685077e-02 2.31685077e-02 2.31685077e-02 2.31685077e-02 2.31685077e-02 2.31685077e-02 2.31685077e-02 2.31685077e-02 2.31685077e-02 2.31685077e-02 2.31685077e-02 2.31685077e-02 2.31685077e-02 2.31685077e-02 2.31685077e-02 2.31685077e-02 2.31685077e-02 2.31685077e-02 2.31685077e-02 2.31685077e-02 2.31685077e-02 2.31685077e-02 2.31685077e-02 2.31685077e-02 2.31685077e-02 2.31685077e-02 2.31685077e-02 2.31685077e-02 2.31685077e-02 2.31685077e-02 2.31685077e-02 2.31685077e-02 2.31685077e-02 2.31685077e-02 2.31685077e-02 2.31685077e-02 2.31685077e-02 2.31685077e-02 2.31685077e-02 2.31685077e-02 2.31685077e-02 2.31685077e-02 2.31685077e-02 2.31685077e-02 2.31685077e-02 2.31685077e-02 2.31685077e-02 2.31685077e-02 2.31685077e-02 2.31685077e-02 2.31685077e-02 2.31685077e-02 2.31685077e-02 2.31685077e-02 2.31685077e-02 2.31685077e-02 2.31685077e-02 2.31685077e-02 2.31685077e-02 2.31685077e-02 2.31685077e-02 2.31685077e-02 2.31685077e-02 2.31685077e-02 2.31685077e-02 2.31685077e-02 2.31685077e-02 2.31685077e-02 2.31685077e-02 2.31685077e-02 2.31685077e-02 2.31685077e-02 2.31685077e-02 2.31685077e-02 2.31685077e-02 2.31685077e-02 2.31685077e-02 2.31685077e-02 2.31685077e-02 2.31685077e-02 2.31685077e-02 2.31685077e-02 2.31685077e-02 2.31685077e-02 2.31685077e-02 2.31685077e-02 2.31685077e-02 2.31685077e-02 2.31685077e-02 2.31685077e-02 2.31685077e-02 2.31685077e-02 2.31685077e-02 2.31685077e-02 2.31685077e-02 2.31685077e-02 2.31685077e-02 2.31685077e-02 2.31685077e-02 2.31685077e-02 2.31685077e-02 2.31685077e-02 2.31685077e-02 2.31685077e-02 2.31685077e-02 2.31685077e-02 2.31685077e-02 2.31685077e-02 2.31685077e-02 2.31685077e-02 2.31685077e-02 2.31685077e-02 2.31685077e-02 2.31685077e-02 2.31685077e-02 2.31685077e-02 2.31685077e-02 2.31685077e-02 2.31685077e-02 2.31685077e-02 2.31685077e-02 2.31685077e-02 2.31685077e-02 2.31685077e-02 2.31685077e-02 2.31685077e-02 2.31685077e-02 2.31685077e-02 2.31685077e-02 2.31685077e-02 2.31685077e-02 2.31685077e-02 2.31685077e-02 2.31685077e-02 2.31685077e-02 2.31685077e-02 2.31685077e-02 2.31685077e-02 2.31685077e-02 2.31685077e-02 2.31685077e-02 2.31685077e-02 2.31685077e-02 2.31685077e-02 2.31685077e-02 2.31685077e-02 2.31685077e-02 2.31685077e-02 2.31685077e-02 2.31685077e-02 2.31685077e-02 2.31685077e-02 2.31685077e-02 2.31685077e-02 2.31685077e-02 2.31685077e-02 2.31685077e-02 2.31685077e-02 2.31685077e-02 2.31685077e-02 2.31685077e-02 2.31685077e-02 2.31685077e-02 2.31685077e-02 2.31685077e-02 2.31685077e-02 2.31685077e-02 2.31685077e-02 2.31685077e-02 2.31685077e-02 2.31685077e-02 2.31685077e-02 2.31685077e-02 2.31685077e-02 2.31685077e-02 2.31685077e-02 2.31685077e-02 2.31685077e-02 2.31685077e-02 2.31685077e-02 2.31685077e-02 2.31685077e-02 2.31685077e-02 2.31685077e-02 2.31685077e-02 2.31685077e-02 2.31685077e-02 2.31685077e-02 2.31685077e-02
2.11090214e-02 2.11090214e-02 2.11090214e-02 2.11090214e-02 2.11090214e-02 2.11090214e-02 2.11090214e-02 2.11090214e-02 2.11090214e-02 2.11090214e-02 2.11090214e-02 2.11090214e-02 2.11090214e-02 2.11090214e-02 2.11090214e-02 2.11090214e-02 2.11090214e-02 2.11090214e-02 2.11090214e-02 2.11090214e-02 2.11090214e-02 2.11090214e-02 2.11090214e-02 2.11090214e-02 2.11090214e-02 2.11090214e-02 2.11090214e-02 2.11090214e-02 2.11090214e-02 2.11090214e-02 2.11090214e-02 2.11090214e-02 2.11090214e-02 2.11090214e-02 2.11090214e-02 2.11090214e-02 2.11090214e-02 2.11090214e-02 2.11090214e-02 2.11090214e-02 2.11090214e-02 2.11090214e-02 2.11090214e-02 2.11090214e-02 2.11090214e-02 2.11090214e-02 2.11090214e-02 2.11090214e-02 2.11090214e-02 2.11090214e-02 2.11090214e-02 2.11090214e-02 2.11090214e-02 2.11090214e-02 2.11090214e-02 2.11090214e-02 2.11090214e-02 2.11090214e-02 2.11090214e-02 2.11090214e-02 2.11090214e-02 2.11090214e-02 2.11090214e-02 2.11090214e-02 2.11090214e-02 2.11090214e-02 2.11090214e-02 2.11090214e-02 2.11090214e-02 2.11090214e-02 2.11090214e-02 2.11090214e-02 2.11090214e-02 2.11090214e-02 2.11090214e-02 2.11090214e-02 2.11090214e-02 2.11090214e-02 2.11090214e-02 2.11090214e-02 2.11090214e-02 2.11090214e-02 2.11090214e-02 2.11090214e-02 2.11090214e-02 2.11090214e-02 2.11090214e-02 2.11090214e-02 2.11090214e-02 2.11090214e-02 2.11090214e-02 2.11090214e-02 2.11090214e-02 2.11090214e-02 2.11090214e-02 2.11090214e-02 2.11090214e-02 2.11090214e-02 2.11090214e-02 2.11090214e-02 2.11090214e-02 2.11090214e-02 2.11090214e-02 2.11090214e-02 2.11090214e-02 2.11090214e-02 2.11090214e-02 2.11090214e-02 2.11090214e-02 2.11090214e-02 2.11090214e-02 2.11090214e-02 2.11090214e-02 2.11090214e-02 2.11090214e-02 2.11090214e-02 2.11090214e-02 2.11090214e-02 2.11090214e-02 2.11090214e-02 2.11090214e-02 2.11090214e-02 2.11090214e-02 2.11090214e-02 2.11090214e-02 2.11090214e-02 2.11090214e-02 2.11090214e-02 2.11090214e-02 2.11090214e-02 2.11090214e-02 2.11090214e-02 2.11090214e-02 2.11090214e-02 2.11090214e-02 2.11090214e-02 2.11090214e-02 2.11090214e-02 2.11090214e-02 2.11090214e-02 2.11090214e-02 2.11090214e-02 2.11090214e-02 2.11090214e-02 2.11090214e-02 2.11090214e-02 2.11090214e-02 2.11090214e-02 2.11090214e-02 2.11090214e-02 2.11090214e-02 2.11090214e-02 2.11090214e-02 2.11090214e-02 2.11090214e-02 2.11090214e-02 2.11090214e-02 2.11090214e-02 2.11090214e-02 2.11090214e-02 2.11090214e-02 2.11090214e-02 2.11090214e-02 2.11090214e-02 2.11090214e-02 2.11090214e-02 2.11090214e-02 2.11090214e-02 2.11090214e-02 2.11090214e-02 2.11090214e-02 2.11090214e-02 2.11090214e-02 2.11090214e-02 2.11090214e-02 2.11090214e-02 2.11090214e-02 2.11090214e-02 2.11090214e-02 2.11090214e-02 2.11090214e-02 2.11090214e-02 2.11090214e-02 2.11090214e-02 2.11090214e-02 2.11090214e-02 2.11090214e-02 2.11090214e-02 2.11090214e-02 2.11090214e-02 2.11090214e-02 2.11090214e-02 2.11090214e-02 2.11090214e-02 2.11090214e-02 2.11090214e-02 2.11090214e-02 2.11090214e-02 2.11090214e-02 2.11090214e-02
1.92126461e-02 1.92126461e-02 1.92126461e-02 1.92126461e-02 1.92126461e-02 1.92126461e-02 1.92126461e-02 1.92126461e-02 1.92126461e-02 1.92126461e-02 1.92126461e-02 1.92126461e-02 1.92126461e-02 1.92126461e-02 1.92126461e-02 1.92126461e-02 1.92126461e-02 1.92126461e-02 1.92126461e-02 1.92126461e-02 1.92126461e-02 1.92126461e-02 1.92126461e-02 1.92126461e-02 1.92126461e-02 1.92126461e-02 1.92126461e-02 1.92126461e-02 1.92126461e-02 1.92126461e-02 1.92126461e-02 1.92126461e-02 1.92126461e-02 1.92126461e-02 1.92126461e-02 1.92126461e-02 1.92126461e-02 1.92126461e-02 1.92126461e-02 1.92126461e-02 1.92126461e-02 1.92126461e-02 1.92126461e-02 1.92126461e-02 1.92126461e-02 1.92126461e-02 1.92126461e-02 1.92126461e-02 1.92126461e-02 1.92126461e-02 1.92126461e-02 1.92126461e-02 1.92126461e-02 1.92126461e-02 1.92126461e-02 1.92126461e-02 1.92126461e-02 1.92126461e-02 1.92126461e-02 1.92126461e-02 1.92126461e-02 1.92126461e-02 1.92126461e-02 1.92126461e-02 1.92126461e-02 1.92126461e-02 1.92126461e-02 1.92126461e-02 1.92126461e-02 1.92126461e-02 1.92126461e-02 1.92126461e-02 1.92126461e-02 1.92126461e-02 1.92126461e-02 1.92126461e-02 1.92126461e-02 1.92126461e-02 1.92126461e-02 1.92126461e-02 1.92126461e-02 1.92126461e-02 1.92126461e-02 1.92126461e-02 1.92126461e-02 1.92126461e-02 1.92126461e-02 1.92126461e-02 1.92126461e-02 1.92126461e-02 1.92126461e-02 1.92126461e-02 1.92126461e-02 1.92126461e-02 1.92126461e-02 1.92126461e-02 1.92126461e-02 1.92126461e-02 1.92126461e-02 1.92126461e-02 1.92126461e-02 1.92126461e-02 1.92126461e-02 1.92126461e-02 1.92126461e-02 1.92126461e-02 1.92126461e-02 1.92126461e-02 1.92126461e-02 1.92126461e-02 1.92126461e-02 1.92126461e-02 1.92126461e-02 1.92126461e-02 1.92126461e-02 1.92126461e-02 1.92126461e-02 1.92126461e-02 1.92126461e-02 1.92126461e-02 1.92126461e-02 1.92126461e-02 1.92126461e-02 1.92126461e-02 1.92126461e-02 1.92126461e-02 1.92126461e-02 1.92126461e-02 1.92126461e-02 1.92126461e-02 1.92126461e-02 1.92126461e-02 1.92126461e-02 1.92126461e-02 1.92126461e-02 1.92126461e-02 1.92126461e-02 1.92126461e-02 1.92126461e-02 1.92126461e-02 1.92126461e-02 1.92126461e-02 1.92126461e-02 1.92126461e-02 1.92126461e-02 1.92126461e-02 1.92126461e-02 1.92126461e-02 1.92126461e-02 1.92126461e-02 1.92126461e-02 1.92126461e-02 1.92126461e-02 1.92126461e-02 1.92126461e-02 1.92126461e-02 1.92126461e-02 1.92126461e-02 1.92126461e-02 1.92126461e-02 1.92126461e-02 1.92126461e-02 1.92126461e-02 1.92126461e-02 1.92126461e-02 1.92126461e-02 1.92126461e-02 1.92126461e-02 1.92126461e-02 1.92126461e-02 1.92126461e-02 1.92126461e-02 1.92126461e-02 1.92126461e-02 1.92126461e-02 1.92126461e-02 1.92126461e-02 1.92126461e-02 1.92126461e-02 1.92126461e-02 1.92126461e-02 1.92126461e-02 1.92126461e-02 1.92126461e-02 1.92126461e-02 1.92126461e-02 1.92126461e-02 1.92126461e-02 1.92126461e-02 1.92126461e-02 1.92126461e-02 1.92126461e-02 1.92126461e-02 1.92126461e-02 1.92126461e-02 1.92126461e-02 1.92126461e-02 1.92126461e-02 1.92126461e-02 1.92126461e-02
1.74687515e-02 1.74687515e-02 1.74687515e-02 1.74687515e-02 1.74687515e-02 1.74687515e-02 1.74687515e-02 1.74687515e-02 1.74687515e-02 1.74687515e-02 1.74687515e-02 1.74687515e-02 1.74687515e-02 1.74687515e-02 1.74687515e-02 1.74687515e-02 1.74687515e-02 1.74687515e-02 1.74687515e-02 1.74687515e-02 1.74687515e-02 1.74687515e-02 1.74687515e-02 1.74687515e-02 1.74687515e-02 1.74687515e-02 1.74687515e-02 1.74687515e-02 1.74687515e-02 1.74687515e-02 1.74687515e-02 1.74687515e-02 1.74687515e-02 1.74687515e-02 1.74687515e-02 1.74687515e-02 1.74687515e-02 1.74687515e-02 1.74687515e-02 1.74687515e-02 1.74687515e-02 1.74687515e-02 1.74687515e-02 1.74687515e-02 1.74687515e-02 1.74687515e-02 1.74687515e-02 1.74687515e-02 1.74687515e-02 1.74687515e-02 1.74687515e-02 1.74687515e-02 1.74687515e-02 1.74687515e-02 1.74687515e-02 1.74687515e-02 1.74687515e-02 1.74687515e-02 1.74687515e-02 1.74687515e-02 1.74687515e-02 1.74687515e-02 1.74687515e-02 1.74687515e-02 1.74687515e-02 1.74687515e-02 1.74687515e-02 1.74687515e-02 1.74687515e-02 1.74687515e-02 1.74687515e-02 1.74687515e-02 1.74687515e-02 1.74687515e-02 1.74687515e-02 1.74687515e-02 1.74687515e-02 1.74687515e-02 1.74687515e-02 1.74687515e-02 1.74687515e-02 1.74687515e-02 1.74687515e-02 1.74687515e-02 1.74687515e-02 1.74687515e-02 1.74687515e-02 1.74687515e-02 1.74687515e-02 1.74687515e-02 1.74687515e-02 1.74687515e-02 1.74687515e-02 1.74687515e-02 1.74687515e-02 1.74687515e-02 1.74687515e-02 1.74687515e-02 1.74687515e-02 1.74687515e-02 1.74687515e-02 1.74687515e-02 1.74687515e-02 1.74687515e-02 1.74687515e-02 1.74687515e-02 1.74687515e-02 1.74687515e-02 1.74687515e-02 1.74687515e-02 1.74687515e-02 1.74687515e-02 1.74687515e-02 1.74687515e-02 1.74687515e-02 1.74687515e-02 1.74687515e-02 1.74687515e-02 1.74687515e-02 1.74687515e-02 1.74687515e-02 1.74687515e-02 1.74687515e-02 1.74687515e-02 1.74687515e-02 1.74687515e-02 1.74687515e-02 1.74687515e-02 1.74687515e-02 1.74687515e-02 1.74687515e-02 1.74687515e-02 1.74687515e-02 1.74687515e-02 1.74687515e-02 1.74687515e-02 1.74687515e-02 1.74687515e-02 1.74687515e-02 1.74687515e-02 1.74687515e-02 1.74687515e-02 1.74687515e-02 1.74687515e-02 1.74687515e-02 1.74687515e-02 1.74687515e-02 1.74687515e-02 1.74687515e-02 1.74687515e-02 1.74687515e-02 1.74687515e-02 1.74687515e-02 1.74687515e-02 1.74687515e-02 1.74687515e-02 1.74687515e-02 1.74687515e-02 1.74687515e-02 1.74687515e-02 1.74687515e-02 1.74687515e-02 1.74687515e-02 1.74687515e-02 1.74687515e-02 1.74687515e-02 1.74687515e-02 1.74687515e-02 1.74687515e-02 1.74687515e-02 1.74687515e-02 1.74687515e-02 1.74687515e-02 1.74687515e-02 1.74687515e-02 1.74687515e-02 1.74687515e-02 1.74687515e-02 1.74687515e-02 1.74687515e-02 1.74687515e-02 1.74687515e-02 1.74687515e-02 1.74687515e-02 1.74687515e-02 1.74687515e-02 1.74687515e-02 1.74687515e-02 1.74687515e-02 1.74687515e-02 1.74687515e-02 1.74687515e-02 1.74687515e-02 1.74687515e-02 1.74687515e-02 1.74687515e-02 1.74687515e-02 1.74687515e-02 1.74687515e-02 1.74687515e-02
1.58671241e-02 1.58671241e-02 1.58671241e-02 1.58671241e-02 1.58671241e-02 1.58671241e-02 1.58671241e-02 1.58671241e-02 1.58671241e-02 1.58671241e-02 1.58671241e-02 1.58671241e-02 1.58671241e-02 1.58671241e-02 1.58671241e-02 1.58671241e-02 1.58671241e-02 1.58671241e-02 1.58671241e-02 1.58671241e-02 1.58671241e-02 1.58671241e-02 1.58671241e-02 1.58671241e-02 1.58671241e-02 1.58671241e-02 1.58671241e-02 1.58671241e-02 1.58671241e-02 1.58671241e-02 1.58671241e-02 1.58671241e-02 1.58671241e-02 1.58671241e-02 1.58671241e-02 1.58671241e-02 1.58671241e-02 1.58671241e-02 1.58671241e-02 1.58671241e-02 1.58671241e-02 1.58671241e-02 1.58671241e-02 1.58671241e-02 1.58671241e-02 1.58671241e-02 1.58671241e-02 1.58671241e-02 1.58671241e-02 1.58671241e-02 1.58671241e-02 1.58671241e-02 1.58671241e-02 1.58671241e-02 1.58671241e-02 1.58671241e-02 1.58671241e-02 1.58671241e-02 1.58671241e-02 1.58671241e-02 1.58671241e-02 1.58671241e-02 1.58671241e-02 1.58671241e-02 1.58671241e-02 1.58671241e-02 1.58671241e-02 1.58671241e-02 1.58671241e-02 1.58671241e-02 1.58671241e-02 1.58671241e-02 1.58671241e-02 1.58671241e-02 1.58671241e-02 1.58671241e-02 1.58671241e-02 1.58671241e-02 1.58671241e-02 1.58671241e-02 1.58671241e-02 1.58671241e-02 1.58671241e-02 1.58671241e-02 1.58671241e-02 1.58671241e-02 1.58671241e-02 1.58671241e-02 1.58671241e-02 1.58671241e-02 1.58671241e-02 1.58671241e-02 1.58671241e-02 1.58671241e-02 1.58671241e-02 1.58671241e-02 1.58671241e-02 1.58671241e-02 1.58671241e-02 1.58671241e-02 1.58671241e-02 1.58671241e-02 1.58671241e-02 1.58671241e-02 1.58671241e-02 1.58671241e-02 1.58671241e-02 1.58671241e-02 1.58671241e-02 1.58671241e-02 1.58671241e-02 1.58671241e-02 1.58671241e-02 1.58671241e-02 1.58671241e-02 1.58671241e-02 1.58671241e-02 1.58671241e-02 1.58671241e-02 1.58671241e-02 1.58671241e-02 1.58671241e-02 1.58671241e-02 1.58671241e-02 1.58671241e-02 1.58671241e-02 1.58671241e-02 1.58671241e-02 1.58671241e-02 1.58671241e-02 1.58671241e-02 1.58671241e-02 1.58671241e-02 1.58671241e-02 1.58671241e-02 1.58671241e-02 1.58671241e-02 1.58671241e-02 1.58671241e-02 1.58671241e-02 1.58671241e-02 1.58671241e-02 1.58671241e-02 1.58671241e-02 1.58671241e-02 1.58671241e-02 1.58671241e-02 1.58671241e-02 1.58671241e-02 1.58671241e-02 1.58671241e-02 1.58671241e-02 1.58671241e-02 1.58671241e-02 1.58671241e-02 1.58671241e-02 1.58671241e-02 1.58671241e-02 1.58671241e-02 1.58671241e-02 1.58671241e-02 1.58671241e-02 1.58671241e-02 1.58671241e-02 1.58671241e-02 1.58671241e-02 1.58671241e-02 1.58671241e-02 1.58671241e-02 1.58671241e-02 1.58671241e-02 1.58671241e-02 1.58671241e-02 1.58671241e-02 1.58671241e-02 1.58671241e-02 1.58671241e-02 1.58671241e-02 1.58671241e-02 1.58671241e-02 1.58671241e-02 1.58671241e-02 1.58671241e-02 1.58671241e-02 1.58671241e-02 1.58671241e-02 1.58671241e-02 1.58671241e-02 1.58671241e-02 1.58671241e-02 1.58671241e-02 1.58671241e-02 1.58671241e-02 1.58671241e-02 1.58671241e-02 1.58671241e-02 1.58671241e-02 1.58671241e-02 1.58671241e-02 1.58671241e-02
1.43979892e-02 1.43979892e-02 1.43979892e-02 1.43979892e-02 1.43979892e-02 1.43979892e-02 1.43979892e-02 1.43979892e-02 1.43979892e-02 1.43979892e-02 1.43979892e-02 1.43979892e-02 1.43979892e-02 1.43979892e-02 1.43979892e-02 1.43979892e-02 1.43979892e-02 1.43979892e-02 1.43979892e-02 1.43979892e-02 1.43979892e-02 1.43979892e-02 1.43979892e-02 1.43979892e-02 1.43979892e-02 1.43979892e-02 1.43979892e-02 1.43979892e-02 1.43979892e-02 1.43979892e-02 1.43979892e-02 1.43979892e-02 1.43979892e-02 1.43979892e-02 1.43979892e-02 1.43979892e-02 1.43979892e-02 1.43979892e-02 1.43979892e-02 1.43979892e-02 1.43979892e-02 1.43979892e-02 1.43979892e-02 1.43979892e-02 1.43979892e-02 1.43979892e-02 1.43979892e-02 1.43979892e-02 1.43979892e-02 1.43979892e-02 1.43979892e-02 1.43979892e-02 1.43979892e-02 1.43979892e-02 1.43979892e-02 1.43979892e-02 1.43979892e-02 1.43979892e-02 1.43979892e-02 1.43979892e-02 1.43979892e-02 1.43979892e-02 1.43979892e-02 1.43979892e-02 1.43979892e-02 1.43979892e-02 1.43979892e-02 1.43979892e-02 1.43979892e-02 1.43979892e-02 1.43979892e-02 1.43979892e-02 1.43979892e-02 1.43979892e-02 1.43979892e-02 1.43979892e-02 1.43979892e-02 1.43979892e-02 1.43979892e-02 1.43979892e-02 1.43979892e-02 1.43979892e-02 1.43979892e-02 1.43979892e-02 1.43979892e-02 1.43979892e-02 1.43979892e-02 1.43979892e-02 1.43979892e-02 1.43979892e-02 1.43979892e-02 1.43979892e-02 1.43979892e-02 1.43979892e-02 1.43979892e-02 1.43979892e-02 1.43979892e-02 1.43979892e-02 1.43979892e-02 1.43979892e-02 1.43979892e-02 1.43979892e-02 1.43979892e-02 1.43979892e-02 1.43979892e-02 1.43979892e-02 1.43979892e-02 1.43979892e-02 1.43979892e-02 1.43979892e-02 1.43979892e-02 1.43979892e-02 1.43979892e-02 1.43979892e-02 1.43979892e-02 1.43979892e-02 1.43979892e-02 1.43979892e-02 1.43979892e-02 1.43979892e-02 1.43979892e-02 1.43979892e-02 1.43979892e-02 1.43979892e-02 1.43979892e-02 1.43979892e-02 1.43979892e-02 1.43979892e-02 1.43979892e-02 1.43979892e-02 1.43979892e-02 1.43979892e-02 1.43979892e-02 1.43979892e-02 1.43979892e-02 1.43979892e-02 1.43979892e-02 1.43979892e-02 1.43979892e-02 1.43979892e-02 1.43979892e-02 1.43979892e-02 1.43979892e-02 1.43979892e-02 1.43979892e-02 1.43979892e-02 1.43979892e-02 1.43979892e-02 1.43979892e-02 1.43979892e-02 1.43979892e-02 1.43979892e-02 1.43979892e-02 1.43979892e-02 1.43979892e-02 1.43979892e-02 1.43979892e-02 1.43979892e-02 1.43979892e-02 1.43979892e-02 1.43979892e-02 1.43979892e-02 1.43979892e-02 1.43979892e-02 1.43979892e-02 1.43979892e-02 1.43979892e-02 1.43979892e-02 1.43979892e-02 1.43979892e-02 1.43979892e-02 1.43979892e-02 1.43979892e-02 1.43979892e-02 1.43979892e-02 1.43979892e-02 1.43979892e-02 1.43979892e-02 1.43979892e-02 1.43979892e-02 1.43979892e-02 1.43979892e-02 1.43979892e-02 1.43979892e-02 1.43979892e-02 1.43979892e-02 1.43979892e-02 1.43979892e-02 1.43979892e-02 1.43979892e-02 1.43979892e-02 1.43979892e-02 1.43979892e-02 1.43979892e-02 1.43979892e-02 1.43979892e-02 1.43979892e-02 1.43979892e-02 1.43979892e-02 1.43979892e-02
1.30520251e-02 1.30520251e-02 1.30520251e-02 1.30520251e-02 1.30520251e-02 1.30520251e-02 1.30520251e-02 1.30520251e-02 1.30520251e-02 1.30520251e-02 1.30520251e-02 1.30520251e-02 1.30520251e-02 1.30520251e-02 1.30520251e-02 1.30520251e-02 1.30520251e-02 1.30520251e-02 1.30520251e-02 1.30520251e-02 1.30520251e-02 1.30520251e-02 1.30520251e-02 1.30520251e-02 1.30520251e-02 1.30520251e-02 1.30520251e-02 1.30520251e-02 1.30520251e-02 1.30520251e-02 1.30520251e-02 1.30520251e-02 1.30520251e-02 1.30520251e-02 1.30520251e-02 1.30520251e-02 1.30520251e-02 1.30520251e-02 1.30520251e-02 1.30520251e-02 1.30520251e-02 1.30520251e-02 1.30520251e-02 1.30520251e-02 1.30520251e-02 1.30520251e-02 1.30520251e-02 1.30520251e-02 1.30520251e-02 1.30520251e-02 1.30520251e-02 1.30520251e-02 1.30520251e-02 1.30520251e-02 1.30520251e-02 1.30520251e-02 1.30520251e-02 1.30520251e-02 1.30520251e-02 1.30520251e-02 1.30520251e-02 1.30520251e-02 1.30520251e-02 1.30520251e-02 1.30520251e-02 1.30520251e-02 1.30520251e-02 1.30520251e-02 1.30520251e-02 1.30520251e-02 1.30520251e-02 1.30520251e-02 1.30520251e-02 1.30520251e-02 1.30520251e-02 1.30520251e-02 1.30520251e-02 1.30520251e-02 1.30520251e-02 1.30520251e-02 1.30520251e-02 1.30520251e-02 1.30520251e-02 1.30520251e-02 1.30520251e-02 1.30520251e-02 1.30520251e-02 1.30520251e-02 1.30520251e-02 1.30520251e-02 1.30520251e-02 1.30520251e-02 1.30520251e-02 1.30520251e-02 1.30520251e-02 1.30520251e-02 1.30520251e-02 1.30520251e-02 1.30520251e-02 1.30520251e-02 1.30520251e-02 1.30520251e-02 1.30520251e-02 1.30520251e-02 1.30520251e-02 1.30520251e-02 1.30520251e-02 1.30520251e-02 1.30520251e-02 1.30520251e-02 1.30520251e-02 1.30520251e-02 1.30520251e-02 1.30520251e-02 1.30520251e-02 1.30520251e-02 1.30520251e-02 1.30520251e-02 1.30520251e-02 1.30520251e-02 1.30520251e-02 1.30520251e-02 1.30520251e-02 1.30520251e-02 1.30520251e-02 1.30520251e-02 1.30520251e-02 1.30520251e-02 1.30520251e-02 1.30520251e-02 1.30520251e-02 1.30520251e-02 1.30520251e-02 1.30520251e-02 1.30520251e-02 1.30520251e-02 1.30520251e-02 1.30520251e-02 1.30520251e-02 1.30520251e-02 1.30520251e-02 1.30520251e-02 1.30520251e-02 1.30520251e-02 1.30520251e-02 1.30520251e-02 1.30520251e-02 1.30520251e-02 1.30520251e-02 1.30520251e-02 1.30520251e-02 1.30520251e-02 1.30520251e-02 1.30520251e-02 1.30520251e-02 1.30520251e-02 1.30520251e-02 1.30520251e-02 1.30520251e-02 1.30520251e-02 1.30520251e-02 1.30520251e-02 1.30520251e-02 1.30520251e-02 1.30520251e-02 1.30520251e-02 1.30520251e-02 1.30520251e-02 1.30520251e-02 1.30520251e-02 1.30520251e-02 1.30520251e-02 1.30520251e-02 1.30520251e-02 1.30520251e-02 1.30520251e-02 1.30520251e-02 1.30520251e-02 1.30520251e-02 1.30520251e-02 1.30520251e-02 1.30520251e-02 1.30520251e-02 1.30520251e-02 1.30520251e-02 1.30520251e-02 1.30520251e-02 1.30520251e-02 1.30520251e-02 1.30520251e-02 1.30520251e-02 1.30520251e-02 1.30520251e-02 1.30520251e-02 1.30520251e-02 1.30520251e-02 1.30520251e-02 1.30520251e-02 1.30520251e-02 1.30520251e-02
1.18203711e-02 1.18203711e-02 1.18203711e-02 1.18203711e-02 1.18203711e-02 1.18203711e-02 1.18203711e-02 1.18203711e-02 1.18203711e-02 1.18203711e-02 1.18203711e-02 1.18203711e-02 1.18203711e-02 1.18203711e-02 1.18203711e-02 1.18203711e-02 1.18203711e-02 1.18203711e-02 1.18203711e-02 1.18203711e-02 1.18203711e-02 1.18203711e-02 1.18203711e-02 1.18203711e-02 1.18203711e-02 1.18203711e-02 1.18203711e-02 1.18203711e-02 1.18203711e-02 1.18203711e-02 1.18203711e-02 1.18203711e-02 1.18203711e-02 1.18203711e-02 1.18203711e-02 1.18203711e-02 1.18203711e-02 1.18203711e-02 1.18203711e-02 1.18203711e-02 1.18203711e-02 1.18203711e-02 1.18203711e-02 1.18203711e-02 1.18203711e-02 1.18203711e-02 1.18203711e-02 1.18203711e-02 1.18203711e-02 1.18203711e-02 1.18203711e-02 1.18203711e-02 1.18203711e-02 1.18203711e-02 1.18203711e-02 1.18203711e-02 1.18203711e-02 1.18203711e-02 1.18203711e-02 1.18203711e-02 1.18203711e-02 1.18203711e-02 1.18203711e-02 1.18203711e-02 1.18203711e-02 1.18203711e-02 1.18203711e-02 1.18203711e-02 1.18203711e-02 1.18203711e-02 1.18203711e-02 1.18203711e-02 1.18203711e-02 1.18203711e-02 1.18203711e-02 1.18203711e-02 1.18203711e-02 1.18203711e-02 1.18203711e-02 1.18203711e-02 1.18203711e-02 1.18203711e-02 1.18203711e-02 1.18203711e-02 1.18203711e-02 1.18203711e-02 1.18203711e-02 1.18203711e-02 1.18203711e-02 1.18203711e-02 1.18203711e-02 1.18203711e-02 1.18203711e-02 1.18203711e-02 1.18203711e-02 1.18203711e-02 1.18203711e-02 1.18203711e-02 1.18203711e-02 1.18203711e-02 1.18203711e-02 1.18203711e-02 1.18203711e-02 1.18203711e-02 1.18203711e-02 1.18203711e-02 1.18203711e-02 1.18203711e-02 1.18203711e-02 1.18203711e-02 1.18203711e-02 1.18203711e-02 1.18203711e-02 1.18203711e-02 1.18203711e-02 1.18203711e-02 1.18203711e-02 1.18203711e-02 1.18203711e-02 1.18203711e-02 1.18203711e-02 1.18203711e-02 1.18203711e-02 1.18203711e-02 1.18203711e-02 1.18203711e-02 1.18203711e-02 1.18203711e-02 1.18203711e-02 1.18203711e-02 1.18203711e-02 1.18203711e-02 1.18203711e-02 1.18203711e-02 1.18203711e-02 1.18203711e-02 1.18203711e-02 1.18203711e-02 1.18203711e-02 1.18203711e-02 1.18203711e-02 1.18203711e-02 1.18203711e-02 1.18203711e-02 1.18203711e-02 1.18203711e-02 1.18203711e-02 1.18203711e-02 1.18203711e-02 1.18203711e-02 1.18203711e-02 1.18203711e-02 1.18203711e-02 1.18203711e-02 1.18203711e-02 1.18203711e-02 1.18203711e-02 1.18203711e-02 1.18203711e-02 1.18203711e-02 1.18203711e-02 1.18203711e-02 1.18203711e-02 1.18203711e-02 1.18203711e-02 1.18203711e-02 1.18203711e-02 1.18203711e-02 1.18203711e-02 1.18203711e-02 1.18203711e-02 1.18203711e-02 1.18203711e-02 1.18203711e-02 1.18203711e-02 1.18203711e-02 1.18203711e-02 1.18203711e-02 1.18203711e-02 1.18203711e-02 1.18203711e-02 1.18203711e-02 1.18203711e-02 1.18203711e-02 1.18203711e-02 1.18203711e-02 1.18203711e-02 1.18203711e-02 1.18203711e-02 1.18203711e-02 1.18203711e-02 1.18203711e-02 1.18203711e-02 1.18203711e-02 1.18203711e-02 1.18203711e-02 1.18203711e-02 1.18203711e-02 1.18203711e-02 1.18203711e-02
1.06946310e-02 1.06946310e-02 1.06946310e-02 1.06946310e-02 1.06946310e-02 1.06946310e-02 1.06946310e-02 1.06946310e-02 1.06946310e-02 1.06946310e-02 1.06946310e-02 1.06946310e-02 1.06946310e-02 1.06946310e-02 1.06946310e-02 1.06946310e-02 1.06946310e-02 1.06946310e-02 1.06946310e-02 1.06946310e-02 1.06946310e-02 1.06946310e-02 1.06946310e-02 1.06946310e-02 1.06946310e-02 1.06946310e-02 1.06946310e-02 1.06946310e-02 1.06946310e-02 1.06946310e-02 1.06946310e-02 1.06946310e-02 1.06946310e-02 1.06946310e-02 1.06946310e-02 1.06946310e-02 1.06946310e-02 1.06946310e-02 1.06946310e-02 1.06946310e-02 1.06946310e-02 1.06946310e-02 1.06946310e-02 1.06946310e-02 1.06946310e-02 1.06946310e-02 1.06946310e-02 1.06946310e-02 1.06946310e-02 1.06946310e-02 1.06946310e-02 1.06946310e-02 1.06946310e-02 1.06946310e-02 1.06946310e-02 1.06946310e-02 1.06946310e-02 1.06946310e-02 1.06946310e-02 1.06946310e-02 1.06946310e-02 1.06946310e-02 1.06946310e-02 1.06946310e-02 1.06946310e-02 1.06946310e-02 1.06946310e-02 1.06946310e-02 1.06946310e-02 1.06946310e-02 1.06946310e-02 1.06946310e-02 1.06946310e-02 1.06946310e-02 1.06946310e-02 1.06946310e-02 1.06946310e-02 1.06946310e-02 1.06946310e-02 1.06946310e-02 1.06946310e-02 1.06946310e-02 1.06946310e-02 1.06946310e-02 1.06946310e-02 1.06946310e-02 1.06946310e-02 1.06946310e-02 1.06946310e-02 1.06946310e-02 1.06946310e-02 1.06946310e-02 1.06946310e-02 1.06946310e-02 1.06946310e-02 1.06946310e-02 1.06946310e-02 1.06946310e-02 1.06946310e-02 1.06946310e-02 1.06946310e-02 1.06946310e-02 1.06946310e-02 1.06946310e-02 1.06946310e-02 1.06946310e-02 1.06946310e-02 1.06946310e-02 1.06946310e-02 1.06946310e-02 1.06946310e-02 1.06946310e-02 1.06946310e-02 1.06946310e-02 1.06946310e-02 1.06946310e-02 1.06946310e-02 1.06946310e-02 1.06946310e-02 1.06946310e-02 1.06946310e-02 1.06946310e-02 1.06946310e-02 1.06946310e-02 1.06946310e-02 1.06946310e-02 1.06946310e-02 1.06946310e-02 1.06946310e-02 1.06946310e-02 1.06946310e-02 1.06946310e-02 1.06946310e-02 1.06946310e-02 1.06946310e-02 1.06946310e-02 1.06946310e-02 1.06946310e-02 1.06946310e-02 1.06946310e-02 1.06946310e-02 1.06946310e-02 1.06946310e-02 1.06946310e-02 1.06946310e-02 1.06946310e-02 1.06946310e-02 1.06946310e-02 1.06946310e-02 1.06946310e-02 1.06946310e-02 1.06946310e-02 1.06946310e-02 1.06946310e-02 1.06946310e-02 1.06946310e-02 1.06946310e-02 1.06946310e-02 1.06946310e-02 1.06946310e-02 1.06946310e-02 1.06946310e-02 1.06946310e-02 1.06946310e-02 1.06946310e-02 1.06946310e-02 1.06946310e-02 1.06946310e-02 1.06946310e-02 1.06946310e-02 1.06946310e-02 1.06946310e-02 1.06946310e-02 1.06946310e-02 1.06946310e-02 1.06946310e-02 1.06946310e-02 1.06946310e-02 1.06946310e-02 1.06946310e-02 1.06946310e-02 1.06946310e-02 1.06946310e-02 1.06946310e-02 1.06946310e-02 1.06946310e-02 1.06946310e-02 1.06946310e-02 1.06946310e-02 1.06946310e-02 1.06946310e-02 1.06946310e-02 1.06946310e-02 1.06946310e-02 1.06946310e-02 1.06946310e-02 1.06946310e-02 1.06946310e-02 1.06946310e-02 1.06946310e-02
9.66687099e-03 9.66687099e-03 9.66687099e-03 9.66687099e-03 9.66687099e-03 9.66687099e-03 9.66687099e-03 9.66687099e-03 9.66687099e-03 9.66687099e-03 9.66687099e-03 9.66687099e-03 9.66687099e-03 9.66687099e-03 9.66687099e-03 9.66687099e-03 9.66687099e-03 9.66687099e-03 9.66687099e-03 9.66687099e-03 9.66687099e-03 9.66687099e-03 9.66687099e-03 9.66687099e-03 9.66687099e-03 9.66687099e-03 9.66687099e-03 9.66687099e-03 9.66687099e-03 9.66687099e-03 9.66687099e-03 9.66687099e-03 9.66687099e-03 9.66687099e-03 9.66687099e-03 9.66687099e-03 9.66687099e-03 9.66687099e-03 9.66687099e-03 9.66687099e-03 9.66687099e-03 9.66687099e-03 9.66687099e-03 9.66687099e-03 9.66687099e-03 9.66687099e-03 9.66687099e-03 9.66687099e-03 9.66687099e-03 9.66687099e-03 9.66687099e-03 9.66687099e-03 9.66687099e-03 9.66687099e-03 9.66687099e-03 9.66687099e-03 9.66687099e-03 9.66687099e-03 9.66687099e-03 9.66687099e-03 9.66687099e-03 9.66687099e-03 9.66687099e-03 9.66687099e-03 9.66687099e-03 9.66687099e-03 9.66687099e-03 9.66687099e-03 9.66687099e-03 9.66687099e-03 9.66687099e-03 9.66687099e-03 9.66687099e-03 9.66687099e-03 9.66687099e-03 9.66687099e-03 9.66687099e-03 9.66687099e-03 9.66687099e-03 9.66687099e-03 9.66687099e-03 9.66687099e-03 9.66687099e-03 9.66687099e-03 9.66687099e-03 9.66687099e-03 9.66687099e-03 9.66687099e-03 9.66687099e-03 9.66687099e-03 9.66687099e-03 9.66687099e-03 9.66687099e-03 9.66687099e-03 9.66687099e-03 9.66687099e-03 9.66687099e-03 9.66687099e-03 9.66687099e-03 9.66687099e-03 9.66687099e-03 9.66687099e-03 9.66687099e-03 9.66687099e-03 9.66687099e-03 9.66687099e-03 9.66687099e-03 9.66687099e-03 9.66687099e-03 9.66687099e-03 9.66687099e-03 9.66687099e-03 9.66687099e-03 9.66687099e-03 9.66687099e-03 9.66687099e-03 9.66687099e-03 9.66687099e-03 9.66687099e-03 9.66687099e-03 9.66687099e-03 9.66687099e-03 9.66687099e-03 9.66687099e-03 9.66687099e-03 9.66687099e-03 9.66687099e-03 9.66687099e-03 9.66687099e-03 9.66687099e-03 9.66687099e-03 9.66687099e-03 9.66687099e-03 9.66687099e-03 9.66687099e-03 9.66687099e-03 9.66687099e-03 9.66687099e-03 9.66687099e-03 9.66687099e-03 9.66687099e-03 9.66687099e-03 9.66687099e-03 9.66687099e-03 9.66687099e-03 9.66687099e-03 9.66687099e-03 9.66687099e-03 9.66687099e-03 9.66687099e-03 9.66687099e-03 9.66687099e-03 9.66687099e-03 9.66687099e-03 9.66687099e-03 9.66687099e-03 9.66687099e-03 9.66687099e-03 9.66687099e-03 9.66687099e-03 9.66687099e-03 9.66687099e-03 9.66687099e-03 9.66687099e-03 9.66687099e-03 9.66687099e-03 9.66687099e-03 9.66687099e-03 9.66687099e-03 9.66687099e-03 9.66687099e-03 9.66687099e-03 9.66687099e-03 9.66687099e-03 9.66687099e-03 9.66687099e-03 9.66687099e-03 9.66687099e-03 9.66687099e-03 9.66687099e-03 9.66687099e-03 9.66687099e-03 9.66687099e-03 9.66687099e-03 9.66687099e-03 9.66687099e-03 9.66687099e-03 9.66687099e-03 9.66687099e-03 9.66687099e-03 9.66687099e-03 9.66687099e-03 9.66687099e-03 9.66687099e-03 9.66687099e-03 9.66687099e-03 9.66687099e-03 9.66687099e-03 9.66687099e-03 9.66687099e-03
8.72961441e-03 8.72961441e-03 8.72961441e-03 8.72961441e-03 8.72961441e-03 8.72961441e-03 8.72961441e-03 8.72961441e-03 8.72961441e-03 8.72961441e-03 8.72961441e-03 8.72961441e-03 8.72961441e-03 8.72961441e-03 8.72961441e-03 8.72961441e-03 8.72961441e-03 8.72961441e-03 8.72961441e-03 8.72961441e-03 8.72961441e-03 8.72961441e-03 8.72961441e-03 8.72961441e-03 8.72961441e-03 8.72961441e-03 8.72961441e-03 8.72961441e-03 8.72961441e-03 8.72961441e-03 8.72961441e-03 8.72961441e-03 8.72961441e-03 8.72961441e-03 8.72961441e-03 8.72961441e-03 8.72961441e-03 8.72961441e-03 8.72961441e-03 8.72961441e-03 8.72961441e-03 8.72961441e-03 8.72961441e-03 8.72961441e-03 8.72961441e-03 8.72961441e-03 8.72961441e-03 8.72961441e-03 8.72961441e-03 8.72961441e-03 8.72961441e-03 8.72961441e-03 8.72961441e-03 8.72961441e-03 8.72961441e-03 8.72961441e-03 8.72961441e-03 8.72961441e-03 8.72961441e-03 8.72961441e-03 8.72961441e-03 8.72961441e-03 8.72961441e-03 8.72961441e-03 8.72961441e-03 8.72961441e-03 8.72961441e-03 8.72961441e-03 8.72961441e-03 8.72961441e-03 8.72961441e-03 8.72961441e-03 8.72961441e-03 8.72961441e-03 8.72961441e-03 8.72961441e-03 8.72961441e-03 8.72961441e-03 8.72961441e-03 8.72961441e-03 8.72961441e-03 8.72961441e-03 8.72961441e-03 8.72961441e-03 8.72961441e-03 8.72961441e-03 8.72961441e-03 8.72961441e-03 8.72961441e-03 8.72961441e-03 8.72961441e-03 8.72961441e-03 8.72961441e-03 8.72961441e-03 8.72961441e-03 8.72961441e-03 8.72961441e-03 8.72961441e-03 8.72961441e-03 8.72961441e-03 8.72961441e-03 8.72961441e-03 8.72961441e-03 8.72961441e-03 8.72961441e-03 8.72961441e-03 8.72961441e-03 8.72961441e-03 8.72961441e-03 8.72961441e-03 8.72961441e-03 8.72961441e-03 8.72961441e-03 8.72961441e-03 8.72961441e-03 8.72961441e-03 8.72961441e-03 8.72961441e-03 8.72961441e-03 8.72961441e-03 8.72961441e-03 8.72961441e-03 8.72961441e-03 8.72961441e-03 8.72961441e-03 8.72961441e-03 8.72961441e-03 8.72961441e-03 8.72961441e-03 8.72961441e-03 8.72961441e-03 8.72961441e-03 8.72961441e-03 8.72961441e-03 8.72961441e-03 8.72961441e-03 8.72961441e-03 8.72961441e-03 8.72961441e-03 8.72961441e-03 8.72961441e-03 8.72961441e-03 8.72961441e-03 8.72961441e-03 8.72961441e-03 8.72961441e-03 8.72961441e-03 8.72961441e-03 8.72961441e-03 8.72961441e-03 8.72961441e-03 8.72961441e-03 8.72961441e-03 8.72961441e-03 8.72961441e-03 8.72961441e-03 8.72961441e-03 8.72961441e-03 8.72961441e-03 8.72961441e-03 8.72961441e-03 8.72961441e-03 8.72961441e-03 8.72961441e-03 8.72961441e-03 8.72961441e-03 8.72961441e-03 8.72961441e-03 8.72961441e-03 8.72961441e-03 8.72961441e-03 8.72961441e-03 8.72961441e-03 8.72961441e-03 8.72961441e-03 8.72961441e-03 8.72961441e-03 8.72961441e-03 8.72961441e-03 8.72961441e-03 8.72961441e-03 8.72961441e-03 8.72961441e-03 8.72961441e-03 8.72961441e-03 8.72961441e-03 8.72961441e-03 8.72961441e-03 8.72961441e-03 8.72961441e-03 8.72961441e-03 8.72961441e-03 8.72961441e-03 8.72961441e-03 8.72961441e-03 8.72961441e-03 8.72961441e-03 8.72961441e-03 8.72961441e-03 8.72961441e-03
7.87583267e-03 7.87583267e-03 7.87583267e-03 7.87583267e-03 7.87583267e-03 7.87583267e-03 7.87583267e-03 7.87583267e-03 7.87583267e-03 7.87583267e-03 7.87583267e-03 7.87583267e-03 7.87583267e-03 7.87583267e-03 7.87583267e-03 7.87583267e-03 7.87583267e-03 7.87583267e-03 7.87583267e-03 7.87583267e-03 7.87583267e-03 7.87583267e-03 7.87583267e-03 7.87583267e-03 7.87583267e-03 7.87583267e-03 7.87583267e-03 7.87583267e-03 7.87583267e-03 7.87583267e-03 7.87583267e-03 7.87583267e-03 7.87583267e-03 7.87583267e-03 7.87583267e-03 7.87583267e-03 7.87583267e-03 7.87583267e-03 7.87583267e-03 7.87583267e-03 7.87583267e-03 7.87583267e-03 7.87583267e-03 7.87583267e-03 7.87583267e-03 7.87583267e-03 7.87583267e-03 7.87583267e-03 7.87583267e-03 7.87583267e-03 7.87583267e-03 7.87583267e-03 7.87583267e-03 7.87583267e-03 7.87583267e-03 7.87583267e-03 7.87583267e-03 7.87583267e-03 7.87583267e-03 7.87583267e-03 7.87583267e-03 7.87583267e-03 7.87583267e-03 7.87583267e-03 7.87583267e-03 7.87583267e-03 7.87583267e-03 7.87583267e-03 7.87583267e-03 7.87583267e-03 7.87583267e-03 7.87583267e-03 7.87583267e-03 7.87583267e-03 7.87583267e-03 7.87583267e-03 7.87583267e-03 7.87583267e-03 7.87583267e-03 7.87583267e-03 7.87583267e-03 7.87583267e-03 7.87583267e-03 7.87583267e-03 7.87583267e-03 7.87583267e-03 7.87583267e-03 7.87583267e-03 7.87583267e-03 7.87583267e-03 7.87583267e-03 7.87583267e-03 7.87583267e-03 7.87583267e-03 7.87583267e-03 7.87583267e-03 7.87583267e-03 7.87583267e-03 7.87583267e-03 7.87583267e-03 7.87583267e-03 7.87583267e-03 7.87583267e-03 7.87583267e-03 7.87583267e-03 7.87583267e-03 7.87583267e-03 7.87583267e-03 7.87583267e-03 7.87583267e-03 7.87583267e-03 7.87583267e-03 7.87583267e-03 7.87583267e-03 7.87583267e-03 7.87583267e-03 7.87583267e-03 7.87583267e-03 7.87583267e-03 7.87583267e-03 7.87583267e-03 7.87583267e-03 7.87583267e-03 7.87583267e-03 7.87583267e-03 7.87583267e-03 7.87583267e-03 7.87583267e-03 7.87583267e-03 7.87583267e-03 7.87583267e-03 7.87583267e-03 7.87583267e-03 7.87583267e-03 7.87583267e-03 7.87583267e-03 7.87583267e-03 7.87583267e-03 7.87583267e-03 7.87583267e-03 7.87583267e-03 7.87583267e-03 7.87583267e-03 7.87583267e-03 7.87583267e-03 7.87583267e-03 7.87583267e-03 7.87583267e-03 7.87583267e-03 7.87583267e-03 7.87583267e-03 7.87583267e-03 7.87583267e-03 7.87583267e-03 7.87583267e-03 7.87583267e-03 7.87583267e-03 7.87583267e-03 7.87583267e-03 7.87583267e-03 7.87583267e-03 7.87583267e-03 7.87583267e-03 7.87583267e-03 7.87583267e-03 7.87583267e-03 7.87583267e-03 7.87583267e-03 7.87583267e-03 7.87583267e-03 7.87583267e-03 7.87583267e-03 7.87583267e-03 7.87583267e-03 7.87583267e-03 7.87583267e-03 7.87583267e-03 7.87583267e-03 7.87583267e-03 7.87583267e-03 7.87583267e-03 7.87583267e-03 7.87583267e-03 7.87583267e-03 7.87583267e-03 7.87583267e-03 7.87583267e-03 7.87583267e-03 7.87583267e-03 7.87583267e-03 7.87583267e-03 7.87583267e-03 7.87583267e-03 7.87583267e-03 7.87583267e-03 7.87583267e-03 7.87583267e-03 7.87583267e-03 7.87583267e-03 7.87583267e-03
7.09893396e-03 7.09893396e-03 7.09893396e-03 7.09893396e-03 7.09893396e-03 7.09893396e-03 7.09893396e-03 7.09893396e-03 7.09893396e-03 7.09893396e-03 7.09893396e-03 7.09893396e-03 7.09893396e-03 7.09893396e-03 7.09893396e-03 7.09893396e-03 7.09893396e-03 7.09893396e-03 7.09893396e-03 7.09893396e-03 7.09893396e-03 7.09893396e-03 7.09893396e-03 7.09893396e-03 7.09893396e-03 7.09893396e-03 7.09893396e-03 7.09893396e-03 7.09893396e-03 7.09893396e-03 7.09893396e-03 7.09893396e-03 7.09893396e-03 7.09893396e-03 7.09893396e-03 7.09893396e-03 7.09893396e-03 7.09893396e-03 7.09893396e-03 7.09893396e-03 7.09893396e-03 7.09893396e-03 7.09893396e-03 7.09893396e-03 7.09893396e-03 7.09893396e-03 7.09893396e-03 7.09893396e-03 7.09893396e-03 7.09893396e-03 7.09893396e-03 7.09893396e-03 7.09893396e-03 7.09893396e-03 7.09893396e-03 7.09893396e-03 7.09893396e-03 7.09893396e-03 7.09893396e-03 7.09893396e-03 7.09893396e-03 7.09893396e-03 7.09893396e-03 7.09893396e-03 7.09893396e-03 7.09893396e-03 7.09893396e-03 7.09893396e-03 7.09893396e-03 7.09893396e-03 7.09893396e-03 7.09893396e-03 7.09893396e-03 7.09893396e-03 7.09893396e-03 7.09893396e-03 7.09893396e-03 7.09893396e-03 7.09893396e-03 7.09893396e-03 7.09893396e-03 7.09893396e-03 7.09893396e-03 7.09893396e-03 7.09893396e-03 7.09893396e-03 7.09893396e-03 7.09893396e-03 7.09893396e-03 7.09893396e-03 7.09893396e-03 7.09893396e-03 7.09893396e-03 7.09893396e-03 7.09893396e-03 7.09893396e-03 7.09893396e-03 7.09893396e-03 7.09893396e-03 7.09893396e-03 7.09893396e-03 7.09893396e-03 7.09893396e-03 7.09893396e-03 7.09893396e-03 7.09893396e-03 7.09893396e-03 7.09893396e-03 7.09893396e-03 7.09893396e-03 7.09893396e-03 7.09893396e-03 7.09893396e-03 7.09893396e-03 7.09893396e-03 7.09893396e-03 7.09893396e-03 7.09893396e-03 7.09893396e-03 7.09893396e-03 7.09893396e-03 7.09893396e-03 7.09893396e-03 7.09893396e-03 7.09893396e-03 7.09893396e-03 7.09893396e-03 7.09893396e-03 7.09893396e-03 7.09893396e-03 7.09893396e-03 7.09893396e-03 7.09893396e-03 7.09893396e-03 7.09893396e-03 7.09893396e-03 7.09893396e-03 7.09893396e-03 7.09893396e-03 7.09893396e-03 7.09893396e-03 7.09893396e-03 7.09893396e-03 7.09893396e-03 7.09893396e-03 7.09893396e-03 7.09893396e-03 7.09893396e-03 7.09893396e-03 7.09893396e-03 7.09893396e-03 7.09893396e-03 7.09893396e-03 7.09893396e-03 7.09893396e-03 7.09893396e-03 7.09893396e-03 7.09893396e-03 7.09893396e-03 7.09893396e-03 7.09893396e-03 7.09893396e-03 7.09893396e-03 7.09893396e-03 7.09893396e-03 7.09893396e-03 7.09893396e-03 7.09893396e-03 7.09893396e-03 7.09893396e-03 7.09893396e-03 7.09893396e-03 7.09893396e-03 7.09893396e-03 7.09893396e-03 7.09893396e-03 7.09893396e-03 7.09893396e-03 7.09893396e-03 7.09893396e-03 7.09893396e-03 7.09893396e-03 7.09893396e-03 7.09893396e-03 7.09893396e-03 7.09893396e-03 7.09893396e-03 7.09893396e-03 7.09893396e-03 7.09893396e-03 7.09893396e-03 7.09893396e-03 7.09893396e-03 7.09893396e-03 7.09893396e-03 7.09893396e-03 7.09893396e-03 7.09893396e-03 7.09893396e-03 7.09893396e-03
6.39274974e-03 6.39274974e-03 6.39274974e-03 6.39274974e-03 6.39274974e-03 6.39274974e-03 6.39274974e-03 6.39274974e-03 6.39274974e-03 6.39274974e-03 6.39274974e-03 6.39274974e-03 6.39274974e-03 6.39274974e-03 6.39274974e-03 6.39274974e-03 6.39274974e-03 6.39274974e-03 6.39274974e-03 6.39274974e-03 6.39274974e-03 6.39274974e-03 6.39274974e-03 6.39274974e-03 6.39274974e-03 6.39274974e-03 6.39274974e-03 6.39274974e-03 6.39274974e-03 6.39274974e-03 6.39274974e-03 6.39274974e-03 6.39274974e-03 6.39274974e-03 6.39274974e-03 6.39274974e-03 6.39274974e-03 6.39274974e-03 6.39274974e-03 6.39274974e-03 6.39274974e-03 6.39274974e-03 6.39274974e-03 6.39274974e-03 6.39274974e-03 6.39274974e-03 6.39274974e-03 6.39274974e-03 6.39274974e-03 6.39274974e-03 6.39274974e-03 6.39274974e-03 6.39274974e-03 6.39274974e-03 6.39274974e-03 6.39274974e-03 6.39274974e-03 6.39274974e-03 6.39274974e-03 6.39274974e-03 6.39274974e-03 6.39274974e-03 6.39274974e-03 6.39274974e-03 6.39274974e-03 6.39274974e-03 6.39274974e-03 6.39274974e-03 6.39274974e-03 6.39274974e-03 6.39274974e-03 6.39274974e-03 6.39274974e-03 6.39274974e-03 6.39274974e-03 6.39274974e-03 6.39274974e-03 6.39274974e-03 6.39274974e-03 6.39274974e-03 6.39274974e-03 6.39274974e-03 6.39274974e-03 6.39274974e-03 6.39274974e-03 6.39274974e-03 6.39274974e-03 6.39274974e-03 6.39274974e-03 6.39274974e-03 6.39274974e-03 6.39274974e-03 6.39274974e-03 6.39274974e-03 6.39274974e-03 6.39274974e-03 6.39274974e-03 6.39274974e-03 6.39274974e-03 6.39274974e-03 6.39274974e-03 6.39274974e-03 6.39274974e-03 6.39274974e-03 6.39274974e-03 6.39274974e-03 6.39274974e-03 6.39274974e-03 6.39274974e-03 6.39274974e-03 6.39274974e-03 6.39274974e-03 6.39274974e-03 6.39274974e-03 6.39274974e-03 6.39274974e-03 6.39274974e-03 6.39274974e-03 6.39274974e-03 6.39274974e-03 6.39274974e-03 6.39274974e-03 6.39274974e-03 6.39274974e-03 6.39274974e-03 6.39274974e-03 6.39274974e-03 6.39274974e-03 6.39274974e-03 6.39274974e-03 6.39274974e-03 6.39274974e-03 6.39274974e-03 6.39274974e-03 6.39274974e-03 6.39274974e-03 6.39274974e-03 6.39274974e-03 6.39274974e-03 6.39274974e-03 6.39274974e-03 6.39274974e-03 6.39274974e-03 6.39274974e-03 6.39274974e-03 6.39274974e-03 6.39274974e-03 6.39274974e-03 6.39274974e-03 6.39274974e-03 6.39274974e-03 6.39274974e-03 6.39274974e-03 6.39274974e-03 6.39274974e-03 6.39274974e-03 6.39274974e-03 6.39274974e-03 6.39274974e-03 6.39274974e-03 6.39274974e-03 6.39274974e-03 6.39274974e-03 6.39274974e-03 6.39274974e-03 6.39274974e-03 6.39274974e-03 6.39274974e-03 6.39274974e-03 6.39274974e-03 6.39274974e-03 6.39274974e-03 6.39274974e-03 6.39274974e-03 6.39274974e-03 6.39274974e-03 6.39274974e-03 6.39274974e-03 6.39274974e-03 6.39274974e-03 6.39274974e-03 6.39274974e-03 6.39274974e-03 6.39274974e-03 6.39274974e-03 6.39274974e-03 6.39274974e-03 6.39274974e-03 6.39274974e-03 6.39274974e-03 6.39274974e-03 6.39274974e-03 6.39274974e-03 6.39274974e-03 6.39274974e-03 6.39274974e-03 6.39274974e-03 6.39274974e-03 6.39274974e-03 6.39274974e-03
5.75151949e-03 5.75151949e-03 5.75151949e-03 5.75151949e-03 5.75151949e-03 5.75151949e-03 5.75151949e-03 5.75151949e-03 5.75151949e-03 5.75151949e-03 5.75151949e-03 5.75151949e-03 5.75151949e-03 5.75151949e-03 5.75151949e-03 5.75151949e-03 5.75151949e-03 5.75151949e-03 5.75151949e-03 5.75151949e-03 5.75151949e-03 5.75151949e-03 5.75151949e-03 5.75151949e-03 5.75151949e-03 5.75151949e-03 5.75151949e-03 5.75151949e-03 5.75151949e-03 5.75151949e-03 5.75151949e-03 5.75151949e-03 5.75151949e-03 5.75151949e-03 5.75151949e-03 5.75151949e-03 5.75151949e-03 5.75151949e-03 5.75151949e-03 5.75151949e-03 5.75151949e-03 5.75151949e-03 5.75151949e-03 5.75151949e-03 5.75151949e-03 5.75151949e-03 5.75151949e-03 5.75151949e-03 5.75151949e-03 5.75151949e-03 5.75151949e-03 5.75151949e-03 5.75151949e-03 5.75151949e-03 5.75151949e-03 5.75151949e-03 5.75151949e-03 5.75151949e-03 5.75151949e-03 5.75151949e-03 5.75151949e-03 5.75151949e-03 5.75151949e-03 5.75151949e-03 5.75151949e-03 5.75151949e-03 5.75151949e-03 5.75151949e-03 5.75151949e-03 5.75151949e-03 5.75151949e-03 5.75151949e-03 5.75151949e-03 5.75151949e-03 5.75151949e-03 5.75151949e-03 5.75151949e-03 5.75151949e-03 5.75151949e-03 5.75151949e-03 5.75151949e-03 5.75151949e-03 5.75151949e-03 5.75151949e-03 5.75151949e-03 5.75151949e-03 5.75151949e-03 5.75151949e-03 5.75151949e-03 5.75151949e-03 5.75151949e-03 5.75151949e-03 5.75151949e-03 5.75151949e-03 5.75151949e-03 5.75151949e-03 5.75151949e-03 5.75151949e-03 5.75151949e-03 5.75151949e-03 5.75151949e-03 5.75151949e-03 5.75151949e-03 5.75151949e-03 5.75151949e-03 5.75151949e-03 5.75151949e-03 5.75151949e-03 5.75151949e-03 5.75151949e-03 5.75151949e-03 5.75151949e-03 5.75151949e-03 5.75151949e-03 5.75151949e-03 5.75151949e-03 5.75151949e-03 5.75151949e-03 5.75151949e-03 5.75151949e-03 5.75151949e-03 5.75151949e-03 5.75151949e-03 5.75151949e-03 5.75151949e-03 5.75151949e-03 5.75151949e-03 5.75151949e-03 5.75151949e-03 5.75151949e-03 5.75151949e-03 5.75151949e-03 5.75151949e-03 5.75151949e-03 5.75151949e-03 5.75151949e-03 5.75151949e-03 5.75151949e-03 5.75151949e-03 5.75151949e-03 5.75151949e-03 5.75151949e-03 5.75151949e-03 5.75151949e-03 5.75151949e-03 5.75151949e-03 5.75151949e-03 5.75151949e-03 5.75151949e-03 5.75151949e-03 5.75151949e-03 5.75151949e-03 5.75151949e-03 5.75151949e-03 5.75151949e-03 5.75151949e-03 5.75151949e-03 5.75151949e-03 5.75151949e-03 5.75151949e-03 5.75151949e-03 5.75151949e-03 5.75151949e-03 5.75151949e-03 5.75151949e-03 5.75151949e-03 5.75151949e-03 5.75151949e-03 5.75151949e-03 5.75151949e-03 5.75151949e-03 5.75151949e-03 5.75151949e-03 5.75151949e-03 5.75151949e-03 5.75151949e-03 5.75151949e-03 5.75151949e-03 5.75151949e-03 5.75151949e-03 5.75151949e-03 5.75151949e-03 5.75151949e-03 5.75151949e-03 5.75151949e-03 5.75151949e-03 5.75151949e-03 5.75151949e-03 5.75151949e-03 5.75151949e-03 5.75151949e-03 5.75151949e-03 5.75151949e-03 5.75151949e-03 5.75151949e-03 5.75151949e-03 5.75151949e-03 5.75151949e-03 5.75151949e-03 5.75151949e-03
5.16987439e-03 5.16987439e-03 5.16987439e-03 5.16987439e-03 5.16987439e-03 5.16987439e-03 5.16987439e-03 5.16987439e-03 5.16987439e-03 5.16987439e-03 5.16987439e-03 5.16987439e-03 5.16987439e-03 5.16987439e-03 5.16987439e-03 5.16987439e-03 5.16987439e-03 5.16987439e-03 5.16987439e-03 5.16987439e-03 5.16987439e-03 5.16987439e-03 5.16987439e-03 5.16987439e-03 5.16987439e-03 5.16987439e-03 5.16987439e-03 5.16987439e-03 5.16987439e-03 5.16987439e-03 5.16987439e-03 5.16987439e-03 5.16987439e-03 5.16987439e-03 5.16987439e-03 5.16987439e-03 5.16987439e-03 5.16987439e-03 5.16987439e-03 5.16987439e-03 5.16987439e-03 5.16987439e-03 5.16987439e-03 5.16987439e-03 5.16987439e-03 5.16987439e-03 5.16987439e-03 5.16987439e-03 5.16987439e-03 5.16987439e-03 5.16987439e-03 5.16987439e-03 5.16987439e-03 5.16987439e-03 5.16987439e-03 5.16987439e-03 5.16987439e-03 5.16987439e-03 5.16987439e-03 5.16987439e-03 5.16987439e-03 5.16987439e-03 5.16987439e-03 5.16987439e-03 5.16987439e-03 5.16987439e-03 5.16987439e-03 5.16987439e-03 5.16987439e-03 5.16987439e-03 5.16987439e-03 5.16987439e-03 5.16987439e-03 5.16987439e-03 5.16987439e-03 5.16987439e-03 5.16987439e-03 5.16987439e-03 5.16987439e-03 5.16987439e-03 5.16987439e-03 5.16987439e-03 5.16987439e-03 5.16987439e-03 5.16987439e-03 5.16987439e-03 5.16987439e-03 5.16987439e-03 5.16987439e-03 5.16987439e-03 5.16987439e-03 5.16987439e-03 5.16987439e-03 5.16987439e-03 5.16987439e-03 5.16987439e-03 5.16987439e-03 5.16987439e-03 5.16987439e-03 5.16987439e-03 5.16987439e-03 5.16987439e-03 5.16987439e-03 5.16987439e-03 5.16987439e-03 5.16987439e-03 5.16987439e-03 5.16987439e-03 5.16987439e-03 5.16987439e-03 5.16987439e-03 5.16987439e-03 5.16987439e-03 5.16987439e-03 5.16987439e-03 5.16987439e-03 5.16987439e-03 5.16987439e-03 5.16987439e-03 5.16987439e-03 5.16987439e-03 5.16987439e-03 5.16987439e-03 5.16987439e-03 5.16987439e-03 5.16987439e-03 5.16987439e-03 5.16987439e-03 5.16987439e-03 5.16987439e-03 5.16987439e-03 5.16987439e-03 5.16987439e-03 5.16987439e-03 5.16987439e-03 5.16987439e-03 5.16987439e-03 5.16987439e-03 5.16987439e-03 5.16987439e-03 5.16987439e-03 5.16987439e-03 5.16987439e-03 5.16987439e-03 5.16987439e-03 5.16987439e-03 5.16987439e-03 5.16987439e-03 5.16987439e-03 5.16987439e-03 5.16987439e-03 5.16987439e-03 5.16987439e-03 5.16987439e-03 5.16987439e-03 5.16987439e-03 5.16987439e-03 5.16987439e-03 5.16987439e-03 5.16987439e-03 5.16987439e-03 5.16987439e-03 5.16987439e-03 5.16987439e-03 5.16987439e-03 5.16987439e-03 5.16987439e-03 5.16987439e-03 5.16987439e-03 5.16987439e-03 5.16987439e-03 5.16987439e-03 5.16987439e-03 5.16987439e-03 5.16987439e-03 5.16987439e-03 5.16987439e-03 5.16987439e-03 5.16987439e-03 5.16987439e-03 5.16987439e-03 5.16987439e-03 5.16987439e-03 5.16987439e-03 5.16987439e-03 5.16987439e-03 5.16987439e-03 5.16987439e-03 5.16987439e-03 5.16987439e-03 5.16987439e-03 5.16987439e-03 5.16987439e-03 5.16987439e-03 5.16987439e-03 5.16987439e-03 5.16987439e-03 5.16987439e-03 5.16987439e-03 5.16987439e-03
4.64282003e-03 4.64282003e-03 4.64282003e-03 4.64282003e-03 4.64282003e-03 4.64282003e-03 4.64282003e-03 4.64282003e-03 4.64282003e-03 4.64282003e-03 4.64282003e-03 4.64282003e-03 4.64282003e-03 4.64282003e-03 4.64282003e-03 4.64282003e-03 4.64282003e-03 4.64282003e-03 4.64282003e-03 4.64282003e-03 4.64282003e-03 4.64282003e-03 4.64282003e-03 4.64282003e-03 4.64282003e-03 4.64282003e-03 4.64282003e-03 4.64282003e-03 4.64282003e-03 4.64282003e-03 4.64282003e-03 4.64282003e-03 4.64282003e-03 4.64282003e-03 4.64282003e-03 4.64282003e-03 4.64282003e-03 4.64282003e-03 4.64282003e-03 4.64282003e-03 4.64282003e-03 4.64282003e-03 4.64282003e-03 4.64282003e-03 4.64282003e-03 4.64282003e-03 4.64282003e-03 4.64282003e-03 4.64282003e-03 4.64282003e-03 4.64282003e-03 4.64282003e-03 4.64282003e-03 4.64282003e-03 4.64282003e-03 4.64282003e-03 4.64282003e-03 4.64282003e-03 4.64282003e-03 4.64282003e-03 4.64282003e-03 4.64282003e-03 4.64282003e-03 4.64282003e-03 4.64282003e-03 4.64282003e-03 4.64282003e-03 4.64282003e-03 4.64282003e-03 4.64282003e-03 4.64282003e-03 4.64282003e-03 4.64282003e-03 4.64282003e-03 4.64282003e-03 4.64282003e-03 4.64282003e-03 4.64282003e-03 4.64282003e-03 4.64282003e-03 4.64282003e-03 4.64282003e-03 4.64282003e-03 4.64282003e-03 4.64282003e-03 4.64282003e-03 4.64282003e-03 4.64282003e-03 4.64282003e-03 4.64282003e-03 4.64282003e-03 4.64282003e-03 4.64282003e-03 4.64282003e-03 4.64282003e-03 4.64282003e-03 4.64282003e-03 4.64282003e-03 4.64282003e-03 4.64282003e-03 4.64282003e-03 4.64282003e-03 4.64282003e-03 4.64282003e-03 4.64282003e-03 4.64282003e-03 4.64282003e-03 4.64282003e-03 4.64282003e-03 4.64282003e-03 4.64282003e-03 4.64282003e-03 4.64282003e-03 4.64282003e-03 4.64282003e-03 4.64282003e-03 4.64282003e-03 4.64282003e-03 4.64282003e-03 4.64282003e-03 4.64282003e-03 4.64282003e-03 4.64282003e-03 4.64282003e-03 4.64282003e-03 4.64282003e-03 4.64282003e-03 4.64282003e-03 4.64282003e-03 4.64282003e-03 4.64282003e-03 4.64282003e-03 4.64282003e-03 4.64282003e-03 4.64282003e-03 4.64282003e-03 4.64282003e-03 4.64282003e-03 4.64282003e-03 4.64282003e-03 4.64282003e-03 4.64282003e-03 4.64282003e-03 4.64282003e-03 4.64282003e-03 4.64282003e-03 4.64282003e-03 4.64282003e-03 4.64282003e-03 4.64282003e-03 4.64282003e-03 4.64282003e-03 4.64282003e-03 4.64282003e-03 4.64282003e-03 4.64282003e-03 4.64282003e-03 4.64282003e-03 4.64282003e-03 4.64282003e-03 4.64282003e-03 4.64282003e-03 4.64282003e-03 4.64282003e-03 4.64282003e-03 4.64282003e-03 4.64282003e-03 4.64282003e-03 4.64282003e-03 4.64282003e-03 4.64282003e-03 4.64282003e-03 4.64282003e-03 4.64282003e-03 4.64282003e-03 4.64282003e-03 4.64282003e-03 4.64282003e-03 4.64282003e-03 4.64282003e-03 4.64282003e-03 4.64282003e-03 4.64282003e-03 4.64282003e-03 4.64282003e-03 4.64282003e-03 4.64282003e-03 4.64282003e-03 4.64282003e-03 4.64282003e-03 4.64282003e-03 4.64282003e-03 4.64282003e-03 4.64282003e-03 4.64282003e-03 4.64282003e-03 4.64282003e-03 4.64282003e-03 4.64282003e-03 4.64282003e-03
4.16571861e-03 4.16571861e-03 4.16571861e-03 4.16571861e-03 4.16571861e-03 4.16571861e-03 4.16571861e-03 4.16571861e-03 4.16571861e-03 4.16571861e-03 4.16571861e-03 4.16571861e-03 4.16571861e-03 4.16571861e-03 4.16571861e-03 4.16571861e-03 4.16571861e-03 4.16571861e-03 4.16571861e-03 4.16571861e-03 4.16571861e-03 4.16571861e-03 4.16571861e-03 4.16571861e-03 4.16571861e-03 4.16571861e-03 4.16571861e-03 4.16571861e-03 4.16571861e-03 4.16571861e-03 4.16571861e-03 4.16571861e-03 4.16571861e-03 4.16571861e-03 4.16571861e-03 4.16571861e-03 4.16571861e-03 4.16571861e-03 4.16571861e-03 4.16571861e-03 4.16571861e-03 4.16571861e-03 4.16571861e-03 4.16571861e-03 4.16571861e-03 4.16571861e-03 4.16571861e-03 4.16571861e-03 4.16571861e-03 4.16571861e-03 4.16571861e-03 4.16571861e-03 4.16571861e-03 4.16571861e-03 4.16571861e-03 4.16571861e-03 4.16571861e-03 4.16571861e-03 4.16571861e-03 4.16571861e-03 4.16571861e-03 4.16571861e-03 4.16571861e-03 4.16571861e-03 4.16571861e-03 4.16571861e-03 4.16571861e-03 4.16571861e-03 4.16571861e-03 4.16571861e-03 4.16571861e-03 4.16571861e-03 4.16571861e-03 4.16571861e-03 4.16571861e-03 4.16571861e-03 4.16571861e-03 4.16571861e-03 4.16571861e-03 4.16571861e-03 4.16571861e-03 4.16571861e-03 4.16571861e-03 4.16571861e-03 4.16571861e-03 4.16571861e-03 4.16571861e-03 4.16571861e-03 4.16571861e-03 4.16571861e-03 4.16571861e-03 4.16571861e-03 4.16571861e-03 4.16571861e-03 4.16571861e-03 4.16571861e-03 4.16571861e-03 4.16571861e-03 4.16571861e-03 4.16571861e-03 4.16571861e-03 4.16571861e-03 4.16571861e-03 4.16571861e-03 4.16571861e-03 4.16571861e-03 4.16571861e-03 4.16571861e-03 4.16571861e-03 4.16571861e-03 4.16571861e-03 4.16571861e-03 4.16571861e-03 4.16571861e-03 4.16571861e-03 4.16571861e-03 4.16571861e-03 4.16571861e-03 4.16571861e-03 4.16571861e-03 4.16571861e-03 4.16571861e-03 4.16571861e-03 4.16571861e-03 4.16571861e-03 4.16571861e-03 4.16571861e-03 4.16571861e-03 4.16571861e-03 4.16571861e-03 4.16571861e-03 4.16571861e-03 4.16571861e-03 4.16571861e-03 4.16571861e-03 4.16571861e-03 4.16571861e-03 4.16571861e-03 4.16571861e-03 4.16571861e-03 4.16571861e-03 4.16571861e-03 4.16571861e-03 4.16571861e-03 4.16571861e-03 4.16571861e-03 4.16571861e-03 4.16571861e-03 4.16571861e-03 4.16571861e-03 4.16571861e-03 4.16571861e-03 4.16571861e-03 4.16571861e-03 4.16571861e-03 4.16571861e-03 4.16571861e-03 4.16571861e-03 4.16571861e-03 4.16571861e-03 4.16571861e-03 4.16571861e-03 4.16571861e-03 4.16571861e-03 4.16571861e-03 4.16571861e-03 4.16571861e-03 4.16571861e-03 4.16571861e-03 4.16571861e-03 4.16571861e-03 4.16571861e-03 4.16571861e-03 4.16571861e-03 4.16571861e-03 4.16571861e-03 4.16571861e-03 4.16571861e-03 4.16571861e-03 4.16571861e-03 4.16571861e-03 4.16571861e-03 4.16571861e-03 4.16571861e-03 4.16571861e-03 4.16571861e-03 4.16571861e-03 4.16571861e-03 4.16571861e-03 4.16571861e-03 4.16571861e-03 4.16571861e-03 4.16571861e-03 4.16571861e-03 4.16571861e-03 4.16571861e-03 4.16571861e-03 4.16571861e-03 4.16571861e-03 4.16571861e-03
3.73427085e-03 3.73427085e-03 3.73427085e-03 3.73427085e-03 3.73427085e-03 3.73427085e-03 3.73427085e-03 3.73427085e-03 3.73427085e-03 3.73427085e-03 3.73427085e-03 3.73427085e-03 3.73427085e-03 3.73427085e-03 3.73427085e-03 3.73427085e-03 3.73427085e-03 3.73427085e-03 3.73427085e-03 3.73427085e-03 3.73427085e-03 3.73427085e-03 3.73427085e-03 3.73427085e-03 3.73427085e-03 3.73427085e-03 3.73427085e-03 3.73427085e-03 3.73427085e-03 3.73427085e-03 3.73427085e-03 3.73427085e-03 3.73427085e-03 3.73427085e-03 3.73427085e-03 3.73427085e-03 3.73427085e-03 3.73427085e-03 3.73427085e-03 3.73427085e-03 3.73427085e-03 3.73427085e-03 3.73427085e-03 3.73427085e-03 3.73427085e-03 3.73427085e-03 3.73427085e-03 3.73427085e-03 3.73427085e-03 3.73427085e-03 3.73427085e-03 3.73427085e-03 3.73427085e-03 3.73427085e-03 3.73427085e-03 3.73427085e-03 3.73427085e-03 3.73427085e-03 3.73427085e-03 3.73427085e-03 3.73427085e-03 3.73427085e-03 3.73427085e-03 3.73427085e-03 3.73427085e-03 3.73427085e-03 3.73427085e-03 3.73427085e-03 3.73427085e-03 3.73427085e-03 3.73427085e-03 3.73427085e-03 3.73427085e-03 3.73427085e-03 3.73427085e-03 3.73427085e-03 3.73427085e-03 3.73427085e-03 3.73427085e-03 3.73427085e-03 3.73427085e-03 3.73427085e-03 3.73427085e-03 3.73427085e-03 3.73427085e-03 3.73427085e-03 3.73427085e-03 3.73427085e-03 3.73427085e-03 3.73427085e-03 3.73427085e-03 3.73427085e-03 3.73427085e-03 3.73427085e-03 3.73427085e-03 3.73427085e-03 3.73427085e-03 3.73427085e-03 3.73427085e-03 3.73427085e-03 3.73427085e-03 3.73427085e-03 3.73427085e-03 3.73427085e-03 3.73427085e-03 3.73427085e-03 3.73427085e-03 3.73427085e-03 3.73427085e-03 3.73427085e-03 3.73427085e-03 3.73427085e-03 3.73427085e-03 3.73427085e-03 3.73427085e-03 3.73427085e-03 3.73427085e-03 3.73427085e-03 3.73427085e-03 3.73427085e-03 3.73427085e-03 3.73427085e-03 3.73427085e-03 3.73427085e-03 3.73427085e-03 3.73427085e-03 3.73427085e-03 3.73427085e-03 3.73427085e-03 3.73427085e-03 3.73427085e-03 3.73427085e-03 3.73427085e-03 3.73427085e-03 3.73427085e-03 3.73427085e-03 3.73427085e-03 3.73427085e-03 3.73427085e-03 3.73427085e-03 3.73427085e-03 3.73427085e-03 3.73427085e-03 3.73427085e-03 3.73427085e-03 3.73427085e-03 3.73427085e-03 3.73427085e-03 3.73427085e-03 3.73427085e-03 3.73427085e-03 3.73427085e-03 3.73427085e-03 3.73427085e-03 3.73427085e-03 3.73427085e-03 3.73427085e-03 3.73427085e-03 3.73427085e-03 3.73427085e-03 3.73427085e-03 3.73427085e-03 3.73427085e-03 3.73427085e-03 3.73427085e-03 3.73427085e-03 3.73427085e-03 3.73427085e-03 3.73427085e-03 3.73427085e-03 3.73427085e-03 3.73427085e-03 3.73427085e-03 3.73427085e-03 3.73427085e-03 3.73427085e-03 3.73427085e-03 3.73427085e-03 3.73427085e-03 3.73427085e-03 3.73427085e-03 3.73427085e-03 3.73427085e-03 3.73427085e-03 3.73427085e-03 3.73427085e-03 3.73427085e-03 3.73427085e-03 3.73427085e-03 3.73427085e-03 3.73427085e-03 3.73427085e-03 3.73427085e-03 3.73427085e-03 3.73427085e-03 3.73427085e-03 3.73427085e-03 3.73427085e-03 3.73427085e-03 3.73427085e-03
3.34449782e-03 3.34449782e-03 3.34449782e-03 3.34449782e-03 3.34449782e-03 3.34449782e-03 3.34449782e-03 3.34449782e-03 3.34449782e-03 3.34449782e-03 3.34449782e-03 3.34449782e-03 3.34449782e-03 3.34449782e-03 3.34449782e-03 3.34449782e-03 3.34449782e-03 3.34449782e-03 3.34449782e-03 3.34449782e-03 3.34449782e-03 3.34449782e-03 3.34449782e-03 3.34449782e-03 3.34449782e-03 3.34449782e-03 3.34449782e-03 3.34449782e-03 3.34449782e-03 3.34449782e-03 3.34449782e-03 3.34449782e-03 3.34449782e-03 3.34449782e-03 3.34449782e-03 3.34449782e-03 3.34449782e-03 3.34449782e-03 3.34449782e-03 3.34449782e-03 3.34449782e-03 3.34449782e-03 3.34449782e-03 3.34449782e-03 3.34449782e-03 3.34449782e-03 3.34449782e-03 3.34449782e-03 3.34449782e-03 3.34449782e-03 3.34449782e-03 3.34449782e-03 3.34449782e-03 3.34449782e-03 3.34449782e-03 3.34449782e-03 3.34449782e-03 3.34449782e-03 3.34449782e-03 3.34449782e-03 3.34449782e-03 3.34449782e-03 3.34449782e-03 3.34449782e-03 3.34449782e-03 3.34449782e-03 3.34449782e-03 3.34449782e-03 3.34449782e-03 3.34449782e-03 3.34449782e-03 3.34449782e-03 3.34449782e-03 3.34449782e-03 3.34449782e-03 3.34449782e-03 3.34449782e-03 3.34449782e-03 3.34449782e-03 3.34449782e-03 3.34449782e-03 3.34449782e-03 3.34449782e-03 3.34449782e-03 3.34449782e-03 3.34449782e-03 3.34449782e-03 3.34449782e-03 3.34449782e-03 3.34449782e-03 3.34449782e-03 3.34449782e-03 3.34449782e-03 3.34449782e-03 3.34449782e-03 3.34449782e-03 3.34449782e-03 3.34449782e-03 3.34449782e-03 3.34449782e-03 3.34449782e-03 3.34449782e-03 3.34449782e-03 3.34449782e-03 3.34449782e-03 3.34449782e-03 3.34449782e-03 3.34449782e-03 3.34449782e-03 3.34449782e-03 3.34449782e-03 3.34449782e-03 3.34449782e-03 3.34449782e-03 3.34449782e-03 3.34449782e-03 3.34449782e-03 3.34449782e-03 3.34449782e-03 3.34449782e-03 3.34449782e-03 3.34449782e-03 3.34449782e-03 3.34449782e-03 3.34449782e-03 3.34449782e-03 3.34449782e-03 3.34449782e-03 3.34449782e-03 3.34449782e-03 3.34449782e-03 3.34449782e-03 3.34449782e-03 3.34449782e-03 3.34449782e-03 3.34449782e-03 3.34449782e-03 3.34449782e-03 3.34449782e-03 3.34449782e-03 3.34449782e-03 3.34449782e-03 3.34449782e-03 3.34449782e-03 3.34449782e-03 3.34449782e-03 3.34449782e-03 3.34449782e-03 3.34449782e-03 3.34449782e-03 3.34449782e-03 3.34449782e-03 3.34449782e-03 3.34449782e-03 3.34449782e-03 3.34449782e-03 3.34449782e-03 3.34449782e-03 3.34449782e-03 3.34449782e-03 3.34449782e-03 3.34449782e-03 3.34449782e-03 3.34449782e-03 3.34449782e-03 3.34449782e-03 3.34449782e-03 3.34449782e-03 3.34449782e-03 3.34449782e-03 3.34449782e-03 3.34449782e-03 3.34449782e-03 3.34449782e-03 3.34449782e-03 3.34449782e-03 3.34449782e-03 3.34449782e-03 3.34449782e-03 3.34449782e-03 3.34449782e-03 3.34449782e-03 3.34449782e-03 3.34449782e-03 3.34449782e-03 3.34449782e-03 3.34449782e-03 3.34449782e-03 3.34449782e-03 3.34449782e-03 3.34449782e-03 3.34449782e-03 3.34449782e-03 3.34449782e-03 3.34449782e-03 3.34449782e-03 3.34449782e-03 3.34449782e-03 3.34449782e-03 3.34449782e-03
2.99272289e-03 2.99272289e-03 2.99272289e-03 2.99272289e-03 2.99272289e-03 2.99272289e-03 2.99272289e-03 2.99272289e-03 2.99272289e-03 2.99272289e-03 2.99272289e-03 2.99272289e-03 2.99272289e-03 2.99272289e-03 2.99272289e-03 2.99272289e-03 2.99272289e-03 2.99272289e-03 2.99272289e-03 2.99272289e-03 2.99272289e-03 2.99272289e-03 2.99272289e-03 2.99272289e-03 2.99272289e-03 2.99272289e-03 2.99272289e-03 2.99272289e-03 2.99272289e-03 2.99272289e-03 2.99272289e-03 2.99272289e-03 2.99272289e-03 2.99272289e-03 2.99272289e-03 2.99272289e-03 2.99272289e-03 2.99272289e-03 2.99272289e-03 2.99272289e-03 2.99272289e-03 2.99272289e-03 2.99272289e-03 2.99272289e-03 2.99272289e-03 2.99272289e-03 2.99272289e-03 2.99272289e-03 2.99272289e-03 2.99272289e-03 2.99272289e-03 2.99272289e-03 2.99272289e-03 2.99272289e-03 2.99272289e-03 2.99272289e-03 2.99272289e-03 2.99272289e-03 2.99272289e-03 2.99272289e-03 2.99272289e-03 2.99272289e-03 2.99272289e-03 2.99272289e-03 2.99272289e-03 2.99272289e-03 2.99272289e-03 2.99272289e-03 2.99272289e-03 2.99272289e-03 2.99272289e-03 2.99272289e-03 2.99272289e-03 2.99272289e-03 2.99272289e-03 2.99272289e-03 2.99272289e-03 2.99272289e-03 2.99272289e-03 2.99272289e-03 2.99272289e-03 2.99272289e-03 2.99272289e-03 2.99272289e-03 2.99272289e-03 2.99272289e-03 2.99272289e-03 2.99272289e-03 2.99272289e-03 2.99272289e-03 2.99272289e-03 2.99272289e-03 2.99272289e-03 2.99272289e-03 2.99272289e-03 2.99272289e-03 2.99272289e-03 2.99272289e-03 2.99272289e-03 2.99272289e-03 2.99272289e-03 2.99272289e-03 2.99272289e-03 2.99272289e-03 2.99272289e-03 2.99272289e-03 2.99272289e-03 2.99272289e-03 2.99272289e-03 2.99272289e-03 2.99272289e-03 2.99272289e-03 2.99272289e-03 2.99272289e-03 2.99272289e-03 2.99272289e-03 2.99272289e-03 2.99272289e-03 2.99272289e-03 2.99272289e-03 2.99272289e-03 2.99272289e-03 2.99272289e-03 2.99272289e-03 2.99272289e-03 2.99272289e-03 2.99272289e-03 2.99272289e-03 2.99272289e-03 2.99272289e-03 2.99272289e-03 2.99272289e-03 2.99272289e-03 2.99272289e-03 2.99272289e-03 2.99272289e-03 2.99272289e-03 2.99272289e-03 2.99272289e-03 2.99272289e-03 2.99272289e-03 2.99272289e-03 2.99272289e-03 2.99272289e-03 2.99272289e-03 2.99272289e-03 2.99272289e-03 2.99272289e-03 2.99272289e-03 2.99272289e-03 2.99272289e-03 2.99272289e-03 2.99272289e-03 2.99272289e-03 2.99272289e-03 2.99272289e-03 2.99272289e-03 2.99272289e-03 2.99272289e-03 2.99272289e-03 2.99272289e-03 2.99272289e-03 2.99272289e-03 2.99272289e-03 2.99272289e-03 2.99272289e-03 2.99272289e-03 2.99272289e-03 2.99272289e-03 2.99272289e-03 2.99272289e-03 2.99272289e-03 2.99272289e-03 2.99272289e-03 2.99272289e-03 2.99272289e-03 2.99272289e-03 2.99272289e-03 2.99272289e-03 2.99272289e-03 2.99272289e-03 2.99272289e-03 2.99272289e-03 2.99272289e-03 2.99272289e-03 2.99272289e-03 2.99272289e-03 2.99272289e-03 2.99272289e-03 2.99272289e-03 2.99272289e-03 2.99272289e-03 2.99272289e-03 2.99272289e-03 2.99272289e-03 2.99272289e-03 2.99272289e-03 2.99272289e-03 2.99272289e-03 2.99272289e-03
2.67555394e-03 2.67555394e-03 2.67555394e-03 2.67555394e-03 2.67555394e-03 2.67555394e-03 2.67555394e-03 2.67555394e-03 2.67555394e-03 2.67555394e-03 2.67555394e-03 2.67555394e-03 2.67555394e-03 2.67555394e-03 2.67555394e-03 2.67555394e-03 2.67555394e-03 2.67555394e-03 2.67555394e-03 2.67555394e-03 2.67555394e-03 2.67555394e-03 2.67555394e-03 2.67555394e-03 2.67555394e-03 2.67555394e-03 2.67555394e-03 2.67555394e-03 2.67555394e-03 2.67555394e-03 2.67555394e-03 2.67555394e-03 2.67555394e-03 2.67555394e-03 2.67555394e-03 2.67555394e-03 2.67555394e-03 2.67555394e-03 2.67555394e-03 2.67555394e-03 2.67555394e-03 2.67555394e-03 2.67555394e-03 2.67555394e-03 2.67555394e-03 2.67555394e-03 2.67555394e-03 2.67555394e-03 2.67555394e-03 2.67555394e-03 2.67555394e-03 2.67555394e-03 2.67555394e-03 2.67555394e-03 2.67555394e-03 2.67555394e-03 2.67555394e-03 2.67555394e-03 2.67555394e-03 2.67555394e-03 2.67555394e-03 2.67555394e-03 2.67555394e-03 2.67555394e-03 2.67555394e-03 2.67555394e-03 2.67555394e-03 2.67555394e-03 2.67555394e-03 2.67555394e-03 2.67555394e-03 2.67555394e-03 2.67555394e-03 2.67555394e-03 2.67555394e-03 2.67555394e-03 2.67555394e-03 2.67555394e-03 2.67555394e-03 2.67555394e-03 2.67555394e-03 2.67555394e-03 2.67555394e-03 2.67555394e-03 2.67555394e-03 2.67555394e-03 2.67555394e-03 2.67555394e-03 2.67555394e-03 2.67555394e-03 2.67555394e-03 2.67555394e-03 2.67555394e-03 2.67555394e-03 2.67555394e-03 2.67555394e-03 2.67555394e-03 2.67555394e-03 2.67555394e-03 2.67555394e-03 2.67555394e-03 2.67555394e-03 2.67555394e-03 2.67555394e-03 2.67555394e-03 2.67555394e-03 2.67555394e-03 2.67555394e-03 2.67555394e-03 2.67555394e-03 2.67555394e-03 2.67555394e-03 2.67555394e-03 2.67555394e-03 2.67555394e-03 2.67555394e-03 2.67555394e-03 2.67555394e-03 2.67555394e-03 2.67555394e-03 2.67555394e-03 2.67555394e-03 2.67555394e-03 2.67555394e-03 2.67555394e-03 2.67555394e-03 2.67555394e-03 2.67555394e-03 2.67555394e-03 2.67555394e-03 2.67555394e-03 2.67555394e-03 2.67555394e-03 2.67555394e-03 2.67555394e-03 2.67555394e-03 2.67555394e-03 2.67555394e-03 2.67555394e-03 2.67555394e-03 2.67555394e-03 2.67555394e-03 2.67555394e-03 2.67555394e-03 2.67555394e-03 2.67555394e-03 2.67555394e-03 2.67555394e-03 2.67555394e-03 2.67555394e-03 2.67555394e-03 2.67555394e-03 2.67555394e-03 2.67555394e-03 2.67555394e-03 2.67555394e-03 2.67555394e-03 2.67555394e-03 2.67555394e-03 2.67555394e-03 2.67555394e-03 2.67555394e-03 2.67555394e-03 2.67555394e-03 2.67555394e-03 2.67555394e-03 2.67555394e-03 2.67555394e-03 2.67555394e-03 2.67555394e-03 2.67555394e-03 2.67555394e-03 2.67555394e-03 2.67555394e-03 2.67555394e-03 2.67555394e-03 2.67555394e-03 2.67555394e-03 2.67555394e-03 2.67555394e-03 2.67555394e-03 2.67555394e-03 2.67555394e-03 2.67555394e-03 2.67555394e-03 2.67555394e-03 2.67555394e-03 2.67555394e-03 2.67555394e-03 2.67555394e-03 2.67555394e-03 2.67555394e-03 2.67555394e-03 2.67555394e-03 2.67555394e-03 2.67555394e-03 2.67555394e-03 2.67555394e-03 2.67555394e-03 2.67555394e-03
2.38986595e-03 2.38986595e-03 2.38986595e-03 2.38986595e-03 2.38986595e-03 2.38986595e-03 2.38986595e-03 2.38986595e-03 2.38986595e-03 2.38986595e-03 2.38986595e-03 2.38986595e-03 2.38986595e-03 2.38986595e-03 2.38986595e-03 2.38986595e-03 2.38986595e-03 2.38986595e-03 2.38986595e-03 2.38986595e-03 2.38986595e-03 2.38986595e-03 2.38986595e-03 2.38986595e-03 2.38986595e-03 2.38986595e-03 2.38986595e-03 2.38986595e-03 2.38986595e-03 2.38986595e-03 2.38986595e-03 2.38986595e-03 2.38986595e-03 2.38986595e-03 2.38986595e-03 2.38986595e-03 2.38986595e-03 2.38986595e-03 2.38986595e-03 2.38986595e-03 2.38986595e-03 2.38986595e-03 2.38986595e-03 2.38986595e-03 2.38986595e-03 2.38986595e-03 2.38986595e-03 2.38986595e-03 2.38986595e-03 2.38986595e-03 2.38986595e-03 2.38986595e-03 2.38986595e-03 2.38986595e-03 2.38986595e-03 2.38986595e-03 2.38986595e-03 2.38986595e-03 2.38986595e-03 2.38986595e-03 2.38986595e-03 2.38986595e-03 2.38986595e-03 2.38986595e-03 2.38986595e-03 2.38986595e-03 2.38986595e-03 2.38986595e-03 2.38986595e-03 2.38986595e-03 2.38986595e-03 2.38986595e-03 2.38986595e-03 2.38986595e-03 2.38986595e-03 2.38986595e-03 2.38986595e-03 2.38986595e-03 2.38986595e-03 2.38986595e-03 2.38986595e-03 2.38986595e-03 2.38986595e-03 2.38986595e-03 2.38986595e-03 2.38986595e-03 2.38986595e-03 2.38986595e-03 2.38986595e-03 2.38986595e-03 2.38986595e-03 2.38986595e-03 2.38986595e-03 2.38986595e-03 2.38986595e-03 2.38986595e-03 2.38986595e-03 2.38986595e-03 2.38986595e-03 2.38986595e-03 2.38986595e-03 2.38986595e-03 2.38986595e-03 2.38986595e-03 2.38986595e-03 2.38986595e-03 2.38986595e-03 2.38986595e-03 2.38986595e-03 2.38986595e-03 2.38986595e-03 2.38986595e-03 2.38986595e-03 2.38986595e-03 2.38986595e-03 2.38986595e-03 2.38986595e-03 2.38986595e-03 2.38986595e-03 2.38986595e-03 2.38986595e-03 2.38986595e-03 2.38986595e-03 2.38986595e-03 2.38986595e-03 2.38986595e-03 2.38986595e-03 2.38986595e-03 2.38986595e-03 2.38986595e-03 2.38986595e-03 2.38986595e-03 2.38986595e-03 2.38986595e-03 2.38986595e-03 2.38986595e-03 2.38986595e-03 2.38986595e-03 2.38986595e-03 2.38986595e-03 2.38986595e-03 2.38986595e-03 2.38986595e-03 2.38986595e-03 2.38986595e-03 2.38986595e-03 2.38986595e-03 2.38986595e-03 2.38986595e-03 2.38986595e-03 2.38986595e-03 2.38986595e-03 2.38986595e-03 2.38986595e-03 2.38986595e-03 2.38986595e-03 2.38986595e-03 2.38986595e-03 2.38986595e-03 2.38986595e-03 2.38986595e-03 2.38986595e-03 2.38986595e-03 2.38986595e-03 2.38986595e-03 2.38986595e-03 2.38986595e-03 2.38986595e-03 2.38986595e-03 2.38986595e-03 2.38986595e-03 2.38986595e-03 2.38986595e-03 2.38986595e-03 2.38986595e-03 2.38986595e-03 2.38986595e-03 2.38986595e-03 2.38986595e-03 2.38986595e-03 2.38986595e-03 2.38986595e-03 2.38986595e-03 2.38986595e-03 2.38986595e-03 2.38986595e-03 2.38986595e-03 2.38986595e-03 2.38986595e-03 2.38986595e-03 2.38986595e-03 2.38986595e-03 2.38986595e-03 2.38986595e-03 2.38986595e-03 2.38986595e-03 2.38986595e-03 2.38986595e-03 2.38986595e-03 2.38986595e-03
2.13278411e-03 2.13278411e-03 2.13278411e-03 2.13278411e-03 2.13278411e-03 2.13278411e-03 2.13278411e-03 2.13278411e-03 2.13278411e-03 2.13278411e-03 2.13278411e-03 2.13278411e-03 2.13278411e-03 2.13278411e-03 2.13278411e-03 2.13278411e-03 2.13278411e-03 2.13278411e-03 2.13278411e-03 2.13278411e-03 2.13278411e-03 2.13278411e-03 2.13278411e-03 2.13278411e-03 2.13278411e-03 2.13278411e-03 2.13278411e-03 2.13278411e-03 2.13278411e-03 2.13278411e-03 2.13278411e-03 2.13278411e-03 2.13278411e-03 2.13278411e-03 2.13278411e-03 2.13278411e-03 2.13278411e-03 2.13278411e-03 2.13278411e-03 2.13278411e-03 2.13278411e-03 2.13278411e-03 2.13278411e-03 2.13278411e-03 2.13278411e-03 2.13278411e-03 2.13278411e-03 2.13278411e-03 2.13278411e-03 2.13278411e-03 2.13278411e-03 2.13278411e-03 2.13278411e-03 2.13278411e-03 2.13278411e-03 2.13278411e-03 2.13278411e-03 2.13278411e-03 2.13278411e-03 2.13278411e-03 2.13278411e-03 2.13278411e-03 2.13278411e-03 2.13278411e-03 2.13278411e-03 2.13278411e-03 2.13278411e-03 2.13278411e-03 2.13278411e-03 2.13278411e-03 2.13278411e-03 2.13278411e-03 2.13278411e-03 2.13278411e-03 2.13278411e-03 2.13278411e-03 2.13278411e-03 2.13278411e-03 2.13278411e-03 2.13278411e-03 2.13278411e-03 2.13278411e-03 2.13278411e-03 2.13278411e-03 2.13278411e-03 2.13278411e-03 2.13278411e-03 2.13278411e-03 2.13278411e-03 2.13278411e-03 2.13278411e-03 2.13278411e-03 2.13278411e-03 2.13278411e-03 2.13278411e-03 2.13278411e-03 2.13278411e-03 2.13278411e-03 2.13278411e-03 2.13278411e-03 2.13278411e-03 2.13278411e-03 2.13278411e-03 2.13278411e-03 2.13278411e-03 2.13278411e-03 2.13278411e-03 2.13278411e-03 2.13278411e-03 2.13278411e-03 2.13278411e-03 2.13278411e-03 2.13278411e-03 2.13278411e-03 2.13278411e-03 2.13278411e-03 2.13278411e-03 2.13278411e-03 2.13278411e-03 2.13278411e-03 2.13278411e-03 2.13278411e-03 2.13278411e-03 2.13278411e-03 2.13278411e-03 2.13278411e-03 2.13278411e-03 2.13278411e-03 2.13278411e-03 2.13278411e-03 2.13278411e-03 2.13278411e-03 2.13278411e-03 2.13278411e-03 2.13278411e-03 2.13278411e-03 2.13278411e-03 2.13278411e-03 2.13278411e-03 2.13278411e-03 2.13278411e-03 2.13278411e-03 2.13278411e-03 2.13278411e-03 2.13278411e-03 2.13278411e-03 2.13278411e-03 2.13278411e-03 2.13278411e-03 2.13278411e-03 2.13278411e-03 2.13278411e-03 2.13278411e-03 2.13278411e-03 2.13278411e-03 2.13278411e-03 2.13278411e-03 2.13278411e-03 2.13278411e-03 2.13278411e-03 2.13278411e-03 2.13278411e-03 2.13278411e-03 2.13278411e-03 2.13278411e-03 2.13278411e-03 2.13278411e-03 2.13278411e-03 2.13278411e-03 2.13278411e-03 2.13278411e-03 2.13278411e-03 2.13278411e-03 2.13278411e-03 2.13278411e-03 2.13278411e-03 2.13278411e-03 2.13278411e-03 2.13278411e-03 2.13278411e-03 2.13278411e-03 2.13278411e-03 2.13278411e-03 2.13278411e-03 2.13278411e-03 2.13278411e-03 2.13278411e-03 2.13278411e-03 2.13278411e-03 2.13278411e-03 2.13278411e-03 2.13278411e-03 2.13278411e-03 2.13278411e-03 2.13278411e-03 2.13278411e-03 2.13278411e-03 2.13278411e-03 2.13278411e-03 2.13278411e-03
1.90166746e-03 1.90166746e-03 1.90166746e-03 1.90166746e-03 1.90166746e-03 1.90166746e-03 1.90166746e-03 1.90166746e-03 1.90166746e-03 1.90166746e-03 1.90166746e-03 1.90166746e-03 1.90166746e-03 1.90166746e-03 1.90166746e-03 1.90166746e-03 1.90166746e-03 1.90166746e-03 1.90166746e-03 1.90166746e-03 1.90166746e-03 1.90166746e-03 1.90166746e-03 1.90166746e-03 1.90166746e-03 1.90166746e-03 1.90166746e-03 1.90166746e-03 1.90166746e-03 1.90166746e-03 1.90166746e-03 1.90166746e-03 1.90166746e-03 1.90166746e-03 1.90166746e-03 1.90166746e-03 1.90166746e-03 1.90166746e-03 1.90166746e-03 1.90166746e-03 1.90166746e-03 1.90166746e-03 1.90166746e-03 1.90166746e-03 1.90166746e-03 1.90166746e-03 1.90166746e-03 1.90166746e-03 1.90166746e-03 1.90166746e-03 1.90166746e-03 1.90166746e-03 1.90166746e-03 1.90166746e-03 1.90166746e-03 1.90166746e-03 1.90166746e-03 1.90166746e-03 1.90166746e-03 1.90166746e-03 1.90166746e-03 1.90166746e-03 1.90166746e-03 1.90166746e-03 1.90166746e-03 1.90166746e-03 1.90166746e-03 1.90166746e-03 1.90166746e-03 1.90166746e-03 1.90166746e-03 1.90166746e-03 1.90166746e-03 1.90166746e-03 1.90166746e-03 1.90166746e-03 1.90166746e-03 1.90166746e-03 1.90166746e-03 1.90166746e-03 1.90166746e-03 1.90166746e-03 1.90166746e-03 1.90166746e-03 1.90166746e-03 1.90166746e-03 1.90166746e-03 1.90166746e-03 1.90166746e-03 1.90166746e-03 1.90166746e-03 1.90166746e-03 1.90166746e-03 1.90166746e-03 1.90166746e-03 1.90166746e-03 1.90166746e-03 1.90166746e-03 1.90166746e-03 1.90166746e-03 1.90166746e-03 1.90166746e-03 1.90166746e-03 1.90166746e-03 1.90166746e-03 1.90166746e-03 1.90166746e-03 1.90166746e-03 1.90166746e-03 1.90166746e-03 1.90166746e-03 1.90166746e-03 1.90166746e-03 1.90166746e-03 1.90166746e-03 1.90166746e-03 1.90166746e-03 1.90166746e-03 1.90166746e-03 1.90166746e-03 1.90166746e-03 1.90166746e-03 1.90166746e-03 1.90166746e-03 1.90166746e-03 1.90166746e-03 1.90166746e-03 1.90166746e-03 1.90166746e-03 1.90166746e-03 1.90166746e-03 1.90166746e-03 1.90166746e-03 1.90166746e-03 1.90166746e-03 1.90166746e-03 1.90166746e-03 1.90166746e-03 1.90166746e-03 1.90166746e-03 1.90166746e-03 1.90166746e-03 1.90166746e-03 1.90166746e-03 1.90166746e-03 1.90166746e-03 1.90166746e-03 1.90166746e-03 1.90166746e-03 1.90166746e-03 1.90166746e-03 1.90166746e-03 1.90166746e-03 1.90166746e-03 1.90166746e-03 1.90166746e-03 1.90166746e-03 1.90166746e-03 1.90166746e-03 1.90166746e-03 1.90166746e-03 1.90166746e-03 1.90166746e-03 1.90166746e-03 1.90166746e-03 1.90166746e-03 1.90166746e-03 1.90166746e-03 1.90166746e-03 1.90166746e-03 1.90166746e-03 1.90166746e-03 1.90166746e-03 1.90166746e-03 1.90166746e-03 1.90166746e-03 1.90166746e-03 1.90166746e-03 1.90166746e-03 1.90166746e-03 1.90166746e-03 1.90166746e-03 1.90166746e-03 1.90166746e-03 1.90166746e-03 1.90166746e-03 1.90166746e-03 1.90166746e-03 1.90166746e-03 1.90166746e-03 1.90166746e-03 1.90166746e-03 1.90166746e-03 1.90166746e-03 1.90166746e-03 1.90166746e-03 1.90166746e-03 1.90166746e-03 1.90166746e-03 1.90166746e-03
1.69409315e-03 1.69409315e-03 1.69409315e-03 1.69409315e-03 1.69409315e-03 1.69409315e-03 1.69409315e-03 1.69409315e-03 1.69409315e-03 1.69409315e-03 1.69409315e-03 1.69409315e-03 1.69409315e-03 1.69409315e-03 1.69409315e-03 1.69409315e-03 1.69409315e-03 1.69409315e-03 1.69409315e-03 1.69409315e-03 1.69409315e-03 1.69409315e-03 1.69409315e-03 1.69409315e-03 1.69409315e-03 1.69409315e-03 1.69409315e-03 1.69409315e-03 1.69409315e-03 1.69409315e-03 1.69409315e-03 1.69409315e-03 1.69409315e-03 1.69409315e-03 1.69409315e-03 1.69409315e-03 1.69409315e-03 1.69409315e-03 1.69409315e-03 1.69409315e-03 1.69409315e-03 1.69409315e-03 1.69409315e-03 1.69409315e-03 1.69409315e-03 1.69409315e-03 1.69409315e-03 1.69409315e-03 1.69409315e-03 1.69409315e-03 1.69409315e-03 1.69409315e-03 1.69409315e-03 1.69409315e-03 1.69409315e-03 1.69409315e-03 1.69409315e-03 1.69409315e-03 1.69409315e-03 1.69409315e-03 1.69409315e-03 1.69409315e-03 1.69409315e-03 1.69409315e-03 1.69409315e-03 1.69409315e-03 1.69409315e-03 1.69409315e-03 1.69409315e-03 1.69409315e-03 1.69409315e-03 1.69409315e-03 1.69409315e-03 1.69409315e-03 1.69409315e-03 1.69409315e-03 1.69409315e-03 1.69409315e-03 1.69409315e-03 1.69409315e-03 1.69409315e-03 1.69409315e-03 1.69409315e-03 1.69409315e-03 1.69409315e-03 1.69409315e-03 1.69409315e-03 1.69409315e-03 1.69409315e-03 1.69409315e-03 1.69409315e-03 1.69409315e-03 1.69409315e-03 1.69409315e-03 1.69409315e-03 1.69409315e-03 1.69409315e-03 1.69409315e-03 1.69409315e-03 1.69409315e-03 1.69409315e-03 1.69409315e-03 1.69409315e-03 1.69409315e-03 1.69409315e-03 1.69409315e-03 1.69409315e-03 1.69409315e-03 1.69409315e-03 1.69409315e-03 1.69409315e-03 1.69409315e-03 1.69409315e-03 1.69409315e-03 1.69409315e-03 1.69409315e-03 1.69409315e-03 1.69409315e-03 1.69409315e-03 1.69409315e-03 1.69409315e-03 1.69409315e-03 1.69409315e-03 1.69409315e-03 1.69409315e-03 1.69409315e-03 1.69409315e-03 1.69409315e-03 1.69409315e-03 1.69409315e-03 1.69409315e-03 1.69409315e-03 1.69409315e-03 1.69409315e-03 1.69409315e-03 1.69409315e-03 1.69409315e-03 1.69409315e-03 1.69409315e-03 1.69409315e-03 1.69409315e-03 1.69409315e-03 1.69409315e-03 1.69409315e-03 1.69409315e-03 1.69409315e-03 1.69409315e-03 1.69409315e-03 1.69409315e-03 1.69409315e-03 1.69409315e-03 1.69409315e-03 1.69409315e-03 1.69409315e-03 1.69409315e-03 1.69409315e-03 1.69409315e-03 1.69409315e-03 1.69409315e-03 1.69409315e-03 1.69409315e-03 1.69409315e-03 1.69409315e-03 1.69409315e-03 1.69409315e-03 1.69409315e-03 1.69409315e-03 1.69409315e-03 1.69409315e-03 1.69409315e-03 1.69409315e-03 1.69409315e-03 1.69409315e-03 1.69409315e-03 1.69409315e-03 1.69409315e-03 1.69409315e-03 1.69409315e-03 1.69409315e-03 1.69409315e-03 1.69409315e-03 1.69409315e-03 1.69409315e-03 1.69409315e-03 1.69409315e-03 1.69409315e-03 1.69409315e-03 1.69409315e-03 1.69409315e-03 1.69409315e-03 1.69409315e-03 1.69409315e-03 1.69409315e-03 1.69409315e-03 1.69409315e-03 1.69409315e-03 1.69409315e-03 1.69409315e-03 1.69409315e-03 1.69409315e-03
1.50784139e-03 1.50784139e-03 1.50784139e-03 1.50784139e-03 1.50784139e-03 1.50784139e-03 1.50784139e-03 1.50784139e-03 1.50784139e-03 1.50784139e-03 1.50784139e-03 1.50784139e-03 1.50784139e-03 1.50784139e-03 1.50784139e-03 1.50784139e-03 1.50784139e-03 1.50784139e-03 1.50784139e-03 1.50784139e-03 1.50784139e-03 1.50784139e-03 1.50784139e-03 1.50784139e-03 1.50784139e-03 1.50784139e-03 1.50784139e-03 1.50784139e-03 1.50784139e-03 1.50784139e-03 1.50784139e-03 1.50784139e-03 1.50784139e-03 1.50784139e-03 1.50784139e-03 1.50784139e-03 1.50784139e-03 1.50784139e-03 1.50784139e-03 1.50784139e-03 1.50784139e-03 1.50784139e-03 1.50784139e-03 1.50784139e-03 1.50784139e-03 1.50784139e-03 1.50784139e-03 1.50784139e-03 1.50784139e-03 1.50784139e-03 1.50784139e-03 1.50784139e-03 1.50784139e-03 1.50784139e-03 1.50784139e-03 1.50784139e-03 1.50784139e-03 1.50784139e-03 1.50784139e-03 1.50784139e-03 1.50784139e-03 1.50784139e-03 1.50784139e-03 1.50784139e-03 1.50784139e-03 1.50784139e-03 1.50784139e-03 1.50784139e-03 1.50784139e-03 1.50784139e-03 1.50784139e-03 1.50784139e-03 1.50784139e-03 1.50784139e-03 1.50784139e-03 1.50784139e-03 1.50784139e-03 1.50784139e-03 1.50784139e-03 1.50784139e-03 1.50784139e-03 1.50784139e-03 1.50784139e-03 1.50784139e-03 1.50784139e-03 1.50784139e-03 1.50784139e-03 1.50784139e-03 1.50784139e-03 1.50784139e-03 1.50784139e-03 1.50784139e-03 1.50784139e-03 1.50784139e-03 1.50784139e-03 1.50784139e-03 1.50784139e-03 1.50784139e-03 1.50784139e-03 1.50784139e-03 1.50784139e-03 1.50784139e-03 1.50784139e-03 1.50784139e-03 1.50784139e-03 1.50784139e-03 1.50784139e-03 1.50784139e-03 1.50784139e-03 1.50784139e-03 1.50784139e-03 1.50784139e-03 1.50784139e-03 1.50784139e-03 1.50784139e-03 1.50784139e-03 1.50784139e-03 1.50784139e-03 1.50784139e-03 1.50784139e-03 1.50784139e-03 1.50784139e-03 1.50784139e-03 1.50784139e-03 1.50784139e-03 1.50784139e-03 1.50784139e-03 1.50784139e-03 1.50784139e-03 1.50784139e-03 1.50784139e-03 1.50784139e-03 1.50784139e-03 1.50784139e-03 1.50784139e-03 1.50784139e-03 1.50784139e-03 1.50784139e-03 1.50784139e-03 1.50784139e-03 1.50784139e-03 1.50784139e-03 1.50784139e-03 1.50784139e-03 1.50784139e-03 1.50784139e-03 1.50784139e-03 1.50784139e-03 1.50784139e-03 1.50784139e-03 1.50784139e-03 1.50784139e-03 1.50784139e-03 1.50784139e-03 1.50784139e-03 1.50784139e-03 1.50784139e-03 1.50784139e-03 1.50784139e-03 1.50784139e-03 1.50784139e-03 1.50784139e-03 1.50784139e-03 1.50784139e-03 1.50784139e-03 1.50784139e-03 1.50784139e-03 1.50784139e-03 1.50784139e-03 1.50784139e-03 1.50784139e-03 1.50784139e-03 1.50784139e-03 1.50784139e-03 1.50784139e-03 1.50784139e-03 1.50784139e-03 1.50784139e-03 1.50784139e-03 1.50784139e-03 1.50784139e-03 1.50784139e-03 1.50784139e-03 1.50784139e-03 1.50784139e-03 1.50784139e-03 1.50784139e-03 1.50784139e-03 1.50784139e-03 1.50784139e-03 1.50784139e-03 1.50784139e-03 1.50784139e-03 1.50784139e-03 1.50784139e-03 1.50784139e-03 1.50784139e-03 1.50784139e-03 1.50784139e-03 1.50784139e-03
1.34088104e-03 1.34088104e-03 1.34088104e-03 1.34088104e-03 1.34088104e-03 1.34088104e-03 1.34088104e-03 1.34088104e-03 1.34088104e-03 1.34088104e-03 1.34088104e-03 1.34088104e-03 1.34088104e-03 1.34088104e-03 1.34088104e-03 1.34088104e-03 1.34088104e-03 1.34088104e-03 1.34088104e-03 1.34088104e-03 1.34088104e-03 1.34088104e-03 1.34088104e-03 1.34088104e-03 1.34088104e-03 1.34088104e-03 1.34088104e-03 1.34088104e-03 1.34088104e-03 1.34088104e-03 1.34088104e-03 1.34088104e-03 1.34088104e-03 1.34088104e-03 1.34088104e-03 1.34088104e-03 1.34088104e-03 1.34088104e-03 1.34088104e-03 1.34088104e-03 1.34088104e-03 1.34088104e-03 1.34088104e-03 1.34088104e-03 1.34088104e-03 1.34088104e-03 1.34088104e-03 1.34088104e-03 1.34088104e-03 1.34088104e-03 1.34088104e-03 1.34088104e-03 1.34088104e-03 1.34088104e-03 1.34088104e-03 1.34088104e-03 1.34088104e-03 1.34088104e-03 1.34088104e-03 1.34088104e-03 1.34088104e-03 1.34088104e-03 1.34088104e-03 1.34088104e-03 1.34088104e-03 1.34088104e-03 1.34088104e-03 1.34088104e-03 1.34088104e-03 1.34088104e-03 1.34088104e-03 1.34088104e-03 1.34088104e-03 1.34088104e-03 1.34088104e-03 1.34088104e-03 1.34088104e-03 1.34088104e-03 1.34088104e-03 1.34088104e-03 1.34088104e-03 1.34088104e-03 1.34088104e-03 1.34088104e-03 1.34088104e-03 1.34088104e-03 1.34088104e-03 1.34088104e-03 1.34088104e-03 1.34088104e-03 1.34088104e-03 1.34088104e-03 1.34088104e-03 1.34088104e-03 1.34088104e-03 1.34088104e-03 1.34088104e-03 1.34088104e-03 1.34088104e-03 1.34088104e-03 1.34088104e-03 1.34088104e-03 1.34088104e-03 1.34088104e-03 1.34088104e-03 1.34088104e-03 1.34088104e-03 1.34088104e-03 1.34088104e-03 1.34088104e-03 1.34088104e-03 1.34088104e-03 1.34088104e-03 1.34088104e-03 1.34088104e-03 1.34088104e-03 1.34088104e-03 1.34088104e-03 1.34088104e-03 1.34088104e-03 1.34088104e-03 1.34088104e-03 1.34088104e-03 1.34088104e-03 1.34088104e-03 1.34088104e-03 1.34088104e-03 1.34088104e-03 1.34088104e-03 1.34088104e-03 1.34088104e-03 1.34088104e-03 1.34088104e-03 1.34088104e-03 1.34088104e-03 1.34088104e-03 1.34088104e-03 1.34088104e-03 1.34088104e-03 1.34088104e-03 1.34088104e-03 1.34088104e-03 1.34088104e-03 1.34088104e-03 1.34088104e-03 1.34088104e-03 1.34088104e-03 1.34088104e-03 1.34088104e-03 1.34088104e-03 1.34088104e-03 1.34088104e-03 1.34088104e-03 1.34088104e-03 1.34088104e-03 1.34088104e-03 1.34088104e-03 1.34088104e-03 1.34088104e-03 1.34088104e-03 1.34088104e-03 1.34088104e-03 1.34088104e-03 1.34088104e-03 1.34088104e-03 1.34088104e-03 1.34088104e-03 1.34088104e-03 1.34088104e-03 1.34088104e-03 1.34088104e-03 1.34088104e-03 1.34088104e-03 1.34088104e-03 1.34088104e-03 1.34088104e-03 1.34088104e-03 1.34088104e-03 1.34088104e-03 1.34088104e-03 1.34088104e-03 1.34088104e-03 1.34088104e-03 1.34088104e-03 1.34088104e-03 1.34088104e-03 1.34088104e-03 1.34088104e-03 1.34088104e-03 1.34088104e-03 1.34088104e-03 1.34088104e-03 1.34088104e-03 1.34088104e-03 1.34088104e-03 1.34088104e-03 1.34088104e-03 1.34088104e-03 1.34088104e-03 1.34088104e-03
1.19135597e-03 1.19135597e-03 1.19135597e-03 1.19135597e-03 1.19135597e-03 1.19135597e-03 1.19135597e-03 1.19135597e-03 1.19135597e-03 1.19135597e-03 1.19135597e-03 1.19135597e-03 1.19135597e-03 1.19135597e-03 1.19135597e-03 1.19135597e-03 1.19135597e-03 1.19135597e-03 1.19135597e-03 1.19135597e-03 1.19135597e-03 1.19135597e-03 1.19135597e-03 1.19135597e-03 1.19135597e-03 1.19135597e-03 1.19135597e-03 1.19135597e-03 1.19135597e-03 1.19135597e-03 1.19135597e-03 1.19135597e-03 1.19135597e-03 1.19135597e-03 1.19135597e-03 1.19135597e-03 1.19135597e-03 1.19135597e-03 1.19135597e-03 1.19135597e-03 1.19135597e-03 1.19135597e-03 1.19135597e-03 1.19135597e-03 1.19135597e-03 1.19135597e-03 1.19135597e-03 1.19135597e-03 1.19135597e-03 1.19135597e-03 1.19135597e-03 1.19135597e-03 1.19135597e-03 1.19135597e-03 1.19135597e-03 1.19135597e-03 1.19135597e-03 1.19135597e-03 1.19135597e-03 1.19135597e-03 1.19135597e-03 1.19135597e-03 1.19135597e-03 1.19135597e-03 1.19135597e-03 1.19135597e-03 1.19135597e-03 1.19135597e-03 1.19135597e-03 1.19135597e-03 1.19135597e-03 1.19135597e-03 1.19135597e-03 1.19135597e-03 1.19135597e-03 1.19135597e-03 1.19135597e-03 1.19135597e-03 1.19135597e-03 1.19135597e-03 1.19135597e-03 1.19135597e-03 1.19135597e-03 1.19135597e-03 1.19135597e-03 1.19135597e-03 1.19135597e-03 1.19135597e-03 1.19135597e-03 1.19135597e-03 1.19135597e-03 1.19135597e-03 1.19135597e-03 1.19135597e-03 1.19135597e-03 1.19135597e-03 1.19135597e-03 1.19135597e-03 1.19135597e-03 1.19135597e-03 1.19135597e-03 1.19135597e-03 1.19135597e-03 1.19135597e-03 1.19135597e-03 1.19135597e-03 1.19135597e-03 1.19135597e-03 1.19135597e-03 1.19135597e-03 1.19135597e-03 1.19135597e-03 1.19135597e-03 1.19135597e-03 1.19135597e-03 1.19135597e-03 1.19135597e-03 1.19135597e-03 1.19135597e-03 1.19135597e-03 1.19135597e-03 1.19135597e-03 1.19135597e-03 1.19135597e-03 1.19135597e-03 1.19135597e-03 1.19135597e-03 1.19135597e-03 1.19135597e-03 1.19135597e-03 1.19135597e-03 1.19135597e-03 1.19135597e-03 1.19135597e-03 1.19135597e-03 1.19135597e-03 1.19135597e-03 1.19135597e-03 1.19135597e-03 1.19135597e-03 1.19135597e-03 1.19135597e-03 1.19135597e-03 1.19135597e-03 1.19135597e-03 1.19135597e-03 1.19135597e-03 1.19135597e-03 1.19135597e-03 1.19135597e-03 1.19135597e-03 1.19135597e-03 1.19135597e-03 1.19135597e-03 1.19135597e-03 1.19135597e-03 1.19135597e-03 1.19135597e-03 1.19135597e-03 1.19135597e-03 1.19135597e-03 1.19135597e-03 1.19135597e-03 1.19135597e-03 1.19135597e-03 1.19135597e-03 1.19135597e-03 1.19135597e-03 1.19135597e-03 1.19135597e-03 1.19135597e-03 1.19135597e-03 1.19135597e-03 1.19135597e-03 1.19135597e-03 1.19135597e-03 1.19135597e-03 1.19135597e-03 1.19135597e-03 1.19135597e-03 1.19135597e-03 1.19135597e-03 1.19135597e-03 1.19135597e-03 1.19135597e-03 1.19135597e-03 1.19135597e-03 1.19135597e-03 1.19135597e-03 1.19135597e-03 1.19135597e-03 1.19135597e-03 1.19135597e-03 1.19135597e-03 1.19135597e-03 1.19135597e-03 1.19135597e-03 1.19135597e-03 1.19135597e-03 1.19135597e-03
1.05757207e-03 1.05757207e-03 1.05757207e-03 1.05757207e-03 1.05757207e-03 1.05757207e-03 1.05757207e-03 1.05757207e-03 1.05757207e-03 1.05757207e-03 1.05757207e-03 1.05757207e-03 1.05757207e-03 1.05757207e-03 1.05757207e-03 1.05757207e-03 1.05757207e-03 1.05757207e-03 1.05757207e-03 1.05757207e-03 1.05757207e-03 1.05757207e-03 1.05757207e-03 1.05757207e-03 1.05757207e-03 1.05757207e-03 1.05757207e-03 1.05757207e-03 1.05757207e-03 1.05757207e-03 1.05757207e-03 1.05757207e-03 1.05757207e-03 1.05757207e-03 1.05757207e-03 1.05757207e-03 1.05757207e-03 1.05757207e-03 1.05757207e-03 1.05757207e-03 1.05757207e-03 1.05757207e-03 1.05757207e-03 1.05757207e-03 1.05757207e-03 1.05757207e-03 1.05757207e-03 1.05757207e-03 1.05757207e-03 1.05757207e-03 1.05757207e-03 1.05757207e-03 1.05757207e-03 1.05757207e-03 1.05757207e-03 1.05757207e-03 1.05757207e-03 1.05757207e-03 1.05757207e-03 1.05757207e-03 1.05757207e-03 1.05757207e-03 1.05757207e-03 1.05757207e-03 1.05757207e-03 1.05757207e-03 1.05757207e-03 1.05757207e-03 1.05757207e-03 1.05757207e-03 1.05757207e-03 1.05757207e-03 1.05757207e-03 1.05757207e-03 1.05757207e-03 1.05757207e-03 1.05757207e-03 1.05757207e-03 1.05757207e-03 1.05757207e-03 1.05757207e-03 1.05757207e-03 1.05757207e-03 1.05757207e-03 1.05757207e-03 1.05757207e-03 1.05757207e-03 1.05757207e-03 1.05757207e-03 1.05757207e-03 1.05757207e-03 1.05757207e-03 1.05757207e-03 1.05757207e-03 1.05757207e-03 1.05757207e-03 1.05757207e-03 1.05757207e-03 1.05757207e-03 1.05757207e-03 1.05757207e-03 1.05757207e-03 1.05757207e-03 1.05757207e-03 1.05757207e-03 1.05757207e-03 1.05757207e-03 1.05757207e-03 1.05757207e-03 1.05757207e-03 1.05757207e-03 1.05757207e-03 1.05757207e-03 1.05757207e-03 1.05757207e-03 1.05757207e-03 1.05757207e-03 1.05757207e-03 1.05757207e-03 1.05757207e-03 1.05757207e-03 1.05757207e-03 1.05757207e-03 1.05757207e-03 1.05757207e-03 1.05757207e-03 1.05757207e-03 1.05757207e-03 1.05757207e-03 1.05757207e-03 1.05757207e-03 1.05757207e-03 1.05757207e-03 1.05757207e-03 1.05757207e-03 1.05757207e-03 1.05757207e-03 1.05757207e-03 1.05757207e-03 1.05757207e-03 1.05757207e-03 1.05757207e-03 1.05757207e-03 1.05757207e-03 1.05757207e-03 1.05757207e-03 1.05757207e-03 1.05757207e-03 1.05757207e-03 1.05757207e-03 1.05757207e-03 1.05757207e-03 1.05757207e-03 1.05757207e-03 1.05757207e-03 1.05757207e-03 1.05757207e-03 1.05757207e-03 1.05757207e-03 1.05757207e-03 1.05757207e-03 1.05757207e-03 1.05757207e-03 1.05757207e-03 1.05757207e-03 1.05757207e-03 1.05757207e-03 1.05757207e-03 1.05757207e-03 1.05757207e-03 1.05757207e-03 1.05757207e-03 1.05757207e-03 1.05757207e-03 1.05757207e-03 1.05757207e-03 1.05757207e-03 1.05757207e-03 1.05757207e-03 1.05757207e-03 1.05757207e-03 1.05757207e-03 1.05757207e-03 1.05757207e-03 1.05757207e-03 1.05757207e-03 1.05757207e-03 1.05757207e-03 1.05757207e-03 1.05757207e-03 1.05757207e-03 1.05757207e-03 1.05757207e-03 1.05757207e-03 1.05757207e-03 1.05757207e-03 1.05757207e-03 1.05757207e-03 1.05757207e-03 1.05757207e-03
9.37985052e-04 9.37985052e-04 9.37985052e-04 9.37985052e-04 9.37985052e-04 9.37985052e-04 9.37985052e-04 9.37985052e-04 9.37985052e-04 9.37985052e-04 9.37985052e-04 9.37985052e-04 9.37985052e-04 9.37985052e-04 9.37985052e-04 9.37985052e-04 9.37985052e-04 9.37985052e-04 9.37985052e-04 9.37985052e-04 9.37985052e-04 9.37985052e-04 9.37985052e-04 9.37985052e-04 9.37985052e-04 9.37985052e-04 9.37985052e-04 9.37985052e-04 9.37985052e-04 9.37985052e-04 9.37985052e-04 9.37985052e-04 9.37985052e-04 9.37985052e-04 9.37985052e-04 9.37985052e-04 9.37985052e-04 9.37985052e-04 9.37985052e-04 9.37985052e-04 9.37985052e-04 9.37985052e-04 9.37985052e-04 9.37985052e-04 9.37985052e-04 9.37985052e-04 9.37985052e-04 9.37985052e-04 9.37985052e-04 9.37985052e-04 9.37985052e-04 9.37985052e-04 9.37985052e-04 9.37985052e-04 9.37985052e-04 9.37985052e-04 9.37985052e-04 9.37985052e-04 9.37985052e-04 9.37985052e-04 9.37985052e-04 9.37985052e-04 9.37985052e-04 9.37985052e-04 9.37985052e-04 9.37985052e-04 9.37985052e-04 9.37985052e-04 9.37985052e-04 9.37985052e-04 9.37985052e-04 9.37985052e-04 9.37985052e-04 9.37985052e-04 9.37985052e-04 9.37985052e-04 9.37985052e-04 9.37985052e-04 9.37985052e-04 9.37985052e-04 9.37985052e-04 9.37985052e-04 9.37985052e-04 9.37985052e-04 9.37985052e-04 9.37985052e-04 9.37985052e-04 9.37985052e-04 9.37985052e-04 9.37985052e-04 9.37985052e-04 9.37985052e-04 9.37985052e-04 9.37985052e-04 9.37985052e-04 9.37985052e-04 9.37985052e-04 9.37985052e-04 9.37985052e-04 9.37985052e-04 9.37985052e-04 9.37985052e-04 9.37985052e-04 9.37985052e-04 9.37985052e-04 9.37985052e-04 9.37985052e-04 9.37985052e-04 9.37985052e-04 9.37985052e-04 9.37985052e-04 9.37985052e-04 9.37985052e-04 9.37985052e-04 9.37985052e-04 9.37985052e-04 9.37985052e-04 9.37985052e-04 9.37985052e-04 9.37985052e-04 9.37985052e-04 9.37985052e-04 9.37985052e-04 9.37985052e-04 9.37985052e-04 9.37985052e-04 9.37985052e-04 9.37985052e-04 9.37985052e-04 9.37985052e-04 9.37985052e-04 9.37985052e-04 9.37985052e-04 9.37985052e-04 9.37985052e-04 9.37985052e-04 9.37985052e-04 9.37985052e-04 9.37985052e-04 9.37985052e-04 9.37985052e-04 9.37985052e-04 9.37985052e-04 9.37985052e-04 9.37985052e-04 9.37985052e-04 9.37985052e-04 9.37985052e-04 9.37985052e-04 9.37985052e-04 9.37985052e-04 9.37985052e-04 9.37985052e-04 9.37985052e-04 9.37985052e-04 9.37985052e-04 9.37985052e-04 9.37985052e-04 9.37985052e-04 9.37985052e-04 9.37985052e-04 9.37985052e-04 9.37985052e-04 9.37985052e-04 9.37985052e-04 9.37985052e-04 9.37985052e-04 9.37985052e-04 9.37985052e-04 9.37985052e-04 9.37985052e-04 9.37985052e-04 9.37985052e-04 9.37985052e-04 9.37985052e-04 9.37985052e-04 9.37985052e-04 9.37985052e-04 9.37985052e-04 9.37985052e-04 9.37985052e-04 9.37985052e-04 9.37985052e-04 9.37985052e-04 9.37985052e-04 9.37985052e-04 9.37985052e-04 9.37985052e-04 9.37985052e-04 9.37985052e-04 9.37985052e-04 9.37985052e-04 9.37985052e-04 9.37985052e-04 9.37985052e-04 9.37985052e-04 9.37985052e-04 9.37985052e-04 9.37985052e-04 9.37985052e-04
8.31188837e-04 8.31188837e-04 8.31188837e-04 8.31188837e-04 8.31188837e-04 8.31188837e-04 8.31188837e-04 8.31188837e-04 8.31188837e-04 8.31188837e-04 8.31188837e-04 8.31188837e-04 8.31188837e-04 8.31188837e-04 8.31188837e-04 8.31188837e-04 8.31188837e-04 8.31188837e-04 8.31188837e-04 8.31188837e-04 8.31188837e-04 8.31188837e-04 8.31188837e-04 8.31188837e-04 8.31188837e-04 8.31188837e-04 8.31188837e-04 8.31188837e-04 8.31188837e-04 8.31188837e-04 8.31188837e-04 8.31188837e-04 8.31188837e-04 8.31188837e-04 8.31188837e-04 8.31188837e-04 8.31188837e-04 8.31188837e-04 8.31188837e-04 8.31188837e-04 8.31188837e-04 8.31188837e-04 8.31188837e-04 8.31188837e-04 8.31188837e-04 8.31188837e-04 8.31188837e-04 8.31188837e-04 8.31188837e-04 8.31188837e-04 8.31188837e-04 8.31188837e-04 8.31188837e-04 8.31188837e-04 8.31188837e-04 8.31188837e-04 8.31188837e-04 8.31188837e-04 8.31188837e-04 8.31188837e-04 8.31188837e-04 8.31188837e-04 8.31188837e-04 8.31188837e-04 8.31188837e-04 8.31188837e-04 8.31188837e-04 8.31188837e-04 8.31188837e-04 8.31188837e-04 8.31188837e-04 8.31188837e-04 8.31188837e-04 8.31188837e-04 8.31188837e-04 8.31188837e-04 8.31188837e-04 8.31188837e-04 8.31188837e-04 8.31188837e-04 8.31188837e-04 8.31188837e-04 8.31188837e-04 8.31188837e-04 8.31188837e-04 8.31188837e-04 8.31188837e-04 8.31188837e-04 8.31188837e-04 8.31188837e-04 8.31188837e-04 8.31188837e-04 8.31188837e-04 8.31188837e-04 8.31188837e-04 8.31188837e-04 8.31188837e-04 8.31188837e-04 8.31188837e-04 8.31188837e-04 8.31188837e-04 8.31188837e-04 8.31188837e-04 8.31188837e-04 8.31188837e-04 8.31188837e-04 8.31188837e-04 8.31188837e-04 8.31188837e-04 8.31188837e-04 8.31188837e-04 8.31188837e-04 8.31188837e-04 8.31188837e-04 8.31188837e-04 8.31188837e-04 8.31188837e-04 8.31188837e-04 8.31188837e-04 8.31188837e-04 8.31188837e-04 8.31188837e-04 8.31188837e-04 8.31188837e-04 8.31188837e-04 8.31188837e-04 8.31188837e-04 8.31188837e-04 8.31188837e-04 8.31188837e-04 8.31188837e-04 8.31188837e-04 8.31188837e-04 8.31188837e-04 8.31188837e-04 8.31188837e-04 8.31188837e-04 8.31188837e-04 8.31188837e-04 8.31188837e-04 8.31188837e-04 8.31188837e-04 8.31188837e-04 8.31188837e-04 8.31188837e-04 8.31188837e-04 8.31188837e-04 8.31188837e-04 8.31188837e-04 8.31188837e-04 8.31188837e-04 8.31188837e-04 8.31188837e-04 8.31188837e-04 8.31188837e-04 8.31188837e-04 8.31188837e-04 8.31188837e-04 8.31188837e-04 8.31188837e-04 8.31188837e-04 8.31188837e-04 8.31188837e-04 8.31188837e-04 8.31188837e-04 8.31188837e-04 8.31188837e-04 8.31188837e-04 8.31188837e-04 8.31188837e-04 8.31188837e-04 8.31188837e-04 8.31188837e-04 8.31188837e-04 8.31188837e-04 8.31188837e-04 8.31188837e-04 8.31188837e-04 8.31188837e-04 8.31188837e-04 8.31188837e-04 8.31188837e-04 8.31188837e-04 8.31188837e-04 8.31188837e-04 8.31188837e-04 8.31188837e-04 8.31188837e-04 8.31188837e-04 8.31188837e-04 8.31188837e-04 8.31188837e-04 8.31188837e-04 8.31188837e-04 8.31188837e-04 8.31188837e-04 8.31188837e-04 8.31188837e-04 8.31188837e-04 8.31188837e-04
7.35904762e-04 7.35904762e-04 7.35904762e-04 7.35904762e-04 7.35904762e-04 7.35904762e-04 7.35904762e-04 7.35904762e-04 7.35904762e-04 7.35904762e-04 7.35904762e-04 7.35904762e-04 7.35904762e-04 7.35904762e-04 7.35904762e-04 7.35904762e-04 7.35904762e-04 7.35904762e-04 7.35904762e-04 7.35904762e-04 7.35904762e-04 7.35904762e-04 7.35904762e-04 7.35904762e-04 7.35904762e-04 7.35904762e-04 7.35904762e-04 7.35904762e-04 7.35904762e-04 7.35904762e-04 7.35904762e-04 7.35904762e-04 7.35904762e-04 7.35904762e-04 7.35904762e-04 7.35904762e-04 7.35904762e-04 7.35904762e-04 7.35904762e-04 7.35904762e-04 7.35904762e-04 7.35904762e-04 7.35904762e-04 7.35904762e-04 7.35904762e-04 7.35904762e-04 7.35904762e-04 7.35904762e-04 7.35904762e-04 7.35904762e-04 7.35904762e-04 7.35904762e-04 7.35904762e-04 7.35904762e-04 7.35904762e-04 7.35904762e-04 7.35904762e-04 7.35904762e-04 7.35904762e-04 7.35904762e-04 7.35904762e-04 7.35904762e-04 7.35904762e-04 7.35904762e-04 7.35904762e-04 7.35904762e-04 7.35904762e-04 7.35904762e-04 7.35904762e-04 7.35904762e-04 7.35904762e-04 7.35904762e-04 7.35904762e-04 7.35904762e-04 7.35904762e-04 7.35904762e-04 7.35904762e-04 7.35904762e-04 7.35904762e-04 7.35904762e-04 7.35904762e-04 7.35904762e-04 7.35904762e-04 7.35904762e-04 7.35904762e-04 7.35904762e-04 7.35904762e-04 7.35904762e-04 7.35904762e-04 7.35904762e-04 7.35904762e-04 7.35904762e-04 7.35904762e-04 7.35904762e-04 7.35904762e-04 7.35904762e-04 7.35904762e-04 7.35904762e-04 7.35904762e-04 7.35904762e-04 7.35904762e-04 7.35904762e-04 7.35904762e-04 7.35904762e-04 7.35904762e-04 7.35904762e-04 7.35904762e-04 7.35904762e-04 7.35904762e-04 7.35904762e-04 7.35904762e-04 7.35904762e-04 7.35904762e-04 7.35904762e-04 7.35904762e-04 7.35904762e-04 7.35904762e-04 7.35904762e-04 7.35904762e-04 7.35904762e-04 7.35904762e-04 7.35904762e-04 7.35904762e-04 7.35904762e-04 7.35904762e-04 7.35904762e-04 7.35904762e-04 7.35904762e-04 7.35904762e-04 7.35904762e-04 7.35904762e-04 7.35904762e-04 7.35904762e-04 7.35904762e-04 7.35904762e-04 7.35904762e-04 7.35904762e-04 7.35904762e-04 7.35904762e-04 7.35904762e-04 7.35904762e-04 7.35904762e-04 7.35904762e-04 7.35904762e-04 7.35904762e-04 7.35904762e-04 7.35904762e-04 7.35904762e-04 7.35904762e-04 7.35904762e-04 7.35904762e-04 7.35904762e-04 7.35904762e-04 7.35904762e-04 7.35904762e-04 7.35904762e-04 7.35904762e-04 7.35904762e-04 7.35904762e-04 7.35904762e-04 7.35904762e-04 7.35904762e-04 7.35904762e-04 7.35904762e-04 7.35904762e-04 7.35904762e-04 7.35904762e-04 7.35904762e-04 7.35904762e-04 7.35904762e-04 7.35904762e-04 7.35904762e-04 7.35904762e-04 7.35904762e-04 7.35904762e-04 7.35904762e-04 7.35904762e-04 7.35904762e-04 7.35904762e-04 7.35904762e-04 7.35904762e-04 7.35904762e-04 7.35904762e-04 7.35904762e-04 7.35904762e-04 7.35904762e-04 7.35904762e-04 7.35904762e-04 7.35904762e-04 7.35904762e-04 7.35904762e-04 7.35904762e-04 7.35904762e-04 7.35904762e-04 7.35904762e-04 7.35904762e-04 7.35904762e-04 7.35904762e-04 7.35904762e-04 7.35904762e-04
6.50971387e-04 6.50971387e-04 6.50971387e-04 6.50971387e-04 6.50971387e-04 6.50971387e-04 6.50971387e-04 6.50971387e-04 6.50971387e-04 6.50971387e-04 6.50971387e-04 6.50971387e-04 6.50971387e-04 6.50971387e-04 6.50971387e-04 6.50971387e-04 6.50971387e-04 6.50971387e-04 6.50971387e-04 6.50971387e-04 6.50971387e-04 6.50971387e-04 6.50971387e-04 6.50971387e-04 6.50971387e-04 6.50971387e-04 6.50971387e-04 6.50971387e-04 6.50971387e-04 6.50971387e-04 6.50971387e-04 6.50971387e-04 6.50971387e-04 6.50971387e-04 6.50971387e-04 6.50971387e-04 6.50971387e-04 6.50971387e-04 6.50971387e-04 6.50971387e-04 6.50971387e-04 6.50971387e-04 6.50971387e-04 6.50971387e-04 6.50971387e-04 6.50971387e-04 6.50971387e-04 6.50971387e-04 6.50971387e-04 6.50971387e-04 6.50971387e-04 6.50971387e-04 6.50971387e-04 6.50971387e-04 6.50971387e-04 6.50971387e-04 6.50971387e-04 6.50971387e-04 6.50971387e-04 6.50971387e-04 6.50971387e-04 6.50971387e-04 6.50971387e-04 6.50971387e-04 6.50971387e-04 6.50971387e-04 6.50971387e-04 6.50971387e-04 6.50971387e-04 6.50971387e-04 6.50971387e-04 6.50971387e-04 6.50971387e-04 6.50971387e-04 6.50971387e-04 6.50971387e-04 6.50971387e-04 6.50971387e-04 6.50971387e-04 6.50971387e-04 6.50971387e-04 6.50971387e-04 6.50971387e-04 6.50971387e-04 6.50971387e-04 6.50971387e-04 6.50971387e-04 6.50971387e-04 6.50971387e-04 6.50971387e-04 6.50971387e-04 6.50971387e-04 6.50971387e-04 6.50971387e-04 6.50971387e-04 6.50971387e-04 6.50971387e-04 6.50971387e-04 6.50971387e-04 6.50971387e-04 6.50971387e-04 6.50971387e-04 6.50971387e-04 6.50971387e-04 6.50971387e-04 6.50971387e-04 6.50971387e-04 6.50971387e-04 6.50971387e-04 6.50971387e-04 6.50971387e-04 6.50971387e-04 6.50971387e-04 6.50971387e-04 6.50971387e-04 6.50971387e-04 6.50971387e-04 6.50971387e-04 6.50971387e-04 6.50971387e-04 6.50971387e-04 6.50971387e-04 6.50971387e-04 6.50971387e-04 6.50971387e-04 6.50971387e-04 6.50971387e-04 6.50971387e-04 6.50971387e-04 6.50971387e-04 6.50971387e-04 6.50971387e-04 6.50971387e-04 6.50971387e-04 6.50971387e-04 6.50971387e-04 6.50971387e-04 6.50971387e-04 6.50971387e-04 6.50971387e-04 6.50971387e-04 6.50971387e-04 6.50971387e-04 6.50971387e-04 6.50971387e-04 6.50971387e-04 6.50971387e-04 6.50971387e-04 6.50971387e-04 6.50971387e-04 6.50971387e-04 6.50971387e-04 6.50971387e-04 6.50971387e-04 6.50971387e-04 6.50971387e-04 6.50971387e-04 6.50971387e-04 6.50971387e-04 6.50971387e-04 6.50971387e-04 6.50971387e-04 6.50971387e-04 6.50971387e-04 6.50971387e-04 6.50971387e-04 6.50971387e-04 6.50971387e-04 6.50971387e-04 6.50971387e-04 6.50971387e-04 6.50971387e-04 6.50971387e-04 6.50971387e-04 6.50971387e-04 6.50971387e-04 6.50971387e-04 6.50971387e-04 6.50971387e-04 6.50971387e-04 6.50971387e-04 6.50971387e-04 6.50971387e-04 6.50971387e-04 6.50971387e-04 6.50971387e-04 6.50971387e-04 6.50971387e-04 6.50971387e-04 6.50971387e-04 6.50971387e-04 6.50971387e-04 6.50971387e-04 6.50971387e-04 6.50971387e-04 6.50971387e-04 6.50971387e-04 6.50971387e-04 6.50971387e-04 6.50971387e-04
5.75334971e-04 5.75334971e-04 5.75334971e-04 5.75334971e-04 5.75334971e-04 5.75334971e-04 5.75334971e-04 5.75334971e-04 5.75334971e-04 5.75334971e-04 5.75334971e-04 5.75334971e-04 5.75334971e-04 5.75334971e-04 5.75334971e-04 5.75334971e-04 5.75334971e-04 5.75334971e-04 5.75334971e-04 5.75334971e-04 5.75334971e-04 5.75334971e-04 5.75334971e-04 5.75334971e-04 5.75334971e-04 5.75334971e-04 5.75334971e-04 5.75334971e-04 5.75334971e-04 5.75334971e-04 5.75334971e-04 5.75334971e-04 5.75334971e-04 5.75334971e-04 5.75334971e-04 5.75334971e-04 5.75334971e-04 5.75334971e-04 5.75334971e-04 5.75334971e-04 5.75334971e-04 5.75334971e-04 5.75334971e-04 5.75334971e-04 5.75334971e-04 5.75334971e-04 5.75334971e-04 5.75334971e-04 5.75334971e-04 5.75334971e-04 5.75334971e-04 5.75334971e-04 5.75334971e-04 5.75334971e-04 5.75334971e-04 5.75334971e-04 5.75334971e-04 5.75334971e-04 5.75334971e-04 5.75334971e-04 5.75334971e-04 5.75334971e-04 5.75334971e-04 5.75334971e-04 5.75334971e-04 5.75334971e-04 5.75334971e-04 5.75334971e-04 5.75334971e-04 5.75334971e-04 5.75334971e-04 5.75334971e-04 5.75334971e-04 5.75334971e-04 5.75334971e-04 5.75334971e-04 5.75334971e-04 5.75334971e-04 5.75334971e-04 5.75334971e-04 5.75334971e-04 5.75334971e-04 5.75334971e-04 5.75334971e-04 5.75334971e-04 5.75334971e-04 5.75334971e-04 5.75334971e-04 5.75334971e-04 5.75334971e-04 5.75334971e-04 5.75334971e-04 5.75334971e-04 5.75334971e-04 5.75334971e-04 5.75334971e-04 5.75334971e-04 5.75334971e-04 5.75334971e-04 5.75334971e-04 5.75334971e-04 5.75334971e-04 5.75334971e-04 5.75334971e-04 5.75334971e-04 5.75334971e-04 5.75334971e-04 5.75334971e-04 5.75334971e-04 5.75334971e-04 5.75334971e-04 5.75334971e-04 5.75334971e-04 5.75334971e-04 5.75334971e-04 5.75334971e-04 5.75334971e-04 5.75334971e-04 5.75334971e-04 5.75334971e-04 5.75334971e-04 5.75334971e-04 5.75334971e-04 5.75334971e-04 5.75334971e-04 5.75334971e-04 5.75334971e-04 5.75334971e-04 5.75334971e-04 5.75334971e-04 5.75334971e-04 5.75334971e-04 5.75334971e-04 5.75334971e-04 5.75334971e-04 5.75334971e-04 5.75334971e-04 5.75334971e-04 5.75334971e-04 5.75334971e-04 5.75334971e-04 5.75334971e-04 5.75334971e-04 5.75334971e-04 5.75334971e-04 5.75334971e-04 5.75334971e-04 5.75334971e-04 5.75334971e-04 5.75334971e-04 5.75334971e-04 5.75334971e-04 5.75334971e-04 5.75334971e-04 5.75334971e-04 5.75334971e-04 5.75334971e-04 5.75334971e-04 5.75334971e-04 5.75334971e-04 5.75334971e-04 5.75334971e-04 5.75334971e-04 5.75334971e-04 5.75334971e-04 5.75334971e-04 5.75334971e-04 5.75334971e-04 5.75334971e-04 5.75334971e-04 5.75334971e-04 5.75334971e-04 5.75334971e-04 5.75334971e-04 5.75334971e-04 5.75334971e-04 5.75334971e-04 5.75334971e-04 5.75334971e-04 5.75334971e-04 5.75334971e-04 5.75334971e-04 5.75334971e-04 5.75334971e-04 5.75334971e-04 5.75334971e-04 5.75334971e-04 5.75334971e-04 5.75334971e-04 5.75334971e-04 5.75334971e-04 5.75334971e-04 5.75334971e-04 5.75334971e-04 5.75334971e-04 5.75334971e-04 5.75334971e-04 5.75334971e-04 5.75334971e-04 5.75334971e-04
5.08040593e-04 5.08040593e-04 5.08040593e-04 5.08040593e-04 5.08040593e-04 5.08040593e-04 5.08040593e-04 5.08040593e-04 5.08040593e-04 5.08040593e-04 5.08040593e-04 5.08040593e-04 5.08040593e-04 5.08040593e-04 5.08040593e-04 5.08040593e-04 5.08040593e-04 5.08040593e-04 5.08040593e-04 5.08040593e-04 5.08040593e-04 5.08040593e-04 5.08040593e-04 5.08040593e-04 5.08040593e-04 5.08040593e-04 5.08040593e-04 5.08040593e-04 5.08040593e-04 5.08040593e-04 5.08040593e-04 5.08040593e-04 5.08040593e-04 5.08040593e-04 5.08040593e-04 5.08040593e-04 5.08040593e-04 5.08040593e-04 5.08040593e-04 5.08040593e-04 5.08040593e-04 5.08040593e-04 5.08040593e-04 5.08040593e-04 5.08040593e-04 5.08040593e-04 5.08040593e-04 5.08040593e-04 5.08040593e-04 5.08040593e-04 5.08040593e-04 5.08040593e-04 5.08040593e-04 5.08040593e-04 5.08040593e-04 5.08040593e-04 5.08040593e-04 5.08040593e-04 5.08040593e-04 5.08040593e-04 5.08040593e-04 5.08040593e-04 5.08040593e-04 5.08040593e-04 5.08040593e-04 5.08040593e-04 5.08040593e-04 5.08040593e-04 5.08040593e-04 5.08040593e-04 5.08040593e-04 5.08040593e-04 5.08040593e-04 5.08040593e-04 5.08040593e-04 5.08040593e-04 5.08040593e-04 5.08040593e-04 5.08040593e-04 5.08040593e-04 5.08040593e-04 5.08040593e-04 5.08040593e-04 5.08040593e-04 5.08040593e-04 5.08040593e-04 5.08040593e-04 5.08040593e-04 5.08040593e-04 5.08040593e-04 5.08040593e-04 5.08040593e-04 5.08040593e-04 5.08040593e-04 5.08040593e-04 5.08040593e-04 5.08040593e-04 5.08040593e-04 5.08040593e-04 5.08040593e-04 5.08040593e-04 5.08040593e-04 5.08040593e-04 5.08040593e-04 5.08040593e-04 5.08040593e-04 5.08040593e-04 5.08040593e-04 5.08040593e-04 5.08040593e-04 5.08040593e-04 5.08040593e-04 5.08040593e-04 5.08040593e-04 5.08040593e-04 5.08040593e-04 5.08040593e-04 5.08040593e-04 5.08040593e-04 5.08040593e-04 5.08040593e-04 5.08040593e-04 5.08040593e-04 5.08040593e-04 5.08040593e-04 5.08040593e-04 5.08040593e-04 5.08040593e-04 5.08040593e-04 5.08040593e-04 5.08040593e-04 5.08040593e-04 5.08040593e-04 5.08040593e-04 5.08040593e-04 5.08040593e-04 5.08040593e-04 5.08040593e-04 5.08040593e-04 5.08040593e-04 5.08040593e-04 5.08040593e-04 5.08040593e-04 5.08040593e-04 5.08040593e-04 5.08040593e-04 5.08040593e-04 5.08040593e-04 5.08040593e-04 5.08040593e-04 5.08040593e-04 5.08040593e-04 5.08040593e-04 5.08040593e-04 5.08040593e-04 5.08040593e-04 5.08040593e-04 5.08040593e-04 5.08040593e-04 5.08040593e-04 5.08040593e-04 5.08040593e-04 5.08040593e-04 5.08040593e-04 5.08040593e-04 5.08040593e-04 5.08040593e-04 5.08040593e-04 5.08040593e-04 5.08040593e-04 5.08040593e-04 5.08040593e-04 5.08040593e-04 5.08040593e-04 5.08040593e-04 5.08040593e-04 5.08040593e-04 5.08040593e-04 5.08040593e-04 5.08040593e-04 5.08040593e-04 5.08040593e-04 5.08040593e-04 5.08040593e-04 5.08040593e-04 5.08040593e-04 5.08040593e-04 5.08040593e-04 5.08040593e-04 5.08040593e-04 5.08040593e-04 5.08040593e-04 5.08040593e-04 5.08040593e-04 5.08040593e-04 5.08040593e-04 5.08040593e-04 5.08040593e-04 5.08040593e-04 5.08040593e-04
4.48223865e-04 4.48223865e-04 4.48223865e-04 4.48223865e-04 4.48223865e-04 4.48223865e-04 4.48223865e-04 4.48223865e-04 4.48223865e-04 4.48223865e-04 4.48223865e-04 4.48223865e-04 4.48223865e-04 4.48223865e-04 4.48223865e-04 4.48223865e-04 4.48223865e-04 4.48223865e-04 4.48223865e-04 4.48223865e-04 4.48223865e-04 4.48223865e-04 4.48223865e-04 4.48223865e-04 4.48223865e-04 4.48223865e-04 4.48223865e-04 4.48223865e-04 4.48223865e-04 4.48223865e-04 4.48223865e-04 4.48223865e-04 4.48223865e-04 4.48223865e-04 4.48223865e-04 4.48223865e-04 4.48223865e-04 4.48223865e-04 4.48223865e-04 4.48223865e-04 4.48223865e-04 4.48223865e-04 4.48223865e-04 4.48223865e-04 4.48223865e-04 4.48223865e-04 4.48223865e-04 4.48223865e-04 4.48223865e-04 4.48223865e-04 4.48223865e-04 4.48223865e-04 4.48223865e-04 4.48223865e-04 4.48223865e-04 4.48223865e-04 4.48223865e-04 4.48223865e-04 4.48223865e-04 4.48223865e-04 4.48223865e-04 4.48223865e-04 4.48223865e-04 4.48223865e-04 4.48223865e-04 4.48223865e-04 4.48223865e-04 4.48223865e-04 4.48223865e-04 4.48223865e-04 4.48223865e-04 4.48223865e-04 4.48223865e-04 4.48223865e-04 4.48223865e-04 4.48223865e-04 4.48223865e-04 4.48223865e-04 4.48223865e-04 4.48223865e-04 4.48223865e-04 4.48223865e-04 4.48223865e-04 4.48223865e-04 4.48223865e-04 4.48223865e-04 4.48223865e-04 4.48223865e-04 4.48223865e-04 4.48223865e-04 4.48223865e-04 4.48223865e-04 4.48223865e-04 4.48223865e-04 4.48223865e-04 4.48223865e-04 4.48223865e-04 4.48223865e-04 4.48223865e-04 4.48223865e-04 4.48223865e-04 4.48223865e-04 4.48223865e-04 4.48223865e-04 4.48223865e-04 4.48223865e-04 4.48223865e-04 4.48223865e-04 4.48223865e-04 4.48223865e-04 4.48223865e-04 4.48223865e-04 4.48223865e-04 4.48223865e-04 4.48223865e-04 4.48223865e-04 4.48223865e-04 4.48223865e-04 4.48223865e-04 4.48223865e-04 4.48223865e-04 4.48223865e-04 4.48223865e-04 4.48223865e-04 4.48223865e-04 4.48223865e-04 4.48223865e-04 4.48223865e-04 4.48223865e-04 4.48223865e-04 4.48223865e-04 4.48223865e-04 4.48223865e-04 4.48223865e-04 4.48223865e-04 4.48223865e-04 4.48223865e-04 4.48223865e-04 4.48223865e-04 4.48223865e-04 4.48223865e-04 4.48223865e-04 4.48223865e-04 4.48223865e-04 4.48223865e-04 4.48223865e-04 4.48223865e-04 4.48223865e-04 4.48223865e-04 4.48223865e-04 4.48223865e-04 4.48223865e-04 4.48223865e-04 4.48223865e-04 4.48223865e-04 4.48223865e-04 4.48223865e-04 4.48223865e-04 4.48223865e-04 4.48223865e-04 4.48223865e-04 4.48223865e-04 4.48223865e-04 4.48223865e-04 4.48223865e-04 4.48223865e-04 4.48223865e-04 4.48223865e-04 4.48223865e-04 4.48223865e-04 4.48223865e-04 4.48223865e-04 4.48223865e-04 4.48223865e-04 4.48223865e-04 4.48223865e-04 4.48223865e-04 4.48223865e-04 4.48223865e-04 4.48223865e-04 4.48223865e-04 4.48223865e-04 4.48223865e-04 4.48223865e-04 4.48223865e-04 4.48223865e-04 4.48223865e-04 4.48223865e-04 4.48223865e-04 4.48223865e-04 4.48223865e-04 4.48223865e-04 4.48223865e-04 4.48223865e-04 4.48223865e-04 4.48223865e-04 4.48223865e-04 4.48223865e-04 4.48223865e-04 4.48223865e-04
3.95103237e-04 3.95103237e-04 3.95103237e-04 3.95103237e-04 3.95103237e-04 3.95103237e-04 3.95103237e-04 3.95103237e-04 3.95103237e-04 3.95103237e-04 3.95103237e-04 3.95103237e-04 3.95103237e-04 3.95103237e-04 3.95103237e-04 3.95103237e-04 3.95103237e-04 3.95103237e-04 3.95103237e-04 3.95103237e-04 3.95103237e-04 3.95103237e-04 3.95103237e-04 3.95103237e-04 3.95103237e-04 3.95103237e-04 3.95103237e-04 3.95103237e-04 3.95103237e-04 3.95103237e-04 3.95103237e-04 3.95103237e-04 3.95103237e-04 3.95103237e-04 3.95103237e-04 3.95103237e-04 3.95103237e-04 3.95103237e-04 3.95103237e-04 3.95103237e-04 3.95103237e-04 3.95103237e-04 3.95103237e-04 3.95103237e-04 3.95103237e-04 3.95103237e-04 3.95103237e-04 3.95103237e-04 3.95103237e-04 3.95103237e-04 3.95103237e-04 3.95103237e-04 3.95103237e-04 3.95103237e-04 3.95103237e-04 3.95103237e-04 3.95103237e-04 3.95103237e-04 3.95103237e-04 3.95103237e-04 3.95103237e-04 3.95103237e-04 3.95103237e-04 3.95103237e-04 3.95103237e-04 3.95103237e-04 3.95103237e-04 3.95103237e-04 3.95103237e-04 3.95103237e-04 3.95103237e-04 3.95103237e-04 3.95103237e-04 3.95103237e-04 3.95103237e-04 3.95103237e-04 3.95103237e-04 3.95103237e-04 3.95103237e-04 3.95103237e-04 3.95103237e-04 3.95103237e-04 3.95103237e-04 3.95103237e-04 3.95103237e-04 3.95103237e-04 3.95103237e-04 3.95103237e-04 3.95103237e-04 3.95103237e-04 3.95103237e-04 3.95103237e-04 3.95103237e-04 3.95103237e-04 3.95103237e-04 3.95103237e-04 3.95103237e-04 3.95103237e-04 3.95103237e-04 3.95103237e-04 3.95103237e-04 3.95103237e-04 3.95103237e-04 3.95103237e-04 3.95103237e-04 3.95103237e-04 3.95103237e-04 3.95103237e-04 3.95103237e-04 3.95103237e-04 3.95103237e-04 3.95103237e-04 3.95103237e-04 3.95103237e-04 3.95103237e-04 3.95103237e-04 3.95103237e-04 3.95103237e-04 3.95103237e-04 3.95103237e-04 3.95103237e-04 3.95103237e-04 3.95103237e-04 3.95103237e-04 3.95103237e-04 3.95103237e-04 3.95103237e-04 3.95103237e-04 3.95103237e-04 3.95103237e-04 3.95103237e-04 3.95103237e-04 3.95103237e-04 3.95103237e-04 3.95103237e-04 3.95103237e-04 3.95103237e-04 3.95103237e-04 3.95103237e-04 3.95103237e-04 3.95103237e-04 3.95103237e-04 3.95103237e-04 3.95103237e-04 3.95103237e-04 3.95103237e-04 3.95103237e-04 3.95103237e-04 3.95103237e-04 3.95103237e-04 3.95103237e-04 3.95103237e-04 3.95103237e-04 3.95103237e-04 3.95103237e-04 3.95103237e-04 3.95103237e-04 3.95103237e-04 3.95103237e-04 3.95103237e-04 3.95103237e-04 3.95103237e-04 3.95103237e-04 3.95103237e-04 3.95103237e-04 3.95103237e-04 3.95103237e-04 3.95103237e-04 3.95103237e-04 3.95103237e-04 3.95103237e-04 3.95103237e-04 3.95103237e-04 3.95103237e-04 3.95103237e-04 3.95103237e-04 3.95103237e-04 3.95103237e-04 3.95103237e-04 3.95103237e-04 3.95103237e-04 3.95103237e-04 3.95103237e-04 3.95103237e-04 3.95103237e-04 3.95103237e-04 3.95103237e-04 3.95103237e-04 3.95103237e-04 3.95103237e-04 3.95103237e-04 3.95103237e-04 3.95103237e-04 3.95103237e-04 3.95103237e-04 3.95103237e-04 3.95103237e-04 3.95103237e-04 3.95103237e-04 3.95103237e-04
3.47972843e-04 3.47972843e-04 3.47972843e-04 3.47972843e-04 3.47972843e-04 3.47972843e-04 3.47972843e-04 3.47972843e-04 3.47972843e-04 3.47972843e-04 3.47972843e-04 3.47972843e-04 3.47972843e-04 3.47972843e-04 3.47972843e-04 3.47972843e-04 3.47972843e-04 3.47972843e-04 3.47972843e-04 3.47972843e-04 3.47972843e-04 3.47972843e-04 3.47972843e-04 3.47972843e-04 3.47972843e-04 3.47972843e-04 3.47972843e-04 3.47972843e-04 3.47972843e-04 3.47972843e-04 3.47972843e-04 3.47972843e-04 3.47972843e-04 3.47972843e-04 3.47972843e-04 3.47972843e-04 3.47972843e-04 3.47972843e-04 3.47972843e-04 3.47972843e-04 3.47972843e-04 3.47972843e-04 3.47972843e-04 3.47972843e-04 3.47972843e-04 3.47972843e-04 3.47972843e-04 3.47972843e-04 3.47972843e-04 3.47972843e-04 3.47972843e-04 3.47972843e-04 3.47972843e-04 3.47972843e-04 3.47972843e-04 3.47972843e-04 3.47972843e-04 3.47972843e-04 3.47972843e-04 3.47972843e-04 3.47972843e-04 3.47972843e-04 3.47972843e-04 3.47972843e-04 3.47972843e-04 3.47972843e-04 3.47972843e-04 3.47972843e-04 3.47972843e-04 3.47972843e-04 3.47972843e-04 3.47972843e-04 3.47972843e-04 3.47972843e-04 3.47972843e-04 3.47972843e-04 3.47972843e-04 3.47972843e-04 3.47972843e-04 3.47972843e-04 3.47972843e-04 3.47972843e-04 3.47972843e-04 3.47972843e-04 3.47972843e-04 3.47972843e-04 3.47972843e-04 3.47972843e-04 3.47972843e-04 3.47972843e-04 3.47972843e-04 3.47972843e-04 3.47972843e-04 3.47972843e-04 3.47972843e-04 3.47972843e-04 3.47972843e-04 3.47972843e-04 3.47972843e-04 3.47972843e-04 3.47972843e-04 3.47972843e-04 3.47972843e-04 3.47972843e-04 3.47972843e-04 3.47972843e-04 3.47972843e-04 3.47972843e-04 3.47972843e-04 3.47972843e-04 3.47972843e-04 3.47972843e-04 3.47972843e-04 3.47972843e-04 3.47972843e-04 3.47972843e-04 3.47972843e-04 3.47972843e-04 3.47972843e-04 3.47972843e-04 3.47972843e-04 3.47972843e-04 3.47972843e-04 3.47972843e-04 3.47972843e-04 3.47972843e-04 3.47972843e-04 3.47972843e-04 3.47972843e-04 3.47972843e-04 3.47972843e-04 3.47972843e-04 3.47972843e-04 3.47972843e-04 3.47972843e-04 3.47972843e-04 3.47972843e-04 3.47972843e-04 3.47972843e-04 3.47972843e-04 3.47972843e-04 3.47972843e-04 3.47972843e-04 3.47972843e-04 3.47972843e-04 3.47972843e-04 3.47972843e-04 3.47972843e-04 3.47972843e-04 3.47972843e-04 3.47972843e-04 3.47972843e-04 3.47972843e-04 3.47972843e-04 3.47972843e-04 3.47972843e-04 3.47972843e-04 3.47972843e-04 3.47972843e-04 3.47972843e-04 3.47972843e-04 3.47972843e-04 3.47972843e-04 3.47972843e-04 3.47972843e-04 3.47972843e-04 3.47972843e-04 3.47972843e-04 3.47972843e-04 3.47972843e-04 3.47972843e-04 3.47972843e-04 3.47972843e-04 3.47972843e-04 3.47972843e-04 3.47972843e-04 3.47972843e-04 3.47972843e-04 3.47972843e-04 3.47972843e-04 3.47972843e-04 3.47972843e-04 3.47972843e-04 3.47972843e-04 3.47972843e-04 3.47972843e-04 3.47972843e-04 3.47972843e-04 3.47972843e-04 3.47972843e-04 3.47972843e-04 3.47972843e-04 3.47972843e-04 3.47972843e-04 3.47972843e-04 3.47972843e-04 3.47972843e-04 3.47972843e-04 3.47972843e-04 3.47972843e-04
3.06195888e-04 3.06195888e-04 3.06195888e-04 3.06195888e-04 3.06195888e-04 3.06195888e-04 3.06195888e-04 3.06195888e-04 3.06195888e-04 3.06195888e-04 3.06195888e-04 3.06195888e-04 3.06195888e-04 3.06195888e-04 3.06195888e-04 3.06195888e-04 3.06195888e-04 3.06195888e-04 3.06195888e-04 3.06195888e-04 3.06195888e-04 3.06195888e-04 3.06195888e-04 3.06195888e-04 3.06195888e-04 3.06195888e-04 3.06195888e-04 3.06195888e-04 3.06195888e-04 3.06195888e-04 3.06195888e-04 3.06195888e-04 3.06195888e-04 3.06195888e-04 3.06195888e-04 3.06195888e-04 3.06195888e-04 3.06195888e-04 3.06195888e-04 3.06195888e-04 3.06195888e-04 3.06195888e-04 3.06195888e-04 3.06195888e-04 3.06195888e-04 3.06195888e-04 3.06195888e-04 3.06195888e-04 3.06195888e-04 3.06195888e-04 3.06195888e-04 3.06195888e-04 3.06195888e-04 3.06195888e-04 3.06195888e-04 3.06195888e-04 3.06195888e-04 3.06195888e-04 3.06195888e-04 3.06195888e-04 3.06195888e-04 3.06195888e-04 3.06195888e-04 3.06195888e-04 3.06195888e-04 3.06195888e-04 3.06195888e-04 3.06195888e-04 3.06195888e-04 3.06195888e-04 3.06195888e-04 3.06195888e-04 3.06195888e-04 3.06195888e-04 3.06195888e-04 3.06195888e-04 3.06195888e-04 3.06195888e-04 3.06195888e-04 3.06195888e-04 3.06195888e-04 3.06195888e-04 3.06195888e-04 3.06195888e-04 3.06195888e-04 3.06195888e-04 3.06195888e-04 3.06195888e-04 3.06195888e-04 3.06195888e-04 3.06195888e-04 3.06195888e-04 3.06195888e-04 3.06195888e-04 3.06195888e-04 3.06195888e-04 3.06195888e-04 3.06195888e-04 3.06195888e-04 3.06195888e-04 3.06195888e-04 3.06195888e-04 3.06195888e-04 3.06195888e-04 3.06195888e-04 3.06195888e-04 3.06195888e-04 3.06195888e-04 3.06195888e-04 3.06195888e-04 3.06195888e-04 3.06195888e-04 3.06195888e-04 3.06195888e-04 3.06195888e-04 3.06195888e-04 3.06195888e-04 3.06195888e-04 3.06195888e-04 3.06195888e-04 3.06195888e-04 3.06195888e-04 3.06195888e-04 3.06195888e-04 3.06195888e-04 3.06195888e-04 3.06195888e-04 3.06195888e-04 3.06195888e-04 3.06195888e-04 3.06195888e-04 3.06195888e-04 3.06195888e-04 3.06195888e-04 3.06195888e-04 3.06195888e-04 3.06195888e-04 3.06195888e-04 3.06195888e-04 3.06195888e-04 3.06195888e-04 3.06195888e-04 3.06195888e-04 3.06195888e-04 3.06195888e-04 3.06195888e-04 3.06195888e-04 3.06195888e-04 3.06195888e-04 3.06195888e-04 3.06195888e-04 3.06195888e-04 3.06195888e-04 3.06195888e-04 3.06195888e-04 3.06195888e-04 3.06195888e-04 3.06195888e-04 3.06195888e-04 3.06195888e-04 3.06195888e-04 3.06195888e-04 3.06195888e-04 3.06195888e-04 3.06195888e-04 3.06195888e-04 3.06195888e-04 3.06195888e-04 3.06195888e-04 3.06195888e-04 3.06195888e-04 3.06195888e-04 3.06195888e-04 3.06195888e-04 3.06195888e-04 3.06195888e-04 3.06195888e-04 3.06195888e-04 3.06195888e-04 3.06195888e-04 3.06195888e-04 3.06195888e-04 3.06195888e-04 3.06195888e-04 3.06195888e-04 3.06195888e-04 3.06195888e-04 3.06195888e-04 3.06195888e-04 3.06195888e-04 3.06195888e-04 3.06195888e-04 3.06195888e-04 3.06195888e-04 3.06195888e-04 3.06195888e-04 3.06195888e-04 3.06195888e-04 3.06195888e-04 3.06195888e-04
2.69198516e-04 2.69198516e-04 2.69198516e-04 2.69198516e-04 2.69198516e-04 2.69198516e-04 2.69198516e-04 2.69198516e-04 2.69198516e-04 2.69198516e-04 2.69198516e-04 2.69198516e-04 2.69198516e-04 2.69198516e-04 2.69198516e-04 2.69198516e-04 2.69198516e-04 2.69198516e-04 2.69198516e-04 2.69198516e-04 2.69198516e-04 2.69198516e-04 2.69198516e-04 2.69198516e-04 2.69198516e-04 2.69198516e-04 2.69198516e-04 2.69198516e-04 2.69198516e-04 2.69198516e-04 2.69198516e-04 2.69198516e-04 2.69198516e-04 2.69198516e-04 2.69198516e-04 2.69198516e-04 2.69198516e-04 2.69198516e-04 2.69198516e-04 2.69198516e-04 2.69198516e-04 2.69198516e-04 2.69198516e-04 2.69198516e-04 2.69198516e-04 2.69198516e-04 2.69198516e-04 2.69198516e-04 2.69198516e-04 2.69198516e-04 2.69198516e-04 2.69198516e-04 2.69198516e-04 2.69198516e-04 2.69198516e-04 2.69198516e-04 2.69198516e-04 2.69198516e-04 2.69198516e-04 2.69198516e-04 2.69198516e-04 2.69198516e-04 2.69198516e-04 2.69198516e-04 2.69198516e-04 2.69198516e-04 2.69198516e-04 2.69198516e-04 2.69198516e-04 2.69198516e-04 2.69198516e-04 2.69198516e-04 2.69198516e-04 2.69198516e-04 2.69198516e-04 2.69198516e-04 2.69198516e-04 2.69198516e-04 2.69198516e-04 2.69198516e-04 2.69198516e-04 2.69198516e-04 2.69198516e-04 2.69198516e-04 2.69198516e-04 2.69198516e-04 2.69198516e-04 2.69198516e-04 2.69198516e-04 2.69198516e-04 2.69198516e-04 2.69198516e-04 2.69198516e-04 2.69198516e-04 2.69198516e-04 2.69198516e-04 2.69198516e-04 2.69198516e-04 2.69198516e-04 2.69198516e-04 2.69198516e-04 2.69198516e-04 2.69198516e-04 2.69198516e-04 2.69198516e-04 2.69198516e-04 2.69198516e-04 2.69198516e-04 2.69198516e-04 2.69198516e-04 2.69198516e-04 2.69198516e-04 2.69198516e-04 2.69198516e-04 2.69198516e-04 2.69198516e-04 2.69198516e-04 2.69198516e-04 2.69198516e-04 2.69198516e-04 2.69198516e-04 2.69198516e-04 2.69198516e-04 2.69198516e-04 2.69198516e-04 2.69198516e-04 2.69198516e-04 2.69198516e-04 2.69198516e-04 2.69198516e-04 2.69198516e-04 2.69198516e-04 2.69198516e-04 2.69198516e-04 2.69198516e-04 2.69198516e-04 2.69198516e-04 2.69198516e-04 2.69198516e-04 2.69198516e-04 2.69198516e-04 2.69198516e-04 2.69198516e-04 2.69198516e-04 2.69198516e-04 2.69198516e-04 2.69198516e-04 2.69198516e-04 2.69198516e-04 2.69198516e-04 2.69198516e-04 2.69198516e-04 2.69198516e-04 2.69198516e-04 2.69198516e-04 2.69198516e-04 2.69198516e-04 2.69198516e-04 2.69198516e-04 2.69198516e-04 2.69198516e-04 2.69198516e-04 2.69198516e-04 2.69198516e-04 2.69198516e-04 2.69198516e-04 2.69198516e-04 2.69198516e-04 2.69198516e-04 2.69198516e-04 2.69198516e-04 2.69198516e-04 2.69198516e-04 2.69198516e-04 2.69198516e-04 2.69198516e-04 2.69198516e-04 2.69198516e-04 2.69198516e-04 2.69198516e-04 2.69198516e-04 2.69198516e-04 2.69198516e-04 2.69198516e-04 2.69198516e-04 2.69198516e-04 2.69198516e-04 2.69198516e-04 2.69198516e-04 2.69198516e-04 2.69198516e-04 2.69198516e-04 2.69198516e-04 2.69198516e-04 2.69198516e-04 2.69198516e-04 2.69198516e-04 2.69198516e-04 2.69198516e-04 2.69198516e-04
2.36464158e-04 2.36464158e-04 2.36464158e-04 2.36464158e-04 2.36464158e-04 2.36464158e-04 2.36464158e-04 2.36464158e-04 2.36464158e-04 2.36464158e-04 2.36464158e-04 2.36464158e-04 2.36464158e-04 2.36464158e-04 2.36464158e-04 2.36464158e-04 2.36464158e-04 2.36464158e-04 2.36464158e-04 2.36464158e-04 2.36464158e-04 2.36464158e-04 2.36464158e-04 2.36464158e-04 2.36464158e-04 2.36464158e-04 2.36464158e-04 2.36464158e-04 2.36464158e-04 2.36464158e-04 2.36464158e-04 2.36464158e-04 2.36464158e-04 2.36464158e-04 2.36464158e-04 2.36464158e-04 2.36464158e-04 2.36464158e-04 2.36464158e-04 2.36464158e-04 2.36464158e-04 2.36464158e-04 2.36464158e-04 2.36464158e-04 2.36464158e-04 2.36464158e-04 2.36464158e-04 2.36464158e-04 2.36464158e-04 2.36464158e-04 2.36464158e-04 2.36464158e-04 2.36464158e-04 2.36464158e-04 2.36464158e-04 2.36464158e-04 2.36464158e-04 2.36464158e-04 2.36464158e-04 2.36464158e-04 2.36464158e-04 2.36464158e-04 2.36464158e-04 2.36464158e-04 2.36464158e-04 2.36464158e-04 2.36464158e-04 2.36464158e-04 2.36464158e-04 2.36464158e-04 2.36464158e-04 2.36464158e-04 2.36464158e-04 2.36464158e-04 2.36464158e-04 2.36464158e-04 2.36464158e-04 2.36464158e-04 2.36464158e-04 2.36464158e-04 2.36464158e-04 2.36464158e-04 2.36464158e-04 2.36464158e-04 2.36464158e-04 2.36464158e-04 2.36464158e-04 2.36464158e-04 2.36464158e-04 2.36464158e-04 2.36464158e-04 2.36464158e-04 2.36464158e-04 2.36464158e-04 2.36464158e-04 2.36464158e-04 2.36464158e-04 2.36464158e-04 2.36464158e-04 2.36464158e-04 2.36464158e-04 2.36464158e-04 2.36464158e-04 2.36464158e-04 2.36464158e-04 2.36464158e-04 2.36464158e-04 2.36464158e-04 2.36464158e-04 2.36464158e-04 2.36464158e-04 2.36464158e-04 2.36464158e-04 2.36464158e-04 2.36464158e-04 2.36464158e-04 2.36464158e-04 2.36464158e-04 2.36464158e-04 2.36464158e-04 2.36464158e-04 2.36464158e-04 2.36464158e-04 2.36464158e-04 2.36464158e-04 2.36464158e-04 2.36464158e-04 2.36464158e-04 2.36464158e-04 2.36464158e-04 2.36464158e-04 2.36464158e-04 2.36464158e-04 2.36464158e-04 2.36464158e-04 2.36464158e-04 2.36464158e-04 2.36464158e-04 2.36464158e-04 2.36464158e-04 2.36464158e-04 2.36464158e-04 2.36464158e-04 2.36464158e-04 2.36464158e-04 2.36464158e-04 2.36464158e-04 2.36464158e-04 2.36464158e-04 2.36464158e-04 2.36464158e-04 2.36464158e-04 2.36464158e-04 2.36464158e-04 2.36464158e-04 2.36464158e-04 2.36464158e-04 2.36464158e-04 2.36464158e-04 2.36464158e-04 2.36464158e-04 2.36464158e-04 2.36464158e-04 2.36464158e-04 2.36464158e-04 2.36464158e-04 2.36464158e-04 2.36464158e-04 2.36464158e-04 2.36464158e-04 2.36464158e-04 2.36464158e-04 2.36464158e-04 2.36464158e-04 2.36464158e-04 2.36464158e-04 2.36464158e-04 2.36464158e-04 2.36464158e-04 2.36464158e-04 2.36464158e-04 2.36464158e-04 2.36464158e-04 2.36464158e-04 2.36464158e-04 2.36464158e-04 2.36464158e-04 2.36464158e-04 2.36464158e-04 2.36464158e-04 2.36464158e-04 2.36464158e-04 2.36464158e-04 2.36464158e-04 2.36464158e-04 2.36464158e-04 2.36464158e-04 2.36464158e-04 2.36464158e-04 2.36464158e-04
2.07528320e-04 2.07528320e-04 2.07528320e-04 2.07528320e-04 2.07528320e-04 2.07528320e-04 2.07528320e-04 2.07528320e-04 2.07528320e-04 2.07528320e-04 2.07528320e-04 2.07528320e-04 2.07528320e-04 2.07528320e-04 2.07528320e-04 2.07528320e-04 2.07528320e-04 2.07528320e-04 2.07528320e-04 2.07528320e-04 2.07528320e-04 2.07528320e-04 2.07528320e-04 2.07528320e-04 2.07528320e-04 2.07528320e-04 2.07528320e-04 2.07528320e-04 2.07528320e-04 2.07528320e-04 2.07528320e-04 2.07528320e-04 2.07528320e-04 2.07528320e-04 2.07528320e-04 2.07528320e-04 2.07528320e-04 2.07528320e-04 2.07528320e-04 2.07528320e-04 2.07528320e-04 2.07528320e-04 2.07528320e-04 2.07528320e-04 2.07528320e-04 2.07528320e-04 2.07528320e-04 2.07528320e-04 2.07528320e-04 2.07528320e-04 2.07528320e-04 2.07528320e-04 2.07528320e-04 2.07528320e-04 2.07528320e-04 2.07528320e-04 2.07528320e-04 2.07528320e-04 2.07528320e-04 2.07528320e-04 2.07528320e-04 2.07528320e-04 2.07528320e-04 2.07528320e-04 2.07528320e-04 2.07528320e-04 2.07528320e-04 2.07528320e-04 2.07528320e-04 2.07528320e-04 2.07528320e-04 2.07528320e-04 2.07528320e-04 2.07528320e-04 2.07528320e-04 2.07528320e-04 2.07528320e-04 2.07528320e-04 2.07528320e-04 2.07528320e-04 2.07528320e-04 2.07528320e-04 2.07528320e-04 2.07528320e-04 2.07528320e-04 2.07528320e-04 2.07528320e-04 2.07528320e-04 2.07528320e-04 2.07528320e-04 2.07528320e-04 2.07528320e-04 2.07528320e-04 2.07528320e-04 2.07528320e-04 2.07528320e-04 2.07528320e-04 2.07528320e-04 2.07528320e-04 2.07528320e-04 2.07528320e-04 2.07528320e-04 2.07528320e-04 2.07528320e-04 2.07528320e-04 2.07528320e-04 2.07528320e-04 2.07528320e-04 2.07528320e-04 2.07528320e-04 2.07528320e-04 2.07528320e-04 2.07528320e-04 2.07528320e-04 2.07528320e-04 2.07528320e-04 2.07528320e-04 2.07528320e-04 2.07528320e-04 2.07528320e-04 2.07528320e-04 2.07528320e-04 2.07528320e-04 2.07528320e-04 2.07528320e-04 2.07528320e-04 2.07528320e-04 2.07528320e-04 2.07528320e-04 2.07528320e-04 2.07528320e-04 2.07528320e-04 2.07528320e-04 2.07528320e-04 2.07528320e-04 2.07528320e-04 2.07528320e-04 2.07528320e-04 2.07528320e-04 2.07528320e-04 2.07528320e-04 2.07528320e-04 2.07528320e-04 2.07528320e-04 2.07528320e-04 2.07528320e-04 2.07528320e-04 2.07528320e-04 2.07528320e-04 2.07528320e-04 2.07528320e-04 2.07528320e-04 2.07528320e-04 2.07528320e-04 2.07528320e-04 2.07528320e-04 2.07528320e-04 2.07528320e-04 2.07528320e-04 2.07528320e-04 2.07528320e-04 2.07528320e-04 2.07528320e-04 2.07528320e-04 2.07528320e-04 2.07528320e-04 2.07528320e-04 2.07528320e-04 2.07528320e-04 2.07528320e-04 2.07528320e-04 2.07528320e-04 2.07528320e-04 2.07528320e-04 2.07528320e-04 2.07528320e-04 2.07528320e-04 2.07528320e-04 2.07528320e-04 2.07528320e-04 2.07528320e-04 2.07528320e-04 2.07528320e-04 2.07528320e-04 2.07528320e-04 2.07528320e-04 2.07528320e-04 2.07528320e-04 2.07528320e-04 2.07528320e-04 2.07528320e-04 2.07528320e-04 2.07528320e-04 2.07528320e-04 2.07528320e-04 2.07528320e-04 2.07528320e-04 2.07528320e-04 2.07528320e-04 2.07528320e-04
1.81973786e-04 1.81973786e-04 1.81973786e-04 1.81973786e-04 1.81973786e-04 1.81973786e-04 1.81973786e-04 1.81973786e-04 1.81973786e-04 1.81973786e-04 1.81973786e-04 1.81973786e-04 1.81973786e-04 1.81973786e-04 1.81973786e-04 1.81973786e-04 1.81973786e-04 1.81973786e-04 1.81973786e-04 1.81973786e-04 1.81973786e-04 1.81973786e-04 1.81973786e-04 1.81973786e-04 1.81973786e-04 1.81973786e-04 1.81973786e-04 1.81973786e-04 1.81973786e-04 1.81973786e-04 1.81973786e-04 1.81973786e-04 1.81973786e-04 1.81973786e-04 1.81973786e-04 1.81973786e-04 1.81973786e-04 1.81973786e-04 1.81973786e-04 1.81973786e-04 1.81973786e-04 1.81973786e-04 1.81973786e-04 1.81973786e-04 1.81973786e-04 1.81973786e-04 1.81973786e-04 1.81973786e-04 1.81973786e-04 1.81973786e-04 1.81973786e-04 1.81973786e-04 1.81973786e-04 1.81973786e-04 1.81973786e-04 1.81973786e-04 1.81973786e-04 1.81973786e-04 1.81973786e-04 1.81973786e-04 1.81973786e-04 1.81973786e-04 1.81973786e-04 1.81973786e-04 1.81973786e-04 1.81973786e-04 1.81973786e-04 1.81973786e-04 1.81973786e-04 1.81973786e-04 1.81973786e-04 1.81973786e-04 1.81973786e-04 1.81973786e-04 1.81973786e-04 1.81973786e-04 1.81973786e-04 1.81973786e-04 1.81973786e-04 1.81973786e-04 1.81973786e-04 1.81973786e-04 1.81973786e-04 1.81973786e-04 1.81973786e-04 1.81973786e-04 1.81973786e-04 1.81973786e-04 1.81973786e-04 1.81973786e-04 1.81973786e-04 1.81973786e-04 1.81973786e-04 1.81973786e-04 1.81973786e-04 1.81973786e-04 1.81973786e-04 1.81973786e-04 1.81973786e-04 1.81973786e-04 1.81973786e-04 1.81973786e-04 1.81973786e-04 1.81973786e-04 1.81973786e-04 1.81973786e-04 1.81973786e-04 1.81973786e-04 1.81973786e-04 1.81973786e-04 1.81973786e-04 1.81973786e-04 1.81973786e-04 1.81973786e-04 1.81973786e-04 1.81973786e-04 1.81973786e-04 1.81973786e-04 1.81973786e-04 1.81973786e-04 1.81973786e-04 1.81973786e-04 1.81973786e-04 1.81973786e-04 1.81973786e-04 1.81973786e-04 1.81973786e-04 1.81973786e-04 1.81973786e-04 1.81973786e-04 1.81973786e-04 1.81973786e-04 1.81973786e-04 1.81973786e-04 1.81973786e-04 1.81973786e-04 1.81973786e-04 1.81973786e-04 1.81973786e-04 1.81973786e-04 1.81973786e-04 1.81973786e-04 1.81973786e-04 1.81973786e-04 1.81973786e-04 1.81973786e-04 1.81973786e-04 1.81973786e-04 1.81973786e-04 1.81973786e-04 1.81973786e-04 1.81973786e-04 1.81973786e-04 1.81973786e-04 1.81973786e-04 1.81973786e-04 1.81973786e-04 1.81973786e-04 1.81973786e-04 1.81973786e-04 1.81973786e-04 1.81973786e-04 1.81973786e-04 1.81973786e-04 1.81973786e-04 1.81973786e-04 1.81973786e-04 1.81973786e-04 1.81973786e-04 1.81973786e-04 1.81973786e-04 1.81973786e-04 1.81973786e-04 1.81973786e-04 1.81973786e-04 1.81973786e-04 1.81973786e-04 1.81973786e-04 1.81973786e-04 1.81973786e-04 1.81973786e-04 1.81973786e-04 1.81973786e-04 1.81973786e-04 1.81973786e-04 1.81973786e-04 1.81973786e-04 1.81973786e-04 1.81973786e-04 1.81973786e-04 1.81973786e-04 1.81973786e-04 1.81973786e-04 1.81973786e-04 1.81973786e-04 1.81973786e-04 1.81973786e-04 1.81973786e-04 1.81973786e-04 1.81973786e-04
1.59426206e-04 1.59426206e-04 1.59426206e-04 1.59426206e-04 1.59426206e-04 1.59426206e-04 1.59426206e-04 1.59426206e-04 1.59426206e-04 1.59426206e-04 1.59426206e-04 1.59426206e-04 1.59426206e-04 1.59426206e-04 1.59426206e-04 1.59426206e-04 1.59426206e-04 1.59426206e-04 1.59426206e-04 1.59426206e-04 1.59426206e-04 1.59426206e-04 1.59426206e-04 1.59426206e-04 1.59426206e-04 1.59426206e-04 1.59426206e-04 1.59426206e-04 1.59426206e-04 1.59426206e-04 1.59426206e-04 1.59426206e-04 1.59426206e-04 1.59426206e-04 1.59426206e-04 1.59426206e-04 1.59426206e-04 1.59426206e-04 1.59426206e-04 1.59426206e-04 1.59426206e-04 1.59426206e-04 1.59426206e-04 1.59426206e-04 1.59426206e-04 1.59426206e-04 1.59426206e-04 1.59426206e-04 1.59426206e-04 1.59426206e-04 1.59426206e-04 1.59426206e-04 1.59426206e-04 1.59426206e-04 1.59426206e-04 1.59426206e-04 1.59426206e-04 1.59426206e-04 1.59426206e-04 1.59426206e-04 1.59426206e-04 1.59426206e-04 1.59426206e-04 1.59426206e-04 1.59426206e-04 1.59426206e-04 1.59426206e-04 1.59426206e-04 1.59426206e-04 1.59426206e-04 1.59426206e-04 1.59426206e-04 1.59426206e-04 1.59426206e-04 1.59426206e-04 1.59426206e-04 1.59426206e-04 1.59426206e-04 1.59426206e-04 1.59426206e-04 1.59426206e-04 1.59426206e-04 1.59426206e-04 1.59426206e-04 1.59426206e-04 1.59426206e-04 1.59426206e-04 1.59426206e-04 1.59426206e-04 1.59426206e-04 1.59426206e-04 1.59426206e-04 1.59426206e-04 1.59426206e-04 1.59426206e-04 1.59426206e-04 1.59426206e-04 1.59426206e-04 1.59426206e-04 1.59426206e-04 1.59426206e-04 1.59426206e-04 1.59426206e-04 1.59426206e-04 1.59426206e-04 1.59426206e-04 1.59426206e-04 1.59426206e-04 1.59426206e-04 1.59426206e-04 1.59426206e-04 1.59426206e-04 1.59426206e-04 1.59426206e-04 1.59426206e-04 1.59426206e-04 1.59426206e-04 1.59426206e-04 1.59426206e-04 1.59426206e-04 1.59426206e-04 1.59426206e-04 1.59426206e-04 1.59426206e-04 1.59426206e-04 1.59426206e-04 1.59426206e-04 1.59426206e-04 1.59426206e-04 1.59426206e-04 1.59426206e-04 1.59426206e-04 1.59426206e-04 1.59426206e-04 1.59426206e-04 1.59426206e-04 1.59426206e-04 1.59426206e-04 1.59426206e-04 1.59426206e-04 1.59426206e-04 1.59426206e-04 1.59426206e-04 1.59426206e-04 1.59426206e-04 1.59426206e-04 1.59426206e-04 1.59426206e-04 1.59426206e-04 1.59426206e-04 1.59426206e-04 1.59426206e-04 1.59426206e-04 1.59426206e-04 1.59426206e-04 1.59426206e-04 1.59426206e-04 1.59426206e-04 1.59426206e-04 1.59426206e-04 1.59426206e-04 1.59426206e-04 1.59426206e-04 1.59426206e-04 1.59426206e-04 1.59426206e-04 1.59426206e-04 1.59426206e-04 1.59426206e-04 1.59426206e-04 1.59426206e-04 1.59426206e-04 1.59426206e-04 1.59426206e-04 1.59426206e-04 1.59426206e-04 1.59426206e-04 1.59426206e-04 1.59426206e-04 1.59426206e-04 1.59426206e-04 1.59426206e-04 1.59426206e-04 1.59426206e-04 1.59426206e-04 1.59426206e-04 1.59426206e-04 1.59426206e-04 1.59426206e-04 1.59426206e-04 1.59426206e-04 1.59426206e-04 1.59426206e-04 1.59426206e-04 1.59426206e-04 1.59426206e-04 1.59426206e-04 1.59426206e-04 1.59426206e-04 1.59426206e-04
1.39550054e-04 1.39550054e-04 1.39550054e-04 1.39550054e-04 1.39550054e-04 1.39550054e-04 1.39550054e-04 1.39550054e-04 1.39550054e-04 1.39550054e-04 1.39550054e-04 1.39550054e-04 1.39550054e-04 1.39550054e-04 1.39550054e-04 1.39550054e-04 1.39550054e-04 1.39550054e-04 1.39550054e-04 1.39550054e-04 1.39550054e-04 1.39550054e-04 1.39550054e-04 1.39550054e-04 1.39550054e-04 1.39550054e-04 1.39550054e-04 1.39550054e-04 1.39550054e-04 1.39550054e-04 1.39550054e-04 1.39550054e-04 1.39550054e-04 1.39550054e-04 1.39550054e-04 1.39550054e-04 1.39550054e-04 1.39550054e-04 1.39550054e-04 1.39550054e-04 1.39550054e-04 1.39550054e-04 1.39550054e-04 1.39550054e-04 1.39550054e-04 1.39550054e-04 1.39550054e-04 1.39550054e-04 1.39550054e-04 1.39550054e-04 1.39550054e-04 1.39550054e-04 1.39550054e-04 1.39550054e-04 1.39550054e-04 1.39550054e-04 1.39550054e-04 1.39550054e-04 1.39550054e-04 1.39550054e-04 1.39550054e-04 1.39550054e-04 1.39550054e-04 1.39550054e-04 1.39550054e-04 1.39550054e-04 1.39550054e-04 1.39550054e-04 1.39550054e-04 1.39550054e-04 1.39550054e-04 1.39550054e-04 1.39550054e-04 1.39550054e-04 1.39550054e-04 1.39550054e-04 1.39550054e-04 1.39550054e-04 1.39550054e-04 1.39550054e-04 1.39550054e-04 1.39550054e-04 1.39550054e-04 1.39550054e-04 1.39550054e-04 1.39550054e-04 1.39550054e-04 1.39550054e-04 1.39550054e-04 1.39550054e-04 1.39550054e-04 1.39550054e-04 1.39550054e-04 1.39550054e-04 1.39550054e-04 1.39550054e-04 1.39550054e-04 1.39550054e-04 1.39550054e-04 1.39550054e-04 1.39550054e-04 1.39550054e-04 1.39550054e-04 1.39550054e-04 1.39550054e-04 1.39550054e-04 1.39550054e-04 1.39550054e-04 1.39550054e-04 1.39550054e-04 1.39550054e-04 1.39550054e-04 1.39550054e-04 1.39550054e-04 1.39550054e-04 1.39550054e-04 1.39550054e-04 1.39550054e-04 1.39550054e-04 1.39550054e-04 1.39550054e-04 1.39550054e-04 1.39550054e-04 1.39550054e-04 1.39550054e-04 1.39550054e-04 1.39550054e-04 1.39550054e-04 1.39550054e-04 1.39550054e-04 1.39550054e-04 1.39550054e-04 1.39550054e-04 1.39550054e-04 1.39550054e-04 1.39550054e-04 1.39550054e-04 1.39550054e-04 1.39550054e-04 1.39550054e-04 1.39550054e-04 1.39550054e-04 1.39550054e-04 1.39550054e-04 1.39550054e-04 1.39550054e-04 1.39550054e-04 1.39550054e-04 1.39550054e-04 1.39550054e-04 1.39550054e-04 1.39550054e-04 1.39550054e-04 1.39550054e-04 1.39550054e-04 1.39550054e-04 1.39550054e-04 1.39550054e-04 1.39550054e-04 1.39550054e-04 1.39550054e-04 1.39550054e-04 1.39550054e-04 1.39550054e-04 1.39550054e-04 1.39550054e-04 1.39550054e-04 1.39550054e-04 1.39550054e-04 1.39550054e-04 1.39550054e-04 1.39550054e-04 1.39550054e-04 1.39550054e-04 1.39550054e-04 1.39550054e-04 1.39550054e-04 1.39550054e-04 1.39550054e-04 1.39550054e-04 1.39550054e-04 1.39550054e-04 1.39550054e-04 1.39550054e-04 1.39550054e-04 1.39550054e-04 1.39550054e-04 1.39550054e-04 1.39550054e-04 1.39550054e-04 1.39550054e-04 1.39550054e-04 1.39550054e-04 1.39550054e-04 1.39550054e-04 1.39550054e-04 1.39550054e-04 1.39550054e-04 1.39550054e-04 1.39550054e-04
1.22044922e-04 1.22044922e-04 1.22044922e-04 1.22044922e-04 1.22044922e-04 1.22044922e-04 1.22044922e-04 1.22044922e-04 1.22044922e-04 1.22044922e-04 1.22044922e-04 1.22044922e-04 1.22044922e-04 1.22044922e-04 1.22044922e-04 1.22044922e-04 1.22044922e-04 1.22044922e-04 1.22044922e-04 1.22044922e-04 1.22044922e-04 1.22044922e-04 1.22044922e-04 1.22044922e-04 1.22044922e-04 1.22044922e-04 1.22044922e-04 1.22044922e-04 1.22044922e-04 1.22044922e-04 1.22044922e-04 1.22044922e-04 1.22044922e-04 1.22044922e-04 1.22044922e-04 1.22044922e-04 1.22044922e-04 1.22044922e-04 1.22044922e-04 1.22044922e-04 1.22044922e-04 1.22044922e-04 1.22044922e-04 1.22044922e-04 1.22044922e-04 1.22044922e-04 1.22044922e-04 1.22044922e-04 1.22044922e-04 1.22044922e-04 1.22044922e-04 1.22044922e-04 1.22044922e-04 1.22044922e-04 1.22044922e-04 1.22044922e-04 1.22044922e-04 1.22044922e-04 1.22044922e-04 1.22044922e-04 1.22044922e-04 1.22044922e-04 1.22044922e-04 1.22044922e-04 1.22044922e-04 1.22044922e-04 1.22044922e-04 1.22044922e-04 1.22044922e-04 1.22044922e-04 1.22044922e-04 1.22044922e-04 1.22044922e-04 1.22044922e-04 1.22044922e-04 1.22044922e-04 1.22044922e-04 1.22044922e-04 1.22044922e-04 1.22044922e-04 1.22044922e-04 1.22044922e-04 1.22044922e-04 1.22044922e-04 1.22044922e-04 1.22044922e-04 1.22044922e-04 1.22044922e-04 1.22044922e-04 1.22044922e-04 1.22044922e-04 1.22044922e-04 1.22044922e-04 1.22044922e-04 1.22044922e-04 1.22044922e-04 1.22044922e-04 1.22044922e-04 1.22044922e-04 1.22044922e-04 1.22044922e-04 1.22044922e-04 1.22044922e-04 1.22044922e-04 1.22044922e-04 1.22044922e-04 1.22044922e-04 1.22044922e-04 1.22044922e-04 1.22044922e-04 1.22044922e-04 1.22044922e-04 1.22044922e-04 1.22044922e-04 1.22044922e-04 1.22044922e-04 1.22044922e-04 1.22044922e-04 1.22044922e-04 1.22044922e-04 1.22044922e-04 1.22044922e-04 1.22044922e-04 1.22044922e-04 1.22044922e-04 1.22044922e-04 1.22044922e-04 1.22044922e-04 1.22044922e-04 1.22044922e-04 1.22044922e-04 1.22044922e-04 1.22044922e-04 1.22044922e-04 1.22044922e-04 1.22044922e-04 1.22044922e-04 1.22044922e-04 1.22044922e-04 1.22044922e-04 1.22044922e-04 1.22044922e-04 1.22044922e-04 1.22044922e-04 1.22044922e-04 1.22044922e-04 1.22044922e-04 1.22044922e-04 1.22044922e-04 1.22044922e-04 1.22044922e-04 1.22044922e-04 1.22044922e-04 1.22044922e-04 1.22044922e-04 1.22044922e-04 1.22044922e-04 1.22044922e-04 1.22044922e-04 1.22044922e-04 1.22044922e-04 1.22044922e-04 1.22044922e-04 1.22044922e-04 1.22044922e-04 1.22044922e-04 1.22044922e-04 1.22044922e-04 1.22044922e-04 1.22044922e-04 1.22044922e-04 1.22044922e-04 1.22044922e-04 1.22044922e-04 1.22044922e-04 1.22044922e-04 1.22044922e-04 1.22044922e-04 1.22044922e-04 1.22044922e-04 1.22044922e-04 1.22044922e-04 1.22044922e-04 1.22044922e-04 1.22044922e-04 1.22044922e-04 1.22044922e-04 1.22044922e-04 1.22044922e-04 1.22044922e-04 1.22044922e-04 1.22044922e-04 1.22044922e-04 1.22044922e-04 1.22044922e-04 1.22044922e-04 1.22044922e-04 1.22044922e-04 1.22044922e-04 1.22044922e-04
1.06642130e-04 1.06642130e-04 1.06642130e-04 1.06642130e-04 1.06642130e-04 1.06642130e-04 1.06642130e-04 1.06642130e-04 1.06642130e-04 1.06642130e-04 1.06642130e-04 1.06642130e-04 1.06642130e-04 1.06642130e-04 1.06642130e-04 1.06642130e-04 1.06642130e-04 1.06642130e-04 1.06642130e-04 1.06642130e-04 1.06642130e-04 1.06642130e-04 1.06642130e-04 1.06642130e-04 1.06642130e-04 1.06642130e-04 1.06642130e-04 1.06642130e-04 1.06642130e-04 1.06642130e-04 1.06642130e-04 1.06642130e-04 1.06642130e-04 1.06642130e-04 1.06642130e-04 1.06642130e-04 1.06642130e-04 1.06642130e-04 1.06642130e-04 1.06642130e-04 1.06642130e-04 1.06642130e-04 1.06642130e-04 1.06642130e-04 1.06642130e-04 1.06642130e-04 1.06642130e-04 1.06642130e-04 1.06642130e-04 1.06642130e-04 1.06642130e-04 1.06642130e-04 1.06642130e-04 1.06642130e-04 1.06642130e-04 1.06642130e-04 1.06642130e-04 1.06642130e-04 1.06642130e-04 1.06642130e-04 1.06642130e-04 1.06642130e-04 1.06642130e-04 1.06642130e-04 1.06642130e-04 1.06642130e-04 1.06642130e-04 1.06642130e-04 1.06642130e-04 1.06642130e-04 1.06642130e-04 1.06642130e-04 1.06642130e-04 1.06642130e-04 1.06642130e-04 1.06642130e-04 1.06642130e-04 1.06642130e-04 1.06642130e-04 1.06642130e-04 1.06642130e-04 1.06642130e-04 1.06642130e-04 1.06642130e-04 1.06642130e-04 1.06642130e-04 1.06642130e-04 1.06642130e-04 1.06642130e-04 1.06642130e-04 1.06642130e-04 1.06642130e-04 1.06642130e-04 1.06642130e-04 1.06642130e-04 1.06642130e-04 1.06642130e-04 1.06642130e-04 1.06642130e-04 1.06642130e-04 1.06642130e-04 1.06642130e-04 1.06642130e-04 1.06642130e-04 1.06642130e-04 1.06642130e-04 1.06642130e-04 1.06642130e-04 1.06642130e-04 1.06642130e-04 1.06642130e-04 1.06642130e-04 1.06642130e-04 1.06642130e-04 1.06642130e-04 1.06642130e-04 1.06642130e-04 1.06642130e-04 1.06642130e-04 1.06642130e-04 1.06642130e-04 1.06642130e-04 1.06642130e-04 1.06642130e-04 1.06642130e-04 1.06642130e-04 1.06642130e-04 1.06642130e-04 1.06642130e-04 1.06642130e-04 1.06642130e-04 1.06642130e-04 1.06642130e-04 1.06642130e-04 1.06642130e-04 1.06642130e-04 1.06642130e-04 1.06642130e-04 1.06642130e-04 1.06642130e-04 1.06642130e-04 1.06642130e-04 1.06642130e-04 1.06642130e-04 1.06642130e-04 1.06642130e-04 1.06642130e-04 1.06642130e-04 1.06642130e-04 1.06642130e-04 1.06642130e-04 1.06642130e-04 1.06642130e-04 1.06642130e-04 1.06642130e-04 1.06642130e-04 1.06642130e-04 1.06642130e-04 1.06642130e-04 1.06642130e-04 1.06642130e-04 1.06642130e-04 1.06642130e-04 1.06642130e-04 1.06642130e-04 1.06642130e-04 1.06642130e-04 1.06642130e-04 1.06642130e-04 1.06642130e-04 1.06642130e-04 1.06642130e-04 1.06642130e-04 1.06642130e-04 1.06642130e-04 1.06642130e-04 1.06642130e-04 1.06642130e-04 1.06642130e-04 1.06642130e-04 1.06642130e-04 1.06642130e-04 1.06642130e-04 1.06642130e-04 1.06642130e-04 1.06642130e-04 1.06642130e-04 1.06642130e-04 1.06642130e-04 1.06642130e-04 1.06642130e-04 1.06642130e-04 1.06642130e-04 1.06642130e-04 1.06642130e-04 1.06642130e-04 1.06642130e-04 1.06642130e-04 1.06642130e-04 1.06642130e-04
9.31016267e-05 9.31016267e-05 9.31016267e-05 9.31016267e-05 9.31016267e-05 9.31016267e-05 9.31016267e-05 9.31016267e-05 9.31016267e-05 9.31016267e-05 9.31016267e-05 9.31016267e-05 9.31016267e-05 9.31016267e-05 9.31016267e-05 9.31016267e-05 9.31016267e-05 9.31016267e-05 9.31016267e-05 9.31016267e-05 9.31016267e-05 9.31016267e-05 9.31016267e-05 9.31016267e-05 9.31016267e-05 9.31016267e-05 9.31016267e-05 9.31016267e-05 9.31016267e-05 9.31016267e-05 9.31016267e-05 9.31016267e-05 9.31016267e-05 9.31016267e-05 9.31016267e-05 9.31016267e-05 9.31016267e-05 9.31016267e-05 9.31016267e-05 9.31016267e-05 9.31016267e-05 9.31016267e-05 9.31016267e-05 9.31016267e-05 9.31016267e-05 9.31016267e-05 9.31016267e-05 9.31016267e-05 9.31016267e-05 9.31016267e-05 9.31016267e-05 9.31016267e-05 9.31016267e-05 9.31016267e-05 9.31016267e-05 9.31016267e-05 9.31016267e-05 9.31016267e-05 9.31016267e-05 9.31016267e-05 9.31016267e-05 9.31016267e-05 9.31016267e-05 9.31016267e-05 9.31016267e-05 9.31016267e-05 9.31016267e-05 9.31016267e-05 9.31016267e-05 9.31016267e-05 9.31016267e-05 9.31016267e-05 9.31016267e-05 9.31016267e-05 9.31016267e-05 9.31016267e-05 9.31016267e-05 9.31016267e-05 9.31016267e-05 9.31016267e-05 9.31016267e-05 9.31016267e-05 9.31016267e-05 9.31016267e-05 9.31016267e-05 9.31016267e-05 9.31016267e-05 9.31016267e-05 9.31016267e-05 9.31016267e-05 9.31016267e-05 9.31016267e-05 9.31016267e-05 9.31016267e-05 9.31016267e-05 9.31016267e-05 9.31016267e-05 9.31016267e-05 9.31016267e-05 9.31016267e-05 9.31016267e-05 9.31016267e-05 9.31016267e-05 9.31016267e-05 9.31016267e-05 9.31016267e-05 9.31016267e-05 9.31016267e-05 9.31016267e-05 9.31016267e-05 9.31016267e-05 9.31016267e-05 9.31016267e-05 9.31016267e-05 9.31016267e-05 9.31016267e-05 9.31016267e-05 9.31016267e-05 9.31016267e-05 9.31016267e-05 9.31016267e-05 9.31016267e-05 9.31016267e-05 9.31016267e-05 9.31016267e-05 9.31016267e-05 9.31016267e-05 9.31016267e-05 9.31016267e-05 9.31016267e-05 9.31016267e-05 9.31016267e-05 9.31016267e-05 9.31016267e-05 9.31016267e-05 9.31016267e-05 9.31016267e-05 9.31016267e-05 9.31016267e-05 9.31016267e-05 9.31016267e-05 9.31016267e-05 9.31016267e-05 9.31016267e-05 9.31016267e-05 9.31016267e-05 9.31016267e-05 9.31016267e-05 9.31016267e-05 9.31016267e-05 9.31016267e-05 9.31016267e-05 9.31016267e-05 9.31016267e-05 9.31016267e-05 9.31016267e-05 9.31016267e-05 9.31016267e-05 9.31016267e-05 9.31016267e-05 9.31016267e-05 9.31016267e-05 9.31016267e-05 9.31016267e-05 9.31016267e-05 9.31016267e-05 9.31016267e-05 9.31016267e-05 9.31016267e-05 9.31016267e-05 9.31016267e-05 9.31016267e-05 9.31016267e-05 9.31016267e-05 9.31016267e-05 9.31016267e-05 9.31016267e-05 9.31016267e-05 9.31016267e-05 9.31016267e-05 9.31016267e-05 9.31016267e-05 9.31016267e-05 9.31016267e-05 9.31016267e-05 9.31016267e-05 9.31016267e-05 9.31016267e-05 9.31016267e-05 9.31016267e-05 9.31016267e-05 9.31016267e-05 9.31016267e-05 9.31016267e-05 9.31016267e-05 9.31016267e-05 9.31016267e-05 9.31016267e-05 9.31016267e-05 9.31016267e-05
8.12091670e-05 8.12091670e-05 8.12091670e-05 8.12091670e-05 8.12091670e-05 8.12091670e-05 8.12091670e-05 8.12091670e-05 8.12091670e-05 8.12091670e-05 8.12091670e-05 8.12091670e-05 8.12091670e-05 8.12091670e-05 8.12091670e-05 8.12091670e-05 8.12091670e-05 8.12091670e-05 8.12091670e-05 8.12091670e-05 8.12091670e-05 8.12091670e-05 8.12091670e-05 8.12091670e-05 8.12091670e-05 8.12091670e-05 8.12091670e-05 8.12091670e-05 8.12091670e-05 8.12091670e-05 8.12091670e-05 8.12091670e-05 8.12091670e-05 8.12091670e-05 8.12091670e-05 8.12091670e-05 8.12091670e-05 8.12091670e-05 8.12091670e-05 8.12091670e-05 8.12091670e-05 8.12091670e-05 8.12091670e-05 8.12091670e-05 8.12091670e-05 8.12091670e-05 8.12091670e-05 8.12091670e-05 8.12091670e-05 8.12091670e-05 8.12091670e-05 8.12091670e-05 8.12091670e-05 8.12091670e-05 8.12091670e-05 8.12091670e-05 8.12091670e-05 8.12091670e-05 8.12091670e-05 8.12091670e-05 8.12091670e-05 8.12091670e-05 8.12091670e-05 8.12091670e-05 8.12091670e-05 8.12091670e-05 8.12091670e-05 8.12091670e-05 8.12091670e-05 8.12091670e-05 8.12091670e-05 8.12091670e-05 8.12091670e-05 8.12091670e-05 8.12091670e-05 8.12091670e-05 8.12091670e-05 8.12091670e-05 8.12091670e-05 8.12091670e-05 8.12091670e-05 8.12091670e-05 8.12091670e-05 8.12091670e-05 8.12091670e-05 8.12091670e-05 8.12091670e-05 8.12091670e-05 8.12091670e-05 8.12091670e-05 8.12091670e-05 8.12091670e-05 8.12091670e-05 8.12091670e-05 8.12091670e-05 8.12091670e-05 8.12091670e-05 8.12091670e-05 8.12091670e-05 8.12091670e-05 8.12091670e-05 8.12091670e-05 8.12091670e-05 8.12091670e-05 8.12091670e-05 8.12091670e-05 8.12091670e-05 8.12091670e-05 8.12091670e-05 8.12091670e-05 8.12091670e-05 8.12091670e-05 8.12091670e-05 8.12091670e-05 8.12091670e-05 8.12091670e-05 8.12091670e-05 8.12091670e-05 8.12091670e-05 8.12091670e-05 8.12091670e-05 8.12091670e-05 8.12091670e-05 8.12091670e-05 8.12091670e-05 8.12091670e-05 8.12091670e-05 8.12091670e-05 8.12091670e-05 8.12091670e-05 8.12091670e-05 8.12091670e-05 8.12091670e-05 8.12091670e-05 8.12091670e-05 8.12091670e-05 8.12091670e-05 8.12091670e-05 8.12091670e-05 8.12091670e-05 8.12091670e-05 8.12091670e-05 8.12091670e-05 8.12091670e-05 8.12091670e-05 8.12091670e-05 8.12091670e-05 8.12091670e-05 8.12091670e-05 8.12091670e-05 8.12091670e-05 8.12091670e-05 8.12091670e-05 8.12091670e-05 8.12091670e-05 8.12091670e-05 8.12091670e-05 8.12091670e-05 8.12091670e-05 8.12091670e-05 8.12091670e-05 8.12091670e-05 8.12091670e-05 8.12091670e-05 8.12091670e-05 8.12091670e-05 8.12091670e-05 8.12091670e-05 8.12091670e-05 8.12091670e-05 8.12091670e-05 8.12091670e-05 8.12091670e-05 8.12091670e-05 8.12091670e-05 8.12091670e-05 8.12091670e-05 8.12091670e-05 8.12091670e-05 8.12091670e-05 8.12091670e-05 8.12091670e-05 8.12091670e-05 8.12091670e-05 8.12091670e-05 8.12091670e-05 8.12091670e-05 8.12091670e-05 8.12091670e-05 8.12091670e-05 8.12091670e-05 8.12091670e-05 8.12091670e-05 8.12091670e-05 8.12091670e-05 8.12091670e-05 8.12091670e-05 8.12091670e-05 8.12091670e-05 8.12091670e-05
7.07737376e-05 7.07737376e-05 7.07737376e-05 7.07737376e-05 7.07737376e-05 7.07737376e-05 7.07737376e-05 7.07737376e-05 7.07737376e-05 7.07737376e-05 7.07737376e-05 7.07737376e-05 7.07737376e-05 7.07737376e-05 7.07737376e-05 7.07737376e-05 7.07737376e-05 7.07737376e-05 7.07737376e-05 7.07737376e-05 7.07737376e-05 7.07737376e-05 7.07737376e-05 7.07737376e-05 7.07737376e-05 7.07737376e-05 7.07737376e-05 7.07737376e-05 7.07737376e-05 7.07737376e-05 7.07737376e-05 7.07737376e-05 7.07737376e-05 7.07737376e-05 7.07737376e-05 7.07737376e-05 7.07737376e-05 7.07737376e-05 7.07737376e-05 7.07737376e-05 7.07737376e-05 7.07737376e-05 7.07737376e-05 7.07737376e-05 7.07737376e-05 7.07737376e-05 7.07737376e-05 7.07737376e-05 7.07737376e-05 7.07737376e-05 7.07737376e-05 7.07737376e-05 7.07737376e-05 7.07737376e-05 7.07737376e-05 7.07737376e-05 7.07737376e-05 7.07737376e-05 7.07737376e-05 7.07737376e-05 7.07737376e-05 7.07737376e-05 7.07737376e-05 7.07737376e-05 7.07737376e-05 7.07737376e-05 7.07737376e-05 7.07737376e-05 7.07737376e-05 7.07737376e-05 7.07737376e-05 7.07737376e-05 7.07737376e-05 7.07737376e-05 7.07737376e-05 7.07737376e-05 7.07737376e-05 7.07737376e-05 7.07737376e-05 7.07737376e-05 7.07737376e-05 7.07737376e-05 7.07737376e-05 7.07737376e-05 7.07737376e-05 7.07737376e-05 7.07737376e-05 7.07737376e-05 7.07737376e-05 7.07737376e-05 7.07737376e-05 7.07737376e-05 7.07737376e-05 7.07737376e-05 7.07737376e-05 7.07737376e-05 7.07737376e-05 7.07737376e-05 7.07737376e-05 7.07737376e-05 7.07737376e-05 7.07737376e-05 7.07737376e-05 7.07737376e-05 7.07737376e-05 7.07737376e-05 7.07737376e-05 7.07737376e-05 7.07737376e-05 7.07737376e-05 7.07737376e-05 7.07737376e-05 7.07737376e-05 7.07737376e-05 7.07737376e-05 7.07737376e-05 7.07737376e-05 7.07737376e-05 7.07737376e-05 7.07737376e-05 7.07737376e-05 7.07737376e-05 7.07737376e-05 7.07737376e-05 7.07737376e-05 7.07737376e-05 7.07737376e-05 7.07737376e-05 7.07737376e-05 7.07737376e-05 7.07737376e-05 7.07737376e-05 7.07737376e-05 7.07737376e-05 7.07737376e-05 7.07737376e-05 7.07737376e-05 7.07737376e-05 7.07737376e-05 7.07737376e-05 7.07737376e-05 7.07737376e-05 7.07737376e-05 7.07737376e-05 7.07737376e-05 7.07737376e-05 7.07737376e-05 7.07737376e-05 7.07737376e-05 7.07737376e-05 7.07737376e-05 7.07737376e-05 7.07737376e-05 7.07737376e-05 7.07737376e-05 7.07737376e-05 7.07737376e-05 7.07737376e-05 7.07737376e-05 7.07737376e-05 7.07737376e-05 7.07737376e-05 7.07737376e-05 7.07737376e-05 7.07737376e-05 7.07737376e-05 7.07737376e-05 7.07737376e-05 7.07737376e-05 7.07737376e-05 7.07737376e-05 7.07737376e-05 7.07737376e-05 7.07737376e-05 7.07737376e-05 7.07737376e-05 7.07737376e-05 7.07737376e-05 7.07737376e-05 7.07737376e-05 7.07737376e-05 7.07737376e-05 7.07737376e-05 7.07737376e-05 7.07737376e-05 7.07737376e-05 7.07737376e-05 7.07737376e-05 7.07737376e-05 7.07737376e-05 7.07737376e-05 7.07737376e-05 7.07737376e-05 7.07737376e-05 7.07737376e-05 7.07737376e-05 7.07737376e-05 7.07737376e-05 7.07737376e-05 7.07737376e-05
6.16252155e-05 6.16252155e-05 6.16252155e-05 6.16252155e-05 6.16252155e-05 6.16252155e-05 6.16252155e-05 6.16252155e-05 6.16252155e-05 6.16252155e-05 6.16252155e-05 6.16252155e-05 6.16252155e-05 6.16252155e-05 6.16252155e-05 6.16252155e-05 6.16252155e-05 6.16252155e-05 6.16252155e-05 6.16252155e-05 6.16252155e-05 6.16252155e-05 6.16252155e-05 6.16252155e-05 6.16252155e-05 6.16252155e-05 6.16252155e-05 6.16252155e-05 6.16252155e-05 6.16252155e-05 6.16252155e-05 6.16252155e-05 6.16252155e-05 6.16252155e-05 6.16252155e-05 6.16252155e-05 6.16252155e-05 6.16252155e-05 6.16252155e-05 6.16252155e-05 6.16252155e-05 6.16252155e-05 6.16252155e-05 6.16252155e-05 6.16252155e-05 6.16252155e-05 6.16252155e-05 6.16252155e-05 6.16252155e-05 6.16252155e-05 6.16252155e-05 6.16252155e-05 6.16252155e-05 6.16252155e-05 6.16252155e-05 6.16252155e-05 6.16252155e-05 6.16252155e-05 6.16252155e-05 6.16252155e-05 6.16252155e-05 6.16252155e-05 6.16252155e-05 6.16252155e-05 6.16252155e-05 6.16252155e-05 6.16252155e-05 6.16252155e-05 6.16252155e-05 6.16252155e-05 6.16252155e-05 6.16252155e-05 6.16252155e-05 6.16252155e-05 6.16252155e-05 6.16252155e-05 6.16252155e-05 6.16252155e-05 6.16252155e-05 6.16252155e-05 6.16252155e-05 6.16252155e-05 6.16252155e-05 6.16252155e-05 6.16252155e-05 6.16252155e-05 6.16252155e-05 6.16252155e-05 6.16252155e-05 6.16252155e-05 6.16252155e-05 6.16252155e-05 6.16252155e-05 6.16252155e-05 6.16252155e-05 6.16252155e-05 6.16252155e-05 6.16252155e-05 6.16252155e-05 6.16252155e-05 6.16252155e-05 6.16252155e-05 6.16252155e-05 6.16252155e-05 6.16252155e-05 6.16252155e-05 6.16252155e-05 6.16252155e-05 6.16252155e-05 6.16252155e-05 6.16252155e-05 6.16252155e-05 6.16252155e-05 6.16252155e-05 6.16252155e-05 6.16252155e-05 6.16252155e-05 6.16252155e-05 6.16252155e-05 6.16252155e-05 6.16252155e-05 6.16252155e-05 6.16252155e-05 6.16252155e-05 6.16252155e-05 6.16252155e-05 6.16252155e-05 6.16252155e-05 6.16252155e-05 6.16252155e-05 6.16252155e-05 6.16252155e-05 6.16252155e-05 6.16252155e-05 6.16252155e-05 6.16252155e-05 6.16252155e-05 6.16252155e-05 6.16252155e-05 6.16252155e-05 6.16252155e-05 6.16252155e-05 6.16252155e-05 6.16252155e-05 6.16252155e-05 6.16252155e-05 6.16252155e-05 6.16252155e-05 6.16252155e-05 6.16252155e-05 6.16252155e-05 6.16252155e-05 6.16252155e-05 6.16252155e-05 6.16252155e-05 6.16252155e-05 6.16252155e-05 6.16252155e-05 6.16252155e-05 6.16252155e-05 6.16252155e-05 6.16252155e-05 6.16252155e-05 6.16252155e-05 6.16252155e-05 6.16252155e-05 6.16252155e-05 6.16252155e-05 6.16252155e-05 6.16252155e-05 6.16252155e-05 6.16252155e-05 6.16252155e-05 6.16252155e-05 6.16252155e-05 6.16252155e-05 6.16252155e-05 6.16252155e-05 6.16252155e-05 6.16252155e-05 6.16252155e-05 6.16252155e-05 6.16252155e-05 6.16252155e-05 6.16252155e-05 6.16252155e-05 6.16252155e-05 6.16252155e-05 6.16252155e-05 6.16252155e-05 6.16252155e-05 6.16252155e-05 6.16252155e-05 6.16252155e-05 6.16252155e-05 6.16252155e-05 6.16252155e-05 6.16252155e-05 6.16252155e-05 6.16252155e-05
5.36122413e-05 5.36122413e-05 5.36122413e-05 5.36122413e-05 5.36122413e-05 5.36122413e-05 5.36122413e-05 5.36122413e-05 5.36122413e-05 5.36122413e-05 5.36122413e-05 5.36122413e-05 5.36122413e-05 5.36122413e-05 5.36122413e-05 5.36122413e-05 5.36122413e-05 5.36122413e-05 5.36122413e-05 5.36122413e-05 5.36122413e-05 5.36122413e-05 5.36122413e-05 5.36122413e-05 5.36122413e-05 5.36122413e-05 5.36122413e-05 5.36122413e-05 5.36122413e-05 5.36122413e-05 5.36122413e-05 5.36122413e-05 5.36122413e-05 5.36122413e-05 5.36122413e-05 5.36122413e-05 5.36122413e-05 5.36122413e-05 5.36122413e-05 5.36122413e-05 5.36122413e-05 5.36122413e-05 5.36122413e-05 5.36122413e-05 5.36122413e-05 5.36122413e-05 5.36122413e-05 5.36122413e-05 5.36122413e-05 5.36122413e-05 5.36122413e-05 5.36122413e-05 5.36122413e-05 5.36122413e-05 5.36122413e-05 5.36122413e-05 5.36122413e-05 5.36122413e-05 5.36122413e-05 5.36122413e-05 5.36122413e-05 5.36122413e-05 5.36122413e-05 5.36122413e-05 5.36122413e-05 5.36122413e-05 5.36122413e-05 5.36122413e-05 5.36122413e-05 5.36122413e-05 5.36122413e-05 5.36122413e-05 5.36122413e-05 5.36122413e-05 5.36122413e-05 5.36122413e-05 5.36122413e-05 5.36122413e-05 5.36122413e-05 5.36122413e-05 5.36122413e-05 5.36122413e-05 5.36122413e-05 5.36122413e-05 5.36122413e-05 5.36122413e-05 5.36122413e-05 5.36122413e-05 5.36122413e-05 5.36122413e-05 5.36122413e-05 5.36122413e-05 5.36122413e-05 5.36122413e-05 5.36122413e-05 5.36122413e-05 5.36122413e-05 5.36122413e-05 5.36122413e-05 5.36122413e-05 5.36122413e-05 5.36122413e-05 5.36122413e-05 5.36122413e-05 5.36122413e-05 5.36122413e-05 5.36122413e-05 5.36122413e-05 5.36122413e-05 5.36122413e-05 5.36122413e-05 5.36122413e-05 5.36122413e-05 5.36122413e-05 5.36122413e-05 5.36122413e-05 5.36122413e-05 5.36122413e-05 5.36122413e-05 5.36122413e-05 5.36122413e-05 5.36122413e-05 5.36122413e-05 5.36122413e-05 5.36122413e-05 5.36122413e-05 5.36122413e-05 5.36122413e-05 5.36122413e-05 5.36122413e-05 5.36122413e-05 5.36122413e-05 5.36122413e-05 5.36122413e-05 5.36122413e-05 5.36122413e-05 5.36122413e-05 5.36122413e-05 5.36122413e-05 5.36122413e-05 5.36122413e-05 5.36122413e-05 5.36122413e-05 5.36122413e-05 5.36122413e-05 5.36122413e-05 5.36122413e-05 5.36122413e-05 5.36122413e-05 5.36122413e-05 5.36122413e-05 5.36122413e-05 5.36122413e-05 5.36122413e-05 5.36122413e-05 5.36122413e-05 5.36122413e-05 5.36122413e-05 5.36122413e-05 5.36122413e-05 5.36122413e-05 5.36122413e-05 5.36122413e-05 5.36122413e-05 5.36122413e-05 5.36122413e-05 5.36122413e-05 5.36122413e-05 5.36122413e-05 5.36122413e-05 5.36122413e-05 5.36122413e-05 5.36122413e-05 5.36122413e-05 5.36122413e-05 5.36122413e-05 5.36122413e-05 5.36122413e-05 5.36122413e-05 5.36122413e-05 5.36122413e-05 5.36122413e-05 5.36122413e-05 5.36122413e-05 5.36122413e-05 5.36122413e-05 5.36122413e-05 5.36122413e-05 5.36122413e-05 5.36122413e-05 5.36122413e-05 5.36122413e-05 5.36122413e-05 5.36122413e-05 5.36122413e-05 5.36122413e-05 5.36122413e-05 5.36122413e-05 5.36122413e-05 5.36122413e-05
4.66002896e-05 4.66002896e-05 4.66002896e-05 4.66002896e-05 4.66002896e-05 4.66002896e-05 4.66002896e-05 4.66002896e-05 4.66002896e-05 4.66002896e-05 4.66002896e-05 4.66002896e-05 4.66002896e-05 4.66002896e-05 4.66002896e-05 4.66002896e-05 4.66002896e-05 4.66002896e-05 4.66002896e-05 4.66002896e-05 4.66002896e-05 4.66002896e-05 4.66002896e-05 4.66002896e-05 4.66002896e-05 4.66002896e-05 4.66002896e-05 4.66002896e-05 4.66002896e-05 4.66002896e-05 4.66002896e-05 4.66002896e-05 4.66002896e-05 4.66002896e-05 4.66002896e-05 4.66002896e-05 4.66002896e-05 4.66002896e-05 4.66002896e-05 4.66002896e-05 4.66002896e-05 4.66002896e-05 4.66002896e-05 4.66002896e-05 4.66002896e-05 4.66002896e-05 4.66002896e-05 4.66002896e-05 4.66002896e-05 4.66002896e-05 4.66002896e-05 4.66002896e-05 4.66002896e-05 4.66002896e-05 4.66002896e-05 4.66002896e-05 4.66002896e-05 4.66002896e-05 4.66002896e-05 4.66002896e-05 4.66002896e-05 4.66002896e-05 4.66002896e-05 4.66002896e-05 4.66002896e-05 4.66002896e-05 4.66002896e-05 4.66002896e-05 4.66002896e-05 4.66002896e-05 4.66002896e-05 4.66002896e-05 4.66002896e-05 4.66002896e-05 4.66002896e-05 4.66002896e-05 4.66002896e-05 4.66002896e-05 4.66002896e-05 4.66002896e-05 4.66002896e-05 4.66002896e-05 4.66002896e-05 4.66002896e-05 4.66002896e-05 4.66002896e-05 4.66002896e-05 4.66002896e-05 4.66002896e-05 4.66002896e-05 4.66002896e-05 4.66002896e-05 4.66002896e-05 4.66002896e-05 4.66002896e-05 4.66002896e-05 4.66002896e-05 4.66002896e-05 4.66002896e-05 4.66002896e-05 4.66002896e-05 4.66002896e-05 4.66002896e-05 4.66002896e-05 4.66002896e-05 4.66002896e-05 4.66002896e-05 4.66002896e-05 4.66002896e-05 4.66002896e-05 4.66002896e-05 4.66002896e-05 4.66002896e-05 4.66002896e-05 4.66002896e-05 4.66002896e-05 4.66002896e-05 4.66002896e-05 4.66002896e-05 4.66002896e-05 4.66002896e-05 4.66002896e-05 4.66002896e-05 4.66002896e-05 4.66002896e-05 4.66002896e-05 4.66002896e-05 4.66002896e-05 4.66002896e-05 4.66002896e-05 4.66002896e-05 4.66002896e-05 4.66002896e-05 4.66002896e-05 4.66002896e-05 4.66002896e-05 4.66002896e-05 4.66002896e-05 4.66002896e-05 4.66002896e-05 4.66002896e-05 4.66002896e-05 4.66002896e-05 4.66002896e-05 4.66002896e-05 4.66002896e-05 4.66002896e-05 4.66002896e-05 4.66002896e-05 4.66002896e-05 4.66002896e-05 4.66002896e-05 4.66002896e-05 4.66002896e-05 4.66002896e-05 4.66002896e-05 4.66002896e-05 4.66002896e-05 4.66002896e-05 4.66002896e-05 4.66002896e-05 4.66002896e-05 4.66002896e-05 4.66002896e-05 4.66002896e-05 4.66002896e-05 4.66002896e-05 4.66002896e-05 4.66002896e-05 4.66002896e-05 4.66002896e-05 4.66002896e-05 4.66002896e-05 4.66002896e-05 4.66002896e-05 4.66002896e-05 4.66002896e-05 4.66002896e-05 4.66002896e-05 4.66002896e-05 4.66002896e-05 4.66002896e-05 4.66002896e-05 4.66002896e-05 4.66002896e-05 4.66002896e-05 4.66002896e-05 4.66002896e-05 4.66002896e-05 4.66002896e-05 4.66002896e-05 4.66002896e-05 4.66002896e-05 4.66002896e-05 4.66002896e-05 4.66002896e-05 4.66002896e-05 4.66002896e-05 4.66002896e-05 4.66002896e-05
4.04699202e-05 4.04699202e-05 4.04699202e-05 4.04699202e-05 4.04699202e-05 4.04699202e-05 4.04699202e-05 4.04699202e-05 4.04699202e-05 4.04699202e-05 4.04699202e-05 4.04699202e-05 4.04699202e-05 4.04699202e-05 4.04699202e-05 4.04699202e-05 4.04699202e-05 4.04699202e-05 4.04699202e-05 4.04699202e-05 4.04699202e-05 4.04699202e-05 4.04699202e-05 4.04699202e-05 4.04699202e-05 4.04699202e-05 4.04699202e-05 4.04699202e-05 4.04699202e-05 4.04699202e-05 4.04699202e-05 4.04699202e-05 4.04699202e-05 4.04699202e-05 4.04699202e-05 4.04699202e-05 4.04699202e-05 4.04699202e-05 4.04699202e-05 4.04699202e-05 4.04699202e-05 4.04699202e-05 4.04699202e-05 4.04699202e-05 4.04699202e-05 4.04699202e-05 4.04699202e-05 4.04699202e-05 4.04699202e-05 4.04699202e-05 4.04699202e-05 4.04699202e-05 4.04699202e-05 4.04699202e-05 4.04699202e-05 4.04699202e-05 4.04699202e-05 4.04699202e-05 4.04699202e-05 4.04699202e-05 4.04699202e-05 4.04699202e-05 4.04699202e-05 4.04699202e-05 4.04699202e-05 4.04699202e-05 4.04699202e-05 4.04699202e-05 4.04699202e-05 4.04699202e-05 4.04699202e-05 4.04699202e-05 4.04699202e-05 4.04699202e-05 4.04699202e-05 4.04699202e-05 4.04699202e-05 4.04699202e-05 4.04699202e-05 4.04699202e-05 4.04699202e-05 4.04699202e-05 4.04699202e-05 4.04699202e-05 4.04699202e-05 4.04699202e-05 4.04699202e-05 4.04699202e-05 4.04699202e-05 4.04699202e-05 4.04699202e-05 4.04699202e-05 4.04699202e-05 4.04699202e-05 4.04699202e-05 4.04699202e-05 4.04699202e-05 4.04699202e-05 4.04699202e-05 4.04699202e-05 4.04699202e-05 4.04699202e-05 4.04699202e-05 4.04699202e-05 4.04699202e-05 4.04699202e-05 4.04699202e-05 4.04699202e-05 4.04699202e-05 4.04699202e-05 4.04699202e-05 4.04699202e-05 4.04699202e-05 4.04699202e-05 4.04699202e-05 4.04699202e-05 4.04699202e-05 4.04699202e-05 4.04699202e-05 4.04699202e-05 4.04699202e-05 4.04699202e-05 4.04699202e-05 4.04699202e-05 4.04699202e-05 4.04699202e-05 4.04699202e-05 4.04699202e-05 4.04699202e-05 4.04699202e-05 4.04699202e-05 4.04699202e-05 4.04699202e-05 4.04699202e-05 4.04699202e-05 4.04699202e-05 4.04699202e-05 4.04699202e-05 4.04699202e-05 4.04699202e-05 4.04699202e-05 4.04699202e-05 4.04699202e-05 4.04699202e-05 4.04699202e-05 4.04699202e-05 4.04699202e-05 4.04699202e-05 4.04699202e-05 4.04699202e-05 4.04699202e-05 4.04699202e-05 4.04699202e-05 4.04699202e-05 4.04699202e-05 4.04699202e-05 4.04699202e-05 4.04699202e-05 4.04699202e-05 4.04699202e-05 4.04699202e-05 4.04699202e-05 4.04699202e-05 4.04699202e-05 4.04699202e-05 4.04699202e-05 4.04699202e-05 4.04699202e-05 4.04699202e-05 4.04699202e-05 4.04699202e-05 4.04699202e-05 4.04699202e-05 4.04699202e-05 4.04699202e-05 4.04699202e-05 4.04699202e-05 4.04699202e-05 4.04699202e-05 4.04699202e-05 4.04699202e-05 4.04699202e-05 4.04699202e-05 4.04699202e-05 4.04699202e-05 4.04699202e-05 4.04699202e-05 4.04699202e-05 4.04699202e-05 4.04699202e-05 4.04699202e-05 4.04699202e-05 4.04699202e-05 4.04699202e-05 4.04699202e-05 4.04699202e-05 4.04699202e-05 4.04699202e-05 4.04699202e-05 4.04699202e-05
3.51151963e-05 3.51151963e-05 3.51151963e-05 3.51151963e-05 3.51151963e-05 3.51151963e-05 3.51151963e-05 3.51151963e-05 3.51151963e-05 3.51151963e-05 3.51151963e-05 3.51151963e-05 3.51151963e-05 3.51151963e-05 3.51151963e-05 3.51151963e-05 3.51151963e-05 3.51151963e-05 3.51151963e-05 3.51151963e-05 3.51151963e-05 3.51151963e-05 3.51151963e-05 3.51151963e-05 3.51151963e-05 3.51151963e-05 3.51151963e-05 3.51151963e-05 3.51151963e-05 3.51151963e-05 3.51151963e-05 3.51151963e-05 3.51151963e-05 3.51151963e-05 3.51151963e-05 3.51151963e-05 3.51151963e-05 3.51151963e-05 3.51151963e-05 3.51151963e-05 3.51151963e-05 3.51151963e-05 3.51151963e-05 3.51151963e-05 3.51151963e-05 3.51151963e-05 3.51151963e-05 3.51151963e-05 3.51151963e-05 3.51151963e-05 3.51151963e-05 3.51151963e-05 3.51151963e-05 3.51151963e-05 3.51151963e-05 3.51151963e-05 3.51151963e-05 3.51151963e-05 3.51151963e-05 3.51151963e-05 3.51151963e-05 3.51151963e-05 3.51151963e-05 3.51151963e-05 3.51151963e-05 3.51151963e-05 3.51151963e-05 3.51151963e-05 3.51151963e-05 3.51151963e-05 3.51151963e-05 3.51151963e-05 3.51151963e-05 3.51151963e-05 3.51151963e-05 3.51151963e-05 3.51151963e-05 3.51151963e-05 3.51151963e-05 3.51151963e-05 3.51151963e-05 3.51151963e-05 3.51151963e-05 3.51151963e-05 3.51151963e-05 3.51151963e-05 3.51151963e-05 3.51151963e-05 3.51151963e-05 3.51151963e-05 3.51151963e-05 3.51151963e-05 3.51151963e-05 3.51151963e-05 3.51151963e-05 3.51151963e-05 3.51151963e-05 3.51151963e-05 3.51151963e-05 3.51151963e-05 3.51151963e-05 3.51151963e-05 3.51151963e-05 3.51151963e-05 3.51151963e-05 3.51151963e-05 3.51151963e-05 3.51151963e-05 3.51151963e-05 3.51151963e-05 3.51151963e-05 3.51151963e-05 3.51151963e-05 3.51151963e-05 3.51151963e-05 3.51151963e-05 3.51151963e-05 3.51151963e-05 3.51151963e-05 3.51151963e-05 3.51151963e-05 3.51151963e-05 3.51151963e-05 3.51151963e-05 3.51151963e-05 3.51151963e-05 3.51151963e-05 3.51151963e-05 3.51151963e-05 3.51151963e-05 3.51151963e-05 3.51151963e-05 3.51151963e-05 3.51151963e-05 3.51151963e-05 3.51151963e-05 3.51151963e-05 3.51151963e-05 3.51151963e-05 3.51151963e-05 3.51151963e-05 3.51151963e-05 3.51151963e-05 3.51151963e-05 3.51151963e-05 3.51151963e-05 3.51151963e-05 3.51151963e-05 3.51151963e-05 3.51151963e-05 3.51151963e-05 3.51151963e-05 3.51151963e-05 3.51151963e-05 3.51151963e-05 3.51151963e-05 3.51151963e-05 3.51151963e-05 3.51151963e-05 3.51151963e-05 3.51151963e-05 3.51151963e-05 3.51151963e-05 3.51151963e-05 3.51151963e-05 3.51151963e-05 3.51151963e-05 3.51151963e-05 3.51151963e-05 3.51151963e-05 3.51151963e-05 3.51151963e-05 3.51151963e-05 3.51151963e-05 3.51151963e-05 3.51151963e-05 3.51151963e-05 3.51151963e-05 3.51151963e-05 3.51151963e-05 3.51151963e-05 3.51151963e-05 3.51151963e-05 3.51151963e-05 3.51151963e-05 3.51151963e-05 3.51151963e-05 3.51151963e-05 3.51151963e-05 3.51151963e-05 3.51151963e-05 3.51151963e-05 3.51151963e-05 3.51151963e-05 3.51151963e-05 3.51151963e-05 3.51151963e-05 3.51151963e-05 3.51151963e-05 3.51151963e-05
3.04422541e-05 3.04422541e-05 3.04422541e-05 3.04422541e-05 3.04422541e-05 3.04422541e-05 3.04422541e-05 3.04422541e-05 3.04422541e-05 3.04422541e-05 3.04422541e-05 3.04422541e-05 3.04422541e-05 3.04422541e-05 3.04422541e-05 3.04422541e-05 3.04422541e-05 3.04422541e-05 3.04422541e-05 3.04422541e-05 3.04422541e-05 3.04422541e-05 3.04422541e-05 3.04422541e-05 3.04422541e-05 3.04422541e-05 3.04422541e-05 3.04422541e-05 3.04422541e-05 3.04422541e-05 3.04422541e-05 3.04422541e-05 3.04422541e-05 3.04422541e-05 3.04422541e-05 3.04422541e-05 3.04422541e-05 3.04422541e-05 3.04422541e-05 3.04422541e-05 3.04422541e-05 3.04422541e-05 3.04422541e-05 3.04422541e-05 3.04422541e-05 3.04422541e-05 3.04422541e-05 3.04422541e-05 3.04422541e-05 3.04422541e-05 3.04422541e-05 3.04422541e-05 3.04422541e-05 3.04422541e-05 3.04422541e-05 3.04422541e-05 3.04422541e-05 3.04422541e-05 3.04422541e-05 3.04422541e-05 3.04422541e-05 3.04422541e-05 3.04422541e-05 3.04422541e-05 3.04422541e-05 3.04422541e-05 3.04422541e-05 3.04422541e-05 3.04422541e-05 3.04422541e-05 3.04422541e-05 3.04422541e-05 3.04422541e-05 3.04422541e-05 3.04422541e-05 3.04422541e-05 3.04422541e-05 3.04422541e-05 3.04422541e-05 3.04422541e-05 3.04422541e-05 3.04422541e-05 3.04422541e-05 3.04422541e-05 3.04422541e-05 3.04422541e-05 3.04422541e-05 3.04422541e-05 3.04422541e-05 3.04422541e-05 3.04422541e-05 3.04422541e-05 3.04422541e-05 3.04422541e-05 3.04422541e-05 3.04422541e-05 3.04422541e-05 3.04422541e-05 3.04422541e-05 3.04422541e-05 3.04422541e-05 3.04422541e-05 3.04422541e-05 3.04422541e-05 3.04422541e-05 3.04422541e-05 3.04422541e-05 3.04422541e-05 3.04422541e-05 3.04422541e-05 3.04422541e-05 3.04422541e-05 3.04422541e-05 3.04422541e-05 3.04422541e-05 3.04422541e-05 3.04422541e-05 3.04422541e-05 3.04422541e-05 3.04422541e-05 3.04422541e-05 3.04422541e-05 3.04422541e-05 3.04422541e-05 3.04422541e-05 3.04422541e-05 3.04422541e-05 3.04422541e-05 3.04422541e-05 3.04422541e-05 3.04422541e-05 3.04422541e-05 3.04422541e-05 3.04422541e-05 3.04422541e-05 3.04422541e-05 3.04422541e-05 3.04422541e-05 3.04422541e-05 3.04422541e-05 3.04422541e-05 3.04422541e-05 3.04422541e-05 3.04422541e-05 3.04422541e-05 3.04422541e-05 3.04422541e-05 3.04422541e-05 3.04422541e-05 3.04422541e-05 3.04422541e-05 3.04422541e-05 3.04422541e-05 3.04422541e-05 3.04422541e-05 3.04422541e-05 3.04422541e-05 3.04422541e-05 3.04422541e-05 3.04422541e-05 3.04422541e-05 3.04422541e-05 3.04422541e-05 3.04422541e-05 3.04422541e-05 3.04422541e-05 3.04422541e-05 3.04422541e-05 3.04422541e-05 3.04422541e-05 3.04422541e-05 3.04422541e-05 3.04422541e-05 3.04422541e-05 3.04422541e-05 3.04422541e-05 3.04422541e-05 3.04422541e-05 3.04422541e-05 3.04422541e-05 3.04422541e-05 3.04422541e-05 3.04422541e-05 3.04422541e-05 3.04422541e-05 3.04422541e-05 3.04422541e-05 3.04422541e-05 3.04422541e-05 3.04422541e-05 3.04422541e-05 3.04422541e-05 3.04422541e-05 3.04422541e-05 3.04422541e-05 3.04422541e-05 3.04422541e-05 3.04422541e-05 3.04422541e-05 3.04422541e-05
2.63680129e-05 2.63680129e-05 2.63680129e-05 2.63680129e-05 2.63680129e-05 2.63680129e-05 2.63680129e-05 2.63680129e-05 2.63680129e-05 2.63680129e-05 2.63680129e-05 2.63680129e-05 2.63680129e-05 2.63680129e-05 2.63680129e-05 2.63680129e-05 2.63680129e-05 2.63680129e-05 2.63680129e-05 2.63680129e-05 2.63680129e-05 2.63680129e-05 2.63680129e-05 2.63680129e-05 2.63680129e-05 2.63680129e-05 2.63680129e-05 2.63680129e-05 2.63680129e-05 2.63680129e-05 2.63680129e-05 2.63680129e-05 2.63680129e-05 2.63680129e-05 2.63680129e-05 2.63680129e-05 2.63680129e-05 2.63680129e-05 2.63680129e-05 2.63680129e-05 2.63680129e-05 2.63680129e-05 2.63680129e-05 2.63680129e-05 2.63680129e-05 2.63680129e-05 2.63680129e-05 2.63680129e-05 2.63680129e-05 2.63680129e-05 2.63680129e-05 2.63680129e-05 2.63680129e-05 2.63680129e-05 2.63680129e-05 2.63680129e-05 2.63680129e-05 2.63680129e-05 2.63680129e-05 2.63680129e-05 2.63680129e-05 2.63680129e-05 2.63680129e-05 2.63680129e-05 2.63680129e-05 2.63680129e-05 2.63680129e-05 2.63680129e-05 2.63680129e-05 2.63680129e-05 2.63680129e-05 2.63680129e-05 2.63680129e-05 2.63680129e-05 2.63680129e-05 2.63680129e-05 2.63680129e-05 2.63680129e-05 2.63680129e-05 2.63680129e-05 2.63680129e-05 2.63680129e-05 2.63680129e-05 2.63680129e-05 2.63680129e-05 2.63680129e-05 2.63680129e-05 2.63680129e-05 2.63680129e-05 2.63680129e-05 2.63680129e-05 2.63680129e-05 2.63680129e-05 2.63680129e-05 2.63680129e-05 2.63680129e-05 2.63680129e-05 2.63680129e-05 2.63680129e-05 2.63680129e-05 2.63680129e-05 2.63680129e-05 2.63680129e-05 2.63680129e-05 2.63680129e-05 2.63680129e-05 2.63680129e-05 2.63680129e-05 2.63680129e-05 2.63680129e-05 2.63680129e-05 2.63680129e-05 2.63680129e-05 2.63680129e-05 2.63680129e-05 2.63680129e-05 2.63680129e-05 2.63680129e-05 2.63680129e-05 2.63680129e-05 2.63680129e-05 2.63680129e-05 2.63680129e-05 2.63680129e-05 2.63680129e-05 2.63680129e-05 2.63680129e-05 2.63680129e-05 2.63680129e-05 2.63680129e-05 2.63680129e-05 2.63680129e-05 2.63680129e-05 2.63680129e-05 2.63680129e-05 2.63680129e-05 2.63680129e-05 2.63680129e-05 2.63680129e-05 2.63680129e-05 2.63680129e-05 2.63680129e-05 2.63680129e-05 2.63680129e-05 2.63680129e-05 2.63680129e-05 2.63680129e-05 2.63680129e-05 2.63680129e-05 2.63680129e-05 2.63680129e-05 2.63680129e-05 2.63680129e-05 2.63680129e-05 2.63680129e-05 2.63680129e-05 2.63680129e-05 2.63680129e-05 2.63680129e-05 2.63680129e-05 2.63680129e-05 2.63680129e-05 2.63680129e-05 2.63680129e-05 2.63680129e-05 2.63680129e-05 2.63680129e-05 2.63680129e-05 2.63680129e-05 2.63680129e-05 2.63680129e-05 2.63680129e-05 2.63680129e-05 2.63680129e-05 2.63680129e-05 2.63680129e-05 2.63680129e-05 2.63680129e-05 2.63680129e-05 2.63680129e-05 2.63680129e-05 2.63680129e-05 2.63680129e-05 2.63680129e-05 2.63680129e-05 2.63680129e-05 2.63680129e-05 2.63680129e-05 2.63680129e-05 2.63680129e-05 2.63680129e-05 2.63680129e-05 2.63680129e-05 2.63680129e-05 2.63680129e-05 2.63680129e-05 2.63680129e-05 2.63680129e-05 2.63680129e-05 2.63680129e-05
2.28190109e-05 2.28190109e-05 2.28190109e-05 2.28190109e-05 2.28190109e-05 2.28190109e-05 2.28190109e-05 2.28190109e-05 2.28190109e-05 2.28190109e-05 2.28190109e-05 2.28190109e-05 2.28190109e-05 2.28190109e-05 2.28190109e-05 2.28190109e-05 2.28190109e-05 2.28190109e-05 2.28190109e-05 2.28190109e-05 2.28190109e-05 2.28190109e-05 2.28190109e-05 2.28190109e-05 2.28190109e-05 2.28190109e-05 2.28190109e-05 2.28190109e-05 2.28190109e-05 2.28190109e-05 2.28190109e-05 2.28190109e-05 2.28190109e-05 2.28190109e-05 2.28190109e-05 2.28190109e-05 2.28190109e-05 2.28190109e-05 2.28190109e-05 2.28190109e-05 2.28190109e-05 2.28190109e-05 2.28190109e-05 2.28190109e-05 2.28190109e-05 2.28190109e-05 2.28190109e-05 2.28190109e-05 2.28190109e-05 2.28190109e-05 2.28190109e-05 2.28190109e-05 2.28190109e-05 2.28190109e-05 2.28190109e-05 2.28190109e-05 2.28190109e-05 2.28190109e-05 2.28190109e-05 2.28190109e-05 2.28190109e-05 2.28190109e-05 2.28190109e-05 2.28190109e-05 2.28190109e-05 2.28190109e-05 2.28190109e-05 2.28190109e-05 2.28190109e-05 2.28190109e-05 2.28190109e-05 2.28190109e-05 2.28190109e-05 2.28190109e-05 2.28190109e-05 2.28190109e-05 2.28190109e-05 2.28190109e-05 2.28190109e-05 2.28190109e-05 2.28190109e-05 2.28190109e-05 2.28190109e-05 2.28190109e-05 2.28190109e-05 2.28190109e-05 2.28190109e-05 2.28190109e-05 2.28190109e-05 2.28190109e-05 2.28190109e-05 2.28190109e-05 2.28190109e-05 2.28190109e-05 2.28190109e-05 2.28190109e-05 2.28190109e-05 2.28190109e-05 2.28190109e-05 2.28190109e-05 2.28190109e-05 2.28190109e-05 2.28190109e-05 2.28190109e-05 2.28190109e-05 2.28190109e-05 2.28190109e-05 2.28190109e-05 2.28190109e-05 2.28190109e-05 2.28190109e-05 2.28190109e-05 2.28190109e-05 2.28190109e-05 2.28190109e-05 2.28190109e-05 2.28190109e-05 2.28190109e-05 2.28190109e-05 2.28190109e-05 2.28190109e-05 2.28190109e-05 2.28190109e-05 2.28190109e-05 2.28190109e-05 2.28190109e-05 2.28190109e-05 2.28190109e-05 2.28190109e-05 2.28190109e-05 2.28190109e-05 2.28190109e-05 2.28190109e-05 2.28190109e-05 2.28190109e-05 2.28190109e-05 2.28190109e-05 2.28190109e-05 2.28190109e-05 2.28190109e-05 2.28190109e-05 2.28190109e-05 2.28190109e-05 2.28190109e-05 2.28190109e-05 2.28190109e-05 2.28190109e-05 2.28190109e-05 2.28190109e-05 2.28190109e-05 2.28190109e-05 2.28190109e-05 2.28190109e-05 2.28190109e-05 2.28190109e-05 2.28190109e-05 2.28190109e-05 2.28190109e-05 2.28190109e-05 2.28190109e-05 2.28190109e-05 2.28190109e-05 2.28190109e-05 2.28190109e-05 2.28190109e-05 2.28190109e-05 2.28190109e-05 2.28190109e-05 2.28190109e-05 2.28190109e-05 2.28190109e-05 2.28190109e-05 2.28190109e-05 2.28190109e-05 2.28190109e-05 2.28190109e-05 2.28190109e-05 2.28190109e-05 2.28190109e-05 2.28190109e-05 2.28190109e-05 2.28190109e-05 2.28190109e-05 2.28190109e-05 2.28190109e-05 2.28190109e-05 2.28190109e-05 2.28190109e-05 2.28190109e-05 2.28190109e-05 2.28190109e-05 2.28190109e-05 2.28190109e-05 2.28190109e-05 2.28190109e-05 2.28190109e-05 2.28190109e-05 2.28190109e-05 2.28190109e-05 2.28190109e-05
1.97303586e-05 1.97303586e-05 1.97303586e-05 1.97303586e-05 1.97303586e-05 1.97303586e-05 1.97303586e-05 1.97303586e-05 1.97303586e-05 1.97303586e-05 1.97303586e-05 1.97303586e-05 1.97303586e-05 1.97303586e-05 1.97303586e-05 1.97303586e-05 1.97303586e-05 1.97303586e-05 1.97303586e-05 1.97303586e-05 1.97303586e-05 1.97303586e-05 1.97303586e-05 1.97303586e-05 1.97303586e-05 1.97303586e-05 1.97303586e-05 1.97303586e-05 1.97303586e-05 1.97303586e-05 1.97303586e-05 1.97303586e-05 1.97303586e-05 1.97303586e-05 1.97303586e-05 1.97303586e-05 1.97303586e-05 1.97303586e-05 1.97303586e-05 1.97303586e-05 1.97303586e-05 1.97303586e-05 1.97303586e-05 1.97303586e-05 1.97303586e-05 1.97303586e-05 1.97303586e-05 1.97303586e-05 1.97303586e-05 1.97303586e-05 1.97303586e-05 1.97303586e-05 1.97303586e-05 1.97303586e-05 1.97303586e-05 1.97303586e-05 1.97303586e-05 1.97303586e-05 1.97303586e-05 1.97303586e-05 1.97303586e-05 1.97303586e-05 1.97303586e-05 1.97303586e-05 1.97303586e-05 1.97303586e-05 1.97303586e-05 1.97303586e-05 1.97303586e-05 1.97303586e-05 1.97303586e-05 1.97303586e-05 1.97303586e-05 1.97303586e-05 1.97303586e-05 1.97303586e-05 1.97303586e-05 1.97303586e-05 1.97303586e-05 1.97303586e-05 1.97303586e-05 1.97303586e-05 1.97303586e-05 1.97303586e-05 1.97303586e-05 1.97303586e-05 1.97303586e-05 1.97303586e-05 1.97303586e-05 1.97303586e-05 1.97303586e-05 1.97303586e-05 1.97303586e-05 1.97303586e-05 1.97303586e-05 1.97303586e-05 1.97303586e-05 1.97303586e-05 1.97303586e-05 1.97303586e-05 1.97303586e-05 1.97303586e-05 1.97303586e-05 1.97303586e-05 1.97303586e-05 1.97303586e-05 1.97303586e-05 1.97303586e-05 1.97303586e-05 1.97303586e-05 1.97303586e-05 1.97303586e-05 1.97303586e-05 1.97303586e-05 1.97303586e-05 1.97303586e-05 1.97303586e-05 1.97303586e-05 1.97303586e-05 1.97303586e-05 1.97303586e-05 1.97303586e-05 1.97303586e-05 1.97303586e-05 1.97303586e-05 1.97303586e-05 1.97303586e-05 1.97303586e-05 1.97303586e-05 1.97303586e-05 1.97303586e-05 1.97303586e-05 1.97303586e-05 1.97303586e-05 1.97303586e-05 1.97303586e-05 1.97303586e-05 1.97303586e-05 1.97303586e-05 1.97303586e-05 1.97303586e-05 1.97303586e-05 1.97303586e-05 1.97303586e-05 1.97303586e-05 1.97303586e-05 1.97303586e-05 1.97303586e-05 1.97303586e-05 1.97303586e-05 1.97303586e-05 1.97303586e-05 1.97303586e-05 1.97303586e-05 1.97303586e-05 1.97303586e-05 1.97303586e-05 1.97303586e-05 1.97303586e-05 1.97303586e-05 1.97303586e-05 1.97303586e-05 1.97303586e-05 1.97303586e-05 1.97303586e-05 1.97303586e-05 1.97303586e-05 1.97303586e-05 1.97303586e-05 1.97303586e-05 1.97303586e-05 1.97303586e-05 1.97303586e-05 1.97303586e-05 1.97303586e-05 1.97303586e-05 1.97303586e-05 1.97303586e-05 1.97303586e-05 1.97303586e-05 1.97303586e-05 1.97303586e-05 1.97303586e-05 1.97303586e-05 1.97303586e-05 1.97303586e-05 1.97303586e-05 1.97303586e-05 1.97303586e-05 1.97303586e-05 1.97303586e-05 1.97303586e-05 1.97303586e-05 1.97303586e-05 1.97303586e-05 1.97303586e-05 1.97303586e-05 1.97303586e-05 1.97303586e-05 1.97303586e-05
1.70447963e-05 1.70447963e-05 1.70447963e-05 1.70447963e-05 1.70447963e-05 1.70447963e-05 1.70447963e-05 1.70447963e-05 1.70447963e-05 1.70447963e-05 1.70447963e-05 1.70447963e-05 1.70447963e-05 1.70447963e-05 1.70447963e-05 1.70447963e-05 1.70447963e-05 1.70447963e-05 1.70447963e-05 1.70447963e-05 1.70447963e-05 1.70447963e-05 1.70447963e-05 1.70447963e-05 1.70447963e-05 1.70447963e-05 1.70447963e-05 1.70447963e-05 1.70447963e-05 1.70447963e-05 1.70447963e-05 1.70447963e-05 1.70447963e-05 1.70447963e-05 1.70447963e-05 1.70447963e-05 1.70447963e-05 1.70447963e-05 1.70447963e-05 1.70447963e-05 1.70447963e-05 1.70447963e-05 1.70447963e-05 1.70447963e-05 1.70447963e-05 1.70447963e-05 1.70447963e-05 1.70447963e-05 1.70447963e-05 1.70447963e-05 1.70447963e-05 1.70447963e-05 1.70447963e-05 1.70447963e-05 1.70447963e-05 1.70447963e-05 1.70447963e-05 1.70447963e-05 1.70447963e-05 1.70447963e-05 1.70447963e-05 1.70447963e-05 1.70447963e-05 1.70447963e-05 1.70447963e-05 1.70447963e-05 1.70447963e-05 1.70447963e-05 1.70447963e-05 1.70447963e-05 1.70447963e-05 1.70447963e-05 1.70447963e-05 1.70447963e-05 1.70447963e-05 1.70447963e-05 1.70447963e-05 1.70447963e-05 1.70447963e-05 1.70447963e-05 1.70447963e-05 1.70447963e-05 1.70447963e-05 1.70447963e-05 1.70447963e-05 1.70447963e-05 1.70447963e-05 1.70447963e-05 1.70447963e-05 1.70447963e-05 1.70447963e-05 1.70447963e-05 1.70447963e-05 1.70447963e-05 1.70447963e-05 1.70447963e-05 1.70447963e-05 1.70447963e-05 1.70447963e-05 1.70447963e-05 1.70447963e-05 1.70447963e-05 1.70447963e-05 1.70447963e-05 1.70447963e-05 1.70447963e-05 1.70447963e-05 1.70447963e-05 1.70447963e-05 1.70447963e-05 1.70447963e-05 1.70447963e-05 1.70447963e-05 1.70447963e-05 1.70447963e-05 1.70447963e-05 1.70447963e-05 1.70447963e-05 1.70447963e-05 1.70447963e-05 1.70447963e-05 1.70447963e-05 1.70447963e-05 1.70447963e-05 1.70447963e-05 1.70447963e-05 1.70447963e-05 1.70447963e-05 1.70447963e-05 1.70447963e-05 1.70447963e-05 1.70447963e-05 1.70447963e-05 1.70447963e-05 1.70447963e-05 1.70447963e-05 1.70447963e-05 1.70447963e-05 1.70447963e-05 1.70447963e-05 1.70447963e-05 1.70447963e-05 1.70447963e-05 1.70447963e-05 1.70447963e-05 1.70447963e-05 1.70447963e-05 1.70447963e-05 1.70447963e-05 1.70447963e-05 1.70447963e-05 1.70447963e-05 1.70447963e-05 1.70447963e-05 1.70447963e-05 1.70447963e-05 1.70447963e-05 1.70447963e-05 1.70447963e-05 1.70447963e-05 1.70447963e-05 1.70447963e-05 1.70447963e-05 1.70447963e-05 1.70447963e-05 1.70447963e-05 1.70447963e-05 1.70447963e-05 1.70447963e-05 1.70447963e-05 1.70447963e-05 1.70447963e-05 1.70447963e-05 1.70447963e-05 1.70447963e-05 1.70447963e-05 1.70447963e-05 1.70447963e-05 1.70447963e-05 1.70447963e-05 1.70447963e-05 1.70447963e-05 1.70447963e-05 1.70447963e-05 1.70447963e-05 1.70447963e-05 1.70447963e-05 1.70447963e-05 1.70447963e-05 1.70447963e-05 1.70447963e-05 1.70447963e-05 1.70447963e-05 1.70447963e-05 1.70447963e-05 1.70447963e-05 1.70447963e-05 1.70447963e-05 1.70447963e-05 1.70447963e-05
1.47118488e-05 1.47118488e-05 1.47118488e-05 1.47118488e-05 1.47118488e-05 1.47118488e-05 1.47118488e-05 1.47118488e-05 1.47118488e-05 1.47118488e-05 1.47118488e-05 1.47118488e-05 1.47118488e-05 1.47118488e-05 1.47118488e-05 1.47118488e-05 1.47118488e-05 1.47118488e-05 1.47118488e-05 1.47118488e-05 1.47118488e-05 1.47118488e-05 1.47118488e-05 1.47118488e-05 1.47118488e-05 1.47118488e-05 1.47118488e-05 1.47118488e-05 1.47118488e-05 1.47118488e-05 1.47118488e-05 1.47118488e-05 1.47118488e-05 1.47118488e-05 1.47118488e-05 1.47118488e-05 1.47118488e-05 1.47118488e-05 1.47118488e-05 1.47118488e-05 1.47118488e-05 1.47118488e-05 1.47118488e-05 1.47118488e-05 1.47118488e-05 1.47118488e-05 1.47118488e-05 1.47118488e-05 1.47118488e-05 1.47118488e-05 1.47118488e-05 1.47118488e-05 1.47118488e-05 1.47118488e-05 1.47118488e-05 1.47118488e-05 1.47118488e-05 1.47118488e-05 1.47118488e-05 1.47118488e-05 1.47118488e-05 1.47118488e-05 1.47118488e-05 1.47118488e-05 1.47118488e-05 1.47118488e-05 1.47118488e-05 1.47118488e-05 1.47118488e-05 1.47118488e-05 1.47118488e-05 1.47118488e-05 1.47118488e-05 1.47118488e-05 1.47118488e-05 1.47118488e-05 1.47118488e-05 1.47118488e-05 1.47118488e-05 1.47118488e-05 1.47118488e-05 1.47118488e-05 1.47118488e-05 1.47118488e-05 1.47118488e-05 1.47118488e-05 1.47118488e-05 1.47118488e-05 1.47118488e-05 1.47118488e-05 1.47118488e-05 1.47118488e-05 1.47118488e-05 1.47118488e-05 1.47118488e-05 1.47118488e-05 1.47118488e-05 1.47118488e-05 1.47118488e-05 1.47118488e-05 1.47118488e-05 1.47118488e-05 1.47118488e-05 1.47118488e-05 1.47118488e-05 1.47118488e-05 1.47118488e-05 1.47118488e-05 1.47118488e-05 1.47118488e-05 1.47118488e-05 1.47118488e-05 1.47118488e-05 1.47118488e-05 1.47118488e-05 1.47118488e-05 1.47118488e-05 1.47118488e-05 1.47118488e-05 1.47118488e-05 1.47118488e-05 1.47118488e-05 1.47118488e-05 1.47118488e-05 1.47118488e-05 1.47118488e-05 1.47118488e-05 1.47118488e-05 1.47118488e-05 1.47118488e-05 1.47118488e-05 1.47118488e-05 1.47118488e-05 1.47118488e-05 1.47118488e-05 1.47118488e-05 1.47118488e-05 1.47118488e-05 1.47118488e-05 1.47118488e-05 1.47118488e-05 1.47118488e-05 1.47118488e-05 1.47118488e-05 1.47118488e-05 1.47118488e-05 1.47118488e-05 1.47118488e-05 1.47118488e-05 1.47118488e-05 1.47118488e-05 1.47118488e-05 1.47118488e-05 1.47118488e-05 1.47118488e-05 1.47118488e-05 1.47118488e-05 1.47118488e-05 1.47118488e-05 1.47118488e-05 1.47118488e-05 1.47118488e-05 1.47118488e-05 1.47118488e-05 1.47118488e-05 1.47118488e-05 1.47118488e-05 1.47118488e-05 1.47118488e-05 1.47118488e-05 1.47118488e-05 1.47118488e-05 1.47118488e-05 1.47118488e-05 1.47118488e-05 1.47118488e-05 1.47118488e-05 1.47118488e-05 1.47118488e-05 1.47118488e-05 1.47118488e-05 1.47118488e-05 1.47118488e-05 1.47118488e-05 1.47118488e-05 1.47118488e-05 1.47118488e-05 1.47118488e-05 1.47118488e-05 1.47118488e-05 1.47118488e-05 1.47118488e-05 1.47118488e-05 1.47118488e-05 1.47118488e-05 1.47118488e-05 1.47118488e-05 1.47118488e-05 1.47118488e-05 1.47118488e-05
1.26870664e-05 1.26870664e-05 1.26870664e-05 1.26870664e-05 1.26870664e-05 1.26870664e-05 1.26870664e-05 1.26870664e-05 1.26870664e-05 1.26870664e-05 1.26870664e-05 1.26870664e-05 1.26870664e-05 1.26870664e-05 1.26870664e-05 1.26870664e-05 1.26870664e-05 1.26870664e-05 1.26870664e-05 1.26870664e-05 1.26870664e-05 1.26870664e-05 1.26870664e-05 1.26870664e-05 1.26870664e-05 1.26870664e-05 1.26870664e-05 1.26870664e-05 1.26870664e-05 1.26870664e-05 1.26870664e-05 1.26870664e-05 1.26870664e-05 1.26870664e-05 1.26870664e-05 1.26870664e-05 1.26870664e-05 1.26870664e-05 1.26870664e-05 1.26870664e-05 1.26870664e-05 1.26870664e-05 1.26870664e-05 1.26870664e-05 1.26870664e-05 1.26870664e-05 1.26870664e-05 1.26870664e-05 1.26870664e-05 1.26870664e-05 1.26870664e-05 1.26870664e-05 1.26870664e-05 1.26870664e-05 1.26870664e-05 1.26870664e-05 1.26870664e-05 1.26870664e-05 1.26870664e-05 1.26870664e-05 1.26870664e-05 1.26870664e-05 1.26870664e-05 1.26870664e-05 1.26870664e-05 1.26870664e-05 1.26870664e-05 1.26870664e-05 1.26870664e-05 1.26870664e-05 1.26870664e-05 1.26870664e-05 1.26870664e-05 1.26870664e-05 1.26870664e-05 1.26870664e-05 1.26870664e-05 1.26870664e-05 1.26870664e-05 1.26870664e-05 1.26870664e-05 1.26870664e-05 1.26870664e-05 1.26870664e-05 1.26870664e-05 1.26870664e-05 1.26870664e-05 1.26870664e-05 1.26870664e-05 1.26870664e-05 1.26870664e-05 1.26870664e-05 1.26870664e-05 1.26870664e-05 1.26870664e-05 1.26870664e-05 1.26870664e-05 1.26870664e-05 1.26870664e-05 1.26870664e-05 1.26870664e-05 1.26870664e-05 1.26870664e-05 1.26870664e-05 1.26870664e-05 1.26870664e-05 1.26870664e-05 1.26870664e-05 1.26870664e-05 1.26870664e-05 1.26870664e-05 1.26870664e-05 1.26870664e-05 1.26870664e-05 1.26870664e-05 1.26870664e-05 1.26870664e-05 1.26870664e-05 1.26870664e-05 1.26870664e-05 1.26870664e-05 1.26870664e-05 1.26870664e-05 1.26870664e-05 1.26870664e-05 1.26870664e-05 1.26870664e-05 1.26870664e-05 1.26870664e-05 1.26870664e-05 1.26870664e-05 1.26870664e-05 1.26870664e-05 1.26870664e-05 1.26870664e-05 1.26870664e-05 1.26870664e-05 1.26870664e-05 1.26870664e-05 1.26870664e-05 1.26870664e-05 1.26870664e-05 1.26870664e-05 1.26870664e-05 1.26870664e-05 1.26870664e-05 1.26870664e-05 1.26870664e-05 1.26870664e-05 1.26870664e-05 1.26870664e-05 1.26870664e-05 1.26870664e-05 1.26870664e-05 1.26870664e-05 1.26870664e-05 1.26870664e-05 1.26870664e-05 1.26870664e-05 1.26870664e-05 1.26870664e-05 1.26870664e-05 1.26870664e-05 1.26870664e-05 1.26870664e-05 1.26870664e-05 1.26870664e-05 1.26870664e-05 1.26870664e-05 1.26870664e-05 1.26870664e-05 1.26870664e-05 1.26870664e-05 1.26870664e-05 1.26870664e-05 1.26870664e-05 1.26870664e-05 1.26870664e-05 1.26870664e-05 1.26870664e-05 1.26870664e-05 1.26870664e-05 1.26870664e-05 1.26870664e-05 1.26870664e-05 1.26870664e-05 1.26870664e-05 1.26870664e-05 1.26870664e-05 1.26870664e-05 1.26870664e-05 1.26870664e-05 1.26870664e-05 1.26870664e-05 1.26870664e-05 1.26870664e-05 1.26870664e-05 1.26870664e-05 1.26870664e-05 1.26870664e-05
1.09313456e-05 1.09313456e-05 1.09313456e-05 1.09313456e-05 1.09313456e-05 1.09313456e-05 1.09313456e-05 1.09313456e-05 1.09313456e-05 1.09313456e-05 1.09313456e-05 1.09313456e-05 1.09313456e-05 1.09313456e-05 1.09313456e-05 1.09313456e-05 1.09313456e-05 1.09313456e-05 1.09313456e-05 1.09313456e-05 1.09313456e-05 1.09313456e-05 1.09313456e-05 1.09313456e-05 1.09313456e-05 1.09313456e-05 1.09313456e-05 1.09313456e-05 1.09313456e-05 1.09313456e-05 1.09313456e-05 1.09313456e-05 1.09313456e-05 1.09313456e-05 1.09313456e-05 1.09313456e-05 1.09313456e-05 1.09313456e-05 1.09313456e-05 1.09313456e-05 1.09313456e-05 1.09313456e-05 1.09313456e-05 1.09313456e-05 1.09313456e-05 1.09313456e-05 1.09313456e-05 1.09313456e-05 1.09313456e-05 1.09313456e-05 1.09313456e-05 1.09313456e-05 1.09313456e-05 1.09313456e-05 1.09313456e-05 1.09313456e-05 1.09313456e-05 1.09313456e-05 1.09313456e-05 1.09313456e-05 1.09313456e-05 1.09313456e-05 1.09313456e-05 1.09313456e-05 1.09313456e-05 1.09313456e-05 1.09313456e-05 1.09313456e-05 1.09313456e-05 1.09313456e-05 1.09313456e-05 1.09313456e-05 1.09313456e-05 1.09313456e-05 1.09313456e-05 1.09313456e-05 1.09313456e-05 1.09313456e-05 1.09313456e-05 1.09313456e-05 1.09313456e-05 1.09313456e-05 1.09313456e-05 1.09313456e-05 1.09313456e-05 1.09313456e-05 1.09313456e-05 1.09313456e-05 1.09313456e-05 1.09313456e-05 1.09313456e-05 1.09313456e-05 1.09313456e-05 1.09313456e-05 1.09313456e-05 1.09313456e-05 1.09313456e-05 1.09313456e-05 1.09313456e-05 1.09313456e-05 1.09313456e-05 1.09313456e-05 1.09313456e-05 1.09313456e-05 1.09313456e-05 1.09313456e-05 1.09313456e-05 1.09313456e-05 1.09313456e-05 1.09313456e-05 1.09313456e-05 1.09313456e-05 1.09313456e-05 1.09313456e-05 1.09313456e-05 1.09313456e-05 1.09313456e-05 1.09313456e-05 1.09313456e-05 1.09313456e-05 1.09313456e-05 1.09313456e-05 1.09313456e-05 1.09313456e-05 1.09313456e-05 1.09313456e-05 1.09313456e-05 1.09313456e-05 1.09313456e-05 1.09313456e-05 1.09313456e-05 1.09313456e-05 1.09313456e-05 1.09313456e-05 1.09313456e-05 1.09313456e-05 1.09313456e-05 1.09313456e-05 1.09313456e-05 1.09313456e-05 1.09313456e-05 1.09313456e-05 1.09313456e-05 1.09313456e-05 1.09313456e-05 1.09313456e-05 1.09313456e-05 1.09313456e-05 1.09313456e-05 1.09313456e-05 1.09313456e-05 1.09313456e-05 1.09313456e-05 1.09313456e-05 1.09313456e-05 1.09313456e-05 1.09313456e-05 1.09313456e-05 1.09313456e-05 1.09313456e-05 1.09313456e-05 1.09313456e-05 1.09313456e-05 1.09313456e-05 1.09313456e-05 1.09313456e-05 1.09313456e-05 1.09313456e-05 1.09313456e-05 1.09313456e-05 1.09313456e-05 1.09313456e-05 1.09313456e-05 1.09313456e-05 1.09313456e-05 1.09313456e-05 1.09313456e-05 1.09313456e-05 1.09313456e-05 1.09313456e-05 1.09313456e-05 1.09313456e-05 1.09313456e-05 1.09313456e-05 1.09313456e-05 1.09313456e-05 1.09313456e-05 1.09313456e-05 1.09313456e-05 1.09313456e-05 1.09313456e-05 1.09313456e-05 1.09313456e-05 1.09313456e-05 1.09313456e-05 1.09313456e-05 1.09313456e-05 1.09313456e-05 1.09313456e-05 1.09313456e-05
9.41032041e-06 9.41032041e-06 9.41032041e-06 9.41032041e-06 9.41032041e-06 9.41032041e-06 9.41032041e-06 9.41032041e-06 9.41032041e-06 9.41032041e-06 9.41032041e-06 9.41032041e-06 9.41032041e-06 9.41032041e-06 9.41032041e-06 9.41032041e-06 9.41032041e-06 9.41032041e-06 9.41032041e-06 9.41032041e-06 9.41032041e-06 9.41032041e-06 9.41032041e-06 9.41032041e-06 9.41032041e-06 9.41032041e-06 9.41032041e-06 9.41032041e-06 9.41032041e-06 9.41032041e-06 9.41032041e-06 9.41032041e-06 9.41032041e-06 9.41032041e-06 9.41032041e-06 9.41032041e-06 9.41032041e-06 9.41032041e-06 9.41032041e-06 9.41032041e-06 9.41032041e-06 9.41032041e-06 9.41032041e-06 9.41032041e-06 9.41032041e-06 9.41032041e-06 9.41032041e-06 9.41032041e-06 9.41032041e-06 9.41032041e-06 9.41032041e-06 9.41032041e-06 9.41032041e-06 9.41032041e-06 9.41032041e-06 9.41032041e-06 9.41032041e-06 9.41032041e-06 9.41032041e-06 9.41032041e-06 9.41032041e-06 9.41032041e-06 9.41032041e-06 9.41032041e-06 9.41032041e-06 9.41032041e-06 9.41032041e-06 9.41032041e-06 9.41032041e-06 9.41032041e-06 9.41032041e-06 9.41032041e-06 9.41032041e-06 9.41032041e-06 9.41032041e-06 9.41032041e-06 9.41032041e-06 9.41032041e-06 9.41032041e-06 9.41032041e-06 9.41032041e-06 9.41032041e-06 9.41032041e-06 9.41032041e-06 9.41032041e-06 9.41032041e-06 9.41032041e-06 9.41032041e-06 9.41032041e-06 9.41032041e-06 9.41032041e-06 9.41032041e-06 9.41032041e-06 9.41032041e-06 9.41032041e-06 9.41032041e-06 9.41032041e-06 9.41032041e-06 9.41032041e-06 9.41032041e-06 9.41032041e-06 9.41032041e-06 9.41032041e-06 9.41032041e-06 9.41032041e-06 9.41032041e-06 9.41032041e-06 9.41032041e-06 9.41032041e-06 9.41032041e-06 9.41032041e-06 9.41032041e-06 9.41032041e-06 9.41032041e-06 9.41032041e-06 9.41032041e-06 9.41032041e-06 9.41032041e-06 9.41032041e-06 9.41032041e-06 9.41032041e-06 9.41032041e-06 9.41032041e-06 9.41032041e-06 9.41032041e-06 9.41032041e-06 9.41032041e-06 9.41032041e-06 9.41032041e-06 9.41032041e-06 9.41032041e-06 9.41032041e-06 9.41032041e-06 9.41032041e-06 9.41032041e-06 9.41032041e-06 9.41032041e-06 9.41032041e-06 9.41032041e-06 9.41032041e-06 9.41032041e-06 9.41032041e-06 9.41032041e-06 9.41032041e-06 9.41032041e-06 9.41032041e-06 9.41032041e-06 9.41032041e-06 9.41032041e-06 9.41032041e-06 9.41032041e-06 9.41032041e-06 9.41032041e-06 9.41032041e-06 9.41032041e-06 9.41032041e-06 9.41032041e-06 9.41032041e-06 9.41032041e-06 9.41032041e-06 9.41032041e-06 9.41032041e-06 9.41032041e-06 9.41032041e-06 9.41032041e-06 9.41032041e-06 9.41032041e-06 9.41032041e-06 9.41032041e-06 9.41032041e-06 9.41032041e-06 9.41032041e-06 9.41032041e-06 9.41032041e-06 9.41032041e-06 9.41032041e-06 9.41032041e-06 9.41032041e-06 9.41032041e-06 9.41032041e-06 9.41032041e-06 9.41032041e-06 9.41032041e-06 9.41032041e-06 9.41032041e-06 9.41032041e-06 9.41032041e-06 9.41032041e-06 9.41032041e-06 9.41032041e-06 9.41032041e-06 9.41032041e-06 9.41032041e-06 9.41032041e-06 9.41032041e-06 9.41032041e-06 9.41032041e-06 9.41032041e-06 9.41032041e-06 9.41032041e-06
8.09381903e-06 8.09381903e-06 8.09381903e-06 8.09381903e-06 8.09381903e-06 8.09381903e-06 8.09381903e-06 8.09381903e-06 8.09381903e-06 8.09381903e-06 8.09381903e-06 8.09381903e-06 8.09381903e-06 8.09381903e-06 8.09381903e-06 8.09381903e-06 8.09381903e-06 8.09381903e-06 8.09381903e-06 8.09381903e-06 8.09381903e-06 8.09381903e-06 8.09381903e-06 8.09381903e-06 8.09381903e-06 8.09381903e-06 8.09381903e-06 8.09381903e-06 8.09381903e-06 8.09381903e-06 8.09381903e-06 8.09381903e-06 8.09381903e-06 8.09381903e-06 8.09381903e-06 8.09381903e-06 8.09381903e-06 8.09381903e-06 8.09381903e-06 8.09381903e-06 8.09381903e-06 8.09381903e-06 8.09381903e-06 8.09381903e-06 8.09381903e-06 8.09381903e-06 8.09381903e-06 8.09381903e-06 8.09381903e-06 8.09381903e-06 8.09381903e-06 8.09381903e-06 8.09381903e-06 8.09381903e-06 8.09381903e-06 8.09381903e-06 8.09381903e-06 8.09381903e-06 8.09381903e-06 8.09381903e-06 8.09381903e-06 8.09381903e-06 8.09381903e-06 8.09381903e-06 8.09381903e-06 8.09381903e-06 8.09381903e-06 8.09381903e-06 8.09381903e-06 8.09381903e-06 8.09381903e-06 8.09381903e-06 8.09381903e-06 8.09381903e-06 8.09381903e-06 8.09381903e-06 8.09381903e-06 8.09381903e-06 8.09381903e-06 8.09381903e-06 8.09381903e-06 8.09381903e-06 8.09381903e-06 8.09381903e-06 8.09381903e-06 8.09381903e-06 8.09381903e-06 8.09381903e-06 8.09381903e-06 8.09381903e-06 8.09381903e-06 8.09381903e-06 8.09381903e-06 8.09381903e-06 8.09381903e-06 8.09381903e-06 8.09381903e-06 8.09381903e-06 8.09381903e-06 8.09381903e-06 8.09381903e-06 8.09381903e-06 8.09381903e-06 8.09381903e-06 8.09381903e-06 8.09381903e-06 8.09381903e-06 8.09381903e-06 8.09381903e-06 8.09381903e-06 8.09381903e-06 8.09381903e-06 8.09381903e-06 8.09381903e-06 8.09381903e-06 8.09381903e-06 8.09381903e-06 8.09381903e-06 8.09381903e-06 8.09381903e-06 8.09381903e-06 8.09381903e-06 8.09381903e-06 8.09381903e-06 8.09381903e-06 8.09381903e-06 8.09381903e-06 8.09381903e-06 8.09381903e-06 8.09381903e-06 8.09381903e-06 8.09381903e-06 8.09381903e-06 8.09381903e-06 8.09381903e-06 8.09381903e-06 8.09381903e-06 8.09381903e-06 8.09381903e-06 8.09381903e-06 8.09381903e-06 8.09381903e-06 8.09381903e-06 8.09381903e-06 8.09381903e-06 8.09381903e-06 8.09381903e-06 8.09381903e-06 8.09381903e-06 8.09381903e-06 8.09381903e-06 8.09381903e-06 8.09381903e-06 8.09381903e-06 8.09381903e-06 8.09381903e-06 8.09381903e-06 8.09381903e-06 8.09381903e-06 8.09381903e-06 8.09381903e-06 8.09381903e-06 8.09381903e-06 8.09381903e-06 8.09381903e-06 8.09381903e-06 8.09381903e-06 8.09381903e-06 8.09381903e-06 8.09381903e-06 8.09381903e-06 8.09381903e-06 8.09381903e-06 8.09381903e-06 8.09381903e-06 8.09381903e-06 8.09381903e-06 8.09381903e-06 8.09381903e-06 8.09381903e-06 8.09381903e-06 8.09381903e-06 8.09381903e-06 8.09381903e-06 8.09381903e-06 8.09381903e-06 8.09381903e-06 8.09381903e-06 8.09381903e-06 8.09381903e-06 8.09381903e-06 8.09381903e-06 8.09381903e-06 8.09381903e-06 8.09381903e-06 8.09381903e-06 8.09381903e-06 8.09381903e-06 8.09381903e-06 8.09381903e-06
6.95537877e-06 6.95537877e-06 6.95537877e-06 6.95537877e-06 6.95537877e-06 6.95537877e-06 6.95537877e-06 6.95537877e-06 6.95537877e-06 6.95537877e-06 6.95537877e-06 6.95537877e-06 6.95537877e-06 6.95537877e-06 6.95537877e-06 6.95537877e-06 6.95537877e-06 6.95537877e-06 6.95537877e-06 6.95537877e-06 6.95537877e-06 6.95537877e-06 6.95537877e-06 6.95537877e-06 6.95537877e-06 6.95537877e-06 6.95537877e-06 6.95537877e-06 6.95537877e-06 6.95537877e-06 6.95537877e-06 6.95537877e-06 6.95537877e-06 6.95537877e-06 6.95537877e-06 6.95537877e-06 6.95537877e-06 6.95537877e-06 6.95537877e-06 6.95537877e-06 6.95537877e-06 6.95537877e-06 6.95537877e-06 6.95537877e-06 6.95537877e-06 6.95537877e-06 6.95537877e-06 6.95537877e-06 6.95537877e-06 6.95537877e-06 6.95537877e-06 6.95537877e-06 6.95537877e-06 6.95537877e-06 6.95537877e-06 6.95537877e-06 6.95537877e-06 6.95537877e-06 6.95537877e-06 6.95537877e-06 6.95537877e-06 6.95537877e-06 6.95537877e-06 6.95537877e-06 6.95537877e-06 6.95537877e-06 6.95537877e-06 6.95537877e-06 6.95537877e-06 6.95537877e-06 6.95537877e-06 6.95537877e-06 6.95537877e-06 6.95537877e-06 6.95537877e-06 6.95537877e-06 6.95537877e-06 6.95537877e-06 6.95537877e-06 6.95537877e-06 6.95537877e-06 6.95537877e-06 6.95537877e-06 6.95537877e-06 6.95537877e-06 6.95537877e-06 6.95537877e-06 6.95537877e-06 6.95537877e-06 6.95537877e-06 6.95537877e-06 6.95537877e-06 6.95537877e-06 6.95537877e-06 6.95537877e-06 6.95537877e-06 6.95537877e-06 6.95537877e-06 6.95537877e-06 6.95537877e-06 6.95537877e-06 6.95537877e-06 6.95537877e-06 6.95537877e-06 6.95537877e-06 6.95537877e-06 6.95537877e-06 6.95537877e-06 6.95537877e-06 6.95537877e-06 6.95537877e-06 6.95537877e-06 6.95537877e-06 6.95537877e-06 6.95537877e-06 6.95537877e-06 6.95537877e-06 6.95537877e-06 6.95537877e-06 6.95537877e-06 6.95537877e-06 6.95537877e-06 6.95537877e-06 6.95537877e-06 6.95537877e-06 6.95537877e-06 6.95537877e-06 6.95537877e-06 6.95537877e-06 6.95537877e-06 6.95537877e-06 6.95537877e-06 6.95537877e-06 6.95537877e-06 6.95537877e-06 6.95537877e-06 6.95537877e-06 6.95537877e-06 6.95537877e-06 6.95537877e-06 6.95537877e-06 6.95537877e-06 6.95537877e-06 6.95537877e-06 6.95537877e-06 6.95537877e-06 6.95537877e-06 6.95537877e-06 6.95537877e-06 6.95537877e-06 6.95537877e-06 6.95537877e-06 6.95537877e-06 6.95537877e-06 6.95537877e-06 6.95537877e-06 6.95537877e-06 6.95537877e-06 6.95537877e-06 6.95537877e-06 6.95537877e-06 6.95537877e-06 6.95537877e-06 6.95537877e-06 6.95537877e-06 6.95537877e-06 6.95537877e-06 6.95537877e-06 6.95537877e-06 6.95537877e-06 6.95537877e-06 6.95537877e-06 6.95537877e-06 6.95537877e-06 6.95537877e-06 6.95537877e-06 6.95537877e-06 6.95537877e-06 6.95537877e-06 6.95537877e-06 6.95537877e-06 6.95537877e-06 6.95537877e-06 6.95537877e-06 6.95537877e-06 6.95537877e-06 6.95537877e-06 6.95537877e-06 6.95537877e-06 6.95537877e-06 6.95537877e-06 6.95537877e-06 6.95537877e-06 6.95537877e-06 6.95537877e-06 6.95537877e-06 6.95537877e-06 6.95537877e-06 6.95537877e-06 6.95537877e-06
5.97181327e-06 5.97181327e-06 5.97181327e-06 5.97181327e-06 5.97181327e-06 5.97181327e-06 5.97181327e-06 5.97181327e-06 5.97181327e-06 5.97181327e-06 5.97181327e-06 5.97181327e-06 5.97181327e-06 5.97181327e-06 5.97181327e-06 5.97181327e-06 5.97181327e-06 5.97181327e-06 5.97181327e-06 5.97181327e-06 5.97181327e-06 5.97181327e-06 5.97181327e-06 5.97181327e-06 5.97181327e-06 5.97181327e-06 5.97181327e-06 5.97181327e-06 5.97181327e-06 5.97181327e-06 5.97181327e-06 5.97181327e-06 5.97181327e-06 5.97181327e-06 5.97181327e-06 5.97181327e-06 5.97181327e-06 5.97181327e-06 5.97181327e-06 5.97181327e-06 5.97181327e-06 5.97181327e-06 5.97181327e-06 5.97181327e-06 5.97181327e-06 5.97181327e-06 5.97181327e-06 5.97181327e-06 5.97181327e-06 5.97181327e-06 5.97181327e-06 5.97181327e-06 5.97181327e-06 5.97181327e-06 5.97181327e-06 5.97181327e-06 5.97181327e-06 5.97181327e-06 5.97181327e-06 5.97181327e-06 5.97181327e-06 5.97181327e-06 5.97181327e-06 5.97181327e-06 5.97181327e-06 5.97181327e-06 5.97181327e-06 5.97181327e-06 5.97181327e-06 5.97181327e-06 5.97181327e-06 5.97181327e-06 5.97181327e-06 5.97181327e-06 5.97181327e-06 5.97181327e-06 5.97181327e-06 5.97181327e-06 5.97181327e-06 5.97181327e-06 5.97181327e-06 5.97181327e-06 5.97181327e-06 5.97181327e-06 5.97181327e-06 5.97181327e-06 5.97181327e-06 5.97181327e-06 5.97181327e-06 5.97181327e-06 5.97181327e-06 5.97181327e-06 5.97181327e-06 5.97181327e-06 5.97181327e-06 5.97181327e-06 5.97181327e-06 5.97181327e-06 5.97181327e-06 5.97181327e-06 5.97181327e-06 5.97181327e-06 5.97181327e-06 5.97181327e-06 5.97181327e-06 5.97181327e-06 5.97181327e-06 5.97181327e-06 5.97181327e-06 5.97181327e-06 5.97181327e-06 5.97181327e-06 5.97181327e-06 5.97181327e-06 5.97181327e-06 5.97181327e-06 5.97181327e-06 5.97181327e-06 5.97181327e-06 5.97181327e-06 5.97181327e-06 5.97181327e-06 5.97181327e-06 5.97181327e-06 5.97181327e-06 5.97181327e-06 5.97181327e-06 5.97181327e-06 5.97181327e-06 5.97181327e-06 5.97181327e-06 5.97181327e-06 5.97181327e-06 5.97181327e-06 5.97181327e-06 5.97181327e-06 5.97181327e-06 5.97181327e-06 5.97181327e-06 5.97181327e-06 5.97181327e-06 5.97181327e-06 5.97181327e-06 5.97181327e-06 5.97181327e-06 5.97181327e-06 5.97181327e-06 5.97181327e-06 5.97181327e-06 5.97181327e-06 5.97181327e-06 5.97181327e-06 5.97181327e-06 5.97181327e-06 5.97181327e-06 5.97181327e-06 5.97181327e-06 5.97181327e-06 5.97181327e-06 5.97181327e-06 5.97181327e-06 5.97181327e-06 5.97181327e-06 5.97181327e-06 5.97181327e-06 5.97181327e-06 5.97181327e-06 5.97181327e-06 5.97181327e-06 5.97181327e-06 5.97181327e-06 5.97181327e-06 5.97181327e-06 5.97181327e-06 5.97181327e-06 5.97181327e-06 5.97181327e-06 5.97181327e-06 5.97181327e-06 5.97181327e-06 5.97181327e-06 5.97181327e-06 5.97181327e-06 5.97181327e-06 5.97181327e-06 5.97181327e-06 5.97181327e-06 5.97181327e-06 5.97181327e-06 5.97181327e-06 5.97181327e-06 5.97181327e-06 5.97181327e-06 5.97181327e-06 5.97181327e-06 5.97181327e-06 5.97181327e-06 5.97181327e-06 5.97181327e-06 5.97181327e-06
5.12282727e-06 5.12282727e-06 5.12282727e-06 5.12282727e-06 5.12282727e-06 5.12282727e-06 5.12282727e-06 5.12282727e-06 5.12282727e-06 5.12282727e-06 5.12282727e-06 5.12282727e-06 5.12282727e-06 5.12282727e-06 5.12282727e-06 5.12282727e-06 5.12282727e-06 5.12282727e-06 5.12282727e-06 5.12282727e-06 5.12282727e-06 5.12282727e-06 5.12282727e-06 5.12282727e-06 5.12282727e-06 5.12282727e-06 5.12282727e-06 5.12282727e-06 5.12282727e-06 5.12282727e-06 5.12282727e-06 5.12282727e-06 5.12282727e-06 5.12282727e-06 5.12282727e-06 5.12282727e-06 5.12282727e-06 5.12282727e-06 5.12282727e-06 5.12282727e-06 5.12282727e-06 5.12282727e-06 5.12282727e-06 5.12282727e-06 5.12282727e-06 5.12282727e-06 5.12282727e-06 5.12282727e-06 5.12282727e-06 5.12282727e-06 5.12282727e-06 5.12282727e-06 5.12282727e-06 5.12282727e-06 5.12282727e-06 5.12282727e-06 5.12282727e-06 5.12282727e-06 5.12282727e-06 5.12282727e-06 5.12282727e-06 5.12282727e-06 5.12282727e-06 5.12282727e-06 5.12282727e-06 5.12282727e-06 5.12282727e-06 5.12282727e-06 5.12282727e-06 5.12282727e-06 5.12282727e-06 5.12282727e-06 5.12282727e-06 5.12282727e-06 5.12282727e-06 5.12282727e-06 5.12282727e-06 5.12282727e-06 5.12282727e-06 5.12282727e-06 5.12282727e-06 5.12282727e-06 5.12282727e-06 5.12282727e-06 5.12282727e-06 5.12282727e-06 5.12282727e-06 5.12282727e-06 5.12282727e-06 5.12282727e-06 5.12282727e-06 5.12282727e-06 5.12282727e-06 5.12282727e-06 5.12282727e-06 5.12282727e-06 5.12282727e-06 5.12282727e-06 5.12282727e-06 5.12282727e-06 5.12282727e-06 5.12282727e-06 5.12282727e-06 5.12282727e-06 5.12282727e-06 5.12282727e-06 5.12282727e-06 5.12282727e-06 5.12282727e-06 5.12282727e-06 5.12282727e-06 5.12282727e-06 5.12282727e-06 5.12282727e-06 5.12282727e-06 5.12282727e-06 5.12282727e-06 5.12282727e-06 5.12282727e-06 5.12282727e-06 5.12282727e-06 5.12282727e-06 5.12282727e-06 5.12282727e-06 5.12282727e-06 5.12282727e-06 5.12282727e-06 5.12282727e-06 5.12282727e-06 5.12282727e-06 5.12282727e-06 5.12282727e-06 5.12282727e-06 5.12282727e-06 5.12282727e-06 5.12282727e-06 5.12282727e-06 5.12282727e-06 5.12282727e-06 5.12282727e-06 5.12282727e-06 5.12282727e-06 5.12282727e-06 5.12282727e-06 5.12282727e-06 5.12282727e-06 5.12282727e-06 5.12282727e-06 5.12282727e-06 5.12282727e-06 5.12282727e-06 5.12282727e-06 5.12282727e-06 5.12282727e-06 5.12282727e-06 5.12282727e-06 5.12282727e-06 5.12282727e-06 5.12282727e-06 5.12282727e-06 5.12282727e-06 5.12282727e-06 5.12282727e-06 5.12282727e-06 5.12282727e-06 5.12282727e-06 5.12282727e-06 5.12282727e-06 5.12282727e-06 5.12282727e-06 5.12282727e-06 5.12282727e-06 5.12282727e-06 5.12282727e-06 5.12282727e-06 5.12282727e-06 5.12282727e-06 5.12282727e-06 5.12282727e-06 5.12282727e-06 5.12282727e-06 5.12282727e-06 5.12282727e-06 5.12282727e-06 5.12282727e-06 5.12282727e-06 5.12282727e-06 5.12282727e-06 5.12282727e-06 5.12282727e-06 5.12282727e-06 5.12282727e-06 5.12282727e-06 5.12282727e-06 5.12282727e-06 5.12282727e-06 5.12282727e-06 5.12282727e-06 5.12282727e-06 5.12282727e-06
4.39067395e-06 4.39067395e-06 4.39067395e-06 4.39067395e-06 4.39067395e-06 4.39067395e-06 4.39067395e-06 4.39067395e-06 4.39067395e-06 4.39067395e-06 4.39067395e-06 4.39067395e-06 4.39067395e-06 4.39067395e-06 4.39067395e-06 4.39067395e-06 4.39067395e-06 4.39067395e-06 4.39067395e-06 4.39067395e-06 4.39067395e-06 4.39067395e-06 4.39067395e-06 4.39067395e-06 4.39067395e-06 4.39067395e-06 4.39067395e-06 4.39067395e-06 4.39067395e-06 4.39067395e-06 4.39067395e-06 4.39067395e-06 4.39067395e-06 4.39067395e-06 4.39067395e-06 4.39067395e-06 4.39067395e-06 4.39067395e-06 4.39067395e-06 4.39067395e-06 4.39067395e-06 4.39067395e-06 4.39067395e-06 4.39067395e-06 4.39067395e-06 4.39067395e-06 4.39067395e-06 4.39067395e-06 4.39067395e-06 4.39067395e-06 4.39067395e-06 4.39067395e-06 4.39067395e-06 4.39067395e-06 4.39067395e-06 4.39067395e-06 4.39067395e-06 4.39067395e-06 4.39067395e-06 4.39067395e-06 4.39067395e-06 4.39067395e-06 4.39067395e-06 4.39067395e-06 4.39067395e-06 4.39067395e-06 4.39067395e-06 4.39067395e-06 4.39067395e-06 4.39067395e-06 4.39067395e-06 4.39067395e-06 4.39067395e-06 4.39067395e-06 4.39067395e-06 4.39067395e-06 4.39067395e-06 4.39067395e-06 4.39067395e-06 4.39067395e-06 4.39067395e-06 4.39067395e-06 4.39067395e-06 4.39067395e-06 4.39067395e-06 4.39067395e-06 4.39067395e-06 4.39067395e-06 4.39067395e-06 4.39067395e-06 4.39067395e-06 4.39067395e-06 4.39067395e-06 4.39067395e-06 4.39067395e-06 4.39067395e-06 4.39067395e-06 4.39067395e-06 4.39067395e-06 4.39067395e-06 4.39067395e-06 4.39067395e-06 4.39067395e-06 4.39067395e-06 4.39067395e-06 4.39067395e-06 4.39067395e-06 4.39067395e-06 4.39067395e-06 4.39067395e-06 4.39067395e-06 4.39067395e-06 4.39067395e-06 4.39067395e-06 4.39067395e-06 4.39067395e-06 4.39067395e-06 4.39067395e-06 4.39067395e-06 4.39067395e-06 4.39067395e-06 4.39067395e-06 4.39067395e-06 4.39067395e-06 4.39067395e-06 4.39067395e-06 4.39067395e-06 4.39067395e-06 4.39067395e-06 4.39067395e-06 4.39067395e-06 4.39067395e-06 4.39067395e-06 4.39067395e-06 4.39067395e-06 4.39067395e-06 4.39067395e-06 4.39067395e-06 4.39067395e-06 4.39067395e-06 4.39067395e-06 4.39067395e-06 4.39067395e-06 4.39067395e-06 4.39067395e-06 4.39067395e-06 4.39067395e-06 4.39067395e-06 4.39067395e-06 4.39067395e-06 4.39067395e-06 4.39067395e-06 4.39067395e-06 4.39067395e-06 4.39067395e-06 4.39067395e-06 4.39067395e-06 4.39067395e-06 4.39067395e-06 4.39067395e-06 4.39067395e-06 4.39067395e-06 4.39067395e-06 4.39067395e-06 4.39067395e-06 4.39067395e-06 4.39067395e-06 4.39067395e-06 4.39067395e-06 4.39067395e-06 4.39067395e-06 4.39067395e-06 4.39067395e-06 4.39067395e-06 4.39067395e-06 4.39067395e-06 4.39067395e-06 4.39067395e-06 4.39067395e-06 4.39067395e-06 4.39067395e-06 4.39067395e-06 4.39067395e-06 4.39067395e-06 4.39067395e-06 4.39067395e-06 4.39067395e-06 4.39067395e-06 4.39067395e-06 4.39067395e-06 4.39067395e-06 4.39067395e-06 4.39067395e-06 4.39067395e-06 4.39067395e-06 4.39067395e-06 4.39067395e-06 4.39067395e-06 4.39067395e-06 4.39067395e-06
3.75985041e-06 3.75985041e-06 3.75985041e-06 3.75985041e-06 3.75985041e-06 3.75985041e-06 3.75985041e-06 3.75985041e-06 3.75985041e-06 3.75985041e-06 3.75985041e-06 3.75985041e-06 3.75985041e-06 3.75985041e-06 3.75985041e-06 3.75985041e-06 3.75985041e-06 3.75985041e-06 3.75985041e-06 3.75985041e-06 3.75985041e-06 3.75985041e-06 3.75985041e-06 3.75985041e-06 3.75985041e-06 3.75985041e-06 3.75985041e-06 3.75985041e-06 3.75985041e-06 3.75985041e-06 3.75985041e-06 3.75985041e-06 3.75985041e-06 3.75985041e-06 3.75985041e-06 3.75985041e-06 3.75985041e-06 3.75985041e-06 3.75985041e-06 3.75985041e-06 3.75985041e-06 3.75985041e-06 3.75985041e-06 3.75985041e-06 3.75985041e-06 3.75985041e-06 3.75985041e-06 3.75985041e-06 3.75985041e-06 3.75985041e-06 3.75985041e-06 3.75985041e-06 3.75985041e-06 3.75985041e-06 3.75985041e-06 3.75985041e-06 3.75985041e-06 3.75985041e-06 3.75985041e-06 3.75985041e-06 3.75985041e-06 3.75985041e-06 3.75985041e-06 3.75985041e-06 3.75985041e-06 3.75985041e-06 3.75985041e-06 3.75985041e-06 3.75985041e-06 3.75985041e-06 3.75985041e-06 3.75985041e-06 3.75985041e-06 3.75985041e-06 3.75985041e-06 3.75985041e-06 3.75985041e-06 3.75985041e-06 3.75985041e-06 3.75985041e-06 3.75985041e-06 3.75985041e-06 3.75985041e-06 3.75985041e-06 3.75985041e-06 3.75985041e-06 3.75985041e-06 3.75985041e-06 3.75985041e-06 3.75985041e-06 3.75985041e-06 3.75985041e-06 3.75985041e-06 3.75985041e-06 3.75985041e-06 3.75985041e-06 3.75985041e-06 3.75985041e-06 3.75985041e-06 3.75985041e-06 3.75985041e-06 3.75985041e-06 3.75985041e-06 3.75985041e-06 3.75985041e-06 3.75985041e-06 3.75985041e-06 3.75985041e-06 3.75985041e-06 3.75985041e-06 3.75985041e-06 3.75985041e-06 3.75985041e-06 3.75985041e-06 3.75985041e-06 3.75985041e-06 3.75985041e-06 3.75985041e-06 3.75985041e-06 3.75985041e-06 3.75985041e-06 3.75985041e-06 3.75985041e-06 3.75985041e-06 3.75985041e-06 3.75985041e-06 3.75985041e-06 3.75985041e-06 3.75985041e-06 3.75985041e-06 3.75985041e-06 3.75985041e-06 3.75985041e-06 3.75985041e-06 3.75985041e-06 3.75985041e-06 3.75985041e-06 3.75985041e-06 3.75985041e-06 3.75985041e-06 3.75985041e-06 3.75985041e-06 3.75985041e-06 3.75985041e-06 3.75985041e-06 3.75985041e-06 3.75985041e-06 3.75985041e-06 3.75985041e-06 3.75985041e-06 3.75985041e-06 3.75985041e-06 3.75985041e-06 3.75985041e-06 3.75985041e-06 3.75985041e-06 3.75985041e-06 3.75985041e-06 3.75985041e-06 3.75985041e-06 3.75985041e-06 3.75985041e-06 3.75985041e-06 3.75985041e-06 3.75985041e-06 3.75985041e-06 3.75985041e-06 3.75985041e-06 3.75985041e-06 3.75985041e-06 3.75985041e-06 3.75985041e-06 3.75985041e-06 3.75985041e-06 3.75985041e-06 3.75985041e-06 3.75985041e-06 3.75985041e-06 3.75985041e-06 3.75985041e-06 3.75985041e-06 3.75985041e-06 3.75985041e-06 3.75985041e-06 3.75985041e-06 3.75985041e-06 3.75985041e-06 3.75985041e-06 3.75985041e-06 3.75985041e-06 3.75985041e-06 3.75985041e-06 3.75985041e-06 3.75985041e-06 3.75985041e-06 3.75985041e-06 3.75985041e-06 3.75985041e-06 3.75985041e-06 3.75985041e-06
3.21682747e-06 3.21682747e-06 3.21682747e-06 3.21682747e-06 3.21682747e-06 3.21682747e-06 3.21682747e-06 3.21682747e-06 3.21682747e-06 3.21682747e-06 3.21682747e-06 3.21682747e-06 3.21682747e-06 3.21682747e-06 3.21682747e-06 3.21682747e-06 3.21682747e-06 3.21682747e-06 3.21682747e-06 3.21682747e-06 3.21682747e-06 3.21682747e-06 3.21682747e-06 3.21682747e-06 3.21682747e-06 3.21682747e-06 3.21682747e-06 3.21682747e-06 3.21682747e-06 3.21682747e-06 3.21682747e-06 3.21682747e-06 3.21682747e-06 3.21682747e-06 3.21682747e-06 3.21682747e-06 3.21682747e-06 3.21682747e-06 3.21682747e-06 3.21682747e-06 3.21682747e-06 3.21682747e-06 3.21682747e-06 3.21682747e-06 3.21682747e-06 3.21682747e-06 3.21682747e-06 3.21682747e-06 3.21682747e-06 3.21682747e-06 3.21682747e-06 3.21682747e-06 3.21682747e-06 3.21682747e-06 3.21682747e-06 3.21682747e-06 3.21682747e-06 3.21682747e-06 3.21682747e-06 3.21682747e-06 3.21682747e-06 3.21682747e-06 3.21682747e-06 3.21682747e-06 3.21682747e-06 3.21682747e-06 3.21682747e-06 3.21682747e-06 3.21682747e-06 3.21682747e-06 3.21682747e-06 3.21682747e-06 3.21682747e-06 3.21682747e-06 3.21682747e-06 3.21682747e-06 3.21682747e-06 3.21682747e-06 3.21682747e-06 3.21682747e-06 3.21682747e-06 3.21682747e-06 3.21682747e-06 3.21682747e-06 3.21682747e-06 3.21682747e-06 3.21682747e-06 3.21682747e-06 3.21682747e-06 3.21682747e-06 3.21682747e-06 3.21682747e-06 3.21682747e-06 3.21682747e-06 3.21682747e-06 3.21682747e-06 3.21682747e-06 3.21682747e-06 3.21682747e-06 3.21682747e-06 3.21682747e-06 3.21682747e-06 3.21682747e-06 3.21682747e-06 3.21682747e-06 3.21682747e-06 3.21682747e-06 3.21682747e-06 3.21682747e-06 3.21682747e-06 3.21682747e-06 3.21682747e-06 3.21682747e-06 3.21682747e-06 3.21682747e-06 3.21682747e-06 3.21682747e-06 3.21682747e-06 3.21682747e-06 3.21682747e-06 3.21682747e-06 3.21682747e-06 3.21682747e-06 3.21682747e-06 3.21682747e-06 3.21682747e-06 3.21682747e-06 3.21682747e-06 3.21682747e-06 3.21682747e-06 3.21682747e-06 3.21682747e-06 3.21682747e-06 3.21682747e-06 3.21682747e-06 3.21682747e-06 3.21682747e-06 3.21682747e-06 3.21682747e-06 3.21682747e-06 3.21682747e-06 3.21682747e-06 3.21682747e-06 3.21682747e-06 3.21682747e-06 3.21682747e-06 3.21682747e-06 3.21682747e-06 3.21682747e-06 3.21682747e-06 3.21682747e-06 3.21682747e-06 3.21682747e-06 3.21682747e-06 3.21682747e-06 3.21682747e-06 3.21682747e-06 3.21682747e-06 3.21682747e-06 3.21682747e-06 3.21682747e-06 3.21682747e-06 3.21682747e-06 3.21682747e-06 3.21682747e-06 3.21682747e-06 3.21682747e-06 3.21682747e-06 3.21682747e-06 3.21682747e-06 3.21682747e-06 3.21682747e-06 3.21682747e-06 3.21682747e-06 3.21682747e-06 3.21682747e-06 3.21682747e-06 3.21682747e-06 3.21682747e-06 3.21682747e-06 3.21682747e-06 3.21682747e-06 3.21682747e-06 3.21682747e-06 3.21682747e-06 3.21682747e-06 3.21682747e-06 3.21682747e-06 3.21682747e-06 3.21682747e-06 3.21682747e-06 3.21682747e-06 3.21682747e-06 3.21682747e-06 3.21682747e-06 3.21682747e-06 3.21682747e-06 3.21682747e-06 3.21682747e-06 3.21682747e-06
2.74981019e-06 2.74981019e-06 2.74981019e-06 2.74981019e-06 2.74981019e-06 2.74981019e-06 2.74981019e-06 2.74981019e-06 2.74981019e-06 2.74981019e-06 2.74981019e-06 2.74981019e-06 2.74981019e-06 2.74981019e-06 2.74981019e-06 2.74981019e-06 2.74981019e-06 2.74981019e-06 2.74981019e-06 2.74981019e-06 2.74981019e-06 2.74981019e-06 2.74981019e-06 2.74981019e-06 2.74981019e-06 2.74981019e-06 2.74981019e-06 2.74981019e-06 2.74981019e-06 2.74981019e-06 2.74981019e-06 2.74981019e-06 2.74981019e-06 2.74981019e-06 2.74981019e-06 2.74981019e-06 2.74981019e-06 2.74981019e-06 2.74981019e-06 2.74981019e-06 2.74981019e-06 2.74981019e-06 2.74981019e-06 2.74981019e-06 2.74981019e-06 2.74981019e-06 2.74981019e-06 2.74981019e-06 2.74981019e-06 2.74981019e-06 2.74981019e-06 2.74981019e-06 2.74981019e-06 2.74981019e-06 2.74981019e-06 2.74981019e-06 2.74981019e-06 2.74981019e-06 2.74981019e-06 2.74981019e-06 2.74981019e-06 2.74981019e-06 2.74981019e-06 2.74981019e-06 2.74981019e-06 2.74981019e-06 2.74981019e-06 2.74981019e-06 2.74981019e-06 2.74981019e-06 2.74981019e-06 2.74981019e-06 2.74981019e-06 2.74981019e-06 2.74981019e-06 2.74981019e-06 2.74981019e-06 2.74981019e-06 2.74981019e-06 2.74981019e-06 2.74981019e-06 2.74981019e-06 2.74981019e-06 2.74981019e-06 2.74981019e-06 2.74981019e-06 2.74981019e-06 2.74981019e-06 2.74981019e-06 2.74981019e-06 2.74981019e-06 2.74981019e-06 2.74981019e-06 2.74981019e-06 2.74981019e-06 2.74981019e-06 2.74981019e-06 2.74981019e-06 2.74981019e-06 2.74981019e-06 2.74981019e-06 2.74981019e-06 2.74981019e-06 2.74981019e-06 2.74981019e-06 2.74981019e-06 2.74981019e-06 2.74981019e-06 2.74981019e-06 2.74981019e-06 2.74981019e-06 2.74981019e-06 2.74981019e-06 2.74981019e-06 2.74981019e-06 2.74981019e-06 2.74981019e-06 2.74981019e-06 2.74981019e-06 2.74981019e-06 2.74981019e-06 2.74981019e-06 2.74981019e-06 2.74981019e-06 2.74981019e-06 2.74981019e-06 2.74981019e-06 2.74981019e-06 2.74981019e-06 2.74981019e-06 2.74981019e-06 2.74981019e-06 2.74981019e-06 2.74981019e-06 2.74981019e-06 2.74981019e-06 2.74981019e-06 2.74981019e-06 2.74981019e-06 2.74981019e-06 2.74981019e-06 2.74981019e-06 2.74981019e-06 2.74981019e-06 2.74981019e-06 2.74981019e-06 2.74981019e-06 2.74981019e-06 2.74981019e-06 2.74981019e-06 2.74981019e-06 2.74981019e-06 2.74981019e-06 2.74981019e-06 2.74981019e-06 2.74981019e-06 2.74981019e-06 2.74981019e-06 2.74981019e-06 2.74981019e-06 2.74981019e-06 2.74981019e-06 2.74981019e-06 2.74981019e-06 2.74981019e-06 2.74981019e-06 2.74981019e-06 2.74981019e-06 2.74981019e-06 2.74981019e-06 2.74981019e-06 2.74981019e-06 2.74981019e-06 2.74981019e-06 2.74981019e-06 2.74981019e-06 2.74981019e-06 2.74981019e-06 2.74981019e-06 2.74981019e-06 2.74981019e-06 2.74981019e-06 2.74981019e-06 2.74981019e-06 2.74981019e-06 2.74981019e-06 2.74981019e-06 2.74981019e-06 2.74981019e-06 2.74981019e-06 2.74981019e-06 2.74981019e-06 2.74981019e-06 2.74981019e-06 2.74981019e-06 2.74981019e-06 2.74981019e-06 2.74981019e-06 2.74981019e-06 2.74981019e-06
2.34852580e-06 2.34852580e-06 2.34852580e-06 2.34852580e-06 2.34852580e-06 2.34852580e-06 2.34852580e-06 2.34852580e-06 2.34852580e-06 2.34852580e-06 2.34852580e-06 2.34852580e-06 2.34852580e-06 2.34852580e-06 2.34852580e-06 2.34852580e-06 2.34852580e-06 2.34852580e-06 2.34852580e-06 2.34852580e-06 2.34852580e-06 2.34852580e-06 2.34852580e-06 2.34852580e-06 2.34852580e-06 2.34852580e-06 2.34852580e-06 2.34852580e-06 2.34852580e-06 2.34852580e-06 2.34852580e-06 2.34852580e-06 2.34852580e-06 2.34852580e-06 2.34852580e-06 2.34852580e-06 2.34852580e-06 2.34852580e-06 2.34852580e-06 2.34852580e-06 2.34852580e-06 2.34852580e-06 2.34852580e-06 2.34852580e-06 2.34852580e-06 2.34852580e-06 2.34852580e-06 2.34852580e-06 2.34852580e-06 2.34852580e-06 2.34852580e-06 2.34852580e-06 2.34852580e-06 2.34852580e-06 2.34852580e-06 2.34852580e-06 2.34852580e-06 2.34852580e-06 2.34852580e-06 2.34852580e-06 2.34852580e-06 2.34852580e-06 2.34852580e-06 2.34852580e-06 2.34852580e-06 2.34852580e-06 2.34852580e-06 2.34852580e-06 2.34852580e-06 2.34852580e-06 2.34852580e-06 2.34852580e-06 2.34852580e-06 2.34852580e-06 2.34852580e-06 2.34852580e-06 2.34852580e-06 2.34852580e-06 2.34852580e-06 2.34852580e-06 2.34852580e-06 2.34852580e-06 2.34852580e-06 2.34852580e-06 2.34852580e-06 2.34852580e-06 2.34852580e-06 2.34852580e-06 2.34852580e-06 2.34852580e-06 2.34852580e-06 2.34852580e-06 2.34852580e-06 2.34852580e-06 2.34852580e-06 2.34852580e-06 2.34852580e-06 2.34852580e-06 2.34852580e-06 2.34852580e-06 2.34852580e-06 2.34852580e-06 2.34852580e-06 2.34852580e-06 2.34852580e-06 2.34852580e-06 2.34852580e-06 2.34852580e-06 2.34852580e-06 2.34852580e-06 2.34852580e-06 2.34852580e-06 2.34852580e-06 2.34852580e-06 2.34852580e-06 2.34852580e-06 2.34852580e-06 2.34852580e-06 2.34852580e-06 2.34852580e-06 2.34852580e-06 2.34852580e-06 2.34852580e-06 2.34852580e-06 2.34852580e-06 2.34852580e-06 2.34852580e-06 2.34852580e-06 2.34852580e-06 2.34852580e-06 2.34852580e-06 2.34852580e-06 2.34852580e-06 2.34852580e-06 2.34852580e-06 2.34852580e-06 2.34852580e-06 2.34852580e-06 2.34852580e-06 2.34852580e-06 2.34852580e-06 2.34852580e-06 2.34852580e-06 2.34852580e-06 2.34852580e-06 2.34852580e-06 2.34852580e-06 2.34852580e-06 2.34852580e-06 2.34852580e-06 2.34852580e-06 2.34852580e-06 2.34852580e-06 2.34852580e-06 2.34852580e-06 2.34852580e-06 2.34852580e-06 2.34852580e-06 2.34852580e-06 2.34852580e-06 2.34852580e-06 2.34852580e-06 2.34852580e-06 2.34852580e-06 2.34852580e-06 2.34852580e-06 2.34852580e-06 2.34852580e-06 2.34852580e-06 2.34852580e-06 2.34852580e-06 2.34852580e-06 2.34852580e-06 2.34852580e-06 2.34852580e-06 2.34852580e-06 2.34852580e-06 2.34852580e-06 2.34852580e-06 2.34852580e-06 2.34852580e-06 2.34852580e-06 2.34852580e-06 2.34852580e-06 2.34852580e-06 2.34852580e-06 2.34852580e-06 2.34852580e-06 2.34852580e-06 2.34852580e-06 2.34852580e-06 2.34852580e-06 2.34852580e-06 2.34852580e-06 2.34852580e-06 2.34852580e-06 2.34852580e-06 2.34852580e-06 2.34852580e-06 2.34852580e-06
2.00403612e-06 2.00403612e-06 2.00403612e-06 2.00403612e-06 2.00403612e-06 2.00403612e-06 2.00403612e-06 2.00403612e-06 2.00403612e-06 2.00403612e-06 2.00403612e-06 2.00403612e-06 2.00403612e-06 2.00403612e-06 2.00403612e-06 2.00403612e-06 2.00403612e-06 2.00403612e-06 2.00403612e-06 2.00403612e-06 2.00403612e-06 2.00403612e-06 2.00403612e-06 2.00403612e-06 2.00403612e-06 2.00403612e-06 2.00403612e-06 2.00403612e-06 2.00403612e-06 2.00403612e-06 2.00403612e-06 2.00403612e-06 2.00403612e-06 2.00403612e-06 2.00403612e-06 2.00403612e-06 2.00403612e-06 2.00403612e-06 2.00403612e-06 2.00403612e-06 2.00403612e-06 2.00403612e-06 2.00403612e-06 2.00403612e-06 2.00403612e-06 2.00403612e-06 2.00403612e-06 2.00403612e-06 2.00403612e-06 2.00403612e-06 2.00403612e-06 2.00403612e-06 2.00403612e-06 2.00403612e-06 2.00403612e-06 2.00403612e-06 2.00403612e-06 2.00403612e-06 2.00403612e-06 2.00403612e-06 2.00403612e-06 2.00403612e-06 2.00403612e-06 2.00403612e-06 2.00403612e-06 2.00403612e-06 2.00403612e-06 2.00403612e-06 2.00403612e-06 2.00403612e-06 2.00403612e-06 2.00403612e-06 2.00403612e-06 2.00403612e-06 2.00403612e-06 2.00403612e-06 2.00403612e-06 2.00403612e-06 2.00403612e-06 2.00403612e-06 2.00403612e-06 2.00403612e-06 2.00403612e-06 2.00403612e-06 2.00403612e-06 2.00403612e-06 2.00403612e-06 2.00403612e-06 2.00403612e-06 2.00403612e-06 2.00403612e-06 2.00403612e-06 2.00403612e-06 2.00403612e-06 2.00403612e-06 2.00403612e-06 2.00403612e-06 2.00403612e-06 2.00403612e-06 2.00403612e-06 2.00403612e-06 2.00403612e-06 2.00403612e-06 2.00403612e-06 2.00403612e-06 2.00403612e-06 2.00403612e-06 2.00403612e-06 2.00403612e-06 2.00403612e-06 2.00403612e-06 2.00403612e-06 2.00403612e-06 2.00403612e-06 2.00403612e-06 2.00403612e-06 2.00403612e-06 2.00403612e-06 2.00403612e-06 2.00403612e-06 2.00403612e-06 2.00403612e-06 2.00403612e-06 2.00403612e-06 2.00403612e-06 2.00403612e-06 2.00403612e-06 2.00403612e-06 2.00403612e-06 2.00403612e-06 2.00403612e-06 2.00403612e-06 2.00403612e-06 2.00403612e-06 2.00403612e-06 2.00403612e-06 2.00403612e-06 2.00403612e-06 2.00403612e-06 2.00403612e-06 2.00403612e-06 2.00403612e-06 2.00403612e-06 2.00403612e-06 2.00403612e-06 2.00403612e-06 2.00403612e-06 2.00403612e-06 2.00403612e-06 2.00403612e-06 2.00403612e-06 2.00403612e-06 2.00403612e-06 2.00403612e-06 2.00403612e-06 2.00403612e-06 2.00403612e-06 2.00403612e-06 2.00403612e-06 2.00403612e-06 2.00403612e-06 2.00403612e-06 2.00403612e-06 2.00403612e-06 2.00403612e-06 2.00403612e-06 2.00403612e-06 2.00403612e-06 2.00403612e-06 2.00403612e-06 2.00403612e-06 2.00403612e-06 2.00403612e-06 2.00403612e-06 2.00403612e-06 2.00403612e-06 2.00403612e-06 2.00403612e-06 2.00403612e-06 2.00403612e-06 2.00403612e-06 2.00403612e-06 2.00403612e-06 2.00403612e-06 2.00403612e-06 2.00403612e-06 2.00403612e-06 2.00403612e-06 2.00403612e-06 2.00403612e-06 2.00403612e-06 2.00403612e-06 2.00403612e-06 2.00403612e-06 2.00403612e-06 2.00403612e-06 2.00403612e-06 2.00403612e-06 2.00403612e-06 2.00403612e-06
1.70857193e-06 1.70857193e-06 1.70857193e-06 1.70857193e-06 1.70857193e-06 1.70857193e-06 1.70857193e-06 1.70857193e-06 1.70857193e-06 1.70857193e-06 1.70857193e-06 1.70857193e-06 1.70857193e-06 1.70857193e-06 1.70857193e-06 1.70857193e-06 1.70857193e-06 1.70857193e-06 1.70857193e-06 1.70857193e-06 1.70857193e-06 1.70857193e-06 1.70857193e-06 1.70857193e-06 1.70857193e-06 1.70857193e-06 1.70857193e-06 1.70857193e-06 1.70857193e-06 1.70857193e-06 1.70857193e-06 1.70857193e-06 1.70857193e-06 1.70857193e-06 1.70857193e-06 1.70857193e-06 1.70857193e-06 1.70857193e-06 1.70857193e-06 1.70857193e-06 1.70857193e-06 1.70857193e-06 1.70857193e-06 1.70857193e-06 1.70857193e-06 1.70857193e-06 1.70857193e-06 1.70857193e-06 1.70857193e-06 1.70857193e-06 1.70857193e-06 1.70857193e-06 1.70857193e-06 1.70857193e-06 1.70857193e-06 1.70857193e-06 1.70857193e-06 1.70857193e-06 1.70857193e-06 1.70857193e-06 1.70857193e-06 1.70857193e-06 1.70857193e-06 1.70857193e-06 1.70857193e-06 1.70857193e-06 1.70857193e-06 1.70857193e-06 1.70857193e-06 1.70857193e-06 1.70857193e-06 1.70857193e-06 1.70857193e-06 1.70857193e-06 1.70857193e-06 1.70857193e-06 1.70857193e-06 1.70857193e-06 1.70857193e-06 1.70857193e-06 1.70857193e-06 1.70857193e-06 1.70857193e-06 1.70857193e-06 1.70857193e-06 1.70857193e-06 1.70857193e-06 1.70857193e-06 1.70857193e-06 1.70857193e-06 1.70857193e-06 1.70857193e-06 1.70857193e-06 1.70857193e-06 1.70857193e-06 1.70857193e-06 1.70857193e-06 1.70857193e-06 1.70857193e-06 1.70857193e-06 1.70857193e-06 1.70857193e-06 1.70857193e-06 1.70857193e-06 1.70857193e-06 1.70857193e-06 1.70857193e-06 1.70857193e-06 1.70857193e-06 1.70857193e-06 1.70857193e-06 1.70857193e-06 1.70857193e-06 1.70857193e-06 1.70857193e-06 1.70857193e-06 1.70857193e-06 1.70857193e-06 1.70857193e-06 1.70857193e-06 1.70857193e-06 1.70857193e-06 1.70857193e-06 1.70857193e-06 1.70857193e-06 1.70857193e-06 1.70857193e-06 1.70857193e-06 1.70857193e-06 1.70857193e-06 1.70857193e-06 1.70857193e-06 1.70857193e-06 1.70857193e-06 1.70857193e-06 1.70857193e-06 1.70857193e-06 1.70857193e-06 1.70857193e-06 1.70857193e-06 1.70857193e-06 1.70857193e-06 1.70857193e-06 1.70857193e-06 1.70857193e-06 1.70857193e-06 1.70857193e-06 1.70857193e-06 1.70857193e-06 1.70857193e-06 1.70857193e-06 1.70857193e-06 1.70857193e-06 1.70857193e-06 1.70857193e-06 1.70857193e-06 1.70857193e-06 1.70857193e-06 1.70857193e-06 1.70857193e-06 1.70857193e-06 1.70857193e-06 1.70857193e-06 1.70857193e-06 1.70857193e-06 1.70857193e-06 1.70857193e-06 1.70857193e-06 1.70857193e-06 1.70857193e-06 1.70857193e-06 1.70857193e-06 1.70857193e-06 1.70857193e-06 1.70857193e-06 1.70857193e-06 1.70857193e-06 1.70857193e-06 1.70857193e-06 1.70857193e-06 1.70857193e-06 1.70857193e-06 1.70857193e-06 1.70857193e-06 1.70857193e-06 1.70857193e-06 1.70857193e-06 1.70857193e-06 1.70857193e-06 1.70857193e-06 1.70857193e-06 1.70857193e-06 1.70857193e-06 1.70857193e-06 1.70857193e-06 1.70857193e-06 1.70857193e-06 1.70857193e-06 1.70857193e-06 1.70857193e-06
1.45538679e-06 1.45538679e-06 1.45538679e-06 1.45538679e-06 1.45538679e-06 1.45538679e-06 1.45538679e-06 1.45538679e-06 1.45538679e-06 1.45538679e-06 1.45538679e-06 1.45538679e-06 1.45538679e-06 1.45538679e-06 1.45538679e-06 1.45538679e-06 1.45538679e-06 1.45538679e-06 1.45538679e-06 1.45538679e-06 1.45538679e-06 1.45538679e-06 1.45538679e-06 1.45538679e-06 1.45538679e-06 1.45538679e-06 1.45538679e-06 1.45538679e-06 1.45538679e-06 1.45538679e-06 1.45538679e-06 1.45538679e-06 1.45538679e-06 1.45538679e-06 1.45538679e-06 1.45538679e-06 1.45538679e-06 1.45538679e-06 1.45538679e-06 1.45538679e-06 1.45538679e-06 1.45538679e-06 1.45538679e-06 1.45538679e-06 1.45538679e-06 1.45538679e-06 1.45538679e-06 1.45538679e-06 1.45538679e-06 1.45538679e-06 1.45538679e-06 1.45538679e-06 1.45538679e-06 1.45538679e-06 1.45538679e-06 1.45538679e-06 1.45538679e-06 1.45538679e-06 1.45538679e-06 1.45538679e-06 1.45538679e-06 1.45538679e-06 1.45538679e-06 1.45538679e-06 1.45538679e-06 1.45538679e-06 1.45538679e-06 1.45538679e-06 1.45538679e-06 1.45538679e-06 1.45538679e-06 1.45538679e-06 1.45538679e-06 1.45538679e-06 1.45538679e-06 1.45538679e-06 1.45538679e-06 1.45538679e-06 1.45538679e-06 1.45538679e-06 1.45538679e-06 1.45538679e-06 1.45538679e-06 1.45538679e-06 1.45538679e-06 1.45538679e-06 1.45538679e-06 1.45538679e-06 1.45538679e-06 1.45538679e-06 1.45538679e-06 1.45538679e-06 1.45538679e-06 1.45538679e-06 1.45538679e-06 1.45538679e-06 1.45538679e-06 1.45538679e-06 1.45538679e-06 1.45538679e-06 1.45538679e-06 1.45538679e-06 1.45538679e-06 1.45538679e-06 1.45538679e-06 1.45538679e-06 1.45538679e-06 1.45538679e-06 1.45538679e-06 1.45538679e-06 1.45538679e-06 1.45538679e-06 1.45538679e-06 1.45538679e-06 1.45538679e-06 1.45538679e-06 1.45538679e-06 1.45538679e-06 1.45538679e-06 1.45538679e-06 1.45538679e-06 1.45538679e-06 1.45538679e-06 1.45538679e-06 1.45538679e-06 1.45538679e-06 1.45538679e-06 1.45538679e-06 1.45538679e-06 1.45538679e-06 1.45538679e-06 1.45538679e-06 1.45538679e-06 1.45538679e-06 1.45538679e-06 1.45538679e-06 1.45538679e-06 1.45538679e-06 1.45538679e-06 1.45538679e-06 1.45538679e-06 1.45538679e-06 1.45538679e-06 1.45538679e-06 1.45538679e-06 1.45538679e-06 1.45538679e-06 1.45538679e-06 1.45538679e-06 1.45538679e-06 1.45538679e-06 1.45538679e-06 1.45538679e-06 1.45538679e-06 1.45538679e-06 1.45538679e-06 1.45538679e-06 1.45538679e-06 1.45538679e-06 1.45538679e-06 1.45538679e-06 1.45538679e-06 1.45538679e-06 1.45538679e-06 1.45538679e-06 1.45538679e-06 1.45538679e-06 1.45538679e-06 1.45538679e-06 1.45538679e-06 1.45538679e-06 1.45538679e-06 1.45538679e-06 1.45538679e-06 1.45538679e-06 1.45538679e-06 1.45538679e-06 1.45538679e-06 1.45538679e-06 1.45538679e-06 1.45538679e-06 1.45538679e-06 1.45538679e-06 1.45538679e-06 1.45538679e-06 1.45538679e-06 1.45538679e-06 1.45538679e-06 1.45538679e-06 1.45538679e-06 1.45538679e-06 1.45538679e-06 1.45538679e-06 1.45538679e-06 1.45538679e-06 1.45538679e-06 1.45538679e-06 1.45538679e-06 1.45538679e-06 1.45538679e-06
1.23862817e-06 1.23862817e-06 1.23862817e-06 1.23862817e-06 1.23862817e-06 1.23862817e-06 1.23862817e-06 1.23862817e-06 1.23862817e-06 1.23862817e-06 1.23862817e-06 1.23862817e-06 1.23862817e-06 1.23862817e-06 1.23862817e-06 1.23862817e-06 1.23862817e-06 1.23862817e-06 1.23862817e-06 1.23862817e-06 1.23862817e-06 1.23862817e-06 1.23862817e-06 1.23862817e-06 1.23862817e-06 1.23862817e-06 1.23862817e-06 1.23862817e-06 1.23862817e-06 1.23862817e-06 1.23862817e-06 1.23862817e-06 1.23862817e-06 1.23862817e-06 1.23862817e-06 1.23862817e-06 1.23862817e-06 1.23862817e-06 1.23862817e-06 1.23862817e-06 1.23862817e-06 1.23862817e-06 1.23862817e-06 1.23862817e-06 1.23862817e-06 1.23862817e-06 1.23862817e-06 1.23862817e-06 1.23862817e-06 1.23862817e-06 1.23862817e-06 1.23862817e-06 1.23862817e-06 1.23862817e-06 1.23862817e-06 1.23862817e-06 1.23862817e-06 1.23862817e-06 1.23862817e-06 1.23862817e-06 1.23862817e-06 1.23862817e-06 1.23862817e-06 1.23862817e-06 1.23862817e-06 1.23862817e-06 1.23862817e-06 1.23862817e-06 1.23862817e-06 1.23862817e-06 1.23862817e-06 1.23862817e-06 1.23862817e-06 1.23862817e-06 1.23862817e-06 1.23862817e-06 1.23862817e-06 1.23862817e-06 1.23862817e-06 1.23862817e-06 1.23862817e-06 1.23862817e-06 1.23862817e-06 1.23862817e-06 1.23862817e-06 1.23862817e-06 1.23862817e-06 1.23862817e-06 1.23862817e-06 1.23862817e-06 1.23862817e-06 1.23862817e-06 1.23862817e-06 1.23862817e-06 1.23862817e-06 1.23862817e-06 1.23862817e-06 1.23862817e-06 1.23862817e-06 1.23862817e-06 1.23862817e-06 1.23862817e-06 1.23862817e-06 1.23862817e-06 1.23862817e-06 1.23862817e-06 1.23862817e-06 1.23862817e-06 1.23862817e-06 1.23862817e-06 1.23862817e-06 1.23862817e-06 1.23862817e-06 1.23862817e-06 1.23862817e-06 1.23862817e-06 1.23862817e-06 1.23862817e-06 1.23862817e-06 1.23862817e-06 1.23862817e-06 1.23862817e-06 1.23862817e-06 1.23862817e-06 1.23862817e-06 1.23862817e-06 1.23862817e-06 1.23862817e-06 1.23862817e-06 1.23862817e-06 1.23862817e-06 1.23862817e-06 1.23862817e-06 1.23862817e-06 1.23862817e-06 1.23862817e-06 1.23862817e-06 1.23862817e-06 1.23862817e-06 1.23862817e-06 1.23862817e-06 1.23862817e-06 1.23862817e-06 1.23862817e-06 1.23862817e-06 1.23862817e-06 1.23862817e-06 1.23862817e-06 1.23862817e-06 1.23862817e-06 1.23862817e-06 1.23862817e-06 1.23862817e-06 1.23862817e-06 1.23862817e-06 1.23862817e-06 1.23862817e-06 1.23862817e-06 1.23862817e-06 1.23862817e-06 1.23862817e-06 1.23862817e-06 1.23862817e-06 1.23862817e-06 1.23862817e-06 1.23862817e-06 1.23862817e-06 1.23862817e-06 1.23862817e-06 1.23862817e-06 1.23862817e-06 1.23862817e-06 1.23862817e-06 1.23862817e-06 1.23862817e-06 1.23862817e-06 1.23862817e-06 1.23862817e-06 1.23862817e-06 1.23862817e-06 1.23862817e-06 1.23862817e-06 1.23862817e-06 1.23862817e-06 1.23862817e-06 1.23862817e-06 1.23862817e-06 1.23862817e-06 1.23862817e-06 1.23862817e-06 1.23862817e-06 1.23862817e-06 1.23862817e-06 1.23862817e-06 1.23862817e-06 1.23862817e-06 1.23862817e-06 1.23862817e-06 1.23862817e-06 1.23862817e-06
1.05322403e-06 1.05322403e-06 1.05322403e-06 1.05322403e-06 1.05322403e-06 1.05322403e-06 1.05322403e-06 1.05322403e-06 1.05322403e-06 1.05322403e-06 1.05322403e-06 1.05322403e-06 1.05322403e-06 1.05322403e-06 1.05322403e-06 1.05322403e-06 1.05322403e-06 1.05322403e-06 1.05322403e-06 1.05322403e-06 1.05322403e-06 1.05322403e-06 1.05322403e-06 1.05322403e-06 1.05322403e-06 1.05322403e-06 1.05322403e-06 1.05322403e-06 1.05322403e-06 1.05322403e-06 1.05322403e-06 1.05322403e-06 1.05322403e-06 1.05322403e-06 1.05322403e-06 1.05322403e-06 1.05322403e-06 1.05322403e-06 1.05322403e-06 1.05322403e-06 1.05322403e-06 1.05322403e-06 1.05322403e-06 1.05322403e-06 1.05322403e-06 1.05322403e-06 1.05322403e-06 1.05322403e-06 1.05322403e-06 1.05322403e-06 1.05322403e-06 1.05322403e-06 1.05322403e-06 1.05322403e-06 1.05322403e-06 1.05322403e-06 1.05322403e-06 1.05322403e-06 1.05322403e-06 1.05322403e-06 1.05322403e-06 1.05322403e-06 1.05322403e-06 1.05322403e-06 1.05322403e-06 1.05322403e-06 1.05322403e-06 1.05322403e-06 1.05322403e-06 1.05322403e-06 1.05322403e-06 1.05322403e-06 1.05322403e-06 1.05322403e-06 1.05322403e-06 1.05322403e-06 1.05322403e-06 1.05322403e-06 1.05322403e-06 1.05322403e-06 1.05322403e-06 1.05322403e-06 1.05322403e-06 1.05322403e-06 1.05322403e-06 1.05322403e-06 1.05322403e-06 1.05322403e-06 1.05322403e-06 1.05322403e-06 1.05322403e-06 1.05322403e-06 1.05322403e-06 1.05322403e-06 1.05322403e-06 1.05322403e-06 1.05322403e-06 1.05322403e-06 1.05322403e-06 1.05322403e-06 1.05322403e-06 1.05322403e-06 1.05322403e-06 1.05322403e-06 1.05322403e-06 1.05322403e-06 1.05322403e-06 1.05322403e-06 1.05322403e-06 1.05322403e-06 1.05322403e-06 1.05322403e-06 1.05322403e-06 1.05322403e-06 1.05322403e-06 1.05322403e-06 1.05322403e-06 1.05322403e-06 1.05322403e-06 1.05322403e-06 1.05322403e-06 1.05322403e-06 1.05322403e-06 1.05322403e-06 1.05322403e-06 1.05322403e-06 1.05322403e-06 1.05322403e-06 1.05322403e-06 1.05322403e-06 1.05322403e-06 1.05322403e-06 1.05322403e-06 1.05322403e-06 1.05322403e-06 1.05322403e-06 1.05322403e-06 1.05322403e-06 1.05322403e-06 1.05322403e-06 1.05322403e-06 1.05322403e-06 1.05322403e-06 1.05322403e-06 1.05322403e-06 1.05322403e-06 1.05322403e-06 1.05322403e-06 1.05322403e-06 1.05322403e-06 1.05322403e-06 1.05322403e-06 1.05322403e-06 1.05322403e-06 1.05322403e-06 1.05322403e-06 1.05322403e-06 1.05322403e-06 1.05322403e-06 1.05322403e-06 1.05322403e-06 1.05322403e-06 1.05322403e-06 1.05322403e-06 1.05322403e-06 1.05322403e-06 1.05322403e-06 1.05322403e-06 1.05322403e-06 1.05322403e-06 1.05322403e-06 1.05322403e-06 1.05322403e-06 1.05322403e-06 1.05322403e-06 1.05322403e-06 1.05322403e-06 1.05322403e-06 1.05322403e-06 1.05322403e-06 1.05322403e-06 1.05322403e-06 1.05322403e-06 1.05322403e-06 1.05322403e-06 1.05322403e-06 1.05322403e-06 1.05322403e-06 1.05322403e-06 1.05322403e-06 1.05322403e-06 1.05322403e-06 1.05322403e-06 1.05322403e-06 1.05322403e-06 1.05322403e-06 1.05322403e-06 1.05322403e-06 1.05322403e-06 1.05322403e-06
8.94783121e-07 8.94783121e-07 8.94783121e-07 8.94783121e-07 8.94783121e-07 8.94783121e-07 8.94783121e-07 8.94783121e-07 8.94783121e-07 8.94783121e-07 8.94783121e-07 8.94783121e-07 8.94783121e-07 8.94783121e-07 8.94783121e-07 8.94783121e-07 8.94783121e-07 8.94783121e-07 8.94783121e-07 8.94783121e-07 8.94783121e-07 8.94783121e-07 8.94783121e-07 8.94783121e-07 8.94783121e-07 8.94783121e-07 8.94783121e-07 8.94783121e-07 8.94783121e-07 8.94783121e-07 8.94783121e-07 8.94783121e-07 8.94783121e-07 8.94783121e-07 8.94783121e-07 8.94783121e-07 8.94783121e-07 8.94783121e-07 8.94783121e-07 8.94783121e-07 8.94783121e-07 8.94783121e-07 8.94783121e-07 8.94783121e-07 8.94783121e-07 8.94783121e-07 8.94783121e-07 8.94783121e-07 8.94783121e-07 8.94783121e-07 8.94783121e-07 8.94783121e-07 8.94783121e-07 8.94783121e-07 8.94783121e-07 8.94783121e-07 8.94783121e-07 8.94783121e-07 8.94783121e-07 8.94783121e-07 8.94783121e-07 8.94783121e-07 8.94783121e-07 8.94783121e-07 8.94783121e-07 8.94783121e-07 8.94783121e-07 8.94783121e-07 8.94783121e-07 8.94783121e-07 8.94783121e-07 8.94783121e-07 8.94783121e-07 8.94783121e-07 8.94783121e-07 8.94783121e-07 8.94783121e-07 8.94783121e-07 8.94783121e-07 8.94783121e-07 8.94783121e-07 8.94783121e-07 8.94783121e-07 8.94783121e-07 8.94783121e-07 8.94783121e-07 8.94783121e-07 8.94783121e-07 8.94783121e-07 8.94783121e-07 8.94783121e-07 8.94783121e-07 8.94783121e-07 8.94783121e-07 8.94783121e-07 8.94783121e-07 8.94783121e-07 8.94783121e-07 8.94783121e-07 8.94783121e-07 8.94783121e-07 8.94783121e-07 8.94783121e-07 8.94783121e-07 8.94783121e-07 8.94783121e-07 8.94783121e-07 8.94783121e-07 8.94783121e-07 8.94783121e-07 8.94783121e-07 8.94783121e-07 8.94783121e-07 8.94783121e-07 8.94783121e-07 8.94783121e-07 8.94783121e-07 8.94783121e-07 8.94783121e-07 8.94783121e-07 8.94783121e-07 8.94783121e-07 8.94783121e-07 8.94783121e-07 8.94783121e-07 8.94783121e-07 8.94783121e-07 8.94783121e-07 8.94783121e-07 8.94783121e-07 8.94783121e-07 8.94783121e-07 8.94783121e-07 8.94783121e-07 8.94783121e-07 8.94783121e-07 8.94783121e-07 8.94783121e-07 8.94783121e-07 8.94783121e-07 8.94783121e-07 8.94783121e-07 8.94783121e-07 8.94783121e-07 8.94783121e-07 8.94783121e-07 8.94783121e-07 8.94783121e-07 8.94783121e-07 8.94783121e-07 8.94783121e-07 8.94783121e-07 8.94783121e-07 8.94783121e-07 8.94783121e-07 8.94783121e-07 8.94783121e-07 8.94783121e-07 8.94783121e-07 8.94783121e-07 8.94783121e-07 8.94783121e-07 8.94783121e-07 8.94783121e-07 8.94783121e-07 8.94783121e-07 8.94783121e-07 8.94783121e-07 8.94783121e-07 8.94783121e-07 8.94783121e-07 8.94783121e-07 8.94783121e-07 8.94783121e-07 8.94783121e-07 8.94783121e-07 8.94783121e-07 8.94783121e-07 8.94783121e-07 8.94783121e-07 8.94783121e-07 8.94783121e-07 8.94783121e-07 8.94783121e-07 8.94783121e-07 8.94783121e-07 8.94783121e-07 8.94783121e-07 8.94783121e-07 8.94783121e-07 8.94783121e-07 8.94783121e-07 8.94783121e-07 8.94783121e-07 8.94783121e-07 8.94783121e-07 8.94783121e-07 8.94783121e-07 8.94783121e-07 8.94783121e-07
7.59507284e-07 7.59507284e-07 7.59507284e-07 7.59507284e-07 7.59507284e-07 7.59507284e-07 7.59507284e-07 7.59507284e-07 7.59507284e-07 7.59507284e-07 7.59507284e-07 7.59507284e-07 7.59507284e-07 7.59507284e-07 7.59507284e-07 7.59507284e-07 7.59507284e-07 7.59507284e-07 7.59507284e-07 7.59507284e-07 7.59507284e-07 7.59507284e-07 7.59507284e-07 7.59507284e-07 7.59507284e-07 7.59507284e-07 7.59507284e-07 7.59507284e-07 7.59507284e-07 7.59507284e-07 7.59507284e-07 7.59507284e-07 7.59507284e-07 7.59507284e-07 7.59507284e-07 7.59507284e-07 7.59507284e-07 7.59507284e-07 7.59507284e-07 7.59507284e-07 7.59507284e-07 7.59507284e-07 7.59507284e-07 7.59507284e-07 7.59507284e-07 7.59507284e-07 7.59507284e-07 7.59507284e-07 7.59507284e-07 7.59507284e-07 7.59507284e-07 7.59507284e-07 7.59507284e-07 7.59507284e-07 7.59507284e-07 7.59507284e-07 7.59507284e-07 7.59507284e-07 7.59507284e-07 7.59507284e-07 7.59507284e-07 7.59507284e-07 7.59507284e-07 7.59507284e-07 7.59507284e-07 7.59507284e-07 7.59507284e-07 7.59507284e-07 7.59507284e-07 7.59507284e-07 7.59507284e-07 7.59507284e-07 7.59507284e-07 7.59507284e-07 7.59507284e-07 7.59507284e-07 7.59507284e-07 7.59507284e-07 7.59507284e-07 7.59507284e-07 7.59507284e-07 7.59507284e-07 7.59507284e-07 7.59507284e-07 7.59507284e-07 7.59507284e-07 7.59507284e-07 7.59507284e-07 7.59507284e-07 7.59507284e-07 7.59507284e-07 7.59507284e-07 7.59507284e-07 7.59507284e-07 7.59507284e-07 7.59507284e-07 7.59507284e-07 7.59507284e-07 7.59507284e-07 7.59507284e-07 7.59507284e-07 7.59507284e-07 7.59507284e-07 7.59507284e-07 7.59507284e-07 7.59507284e-07 7.59507284e-07 7.59507284e-07 7.59507284e-07 7.59507284e-07 7.59507284e-07 7.59507284e-07 7.59507284e-07 7.59507284e-07 7.59507284e-07 7.59507284e-07 7.59507284e-07 7.59507284e-07 7.59507284e-07 7.59507284e-07 7.59507284e-07 7.59507284e-07 7.59507284e-07 7.59507284e-07 7.59507284e-07 7.59507284e-07 7.59507284e-07 7.59507284e-07 7.59507284e-07 7.59507284e-07 7.59507284e-07 7.59507284e-07 7.59507284e-07 7.59507284e-07 7.59507284e-07 7.59507284e-07 7.59507284e-07 7.59507284e-07 7.59507284e-07 7.59507284e-07 7.59507284e-07 7.59507284e-07 7.59507284e-07 7.59507284e-07 7.59507284e-07 7.59507284e-07 7.59507284e-07 7.59507284e-07 7.59507284e-07 7.59507284e-07 7.59507284e-07 7.59507284e-07 7.59507284e-07 7.59507284e-07 7.59507284e-07 7.59507284e-07 7.59507284e-07 7.59507284e-07 7.59507284e-07 7.59507284e-07 7.59507284e-07 7.59507284e-07 7.59507284e-07 7.59507284e-07 7.59507284e-07 7.59507284e-07 7.59507284e-07 7.59507284e-07 7.59507284e-07 7.59507284e-07 7.59507284e-07 7.59507284e-07 7.59507284e-07 7.59507284e-07 7.59507284e-07 7.59507284e-07 7.59507284e-07 7.59507284e-07 7.59507284e-07 7.59507284e-07 7.59507284e-07 7.59507284e-07 7.59507284e-07 7.59507284e-07 7.59507284e-07 7.59507284e-07 7.59507284e-07 7.59507284e-07 7.59507284e-07 7.59507284e-07 7.59507284e-07 7.59507284e-07 7.59507284e-07 7.59507284e-07 7.59507284e-07 7.59507284e-07 7.59507284e-07 7.59507284e-07 7.59507284e-07 7.59507284e-07
6.44114636e-07 6.44114636e-07 6.44114636e-07 6.44114636e-07 6.44114636e-07 6.44114636e-07 6.44114636e-07 6.44114636e-07 6.44114636e-07 6.44114636e-07 6.44114636e-07 6.44114636e-07 6.44114636e-07 6.44114636e-07 6.44114636e-07 6.44114636e-07 6.44114636e-07 6.44114636e-07 6.44114636e-07 6.44114636e-07 6.44114636e-07 6.44114636e-07 6.44114636e-07 6.44114636e-07 6.44114636e-07 6.44114636e-07 6.44114636e-07 6.44114636e-07 6.44114636e-07 6.44114636e-07 6.44114636e-07 6.44114636e-07 6.44114636e-07 6.44114636e-07 6.44114636e-07 6.44114636e-07 6.44114636e-07 6.44114636e-07 6.44114636e-07 6.44114636e-07 6.44114636e-07 6.44114636e-07 6.44114636e-07 6.44114636e-07 6.44114636e-07 6.44114636e-07 6.44114636e-07 6.44114636e-07 6.44114636e-07 6.44114636e-07 6.44114636e-07 6.44114636e-07 6.44114636e-07 6.44114636e-07 6.44114636e-07 6.44114636e-07 6.44114636e-07 6.44114636e-07 6.44114636e-07 6.44114636e-07 6.44114636e-07 6.44114636e-07 6.44114636e-07 6.44114636e-07 6.44114636e-07 6.44114636e-07 6.44114636e-07 6.44114636e-07 6.44114636e-07 6.44114636e-07 6.44114636e-07 6.44114636e-07 6.44114636e-07 6.44114636e-07 6.44114636e-07 6.44114636e-07 6.44114636e-07 6.44114636e-07 6.44114636e-07 6.44114636e-07 6.44114636e-07 6.44114636e-07 6.44114636e-07 6.44114636e-07 6.44114636e-07 6.44114636e-07 6.44114636e-07 6.44114636e-07 6.44114636e-07 6.44114636e-07 6.44114636e-07 6.44114636e-07 6.44114636e-07 6.44114636e-07 6.44114636e-07 6.44114636e-07 6.44114636e-07 6.44114636e-07 6.44114636e-07 6.44114636e-07 6.44114636e-07 6.44114636e-07 6.44114636e-07 6.44114636e-07 6.44114636e-07 6.44114636e-07 6.44114636e-07 6.44114636e-07 6.44114636e-07 6.44114636e-07 6.44114636e-07 6.44114636e-07 6.44114636e-07 6.44114636e-07 6.44114636e-07 6.44114636e-07 6.44114636e-07 6.44114636e-07 6.44114636e-07 6.44114636e-07 6.44114636e-07 6.44114636e-07 6.44114636e-07 6.44114636e-07 6.44114636e-07 6.44114636e-07 6.44114636e-07 6.44114636e-07 6.44114636e-07 6.44114636e-07 6.44114636e-07 6.44114636e-07 6.44114636e-07 6.44114636e-07 6.44114636e-07 6.44114636e-07 6.44114636e-07 6.44114636e-07 6.44114636e-07 6.44114636e-07 6.44114636e-07 6.44114636e-07 6.44114636e-07 6.44114636e-07 6.44114636e-07 6.44114636e-07 6.44114636e-07 6.44114636e-07 6.44114636e-07 6.44114636e-07 6.44114636e-07 6.44114636e-07 6.44114636e-07 6.44114636e-07 6.44114636e-07 6.44114636e-07 6.44114636e-07 6.44114636e-07 6.44114636e-07 6.44114636e-07 6.44114636e-07 6.44114636e-07 6.44114636e-07 6.44114636e-07 6.44114636e-07 6.44114636e-07 6.44114636e-07 6.44114636e-07 6.44114636e-07 6.44114636e-07 6.44114636e-07 6.44114636e-07 6.44114636e-07 6.44114636e-07 6.44114636e-07 6.44114636e-07 6.44114636e-07 6.44114636e-07 6.44114636e-07 6.44114636e-07 6.44114636e-07 6.44114636e-07 6.44114636e-07 6.44114636e-07 6.44114636e-07 6.44114636e-07 6.44114636e-07 6.44114636e-07 6.44114636e-07 6.44114636e-07 6.44114636e-07 6.44114636e-07 6.44114636e-07 6.44114636e-07 6.44114636e-07 6.44114636e-07 6.44114636e-07 6.44114636e-07 6.44114636e-07 6.44114636e-07
5.45772168e-07 5.45772168e-07 5.45772168e-07 5.45772168e-07 5.45772168e-07 5.45772168e-07 5.45772168e-07 5.45772168e-07 5.45772168e-07 5.45772168e-07 5.45772168e-07 5.45772168e-07 5.45772168e-07 5.45772168e-07 5.45772168e-07 5.45772168e-07 5.45772168e-07 5.45772168e-07 5.45772168e-07 5.45772168e-07 5.45772168e-07 5.45772168e-07 5.45772168e-07 5.45772168e-07 5.45772168e-07 5.45772168e-07 5.45772168e-07 5.45772168e-07 5.45772168e-07 5.45772168e-07 5.45772168e-07 5.45772168e-07 5.45772168e-07 5.45772168e-07 5.45772168e-07 5.45772168e-07 5.45772168e-07 5.45772168e-07 5.45772168e-07 5.45772168e-07 5.45772168e-07 5.45772168e-07 5.45772168e-07 5.45772168e-07 5.45772168e-07 5.45772168e-07 5.45772168e-07 5.45772168e-07 5.45772168e-07 5.45772168e-07 5.45772168e-07 5.45772168e-07 5.45772168e-07 5.45772168e-07 5.45772168e-07 5.45772168e-07 5.45772168e-07 5.45772168e-07 5.45772168e-07 5.45772168e-07 5.45772168e-07 5.45772168e-07 5.45772168e-07 5.45772168e-07 5.45772168e-07 5.45772168e-07 5.45772168e-07 5.45772168e-07 5.45772168e-07 5.45772168e-07 5.45772168e-07 5.45772168e-07 5.45772168e-07 5.45772168e-07 5.45772168e-07 5.45772168e-07 5.45772168e-07 5.45772168e-07 5.45772168e-07 5.45772168e-07 5.45772168e-07 5.45772168e-07 5.45772168e-07 5.45772168e-07 5.45772168e-07 5.45772168e-07 5.45772168e-07 5.45772168e-07 5.45772168e-07 5.45772168e-07 5.45772168e-07 5.45772168e-07 5.45772168e-07 5.45772168e-07 5.45772168e-07 5.45772168e-07 5.45772168e-07 5.45772168e-07 5.45772168e-07 5.45772168e-07 5.45772168e-07 5.45772168e-07 5.45772168e-07 5.45772168e-07 5.45772168e-07 5.45772168e-07 5.45772168e-07 5.45772168e-07 5.45772168e-07 5.45772168e-07 5.45772168e-07 5.45772168e-07 5.45772168e-07 5.45772168e-07 5.45772168e-07 5.45772168e-07 5.45772168e-07 5.45772168e-07 5.45772168e-07 5.45772168e-07 5.45772168e-07 5.45772168e-07 5.45772168e-07 5.45772168e-07 5.45772168e-07 5.45772168e-07 5.45772168e-07 5.45772168e-07 5.45772168e-07 5.45772168e-07 5.45772168e-07 5.45772168e-07 5.45772168e-07 5.45772168e-07 5.45772168e-07 5.45772168e-07 5.45772168e-07 5.45772168e-07 5.45772168e-07 5.45772168e-07 5.45772168e-07 5.45772168e-07 5.45772168e-07 5.45772168e-07 5.45772168e-07 5.45772168e-07 5.45772168e-07 5.45772168e-07 5.45772168e-07 5.45772168e-07 5.45772168e-07 5.45772168e-07 5.45772168e-07 5.45772168e-07 5.45772168e-07 5.45772168e-07 5.45772168e-07 5.45772168e-07 5.45772168e-07 5.45772168e-07 5.45772168e-07 5.45772168e-07 5.45772168e-07 5.45772168e-07 5.45772168e-07 5.45772168e-07 5.45772168e-07 5.45772168e-07 5.45772168e-07 5.45772168e-07 5.45772168e-07 5.45772168e-07 5.45772168e-07 5.45772168e-07 5.45772168e-07 5.45772168e-07 5.45772168e-07 5.45772168e-07 5.45772168e-07 5.45772168e-07 5.45772168e-07 5.45772168e-07 5.45772168e-07 5.45772168e-07 5.45772168e-07 5.45772168e-07 5.45772168e-07 5.45772168e-07 5.45772168e-07 5.45772168e-07 5.45772168e-07 5.45772168e-07 5.45772168e-07 5.45772168e-07 5.45772168e-07 5.45772168e-07 5.45772168e-07 5.45772168e-07 5.45772168e-07 5.45772168e-07
4.62036752e-07 4.62036752e-07 4.62036752e-07 4.62036752e-07 4.62036752e-07 4.62036752e-07 4.62036752e-07 4.62036752e-07 4.62036752e-07 4.62036752e-07 4.62036752e-07 4.62036752e-07 4.62036752e-07 4.62036752e-07 4.62036752e-07 4.62036752e-07 4.62036752e-07 4.62036752e-07 4.62036752e-07 4.62036752e-07 4.62036752e-07 4.62036752e-07 4.62036752e-07 4.62036752e-07 4.62036752e-07 4.62036752e-07 4.62036752e-07 4.62036752e-07 4.62036752e-07 4.62036752e-07 4.62036752e-07 4.62036752e-07 4.62036752e-07 4.62036752e-07 4.62036752e-07 4.62036752e-07 4.62036752e-07 4.62036752e-07 4.62036752e-07 4.62036752e-07 4.62036752e-07 4.62036752e-07 4.62036752e-07 4.62036752e-07 4.62036752e-07 4.62036752e-07 4.62036752e-07 4.62036752e-07 4.62036752e-07 4.62036752e-07 4.62036752e-07 4.62036752e-07 4.62036752e-07 4.62036752e-07 4.62036752e-07 4.62036752e-07 4.62036752e-07 4.62036752e-07 4.62036752e-07 4.62036752e-07 4.62036752e-07 4.62036752e-07 4.62036752e-07 4.62036752e-07 4.62036752e-07 4.62036752e-07 4.62036752e-07 4.62036752e-07 4.62036752e-07 4.62036752e-07 4.62036752e-07 4.62036752e-07 4.62036752e-07 4.62036752e-07 4.62036752e-07 4.62036752e-07 4.62036752e-07 4.62036752e-07 4.62036752e-07 4.62036752e-07 4.62036752e-07 4.62036752e-07 4.62036752e-07 4.62036752e-07 4.62036752e-07 4.62036752e-07 4.62036752e-07 4.62036752e-07 4.62036752e-07 4.62036752e-07 4.62036752e-07 4.62036752e-07 4.62036752e-07 4.62036752e-07 4.62036752e-07 4.62036752e-07 4.62036752e-07 4.62036752e-07 4.62036752e-07 4.62036752e-07 4.62036752e-07 4.62036752e-07 4.62036752e-07 4.62036752e-07 4.62036752e-07 4.62036752e-07 4.62036752e-07 4.62036752e-07 4.62036752e-07 4.62036752e-07 4.62036752e-07 4.62036752e-07 4.62036752e-07 4.62036752e-07 4.62036752e-07 4.62036752e-07 4.62036752e-07 4.62036752e-07 4.62036752e-07 4.62036752e-07 4.62036752e-07 4.62036752e-07 4.62036752e-07 4.62036752e-07 4.62036752e-07 4.62036752e-07 4.62036752e-07 4.62036752e-07 4.62036752e-07 4.62036752e-07 4.62036752e-07 4.62036752e-07 4.62036752e-07 4.62036752e-07 4.62036752e-07 4.62036752e-07 4.62036752e-07 4.62036752e-07 4.62036752e-07 4.62036752e-07 4.62036752e-07 4.62036752e-07 4.62036752e-07 4.62036752e-07 4.62036752e-07 4.62036752e-07 4.62036752e-07 4.62036752e-07 4.62036752e-07 4.62036752e-07 4.62036752e-07 4.62036752e-07 4.62036752e-07 4.62036752e-07 4.62036752e-07 4.62036752e-07 4.62036752e-07 4.62036752e-07 4.62036752e-07 4.62036752e-07 4.62036752e-07 4.62036752e-07 4.62036752e-07 4.62036752e-07 4.62036752e-07 4.62036752e-07 4.62036752e-07 4.62036752e-07 4.62036752e-07 4.62036752e-07 4.62036752e-07 4.62036752e-07 4.62036752e-07 4.62036752e-07 4.62036752e-07 4.62036752e-07 4.62036752e-07 4.62036752e-07 4.62036752e-07 4.62036752e-07 4.62036752e-07 4.62036752e-07 4.62036752e-07 4.62036752e-07 4.62036752e-07 4.62036752e-07 4.62036752e-07 4.62036752e-07 4.62036752e-07 4.62036752e-07 4.62036752e-07 4.62036752e-07 4.62036752e-07 4.62036752e-07 4.62036752e-07 4.62036752e-07 4.62036752e-07 4.62036752e-07 4.62036752e-07 4.62036752e-07
3.90803558e-07 3.90803558e-07 3.90803558e-07 3.90803558e-07 3.90803558e-07 3.90803558e-07 3.90803558e-07 3.90803558e-07 3.90803558e-07 3.90803558e-07 3.90803558e-07 3.90803558e-07 3.90803558e-07 3.90803558e-07 3.90803558e-07 3.90803558e-07 3.90803558e-07 3.90803558e-07 3.90803558e-07 3.90803558e-07 3.90803558e-07 3.90803558e-07 3.90803558e-07 3.90803558e-07 3.90803558e-07 3.90803558e-07 3.90803558e-07 3.90803558e-07 3.90803558e-07 3.90803558e-07 3.90803558e-07 3.90803558e-07 3.90803558e-07 3.90803558e-07 3.90803558e-07 3.90803558e-07 3.90803558e-07 3.90803558e-07 3.90803558e-07 3.90803558e-07 3.90803558e-07 3.90803558e-07 3.90803558e-07 3.90803558e-07 3.90803558e-07 3.90803558e-07 3.90803558e-07 3.90803558e-07 3.90803558e-07 3.90803558e-07 3.90803558e-07 3.90803558e-07 3.90803558e-07 3.90803558e-07 3.90803558e-07 3.90803558e-07 3.90803558e-07 3.90803558e-07 3.90803558e-07 3.90803558e-07 3.90803558e-07 3.90803558e-07 3.90803558e-07 3.90803558e-07 3.90803558e-07 3.90803558e-07 3.90803558e-07 3.90803558e-07 3.90803558e-07 3.90803558e-07 3.90803558e-07 3.90803558e-07 3.90803558e-07 3.90803558e-07 3.90803558e-07 3.90803558e-07 3.90803558e-07 3.90803558e-07 3.90803558e-07 3.90803558e-07 3.90803558e-07 3.90803558e-07 3.90803558e-07 3.90803558e-07 3.90803558e-07 3.90803558e-07 3.90803558e-07 3.90803558e-07 3.90803558e-07 3.90803558e-07 3.90803558e-07 3.90803558e-07 3.90803558e-07 3.90803558e-07 3.90803558e-07 3.90803558e-07 3.90803558e-07 3.90803558e-07 3.90803558e-07 3.90803558e-07 3.90803558e-07 3.90803558e-07 3.90803558e-07 3.90803558e-07 3.90803558e-07 3.90803558e-07 3.90803558e-07 3.90803558e-07 3.90803558e-07 3.90803558e-07 3.90803558e-07 3.90803558e-07 3.90803558e-07 3.90803558e-07 3.90803558e-07 3.90803558e-07 3.90803558e-07 3.90803558e-07 3.90803558e-07 3.90803558e-07 3.90803558e-07 3.90803558e-07 3.90803558e-07 3.90803558e-07 3.90803558e-07 3.90803558e-07 3.90803558e-07 3.90803558e-07 3.90803558e-07 3.90803558e-07 3.90803558e-07 3.90803558e-07 3.90803558e-07 3.90803558e-07 3.90803558e-07 3.90803558e-07 3.90803558e-07 3.90803558e-07 3.90803558e-07 3.90803558e-07 3.90803558e-07 3.90803558e-07 3.90803558e-07 3.90803558e-07 3.90803558e-07 3.90803558e-07 3.90803558e-07 3.90803558e-07 3.90803558e-07 3.90803558e-07 3.90803558e-07 3.90803558e-07 3.90803558e-07 3.90803558e-07 3.90803558e-07 3.90803558e-07 3.90803558e-07 3.90803558e-07 3.90803558e-07 3.90803558e-07 3.90803558e-07 3.90803558e-07 3.90803558e-07 3.90803558e-07 3.90803558e-07 3.90803558e-07 3.90803558e-07 3.90803558e-07 3.90803558e-07 3.90803558e-07 3.90803558e-07 3.90803558e-07 3.90803558e-07 3.90803558e-07 3.90803558e-07 3.90803558e-07 3.90803558e-07 3.90803558e-07 3.90803558e-07 3.90803558e-07 3.90803558e-07 3.90803558e-07 3.90803558e-07 3.90803558e-07 3.90803558e-07 3.90803558e-07 3.90803558e-07 3.90803558e-07 3.90803558e-07 3.90803558e-07 3.90803558e-07 3.90803558e-07 3.90803558e-07 3.90803558e-07 3.90803558e-07 3.90803558e-07 3.90803558e-07 3.90803558e-07 3.90803558e-07 3.90803558e-07
3.30260988e-07 3.30260988e-07 3.30260988e-07 3.30260988e-07 3.30260988e-07 3.30260988e-07 3.30260988e-07 3.30260988e-07 3.30260988e-07 3.30260988e-07 3.30260988e-07 3.30260988e-07 3.30260988e-07 3.30260988e-07 3.30260988e-07 3.30260988e-07 3.30260988e-07 3.30260988e-07 3.30260988e-07 3.30260988e-07 3.30260988e-07 3.30260988e-07 3.30260988e-07 3.30260988e-07 3.30260988e-07 3.30260988e-07 3.30260988e-07 3.30260988e-07 3.30260988e-07 3.30260988e-07 3.30260988e-07 3.30260988e-07 3.30260988e-07 3.30260988e-07 3.30260988e-07 3.30260988e-07 3.30260988e-07 3.30260988e-07 3.30260988e-07 3.30260988e-07 3.30260988e-07 3.30260988e-07 3.30260988e-07 3.30260988e-07 3.30260988e-07 3.30260988e-07 3.30260988e-07 3.30260988e-07 3.30260988e-07 3.30260988e-07 3.30260988e-07 3.30260988e-07 3.30260988e-07 3.30260988e-07 3.30260988e-07 3.30260988e-07 3.30260988e-07 3.30260988e-07 3.30260988e-07 3.30260988e-07 3.30260988e-07 3.30260988e-07 3.30260988e-07 3.30260988e-07 3.30260988e-07 3.30260988e-07 3.30260988e-07 3.30260988e-07 3.30260988e-07 3.30260988e-07 3.30260988e-07 3.30260988e-07 3.30260988e-07 3.30260988e-07 3.30260988e-07 3.30260988e-07 3.30260988e-07 3.30260988e-07 3.30260988e-07 3.30260988e-07 3.30260988e-07 3.30260988e-07 3.30260988e-07 3.30260988e-07 3.30260988e-07 3.30260988e-07 3.30260988e-07 3.30260988e-07 3.30260988e-07 3.30260988e-07 3.30260988e-07 3.30260988e-07 3.30260988e-07 3.30260988e-07 3.30260988e-07 3.30260988e-07 3.30260988e-07 3.30260988e-07 3.30260988e-07 3.30260988e-07 3.30260988e-07 3.30260988e-07 3.30260988e-07 3.30260988e-07 3.30260988e-07 3.30260988e-07 3.30260988e-07 3.30260988e-07 3.30260988e-07 3.30260988e-07 3.30260988e-07 3.30260988e-07 3.30260988e-07 3.30260988e-07 3.30260988e-07 3.30260988e-07 3.30260988e-07 3.30260988e-07 3.30260988e-07 3.30260988e-07 3.30260988e-07 3.30260988e-07 3.30260988e-07 3.30260988e-07 3.30260988e-07 3.30260988e-07 3.30260988e-07 3.30260988e-07 3.30260988e-07 3.30260988e-07 3.30260988e-07 3.30260988e-07 3.30260988e-07 3.30260988e-07 3.30260988e-07 3.30260988e-07 3.30260988e-07 3.30260988e-07 3.30260988e-07 3.30260988e-07 3.30260988e-07 3.30260988e-07 3.30260988e-07 3.30260988e-07 3.30260988e-07 3.30260988e-07 3.30260988e-07 3.30260988e-07 3.30260988e-07 3.30260988e-07 3.30260988e-07 3.30260988e-07 3.30260988e-07 3.30260988e-07 3.30260988e-07 3.30260988e-07 3.30260988e-07 3.30260988e-07 3.30260988e-07 3.30260988e-07 3.30260988e-07 3.30260988e-07 3.30260988e-07 3.30260988e-07 3.30260988e-07 3.30260988e-07 3.30260988e-07 3.30260988e-07 3.30260988e-07 3.30260988e-07 3.30260988e-07 3.30260988e-07 3.30260988e-07 3.30260988e-07 3.30260988e-07 3.30260988e-07 3.30260988e-07 3.30260988e-07 3.30260988e-07 3.30260988e-07 3.30260988e-07 3.30260988e-07 3.30260988e-07 3.30260988e-07 3.30260988e-07 3.30260988e-07 3.30260988e-07 3.30260988e-07 3.30260988e-07 3.30260988e-07 3.30260988e-07 3.30260988e-07 3.30260988e-07 3.30260988e-07 3.30260988e-07 3.30260988e-07 3.30260988e-07 3.30260988e-07 3.30260988e-07 3.30260988e-07
2.78851350e-07 2.78851350e-07 2.78851350e-07 2.78851350e-07 2.78851350e-07 2.78851350e-07 2.78851350e-07 2.78851350e-07 2.78851350e-07 2.78851350e-07 2.78851350e-07 2.78851350e-07 2.78851350e-07 2.78851350e-07 2.78851350e-07 2.78851350e-07 2.78851350e-07 2.78851350e-07 2.78851350e-07 2.78851350e-07 2.78851350e-07 2.78851350e-07 2.78851350e-07 2.78851350e-07 2.78851350e-07 2.78851350e-07 2.78851350e-07 2.78851350e-07 2.78851350e-07 2.78851350e-07 2.78851350e-07 2.78851350e-07 2.78851350e-07 2.78851350e-07 2.78851350e-07 2.78851350e-07 2.78851350e-07 2.78851350e-07 2.78851350e-07 2.78851350e-07 2.78851350e-07 2.78851350e-07 2.78851350e-07 2.78851350e-07 2.78851350e-07 2.78851350e-07 2.78851350e-07 2.78851350e-07 2.78851350e-07 2.78851350e-07 2.78851350e-07 2.78851350e-07 2.78851350e-07 2.78851350e-07 2.78851350e-07 2.78851350e-07 2.78851350e-07 2.78851350e-07 2.78851350e-07 2.78851350e-07 2.78851350e-07 2.78851350e-07 2.78851350e-07 2.78851350e-07 2.78851350e-07 2.78851350e-07 2.78851350e-07 2.78851350e-07 2.78851350e-07 2.78851350e-07 2.78851350e-07 2.78851350e-07 2.78851350e-07 2.78851350e-07 2.78851350e-07 2.78851350e-07 2.78851350e-07 2.78851350e-07 2.78851350e-07 2.78851350e-07 2.78851350e-07 2.78851350e-07 2.78851350e-07 2.78851350e-07 2.78851350e-07 2.78851350e-07 2.78851350e-07 2.78851350e-07 2.78851350e-07 2.78851350e-07 2.78851350e-07 2.78851350e-07 2.78851350e-07 2.78851350e-07 2.78851350e-07 2.78851350e-07 2.78851350e-07 2.78851350e-07 2.78851350e-07 2.78851350e-07 2.78851350e-07 2.78851350e-07 2.78851350e-07 2.78851350e-07 2.78851350e-07 2.78851350e-07 2.78851350e-07 2.78851350e-07 2.78851350e-07 2.78851350e-07 2.78851350e-07 2.78851350e-07 2.78851350e-07 2.78851350e-07 2.78851350e-07 2.78851350e-07 2.78851350e-07 2.78851350e-07 2.78851350e-07 2.78851350e-07 2.78851350e-07 2.78851350e-07 2.78851350e-07 2.78851350e-07 2.78851350e-07 2.78851350e-07 2.78851350e-07 2.78851350e-07 2.78851350e-07 2.78851350e-07 2.78851350e-07 2.78851350e-07 2.78851350e-07 2.78851350e-07 2.78851350e-07 2.78851350e-07 2.78851350e-07 2.78851350e-07 2.78851350e-07 2.78851350e-07 2.78851350e-07 2.78851350e-07 2.78851350e-07 2.78851350e-07 2.78851350e-07 2.78851350e-07 2.78851350e-07 2.78851350e-07 2.78851350e-07 2.78851350e-07 2.78851350e-07 2.78851350e-07 2.78851350e-07 2.78851350e-07 2.78851350e-07 2.78851350e-07 2.78851350e-07 2.78851350e-07 2.78851350e-07 2.78851350e-07 2.78851350e-07 2.78851350e-07 2.78851350e-07 2.78851350e-07 2.78851350e-07 2.78851350e-07 2.78851350e-07 2.78851350e-07 2.78851350e-07 2.78851350e-07 2.78851350e-07 2.78851350e-07 2.78851350e-07 2.78851350e-07 2.78851350e-07 2.78851350e-07 2.78851350e-07 2.78851350e-07 2.78851350e-07 2.78851350e-07 2.78851350e-07 2.78851350e-07 2.78851350e-07 2.78851350e-07 2.78851350e-07 2.78851350e-07 2.78851350e-07 2.78851350e-07 2.78851350e-07 2.78851350e-07 2.78851350e-07 2.78851350e-07 2.78851350e-07 2.78851350e-07 2.78851350e-07 2.78851350e-07 2.78851350e-07 2.78851350e-07 2.78851350e-07 2.78851350e-07
2.35236586e-07 2.35236586e-07 2.35236586e-07 2.35236586e-07 2.35236586e-07 2.35236586e-07 2.35236586e-07 2.35236586e-07 2.35236586e-07 2.35236586e-07 2.35236586e-07 2.35236586e-07 2.35236586e-07 2.35236586e-07 2.35236586e-07 2.35236586e-07 2.35236586e-07 2.35236586e-07 2.35236586e-07 2.35236586e-07 2.35236586e-07 2.35236586e-07 2.35236586e-07 2.35236586e-07 2.35236586e-07 2.35236586e-07 2.35236586e-07 2.35236586e-07 2.35236586e-07 2.35236586e-07 2.35236586e-07 2.35236586e-07 2.35236586e-07 2.35236586e-07 2.35236586e-07 2.35236586e-07 2.35236586e-07 2.35236586e-07 2.35236586e-07 2.35236586e-07 2.35236586e-07 2.35236586e-07 2.35236586e-07 2.35236586e-07 2.35236586e-07 2.35236586e-07 2.35236586e-07 2.35236586e-07 2.35236586e-07 2.35236586e-07 2.35236586e-07 2.35236586e-07 2.35236586e-07 2.35236586e-07 2.35236586e-07 2.35236586e-07 2.35236586e-07 2.35236586e-07 2.35236586e-07 2.35236586e-07 2.35236586e-07 2.35236586e-07 2.35236586e-07 2.35236586e-07 2.35236586e-07 2.35236586e-07 2.35236586e-07 2.35236586e-07 2.35236586e-07 2.35236586e-07 2.35236586e-07 2.35236586e-07 2.35236586e-07 2.35236586e-07 2.35236586e-07 2.35236586e-07 2.35236586e-07 2.35236586e-07 2.35236586e-07 2.35236586e-07 2.35236586e-07 2.35236586e-07 2.35236586e-07 2.35236586e-07 2.35236586e-07 2.35236586e-07 2.35236586e-07 2.35236586e-07 2.35236586e-07 2.35236586e-07 2.35236586e-07 2.35236586e-07 2.35236586e-07 2.35236586e-07 2.35236586e-07 2.35236586e-07 2.35236586e-07 2.35236586e-07 2.35236586e-07 2.35236586e-07 2.35236586e-07 2.35236586e-07 2.35236586e-07 2.35236586e-07 2.35236586e-07 2.35236586e-07 2.35236586e-07 2.35236586e-07 2.35236586e-07 2.35236586e-07 2.35236586e-07 2.35236586e-07 2.35236586e-07 2.35236586e-07 2.35236586e-07 2.35236586e-07 2.35236586e-07 2.35236586e-07 2.35236586e-07 2.35236586e-07 2.35236586e-07 2.35236586e-07 2.35236586e-07 2.35236586e-07 2.35236586e-07 2.35236586e-07 2.35236586e-07 2.35236586e-07 2.35236586e-07 2.35236586e-07 2.35236586e-07 2.35236586e-07 2.35236586e-07 2.35236586e-07 2.35236586e-07 2.35236586e-07 2.35236586e-07 2.35236586e-07 2.35236586e-07 2.35236586e-07 2.35236586e-07 2.35236586e-07 2.35236586e-07 2.35236586e-07 2.35236586e-07 2.35236586e-07 2.35236586e-07 2.35236586e-07 2.35236586e-07 2.35236586e-07 2.35236586e-07 2.35236586e-07 2.35236586e-07 2.35236586e-07 2.35236586e-07 2.35236586e-07 2.35236586e-07 2.35236586e-07 2.35236586e-07 2.35236586e-07 2.35236586e-07 2.35236586e-07 2.35236586e-07 2.35236586e-07 2.35236586e-07 2.35236586e-07 2.35236586e-07 2.35236586e-07 2.35236586e-07 2.35236586e-07 2.35236586e-07 2.35236586e-07 2.35236586e-07 2.35236586e-07 2.35236586e-07 2.35236586e-07 2.35236586e-07 2.35236586e-07 2.35236586e-07 2.35236586e-07 2.35236586e-07 2.35236586e-07 2.35236586e-07 2.35236586e-07 2.35236586e-07 2.35236586e-07 2.35236586e-07 2.35236586e-07 2.35236586e-07 2.35236586e-07 2.35236586e-07 2.35236586e-07 2.35236586e-07 2.35236586e-07 2.35236586e-07 2.35236586e-07 2.35236586e-07 2.35236586e-07 2.35236586e-07 2.35236586e-07
1.98268426e-07 1.98268426e-07 1.98268426e-07 1.98268426e-07 1.98268426e-07 1.98268426e-07 1.98268426e-07 1.98268426e-07 1.98268426e-07 1.98268426e-07 1.98268426e-07 1.98268426e-07 1.98268426e-07 1.98268426e-07 1.98268426e-07 1.98268426e-07 1.98268426e-07 1.98268426e-07 1.98268426e-07 1.98268426e-07 1.98268426e-07 1.98268426e-07 1.98268426e-07 1.98268426e-07 1.98268426e-07 1.98268426e-07 1.98268426e-07 1.98268426e-07 1.98268426e-07 1.98268426e-07 1.98268426e-07 1.98268426e-07 1.98268426e-07 1.98268426e-07 1.98268426e-07 1.98268426e-07 1.98268426e-07 1.98268426e-07 1.98268426e-07 1.98268426e-07 1.98268426e-07 1.98268426e-07 1.98268426e-07 1.98268426e-07 1.98268426e-07 1.98268426e-07 1.98268426e-07 1.98268426e-07 1.98268426e-07 1.98268426e-07 1.98268426e-07 1.98268426e-07 1.98268426e-07 1.98268426e-07 1.98268426e-07 1.98268426e-07 1.98268426e-07 1.98268426e-07 1.98268426e-07 1.98268426e-07 1.98268426e-07 1.98268426e-07 1.98268426e-07 1.98268426e-07 1.98268426e-07 1.98268426e-07 1.98268426e-07 1.98268426e-07 1.98268426e-07 1.98268426e-07 1.98268426e-07 1.98268426e-07 1.98268426e-07 1.98268426e-07 1.98268426e-07 1.98268426e-07 1.98268426e-07 1.98268426e-07 1.98268426e-07 1.98268426e-07 1.98268426e-07 1.98268426e-07 1.98268426e-07 1.98268426e-07 1.98268426e-07 1.98268426e-07 1.98268426e-07 1.98268426e-07 1.98268426e-07 1.98268426e-07 1.98268426e-07 1.98268426e-07 1.98268426e-07 1.98268426e-07 1.98268426e-07 1.98268426e-07 1.98268426e-07 1.98268426e-07 1.98268426e-07 1.98268426e-07 1.98268426e-07 1.98268426e-07 1.98268426e-07 1.98268426e-07 1.98268426e-07 1.98268426e-07 1.98268426e-07 1.98268426e-07 1.98268426e-07 1.98268426e-07 1.98268426e-07 1.98268426e-07 1.98268426e-07 1.98268426e-07 1.98268426e-07 1.98268426e-07 1.98268426e-07 1.98268426e-07 1.98268426e-07 1.98268426e-07 1.98268426e-07 1.98268426e-07 1.98268426e-07 1.98268426e-07 1.98268426e-07 1.98268426e-07 1.98268426e-07 1.98268426e-07 1.98268426e-07 1.98268426e-07 1.98268426e-07 1.98268426e-07 1.98268426e-07 1.98268426e-07 1.98268426e-07 1.98268426e-07 1.98268426e-07 1.98268426e-07 1.98268426e-07 1.98268426e-07 1.98268426e-07 1.98268426e-07 1.98268426e-07 1.98268426e-07 1.98268426e-07 1.98268426e-07 1.98268426e-07 1.98268426e-07 1.98268426e-07 1.98268426e-07 1.98268426e-07 1.98268426e-07 1.98268426e-07 1.98268426e-07 1.98268426e-07 1.98268426e-07 1.98268426e-07 1.98268426e-07 1.98268426e-07 1.98268426e-07 1.98268426e-07 1.98268426e-07 1.98268426e-07 1.98268426e-07 1.98268426e-07 1.98268426e-07 1.98268426e-07 1.98268426e-07 1.98268426e-07 1.98268426e-07 1.98268426e-07 1.98268426e-07 1.98268426e-07 1.98268426e-07 1.98268426e-07 1.98268426e-07 1.98268426e-07 1.98268426e-07 1.98268426e-07 1.98268426e-07 1.98268426e-07 1.98268426e-07 1.98268426e-07 1.98268426e-07 1.98268426e-07 1.98268426e-07 1.98268426e-07 1.98268426e-07 1.98268426e-07 1.98268426e-07 1.98268426e-07 1.98268426e-07 1.98268426e-07 1.98268426e-07 1.98268426e-07 1.98268426e-07 1.98268426e-07 1.98268426e-07 1.98268426e-07 1.98268426e-07
1.66962429e-07 1.66962429e-07 1.66962429e-07 1.66962429e-07 1.66962429e-07 1.66962429e-07 1.66962429e-07 1.66962429e-07 1.66962429e-07 1.66962429e-07 1.66962429e-07 1.66962429e-07 1.66962429e-07 1.66962429e-07 1.66962429e-07 1.66962429e-07 1.66962429e-07 1.66962429e-07 1.66962429e-07 1.66962429e-07 1.66962429e-07 1.66962429e-07 1.66962429e-07 1.66962429e-07 1.66962429e-07 1.66962429e-07 1.66962429e-07 1.66962429e-07 1.66962429e-07 1.66962429e-07 1.66962429e-07 1.66962429e-07 1.66962429e-07 1.66962429e-07 1.66962429e-07 1.66962429e-07 1.66962429e-07 1.66962429e-07 1.66962429e-07 1.66962429e-07 1.66962429e-07 1.66962429e-07 1.66962429e-07 1.66962429e-07 1.66962429e-07 1.66962429e-07 1.66962429e-07 1.66962429e-07 1.66962429e-07 1.66962429e-07 1.66962429e-07 1.66962429e-07 1.66962429e-07 1.66962429e-07 1.66962429e-07 1.66962429e-07 1.66962429e-07 1.66962429e-07 1.66962429e-07 1.66962429e-07 1.66962429e-07 1.66962429e-07 1.66962429e-07 1.66962429e-07 1.66962429e-07 1.66962429e-07 1.66962429e-07 1.66962429e-07 1.66962429e-07 1.66962429e-07 1.66962429e-07 1.66962429e-07 1.66962429e-07 1.66962429e-07 1.66962429e-07 1.66962429e-07 1.66962429e-07 1.66962429e-07 1.66962429e-07 1.66962429e-07 1.66962429e-07 1.66962429e-07 1.66962429e-07 1.66962429e-07 1.66962429e-07 1.66962429e-07 1.66962429e-07 1.66962429e-07 1.66962429e-07 1.66962429e-07 1.66962429e-07 1.66962429e-07 1.66962429e-07 1.66962429e-07 1.66962429e-07 1.66962429e-07 1.66962429e-07 1.66962429e-07 1.66962429e-07 1.66962429e-07 1.66962429e-07 1.66962429e-07 1.66962429e-07 1.66962429e-07 1.66962429e-07 1.66962429e-07 1.66962429e-07 1.66962429e-07 1.66962429e-07 1.66962429e-07 1.66962429e-07 1.66962429e-07 1.66962429e-07 1.66962429e-07 1.66962429e-07 1.66962429e-07 1.66962429e-07 1.66962429e-07 1.66962429e-07 1.66962429e-07 1.66962429e-07 1.66962429e-07 1.66962429e-07 1.66962429e-07 1.66962429e-07 1.66962429e-07 1.66962429e-07 1.66962429e-07 1.66962429e-07 1.66962429e-07 1.66962429e-07 1.66962429e-07 1.66962429e-07 1.66962429e-07 1.66962429e-07 1.66962429e-07 1.66962429e-07 1.66962429e-07 1.66962429e-07 1.66962429e-07 1.66962429e-07 1.66962429e-07 1.66962429e-07 1.66962429e-07 1.66962429e-07 1.66962429e-07 1.66962429e-07 1.66962429e-07 1.66962429e-07 1.66962429e-07 1.66962429e-07 1.66962429e-07 1.66962429e-07 1.66962429e-07 1.66962429e-07 1.66962429e-07 1.66962429e-07 1.66962429e-07 1.66962429e-07 1.66962429e-07 1.66962429e-07 1.66962429e-07 1.66962429e-07 1.66962429e-07 1.66962429e-07 1.66962429e-07 1.66962429e-07 1.66962429e-07 1.66962429e-07 1.66962429e-07 1.66962429e-07 1.66962429e-07 1.66962429e-07 1.66962429e-07 1.66962429e-07 1.66962429e-07 1.66962429e-07 1.66962429e-07 1.66962429e-07 1.66962429e-07 1.66962429e-07 1.66962429e-07 1.66962429e-07 1.66962429e-07 1.66962429e-07 1.66962429e-07 1.66962429e-07 1.66962429e-07 1.66962429e-07 1.66962429e-07 1.66962429e-07 1.66962429e-07 1.66962429e-07 1.66962429e-07 1.66962429e-07 1.66962429e-07 1.66962429e-07 1.66962429e-07 1.66962429e-07 1.66962429e-07
1.40475435e-07 1.40475435e-07 1.40475436e-07 1.40475436e-07 1.40475437e-07 1.40475437e-07 1.40475437e-07 1.40475437e-07 1.40475437e-07 1.40475437e-07 1.40475437e-07 1.40475437e-07 1.40475437e-07 1.40475437e-07 1.40475437e-07 1.40475437e-07 1.40475437e-07 1.40475437e-07 1.40475437e-07 1.40475437e-07 1.40475437e-07 1.40475437e-07 1.40475437e-07 1.40475437e-07 1.40475437e-07 1.40475437e-07 1.40475437e-07 1.40475437e-07 1.40475437e-07 1.40475437e-07 1.40475437e-07 1.40475437e-07 1.40475437e-07 1.40475437e-07 1.40475437e-07 1.40475437e-07 1.40475437e-07 1.40475437e-07 1.40475437e-07 1.40475437e-07 1.40475437e-07 1.40475437e-07 1.40475437e-07 1.40475437e-07 1.40475437e-07 1.40475437e-07 1.40475437e-07 1.40475436e-07 1.40475436e-07 1.40475435e-07 1.40475435e-07 1.40475435e-07 1.40475436e-07 1.40475436e-07 1.40475437e-07 1.40475437e-07 1.40475437e-07 1.40475437e-07 1.40475437e-07 1.40475437e-07 1.40475437e-07 1.40475437e-07 1.40475437e-07 1.40475437e-07 1.40475437e-07 1.40475437e-07 1.40475437e-07 1.40475437e-07 1.40475437e-07 1.40475437e-07 1.40475437e-07 1.40475437e-07 1.40475437e-07 1.40475437e-07 1.40475437e-07 1.40475437e-07 1.40475437e-07 1.40475437e-07 1.40475437e-07 1.40475437e-07 1.40475437e-07 1.40475437e-07 1.40475437e-07 1.40475437e-07 1.40475437e-07 1.40475437e-07 1.40475437e-07 1.40475437e-07 1.40475437e-07 1.40475437e-07 1.40475437e-07 1.40475437e-07 1.40475437e-07 1.40475437e-07 1.40475437e-07 1.40475437e-07 1.40475437e-07 1.40475436e-07 1.40475436e-07 1.40475435e-07 1.40475435e-07 1.40475436e-07 1.40475436e-07 1.40475437e-07 1.40475437e-07 1.40475437e-07 1.40475437e-07 1.40475437e-07 1.40475437e-07 1.40475437e-07 1.40475437e-07 1.40475437e-07 1.40475437e-07 1.40475437e-07 1.40475437e-07 1.40475437e-07 1.40475437e-07 1.40475437e-07 1.40475437e-07 1.40475437e-07 1.40475437e-07 1.40475437e-07 1.40475437e-07 1.40475437e-07 1.40475437e-07 1.40475437e-07 1.40475437e-07 1.40475437e-07 1.40475437e-07 1.40475437e-07 1.40475437e-07 1.40475437e-07 1.40475437e-07 1.40475437e-07 1.40475437e-07 1.40475437e-07 1.40475437e-07 1.40475437e-07 1.40475437e-07 1.40475437e-07 1.40475437e-07 1.40475437e-07 1.40475437e-07 1.40475437e-07 1.40475437e-07 1.40475437e-07 1.40475436e-07 1.40475436e-07 1.40475435e-07 1.40475435e-07 1.40475435e-07 1.40475436e-07 1.40475436e-07 1.40475437e-07 1.40475437e-07 1.40475437e-07 1.40475437e-07 1.40475437e-07 1.40475437e-07 1.40475437e-07 1.40475437e-07 1.40475437e-07 1.40475437e-07 1.40475437e-07 1.40475437e-07 1.40475437e-07 1.40475437e-07 1.40475437e-07 1.40475437e-07 1.40475437e-07 1.40475437e-07 1.40475437e-07 1.40475437e-07 1.40475437e-07 1.40475437e-07 1.40475437e-07 1.40475437e-07 1.40475437e-07 1.40475437e-07 1.40475437e-07 1.40475437e-07 1.40475437e-07 1.40475437e-07 1.40475437e-07 1.40475437e-07 1.40475437e-07 1.40475437e-07 1.40475437e-07 1.40475437e-07 1.40475437e-07 1.40475437e-07 1.40475437e-07 1.40475437e-07 1.40475437e-07 1.40475437e-07 1.40475437e-07 1.40475436e-07 1.40475436e-07 1.40475435e-07 1.40475435e-07
1.18085995e-07 1.18085995e-07 1.18085995e-07 1.18085996e-07 1.18085997e-07 1.18085998e-07 1.18085998e-07 1.18085998e-07 1.18085998e-07 1.18085998e-07 1.18085998e-07 1.18085998e-07 1.18085998e-07 1.18085998e-07 1.18085998e-07 1.18085998e-07 1.18085998e-07 1.18085998e-07 1.18085998e-07 1.18085998e-07 1.18085998e-07 1.18085998e-07 1.18085998e-07 1.18085998e-07 1.18085998e-07 1.18085998e-07 1.18085998e-07 1.18085998e-07 1.18085998e-07 1.18085998e-07 1.18085998e-07 1.18085998e-07 1.18085998e-07 1.18085998e-07 1.18085998e-07 1.18085998e-07 1.18085998e-07 1.18085998e-07 1.18085998e-07 1.18085998e-07 1.18085998e-07 1.18085998e-07 1.18085998e-07 1.18085998e-07 1.18085998e-07 1.18085998e-07 1.18085997e-07 1.18085996e-07 1.18085995e-07 1.18085995e-07 1.18085995e-07 1.18085995e-07 1.18085996e-07 1.18085996e-07 1.18085997e-07 1.18085998e-07 1.18085998e-07 1.18085998e-07 1.18085998e-07 1.18085998e-07 1.18085998e-07 1.18085998e-07 1.18085998e-07 1.18085998e-07 1.18085998e-07 1.18085998e-07 1.18085998e-07 1.18085998e-07 1.18085998e-07 1.18085998e-07 1.18085998e-07 1.18085998e-07 1.18085998e-07 1.18085998e-07 1.18085998e-07 1.18085998e-07 1.18085998e-07 1.18085998e-07 1.18085998e-07 1.18085998e-07 1.18085998e-07 1.18085998e-07 1.18085998e-07 1.18085998e-07 1.18085998e-07 1.18085998e-07 1.18085998e-07 1.18085998e-07 1.18085998e-07 1.18085998e-07 1.18085998e-07 1.18085998e-07 1.18085998e-07 1.18085998e-07 1.18085998e-07 1.18085997e-07 1.18085997e-07 1.18085996e-07 1.18085995e-07 1.18085995e-07 1.18085995e-07 1.18085995e-07 1.18085996e-07 1.18085997e-07 1.18085997e-07 1.18085998e-07 1.18085998e-07 1.18085998e-07 1.18085998e-07 1.18085998e-07 1.18085998e-07 1.18085998e-07 1.18085998e-07 1.18085998e-07 1.18085998e-07 1.18085998e-07 1.18085998e-07 1.18085998e-07 1.18085998e-07 1.18085998e-07 1.18085998e-07 1.18085998e-07 1.18085998e-07 1.18085998e-07 1.18085998e-07 1.18085998e-07 1.18085998e-07 1.18085998e-07 1.18085998e-07 1.18085998e-07 1.18085998e-07 1.18085998e-07 1.18085998e-07 1.18085998e-07 1.18085998e-07 1.18085998e-07 1.18085998e-07 1.18085998e-07 1.18085998e-07 1.18085998e-07 1.18085998e-07 1.18085998e-07 1.18085998e-07 1.18085998e-07 1.18085998e-07 1.18085997e-07 1.18085996e-07 1.18085996e-07 1.18085995e-07 1.18085995e-07 1.18085995e-07 1.18085995e-07 1.18085996e-07 1.18085997e-07 1.18085998e-07 1.18085998e-07 1.18085998e-07 1.18085998e-07 1.18085998e-07 1.18085998e-07 1.18085998e-07 1.18085998e-07 1.18085998e-07 1.18085998e-07 1.18085998e-07 1.18085998e-07 1.18085998e-07 1.18085998e-07 1.18085998e-07 1.18085998e-07 1.18085998e-07 1.18085998e-07 1.18085998e-07 1.18085998e-07 1.18085998e-07 1.18085998e-07 1.18085998e-07 1.18085998e-07 1.18085998e-07 1.18085998e-07 1.18085998e-07 1.18085998e-07 1.18085998e-07 1.18085998e-07 1.18085998e-07 1.18085998e-07 1.18085998e-07 1.18085998e-07 1.18085998e-07 1.18085998e-07 1.18085998e-07 1.18085998e-07 1.18085998e-07 1.18085998e-07 1.18085998e-07 1.18085997e-07 1.18085996e-07 1.18085995e-07 1.18085995e-07 1.18085995e-07
9.91773970e-08 9.91773972e-08 9.91773978e-08 9.91773987e-08 9.91773999e-08 9.91774010e-08 9.91774017e-08 9.91774019e-08 9.91774019e-08 9.91774019e-08 9.91774018e-08 9.91774018e-08 9.91774018e-08 9.91774018e-08 9.91774018e-08 9.91774018e-08 9.91774018e-08 9.91774018e-08 9.91774018e-08 9.91774018e-08 9.91774018e-08 9.91774018e-08 9.91774018e-08 9.91774018e-08 9.91774018e-08 9.91774018e-08 9.91774018e-08 9.91774018e-08 9.91774018e-08 9.91774018e-08 9.91774018e-08 9.91774018e-08 9.91774018e-08 9.91774018e-08 9.91774018e-08 9.91774018e-08 9.91774018e-08 9.91774018e-08 9.91774018e-08 9.91774018e-08 9.91774018e-08 9.91774019e-08 9.91774019e-08 9.91774019e-08 9.91774015e-08 9.91774008e-08 9.91773996e-08 9.91773985e-08 9.91773976e-08 9.91773971e-08 9.91773970e-08 9.91773973e-08 9.91773980e-08 9.91773990e-08 9.91774002e-08 9.91774012e-08 9.91774018e-08 9.91774019e-08 9.91774019e-08 9.91774019e-08 9.91774018e-08 9.91774018e-08 9.91774018e-08 9.91774018e-08 9.91774018e-08 9.91774018e-08 9.91774018e-08 9.91774018e-08 9.91774018e-08 9.91774018e-08 9.91774018e-08 9.91774018e-08 9.91774018e-08 9.91774018e-08 9.91774018e-08 9.91774018e-08 9.91774018e-08 9.91774018e-08 9.91774018e-08 9.91774018e-08 9.91774018e-08 9.91774018e-08 9.91774018e-08 9.91774018e-08 9.91774018e-08 9.91774018e-08 9.91774018e-08 9.91774018e-08 9.91774018e-08 9.91774018e-08 9.91774018e-08 9.91774019e-08 9.91774019e-08 9.91774018e-08 9.91774014e-08 9.91774005e-08 9.91773993e-08 9.91773982e-08 9.91773974e-08 9.91773970e-08 9.91773970e-08 9.91773974e-08 9.91773982e-08 9.91773993e-08 9.91774005e-08 9.91774014e-08 9.91774018e-08 9.91774019e-08 9.91774019e-08 9.91774019e-08 9.91774018e-08 9.91774018e-08 9.91774018e-08 9.91774018e-08 9.91774018e-08 9.91774018e-08 9.91774018e-08 9.91774018e-08 9.91774018e-08 9.91774018e-08 9.91774018e-08 9.91774018e-08 9.91774018e-08 9.91774018e-08 9.91774018e-08 9.91774018e-08 9.91774018e-08 9.91774018e-08 9.91774018e-08 9.91774018e-08 9.91774018e-08 9.91774018e-08 9.91774018e-08 9.91774018e-08 9.91774018e-08 9.91774018e-08 9.91774018e-08 9.91774018e-08 9.91774018e-08 9.91774018e-08 9.91774019e-08 9.91774019e-08 9.91774019e-08 9.91774018e-08 9.91774012e-08 9.91774002e-08 9.91773990e-08 9.91773980e-08 9.91773973e-08 9.91773970e-08 9.91773971e-08 9.91773976e-08 9.91773985e-08 9.91773996e-08 9.91774008e-08 9.91774015e-08 9.91774019e-08 9.91774019e-08 9.91774019e-08 9.91774018e-08 9.91774018e-08 9.91774018e-08 9.91774018e-08 9.91774018e-08 9.91774018e-08 9.91774018e-08 9.91774018e-08 9.91774018e-08 9.91774018e-08 9.91774018e-08 9.91774018e-08 9.91774018e-08 9.91774018e-08 9.91774018e-08 9.91774018e-08 9.91774018e-08 9.91774018e-08 9.91774018e-08 9.91774018e-08 9.91774018e-08 9.91774018e-08 9.91774018e-08 9.91774018e-08 9.91774018e-08 9.91774018e-08 9.91774018e-08 9.91774018e-08 9.91774018e-08 9.91774018e-08 9.91774018e-08 9.91774019e-08 9.91774019e-08 9.91774019e-08 9.91774017e-08 9.91774010e-08 9.91773999e-08 9.91773987e-08 9.91773978e-08 9.91773972e-08 9.91773970e-08
8.32229814e-08 8.32229814e-08 8.32229816e-08 8.32229823e-08 8.32229834e-08 8.32229848e-08 8.32229859e-08 8.32229865e-08 8.32229866e-08 8.32229866e-08 8.32229865e-08 8.32229865e-08 8.32229865e-08 8.32229865e-08 8.32229865e-08 8.32229865e-08 8.32229865e-08 8.32229865e-08 8.32229865e-08 8.32229865e-08 8.32229865e-08 8.32229865e-08 8.32229865e-08 8.32229865e-08 8.32229865e-08 8.32229865e-08 8.32229865e-08 8.32229865e-08 8.32229865e-08 8.32229865e-08 8.32229865e-08 8.32229865e-08 8.32229865e-08 8.32229865e-08 8.32229865e-08 8.32229865e-08 8.32229865e-08 8.32229865e-08 8.32229865e-08 8.32229865e-08 8.32229866e-08 8.32229866e-08 8.32229866e-08 8.32229864e-08 8.32229856e-08 8.32229844e-08 8.32229831e-08 8.32229820e-08 8.32229815e-08 8.32229814e-08 8.32229814e-08 8.32229814e-08 8.32229817e-08 8.32229825e-08 8.32229838e-08 8.32229851e-08 8.32229861e-08 8.32229865e-08 8.32229866e-08 8.32229866e-08 8.32229865e-08 8.32229865e-08 8.32229865e-08 8.32229865e-08 8.32229865e-08 8.32229865e-08 8.32229865e-08 8.32229865e-08 8.32229865e-08 8.32229865e-08 8.32229865e-08 8.32229865e-08 8.32229865e-08 8.32229865e-08 8.32229865e-08 8.32229865e-08 8.32229865e-08 8.32229865e-08 8.32229865e-08 8.32229865e-08 8.32229865e-08 8.32229865e-08 8.32229865e-08 8.32229865e-08 8.32229865e-08 8.32229865e-08 8.32229865e-08 8.32229865e-08 8.32229865e-08 8.32229865e-08 8.32229866e-08 8.32229866e-08 8.32229866e-08 8.32229862e-08 8.32229854e-08 8.32229841e-08 8.32229828e-08 8.32229819e-08 8.32229815e-08 8.32229814e-08 8.32229814e-08 8.32229815e-08 8.32229819e-08 8.32229828e-08 8.32229841e-08 8.32229854e-08 8.32229862e-08 8.32229866e-08 8.32229866e-08 8.32229866e-08 8.32229865e-08 8.32229865e-08 8.32229865e-08 8.32229865e-08 8.32229865e-08 8.32229865e-08 8.32229865e-08 8.32229865e-08 8.32229865e-08 8.32229865e-08 8.32229865e-08 8.32229865e-08 8.32229865e-08 8.32229865e-08 8.32229865e-08 8.32229865e-08 8.32229865e-08 8.32229865e-08 8.32229865e-08 8.32229865e-08 8.32229865e-08 8.32229865e-08 8.32229865e-08 8.32229865e-08 8.32229865e-08 8.32229865e-08 8.32229865e-08 8.32229865e-08 8.32229865e-08 8.32229865e-08 8.32229866e-08 8.32229866e-08 8.32229865e-08 8.32229861e-08 8.32229851e-08 8.32229838e-08 8.32229825e-08 8.32229817e-08 8.32229814e-08 8.32229814e-08 8.32229814e-08 8.32229815e-08 8.32229820e-08 8.32229831e-08 8.32229844e-08 8.32229856e-08 8.32229864e-08 8.32229866e-08 8.32229866e-08 8.32229866e-08 8.32229865e-08 8.32229865e-08 8.32229865e-08 8.32229865e-08 8.32229865e-08 8.32229865e-08 8.32229865e-08 8.32229865e-08 8.32229865e-08 8.32229865e-08 8.32229865e-08 8.32229865e-08 8.32229865e-08 8.32229865e-08 8.32229865e-08 8.32229865e-08 8.32229865e-08 8.32229865e-08 8.32229865e-08 8.32229865e-08 8.32229865e-08 8.32229865e-08 8.32229865e-08 8.32229865e-08 8.32229865e-08 8.32229865e-08 8.32229865e-08 8.32229865e-08 8.32229865e-08 8.32229865e-08 8.32229866e-08 8.32229866e-08 8.32229865e-08 8.32229859e-08 8.32229848e-08 8.32229834e-08 8.32229823e-08 8.32229816e-08 8.32229814e-08 8.32229814e-08
6.97734240e-08 6.97734236e-08 6.97734227e-08 6.97734222e-08 6.97734225e-08 6.97734237e-08 6.97734251e-08 6.97734261e-08 6.97734265e-08 6.97734266e-08 6.97734265e-08 6.97734265e-08 6.97734265e-08 6.97734265e-08 6.97734265e-08 6.97734265e-08 6.97734265e-08 6.97734265e-08 6.97734265e-08 6.97734265e-08 6.97734265e-08 6.97734265e-08 6.97734265e-08 6.97734265e-08 6.97734265e-08 6.97734265e-08 6.97734265e-08 6.97734265e-08 6.97734265e-08 6.97734265e-08 6.97734265e-08 6.97734265e-08 6.97734265e-08 6.97734265e-08 6.97734265e-08 6.97734265e-08 6.97734265e-08 6.97734265e-08 6.97734265e-08 6.97734265e-08 6.97734265e-08 6.97734266e-08 6.97734265e-08 6.97734259e-08 6.97734248e-08 6.97734234e-08 6.97734224e-08 6.97734223e-08 6.97734229e-08 6.97734237e-08 6.97734239e-08 6.97734234e-08 6.97734225e-08 6.97734222e-08 6.97734228e-08 6.97734241e-08 6.97734254e-08 6.97734263e-08 6.97734266e-08 6.97734266e-08 6.97734265e-08 6.97734265e-08 6.97734265e-08 6.97734265e-08 6.97734265e-08 6.97734265e-08 6.97734265e-08 6.97734265e-08 6.97734265e-08 6.97734265e-08 6.97734265e-08 6.97734265e-08 6.97734265e-08 6.97734265e-08 6.97734265e-08 6.97734265e-08 6.97734265e-08 6.97734265e-08 6.97734265e-08 6.97734265e-08 6.97734265e-08 6.97734265e-08 6.97734265e-08 6.97734265e-08 6.97734265e-08 6.97734265e-08 6.97734265e-08 6.97734265e-08 6.97734265e-08 6.97734265e-08 6.97734266e-08 6.97734266e-08 6.97734264e-08 6.97734257e-08 6.97734244e-08 6.97734230e-08 6.97734222e-08 6.97734224e-08 6.97734232e-08 6.97734239e-08 6.97734239e-08 6.97734232e-08 6.97734224e-08 6.97734222e-08 6.97734230e-08 6.97734244e-08 6.97734257e-08 6.97734264e-08 6.97734266e-08 6.97734266e-08 6.97734265e-08 6.97734265e-08 6.97734265e-08 6.97734265e-08 6.97734265e-08 6.97734265e-08 6.97734265e-08 6.97734265e-08 6.97734265e-08 6.97734265e-08 6.97734265e-08 6.97734265e-08 6.97734265e-08 6.97734265e-08 6.97734265e-08 6.97734265e-08 6.97734265e-08 6.97734265e-08 6.97734265e-08 6.97734265e-08 6.97734265e-08 6.97734265e-08 6.97734265e-08 6.97734265e-08 6.97734265e-08 6.97734265e-08 6.97734265e-08 6.97734265e-08 6.97734265e-08 6.97734265e-08 6.97734266e-08 6.97734266e-08 6.97734263e-08 6.97734254e-08 6.97734241e-08 6.97734228e-08 6.97734222e-08 6.97734225e-08 6.97734234e-08 6.97734239e-08 6.97734237e-08 6.97734229e-08 6.97734223e-08 6.97734224e-08 6.97734234e-08 6.97734248e-08 6.97734259e-08 6.97734265e-08 6.97734266e-08 6.97734265e-08 6.97734265e-08 6.97734265e-08 6.97734265e-08 6.97734265e-08 6.97734265e-08 6.97734265e-08 6.97734265e-08 6.97734265e-08 6.97734265e-08 6.97734265e-08 6.97734265e-08 6.97734265e-08 6.97734265e-08 6.97734265e-08 6.97734265e-08 6.97734265e-08 6.97734265e-08 6.97734265e-08 6.97734265e-08 6.97734265e-08 6.97734265e-08 6.97734265e-08 6.97734265e-08 6.97734265e-08 6.97734265e-08 6.97734265e-08 6.97734265e-08 6.97734265e-08 6.97734265e-08 6.97734265e-08 6.97734266e-08 6.97734265e-08 6.97734261e-08 6.97734251e-08 6.97734237e-08 6.97734225e-08 6.97734222e-08 6.97734227e-08 6.97734236e-08 6.97734240e-08
5.84457541e-08 5.84457530e-08 5.84457503e-08 5.84457473e-08 5.84457455e-08 5.84457455e-08 5.84457467e-08 5.84457481e-08 5.84457488e-08 5.84457490e-08 5.84457490e-08 5.84457490e-08 5.84457490e-08 5.84457490e-08 5.84457490e-08 5.84457490e-08 5.84457490e-08 5.84457490e-08 5.84457490e-08 5.84457490e-08 5.84457490e-08 5.84457490e-08 5.84457490e-08 5.84457490e-08 5.84457490e-08 5.84457490e-08 5.84457490e-08 5.84457490e-08 5.84457490e-08 5.84457490e-08 5.84457490e-08 5.84457490e-08 5.84457490e-08 5.84457490e-08 5.84457490e-08 5.84457490e-08 5.84457490e-08 5.84457490e-08 5.84457490e-08 5.84457490e-08 5.84457490e-08 5.84457490e-08 5.84457487e-08 5.84457478e-08 5.84457464e-08 5.84457454e-08 5.84457458e-08 5.84457480e-08 5.84457510e-08 5.84457535e-08 5.84457540e-08 5.84457524e-08 5.84457495e-08 5.84457467e-08 5.84457454e-08 5.84457458e-08 5.84457471e-08 5.84457483e-08 5.84457489e-08 5.84457490e-08 5.84457490e-08 5.84457490e-08 5.84457490e-08 5.84457490e-08 5.84457490e-08 5.84457490e-08 5.84457490e-08 5.84457490e-08 5.84457490e-08 5.84457490e-08 5.84457490e-08 5.84457490e-08 5.84457490e-08 5.84457490e-08 5.84457490e-08 5.84457490e-08 5.84457490e-08 5.84457490e-08 5.84457490e-08 5.84457490e-08 5.84457490e-08 5.84457490e-08 5.84457490e-08 5.84457490e-08 5.84457490e-08 5.84457490e-08 5.84457490e-08 5.84457490e-08 5.84457490e-08 5.84457490e-08 5.84457490e-08 5.84457490e-08 5.84457485e-08 5.84457474e-08 5.84457461e-08 5.84457453e-08 5.84457462e-08 5.84457487e-08 5.84457517e-08 5.84457538e-08 5.84457538e-08 5.84457517e-08 5.84457487e-08 5.84457462e-08 5.84457453e-08 5.84457461e-08 5.84457474e-08 5.84457485e-08 5.84457490e-08 5.84457490e-08 5.84457490e-08 5.84457490e-08 5.84457490e-08 5.84457490e-08 5.84457490e-08 5.84457490e-08 5.84457490e-08 5.84457490e-08 5.84457490e-08 5.84457490e-08 5.84457490e-08 5.84457490e-08 5.84457490e-08 5.84457490e-08 5.84457490e-08 5.84457490e-08 5.84457490e-08 5.84457490e-08 5.84457490e-08 5.84457490e-08 5.84457490e-08 5.84457490e-08 5.84457490e-08 5.84457490e-08 5.84457490e-08 5.84457490e-08 5.84457490e-08 5.84457490e-08 5.84457490e-08 5.84457490e-08 5.84457490e-08 5.84457489e-08 5.84457483e-08 5.84457471e-08 5.84457458e-08 5.84457454e-08 5.84457467e-08 5.84457495e-08 5.84457524e-08 5.84457540e-08 5.84457535e-08 5.84457510e-08 5.84457480e-08 5.84457458e-08 5.84457454e-08 5.84457464e-08 5.84457478e-08 5.84457487e-08 5.84457490e-08 5.84457490e-08 5.84457490e-08 5.84457490e-08 5.84457490e-08 5.84457490e-08 5.84457490e-08 5.84457490e-08 5.84457490e-08 5.84457490e-08 5.84457490e-08 5.84457490e-08 5.84457490e-08 5.84457490e-08 5.84457490e-08 5.84457490e-08 5.84457490e-08 5.84457490e-08 5.84457490e-08 5.84457490e-08 5.84457490e-08 5.84457490e-08 5.84457490e-08 5.84457490e-08 5.84457490e-08 5.84457490e-08 5.84457490e-08 5.84457490e-08 5.84457490e-08 5.84457490e-08 5.84457490e-08 5.84457490e-08 5.84457490e-08 5.84457488e-08 5.84457481e-08 5.84457467e-08 5.84457455e-08 5.84457455e-08 5.84457473e-08 5.84457503e-08 5.84457530e-08 5.84457541e-08
4.89138717e-08 4.89138697e-08 4.89138643e-08 4.89138577e-08 4.89138522e-08 4.89138495e-08 4.89138494e-08 4.89138507e-08 4.89138518e-08 4.89138522e-08 4.89138523e-08 4.89138522e-08 4.89138522e-08 4.89138522e-08 4.89138522e-08 4.89138522e-08 4.89138522e-08 4.89138522e-08 4.89138522e-08 4.89138522e-08 4.89138522e-08 4.89138522e-08 4.89138522e-08 4.89138522e-08 4.89138522e-08 4.89138522e-08 4.89138522e-08 4.89138522e-08 4.89138522e-08 4.89138522e-08 4.89138522e-08 4.89138522e-08 4.89138522e-08 4.89138522e-08 4.89138522e-08 4.89138522e-08 4.89138522e-08 4.89138522e-08 4.89138522e-08 4.89138523e-08 4.89138523e-08 4.89138522e-08 4.89138515e-08 4.89138503e-08 4.89138493e-08 4.89138499e-08 4.89138533e-08 4.89138593e-08 4.89138659e-08 4.89138706e-08 4.89138716e-08 4.89138686e-08 4.89138627e-08 4.89138561e-08 4.89138512e-08 4.89138493e-08 4.89138497e-08 4.89138510e-08 4.89138519e-08 4.89138523e-08 4.89138523e-08 4.89138522e-08 4.89138522e-08 4.89138522e-08 4.89138522e-08 4.89138522e-08 4.89138522e-08 4.89138522e-08 4.89138522e-08 4.89138522e-08 4.89138522e-08 4.89138522e-08 4.89138522e-08 4.89138522e-08 4.89138522e-08 4.89138522e-08 4.89138522e-08 4.89138522e-08 4.89138522e-08 4.89138522e-08 4.89138522e-08 4.89138522e-08 4.89138522e-08 4.89138522e-08 4.89138522e-08 4.89138522e-08 4.89138522e-08 4.89138522e-08 4.89138522e-08 4.89138523e-08 4.89138523e-08 4.89138521e-08 4.89138513e-08 4.89138500e-08 4.89138492e-08 4.89138504e-08 4.89138546e-08 4.89138610e-08 4.89138673e-08 4.89138712e-08 4.89138712e-08 4.89138673e-08 4.89138610e-08 4.89138546e-08 4.89138504e-08 4.89138492e-08 4.89138500e-08 4.89138513e-08 4.89138521e-08 4.89138523e-08 4.89138523e-08 4.89138522e-08 4.89138522e-08 4.89138522e-08 4.89138522e-08 4.89138522e-08 4.89138522e-08 4.89138522e-08 4.89138522e-08 4.89138522e-08 4.89138522e-08 4.89138522e-08 4.89138522e-08 4.89138522e-08 4.89138522e-08 4.89138522e-08 4.89138522e-08 4.89138522e-08 4.89138522e-08 4.89138522e-08 4.89138522e-08 4.89138522e-08 4.89138522e-08 4.89138522e-08 4.89138522e-08 4.89138522e-08 4.89138522e-08 4.89138522e-08 4.89138522e-08 4.89138523e-08 4.89138523e-08 4.89138519e-08 4.89138510e-08 4.89138497e-08 4.89138493e-08 4.89138512e-08 4.89138561e-08 4.89138627e-08 4.89138686e-08 4.89138716e-08 4.89138706e-08 4.89138659e-08 4.89138593e-08 4.89138533e-08 4.89138499e-08 4.89138493e-08 4.89138503e-08 4.89138515e-08 4.89138522e-08 4.89138523e-08 4.89138523e-08 4.89138522e-08 4.89138522e-08 4.89138522e-08 4.89138522e-08 4.89138522e-08 4.89138522e-08 4.89138522e-08 4.89138522e-08 4.89138522e-08 4.89138522e-08 4.89138522e-08 4.89138522e-08 4.89138522e-08 4.89138522e-08 4.89138522e-08 4.89138522e-08 4.89138522e-08 4.89138522e-08 4.89138522e-08 4.89138522e-08 4.89138522e-08 4.89138522e-08 4.89138522e-08 4.89138522e-08 4.89138522e-08 4.89138522e-08 4.89138522e-08 4.89138522e-08 4.89138523e-08 4.89138522e-08 4.89138518e-08 4.89138507e-08 4.89138494e-08 4.89138495e-08 4.89138522e-08 4.89138577e-08 4.89138643e-08 4.89138697e-08 4.89138717e-08
4.09003697e-08 4.09003668e-08 4.09003588e-08 4.09003478e-08 4.09003372e-08 4.09003300e-08 4.09003272e-08 4.09003274e-08 4.09003286e-08 4.09003294e-08 4.09003296e-08 4.09003296e-08 4.09003296e-08 4.09003296e-08 4.09003296e-08 4.09003296e-08 4.09003296e-08 4.09003296e-08 4.09003296e-08 4.09003296e-08 4.09003296e-08 4.09003296e-08 4.09003296e-08 4.09003296e-08 4.09003296e-08 4.09003296e-08 4.09003296e-08 4.09003296e-08 4.09003296e-08 4.09003296e-08 4.09003296e-08 4.09003296e-08 4.09003296e-08 4.09003296e-08 4.09003296e-08 4.09003296e-08 4.09003296e-08 4.09003296e-08 4.09003296e-08 4.09003296e-08 4.09003296e-08 4.09003293e-08 4.09003284e-08 4.09003272e-08 4.09003275e-08 4.09003314e-08 4.09003397e-08 4.09003507e-08 4.09003612e-08 4.09003681e-08 4.09003695e-08 4.09003652e-08 4.09003562e-08 4.09003450e-08 4.09003350e-08 4.09003289e-08 4.09003270e-08 4.09003277e-08 4.09003289e-08 4.09003295e-08 4.09003296e-08 4.09003296e-08 4.09003296e-08 4.09003296e-08 4.09003296e-08 4.09003296e-08 4.09003296e-08 4.09003296e-08 4.09003296e-08 4.09003296e-08 4.09003296e-08 4.09003296e-08 4.09003296e-08 4.09003296e-08 4.09003296e-08 4.09003296e-08 4.09003296e-08 4.09003296e-08 4.09003296e-08 4.09003296e-08 4.09003296e-08 4.09003296e-08 4.09003296e-08 4.09003296e-08 4.09003296e-08 4.09003296e-08 4.09003296e-08 4.09003296e-08 4.09003296e-08 4.09003296e-08 4.09003296e-08 4.09003291e-08 4.09003280e-08 4.09003271e-08 4.09003281e-08 4.09003331e-08 4.09003423e-08 4.09003535e-08 4.09003633e-08 4.09003690e-08 4.09003690e-08 4.09003633e-08 4.09003535e-08 4.09003423e-08 4.09003331e-08 4.09003281e-08 4.09003271e-08 4.09003280e-08 4.09003291e-08 4.09003296e-08 4.09003296e-08 4.09003296e-08 4.09003296e-08 4.09003296e-08 4.09003296e-08 4.09003296e-08 4.09003296e-08 4.09003296e-08 4.09003296e-08 4.09003296e-08 4.09003296e-08 4.09003296e-08 4.09003296e-08 4.09003296e-08 4.09003296e-08 4.09003296e-08 4.09003296e-08 4.09003296e-08 4.09003296e-08 4.09003296e-08 4.09003296e-08 4.09003296e-08 4.09003296e-08 4.09003296e-08 4.09003296e-08 4.09003296e-08 4.09003296e-08 4.09003296e-08 4.09003296e-08 4.09003296e-08 4.09003295e-08 4.09003289e-08 4.09003277e-08 4.09003270e-08 4.09003289e-08 4.09003350e-08 4.09003450e-08 4.09003562e-08 4.09003652e-08 4.09003695e-08 4.09003681e-08 4.09003612e-08 4.09003507e-08 4.09003397e-08 4.09003314e-08 4.09003275e-08 4.09003272e-08 4.09003284e-08 4.09003293e-08 4.09003296e-08 4.09003296e-08 4.09003296e-08 4.09003296e-08 4.09003296e-08 4.09003296e-08 4.09003296e-08 4.09003296e-08 4.09003296e-08 4.09003296e-08 4.09003296e-08 4.09003296e-08 4.09003296e-08 4.09003296e-08 4.09003296e-08 4.09003296e-08 4.09003296e-08 4.09003296e-08 4.09003296e-08 4.09003296e-08 4.09003296e-08 4.09003296e-08 4.09003296e-08 4.09003296e-08 4.09003296e-08 4.09003296e-08 4.09003296e-08 4.09003296e-08 4.09003296e-08 4.09003296e-08 4.09003296e-08 4.09003294e-08 4.09003286e-08 4.09003274e-08 4.09003272e-08 4.09003300e-08 4.09003372e-08 4.09003478e-08 4.09003588e-08 4.09003668e-08 4.09003697e-08
3.41694889e-08 3.41694858e-08 3.41694767e-08 3.41694627e-08 3.41694470e-08 3.41694339e-08 3.41694265e-08 3.41694244e-08 3.41694251e-08 3.41694261e-08 3.41694266e-08 3.41694266e-08 3.41694266e-08 3.41694266e-08 3.41694266e-08 3.41694266e-08 3.41694266e-08 3.41694266e-08 3.41694266e-08 3.41694266e-08 3.41694266e-08 3.41694266e-08 3.41694266e-08 3.41694266e-08 3.41694266e-08 3.41694266e-08 3.41694266e-08 3.41694266e-08 3.41694266e-08 3.41694266e-08 3.41694266e-08 3.41694266e-08 3.41694266e-08 3.41694266e-08 3.41694266e-08 3.41694266e-08 3.41694266e-08 3.41694266e-08 3.41694266e-08 3.41694266e-08 3.41694265e-08 3.41694259e-08 3.41694249e-08 3.41694246e-08 3.41694278e-08 3.41694367e-08 3.41694509e-08 3.41694665e-08 3.41694795e-08 3.41694872e-08 3.41694887e-08 3.41694841e-08 3.41694736e-08 3.41694588e-08 3.41694433e-08 3.41694315e-08 3.41694256e-08 3.41694245e-08 3.41694254e-08 3.41694263e-08 3.41694266e-08 3.41694266e-08 3.41694266e-08 3.41694266e-08 3.41694266e-08 3.41694266e-08 3.41694266e-08 3.41694266e-08 3.41694266e-08 3.41694266e-08 3.41694266e-08 3.41694266e-08 3.41694266e-08 3.41694266e-08 3.41694266e-08 3.41694266e-08 3.41694266e-08 3.41694266e-08 3.41694266e-08 3.41694266e-08 3.41694266e-08 3.41694266e-08 3.41694266e-08 3.41694266e-08 3.41694266e-08 3.41694266e-08 3.41694266e-08 3.41694266e-08 3.41694266e-08 3.41694266e-08 3.41694264e-08 3.41694257e-08 3.41694246e-08 3.41694249e-08 3.41694294e-08 3.41694399e-08 3.41694548e-08 3.41694701e-08 3.41694820e-08 3.41694881e-08 3.41694881e-08 3.41694820e-08 3.41694701e-08 3.41694548e-08 3.41694399e-08 3.41694294e-08 3.41694249e-08 3.41694246e-08 3.41694257e-08 3.41694264e-08 3.41694266e-08 3.41694266e-08 3.41694266e-08 3.41694266e-08 3.41694266e-08 3.41694266e-08 3.41694266e-08 3.41694266e-08 3.41694266e-08 3.41694266e-08 3.41694266e-08 3.41694266e-08 3.41694266e-08 3.41694266e-08 3.41694266e-08 3.41694266e-08 3.41694266e-08 3.41694266e-08 3.41694266e-08 3.41694266e-08 3.41694266e-08 3.41694266e-08 3.41694266e-08 3.41694266e-08 3.41694266e-08 3.41694266e-08 3.41694266e-08 3.41694266e-08 3.41694266e-08 3.41694266e-08 3.41694263e-08 3.41694254e-08 3.41694245e-08 3.41694256e-08 3.41694315e-08 3.41694433e-08 3.41694588e-08 3.41694736e-08 3.41694841e-08 3.41694887e-08 3.41694872e-08 3.41694795e-08 3.41694665e-08 3.41694509e-08 3.41694367e-08 3.41694278e-08 3.41694246e-08 3.41694249e-08 3.41694259e-08 3.41694265e-08 3.41694266e-08 3.41694266e-08 3.41694266e-08 3.41694266e-08 3.41694266e-08 3.41694266e-08 3.41694266e-08 3.41694266e-08 3.41694266e-08 3.41694266e-08 3.41694266e-08 3.41694266e-08 3.41694266e-08 3.41694266e-08 3.41694266e-08 3.41694266e-08 3.41694266e-08 3.41694266e-08 3.41694266e-08 3.41694266e-08 3.41694266e-08 3.41694266e-08 3.41694266e-08 3.41694266e-08 3.41694266e-08 3.41694266e-08 3.41694266e-08 3.41694266e-08 3.41694266e-08 3.41694266e-08 3.41694261e-08 3.41694251e-08 3.41694244e-08 3.41694265e-08 3.41694339e-08 3.41694470e-08 3.41694627e-08 3.41694767e-08 3.41694858e-08 3.41694889e-08
