# mapa exacto (Lambda, theta) | filas = Lambda (200), columnas = theta (200) | sector=even, sign=+1, nph_wig=85
9.99999984e-01 9.99999984e-01 9.99999984e-01 9.99999985e-01 9.99999985e-01 9.99999985e-01 9.99999985e-01 9.99999985e-01 9.99999985e-01 9.99999985e-01 9.99999985e-01 9.99999985e-01 9.99999985e-01 9.99999985e-01 9.99999985e-01 9.99999985e-01 9.99999985e-01 9.99999985e-01 9.99999985e-01 9.99999985e-01 9.99999985e-01 9.99999985e-01 9.99999985e-01 9.99999985e-01 9.99999985e-01 9.99999985e-01 9.99999985e-01 9.99999985e-01 9.99999985e-01 9.99999985e-01 9.99999985e-01 9.99999985e-01 9.99999985e-01 9.99999985e-01 9.99999985e-01 9.99999985e-01 9.99999985e-01 9.99999985e-01 9.99999985e-01 9.99999985e-01 9.99999985e-01 9.99999985e-01 9.99999985e-01 9.99999985e-01 9.99999985e-01 9.99999985e-01 9.99999985e-01 9.99999985e-01 9.99999985e-01 9.99999985e-01 9.99999985e-01 9.99999985e-01 9.99999985e-01 9.99999985e-01 9.99999985e-01 9.99999985e-01 9.99999985e-01 9.99999985e-01 9.99999985e-01 9.99999985e-01 9.99999985e-01 9.99999985e-01 9.99999985e-01 9.99999985e-01 9.99999985e-01 9.99999985e-01 9.99999985e-01 9.99999985e-01 9.99999985e-01 9.99999985e-01 9.99999985e-01 9.99999985e-01 9.99999985e-01 9.99999985e-01 9.99999985e-01 9.99999985e-01 9.99999985e-01 9.99999985e-01 9.99999985e-01 9.99999985e-01 9.99999985e-01 9.99999985e-01 9.99999985e-01 9.99999985e-01 9.99999985e-01 9.99999985e-01 9.99999985e-01 9.99999985e-01 9.99999985e-01 9.99999985e-01 9.99999985e-01 9.99999985e-01 9.99999985e-01 9.99999985e-01 9.99999985e-01 9.99999985e-01 9.99999985e-01 9.99999985e-01 9.99999984e-01 9.99999984e-01 9.99999984e-01 9.99999984e-01 9.99999985e-01 9.99999985e-01 9.99999985e-01 9.99999985e-01 9.99999985e-01 9.99999985e-01 9.99999985e-01 9.99999985e-01 9.99999985e-01 9.99999985e-01 9.99999985e-01 9.99999985e-01 9.99999985e-01 9.99999985e-01 9.99999985e-01 9.99999985e-01 9.99999985e-01 9.99999985e-01 9.99999985e-01 9.99999985e-01 9.99999985e-01 9.99999985e-01 9.99999985e-01 9.99999985e-01 9.99999985e-01 9.99999985e-01 9.99999985e-01 9.99999985e-01 9.99999985e-01 9.99999985e-01 9.99999985e-01 9.99999985e-01 9.99999985e-01 9.99999985e-01 9.99999985e-01 9.99999985e-01 9.99999985e-01 9.99999985e-01 9.99999985e-01 9.99999985e-01 9.99999985e-01 9.99999985e-01 9.99999985e-01 9.99999985e-01 9.99999985e-01 9.99999985e-01 9.99999985e-01 9.99999985e-01 9.99999985e-01 9.99999985e-01 9.99999985e-01 9.99999985e-01 9.99999985e-01 9.99999985e-01 9.99999985e-01 9.99999985e-01 9.99999985e-01 9.99999985e-01 9.99999985e-01 9.99999985e-01 9.99999985e-01 9.99999985e-01 9.99999985e-01 9.99999985e-01 9.99999985e-01 9.99999985e-01 9.99999985e-01 9.99999985e-01 9.99999985e-01 9.99999985e-01 9.99999985e-01 9.99999985e-01 9.99999985e-01 9.99999985e-01 9.99999985e-01 9.99999985e-01 9.99999985e-01 9.99999985e-01 9.99999985e-01 9.99999985e-01 9.99999985e-01 9.99999985e-01 9.99999985e-01 9.99999985e-01 9.99999985e-01 9.99999985e-01 9.99999985e-01 9.99999985e-01 9.99999985e-01 9.99999985e-01 9.99999985e-01 9.99999985e-01 9.99999985e-01 9.99999985e-01 9.99999985e-01 9.99999984e-01 9.99999984e-01 9.99999984e-01
9.99999984e-01 9.99999984e-01 9.99999985e-01 9.99999985e-01 9.99999985e-01 9.99999985e-01 9.99999985e-01 9.99999985e-01 9.99999985e-01 9.99999985e-01 9.99999985e-01 9.99999985e-01 9.99999985e-01 9.99999985e-01 9.99999985e-01 9.99999985e-01 9.99999985e-01 9.99999985e-01 9.99999985e-01 9.99999985e-01 9.99999985e-01 9.99999985e-01 9.99999985e-01 9.99999986e-01 9.99999986e-01 9.99999986e-01 9.99999986e-01 9.99999986e-01 9.99999986e-01 9.99999986e-01 9.99999986e-01 9.99999986e-01 9.99999986e-01 9.99999986e-01 9.99999986e-01 9.99999986e-01 9.99999986e-01 9.99999986e-01 9.99999987e-01 9.99999987e-01 9.99999987e-01 9.99999987e-01 9.99999987e-01 9.99999987e-01 9.99999987e-01 9.99999987e-01 9.99999987e-01 9.99999987e-01 9.99999987e-01 9.99999987e-01 9.99999987e-01 9.99999987e-01 9.99999987e-01 9.99999987e-01 9.99999987e-01 9.99999987e-01 9.99999987e-01 9.99999987e-01 9.99999987e-01 9.99999987e-01 9.99999987e-01 9.99999987e-01 9.99999986e-01 9.99999986e-01 9.99999986e-01 9.99999986e-01 9.99999986e-01 9.99999986e-01 9.99999986e-01 9.99999986e-01 9.99999986e-01 9.99999986e-01 9.99999986e-01 9.99999986e-01 9.99999986e-01 9.99999986e-01 9.99999986e-01 9.99999986e-01 9.99999985e-01 9.99999985e-01 9.99999985e-01 9.99999985e-01 9.99999985e-01 9.99999985e-01 9.99999985e-01 9.99999985e-01 9.99999985e-01 9.99999985e-01 9.99999985e-01 9.99999985e-01 9.99999985e-01 9.99999985e-01 9.99999985e-01 9.99999985e-01 9.99999985e-01 9.99999985e-01 9.99999985e-01 9.99999985e-01 9.99999985e-01 9.99999984e-01 9.99999984e-01 9.99999985e-01 9.99999985e-01 9.99999985e-01 9.99999985e-01 9.99999985e-01 9.99999985e-01 9.99999985e-01 9.99999985e-01 9.99999985e-01 9.99999985e-01 9.99999985e-01 9.99999985e-01 9.99999985e-01 9.99999985e-01 9.99999985e-01 9.99999985e-01 9.99999985e-01 9.99999985e-01 9.99999985e-01 9.99999985e-01 9.99999985e-01 9.99999986e-01 9.99999986e-01 9.99999986e-01 9.99999986e-01 9.99999986e-01 9.99999986e-01 9.99999986e-01 9.99999986e-01 9.99999986e-01 9.99999986e-01 9.99999986e-01 9.99999986e-01 9.99999986e-01 9.99999986e-01 9.99999986e-01 9.99999986e-01 9.99999987e-01 9.99999987e-01 9.99999987e-01 9.99999987e-01 9.99999987e-01 9.99999987e-01 9.99999987e-01 9.99999987e-01 9.99999987e-01 9.99999987e-01 9.99999987e-01 9.99999987e-01 9.99999987e-01 9.99999987e-01 9.99999987e-01 9.99999987e-01 9.99999987e-01 9.99999987e-01 9.99999987e-01 9.99999987e-01 9.99999987e-01 9.99999987e-01 9.99999987e-01 9.99999987e-01 9.99999986e-01 9.99999986e-01 9.99999986e-01 9.99999986e-01 9.99999986e-01 9.99999986e-01 9.99999986e-01 9.99999986e-01 9.99999986e-01 9.99999986e-01 9.99999986e-01 9.99999986e-01 9.99999986e-01 9.99999986e-01 9.99999986e-01 9.99999985e-01 9.99999985e-01 9.99999985e-01 9.99999985e-01 9.99999985e-01 9.99999985e-01 9.99999985e-01 9.99999985e-01 9.99999985e-01 9.99999985e-01 9.99999985e-01 9.99999985e-01 9.99999985e-01 9.99999985e-01 9.99999985e-01 9.99999985e-01 9.99999985e-01 9.99999985e-01 9.99999985e-01 9.99999985e-01 9.99999985e-01 9.99999984e-01 9.99999984e-01
9.99999984e-01 9.99999984e-01 9.99999985e-01 9.99999985e-01 9.99999985e-01 9.99999985e-01 9.99999985e-01 9.99999985e-01 9.99999985e-01 9.99999985e-01 9.99999985e-01 9.99999985e-01 9.99999985e-01 9.99999985e-01 9.99999985e-01 9.99999985e-01 9.99999986e-01 9.99999986e-01 9.99999986e-01 9.99999986e-01 9.99999986e-01 9.99999986e-01 9.99999986e-01 9.99999986e-01 9.99999987e-01 9.99999987e-01 9.99999987e-01 9.99999987e-01 9.99999987e-01 9.99999987e-01 9.99999987e-01 9.99999987e-01 9.99999988e-01 9.99999988e-01 9.99999988e-01 9.99999988e-01 9.99999988e-01 9.99999988e-01 9.99999988e-01 9.99999988e-01 9.99999988e-01 9.99999988e-01 9.99999988e-01 9.99999988e-01 9.99999989e-01 9.99999989e-01 9.99999989e-01 9.99999989e-01 9.99999989e-01 9.99999989e-01 9.99999989e-01 9.99999989e-01 9.99999989e-01 9.99999989e-01 9.99999989e-01 9.99999989e-01 9.99999989e-01 9.99999988e-01 9.99999988e-01 9.99999988e-01 9.99999988e-01 9.99999988e-01 9.99999988e-01 9.99999988e-01 9.99999988e-01 9.99999988e-01 9.99999988e-01 9.99999988e-01 9.99999987e-01 9.99999987e-01 9.99999987e-01 9.99999987e-01 9.99999987e-01 9.99999987e-01 9.99999987e-01 9.99999987e-01 9.99999986e-01 9.99999986e-01 9.99999986e-01 9.99999986e-01 9.99999986e-01 9.99999986e-01 9.99999986e-01 9.99999986e-01 9.99999985e-01 9.99999985e-01 9.99999985e-01 9.99999985e-01 9.99999985e-01 9.99999985e-01 9.99999985e-01 9.99999985e-01 9.99999985e-01 9.99999985e-01 9.99999985e-01 9.99999985e-01 9.99999985e-01 9.99999985e-01 9.99999985e-01 9.99999984e-01 9.99999984e-01 9.99999985e-01 9.99999985e-01 9.99999985e-01 9.99999985e-01 9.99999985e-01 9.99999985e-01 9.99999985e-01 9.99999985e-01 9.99999985e-01 9.99999985e-01 9.99999985e-01 9.99999985e-01 9.99999985e-01 9.99999985e-01 9.99999985e-01 9.99999986e-01 9.99999986e-01 9.99999986e-01 9.99999986e-01 9.99999986e-01 9.99999986e-01 9.99999986e-01 9.99999986e-01 9.99999987e-01 9.99999987e-01 9.99999987e-01 9.99999987e-01 9.99999987e-01 9.99999987e-01 9.99999987e-01 9.99999987e-01 9.99999988e-01 9.99999988e-01 9.99999988e-01 9.99999988e-01 9.99999988e-01 9.99999988e-01 9.99999988e-01 9.99999988e-01 9.99999988e-01 9.99999988e-01 9.99999988e-01 9.99999989e-01 9.99999989e-01 9.99999989e-01 9.99999989e-01 9.99999989e-01 9.99999989e-01 9.99999989e-01 9.99999989e-01 9.99999989e-01 9.99999989e-01 9.99999989e-01 9.99999989e-01 9.99999989e-01 9.99999988e-01 9.99999988e-01 9.99999988e-01 9.99999988e-01 9.99999988e-01 9.99999988e-01 9.99999988e-01 9.99999988e-01 9.99999988e-01 9.99999988e-01 9.99999988e-01 9.99999988e-01 9.99999987e-01 9.99999987e-01 9.99999987e-01 9.99999987e-01 9.99999987e-01 9.99999987e-01 9.99999987e-01 9.99999987e-01 9.99999986e-01 9.99999986e-01 9.99999986e-01 9.99999986e-01 9.99999986e-01 9.99999986e-01 9.99999986e-01 9.99999986e-01 9.99999985e-01 9.99999985e-01 9.99999985e-01 9.99999985e-01 9.99999985e-01 9.99999985e-01 9.99999985e-01 9.99999985e-01 9.99999985e-01 9.99999985e-01 9.99999985e-01 9.99999985e-01 9.99999985e-01 9.99999985e-01 9.99999984e-01 9.99999984e-01
9.99999984e-01 9.99999985e-01 9.99999985e-01 9.99999985e-01 9.99999985e-01 9.99999985e-01 9.99999985e-01 9.99999985e-01 9.99999985e-01 9.99999985e-01 9.99999985e-01 9.99999985e-01 9.99999985e-01 9.99999986e-01 9.99999986e-01 9.99999986e-01 9.99999986e-01 9.99999986e-01 9.99999987e-01 9.99999987e-01 9.99999987e-01 9.99999987e-01 9.99999987e-01 9.99999988e-01 9.99999988e-01 9.99999988e-01 9.99999988e-01 9.99999988e-01 9.99999989e-01 9.99999989e-01 9.99999989e-01 9.99999989e-01 9.99999989e-01 9.99999989e-01 9.99999990e-01 9.99999990e-01 9.99999990e-01 9.99999990e-01 9.99999990e-01 9.99999990e-01 9.99999990e-01 9.99999990e-01 9.99999990e-01 9.99999991e-01 9.99999991e-01 9.99999991e-01 9.99999991e-01 9.99999991e-01 9.99999991e-01 9.99999991e-01 9.99999991e-01 9.99999991e-01 9.99999991e-01 9.99999991e-01 9.99999991e-01 9.99999991e-01 9.99999991e-01 9.99999991e-01 9.99999990e-01 9.99999990e-01 9.99999990e-01 9.99999990e-01 9.99999990e-01 9.99999990e-01 9.99999990e-01 9.99999990e-01 9.99999989e-01 9.99999989e-01 9.99999989e-01 9.99999989e-01 9.99999989e-01 9.99999989e-01 9.99999988e-01 9.99999988e-01 9.99999988e-01 9.99999988e-01 9.99999988e-01 9.99999987e-01 9.99999987e-01 9.99999987e-01 9.99999987e-01 9.99999987e-01 9.99999986e-01 9.99999986e-01 9.99999986e-01 9.99999986e-01 9.99999986e-01 9.99999986e-01 9.99999985e-01 9.99999985e-01 9.99999985e-01 9.99999985e-01 9.99999985e-01 9.99999985e-01 9.99999985e-01 9.99999985e-01 9.99999985e-01 9.99999985e-01 9.99999985e-01 9.99999984e-01 9.99999984e-01 9.99999985e-01 9.99999985e-01 9.99999985e-01 9.99999985e-01 9.99999985e-01 9.99999985e-01 9.99999985e-01 9.99999985e-01 9.99999985e-01 9.99999985e-01 9.99999985e-01 9.99999986e-01 9.99999986e-01 9.99999986e-01 9.99999986e-01 9.99999986e-01 9.99999986e-01 9.99999987e-01 9.99999987e-01 9.99999987e-01 9.99999987e-01 9.99999987e-01 9.99999988e-01 9.99999988e-01 9.99999988e-01 9.99999988e-01 9.99999988e-01 9.99999989e-01 9.99999989e-01 9.99999989e-01 9.99999989e-01 9.99999989e-01 9.99999989e-01 9.99999990e-01 9.99999990e-01 9.99999990e-01 9.99999990e-01 9.99999990e-01 9.99999990e-01 9.99999990e-01 9.99999990e-01 9.99999991e-01 9.99999991e-01 9.99999991e-01 9.99999991e-01 9.99999991e-01 9.99999991e-01 9.99999991e-01 9.99999991e-01 9.99999991e-01 9.99999991e-01 9.99999991e-01 9.99999991e-01 9.99999991e-01 9.99999991e-01 9.99999991e-01 9.99999990e-01 9.99999990e-01 9.99999990e-01 9.99999990e-01 9.99999990e-01 9.99999990e-01 9.99999990e-01 9.99999990e-01 9.99999990e-01 9.99999989e-01 9.99999989e-01 9.99999989e-01 9.99999989e-01 9.99999989e-01 9.99999989e-01 9.99999988e-01 9.99999988e-01 9.99999988e-01 9.99999988e-01 9.99999988e-01 9.99999987e-01 9.99999987e-01 9.99999987e-01 9.99999987e-01 9.99999987e-01 9.99999986e-01 9.99999986e-01 9.99999986e-01 9.99999986e-01 9.99999986e-01 9.99999985e-01 9.99999985e-01 9.99999985e-01 9.99999985e-01 9.99999985e-01 9.99999985e-01 9.99999985e-01 9.99999985e-01 9.99999985e-01 9.99999985e-01 9.99999985e-01 9.99999985e-01 9.99999984e-01
9.99999984e-01 9.99999985e-01 9.99999985e-01 9.99999985e-01 9.99999985e-01 9.99999985e-01 9.99999985e-01 9.99999985e-01 9.99999985e-01 9.99999985e-01 9.99999986e-01 9.99999986e-01 9.99999986e-01 9.99999986e-01 9.99999986e-01 9.99999987e-01 9.99999987e-01 9.99999987e-01 9.99999987e-01 9.99999988e-01 9.99999988e-01 9.99999988e-01 9.99999989e-01 9.99999989e-01 9.99999989e-01 9.99999989e-01 9.99999990e-01 9.99999990e-01 9.99999990e-01 9.99999990e-01 9.99999991e-01 9.99999991e-01 9.99999991e-01 9.99999991e-01 9.99999991e-01 9.99999992e-01 9.99999992e-01 9.99999992e-01 9.99999992e-01 9.99999992e-01 9.99999992e-01 9.99999993e-01 9.99999993e-01 9.99999993e-01 9.99999993e-01 9.99999993e-01 9.99999993e-01 9.99999993e-01 9.99999993e-01 9.99999993e-01 9.99999993e-01 9.99999993e-01 9.99999993e-01 9.99999993e-01 9.99999993e-01 9.99999993e-01 9.99999993e-01 9.99999993e-01 9.99999993e-01 9.99999992e-01 9.99999992e-01 9.99999992e-01 9.99999992e-01 9.99999992e-01 9.99999992e-01 9.99999992e-01 9.99999991e-01 9.99999991e-01 9.99999991e-01 9.99999991e-01 9.99999990e-01 9.99999990e-01 9.99999990e-01 9.99999990e-01 9.99999989e-01 9.99999989e-01 9.99999989e-01 9.99999989e-01 9.99999988e-01 9.99999988e-01 9.99999988e-01 9.99999988e-01 9.99999987e-01 9.99999987e-01 9.99999987e-01 9.99999987e-01 9.99999986e-01 9.99999986e-01 9.99999986e-01 9.99999986e-01 9.99999985e-01 9.99999985e-01 9.99999985e-01 9.99999985e-01 9.99999985e-01 9.99999985e-01 9.99999985e-01 9.99999985e-01 9.99999985e-01 9.99999984e-01 9.99999984e-01 9.99999985e-01 9.99999985e-01 9.99999985e-01 9.99999985e-01 9.99999985e-01 9.99999985e-01 9.99999985e-01 9.99999985e-01 9.99999985e-01 9.99999986e-01 9.99999986e-01 9.99999986e-01 9.99999986e-01 9.99999987e-01 9.99999987e-01 9.99999987e-01 9.99999987e-01 9.99999988e-01 9.99999988e-01 9.99999988e-01 9.99999988e-01 9.99999989e-01 9.99999989e-01 9.99999989e-01 9.99999989e-01 9.99999990e-01 9.99999990e-01 9.99999990e-01 9.99999990e-01 9.99999991e-01 9.99999991e-01 9.99999991e-01 9.99999991e-01 9.99999992e-01 9.99999992e-01 9.99999992e-01 9.99999992e-01 9.99999992e-01 9.99999992e-01 9.99999992e-01 9.99999993e-01 9.99999993e-01 9.99999993e-01 9.99999993e-01 9.99999993e-01 9.99999993e-01 9.99999993e-01 9.99999993e-01 9.99999993e-01 9.99999993e-01 9.99999993e-01 9.99999993e-01 9.99999993e-01 9.99999993e-01 9.99999993e-01 9.99999993e-01 9.99999993e-01 9.99999993e-01 9.99999992e-01 9.99999992e-01 9.99999992e-01 9.99999992e-01 9.99999992e-01 9.99999992e-01 9.99999991e-01 9.99999991e-01 9.99999991e-01 9.99999991e-01 9.99999991e-01 9.99999990e-01 9.99999990e-01 9.99999990e-01 9.99999990e-01 9.99999989e-01 9.99999989e-01 9.99999989e-01 9.99999989e-01 9.99999988e-01 9.99999988e-01 9.99999988e-01 9.99999987e-01 9.99999987e-01 9.99999987e-01 9.99999987e-01 9.99999986e-01 9.99999986e-01 9.99999986e-01 9.99999986e-01 9.99999986e-01 9.99999985e-01 9.99999985e-01 9.99999985e-01 9.99999985e-01 9.99999985e-01 9.99999985e-01 9.99999985e-01 9.99999985e-01 9.99999985e-01 9.99999984e-01
9.99999984e-01 9.99999985e-01 9.99999985e-01 9.99999985e-01 9.99999985e-01 9.99999985e-01 9.99999985e-01 9.99999985e-01 9.99999985e-01 9.99999986e-01 9.99999986e-01 9.99999986e-01 9.99999986e-01 9.99999987e-01 9.99999987e-01 9.99999987e-01 9.99999988e-01 9.99999988e-01 9.99999988e-01 9.99999989e-01 9.99999989e-01 9.99999989e-01 9.99999990e-01 9.99999990e-01 9.99999990e-01 9.99999991e-01 9.99999991e-01 9.99999991e-01 9.99999992e-01 9.99999992e-01 9.99999992e-01 9.99999993e-01 9.99999993e-01 9.99999993e-01 9.99999993e-01 9.99999994e-01 9.99999994e-01 9.99999994e-01 9.99999994e-01 9.99999994e-01 9.99999995e-01 9.99999995e-01 9.99999995e-01 9.99999995e-01 9.99999995e-01 9.99999995e-01 9.99999995e-01 9.99999995e-01 9.99999995e-01 9.99999995e-01 9.99999995e-01 9.99999995e-01 9.99999995e-01 9.99999995e-01 9.99999995e-01 9.99999995e-01 9.99999995e-01 9.99999995e-01 9.99999995e-01 9.99999995e-01 9.99999994e-01 9.99999994e-01 9.99999994e-01 9.99999994e-01 9.99999994e-01 9.99999994e-01 9.99999993e-01 9.99999993e-01 9.99999993e-01 9.99999993e-01 9.99999992e-01 9.99999992e-01 9.99999992e-01 9.99999991e-01 9.99999991e-01 9.99999991e-01 9.99999990e-01 9.99999990e-01 9.99999990e-01 9.99999989e-01 9.99999989e-01 9.99999989e-01 9.99999988e-01 9.99999988e-01 9.99999988e-01 9.99999987e-01 9.99999987e-01 9.99999987e-01 9.99999986e-01 9.99999986e-01 9.99999986e-01 9.99999986e-01 9.99999985e-01 9.99999985e-01 9.99999985e-01 9.99999985e-01 9.99999985e-01 9.99999985e-01 9.99999985e-01 9.99999984e-01 9.99999984e-01 9.99999985e-01 9.99999985e-01 9.99999985e-01 9.99999985e-01 9.99999985e-01 9.99999985e-01 9.99999985e-01 9.99999986e-01 9.99999986e-01 9.99999986e-01 9.99999986e-01 9.99999987e-01 9.99999987e-01 9.99999987e-01 9.99999988e-01 9.99999988e-01 9.99999988e-01 9.99999989e-01 9.99999989e-01 9.99999989e-01 9.99999990e-01 9.99999990e-01 9.99999990e-01 9.99999991e-01 9.99999991e-01 9.99999991e-01 9.99999992e-01 9.99999992e-01 9.99999992e-01 9.99999993e-01 9.99999993e-01 9.99999993e-01 9.99999993e-01 9.99999994e-01 9.99999994e-01 9.99999994e-01 9.99999994e-01 9.99999994e-01 9.99999994e-01 9.99999995e-01 9.99999995e-01 9.99999995e-01 9.99999995e-01 9.99999995e-01 9.99999995e-01 9.99999995e-01 9.99999995e-01 9.99999995e-01 9.99999995e-01 9.99999995e-01 9.99999995e-01 9.99999995e-01 9.99999995e-01 9.99999995e-01 9.99999995e-01 9.99999995e-01 9.99999995e-01 9.99999995e-01 9.99999995e-01 9.99999994e-01 9.99999994e-01 9.99999994e-01 9.99999994e-01 9.99999994e-01 9.99999993e-01 9.99999993e-01 9.99999993e-01 9.99999993e-01 9.99999992e-01 9.99999992e-01 9.99999992e-01 9.99999991e-01 9.99999991e-01 9.99999991e-01 9.99999990e-01 9.99999990e-01 9.99999990e-01 9.99999989e-01 9.99999989e-01 9.99999989e-01 9.99999988e-01 9.99999988e-01 9.99999988e-01 9.99999987e-01 9.99999987e-01 9.99999987e-01 9.99999986e-01 9.99999986e-01 9.99999986e-01 9.99999986e-01 9.99999985e-01 9.99999985e-01 9.99999985e-01 9.99999985e-01 9.99999985e-01 9.99999985e-01 9.99999985e-01 9.99999985e-01 9.99999984e-01
9.99999984e-01 9.99999985e-01 9.99999985e-01 9.99999985e-01 9.99999985e-01 9.99999985e-01 9.99999985e-01 9.99999985e-01 9.99999986e-01 9.99999986e-01 9.99999986e-01 9.99999987e-01 9.99999987e-01 9.99999987e-01 9.99999988e-01 9.99999988e-01 9.99999989e-01 9.99999989e-01 9.99999989e-01 9.99999990e-01 9.99999990e-01 9.99999991e-01 9.99999991e-01 9.99999992e-01 9.99999992e-01 9.99999992e-01 9.99999993e-01 9.99999993e-01 9.99999993e-01 9.99999994e-01 9.99999994e-01 9.99999994e-01 9.99999995e-01 9.99999995e-01 9.99999995e-01 9.99999995e-01 9.99999996e-01 9.99999996e-01 9.99999996e-01 9.99999996e-01 9.99999996e-01 9.99999997e-01 9.99999997e-01 9.99999997e-01 9.99999997e-01 9.99999997e-01 9.99999997e-01 9.99999997e-01 9.99999997e-01 9.99999997e-01 9.99999997e-01 9.99999997e-01 9.99999997e-01 9.99999997e-01 9.99999997e-01 9.99999997e-01 9.99999997e-01 9.99999997e-01 9.99999997e-01 9.99999996e-01 9.99999996e-01 9.99999996e-01 9.99999996e-01 9.99999996e-01 9.99999996e-01 9.99999995e-01 9.99999995e-01 9.99999995e-01 9.99999995e-01 9.99999994e-01 9.99999994e-01 9.99999994e-01 9.99999993e-01 9.99999993e-01 9.99999993e-01 9.99999992e-01 9.99999992e-01 9.99999991e-01 9.99999991e-01 9.99999991e-01 9.99999990e-01 9.99999990e-01 9.99999989e-01 9.99999989e-01 9.99999988e-01 9.99999988e-01 9.99999988e-01 9.99999987e-01 9.99999987e-01 9.99999986e-01 9.99999986e-01 9.99999986e-01 9.99999986e-01 9.99999985e-01 9.99999985e-01 9.99999985e-01 9.99999985e-01 9.99999985e-01 9.99999985e-01 9.99999985e-01 9.99999985e-01 9.99999985e-01 9.99999985e-01 9.99999985e-01 9.99999985e-01 9.99999985e-01 9.99999985e-01 9.99999986e-01 9.99999986e-01 9.99999986e-01 9.99999986e-01 9.99999987e-01 9.99999987e-01 9.99999988e-01 9.99999988e-01 9.99999988e-01 9.99999989e-01 9.99999989e-01 9.99999990e-01 9.99999990e-01 9.99999991e-01 9.99999991e-01 9.99999991e-01 9.99999992e-01 9.99999992e-01 9.99999993e-01 9.99999993e-01 9.99999993e-01 9.99999994e-01 9.99999994e-01 9.99999994e-01 9.99999995e-01 9.99999995e-01 9.99999995e-01 9.99999995e-01 9.99999996e-01 9.99999996e-01 9.99999996e-01 9.99999996e-01 9.99999996e-01 9.99999996e-01 9.99999997e-01 9.99999997e-01 9.99999997e-01 9.99999997e-01 9.99999997e-01 9.99999997e-01 9.99999997e-01 9.99999997e-01 9.99999997e-01 9.99999997e-01 9.99999997e-01 9.99999997e-01 9.99999997e-01 9.99999997e-01 9.99999997e-01 9.99999997e-01 9.99999997e-01 9.99999997e-01 9.99999996e-01 9.99999996e-01 9.99999996e-01 9.99999996e-01 9.99999996e-01 9.99999995e-01 9.99999995e-01 9.99999995e-01 9.99999995e-01 9.99999994e-01 9.99999994e-01 9.99999994e-01 9.99999993e-01 9.99999993e-01 9.99999993e-01 9.99999992e-01 9.99999992e-01 9.99999992e-01 9.99999991e-01 9.99999991e-01 9.99999990e-01 9.99999990e-01 9.99999989e-01 9.99999989e-01 9.99999989e-01 9.99999988e-01 9.99999988e-01 9.99999987e-01 9.99999987e-01 9.99999987e-01 9.99999986e-01 9.99999986e-01 9.99999986e-01 9.99999985e-01 9.99999985e-01 9.99999985e-01 9.99999985e-01 9.99999985e-01 9.99999985e-01 9.99999985e-01 9.99999984e-01
9.99999984e-01 9.99999985e-01 9.99999985e-01 9.99999985e-01 9.99999985e-01 9.99999985e-01 9.99999985e-01 9.99999986e-01 9.99999986e-01 9.99999986e-01 9.99999987e-01 9.99999987e-01 9.99999988e-01 9.99999988e-01 9.99999989e-01 9.99999989e-01 9.99999990e-01 9.99999990e-01 9.99999991e-01 9.99999991e-01 9.99999992e-01 9.99999992e-01 9.99999992e-01 9.99999993e-01 9.99999993e-01 9.99999994e-01 9.99999994e-01 9.99999995e-01 9.99999995e-01 9.99999995e-01 9.99999996e-01 9.99999996e-01 9.99999996e-01 9.99999997e-01 9.99999997e-01 9.99999997e-01 9.99999997e-01 9.99999997e-01 9.99999998e-01 9.99999998e-01 9.99999998e-01 9.99999998e-01 9.99999998e-01 9.99999998e-01 9.99999998e-01 9.99999998e-01 9.99999998e-01 9.99999999e-01 9.99999999e-01 9.99999999e-01 9.99999999e-01 9.99999999e-01 9.99999999e-01 9.99999999e-01 9.99999998e-01 9.99999998e-01 9.99999998e-01 9.99999998e-01 9.99999998e-01 9.99999998e-01 9.99999998e-01 9.99999998e-01 9.99999998e-01 9.99999997e-01 9.99999997e-01 9.99999997e-01 9.99999997e-01 9.99999996e-01 9.99999996e-01 9.99999996e-01 9.99999996e-01 9.99999995e-01 9.99999995e-01 9.99999994e-01 9.99999994e-01 9.99999994e-01 9.99999993e-01 9.99999993e-01 9.99999992e-01 9.99999992e-01 9.99999991e-01 9.99999991e-01 9.99999990e-01 9.99999990e-01 9.99999989e-01 9.99999989e-01 9.99999988e-01 9.99999988e-01 9.99999987e-01 9.99999987e-01 9.99999987e-01 9.99999986e-01 9.99999986e-01 9.99999985e-01 9.99999985e-01 9.99999985e-01 9.99999985e-01 9.99999985e-01 9.99999985e-01 9.99999985e-01 9.99999985e-01 9.99999985e-01 9.99999985e-01 9.99999985e-01 9.99999985e-01 9.99999985e-01 9.99999985e-01 9.99999986e-01 9.99999986e-01 9.99999987e-01 9.99999987e-01 9.99999987e-01 9.99999988e-01 9.99999988e-01 9.99999989e-01 9.99999989e-01 9.99999990e-01 9.99999990e-01 9.99999991e-01 9.99999991e-01 9.99999992e-01 9.99999992e-01 9.99999993e-01 9.99999993e-01 9.99999994e-01 9.99999994e-01 9.99999994e-01 9.99999995e-01 9.99999995e-01 9.99999996e-01 9.99999996e-01 9.99999996e-01 9.99999996e-01 9.99999997e-01 9.99999997e-01 9.99999997e-01 9.99999997e-01 9.99999998e-01 9.99999998e-01 9.99999998e-01 9.99999998e-01 9.99999998e-01 9.99999998e-01 9.99999998e-01 9.99999998e-01 9.99999998e-01 9.99999999e-01 9.99999999e-01 9.99999999e-01 9.99999999e-01 9.99999999e-01 9.99999999e-01 9.99999999e-01 9.99999998e-01 9.99999998e-01 9.99999998e-01 9.99999998e-01 9.99999998e-01 9.99999998e-01 9.99999998e-01 9.99999998e-01 9.99999998e-01 9.99999997e-01 9.99999997e-01 9.99999997e-01 9.99999997e-01 9.99999997e-01 9.99999996e-01 9.99999996e-01 9.99999996e-01 9.99999995e-01 9.99999995e-01 9.99999995e-01 9.99999994e-01 9.99999994e-01 9.99999993e-01 9.99999993e-01 9.99999992e-01 9.99999992e-01 9.99999992e-01 9.99999991e-01 9.99999991e-01 9.99999990e-01 9.99999990e-01 9.99999989e-01 9.99999989e-01 9.99999988e-01 9.99999988e-01 9.99999987e-01 9.99999987e-01 9.99999986e-01 9.99999986e-01 9.99999986e-01 9.99999985e-01 9.99999985e-01 9.99999985e-01 9.99999985e-01 9.99999985e-01 9.99999985e-01 9.99999984e-01
9.99999984e-01 9.99999985e-01 9.99999985e-01 9.99999985e-01 9.99999985e-01 9.99999985e-01 9.99999986e-01 9.99999986e-01 9.99999986e-01 9.99999987e-01 9.99999987e-01 9.99999988e-01 9.99999988e-01 9.99999989e-01 9.99999989e-01 9.99999990e-01 9.99999990e-01 9.99999991e-01 9.99999992e-01 9.99999992e-01 9.99999993e-01 9.99999993e-01 9.99999994e-01 9.99999994e-01 9.99999995e-01 9.99999995e-01 9.99999996e-01 9.99999996e-01 9.99999996e-01 9.99999997e-01 9.99999997e-01 9.99999997e-01 9.99999998e-01 9.99999998e-01 9.99999998e-01 9.99999998e-01 9.99999999e-01 9.99999999e-01 9.99999999e-01 9.99999999e-01 9.99999999e-01 9.99999999e-01 9.99999999e-01 9.99999999e-01 9.99999999e-01 9.99999999e-01 9.99999999e-01 1.00000000e+00 1.00000000e+00 1.00000000e+00 1.00000000e+00 1.00000000e+00 1.00000000e+00 9.99999999e-01 9.99999999e-01 9.99999999e-01 9.99999999e-01 9.99999999e-01 9.99999999e-01 9.99999999e-01 9.99999999e-01 9.99999999e-01 9.99999999e-01 9.99999999e-01 9.99999998e-01 9.99999998e-01 9.99999998e-01 9.99999998e-01 9.99999998e-01 9.99999997e-01 9.99999997e-01 9.99999997e-01 9.99999996e-01 9.99999996e-01 9.99999995e-01 9.99999995e-01 9.99999995e-01 9.99999994e-01 9.99999994e-01 9.99999993e-01 9.99999992e-01 9.99999992e-01 9.99999991e-01 9.99999991e-01 9.99999990e-01 9.99999990e-01 9.99999989e-01 9.99999988e-01 9.99999988e-01 9.99999987e-01 9.99999987e-01 9.99999986e-01 9.99999986e-01 9.99999986e-01 9.99999985e-01 9.99999985e-01 9.99999985e-01 9.99999985e-01 9.99999985e-01 9.99999985e-01 9.99999985e-01 9.99999985e-01 9.99999985e-01 9.99999985e-01 9.99999985e-01 9.99999985e-01 9.99999986e-01 9.99999986e-01 9.99999986e-01 9.99999987e-01 9.99999987e-01 9.99999988e-01 9.99999988e-01 9.99999989e-01 9.99999990e-01 9.99999990e-01 9.99999991e-01 9.99999991e-01 9.99999992e-01 9.99999992e-01 9.99999993e-01 9.99999994e-01 9.99999994e-01 9.99999995e-01 9.99999995e-01 9.99999995e-01 9.99999996e-01 9.99999996e-01 9.99999997e-01 9.99999997e-01 9.99999997e-01 9.99999998e-01 9.99999998e-01 9.99999998e-01 9.99999998e-01 9.99999998e-01 9.99999999e-01 9.99999999e-01 9.99999999e-01 9.99999999e-01 9.99999999e-01 9.99999999e-01 9.99999999e-01 9.99999999e-01 9.99999999e-01 9.99999999e-01 9.99999999e-01 1.00000000e+00 1.00000000e+00 1.00000000e+00 1.00000000e+00 1.00000000e+00 1.00000000e+00 9.99999999e-01 9.99999999e-01 9.99999999e-01 9.99999999e-01 9.99999999e-01 9.99999999e-01 9.99999999e-01 9.99999999e-01 9.99999999e-01 9.99999999e-01 9.99999999e-01 9.99999998e-01 9.99999998e-01 9.99999998e-01 9.99999998e-01 9.99999997e-01 9.99999997e-01 9.99999997e-01 9.99999996e-01 9.99999996e-01 9.99999996e-01 9.99999995e-01 9.99999995e-01 9.99999994e-01 9.99999994e-01 9.99999993e-01 9.99999993e-01 9.99999992e-01 9.99999992e-01 9.99999991e-01 9.99999990e-01 9.99999990e-01 9.99999989e-01 9.99999989e-01 9.99999988e-01 9.99999988e-01 9.99999987e-01 9.99999987e-01 9.99999986e-01 9.99999986e-01 9.99999986e-01 9.99999985e-01 9.99999985e-01 9.99999985e-01 9.99999985e-01 9.99999985e-01 9.99999984e-01
9.99999984e-01 9.99999985e-01 9.99999985e-01 9.99999985e-01 9.99999985e-01 9.99999985e-01 9.99999986e-01 9.99999986e-01 9.99999987e-01 9.99999987e-01 9.99999988e-01 9.99999988e-01 9.99999989e-01 9.99999989e-01 9.99999990e-01 9.99999991e-01 9.99999991e-01 9.99999992e-01 9.99999993e-01 9.99999993e-01 9.99999994e-01 9.99999994e-01 9.99999995e-01 9.99999996e-01 9.99999996e-01 9.99999996e-01 9.99999997e-01 9.99999997e-01 9.99999998e-01 9.99999998e-01 9.99999998e-01 9.99999998e-01 9.99999999e-01 9.99999999e-01 9.99999999e-01 9.99999999e-01 9.99999999e-01 9.99999999e-01 1.00000000e+00 1.00000000e+00 1.00000000e+00 1.00000000e+00 1.00000000e+00 1.00000000e+00 1.00000000e+00 1.00000000e+00 1.00000000e+00 1.00000000e+00 1.00000000e+00 1.00000000e+00 1.00000000e+00 1.00000000e+00 1.00000000e+00 1.00000000e+00 1.00000000e+00 1.00000000e+00 1.00000000e+00 1.00000000e+00 1.00000000e+00 1.00000000e+00 1.00000000e+00 1.00000000e+00 1.00000000e+00 9.99999999e-01 9.99999999e-01 9.99999999e-01 9.99999999e-01 9.99999999e-01 9.99999999e-01 9.99999998e-01 9.99999998e-01 9.99999998e-01 9.99999997e-01 9.99999997e-01 9.99999997e-01 9.99999996e-01 9.99999996e-01 9.99999995e-01 9.99999995e-01 9.99999994e-01 9.99999994e-01 9.99999993e-01 9.99999992e-01 9.99999992e-01 9.99999991e-01 9.99999990e-01 9.99999990e-01 9.99999989e-01 9.99999989e-01 9.99999988e-01 9.99999987e-01 9.99999987e-01 9.99999986e-01 9.99999986e-01 9.99999986e-01 9.99999985e-01 9.99999985e-01 9.99999985e-01 9.99999985e-01 9.99999985e-01 9.99999985e-01 9.99999985e-01 9.99999985e-01 9.99999985e-01 9.99999985e-01 9.99999986e-01 9.99999986e-01 9.99999986e-01 9.99999987e-01 9.99999987e-01 9.99999988e-01 9.99999989e-01 9.99999989e-01 9.99999990e-01 9.99999990e-01 9.99999991e-01 9.99999992e-01 9.99999992e-01 9.99999993e-01 9.99999994e-01 9.99999994e-01 9.99999995e-01 9.99999995e-01 9.99999996e-01 9.99999996e-01 9.99999997e-01 9.99999997e-01 9.99999997e-01 9.99999998e-01 9.99999998e-01 9.99999998e-01 9.99999999e-01 9.99999999e-01 9.99999999e-01 9.99999999e-01 9.99999999e-01 9.99999999e-01 1.00000000e+00 1.00000000e+00 1.00000000e+00 1.00000000e+00 1.00000000e+00 1.00000000e+00 1.00000000e+00 1.00000000e+00 1.00000000e+00 1.00000000e+00 1.00000000e+00 1.00000000e+00 1.00000000e+00 1.00000000e+00 1.00000000e+00 1.00000000e+00 1.00000000e+00 1.00000000e+00 1.00000000e+00 1.00000000e+00 1.00000000e+00 1.00000000e+00 1.00000000e+00 1.00000000e+00 1.00000000e+00 9.99999999e-01 9.99999999e-01 9.99999999e-01 9.99999999e-01 9.99999999e-01 9.99999999e-01 9.99999998e-01 9.99999998e-01 9.99999998e-01 9.99999998e-01 9.99999997e-01 9.99999997e-01 9.99999996e-01 9.99999996e-01 9.99999996e-01 9.99999995e-01 9.99999994e-01 9.99999994e-01 9.99999993e-01 9.99999993e-01 9.99999992e-01 9.99999991e-01 9.99999991e-01 9.99999990e-01 9.99999989e-01 9.99999989e-01 9.99999988e-01 9.99999988e-01 9.99999987e-01 9.99999987e-01 9.99999986e-01 9.99999986e-01 9.99999985e-01 9.99999985e-01 9.99999985e-01 9.99999985e-01 9.99999985e-01 9.99999984e-01
9.99999984e-01 9.99999985e-01 9.99999985e-01 9.99999985e-01 9.99999985e-01 9.99999986e-01 9.99999986e-01 9.99999986e-01 9.99999987e-01 9.99999988e-01 9.99999988e-01 9.99999989e-01 9.99999990e-01 9.99999990e-01 9.99999991e-01 9.99999992e-01 9.99999992e-01 9.99999993e-01 9.99999994e-01 9.99999994e-01 9.99999995e-01 9.99999996e-01 9.99999996e-01 9.99999997e-01 9.99999997e-01 9.99999997e-01 9.99999998e-01 9.99999998e-01 9.99999998e-01 9.99999999e-01 9.99999999e-01 9.99999999e-01 9.99999999e-01 9.99999999e-01 1.00000000e+00 1.00000000e+00 1.00000000e+00 1.00000000e+00 1.00000000e+00 1.00000000e+00 1.00000000e+00 1.00000000e+00 1.00000000e+00 1.00000000e+00 1.00000000e+00 1.00000000e+00 1.00000000e+00 1.00000000e+00 1.00000000e+00 1.00000000e+00 1.00000000e+00 1.00000000e+00 1.00000000e+00 1.00000000e+00 1.00000000e+00 1.00000000e+00 1.00000000e+00 1.00000000e+00 1.00000000e+00 1.00000000e+00 1.00000000e+00 1.00000000e+00 1.00000000e+00 1.00000000e+00 1.00000000e+00 1.00000000e+00 1.00000000e+00 9.99999999e-01 9.99999999e-01 9.99999999e-01 9.99999999e-01 9.99999999e-01 9.99999998e-01 9.99999998e-01 9.99999998e-01 9.99999997e-01 9.99999997e-01 9.99999996e-01 9.99999996e-01 9.99999995e-01 9.99999995e-01 9.99999994e-01 9.99999993e-01 9.99999993e-01 9.99999992e-01 9.99999991e-01 9.99999991e-01 9.99999990e-01 9.99999989e-01 9.99999989e-01 9.99999988e-01 9.99999987e-01 9.99999987e-01 9.99999986e-01 9.99999986e-01 9.99999985e-01 9.99999985e-01 9.99999985e-01 9.99999985e-01 9.99999985e-01 9.99999985e-01 9.99999985e-01 9.99999985e-01 9.99999985e-01 9.99999985e-01 9.99999986e-01 9.99999986e-01 9.99999987e-01 9.99999987e-01 9.99999988e-01 9.99999989e-01 9.99999989e-01 9.99999990e-01 9.99999991e-01 9.99999991e-01 9.99999992e-01 9.99999993e-01 9.99999993e-01 9.99999994e-01 9.99999995e-01 9.99999995e-01 9.99999996e-01 9.99999996e-01 9.99999997e-01 9.99999997e-01 9.99999998e-01 9.99999998e-01 9.99999998e-01 9.99999999e-01 9.99999999e-01 9.99999999e-01 9.99999999e-01 9.99999999e-01 1.00000000e+00 1.00000000e+00 1.00000000e+00 1.00000000e+00 1.00000000e+00 1.00000000e+00 1.00000000e+00 1.00000000e+00 1.00000000e+00 1.00000000e+00 1.00000000e+00 1.00000000e+00 1.00000000e+00 1.00000000e+00 1.00000000e+00 1.00000000e+00 1.00000000e+00 1.00000000e+00 1.00000000e+00 1.00000000e+00 1.00000000e+00 1.00000000e+00 1.00000000e+00 1.00000000e+00 1.00000000e+00 1.00000000e+00 1.00000000e+00 1.00000000e+00 1.00000000e+00 1.00000000e+00 1.00000000e+00 1.00000000e+00 1.00000000e+00 9.99999999e-01 9.99999999e-01 9.99999999e-01 9.99999999e-01 9.99999999e-01 9.99999998e-01 9.99999998e-01 9.99999998e-01 9.99999997e-01 9.99999997e-01 9.99999997e-01 9.99999996e-01 9.99999996e-01 9.99999995e-01 9.99999994e-01 9.99999994e-01 9.99999993e-01 9.99999992e-01 9.99999992e-01 9.99999991e-01 9.99999990e-01 9.99999990e-01 9.99999989e-01 9.99999988e-01 9.99999988e-01 9.99999987e-01 9.99999986e-01 9.99999986e-01 9.99999986e-01 9.99999985e-01 9.99999985e-01 9.99999985e-01 9.99999985e-01 9.99999984e-01
9.99999984e-01 9.99999985e-01 9.99999985e-01 9.99999985e-01 9.99999985e-01 9.99999986e-01 9.99999986e-01 9.99999987e-01 9.99999987e-01 9.99999988e-01 9.99999989e-01 9.99999989e-01 9.99999990e-01 9.99999991e-01 9.99999992e-01 9.99999992e-01 9.99999993e-01 9.99999994e-01 9.99999995e-01 9.99999995e-01 9.99999996e-01 9.99999996e-01 9.99999997e-01 9.99999997e-01 9.99999998e-01 9.99999998e-01 9.99999999e-01 9.99999999e-01 9.99999999e-01 9.99999999e-01 9.99999999e-01 1.00000000e+00 1.00000000e+00 1.00000000e+00 1.00000000e+00 1.00000000e+00 1.00000000e+00 1.00000000e+00 1.00000000e+00 1.00000000e+00 1.00000000e+00 9.99999999e-01 9.99999999e-01 9.99999999e-01 9.99999999e-01 9.99999999e-01 9.99999999e-01 9.99999999e-01 9.99999999e-01 9.99999999e-01 9.99999999e-01 9.99999999e-01 9.99999999e-01 9.99999999e-01 9.99999999e-01 9.99999999e-01 9.99999999e-01 9.99999999e-01 9.99999999e-01 9.99999999e-01 1.00000000e+00 1.00000000e+00 1.00000000e+00 1.00000000e+00 1.00000000e+00 1.00000000e+00 1.00000000e+00 1.00000000e+00 1.00000000e+00 9.99999999e-01 9.99999999e-01 9.99999999e-01 9.99999999e-01 9.99999999e-01 9.99999998e-01 9.99999998e-01 9.99999998e-01 9.99999997e-01 9.99999997e-01 9.99999996e-01 9.99999996e-01 9.99999995e-01 9.99999994e-01 9.99999994e-01 9.99999993e-01 9.99999992e-01 9.99999991e-01 9.99999991e-01 9.99999990e-01 9.99999989e-01 9.99999988e-01 9.99999988e-01 9.99999987e-01 9.99999986e-01 9.99999986e-01 9.99999985e-01 9.99999985e-01 9.99999985e-01 9.99999985e-01 9.99999985e-01 9.99999985e-01 9.99999985e-01 9.99999985e-01 9.99999985e-01 9.99999985e-01 9.99999986e-01 9.99999986e-01 9.99999987e-01 9.99999988e-01 9.99999988e-01 9.99999989e-01 9.99999990e-01 9.99999991e-01 9.99999991e-01 9.99999992e-01 9.99999993e-01 9.99999994e-01 9.99999994e-01 9.99999995e-01 9.99999996e-01 9.99999996e-01 9.99999997e-01 9.99999997e-01 9.99999998e-01 9.99999998e-01 9.99999998e-01 9.99999999e-01 9.99999999e-01 9.99999999e-01 9.99999999e-01 9.99999999e-01 1.00000000e+00 1.00000000e+00 1.00000000e+00 1.00000000e+00 1.00000000e+00 1.00000000e+00 1.00000000e+00 1.00000000e+00 1.00000000e+00 9.99999999e-01 9.99999999e-01 9.99999999e-01 9.99999999e-01 9.99999999e-01 9.99999999e-01 9.99999999e-01 9.99999999e-01 9.99999999e-01 9.99999999e-01 9.99999999e-01 9.99999999e-01 9.99999999e-01 9.99999999e-01 9.99999999e-01 9.99999999e-01 9.99999999e-01 9.99999999e-01 9.99999999e-01 1.00000000e+00 1.00000000e+00 1.00000000e+00 1.00000000e+00 1.00000000e+00 1.00000000e+00 1.00000000e+00 1.00000000e+00 1.00000000e+00 1.00000000e+00 9.99999999e-01 9.99999999e-01 9.99999999e-01 9.99999999e-01 9.99999999e-01 9.99999998e-01 9.99999998e-01 9.99999997e-01 9.99999997e-01 9.99999996e-01 9.99999996e-01 9.99999995e-01 9.99999995e-01 9.99999994e-01 9.99999993e-01 9.99999992e-01 9.99999992e-01 9.99999991e-01 9.99999990e-01 9.99999989e-01 9.99999989e-01 9.99999988e-01 9.99999987e-01 9.99999987e-01 9.99999986e-01 9.99999986e-01 9.99999985e-01 9.99999985e-01 9.99999985e-01 9.99999985e-01 9.99999984e-01
9.99999984e-01 9.99999985e-01 9.99999985e-01 9.99999985e-01 9.99999985e-01 9.99999986e-01 9.99999986e-01 9.99999987e-01 9.99999988e-01 9.99999988e-01 9.99999989e-01 9.99999990e-01 9.99999991e-01 9.99999992e-01 9.99999992e-01 9.99999993e-01 9.99999994e-01 9.99999995e-01 9.99999995e-01 9.99999996e-01 9.99999997e-01 9.99999997e-01 9.99999998e-01 9.99999998e-01 9.99999998e-01 9.99999999e-01 9.99999999e-01 9.99999999e-01 9.99999999e-01 9.99999999e-01 9.99999999e-01 9.99999999e-01 9.99999999e-01 9.99999999e-01 9.99999999e-01 9.99999999e-01 9.99999999e-01 9.99999999e-01 9.99999999e-01 9.99999999e-01 9.99999999e-01 9.99999999e-01 9.99999999e-01 9.99999998e-01 9.99999998e-01 9.99999998e-01 9.99999998e-01 9.99999998e-01 9.99999998e-01 9.99999998e-01 9.99999998e-01 9.99999998e-01 9.99999998e-01 9.99999998e-01 9.99999998e-01 9.99999998e-01 9.99999998e-01 9.99999999e-01 9.99999999e-01 9.99999999e-01 9.99999999e-01 9.99999999e-01 9.99999999e-01 9.99999999e-01 9.99999999e-01 9.99999999e-01 9.99999999e-01 9.99999999e-01 9.99999999e-01 9.99999999e-01 9.99999999e-01 9.99999999e-01 9.99999999e-01 9.99999999e-01 9.99999999e-01 9.99999999e-01 9.99999998e-01 9.99999998e-01 9.99999997e-01 9.99999997e-01 9.99999996e-01 9.99999996e-01 9.99999995e-01 9.99999994e-01 9.99999994e-01 9.99999993e-01 9.99999992e-01 9.99999991e-01 9.99999990e-01 9.99999990e-01 9.99999989e-01 9.99999988e-01 9.99999987e-01 9.99999987e-01 9.99999986e-01 9.99999986e-01 9.99999985e-01 9.99999985e-01 9.99999985e-01 9.99999985e-01 9.99999985e-01 9.99999985e-01 9.99999985e-01 9.99999985e-01 9.99999986e-01 9.99999986e-01 9.99999987e-01 9.99999987e-01 9.99999988e-01 9.99999989e-01 9.99999990e-01 9.99999990e-01 9.99999991e-01 9.99999992e-01 9.99999993e-01 9.99999994e-01 9.99999994e-01 9.99999995e-01 9.99999996e-01 9.99999996e-01 9.99999997e-01 9.99999997e-01 9.99999998e-01 9.99999998e-01 9.99999999e-01 9.99999999e-01 9.99999999e-01 9.99999999e-01 9.99999999e-01 9.99999999e-01 9.99999999e-01 9.99999999e-01 9.99999999e-01 9.99999999e-01 9.99999999e-01 9.99999999e-01 9.99999999e-01 9.99999999e-01 9.99999999e-01 9.99999999e-01 9.99999999e-01 9.99999999e-01 9.99999999e-01 9.99999998e-01 9.99999998e-01 9.99999998e-01 9.99999998e-01 9.99999998e-01 9.99999998e-01 9.99999998e-01 9.99999998e-01 9.99999998e-01 9.99999998e-01 9.99999998e-01 9.99999998e-01 9.99999998e-01 9.99999998e-01 9.99999999e-01 9.99999999e-01 9.99999999e-01 9.99999999e-01 9.99999999e-01 9.99999999e-01 9.99999999e-01 9.99999999e-01 9.99999999e-01 9.99999999e-01 9.99999999e-01 9.99999999e-01 9.99999999e-01 9.99999999e-01 9.99999999e-01 9.99999999e-01 9.99999999e-01 9.99999999e-01 9.99999998e-01 9.99999998e-01 9.99999998e-01 9.99999997e-01 9.99999997e-01 9.99999996e-01 9.99999995e-01 9.99999995e-01 9.99999994e-01 9.99999993e-01 9.99999992e-01 9.99999992e-01 9.99999991e-01 9.99999990e-01 9.99999989e-01 9.99999988e-01 9.99999988e-01 9.99999987e-01 9.99999986e-01 9.99999986e-01 9.99999985e-01 9.99999985e-01 9.99999985e-01 9.99999985e-01 9.99999984e-01
9.99999984e-01 9.99999985e-01 9.99999985e-01 9.99999985e-01 9.99999985e-01 9.99999986e-01 9.99999987e-01 9.99999987e-01 9.99999988e-01 9.99999989e-01 9.99999990e-01 9.99999991e-01 9.99999991e-01 9.99999992e-01 9.99999993e-01 9.99999994e-01 9.99999995e-01 9.99999996e-01 9.99999996e-01 9.99999997e-01 9.99999997e-01 9.99999998e-01 9.99999998e-01 9.99999999e-01 9.99999999e-01 9.99999999e-01 9.99999999e-01 9.99999999e-01 9.99999999e-01 9.99999999e-01 9.99999999e-01 9.99999999e-01 9.99999999e-01 9.99999999e-01 9.99999999e-01 9.99999999e-01 9.99999998e-01 9.99999998e-01 9.99999998e-01 9.99999998e-01 9.99999998e-01 9.99999998e-01 9.99999997e-01 9.99999997e-01 9.99999997e-01 9.99999997e-01 9.99999997e-01 9.99999997e-01 9.99999997e-01 9.99999997e-01 9.99999997e-01 9.99999997e-01 9.99999997e-01 9.99999997e-01 9.99999997e-01 9.99999997e-01 9.99999997e-01 9.99999997e-01 9.99999998e-01 9.99999998e-01 9.99999998e-01 9.99999998e-01 9.99999998e-01 9.99999998e-01 9.99999998e-01 9.99999999e-01 9.99999999e-01 9.99999999e-01 9.99999999e-01 9.99999999e-01 9.99999999e-01 9.99999999e-01 9.99999999e-01 9.99999999e-01 9.99999999e-01 9.99999999e-01 9.99999999e-01 9.99999998e-01 9.99999998e-01 9.99999998e-01 9.99999997e-01 9.99999996e-01 9.99999996e-01 9.99999995e-01 9.99999994e-01 9.99999994e-01 9.99999993e-01 9.99999992e-01 9.99999991e-01 9.99999990e-01 9.99999989e-01 9.99999988e-01 9.99999988e-01 9.99999987e-01 9.99999986e-01 9.99999986e-01 9.99999985e-01 9.99999985e-01 9.99999985e-01 9.99999985e-01 9.99999985e-01 9.99999985e-01 9.99999985e-01 9.99999985e-01 9.99999986e-01 9.99999986e-01 9.99999987e-01 9.99999988e-01 9.99999988e-01 9.99999989e-01 9.99999990e-01 9.99999991e-01 9.99999992e-01 9.99999993e-01 9.99999994e-01 9.99999994e-01 9.99999995e-01 9.99999996e-01 9.99999996e-01 9.99999997e-01 9.99999998e-01 9.99999998e-01 9.99999998e-01 9.99999999e-01 9.99999999e-01 9.99999999e-01 9.99999999e-01 9.99999999e-01 9.99999999e-01 9.99999999e-01 9.99999999e-01 9.99999999e-01 9.99999999e-01 9.99999999e-01 9.99999999e-01 9.99999998e-01 9.99999998e-01 9.99999998e-01 9.99999998e-01 9.99999998e-01 9.99999998e-01 9.99999998e-01 9.99999997e-01 9.99999997e-01 9.99999997e-01 9.99999997e-01 9.99999997e-01 9.99999997e-01 9.99999997e-01 9.99999997e-01 9.99999997e-01 9.99999997e-01 9.99999997e-01 9.99999997e-01 9.99999997e-01 9.99999997e-01 9.99999997e-01 9.99999997e-01 9.99999998e-01 9.99999998e-01 9.99999998e-01 9.99999998e-01 9.99999998e-01 9.99999998e-01 9.99999999e-01 9.99999999e-01 9.99999999e-01 9.99999999e-01 9.99999999e-01 9.99999999e-01 9.99999999e-01 9.99999999e-01 9.99999999e-01 9.99999999e-01 9.99999999e-01 9.99999999e-01 9.99999999e-01 9.99999998e-01 9.99999998e-01 9.99999997e-01 9.99999997e-01 9.99999996e-01 9.99999996e-01 9.99999995e-01 9.99999994e-01 9.99999993e-01 9.99999992e-01 9.99999991e-01 9.99999991e-01 9.99999990e-01 9.99999989e-01 9.99999988e-01 9.99999987e-01 9.99999987e-01 9.99999986e-01 9.99999985e-01 9.99999985e-01 9.99999985e-01 9.99999985e-01 9.99999984e-01
9.99999984e-01 9.99999985e-01 9.99999985e-01 9.99999985e-01 9.99999986e-01 9.99999986e-01 9.99999987e-01 9.99999988e-01 9.99999988e-01 9.99999989e-01 9.99999990e-01 9.99999991e-01 9.99999992e-01 9.99999993e-01 9.99999994e-01 9.99999995e-01 9.99999995e-01 9.99999996e-01 9.99999997e-01 9.99999997e-01 9.99999998e-01 9.99999998e-01 9.99999999e-01 9.99999999e-01 9.99999999e-01 9.99999999e-01 9.99999999e-01 9.99999999e-01 9.99999999e-01 9.99999999e-01 9.99999999e-01 9.99999998e-01 9.99999998e-01 9.99999998e-01 9.99999998e-01 9.99999998e-01 9.99999997e-01 9.99999997e-01 9.99999997e-01 9.99999997e-01 9.99999997e-01 9.99999996e-01 9.99999996e-01 9.99999996e-01 9.99999996e-01 9.99999996e-01 9.99999996e-01 9.99999996e-01 9.99999996e-01 9.99999996e-01 9.99999996e-01 9.99999996e-01 9.99999996e-01 9.99999996e-01 9.99999996e-01 9.99999996e-01 9.99999996e-01 9.99999996e-01 9.99999996e-01 9.99999996e-01 9.99999997e-01 9.99999997e-01 9.99999997e-01 9.99999997e-01 9.99999997e-01 9.99999998e-01 9.99999998e-01 9.99999998e-01 9.99999998e-01 9.99999999e-01 9.99999999e-01 9.99999999e-01 9.99999999e-01 9.99999999e-01 9.99999999e-01 9.99999999e-01 9.99999999e-01 9.99999999e-01 9.99999998e-01 9.99999998e-01 9.99999998e-01 9.99999997e-01 9.99999996e-01 9.99999996e-01 9.99999995e-01 9.99999994e-01 9.99999993e-01 9.99999992e-01 9.99999992e-01 9.99999991e-01 9.99999990e-01 9.99999989e-01 9.99999988e-01 9.99999987e-01 9.99999986e-01 9.99999986e-01 9.99999985e-01 9.99999985e-01 9.99999985e-01 9.99999985e-01 9.99999985e-01 9.99999985e-01 9.99999985e-01 9.99999985e-01 9.99999986e-01 9.99999986e-01 9.99999987e-01 9.99999988e-01 9.99999989e-01 9.99999990e-01 9.99999991e-01 9.99999992e-01 9.99999992e-01 9.99999993e-01 9.99999994e-01 9.99999995e-01 9.99999996e-01 9.99999996e-01 9.99999997e-01 9.99999998e-01 9.99999998e-01 9.99999998e-01 9.99999999e-01 9.99999999e-01 9.99999999e-01 9.99999999e-01 9.99999999e-01 9.99999999e-01 9.99999999e-01 9.99999999e-01 9.99999999e-01 9.99999998e-01 9.99999998e-01 9.99999998e-01 9.99999998e-01 9.99999997e-01 9.99999997e-01 9.99999997e-01 9.99999997e-01 9.99999997e-01 9.99999996e-01 9.99999996e-01 9.99999996e-01 9.99999996e-01 9.99999996e-01 9.99999996e-01 9.99999996e-01 9.99999996e-01 9.99999996e-01 9.99999996e-01 9.99999996e-01 9.99999996e-01 9.99999996e-01 9.99999996e-01 9.99999996e-01 9.99999996e-01 9.99999996e-01 9.99999996e-01 9.99999996e-01 9.99999997e-01 9.99999997e-01 9.99999997e-01 9.99999997e-01 9.99999997e-01 9.99999998e-01 9.99999998e-01 9.99999998e-01 9.99999998e-01 9.99999998e-01 9.99999999e-01 9.99999999e-01 9.99999999e-01 9.99999999e-01 9.99999999e-01 9.99999999e-01 9.99999999e-01 9.99999999e-01 9.99999999e-01 9.99999998e-01 9.99999998e-01 9.99999997e-01 9.99999997e-01 9.99999996e-01 9.99999995e-01 9.99999995e-01 9.99999994e-01 9.99999993e-01 9.99999992e-01 9.99999991e-01 9.99999990e-01 9.99999989e-01 9.99999988e-01 9.99999988e-01 9.99999987e-01 9.99999986e-01 9.99999986e-01 9.99999985e-01 9.99999985e-01 9.99999985e-01 9.99999984e-01
9.99999984e-01 9.99999985e-01 9.99999985e-01 9.99999985e-01 9.99999986e-01 9.99999986e-01 9.99999987e-01 9.99999988e-01 9.99999989e-01 9.99999990e-01 9.99999991e-01 9.99999992e-01 9.99999993e-01 9.99999993e-01 9.99999994e-01 9.99999995e-01 9.99999996e-01 9.99999997e-01 9.99999997e-01 9.99999998e-01 9.99999998e-01 9.99999998e-01 9.99999999e-01 9.99999999e-01 9.99999999e-01 9.99999999e-01 9.99999999e-01 9.99999999e-01 9.99999998e-01 9.99999998e-01 9.99999998e-01 9.99999998e-01 9.99999997e-01 9.99999997e-01 9.99999997e-01 9.99999997e-01 9.99999996e-01 9.99999996e-01 9.99999996e-01 9.99999995e-01 9.99999995e-01 9.99999995e-01 9.99999995e-01 9.99999995e-01 9.99999995e-01 9.99999994e-01 9.99999994e-01 9.99999994e-01 9.99999994e-01 9.99999994e-01 9.99999994e-01 9.99999994e-01 9.99999994e-01 9.99999994e-01 9.99999994e-01 9.99999995e-01 9.99999995e-01 9.99999995e-01 9.99999995e-01 9.99999995e-01 9.99999995e-01 9.99999996e-01 9.99999996e-01 9.99999996e-01 9.99999996e-01 9.99999997e-01 9.99999997e-01 9.99999997e-01 9.99999998e-01 9.99999998e-01 9.99999998e-01 9.99999998e-01 9.99999998e-01 9.99999999e-01 9.99999999e-01 9.99999999e-01 9.99999999e-01 9.99999999e-01 9.99999999e-01 9.99999998e-01 9.99999998e-01 9.99999997e-01 9.99999997e-01 9.99999996e-01 9.99999996e-01 9.99999995e-01 9.99999994e-01 9.99999993e-01 9.99999992e-01 9.99999991e-01 9.99999990e-01 9.99999989e-01 9.99999988e-01 9.99999987e-01 9.99999987e-01 9.99999986e-01 9.99999985e-01 9.99999985e-01 9.99999985e-01 9.99999985e-01 9.99999985e-01 9.99999985e-01 9.99999985e-01 9.99999985e-01 9.99999986e-01 9.99999987e-01 9.99999987e-01 9.99999988e-01 9.99999989e-01 9.99999990e-01 9.99999991e-01 9.99999992e-01 9.99999993e-01 9.99999994e-01 9.99999995e-01 9.99999996e-01 9.99999996e-01 9.99999997e-01 9.99999997e-01 9.99999998e-01 9.99999998e-01 9.99999999e-01 9.99999999e-01 9.99999999e-01 9.99999999e-01 9.99999999e-01 9.99999999e-01 9.99999998e-01 9.99999998e-01 9.99999998e-01 9.99999998e-01 9.99999998e-01 9.99999997e-01 9.99999997e-01 9.99999997e-01 9.99999996e-01 9.99999996e-01 9.99999996e-01 9.99999996e-01 9.99999995e-01 9.99999995e-01 9.99999995e-01 9.99999995e-01 9.99999995e-01 9.99999995e-01 9.99999994e-01 9.99999994e-01 9.99999994e-01 9.99999994e-01 9.99999994e-01 9.99999994e-01 9.99999994e-01 9.99999994e-01 9.99999994e-01 9.99999994e-01 9.99999995e-01 9.99999995e-01 9.99999995e-01 9.99999995e-01 9.99999995e-01 9.99999995e-01 9.99999996e-01 9.99999996e-01 9.99999996e-01 9.99999997e-01 9.99999997e-01 9.99999997e-01 9.99999997e-01 9.99999998e-01 9.99999998e-01 9.99999998e-01 9.99999998e-01 9.99999999e-01 9.99999999e-01 9.99999999e-01 9.99999999e-01 9.99999999e-01 9.99999999e-01 9.99999998e-01 9.99999998e-01 9.99999998e-01 9.99999997e-01 9.99999997e-01 9.99999996e-01 9.99999995e-01 9.99999994e-01 9.99999993e-01 9.99999993e-01 9.99999992e-01 9.99999991e-01 9.99999990e-01 9.99999989e-01 9.99999988e-01 9.99999987e-01 9.99999986e-01 9.99999986e-01 9.99999985e-01 9.99999985e-01 9.99999985e-01 9.99999984e-01
9.99999984e-01 9.99999985e-01 9.99999985e-01 9.99999985e-01 9.99999986e-01 9.99999986e-01 9.99999987e-01 9.99999988e-01 9.99999989e-01 9.99999990e-01 9.99999991e-01 9.99999992e-01 9.99999993e-01 9.99999994e-01 9.99999995e-01 9.99999996e-01 9.99999996e-01 9.99999997e-01 9.99999998e-01 9.99999998e-01 9.99999998e-01 9.99999998e-01 9.99999999e-01 9.99999999e-01 9.99999999e-01 9.99999998e-01 9.99999998e-01 9.99999998e-01 9.99999998e-01 9.99999997e-01 9.99999997e-01 9.99999997e-01 9.99999996e-01 9.99999996e-01 9.99999996e-01 9.99999995e-01 9.99999995e-01 9.99999995e-01 9.99999995e-01 9.99999994e-01 9.99999994e-01 9.99999994e-01 9.99999994e-01 9.99999994e-01 9.99999993e-01 9.99999993e-01 9.99999993e-01 9.99999993e-01 9.99999993e-01 9.99999993e-01 9.99999993e-01 9.99999993e-01 9.99999993e-01 9.99999993e-01 9.99999993e-01 9.99999993e-01 9.99999993e-01 9.99999994e-01 9.99999994e-01 9.99999994e-01 9.99999994e-01 9.99999994e-01 9.99999995e-01 9.99999995e-01 9.99999995e-01 9.99999996e-01 9.99999996e-01 9.99999996e-01 9.99999997e-01 9.99999997e-01 9.99999997e-01 9.99999998e-01 9.99999998e-01 9.99999998e-01 9.99999998e-01 9.99999998e-01 9.99999999e-01 9.99999999e-01 9.99999999e-01 9.99999998e-01 9.99999998e-01 9.99999998e-01 9.99999997e-01 9.99999997e-01 9.99999996e-01 9.99999995e-01 9.99999994e-01 9.99999994e-01 9.99999993e-01 9.99999992e-01 9.99999991e-01 9.99999990e-01 9.99999989e-01 9.99999988e-01 9.99999987e-01 9.99999986e-01 9.99999985e-01 9.99999985e-01 9.99999985e-01 9.99999985e-01 9.99999985e-01 9.99999985e-01 9.99999985e-01 9.99999985e-01 9.99999986e-01 9.99999987e-01 9.99999988e-01 9.99999989e-01 9.99999990e-01 9.99999991e-01 9.99999992e-01 9.99999993e-01 9.99999994e-01 9.99999994e-01 9.99999995e-01 9.99999996e-01 9.99999997e-01 9.99999997e-01 9.99999998e-01 9.99999998e-01 9.99999998e-01 9.99999999e-01 9.99999999e-01 9.99999999e-01 9.99999998e-01 9.99999998e-01 9.99999998e-01 9.99999998e-01 9.99999998e-01 9.99999997e-01 9.99999997e-01 9.99999997e-01 9.99999996e-01 9.99999996e-01 9.99999996e-01 9.99999995e-01 9.99999995e-01 9.99999995e-01 9.99999994e-01 9.99999994e-01 9.99999994e-01 9.99999994e-01 9.99999994e-01 9.99999993e-01 9.99999993e-01 9.99999993e-01 9.99999993e-01 9.99999993e-01 9.99999993e-01 9.99999993e-01 9.99999993e-01 9.99999993e-01 9.99999993e-01 9.99999993e-01 9.99999993e-01 9.99999993e-01 9.99999994e-01 9.99999994e-01 9.99999994e-01 9.99999994e-01 9.99999994e-01 9.99999995e-01 9.99999995e-01 9.99999995e-01 9.99999995e-01 9.99999996e-01 9.99999996e-01 9.99999996e-01 9.99999997e-01 9.99999997e-01 9.99999997e-01 9.99999998e-01 9.99999998e-01 9.99999998e-01 9.99999998e-01 9.99999999e-01 9.99999999e-01 9.99999999e-01 9.99999998e-01 9.99999998e-01 9.99999998e-01 9.99999998e-01 9.99999997e-01 9.99999996e-01 9.99999996e-01 9.99999995e-01 9.99999994e-01 9.99999993e-01 9.99999992e-01 9.99999991e-01 9.99999990e-01 9.99999989e-01 9.99999988e-01 9.99999987e-01 9.99999986e-01 9.99999986e-01 9.99999985e-01 9.99999985e-01 9.99999985e-01 9.99999984e-01
9.99999984e-01 9.99999985e-01 9.99999985e-01 9.99999985e-01 9.99999986e-01 9.99999987e-01 9.99999987e-01 9.99999988e-01 9.99999989e-01 9.99999990e-01 9.99999991e-01 9.99999992e-01 9.99999993e-01 9.99999994e-01 9.99999995e-01 9.99999996e-01 9.99999997e-01 9.99999997e-01 9.99999998e-01 9.99999998e-01 9.99999998e-01 9.99999998e-01 9.99999998e-01 9.99999998e-01 9.99999998e-01 9.99999998e-01 9.99999998e-01 9.99999997e-01 9.99999997e-01 9.99999996e-01 9.99999996e-01 9.99999996e-01 9.99999995e-01 9.99999995e-01 9.99999995e-01 9.99999994e-01 9.99999994e-01 9.99999994e-01 9.99999993e-01 9.99999993e-01 9.99999993e-01 9.99999993e-01 9.99999993e-01 9.99999993e-01 9.99999992e-01 9.99999992e-01 9.99999992e-01 9.99999992e-01 9.99999992e-01 9.99999992e-01 9.99999992e-01 9.99999992e-01 9.99999992e-01 9.99999992e-01 9.99999992e-01 9.99999992e-01 9.99999992e-01 9.99999993e-01 9.99999993e-01 9.99999993e-01 9.99999993e-01 9.99999993e-01 9.99999994e-01 9.99999994e-01 9.99999994e-01 9.99999994e-01 9.99999995e-01 9.99999995e-01 9.99999995e-01 9.99999996e-01 9.99999996e-01 9.99999997e-01 9.99999997e-01 9.99999997e-01 9.99999998e-01 9.99999998e-01 9.99999998e-01 9.99999998e-01 9.99999998e-01 9.99999998e-01 9.99999998e-01 9.99999998e-01 9.99999997e-01 9.99999997e-01 9.99999996e-01 9.99999996e-01 9.99999995e-01 9.99999994e-01 9.99999993e-01 9.99999992e-01 9.99999991e-01 9.99999990e-01 9.99999989e-01 9.99999988e-01 9.99999987e-01 9.99999986e-01 9.99999986e-01 9.99999985e-01 9.99999985e-01 9.99999985e-01 9.99999985e-01 9.99999985e-01 9.99999985e-01 9.99999986e-01 9.99999986e-01 9.99999987e-01 9.99999988e-01 9.99999989e-01 9.99999990e-01 9.99999991e-01 9.99999992e-01 9.99999993e-01 9.99999994e-01 9.99999995e-01 9.99999996e-01 9.99999996e-01 9.99999997e-01 9.99999997e-01 9.99999998e-01 9.99999998e-01 9.99999998e-01 9.99999998e-01 9.99999998e-01 9.99999998e-01 9.99999998e-01 9.99999998e-01 9.99999997e-01 9.99999997e-01 9.99999997e-01 9.99999996e-01 9.99999996e-01 9.99999995e-01 9.99999995e-01 9.99999995e-01 9.99999994e-01 9.99999994e-01 9.99999994e-01 9.99999994e-01 9.99999993e-01 9.99999993e-01 9.99999993e-01 9.99999993e-01 9.99999993e-01 9.99999992e-01 9.99999992e-01 9.99999992e-01 9.99999992e-01 9.99999992e-01 9.99999992e-01 9.99999992e-01 9.99999992e-01 9.99999992e-01 9.99999992e-01 9.99999992e-01 9.99999992e-01 9.99999992e-01 9.99999993e-01 9.99999993e-01 9.99999993e-01 9.99999993e-01 9.99999993e-01 9.99999993e-01 9.99999994e-01 9.99999994e-01 9.99999994e-01 9.99999995e-01 9.99999995e-01 9.99999995e-01 9.99999996e-01 9.99999996e-01 9.99999996e-01 9.99999997e-01 9.99999997e-01 9.99999998e-01 9.99999998e-01 9.99999998e-01 9.99999998e-01 9.99999998e-01 9.99999998e-01 9.99999998e-01 9.99999998e-01 9.99999998e-01 9.99999997e-01 9.99999997e-01 9.99999996e-01 9.99999995e-01 9.99999994e-01 9.99999993e-01 9.99999992e-01 9.99999991e-01 9.99999990e-01 9.99999989e-01 9.99999988e-01 9.99999987e-01 9.99999987e-01 9.99999986e-01 9.99999985e-01 9.99999985e-01 9.99999985e-01 9.99999984e-01
9.99999984e-01 9.99999985e-01 9.99999985e-01 9.99999985e-01 9.99999986e-01 9.99999987e-01 9.99999988e-01 9.99999989e-01 9.99999990e-01 9.99999991e-01 9.99999992e-01 9.99999993e-01 9.99999994e-01 9.99999995e-01 9.99999996e-01 9.99999996e-01 9.99999997e-01 9.99999997e-01 9.99999998e-01 9.99999998e-01 9.99999998e-01 9.99999998e-01 9.99999998e-01 9.99999998e-01 9.99999997e-01 9.99999997e-01 9.99999997e-01 9.99999996e-01 9.99999996e-01 9.99999996e-01 9.99999995e-01 9.99999995e-01 9.99999994e-01 9.99999994e-01 9.99999994e-01 9.99999993e-01 9.99999993e-01 9.99999993e-01 9.99999993e-01 9.99999992e-01 9.99999992e-01 9.99999992e-01 9.99999992e-01 9.99999992e-01 9.99999992e-01 9.99999992e-01 9.99999992e-01 9.99999992e-01 9.99999992e-01 9.99999992e-01 9.99999992e-01 9.99999992e-01 9.99999992e-01 9.99999992e-01 9.99999992e-01 9.99999992e-01 9.99999992e-01 9.99999992e-01 9.99999992e-01 9.99999992e-01 9.99999992e-01 9.99999992e-01 9.99999993e-01 9.99999993e-01 9.99999993e-01 9.99999993e-01 9.99999994e-01 9.99999994e-01 9.99999994e-01 9.99999995e-01 9.99999995e-01 9.99999996e-01 9.99999996e-01 9.99999997e-01 9.99999997e-01 9.99999997e-01 9.99999998e-01 9.99999998e-01 9.99999998e-01 9.99999998e-01 9.99999998e-01 9.99999998e-01 9.99999998e-01 9.99999997e-01 9.99999997e-01 9.99999996e-01 9.99999995e-01 9.99999994e-01 9.99999993e-01 9.99999992e-01 9.99999991e-01 9.99999990e-01 9.99999989e-01 9.99999988e-01 9.99999987e-01 9.99999986e-01 9.99999986e-01 9.99999985e-01 9.99999985e-01 9.99999985e-01 9.99999985e-01 9.99999985e-01 9.99999985e-01 9.99999986e-01 9.99999986e-01 9.99999987e-01 9.99999988e-01 9.99999989e-01 9.99999990e-01 9.99999991e-01 9.99999992e-01 9.99999993e-01 9.99999994e-01 9.99999995e-01 9.99999996e-01 9.99999997e-01 9.99999997e-01 9.99999998e-01 9.99999998e-01 9.99999998e-01 9.99999998e-01 9.99999998e-01 9.99999998e-01 9.99999998e-01 9.99999997e-01 9.99999997e-01 9.99999997e-01 9.99999996e-01 9.99999996e-01 9.99999995e-01 9.99999995e-01 9.99999994e-01 9.99999994e-01 9.99999994e-01 9.99999993e-01 9.99999993e-01 9.99999993e-01 9.99999993e-01 9.99999992e-01 9.99999992e-01 9.99999992e-01 9.99999992e-01 9.99999992e-01 9.99999992e-01 9.99999992e-01 9.99999992e-01 9.99999992e-01 9.99999992e-01 9.99999992e-01 9.99999992e-01 9.99999992e-01 9.99999992e-01 9.99999992e-01 9.99999992e-01 9.99999992e-01 9.99999992e-01 9.99999992e-01 9.99999992e-01 9.99999992e-01 9.99999992e-01 9.99999992e-01 9.99999993e-01 9.99999993e-01 9.99999993e-01 9.99999993e-01 9.99999994e-01 9.99999994e-01 9.99999994e-01 9.99999995e-01 9.99999995e-01 9.99999996e-01 9.99999996e-01 9.99999996e-01 9.99999997e-01 9.99999997e-01 9.99999997e-01 9.99999998e-01 9.99999998e-01 9.99999998e-01 9.99999998e-01 9.99999998e-01 9.99999998e-01 9.99999997e-01 9.99999997e-01 9.99999996e-01 9.99999996e-01 9.99999995e-01 9.99999994e-01 9.99999993e-01 9.99999992e-01 9.99999991e-01 9.99999990e-01 9.99999989e-01 9.99999988e-01 9.99999987e-01 9.99999986e-01 9.99999985e-01 9.99999985e-01 9.99999985e-01 9.99999984e-01
9.99999984e-01 9.99999985e-01 9.99999985e-01 9.99999985e-01 9.99999986e-01 9.99999987e-01 9.99999988e-01 9.99999989e-01 9.99999990e-01 9.99999991e-01 9.99999992e-01 9.99999993e-01 9.99999994e-01 9.99999995e-01 9.99999996e-01 9.99999997e-01 9.99999997e-01 9.99999997e-01 9.99999998e-01 9.99999998e-01 9.99999998e-01 9.99999998e-01 9.99999997e-01 9.99999997e-01 9.99999997e-01 9.99999996e-01 9.99999996e-01 9.99999996e-01 9.99999995e-01 9.99999995e-01 9.99999994e-01 9.99999994e-01 9.99999993e-01 9.99999993e-01 9.99999993e-01 9.99999993e-01 9.99999992e-01 9.99999992e-01 9.99999992e-01 9.99999992e-01 9.99999992e-01 9.99999992e-01 9.99999992e-01 9.99999991e-01 9.99999991e-01 9.99999991e-01 9.99999991e-01 9.99999991e-01 9.99999991e-01 9.99999991e-01 9.99999991e-01 9.99999991e-01 9.99999991e-01 9.99999991e-01 9.99999991e-01 9.99999991e-01 9.99999991e-01 9.99999992e-01 9.99999992e-01 9.99999992e-01 9.99999992e-01 9.99999992e-01 9.99999992e-01 9.99999992e-01 9.99999992e-01 9.99999993e-01 9.99999993e-01 9.99999993e-01 9.99999994e-01 9.99999994e-01 9.99999994e-01 9.99999995e-01 9.99999995e-01 9.99999996e-01 9.99999996e-01 9.99999997e-01 9.99999997e-01 9.99999997e-01 9.99999998e-01 9.99999998e-01 9.99999998e-01 9.99999998e-01 9.99999998e-01 9.99999997e-01 9.99999997e-01 9.99999996e-01 9.99999995e-01 9.99999995e-01 9.99999994e-01 9.99999993e-01 9.99999992e-01 9.99999990e-01 9.99999989e-01 9.99999988e-01 9.99999987e-01 9.99999986e-01 9.99999986e-01 9.99999985e-01 9.99999985e-01 9.99999985e-01 9.99999985e-01 9.99999985e-01 9.99999985e-01 9.99999986e-01 9.99999986e-01 9.99999987e-01 9.99999988e-01 9.99999989e-01 9.99999990e-01 9.99999992e-01 9.99999993e-01 9.99999994e-01 9.99999995e-01 9.99999995e-01 9.99999996e-01 9.99999997e-01 9.99999997e-01 9.99999998e-01 9.99999998e-01 9.99999998e-01 9.99999998e-01 9.99999998e-01 9.99999997e-01 9.99999997e-01 9.99999997e-01 9.99999996e-01 9.99999996e-01 9.99999995e-01 9.99999995e-01 9.99999994e-01 9.99999994e-01 9.99999994e-01 9.99999993e-01 9.99999993e-01 9.99999993e-01 9.99999992e-01 9.99999992e-01 9.99999992e-01 9.99999992e-01 9.99999992e-01 9.99999992e-01 9.99999992e-01 9.99999992e-01 9.99999991e-01 9.99999991e-01 9.99999991e-01 9.99999991e-01 9.99999991e-01 9.99999991e-01 9.99999991e-01 9.99999991e-01 9.99999991e-01 9.99999991e-01 9.99999991e-01 9.99999991e-01 9.99999991e-01 9.99999991e-01 9.99999992e-01 9.99999992e-01 9.99999992e-01 9.99999992e-01 9.99999992e-01 9.99999992e-01 9.99999992e-01 9.99999993e-01 9.99999993e-01 9.99999993e-01 9.99999993e-01 9.99999994e-01 9.99999994e-01 9.99999995e-01 9.99999995e-01 9.99999996e-01 9.99999996e-01 9.99999996e-01 9.99999997e-01 9.99999997e-01 9.99999997e-01 9.99999998e-01 9.99999998e-01 9.99999998e-01 9.99999998e-01 9.99999997e-01 9.99999997e-01 9.99999997e-01 9.99999996e-01 9.99999995e-01 9.99999994e-01 9.99999993e-01 9.99999992e-01 9.99999991e-01 9.99999990e-01 9.99999989e-01 9.99999988e-01 9.99999987e-01 9.99999986e-01 9.99999985e-01 9.99999985e-01 9.99999985e-01 9.99999984e-01
9.99999984e-01 9.99999985e-01 9.99999985e-01 9.99999985e-01 9.99999986e-01 9.99999987e-01 9.99999988e-01 9.99999989e-01 9.99999990e-01 9.99999991e-01 9.99999992e-01 9.99999993e-01 9.99999994e-01 9.99999995e-01 9.99999996e-01 9.99999997e-01 9.99999997e-01 9.99999997e-01 9.99999998e-01 9.99999998e-01 9.99999997e-01 9.99999997e-01 9.99999997e-01 9.99999997e-01 9.99999996e-01 9.99999996e-01 9.99999995e-01 9.99999995e-01 9.99999994e-01 9.99999994e-01 9.99999993e-01 9.99999993e-01 9.99999993e-01 9.99999992e-01 9.99999992e-01 9.99999992e-01 9.99999992e-01 9.99999992e-01 9.99999992e-01 9.99999992e-01 9.99999991e-01 9.99999991e-01 9.99999991e-01 9.99999991e-01 9.99999991e-01 9.99999991e-01 9.99999991e-01 9.99999991e-01 9.99999991e-01 9.99999991e-01 9.99999991e-01 9.99999991e-01 9.99999991e-01 9.99999991e-01 9.99999991e-01 9.99999991e-01 9.99999991e-01 9.99999991e-01 9.99999991e-01 9.99999991e-01 9.99999991e-01 9.99999992e-01 9.99999992e-01 9.99999992e-01 9.99999992e-01 9.99999992e-01 9.99999992e-01 9.99999993e-01 9.99999993e-01 9.99999993e-01 9.99999994e-01 9.99999994e-01 9.99999994e-01 9.99999995e-01 9.99999995e-01 9.99999996e-01 9.99999996e-01 9.99999997e-01 9.99999997e-01 9.99999997e-01 9.99999997e-01 9.99999998e-01 9.99999997e-01 9.99999997e-01 9.99999997e-01 9.99999996e-01 9.99999996e-01 9.99999995e-01 9.99999994e-01 9.99999993e-01 9.99999992e-01 9.99999991e-01 9.99999990e-01 9.99999989e-01 9.99999987e-01 9.99999987e-01 9.99999986e-01 9.99999985e-01 9.99999985e-01 9.99999985e-01 9.99999985e-01 9.99999985e-01 9.99999985e-01 9.99999986e-01 9.99999987e-01 9.99999987e-01 9.99999989e-01 9.99999990e-01 9.99999991e-01 9.99999992e-01 9.99999993e-01 9.99999994e-01 9.99999995e-01 9.99999996e-01 9.99999996e-01 9.99999997e-01 9.99999997e-01 9.99999997e-01 9.99999998e-01 9.99999997e-01 9.99999997e-01 9.99999997e-01 9.99999997e-01 9.99999996e-01 9.99999996e-01 9.99999995e-01 9.99999995e-01 9.99999994e-01 9.99999994e-01 9.99999994e-01 9.99999993e-01 9.99999993e-01 9.99999993e-01 9.99999992e-01 9.99999992e-01 9.99999992e-01 9.99999992e-01 9.99999992e-01 9.99999992e-01 9.99999991e-01 9.99999991e-01 9.99999991e-01 9.99999991e-01 9.99999991e-01 9.99999991e-01 9.99999991e-01 9.99999991e-01 9.99999991e-01 9.99999991e-01 9.99999991e-01 9.99999991e-01 9.99999991e-01 9.99999991e-01 9.99999991e-01 9.99999991e-01 9.99999991e-01 9.99999991e-01 9.99999991e-01 9.99999991e-01 9.99999991e-01 9.99999992e-01 9.99999992e-01 9.99999992e-01 9.99999992e-01 9.99999992e-01 9.99999992e-01 9.99999992e-01 9.99999993e-01 9.99999993e-01 9.99999993e-01 9.99999994e-01 9.99999994e-01 9.99999995e-01 9.99999995e-01 9.99999996e-01 9.99999996e-01 9.99999997e-01 9.99999997e-01 9.99999997e-01 9.99999997e-01 9.99999998e-01 9.99999998e-01 9.99999997e-01 9.99999997e-01 9.99999997e-01 9.99999996e-01 9.99999995e-01 9.99999994e-01 9.99999993e-01 9.99999992e-01 9.99999991e-01 9.99999990e-01 9.99999989e-01 9.99999988e-01 9.99999987e-01 9.99999986e-01 9.99999985e-01 9.99999985e-01 9.99999985e-01 9.99999984e-01
9.99999984e-01 9.99999985e-01 9.99999985e-01 9.99999985e-01 9.99999986e-01 9.99999987e-01 9.99999988e-01 9.99999989e-01 9.99999990e-01 9.99999992e-01 9.99999993e-01 9.99999994e-01 9.99999995e-01 9.99999995e-01 9.99999996e-01 9.99999997e-01 9.99999997e-01 9.99999997e-01 9.99999997e-01 9.99999997e-01 9.99999997e-01 9.99999997e-01 9.99999996e-01 9.99999996e-01 9.99999995e-01 9.99999995e-01 9.99999994e-01 9.99999994e-01 9.99999993e-01 9.99999993e-01 9.99999993e-01 9.99999992e-01 9.99999992e-01 9.99999992e-01 9.99999992e-01 9.99999992e-01 9.99999992e-01 9.99999992e-01 9.99999992e-01 9.99999992e-01 9.99999992e-01 9.99999992e-01 9.99999992e-01 9.99999992e-01 9.99999992e-01 9.99999992e-01 9.99999992e-01 9.99999992e-01 9.99999992e-01 9.99999992e-01 9.99999992e-01 9.99999992e-01 9.99999992e-01 9.99999992e-01 9.99999992e-01 9.99999992e-01 9.99999992e-01 9.99999992e-01 9.99999992e-01 9.99999992e-01 9.99999992e-01 9.99999992e-01 9.99999992e-01 9.99999992e-01 9.99999992e-01 9.99999992e-01 9.99999992e-01 9.99999992e-01 9.99999992e-01 9.99999993e-01 9.99999993e-01 9.99999993e-01 9.99999994e-01 9.99999994e-01 9.99999995e-01 9.99999995e-01 9.99999996e-01 9.99999996e-01 9.99999996e-01 9.99999997e-01 9.99999997e-01 9.99999997e-01 9.99999997e-01 9.99999997e-01 9.99999997e-01 9.99999996e-01 9.99999996e-01 9.99999995e-01 9.99999994e-01 9.99999993e-01 9.99999992e-01 9.99999991e-01 9.99999990e-01 9.99999989e-01 9.99999988e-01 9.99999987e-01 9.99999986e-01 9.99999985e-01 9.99999985e-01 9.99999985e-01 9.99999985e-01 9.99999985e-01 9.99999985e-01 9.99999986e-01 9.99999987e-01 9.99999988e-01 9.99999989e-01 9.99999990e-01 9.99999991e-01 9.99999992e-01 9.99999993e-01 9.99999994e-01 9.99999995e-01 9.99999996e-01 9.99999996e-01 9.99999997e-01 9.99999997e-01 9.99999997e-01 9.99999997e-01 9.99999997e-01 9.99999997e-01 9.99999996e-01 9.99999996e-01 9.99999996e-01 9.99999995e-01 9.99999995e-01 9.99999994e-01 9.99999994e-01 9.99999993e-01 9.99999993e-01 9.99999993e-01 9.99999992e-01 9.99999992e-01 9.99999992e-01 9.99999992e-01 9.99999992e-01 9.99999992e-01 9.99999992e-01 9.99999992e-01 9.99999992e-01 9.99999992e-01 9.99999992e-01 9.99999992e-01 9.99999992e-01 9.99999992e-01 9.99999992e-01 9.99999992e-01 9.99999992e-01 9.99999992e-01 9.99999992e-01 9.99999992e-01 9.99999992e-01 9.99999992e-01 9.99999992e-01 9.99999992e-01 9.99999992e-01 9.99999992e-01 9.99999992e-01 9.99999992e-01 9.99999992e-01 9.99999992e-01 9.99999992e-01 9.99999992e-01 9.99999992e-01 9.99999992e-01 9.99999992e-01 9.99999992e-01 9.99999992e-01 9.99999992e-01 9.99999993e-01 9.99999993e-01 9.99999993e-01 9.99999994e-01 9.99999994e-01 9.99999995e-01 9.99999995e-01 9.99999996e-01 9.99999996e-01 9.99999997e-01 9.99999997e-01 9.99999997e-01 9.99999997e-01 9.99999997e-01 9.99999997e-01 9.99999997e-01 9.99999996e-01 9.99999995e-01 9.99999995e-01 9.99999994e-01 9.99999993e-01 9.99999992e-01 9.99999990e-01 9.99999989e-01 9.99999988e-01 9.99999987e-01 9.99999986e-01 9.99999985e-01 9.99999985e-01 9.99999985e-01 9.99999984e-01
9.99999984e-01 9.99999985e-01 9.99999985e-01 9.99999986e-01 9.99999986e-01 9.99999987e-01 9.99999988e-01 9.99999989e-01 9.99999991e-01 9.99999992e-01 9.99999993e-01 9.99999994e-01 9.99999995e-01 9.99999996e-01 9.99999996e-01 9.99999997e-01 9.99999997e-01 9.99999997e-01 9.99999997e-01 9.99999997e-01 9.99999996e-01 9.99999996e-01 9.99999996e-01 9.99999995e-01 9.99999995e-01 9.99999994e-01 9.99999994e-01 9.99999993e-01 9.99999993e-01 9.99999993e-01 9.99999992e-01 9.99999992e-01 9.99999992e-01 9.99999992e-01 9.99999992e-01 9.99999992e-01 9.99999992e-01 9.99999992e-01 9.99999992e-01 9.99999992e-01 9.99999992e-01 9.99999992e-01 9.99999992e-01 9.99999992e-01 9.99999992e-01 9.99999992e-01 9.99999992e-01 9.99999992e-01 9.99999992e-01 9.99999993e-01 9.99999993e-01 9.99999993e-01 9.99999992e-01 9.99999992e-01 9.99999992e-01 9.99999992e-01 9.99999992e-01 9.99999992e-01 9.99999992e-01 9.99999992e-01 9.99999992e-01 9.99999992e-01 9.99999992e-01 9.99999992e-01 9.99999992e-01 9.99999992e-01 9.99999992e-01 9.99999992e-01 9.99999992e-01 9.99999992e-01 9.99999992e-01 9.99999993e-01 9.99999993e-01 9.99999993e-01 9.99999994e-01 9.99999994e-01 9.99999995e-01 9.99999995e-01 9.99999996e-01 9.99999996e-01 9.99999997e-01 9.99999997e-01 9.99999997e-01 9.99999997e-01 9.99999997e-01 9.99999996e-01 9.99999996e-01 9.99999995e-01 9.99999994e-01 9.99999993e-01 9.99999992e-01 9.99999991e-01 9.99999990e-01 9.99999989e-01 9.99999988e-01 9.99999987e-01 9.99999986e-01 9.99999985e-01 9.99999985e-01 9.99999985e-01 9.99999985e-01 9.99999985e-01 9.99999985e-01 9.99999986e-01 9.99999987e-01 9.99999988e-01 9.99999989e-01 9.99999990e-01 9.99999991e-01 9.99999992e-01 9.99999993e-01 9.99999994e-01 9.99999995e-01 9.99999996e-01 9.99999996e-01 9.99999997e-01 9.99999997e-01 9.99999997e-01 9.99999997e-01 9.99999997e-01 9.99999996e-01 9.99999996e-01 9.99999995e-01 9.99999995e-01 9.99999994e-01 9.99999994e-01 9.99999993e-01 9.99999993e-01 9.99999993e-01 9.99999992e-01 9.99999992e-01 9.99999992e-01 9.99999992e-01 9.99999992e-01 9.99999992e-01 9.99999992e-01 9.99999992e-01 9.99999992e-01 9.99999992e-01 9.99999992e-01 9.99999992e-01 9.99999992e-01 9.99999992e-01 9.99999992e-01 9.99999992e-01 9.99999992e-01 9.99999992e-01 9.99999992e-01 9.99999993e-01 9.99999993e-01 9.99999993e-01 9.99999992e-01 9.99999992e-01 9.99999992e-01 9.99999992e-01 9.99999992e-01 9.99999992e-01 9.99999992e-01 9.99999992e-01 9.99999992e-01 9.99999992e-01 9.99999992e-01 9.99999992e-01 9.99999992e-01 9.99999992e-01 9.99999992e-01 9.99999992e-01 9.99999992e-01 9.99999992e-01 9.99999992e-01 9.99999993e-01 9.99999993e-01 9.99999993e-01 9.99999994e-01 9.99999994e-01 9.99999995e-01 9.99999995e-01 9.99999996e-01 9.99999996e-01 9.99999996e-01 9.99999997e-01 9.99999997e-01 9.99999997e-01 9.99999997e-01 9.99999997e-01 9.99999996e-01 9.99999996e-01 9.99999995e-01 9.99999994e-01 9.99999993e-01 9.99999992e-01 9.99999991e-01 9.99999989e-01 9.99999988e-01 9.99999987e-01 9.99999986e-01 9.99999986e-01 9.99999985e-01 9.99999985e-01 9.99999984e-01
9.99999984e-01 9.99999985e-01 9.99999985e-01 9.99999986e-01 9.99999986e-01 9.99999987e-01 9.99999988e-01 9.99999990e-01 9.99999991e-01 9.99999992e-01 9.99999993e-01 9.99999994e-01 9.99999995e-01 9.99999996e-01 9.99999996e-01 9.99999997e-01 9.99999997e-01 9.99999997e-01 9.99999997e-01 9.99999996e-01 9.99999996e-01 9.99999996e-01 9.99999995e-01 9.99999995e-01 9.99999994e-01 9.99999994e-01 9.99999993e-01 9.99999993e-01 9.99999992e-01 9.99999992e-01 9.99999992e-01 9.99999992e-01 9.99999992e-01 9.99999992e-01 9.99999992e-01 9.99999992e-01 9.99999992e-01 9.99999992e-01 9.99999992e-01 9.99999992e-01 9.99999992e-01 9.99999993e-01 9.99999993e-01 9.99999993e-01 9.99999993e-01 9.99999993e-01 9.99999993e-01 9.99999993e-01 9.99999993e-01 9.99999993e-01 9.99999993e-01 9.99999993e-01 9.99999993e-01 9.99999993e-01 9.99999993e-01 9.99999993e-01 9.99999993e-01 9.99999993e-01 9.99999993e-01 9.99999992e-01 9.99999992e-01 9.99999992e-01 9.99999992e-01 9.99999992e-01 9.99999992e-01 9.99999992e-01 9.99999992e-01 9.99999992e-01 9.99999992e-01 9.99999992e-01 9.99999992e-01 9.99999992e-01 9.99999993e-01 9.99999993e-01 9.99999993e-01 9.99999994e-01 9.99999994e-01 9.99999995e-01 9.99999995e-01 9.99999996e-01 9.99999996e-01 9.99999996e-01 9.99999997e-01 9.99999997e-01 9.99999997e-01 9.99999996e-01 9.99999996e-01 9.99999995e-01 9.99999994e-01 9.99999994e-01 9.99999993e-01 9.99999991e-01 9.99999990e-01 9.99999989e-01 9.99999988e-01 9.99999987e-01 9.99999986e-01 9.99999985e-01 9.99999985e-01 9.99999985e-01 9.99999985e-01 9.99999985e-01 9.99999985e-01 9.99999986e-01 9.99999987e-01 9.99999988e-01 9.99999989e-01 9.99999990e-01 9.99999991e-01 9.99999993e-01 9.99999994e-01 9.99999994e-01 9.99999995e-01 9.99999996e-01 9.99999996e-01 9.99999997e-01 9.99999997e-01 9.99999997e-01 9.99999996e-01 9.99999996e-01 9.99999996e-01 9.99999995e-01 9.99999995e-01 9.99999994e-01 9.99999994e-01 9.99999993e-01 9.99999993e-01 9.99999993e-01 9.99999992e-01 9.99999992e-01 9.99999992e-01 9.99999992e-01 9.99999992e-01 9.99999992e-01 9.99999992e-01 9.99999992e-01 9.99999992e-01 9.99999992e-01 9.99999992e-01 9.99999992e-01 9.99999992e-01 9.99999993e-01 9.99999993e-01 9.99999993e-01 9.99999993e-01 9.99999993e-01 9.99999993e-01 9.99999993e-01 9.99999993e-01 9.99999993e-01 9.99999993e-01 9.99999993e-01 9.99999993e-01 9.99999993e-01 9.99999993e-01 9.99999993e-01 9.99999993e-01 9.99999993e-01 9.99999993e-01 9.99999992e-01 9.99999992e-01 9.99999992e-01 9.99999992e-01 9.99999992e-01 9.99999992e-01 9.99999992e-01 9.99999992e-01 9.99999992e-01 9.99999992e-01 9.99999992e-01 9.99999992e-01 9.99999992e-01 9.99999993e-01 9.99999993e-01 9.99999994e-01 9.99999994e-01 9.99999995e-01 9.99999995e-01 9.99999996e-01 9.99999996e-01 9.99999996e-01 9.99999997e-01 9.99999997e-01 9.99999997e-01 9.99999997e-01 9.99999996e-01 9.99999996e-01 9.99999995e-01 9.99999994e-01 9.99999993e-01 9.99999992e-01 9.99999991e-01 9.99999990e-01 9.99999988e-01 9.99999987e-01 9.99999986e-01 9.99999986e-01 9.99999985e-01 9.99999985e-01 9.99999984e-01
9.99999984e-01 9.99999985e-01 9.99999985e-01 9.99999986e-01 9.99999986e-01 9.99999987e-01 9.99999989e-01 9.99999990e-01 9.99999991e-01 9.99999992e-01 9.99999993e-01 9.99999994e-01 9.99999995e-01 9.99999996e-01 9.99999996e-01 9.99999996e-01 9.99999996e-01 9.99999996e-01 9.99999996e-01 9.99999996e-01 9.99999995e-01 9.99999995e-01 9.99999994e-01 9.99999994e-01 9.99999994e-01 9.99999993e-01 9.99999993e-01 9.99999992e-01 9.99999992e-01 9.99999992e-01 9.99999992e-01 9.99999992e-01 9.99999992e-01 9.99999992e-01 9.99999992e-01 9.99999992e-01 9.99999992e-01 9.99999992e-01 9.99999993e-01 9.99999993e-01 9.99999993e-01 9.99999993e-01 9.99999993e-01 9.99999994e-01 9.99999994e-01 9.99999994e-01 9.99999994e-01 9.99999994e-01 9.99999994e-01 9.99999994e-01 9.99999994e-01 9.99999994e-01 9.99999994e-01 9.99999994e-01 9.99999994e-01 9.99999994e-01 9.99999994e-01 9.99999994e-01 9.99999993e-01 9.99999993e-01 9.99999993e-01 9.99999993e-01 9.99999993e-01 9.99999992e-01 9.99999992e-01 9.99999992e-01 9.99999992e-01 9.99999992e-01 9.99999992e-01 9.99999992e-01 9.99999992e-01 9.99999992e-01 9.99999992e-01 9.99999993e-01 9.99999993e-01 9.99999993e-01 9.99999994e-01 9.99999994e-01 9.99999995e-01 9.99999995e-01 9.99999996e-01 9.99999996e-01 9.99999996e-01 9.99999996e-01 9.99999996e-01 9.99999996e-01 9.99999996e-01 9.99999995e-01 9.99999995e-01 9.99999994e-01 9.99999993e-01 9.99999992e-01 9.99999990e-01 9.99999989e-01 9.99999988e-01 9.99999987e-01 9.99999986e-01 9.99999985e-01 9.99999985e-01 9.99999985e-01 9.99999985e-01 9.99999985e-01 9.99999985e-01 9.99999986e-01 9.99999987e-01 9.99999988e-01 9.99999989e-01 9.99999990e-01 9.99999992e-01 9.99999993e-01 9.99999994e-01 9.99999995e-01 9.99999995e-01 9.99999996e-01 9.99999996e-01 9.99999996e-01 9.99999996e-01 9.99999996e-01 9.99999996e-01 9.99999996e-01 9.99999995e-01 9.99999995e-01 9.99999994e-01 9.99999994e-01 9.99999993e-01 9.99999993e-01 9.99999993e-01 9.99999992e-01 9.99999992e-01 9.99999992e-01 9.99999992e-01 9.99999992e-01 9.99999992e-01 9.99999992e-01 9.99999992e-01 9.99999992e-01 9.99999992e-01 9.99999993e-01 9.99999993e-01 9.99999993e-01 9.99999993e-01 9.99999993e-01 9.99999994e-01 9.99999994e-01 9.99999994e-01 9.99999994e-01 9.99999994e-01 9.99999994e-01 9.99999994e-01 9.99999994e-01 9.99999994e-01 9.99999994e-01 9.99999994e-01 9.99999994e-01 9.99999994e-01 9.99999994e-01 9.99999994e-01 9.99999993e-01 9.99999993e-01 9.99999993e-01 9.99999993e-01 9.99999993e-01 9.99999992e-01 9.99999992e-01 9.99999992e-01 9.99999992e-01 9.99999992e-01 9.99999992e-01 9.99999992e-01 9.99999992e-01 9.99999992e-01 9.99999992e-01 9.99999992e-01 9.99999993e-01 9.99999993e-01 9.99999994e-01 9.99999994e-01 9.99999994e-01 9.99999995e-01 9.99999995e-01 9.99999996e-01 9.99999996e-01 9.99999996e-01 9.99999996e-01 9.99999996e-01 9.99999996e-01 9.99999996e-01 9.99999995e-01 9.99999994e-01 9.99999993e-01 9.99999992e-01 9.99999991e-01 9.99999990e-01 9.99999989e-01 9.99999987e-01 9.99999986e-01 9.99999986e-01 9.99999985e-01 9.99999985e-01 9.99999984e-01
9.99999984e-01 9.99999985e-01 9.99999985e-01 9.99999986e-01 9.99999987e-01 9.99999988e-01 9.99999989e-01 9.99999990e-01 9.99999991e-01 9.99999992e-01 9.99999993e-01 9.99999994e-01 9.99999995e-01 9.99999996e-01 9.99999996e-01 9.99999996e-01 9.99999996e-01 9.99999996e-01 9.99999996e-01 9.99999995e-01 9.99999995e-01 9.99999994e-01 9.99999994e-01 9.99999993e-01 9.99999993e-01 9.99999993e-01 9.99999992e-01 9.99999992e-01 9.99999992e-01 9.99999992e-01 9.99999992e-01 9.99999992e-01 9.99999992e-01 9.99999992e-01 9.99999992e-01 9.99999993e-01 9.99999993e-01 9.99999993e-01 9.99999993e-01 9.99999994e-01 9.99999994e-01 9.99999994e-01 9.99999994e-01 9.99999994e-01 9.99999995e-01 9.99999995e-01 9.99999995e-01 9.99999995e-01 9.99999995e-01 9.99999995e-01 9.99999995e-01 9.99999995e-01 9.99999995e-01 9.99999995e-01 9.99999995e-01 9.99999995e-01 9.99999994e-01 9.99999994e-01 9.99999994e-01 9.99999994e-01 9.99999994e-01 9.99999993e-01 9.99999993e-01 9.99999993e-01 9.99999993e-01 9.99999993e-01 9.99999992e-01 9.99999992e-01 9.99999992e-01 9.99999992e-01 9.99999992e-01 9.99999992e-01 9.99999992e-01 9.99999992e-01 9.99999993e-01 9.99999993e-01 9.99999993e-01 9.99999994e-01 9.99999994e-01 9.99999995e-01 9.99999995e-01 9.99999996e-01 9.99999996e-01 9.99999996e-01 9.99999996e-01 9.99999996e-01 9.99999996e-01 9.99999995e-01 9.99999995e-01 9.99999994e-01 9.99999993e-01 9.99999992e-01 9.99999990e-01 9.99999989e-01 9.99999988e-01 9.99999987e-01 9.99999986e-01 9.99999985e-01 9.99999985e-01 9.99999985e-01 9.99999985e-01 9.99999985e-01 9.99999985e-01 9.99999986e-01 9.99999987e-01 9.99999988e-01 9.99999989e-01 9.99999990e-01 9.99999992e-01 9.99999993e-01 9.99999994e-01 9.99999995e-01 9.99999995e-01 9.99999996e-01 9.99999996e-01 9.99999996e-01 9.99999996e-01 9.99999996e-01 9.99999996e-01 9.99999995e-01 9.99999995e-01 9.99999994e-01 9.99999994e-01 9.99999993e-01 9.99999993e-01 9.99999993e-01 9.99999992e-01 9.99999992e-01 9.99999992e-01 9.99999992e-01 9.99999992e-01 9.99999992e-01 9.99999992e-01 9.99999992e-01 9.99999993e-01 9.99999993e-01 9.99999993e-01 9.99999993e-01 9.99999993e-01 9.99999994e-01 9.99999994e-01 9.99999994e-01 9.99999994e-01 9.99999994e-01 9.99999995e-01 9.99999995e-01 9.99999995e-01 9.99999995e-01 9.99999995e-01 9.99999995e-01 9.99999995e-01 9.99999995e-01 9.99999995e-01 9.99999995e-01 9.99999995e-01 9.99999995e-01 9.99999994e-01 9.99999994e-01 9.99999994e-01 9.99999994e-01 9.99999994e-01 9.99999993e-01 9.99999993e-01 9.99999993e-01 9.99999993e-01 9.99999992e-01 9.99999992e-01 9.99999992e-01 9.99999992e-01 9.99999992e-01 9.99999992e-01 9.99999992e-01 9.99999992e-01 9.99999992e-01 9.99999993e-01 9.99999993e-01 9.99999993e-01 9.99999994e-01 9.99999994e-01 9.99999995e-01 9.99999995e-01 9.99999996e-01 9.99999996e-01 9.99999996e-01 9.99999996e-01 9.99999996e-01 9.99999996e-01 9.99999995e-01 9.99999994e-01 9.99999993e-01 9.99999992e-01 9.99999991e-01 9.99999990e-01 9.99999989e-01 9.99999988e-01 9.99999987e-01 9.99999986e-01 9.99999985e-01 9.99999985e-01 9.99999984e-01
9.99999984e-01 9.99999985e-01 9.99999985e-01 9.99999986e-01 9.99999987e-01 9.99999988e-01 9.99999989e-01 9.99999990e-01 9.99999991e-01 9.99999992e-01 9.99999993e-01 9.99999994e-01 9.99999995e-01 9.99999995e-01 9.99999996e-01 9.99999996e-01 9.99999996e-01 9.99999996e-01 9.99999995e-01 9.99999995e-01 9.99999994e-01 9.99999994e-01 9.99999994e-01 9.99999993e-01 9.99999993e-01 9.99999992e-01 9.99999992e-01 9.99999992e-01 9.99999992e-01 9.99999992e-01 9.99999992e-01 9.99999992e-01 9.99999992e-01 9.99999993e-01 9.99999993e-01 9.99999993e-01 9.99999994e-01 9.99999994e-01 9.99999994e-01 9.99999994e-01 9.99999995e-01 9.99999995e-01 9.99999995e-01 9.99999995e-01 9.99999995e-01 9.99999995e-01 9.99999995e-01 9.99999996e-01 9.99999996e-01 9.99999996e-01 9.99999996e-01 9.99999996e-01 9.99999996e-01 9.99999996e-01 9.99999995e-01 9.99999995e-01 9.99999995e-01 9.99999995e-01 9.99999995e-01 9.99999995e-01 9.99999994e-01 9.99999994e-01 9.99999994e-01 9.99999994e-01 9.99999993e-01 9.99999993e-01 9.99999993e-01 9.99999993e-01 9.99999992e-01 9.99999992e-01 9.99999992e-01 9.99999992e-01 9.99999992e-01 9.99999992e-01 9.99999992e-01 9.99999993e-01 9.99999993e-01 9.99999993e-01 9.99999994e-01 9.99999994e-01 9.99999995e-01 9.99999995e-01 9.99999996e-01 9.99999996e-01 9.99999996e-01 9.99999996e-01 9.99999996e-01 9.99999995e-01 9.99999995e-01 9.99999994e-01 9.99999993e-01 9.99999992e-01 9.99999991e-01 9.99999989e-01 9.99999988e-01 9.99999987e-01 9.99999986e-01 9.99999985e-01 9.99999985e-01 9.99999985e-01 9.99999985e-01 9.99999985e-01 9.99999985e-01 9.99999986e-01 9.99999987e-01 9.99999988e-01 9.99999989e-01 9.99999991e-01 9.99999992e-01 9.99999993e-01 9.99999994e-01 9.99999995e-01 9.99999995e-01 9.99999996e-01 9.99999996e-01 9.99999996e-01 9.99999996e-01 9.99999996e-01 9.99999995e-01 9.99999995e-01 9.99999994e-01 9.99999994e-01 9.99999993e-01 9.99999993e-01 9.99999993e-01 9.99999992e-01 9.99999992e-01 9.99999992e-01 9.99999992e-01 9.99999992e-01 9.99999992e-01 9.99999992e-01 9.99999993e-01 9.99999993e-01 9.99999993e-01 9.99999993e-01 9.99999994e-01 9.99999994e-01 9.99999994e-01 9.99999994e-01 9.99999995e-01 9.99999995e-01 9.99999995e-01 9.99999995e-01 9.99999995e-01 9.99999995e-01 9.99999996e-01 9.99999996e-01 9.99999996e-01 9.99999996e-01 9.99999996e-01 9.99999996e-01 9.99999996e-01 9.99999995e-01 9.99999995e-01 9.99999995e-01 9.99999995e-01 9.99999995e-01 9.99999995e-01 9.99999995e-01 9.99999994e-01 9.99999994e-01 9.99999994e-01 9.99999994e-01 9.99999993e-01 9.99999993e-01 9.99999993e-01 9.99999992e-01 9.99999992e-01 9.99999992e-01 9.99999992e-01 9.99999992e-01 9.99999992e-01 9.99999992e-01 9.99999992e-01 9.99999993e-01 9.99999993e-01 9.99999994e-01 9.99999994e-01 9.99999994e-01 9.99999995e-01 9.99999995e-01 9.99999996e-01 9.99999996e-01 9.99999996e-01 9.99999996e-01 9.99999995e-01 9.99999995e-01 9.99999994e-01 9.99999993e-01 9.99999992e-01 9.99999991e-01 9.99999990e-01 9.99999989e-01 9.99999988e-01 9.99999987e-01 9.99999986e-01 9.99999985e-01 9.99999985e-01 9.99999984e-01
9.99999984e-01 9.99999985e-01 9.99999985e-01 9.99999986e-01 9.99999987e-01 9.99999988e-01 9.99999989e-01 9.99999990e-01 9.99999991e-01 9.99999992e-01 9.99999993e-01 9.99999994e-01 9.99999995e-01 9.99999995e-01 9.99999996e-01 9.99999996e-01 9.99999996e-01 9.99999995e-01 9.99999995e-01 9.99999995e-01 9.99999994e-01 9.99999994e-01 9.99999993e-01 9.99999993e-01 9.99999992e-01 9.99999992e-01 9.99999992e-01 9.99999992e-01 9.99999992e-01 9.99999992e-01 9.99999992e-01 9.99999993e-01 9.99999993e-01 9.99999993e-01 9.99999994e-01 9.99999994e-01 9.99999994e-01 9.99999994e-01 9.99999995e-01 9.99999995e-01 9.99999995e-01 9.99999995e-01 9.99999996e-01 9.99999996e-01 9.99999996e-01 9.99999996e-01 9.99999996e-01 9.99999996e-01 9.99999996e-01 9.99999996e-01 9.99999996e-01 9.99999996e-01 9.99999996e-01 9.99999996e-01 9.99999996e-01 9.99999996e-01 9.99999996e-01 9.99999996e-01 9.99999996e-01 9.99999995e-01 9.99999995e-01 9.99999995e-01 9.99999995e-01 9.99999994e-01 9.99999994e-01 9.99999994e-01 9.99999993e-01 9.99999993e-01 9.99999993e-01 9.99999993e-01 9.99999992e-01 9.99999992e-01 9.99999992e-01 9.99999992e-01 9.99999992e-01 9.99999992e-01 9.99999993e-01 9.99999993e-01 9.99999993e-01 9.99999994e-01 9.99999994e-01 9.99999995e-01 9.99999995e-01 9.99999995e-01 9.99999996e-01 9.99999996e-01 9.99999995e-01 9.99999995e-01 9.99999995e-01 9.99999994e-01 9.99999993e-01 9.99999992e-01 9.99999991e-01 9.99999989e-01 9.99999988e-01 9.99999987e-01 9.99999986e-01 9.99999985e-01 9.99999985e-01 9.99999985e-01 9.99999985e-01 9.99999985e-01 9.99999985e-01 9.99999986e-01 9.99999987e-01 9.99999988e-01 9.99999989e-01 9.99999991e-01 9.99999992e-01 9.99999993e-01 9.99999994e-01 9.99999995e-01 9.99999995e-01 9.99999995e-01 9.99999996e-01 9.99999996e-01 9.99999995e-01 9.99999995e-01 9.99999995e-01 9.99999994e-01 9.99999994e-01 9.99999993e-01 9.99999993e-01 9.99999993e-01 9.99999992e-01 9.99999992e-01 9.99999992e-01 9.99999992e-01 9.99999992e-01 9.99999992e-01 9.99999993e-01 9.99999993e-01 9.99999993e-01 9.99999993e-01 9.99999994e-01 9.99999994e-01 9.99999994e-01 9.99999995e-01 9.99999995e-01 9.99999995e-01 9.99999995e-01 9.99999996e-01 9.99999996e-01 9.99999996e-01 9.99999996e-01 9.99999996e-01 9.99999996e-01 9.99999996e-01 9.99999996e-01 9.99999996e-01 9.99999996e-01 9.99999996e-01 9.99999996e-01 9.99999996e-01 9.99999996e-01 9.99999996e-01 9.99999996e-01 9.99999996e-01 9.99999995e-01 9.99999995e-01 9.99999995e-01 9.99999995e-01 9.99999994e-01 9.99999994e-01 9.99999994e-01 9.99999994e-01 9.99999993e-01 9.99999993e-01 9.99999993e-01 9.99999992e-01 9.99999992e-01 9.99999992e-01 9.99999992e-01 9.99999992e-01 9.99999992e-01 9.99999992e-01 9.99999993e-01 9.99999993e-01 9.99999994e-01 9.99999994e-01 9.99999995e-01 9.99999995e-01 9.99999995e-01 9.99999996e-01 9.99999996e-01 9.99999996e-01 9.99999995e-01 9.99999995e-01 9.99999994e-01 9.99999993e-01 9.99999992e-01 9.99999991e-01 9.99999990e-01 9.99999989e-01 9.99999988e-01 9.99999987e-01 9.99999986e-01 9.99999985e-01 9.99999985e-01 9.99999984e-01
9.99999984e-01 9.99999985e-01 9.99999985e-01 9.99999986e-01 9.99999987e-01 9.99999988e-01 9.99999989e-01 9.99999990e-01 9.99999991e-01 9.99999992e-01 9.99999993e-01 9.99999994e-01 9.99999995e-01 9.99999995e-01 9.99999995e-01 9.99999995e-01 9.99999995e-01 9.99999995e-01 9.99999995e-01 9.99999994e-01 9.99999994e-01 9.99999993e-01 9.99999993e-01 9.99999993e-01 9.99999992e-01 9.99999992e-01 9.99999992e-01 9.99999992e-01 9.99999992e-01 9.99999993e-01 9.99999993e-01 9.99999993e-01 9.99999993e-01 9.99999994e-01 9.99999994e-01 9.99999995e-01 9.99999995e-01 9.99999995e-01 9.99999995e-01 9.99999996e-01 9.99999996e-01 9.99999996e-01 9.99999996e-01 9.99999996e-01 9.99999996e-01 9.99999996e-01 9.99999997e-01 9.99999997e-01 9.99999997e-01 9.99999997e-01 9.99999997e-01 9.99999997e-01 9.99999997e-01 9.99999997e-01 9.99999997e-01 9.99999996e-01 9.99999996e-01 9.99999996e-01 9.99999996e-01 9.99999996e-01 9.99999996e-01 9.99999996e-01 9.99999995e-01 9.99999995e-01 9.99999995e-01 9.99999994e-01 9.99999994e-01 9.99999994e-01 9.99999993e-01 9.99999993e-01 9.99999993e-01 9.99999992e-01 9.99999992e-01 9.99999992e-01 9.99999992e-01 9.99999992e-01 9.99999992e-01 9.99999993e-01 9.99999993e-01 9.99999993e-01 9.99999994e-01 9.99999994e-01 9.99999995e-01 9.99999995e-01 9.99999995e-01 9.99999995e-01 9.99999995e-01 9.99999995e-01 9.99999994e-01 9.99999994e-01 9.99999993e-01 9.99999992e-01 9.99999991e-01 9.99999989e-01 9.99999988e-01 9.99999987e-01 9.99999986e-01 9.99999985e-01 9.99999985e-01 9.99999985e-01 9.99999985e-01 9.99999985e-01 9.99999985e-01 9.99999986e-01 9.99999987e-01 9.99999988e-01 9.99999989e-01 9.99999991e-01 9.99999992e-01 9.99999993e-01 9.99999994e-01 9.99999994e-01 9.99999995e-01 9.99999995e-01 9.99999995e-01 9.99999995e-01 9.99999995e-01 9.99999995e-01 9.99999994e-01 9.99999994e-01 9.99999993e-01 9.99999993e-01 9.99999993e-01 9.99999992e-01 9.99999992e-01 9.99999992e-01 9.99999992e-01 9.99999992e-01 9.99999992e-01 9.99999993e-01 9.99999993e-01 9.99999993e-01 9.99999994e-01 9.99999994e-01 9.99999994e-01 9.99999995e-01 9.99999995e-01 9.99999995e-01 9.99999996e-01 9.99999996e-01 9.99999996e-01 9.99999996e-01 9.99999996e-01 9.99999996e-01 9.99999996e-01 9.99999997e-01 9.99999997e-01 9.99999997e-01 9.99999997e-01 9.99999997e-01 9.99999997e-01 9.99999997e-01 9.99999997e-01 9.99999997e-01 9.99999996e-01 9.99999996e-01 9.99999996e-01 9.99999996e-01 9.99999996e-01 9.99999996e-01 9.99999996e-01 9.99999995e-01 9.99999995e-01 9.99999995e-01 9.99999995e-01 9.99999994e-01 9.99999994e-01 9.99999993e-01 9.99999993e-01 9.99999993e-01 9.99999993e-01 9.99999992e-01 9.99999992e-01 9.99999992e-01 9.99999992e-01 9.99999992e-01 9.99999993e-01 9.99999993e-01 9.99999993e-01 9.99999994e-01 9.99999994e-01 9.99999995e-01 9.99999995e-01 9.99999995e-01 9.99999995e-01 9.99999995e-01 9.99999995e-01 9.99999995e-01 9.99999994e-01 9.99999993e-01 9.99999992e-01 9.99999991e-01 9.99999990e-01 9.99999989e-01 9.99999988e-01 9.99999987e-01 9.99999986e-01 9.99999985e-01 9.99999985e-01 9.99999984e-01
9.99999984e-01 9.99999985e-01 9.99999985e-01 9.99999986e-01 9.99999987e-01 9.99999988e-01 9.99999989e-01 9.99999990e-01 9.99999991e-01 9.99999992e-01 9.99999993e-01 9.99999994e-01 9.99999995e-01 9.99999995e-01 9.99999995e-01 9.99999995e-01 9.99999995e-01 9.99999995e-01 9.99999994e-01 9.99999994e-01 9.99999993e-01 9.99999993e-01 9.99999993e-01 9.99999992e-01 9.99999992e-01 9.99999992e-01 9.99999992e-01 9.99999992e-01 9.99999993e-01 9.99999993e-01 9.99999993e-01 9.99999994e-01 9.99999994e-01 9.99999994e-01 9.99999995e-01 9.99999995e-01 9.99999995e-01 9.99999996e-01 9.99999996e-01 9.99999996e-01 9.99999996e-01 9.99999996e-01 9.99999997e-01 9.99999997e-01 9.99999997e-01 9.99999997e-01 9.99999997e-01 9.99999997e-01 9.99999997e-01 9.99999997e-01 9.99999997e-01 9.99999997e-01 9.99999997e-01 9.99999997e-01 9.99999997e-01 9.99999997e-01 9.99999997e-01 9.99999997e-01 9.99999997e-01 9.99999996e-01 9.99999996e-01 9.99999996e-01 9.99999996e-01 9.99999996e-01 9.99999995e-01 9.99999995e-01 9.99999995e-01 9.99999994e-01 9.99999994e-01 9.99999993e-01 9.99999993e-01 9.99999993e-01 9.99999993e-01 9.99999992e-01 9.99999992e-01 9.99999992e-01 9.99999992e-01 9.99999993e-01 9.99999993e-01 9.99999993e-01 9.99999994e-01 9.99999994e-01 9.99999994e-01 9.99999995e-01 9.99999995e-01 9.99999995e-01 9.99999995e-01 9.99999995e-01 9.99999994e-01 9.99999994e-01 9.99999993e-01 9.99999992e-01 9.99999991e-01 9.99999990e-01 9.99999988e-01 9.99999987e-01 9.99999986e-01 9.99999985e-01 9.99999985e-01 9.99999985e-01 9.99999985e-01 9.99999985e-01 9.99999985e-01 9.99999986e-01 9.99999987e-01 9.99999988e-01 9.99999990e-01 9.99999991e-01 9.99999992e-01 9.99999993e-01 9.99999994e-01 9.99999994e-01 9.99999995e-01 9.99999995e-01 9.99999995e-01 9.99999995e-01 9.99999995e-01 9.99999994e-01 9.99999994e-01 9.99999994e-01 9.99999993e-01 9.99999993e-01 9.99999993e-01 9.99999992e-01 9.99999992e-01 9.99999992e-01 9.99999992e-01 9.99999993e-01 9.99999993e-01 9.99999993e-01 9.99999993e-01 9.99999994e-01 9.99999994e-01 9.99999995e-01 9.99999995e-01 9.99999995e-01 9.99999996e-01 9.99999996e-01 9.99999996e-01 9.99999996e-01 9.99999996e-01 9.99999997e-01 9.99999997e-01 9.99999997e-01 9.99999997e-01 9.99999997e-01 9.99999997e-01 9.99999997e-01 9.99999997e-01 9.99999997e-01 9.99999997e-01 9.99999997e-01 9.99999997e-01 9.99999997e-01 9.99999997e-01 9.99999997e-01 9.99999997e-01 9.99999997e-01 9.99999996e-01 9.99999996e-01 9.99999996e-01 9.99999996e-01 9.99999996e-01 9.99999995e-01 9.99999995e-01 9.99999995e-01 9.99999994e-01 9.99999994e-01 9.99999994e-01 9.99999993e-01 9.99999993e-01 9.99999993e-01 9.99999992e-01 9.99999992e-01 9.99999992e-01 9.99999992e-01 9.99999992e-01 9.99999993e-01 9.99999993e-01 9.99999993e-01 9.99999994e-01 9.99999994e-01 9.99999995e-01 9.99999995e-01 9.99999995e-01 9.99999995e-01 9.99999995e-01 9.99999995e-01 9.99999994e-01 9.99999993e-01 9.99999992e-01 9.99999991e-01 9.99999990e-01 9.99999989e-01 9.99999988e-01 9.99999987e-01 9.99999986e-01 9.99999985e-01 9.99999985e-01 9.99999984e-01
9.99999984e-01 9.99999985e-01 9.99999985e-01 9.99999986e-01 9.99999987e-01 9.99999988e-01 9.99999989e-01 9.99999990e-01 9.99999991e-01 9.99999992e-01 9.99999993e-01 9.99999994e-01 9.99999995e-01 9.99999995e-01 9.99999995e-01 9.99999995e-01 9.99999995e-01 9.99999994e-01 9.99999994e-01 9.99999993e-01 9.99999993e-01 9.99999993e-01 9.99999993e-01 9.99999992e-01 9.99999992e-01 9.99999992e-01 9.99999993e-01 9.99999993e-01 9.99999993e-01 9.99999993e-01 9.99999994e-01 9.99999994e-01 9.99999995e-01 9.99999995e-01 9.99999995e-01 9.99999996e-01 9.99999996e-01 9.99999996e-01 9.99999996e-01 9.99999997e-01 9.99999997e-01 9.99999997e-01 9.99999997e-01 9.99999997e-01 9.99999997e-01 9.99999997e-01 9.99999997e-01 9.99999997e-01 9.99999997e-01 9.99999997e-01 9.99999997e-01 9.99999997e-01 9.99999997e-01 9.99999997e-01 9.99999997e-01 9.99999997e-01 9.99999997e-01 9.99999997e-01 9.99999997e-01 9.99999997e-01 9.99999997e-01 9.99999996e-01 9.99999996e-01 9.99999996e-01 9.99999996e-01 9.99999996e-01 9.99999995e-01 9.99999995e-01 9.99999994e-01 9.99999994e-01 9.99999994e-01 9.99999993e-01 9.99999993e-01 9.99999993e-01 9.99999992e-01 9.99999992e-01 9.99999992e-01 9.99999992e-01 9.99999993e-01 9.99999993e-01 9.99999993e-01 9.99999994e-01 9.99999994e-01 9.99999994e-01 9.99999995e-01 9.99999995e-01 9.99999995e-01 9.99999995e-01 9.99999994e-01 9.99999994e-01 9.99999993e-01 9.99999992e-01 9.99999991e-01 9.99999990e-01 9.99999988e-01 9.99999987e-01 9.99999986e-01 9.99999985e-01 9.99999985e-01 9.99999985e-01 9.99999985e-01 9.99999985e-01 9.99999985e-01 9.99999986e-01 9.99999987e-01 9.99999988e-01 9.99999990e-01 9.99999991e-01 9.99999992e-01 9.99999993e-01 9.99999994e-01 9.99999994e-01 9.99999995e-01 9.99999995e-01 9.99999995e-01 9.99999995e-01 9.99999994e-01 9.99999994e-01 9.99999994e-01 9.99999993e-01 9.99999993e-01 9.99999993e-01 9.99999992e-01 9.99999992e-01 9.99999992e-01 9.99999992e-01 9.99999993e-01 9.99999993e-01 9.99999993e-01 9.99999994e-01 9.99999994e-01 9.99999994e-01 9.99999995e-01 9.99999995e-01 9.99999996e-01 9.99999996e-01 9.99999996e-01 9.99999996e-01 9.99999996e-01 9.99999997e-01 9.99999997e-01 9.99999997e-01 9.99999997e-01 9.99999997e-01 9.99999997e-01 9.99999997e-01 9.99999997e-01 9.99999997e-01 9.99999997e-01 9.99999997e-01 9.99999997e-01 9.99999997e-01 9.99999997e-01 9.99999997e-01 9.99999997e-01 9.99999997e-01 9.99999997e-01 9.99999997e-01 9.99999997e-01 9.99999997e-01 9.99999997e-01 9.99999996e-01 9.99999996e-01 9.99999996e-01 9.99999996e-01 9.99999995e-01 9.99999995e-01 9.99999995e-01 9.99999994e-01 9.99999994e-01 9.99999993e-01 9.99999993e-01 9.99999993e-01 9.99999993e-01 9.99999992e-01 9.99999992e-01 9.99999992e-01 9.99999993e-01 9.99999993e-01 9.99999993e-01 9.99999993e-01 9.99999994e-01 9.99999994e-01 9.99999995e-01 9.99999995e-01 9.99999995e-01 9.99999995e-01 9.99999995e-01 9.99999994e-01 9.99999993e-01 9.99999992e-01 9.99999991e-01 9.99999990e-01 9.99999989e-01 9.99999988e-01 9.99999987e-01 9.99999986e-01 9.99999985e-01 9.99999985e-01 9.99999984e-01
9.99999984e-01 9.99999985e-01 9.99999985e-01 9.99999986e-01 9.99999987e-01 9.99999988e-01 9.99999989e-01 9.99999990e-01 9.99999991e-01 9.99999992e-01 9.99999993e-01 9.99999994e-01 9.99999994e-01 9.99999995e-01 9.99999995e-01 9.99999995e-01 9.99999994e-01 9.99999994e-01 9.99999994e-01 9.99999993e-01 9.99999993e-01 9.99999993e-01 9.99999992e-01 9.99999992e-01 9.99999992e-01 9.99999993e-01 9.99999993e-01 9.99999993e-01 9.99999993e-01 9.99999994e-01 9.99999994e-01 9.99999995e-01 9.99999995e-01 9.99999995e-01 9.99999996e-01 9.99999996e-01 9.99999996e-01 9.99999997e-01 9.99999997e-01 9.99999997e-01 9.99999997e-01 9.99999997e-01 9.99999997e-01 9.99999997e-01 9.99999997e-01 9.99999997e-01 9.99999997e-01 9.99999997e-01 9.99999996e-01 9.99999996e-01 9.99999996e-01 9.99999996e-01 9.99999996e-01 9.99999997e-01 9.99999997e-01 9.99999997e-01 9.99999997e-01 9.99999997e-01 9.99999997e-01 9.99999997e-01 9.99999997e-01 9.99999997e-01 9.99999997e-01 9.99999996e-01 9.99999996e-01 9.99999996e-01 9.99999996e-01 9.99999995e-01 9.99999995e-01 9.99999995e-01 9.99999994e-01 9.99999994e-01 9.99999993e-01 9.99999993e-01 9.99999993e-01 9.99999993e-01 9.99999992e-01 9.99999992e-01 9.99999993e-01 9.99999993e-01 9.99999993e-01 9.99999993e-01 9.99999994e-01 9.99999994e-01 9.99999994e-01 9.99999995e-01 9.99999995e-01 9.99999995e-01 9.99999994e-01 9.99999994e-01 9.99999993e-01 9.99999992e-01 9.99999991e-01 9.99999990e-01 9.99999988e-01 9.99999987e-01 9.99999986e-01 9.99999985e-01 9.99999985e-01 9.99999985e-01 9.99999985e-01 9.99999985e-01 9.99999985e-01 9.99999986e-01 9.99999987e-01 9.99999988e-01 9.99999990e-01 9.99999991e-01 9.99999992e-01 9.99999993e-01 9.99999994e-01 9.99999994e-01 9.99999995e-01 9.99999995e-01 9.99999995e-01 9.99999994e-01 9.99999994e-01 9.99999994e-01 9.99999993e-01 9.99999993e-01 9.99999993e-01 9.99999993e-01 9.99999992e-01 9.99999992e-01 9.99999993e-01 9.99999993e-01 9.99999993e-01 9.99999993e-01 9.99999994e-01 9.99999994e-01 9.99999995e-01 9.99999995e-01 9.99999995e-01 9.99999996e-01 9.99999996e-01 9.99999996e-01 9.99999996e-01 9.99999997e-01 9.99999997e-01 9.99999997e-01 9.99999997e-01 9.99999997e-01 9.99999997e-01 9.99999997e-01 9.99999997e-01 9.99999997e-01 9.99999997e-01 9.99999996e-01 9.99999996e-01 9.99999996e-01 9.99999996e-01 9.99999996e-01 9.99999997e-01 9.99999997e-01 9.99999997e-01 9.99999997e-01 9.99999997e-01 9.99999997e-01 9.99999997e-01 9.99999997e-01 9.99999997e-01 9.99999997e-01 9.99999997e-01 9.99999996e-01 9.99999996e-01 9.99999996e-01 9.99999995e-01 9.99999995e-01 9.99999995e-01 9.99999994e-01 9.99999994e-01 9.99999993e-01 9.99999993e-01 9.99999993e-01 9.99999993e-01 9.99999992e-01 9.99999992e-01 9.99999992e-01 9.99999993e-01 9.99999993e-01 9.99999993e-01 9.99999994e-01 9.99999994e-01 9.99999994e-01 9.99999995e-01 9.99999995e-01 9.99999995e-01 9.99999994e-01 9.99999994e-01 9.99999993e-01 9.99999992e-01 9.99999991e-01 9.99999990e-01 9.99999989e-01 9.99999988e-01 9.99999987e-01 9.99999986e-01 9.99999985e-01 9.99999985e-01 9.99999984e-01
9.99999984e-01 9.99999985e-01 9.99999985e-01 9.99999986e-01 9.99999987e-01 9.99999988e-01 9.99999989e-01 9.99999990e-01 9.99999991e-01 9.99999992e-01 9.99999993e-01 9.99999994e-01 9.99999994e-01 9.99999994e-01 9.99999994e-01 9.99999994e-01 9.99999994e-01 9.99999994e-01 9.99999993e-01 9.99999993e-01 9.99999993e-01 9.99999993e-01 9.99999993e-01 9.99999993e-01 9.99999993e-01 9.99999993e-01 9.99999993e-01 9.99999994e-01 9.99999994e-01 9.99999994e-01 9.99999995e-01 9.99999995e-01 9.99999996e-01 9.99999996e-01 9.99999996e-01 9.99999996e-01 9.99999997e-01 9.99999997e-01 9.99999997e-01 9.99999997e-01 9.99999997e-01 9.99999997e-01 9.99999997e-01 9.99999996e-01 9.99999996e-01 9.99999996e-01 9.99999996e-01 9.99999996e-01 9.99999996e-01 9.99999996e-01 9.99999996e-01 9.99999996e-01 9.99999996e-01 9.99999996e-01 9.99999996e-01 9.99999996e-01 9.99999996e-01 9.99999996e-01 9.99999997e-01 9.99999997e-01 9.99999997e-01 9.99999997e-01 9.99999997e-01 9.99999997e-01 9.99999997e-01 9.99999996e-01 9.99999996e-01 9.99999996e-01 9.99999995e-01 9.99999995e-01 9.99999995e-01 9.99999994e-01 9.99999994e-01 9.99999993e-01 9.99999993e-01 9.99999993e-01 9.99999993e-01 9.99999993e-01 9.99999993e-01 9.99999993e-01 9.99999993e-01 9.99999993e-01 9.99999994e-01 9.99999994e-01 9.99999994e-01 9.99999994e-01 9.99999994e-01 9.99999994e-01 9.99999994e-01 9.99999993e-01 9.99999993e-01 9.99999992e-01 9.99999991e-01 9.99999990e-01 9.99999988e-01 9.99999987e-01 9.99999986e-01 9.99999985e-01 9.99999985e-01 9.99999985e-01 9.99999985e-01 9.99999985e-01 9.99999985e-01 9.99999986e-01 9.99999987e-01 9.99999988e-01 9.99999990e-01 9.99999991e-01 9.99999992e-01 9.99999993e-01 9.99999993e-01 9.99999994e-01 9.99999994e-01 9.99999994e-01 9.99999994e-01 9.99999994e-01 9.99999994e-01 9.99999994e-01 9.99999993e-01 9.99999993e-01 9.99999993e-01 9.99999993e-01 9.99999993e-01 9.99999993e-01 9.99999993e-01 9.99999993e-01 9.99999993e-01 9.99999994e-01 9.99999994e-01 9.99999995e-01 9.99999995e-01 9.99999995e-01 9.99999996e-01 9.99999996e-01 9.99999996e-01 9.99999997e-01 9.99999997e-01 9.99999997e-01 9.99999997e-01 9.99999997e-01 9.99999997e-01 9.99999997e-01 9.99999996e-01 9.99999996e-01 9.99999996e-01 9.99999996e-01 9.99999996e-01 9.99999996e-01 9.99999996e-01 9.99999996e-01 9.99999996e-01 9.99999996e-01 9.99999996e-01 9.99999996e-01 9.99999996e-01 9.99999996e-01 9.99999996e-01 9.99999997e-01 9.99999997e-01 9.99999997e-01 9.99999997e-01 9.99999997e-01 9.99999997e-01 9.99999997e-01 9.99999996e-01 9.99999996e-01 9.99999996e-01 9.99999996e-01 9.99999995e-01 9.99999995e-01 9.99999994e-01 9.99999994e-01 9.99999994e-01 9.99999993e-01 9.99999993e-01 9.99999993e-01 9.99999993e-01 9.99999993e-01 9.99999993e-01 9.99999993e-01 9.99999993e-01 9.99999993e-01 9.99999994e-01 9.99999994e-01 9.99999994e-01 9.99999994e-01 9.99999994e-01 9.99999994e-01 9.99999994e-01 9.99999993e-01 9.99999992e-01 9.99999991e-01 9.99999990e-01 9.99999989e-01 9.99999988e-01 9.99999987e-01 9.99999986e-01 9.99999985e-01 9.99999985e-01 9.99999984e-01
9.99999984e-01 9.99999985e-01 9.99999985e-01 9.99999986e-01 9.99999987e-01 9.99999988e-01 9.99999989e-01 9.99999990e-01 9.99999991e-01 9.99999992e-01 9.99999993e-01 9.99999994e-01 9.99999994e-01 9.99999994e-01 9.99999994e-01 9.99999994e-01 9.99999994e-01 9.99999994e-01 9.99999993e-01 9.99999993e-01 9.99999993e-01 9.99999993e-01 9.99999993e-01 9.99999993e-01 9.99999993e-01 9.99999993e-01 9.99999994e-01 9.99999994e-01 9.99999994e-01 9.99999995e-01 9.99999995e-01 9.99999996e-01 9.99999996e-01 9.99999996e-01 9.99999997e-01 9.99999997e-01 9.99999997e-01 9.99999997e-01 9.99999997e-01 9.99999997e-01 9.99999996e-01 9.99999996e-01 9.99999996e-01 9.99999996e-01 9.99999996e-01 9.99999995e-01 9.99999995e-01 9.99999995e-01 9.99999995e-01 9.99999995e-01 9.99999995e-01 9.99999995e-01 9.99999995e-01 9.99999995e-01 9.99999995e-01 9.99999995e-01 9.99999996e-01 9.99999996e-01 9.99999996e-01 9.99999996e-01 9.99999997e-01 9.99999997e-01 9.99999997e-01 9.99999997e-01 9.99999997e-01 9.99999997e-01 9.99999996e-01 9.99999996e-01 9.99999996e-01 9.99999995e-01 9.99999995e-01 9.99999995e-01 9.99999994e-01 9.99999994e-01 9.99999993e-01 9.99999993e-01 9.99999993e-01 9.99999993e-01 9.99999993e-01 9.99999993e-01 9.99999993e-01 9.99999993e-01 9.99999993e-01 9.99999994e-01 9.99999994e-01 9.99999994e-01 9.99999994e-01 9.99999994e-01 9.99999994e-01 9.99999993e-01 9.99999993e-01 9.99999992e-01 9.99999991e-01 9.99999990e-01 9.99999988e-01 9.99999987e-01 9.99999986e-01 9.99999985e-01 9.99999985e-01 9.99999985e-01 9.99999985e-01 9.99999985e-01 9.99999985e-01 9.99999986e-01 9.99999987e-01 9.99999988e-01 9.99999990e-01 9.99999991e-01 9.99999992e-01 9.99999993e-01 9.99999993e-01 9.99999994e-01 9.99999994e-01 9.99999994e-01 9.99999994e-01 9.99999994e-01 9.99999994e-01 9.99999993e-01 9.99999993e-01 9.99999993e-01 9.99999993e-01 9.99999993e-01 9.99999993e-01 9.99999993e-01 9.99999993e-01 9.99999993e-01 9.99999994e-01 9.99999994e-01 9.99999995e-01 9.99999995e-01 9.99999995e-01 9.99999996e-01 9.99999996e-01 9.99999996e-01 9.99999997e-01 9.99999997e-01 9.99999997e-01 9.99999997e-01 9.99999997e-01 9.99999997e-01 9.99999996e-01 9.99999996e-01 9.99999996e-01 9.99999996e-01 9.99999995e-01 9.99999995e-01 9.99999995e-01 9.99999995e-01 9.99999995e-01 9.99999995e-01 9.99999995e-01 9.99999995e-01 9.99999995e-01 9.99999995e-01 9.99999995e-01 9.99999996e-01 9.99999996e-01 9.99999996e-01 9.99999996e-01 9.99999996e-01 9.99999997e-01 9.99999997e-01 9.99999997e-01 9.99999997e-01 9.99999997e-01 9.99999997e-01 9.99999996e-01 9.99999996e-01 9.99999996e-01 9.99999995e-01 9.99999995e-01 9.99999994e-01 9.99999994e-01 9.99999994e-01 9.99999993e-01 9.99999993e-01 9.99999993e-01 9.99999993e-01 9.99999993e-01 9.99999993e-01 9.99999993e-01 9.99999993e-01 9.99999994e-01 9.99999994e-01 9.99999994e-01 9.99999994e-01 9.99999994e-01 9.99999994e-01 9.99999994e-01 9.99999993e-01 9.99999992e-01 9.99999991e-01 9.99999990e-01 9.99999989e-01 9.99999988e-01 9.99999987e-01 9.99999986e-01 9.99999985e-01 9.99999985e-01 9.99999984e-01
9.99999984e-01 9.99999985e-01 9.99999985e-01 9.99999986e-01 9.99999987e-01 9.99999988e-01 9.99999989e-01 9.99999990e-01 9.99999991e-01 9.99999992e-01 9.99999993e-01 9.99999994e-01 9.99999994e-01 9.99999994e-01 9.99999994e-01 9.99999994e-01 9.99999994e-01 9.99999993e-01 9.99999993e-01 9.99999993e-01 9.99999993e-01 9.99999993e-01 9.99999993e-01 9.99999993e-01 9.99999993e-01 9.99999994e-01 9.99999994e-01 9.99999994e-01 9.99999995e-01 9.99999995e-01 9.99999996e-01 9.99999996e-01 9.99999996e-01 9.99999997e-01 9.99999997e-01 9.99999997e-01 9.99999997e-01 9.99999997e-01 9.99999996e-01 9.99999996e-01 9.99999996e-01 9.99999996e-01 9.99999995e-01 9.99999995e-01 9.99999994e-01 9.99999994e-01 9.99999994e-01 9.99999994e-01 9.99999993e-01 9.99999993e-01 9.99999993e-01 9.99999993e-01 9.99999994e-01 9.99999994e-01 9.99999994e-01 9.99999994e-01 9.99999995e-01 9.99999995e-01 9.99999995e-01 9.99999996e-01 9.99999996e-01 9.99999996e-01 9.99999997e-01 9.99999997e-01 9.99999997e-01 9.99999997e-01 9.99999997e-01 9.99999996e-01 9.99999996e-01 9.99999996e-01 9.99999995e-01 9.99999995e-01 9.99999995e-01 9.99999994e-01 9.99999994e-01 9.99999993e-01 9.99999993e-01 9.99999993e-01 9.99999993e-01 9.99999993e-01 9.99999993e-01 9.99999993e-01 9.99999993e-01 9.99999993e-01 9.99999994e-01 9.99999994e-01 9.99999994e-01 9.99999994e-01 9.99999994e-01 9.99999993e-01 9.99999993e-01 9.99999992e-01 9.99999991e-01 9.99999990e-01 9.99999988e-01 9.99999987e-01 9.99999986e-01 9.99999985e-01 9.99999985e-01 9.99999985e-01 9.99999985e-01 9.99999985e-01 9.99999985e-01 9.99999986e-01 9.99999987e-01 9.99999988e-01 9.99999990e-01 9.99999991e-01 9.99999992e-01 9.99999993e-01 9.99999993e-01 9.99999994e-01 9.99999994e-01 9.99999994e-01 9.99999994e-01 9.99999994e-01 9.99999993e-01 9.99999993e-01 9.99999993e-01 9.99999993e-01 9.99999993e-01 9.99999993e-01 9.99999993e-01 9.99999993e-01 9.99999993e-01 9.99999994e-01 9.99999994e-01 9.99999995e-01 9.99999995e-01 9.99999995e-01 9.99999996e-01 9.99999996e-01 9.99999996e-01 9.99999997e-01 9.99999997e-01 9.99999997e-01 9.99999997e-01 9.99999997e-01 9.99999996e-01 9.99999996e-01 9.99999996e-01 9.99999995e-01 9.99999995e-01 9.99999995e-01 9.99999994e-01 9.99999994e-01 9.99999994e-01 9.99999994e-01 9.99999993e-01 9.99999993e-01 9.99999993e-01 9.99999993e-01 9.99999994e-01 9.99999994e-01 9.99999994e-01 9.99999994e-01 9.99999995e-01 9.99999995e-01 9.99999996e-01 9.99999996e-01 9.99999996e-01 9.99999996e-01 9.99999997e-01 9.99999997e-01 9.99999997e-01 9.99999997e-01 9.99999997e-01 9.99999996e-01 9.99999996e-01 9.99999996e-01 9.99999995e-01 9.99999995e-01 9.99999994e-01 9.99999994e-01 9.99999994e-01 9.99999993e-01 9.99999993e-01 9.99999993e-01 9.99999993e-01 9.99999993e-01 9.99999993e-01 9.99999993e-01 9.99999993e-01 9.99999994e-01 9.99999994e-01 9.99999994e-01 9.99999994e-01 9.99999994e-01 9.99999994e-01 9.99999993e-01 9.99999992e-01 9.99999991e-01 9.99999990e-01 9.99999989e-01 9.99999988e-01 9.99999987e-01 9.99999986e-01 9.99999985e-01 9.99999985e-01 9.99999984e-01
9.99999984e-01 9.99999985e-01 9.99999985e-01 9.99999986e-01 9.99999987e-01 9.99999988e-01 9.99999989e-01 9.99999990e-01 9.99999991e-01 9.99999992e-01 9.99999993e-01 9.99999993e-01 9.99999994e-01 9.99999994e-01 9.99999994e-01 9.99999994e-01 9.99999993e-01 9.99999993e-01 9.99999993e-01 9.99999993e-01 9.99999993e-01 9.99999993e-01 9.99999993e-01 9.99999993e-01 9.99999993e-01 9.99999994e-01 9.99999994e-01 9.99999995e-01 9.99999995e-01 9.99999996e-01 9.99999996e-01 9.99999996e-01 9.99999997e-01 9.99999997e-01 9.99999997e-01 9.99999997e-01 9.99999996e-01 9.99999996e-01 9.99999996e-01 9.99999996e-01 9.99999995e-01 9.99999995e-01 9.99999994e-01 9.99999993e-01 9.99999993e-01 9.99999992e-01 9.99999992e-01 9.99999992e-01 9.99999991e-01 9.99999991e-01 9.99999991e-01 9.99999991e-01 9.99999992e-01 9.99999992e-01 9.99999992e-01 9.99999993e-01 9.99999993e-01 9.99999994e-01 9.99999994e-01 9.99999995e-01 9.99999995e-01 9.99999996e-01 9.99999996e-01 9.99999996e-01 9.99999997e-01 9.99999997e-01 9.99999997e-01 9.99999997e-01 9.99999996e-01 9.99999996e-01 9.99999996e-01 9.99999995e-01 9.99999995e-01 9.99999995e-01 9.99999994e-01 9.99999994e-01 9.99999993e-01 9.99999993e-01 9.99999993e-01 9.99999993e-01 9.99999993e-01 9.99999993e-01 9.99999993e-01 9.99999993e-01 9.99999994e-01 9.99999994e-01 9.99999994e-01 9.99999994e-01 9.99999994e-01 9.99999993e-01 9.99999993e-01 9.99999992e-01 9.99999991e-01 9.99999990e-01 9.99999988e-01 9.99999987e-01 9.99999986e-01 9.99999985e-01 9.99999985e-01 9.99999985e-01 9.99999985e-01 9.99999985e-01 9.99999985e-01 9.99999986e-01 9.99999987e-01 9.99999988e-01 9.99999990e-01 9.99999991e-01 9.99999992e-01 9.99999993e-01 9.99999993e-01 9.99999994e-01 9.99999994e-01 9.99999994e-01 9.99999994e-01 9.99999994e-01 9.99999993e-01 9.99999993e-01 9.99999993e-01 9.99999993e-01 9.99999993e-01 9.99999993e-01 9.99999993e-01 9.99999993e-01 9.99999994e-01 9.99999994e-01 9.99999995e-01 9.99999995e-01 9.99999995e-01 9.99999996e-01 9.99999996e-01 9.99999996e-01 9.99999997e-01 9.99999997e-01 9.99999997e-01 9.99999997e-01 9.99999996e-01 9.99999996e-01 9.99999996e-01 9.99999995e-01 9.99999995e-01 9.99999994e-01 9.99999994e-01 9.99999993e-01 9.99999993e-01 9.99999992e-01 9.99999992e-01 9.99999992e-01 9.99999991e-01 9.99999991e-01 9.99999991e-01 9.99999991e-01 9.99999992e-01 9.99999992e-01 9.99999992e-01 9.99999993e-01 9.99999993e-01 9.99999994e-01 9.99999995e-01 9.99999995e-01 9.99999996e-01 9.99999996e-01 9.99999996e-01 9.99999996e-01 9.99999997e-01 9.99999997e-01 9.99999997e-01 9.99999997e-01 9.99999996e-01 9.99999996e-01 9.99999996e-01 9.99999995e-01 9.99999995e-01 9.99999994e-01 9.99999994e-01 9.99999993e-01 9.99999993e-01 9.99999993e-01 9.99999993e-01 9.99999993e-01 9.99999993e-01 9.99999993e-01 9.99999993e-01 9.99999993e-01 9.99999994e-01 9.99999994e-01 9.99999994e-01 9.99999994e-01 9.99999993e-01 9.99999993e-01 9.99999992e-01 9.99999991e-01 9.99999990e-01 9.99999989e-01 9.99999988e-01 9.99999987e-01 9.99999986e-01 9.99999985e-01 9.99999985e-01 9.99999984e-01
9.99999984e-01 9.99999985e-01 9.99999985e-01 9.99999986e-01 9.99999987e-01 9.99999988e-01 9.99999989e-01 9.99999990e-01 9.99999991e-01 9.99999992e-01 9.99999993e-01 9.99999993e-01 9.99999994e-01 9.99999994e-01 9.99999994e-01 9.99999994e-01 9.99999993e-01 9.99999993e-01 9.99999993e-01 9.99999993e-01 9.99999993e-01 9.99999993e-01 9.99999993e-01 9.99999993e-01 9.99999994e-01 9.99999994e-01 9.99999995e-01 9.99999995e-01 9.99999996e-01 9.99999996e-01 9.99999996e-01 9.99999997e-01 9.99999997e-01 9.99999997e-01 9.99999997e-01 9.99999996e-01 9.99999996e-01 9.99999996e-01 9.99999995e-01 9.99999994e-01 9.99999994e-01 9.99999993e-01 9.99999992e-01 9.99999992e-01 9.99999991e-01 9.99999990e-01 9.99999990e-01 9.99999989e-01 9.99999989e-01 9.99999989e-01 9.99999988e-01 9.99999989e-01 9.99999989e-01 9.99999989e-01 9.99999990e-01 9.99999990e-01 9.99999991e-01 9.99999992e-01 9.99999993e-01 9.99999993e-01 9.99999994e-01 9.99999995e-01 9.99999995e-01 9.99999996e-01 9.99999996e-01 9.99999997e-01 9.99999997e-01 9.99999997e-01 9.99999997e-01 9.99999996e-01 9.99999996e-01 9.99999996e-01 9.99999995e-01 9.99999995e-01 9.99999994e-01 9.99999994e-01 9.99999994e-01 9.99999993e-01 9.99999993e-01 9.99999993e-01 9.99999993e-01 9.99999993e-01 9.99999993e-01 9.99999993e-01 9.99999993e-01 9.99999994e-01 9.99999994e-01 9.99999994e-01 9.99999993e-01 9.99999993e-01 9.99999992e-01 9.99999992e-01 9.99999991e-01 9.99999990e-01 9.99999988e-01 9.99999987e-01 9.99999986e-01 9.99999985e-01 9.99999985e-01 9.99999985e-01 9.99999985e-01 9.99999985e-01 9.99999985e-01 9.99999986e-01 9.99999987e-01 9.99999988e-01 9.99999990e-01 9.99999991e-01 9.99999992e-01 9.99999992e-01 9.99999993e-01 9.99999993e-01 9.99999994e-01 9.99999994e-01 9.99999994e-01 9.99999993e-01 9.99999993e-01 9.99999993e-01 9.99999993e-01 9.99999993e-01 9.99999993e-01 9.99999993e-01 9.99999993e-01 9.99999994e-01 9.99999994e-01 9.99999994e-01 9.99999995e-01 9.99999995e-01 9.99999996e-01 9.99999996e-01 9.99999996e-01 9.99999997e-01 9.99999997e-01 9.99999997e-01 9.99999997e-01 9.99999996e-01 9.99999996e-01 9.99999995e-01 9.99999995e-01 9.99999994e-01 9.99999993e-01 9.99999993e-01 9.99999992e-01 9.99999991e-01 9.99999990e-01 9.99999990e-01 9.99999989e-01 9.99999989e-01 9.99999989e-01 9.99999988e-01 9.99999989e-01 9.99999989e-01 9.99999989e-01 9.99999990e-01 9.99999990e-01 9.99999991e-01 9.99999992e-01 9.99999992e-01 9.99999993e-01 9.99999994e-01 9.99999994e-01 9.99999995e-01 9.99999996e-01 9.99999996e-01 9.99999996e-01 9.99999997e-01 9.99999997e-01 9.99999997e-01 9.99999997e-01 9.99999996e-01 9.99999996e-01 9.99999996e-01 9.99999995e-01 9.99999995e-01 9.99999994e-01 9.99999994e-01 9.99999993e-01 9.99999993e-01 9.99999993e-01 9.99999993e-01 9.99999993e-01 9.99999993e-01 9.99999993e-01 9.99999993e-01 9.99999994e-01 9.99999994e-01 9.99999994e-01 9.99999994e-01 9.99999993e-01 9.99999993e-01 9.99999992e-01 9.99999991e-01 9.99999990e-01 9.99999989e-01 9.99999988e-01 9.99999987e-01 9.99999986e-01 9.99999985e-01 9.99999985e-01 9.99999984e-01
9.99999984e-01 9.99999985e-01 9.99999985e-01 9.99999986e-01 9.99999987e-01 9.99999988e-01 9.99999989e-01 9.99999990e-01 9.99999991e-01 9.99999992e-01 9.99999993e-01 9.99999993e-01 9.99999993e-01 9.99999994e-01 9.99999994e-01 9.99999993e-01 9.99999993e-01 9.99999993e-01 9.99999993e-01 9.99999993e-01 9.99999993e-01 9.99999993e-01 9.99999993e-01 9.99999994e-01 9.99999994e-01 9.99999995e-01 9.99999995e-01 9.99999995e-01 9.99999996e-01 9.99999996e-01 9.99999996e-01 9.99999997e-01 9.99999997e-01 9.99999997e-01 9.99999996e-01 9.99999996e-01 9.99999995e-01 9.99999995e-01 9.99999994e-01 9.99999993e-01 9.99999992e-01 9.99999991e-01 9.99999990e-01 9.99999989e-01 9.99999988e-01 9.99999987e-01 9.99999986e-01 9.99999986e-01 9.99999985e-01 9.99999985e-01 9.99999985e-01 9.99999985e-01 9.99999985e-01 9.99999986e-01 9.99999987e-01 9.99999987e-01 9.99999988e-01 9.99999989e-01 9.99999991e-01 9.99999992e-01 9.99999993e-01 9.99999994e-01 9.99999994e-01 9.99999995e-01 9.99999996e-01 9.99999996e-01 9.99999996e-01 9.99999997e-01 9.99999997e-01 9.99999997e-01 9.99999996e-01 9.99999996e-01 9.99999996e-01 9.99999995e-01 9.99999995e-01 9.99999994e-01 9.99999994e-01 9.99999994e-01 9.99999993e-01 9.99999993e-01 9.99999993e-01 9.99999993e-01 9.99999993e-01 9.99999993e-01 9.99999993e-01 9.99999993e-01 9.99999994e-01 9.99999994e-01 9.99999993e-01 9.99999993e-01 9.99999992e-01 9.99999992e-01 9.99999991e-01 9.99999990e-01 9.99999988e-01 9.99999987e-01 9.99999986e-01 9.99999985e-01 9.99999985e-01 9.99999985e-01 9.99999985e-01 9.99999985e-01 9.99999985e-01 9.99999986e-01 9.99999987e-01 9.99999988e-01 9.99999990e-01 9.99999991e-01 9.99999992e-01 9.99999992e-01 9.99999993e-01 9.99999993e-01 9.99999994e-01 9.99999994e-01 9.99999993e-01 9.99999993e-01 9.99999993e-01 9.99999993e-01 9.99999993e-01 9.99999993e-01 9.99999993e-01 9.99999993e-01 9.99999994e-01 9.99999994e-01 9.99999994e-01 9.99999995e-01 9.99999995e-01 9.99999996e-01 9.99999996e-01 9.99999996e-01 9.99999997e-01 9.99999997e-01 9.99999997e-01 9.99999996e-01 9.99999996e-01 9.99999996e-01 9.99999995e-01 9.99999994e-01 9.99999994e-01 9.99999993e-01 9.99999992e-01 9.99999991e-01 9.99999989e-01 9.99999988e-01 9.99999987e-01 9.99999987e-01 9.99999986e-01 9.99999985e-01 9.99999985e-01 9.99999985e-01 9.99999985e-01 9.99999985e-01 9.99999986e-01 9.99999986e-01 9.99999987e-01 9.99999988e-01 9.99999989e-01 9.99999990e-01 9.99999991e-01 9.99999992e-01 9.99999993e-01 9.99999994e-01 9.99999995e-01 9.99999995e-01 9.99999996e-01 9.99999996e-01 9.99999997e-01 9.99999997e-01 9.99999997e-01 9.99999996e-01 9.99999996e-01 9.99999996e-01 9.99999995e-01 9.99999995e-01 9.99999995e-01 9.99999994e-01 9.99999994e-01 9.99999993e-01 9.99999993e-01 9.99999993e-01 9.99999993e-01 9.99999993e-01 9.99999993e-01 9.99999993e-01 9.99999993e-01 9.99999994e-01 9.99999994e-01 9.99999993e-01 9.99999993e-01 9.99999993e-01 9.99999992e-01 9.99999991e-01 9.99999990e-01 9.99999989e-01 9.99999988e-01 9.99999987e-01 9.99999986e-01 9.99999985e-01 9.99999985e-01 9.99999984e-01
9.99999984e-01 9.99999985e-01 9.99999985e-01 9.99999986e-01 9.99999987e-01 9.99999988e-01 9.99999989e-01 9.99999990e-01 9.99999991e-01 9.99999992e-01 9.99999993e-01 9.99999993e-01 9.99999993e-01 9.99999993e-01 9.99999993e-01 9.99999993e-01 9.99999993e-01 9.99999993e-01 9.99999993e-01 9.99999993e-01 9.99999993e-01 9.99999993e-01 9.99999994e-01 9.99999994e-01 9.99999994e-01 9.99999995e-01 9.99999995e-01 9.99999996e-01 9.99999996e-01 9.99999996e-01 9.99999997e-01 9.99999997e-01 9.99999997e-01 9.99999996e-01 9.99999996e-01 9.99999995e-01 9.99999994e-01 9.99999993e-01 9.99999992e-01 9.99999991e-01 9.99999990e-01 9.99999988e-01 9.99999987e-01 9.99999985e-01 9.99999984e-01 9.99999983e-01 9.99999982e-01 9.99999981e-01 9.99999980e-01 9.99999980e-01 9.99999980e-01 9.99999980e-01 9.99999980e-01 9.99999981e-01 9.99999982e-01 9.99999983e-01 9.99999985e-01 9.99999986e-01 9.99999988e-01 9.99999989e-01 9.99999990e-01 9.99999992e-01 9.99999993e-01 9.99999994e-01 9.99999995e-01 9.99999996e-01 9.99999996e-01 9.99999996e-01 9.99999997e-01 9.99999997e-01 9.99999997e-01 9.99999996e-01 9.99999996e-01 9.99999996e-01 9.99999995e-01 9.99999995e-01 9.99999994e-01 9.99999994e-01 9.99999993e-01 9.99999993e-01 9.99999993e-01 9.99999993e-01 9.99999993e-01 9.99999993e-01 9.99999993e-01 9.99999993e-01 9.99999993e-01 9.99999993e-01 9.99999993e-01 9.99999993e-01 9.99999992e-01 9.99999991e-01 9.99999991e-01 9.99999990e-01 9.99999988e-01 9.99999987e-01 9.99999986e-01 9.99999985e-01 9.99999985e-01 9.99999985e-01 9.99999985e-01 9.99999985e-01 9.99999985e-01 9.99999986e-01 9.99999987e-01 9.99999988e-01 9.99999990e-01 9.99999991e-01 9.99999991e-01 9.99999992e-01 9.99999993e-01 9.99999993e-01 9.99999993e-01 9.99999993e-01 9.99999993e-01 9.99999993e-01 9.99999993e-01 9.99999993e-01 9.99999993e-01 9.99999993e-01 9.99999993e-01 9.99999993e-01 9.99999994e-01 9.99999994e-01 9.99999995e-01 9.99999995e-01 9.99999996e-01 9.99999996e-01 9.99999996e-01 9.99999997e-01 9.99999997e-01 9.99999997e-01 9.99999996e-01 9.99999996e-01 9.99999996e-01 9.99999995e-01 9.99999994e-01 9.99999993e-01 9.99999992e-01 9.99999990e-01 9.99999989e-01 9.99999988e-01 9.99999986e-01 9.99999985e-01 9.99999983e-01 9.99999982e-01 9.99999981e-01 9.99999980e-01 9.99999980e-01 9.99999980e-01 9.99999980e-01 9.99999980e-01 9.99999981e-01 9.99999982e-01 9.99999983e-01 9.99999984e-01 9.99999985e-01 9.99999987e-01 9.99999988e-01 9.99999990e-01 9.99999991e-01 9.99999992e-01 9.99999993e-01 9.99999994e-01 9.99999995e-01 9.99999996e-01 9.99999996e-01 9.99999997e-01 9.99999997e-01 9.99999997e-01 9.99999996e-01 9.99999996e-01 9.99999996e-01 9.99999995e-01 9.99999995e-01 9.99999994e-01 9.99999994e-01 9.99999994e-01 9.99999993e-01 9.99999993e-01 9.99999993e-01 9.99999993e-01 9.99999993e-01 9.99999993e-01 9.99999993e-01 9.99999993e-01 9.99999993e-01 9.99999993e-01 9.99999993e-01 9.99999993e-01 9.99999992e-01 9.99999991e-01 9.99999990e-01 9.99999989e-01 9.99999988e-01 9.99999987e-01 9.99999986e-01 9.99999985e-01 9.99999985e-01 9.99999984e-01
9.99999984e-01 9.99999985e-01 9.99999985e-01 9.99999986e-01 9.99999987e-01 9.99999988e-01 9.99999989e-01 9.99999990e-01 9.99999991e-01 9.99999992e-01 9.99999992e-01 9.99999993e-01 9.99999993e-01 9.99999993e-01 9.99999993e-01 9.99999993e-01 9.99999993e-01 9.99999993e-01 9.99999993e-01 9.99999993e-01 9.99999993e-01 9.99999994e-01 9.99999994e-01 9.99999994e-01 9.99999995e-01 9.99999995e-01 9.99999996e-01 9.99999996e-01 9.99999996e-01 9.99999997e-01 9.99999997e-01 9.99999997e-01 9.99999996e-01 9.99999996e-01 9.99999995e-01 9.99999994e-01 9.99999993e-01 9.99999992e-01 9.99999990e-01 9.99999989e-01 9.99999987e-01 9.99999985e-01 9.99999983e-01 9.99999981e-01 9.99999979e-01 9.99999977e-01 9.99999976e-01 9.99999975e-01 9.99999974e-01 9.99999973e-01 9.99999973e-01 9.99999973e-01 9.99999974e-01 9.99999975e-01 9.99999977e-01 9.99999978e-01 9.99999980e-01 9.99999982e-01 9.99999984e-01 9.99999986e-01 9.99999988e-01 9.99999989e-01 9.99999991e-01 9.99999992e-01 9.99999994e-01 9.99999995e-01 9.99999995e-01 9.99999996e-01 9.99999996e-01 9.99999997e-01 9.99999997e-01 9.99999996e-01 9.99999996e-01 9.99999996e-01 9.99999995e-01 9.99999995e-01 9.99999995e-01 9.99999994e-01 9.99999994e-01 9.99999993e-01 9.99999993e-01 9.99999993e-01 9.99999993e-01 9.99999993e-01 9.99999993e-01 9.99999993e-01 9.99999993e-01 9.99999993e-01 9.99999993e-01 9.99999993e-01 9.99999992e-01 9.99999991e-01 9.99999991e-01 9.99999989e-01 9.99999988e-01 9.99999987e-01 9.99999986e-01 9.99999985e-01 9.99999985e-01 9.99999985e-01 9.99999985e-01 9.99999985e-01 9.99999985e-01 9.99999986e-01 9.99999987e-01 9.99999988e-01 9.99999989e-01 9.99999991e-01 9.99999991e-01 9.99999992e-01 9.99999993e-01 9.99999993e-01 9.99999993e-01 9.99999993e-01 9.99999993e-01 9.99999993e-01 9.99999993e-01 9.99999993e-01 9.99999993e-01 9.99999993e-01 9.99999993e-01 9.99999994e-01 9.99999994e-01 9.99999995e-01 9.99999995e-01 9.99999995e-01 9.99999996e-01 9.99999996e-01 9.99999996e-01 9.99999997e-01 9.99999997e-01 9.99999996e-01 9.99999996e-01 9.99999995e-01 9.99999995e-01 9.99999994e-01 9.99999992e-01 9.99999991e-01 9.99999989e-01 9.99999988e-01 9.99999986e-01 9.99999984e-01 9.99999982e-01 9.99999980e-01 9.99999978e-01 9.99999977e-01 9.99999975e-01 9.99999974e-01 9.99999973e-01 9.99999973e-01 9.99999973e-01 9.99999974e-01 9.99999975e-01 9.99999976e-01 9.99999977e-01 9.99999979e-01 9.99999981e-01 9.99999983e-01 9.99999985e-01 9.99999987e-01 9.99999989e-01 9.99999990e-01 9.99999992e-01 9.99999993e-01 9.99999994e-01 9.99999995e-01 9.99999996e-01 9.99999996e-01 9.99999997e-01 9.99999997e-01 9.99999997e-01 9.99999996e-01 9.99999996e-01 9.99999996e-01 9.99999995e-01 9.99999995e-01 9.99999994e-01 9.99999994e-01 9.99999994e-01 9.99999993e-01 9.99999993e-01 9.99999993e-01 9.99999993e-01 9.99999993e-01 9.99999993e-01 9.99999993e-01 9.99999993e-01 9.99999993e-01 9.99999993e-01 9.99999992e-01 9.99999992e-01 9.99999991e-01 9.99999990e-01 9.99999989e-01 9.99999988e-01 9.99999987e-01 9.99999986e-01 9.99999985e-01 9.99999985e-01 9.99999984e-01
9.99999984e-01 9.99999985e-01 9.99999985e-01 9.99999986e-01 9.99999987e-01 9.99999988e-01 9.99999989e-01 9.99999990e-01 9.99999991e-01 9.99999992e-01 9.99999992e-01 9.99999993e-01 9.99999993e-01 9.99999993e-01 9.99999993e-01 9.99999993e-01 9.99999993e-01 9.99999993e-01 9.99999993e-01 9.99999993e-01 9.99999993e-01 9.99999994e-01 9.99999994e-01 9.99999995e-01 9.99999995e-01 9.99999995e-01 9.99999996e-01 9.99999996e-01 9.99999996e-01 9.99999997e-01 9.99999997e-01 9.99999996e-01 9.99999996e-01 9.99999995e-01 9.99999994e-01 9.99999993e-01 9.99999991e-01 9.99999990e-01 9.99999988e-01 9.99999985e-01 9.99999983e-01 9.99999980e-01 9.99999977e-01 9.99999975e-01 9.99999972e-01 9.99999970e-01 9.99999968e-01 9.99999966e-01 9.99999965e-01 9.99999964e-01 9.99999964e-01 9.99999965e-01 9.99999966e-01 9.99999967e-01 9.99999969e-01 9.99999971e-01 9.99999974e-01 9.99999976e-01 9.99999979e-01 9.99999981e-01 9.99999984e-01 9.99999986e-01 9.99999989e-01 9.99999990e-01 9.99999992e-01 9.99999994e-01 9.99999995e-01 9.99999995e-01 9.99999996e-01 9.99999996e-01 9.99999997e-01 9.99999997e-01 9.99999996e-01 9.99999996e-01 9.99999996e-01 9.99999995e-01 9.99999995e-01 9.99999994e-01 9.99999994e-01 9.99999994e-01 9.99999993e-01 9.99999993e-01 9.99999993e-01 9.99999993e-01 9.99999993e-01 9.99999993e-01 9.99999993e-01 9.99999993e-01 9.99999993e-01 9.99999993e-01 9.99999992e-01 9.99999991e-01 9.99999990e-01 9.99999989e-01 9.99999988e-01 9.99999987e-01 9.99999986e-01 9.99999985e-01 9.99999985e-01 9.99999985e-01 9.99999985e-01 9.99999985e-01 9.99999985e-01 9.99999986e-01 9.99999987e-01 9.99999988e-01 9.99999989e-01 9.99999990e-01 9.99999991e-01 9.99999992e-01 9.99999993e-01 9.99999993e-01 9.99999993e-01 9.99999993e-01 9.99999993e-01 9.99999993e-01 9.99999993e-01 9.99999993e-01 9.99999993e-01 9.99999993e-01 9.99999994e-01 9.99999994e-01 9.99999994e-01 9.99999995e-01 9.99999995e-01 9.99999996e-01 9.99999996e-01 9.99999996e-01 9.99999997e-01 9.99999997e-01 9.99999996e-01 9.99999996e-01 9.99999995e-01 9.99999995e-01 9.99999994e-01 9.99999992e-01 9.99999990e-01 9.99999989e-01 9.99999986e-01 9.99999984e-01 9.99999981e-01 9.99999979e-01 9.99999976e-01 9.99999974e-01 9.99999971e-01 9.99999969e-01 9.99999967e-01 9.99999966e-01 9.99999965e-01 9.99999964e-01 9.99999964e-01 9.99999965e-01 9.99999966e-01 9.99999968e-01 9.99999970e-01 9.99999972e-01 9.99999975e-01 9.99999977e-01 9.99999980e-01 9.99999983e-01 9.99999985e-01 9.99999988e-01 9.99999990e-01 9.99999991e-01 9.99999993e-01 9.99999994e-01 9.99999995e-01 9.99999996e-01 9.99999996e-01 9.99999997e-01 9.99999997e-01 9.99999996e-01 9.99999996e-01 9.99999996e-01 9.99999995e-01 9.99999995e-01 9.99999995e-01 9.99999994e-01 9.99999994e-01 9.99999993e-01 9.99999993e-01 9.99999993e-01 9.99999993e-01 9.99999993e-01 9.99999993e-01 9.99999993e-01 9.99999993e-01 9.99999993e-01 9.99999993e-01 9.99999992e-01 9.99999992e-01 9.99999991e-01 9.99999990e-01 9.99999989e-01 9.99999988e-01 9.99999987e-01 9.99999986e-01 9.99999985e-01 9.99999985e-01 9.99999984e-01
9.99999984e-01 9.99999985e-01 9.99999985e-01 9.99999986e-01 9.99999987e-01 9.99999988e-01 9.99999989e-01 9.99999990e-01 9.99999991e-01 9.99999992e-01 9.99999992e-01 9.99999993e-01 9.99999993e-01 9.99999993e-01 9.99999993e-01 9.99999993e-01 9.99999993e-01 9.99999993e-01 9.99999993e-01 9.99999993e-01 9.99999994e-01 9.99999994e-01 9.99999994e-01 9.99999995e-01 9.99999995e-01 9.99999996e-01 9.99999996e-01 9.99999996e-01 9.99999997e-01 9.99999997e-01 9.99999996e-01 9.99999996e-01 9.99999995e-01 9.99999994e-01 9.99999993e-01 9.99999991e-01 9.99999989e-01 9.99999987e-01 9.99999984e-01 9.99999981e-01 9.99999977e-01 9.99999974e-01 9.99999970e-01 9.99999967e-01 9.99999963e-01 9.99999960e-01 9.99999958e-01 9.99999955e-01 9.99999954e-01 9.99999953e-01 9.99999953e-01 9.99999953e-01 9.99999954e-01 9.99999956e-01 9.99999959e-01 9.99999962e-01 9.99999965e-01 9.99999969e-01 9.99999972e-01 9.99999976e-01 9.99999979e-01 9.99999982e-01 9.99999985e-01 9.99999988e-01 9.99999990e-01 9.99999992e-01 9.99999993e-01 9.99999995e-01 9.99999996e-01 9.99999996e-01 9.99999996e-01 9.99999997e-01 9.99999996e-01 9.99999996e-01 9.99999996e-01 9.99999996e-01 9.99999995e-01 9.99999995e-01 9.99999994e-01 9.99999994e-01 9.99999993e-01 9.99999993e-01 9.99999993e-01 9.99999993e-01 9.99999993e-01 9.99999993e-01 9.99999993e-01 9.99999993e-01 9.99999993e-01 9.99999993e-01 9.99999992e-01 9.99999991e-01 9.99999990e-01 9.99999989e-01 9.99999988e-01 9.99999987e-01 9.99999986e-01 9.99999985e-01 9.99999985e-01 9.99999985e-01 9.99999985e-01 9.99999985e-01 9.99999985e-01 9.99999986e-01 9.99999987e-01 9.99999988e-01 9.99999989e-01 9.99999990e-01 9.99999991e-01 9.99999992e-01 9.99999993e-01 9.99999993e-01 9.99999993e-01 9.99999993e-01 9.99999993e-01 9.99999993e-01 9.99999993e-01 9.99999993e-01 9.99999993e-01 9.99999993e-01 9.99999994e-01 9.99999994e-01 9.99999995e-01 9.99999995e-01 9.99999996e-01 9.99999996e-01 9.99999996e-01 9.99999996e-01 9.99999997e-01 9.99999996e-01 9.99999996e-01 9.99999996e-01 9.99999995e-01 9.99999993e-01 9.99999992e-01 9.99999990e-01 9.99999988e-01 9.99999985e-01 9.99999982e-01 9.99999979e-01 9.99999976e-01 9.99999972e-01 9.99999969e-01 9.99999965e-01 9.99999962e-01 9.99999959e-01 9.99999956e-01 9.99999954e-01 9.99999953e-01 9.99999953e-01 9.99999953e-01 9.99999954e-01 9.99999955e-01 9.99999958e-01 9.99999960e-01 9.99999963e-01 9.99999967e-01 9.99999970e-01 9.99999974e-01 9.99999977e-01 9.99999981e-01 9.99999984e-01 9.99999987e-01 9.99999989e-01 9.99999991e-01 9.99999993e-01 9.99999994e-01 9.99999995e-01 9.99999996e-01 9.99999996e-01 9.99999997e-01 9.99999997e-01 9.99999996e-01 9.99999996e-01 9.99999996e-01 9.99999995e-01 9.99999995e-01 9.99999994e-01 9.99999994e-01 9.99999994e-01 9.99999993e-01 9.99999993e-01 9.99999993e-01 9.99999993e-01 9.99999993e-01 9.99999993e-01 9.99999993e-01 9.99999993e-01 9.99999993e-01 9.99999992e-01 9.99999992e-01 9.99999991e-01 9.99999990e-01 9.99999989e-01 9.99999988e-01 9.99999987e-01 9.99999986e-01 9.99999985e-01 9.99999985e-01 9.99999984e-01
9.99999984e-01 9.99999985e-01 9.99999985e-01 9.99999986e-01 9.99999987e-01 9.99999988e-01 9.99999989e-01 9.99999990e-01 9.99999991e-01 9.99999992e-01 9.99999992e-01 9.99999993e-01 9.99999993e-01 9.99999993e-01 9.99999993e-01 9.99999993e-01 9.99999993e-01 9.99999993e-01 9.99999993e-01 9.99999994e-01 9.99999994e-01 9.99999994e-01 9.99999995e-01 9.99999995e-01 9.99999996e-01 9.99999996e-01 9.99999996e-01 9.99999996e-01 9.99999997e-01 9.99999996e-01 9.99999996e-01 9.99999995e-01 9.99999994e-01 9.99999993e-01 9.99999991e-01 9.99999989e-01 9.99999986e-01 9.99999983e-01 9.99999979e-01 9.99999975e-01 9.99999971e-01 9.99999966e-01 9.99999961e-01 9.99999956e-01 9.99999952e-01 9.99999948e-01 9.99999944e-01 9.99999941e-01 9.99999939e-01 9.99999938e-01 9.99999937e-01 9.99999938e-01 9.99999940e-01 9.99999942e-01 9.99999946e-01 9.99999950e-01 9.99999954e-01 9.99999959e-01 9.99999964e-01 9.99999968e-01 9.99999973e-01 9.99999977e-01 9.99999981e-01 9.99999984e-01 9.99999987e-01 9.99999990e-01 9.99999992e-01 9.99999994e-01 9.99999995e-01 9.99999996e-01 9.99999996e-01 9.99999996e-01 9.99999997e-01 9.99999996e-01 9.99999996e-01 9.99999996e-01 9.99999995e-01 9.99999995e-01 9.99999994e-01 9.99999994e-01 9.99999994e-01 9.99999993e-01 9.99999993e-01 9.99999993e-01 9.99999993e-01 9.99999993e-01 9.99999993e-01 9.99999993e-01 9.99999993e-01 9.99999992e-01 9.99999992e-01 9.99999991e-01 9.99999990e-01 9.99999989e-01 9.99999988e-01 9.99999987e-01 9.99999986e-01 9.99999985e-01 9.99999985e-01 9.99999985e-01 9.99999985e-01 9.99999985e-01 9.99999985e-01 9.99999986e-01 9.99999987e-01 9.99999988e-01 9.99999989e-01 9.99999990e-01 9.99999991e-01 9.99999992e-01 9.99999992e-01 9.99999993e-01 9.99999993e-01 9.99999993e-01 9.99999993e-01 9.99999993e-01 9.99999993e-01 9.99999993e-01 9.99999993e-01 9.99999994e-01 9.99999994e-01 9.99999994e-01 9.99999995e-01 9.99999995e-01 9.99999996e-01 9.99999996e-01 9.99999996e-01 9.99999997e-01 9.99999996e-01 9.99999996e-01 9.99999996e-01 9.99999995e-01 9.99999994e-01 9.99999992e-01 9.99999990e-01 9.99999987e-01 9.99999984e-01 9.99999981e-01 9.99999977e-01 9.99999973e-01 9.99999968e-01 9.99999964e-01 9.99999959e-01 9.99999954e-01 9.99999950e-01 9.99999946e-01 9.99999942e-01 9.99999940e-01 9.99999938e-01 9.99999937e-01 9.99999938e-01 9.99999939e-01 9.99999941e-01 9.99999944e-01 9.99999948e-01 9.99999952e-01 9.99999956e-01 9.99999961e-01 9.99999966e-01 9.99999971e-01 9.99999975e-01 9.99999979e-01 9.99999983e-01 9.99999986e-01 9.99999989e-01 9.99999991e-01 9.99999993e-01 9.99999994e-01 9.99999995e-01 9.99999996e-01 9.99999996e-01 9.99999997e-01 9.99999996e-01 9.99999996e-01 9.99999996e-01 9.99999996e-01 9.99999995e-01 9.99999995e-01 9.99999994e-01 9.99999994e-01 9.99999994e-01 9.99999993e-01 9.99999993e-01 9.99999993e-01 9.99999993e-01 9.99999993e-01 9.99999993e-01 9.99999993e-01 9.99999993e-01 9.99999992e-01 9.99999992e-01 9.99999991e-01 9.99999990e-01 9.99999989e-01 9.99999988e-01 9.99999987e-01 9.99999986e-01 9.99999985e-01 9.99999985e-01 9.99999984e-01
9.99999984e-01 9.99999985e-01 9.99999985e-01 9.99999986e-01 9.99999987e-01 9.99999988e-01 9.99999989e-01 9.99999990e-01 9.99999991e-01 9.99999992e-01 9.99999992e-01 9.99999993e-01 9.99999993e-01 9.99999993e-01 9.99999993e-01 9.99999993e-01 9.99999993e-01 9.99999993e-01 9.99999993e-01 9.99999994e-01 9.99999994e-01 9.99999994e-01 9.99999995e-01 9.99999995e-01 9.99999996e-01 9.99999996e-01 9.99999996e-01 9.99999996e-01 9.99999996e-01 9.99999996e-01 9.99999995e-01 9.99999994e-01 9.99999993e-01 9.99999991e-01 9.99999989e-01 9.99999986e-01 9.99999982e-01 9.99999978e-01 9.99999973e-01 9.99999967e-01 9.99999962e-01 9.99999955e-01 9.99999949e-01 9.99999943e-01 9.99999936e-01 9.99999931e-01 9.99999926e-01 9.99999922e-01 9.99999919e-01 9.99999917e-01 9.99999917e-01 9.99999918e-01 9.99999920e-01 9.99999924e-01 9.99999928e-01 9.99999934e-01 9.99999939e-01 9.99999946e-01 9.99999952e-01 9.99999958e-01 9.99999965e-01 9.99999970e-01 9.99999975e-01 9.99999980e-01 9.99999984e-01 9.99999987e-01 9.99999990e-01 9.99999992e-01 9.99999994e-01 9.99999995e-01 9.99999996e-01 9.99999996e-01 9.99999996e-01 9.99999996e-01 9.99999996e-01 9.99999996e-01 9.99999996e-01 9.99999995e-01 9.99999995e-01 9.99999994e-01 9.99999994e-01 9.99999994e-01 9.99999993e-01 9.99999993e-01 9.99999993e-01 9.99999993e-01 9.99999993e-01 9.99999993e-01 9.99999993e-01 9.99999992e-01 9.99999992e-01 9.99999991e-01 9.99999990e-01 9.99999989e-01 9.99999988e-01 9.99999987e-01 9.99999986e-01 9.99999985e-01 9.99999985e-01 9.99999985e-01 9.99999985e-01 9.99999985e-01 9.99999985e-01 9.99999986e-01 9.99999987e-01 9.99999988e-01 9.99999989e-01 9.99999990e-01 9.99999991e-01 9.99999992e-01 9.99999992e-01 9.99999993e-01 9.99999993e-01 9.99999993e-01 9.99999993e-01 9.99999993e-01 9.99999993e-01 9.99999993e-01 9.99999994e-01 9.99999994e-01 9.99999994e-01 9.99999995e-01 9.99999995e-01 9.99999996e-01 9.99999996e-01 9.99999996e-01 9.99999996e-01 9.99999996e-01 9.99999996e-01 9.99999996e-01 9.99999995e-01 9.99999994e-01 9.99999992e-01 9.99999990e-01 9.99999987e-01 9.99999984e-01 9.99999980e-01 9.99999975e-01 9.99999970e-01 9.99999965e-01 9.99999958e-01 9.99999952e-01 9.99999946e-01 9.99999939e-01 9.99999934e-01 9.99999928e-01 9.99999924e-01 9.99999920e-01 9.99999918e-01 9.99999917e-01 9.99999917e-01 9.99999919e-01 9.99999922e-01 9.99999926e-01 9.99999931e-01 9.99999936e-01 9.99999943e-01 9.99999949e-01 9.99999955e-01 9.99999962e-01 9.99999967e-01 9.99999973e-01 9.99999978e-01 9.99999982e-01 9.99999986e-01 9.99999989e-01 9.99999991e-01 9.99999993e-01 9.99999994e-01 9.99999995e-01 9.99999996e-01 9.99999996e-01 9.99999996e-01 9.99999996e-01 9.99999996e-01 9.99999996e-01 9.99999995e-01 9.99999995e-01 9.99999994e-01 9.99999994e-01 9.99999994e-01 9.99999993e-01 9.99999993e-01 9.99999993e-01 9.99999993e-01 9.99999993e-01 9.99999993e-01 9.99999993e-01 9.99999993e-01 9.99999992e-01 9.99999992e-01 9.99999991e-01 9.99999990e-01 9.99999989e-01 9.99999988e-01 9.99999987e-01 9.99999986e-01 9.99999985e-01 9.99999985e-01 9.99999984e-01
9.99999984e-01 9.99999985e-01 9.99999985e-01 9.99999986e-01 9.99999987e-01 9.99999988e-01 9.99999989e-01 9.99999990e-01 9.99999991e-01 9.99999992e-01 9.99999992e-01 9.99999993e-01 9.99999993e-01 9.99999993e-01 9.99999993e-01 9.99999993e-01 9.99999993e-01 9.99999993e-01 9.99999994e-01 9.99999994e-01 9.99999994e-01 9.99999995e-01 9.99999995e-01 9.99999996e-01 9.99999996e-01 9.99999996e-01 9.99999996e-01 9.99999996e-01 9.99999996e-01 9.99999996e-01 9.99999995e-01 9.99999993e-01 9.99999991e-01 9.99999989e-01 9.99999986e-01 9.99999982e-01 9.99999977e-01 9.99999971e-01 9.99999965e-01 9.99999958e-01 9.99999950e-01 9.99999942e-01 9.99999933e-01 9.99999925e-01 9.99999916e-01 9.99999909e-01 9.99999902e-01 9.99999897e-01 9.99999893e-01 9.99999891e-01 9.99999890e-01 9.99999892e-01 9.99999895e-01 9.99999900e-01 9.99999905e-01 9.99999913e-01 9.99999920e-01 9.99999929e-01 9.99999937e-01 9.99999946e-01 9.99999954e-01 9.99999961e-01 9.99999968e-01 9.99999974e-01 9.99999979e-01 9.99999984e-01 9.99999987e-01 9.99999990e-01 9.99999992e-01 9.99999994e-01 9.99999995e-01 9.99999996e-01 9.99999996e-01 9.99999996e-01 9.99999996e-01 9.99999996e-01 9.99999996e-01 9.99999995e-01 9.99999995e-01 9.99999994e-01 9.99999994e-01 9.99999994e-01 9.99999993e-01 9.99999993e-01 9.99999993e-01 9.99999993e-01 9.99999993e-01 9.99999993e-01 9.99999993e-01 9.99999992e-01 9.99999992e-01 9.99999991e-01 9.99999990e-01 9.99999989e-01 9.99999988e-01 9.99999987e-01 9.99999986e-01 9.99999985e-01 9.99999985e-01 9.99999985e-01 9.99999985e-01 9.99999985e-01 9.99999985e-01 9.99999986e-01 9.99999987e-01 9.99999988e-01 9.99999989e-01 9.99999990e-01 9.99999991e-01 9.99999992e-01 9.99999992e-01 9.99999993e-01 9.99999993e-01 9.99999993e-01 9.99999993e-01 9.99999993e-01 9.99999993e-01 9.99999993e-01 9.99999994e-01 9.99999994e-01 9.99999994e-01 9.99999995e-01 9.99999995e-01 9.99999996e-01 9.99999996e-01 9.99999996e-01 9.99999996e-01 9.99999996e-01 9.99999996e-01 9.99999995e-01 9.99999994e-01 9.99999992e-01 9.99999990e-01 9.99999987e-01 9.99999984e-01 9.99999979e-01 9.99999974e-01 9.99999968e-01 9.99999961e-01 9.99999954e-01 9.99999946e-01 9.99999937e-01 9.99999929e-01 9.99999920e-01 9.99999913e-01 9.99999905e-01 9.99999900e-01 9.99999895e-01 9.99999892e-01 9.99999890e-01 9.99999891e-01 9.99999893e-01 9.99999897e-01 9.99999902e-01 9.99999909e-01 9.99999916e-01 9.99999925e-01 9.99999933e-01 9.99999942e-01 9.99999950e-01 9.99999958e-01 9.99999965e-01 9.99999971e-01 9.99999977e-01 9.99999982e-01 9.99999986e-01 9.99999989e-01 9.99999991e-01 9.99999993e-01 9.99999995e-01 9.99999996e-01 9.99999996e-01 9.99999996e-01 9.99999996e-01 9.99999996e-01 9.99999996e-01 9.99999996e-01 9.99999995e-01 9.99999995e-01 9.99999994e-01 9.99999994e-01 9.99999994e-01 9.99999993e-01 9.99999993e-01 9.99999993e-01 9.99999993e-01 9.99999993e-01 9.99999993e-01 9.99999993e-01 9.99999992e-01 9.99999992e-01 9.99999991e-01 9.99999990e-01 9.99999989e-01 9.99999988e-01 9.99999987e-01 9.99999986e-01 9.99999985e-01 9.99999985e-01 9.99999984e-01
9.99999984e-01 9.99999985e-01 9.99999985e-01 9.99999986e-01 9.99999987e-01 9.99999988e-01 9.99999989e-01 9.99999990e-01 9.99999991e-01 9.99999991e-01 9.99999992e-01 9.99999993e-01 9.99999993e-01 9.99999993e-01 9.99999993e-01 9.99999993e-01 9.99999993e-01 9.99999993e-01 9.99999994e-01 9.99999994e-01 9.99999994e-01 9.99999995e-01 9.99999995e-01 9.99999996e-01 9.99999996e-01 9.99999996e-01 9.99999996e-01 9.99999996e-01 9.99999996e-01 9.99999995e-01 9.99999994e-01 9.99999992e-01 9.99999989e-01 9.99999986e-01 9.99999982e-01 9.99999977e-01 9.99999970e-01 9.99999963e-01 9.99999954e-01 9.99999945e-01 9.99999935e-01 9.99999924e-01 9.99999912e-01 9.99999901e-01 9.99999890e-01 9.99999880e-01 9.99999871e-01 9.99999864e-01 9.99999859e-01 9.99999856e-01 9.99999856e-01 9.99999857e-01 9.99999862e-01 9.99999868e-01 9.99999876e-01 9.99999885e-01 9.99999896e-01 9.99999907e-01 9.99999918e-01 9.99999929e-01 9.99999940e-01 9.99999950e-01 9.99999959e-01 9.99999967e-01 9.99999974e-01 9.99999979e-01 9.99999984e-01 9.99999988e-01 9.99999991e-01 9.99999993e-01 9.99999994e-01 9.99999995e-01 9.99999996e-01 9.99999996e-01 9.99999996e-01 9.99999996e-01 9.99999996e-01 9.99999995e-01 9.99999995e-01 9.99999995e-01 9.99999994e-01 9.99999994e-01 9.99999994e-01 9.99999993e-01 9.99999993e-01 9.99999993e-01 9.99999993e-01 9.99999993e-01 9.99999993e-01 9.99999992e-01 9.99999992e-01 9.99999991e-01 9.99999990e-01 9.99999989e-01 9.99999988e-01 9.99999987e-01 9.99999986e-01 9.99999985e-01 9.99999985e-01 9.99999985e-01 9.99999985e-01 9.99999985e-01 9.99999985e-01 9.99999986e-01 9.99999987e-01 9.99999988e-01 9.99999989e-01 9.99999990e-01 9.99999991e-01 9.99999992e-01 9.99999992e-01 9.99999993e-01 9.99999993e-01 9.99999993e-01 9.99999993e-01 9.99999993e-01 9.99999993e-01 9.99999994e-01 9.99999994e-01 9.99999994e-01 9.99999995e-01 9.99999995e-01 9.99999995e-01 9.99999996e-01 9.99999996e-01 9.99999996e-01 9.99999996e-01 9.99999996e-01 9.99999995e-01 9.99999994e-01 9.99999993e-01 9.99999991e-01 9.99999988e-01 9.99999984e-01 9.99999979e-01 9.99999974e-01 9.99999967e-01 9.99999959e-01 9.99999950e-01 9.99999940e-01 9.99999929e-01 9.99999918e-01 9.99999907e-01 9.99999896e-01 9.99999885e-01 9.99999876e-01 9.99999868e-01 9.99999862e-01 9.99999857e-01 9.99999856e-01 9.99999856e-01 9.99999859e-01 9.99999864e-01 9.99999871e-01 9.99999880e-01 9.99999890e-01 9.99999901e-01 9.99999912e-01 9.99999924e-01 9.99999935e-01 9.99999945e-01 9.99999954e-01 9.99999963e-01 9.99999970e-01 9.99999977e-01 9.99999982e-01 9.99999986e-01 9.99999989e-01 9.99999992e-01 9.99999994e-01 9.99999995e-01 9.99999996e-01 9.99999996e-01 9.99999996e-01 9.99999996e-01 9.99999996e-01 9.99999996e-01 9.99999995e-01 9.99999995e-01 9.99999994e-01 9.99999994e-01 9.99999994e-01 9.99999993e-01 9.99999993e-01 9.99999993e-01 9.99999993e-01 9.99999993e-01 9.99999993e-01 9.99999993e-01 9.99999992e-01 9.99999991e-01 9.99999991e-01 9.99999990e-01 9.99999989e-01 9.99999988e-01 9.99999987e-01 9.99999986e-01 9.99999985e-01 9.99999985e-01 9.99999984e-01
9.99999984e-01 9.99999985e-01 9.99999985e-01 9.99999986e-01 9.99999987e-01 9.99999988e-01 9.99999989e-01 9.99999990e-01 9.99999991e-01 9.99999991e-01 9.99999992e-01 9.99999992e-01 9.99999993e-01 9.99999993e-01 9.99999993e-01 9.99999993e-01 9.99999993e-01 9.99999994e-01 9.99999994e-01 9.99999994e-01 9.99999995e-01 9.99999995e-01 9.99999995e-01 9.99999996e-01 9.99999996e-01 9.99999996e-01 9.99999996e-01 9.99999996e-01 9.99999995e-01 9.99999994e-01 9.99999992e-01 9.99999990e-01 9.99999987e-01 9.99999982e-01 9.99999977e-01 9.99999970e-01 9.99999962e-01 9.99999952e-01 9.99999941e-01 9.99999928e-01 9.99999915e-01 9.99999900e-01 9.99999885e-01 9.99999870e-01 9.99999856e-01 9.99999843e-01 9.99999831e-01 9.99999822e-01 9.99999815e-01 9.99999811e-01 9.99999810e-01 9.99999813e-01 9.99999818e-01 9.99999826e-01 9.99999837e-01 9.99999849e-01 9.99999863e-01 9.99999878e-01 9.99999893e-01 9.99999908e-01 9.99999922e-01 9.99999935e-01 9.99999947e-01 9.99999957e-01 9.99999966e-01 9.99999974e-01 9.99999980e-01 9.99999985e-01 9.99999988e-01 9.99999991e-01 9.99999993e-01 9.99999995e-01 9.99999996e-01 9.99999996e-01 9.99999996e-01 9.99999996e-01 9.99999996e-01 9.99999996e-01 9.99999995e-01 9.99999995e-01 9.99999994e-01 9.99999994e-01 9.99999994e-01 9.99999993e-01 9.99999993e-01 9.99999993e-01 9.99999993e-01 9.99999993e-01 9.99999993e-01 9.99999992e-01 9.99999992e-01 9.99999991e-01 9.99999990e-01 9.99999989e-01 9.99999988e-01 9.99999987e-01 9.99999986e-01 9.99999985e-01 9.99999985e-01 9.99999985e-01 9.99999985e-01 9.99999985e-01 9.99999985e-01 9.99999986e-01 9.99999987e-01 9.99999988e-01 9.99999989e-01 9.99999990e-01 9.99999991e-01 9.99999992e-01 9.99999992e-01 9.99999993e-01 9.99999993e-01 9.99999993e-01 9.99999993e-01 9.99999993e-01 9.99999993e-01 9.99999994e-01 9.99999994e-01 9.99999994e-01 9.99999995e-01 9.99999995e-01 9.99999996e-01 9.99999996e-01 9.99999996e-01 9.99999996e-01 9.99999996e-01 9.99999996e-01 9.99999995e-01 9.99999993e-01 9.99999991e-01 9.99999988e-01 9.99999985e-01 9.99999980e-01 9.99999974e-01 9.99999966e-01 9.99999957e-01 9.99999947e-01 9.99999935e-01 9.99999922e-01 9.99999908e-01 9.99999893e-01 9.99999878e-01 9.99999863e-01 9.99999849e-01 9.99999837e-01 9.99999826e-01 9.99999818e-01 9.99999813e-01 9.99999810e-01 9.99999811e-01 9.99999815e-01 9.99999822e-01 9.99999831e-01 9.99999843e-01 9.99999856e-01 9.99999870e-01 9.99999885e-01 9.99999900e-01 9.99999915e-01 9.99999928e-01 9.99999941e-01 9.99999952e-01 9.99999962e-01 9.99999970e-01 9.99999977e-01 9.99999982e-01 9.99999987e-01 9.99999990e-01 9.99999992e-01 9.99999994e-01 9.99999995e-01 9.99999996e-01 9.99999996e-01 9.99999996e-01 9.99999996e-01 9.99999996e-01 9.99999995e-01 9.99999995e-01 9.99999995e-01 9.99999994e-01 9.99999994e-01 9.99999994e-01 9.99999993e-01 9.99999993e-01 9.99999993e-01 9.99999993e-01 9.99999993e-01 9.99999992e-01 9.99999992e-01 9.99999991e-01 9.99999991e-01 9.99999990e-01 9.99999989e-01 9.99999988e-01 9.99999987e-01 9.99999986e-01 9.99999985e-01 9.99999985e-01 9.99999984e-01
9.99999984e-01 9.99999985e-01 9.99999985e-01 9.99999986e-01 9.99999987e-01 9.99999988e-01 9.99999989e-01 9.99999990e-01 9.99999991e-01 9.99999991e-01 9.99999992e-01 9.99999992e-01 9.99999993e-01 9.99999993e-01 9.99999993e-01 9.99999993e-01 9.99999993e-01 9.99999994e-01 9.99999994e-01 9.99999994e-01 9.99999995e-01 9.99999995e-01 9.99999996e-01 9.99999996e-01 9.99999996e-01 9.99999996e-01 9.99999996e-01 9.99999996e-01 9.99999995e-01 9.99999993e-01 9.99999991e-01 9.99999988e-01 9.99999983e-01 9.99999978e-01 9.99999971e-01 9.99999962e-01 9.99999951e-01 9.99999938e-01 9.99999924e-01 9.99999907e-01 9.99999889e-01 9.99999870e-01 9.99999850e-01 9.99999831e-01 9.99999812e-01 9.99999794e-01 9.99999779e-01 9.99999766e-01 9.99999757e-01 9.99999752e-01 9.99999751e-01 9.99999754e-01 9.99999761e-01 9.99999772e-01 9.99999786e-01 9.99999803e-01 9.99999821e-01 9.99999841e-01 9.99999860e-01 9.99999880e-01 9.99999898e-01 9.99999916e-01 9.99999931e-01 9.99999945e-01 9.99999956e-01 9.99999966e-01 9.99999974e-01 9.99999981e-01 9.99999986e-01 9.99999989e-01 9.99999992e-01 9.99999994e-01 9.99999995e-01 9.99999996e-01 9.99999996e-01 9.99999996e-01 9.99999996e-01 9.99999996e-01 9.99999995e-01 9.99999995e-01 9.99999995e-01 9.99999994e-01 9.99999994e-01 9.99999994e-01 9.99999993e-01 9.99999993e-01 9.99999993e-01 9.99999993e-01 9.99999993e-01 9.99999992e-01 9.99999992e-01 9.99999991e-01 9.99999990e-01 9.99999989e-01 9.99999988e-01 9.99999987e-01 9.99999986e-01 9.99999985e-01 9.99999985e-01 9.99999985e-01 9.99999985e-01 9.99999985e-01 9.99999985e-01 9.99999986e-01 9.99999987e-01 9.99999988e-01 9.99999989e-01 9.99999990e-01 9.99999991e-01 9.99999992e-01 9.99999992e-01 9.99999993e-01 9.99999993e-01 9.99999993e-01 9.99999993e-01 9.99999993e-01 9.99999994e-01 9.99999994e-01 9.99999994e-01 9.99999995e-01 9.99999995e-01 9.99999995e-01 9.99999996e-01 9.99999996e-01 9.99999996e-01 9.99999996e-01 9.99999996e-01 9.99999995e-01 9.99999994e-01 9.99999992e-01 9.99999989e-01 9.99999986e-01 9.99999981e-01 9.99999974e-01 9.99999966e-01 9.99999956e-01 9.99999945e-01 9.99999931e-01 9.99999916e-01 9.99999898e-01 9.99999880e-01 9.99999860e-01 9.99999841e-01 9.99999821e-01 9.99999803e-01 9.99999786e-01 9.99999772e-01 9.99999761e-01 9.99999754e-01 9.99999751e-01 9.99999752e-01 9.99999757e-01 9.99999766e-01 9.99999779e-01 9.99999794e-01 9.99999812e-01 9.99999831e-01 9.99999850e-01 9.99999870e-01 9.99999889e-01 9.99999907e-01 9.99999924e-01 9.99999938e-01 9.99999951e-01 9.99999962e-01 9.99999971e-01 9.99999978e-01 9.99999983e-01 9.99999988e-01 9.99999991e-01 9.99999993e-01 9.99999995e-01 9.99999996e-01 9.99999996e-01 9.99999996e-01 9.99999996e-01 9.99999996e-01 9.99999996e-01 9.99999995e-01 9.99999995e-01 9.99999994e-01 9.99999994e-01 9.99999994e-01 9.99999993e-01 9.99999993e-01 9.99999993e-01 9.99999993e-01 9.99999993e-01 9.99999992e-01 9.99999992e-01 9.99999991e-01 9.99999991e-01 9.99999990e-01 9.99999989e-01 9.99999988e-01 9.99999987e-01 9.99999986e-01 9.99999985e-01 9.99999985e-01 9.99999984e-01
9.99999984e-01 9.99999985e-01 9.99999985e-01 9.99999986e-01 9.99999987e-01 9.99999988e-01 9.99999989e-01 9.99999990e-01 9.99999991e-01 9.99999991e-01 9.99999992e-01 9.99999992e-01 9.99999993e-01 9.99999993e-01 9.99999993e-01 9.99999993e-01 9.99999994e-01 9.99999994e-01 9.99999994e-01 9.99999994e-01 9.99999995e-01 9.99999995e-01 9.99999996e-01 9.99999996e-01 9.99999996e-01 9.99999996e-01 9.99999996e-01 9.99999995e-01 9.99999994e-01 9.99999992e-01 9.99999989e-01 9.99999985e-01 9.99999979e-01 9.99999972e-01 9.99999962e-01 9.99999951e-01 9.99999937e-01 9.99999920e-01 9.99999901e-01 9.99999880e-01 9.99999856e-01 9.99999831e-01 9.99999805e-01 9.99999779e-01 9.99999754e-01 9.99999731e-01 9.99999711e-01 9.99999694e-01 9.99999682e-01 9.99999675e-01 9.99999674e-01 9.99999678e-01 9.99999688e-01 9.99999702e-01 9.99999720e-01 9.99999742e-01 9.99999767e-01 9.99999792e-01 9.99999818e-01 9.99999844e-01 9.99999868e-01 9.99999891e-01 9.99999911e-01 9.99999929e-01 9.99999944e-01 9.99999957e-01 9.99999967e-01 9.99999976e-01 9.99999982e-01 9.99999987e-01 9.99999990e-01 9.99999993e-01 9.99999995e-01 9.99999996e-01 9.99999996e-01 9.99999996e-01 9.99999996e-01 9.99999996e-01 9.99999996e-01 9.99999995e-01 9.99999995e-01 9.99999994e-01 9.99999994e-01 9.99999994e-01 9.99999993e-01 9.99999993e-01 9.99999993e-01 9.99999993e-01 9.99999993e-01 9.99999992e-01 9.99999992e-01 9.99999991e-01 9.99999990e-01 9.99999989e-01 9.99999988e-01 9.99999987e-01 9.99999986e-01 9.99999985e-01 9.99999985e-01 9.99999985e-01 9.99999985e-01 9.99999985e-01 9.99999985e-01 9.99999986e-01 9.99999987e-01 9.99999988e-01 9.99999989e-01 9.99999990e-01 9.99999991e-01 9.99999992e-01 9.99999992e-01 9.99999993e-01 9.99999993e-01 9.99999993e-01 9.99999993e-01 9.99999993e-01 9.99999994e-01 9.99999994e-01 9.99999994e-01 9.99999995e-01 9.99999995e-01 9.99999996e-01 9.99999996e-01 9.99999996e-01 9.99999996e-01 9.99999996e-01 9.99999996e-01 9.99999995e-01 9.99999993e-01 9.99999990e-01 9.99999987e-01 9.99999982e-01 9.99999976e-01 9.99999967e-01 9.99999957e-01 9.99999944e-01 9.99999929e-01 9.99999911e-01 9.99999891e-01 9.99999868e-01 9.99999844e-01 9.99999818e-01 9.99999792e-01 9.99999767e-01 9.99999742e-01 9.99999720e-01 9.99999702e-01 9.99999688e-01 9.99999678e-01 9.99999674e-01 9.99999675e-01 9.99999682e-01 9.99999694e-01 9.99999711e-01 9.99999731e-01 9.99999754e-01 9.99999779e-01 9.99999805e-01 9.99999831e-01 9.99999856e-01 9.99999880e-01 9.99999901e-01 9.99999920e-01 9.99999937e-01 9.99999951e-01 9.99999962e-01 9.99999972e-01 9.99999979e-01 9.99999985e-01 9.99999989e-01 9.99999992e-01 9.99999994e-01 9.99999995e-01 9.99999996e-01 9.99999996e-01 9.99999996e-01 9.99999996e-01 9.99999996e-01 9.99999995e-01 9.99999995e-01 9.99999994e-01 9.99999994e-01 9.99999994e-01 9.99999994e-01 9.99999993e-01 9.99999993e-01 9.99999993e-01 9.99999993e-01 9.99999992e-01 9.99999992e-01 9.99999991e-01 9.99999991e-01 9.99999990e-01 9.99999989e-01 9.99999988e-01 9.99999987e-01 9.99999986e-01 9.99999985e-01 9.99999985e-01 9.99999984e-01
9.99999984e-01 9.99999985e-01 9.99999985e-01 9.99999986e-01 9.99999987e-01 9.99999988e-01 9.99999989e-01 9.99999990e-01 9.99999991e-01 9.99999991e-01 9.99999992e-01 9.99999992e-01 9.99999993e-01 9.99999993e-01 9.99999993e-01 9.99999993e-01 9.99999994e-01 9.99999994e-01 9.99999994e-01 9.99999995e-01 9.99999995e-01 9.99999995e-01 9.99999996e-01 9.99999996e-01 9.99999996e-01 9.99999996e-01 9.99999996e-01 9.99999994e-01 9.99999993e-01 9.99999990e-01 9.99999986e-01 9.99999981e-01 9.99999974e-01 9.99999964e-01 9.99999952e-01 9.99999937e-01 9.99999919e-01 9.99999897e-01 9.99999872e-01 9.99999844e-01 9.99999814e-01 9.99999781e-01 9.99999747e-01 9.99999713e-01 9.99999680e-01 9.99999649e-01 9.99999623e-01 9.99999601e-01 9.99999585e-01 9.99999576e-01 9.99999574e-01 9.99999580e-01 9.99999592e-01 9.99999611e-01 9.99999635e-01 9.99999664e-01 9.99999696e-01 9.99999730e-01 9.99999764e-01 9.99999797e-01 9.99999829e-01 9.99999859e-01 9.99999885e-01 9.99999909e-01 9.99999928e-01 9.99999945e-01 9.99999959e-01 9.99999969e-01 9.99999978e-01 9.99999984e-01 9.99999988e-01 9.99999992e-01 9.99999994e-01 9.99999995e-01 9.99999996e-01 9.99999996e-01 9.99999996e-01 9.99999996e-01 9.99999996e-01 9.99999995e-01 9.99999995e-01 9.99999994e-01 9.99999994e-01 9.99999994e-01 9.99999994e-01 9.99999993e-01 9.99999993e-01 9.99999993e-01 9.99999993e-01 9.99999992e-01 9.99999992e-01 9.99999991e-01 9.99999990e-01 9.99999989e-01 9.99999988e-01 9.99999987e-01 9.99999986e-01 9.99999985e-01 9.99999985e-01 9.99999985e-01 9.99999985e-01 9.99999985e-01 9.99999985e-01 9.99999986e-01 9.99999987e-01 9.99999988e-01 9.99999989e-01 9.99999990e-01 9.99999991e-01 9.99999992e-01 9.99999992e-01 9.99999993e-01 9.99999993e-01 9.99999993e-01 9.99999993e-01 9.99999994e-01 9.99999994e-01 9.99999994e-01 9.99999994e-01 9.99999995e-01 9.99999995e-01 9.99999996e-01 9.99999996e-01 9.99999996e-01 9.99999996e-01 9.99999996e-01 9.99999995e-01 9.99999994e-01 9.99999992e-01 9.99999988e-01 9.99999984e-01 9.99999978e-01 9.99999969e-01 9.99999959e-01 9.99999945e-01 9.99999928e-01 9.99999909e-01 9.99999885e-01 9.99999859e-01 9.99999829e-01 9.99999797e-01 9.99999764e-01 9.99999730e-01 9.99999696e-01 9.99999664e-01 9.99999635e-01 9.99999611e-01 9.99999592e-01 9.99999580e-01 9.99999574e-01 9.99999576e-01 9.99999585e-01 9.99999601e-01 9.99999623e-01 9.99999649e-01 9.99999680e-01 9.99999713e-01 9.99999747e-01 9.99999781e-01 9.99999814e-01 9.99999844e-01 9.99999872e-01 9.99999897e-01 9.99999919e-01 9.99999937e-01 9.99999952e-01 9.99999964e-01 9.99999974e-01 9.99999981e-01 9.99999986e-01 9.99999990e-01 9.99999993e-01 9.99999994e-01 9.99999996e-01 9.99999996e-01 9.99999996e-01 9.99999996e-01 9.99999996e-01 9.99999995e-01 9.99999995e-01 9.99999995e-01 9.99999994e-01 9.99999994e-01 9.99999994e-01 9.99999993e-01 9.99999993e-01 9.99999993e-01 9.99999993e-01 9.99999992e-01 9.99999992e-01 9.99999991e-01 9.99999991e-01 9.99999990e-01 9.99999989e-01 9.99999988e-01 9.99999987e-01 9.99999986e-01 9.99999985e-01 9.99999985e-01 9.99999984e-01
9.99999984e-01 9.99999985e-01 9.99999985e-01 9.99999986e-01 9.99999987e-01 9.99999988e-01 9.99999989e-01 9.99999990e-01 9.99999991e-01 9.99999991e-01 9.99999992e-01 9.99999992e-01 9.99999993e-01 9.99999993e-01 9.99999993e-01 9.99999993e-01 9.99999994e-01 9.99999994e-01 9.99999994e-01 9.99999995e-01 9.99999995e-01 9.99999996e-01 9.99999996e-01 9.99999996e-01 9.99999996e-01 9.99999996e-01 9.99999995e-01 9.99999994e-01 9.99999991e-01 9.99999988e-01 9.99999983e-01 9.99999976e-01 9.99999967e-01 9.99999955e-01 9.99999939e-01 9.99999920e-01 9.99999896e-01 9.99999868e-01 9.99999836e-01 9.99999799e-01 9.99999759e-01 9.99999716e-01 9.99999671e-01 9.99999627e-01 9.99999584e-01 9.99999544e-01 9.99999509e-01 9.99999480e-01 9.99999459e-01 9.99999448e-01 9.99999445e-01 9.99999452e-01 9.99999469e-01 9.99999494e-01 9.99999526e-01 9.99999563e-01 9.99999605e-01 9.99999649e-01 9.99999694e-01 9.99999738e-01 9.99999779e-01 9.99999818e-01 9.99999852e-01 9.99999883e-01 9.99999908e-01 9.99999930e-01 9.99999947e-01 9.99999961e-01 9.99999972e-01 9.99999980e-01 9.99999986e-01 9.99999990e-01 9.99999993e-01 9.99999994e-01 9.99999995e-01 9.99999996e-01 9.99999996e-01 9.99999996e-01 9.99999996e-01 9.99999995e-01 9.99999995e-01 9.99999995e-01 9.99999994e-01 9.99999994e-01 9.99999994e-01 9.99999993e-01 9.99999993e-01 9.99999993e-01 9.99999993e-01 9.99999992e-01 9.99999992e-01 9.99999991e-01 9.99999990e-01 9.99999989e-01 9.99999988e-01 9.99999987e-01 9.99999986e-01 9.99999985e-01 9.99999985e-01 9.99999985e-01 9.99999985e-01 9.99999985e-01 9.99999985e-01 9.99999986e-01 9.99999987e-01 9.99999988e-01 9.99999989e-01 9.99999990e-01 9.99999991e-01 9.99999992e-01 9.99999992e-01 9.99999993e-01 9.99999993e-01 9.99999993e-01 9.99999993e-01 9.99999994e-01 9.99999994e-01 9.99999994e-01 9.99999995e-01 9.99999995e-01 9.99999995e-01 9.99999996e-01 9.99999996e-01 9.99999996e-01 9.99999996e-01 9.99999995e-01 9.99999994e-01 9.99999993e-01 9.99999990e-01 9.99999986e-01 9.99999980e-01 9.99999972e-01 9.99999961e-01 9.99999947e-01 9.99999930e-01 9.99999908e-01 9.99999883e-01 9.99999852e-01 9.99999818e-01 9.99999779e-01 9.99999738e-01 9.99999694e-01 9.99999649e-01 9.99999605e-01 9.99999563e-01 9.99999526e-01 9.99999494e-01 9.99999469e-01 9.99999452e-01 9.99999445e-01 9.99999448e-01 9.99999459e-01 9.99999480e-01 9.99999509e-01 9.99999544e-01 9.99999584e-01 9.99999627e-01 9.99999671e-01 9.99999716e-01 9.99999759e-01 9.99999799e-01 9.99999836e-01 9.99999868e-01 9.99999896e-01 9.99999920e-01 9.99999939e-01 9.99999955e-01 9.99999967e-01 9.99999976e-01 9.99999983e-01 9.99999988e-01 9.99999991e-01 9.99999994e-01 9.99999995e-01 9.99999996e-01 9.99999996e-01 9.99999996e-01 9.99999996e-01 9.99999996e-01 9.99999995e-01 9.99999995e-01 9.99999994e-01 9.99999994e-01 9.99999994e-01 9.99999993e-01 9.99999993e-01 9.99999993e-01 9.99999993e-01 9.99999992e-01 9.99999992e-01 9.99999991e-01 9.99999991e-01 9.99999990e-01 9.99999989e-01 9.99999988e-01 9.99999987e-01 9.99999986e-01 9.99999985e-01 9.99999985e-01 9.99999984e-01
9.99999984e-01 9.99999985e-01 9.99999985e-01 9.99999986e-01 9.99999987e-01 9.99999988e-01 9.99999989e-01 9.99999990e-01 9.99999991e-01 9.99999991e-01 9.99999992e-01 9.99999992e-01 9.99999993e-01 9.99999993e-01 9.99999993e-01 9.99999994e-01 9.99999994e-01 9.99999994e-01 9.99999994e-01 9.99999995e-01 9.99999995e-01 9.99999996e-01 9.99999996e-01 9.99999996e-01 9.99999996e-01 9.99999995e-01 9.99999994e-01 9.99999993e-01 9.99999990e-01 9.99999985e-01 9.99999979e-01 9.99999970e-01 9.99999958e-01 9.99999943e-01 9.99999923e-01 9.99999897e-01 9.99999867e-01 9.99999831e-01 9.99999788e-01 9.99999741e-01 9.99999689e-01 9.99999633e-01 9.99999575e-01 9.99999516e-01 9.99999460e-01 9.99999408e-01 9.99999362e-01 9.99999325e-01 9.99999298e-01 9.99999282e-01 9.99999279e-01 9.99999288e-01 9.99999310e-01 9.99999342e-01 9.99999384e-01 9.99999433e-01 9.99999488e-01 9.99999545e-01 9.99999604e-01 9.99999661e-01 9.99999715e-01 9.99999765e-01 9.99999810e-01 9.99999849e-01 9.99999883e-01 9.99999911e-01 9.99999933e-01 9.99999951e-01 9.99999965e-01 9.99999975e-01 9.99999982e-01 9.99999988e-01 9.99999991e-01 9.99999994e-01 9.99999995e-01 9.99999996e-01 9.99999996e-01 9.99999996e-01 9.99999996e-01 9.99999995e-01 9.99999995e-01 9.99999995e-01 9.99999994e-01 9.99999994e-01 9.99999994e-01 9.99999993e-01 9.99999993e-01 9.99999993e-01 9.99999993e-01 9.99999992e-01 9.99999992e-01 9.99999991e-01 9.99999990e-01 9.99999989e-01 9.99999988e-01 9.99999987e-01 9.99999986e-01 9.99999985e-01 9.99999985e-01 9.99999985e-01 9.99999985e-01 9.99999985e-01 9.99999985e-01 9.99999986e-01 9.99999987e-01 9.99999988e-01 9.99999989e-01 9.99999990e-01 9.99999991e-01 9.99999992e-01 9.99999992e-01 9.99999993e-01 9.99999993e-01 9.99999993e-01 9.99999993e-01 9.99999994e-01 9.99999994e-01 9.99999994e-01 9.99999995e-01 9.99999995e-01 9.99999995e-01 9.99999996e-01 9.99999996e-01 9.99999996e-01 9.99999996e-01 9.99999995e-01 9.99999994e-01 9.99999991e-01 9.99999988e-01 9.99999982e-01 9.99999975e-01 9.99999965e-01 9.99999951e-01 9.99999933e-01 9.99999911e-01 9.99999883e-01 9.99999849e-01 9.99999810e-01 9.99999765e-01 9.99999715e-01 9.99999661e-01 9.99999604e-01 9.99999545e-01 9.99999488e-01 9.99999433e-01 9.99999384e-01 9.99999342e-01 9.99999310e-01 9.99999288e-01 9.99999279e-01 9.99999282e-01 9.99999298e-01 9.99999325e-01 9.99999362e-01 9.99999408e-01 9.99999460e-01 9.99999516e-01 9.99999575e-01 9.99999633e-01 9.99999689e-01 9.99999741e-01 9.99999788e-01 9.99999831e-01 9.99999867e-01 9.99999897e-01 9.99999923e-01 9.99999943e-01 9.99999958e-01 9.99999970e-01 9.99999979e-01 9.99999985e-01 9.99999990e-01 9.99999993e-01 9.99999994e-01 9.99999995e-01 9.99999996e-01 9.99999996e-01 9.99999996e-01 9.99999996e-01 9.99999995e-01 9.99999995e-01 9.99999994e-01 9.99999994e-01 9.99999994e-01 9.99999994e-01 9.99999993e-01 9.99999993e-01 9.99999993e-01 9.99999992e-01 9.99999992e-01 9.99999991e-01 9.99999991e-01 9.99999990e-01 9.99999989e-01 9.99999988e-01 9.99999987e-01 9.99999986e-01 9.99999985e-01 9.99999985e-01 9.99999984e-01
9.99999984e-01 9.99999985e-01 9.99999985e-01 9.99999986e-01 9.99999987e-01 9.99999988e-01 9.99999989e-01 9.99999990e-01 9.99999991e-01 9.99999991e-01 9.99999992e-01 9.99999992e-01 9.99999993e-01 9.99999993e-01 9.99999993e-01 9.99999994e-01 9.99999994e-01 9.99999994e-01 9.99999995e-01 9.99999995e-01 9.99999995e-01 9.99999996e-01 9.99999996e-01 9.99999996e-01 9.99999996e-01 9.99999995e-01 9.99999994e-01 9.99999991e-01 9.99999987e-01 9.99999982e-01 9.99999974e-01 9.99999963e-01 9.99999947e-01 9.99999927e-01 9.99999901e-01 9.99999869e-01 9.99999830e-01 9.99999783e-01 9.99999728e-01 9.99999667e-01 9.99999599e-01 9.99999526e-01 9.99999450e-01 9.99999375e-01 9.99999301e-01 9.99999233e-01 9.99999173e-01 9.99999125e-01 9.99999089e-01 9.99999069e-01 9.99999065e-01 9.99999077e-01 9.99999105e-01 9.99999148e-01 9.99999202e-01 9.99999266e-01 9.99999337e-01 9.99999412e-01 9.99999488e-01 9.99999563e-01 9.99999633e-01 9.99999698e-01 9.99999756e-01 9.99999807e-01 9.99999850e-01 9.99999886e-01 9.99999915e-01 9.99999938e-01 9.99999955e-01 9.99999969e-01 9.99999978e-01 9.99999985e-01 9.99999990e-01 9.99999993e-01 9.99999994e-01 9.99999995e-01 9.99999996e-01 9.99999996e-01 9.99999996e-01 9.99999996e-01 9.99999995e-01 9.99999995e-01 9.99999994e-01 9.99999994e-01 9.99999994e-01 9.99999993e-01 9.99999993e-01 9.99999993e-01 9.99999993e-01 9.99999992e-01 9.99999992e-01 9.99999991e-01 9.99999990e-01 9.99999989e-01 9.99999988e-01 9.99999987e-01 9.99999986e-01 9.99999985e-01 9.99999985e-01 9.99999985e-01 9.99999985e-01 9.99999985e-01 9.99999985e-01 9.99999986e-01 9.99999987e-01 9.99999988e-01 9.99999989e-01 9.99999990e-01 9.99999991e-01 9.99999992e-01 9.99999992e-01 9.99999993e-01 9.99999993e-01 9.99999993e-01 9.99999993e-01 9.99999994e-01 9.99999994e-01 9.99999994e-01 9.99999995e-01 9.99999995e-01 9.99999996e-01 9.99999996e-01 9.99999996e-01 9.99999996e-01 9.99999995e-01 9.99999994e-01 9.99999993e-01 9.99999990e-01 9.99999985e-01 9.99999978e-01 9.99999969e-01 9.99999955e-01 9.99999938e-01 9.99999915e-01 9.99999886e-01 9.99999850e-01 9.99999807e-01 9.99999756e-01 9.99999698e-01 9.99999633e-01 9.99999563e-01 9.99999488e-01 9.99999412e-01 9.99999337e-01 9.99999266e-01 9.99999202e-01 9.99999148e-01 9.99999105e-01 9.99999077e-01 9.99999065e-01 9.99999069e-01 9.99999089e-01 9.99999125e-01 9.99999173e-01 9.99999233e-01 9.99999301e-01 9.99999375e-01 9.99999450e-01 9.99999526e-01 9.99999599e-01 9.99999667e-01 9.99999728e-01 9.99999783e-01 9.99999830e-01 9.99999869e-01 9.99999901e-01 9.99999927e-01 9.99999947e-01 9.99999963e-01 9.99999974e-01 9.99999982e-01 9.99999987e-01 9.99999991e-01 9.99999994e-01 9.99999995e-01 9.99999996e-01 9.99999996e-01 9.99999996e-01 9.99999996e-01 9.99999995e-01 9.99999995e-01 9.99999995e-01 9.99999994e-01 9.99999994e-01 9.99999994e-01 9.99999993e-01 9.99999993e-01 9.99999993e-01 9.99999992e-01 9.99999992e-01 9.99999991e-01 9.99999991e-01 9.99999990e-01 9.99999989e-01 9.99999988e-01 9.99999987e-01 9.99999986e-01 9.99999985e-01 9.99999985e-01 9.99999984e-01
9.99999984e-01 9.99999985e-01 9.99999985e-01 9.99999986e-01 9.99999987e-01 9.99999988e-01 9.99999989e-01 9.99999990e-01 9.99999991e-01 9.99999991e-01 9.99999992e-01 9.99999992e-01 9.99999993e-01 9.99999993e-01 9.99999993e-01 9.99999994e-01 9.99999994e-01 9.99999994e-01 9.99999995e-01 9.99999995e-01 9.99999995e-01 9.99999996e-01 9.99999996e-01 9.99999996e-01 9.99999995e-01 9.99999994e-01 9.99999993e-01 9.99999990e-01 9.99999985e-01 9.99999978e-01 9.99999967e-01 9.99999953e-01 9.99999934e-01 9.99999908e-01 9.99999875e-01 9.99999833e-01 9.99999783e-01 9.99999722e-01 9.99999652e-01 9.99999572e-01 9.99999484e-01 9.99999390e-01 9.99999292e-01 9.99999193e-01 9.99999098e-01 9.99999009e-01 9.99998932e-01 9.99998868e-01 9.99998822e-01 9.99998796e-01 9.99998791e-01 9.99998807e-01 9.99998843e-01 9.99998898e-01 9.99998969e-01 9.99999053e-01 9.99999145e-01 9.99999242e-01 9.99999341e-01 9.99999437e-01 9.99999529e-01 9.99999613e-01 9.99999688e-01 9.99999754e-01 9.99999809e-01 9.99999855e-01 9.99999892e-01 9.99999922e-01 9.99999944e-01 9.99999961e-01 9.99999973e-01 9.99999982e-01 9.99999987e-01 9.99999991e-01 9.99999994e-01 9.99999995e-01 9.99999996e-01 9.99999996e-01 9.99999996e-01 9.99999996e-01 9.99999995e-01 9.99999995e-01 9.99999994e-01 9.99999994e-01 9.99999994e-01 9.99999994e-01 9.99999993e-01 9.99999993e-01 9.99999993e-01 9.99999992e-01 9.99999992e-01 9.99999991e-01 9.99999990e-01 9.99999989e-01 9.99999988e-01 9.99999987e-01 9.99999986e-01 9.99999985e-01 9.99999985e-01 9.99999985e-01 9.99999985e-01 9.99999985e-01 9.99999985e-01 9.99999986e-01 9.99999987e-01 9.99999988e-01 9.99999989e-01 9.99999990e-01 9.99999991e-01 9.99999992e-01 9.99999992e-01 9.99999993e-01 9.99999993e-01 9.99999993e-01 9.99999994e-01 9.99999994e-01 9.99999994e-01 9.99999994e-01 9.99999995e-01 9.99999995e-01 9.99999996e-01 9.99999996e-01 9.99999996e-01 9.99999996e-01 9.99999995e-01 9.99999994e-01 9.99999991e-01 9.99999987e-01 9.99999982e-01 9.99999973e-01 9.99999961e-01 9.99999944e-01 9.99999922e-01 9.99999892e-01 9.99999855e-01 9.99999809e-01 9.99999754e-01 9.99999688e-01 9.99999613e-01 9.99999529e-01 9.99999437e-01 9.99999341e-01 9.99999242e-01 9.99999145e-01 9.99999053e-01 9.99998969e-01 9.99998898e-01 9.99998843e-01 9.99998807e-01 9.99998791e-01 9.99998796e-01 9.99998822e-01 9.99998868e-01 9.99998932e-01 9.99999009e-01 9.99999098e-01 9.99999193e-01 9.99999292e-01 9.99999390e-01 9.99999484e-01 9.99999572e-01 9.99999652e-01 9.99999722e-01 9.99999783e-01 9.99999833e-01 9.99999875e-01 9.99999908e-01 9.99999934e-01 9.99999953e-01 9.99999967e-01 9.99999978e-01 9.99999985e-01 9.99999990e-01 9.99999993e-01 9.99999994e-01 9.99999995e-01 9.99999996e-01 9.99999996e-01 9.99999996e-01 9.99999995e-01 9.99999995e-01 9.99999995e-01 9.99999994e-01 9.99999994e-01 9.99999994e-01 9.99999993e-01 9.99999993e-01 9.99999993e-01 9.99999992e-01 9.99999992e-01 9.99999991e-01 9.99999991e-01 9.99999990e-01 9.99999989e-01 9.99999988e-01 9.99999987e-01 9.99999986e-01 9.99999985e-01 9.99999985e-01 9.99999984e-01
9.99999984e-01 9.99999985e-01 9.99999985e-01 9.99999986e-01 9.99999987e-01 9.99999988e-01 9.99999989e-01 9.99999990e-01 9.99999990e-01 9.99999991e-01 9.99999992e-01 9.99999992e-01 9.99999993e-01 9.99999993e-01 9.99999993e-01 9.99999994e-01 9.99999994e-01 9.99999994e-01 9.99999995e-01 9.99999995e-01 9.99999995e-01 9.99999996e-01 9.99999996e-01 9.99999996e-01 9.99999995e-01 9.99999994e-01 9.99999991e-01 9.99999987e-01 9.99999981e-01 9.99999972e-01 9.99999959e-01 9.99999941e-01 9.99999916e-01 9.99999884e-01 9.99999841e-01 9.99999788e-01 9.99999723e-01 9.99999645e-01 9.99999554e-01 9.99999451e-01 9.99999338e-01 9.99999216e-01 9.99999089e-01 9.99998962e-01 9.99998838e-01 9.99998724e-01 9.99998623e-01 9.99998541e-01 9.99998481e-01 9.99998447e-01 9.99998440e-01 9.99998461e-01 9.99998508e-01 9.99998579e-01 9.99998671e-01 9.99998780e-01 9.99998899e-01 9.99999025e-01 9.99999153e-01 9.99999278e-01 9.99999396e-01 9.99999504e-01 9.99999601e-01 9.99999686e-01 9.99999757e-01 9.99999816e-01 9.99999864e-01 9.99999901e-01 9.99999930e-01 9.99999951e-01 9.99999966e-01 9.99999977e-01 9.99999985e-01 9.99999990e-01 9.99999993e-01 9.99999994e-01 9.99999995e-01 9.99999996e-01 9.99999996e-01 9.99999996e-01 9.99999995e-01 9.99999995e-01 9.99999995e-01 9.99999994e-01 9.99999994e-01 9.99999994e-01 9.99999993e-01 9.99999993e-01 9.99999993e-01 9.99999992e-01 9.99999992e-01 9.99999991e-01 9.99999990e-01 9.99999989e-01 9.99999988e-01 9.99999987e-01 9.99999986e-01 9.99999985e-01 9.99999985e-01 9.99999985e-01 9.99999985e-01 9.99999985e-01 9.99999985e-01 9.99999986e-01 9.99999987e-01 9.99999988e-01 9.99999989e-01 9.99999990e-01 9.99999991e-01 9.99999992e-01 9.99999992e-01 9.99999993e-01 9.99999993e-01 9.99999993e-01 9.99999994e-01 9.99999994e-01 9.99999994e-01 9.99999995e-01 9.99999995e-01 9.99999995e-01 9.99999996e-01 9.99999996e-01 9.99999996e-01 9.99999995e-01 9.99999994e-01 9.99999993e-01 9.99999990e-01 9.99999985e-01 9.99999977e-01 9.99999966e-01 9.99999951e-01 9.99999930e-01 9.99999901e-01 9.99999864e-01 9.99999816e-01 9.99999757e-01 9.99999686e-01 9.99999601e-01 9.99999504e-01 9.99999396e-01 9.99999278e-01 9.99999153e-01 9.99999025e-01 9.99998899e-01 9.99998780e-01 9.99998671e-01 9.99998579e-01 9.99998508e-01 9.99998461e-01 9.99998440e-01 9.99998447e-01 9.99998481e-01 9.99998541e-01 9.99998623e-01 9.99998724e-01 9.99998838e-01 9.99998962e-01 9.99999089e-01 9.99999216e-01 9.99999338e-01 9.99999451e-01 9.99999554e-01 9.99999645e-01 9.99999723e-01 9.99999788e-01 9.99999841e-01 9.99999884e-01 9.99999916e-01 9.99999941e-01 9.99999959e-01 9.99999972e-01 9.99999981e-01 9.99999987e-01 9.99999991e-01 9.99999994e-01 9.99999995e-01 9.99999996e-01 9.99999996e-01 9.99999996e-01 9.99999995e-01 9.99999995e-01 9.99999995e-01 9.99999994e-01 9.99999994e-01 9.99999994e-01 9.99999993e-01 9.99999993e-01 9.99999993e-01 9.99999992e-01 9.99999992e-01 9.99999991e-01 9.99999990e-01 9.99999990e-01 9.99999989e-01 9.99999988e-01 9.99999987e-01 9.99999986e-01 9.99999985e-01 9.99999985e-01 9.99999984e-01
9.99999984e-01 9.99999985e-01 9.99999985e-01 9.99999986e-01 9.99999987e-01 9.99999988e-01 9.99999989e-01 9.99999990e-01 9.99999990e-01 9.99999991e-01 9.99999992e-01 9.99999992e-01 9.99999993e-01 9.99999993e-01 9.99999993e-01 9.99999994e-01 9.99999994e-01 9.99999994e-01 9.99999995e-01 9.99999995e-01 9.99999995e-01 9.99999996e-01 9.99999996e-01 9.99999995e-01 9.99999995e-01 9.99999993e-01 9.99999990e-01 9.99999985e-01 9.99999977e-01 9.99999966e-01 9.99999949e-01 9.99999926e-01 9.99999895e-01 9.99999853e-01 9.99999799e-01 9.99999731e-01 9.99999647e-01 9.99999547e-01 9.99999431e-01 9.99999298e-01 9.99999152e-01 9.99998995e-01 9.99998831e-01 9.99998667e-01 9.99998507e-01 9.99998359e-01 9.99998229e-01 9.99998123e-01 9.99998046e-01 9.99998002e-01 9.99997993e-01 9.99998020e-01 9.99998081e-01 9.99998173e-01 9.99998292e-01 9.99998432e-01 9.99998586e-01 9.99998749e-01 9.99998914e-01 9.99999074e-01 9.99999226e-01 9.99999366e-01 9.99999491e-01 9.99999599e-01 9.99999691e-01 9.99999767e-01 9.99999828e-01 9.99999875e-01 9.99999912e-01 9.99999939e-01 9.99999958e-01 9.99999972e-01 9.99999981e-01 9.99999988e-01 9.99999991e-01 9.99999994e-01 9.99999995e-01 9.99999996e-01 9.99999996e-01 9.99999996e-01 9.99999995e-01 9.99999995e-01 9.99999995e-01 9.99999994e-01 9.99999994e-01 9.99999994e-01 9.99999993e-01 9.99999993e-01 9.99999993e-01 9.99999992e-01 9.99999992e-01 9.99999991e-01 9.99999990e-01 9.99999989e-01 9.99999988e-01 9.99999987e-01 9.99999986e-01 9.99999985e-01 9.99999985e-01 9.99999985e-01 9.99999985e-01 9.99999985e-01 9.99999985e-01 9.99999986e-01 9.99999987e-01 9.99999988e-01 9.99999989e-01 9.99999990e-01 9.99999991e-01 9.99999992e-01 9.99999992e-01 9.99999993e-01 9.99999993e-01 9.99999993e-01 9.99999994e-01 9.99999994e-01 9.99999994e-01 9.99999995e-01 9.99999995e-01 9.99999995e-01 9.99999996e-01 9.99999996e-01 9.99999996e-01 9.99999995e-01 9.99999994e-01 9.99999991e-01 9.99999988e-01 9.99999981e-01 9.99999972e-01 9.99999958e-01 9.99999939e-01 9.99999912e-01 9.99999875e-01 9.99999828e-01 9.99999767e-01 9.99999691e-01 9.99999599e-01 9.99999491e-01 9.99999366e-01 9.99999226e-01 9.99999074e-01 9.99998914e-01 9.99998749e-01 9.99998586e-01 9.99998432e-01 9.99998292e-01 9.99998173e-01 9.99998081e-01 9.99998020e-01 9.99997993e-01 9.99998002e-01 9.99998046e-01 9.99998123e-01 9.99998229e-01 9.99998359e-01 9.99998507e-01 9.99998667e-01 9.99998831e-01 9.99998995e-01 9.99999152e-01 9.99999298e-01 9.99999431e-01 9.99999547e-01 9.99999647e-01 9.99999731e-01 9.99999799e-01 9.99999853e-01 9.99999895e-01 9.99999926e-01 9.99999949e-01 9.99999966e-01 9.99999977e-01 9.99999985e-01 9.99999990e-01 9.99999993e-01 9.99999995e-01 9.99999995e-01 9.99999996e-01 9.99999996e-01 9.99999995e-01 9.99999995e-01 9.99999995e-01 9.99999994e-01 9.99999994e-01 9.99999994e-01 9.99999993e-01 9.99999993e-01 9.99999993e-01 9.99999992e-01 9.99999992e-01 9.99999991e-01 9.99999990e-01 9.99999990e-01 9.99999989e-01 9.99999988e-01 9.99999987e-01 9.99999986e-01 9.99999985e-01 9.99999985e-01 9.99999984e-01
9.99999984e-01 9.99999985e-01 9.99999985e-01 9.99999986e-01 9.99999987e-01 9.99999988e-01 9.99999989e-01 9.99999990e-01 9.99999990e-01 9.99999991e-01 9.99999992e-01 9.99999992e-01 9.99999993e-01 9.99999993e-01 9.99999993e-01 9.99999994e-01 9.99999994e-01 9.99999994e-01 9.99999995e-01 9.99999995e-01 9.99999995e-01 9.99999996e-01 9.99999996e-01 9.99999995e-01 9.99999994e-01 9.99999992e-01 9.99999988e-01 9.99999982e-01 9.99999972e-01 9.99999958e-01 9.99999937e-01 9.99999908e-01 9.99999868e-01 9.99999815e-01 9.99999746e-01 9.99999659e-01 9.99999552e-01 9.99999424e-01 9.99999274e-01 9.99999104e-01 9.99998916e-01 9.99998714e-01 9.99998504e-01 9.99998293e-01 9.99998087e-01 9.99997897e-01 9.99997729e-01 9.99997593e-01 9.99997493e-01 9.99997437e-01 9.99997425e-01 9.99997459e-01 9.99997538e-01 9.99997657e-01 9.99997810e-01 9.99997990e-01 9.99998189e-01 9.99998398e-01 9.99998610e-01 9.99998817e-01 9.99999012e-01 9.99999191e-01 9.99999352e-01 9.99999491e-01 9.99999608e-01 9.99999705e-01 9.99999782e-01 9.99999843e-01 9.99999889e-01 9.99999924e-01 9.99999948e-01 9.99999966e-01 9.99999977e-01 9.99999985e-01 9.99999990e-01 9.99999993e-01 9.99999995e-01 9.99999995e-01 9.99999996e-01 9.99999996e-01 9.99999995e-01 9.99999995e-01 9.99999995e-01 9.99999994e-01 9.99999994e-01 9.99999994e-01 9.99999993e-01 9.99999993e-01 9.99999993e-01 9.99999992e-01 9.99999992e-01 9.99999991e-01 9.99999990e-01 9.99999989e-01 9.99999988e-01 9.99999987e-01 9.99999986e-01 9.99999985e-01 9.99999985e-01 9.99999985e-01 9.99999985e-01 9.99999985e-01 9.99999985e-01 9.99999986e-01 9.99999987e-01 9.99999988e-01 9.99999989e-01 9.99999990e-01 9.99999991e-01 9.99999992e-01 9.99999992e-01 9.99999993e-01 9.99999993e-01 9.99999993e-01 9.99999994e-01 9.99999994e-01 9.99999994e-01 9.99999995e-01 9.99999995e-01 9.99999995e-01 9.99999996e-01 9.99999996e-01 9.99999995e-01 9.99999995e-01 9.99999993e-01 9.99999990e-01 9.99999985e-01 9.99999977e-01 9.99999966e-01 9.99999948e-01 9.99999924e-01 9.99999889e-01 9.99999843e-01 9.99999782e-01 9.99999705e-01 9.99999608e-01 9.99999491e-01 9.99999352e-01 9.99999191e-01 9.99999012e-01 9.99998817e-01 9.99998610e-01 9.99998398e-01 9.99998189e-01 9.99997990e-01 9.99997810e-01 9.99997657e-01 9.99997538e-01 9.99997459e-01 9.99997425e-01 9.99997437e-01 9.99997493e-01 9.99997593e-01 9.99997729e-01 9.99997897e-01 9.99998087e-01 9.99998293e-01 9.99998504e-01 9.99998714e-01 9.99998916e-01 9.99999104e-01 9.99999274e-01 9.99999424e-01 9.99999552e-01 9.99999659e-01 9.99999746e-01 9.99999815e-01 9.99999868e-01 9.99999908e-01 9.99999937e-01 9.99999958e-01 9.99999972e-01 9.99999982e-01 9.99999988e-01 9.99999992e-01 9.99999994e-01 9.99999995e-01 9.99999996e-01 9.99999996e-01 9.99999995e-01 9.99999995e-01 9.99999995e-01 9.99999994e-01 9.99999994e-01 9.99999994e-01 9.99999993e-01 9.99999993e-01 9.99999993e-01 9.99999992e-01 9.99999992e-01 9.99999991e-01 9.99999990e-01 9.99999990e-01 9.99999989e-01 9.99999988e-01 9.99999987e-01 9.99999986e-01 9.99999985e-01 9.99999985e-01 9.99999984e-01
9.99999984e-01 9.99999985e-01 9.99999985e-01 9.99999986e-01 9.99999987e-01 9.99999988e-01 9.99999989e-01 9.99999990e-01 9.99999990e-01 9.99999991e-01 9.99999992e-01 9.99999992e-01 9.99999993e-01 9.99999993e-01 9.99999994e-01 9.99999994e-01 9.99999994e-01 9.99999994e-01 9.99999995e-01 9.99999995e-01 9.99999995e-01 9.99999996e-01 9.99999995e-01 9.99999995e-01 9.99999993e-01 9.99999990e-01 9.99999985e-01 9.99999978e-01 9.99999966e-01 9.99999948e-01 9.99999921e-01 9.99999885e-01 9.99999834e-01 9.99999767e-01 9.99999679e-01 9.99999568e-01 9.99999432e-01 9.99999268e-01 9.99999077e-01 9.99998859e-01 9.99998618e-01 9.99998359e-01 9.99998090e-01 9.99997819e-01 9.99997555e-01 9.99997311e-01 9.99997096e-01 9.99996920e-01 9.99996793e-01 9.99996720e-01 9.99996705e-01 9.99996749e-01 9.99996850e-01 9.99997002e-01 9.99997199e-01 9.99997430e-01 9.99997685e-01 9.99997954e-01 9.99998226e-01 9.99998491e-01 9.99998741e-01 9.99998971e-01 9.99999176e-01 9.99999353e-01 9.99999503e-01 9.99999627e-01 9.99999726e-01 9.99999803e-01 9.99999861e-01 9.99999905e-01 9.99999936e-01 9.99999958e-01 9.99999972e-01 9.99999982e-01 9.99999988e-01 9.99999992e-01 9.99999994e-01 9.99999995e-01 9.99999995e-01 9.99999995e-01 9.99999995e-01 9.99999995e-01 9.99999995e-01 9.99999994e-01 9.99999994e-01 9.99999994e-01 9.99999993e-01 9.99999993e-01 9.99999993e-01 9.99999992e-01 9.99999992e-01 9.99999991e-01 9.99999990e-01 9.99999989e-01 9.99999988e-01 9.99999987e-01 9.99999986e-01 9.99999985e-01 9.99999985e-01 9.99999985e-01 9.99999985e-01 9.99999985e-01 9.99999985e-01 9.99999986e-01 9.99999987e-01 9.99999988e-01 9.99999989e-01 9.99999990e-01 9.99999991e-01 9.99999992e-01 9.99999992e-01 9.99999993e-01 9.99999993e-01 9.99999993e-01 9.99999994e-01 9.99999994e-01 9.99999994e-01 9.99999995e-01 9.99999995e-01 9.99999995e-01 9.99999995e-01 9.99999995e-01 9.99999995e-01 9.99999994e-01 9.99999992e-01 9.99999988e-01 9.99999982e-01 9.99999972e-01 9.99999958e-01 9.99999936e-01 9.99999905e-01 9.99999861e-01 9.99999803e-01 9.99999726e-01 9.99999627e-01 9.99999503e-01 9.99999353e-01 9.99999176e-01 9.99998971e-01 9.99998741e-01 9.99998491e-01 9.99998226e-01 9.99997954e-01 9.99997685e-01 9.99997430e-01 9.99997199e-01 9.99997002e-01 9.99996850e-01 9.99996749e-01 9.99996705e-01 9.99996720e-01 9.99996793e-01 9.99996920e-01 9.99997096e-01 9.99997311e-01 9.99997555e-01 9.99997819e-01 9.99998090e-01 9.99998359e-01 9.99998618e-01 9.99998859e-01 9.99999077e-01 9.99999268e-01 9.99999432e-01 9.99999568e-01 9.99999679e-01 9.99999767e-01 9.99999834e-01 9.99999885e-01 9.99999921e-01 9.99999948e-01 9.99999966e-01 9.99999978e-01 9.99999985e-01 9.99999990e-01 9.99999993e-01 9.99999995e-01 9.99999995e-01 9.99999996e-01 9.99999995e-01 9.99999995e-01 9.99999995e-01 9.99999994e-01 9.99999994e-01 9.99999994e-01 9.99999994e-01 9.99999993e-01 9.99999993e-01 9.99999992e-01 9.99999992e-01 9.99999991e-01 9.99999990e-01 9.99999990e-01 9.99999989e-01 9.99999988e-01 9.99999987e-01 9.99999986e-01 9.99999985e-01 9.99999985e-01 9.99999984e-01
9.99999984e-01 9.99999985e-01 9.99999985e-01 9.99999986e-01 9.99999987e-01 9.99999988e-01 9.99999989e-01 9.99999990e-01 9.99999990e-01 9.99999991e-01 9.99999992e-01 9.99999992e-01 9.99999993e-01 9.99999993e-01 9.99999994e-01 9.99999994e-01 9.99999994e-01 9.99999994e-01 9.99999995e-01 9.99999995e-01 9.99999995e-01 9.99999995e-01 9.99999995e-01 9.99999994e-01 9.99999992e-01 9.99999989e-01 9.99999983e-01 9.99999973e-01 9.99999958e-01 9.99999935e-01 9.99999902e-01 9.99999856e-01 9.99999792e-01 9.99999706e-01 9.99999595e-01 9.99999454e-01 9.99999281e-01 9.99999072e-01 9.99998828e-01 9.99998550e-01 9.99998242e-01 9.99997912e-01 9.99997567e-01 9.99997220e-01 9.99996883e-01 9.99996570e-01 9.99996295e-01 9.99996071e-01 9.99995908e-01 9.99995814e-01 9.99995795e-01 9.99995852e-01 9.99995981e-01 9.99996176e-01 9.99996427e-01 9.99996723e-01 9.99997049e-01 9.99997393e-01 9.99997740e-01 9.99998079e-01 9.99998399e-01 9.99998693e-01 9.99998954e-01 9.99999181e-01 9.99999372e-01 9.99999529e-01 9.99999654e-01 9.99999752e-01 9.99999826e-01 9.99999881e-01 9.99999920e-01 9.99999948e-01 9.99999966e-01 9.99999978e-01 9.99999986e-01 9.99999991e-01 9.99999993e-01 9.99999995e-01 9.99999995e-01 9.99999995e-01 9.99999995e-01 9.99999995e-01 9.99999995e-01 9.99999994e-01 9.99999994e-01 9.99999994e-01 9.99999993e-01 9.99999993e-01 9.99999993e-01 9.99999992e-01 9.99999992e-01 9.99999991e-01 9.99999990e-01 9.99999989e-01 9.99999988e-01 9.99999987e-01 9.99999986e-01 9.99999985e-01 9.99999985e-01 9.99999985e-01 9.99999985e-01 9.99999985e-01 9.99999985e-01 9.99999986e-01 9.99999987e-01 9.99999988e-01 9.99999989e-01 9.99999990e-01 9.99999991e-01 9.99999992e-01 9.99999992e-01 9.99999993e-01 9.99999993e-01 9.99999993e-01 9.99999994e-01 9.99999994e-01 9.99999994e-01 9.99999995e-01 9.99999995e-01 9.99999995e-01 9.99999995e-01 9.99999995e-01 9.99999995e-01 9.99999993e-01 9.99999991e-01 9.99999986e-01 9.99999978e-01 9.99999966e-01 9.99999948e-01 9.99999920e-01 9.99999881e-01 9.99999826e-01 9.99999752e-01 9.99999654e-01 9.99999529e-01 9.99999372e-01 9.99999181e-01 9.99998954e-01 9.99998693e-01 9.99998399e-01 9.99998079e-01 9.99997740e-01 9.99997393e-01 9.99997049e-01 9.99996723e-01 9.99996427e-01 9.99996176e-01 9.99995981e-01 9.99995852e-01 9.99995795e-01 9.99995814e-01 9.99995908e-01 9.99996071e-01 9.99996295e-01 9.99996570e-01 9.99996883e-01 9.99997220e-01 9.99997567e-01 9.99997912e-01 9.99998242e-01 9.99998550e-01 9.99998828e-01 9.99999072e-01 9.99999281e-01 9.99999454e-01 9.99999595e-01 9.99999706e-01 9.99999792e-01 9.99999856e-01 9.99999902e-01 9.99999935e-01 9.99999958e-01 9.99999973e-01 9.99999983e-01 9.99999989e-01 9.99999992e-01 9.99999994e-01 9.99999995e-01 9.99999995e-01 9.99999995e-01 9.99999995e-01 9.99999995e-01 9.99999994e-01 9.99999994e-01 9.99999994e-01 9.99999994e-01 9.99999993e-01 9.99999993e-01 9.99999992e-01 9.99999992e-01 9.99999991e-01 9.99999990e-01 9.99999990e-01 9.99999989e-01 9.99999988e-01 9.99999987e-01 9.99999986e-01 9.99999985e-01 9.99999985e-01 9.99999984e-01
9.99999984e-01 9.99999985e-01 9.99999985e-01 9.99999986e-01 9.99999987e-01 9.99999988e-01 9.99999989e-01 9.99999990e-01 9.99999990e-01 9.99999991e-01 9.99999992e-01 9.99999992e-01 9.99999993e-01 9.99999993e-01 9.99999994e-01 9.99999994e-01 9.99999994e-01 9.99999994e-01 9.99999995e-01 9.99999995e-01 9.99999995e-01 9.99999995e-01 9.99999995e-01 9.99999994e-01 9.99999991e-01 9.99999987e-01 9.99999979e-01 9.99999967e-01 9.99999948e-01 9.99999920e-01 9.99999878e-01 9.99999820e-01 9.99999739e-01 9.99999631e-01 9.99999490e-01 9.99999312e-01 9.99999091e-01 9.99998826e-01 9.99998515e-01 9.99998161e-01 9.99997769e-01 9.99997348e-01 9.99996909e-01 9.99996466e-01 9.99996037e-01 9.99995638e-01 9.99995287e-01 9.99995001e-01 9.99994793e-01 9.99994674e-01 9.99994650e-01 9.99994722e-01 9.99994886e-01 9.99995135e-01 9.99995455e-01 9.99995832e-01 9.99996249e-01 9.99996687e-01 9.99997130e-01 9.99997562e-01 9.99997970e-01 9.99998343e-01 9.99998676e-01 9.99998964e-01 9.99999207e-01 9.99999406e-01 9.99999565e-01 9.99999689e-01 9.99999783e-01 9.99999852e-01 9.99999901e-01 9.99999935e-01 9.99999959e-01 9.99999974e-01 9.99999983e-01 9.99999989e-01 9.99999992e-01 9.99999994e-01 9.99999995e-01 9.99999995e-01 9.99999995e-01 9.99999995e-01 9.99999995e-01 9.99999994e-01 9.99999994e-01 9.99999994e-01 9.99999993e-01 9.99999993e-01 9.99999993e-01 9.99999992e-01 9.99999992e-01 9.99999991e-01 9.99999990e-01 9.99999989e-01 9.99999988e-01 9.99999987e-01 9.99999986e-01 9.99999985e-01 9.99999985e-01 9.99999985e-01 9.99999985e-01 9.99999985e-01 9.99999985e-01 9.99999986e-01 9.99999987e-01 9.99999988e-01 9.99999989e-01 9.99999990e-01 9.99999991e-01 9.99999992e-01 9.99999992e-01 9.99999993e-01 9.99999993e-01 9.99999993e-01 9.99999994e-01 9.99999994e-01 9.99999994e-01 9.99999995e-01 9.99999995e-01 9.99999995e-01 9.99999995e-01 9.99999995e-01 9.99999994e-01 9.99999992e-01 9.99999989e-01 9.99999983e-01 9.99999974e-01 9.99999959e-01 9.99999935e-01 9.99999901e-01 9.99999852e-01 9.99999783e-01 9.99999689e-01 9.99999565e-01 9.99999406e-01 9.99999207e-01 9.99998964e-01 9.99998676e-01 9.99998343e-01 9.99997970e-01 9.99997562e-01 9.99997130e-01 9.99996687e-01 9.99996249e-01 9.99995832e-01 9.99995455e-01 9.99995135e-01 9.99994886e-01 9.99994722e-01 9.99994650e-01 9.99994674e-01 9.99994793e-01 9.99995001e-01 9.99995287e-01 9.99995638e-01 9.99996037e-01 9.99996466e-01 9.99996909e-01 9.99997348e-01 9.99997769e-01 9.99998161e-01 9.99998515e-01 9.99998826e-01 9.99999091e-01 9.99999312e-01 9.99999490e-01 9.99999631e-01 9.99999739e-01 9.99999820e-01 9.99999878e-01 9.99999920e-01 9.99999948e-01 9.99999967e-01 9.99999979e-01 9.99999987e-01 9.99999991e-01 9.99999994e-01 9.99999995e-01 9.99999995e-01 9.99999995e-01 9.99999995e-01 9.99999995e-01 9.99999994e-01 9.99999994e-01 9.99999994e-01 9.99999994e-01 9.99999993e-01 9.99999993e-01 9.99999992e-01 9.99999992e-01 9.99999991e-01 9.99999990e-01 9.99999990e-01 9.99999989e-01 9.99999988e-01 9.99999987e-01 9.99999986e-01 9.99999985e-01 9.99999985e-01 9.99999984e-01
9.99999984e-01 9.99999985e-01 9.99999985e-01 9.99999986e-01 9.99999987e-01 9.99999988e-01 9.99999989e-01 9.99999990e-01 9.99999990e-01 9.99999991e-01 9.99999992e-01 9.99999992e-01 9.99999993e-01 9.99999993e-01 9.99999994e-01 9.99999994e-01 9.99999994e-01 9.99999994e-01 9.99999995e-01 9.99999995e-01 9.99999995e-01 9.99999995e-01 9.99999994e-01 9.99999993e-01 9.99999990e-01 9.99999984e-01 9.99999975e-01 9.99999960e-01 9.99999936e-01 9.99999901e-01 9.99999849e-01 9.99999775e-01 9.99999674e-01 9.99999537e-01 9.99999359e-01 9.99999133e-01 9.99998854e-01 9.99998517e-01 9.99998123e-01 9.99997674e-01 9.99997176e-01 9.99996641e-01 9.99996083e-01 9.99995521e-01 9.99994975e-01 9.99994468e-01 9.99994022e-01 9.99993658e-01 9.99993394e-01 9.99993243e-01 9.99993213e-01 9.99993304e-01 9.99993513e-01 9.99993829e-01 9.99994236e-01 9.99994715e-01 9.99995244e-01 9.99995801e-01 9.99996364e-01 9.99996912e-01 9.99997430e-01 9.99997905e-01 9.99998327e-01 9.99998693e-01 9.99999000e-01 9.99999253e-01 9.99999454e-01 9.99999610e-01 9.99999728e-01 9.99999815e-01 9.99999877e-01 9.99999920e-01 9.99999949e-01 9.99999968e-01 9.99999980e-01 9.99999987e-01 9.99999991e-01 9.99999994e-01 9.99999995e-01 9.99999995e-01 9.99999995e-01 9.99999995e-01 9.99999995e-01 9.99999994e-01 9.99999994e-01 9.99999994e-01 9.99999993e-01 9.99999993e-01 9.99999993e-01 9.99999992e-01 9.99999992e-01 9.99999991e-01 9.99999990e-01 9.99999989e-01 9.99999988e-01 9.99999987e-01 9.99999986e-01 9.99999985e-01 9.99999985e-01 9.99999985e-01 9.99999985e-01 9.99999985e-01 9.99999985e-01 9.99999986e-01 9.99999987e-01 9.99999988e-01 9.99999989e-01 9.99999990e-01 9.99999991e-01 9.99999992e-01 9.99999992e-01 9.99999993e-01 9.99999993e-01 9.99999993e-01 9.99999994e-01 9.99999994e-01 9.99999994e-01 9.99999995e-01 9.99999995e-01 9.99999995e-01 9.99999995e-01 9.99999995e-01 9.99999994e-01 9.99999991e-01 9.99999987e-01 9.99999980e-01 9.99999968e-01 9.99999949e-01 9.99999920e-01 9.99999877e-01 9.99999815e-01 9.99999728e-01 9.99999610e-01 9.99999454e-01 9.99999253e-01 9.99999000e-01 9.99998693e-01 9.99998327e-01 9.99997905e-01 9.99997430e-01 9.99996912e-01 9.99996364e-01 9.99995801e-01 9.99995244e-01 9.99994715e-01 9.99994236e-01 9.99993829e-01 9.99993513e-01 9.99993304e-01 9.99993213e-01 9.99993243e-01 9.99993394e-01 9.99993658e-01 9.99994022e-01 9.99994468e-01 9.99994975e-01 9.99995521e-01 9.99996083e-01 9.99996641e-01 9.99997176e-01 9.99997674e-01 9.99998123e-01 9.99998517e-01 9.99998854e-01 9.99999133e-01 9.99999359e-01 9.99999537e-01 9.99999674e-01 9.99999775e-01 9.99999849e-01 9.99999901e-01 9.99999936e-01 9.99999960e-01 9.99999975e-01 9.99999984e-01 9.99999990e-01 9.99999993e-01 9.99999994e-01 9.99999995e-01 9.99999995e-01 9.99999995e-01 9.99999995e-01 9.99999994e-01 9.99999994e-01 9.99999994e-01 9.99999994e-01 9.99999993e-01 9.99999993e-01 9.99999992e-01 9.99999992e-01 9.99999991e-01 9.99999990e-01 9.99999990e-01 9.99999989e-01 9.99999988e-01 9.99999987e-01 9.99999986e-01 9.99999985e-01 9.99999985e-01 9.99999984e-01
9.99999984e-01 9.99999985e-01 9.99999985e-01 9.99999986e-01 9.99999987e-01 9.99999988e-01 9.99999989e-01 9.99999990e-01 9.99999990e-01 9.99999991e-01 9.99999992e-01 9.99999992e-01 9.99999993e-01 9.99999993e-01 9.99999994e-01 9.99999994e-01 9.99999994e-01 9.99999994e-01 9.99999995e-01 9.99999995e-01 9.99999995e-01 9.99999995e-01 9.99999994e-01 9.99999992e-01 9.99999988e-01 9.99999981e-01 9.99999970e-01 9.99999951e-01 9.99999922e-01 9.99999877e-01 9.99999812e-01 9.99999720e-01 9.99999592e-01 9.99999421e-01 9.99999196e-01 9.99998911e-01 9.99998557e-01 9.99998132e-01 9.99997633e-01 9.99997064e-01 9.99996434e-01 9.99995756e-01 9.99995050e-01 9.99994338e-01 9.99993646e-01 9.99993004e-01 9.99992440e-01 9.99991979e-01 9.99991645e-01 9.99991454e-01 9.99991415e-01 9.99991531e-01 9.99991795e-01 9.99992195e-01 9.99992711e-01 9.99993317e-01 9.99993988e-01 9.99994693e-01 9.99995405e-01 9.99996100e-01 9.99996756e-01 9.99997357e-01 9.99997891e-01 9.99998354e-01 9.99998743e-01 9.99999061e-01 9.99999316e-01 9.99999512e-01 9.99999661e-01 9.99999770e-01 9.99999848e-01 9.99999902e-01 9.99999938e-01 9.99999961e-01 9.99999976e-01 9.99999985e-01 9.99999990e-01 9.99999993e-01 9.99999994e-01 9.99999995e-01 9.99999995e-01 9.99999995e-01 9.99999995e-01 9.99999994e-01 9.99999994e-01 9.99999994e-01 9.99999993e-01 9.99999993e-01 9.99999993e-01 9.99999992e-01 9.99999992e-01 9.99999991e-01 9.99999990e-01 9.99999989e-01 9.99999988e-01 9.99999987e-01 9.99999986e-01 9.99999985e-01 9.99999985e-01 9.99999985e-01 9.99999985e-01 9.99999985e-01 9.99999985e-01 9.99999986e-01 9.99999987e-01 9.99999988e-01 9.99999989e-01 9.99999990e-01 9.99999991e-01 9.99999992e-01 9.99999992e-01 9.99999993e-01 9.99999993e-01 9.99999993e-01 9.99999994e-01 9.99999994e-01 9.99999994e-01 9.99999995e-01 9.99999995e-01 9.99999995e-01 9.99999995e-01 9.99999994e-01 9.99999993e-01 9.99999990e-01 9.99999985e-01 9.99999976e-01 9.99999961e-01 9.99999938e-01 9.99999902e-01 9.99999848e-01 9.99999770e-01 9.99999661e-01 9.99999512e-01 9.99999316e-01 9.99999061e-01 9.99998743e-01 9.99998354e-01 9.99997891e-01 9.99997357e-01 9.99996756e-01 9.99996100e-01 9.99995405e-01 9.99994693e-01 9.99993988e-01 9.99993317e-01 9.99992711e-01 9.99992195e-01 9.99991795e-01 9.99991531e-01 9.99991415e-01 9.99991454e-01 9.99991645e-01 9.99991979e-01 9.99992440e-01 9.99993004e-01 9.99993646e-01 9.99994338e-01 9.99995050e-01 9.99995756e-01 9.99996434e-01 9.99997064e-01 9.99997633e-01 9.99998132e-01 9.99998557e-01 9.99998911e-01 9.99999196e-01 9.99999421e-01 9.99999592e-01 9.99999720e-01 9.99999812e-01 9.99999877e-01 9.99999922e-01 9.99999951e-01 9.99999970e-01 9.99999981e-01 9.99999988e-01 9.99999992e-01 9.99999994e-01 9.99999995e-01 9.99999995e-01 9.99999995e-01 9.99999995e-01 9.99999994e-01 9.99999994e-01 9.99999994e-01 9.99999994e-01 9.99999993e-01 9.99999993e-01 9.99999992e-01 9.99999992e-01 9.99999991e-01 9.99999990e-01 9.99999990e-01 9.99999989e-01 9.99999988e-01 9.99999987e-01 9.99999986e-01 9.99999985e-01 9.99999985e-01 9.99999984e-01
9.99999984e-01 9.99999985e-01 9.99999985e-01 9.99999986e-01 9.99999987e-01 9.99999988e-01 9.99999989e-01 9.99999990e-01 9.99999990e-01 9.99999991e-01 9.99999992e-01 9.99999992e-01 9.99999993e-01 9.99999993e-01 9.99999993e-01 9.99999994e-01 9.99999994e-01 9.99999994e-01 9.99999995e-01 9.99999995e-01 9.99999995e-01 9.99999994e-01 9.99999993e-01 9.99999991e-01 9.99999986e-01 9.99999977e-01 9.99999963e-01 9.99999940e-01 9.99999904e-01 9.99999848e-01 9.99999767e-01 9.99999652e-01 9.99999491e-01 9.99999276e-01 9.99998993e-01 9.99998633e-01 9.99998188e-01 9.99997651e-01 9.99997022e-01 9.99996304e-01 9.99995509e-01 9.99994653e-01 9.99993761e-01 9.99992862e-01 9.99991990e-01 9.99991180e-01 9.99990468e-01 9.99989887e-01 9.99989465e-01 9.99989224e-01 9.99989175e-01 9.99989321e-01 9.99989655e-01 9.99990159e-01 9.99990809e-01 9.99991575e-01 9.99992421e-01 9.99993311e-01 9.99994210e-01 9.99995087e-01 9.99995915e-01 9.99996673e-01 9.99997348e-01 9.99997931e-01 9.99998422e-01 9.99998824e-01 9.99999143e-01 9.99999391e-01 9.99999578e-01 9.99999714e-01 9.99999812e-01 9.99999879e-01 9.99999924e-01 9.99999953e-01 9.99999971e-01 9.99999982e-01 9.99999989e-01 9.99999992e-01 9.99999994e-01 9.99999995e-01 9.99999995e-01 9.99999995e-01 9.99999995e-01 9.99999994e-01 9.99999994e-01 9.99999994e-01 9.99999993e-01 9.99999993e-01 9.99999993e-01 9.99999992e-01 9.99999992e-01 9.99999991e-01 9.99999990e-01 9.99999989e-01 9.99999988e-01 9.99999987e-01 9.99999986e-01 9.99999985e-01 9.99999985e-01 9.99999985e-01 9.99999985e-01 9.99999985e-01 9.99999985e-01 9.99999986e-01 9.99999987e-01 9.99999988e-01 9.99999989e-01 9.99999990e-01 9.99999991e-01 9.99999992e-01 9.99999992e-01 9.99999993e-01 9.99999993e-01 9.99999993e-01 9.99999994e-01 9.99999994e-01 9.99999994e-01 9.99999995e-01 9.99999995e-01 9.99999995e-01 9.99999995e-01 9.99999994e-01 9.99999992e-01 9.99999989e-01 9.99999982e-01 9.99999971e-01 9.99999953e-01 9.99999924e-01 9.99999879e-01 9.99999812e-01 9.99999714e-01 9.99999578e-01 9.99999391e-01 9.99999143e-01 9.99998824e-01 9.99998422e-01 9.99997931e-01 9.99997348e-01 9.99996673e-01 9.99995915e-01 9.99995087e-01 9.99994210e-01 9.99993311e-01 9.99992421e-01 9.99991575e-01 9.99990809e-01 9.99990159e-01 9.99989655e-01 9.99989321e-01 9.99989175e-01 9.99989224e-01 9.99989465e-01 9.99989887e-01 9.99990468e-01 9.99991180e-01 9.99991990e-01 9.99992862e-01 9.99993761e-01 9.99994653e-01 9.99995509e-01 9.99996304e-01 9.99997022e-01 9.99997651e-01 9.99998188e-01 9.99998633e-01 9.99998993e-01 9.99999276e-01 9.99999491e-01 9.99999652e-01 9.99999767e-01 9.99999848e-01 9.99999904e-01 9.99999940e-01 9.99999963e-01 9.99999977e-01 9.99999986e-01 9.99999991e-01 9.99999993e-01 9.99999994e-01 9.99999995e-01 9.99999995e-01 9.99999995e-01 9.99999994e-01 9.99999994e-01 9.99999994e-01 9.99999993e-01 9.99999993e-01 9.99999993e-01 9.99999992e-01 9.99999992e-01 9.99999991e-01 9.99999990e-01 9.99999990e-01 9.99999989e-01 9.99999988e-01 9.99999987e-01 9.99999986e-01 9.99999985e-01 9.99999985e-01 9.99999984e-01
9.99999984e-01 9.99999985e-01 9.99999985e-01 9.99999986e-01 9.99999987e-01 9.99999988e-01 9.99999989e-01 9.99999990e-01 9.99999990e-01 9.99999991e-01 9.99999992e-01 9.99999992e-01 9.99999993e-01 9.99999993e-01 9.99999993e-01 9.99999994e-01 9.99999994e-01 9.99999994e-01 9.99999995e-01 9.99999995e-01 9.99999995e-01 9.99999994e-01 9.99999993e-01 9.99999989e-01 9.99999984e-01 9.99999973e-01 9.99999955e-01 9.99999927e-01 9.99999881e-01 9.99999813e-01 9.99999712e-01 9.99999567e-01 9.99999366e-01 9.99999096e-01 9.99998741e-01 9.99998289e-01 9.99997729e-01 9.99997054e-01 9.99996262e-01 9.99995359e-01 9.99994358e-01 9.99993282e-01 9.99992160e-01 9.99991030e-01 9.99989933e-01 9.99988914e-01 9.99988019e-01 9.99987289e-01 9.99986759e-01 9.99986456e-01 9.99986395e-01 9.99986578e-01 9.99986997e-01 9.99987631e-01 9.99988448e-01 9.99989411e-01 9.99990474e-01 9.99991593e-01 9.99992725e-01 9.99993828e-01 9.99994870e-01 9.99995824e-01 9.99996672e-01 9.99997406e-01 9.99998023e-01 9.99998528e-01 9.99998930e-01 9.99999241e-01 9.99999475e-01 9.99999646e-01 9.99999767e-01 9.99999851e-01 9.99999906e-01 9.99999943e-01 9.99999965e-01 9.99999979e-01 9.99999987e-01 9.99999991e-01 9.99999993e-01 9.99999994e-01 9.99999995e-01 9.99999995e-01 9.99999994e-01 9.99999994e-01 9.99999994e-01 9.99999994e-01 9.99999993e-01 9.99999993e-01 9.99999993e-01 9.99999992e-01 9.99999992e-01 9.99999991e-01 9.99999990e-01 9.99999989e-01 9.99999988e-01 9.99999987e-01 9.99999986e-01 9.99999985e-01 9.99999985e-01 9.99999985e-01 9.99999985e-01 9.99999985e-01 9.99999985e-01 9.99999986e-01 9.99999987e-01 9.99999988e-01 9.99999989e-01 9.99999990e-01 9.99999991e-01 9.99999992e-01 9.99999992e-01 9.99999993e-01 9.99999993e-01 9.99999993e-01 9.99999994e-01 9.99999994e-01 9.99999994e-01 9.99999994e-01 9.99999995e-01 9.99999995e-01 9.99999994e-01 9.99999993e-01 9.99999991e-01 9.99999987e-01 9.99999979e-01 9.99999965e-01 9.99999943e-01 9.99999906e-01 9.99999851e-01 9.99999767e-01 9.99999646e-01 9.99999475e-01 9.99999241e-01 9.99998930e-01 9.99998528e-01 9.99998023e-01 9.99997406e-01 9.99996672e-01 9.99995824e-01 9.99994870e-01 9.99993828e-01 9.99992725e-01 9.99991593e-01 9.99990474e-01 9.99989411e-01 9.99988448e-01 9.99987631e-01 9.99986997e-01 9.99986578e-01 9.99986395e-01 9.99986456e-01 9.99986759e-01 9.99987289e-01 9.99988019e-01 9.99988914e-01 9.99989933e-01 9.99991030e-01 9.99992160e-01 9.99993282e-01 9.99994358e-01 9.99995359e-01 9.99996262e-01 9.99997054e-01 9.99997729e-01 9.99998289e-01 9.99998741e-01 9.99999096e-01 9.99999366e-01 9.99999567e-01 9.99999712e-01 9.99999813e-01 9.99999881e-01 9.99999927e-01 9.99999955e-01 9.99999973e-01 9.99999984e-01 9.99999989e-01 9.99999993e-01 9.99999994e-01 9.99999995e-01 9.99999995e-01 9.99999995e-01 9.99999994e-01 9.99999994e-01 9.99999994e-01 9.99999993e-01 9.99999993e-01 9.99999993e-01 9.99999992e-01 9.99999992e-01 9.99999991e-01 9.99999990e-01 9.99999990e-01 9.99999989e-01 9.99999988e-01 9.99999987e-01 9.99999986e-01 9.99999985e-01 9.99999985e-01 9.99999984e-01
9.99999984e-01 9.99999985e-01 9.99999985e-01 9.99999986e-01 9.99999987e-01 9.99999988e-01 9.99999989e-01 9.99999990e-01 9.99999990e-01 9.99999991e-01 9.99999992e-01 9.99999992e-01 9.99999993e-01 9.99999993e-01 9.99999993e-01 9.99999994e-01 9.99999994e-01 9.99999994e-01 9.99999994e-01 9.99999995e-01 9.99999994e-01 9.99999994e-01 9.99999992e-01 9.99999988e-01 9.99999981e-01 9.99999968e-01 9.99999946e-01 9.99999910e-01 9.99999854e-01 9.99999769e-01 9.99999643e-01 9.99999463e-01 9.99999212e-01 9.99998874e-01 9.99998429e-01 9.99997863e-01 9.99997161e-01 9.99996314e-01 9.99995321e-01 9.99994188e-01 9.99992933e-01 9.99991584e-01 9.99990177e-01 9.99988760e-01 9.99987386e-01 9.99986111e-01 9.99984990e-01 9.99984076e-01 9.99983413e-01 9.99983033e-01 9.99982956e-01 9.99983186e-01 9.99983711e-01 9.99984504e-01 9.99985527e-01 9.99986732e-01 9.99988064e-01 9.99989467e-01 9.99990885e-01 9.99992268e-01 9.99993574e-01 9.99994771e-01 9.99995835e-01 9.99996756e-01 9.99997530e-01 9.99998163e-01 9.99998666e-01 9.99999055e-01 9.99999347e-01 9.99999561e-01 9.99999712e-01 9.99999816e-01 9.99999885e-01 9.99999930e-01 9.99999958e-01 9.99999975e-01 9.99999985e-01 9.99999990e-01 9.99999993e-01 9.99999994e-01 9.99999995e-01 9.99999995e-01 9.99999994e-01 9.99999994e-01 9.99999994e-01 9.99999994e-01 9.99999993e-01 9.99999993e-01 9.99999993e-01 9.99999992e-01 9.99999992e-01 9.99999991e-01 9.99999990e-01 9.99999989e-01 9.99999988e-01 9.99999987e-01 9.99999986e-01 9.99999985e-01 9.99999985e-01 9.99999985e-01 9.99999985e-01 9.99999985e-01 9.99999985e-01 9.99999986e-01 9.99999987e-01 9.99999988e-01 9.99999989e-01 9.99999990e-01 9.99999991e-01 9.99999992e-01 9.99999992e-01 9.99999993e-01 9.99999993e-01 9.99999993e-01 9.99999994e-01 9.99999994e-01 9.99999994e-01 9.99999994e-01 9.99999995e-01 9.99999995e-01 9.99999994e-01 9.99999993e-01 9.99999990e-01 9.99999985e-01 9.99999975e-01 9.99999958e-01 9.99999930e-01 9.99999885e-01 9.99999816e-01 9.99999712e-01 9.99999561e-01 9.99999347e-01 9.99999055e-01 9.99998666e-01 9.99998163e-01 9.99997530e-01 9.99996756e-01 9.99995835e-01 9.99994771e-01 9.99993574e-01 9.99992268e-01 9.99990885e-01 9.99989467e-01 9.99988064e-01 9.99986732e-01 9.99985527e-01 9.99984504e-01 9.99983711e-01 9.99983186e-01 9.99982956e-01 9.99983033e-01 9.99983413e-01 9.99984076e-01 9.99984990e-01 9.99986111e-01 9.99987386e-01 9.99988760e-01 9.99990177e-01 9.99991584e-01 9.99992933e-01 9.99994188e-01 9.99995321e-01 9.99996314e-01 9.99997161e-01 9.99997863e-01 9.99998429e-01 9.99998874e-01 9.99999212e-01 9.99999463e-01 9.99999643e-01 9.99999769e-01 9.99999854e-01 9.99999910e-01 9.99999946e-01 9.99999968e-01 9.99999981e-01 9.99999988e-01 9.99999992e-01 9.99999994e-01 9.99999994e-01 9.99999995e-01 9.99999994e-01 9.99999994e-01 9.99999994e-01 9.99999994e-01 9.99999993e-01 9.99999993e-01 9.99999993e-01 9.99999992e-01 9.99999992e-01 9.99999991e-01 9.99999990e-01 9.99999990e-01 9.99999989e-01 9.99999988e-01 9.99999987e-01 9.99999986e-01 9.99999985e-01 9.99999985e-01 9.99999984e-01
9.99999984e-01 9.99999985e-01 9.99999985e-01 9.99999986e-01 9.99999987e-01 9.99999988e-01 9.99999989e-01 9.99999990e-01 9.99999990e-01 9.99999991e-01 9.99999992e-01 9.99999992e-01 9.99999993e-01 9.99999993e-01 9.99999993e-01 9.99999994e-01 9.99999994e-01 9.99999994e-01 9.99999994e-01 9.99999994e-01 9.99999994e-01 9.99999993e-01 9.99999991e-01 9.99999986e-01 9.99999977e-01 9.99999961e-01 9.99999934e-01 9.99999891e-01 9.99999821e-01 9.99999716e-01 9.99999559e-01 9.99999334e-01 9.99999022e-01 9.99998599e-01 9.99998045e-01 9.99997337e-01 9.99996459e-01 9.99995400e-01 9.99994158e-01 9.99992742e-01 9.99991173e-01 9.99989487e-01 9.99987731e-01 9.99985962e-01 9.99984246e-01 9.99982655e-01 9.99981257e-01 9.99980118e-01 9.99979291e-01 9.99978818e-01 9.99978722e-01 9.99979008e-01 9.99979662e-01 9.99980652e-01 9.99981928e-01 9.99983431e-01 9.99985093e-01 9.99986844e-01 9.99988614e-01 9.99990342e-01 9.99991975e-01 9.99993470e-01 9.99994801e-01 9.99995952e-01 9.99996920e-01 9.99997711e-01 9.99998340e-01 9.99998826e-01 9.99999190e-01 9.99999456e-01 9.99999645e-01 9.99999774e-01 9.99999860e-01 9.99999915e-01 9.99999950e-01 9.99999970e-01 9.99999982e-01 9.99999989e-01 9.99999992e-01 9.99999994e-01 9.99999994e-01 9.99999994e-01 9.99999994e-01 9.99999994e-01 9.99999994e-01 9.99999993e-01 9.99999993e-01 9.99999993e-01 9.99999992e-01 9.99999992e-01 9.99999991e-01 9.99999991e-01 9.99999990e-01 9.99999989e-01 9.99999988e-01 9.99999987e-01 9.99999986e-01 9.99999985e-01 9.99999985e-01 9.99999985e-01 9.99999985e-01 9.99999985e-01 9.99999985e-01 9.99999986e-01 9.99999987e-01 9.99999988e-01 9.99999989e-01 9.99999990e-01 9.99999991e-01 9.99999991e-01 9.99999992e-01 9.99999992e-01 9.99999993e-01 9.99999993e-01 9.99999993e-01 9.99999994e-01 9.99999994e-01 9.99999994e-01 9.99999994e-01 9.99999994e-01 9.99999994e-01 9.99999992e-01 9.99999989e-01 9.99999982e-01 9.99999970e-01 9.99999950e-01 9.99999915e-01 9.99999860e-01 9.99999774e-01 9.99999645e-01 9.99999456e-01 9.99999190e-01 9.99998826e-01 9.99998340e-01 9.99997711e-01 9.99996920e-01 9.99995952e-01 9.99994801e-01 9.99993470e-01 9.99991975e-01 9.99990342e-01 9.99988614e-01 9.99986844e-01 9.99985093e-01 9.99983431e-01 9.99981928e-01 9.99980652e-01 9.99979662e-01 9.99979008e-01 9.99978722e-01 9.99978818e-01 9.99979291e-01 9.99980118e-01 9.99981257e-01 9.99982655e-01 9.99984246e-01 9.99985962e-01 9.99987731e-01 9.99989487e-01 9.99991173e-01 9.99992742e-01 9.99994158e-01 9.99995400e-01 9.99996459e-01 9.99997337e-01 9.99998045e-01 9.99998599e-01 9.99999022e-01 9.99999334e-01 9.99999559e-01 9.99999716e-01 9.99999821e-01 9.99999891e-01 9.99999934e-01 9.99999961e-01 9.99999977e-01 9.99999986e-01 9.99999991e-01 9.99999993e-01 9.99999994e-01 9.99999994e-01 9.99999994e-01 9.99999994e-01 9.99999994e-01 9.99999994e-01 9.99999993e-01 9.99999993e-01 9.99999993e-01 9.99999992e-01 9.99999992e-01 9.99999991e-01 9.99999990e-01 9.99999990e-01 9.99999989e-01 9.99999988e-01 9.99999987e-01 9.99999986e-01 9.99999985e-01 9.99999985e-01 9.99999984e-01
9.99999984e-01 9.99999985e-01 9.99999985e-01 9.99999986e-01 9.99999987e-01 9.99999988e-01 9.99999989e-01 9.99999989e-01 9.99999990e-01 9.99999991e-01 9.99999992e-01 9.99999992e-01 9.99999993e-01 9.99999993e-01 9.99999993e-01 9.99999993e-01 9.99999994e-01 9.99999994e-01 9.99999994e-01 9.99999994e-01 9.99999994e-01 9.99999992e-01 9.99999990e-01 9.99999984e-01 9.99999973e-01 9.99999954e-01 9.99999921e-01 9.99999866e-01 9.99999781e-01 9.99999650e-01 9.99999456e-01 9.99999177e-01 9.99998788e-01 9.99998262e-01 9.99997571e-01 9.99996688e-01 9.99995594e-01 9.99994274e-01 9.99992726e-01 9.99990961e-01 9.99989008e-01 9.99986909e-01 9.99984723e-01 9.99982523e-01 9.99980390e-01 9.99978413e-01 9.99976677e-01 9.99975261e-01 9.99974235e-01 9.99973648e-01 9.99973529e-01 9.99973884e-01 9.99974696e-01 9.99975924e-01 9.99977509e-01 9.99979377e-01 9.99981443e-01 9.99983620e-01 9.99985823e-01 9.99987973e-01 9.99990006e-01 9.99991869e-01 9.99993528e-01 9.99994962e-01 9.99996169e-01 9.99997155e-01 9.99997938e-01 9.99998544e-01 9.99998998e-01 9.99999328e-01 9.99999562e-01 9.99999722e-01 9.99999828e-01 9.99999897e-01 9.99999939e-01 9.99999965e-01 9.99999979e-01 9.99999987e-01 9.99999991e-01 9.99999993e-01 9.99999994e-01 9.99999994e-01 9.99999994e-01 9.99999994e-01 9.99999994e-01 9.99999993e-01 9.99999993e-01 9.99999993e-01 9.99999992e-01 9.99999992e-01 9.99999991e-01 9.99999991e-01 9.99999990e-01 9.99999989e-01 9.99999988e-01 9.99999987e-01 9.99999986e-01 9.99999985e-01 9.99999985e-01 9.99999985e-01 9.99999985e-01 9.99999985e-01 9.99999985e-01 9.99999986e-01 9.99999987e-01 9.99999988e-01 9.99999989e-01 9.99999990e-01 9.99999991e-01 9.99999991e-01 9.99999992e-01 9.99999992e-01 9.99999993e-01 9.99999993e-01 9.99999993e-01 9.99999994e-01 9.99999994e-01 9.99999994e-01 9.99999994e-01 9.99999994e-01 9.99999993e-01 9.99999991e-01 9.99999987e-01 9.99999979e-01 9.99999965e-01 9.99999939e-01 9.99999897e-01 9.99999828e-01 9.99999722e-01 9.99999562e-01 9.99999328e-01 9.99998998e-01 9.99998544e-01 9.99997938e-01 9.99997155e-01 9.99996169e-01 9.99994962e-01 9.99993528e-01 9.99991869e-01 9.99990006e-01 9.99987973e-01 9.99985823e-01 9.99983620e-01 9.99981443e-01 9.99979377e-01 9.99977509e-01 9.99975924e-01 9.99974696e-01 9.99973884e-01 9.99973529e-01 9.99973648e-01 9.99974235e-01 9.99975261e-01 9.99976677e-01 9.99978413e-01 9.99980390e-01 9.99982523e-01 9.99984723e-01 9.99986909e-01 9.99989008e-01 9.99990961e-01 9.99992726e-01 9.99994274e-01 9.99995594e-01 9.99996688e-01 9.99997571e-01 9.99998262e-01 9.99998788e-01 9.99999177e-01 9.99999456e-01 9.99999650e-01 9.99999781e-01 9.99999866e-01 9.99999921e-01 9.99999954e-01 9.99999973e-01 9.99999984e-01 9.99999990e-01 9.99999992e-01 9.99999994e-01 9.99999994e-01 9.99999994e-01 9.99999994e-01 9.99999994e-01 9.99999993e-01 9.99999993e-01 9.99999993e-01 9.99999993e-01 9.99999992e-01 9.99999992e-01 9.99999991e-01 9.99999990e-01 9.99999989e-01 9.99999989e-01 9.99999988e-01 9.99999987e-01 9.99999986e-01 9.99999985e-01 9.99999985e-01 9.99999984e-01
9.99999984e-01 9.99999985e-01 9.99999985e-01 9.99999986e-01 9.99999987e-01 9.99999988e-01 9.99999989e-01 9.99999989e-01 9.99999990e-01 9.99999991e-01 9.99999992e-01 9.99999992e-01 9.99999993e-01 9.99999993e-01 9.99999993e-01 9.99999993e-01 9.99999994e-01 9.99999994e-01 9.99999994e-01 9.99999994e-01 9.99999993e-01 9.99999992e-01 9.99999988e-01 9.99999981e-01 9.99999968e-01 9.99999944e-01 9.99999904e-01 9.99999837e-01 9.99999732e-01 9.99999570e-01 9.99999330e-01 9.99998984e-01 9.99998501e-01 9.99997847e-01 9.99996989e-01 9.99995892e-01 9.99994532e-01 9.99992891e-01 9.99990968e-01 9.99988778e-01 9.99986354e-01 9.99983750e-01 9.99981041e-01 9.99978315e-01 9.99975674e-01 9.99973227e-01 9.99971079e-01 9.99969329e-01 9.99968060e-01 9.99967334e-01 9.99967187e-01 9.99967626e-01 9.99968630e-01 9.99970148e-01 9.99972109e-01 9.99974420e-01 9.99976977e-01 9.99979674e-01 9.99982403e-01 9.99985070e-01 9.99987592e-01 9.99989905e-01 9.99991965e-01 9.99993747e-01 9.99995246e-01 9.99996472e-01 9.99997446e-01 9.99998198e-01 9.99998761e-01 9.99999172e-01 9.99999461e-01 9.99999659e-01 9.99999790e-01 9.99999874e-01 9.99999926e-01 9.99999958e-01 9.99999975e-01 9.99999985e-01 9.99999990e-01 9.99999993e-01 9.99999994e-01 9.99999994e-01 9.99999994e-01 9.99999994e-01 9.99999993e-01 9.99999993e-01 9.99999993e-01 9.99999993e-01 9.99999992e-01 9.99999992e-01 9.99999991e-01 9.99999991e-01 9.99999990e-01 9.99999989e-01 9.99999988e-01 9.99999987e-01 9.99999986e-01 9.99999985e-01 9.99999985e-01 9.99999985e-01 9.99999985e-01 9.99999985e-01 9.99999985e-01 9.99999986e-01 9.99999987e-01 9.99999988e-01 9.99999989e-01 9.99999990e-01 9.99999991e-01 9.99999991e-01 9.99999992e-01 9.99999992e-01 9.99999993e-01 9.99999993e-01 9.99999993e-01 9.99999993e-01 9.99999994e-01 9.99999994e-01 9.99999994e-01 9.99999994e-01 9.99999993e-01 9.99999990e-01 9.99999985e-01 9.99999975e-01 9.99999958e-01 9.99999926e-01 9.99999874e-01 9.99999790e-01 9.99999659e-01 9.99999461e-01 9.99999172e-01 9.99998761e-01 9.99998198e-01 9.99997446e-01 9.99996472e-01 9.99995246e-01 9.99993747e-01 9.99991965e-01 9.99989905e-01 9.99987592e-01 9.99985070e-01 9.99982403e-01 9.99979674e-01 9.99976977e-01 9.99974420e-01 9.99972109e-01 9.99970148e-01 9.99968630e-01 9.99967626e-01 9.99967187e-01 9.99967334e-01 9.99968060e-01 9.99969329e-01 9.99971079e-01 9.99973227e-01 9.99975674e-01 9.99978315e-01 9.99981041e-01 9.99983750e-01 9.99986354e-01 9.99988778e-01 9.99990968e-01 9.99992891e-01 9.99994532e-01 9.99995892e-01 9.99996989e-01 9.99997847e-01 9.99998501e-01 9.99998984e-01 9.99999330e-01 9.99999570e-01 9.99999732e-01 9.99999837e-01 9.99999904e-01 9.99999944e-01 9.99999968e-01 9.99999981e-01 9.99999988e-01 9.99999992e-01 9.99999993e-01 9.99999994e-01 9.99999994e-01 9.99999994e-01 9.99999994e-01 9.99999993e-01 9.99999993e-01 9.99999993e-01 9.99999993e-01 9.99999992e-01 9.99999992e-01 9.99999991e-01 9.99999990e-01 9.99999989e-01 9.99999989e-01 9.99999988e-01 9.99999987e-01 9.99999986e-01 9.99999985e-01 9.99999985e-01 9.99999984e-01
9.99999984e-01 9.99999985e-01 9.99999985e-01 9.99999986e-01 9.99999987e-01 9.99999988e-01 9.99999988e-01 9.99999989e-01 9.99999990e-01 9.99999991e-01 9.99999992e-01 9.99999992e-01 9.99999992e-01 9.99999993e-01 9.99999993e-01 9.99999993e-01 9.99999993e-01 9.99999994e-01 9.99999994e-01 9.99999994e-01 9.99999993e-01 9.99999991e-01 9.99999987e-01 9.99999978e-01 9.99999962e-01 9.99999933e-01 9.99999883e-01 9.99999802e-01 9.99999672e-01 9.99999472e-01 9.99999175e-01 9.99998747e-01 9.99998150e-01 9.99997340e-01 9.99996276e-01 9.99994917e-01 9.99993232e-01 9.99991200e-01 9.99988820e-01 9.99986110e-01 9.99983113e-01 9.99979896e-01 9.99976550e-01 9.99973187e-01 9.99969931e-01 9.99966914e-01 9.99964268e-01 9.99962113e-01 9.99960551e-01 9.99959658e-01 9.99959477e-01 9.99960017e-01 9.99961253e-01 9.99963122e-01 9.99965537e-01 9.99968384e-01 9.99971537e-01 9.99974863e-01 9.99978233e-01 9.99981527e-01 9.99984644e-01 9.99987504e-01 9.99990053e-01 9.99992260e-01 9.99994117e-01 9.99995636e-01 9.99996843e-01 9.99997774e-01 9.99998472e-01 9.99998980e-01 9.99999338e-01 9.99999582e-01 9.99999744e-01 9.99999847e-01 9.99999911e-01 9.99999949e-01 9.99999971e-01 9.99999983e-01 9.99999989e-01 9.99999992e-01 9.99999993e-01 9.99999994e-01 9.99999994e-01 9.99999994e-01 9.99999993e-01 9.99999993e-01 9.99999993e-01 9.99999993e-01 9.99999992e-01 9.99999992e-01 9.99999991e-01 9.99999991e-01 9.99999990e-01 9.99999989e-01 9.99999988e-01 9.99999987e-01 9.99999986e-01 9.99999985e-01 9.99999985e-01 9.99999985e-01 9.99999985e-01 9.99999985e-01 9.99999985e-01 9.99999986e-01 9.99999987e-01 9.99999988e-01 9.99999989e-01 9.99999990e-01 9.99999991e-01 9.99999991e-01 9.99999992e-01 9.99999992e-01 9.99999993e-01 9.99999993e-01 9.99999993e-01 9.99999993e-01 9.99999994e-01 9.99999994e-01 9.99999994e-01 9.99999993e-01 9.99999992e-01 9.99999989e-01 9.99999983e-01 9.99999971e-01 9.99999949e-01 9.99999911e-01 9.99999847e-01 9.99999744e-01 9.99999582e-01 9.99999338e-01 9.99998980e-01 9.99998472e-01 9.99997774e-01 9.99996843e-01 9.99995636e-01 9.99994117e-01 9.99992260e-01 9.99990053e-01 9.99987504e-01 9.99984644e-01 9.99981527e-01 9.99978233e-01 9.99974863e-01 9.99971537e-01 9.99968384e-01 9.99965537e-01 9.99963122e-01 9.99961253e-01 9.99960017e-01 9.99959477e-01 9.99959658e-01 9.99960551e-01 9.99962113e-01 9.99964268e-01 9.99966914e-01 9.99969931e-01 9.99973187e-01 9.99976550e-01 9.99979896e-01 9.99983113e-01 9.99986110e-01 9.99988820e-01 9.99991200e-01 9.99993232e-01 9.99994917e-01 9.99996276e-01 9.99997340e-01 9.99998150e-01 9.99998747e-01 9.99999175e-01 9.99999472e-01 9.99999672e-01 9.99999802e-01 9.99999883e-01 9.99999933e-01 9.99999962e-01 9.99999978e-01 9.99999987e-01 9.99999991e-01 9.99999993e-01 9.99999994e-01 9.99999994e-01 9.99999994e-01 9.99999993e-01 9.99999993e-01 9.99999993e-01 9.99999993e-01 9.99999992e-01 9.99999992e-01 9.99999992e-01 9.99999991e-01 9.99999990e-01 9.99999989e-01 9.99999988e-01 9.99999988e-01 9.99999987e-01 9.99999986e-01 9.99999985e-01 9.99999985e-01 9.99999984e-01
9.99999984e-01 9.99999985e-01 9.99999985e-01 9.99999986e-01 9.99999987e-01 9.99999987e-01 9.99999988e-01 9.99999989e-01 9.99999990e-01 9.99999991e-01 9.99999992e-01 9.99999992e-01 9.99999992e-01 9.99999993e-01 9.99999993e-01 9.99999993e-01 9.99999993e-01 9.99999994e-01 9.99999994e-01 9.99999993e-01 9.99999992e-01 9.99999990e-01 9.99999985e-01 9.99999974e-01 9.99999954e-01 9.99999919e-01 9.99999859e-01 9.99999759e-01 9.99999599e-01 9.99999354e-01 9.99998987e-01 9.99998459e-01 9.99997721e-01 9.99996722e-01 9.99995407e-01 9.99993728e-01 9.99991647e-01 9.99989139e-01 9.99986203e-01 9.99982863e-01 9.99979171e-01 9.99975212e-01 9.99971098e-01 9.99966965e-01 9.99962966e-01 9.99959264e-01 9.99956019e-01 9.99953377e-01 9.99951462e-01 9.99950367e-01 9.99950146e-01 9.99950808e-01 9.99952322e-01 9.99954614e-01 9.99957575e-01 9.99961068e-01 9.99964939e-01 9.99969024e-01 9.99973166e-01 9.99977219e-01 9.99981056e-01 9.99984581e-01 9.99987724e-01 9.99990447e-01 9.99992740e-01 9.99994616e-01 9.99996107e-01 9.99997258e-01 9.99998120e-01 9.99998747e-01 9.99999188e-01 9.99999489e-01 9.99999688e-01 9.99999815e-01 9.99999893e-01 9.99999939e-01 9.99999966e-01 9.99999980e-01 9.99999988e-01 9.99999991e-01 9.99999993e-01 9.99999994e-01 9.99999994e-01 9.99999993e-01 9.99999993e-01 9.99999993e-01 9.99999993e-01 9.99999992e-01 9.99999992e-01 9.99999992e-01 9.99999991e-01 9.99999991e-01 9.99999990e-01 9.99999989e-01 9.99999988e-01 9.99999987e-01 9.99999986e-01 9.99999985e-01 9.99999985e-01 9.99999985e-01 9.99999985e-01 9.99999985e-01 9.99999985e-01 9.99999986e-01 9.99999987e-01 9.99999988e-01 9.99999989e-01 9.99999990e-01 9.99999991e-01 9.99999991e-01 9.99999992e-01 9.99999992e-01 9.99999992e-01 9.99999993e-01 9.99999993e-01 9.99999993e-01 9.99999993e-01 9.99999994e-01 9.99999994e-01 9.99999993e-01 9.99999991e-01 9.99999988e-01 9.99999980e-01 9.99999966e-01 9.99999939e-01 9.99999893e-01 9.99999815e-01 9.99999688e-01 9.99999489e-01 9.99999188e-01 9.99998747e-01 9.99998120e-01 9.99997258e-01 9.99996107e-01 9.99994616e-01 9.99992740e-01 9.99990447e-01 9.99987724e-01 9.99984581e-01 9.99981056e-01 9.99977219e-01 9.99973166e-01 9.99969024e-01 9.99964939e-01 9.99961068e-01 9.99957575e-01 9.99954614e-01 9.99952322e-01 9.99950808e-01 9.99950146e-01 9.99950367e-01 9.99951462e-01 9.99953377e-01 9.99956019e-01 9.99959264e-01 9.99962966e-01 9.99966965e-01 9.99971098e-01 9.99975212e-01 9.99979171e-01 9.99982863e-01 9.99986203e-01 9.99989139e-01 9.99991647e-01 9.99993728e-01 9.99995407e-01 9.99996722e-01 9.99997721e-01 9.99998459e-01 9.99998987e-01 9.99999354e-01 9.99999599e-01 9.99999759e-01 9.99999859e-01 9.99999919e-01 9.99999954e-01 9.99999974e-01 9.99999985e-01 9.99999990e-01 9.99999992e-01 9.99999993e-01 9.99999994e-01 9.99999994e-01 9.99999993e-01 9.99999993e-01 9.99999993e-01 9.99999993e-01 9.99999992e-01 9.99999992e-01 9.99999992e-01 9.99999991e-01 9.99999990e-01 9.99999989e-01 9.99999988e-01 9.99999987e-01 9.99999987e-01 9.99999986e-01 9.99999985e-01 9.99999985e-01 9.99999984e-01
9.99999984e-01 9.99999985e-01 9.99999985e-01 9.99999986e-01 9.99999987e-01 9.99999987e-01 9.99999988e-01 9.99999989e-01 9.99999990e-01 9.99999991e-01 9.99999991e-01 9.99999992e-01 9.99999992e-01 9.99999992e-01 9.99999993e-01 9.99999993e-01 9.99999993e-01 9.99999993e-01 9.99999993e-01 9.99999993e-01 9.99999992e-01 9.99999989e-01 9.99999982e-01 9.99999970e-01 9.99999946e-01 9.99999903e-01 9.99999829e-01 9.99999707e-01 9.99999511e-01 9.99999209e-01 9.99998759e-01 9.99998109e-01 9.99997200e-01 9.99995969e-01 9.99994349e-01 9.99992282e-01 9.99989721e-01 9.99986637e-01 9.99983028e-01 9.99978926e-01 9.99974397e-01 9.99969544e-01 9.99964506e-01 9.99959448e-01 9.99954559e-01 9.99950036e-01 9.99946073e-01 9.99942849e-01 9.99940513e-01 9.99939177e-01 9.99938907e-01 9.99939715e-01 9.99941562e-01 9.99944358e-01 9.99947973e-01 9.99952240e-01 9.99956970e-01 9.99961968e-01 9.99967038e-01 9.99972003e-01 9.99976710e-01 9.99981036e-01 9.99984897e-01 9.99988245e-01 9.99991066e-01 9.99993375e-01 9.99995211e-01 9.99996629e-01 9.99997691e-01 9.99998463e-01 9.99999006e-01 9.99999376e-01 9.99999620e-01 9.99999775e-01 9.99999871e-01 9.99999927e-01 9.99999960e-01 9.99999977e-01 9.99999986e-01 9.99999991e-01 9.99999993e-01 9.99999993e-01 9.99999993e-01 9.99999993e-01 9.99999993e-01 9.99999993e-01 9.99999993e-01 9.99999992e-01 9.99999992e-01 9.99999992e-01 9.99999991e-01 9.99999991e-01 9.99999990e-01 9.99999989e-01 9.99999988e-01 9.99999987e-01 9.99999986e-01 9.99999985e-01 9.99999985e-01 9.99999985e-01 9.99999985e-01 9.99999985e-01 9.99999985e-01 9.99999986e-01 9.99999987e-01 9.99999988e-01 9.99999989e-01 9.99999990e-01 9.99999991e-01 9.99999991e-01 9.99999992e-01 9.99999992e-01 9.99999992e-01 9.99999993e-01 9.99999993e-01 9.99999993e-01 9.99999993e-01 9.99999993e-01 9.99999993e-01 9.99999993e-01 9.99999991e-01 9.99999986e-01 9.99999977e-01 9.99999960e-01 9.99999927e-01 9.99999871e-01 9.99999775e-01 9.99999620e-01 9.99999376e-01 9.99999006e-01 9.99998463e-01 9.99997691e-01 9.99996629e-01 9.99995211e-01 9.99993375e-01 9.99991066e-01 9.99988245e-01 9.99984897e-01 9.99981036e-01 9.99976710e-01 9.99972003e-01 9.99967038e-01 9.99961968e-01 9.99956970e-01 9.99952240e-01 9.99947973e-01 9.99944358e-01 9.99941562e-01 9.99939715e-01 9.99938907e-01 9.99939177e-01 9.99940513e-01 9.99942849e-01 9.99946073e-01 9.99950036e-01 9.99954559e-01 9.99959448e-01 9.99964506e-01 9.99969544e-01 9.99974397e-01 9.99978926e-01 9.99983028e-01 9.99986637e-01 9.99989721e-01 9.99992282e-01 9.99994349e-01 9.99995969e-01 9.99997200e-01 9.99998109e-01 9.99998759e-01 9.99999209e-01 9.99999511e-01 9.99999707e-01 9.99999829e-01 9.99999903e-01 9.99999946e-01 9.99999970e-01 9.99999982e-01 9.99999989e-01 9.99999992e-01 9.99999993e-01 9.99999993e-01 9.99999993e-01 9.99999993e-01 9.99999993e-01 9.99999993e-01 9.99999992e-01 9.99999992e-01 9.99999992e-01 9.99999991e-01 9.99999991e-01 9.99999990e-01 9.99999989e-01 9.99999988e-01 9.99999987e-01 9.99999987e-01 9.99999986e-01 9.99999985e-01 9.99999985e-01 9.99999984e-01
9.99999984e-01 9.99999985e-01 9.99999985e-01 9.99999986e-01 9.99999987e-01 9.99999987e-01 9.99999988e-01 9.99999989e-01 9.99999990e-01 9.99999991e-01 9.99999991e-01 9.99999992e-01 9.99999992e-01 9.99999992e-01 9.99999993e-01 9.99999993e-01 9.99999993e-01 9.99999993e-01 9.99999993e-01 9.99999993e-01 9.99999991e-01 9.99999988e-01 9.99999980e-01 9.99999964e-01 9.99999935e-01 9.99999883e-01 9.99999793e-01 9.99999644e-01 9.99999405e-01 9.99999035e-01 9.99998483e-01 9.99997685e-01 9.99996568e-01 9.99995056e-01 9.99993067e-01 9.99990531e-01 9.99987389e-01 9.99983610e-01 9.99979192e-01 9.99974174e-01 9.99968640e-01 9.99962716e-01 9.99956572e-01 9.99950410e-01 9.99944459e-01 9.99938958e-01 9.99934140e-01 9.99930223e-01 9.99927386e-01 9.99925765e-01 9.99925437e-01 9.99926418e-01 9.99928660e-01 9.99932057e-01 9.99936449e-01 9.99941637e-01 9.99947394e-01 9.99953479e-01 9.99959660e-01 9.99965717e-01 9.99971465e-01 9.99976754e-01 9.99981479e-01 9.99985580e-01 9.99989038e-01 9.99991871e-01 9.99994126e-01 9.99995867e-01 9.99997171e-01 9.99998119e-01 9.99998785e-01 9.99999239e-01 9.99999538e-01 9.99999728e-01 9.99999844e-01 9.99999913e-01 9.99999952e-01 9.99999973e-01 9.99999984e-01 9.99999990e-01 9.99999992e-01 9.99999993e-01 9.99999993e-01 9.99999993e-01 9.99999993e-01 9.99999993e-01 9.99999992e-01 9.99999992e-01 9.99999992e-01 9.99999992e-01 9.99999991e-01 9.99999990e-01 9.99999990e-01 9.99999989e-01 9.99999988e-01 9.99999987e-01 9.99999986e-01 9.99999985e-01 9.99999985e-01 9.99999985e-01 9.99999985e-01 9.99999985e-01 9.99999985e-01 9.99999986e-01 9.99999987e-01 9.99999988e-01 9.99999989e-01 9.99999990e-01 9.99999990e-01 9.99999991e-01 9.99999992e-01 9.99999992e-01 9.99999992e-01 9.99999992e-01 9.99999993e-01 9.99999993e-01 9.99999993e-01 9.99999993e-01 9.99999993e-01 9.99999992e-01 9.99999990e-01 9.99999984e-01 9.99999973e-01 9.99999952e-01 9.99999913e-01 9.99999844e-01 9.99999728e-01 9.99999538e-01 9.99999239e-01 9.99998785e-01 9.99998119e-01 9.99997171e-01 9.99995867e-01 9.99994126e-01 9.99991871e-01 9.99989038e-01 9.99985580e-01 9.99981479e-01 9.99976754e-01 9.99971465e-01 9.99965717e-01 9.99959660e-01 9.99953479e-01 9.99947394e-01 9.99941637e-01 9.99936449e-01 9.99932057e-01 9.99928660e-01 9.99926418e-01 9.99925437e-01 9.99925765e-01 9.99927386e-01 9.99930223e-01 9.99934140e-01 9.99938958e-01 9.99944459e-01 9.99950410e-01 9.99956572e-01 9.99962716e-01 9.99968640e-01 9.99974174e-01 9.99979192e-01 9.99983610e-01 9.99987389e-01 9.99990531e-01 9.99993067e-01 9.99995056e-01 9.99996568e-01 9.99997685e-01 9.99998483e-01 9.99999035e-01 9.99999405e-01 9.99999644e-01 9.99999793e-01 9.99999883e-01 9.99999935e-01 9.99999964e-01 9.99999980e-01 9.99999988e-01 9.99999991e-01 9.99999993e-01 9.99999993e-01 9.99999993e-01 9.99999993e-01 9.99999993e-01 9.99999993e-01 9.99999992e-01 9.99999992e-01 9.99999992e-01 9.99999991e-01 9.99999991e-01 9.99999990e-01 9.99999989e-01 9.99999988e-01 9.99999987e-01 9.99999987e-01 9.99999986e-01 9.99999985e-01 9.99999985e-01 9.99999984e-01
9.99999984e-01 9.99999985e-01 9.99999985e-01 9.99999986e-01 9.99999987e-01 9.99999987e-01 9.99999988e-01 9.99999989e-01 9.99999990e-01 9.99999991e-01 9.99999991e-01 9.99999992e-01 9.99999992e-01 9.99999992e-01 9.99999992e-01 9.99999993e-01 9.99999993e-01 9.99999993e-01 9.99999993e-01 9.99999992e-01 9.99999990e-01 9.99999986e-01 9.99999977e-01 9.99999958e-01 9.99999923e-01 9.99999860e-01 9.99999750e-01 9.99999568e-01 9.99999276e-01 9.99998824e-01 9.99998148e-01 9.99997171e-01 9.99995804e-01 9.99993952e-01 9.99991519e-01 9.99988416e-01 9.99984577e-01 9.99979963e-01 9.99974575e-01 9.99968463e-01 9.99961728e-01 9.99954528e-01 9.99947068e-01 9.99939594e-01 9.99932383e-01 9.99925722e-01 9.99919894e-01 9.99915157e-01 9.99911729e-01 9.99909770e-01 9.99909373e-01 9.99910558e-01 9.99913268e-01 9.99917375e-01 9.99922687e-01 9.99928966e-01 9.99935938e-01 9.99943316e-01 9.99950816e-01 9.99958175e-01 9.99965165e-01 9.99971604e-01 9.99977364e-01 9.99982368e-01 9.99986592e-01 9.99990056e-01 9.99992814e-01 9.99994945e-01 9.99996542e-01 9.99997703e-01 9.99998519e-01 9.99999074e-01 9.99999439e-01 9.99999671e-01 9.99999812e-01 9.99999896e-01 9.99999943e-01 9.99999969e-01 9.99999982e-01 9.99999989e-01 9.99999992e-01 9.99999993e-01 9.99999993e-01 9.99999993e-01 9.99999993e-01 9.99999992e-01 9.99999992e-01 9.99999992e-01 9.99999992e-01 9.99999991e-01 9.99999991e-01 9.99999990e-01 9.99999990e-01 9.99999989e-01 9.99999988e-01 9.99999987e-01 9.99999986e-01 9.99999985e-01 9.99999985e-01 9.99999985e-01 9.99999985e-01 9.99999985e-01 9.99999985e-01 9.99999986e-01 9.99999987e-01 9.99999988e-01 9.99999989e-01 9.99999990e-01 9.99999990e-01 9.99999991e-01 9.99999991e-01 9.99999992e-01 9.99999992e-01 9.99999992e-01 9.99999992e-01 9.99999993e-01 9.99999993e-01 9.99999993e-01 9.99999993e-01 9.99999992e-01 9.99999989e-01 9.99999982e-01 9.99999969e-01 9.99999943e-01 9.99999896e-01 9.99999812e-01 9.99999671e-01 9.99999439e-01 9.99999074e-01 9.99998519e-01 9.99997703e-01 9.99996542e-01 9.99994945e-01 9.99992814e-01 9.99990056e-01 9.99986592e-01 9.99982368e-01 9.99977364e-01 9.99971604e-01 9.99965165e-01 9.99958175e-01 9.99950816e-01 9.99943316e-01 9.99935938e-01 9.99928966e-01 9.99922687e-01 9.99917375e-01 9.99913268e-01 9.99910558e-01 9.99909373e-01 9.99909770e-01 9.99911729e-01 9.99915157e-01 9.99919894e-01 9.99925722e-01 9.99932383e-01 9.99939594e-01 9.99947068e-01 9.99954528e-01 9.99961728e-01 9.99968463e-01 9.99974575e-01 9.99979963e-01 9.99984577e-01 9.99988416e-01 9.99991519e-01 9.99993952e-01 9.99995804e-01 9.99997171e-01 9.99998148e-01 9.99998824e-01 9.99999276e-01 9.99999568e-01 9.99999750e-01 9.99999860e-01 9.99999923e-01 9.99999958e-01 9.99999977e-01 9.99999986e-01 9.99999990e-01 9.99999992e-01 9.99999993e-01 9.99999993e-01 9.99999993e-01 9.99999993e-01 9.99999992e-01 9.99999992e-01 9.99999992e-01 9.99999992e-01 9.99999991e-01 9.99999991e-01 9.99999990e-01 9.99999989e-01 9.99999988e-01 9.99999987e-01 9.99999987e-01 9.99999986e-01 9.99999985e-01 9.99999985e-01 9.99999984e-01
9.99999984e-01 9.99999985e-01 9.99999985e-01 9.99999986e-01 9.99999986e-01 9.99999987e-01 9.99999988e-01 9.99999989e-01 9.99999990e-01 9.99999991e-01 9.99999991e-01 9.99999991e-01 9.99999992e-01 9.99999992e-01 9.99999992e-01 9.99999992e-01 9.99999993e-01 9.99999993e-01 9.99999993e-01 9.99999992e-01 9.99999990e-01 9.99999984e-01 9.99999973e-01 9.99999951e-01 9.99999908e-01 9.99999832e-01 9.99999699e-01 9.99999478e-01 9.99999122e-01 9.99998570e-01 9.99997745e-01 9.99996553e-01 9.99994884e-01 9.99992623e-01 9.99989655e-01 9.99985874e-01 9.99981200e-01 9.99975588e-01 9.99969043e-01 9.99961628e-01 9.99953468e-01 9.99944755e-01 9.99935737e-01 9.99926714e-01 9.99918017e-01 9.99909990e-01 9.99902972e-01 9.99897272e-01 9.99893149e-01 9.99890793e-01 9.99890317e-01 9.99891741e-01 9.99895000e-01 9.99899940e-01 9.99906335e-01 9.99913898e-01 9.99922303e-01 9.99931206e-01 9.99940266e-01 9.99949166e-01 9.99957630e-01 9.99965438e-01 9.99972430e-01 9.99978512e-01 9.99983653e-01 9.99987872e-01 9.99991235e-01 9.99993835e-01 9.99995785e-01 9.99997202e-01 9.99998198e-01 9.99998875e-01 9.99999320e-01 9.99999602e-01 9.99999774e-01 9.99999876e-01 9.99999933e-01 9.99999964e-01 9.99999980e-01 9.99999987e-01 9.99999991e-01 9.99999992e-01 9.99999993e-01 9.99999993e-01 9.99999992e-01 9.99999992e-01 9.99999992e-01 9.99999992e-01 9.99999992e-01 9.99999991e-01 9.99999991e-01 9.99999990e-01 9.99999990e-01 9.99999989e-01 9.99999988e-01 9.99999987e-01 9.99999986e-01 9.99999985e-01 9.99999985e-01 9.99999985e-01 9.99999985e-01 9.99999985e-01 9.99999985e-01 9.99999986e-01 9.99999987e-01 9.99999988e-01 9.99999989e-01 9.99999990e-01 9.99999990e-01 9.99999991e-01 9.99999991e-01 9.99999992e-01 9.99999992e-01 9.99999992e-01 9.99999992e-01 9.99999992e-01 9.99999993e-01 9.99999993e-01 9.99999992e-01 9.99999991e-01 9.99999987e-01 9.99999980e-01 9.99999964e-01 9.99999933e-01 9.99999876e-01 9.99999774e-01 9.99999602e-01 9.99999320e-01 9.99998875e-01 9.99998198e-01 9.99997202e-01 9.99995785e-01 9.99993835e-01 9.99991235e-01 9.99987872e-01 9.99983653e-01 9.99978512e-01 9.99972430e-01 9.99965438e-01 9.99957630e-01 9.99949166e-01 9.99940266e-01 9.99931206e-01 9.99922303e-01 9.99913898e-01 9.99906335e-01 9.99899940e-01 9.99895000e-01 9.99891741e-01 9.99890317e-01 9.99890793e-01 9.99893149e-01 9.99897272e-01 9.99902972e-01 9.99909990e-01 9.99918017e-01 9.99926714e-01 9.99935737e-01 9.99944755e-01 9.99953468e-01 9.99961628e-01 9.99969043e-01 9.99975588e-01 9.99981200e-01 9.99985874e-01 9.99989655e-01 9.99992623e-01 9.99994884e-01 9.99996553e-01 9.99997745e-01 9.99998570e-01 9.99999122e-01 9.99999478e-01 9.99999699e-01 9.99999832e-01 9.99999908e-01 9.99999951e-01 9.99999973e-01 9.99999984e-01 9.99999990e-01 9.99999992e-01 9.99999993e-01 9.99999993e-01 9.99999993e-01 9.99999992e-01 9.99999992e-01 9.99999992e-01 9.99999992e-01 9.99999991e-01 9.99999991e-01 9.99999991e-01 9.99999990e-01 9.99999989e-01 9.99999988e-01 9.99999987e-01 9.99999986e-01 9.99999986e-01 9.99999985e-01 9.99999985e-01 9.99999984e-01
9.99999984e-01 9.99999985e-01 9.99999985e-01 9.99999986e-01 9.99999986e-01 9.99999987e-01 9.99999988e-01 9.99999989e-01 9.99999990e-01 9.99999990e-01 9.99999991e-01 9.99999991e-01 9.99999992e-01 9.99999992e-01 9.99999992e-01 9.99999992e-01 9.99999992e-01 9.99999992e-01 9.99999992e-01 9.99999991e-01 9.99999989e-01 9.99999982e-01 9.99999969e-01 9.99999942e-01 9.99999891e-01 9.99999799e-01 9.99999638e-01 9.99999369e-01 9.99998937e-01 9.99998266e-01 9.99997262e-01 9.99995810e-01 9.99993779e-01 9.99991029e-01 9.99987421e-01 9.99982830e-01 9.99977161e-01 9.99970363e-01 9.99962445e-01 9.99953487e-01 9.99943643e-01 9.99933146e-01 9.99922296e-01 9.99911453e-01 9.99901013e-01 9.99891387e-01 9.99882978e-01 9.99876153e-01 9.99871218e-01 9.99868400e-01 9.99867830e-01 9.99869534e-01 9.99873433e-01 9.99879347e-01 9.99887007e-01 9.99896072e-01 9.99906157e-01 9.99916850e-01 9.99927744e-01 9.99938459e-01 9.99948663e-01 9.99958088e-01 9.99966541e-01 9.99973904e-01 9.99980134e-01 9.99985255e-01 9.99989340e-01 9.99992503e-01 9.99994875e-01 9.99996600e-01 9.99997812e-01 9.99998636e-01 9.99999177e-01 9.99999520e-01 9.99999729e-01 9.99999851e-01 9.99999920e-01 9.99999958e-01 9.99999977e-01 9.99999986e-01 9.99999990e-01 9.99999992e-01 9.99999992e-01 9.99999992e-01 9.99999992e-01 9.99999992e-01 9.99999992e-01 9.99999992e-01 9.99999991e-01 9.99999991e-01 9.99999991e-01 9.99999990e-01 9.99999989e-01 9.99999989e-01 9.99999988e-01 9.99999987e-01 9.99999986e-01 9.99999985e-01 9.99999985e-01 9.99999985e-01 9.99999985e-01 9.99999985e-01 9.99999985e-01 9.99999986e-01 9.99999987e-01 9.99999988e-01 9.99999989e-01 9.99999989e-01 9.99999990e-01 9.99999991e-01 9.99999991e-01 9.99999991e-01 9.99999992e-01 9.99999992e-01 9.99999992e-01 9.99999992e-01 9.99999992e-01 9.99999992e-01 9.99999992e-01 9.99999990e-01 9.99999986e-01 9.99999977e-01 9.99999958e-01 9.99999920e-01 9.99999851e-01 9.99999729e-01 9.99999520e-01 9.99999177e-01 9.99998636e-01 9.99997812e-01 9.99996600e-01 9.99994875e-01 9.99992503e-01 9.99989340e-01 9.99985255e-01 9.99980134e-01 9.99973904e-01 9.99966541e-01 9.99958088e-01 9.99948663e-01 9.99938459e-01 9.99927744e-01 9.99916850e-01 9.99906157e-01 9.99896072e-01 9.99887007e-01 9.99879347e-01 9.99873433e-01 9.99869534e-01 9.99867830e-01 9.99868400e-01 9.99871218e-01 9.99876153e-01 9.99882978e-01 9.99891387e-01 9.99901013e-01 9.99911453e-01 9.99922296e-01 9.99933146e-01 9.99943643e-01 9.99953487e-01 9.99962445e-01 9.99970363e-01 9.99977161e-01 9.99982830e-01 9.99987421e-01 9.99991029e-01 9.99993779e-01 9.99995810e-01 9.99997262e-01 9.99998266e-01 9.99998937e-01 9.99999369e-01 9.99999638e-01 9.99999799e-01 9.99999891e-01 9.99999942e-01 9.99999969e-01 9.99999982e-01 9.99999989e-01 9.99999991e-01 9.99999992e-01 9.99999992e-01 9.99999992e-01 9.99999992e-01 9.99999992e-01 9.99999992e-01 9.99999992e-01 9.99999991e-01 9.99999991e-01 9.99999990e-01 9.99999990e-01 9.99999989e-01 9.99999988e-01 9.99999987e-01 9.99999986e-01 9.99999986e-01 9.99999985e-01 9.99999985e-01 9.99999984e-01
9.99999984e-01 9.99999985e-01 9.99999985e-01 9.99999986e-01 9.99999986e-01 9.99999987e-01 9.99999988e-01 9.99999989e-01 9.99999990e-01 9.99999990e-01 9.99999991e-01 9.99999991e-01 9.99999991e-01 9.99999992e-01 9.99999992e-01 9.99999992e-01 9.99999992e-01 9.99999992e-01 9.99999992e-01 9.99999991e-01 9.99999987e-01 9.99999980e-01 9.99999964e-01 9.99999932e-01 9.99999870e-01 9.99999759e-01 9.99999565e-01 9.99999239e-01 9.99998715e-01 9.99997901e-01 9.99996682e-01 9.99994920e-01 9.99992457e-01 9.99989123e-01 9.99984753e-01 9.99979199e-01 9.99972350e-01 9.99964149e-01 9.99954611e-01 9.99943836e-01 9.99932013e-01 9.99919425e-01 9.99906432e-01 9.99893464e-01 9.99880992e-01 9.99869506e-01 9.99859481e-01 9.99851349e-01 9.99845473e-01 9.99842118e-01 9.99841440e-01 9.99843468e-01 9.99848110e-01 9.99855154e-01 9.99864282e-01 9.99875096e-01 9.99887135e-01 9.99899916e-01 9.99912954e-01 9.99925794e-01 9.99938040e-01 9.99949368e-01 9.99959543e-01 9.99968419e-01 9.99975942e-01 9.99982132e-01 9.99987077e-01 9.99990909e-01 9.99993786e-01 9.99995879e-01 9.99997351e-01 9.99998351e-01 9.99999007e-01 9.99999422e-01 9.99999675e-01 9.99999823e-01 9.99999906e-01 9.99999950e-01 9.99999973e-01 9.99999984e-01 9.99999989e-01 9.99999991e-01 9.99999992e-01 9.99999992e-01 9.99999992e-01 9.99999992e-01 9.99999992e-01 9.99999992e-01 9.99999991e-01 9.99999991e-01 9.99999991e-01 9.99999990e-01 9.99999989e-01 9.99999989e-01 9.99999988e-01 9.99999987e-01 9.99999986e-01 9.99999985e-01 9.99999985e-01 9.99999985e-01 9.99999985e-01 9.99999985e-01 9.99999985e-01 9.99999986e-01 9.99999987e-01 9.99999988e-01 9.99999989e-01 9.99999989e-01 9.99999990e-01 9.99999991e-01 9.99999991e-01 9.99999991e-01 9.99999992e-01 9.99999992e-01 9.99999992e-01 9.99999992e-01 9.99999992e-01 9.99999992e-01 9.99999991e-01 9.99999989e-01 9.99999984e-01 9.99999973e-01 9.99999950e-01 9.99999906e-01 9.99999823e-01 9.99999675e-01 9.99999422e-01 9.99999007e-01 9.99998351e-01 9.99997351e-01 9.99995879e-01 9.99993786e-01 9.99990909e-01 9.99987077e-01 9.99982132e-01 9.99975942e-01 9.99968419e-01 9.99959543e-01 9.99949368e-01 9.99938040e-01 9.99925794e-01 9.99912954e-01 9.99899916e-01 9.99887135e-01 9.99875096e-01 9.99864282e-01 9.99855154e-01 9.99848110e-01 9.99843468e-01 9.99841440e-01 9.99842118e-01 9.99845473e-01 9.99851349e-01 9.99859481e-01 9.99869506e-01 9.99880992e-01 9.99893464e-01 9.99906432e-01 9.99919425e-01 9.99932013e-01 9.99943836e-01 9.99954611e-01 9.99964149e-01 9.99972350e-01 9.99979199e-01 9.99984753e-01 9.99989123e-01 9.99992457e-01 9.99994920e-01 9.99996682e-01 9.99997901e-01 9.99998715e-01 9.99999239e-01 9.99999565e-01 9.99999759e-01 9.99999870e-01 9.99999932e-01 9.99999964e-01 9.99999980e-01 9.99999987e-01 9.99999991e-01 9.99999992e-01 9.99999992e-01 9.99999992e-01 9.99999992e-01 9.99999992e-01 9.99999992e-01 9.99999991e-01 9.99999991e-01 9.99999991e-01 9.99999990e-01 9.99999990e-01 9.99999989e-01 9.99999988e-01 9.99999987e-01 9.99999986e-01 9.99999986e-01 9.99999985e-01 9.99999985e-01 9.99999984e-01
9.99999984e-01 9.99999985e-01 9.99999985e-01 9.99999986e-01 9.99999986e-01 9.99999987e-01 9.99999988e-01 9.99999989e-01 9.99999990e-01 9.99999990e-01 9.99999991e-01 9.99999991e-01 9.99999991e-01 9.99999991e-01 9.99999992e-01 9.99999992e-01 9.99999992e-01 9.99999992e-01 9.99999992e-01 9.99999990e-01 9.99999986e-01 9.99999977e-01 9.99999958e-01 9.99999919e-01 9.99999846e-01 9.99999712e-01 9.99999477e-01 9.99999084e-01 9.99998451e-01 9.99997466e-01 9.99995991e-01 9.99993859e-01 9.99990881e-01 9.99986854e-01 9.99981581e-01 9.99974888e-01 9.99966647e-01 9.99956794e-01 9.99945353e-01 9.99932451e-01 9.99918317e-01 9.99903291e-01 9.99887806e-01 9.99872372e-01 9.99857548e-01 9.99843910e-01 9.99832018e-01 9.99822380e-01 9.99815419e-01 9.99811447e-01 9.99810643e-01 9.99813045e-01 9.99818543e-01 9.99826889e-01 9.99837713e-01 9.99850545e-01 9.99864848e-01 9.99880049e-01 9.99895576e-01 9.99910891e-01 9.99925519e-01 9.99939073e-01 9.99951267e-01 9.99961922e-01 9.99970967e-01 9.99978421e-01 9.99984385e-01 9.99989011e-01 9.99992488e-01 9.99995019e-01 9.99996800e-01 9.99998010e-01 9.99998804e-01 9.99999305e-01 9.99999610e-01 9.99999788e-01 9.99999888e-01 9.99999942e-01 9.99999969e-01 9.99999982e-01 9.99999989e-01 9.99999991e-01 9.99999992e-01 9.99999992e-01 9.99999992e-01 9.99999992e-01 9.99999991e-01 9.99999991e-01 9.99999991e-01 9.99999991e-01 9.99999990e-01 9.99999990e-01 9.99999989e-01 9.99999989e-01 9.99999988e-01 9.99999987e-01 9.99999986e-01 9.99999985e-01 9.99999985e-01 9.99999985e-01 9.99999985e-01 9.99999985e-01 9.99999985e-01 9.99999986e-01 9.99999987e-01 9.99999988e-01 9.99999989e-01 9.99999989e-01 9.99999990e-01 9.99999990e-01 9.99999991e-01 9.99999991e-01 9.99999991e-01 9.99999991e-01 9.99999992e-01 9.99999992e-01 9.99999992e-01 9.99999992e-01 9.99999991e-01 9.99999989e-01 9.99999982e-01 9.99999969e-01 9.99999942e-01 9.99999888e-01 9.99999788e-01 9.99999610e-01 9.99999305e-01 9.99998804e-01 9.99998010e-01 9.99996800e-01 9.99995019e-01 9.99992488e-01 9.99989011e-01 9.99984385e-01 9.99978421e-01 9.99970967e-01 9.99961922e-01 9.99951267e-01 9.99939073e-01 9.99925519e-01 9.99910891e-01 9.99895576e-01 9.99880049e-01 9.99864848e-01 9.99850545e-01 9.99837713e-01 9.99826889e-01 9.99818543e-01 9.99813045e-01 9.99810643e-01 9.99811447e-01 9.99815419e-01 9.99822380e-01 9.99832018e-01 9.99843910e-01 9.99857548e-01 9.99872372e-01 9.99887806e-01 9.99903291e-01 9.99918317e-01 9.99932451e-01 9.99945353e-01 9.99956794e-01 9.99966647e-01 9.99974888e-01 9.99981581e-01 9.99986854e-01 9.99990881e-01 9.99993859e-01 9.99995991e-01 9.99997466e-01 9.99998451e-01 9.99999084e-01 9.99999477e-01 9.99999712e-01 9.99999846e-01 9.99999919e-01 9.99999958e-01 9.99999977e-01 9.99999986e-01 9.99999990e-01 9.99999992e-01 9.99999992e-01 9.99999992e-01 9.99999992e-01 9.99999992e-01 9.99999991e-01 9.99999991e-01 9.99999991e-01 9.99999991e-01 9.99999990e-01 9.99999990e-01 9.99999989e-01 9.99999988e-01 9.99999987e-01 9.99999986e-01 9.99999986e-01 9.99999985e-01 9.99999985e-01 9.99999984e-01
9.99999984e-01 9.99999985e-01 9.99999985e-01 9.99999986e-01 9.99999986e-01 9.99999987e-01 9.99999988e-01 9.99999989e-01 9.99999990e-01 9.99999990e-01 9.99999990e-01 9.99999991e-01 9.99999991e-01 9.99999991e-01 9.99999991e-01 9.99999992e-01 9.99999992e-01 9.99999992e-01 9.99999991e-01 9.99999989e-01 9.99999985e-01 9.99999974e-01 9.99999951e-01 9.99999905e-01 9.99999817e-01 9.99999656e-01 9.99999374e-01 9.99998901e-01 9.99998136e-01 9.99996948e-01 9.99995170e-01 9.99992599e-01 9.99989010e-01 9.99984162e-01 9.99977824e-01 9.99969791e-01 9.99959915e-01 9.99948128e-01 9.99934467e-01 9.99919087e-01 9.99902269e-01 9.99884419e-01 9.99866054e-01 9.99847777e-01 9.99830245e-01 9.99814136e-01 9.99800103e-01 9.99788739e-01 9.99780536e-01 9.99775857e-01 9.99774910e-01 9.99777739e-01 9.99784216e-01 9.99794054e-01 9.99806821e-01 9.99821971e-01 9.99838875e-01 9.99856864e-01 9.99875265e-01 9.99893443e-01 9.99910835e-01 9.99926977e-01 9.99941525e-01 9.99954261e-01 9.99965090e-01 9.99974031e-01 9.99981194e-01 9.99986758e-01 9.99990946e-01 9.99993997e-01 9.99996145e-01 9.99997605e-01 9.99998562e-01 9.99999167e-01 9.99999534e-01 9.99999748e-01 9.99999868e-01 9.99999932e-01 9.99999965e-01 9.99999980e-01 9.99999987e-01 9.99999990e-01 9.99999991e-01 9.99999992e-01 9.99999992e-01 9.99999991e-01 9.99999991e-01 9.99999991e-01 9.99999991e-01 9.99999991e-01 9.99999990e-01 9.99999990e-01 9.99999989e-01 9.99999988e-01 9.99999988e-01 9.99999987e-01 9.99999986e-01 9.99999985e-01 9.99999985e-01 9.99999985e-01 9.99999985e-01 9.99999985e-01 9.99999985e-01 9.99999986e-01 9.99999987e-01 9.99999988e-01 9.99999988e-01 9.99999989e-01 9.99999990e-01 9.99999990e-01 9.99999991e-01 9.99999991e-01 9.99999991e-01 9.99999991e-01 9.99999991e-01 9.99999992e-01 9.99999992e-01 9.99999991e-01 9.99999990e-01 9.99999987e-01 9.99999980e-01 9.99999965e-01 9.99999932e-01 9.99999868e-01 9.99999748e-01 9.99999534e-01 9.99999167e-01 9.99998562e-01 9.99997605e-01 9.99996145e-01 9.99993997e-01 9.99990946e-01 9.99986758e-01 9.99981194e-01 9.99974031e-01 9.99965090e-01 9.99954261e-01 9.99941525e-01 9.99926977e-01 9.99910835e-01 9.99893443e-01 9.99875265e-01 9.99856864e-01 9.99838875e-01 9.99821971e-01 9.99806821e-01 9.99794054e-01 9.99784216e-01 9.99777739e-01 9.99774910e-01 9.99775857e-01 9.99780536e-01 9.99788739e-01 9.99800103e-01 9.99814136e-01 9.99830245e-01 9.99847777e-01 9.99866054e-01 9.99884419e-01 9.99902269e-01 9.99919087e-01 9.99934467e-01 9.99948128e-01 9.99959915e-01 9.99969791e-01 9.99977824e-01 9.99984162e-01 9.99989010e-01 9.99992599e-01 9.99995170e-01 9.99996948e-01 9.99998136e-01 9.99998901e-01 9.99999374e-01 9.99999656e-01 9.99999817e-01 9.99999905e-01 9.99999951e-01 9.99999974e-01 9.99999985e-01 9.99999989e-01 9.99999991e-01 9.99999992e-01 9.99999992e-01 9.99999992e-01 9.99999991e-01 9.99999991e-01 9.99999991e-01 9.99999991e-01 9.99999990e-01 9.99999990e-01 9.99999990e-01 9.99999989e-01 9.99999988e-01 9.99999987e-01 9.99999986e-01 9.99999986e-01 9.99999985e-01 9.99999985e-01 9.99999984e-01
9.99999984e-01 9.99999985e-01 9.99999985e-01 9.99999986e-01 9.99999986e-01 9.99999987e-01 9.99999988e-01 9.99999989e-01 9.99999989e-01 9.99999990e-01 9.99999990e-01 9.99999991e-01 9.99999991e-01 9.99999991e-01 9.99999991e-01 9.99999991e-01 9.99999991e-01 9.99999991e-01 9.99999991e-01 9.99999989e-01 9.99999983e-01 9.99999970e-01 9.99999943e-01 9.99999888e-01 9.99999783e-01 9.99999590e-01 9.99999252e-01 9.99998683e-01 9.99997764e-01 9.99996335e-01 9.99994196e-01 9.99991106e-01 9.99986797e-01 9.99980984e-01 9.99973395e-01 9.99963792e-01 9.99952007e-01 9.99937969e-01 9.99921729e-01 9.99903480e-01 9.99883563e-01 9.99862463e-01 9.99840791e-01 9.99819255e-01 9.99798628e-01 9.99779699e-01 9.99763227e-01 9.99749899e-01 9.99740284e-01 9.99734802e-01 9.99733694e-01 9.99737007e-01 9.99744597e-01 9.99756131e-01 9.99771110e-01 9.99788903e-01 9.99808779e-01 9.99829959e-01 9.99851656e-01 9.99873126e-01 9.99893703e-01 9.99912838e-01 9.99930115e-01 9.99945270e-01 9.99958180e-01 9.99968858e-01 9.99977428e-01 9.99984096e-01 9.99989122e-01 9.99992786e-01 9.99995368e-01 9.99997125e-01 9.99998276e-01 9.99999003e-01 9.99999444e-01 9.99999700e-01 9.99999844e-01 9.99999920e-01 9.99999959e-01 9.99999978e-01 9.99999986e-01 9.99999990e-01 9.99999991e-01 9.99999991e-01 9.99999991e-01 9.99999991e-01 9.99999991e-01 9.99999991e-01 9.99999991e-01 9.99999990e-01 9.99999990e-01 9.99999990e-01 9.99999989e-01 9.99999988e-01 9.99999988e-01 9.99999987e-01 9.99999986e-01 9.99999985e-01 9.99999985e-01 9.99999985e-01 9.99999985e-01 9.99999985e-01 9.99999985e-01 9.99999986e-01 9.99999987e-01 9.99999988e-01 9.99999988e-01 9.99999989e-01 9.99999990e-01 9.99999990e-01 9.99999990e-01 9.99999991e-01 9.99999991e-01 9.99999991e-01 9.99999991e-01 9.99999991e-01 9.99999991e-01 9.99999991e-01 9.99999990e-01 9.99999986e-01 9.99999978e-01 9.99999959e-01 9.99999920e-01 9.99999844e-01 9.99999700e-01 9.99999444e-01 9.99999003e-01 9.99998276e-01 9.99997125e-01 9.99995368e-01 9.99992786e-01 9.99989122e-01 9.99984096e-01 9.99977428e-01 9.99968858e-01 9.99958180e-01 9.99945270e-01 9.99930115e-01 9.99912838e-01 9.99893703e-01 9.99873126e-01 9.99851656e-01 9.99829959e-01 9.99808779e-01 9.99788903e-01 9.99771110e-01 9.99756131e-01 9.99744597e-01 9.99737007e-01 9.99733694e-01 9.99734802e-01 9.99740284e-01 9.99749899e-01 9.99763227e-01 9.99779699e-01 9.99798628e-01 9.99819255e-01 9.99840791e-01 9.99862463e-01 9.99883563e-01 9.99903480e-01 9.99921729e-01 9.99937969e-01 9.99952007e-01 9.99963792e-01 9.99973395e-01 9.99980984e-01 9.99986797e-01 9.99991106e-01 9.99994196e-01 9.99996335e-01 9.99997764e-01 9.99998683e-01 9.99999252e-01 9.99999590e-01 9.99999783e-01 9.99999888e-01 9.99999943e-01 9.99999970e-01 9.99999983e-01 9.99999989e-01 9.99999991e-01 9.99999991e-01 9.99999991e-01 9.99999991e-01 9.99999991e-01 9.99999991e-01 9.99999991e-01 9.99999991e-01 9.99999990e-01 9.99999990e-01 9.99999989e-01 9.99999989e-01 9.99999988e-01 9.99999987e-01 9.99999986e-01 9.99999986e-01 9.99999985e-01 9.99999985e-01 9.99999984e-01
9.99999984e-01 9.99999985e-01 9.99999985e-01 9.99999986e-01 9.99999986e-01 9.99999987e-01 9.99999988e-01 9.99999989e-01 9.99999989e-01 9.99999990e-01 9.99999990e-01 9.99999990e-01 9.99999991e-01 9.99999991e-01 9.99999991e-01 9.99999991e-01 9.99999991e-01 9.99999991e-01 9.99999990e-01 9.99999988e-01 9.99999981e-01 9.99999966e-01 9.99999934e-01 9.99999868e-01 9.99999743e-01 9.99999512e-01 9.99999108e-01 9.99998426e-01 9.99997324e-01 9.99995610e-01 9.99993046e-01 9.99989346e-01 9.99984191e-01 9.99977247e-01 9.99968196e-01 9.99956765e-01 9.99942762e-01 9.99926116e-01 9.99906899e-01 9.99885349e-01 9.99861877e-01 9.99837057e-01 9.99811611e-01 9.99786368e-01 9.99762226e-01 9.99740100e-01 9.99720868e-01 9.99705320e-01 9.99694113e-01 9.99687725e-01 9.99686433e-01 9.99690294e-01 9.99699140e-01 9.99712589e-01 9.99730070e-01 9.99750854e-01 9.99774102e-01 9.99798909e-01 9.99824363e-01 9.99849593e-01 9.99873821e-01 9.99896394e-01 9.99916818e-01 9.99934769e-01 9.99950092e-01 9.99962792e-01 9.99973004e-01 9.99980963e-01 9.99986971e-01 9.99991358e-01 9.99994452e-01 9.99996557e-01 9.99997938e-01 9.99998809e-01 9.99999337e-01 9.99999644e-01 9.99999815e-01 9.99999907e-01 9.99999953e-01 9.99999975e-01 9.99999985e-01 9.99999989e-01 9.99999991e-01 9.99999991e-01 9.99999991e-01 9.99999991e-01 9.99999991e-01 9.99999991e-01 9.99999990e-01 9.99999990e-01 9.99999990e-01 9.99999990e-01 9.99999989e-01 9.99999988e-01 9.99999987e-01 9.99999987e-01 9.99999986e-01 9.99999985e-01 9.99999985e-01 9.99999985e-01 9.99999985e-01 9.99999985e-01 9.99999985e-01 9.99999986e-01 9.99999987e-01 9.99999987e-01 9.99999988e-01 9.99999989e-01 9.99999990e-01 9.99999990e-01 9.99999990e-01 9.99999990e-01 9.99999991e-01 9.99999991e-01 9.99999991e-01 9.99999991e-01 9.99999991e-01 9.99999991e-01 9.99999989e-01 9.99999985e-01 9.99999975e-01 9.99999953e-01 9.99999907e-01 9.99999815e-01 9.99999644e-01 9.99999337e-01 9.99998809e-01 9.99997938e-01 9.99996557e-01 9.99994452e-01 9.99991358e-01 9.99986971e-01 9.99980963e-01 9.99973004e-01 9.99962792e-01 9.99950092e-01 9.99934769e-01 9.99916818e-01 9.99896394e-01 9.99873821e-01 9.99849593e-01 9.99824363e-01 9.99798909e-01 9.99774102e-01 9.99750854e-01 9.99730070e-01 9.99712589e-01 9.99699140e-01 9.99690294e-01 9.99686433e-01 9.99687725e-01 9.99694113e-01 9.99705320e-01 9.99720868e-01 9.99740100e-01 9.99762226e-01 9.99786368e-01 9.99811611e-01 9.99837057e-01 9.99861877e-01 9.99885349e-01 9.99906899e-01 9.99926116e-01 9.99942762e-01 9.99956765e-01 9.99968196e-01 9.99977247e-01 9.99984191e-01 9.99989346e-01 9.99993046e-01 9.99995610e-01 9.99997324e-01 9.99998426e-01 9.99999108e-01 9.99999512e-01 9.99999743e-01 9.99999868e-01 9.99999934e-01 9.99999966e-01 9.99999981e-01 9.99999988e-01 9.99999990e-01 9.99999991e-01 9.99999991e-01 9.99999991e-01 9.99999991e-01 9.99999991e-01 9.99999991e-01 9.99999990e-01 9.99999990e-01 9.99999990e-01 9.99999989e-01 9.99999989e-01 9.99999988e-01 9.99999987e-01 9.99999986e-01 9.99999986e-01 9.99999985e-01 9.99999985e-01 9.99999984e-01
9.99999984e-01 9.99999985e-01 9.99999985e-01 9.99999986e-01 9.99999986e-01 9.99999987e-01 9.99999988e-01 9.99999989e-01 9.99999989e-01 9.99999990e-01 9.99999990e-01 9.99999990e-01 9.99999990e-01 9.99999991e-01 9.99999991e-01 9.99999991e-01 9.99999991e-01 9.99999991e-01 9.99999990e-01 9.99999987e-01 9.99999979e-01 9.99999961e-01 9.99999923e-01 9.99999845e-01 9.99999696e-01 9.99999421e-01 9.99998938e-01 9.99998123e-01 9.99996806e-01 9.99994758e-01 9.99991695e-01 9.99987279e-01 9.99981134e-01 9.99972872e-01 9.99962121e-01 9.99948570e-01 9.99932006e-01 9.99912357e-01 9.99889723e-01 9.99864397e-01 9.99836870e-01 9.99807823e-01 9.99778099e-01 9.99748664e-01 9.99720558e-01 9.99694834e-01 9.99672501e-01 9.99654464e-01 9.99641471e-01 9.99634069e-01 9.99632572e-01 9.99637046e-01 9.99647298e-01 9.99662895e-01 9.99683184e-01 9.99707333e-01 9.99734379e-01 9.99763281e-01 9.99792988e-01 9.99822488e-01 9.99850871e-01 9.99877371e-01 9.99901399e-01 9.99922565e-01 9.99940672e-01 9.99955712e-01 9.99967829e-01 9.99977292e-01 9.99984447e-01 9.99989679e-01 9.99993373e-01 9.99995889e-01 9.99997540e-01 9.99998581e-01 9.99999212e-01 9.99999579e-01 9.99999782e-01 9.99999891e-01 9.99999945e-01 9.99999972e-01 9.99999984e-01 9.99999989e-01 9.99999990e-01 9.99999991e-01 9.99999991e-01 9.99999991e-01 9.99999991e-01 9.99999990e-01 9.99999990e-01 9.99999990e-01 9.99999990e-01 9.99999989e-01 9.99999989e-01 9.99999988e-01 9.99999987e-01 9.99999987e-01 9.99999986e-01 9.99999985e-01 9.99999985e-01 9.99999985e-01 9.99999985e-01 9.99999985e-01 9.99999985e-01 9.99999986e-01 9.99999987e-01 9.99999987e-01 9.99999988e-01 9.99999989e-01 9.99999989e-01 9.99999990e-01 9.99999990e-01 9.99999990e-01 9.99999990e-01 9.99999991e-01 9.99999991e-01 9.99999991e-01 9.99999991e-01 9.99999990e-01 9.99999989e-01 9.99999984e-01 9.99999972e-01 9.99999945e-01 9.99999891e-01 9.99999782e-01 9.99999579e-01 9.99999212e-01 9.99998581e-01 9.99997540e-01 9.99995889e-01 9.99993373e-01 9.99989679e-01 9.99984447e-01 9.99977292e-01 9.99967829e-01 9.99955712e-01 9.99940672e-01 9.99922565e-01 9.99901399e-01 9.99877371e-01 9.99850871e-01 9.99822488e-01 9.99792988e-01 9.99763281e-01 9.99734379e-01 9.99707333e-01 9.99683184e-01 9.99662895e-01 9.99647298e-01 9.99637046e-01 9.99632572e-01 9.99634069e-01 9.99641471e-01 9.99654464e-01 9.99672501e-01 9.99694834e-01 9.99720558e-01 9.99748664e-01 9.99778099e-01 9.99807823e-01 9.99836870e-01 9.99864397e-01 9.99889723e-01 9.99912357e-01 9.99932006e-01 9.99948570e-01 9.99962121e-01 9.99972872e-01 9.99981134e-01 9.99987279e-01 9.99991695e-01 9.99994758e-01 9.99996806e-01 9.99998123e-01 9.99998938e-01 9.99999421e-01 9.99999696e-01 9.99999845e-01 9.99999923e-01 9.99999961e-01 9.99999979e-01 9.99999987e-01 9.99999990e-01 9.99999991e-01 9.99999991e-01 9.99999991e-01 9.99999991e-01 9.99999991e-01 9.99999990e-01 9.99999990e-01 9.99999990e-01 9.99999990e-01 9.99999989e-01 9.99999989e-01 9.99999988e-01 9.99999987e-01 9.99999986e-01 9.99999986e-01 9.99999985e-01 9.99999985e-01 9.99999984e-01
9.99999984e-01 9.99999985e-01 9.99999985e-01 9.99999986e-01 9.99999986e-01 9.99999987e-01 9.99999988e-01 9.99999988e-01 9.99999989e-01 9.99999989e-01 9.99999990e-01 9.99999990e-01 9.99999990e-01 9.99999990e-01 9.99999990e-01 9.99999991e-01 9.99999991e-01 9.99999990e-01 9.99999989e-01 9.99999986e-01 9.99999976e-01 9.99999955e-01 9.99999910e-01 9.99999819e-01 9.99999641e-01 9.99999315e-01 9.99998739e-01 9.99997768e-01 9.99996198e-01 9.99993758e-01 9.99990111e-01 9.99984860e-01 9.99977565e-01 9.99967772e-01 9.99955055e-01 9.99939059e-01 9.99919552e-01 9.99896466e-01 9.99869935e-01 9.99840316e-01 9.99808195e-01 9.99774373e-01 9.99739832e-01 9.99705691e-01 9.99673145e-01 9.99643401e-01 9.99617610e-01 9.99596801e-01 9.99581821e-01 9.99573291e-01 9.99571567e-01 9.99576721e-01 9.99588538e-01 9.99606525e-01 9.99629944e-01 9.99657849e-01 9.99689143e-01 9.99722638e-01 9.99757125e-01 9.99791439e-01 9.99824523e-01 9.99855480e-01 9.99883614e-01 9.99908453e-01 9.99929753e-01 9.99947485e-01 9.99961803e-01 9.99973008e-01 9.99981496e-01 9.99987713e-01 9.99992109e-01 9.99995106e-01 9.99997073e-01 9.99998314e-01 9.99999066e-01 9.99999502e-01 9.99999744e-01 9.99999872e-01 9.99999937e-01 9.99999968e-01 9.99999982e-01 9.99999988e-01 9.99999990e-01 9.99999991e-01 9.99999991e-01 9.99999990e-01 9.99999990e-01 9.99999990e-01 9.99999990e-01 9.99999990e-01 9.99999990e-01 9.99999989e-01 9.99999989e-01 9.99999988e-01 9.99999987e-01 9.99999987e-01 9.99999986e-01 9.99999985e-01 9.99999985e-01 9.99999985e-01 9.99999985e-01 9.99999985e-01 9.99999985e-01 9.99999986e-01 9.99999987e-01 9.99999987e-01 9.99999988e-01 9.99999989e-01 9.99999989e-01 9.99999990e-01 9.99999990e-01 9.99999990e-01 9.99999990e-01 9.99999990e-01 9.99999990e-01 9.99999991e-01 9.99999991e-01 9.99999990e-01 9.99999988e-01 9.99999982e-01 9.99999968e-01 9.99999937e-01 9.99999872e-01 9.99999744e-01 9.99999502e-01 9.99999066e-01 9.99998314e-01 9.99997073e-01 9.99995106e-01 9.99992109e-01 9.99987713e-01 9.99981496e-01 9.99973008e-01 9.99961803e-01 9.99947485e-01 9.99929753e-01 9.99908453e-01 9.99883614e-01 9.99855480e-01 9.99824523e-01 9.99791439e-01 9.99757125e-01 9.99722638e-01 9.99689143e-01 9.99657849e-01 9.99629944e-01 9.99606525e-01 9.99588538e-01 9.99576721e-01 9.99571567e-01 9.99573291e-01 9.99581821e-01 9.99596801e-01 9.99617610e-01 9.99643401e-01 9.99673145e-01 9.99705691e-01 9.99739832e-01 9.99774373e-01 9.99808195e-01 9.99840316e-01 9.99869935e-01 9.99896466e-01 9.99919552e-01 9.99939059e-01 9.99955055e-01 9.99967772e-01 9.99977565e-01 9.99984860e-01 9.99990111e-01 9.99993758e-01 9.99996198e-01 9.99997768e-01 9.99998739e-01 9.99999315e-01 9.99999641e-01 9.99999819e-01 9.99999910e-01 9.99999955e-01 9.99999976e-01 9.99999986e-01 9.99999989e-01 9.99999990e-01 9.99999991e-01 9.99999991e-01 9.99999990e-01 9.99999990e-01 9.99999990e-01 9.99999990e-01 9.99999990e-01 9.99999989e-01 9.99999989e-01 9.99999988e-01 9.99999988e-01 9.99999987e-01 9.99999986e-01 9.99999986e-01 9.99999985e-01 9.99999985e-01 9.99999984e-01
9.99999984e-01 9.99999985e-01 9.99999985e-01 9.99999985e-01 9.99999986e-01 9.99999987e-01 9.99999988e-01 9.99999988e-01 9.99999989e-01 9.99999989e-01 9.99999990e-01 9.99999990e-01 9.99999990e-01 9.99999990e-01 9.99999990e-01 9.99999990e-01 9.99999990e-01 9.99999990e-01 9.99999989e-01 9.99999984e-01 9.99999974e-01 9.99999949e-01 9.99999896e-01 9.99999787e-01 9.99999577e-01 9.99999190e-01 9.99998506e-01 9.99997353e-01 9.99995487e-01 9.99992589e-01 9.99988263e-01 9.99982042e-01 9.99973413e-01 9.99961853e-01 9.99946874e-01 9.99928076e-01 9.99905207e-01 9.99878208e-01 9.99847257e-01 9.99812788e-01 9.99775497e-01 9.99736318e-01 9.99696391e-01 9.99657003e-01 9.99619521e-01 9.99585317e-01 9.99555698e-01 9.99531824e-01 9.99514652e-01 9.99504878e-01 9.99502903e-01 9.99508808e-01 9.99522350e-01 9.99542978e-01 9.99569858e-01 9.99601925e-01 9.99637937e-01 9.99676545e-01 9.99716371e-01 9.99756076e-01 9.99794442e-01 9.99830425e-01 9.99863205e-01 9.99892218e-01 9.99917159e-01 9.99937972e-01 9.99954819e-01 9.99968032e-01 9.99978061e-01 9.99985421e-01 9.99990632e-01 9.99994190e-01 9.99996527e-01 9.99998002e-01 9.99998894e-01 9.99999412e-01 9.99999699e-01 9.99999851e-01 9.99999927e-01 9.99999964e-01 9.99999980e-01 9.99999987e-01 9.99999990e-01 9.99999990e-01 9.99999990e-01 9.99999990e-01 9.99999990e-01 9.99999990e-01 9.99999990e-01 9.99999990e-01 9.99999989e-01 9.99999989e-01 9.99999989e-01 9.99999988e-01 9.99999987e-01 9.99999987e-01 9.99999986e-01 9.99999985e-01 9.99999985e-01 9.99999985e-01 9.99999985e-01 9.99999985e-01 9.99999985e-01 9.99999986e-01 9.99999987e-01 9.99999987e-01 9.99999988e-01 9.99999989e-01 9.99999989e-01 9.99999989e-01 9.99999990e-01 9.99999990e-01 9.99999990e-01 9.99999990e-01 9.99999990e-01 9.99999990e-01 9.99999990e-01 9.99999990e-01 9.99999987e-01 9.99999980e-01 9.99999964e-01 9.99999927e-01 9.99999851e-01 9.99999699e-01 9.99999412e-01 9.99998894e-01 9.99998002e-01 9.99996527e-01 9.99994190e-01 9.99990632e-01 9.99985421e-01 9.99978061e-01 9.99968032e-01 9.99954819e-01 9.99937972e-01 9.99917159e-01 9.99892218e-01 9.99863205e-01 9.99830425e-01 9.99794442e-01 9.99756076e-01 9.99716371e-01 9.99676545e-01 9.99637937e-01 9.99601925e-01 9.99569858e-01 9.99542978e-01 9.99522350e-01 9.99508808e-01 9.99502903e-01 9.99504878e-01 9.99514652e-01 9.99531824e-01 9.99555698e-01 9.99585317e-01 9.99619521e-01 9.99657003e-01 9.99696391e-01 9.99736318e-01 9.99775497e-01 9.99812788e-01 9.99847257e-01 9.99878208e-01 9.99905207e-01 9.99928076e-01 9.99946874e-01 9.99961853e-01 9.99973413e-01 9.99982042e-01 9.99988263e-01 9.99992589e-01 9.99995487e-01 9.99997353e-01 9.99998506e-01 9.99999190e-01 9.99999577e-01 9.99999787e-01 9.99999896e-01 9.99999949e-01 9.99999974e-01 9.99999984e-01 9.99999989e-01 9.99999990e-01 9.99999990e-01 9.99999990e-01 9.99999990e-01 9.99999990e-01 9.99999990e-01 9.99999990e-01 9.99999990e-01 9.99999989e-01 9.99999989e-01 9.99999988e-01 9.99999988e-01 9.99999987e-01 9.99999986e-01 9.99999985e-01 9.99999985e-01 9.99999985e-01 9.99999984e-01
9.99999984e-01 9.99999985e-01 9.99999985e-01 9.99999985e-01 9.99999986e-01 9.99999987e-01 9.99999988e-01 9.99999988e-01 9.99999989e-01 9.99999989e-01 9.99999989e-01 9.99999990e-01 9.99999990e-01 9.99999990e-01 9.99999990e-01 9.99999990e-01 9.99999990e-01 9.99999990e-01 9.99999988e-01 9.99999983e-01 9.99999970e-01 9.99999941e-01 9.99999879e-01 9.99999751e-01 9.99999503e-01 9.99999045e-01 9.99998235e-01 9.99996869e-01 9.99994659e-01 9.99991229e-01 9.99986115e-01 9.99978772e-01 9.99968606e-01 9.99955016e-01 9.99937447e-01 9.99915453e-01 9.99888764e-01 9.99857339e-01 9.99821407e-01 9.99781494e-01 9.99738420e-01 9.99693273e-01 9.99647365e-01 9.99602167e-01 9.99559235e-01 9.99520122e-01 9.99486295e-01 9.99459060e-01 9.99439485e-01 9.99428350e-01 9.99426101e-01 9.99432827e-01 9.99448259e-01 9.99471781e-01 9.99502462e-01 9.99539107e-01 9.99580320e-01 9.99624581e-01 9.99670325e-01 9.99716028e-01 9.99760290e-01 9.99801904e-01 9.99839911e-01 9.99873636e-01 9.99902704e-01 9.99927025e-01 9.99946760e-01 9.99962276e-01 9.99974080e-01 9.99982758e-01 9.99988915e-01 9.99993124e-01 9.99995890e-01 9.99997637e-01 9.99998695e-01 9.99999308e-01 9.99999647e-01 9.99999826e-01 9.99999916e-01 9.99999959e-01 9.99999978e-01 9.99999986e-01 9.99999989e-01 9.99999990e-01 9.99999990e-01 9.99999990e-01 9.99999990e-01 9.99999990e-01 9.99999990e-01 9.99999989e-01 9.99999989e-01 9.99999989e-01 9.99999988e-01 9.99999988e-01 9.99999987e-01 9.99999986e-01 9.99999986e-01 9.99999985e-01 9.99999985e-01 9.99999985e-01 9.99999985e-01 9.99999985e-01 9.99999985e-01 9.99999986e-01 9.99999986e-01 9.99999987e-01 9.99999988e-01 9.99999988e-01 9.99999989e-01 9.99999989e-01 9.99999989e-01 9.99999990e-01 9.99999990e-01 9.99999990e-01 9.99999990e-01 9.99999990e-01 9.99999990e-01 9.99999989e-01 9.99999986e-01 9.99999978e-01 9.99999959e-01 9.99999916e-01 9.99999826e-01 9.99999647e-01 9.99999308e-01 9.99998695e-01 9.99997637e-01 9.99995890e-01 9.99993124e-01 9.99988915e-01 9.99982758e-01 9.99974080e-01 9.99962276e-01 9.99946760e-01 9.99927025e-01 9.99902704e-01 9.99873636e-01 9.99839911e-01 9.99801904e-01 9.99760290e-01 9.99716028e-01 9.99670325e-01 9.99624581e-01 9.99580320e-01 9.99539107e-01 9.99502462e-01 9.99471781e-01 9.99448259e-01 9.99432827e-01 9.99426101e-01 9.99428350e-01 9.99439485e-01 9.99459060e-01 9.99486295e-01 9.99520122e-01 9.99559235e-01 9.99602167e-01 9.99647365e-01 9.99693273e-01 9.99738420e-01 9.99781494e-01 9.99821407e-01 9.99857339e-01 9.99888764e-01 9.99915453e-01 9.99937447e-01 9.99955016e-01 9.99968606e-01 9.99978772e-01 9.99986115e-01 9.99991229e-01 9.99994659e-01 9.99996869e-01 9.99998235e-01 9.99999045e-01 9.99999503e-01 9.99999751e-01 9.99999879e-01 9.99999941e-01 9.99999970e-01 9.99999983e-01 9.99999988e-01 9.99999990e-01 9.99999990e-01 9.99999990e-01 9.99999990e-01 9.99999990e-01 9.99999990e-01 9.99999990e-01 9.99999989e-01 9.99999989e-01 9.99999989e-01 9.99999988e-01 9.99999988e-01 9.99999987e-01 9.99999986e-01 9.99999985e-01 9.99999985e-01 9.99999985e-01 9.99999984e-01
9.99999984e-01 9.99999985e-01 9.99999985e-01 9.99999985e-01 9.99999986e-01 9.99999987e-01 9.99999987e-01 9.99999988e-01 9.99999988e-01 9.99999989e-01 9.99999989e-01 9.99999989e-01 9.99999989e-01 9.99999990e-01 9.99999990e-01 9.99999990e-01 9.99999990e-01 9.99999989e-01 9.99999987e-01 9.99999981e-01 9.99999967e-01 9.99999933e-01 9.99999860e-01 9.99999709e-01 9.99999417e-01 9.99998876e-01 9.99997920e-01 9.99996306e-01 9.99993697e-01 9.99989653e-01 9.99983628e-01 9.99974994e-01 9.99963065e-01 9.99947154e-01 9.99926635e-01 9.99901017e-01 9.99870015e-01 9.99833611e-01 9.99792101e-01 9.99746116e-01 9.99696617e-01 9.99644865e-01 9.99592362e-01 9.99540781e-01 9.99491878e-01 9.99447398e-01 9.99408985e-01 9.99378090e-01 9.99355905e-01 9.99343291e-01 9.99340743e-01 9.99348361e-01 9.99365847e-01 9.99392516e-01 9.99427337e-01 9.99468979e-01 9.99515884e-01 9.99566347e-01 9.99618605e-01 9.99670934e-01 9.99721734e-01 9.99769615e-01 9.99813463e-01 9.99852477e-01 9.99886197e-01 9.99914487e-01 9.99937505e-01 9.99955648e-01 9.99969485e-01 9.99979679e-01 9.99986926e-01 9.99991886e-01 9.99995151e-01 9.99997214e-01 9.99998463e-01 9.99999187e-01 9.99999587e-01 9.99999797e-01 9.99999903e-01 9.99999953e-01 9.99999976e-01 9.99999985e-01 9.99999989e-01 9.99999990e-01 9.99999990e-01 9.99999990e-01 9.99999990e-01 9.99999989e-01 9.99999989e-01 9.99999989e-01 9.99999989e-01 9.99999989e-01 9.99999988e-01 9.99999988e-01 9.99999987e-01 9.99999986e-01 9.99999986e-01 9.99999985e-01 9.99999985e-01 9.99999985e-01 9.99999985e-01 9.99999985e-01 9.99999985e-01 9.99999986e-01 9.99999986e-01 9.99999987e-01 9.99999988e-01 9.99999988e-01 9.99999989e-01 9.99999989e-01 9.99999989e-01 9.99999989e-01 9.99999989e-01 9.99999990e-01 9.99999990e-01 9.99999990e-01 9.99999990e-01 9.99999989e-01 9.99999985e-01 9.99999976e-01 9.99999953e-01 9.99999903e-01 9.99999797e-01 9.99999587e-01 9.99999187e-01 9.99998463e-01 9.99997214e-01 9.99995151e-01 9.99991886e-01 9.99986926e-01 9.99979679e-01 9.99969485e-01 9.99955648e-01 9.99937505e-01 9.99914487e-01 9.99886197e-01 9.99852477e-01 9.99813463e-01 9.99769615e-01 9.99721734e-01 9.99670934e-01 9.99618605e-01 9.99566347e-01 9.99515884e-01 9.99468979e-01 9.99427337e-01 9.99392516e-01 9.99365847e-01 9.99348361e-01 9.99340743e-01 9.99343291e-01 9.99355905e-01 9.99378090e-01 9.99408985e-01 9.99447398e-01 9.99491878e-01 9.99540781e-01 9.99592362e-01 9.99644865e-01 9.99696617e-01 9.99746116e-01 9.99792101e-01 9.99833611e-01 9.99870015e-01 9.99901017e-01 9.99926635e-01 9.99947154e-01 9.99963065e-01 9.99974994e-01 9.99983628e-01 9.99989653e-01 9.99993697e-01 9.99996306e-01 9.99997920e-01 9.99998876e-01 9.99999417e-01 9.99999709e-01 9.99999860e-01 9.99999933e-01 9.99999967e-01 9.99999981e-01 9.99999987e-01 9.99999989e-01 9.99999990e-01 9.99999990e-01 9.99999990e-01 9.99999990e-01 9.99999989e-01 9.99999989e-01 9.99999989e-01 9.99999989e-01 9.99999988e-01 9.99999988e-01 9.99999987e-01 9.99999987e-01 9.99999986e-01 9.99999985e-01 9.99999985e-01 9.99999985e-01 9.99999984e-01
9.99999984e-01 9.99999985e-01 9.99999985e-01 9.99999985e-01 9.99999986e-01 9.99999987e-01 9.99999987e-01 9.99999988e-01 9.99999988e-01 9.99999989e-01 9.99999989e-01 9.99999989e-01 9.99999989e-01 9.99999989e-01 9.99999989e-01 9.99999990e-01 9.99999990e-01 9.99999989e-01 9.99999986e-01 9.99999980e-01 9.99999963e-01 9.99999923e-01 9.99999837e-01 9.99999661e-01 9.99999318e-01 9.99998681e-01 9.99997556e-01 9.99995655e-01 9.99992585e-01 9.99987831e-01 9.99980761e-01 9.99970647e-01 9.99956704e-01 9.99938154e-01 9.99914294e-01 9.99884589e-01 9.99848744e-01 9.99806774e-01 9.99759056e-01 9.99706343e-01 9.99649756e-01 9.99590745e-01 9.99531022e-01 9.99472477e-01 9.99417081e-01 9.99366782e-01 9.99323406e-01 9.99288561e-01 9.99263559e-01 9.99249352e-01 9.99246483e-01 9.99255062e-01 9.99274761e-01 9.99304827e-01 9.99344122e-01 9.99391176e-01 9.99444262e-01 9.99501480e-01 9.99560857e-01 9.99620452e-01 9.99678450e-01 9.99733262e-01 9.99783596e-01 9.99828510e-01 9.99867441e-01 9.99900198e-01 9.99926926e-01 9.99948052e-01 9.99964204e-01 9.99976133e-01 9.99984629e-01 9.99990456e-01 9.99994296e-01 9.99996724e-01 9.99998195e-01 9.99999047e-01 9.99999517e-01 9.99999764e-01 9.99999888e-01 9.99999947e-01 9.99999973e-01 9.99999984e-01 9.99999988e-01 9.99999989e-01 9.99999990e-01 9.99999990e-01 9.99999989e-01 9.99999989e-01 9.99999989e-01 9.99999989e-01 9.99999989e-01 9.99999989e-01 9.99999988e-01 9.99999988e-01 9.99999987e-01 9.99999986e-01 9.99999986e-01 9.99999985e-01 9.99999985e-01 9.99999985e-01 9.99999985e-01 9.99999985e-01 9.99999985e-01 9.99999986e-01 9.99999986e-01 9.99999987e-01 9.99999988e-01 9.99999988e-01 9.99999989e-01 9.99999989e-01 9.99999989e-01 9.99999989e-01 9.99999989e-01 9.99999989e-01 9.99999990e-01 9.99999990e-01 9.99999989e-01 9.99999988e-01 9.99999984e-01 9.99999973e-01 9.99999947e-01 9.99999888e-01 9.99999764e-01 9.99999517e-01 9.99999047e-01 9.99998195e-01 9.99996724e-01 9.99994296e-01 9.99990456e-01 9.99984629e-01 9.99976133e-01 9.99964204e-01 9.99948052e-01 9.99926926e-01 9.99900198e-01 9.99867441e-01 9.99828510e-01 9.99783596e-01 9.99733262e-01 9.99678450e-01 9.99620452e-01 9.99560857e-01 9.99501480e-01 9.99444262e-01 9.99391176e-01 9.99344122e-01 9.99304827e-01 9.99274761e-01 9.99255062e-01 9.99246483e-01 9.99249352e-01 9.99263559e-01 9.99288561e-01 9.99323406e-01 9.99366782e-01 9.99417081e-01 9.99472477e-01 9.99531022e-01 9.99590745e-01 9.99649756e-01 9.99706343e-01 9.99759056e-01 9.99806774e-01 9.99848744e-01 9.99884589e-01 9.99914294e-01 9.99938154e-01 9.99956704e-01 9.99970647e-01 9.99980761e-01 9.99987831e-01 9.99992585e-01 9.99995655e-01 9.99997556e-01 9.99998681e-01 9.99999318e-01 9.99999661e-01 9.99999837e-01 9.99999923e-01 9.99999963e-01 9.99999980e-01 9.99999986e-01 9.99999989e-01 9.99999990e-01 9.99999990e-01 9.99999989e-01 9.99999989e-01 9.99999989e-01 9.99999989e-01 9.99999989e-01 9.99999989e-01 9.99999988e-01 9.99999988e-01 9.99999987e-01 9.99999987e-01 9.99999986e-01 9.99999985e-01 9.99999985e-01 9.99999985e-01 9.99999984e-01
9.99999984e-01 9.99999985e-01 9.99999985e-01 9.99999985e-01 9.99999986e-01 9.99999987e-01 9.99999987e-01 9.99999988e-01 9.99999988e-01 9.99999988e-01 9.99999989e-01 9.99999989e-01 9.99999989e-01 9.99999989e-01 9.99999989e-01 9.99999989e-01 9.99999989e-01 9.99999988e-01 9.99999986e-01 9.99999978e-01 9.99999958e-01 9.99999912e-01 9.99999812e-01 9.99999606e-01 9.99999203e-01 9.99998456e-01 9.99997135e-01 9.99994904e-01 9.99991304e-01 9.99985735e-01 9.99977468e-01 9.99965666e-01 9.99949436e-01 9.99927899e-01 9.99900276e-01 9.99865987e-01 9.99824735e-01 9.99776582e-01 9.99721999e-01 9.99661880e-01 9.99597525e-01 9.99530594e-01 9.99463024e-01 9.99396939e-01 9.99334536e-01 9.99277976e-01 9.99229274e-01 9.99190197e-01 9.99162185e-01 9.99146276e-01 9.99143064e-01 9.99152669e-01 9.99174733e-01 9.99208434e-01 9.99252525e-01 9.99305395e-01 9.99365140e-01 9.99429659e-01 9.99496759e-01 9.99564266e-01 9.99630136e-01 9.99692559e-01 9.99750048e-01 9.99801502e-01 9.99846237e-01 9.99883991e-01 9.99914890e-01 9.99939383e-01 9.99958161e-01 9.99972064e-01 9.99981989e-01 9.99988808e-01 9.99993309e-01 9.99996159e-01 9.99997885e-01 9.99998885e-01 9.99999437e-01 9.99999727e-01 9.99999871e-01 9.99999940e-01 9.99999970e-01 9.99999983e-01 9.99999987e-01 9.99999989e-01 9.99999989e-01 9.99999989e-01 9.99999989e-01 9.99999989e-01 9.99999989e-01 9.99999989e-01 9.99999989e-01 9.99999988e-01 9.99999988e-01 9.99999987e-01 9.99999987e-01 9.99999986e-01 9.99999986e-01 9.99999985e-01 9.99999985e-01 9.99999985e-01 9.99999985e-01 9.99999985e-01 9.99999985e-01 9.99999986e-01 9.99999986e-01 9.99999987e-01 9.99999987e-01 9.99999988e-01 9.99999988e-01 9.99999989e-01 9.99999989e-01 9.99999989e-01 9.99999989e-01 9.99999989e-01 9.99999989e-01 9.99999989e-01 9.99999989e-01 9.99999987e-01 9.99999983e-01 9.99999970e-01 9.99999940e-01 9.99999871e-01 9.99999727e-01 9.99999437e-01 9.99998885e-01 9.99997885e-01 9.99996159e-01 9.99993309e-01 9.99988808e-01 9.99981989e-01 9.99972064e-01 9.99958161e-01 9.99939383e-01 9.99914890e-01 9.99883991e-01 9.99846237e-01 9.99801502e-01 9.99750048e-01 9.99692559e-01 9.99630136e-01 9.99564266e-01 9.99496759e-01 9.99429659e-01 9.99365140e-01 9.99305395e-01 9.99252525e-01 9.99208434e-01 9.99174733e-01 9.99152669e-01 9.99143064e-01 9.99146276e-01 9.99162185e-01 9.99190197e-01 9.99229274e-01 9.99277976e-01 9.99334536e-01 9.99396939e-01 9.99463024e-01 9.99530594e-01 9.99597525e-01 9.99661880e-01 9.99721999e-01 9.99776582e-01 9.99824735e-01 9.99865987e-01 9.99900276e-01 9.99927899e-01 9.99949436e-01 9.99965666e-01 9.99977468e-01 9.99985735e-01 9.99991304e-01 9.99994904e-01 9.99997135e-01 9.99998456e-01 9.99999203e-01 9.99999606e-01 9.99999812e-01 9.99999912e-01 9.99999958e-01 9.99999978e-01 9.99999986e-01 9.99999988e-01 9.99999989e-01 9.99999989e-01 9.99999989e-01 9.99999989e-01 9.99999989e-01 9.99999989e-01 9.99999989e-01 9.99999988e-01 9.99999988e-01 9.99999988e-01 9.99999987e-01 9.99999987e-01 9.99999986e-01 9.99999985e-01 9.99999985e-01 9.99999985e-01 9.99999984e-01
9.99999984e-01 9.99999985e-01 9.99999985e-01 9.99999985e-01 9.99999986e-01 9.99999986e-01 9.99999987e-01 9.99999988e-01 9.99999988e-01 9.99999988e-01 9.99999988e-01 9.99999989e-01 9.99999989e-01 9.99999989e-01 9.99999989e-01 9.99999989e-01 9.99999989e-01 9.99999988e-01 9.99999985e-01 9.99999976e-01 9.99999953e-01 9.99999899e-01 9.99999783e-01 9.99999542e-01 9.99999071e-01 9.99998197e-01 9.99996650e-01 9.99994041e-01 9.99989832e-01 9.99983332e-01 9.99973701e-01 9.99959983e-01 9.99941167e-01 9.99916267e-01 9.99884428e-01 9.99845027e-01 9.99797775e-01 9.99742795e-01 9.99680669e-01 9.99612451e-01 9.99539643e-01 9.99464131e-01 9.99388097e-01 9.99313909e-01 9.99244005e-01 9.99180762e-01 9.99126390e-01 9.99082819e-01 9.99051613e-01 9.99033901e-01 9.99030326e-01 9.99041019e-01 9.99065589e-01 9.99103147e-01 9.99152339e-01 9.99211407e-01 9.99278270e-01 9.99350620e-01 9.99426034e-01 9.99502094e-01 9.99576511e-01 9.99647237e-01 9.99712570e-01 9.99771226e-01 9.99822385e-01 9.99865700e-01 9.99901261e-01 9.99929535e-01 9.99951276e-01 9.99967416e-01 9.99978966e-01 9.99986918e-01 9.99992176e-01 9.99995508e-01 9.99997529e-01 9.99998699e-01 9.99999344e-01 9.99999683e-01 9.99999852e-01 9.99999931e-01 9.99999967e-01 9.99999981e-01 9.99999987e-01 9.99999989e-01 9.99999989e-01 9.99999989e-01 9.99999989e-01 9.99999989e-01 9.99999989e-01 9.99999989e-01 9.99999988e-01 9.99999988e-01 9.99999988e-01 9.99999987e-01 9.99999987e-01 9.99999986e-01 9.99999986e-01 9.99999985e-01 9.99999985e-01 9.99999985e-01 9.99999985e-01 9.99999985e-01 9.99999985e-01 9.99999986e-01 9.99999986e-01 9.99999987e-01 9.99999987e-01 9.99999988e-01 9.99999988e-01 9.99999988e-01 9.99999989e-01 9.99999989e-01 9.99999989e-01 9.99999989e-01 9.99999989e-01 9.99999989e-01 9.99999989e-01 9.99999987e-01 9.99999981e-01 9.99999967e-01 9.99999931e-01 9.99999852e-01 9.99999683e-01 9.99999344e-01 9.99998699e-01 9.99997529e-01 9.99995508e-01 9.99992176e-01 9.99986918e-01 9.99978966e-01 9.99967416e-01 9.99951276e-01 9.99929535e-01 9.99901261e-01 9.99865700e-01 9.99822385e-01 9.99771226e-01 9.99712570e-01 9.99647237e-01 9.99576511e-01 9.99502094e-01 9.99426034e-01 9.99350620e-01 9.99278270e-01 9.99211407e-01 9.99152339e-01 9.99103147e-01 9.99065589e-01 9.99041019e-01 9.99030326e-01 9.99033901e-01 9.99051613e-01 9.99082819e-01 9.99126390e-01 9.99180762e-01 9.99244005e-01 9.99313909e-01 9.99388097e-01 9.99464131e-01 9.99539643e-01 9.99612451e-01 9.99680669e-01 9.99742795e-01 9.99797775e-01 9.99845027e-01 9.99884428e-01 9.99916267e-01 9.99941167e-01 9.99959983e-01 9.99973701e-01 9.99983332e-01 9.99989832e-01 9.99994041e-01 9.99996650e-01 9.99998197e-01 9.99999071e-01 9.99999542e-01 9.99999783e-01 9.99999899e-01 9.99999953e-01 9.99999976e-01 9.99999985e-01 9.99999988e-01 9.99999989e-01 9.99999989e-01 9.99999989e-01 9.99999989e-01 9.99999989e-01 9.99999989e-01 9.99999988e-01 9.99999988e-01 9.99999988e-01 9.99999988e-01 9.99999987e-01 9.99999986e-01 9.99999986e-01 9.99999985e-01 9.99999985e-01 9.99999985e-01 9.99999984e-01
9.99999984e-01 9.99999985e-01 9.99999985e-01 9.99999985e-01 9.99999986e-01 9.99999986e-01 9.99999987e-01 9.99999987e-01 9.99999988e-01 9.99999988e-01 9.99999988e-01 9.99999988e-01 9.99999989e-01 9.99999989e-01 9.99999989e-01 9.99999989e-01 9.99999989e-01 9.99999988e-01 9.99999984e-01 9.99999973e-01 9.99999947e-01 9.99999885e-01 9.99999749e-01 9.99999469e-01 9.99998920e-01 9.99997900e-01 9.99996095e-01 9.99993051e-01 9.99988148e-01 9.99980588e-01 9.99969410e-01 9.99953527e-01 9.99931800e-01 9.99903135e-01 9.99866596e-01 9.99821527e-01 9.99767657e-01 9.99705184e-01 9.99634823e-01 9.99557810e-01 9.99475867e-01 9.99391127e-01 9.99306030e-01 9.99223204e-01 9.99145331e-01 9.99075014e-01 9.99014657e-01 9.98966352e-01 9.98931788e-01 9.98912183e-01 9.98908227e-01 9.98920060e-01 9.98947265e-01 9.98988882e-01 9.99043451e-01 9.99109071e-01 9.99183482e-01 9.99264165e-01 9.99348461e-01 9.99433700e-01 9.99517330e-01 9.99597051e-01 9.99670924e-01 9.99737463e-01 9.99795691e-01 9.99845155e-01 9.99885899e-01 9.99918398e-01 9.99943465e-01 9.99962127e-01 9.99975517e-01 9.99984757e-01 9.99990878e-01 9.99994763e-01 9.99997120e-01 9.99998486e-01 9.99999239e-01 9.99999633e-01 9.99999830e-01 9.99999922e-01 9.99999963e-01 9.99999980e-01 9.99999986e-01 9.99999988e-01 9.99999989e-01 9.99999989e-01 9.99999989e-01 9.99999989e-01 9.99999988e-01 9.99999988e-01 9.99999988e-01 9.99999988e-01 9.99999988e-01 9.99999987e-01 9.99999987e-01 9.99999986e-01 9.99999986e-01 9.99999985e-01 9.99999985e-01 9.99999985e-01 9.99999985e-01 9.99999985e-01 9.99999985e-01 9.99999986e-01 9.99999986e-01 9.99999987e-01 9.99999987e-01 9.99999988e-01 9.99999988e-01 9.99999988e-01 9.99999988e-01 9.99999988e-01 9.99999989e-01 9.99999989e-01 9.99999989e-01 9.99999989e-01 9.99999988e-01 9.99999986e-01 9.99999980e-01 9.99999963e-01 9.99999922e-01 9.99999830e-01 9.99999633e-01 9.99999239e-01 9.99998486e-01 9.99997120e-01 9.99994763e-01 9.99990878e-01 9.99984757e-01 9.99975517e-01 9.99962127e-01 9.99943465e-01 9.99918398e-01 9.99885899e-01 9.99845155e-01 9.99795691e-01 9.99737463e-01 9.99670924e-01 9.99597051e-01 9.99517330e-01 9.99433700e-01 9.99348461e-01 9.99264165e-01 9.99183482e-01 9.99109071e-01 9.99043451e-01 9.98988882e-01 9.98947265e-01 9.98920060e-01 9.98908227e-01 9.98912183e-01 9.98931788e-01 9.98966352e-01 9.99014657e-01 9.99075014e-01 9.99145331e-01 9.99223204e-01 9.99306030e-01 9.99391127e-01 9.99475867e-01 9.99557810e-01 9.99634823e-01 9.99705184e-01 9.99767657e-01 9.99821527e-01 9.99866596e-01 9.99903135e-01 9.99931800e-01 9.99953527e-01 9.99969410e-01 9.99980588e-01 9.99988148e-01 9.99993051e-01 9.99996095e-01 9.99997900e-01 9.99998920e-01 9.99999469e-01 9.99999749e-01 9.99999885e-01 9.99999947e-01 9.99999973e-01 9.99999984e-01 9.99999988e-01 9.99999989e-01 9.99999989e-01 9.99999989e-01 9.99999989e-01 9.99999989e-01 9.99999988e-01 9.99999988e-01 9.99999988e-01 9.99999988e-01 9.99999987e-01 9.99999987e-01 9.99999986e-01 9.99999986e-01 9.99999985e-01 9.99999985e-01 9.99999985e-01 9.99999984e-01
9.99999984e-01 9.99999985e-01 9.99999985e-01 9.99999985e-01 9.99999986e-01 9.99999986e-01 9.99999987e-01 9.99999987e-01 9.99999988e-01 9.99999988e-01 9.99999988e-01 9.99999988e-01 9.99999988e-01 9.99999988e-01 9.99999989e-01 9.99999989e-01 9.99999988e-01 9.99999987e-01 9.99999983e-01 9.99999971e-01 9.99999940e-01 9.99999868e-01 9.99999711e-01 9.99999386e-01 9.99998748e-01 9.99997560e-01 9.99995460e-01 9.99991921e-01 9.99986228e-01 9.99977466e-01 9.99964540e-01 9.99946221e-01 9.99921236e-01 9.99888375e-01 9.99846627e-01 9.99795308e-01 9.99734180e-01 9.99663537e-01 9.99584245e-01 9.99497745e-01 9.99406000e-01 9.99311407e-01 9.99216680e-01 9.99124716e-01 9.99038447e-01 9.98960704e-01 9.98894082e-01 9.98840834e-01 9.98802772e-01 9.98781196e-01 9.98776843e-01 9.98789863e-01 9.98819811e-01 9.98865662e-01 9.98925853e-01 9.98998341e-01 9.99080689e-01 9.99170169e-01 9.99263882e-01 9.99358895e-01 9.99452387e-01 9.99541785e-01 9.99624895e-01 9.99700008e-01 9.99765965e-01 9.99822191e-01 9.99868664e-01 9.99905860e-01 9.99934641e-01 9.99956134e-01 9.99971598e-01 9.99982295e-01 9.99989396e-01 9.99993910e-01 9.99996653e-01 9.99998242e-01 9.99999118e-01 9.99999577e-01 9.99999805e-01 9.99999911e-01 9.99999959e-01 9.99999978e-01 9.99999985e-01 9.99999988e-01 9.99999989e-01 9.99999989e-01 9.99999988e-01 9.99999988e-01 9.99999988e-01 9.99999988e-01 9.99999988e-01 9.99999988e-01 9.99999987e-01 9.99999987e-01 9.99999987e-01 9.99999986e-01 9.99999986e-01 9.99999985e-01 9.99999985e-01 9.99999985e-01 9.99999985e-01 9.99999985e-01 9.99999985e-01 9.99999986e-01 9.99999986e-01 9.99999987e-01 9.99999987e-01 9.99999987e-01 9.99999988e-01 9.99999988e-01 9.99999988e-01 9.99999988e-01 9.99999988e-01 9.99999988e-01 9.99999989e-01 9.99999989e-01 9.99999988e-01 9.99999985e-01 9.99999978e-01 9.99999959e-01 9.99999911e-01 9.99999805e-01 9.99999577e-01 9.99999118e-01 9.99998242e-01 9.99996653e-01 9.99993910e-01 9.99989396e-01 9.99982295e-01 9.99971598e-01 9.99956134e-01 9.99934641e-01 9.99905860e-01 9.99868664e-01 9.99822191e-01 9.99765965e-01 9.99700008e-01 9.99624895e-01 9.99541785e-01 9.99452387e-01 9.99358895e-01 9.99263882e-01 9.99170169e-01 9.99080689e-01 9.98998341e-01 9.98925853e-01 9.98865662e-01 9.98819811e-01 9.98789863e-01 9.98776843e-01 9.98781196e-01 9.98802772e-01 9.98840834e-01 9.98894082e-01 9.98960704e-01 9.99038447e-01 9.99124716e-01 9.99216680e-01 9.99311407e-01 9.99406000e-01 9.99497745e-01 9.99584245e-01 9.99663537e-01 9.99734180e-01 9.99795308e-01 9.99846627e-01 9.99888375e-01 9.99921236e-01 9.99946221e-01 9.99964540e-01 9.99977466e-01 9.99986228e-01 9.99991921e-01 9.99995460e-01 9.99997560e-01 9.99998748e-01 9.99999386e-01 9.99999711e-01 9.99999868e-01 9.99999940e-01 9.99999971e-01 9.99999983e-01 9.99999987e-01 9.99999988e-01 9.99999989e-01 9.99999989e-01 9.99999988e-01 9.99999988e-01 9.99999988e-01 9.99999988e-01 9.99999988e-01 9.99999988e-01 9.99999987e-01 9.99999987e-01 9.99999986e-01 9.99999986e-01 9.99999985e-01 9.99999985e-01 9.99999985e-01 9.99999984e-01
9.99999984e-01 9.99999985e-01 9.99999985e-01 9.99999985e-01 9.99999986e-01 9.99999986e-01 9.99999987e-01 9.99999987e-01 9.99999987e-01 9.99999988e-01 9.99999988e-01 9.99999988e-01 9.99999988e-01 9.99999988e-01 9.99999988e-01 9.99999988e-01 9.99999988e-01 9.99999987e-01 9.99999982e-01 9.99999968e-01 9.99999932e-01 9.99999850e-01 9.99999668e-01 9.99999291e-01 9.99998551e-01 9.99997173e-01 9.99994736e-01 9.99990635e-01 9.99984046e-01 9.99973927e-01 9.99959035e-01 9.99937990e-01 9.99909374e-01 9.99871862e-01 9.99824371e-01 9.99766200e-01 9.99697161e-01 9.99617663e-01 9.99528749e-01 9.99432086e-01 9.99329898e-01 9.99224865e-01 9.99119987e-01 9.99018434e-01 9.98923394e-01 9.98837920e-01 9.98764800e-01 9.98706437e-01 9.98664762e-01 9.98641152e-01 9.98636390e-01 9.98650635e-01 9.98683414e-01 9.98733641e-01 9.98799655e-01 9.98879279e-01 9.98969905e-01 9.99068594e-01 9.99172210e-01 9.99277555e-01 9.99381524e-01 9.99481259e-01 9.99574293e-01 9.99658669e-01 9.99733028e-01 9.99796645e-01 9.99849418e-01 9.99891805e-01 9.99924715e-01 9.99949371e-01 9.99967162e-01 9.99979502e-01 9.99987711e-01 9.99992940e-01 9.99996120e-01 9.99997964e-01 9.99998980e-01 9.99999512e-01 9.99999776e-01 9.99999899e-01 9.99999954e-01 9.99999976e-01 9.99999985e-01 9.99999988e-01 9.99999988e-01 9.99999988e-01 9.99999988e-01 9.99999988e-01 9.99999988e-01 9.99999988e-01 9.99999988e-01 9.99999988e-01 9.99999987e-01 9.99999987e-01 9.99999987e-01 9.99999986e-01 9.99999985e-01 9.99999985e-01 9.99999985e-01 9.99999985e-01 9.99999985e-01 9.99999985e-01 9.99999985e-01 9.99999985e-01 9.99999986e-01 9.99999987e-01 9.99999987e-01 9.99999987e-01 9.99999988e-01 9.99999988e-01 9.99999988e-01 9.99999988e-01 9.99999988e-01 9.99999988e-01 9.99999988e-01 9.99999988e-01 9.99999988e-01 9.99999985e-01 9.99999976e-01 9.99999954e-01 9.99999899e-01 9.99999776e-01 9.99999512e-01 9.99998980e-01 9.99997964e-01 9.99996120e-01 9.99992940e-01 9.99987711e-01 9.99979502e-01 9.99967162e-01 9.99949371e-01 9.99924715e-01 9.99891805e-01 9.99849418e-01 9.99796645e-01 9.99733028e-01 9.99658669e-01 9.99574293e-01 9.99481259e-01 9.99381524e-01 9.99277555e-01 9.99172210e-01 9.99068594e-01 9.98969905e-01 9.98879279e-01 9.98799655e-01 9.98733641e-01 9.98683414e-01 9.98650635e-01 9.98636390e-01 9.98641152e-01 9.98664762e-01 9.98706437e-01 9.98764800e-01 9.98837920e-01 9.98923394e-01 9.99018434e-01 9.99119987e-01 9.99224865e-01 9.99329898e-01 9.99432086e-01 9.99528749e-01 9.99617663e-01 9.99697161e-01 9.99766200e-01 9.99824371e-01 9.99871862e-01 9.99909374e-01 9.99937990e-01 9.99959035e-01 9.99973927e-01 9.99984046e-01 9.99990635e-01 9.99994736e-01 9.99997173e-01 9.99998551e-01 9.99999291e-01 9.99999668e-01 9.99999850e-01 9.99999932e-01 9.99999968e-01 9.99999982e-01 9.99999987e-01 9.99999988e-01 9.99999988e-01 9.99999988e-01 9.99999988e-01 9.99999988e-01 9.99999988e-01 9.99999988e-01 9.99999988e-01 9.99999987e-01 9.99999987e-01 9.99999987e-01 9.99999986e-01 9.99999986e-01 9.99999985e-01 9.99999985e-01 9.99999985e-01 9.99999984e-01
9.99999984e-01 9.99999985e-01 9.99999985e-01 9.99999985e-01 9.99999986e-01 9.99999986e-01 9.99999987e-01 9.99999987e-01 9.99999987e-01 9.99999988e-01 9.99999988e-01 9.99999988e-01 9.99999988e-01 9.99999988e-01 9.99999988e-01 9.99999988e-01 9.99999988e-01 9.99999986e-01 9.99999980e-01 9.99999964e-01 9.99999924e-01 9.99999829e-01 9.99999619e-01 9.99999183e-01 9.99998327e-01 9.99996732e-01 9.99993914e-01 9.99989175e-01 9.99981576e-01 9.99969931e-01 9.99952837e-01 9.99928753e-01 9.99896110e-01 9.99853470e-01 9.99799680e-01 9.99734040e-01 9.99656430e-01 9.99567397e-01 9.99468184e-01 9.99360708e-01 9.99247477e-01 9.99131466e-01 9.99015970e-01 9.98904439e-01 9.98800313e-01 9.98706863e-01 9.98627061e-01 9.98563456e-01 9.98518083e-01 9.98492396e-01 9.98487217e-01 9.98502712e-01 9.98538385e-01 9.98593094e-01 9.98665086e-01 9.98752059e-01 9.98851240e-01 9.98959492e-01 9.99073440e-01 9.99189618e-01 9.99304635e-01 9.99415335e-01 9.99518958e-01 9.99613280e-01 9.99696714e-01 9.99768364e-01 9.99828024e-01 9.99876120e-01 9.99913596e-01 9.99941768e-01 9.99962160e-01 9.99976343e-01 9.99985802e-01 9.99991837e-01 9.99995514e-01 9.99997647e-01 9.99998824e-01 9.99999439e-01 9.99999744e-01 9.99999886e-01 9.99999948e-01 9.99999974e-01 9.99999984e-01 9.99999987e-01 9.99999988e-01 9.99999988e-01 9.99999988e-01 9.99999988e-01 9.99999988e-01 9.99999988e-01 9.99999988e-01 9.99999987e-01 9.99999987e-01 9.99999987e-01 9.99999986e-01 9.99999986e-01 9.99999985e-01 9.99999985e-01 9.99999985e-01 9.99999985e-01 9.99999985e-01 9.99999985e-01 9.99999985e-01 9.99999985e-01 9.99999986e-01 9.99999986e-01 9.99999987e-01 9.99999987e-01 9.99999987e-01 9.99999988e-01 9.99999988e-01 9.99999988e-01 9.99999988e-01 9.99999988e-01 9.99999988e-01 9.99999988e-01 9.99999987e-01 9.99999984e-01 9.99999974e-01 9.99999948e-01 9.99999886e-01 9.99999744e-01 9.99999439e-01 9.99998824e-01 9.99997647e-01 9.99995514e-01 9.99991837e-01 9.99985802e-01 9.99976343e-01 9.99962160e-01 9.99941768e-01 9.99913596e-01 9.99876120e-01 9.99828024e-01 9.99768364e-01 9.99696714e-01 9.99613280e-01 9.99518958e-01 9.99415335e-01 9.99304635e-01 9.99189618e-01 9.99073440e-01 9.98959492e-01 9.98851240e-01 9.98752059e-01 9.98665086e-01 9.98593094e-01 9.98538385e-01 9.98502712e-01 9.98487217e-01 9.98492396e-01 9.98518083e-01 9.98563456e-01 9.98627061e-01 9.98706863e-01 9.98800313e-01 9.98904439e-01 9.99015970e-01 9.99131466e-01 9.99247477e-01 9.99360708e-01 9.99468184e-01 9.99567397e-01 9.99656430e-01 9.99734040e-01 9.99799680e-01 9.99853470e-01 9.99896110e-01 9.99928753e-01 9.99952837e-01 9.99969931e-01 9.99981576e-01 9.99989175e-01 9.99993914e-01 9.99996732e-01 9.99998327e-01 9.99999183e-01 9.99999619e-01 9.99999829e-01 9.99999924e-01 9.99999964e-01 9.99999980e-01 9.99999986e-01 9.99999988e-01 9.99999988e-01 9.99999988e-01 9.99999988e-01 9.99999988e-01 9.99999988e-01 9.99999988e-01 9.99999988e-01 9.99999987e-01 9.99999987e-01 9.99999987e-01 9.99999986e-01 9.99999986e-01 9.99999985e-01 9.99999985e-01 9.99999985e-01 9.99999984e-01
9.99999984e-01 9.99999985e-01 9.99999985e-01 9.99999985e-01 9.99999986e-01 9.99999986e-01 9.99999987e-01 9.99999987e-01 9.99999987e-01 9.99999987e-01 9.99999988e-01 9.99999988e-01 9.99999988e-01 9.99999988e-01 9.99999988e-01 9.99999988e-01 9.99999987e-01 9.99999985e-01 9.99999979e-01 9.99999961e-01 9.99999914e-01 9.99999805e-01 9.99999564e-01 9.99999061e-01 9.99998073e-01 9.99996232e-01 9.99992983e-01 9.99987525e-01 9.99978790e-01 9.99965435e-01 9.99945886e-01 9.99918429e-01 9.99881343e-01 9.99833075e-01 9.99772416e-01 9.99698681e-01 9.99611840e-01 9.99512603e-01 9.99402441e-01 9.99283543e-01 9.99158718e-01 9.99031252e-01 9.98904741e-01 9.98782913e-01 9.98669456e-01 9.98567853e-01 9.98481245e-01 9.98412315e-01 9.98363197e-01 9.98335408e-01 9.98329808e-01 9.98346567e-01 9.98385169e-01 9.98444423e-01 9.98522495e-01 9.98616967e-01 9.98724914e-01 9.98843008e-01 9.98967645e-01 9.99095096e-01 9.99221676e-01 9.99343921e-01 9.99458766e-01 9.99563696e-01 9.99656872e-01 9.99737202e-01 9.99804351e-01 9.99858693e-01 9.99901193e-01 9.99933255e-01 9.99956540e-01 9.99972783e-01 9.99983645e-01 9.99990590e-01 9.99994827e-01 9.99997289e-01 9.99998647e-01 9.99999356e-01 9.99999707e-01 9.99999871e-01 9.99999942e-01 9.99999972e-01 9.99999983e-01 9.99999987e-01 9.99999988e-01 9.99999988e-01 9.99999988e-01 9.99999988e-01 9.99999988e-01 9.99999988e-01 9.99999987e-01 9.99999987e-01 9.99999987e-01 9.99999987e-01 9.99999986e-01 9.99999986e-01 9.99999985e-01 9.99999985e-01 9.99999985e-01 9.99999985e-01 9.99999985e-01 9.99999985e-01 9.99999985e-01 9.99999985e-01 9.99999986e-01 9.99999986e-01 9.99999987e-01 9.99999987e-01 9.99999987e-01 9.99999987e-01 9.99999988e-01 9.99999988e-01 9.99999988e-01 9.99999988e-01 9.99999988e-01 9.99999988e-01 9.99999987e-01 9.99999983e-01 9.99999972e-01 9.99999942e-01 9.99999871e-01 9.99999707e-01 9.99999356e-01 9.99998647e-01 9.99997289e-01 9.99994827e-01 9.99990590e-01 9.99983645e-01 9.99972783e-01 9.99956540e-01 9.99933255e-01 9.99901193e-01 9.99858693e-01 9.99804351e-01 9.99737202e-01 9.99656872e-01 9.99563696e-01 9.99458766e-01 9.99343921e-01 9.99221676e-01 9.99095096e-01 9.98967645e-01 9.98843008e-01 9.98724914e-01 9.98616967e-01 9.98522495e-01 9.98444423e-01 9.98385169e-01 9.98346567e-01 9.98329808e-01 9.98335408e-01 9.98363197e-01 9.98412315e-01 9.98481245e-01 9.98567853e-01 9.98669456e-01 9.98782913e-01 9.98904741e-01 9.99031252e-01 9.99158718e-01 9.99283543e-01 9.99402441e-01 9.99512603e-01 9.99611840e-01 9.99698681e-01 9.99772416e-01 9.99833075e-01 9.99881343e-01 9.99918429e-01 9.99945886e-01 9.99965435e-01 9.99978790e-01 9.99987525e-01 9.99992983e-01 9.99996232e-01 9.99998073e-01 9.99999061e-01 9.99999564e-01 9.99999805e-01 9.99999914e-01 9.99999961e-01 9.99999979e-01 9.99999985e-01 9.99999987e-01 9.99999988e-01 9.99999988e-01 9.99999988e-01 9.99999988e-01 9.99999988e-01 9.99999988e-01 9.99999987e-01 9.99999987e-01 9.99999987e-01 9.99999987e-01 9.99999986e-01 9.99999986e-01 9.99999985e-01 9.99999985e-01 9.99999985e-01 9.99999984e-01
9.99999984e-01 9.99999985e-01 9.99999985e-01 9.99999985e-01 9.99999986e-01 9.99999986e-01 9.99999986e-01 9.99999987e-01 9.99999987e-01 9.99999987e-01 9.99999987e-01 9.99999987e-01 9.99999988e-01 9.99999988e-01 9.99999988e-01 9.99999988e-01 9.99999987e-01 9.99999985e-01 9.99999977e-01 9.99999956e-01 9.99999903e-01 9.99999778e-01 9.99999501e-01 9.99998923e-01 9.99997785e-01 9.99995668e-01 9.99991931e-01 9.99985665e-01 9.99975656e-01 9.99960394e-01 9.99938119e-01 9.99906937e-01 9.99864971e-01 9.99810558e-01 9.99742448e-01 9.99659989e-01 9.99563266e-01 9.99453181e-01 9.99331457e-01 9.99200580e-01 9.99063677e-01 9.98924353e-01 9.98786510e-01 9.98654150e-01 9.98531201e-01 9.98421341e-01 9.98327869e-01 9.98253588e-01 9.98200715e-01 9.98170823e-01 9.98164800e-01 9.98182824e-01 9.98224361e-01 9.98288177e-01 9.98372369e-01 9.98474418e-01 9.98591262e-01 9.98719395e-01 9.98854996e-01 9.98994078e-01 9.99132666e-01 9.99266981e-01 9.99393635e-01 9.99509805e-01 9.99613374e-01 9.99703026e-01 9.99778272e-01 9.99839411e-01 9.99887413e-01 9.99923761e-01 9.99950250e-01 9.99968787e-01 9.99981216e-01 9.99989182e-01 9.99994052e-01 9.99996883e-01 9.99998446e-01 9.99999263e-01 9.99999666e-01 9.99999854e-01 9.99999936e-01 9.99999969e-01 9.99999982e-01 9.99999986e-01 9.99999988e-01 9.99999988e-01 9.99999988e-01 9.99999988e-01 9.99999987e-01 9.99999987e-01 9.99999987e-01 9.99999987e-01 9.99999987e-01 9.99999987e-01 9.99999986e-01 9.99999986e-01 9.99999985e-01 9.99999985e-01 9.99999985e-01 9.99999985e-01 9.99999985e-01 9.99999985e-01 9.99999985e-01 9.99999985e-01 9.99999986e-01 9.99999986e-01 9.99999987e-01 9.99999987e-01 9.99999987e-01 9.99999987e-01 9.99999987e-01 9.99999987e-01 9.99999988e-01 9.99999988e-01 9.99999988e-01 9.99999988e-01 9.99999986e-01 9.99999982e-01 9.99999969e-01 9.99999936e-01 9.99999854e-01 9.99999666e-01 9.99999263e-01 9.99998446e-01 9.99996883e-01 9.99994052e-01 9.99989182e-01 9.99981216e-01 9.99968787e-01 9.99950250e-01 9.99923761e-01 9.99887413e-01 9.99839411e-01 9.99778272e-01 9.99703026e-01 9.99613374e-01 9.99509805e-01 9.99393635e-01 9.99266981e-01 9.99132666e-01 9.98994078e-01 9.98854996e-01 9.98719395e-01 9.98591262e-01 9.98474418e-01 9.98372369e-01 9.98288177e-01 9.98224361e-01 9.98182824e-01 9.98164800e-01 9.98170823e-01 9.98200715e-01 9.98253588e-01 9.98327869e-01 9.98421341e-01 9.98531201e-01 9.98654150e-01 9.98786510e-01 9.98924353e-01 9.99063677e-01 9.99200580e-01 9.99331457e-01 9.99453181e-01 9.99563266e-01 9.99659989e-01 9.99742448e-01 9.99810558e-01 9.99864971e-01 9.99906937e-01 9.99938119e-01 9.99960394e-01 9.99975656e-01 9.99985665e-01 9.99991931e-01 9.99995668e-01 9.99997785e-01 9.99998923e-01 9.99999501e-01 9.99999778e-01 9.99999903e-01 9.99999956e-01 9.99999977e-01 9.99999985e-01 9.99999987e-01 9.99999988e-01 9.99999988e-01 9.99999988e-01 9.99999988e-01 9.99999987e-01 9.99999987e-01 9.99999987e-01 9.99999987e-01 9.99999987e-01 9.99999986e-01 9.99999986e-01 9.99999986e-01 9.99999985e-01 9.99999985e-01 9.99999985e-01 9.99999984e-01
9.99999984e-01 9.99999985e-01 9.99999985e-01 9.99999985e-01 9.99999986e-01 9.99999986e-01 9.99999986e-01 9.99999987e-01 9.99999987e-01 9.99999987e-01 9.99999987e-01 9.99999987e-01 9.99999987e-01 9.99999987e-01 9.99999988e-01 9.99999988e-01 9.99999987e-01 9.99999984e-01 9.99999976e-01 9.99999952e-01 9.99999891e-01 9.99999748e-01 9.99999431e-01 9.99998767e-01 9.99997461e-01 9.99995031e-01 9.99990746e-01 9.99983574e-01 9.99972144e-01 9.99954762e-01 9.99929473e-01 9.99894195e-01 9.99846895e-01 9.99785809e-01 9.99709659e-01 9.99617851e-01 9.99510615e-01 9.99389070e-01 9.99255221e-01 9.99111871e-01 9.98962481e-01 9.98810982e-01 9.98661580e-01 9.98518546e-01 9.98386029e-01 9.98267890e-01 9.98167567e-01 9.98087963e-01 9.98031365e-01 9.97999391e-01 9.97992951e-01 9.98012226e-01 9.98056671e-01 9.98125017e-01 9.98215307e-01 9.98324936e-01 9.98450723e-01 9.98589003e-01 9.98735752e-01 9.98886736e-01 9.99037694e-01 9.99184531e-01 9.99323525e-01 9.99451525e-01 9.99566113e-01 9.99665719e-01 9.99749672e-01 9.99818169e-01 9.99872167e-01 9.99913213e-01 9.99943235e-01 9.99964315e-01 9.99978490e-01 9.99987599e-01 9.99993177e-01 9.99996425e-01 9.99998219e-01 9.99999157e-01 9.99999620e-01 9.99999835e-01 9.99999928e-01 9.99999967e-01 9.99999981e-01 9.99999986e-01 9.99999987e-01 9.99999988e-01 9.99999988e-01 9.99999987e-01 9.99999987e-01 9.99999987e-01 9.99999987e-01 9.99999987e-01 9.99999987e-01 9.99999986e-01 9.99999986e-01 9.99999986e-01 9.99999985e-01 9.99999985e-01 9.99999985e-01 9.99999985e-01 9.99999985e-01 9.99999985e-01 9.99999985e-01 9.99999985e-01 9.99999986e-01 9.99999986e-01 9.99999986e-01 9.99999987e-01 9.99999987e-01 9.99999987e-01 9.99999987e-01 9.99999987e-01 9.99999987e-01 9.99999988e-01 9.99999988e-01 9.99999987e-01 9.99999986e-01 9.99999981e-01 9.99999967e-01 9.99999928e-01 9.99999835e-01 9.99999620e-01 9.99999157e-01 9.99998219e-01 9.99996425e-01 9.99993177e-01 9.99987599e-01 9.99978490e-01 9.99964315e-01 9.99943235e-01 9.99913213e-01 9.99872167e-01 9.99818169e-01 9.99749672e-01 9.99665719e-01 9.99566113e-01 9.99451525e-01 9.99323525e-01 9.99184531e-01 9.99037694e-01 9.98886736e-01 9.98735752e-01 9.98589003e-01 9.98450723e-01 9.98324936e-01 9.98215307e-01 9.98125017e-01 9.98056671e-01 9.98012226e-01 9.97992951e-01 9.97999391e-01 9.98031365e-01 9.98087963e-01 9.98167567e-01 9.98267890e-01 9.98386029e-01 9.98518546e-01 9.98661580e-01 9.98810982e-01 9.98962481e-01 9.99111871e-01 9.99255221e-01 9.99389070e-01 9.99510615e-01 9.99617851e-01 9.99709659e-01 9.99785809e-01 9.99846895e-01 9.99894195e-01 9.99929473e-01 9.99954762e-01 9.99972144e-01 9.99983574e-01 9.99990746e-01 9.99995031e-01 9.99997461e-01 9.99998767e-01 9.99999431e-01 9.99999748e-01 9.99999891e-01 9.99999952e-01 9.99999976e-01 9.99999984e-01 9.99999987e-01 9.99999988e-01 9.99999988e-01 9.99999987e-01 9.99999987e-01 9.99999987e-01 9.99999987e-01 9.99999987e-01 9.99999987e-01 9.99999987e-01 9.99999986e-01 9.99999986e-01 9.99999986e-01 9.99999985e-01 9.99999985e-01 9.99999985e-01 9.99999984e-01
9.99999984e-01 9.99999985e-01 9.99999985e-01 9.99999985e-01 9.99999985e-01 9.99999986e-01 9.99999986e-01 9.99999987e-01 9.99999987e-01 9.99999987e-01 9.99999987e-01 9.99999987e-01 9.99999987e-01 9.99999987e-01 9.99999987e-01 9.99999987e-01 9.99999987e-01 9.99999983e-01 9.99999974e-01 9.99999947e-01 9.99999878e-01 9.99999715e-01 9.99999351e-01 9.99998592e-01 9.99997096e-01 9.99994314e-01 9.99989416e-01 9.99981232e-01 9.99968222e-01 9.99948492e-01 9.99919885e-01 9.99880122e-01 9.99827019e-01 9.99758720e-01 9.99673943e-01 9.99572176e-01 9.99453821e-01 9.99320250e-01 9.99173774e-01 9.99017534e-01 9.98855335e-01 9.98691442e-01 9.98530356e-01 9.98376603e-01 9.98234539e-01 9.98108187e-01 9.98001099e-01 9.97916260e-01 9.97856010e-01 9.97821999e-01 9.97815150e-01 9.97835650e-01 9.97882942e-01 9.97955736e-01 9.98052034e-01 9.98169164e-01 9.98303849e-01 9.98452284e-01 9.98610263e-01 9.98773322e-01 9.98936921e-01 9.99096649e-01 9.99248446e-01 9.99388814e-01 9.99515009e-01 9.99625181e-01 9.99718444e-01 9.99794865e-01 9.99855364e-01 9.99901539e-01 9.99935440e-01 9.99959327e-01 9.99975441e-01 9.99985823e-01 9.99992194e-01 9.99995910e-01 9.99997965e-01 9.99999038e-01 9.99999568e-01 9.99999813e-01 9.99999920e-01 9.99999964e-01 9.99999980e-01 9.99999985e-01 9.99999987e-01 9.99999987e-01 9.99999987e-01 9.99999987e-01 9.99999987e-01 9.99999987e-01 9.99999987e-01 9.99999987e-01 9.99999987e-01 9.99999986e-01 9.99999986e-01 9.99999986e-01 9.99999985e-01 9.99999985e-01 9.99999985e-01 9.99999985e-01 9.99999985e-01 9.99999985e-01 9.99999985e-01 9.99999985e-01 9.99999986e-01 9.99999986e-01 9.99999986e-01 9.99999987e-01 9.99999987e-01 9.99999987e-01 9.99999987e-01 9.99999987e-01 9.99999987e-01 9.99999987e-01 9.99999987e-01 9.99999987e-01 9.99999985e-01 9.99999980e-01 9.99999964e-01 9.99999920e-01 9.99999813e-01 9.99999568e-01 9.99999038e-01 9.99997965e-01 9.99995910e-01 9.99992194e-01 9.99985823e-01 9.99975441e-01 9.99959327e-01 9.99935440e-01 9.99901539e-01 9.99855364e-01 9.99794865e-01 9.99718444e-01 9.99625181e-01 9.99515009e-01 9.99388814e-01 9.99248446e-01 9.99096649e-01 9.98936921e-01 9.98773322e-01 9.98610263e-01 9.98452284e-01 9.98303849e-01 9.98169164e-01 9.98052034e-01 9.97955736e-01 9.97882942e-01 9.97835650e-01 9.97815150e-01 9.97821999e-01 9.97856010e-01 9.97916260e-01 9.98001099e-01 9.98108187e-01 9.98234539e-01 9.98376603e-01 9.98530356e-01 9.98691442e-01 9.98855335e-01 9.99017534e-01 9.99173774e-01 9.99320250e-01 9.99453821e-01 9.99572176e-01 9.99673943e-01 9.99758720e-01 9.99827019e-01 9.99880122e-01 9.99919885e-01 9.99948492e-01 9.99968222e-01 9.99981232e-01 9.99989416e-01 9.99994314e-01 9.99997096e-01 9.99998592e-01 9.99999351e-01 9.99999715e-01 9.99999878e-01 9.99999947e-01 9.99999974e-01 9.99999983e-01 9.99999987e-01 9.99999987e-01 9.99999987e-01 9.99999987e-01 9.99999987e-01 9.99999987e-01 9.99999987e-01 9.99999987e-01 9.99999987e-01 9.99999987e-01 9.99999986e-01 9.99999986e-01 9.99999985e-01 9.99999985e-01 9.99999985e-01 9.99999985e-01 9.99999984e-01
9.99999984e-01 9.99999985e-01 9.99999985e-01 9.99999985e-01 9.99999985e-01 9.99999986e-01 9.99999986e-01 9.99999986e-01 9.99999987e-01 9.99999987e-01 9.99999987e-01 9.99999987e-01 9.99999987e-01 9.99999987e-01 9.99999987e-01 9.99999987e-01 9.99999986e-01 9.99999983e-01 9.99999972e-01 9.99999941e-01 9.99999863e-01 9.99999677e-01 9.99999262e-01 9.99998395e-01 9.99996686e-01 9.99993511e-01 9.99987927e-01 9.99978617e-01 9.99963854e-01 9.99941537e-01 9.99909289e-01 9.99864638e-01 9.99805251e-01 9.99729199e-01 9.99635212e-01 9.99522895e-01 9.99392856e-01 9.99246748e-01 9.99087214e-01 9.98917753e-01 9.98742525e-01 9.98566123e-01 9.98393335e-01 9.98228926e-01 9.98077438e-01 9.97943026e-01 9.97829337e-01 9.97739413e-01 9.97675628e-01 9.97639648e-01 9.97632405e-01 9.97654087e-01 9.97704132e-01 9.97781240e-01 9.97883386e-01 9.98007856e-01 9.98151297e-01 9.98309792e-01 9.98478976e-01 9.98654173e-01 9.98830580e-01 9.99003477e-01 9.99168458e-01 9.99321667e-01 9.99460012e-01 9.99581331e-01 9.99684494e-01 9.99769406e-01 9.99836920e-01 9.99888666e-01 9.99926809e-01 9.99953784e-01 9.99972041e-01 9.99983837e-01 9.99991093e-01 9.99995332e-01 9.99997678e-01 9.99998905e-01 9.99999509e-01 9.99999789e-01 9.99999911e-01 9.99999960e-01 9.99999979e-01 9.99999985e-01 9.99999987e-01 9.99999987e-01 9.99999987e-01 9.99999987e-01 9.99999987e-01 9.99999987e-01 9.99999987e-01 9.99999987e-01 9.99999986e-01 9.99999986e-01 9.99999986e-01 9.99999986e-01 9.99999985e-01 9.99999985e-01 9.99999985e-01 9.99999985e-01 9.99999985e-01 9.99999985e-01 9.99999985e-01 9.99999985e-01 9.99999986e-01 9.99999986e-01 9.99999986e-01 9.99999986e-01 9.99999987e-01 9.99999987e-01 9.99999987e-01 9.99999987e-01 9.99999987e-01 9.99999987e-01 9.99999987e-01 9.99999987e-01 9.99999985e-01 9.99999979e-01 9.99999960e-01 9.99999911e-01 9.99999789e-01 9.99999509e-01 9.99998905e-01 9.99997678e-01 9.99995332e-01 9.99991093e-01 9.99983837e-01 9.99972041e-01 9.99953784e-01 9.99926809e-01 9.99888666e-01 9.99836920e-01 9.99769406e-01 9.99684494e-01 9.99581331e-01 9.99460012e-01 9.99321667e-01 9.99168458e-01 9.99003477e-01 9.98830580e-01 9.98654173e-01 9.98478976e-01 9.98309792e-01 9.98151297e-01 9.98007856e-01 9.97883386e-01 9.97781240e-01 9.97704132e-01 9.97654087e-01 9.97632405e-01 9.97639648e-01 9.97675628e-01 9.97739413e-01 9.97829337e-01 9.97943026e-01 9.98077438e-01 9.98228926e-01 9.98393335e-01 9.98566123e-01 9.98742525e-01 9.98917753e-01 9.99087214e-01 9.99246748e-01 9.99392856e-01 9.99522895e-01 9.99635212e-01 9.99729199e-01 9.99805251e-01 9.99864638e-01 9.99909289e-01 9.99941537e-01 9.99963854e-01 9.99978617e-01 9.99987927e-01 9.99993511e-01 9.99996686e-01 9.99998395e-01 9.99999262e-01 9.99999677e-01 9.99999863e-01 9.99999941e-01 9.99999972e-01 9.99999983e-01 9.99999986e-01 9.99999987e-01 9.99999987e-01 9.99999987e-01 9.99999987e-01 9.99999987e-01 9.99999987e-01 9.99999987e-01 9.99999987e-01 9.99999986e-01 9.99999986e-01 9.99999986e-01 9.99999985e-01 9.99999985e-01 9.99999985e-01 9.99999985e-01 9.99999984e-01
9.99999984e-01 9.99999985e-01 9.99999985e-01 9.99999985e-01 9.99999985e-01 9.99999986e-01 9.99999986e-01 9.99999986e-01 9.99999986e-01 9.99999987e-01 9.99999987e-01 9.99999987e-01 9.99999987e-01 9.99999987e-01 9.99999987e-01 9.99999987e-01 9.99999986e-01 9.99999982e-01 9.99999970e-01 9.99999935e-01 9.99999846e-01 9.99999635e-01 9.99999163e-01 9.99998174e-01 9.99996227e-01 9.99992612e-01 9.99986265e-01 9.99975705e-01 9.99959007e-01 9.99933846e-01 9.99897622e-01 9.99847667e-01 9.99781508e-01 9.99697159e-01 9.99593396e-01 9.99469969e-01 9.99327728e-01 9.99168637e-01 9.98995699e-01 9.98812785e-01 9.98624414e-01 9.98435501e-01 9.98251111e-01 9.98076221e-01 9.97915533e-01 9.97773309e-01 9.97653259e-01 9.97558461e-01 9.97491300e-01 9.97453445e-01 9.97445827e-01 9.97468634e-01 9.97521304e-01 9.97602538e-01 9.97710304e-01 9.97841867e-01 9.97993824e-01 9.98162176e-01 9.98342425e-01 9.98529709e-01 9.98718980e-01 9.98905218e-01 9.99083675e-01 9.99250123e-01 9.99401103e-01 9.99534114e-01 9.99647745e-01 9.99741704e-01 9.99816752e-01 9.99874524e-01 9.99917285e-01 9.99947642e-01 9.99968260e-01 9.99981622e-01 9.99989862e-01 9.99994685e-01 9.99997358e-01 9.99998755e-01 9.99999444e-01 9.99999763e-01 9.99999901e-01 9.99999956e-01 9.99999977e-01 9.99999984e-01 9.99999987e-01 9.99999987e-01 9.99999987e-01 9.99999987e-01 9.99999987e-01 9.99999987e-01 9.99999987e-01 9.99999987e-01 9.99999986e-01 9.99999986e-01 9.99999986e-01 9.99999986e-01 9.99999985e-01 9.99999985e-01 9.99999985e-01 9.99999985e-01 9.99999985e-01 9.99999985e-01 9.99999985e-01 9.99999985e-01 9.99999986e-01 9.99999986e-01 9.99999986e-01 9.99999986e-01 9.99999987e-01 9.99999987e-01 9.99999987e-01 9.99999987e-01 9.99999987e-01 9.99999987e-01 9.99999987e-01 9.99999987e-01 9.99999984e-01 9.99999977e-01 9.99999956e-01 9.99999901e-01 9.99999763e-01 9.99999444e-01 9.99998755e-01 9.99997358e-01 9.99994685e-01 9.99989862e-01 9.99981622e-01 9.99968260e-01 9.99947642e-01 9.99917285e-01 9.99874524e-01 9.99816752e-01 9.99741704e-01 9.99647745e-01 9.99534114e-01 9.99401103e-01 9.99250123e-01 9.99083675e-01 9.98905218e-01 9.98718980e-01 9.98529709e-01 9.98342425e-01 9.98162176e-01 9.97993824e-01 9.97841867e-01 9.97710304e-01 9.97602538e-01 9.97521304e-01 9.97468634e-01 9.97445827e-01 9.97453445e-01 9.97491300e-01 9.97558461e-01 9.97653259e-01 9.97773309e-01 9.97915533e-01 9.98076221e-01 9.98251111e-01 9.98435501e-01 9.98624414e-01 9.98812785e-01 9.98995699e-01 9.99168637e-01 9.99327728e-01 9.99469969e-01 9.99593396e-01 9.99697159e-01 9.99781508e-01 9.99847667e-01 9.99897622e-01 9.99933846e-01 9.99959007e-01 9.99975705e-01 9.99986265e-01 9.99992612e-01 9.99996227e-01 9.99998174e-01 9.99999163e-01 9.99999635e-01 9.99999846e-01 9.99999935e-01 9.99999970e-01 9.99999982e-01 9.99999986e-01 9.99999987e-01 9.99999987e-01 9.99999987e-01 9.99999987e-01 9.99999987e-01 9.99999987e-01 9.99999987e-01 9.99999986e-01 9.99999986e-01 9.99999986e-01 9.99999986e-01 9.99999985e-01 9.99999985e-01 9.99999985e-01 9.99999985e-01 9.99999984e-01
9.99999984e-01 9.99999985e-01 9.99999985e-01 9.99999985e-01 9.99999985e-01 9.99999986e-01 9.99999986e-01 9.99999986e-01 9.99999986e-01 9.99999986e-01 9.99999987e-01 9.99999987e-01 9.99999987e-01 9.99999987e-01 9.99999987e-01 9.99999987e-01 9.99999986e-01 9.99999981e-01 9.99999967e-01 9.99999928e-01 9.99999828e-01 9.99999588e-01 9.99999052e-01 9.99997927e-01 9.99995714e-01 9.99991609e-01 9.99984414e-01 9.99972472e-01 9.99953643e-01 9.99925370e-01 9.99884822e-01 9.99829135e-01 9.99755711e-01 9.99662531e-01 9.99548446e-01 9.99413388e-01 9.99258483e-01 9.99086041e-01 9.98899445e-01 9.98702952e-01 9.98501441e-01 9.98300139e-01 9.98104363e-01 9.97919281e-01 9.97749722e-01 9.97600025e-01 9.97473934e-01 9.97374531e-01 9.97304197e-01 9.97264585e-01 9.97256616e-01 9.97280476e-01 9.97335610e-01 9.97420731e-01 9.97533820e-01 9.97672142e-01 9.97832277e-01 9.98010173e-01 9.98201231e-01 9.98400430e-01 9.98602502e-01 9.98802143e-01 9.98994264e-01 9.99174266e-01 9.99338299e-01 9.99483497e-01 9.99608133e-01 9.99711686e-01 9.99794784e-01 9.99859043e-01 9.99906811e-01 9.99940860e-01 9.99964070e-01 9.99979159e-01 9.99988490e-01 9.99993962e-01 9.99996999e-01 9.99998588e-01 9.99999371e-01 9.99999733e-01 9.99999889e-01 9.99999952e-01 9.99999976e-01 9.99999984e-01 9.99999986e-01 9.99999987e-01 9.99999987e-01 9.99999987e-01 9.99999987e-01 9.99999987e-01 9.99999986e-01 9.99999986e-01 9.99999986e-01 9.99999986e-01 9.99999986e-01 9.99999985e-01 9.99999985e-01 9.99999985e-01 9.99999985e-01 9.99999985e-01 9.99999985e-01 9.99999985e-01 9.99999985e-01 9.99999985e-01 9.99999985e-01 9.99999986e-01 9.99999986e-01 9.99999986e-01 9.99999986e-01 9.99999986e-01 9.99999987e-01 9.99999987e-01 9.99999987e-01 9.99999987e-01 9.99999987e-01 9.99999986e-01 9.99999984e-01 9.99999976e-01 9.99999952e-01 9.99999889e-01 9.99999733e-01 9.99999371e-01 9.99998588e-01 9.99996999e-01 9.99993962e-01 9.99988490e-01 9.99979159e-01 9.99964070e-01 9.99940860e-01 9.99906811e-01 9.99859043e-01 9.99794784e-01 9.99711686e-01 9.99608133e-01 9.99483497e-01 9.99338299e-01 9.99174266e-01 9.98994264e-01 9.98802143e-01 9.98602502e-01 9.98400430e-01 9.98201231e-01 9.98010173e-01 9.97832277e-01 9.97672142e-01 9.97533820e-01 9.97420731e-01 9.97335610e-01 9.97280476e-01 9.97256616e-01 9.97264585e-01 9.97304197e-01 9.97374531e-01 9.97473934e-01 9.97600025e-01 9.97749722e-01 9.97919281e-01 9.98104363e-01 9.98300139e-01 9.98501441e-01 9.98702952e-01 9.98899445e-01 9.99086041e-01 9.99258483e-01 9.99413388e-01 9.99548446e-01 9.99662531e-01 9.99755711e-01 9.99829135e-01 9.99884822e-01 9.99925370e-01 9.99953643e-01 9.99972472e-01 9.99984414e-01 9.99991609e-01 9.99995714e-01 9.99997927e-01 9.99999052e-01 9.99999588e-01 9.99999828e-01 9.99999928e-01 9.99999967e-01 9.99999981e-01 9.99999986e-01 9.99999987e-01 9.99999987e-01 9.99999987e-01 9.99999987e-01 9.99999987e-01 9.99999987e-01 9.99999986e-01 9.99999986e-01 9.99999986e-01 9.99999986e-01 9.99999986e-01 9.99999985e-01 9.99999985e-01 9.99999985e-01 9.99999985e-01 9.99999984e-01
9.99999984e-01 9.99999985e-01 9.99999985e-01 9.99999985e-01 9.99999985e-01 9.99999986e-01 9.99999986e-01 9.99999986e-01 9.99999986e-01 9.99999986e-01 9.99999986e-01 9.99999986e-01 9.99999987e-01 9.99999987e-01 9.99999987e-01 9.99999987e-01 9.99999985e-01 9.99999980e-01 9.99999964e-01 9.99999921e-01 9.99999807e-01 9.99999536e-01 9.99998927e-01 9.99997652e-01 9.99995142e-01 9.99990492e-01 9.99982358e-01 9.99968892e-01 9.99947727e-01 9.99916060e-01 9.99870825e-01 9.99808973e-01 9.99727793e-01 9.99625260e-01 9.99500335e-01 9.99353172e-01 9.99185210e-01 9.98999135e-01 9.98798732e-01 9.98588649e-01 9.98374120e-01 9.98160673e-01 9.97953851e-01 9.97758981e-01 9.97580985e-01 9.97424244e-01 9.97292504e-01 9.97188828e-01 9.97115562e-01 9.97074333e-01 9.97066042e-01 9.97090870e-01 9.97148275e-01 9.97236995e-01 9.97355041e-01 9.97499708e-01 9.97667586e-01 9.97854603e-01 9.98056093e-01 9.98266912e-01 9.98481598e-01 9.98694583e-01 9.98900451e-01 9.99094224e-01 9.99271651e-01 9.99429474e-01 9.99565616e-01 9.99679286e-01 9.99770945e-01 9.99842158e-01 9.99895333e-01 9.99933394e-01 9.99959439e-01 9.99976428e-01 9.99986964e-01 9.99993157e-01 9.99996599e-01 9.99998402e-01 9.99999290e-01 9.99999700e-01 9.99999877e-01 9.99999948e-01 9.99999974e-01 9.99999983e-01 9.99999986e-01 9.99999987e-01 9.99999987e-01 9.99999987e-01 9.99999987e-01 9.99999986e-01 9.99999986e-01 9.99999986e-01 9.99999986e-01 9.99999986e-01 9.99999986e-01 9.99999985e-01 9.99999985e-01 9.99999985e-01 9.99999985e-01 9.99999985e-01 9.99999985e-01 9.99999985e-01 9.99999985e-01 9.99999985e-01 9.99999985e-01 9.99999986e-01 9.99999986e-01 9.99999986e-01 9.99999986e-01 9.99999986e-01 9.99999986e-01 9.99999987e-01 9.99999987e-01 9.99999987e-01 9.99999987e-01 9.99999986e-01 9.99999983e-01 9.99999974e-01 9.99999948e-01 9.99999877e-01 9.99999700e-01 9.99999290e-01 9.99998402e-01 9.99996599e-01 9.99993157e-01 9.99986964e-01 9.99976428e-01 9.99959439e-01 9.99933394e-01 9.99895333e-01 9.99842158e-01 9.99770945e-01 9.99679286e-01 9.99565616e-01 9.99429474e-01 9.99271651e-01 9.99094224e-01 9.98900451e-01 9.98694583e-01 9.98481598e-01 9.98266912e-01 9.98056093e-01 9.97854603e-01 9.97667586e-01 9.97499708e-01 9.97355041e-01 9.97236995e-01 9.97148275e-01 9.97090870e-01 9.97066042e-01 9.97074333e-01 9.97115562e-01 9.97188828e-01 9.97292504e-01 9.97424244e-01 9.97580985e-01 9.97758981e-01 9.97953851e-01 9.98160673e-01 9.98374120e-01 9.98588649e-01 9.98798732e-01 9.98999135e-01 9.99185210e-01 9.99353172e-01 9.99500335e-01 9.99625260e-01 9.99727793e-01 9.99808973e-01 9.99870825e-01 9.99916060e-01 9.99947727e-01 9.99968892e-01 9.99982358e-01 9.99990492e-01 9.99995142e-01 9.99997652e-01 9.99998927e-01 9.99999536e-01 9.99999807e-01 9.99999921e-01 9.99999964e-01 9.99999980e-01 9.99999985e-01 9.99999987e-01 9.99999987e-01 9.99999987e-01 9.99999987e-01 9.99999986e-01 9.99999986e-01 9.99999986e-01 9.99999986e-01 9.99999986e-01 9.99999986e-01 9.99999986e-01 9.99999985e-01 9.99999985e-01 9.99999985e-01 9.99999985e-01 9.99999984e-01
9.99999984e-01 9.99999985e-01 9.99999985e-01 9.99999985e-01 9.99999985e-01 9.99999985e-01 9.99999986e-01 9.99999986e-01 9.99999986e-01 9.99999986e-01 9.99999986e-01 9.99999986e-01 9.99999986e-01 9.99999987e-01 9.99999987e-01 9.99999986e-01 9.99999985e-01 9.99999979e-01 9.99999962e-01 9.99999912e-01 9.99999784e-01 9.99999477e-01 9.99998789e-01 9.99997345e-01 9.99994506e-01 9.99989252e-01 9.99980081e-01 9.99964940e-01 9.99941221e-01 9.99905866e-01 9.99855575e-01 9.99787117e-01 9.99697693e-01 9.99585305e-01 9.99449061e-01 9.99289376e-01 9.99108041e-01 9.98908145e-01 9.98693893e-01 9.98470330e-01 9.98243037e-01 9.98017815e-01 9.97800409e-01 9.97596267e-01 9.97410369e-01 9.97247100e-01 9.97110176e-01 9.97002610e-01 9.96926694e-01 9.96884008e-01 9.96875428e-01 9.96901126e-01 9.96960580e-01 9.97052563e-01 9.97175140e-01 9.97325657e-01 9.97500749e-01 9.97696356e-01 9.97907785e-01 9.98129804e-01 9.98356789e-01 9.98582936e-01 9.98802515e-01 9.99010174e-01 9.99201250e-01 9.99372068e-01 9.99520171e-01 9.99644454e-01 9.99745173e-01 9.99823806e-01 9.99882795e-01 9.99925202e-01 9.99954335e-01 9.99973408e-01 9.99985271e-01 9.99992262e-01 9.99996153e-01 9.99998194e-01 9.99999199e-01 9.99999663e-01 9.99999863e-01 9.99999943e-01 9.99999973e-01 9.99999983e-01 9.99999986e-01 9.99999987e-01 9.99999987e-01 9.99999986e-01 9.99999986e-01 9.99999986e-01 9.99999986e-01 9.99999986e-01 9.99999986e-01 9.99999986e-01 9.99999986e-01 9.99999985e-01 9.99999985e-01 9.99999985e-01 9.99999985e-01 9.99999985e-01 9.99999985e-01 9.99999985e-01 9.99999985e-01 9.99999985e-01 9.99999985e-01 9.99999986e-01 9.99999986e-01 9.99999986e-01 9.99999986e-01 9.99999986e-01 9.99999986e-01 9.99999986e-01 9.99999986e-01 9.99999987e-01 9.99999987e-01 9.99999986e-01 9.99999983e-01 9.99999973e-01 9.99999943e-01 9.99999863e-01 9.99999663e-01 9.99999199e-01 9.99998194e-01 9.99996153e-01 9.99992262e-01 9.99985271e-01 9.99973408e-01 9.99954335e-01 9.99925202e-01 9.99882795e-01 9.99823806e-01 9.99745173e-01 9.99644454e-01 9.99520171e-01 9.99372068e-01 9.99201250e-01 9.99010174e-01 9.98802515e-01 9.98582936e-01 9.98356789e-01 9.98129804e-01 9.97907785e-01 9.97696356e-01 9.97500749e-01 9.97325657e-01 9.97175140e-01 9.97052563e-01 9.96960580e-01 9.96901126e-01 9.96875428e-01 9.96884008e-01 9.96926694e-01 9.97002610e-01 9.97110176e-01 9.97247100e-01 9.97410369e-01 9.97596267e-01 9.97800409e-01 9.98017815e-01 9.98243037e-01 9.98470330e-01 9.98693893e-01 9.98908145e-01 9.99108041e-01 9.99289376e-01 9.99449061e-01 9.99585305e-01 9.99697693e-01 9.99787117e-01 9.99855575e-01 9.99905866e-01 9.99941221e-01 9.99964940e-01 9.99980081e-01 9.99989252e-01 9.99994506e-01 9.99997345e-01 9.99998789e-01 9.99999477e-01 9.99999784e-01 9.99999912e-01 9.99999962e-01 9.99999979e-01 9.99999985e-01 9.99999986e-01 9.99999987e-01 9.99999987e-01 9.99999986e-01 9.99999986e-01 9.99999986e-01 9.99999986e-01 9.99999986e-01 9.99999986e-01 9.99999986e-01 9.99999985e-01 9.99999985e-01 9.99999985e-01 9.99999985e-01 9.99999985e-01 9.99999984e-01
9.99999984e-01 9.99999985e-01 9.99999985e-01 9.99999985e-01 9.99999985e-01 9.99999985e-01 9.99999986e-01 9.99999986e-01 9.99999986e-01 9.99999986e-01 9.99999986e-01 9.99999986e-01 9.99999986e-01 9.99999986e-01 9.99999986e-01 9.99999986e-01 9.99999984e-01 9.99999978e-01 9.99999958e-01 9.99999903e-01 9.99999759e-01 9.99999413e-01 9.99998635e-01 9.99997004e-01 9.99993799e-01 9.99987877e-01 9.99977566e-01 9.99960589e-01 9.99934087e-01 9.99894739e-01 9.99839013e-01 9.99763509e-01 9.99665366e-01 9.99542646e-01 9.99394646e-01 9.99222088e-01 9.99027148e-01 9.98813348e-01 9.98585323e-01 9.98348516e-01 9.98108837e-01 9.97872339e-01 9.97644929e-01 9.97432142e-01 9.97238973e-01 9.97069774e-01 9.96928197e-01 9.96817174e-01 9.96738922e-01 9.96694961e-01 9.96686127e-01 9.96712587e-01 9.96773840e-01 9.96868711e-01 9.96995332e-01 9.97151132e-01 9.97332817e-01 9.97536381e-01 9.97757141e-01 9.97989815e-01 9.98228657e-01 9.98467655e-01 9.98700789e-01 9.98922339e-01 9.99127225e-01 9.99311334e-01 9.99471795e-01 9.99607154e-01 9.99717414e-01 9.99803929e-01 9.99869144e-01 9.99916239e-01 9.99948728e-01 9.99970076e-01 9.99983398e-01 9.99991269e-01 9.99995659e-01 9.99997963e-01 9.99999098e-01 9.99999622e-01 9.99999847e-01 9.99999937e-01 9.99999971e-01 9.99999982e-01 9.99999986e-01 9.99999986e-01 9.99999986e-01 9.99999986e-01 9.99999986e-01 9.99999986e-01 9.99999986e-01 9.99999986e-01 9.99999986e-01 9.99999986e-01 9.99999986e-01 9.99999985e-01 9.99999985e-01 9.99999985e-01 9.99999985e-01 9.99999985e-01 9.99999985e-01 9.99999985e-01 9.99999985e-01 9.99999985e-01 9.99999985e-01 9.99999986e-01 9.99999986e-01 9.99999986e-01 9.99999986e-01 9.99999986e-01 9.99999986e-01 9.99999986e-01 9.99999986e-01 9.99999986e-01 9.99999986e-01 9.99999986e-01 9.99999982e-01 9.99999971e-01 9.99999937e-01 9.99999847e-01 9.99999622e-01 9.99999098e-01 9.99997963e-01 9.99995659e-01 9.99991269e-01 9.99983398e-01 9.99970076e-01 9.99948728e-01 9.99916239e-01 9.99869144e-01 9.99803929e-01 9.99717414e-01 9.99607154e-01 9.99471795e-01 9.99311334e-01 9.99127225e-01 9.98922339e-01 9.98700789e-01 9.98467655e-01 9.98228657e-01 9.97989815e-01 9.97757141e-01 9.97536381e-01 9.97332817e-01 9.97151132e-01 9.96995332e-01 9.96868711e-01 9.96773840e-01 9.96712587e-01 9.96686127e-01 9.96694961e-01 9.96738922e-01 9.96817174e-01 9.96928197e-01 9.97069774e-01 9.97238973e-01 9.97432142e-01 9.97644929e-01 9.97872339e-01 9.98108837e-01 9.98348516e-01 9.98585323e-01 9.98813348e-01 9.99027148e-01 9.99222088e-01 9.99394646e-01 9.99542646e-01 9.99665366e-01 9.99763509e-01 9.99839013e-01 9.99894739e-01 9.99934087e-01 9.99960589e-01 9.99977566e-01 9.99987877e-01 9.99993799e-01 9.99997004e-01 9.99998635e-01 9.99999413e-01 9.99999759e-01 9.99999903e-01 9.99999958e-01 9.99999978e-01 9.99999984e-01 9.99999986e-01 9.99999986e-01 9.99999986e-01 9.99999986e-01 9.99999986e-01 9.99999986e-01 9.99999986e-01 9.99999986e-01 9.99999986e-01 9.99999986e-01 9.99999985e-01 9.99999985e-01 9.99999985e-01 9.99999985e-01 9.99999985e-01 9.99999984e-01
9.99999984e-01 9.99999985e-01 9.99999985e-01 9.99999985e-01 9.99999985e-01 9.99999985e-01 9.99999986e-01 9.99999986e-01 9.99999986e-01 9.99999986e-01 9.99999986e-01 9.99999986e-01 9.99999986e-01 9.99999986e-01 9.99999986e-01 9.99999986e-01 9.99999984e-01 9.99999977e-01 9.99999955e-01 9.99999893e-01 9.99999731e-01 9.99999341e-01 9.99998464e-01 9.99996626e-01 9.99993016e-01 9.99986359e-01 9.99974793e-01 9.99955812e-01 9.99926288e-01 9.99882633e-01 9.99821086e-01 9.99738100e-01 9.99630777e-01 9.99497280e-01 9.99337142e-01 9.99151432e-01 9.98942749e-01 9.98715070e-01 9.98473470e-01 9.98223782e-01 9.97972226e-01 9.97725073e-01 9.97488356e-01 9.97267653e-01 9.97067933e-01 9.96893477e-01 9.96747835e-01 9.96633835e-01 9.96553593e-01 9.96508553e-01 9.96499506e-01 9.96526609e-01 9.96589388e-01 9.96686731e-01 9.96816861e-01 9.96977308e-01 9.97164886e-01 9.97375677e-01 9.97605049e-01 9.97847714e-01 9.98097843e-01 9.98349254e-01 9.98595659e-01 9.98830988e-01 9.99049743e-01 9.99247356e-01 9.99420511e-01 9.99567364e-01 9.99687624e-01 9.99782474e-01 9.99854328e-01 9.99906462e-01 9.99942584e-01 9.99966412e-01 9.99981331e-01 9.99990170e-01 9.99995110e-01 9.99997707e-01 9.99998987e-01 9.99999577e-01 9.99999830e-01 9.99999931e-01 9.99999969e-01 9.99999982e-01 9.99999985e-01 9.99999986e-01 9.99999986e-01 9.99999986e-01 9.99999986e-01 9.99999986e-01 9.99999986e-01 9.99999986e-01 9.99999986e-01 9.99999986e-01 9.99999985e-01 9.99999985e-01 9.99999985e-01 9.99999985e-01 9.99999985e-01 9.99999985e-01 9.99999985e-01 9.99999985e-01 9.99999985e-01 9.99999985e-01 9.99999985e-01 9.99999985e-01 9.99999986e-01 9.99999986e-01 9.99999986e-01 9.99999986e-01 9.99999986e-01 9.99999986e-01 9.99999986e-01 9.99999986e-01 9.99999986e-01 9.99999985e-01 9.99999982e-01 9.99999969e-01 9.99999931e-01 9.99999830e-01 9.99999577e-01 9.99998987e-01 9.99997707e-01 9.99995110e-01 9.99990170e-01 9.99981331e-01 9.99966412e-01 9.99942584e-01 9.99906462e-01 9.99854328e-01 9.99782474e-01 9.99687624e-01 9.99567364e-01 9.99420511e-01 9.99247356e-01 9.99049743e-01 9.98830988e-01 9.98595659e-01 9.98349254e-01 9.98097843e-01 9.97847714e-01 9.97605049e-01 9.97375677e-01 9.97164886e-01 9.96977308e-01 9.96816861e-01 9.96686731e-01 9.96589388e-01 9.96526609e-01 9.96499506e-01 9.96508553e-01 9.96553593e-01 9.96633835e-01 9.96747835e-01 9.96893477e-01 9.97067933e-01 9.97267653e-01 9.97488356e-01 9.97725073e-01 9.97972226e-01 9.98223782e-01 9.98473470e-01 9.98715070e-01 9.98942749e-01 9.99151432e-01 9.99337142e-01 9.99497280e-01 9.99630777e-01 9.99738100e-01 9.99821086e-01 9.99882633e-01 9.99926288e-01 9.99955812e-01 9.99974793e-01 9.99986359e-01 9.99993016e-01 9.99996626e-01 9.99998464e-01 9.99999341e-01 9.99999731e-01 9.99999893e-01 9.99999955e-01 9.99999977e-01 9.99999984e-01 9.99999986e-01 9.99999986e-01 9.99999986e-01 9.99999986e-01 9.99999986e-01 9.99999986e-01 9.99999986e-01 9.99999986e-01 9.99999986e-01 9.99999986e-01 9.99999985e-01 9.99999985e-01 9.99999985e-01 9.99999985e-01 9.99999985e-01 9.99999984e-01
9.99999984e-01 9.99999985e-01 9.99999985e-01 9.99999985e-01 9.99999985e-01 9.99999985e-01 9.99999986e-01 9.99999986e-01 9.99999986e-01 9.99999986e-01 9.99999986e-01 9.99999986e-01 9.99999986e-01 9.99999986e-01 9.99999986e-01 9.99999986e-01 9.99999984e-01 9.99999976e-01 9.99999951e-01 9.99999882e-01 9.99999700e-01 9.99999261e-01 9.99998275e-01 9.99996207e-01 9.99992151e-01 9.99984683e-01 9.99971746e-01 9.99950580e-01 9.99917785e-01 9.99869502e-01 9.99801747e-01 9.99710847e-01 9.99593905e-01 9.99449227e-01 9.99276628e-01 9.99077567e-01 9.98855102e-01 9.98613684e-01 9.98358833e-01 9.98096755e-01 9.97833957e-01 9.97576890e-01 9.97331672e-01 9.97103877e-01 9.96898408e-01 9.96719432e-01 9.96570368e-01 9.96453906e-01 9.96372045e-01 9.96326137e-01 9.96316919e-01 9.96344537e-01 9.96408551e-01 9.96507921e-01 9.96640976e-01 9.96805377e-01 9.96998073e-01 9.97215273e-01 9.97452437e-01 9.97704314e-01 9.97965038e-01 9.98228293e-01 9.98487561e-01 9.98736438e-01 9.98969011e-01 9.99180250e-01 9.99366365e-01 9.99525082e-01 9.99655769e-01 9.99759395e-01 9.99838301e-01 9.99895830e-01 9.99935870e-01 9.99962390e-01 9.99979054e-01 9.99988956e-01 9.99994503e-01 9.99997423e-01 9.99998863e-01 9.99999527e-01 9.99999811e-01 9.99999925e-01 9.99999967e-01 9.99999981e-01 9.99999985e-01 9.99999986e-01 9.99999986e-01 9.99999986e-01 9.99999986e-01 9.99999986e-01 9.99999986e-01 9.99999986e-01 9.99999986e-01 9.99999986e-01 9.99999985e-01 9.99999985e-01 9.99999985e-01 9.99999985e-01 9.99999985e-01 9.99999985e-01 9.99999985e-01 9.99999985e-01 9.99999985e-01 9.99999985e-01 9.99999985e-01 9.99999985e-01 9.99999986e-01 9.99999986e-01 9.99999986e-01 9.99999986e-01 9.99999986e-01 9.99999986e-01 9.99999986e-01 9.99999986e-01 9.99999986e-01 9.99999985e-01 9.99999981e-01 9.99999967e-01 9.99999925e-01 9.99999811e-01 9.99999527e-01 9.99998863e-01 9.99997423e-01 9.99994503e-01 9.99988956e-01 9.99979054e-01 9.99962390e-01 9.99935870e-01 9.99895830e-01 9.99838301e-01 9.99759395e-01 9.99655769e-01 9.99525082e-01 9.99366365e-01 9.99180250e-01 9.98969011e-01 9.98736438e-01 9.98487561e-01 9.98228293e-01 9.97965038e-01 9.97704314e-01 9.97452437e-01 9.97215273e-01 9.96998073e-01 9.96805377e-01 9.96640976e-01 9.96507921e-01 9.96408551e-01 9.96344537e-01 9.96316919e-01 9.96326137e-01 9.96372045e-01 9.96453906e-01 9.96570368e-01 9.96719432e-01 9.96898408e-01 9.97103877e-01 9.97331672e-01 9.97576890e-01 9.97833957e-01 9.98096755e-01 9.98358833e-01 9.98613684e-01 9.98855102e-01 9.99077567e-01 9.99276628e-01 9.99449227e-01 9.99593905e-01 9.99710847e-01 9.99801747e-01 9.99869502e-01 9.99917785e-01 9.99950580e-01 9.99971746e-01 9.99984683e-01 9.99992151e-01 9.99996207e-01 9.99998275e-01 9.99999261e-01 9.99999700e-01 9.99999882e-01 9.99999951e-01 9.99999976e-01 9.99999984e-01 9.99999986e-01 9.99999986e-01 9.99999986e-01 9.99999986e-01 9.99999986e-01 9.99999986e-01 9.99999986e-01 9.99999986e-01 9.99999986e-01 9.99999986e-01 9.99999985e-01 9.99999985e-01 9.99999985e-01 9.99999985e-01 9.99999985e-01 9.99999984e-01
9.99999984e-01 9.99999985e-01 9.99999985e-01 9.99999985e-01 9.99999985e-01 9.99999985e-01 9.99999985e-01 9.99999986e-01 9.99999986e-01 9.99999986e-01 9.99999986e-01 9.99999986e-01 9.99999986e-01 9.99999986e-01 9.99999986e-01 9.99999986e-01 9.99999983e-01 9.99999974e-01 9.99999947e-01 9.99999869e-01 9.99999666e-01 9.99999173e-01 9.99998066e-01 9.99995744e-01 9.99991196e-01 9.99982840e-01 9.99968403e-01 9.99944867e-01 9.99908542e-01 9.99855301e-01 9.99780952e-01 9.99681719e-01 9.99554744e-01 9.99398527e-01 9.99213211e-01 9.99000689e-01 9.98764509e-01 9.98509610e-01 9.98241954e-01 9.97968106e-01 9.97694822e-01 9.97428696e-01 9.97175882e-01 9.96941906e-01 9.96731559e-01 9.96548857e-01 9.96397054e-01 9.96278678e-01 9.96195589e-01 9.96149034e-01 9.96139689e-01 9.96167689e-01 9.96232631e-01 9.96333556e-01 9.96468919e-01 9.96636531e-01 9.96833509e-01 9.97056221e-01 9.97300263e-01 9.97560467e-01 9.97830974e-01 9.98105382e-01 9.98376976e-01 9.98639046e-01 9.98885276e-01 9.99110166e-01 9.99309429e-01 9.99480323e-01 9.99621829e-01 9.99734652e-01 9.99821017e-01 9.99884302e-01 9.99928554e-01 9.99957989e-01 9.99976553e-01 9.99987618e-01 9.99993832e-01 9.99997109e-01 9.99998726e-01 9.99999471e-01 9.99999791e-01 9.99999918e-01 9.99999964e-01 9.99999980e-01 9.99999985e-01 9.99999986e-01 9.99999986e-01 9.99999986e-01 9.99999986e-01 9.99999986e-01 9.99999986e-01 9.99999986e-01 9.99999986e-01 9.99999986e-01 9.99999985e-01 9.99999985e-01 9.99999985e-01 9.99999985e-01 9.99999985e-01 9.99999985e-01 9.99999985e-01 9.99999985e-01 9.99999985e-01 9.99999985e-01 9.99999985e-01 9.99999985e-01 9.99999986e-01 9.99999986e-01 9.99999986e-01 9.99999986e-01 9.99999986e-01 9.99999986e-01 9.99999986e-01 9.99999986e-01 9.99999986e-01 9.99999985e-01 9.99999980e-01 9.99999964e-01 9.99999918e-01 9.99999791e-01 9.99999471e-01 9.99998726e-01 9.99997109e-01 9.99993832e-01 9.99987618e-01 9.99976553e-01 9.99957989e-01 9.99928554e-01 9.99884302e-01 9.99821017e-01 9.99734652e-01 9.99621829e-01 9.99480323e-01 9.99309429e-01 9.99110166e-01 9.98885276e-01 9.98639046e-01 9.98376976e-01 9.98105382e-01 9.97830974e-01 9.97560467e-01 9.97300263e-01 9.97056221e-01 9.96833509e-01 9.96636531e-01 9.96468919e-01 9.96333556e-01 9.96232631e-01 9.96167689e-01 9.96139689e-01 9.96149034e-01 9.96195589e-01 9.96278678e-01 9.96397054e-01 9.96548857e-01 9.96731559e-01 9.96941906e-01 9.97175882e-01 9.97428696e-01 9.97694822e-01 9.97968106e-01 9.98241954e-01 9.98509610e-01 9.98764509e-01 9.99000689e-01 9.99213211e-01 9.99398527e-01 9.99554744e-01 9.99681719e-01 9.99780952e-01 9.99855301e-01 9.99908542e-01 9.99944867e-01 9.99968403e-01 9.99982840e-01 9.99991196e-01 9.99995744e-01 9.99998066e-01 9.99999173e-01 9.99999666e-01 9.99999869e-01 9.99999947e-01 9.99999974e-01 9.99999983e-01 9.99999986e-01 9.99999986e-01 9.99999986e-01 9.99999986e-01 9.99999986e-01 9.99999986e-01 9.99999986e-01 9.99999986e-01 9.99999986e-01 9.99999985e-01 9.99999985e-01 9.99999985e-01 9.99999985e-01 9.99999985e-01 9.99999985e-01 9.99999984e-01
9.99999984e-01 9.99999985e-01 9.99999985e-01 9.99999985e-01 9.99999985e-01 9.99999985e-01 9.99999985e-01 9.99999986e-01 9.99999986e-01 9.99999986e-01 9.99999986e-01 9.99999986e-01 9.99999986e-01 9.99999986e-01 9.99999986e-01 9.99999985e-01 9.99999983e-01 9.99999973e-01 9.99999942e-01 9.99999856e-01 9.99999628e-01 9.99999076e-01 9.99997835e-01 9.99995233e-01 9.99990144e-01 9.99980816e-01 9.99964746e-01 9.99938642e-01 9.99898522e-01 9.99839990e-01 9.99758662e-01 9.99650692e-01 9.99513306e-01 9.99345243e-01 9.99147028e-01 9.98921029e-01 9.98671309e-01 9.98403308e-01 9.98123421e-01 9.97838543e-01 9.97555646e-01 9.97281418e-01 9.97022002e-01 9.96782829e-01 9.96568535e-01 9.96382948e-01 9.96229122e-01 9.96109401e-01 9.96025488e-01 9.95978515e-01 9.95969090e-01 9.95997334e-01 9.96062885e-01 9.96164878e-01 9.96301902e-01 9.96471945e-01 9.96672315e-01 9.96899577e-01 9.97149501e-01 9.97417049e-01 9.97696419e-01 9.97981167e-01 9.98264425e-01 9.98539211e-01 9.98798822e-01 9.99037284e-01 9.99249799e-01 9.99433120e-01 9.99585795e-01 9.99708212e-01 9.99802435e-01 9.99871838e-01 9.99920603e-01 9.99953183e-01 9.99973811e-01 9.99986148e-01 9.99993093e-01 9.99996762e-01 9.99998575e-01 9.99999410e-01 9.99999768e-01 9.99999910e-01 9.99999962e-01 9.99999979e-01 9.99999984e-01 9.99999986e-01 9.99999986e-01 9.99999986e-01 9.99999986e-01 9.99999986e-01 9.99999986e-01 9.99999986e-01 9.99999986e-01 9.99999985e-01 9.99999985e-01 9.99999985e-01 9.99999985e-01 9.99999985e-01 9.99999985e-01 9.99999985e-01 9.99999985e-01 9.99999985e-01 9.99999985e-01 9.99999985e-01 9.99999985e-01 9.99999985e-01 9.99999985e-01 9.99999986e-01 9.99999986e-01 9.99999986e-01 9.99999986e-01 9.99999986e-01 9.99999986e-01 9.99999986e-01 9.99999986e-01 9.99999984e-01 9.99999979e-01 9.99999962e-01 9.99999910e-01 9.99999768e-01 9.99999410e-01 9.99998575e-01 9.99996762e-01 9.99993093e-01 9.99986148e-01 9.99973811e-01 9.99953183e-01 9.99920603e-01 9.99871838e-01 9.99802435e-01 9.99708212e-01 9.99585795e-01 9.99433120e-01 9.99249799e-01 9.99037284e-01 9.98798822e-01 9.98539211e-01 9.98264425e-01 9.97981167e-01 9.97696419e-01 9.97417049e-01 9.97149501e-01 9.96899577e-01 9.96672315e-01 9.96471945e-01 9.96301902e-01 9.96164878e-01 9.96062885e-01 9.95997334e-01 9.95969090e-01 9.95978515e-01 9.96025488e-01 9.96109401e-01 9.96229122e-01 9.96382948e-01 9.96568535e-01 9.96782829e-01 9.97022002e-01 9.97281418e-01 9.97555646e-01 9.97838543e-01 9.98123421e-01 9.98403308e-01 9.98671309e-01 9.98921029e-01 9.99147028e-01 9.99345243e-01 9.99513306e-01 9.99650692e-01 9.99758662e-01 9.99839990e-01 9.99898522e-01 9.99938642e-01 9.99964746e-01 9.99980816e-01 9.99990144e-01 9.99995233e-01 9.99997835e-01 9.99999076e-01 9.99999628e-01 9.99999856e-01 9.99999942e-01 9.99999973e-01 9.99999983e-01 9.99999985e-01 9.99999986e-01 9.99999986e-01 9.99999986e-01 9.99999986e-01 9.99999986e-01 9.99999986e-01 9.99999986e-01 9.99999986e-01 9.99999985e-01 9.99999985e-01 9.99999985e-01 9.99999985e-01 9.99999985e-01 9.99999985e-01 9.99999984e-01
9.99999984e-01 9.99999985e-01 9.99999985e-01 9.99999985e-01 9.99999985e-01 9.99999985e-01 9.99999985e-01 9.99999985e-01 9.99999986e-01 9.99999986e-01 9.99999986e-01 9.99999986e-01 9.99999986e-01 9.99999986e-01 9.99999986e-01 9.99999985e-01 9.99999982e-01 9.99999971e-01 9.99999937e-01 9.99999841e-01 9.99999586e-01 9.99998969e-01 9.99997580e-01 9.99994671e-01 9.99988988e-01 9.99978598e-01 9.99960755e-01 9.99931878e-01 9.99887690e-01 9.99823531e-01 9.99734847e-01 9.99617758e-01 9.99469618e-01 9.99289463e-01 9.99078245e-01 9.98838850e-01 9.98575879e-01 9.98295275e-01 9.98003851e-01 9.97708801e-01 9.97417270e-01 9.97135991e-01 9.96871046e-01 9.96627722e-01 9.96410458e-01 9.96222856e-01 9.96067747e-01 9.95947265e-01 9.95862943e-01 9.95815784e-01 9.95806326e-01 9.95834674e-01 9.95900510e-01 9.96003068e-01 9.96141091e-01 9.96312755e-01 9.96515589e-01 9.96746384e-01 9.97001126e-01 9.97274951e-01 9.97562162e-01 9.97856327e-01 9.98150469e-01 9.98437370e-01 9.98709966e-01 9.98961819e-01 9.99187600e-01 9.99383529e-01 9.99547673e-01 9.99680053e-01 9.99782520e-01 9.99858400e-01 9.99911985e-01 9.99947949e-01 9.99970813e-01 9.99984533e-01 9.99992279e-01 9.99996380e-01 9.99998408e-01 9.99999343e-01 9.99999743e-01 9.99999901e-01 9.99999959e-01 9.99999978e-01 9.99999984e-01 9.99999986e-01 9.99999986e-01 9.99999986e-01 9.99999986e-01 9.99999986e-01 9.99999986e-01 9.99999986e-01 9.99999985e-01 9.99999985e-01 9.99999985e-01 9.99999985e-01 9.99999985e-01 9.99999985e-01 9.99999985e-01 9.99999985e-01 9.99999985e-01 9.99999985e-01 9.99999985e-01 9.99999985e-01 9.99999985e-01 9.99999985e-01 9.99999985e-01 9.99999985e-01 9.99999986e-01 9.99999986e-01 9.99999986e-01 9.99999986e-01 9.99999986e-01 9.99999986e-01 9.99999986e-01 9.99999984e-01 9.99999978e-01 9.99999959e-01 9.99999901e-01 9.99999743e-01 9.99999343e-01 9.99998408e-01 9.99996380e-01 9.99992279e-01 9.99984533e-01 9.99970813e-01 9.99947949e-01 9.99911985e-01 9.99858400e-01 9.99782520e-01 9.99680053e-01 9.99547673e-01 9.99383529e-01 9.99187600e-01 9.98961819e-01 9.98709966e-01 9.98437370e-01 9.98150469e-01 9.97856327e-01 9.97562162e-01 9.97274951e-01 9.97001126e-01 9.96746384e-01 9.96515589e-01 9.96312755e-01 9.96141091e-01 9.96003068e-01 9.95900510e-01 9.95834674e-01 9.95806326e-01 9.95815784e-01 9.95862943e-01 9.95947265e-01 9.96067747e-01 9.96222856e-01 9.96410458e-01 9.96627722e-01 9.96871046e-01 9.97135991e-01 9.97417270e-01 9.97708801e-01 9.98003851e-01 9.98295275e-01 9.98575879e-01 9.98838850e-01 9.99078245e-01 9.99289463e-01 9.99469618e-01 9.99617758e-01 9.99734847e-01 9.99823531e-01 9.99887690e-01 9.99931878e-01 9.99960755e-01 9.99978598e-01 9.99988988e-01 9.99994671e-01 9.99997580e-01 9.99998969e-01 9.99999586e-01 9.99999841e-01 9.99999937e-01 9.99999971e-01 9.99999982e-01 9.99999985e-01 9.99999986e-01 9.99999986e-01 9.99999986e-01 9.99999986e-01 9.99999986e-01 9.99999986e-01 9.99999986e-01 9.99999985e-01 9.99999985e-01 9.99999985e-01 9.99999985e-01 9.99999985e-01 9.99999985e-01 9.99999985e-01 9.99999984e-01
9.99999984e-01 9.99999985e-01 9.99999985e-01 9.99999985e-01 9.99999985e-01 9.99999985e-01 9.99999985e-01 9.99999985e-01 9.99999985e-01 9.99999986e-01 9.99999986e-01 9.99999986e-01 9.99999986e-01 9.99999986e-01 9.99999986e-01 9.99999985e-01 9.99999982e-01 9.99999970e-01 9.99999932e-01 9.99999824e-01 9.99999541e-01 9.99998851e-01 9.99997299e-01 9.99994052e-01 9.99987721e-01 9.99976173e-01 9.99956408e-01 9.99924547e-01 9.99876011e-01 9.99805890e-01 9.99709482e-01 9.99582915e-01 9.99423725e-01 9.99231295e-01 9.99007058e-01 9.98754450e-01 9.98478631e-01 9.98186042e-01 9.97883891e-01 9.97579637e-01 9.97280546e-01 9.96993347e-01 9.96724009e-01 9.96477627e-01 9.96258402e-01 9.96069679e-01 9.95914037e-01 9.95793384e-01 9.95709068e-01 9.95661957e-01 9.95652512e-01 9.95680824e-01 9.95746619e-01 9.95849240e-01 9.95987589e-01 9.96160050e-01 9.96364392e-01 9.96597665e-01 9.96856105e-01 9.97135067e-01 9.97429010e-01 9.97731564e-01 9.98035696e-01 9.98333994e-01 9.98619063e-01 9.98884014e-01 9.99122982e-01 9.99331624e-01 9.99507483e-01 9.99650162e-01 9.99761241e-01 9.99843955e-01 9.99902668e-01 9.99942263e-01 9.99967540e-01 9.99982765e-01 9.99991386e-01 9.99995959e-01 9.99998224e-01 9.99999268e-01 9.99999715e-01 9.99999892e-01 9.99999956e-01 9.99999977e-01 9.99999984e-01 9.99999986e-01 9.99999986e-01 9.99999986e-01 9.99999986e-01 9.99999986e-01 9.99999986e-01 9.99999985e-01 9.99999985e-01 9.99999985e-01 9.99999985e-01 9.99999985e-01 9.99999985e-01 9.99999985e-01 9.99999985e-01 9.99999985e-01 9.99999985e-01 9.99999985e-01 9.99999985e-01 9.99999985e-01 9.99999985e-01 9.99999985e-01 9.99999985e-01 9.99999985e-01 9.99999985e-01 9.99999986e-01 9.99999986e-01 9.99999986e-01 9.99999986e-01 9.99999986e-01 9.99999986e-01 9.99999984e-01 9.99999977e-01 9.99999956e-01 9.99999892e-01 9.99999715e-01 9.99999268e-01 9.99998224e-01 9.99995959e-01 9.99991386e-01 9.99982765e-01 9.99967540e-01 9.99942263e-01 9.99902668e-01 9.99843955e-01 9.99761241e-01 9.99650162e-01 9.99507483e-01 9.99331624e-01 9.99122982e-01 9.98884014e-01 9.98619063e-01 9.98333994e-01 9.98035696e-01 9.97731564e-01 9.97429010e-01 9.97135067e-01 9.96856105e-01 9.96597665e-01 9.96364392e-01 9.96160050e-01 9.95987589e-01 9.95849240e-01 9.95746619e-01 9.95680824e-01 9.95652512e-01 9.95661957e-01 9.95709068e-01 9.95793384e-01 9.95914037e-01 9.96069679e-01 9.96258402e-01 9.96477627e-01 9.96724009e-01 9.96993347e-01 9.97280546e-01 9.97579637e-01 9.97883891e-01 9.98186042e-01 9.98478631e-01 9.98754450e-01 9.99007058e-01 9.99231295e-01 9.99423725e-01 9.99582915e-01 9.99709482e-01 9.99805890e-01 9.99876011e-01 9.99924547e-01 9.99956408e-01 9.99976173e-01 9.99987721e-01 9.99994052e-01 9.99997299e-01 9.99998851e-01 9.99999541e-01 9.99999824e-01 9.99999932e-01 9.99999970e-01 9.99999982e-01 9.99999985e-01 9.99999986e-01 9.99999986e-01 9.99999986e-01 9.99999986e-01 9.99999986e-01 9.99999986e-01 9.99999985e-01 9.99999985e-01 9.99999985e-01 9.99999985e-01 9.99999985e-01 9.99999985e-01 9.99999985e-01 9.99999985e-01 9.99999984e-01
9.99999984e-01 9.99999985e-01 9.99999985e-01 9.99999985e-01 9.99999985e-01 9.99999985e-01 9.99999985e-01 9.99999985e-01 9.99999985e-01 9.99999985e-01 9.99999986e-01 9.99999986e-01 9.99999986e-01 9.99999986e-01 9.99999986e-01 9.99999985e-01 9.99999981e-01 9.99999968e-01 9.99999926e-01 9.99999806e-01 9.99999490e-01 9.99998722e-01 9.99996991e-01 9.99993373e-01 9.99986333e-01 9.99973527e-01 9.99951685e-01 9.99916621e-01 9.99863454e-01 9.99787037e-01 9.99682552e-01 9.99546179e-01 9.99375690e-01 9.99170873e-01 9.98933688e-01 9.98668157e-01 9.98380005e-01 9.98076164e-01 9.97764208e-01 9.97451816e-01 9.97146324e-01 9.96854402e-01 9.96581854e-01 9.96333540e-01 9.96113383e-01 9.95924440e-01 9.95769016e-01 9.95648780e-01 9.95564881e-01 9.95518049e-01 9.95508664e-01 9.95536800e-01 9.95602234e-01 9.95704417e-01 9.95842421e-01 9.96014849e-01 9.96219732e-01 9.96454402e-01 9.96715380e-01 9.96998282e-01 9.97297772e-01 9.97607596e-01 9.97920717e-01 9.98229581e-01 9.98526497e-01 9.98804143e-01 9.99056120e-01 9.99277501e-01 9.99465263e-01 9.99618534e-01 9.99738573e-01 9.99828468e-01 9.99892622e-01 9.99936098e-01 9.99963977e-01 9.99980833e-01 9.99990406e-01 9.99995497e-01 9.99998022e-01 9.99999187e-01 9.99999685e-01 9.99999881e-01 9.99999953e-01 9.99999976e-01 9.99999984e-01 9.99999985e-01 9.99999986e-01 9.99999986e-01 9.99999986e-01 9.99999986e-01 9.99999985e-01 9.99999985e-01 9.99999985e-01 9.99999985e-01 9.99999985e-01 9.99999985e-01 9.99999985e-01 9.99999985e-01 9.99999985e-01 9.99999985e-01 9.99999985e-01 9.99999985e-01 9.99999985e-01 9.99999985e-01 9.99999985e-01 9.99999985e-01 9.99999985e-01 9.99999985e-01 9.99999985e-01 9.99999985e-01 9.99999986e-01 9.99999986e-01 9.99999986e-01 9.99999986e-01 9.99999985e-01 9.99999984e-01 9.99999976e-01 9.99999953e-01 9.99999881e-01 9.99999685e-01 9.99999187e-01 9.99998022e-01 9.99995497e-01 9.99990406e-01 9.99980833e-01 9.99963977e-01 9.99936098e-01 9.99892622e-01 9.99828468e-01 9.99738573e-01 9.99618534e-01 9.99465263e-01 9.99277501e-01 9.99056120e-01 9.98804143e-01 9.98526497e-01 9.98229581e-01 9.97920717e-01 9.97607596e-01 9.97297772e-01 9.96998282e-01 9.96715380e-01 9.96454402e-01 9.96219732e-01 9.96014849e-01 9.95842421e-01 9.95704417e-01 9.95602234e-01 9.95536800e-01 9.95508664e-01 9.95518049e-01 9.95564881e-01 9.95648780e-01 9.95769016e-01 9.95924440e-01 9.96113383e-01 9.96333540e-01 9.96581854e-01 9.96854402e-01 9.97146324e-01 9.97451816e-01 9.97764208e-01 9.98076164e-01 9.98380005e-01 9.98668157e-01 9.98933688e-01 9.99170873e-01 9.99375690e-01 9.99546179e-01 9.99682552e-01 9.99787037e-01 9.99863454e-01 9.99916621e-01 9.99951685e-01 9.99973527e-01 9.99986333e-01 9.99993373e-01 9.99996991e-01 9.99998722e-01 9.99999490e-01 9.99999806e-01 9.99999926e-01 9.99999968e-01 9.99999981e-01 9.99999985e-01 9.99999986e-01 9.99999986e-01 9.99999986e-01 9.99999986e-01 9.99999986e-01 9.99999985e-01 9.99999985e-01 9.99999985e-01 9.99999985e-01 9.99999985e-01 9.99999985e-01 9.99999985e-01 9.99999985e-01 9.99999985e-01 9.99999984e-01
9.99999984e-01 9.99999985e-01 9.99999985e-01 9.99999985e-01 9.99999985e-01 9.99999985e-01 9.99999985e-01 9.99999985e-01 9.99999985e-01 9.99999985e-01 9.99999985e-01 9.99999986e-01 9.99999986e-01 9.99999986e-01 9.99999986e-01 9.99999985e-01 9.99999981e-01 9.99999966e-01 9.99999920e-01 9.99999787e-01 9.99999435e-01 9.99998579e-01 9.99996652e-01 9.99992629e-01 9.99984816e-01 9.99970646e-01 9.99946565e-01 9.99908072e-01 9.99849988e-01 9.99766946e-01 9.99654049e-01 9.99507576e-01 9.99325595e-01 9.99108354e-01 9.98858388e-01 9.98580326e-01 9.98280468e-01 9.97966219e-01 9.97645482e-01 9.97326105e-01 9.97015441e-01 9.96720044e-01 9.96445504e-01 9.96196400e-01 9.95976342e-01 9.95788076e-01 9.95633614e-01 9.95514370e-01 9.95431291e-01 9.95384962e-01 9.95375682e-01 9.95403508e-01 9.95468266e-01 9.95569521e-01 9.95706519e-01 9.95878094e-01 9.96082549e-01 9.96317525e-01 9.96579857e-01 9.96865461e-01 9.97169253e-01 9.97485148e-01 9.97806164e-01 9.98124654e-01 9.98432677e-01 9.98722508e-01 9.98987217e-01 9.99221276e-01 9.99421062e-01 9.99585178e-01 9.99714497e-01 9.99811912e-01 9.99881817e-01 9.99929432e-01 9.99960106e-01 9.99978724e-01 9.99989334e-01 9.99994990e-01 9.99997800e-01 9.99999097e-01 9.99999651e-01 9.99999870e-01 9.99999949e-01 9.99999975e-01 9.99999983e-01 9.99999985e-01 9.99999986e-01 9.99999986e-01 9.99999986e-01 9.99999985e-01 9.99999985e-01 9.99999985e-01 9.99999985e-01 9.99999985e-01 9.99999985e-01 9.99999985e-01 9.99999985e-01 9.99999985e-01 9.99999985e-01 9.99999985e-01 9.99999985e-01 9.99999985e-01 9.99999985e-01 9.99999985e-01 9.99999985e-01 9.99999985e-01 9.99999985e-01 9.99999985e-01 9.99999985e-01 9.99999985e-01 9.99999985e-01 9.99999986e-01 9.99999986e-01 9.99999986e-01 9.99999985e-01 9.99999983e-01 9.99999975e-01 9.99999949e-01 9.99999870e-01 9.99999651e-01 9.99999097e-01 9.99997800e-01 9.99994990e-01 9.99989334e-01 9.99978724e-01 9.99960106e-01 9.99929432e-01 9.99881817e-01 9.99811912e-01 9.99714497e-01 9.99585178e-01 9.99421062e-01 9.99221276e-01 9.98987217e-01 9.98722508e-01 9.98432677e-01 9.98124654e-01 9.97806164e-01 9.97485148e-01 9.97169253e-01 9.96865461e-01 9.96579857e-01 9.96317525e-01 9.96082549e-01 9.95878094e-01 9.95706519e-01 9.95569521e-01 9.95468266e-01 9.95403508e-01 9.95375682e-01 9.95384962e-01 9.95431291e-01 9.95514370e-01 9.95633614e-01 9.95788076e-01 9.95976342e-01 9.96196400e-01 9.96445504e-01 9.96720044e-01 9.97015441e-01 9.97326105e-01 9.97645482e-01 9.97966219e-01 9.98280468e-01 9.98580326e-01 9.98858388e-01 9.99108354e-01 9.99325595e-01 9.99507576e-01 9.99654049e-01 9.99766946e-01 9.99849988e-01 9.99908072e-01 9.99946565e-01 9.99970646e-01 9.99984816e-01 9.99992629e-01 9.99996652e-01 9.99998579e-01 9.99999435e-01 9.99999787e-01 9.99999920e-01 9.99999966e-01 9.99999981e-01 9.99999985e-01 9.99999986e-01 9.99999986e-01 9.99999986e-01 9.99999986e-01 9.99999985e-01 9.99999985e-01 9.99999985e-01 9.99999985e-01 9.99999985e-01 9.99999985e-01 9.99999985e-01 9.99999985e-01 9.99999985e-01 9.99999985e-01 9.99999984e-01
9.99999984e-01 9.99999985e-01 9.99999985e-01 9.99999985e-01 9.99999985e-01 9.99999985e-01 9.99999985e-01 9.99999985e-01 9.99999985e-01 9.99999985e-01 9.99999985e-01 9.99999985e-01 9.99999986e-01 9.99999986e-01 9.99999985e-01 9.99999984e-01 9.99999980e-01 9.99999964e-01 9.99999913e-01 9.99999765e-01 9.99999375e-01 9.99998423e-01 9.99996280e-01 9.99991815e-01 9.99983161e-01 9.99967516e-01 9.99941027e-01 9.99898874e-01 9.99835586e-01 9.99745598e-01 9.99623974e-01 9.99467148e-01 9.99273541e-01 9.99043919e-01 9.98781430e-01 9.98491338e-01 9.98180511e-01 9.97856800e-01 9.97528395e-01 9.97203261e-01 9.96888708e-01 9.96591121e-01 9.96315823e-01 9.96067071e-01 9.95848136e-01 9.95661427e-01 9.95508649e-01 9.95390954e-01 9.95309083e-01 9.95263473e-01 9.95254341e-01 9.95281727e-01 9.95345507e-01 9.95445361e-01 9.95580713e-01 9.95750632e-01 9.95953708e-01 9.96187902e-01 9.96450395e-01 9.96737436e-01 9.97044239e-01 9.97364943e-01 9.97692675e-01 9.98019755e-01 9.98338041e-01 9.98639436e-01 9.98916499e-01 9.99163089e-01 9.99374952e-01 9.99550113e-01 9.99689004e-01 9.99794262e-01 9.99870226e-01 9.99922241e-01 9.99955908e-01 9.99976428e-01 9.99988163e-01 9.99994435e-01 9.99997557e-01 9.99998999e-01 9.99999615e-01 9.99999858e-01 9.99999945e-01 9.99999974e-01 9.99999983e-01 9.99999985e-01 9.99999986e-01 9.99999986e-01 9.99999985e-01 9.99999985e-01 9.99999985e-01 9.99999985e-01 9.99999985e-01 9.99999985e-01 9.99999985e-01 9.99999985e-01 9.99999985e-01 9.99999985e-01 9.99999985e-01 9.99999985e-01 9.99999985e-01 9.99999985e-01 9.99999985e-01 9.99999985e-01 9.99999985e-01 9.99999985e-01 9.99999985e-01 9.99999985e-01 9.99999985e-01 9.99999985e-01 9.99999985e-01 9.99999985e-01 9.99999986e-01 9.99999986e-01 9.99999985e-01 9.99999983e-01 9.99999974e-01 9.99999945e-01 9.99999858e-01 9.99999615e-01 9.99998999e-01 9.99997557e-01 9.99994435e-01 9.99988163e-01 9.99976428e-01 9.99955908e-01 9.99922241e-01 9.99870226e-01 9.99794262e-01 9.99689004e-01 9.99550113e-01 9.99374952e-01 9.99163089e-01 9.98916499e-01 9.98639436e-01 9.98338041e-01 9.98019755e-01 9.97692675e-01 9.97364943e-01 9.97044239e-01 9.96737436e-01 9.96450395e-01 9.96187902e-01 9.95953708e-01 9.95750632e-01 9.95580713e-01 9.95445361e-01 9.95345507e-01 9.95281727e-01 9.95254341e-01 9.95263473e-01 9.95309083e-01 9.95390954e-01 9.95508649e-01 9.95661427e-01 9.95848136e-01 9.96067071e-01 9.96315823e-01 9.96591121e-01 9.96888708e-01 9.97203261e-01 9.97528395e-01 9.97856800e-01 9.98180511e-01 9.98491338e-01 9.98781430e-01 9.99043919e-01 9.99273541e-01 9.99467148e-01 9.99623974e-01 9.99745598e-01 9.99835586e-01 9.99898874e-01 9.99941027e-01 9.99967516e-01 9.99983161e-01 9.99991815e-01 9.99996280e-01 9.99998423e-01 9.99999375e-01 9.99999765e-01 9.99999913e-01 9.99999964e-01 9.99999980e-01 9.99999984e-01 9.99999985e-01 9.99999986e-01 9.99999986e-01 9.99999985e-01 9.99999985e-01 9.99999985e-01 9.99999985e-01 9.99999985e-01 9.99999985e-01 9.99999985e-01 9.99999985e-01 9.99999985e-01 9.99999985e-01 9.99999985e-01 9.99999984e-01
9.99999984e-01 9.99999985e-01 9.99999985e-01 9.99999985e-01 9.99999985e-01 9.99999985e-01 9.99999985e-01 9.99999985e-01 9.99999985e-01 9.99999985e-01 9.99999985e-01 9.99999985e-01 9.99999985e-01 9.99999986e-01 9.99999985e-01 9.99999984e-01 9.99999979e-01 9.99999962e-01 9.99999905e-01 9.99999742e-01 9.99999308e-01 9.99998251e-01 9.99995874e-01 9.99990926e-01 9.99981360e-01 9.99964121e-01 9.99935050e-01 9.99889002e-01 9.99820223e-01 9.99722980e-01 9.99592341e-01 9.99424951e-01 9.99219648e-01 9.98977769e-01 9.98703116e-01 9.98401595e-01 9.98080637e-01 9.97748506e-01 9.97413627e-01 9.97084023e-01 9.96766905e-01 9.96468429e-01 9.96193607e-01 9.95946339e-01 9.95729525e-01 9.95545224e-01 9.95394823e-01 9.95279209e-01 9.95198913e-01 9.95154225e-01 9.95145282e-01 9.95172107e-01 9.95234624e-01 9.95332628e-01 9.95465721e-01 9.95633210e-01 9.95833979e-01 9.96066326e-01 9.96327792e-01 9.96614997e-01 9.96923493e-01 9.97247692e-01 9.97580893e-01 9.97915438e-01 9.98243041e-01 9.98555277e-01 9.98844213e-01 9.99103098e-01 9.99327015e-01 9.99513369e-01 9.99662090e-01 9.99775497e-01 9.99857822e-01 9.99914500e-01 9.99951366e-01 9.99973933e-01 9.99986885e-01 9.99993828e-01 9.99997290e-01 9.99998891e-01 9.99999575e-01 9.99999844e-01 9.99999941e-01 9.99999973e-01 9.99999983e-01 9.99999985e-01 9.99999986e-01 9.99999986e-01 9.99999985e-01 9.99999985e-01 9.99999985e-01 9.99999985e-01 9.99999985e-01 9.99999985e-01 9.99999985e-01 9.99999985e-01 9.99999985e-01 9.99999985e-01 9.99999985e-01 9.99999985e-01 9.99999985e-01 9.99999985e-01 9.99999985e-01 9.99999985e-01 9.99999985e-01 9.99999985e-01 9.99999985e-01 9.99999985e-01 9.99999985e-01 9.99999985e-01 9.99999985e-01 9.99999985e-01 9.99999986e-01 9.99999986e-01 9.99999985e-01 9.99999983e-01 9.99999973e-01 9.99999941e-01 9.99999844e-01 9.99999575e-01 9.99998891e-01 9.99997290e-01 9.99993828e-01 9.99986885e-01 9.99973933e-01 9.99951366e-01 9.99914500e-01 9.99857822e-01 9.99775497e-01 9.99662090e-01 9.99513369e-01 9.99327015e-01 9.99103098e-01 9.98844213e-01 9.98555277e-01 9.98243041e-01 9.97915438e-01 9.97580893e-01 9.97247692e-01 9.96923493e-01 9.96614997e-01 9.96327792e-01 9.96066326e-01 9.95833979e-01 9.95633210e-01 9.95465721e-01 9.95332628e-01 9.95234624e-01 9.95172107e-01 9.95145282e-01 9.95154225e-01 9.95198913e-01 9.95279209e-01 9.95394823e-01 9.95545224e-01 9.95729525e-01 9.95946339e-01 9.96193607e-01 9.96468429e-01 9.96766905e-01 9.97084023e-01 9.97413627e-01 9.97748506e-01 9.98080637e-01 9.98401595e-01 9.98703116e-01 9.98977769e-01 9.99219648e-01 9.99424951e-01 9.99592341e-01 9.99722980e-01 9.99820223e-01 9.99889002e-01 9.99935050e-01 9.99964121e-01 9.99981360e-01 9.99990926e-01 9.99995874e-01 9.99998251e-01 9.99999308e-01 9.99999742e-01 9.99999905e-01 9.99999962e-01 9.99999979e-01 9.99999984e-01 9.99999985e-01 9.99999986e-01 9.99999985e-01 9.99999985e-01 9.99999985e-01 9.99999985e-01 9.99999985e-01 9.99999985e-01 9.99999985e-01 9.99999985e-01 9.99999985e-01 9.99999985e-01 9.99999985e-01 9.99999985e-01 9.99999984e-01
9.99999984e-01 9.99999985e-01 9.99999985e-01 9.99999985e-01 9.99999985e-01 9.99999985e-01 9.99999985e-01 9.99999985e-01 9.99999985e-01 9.99999985e-01 9.99999985e-01 9.99999985e-01 9.99999985e-01 9.99999985e-01 9.99999985e-01 9.99999984e-01 9.99999979e-01 9.99999959e-01 9.99999897e-01 9.99999716e-01 9.99999236e-01 9.99998064e-01 9.99995430e-01 9.99989956e-01 9.99979402e-01 9.99960446e-01 9.99928613e-01 9.99878432e-01 9.99803879e-01 9.99699084e-01 9.99559169e-01 9.99381055e-01 9.99164054e-01 9.98910128e-01 9.98623763e-01 9.98311519e-01 9.97981365e-01 9.97641937e-01 9.97301844e-01 9.96969105e-01 9.96650767e-01 9.96352705e-01 9.96079578e-01 9.95834895e-01 9.95621166e-01 9.95440084e-01 9.95292716e-01 9.95179680e-01 9.95101301e-01 9.95057725e-01 9.95049008e-01 9.95075157e-01 9.95136146e-01 9.95231881e-01 9.95362138e-01 9.95526465e-01 9.95724039e-01 9.95953503e-01 9.96212780e-01 9.96498882e-01 9.96807740e-01 9.97134089e-01 9.97471454e-01 9.97812264e-01 9.98148148e-01 9.98470402e-01 9.98770632e-01 9.99041482e-01 9.99277355e-01 9.99474991e-01 9.99633760e-01 9.99755600e-01 9.99844582e-01 9.99906187e-01 9.99946462e-01 9.99971227e-01 9.99985494e-01 9.99993165e-01 9.99996998e-01 9.99998773e-01 9.99999531e-01 9.99999829e-01 9.99999936e-01 9.99999972e-01 9.99999982e-01 9.99999985e-01 9.99999985e-01 9.99999985e-01 9.99999985e-01 9.99999985e-01 9.99999985e-01 9.99999985e-01 9.99999985e-01 9.99999985e-01 9.99999985e-01 9.99999985e-01 9.99999985e-01 9.99999985e-01 9.99999985e-01 9.99999985e-01 9.99999985e-01 9.99999985e-01 9.99999985e-01 9.99999985e-01 9.99999985e-01 9.99999985e-01 9.99999985e-01 9.99999985e-01 9.99999985e-01 9.99999985e-01 9.99999985e-01 9.99999985e-01 9.99999985e-01 9.99999985e-01 9.99999985e-01 9.99999982e-01 9.99999972e-01 9.99999936e-01 9.99999829e-01 9.99999531e-01 9.99998773e-01 9.99996998e-01 9.99993165e-01 9.99985494e-01 9.99971227e-01 9.99946462e-01 9.99906187e-01 9.99844582e-01 9.99755600e-01 9.99633760e-01 9.99474991e-01 9.99277355e-01 9.99041482e-01 9.98770632e-01 9.98470402e-01 9.98148148e-01 9.97812264e-01 9.97471454e-01 9.97134089e-01 9.96807740e-01 9.96498882e-01 9.96212780e-01 9.95953503e-01 9.95724039e-01 9.95526465e-01 9.95362138e-01 9.95231881e-01 9.95136146e-01 9.95075157e-01 9.95049008e-01 9.95057725e-01 9.95101301e-01 9.95179680e-01 9.95292716e-01 9.95440084e-01 9.95621166e-01 9.95834895e-01 9.96079578e-01 9.96352705e-01 9.96650767e-01 9.96969105e-01 9.97301844e-01 9.97641937e-01 9.97981365e-01 9.98311519e-01 9.98623763e-01 9.98910128e-01 9.99164054e-01 9.99381055e-01 9.99559169e-01 9.99699084e-01 9.99803879e-01 9.99878432e-01 9.99928613e-01 9.99960446e-01 9.99979402e-01 9.99989956e-01 9.99995430e-01 9.99998064e-01 9.99999236e-01 9.99999716e-01 9.99999897e-01 9.99999959e-01 9.99999979e-01 9.99999984e-01 9.99999985e-01 9.99999985e-01 9.99999985e-01 9.99999985e-01 9.99999985e-01 9.99999985e-01 9.99999985e-01 9.99999985e-01 9.99999985e-01 9.99999985e-01 9.99999985e-01 9.99999985e-01 9.99999985e-01 9.99999985e-01 9.99999984e-01
9.99999984e-01 9.99999985e-01 9.99999985e-01 9.99999985e-01 9.99999985e-01 9.99999985e-01 9.99999985e-01 9.99999985e-01 9.99999985e-01 9.99999985e-01 9.99999985e-01 9.99999985e-01 9.99999985e-01 9.99999985e-01 9.99999985e-01 9.99999984e-01 9.99999978e-01 9.99999956e-01 9.99999888e-01 9.99999688e-01 9.99999156e-01 9.99997859e-01 9.99994945e-01 9.99988900e-01 9.99977277e-01 9.99956477e-01 9.99921697e-01 9.99867141e-01 9.99786535e-01 9.99673910e-01 9.99524494e-01 9.99335545e-01 9.99106916e-01 9.98841239e-01 9.98543712e-01 9.98221543e-01 9.97883216e-01 9.97537690e-01 9.97193695e-01 9.96859181e-01 9.96540974e-01 9.96244617e-01 9.95974372e-01 9.95733333e-01 9.95523603e-01 9.95346502e-01 9.95202775e-01 9.95092777e-01 9.95016629e-01 9.94974337e-01 9.94965881e-01 9.94991252e-01 9.95050470e-01 9.95143549e-01 9.95270438e-01 9.95430916e-01 9.95624456e-01 9.95850050e-01 9.96106012e-01 9.96389769e-01 9.96697662e-01 9.97024797e-01 9.97364981e-01 9.97710795e-01 9.98053842e-01 9.98385198e-01 9.98696045e-01 9.98978439e-01 9.99226090e-01 9.99435035e-01 9.99604028e-01 9.99734562e-01 9.99830485e-01 9.99897280e-01 9.99941178e-01 9.99968297e-01 9.99983982e-01 9.99992442e-01 9.99996680e-01 9.99998644e-01 9.99999484e-01 9.99999813e-01 9.99999931e-01 9.99999970e-01 9.99999982e-01 9.99999985e-01 9.99999985e-01 9.99999985e-01 9.99999985e-01 9.99999985e-01 9.99999985e-01 9.99999985e-01 9.99999985e-01 9.99999985e-01 9.99999985e-01 9.99999985e-01 9.99999985e-01 9.99999985e-01 9.99999985e-01 9.99999985e-01 9.99999985e-01 9.99999985e-01 9.99999985e-01 9.99999985e-01 9.99999985e-01 9.99999985e-01 9.99999985e-01 9.99999985e-01 9.99999985e-01 9.99999985e-01 9.99999985e-01 9.99999985e-01 9.99999985e-01 9.99999985e-01 9.99999985e-01 9.99999982e-01 9.99999970e-01 9.99999931e-01 9.99999813e-01 9.99999484e-01 9.99998644e-01 9.99996680e-01 9.99992442e-01 9.99983982e-01 9.99968297e-01 9.99941178e-01 9.99897280e-01 9.99830485e-01 9.99734562e-01 9.99604028e-01 9.99435035e-01 9.99226090e-01 9.98978439e-01 9.98696045e-01 9.98385198e-01 9.98053842e-01 9.97710795e-01 9.97364981e-01 9.97024797e-01 9.96697662e-01 9.96389769e-01 9.96106012e-01 9.95850050e-01 9.95624456e-01 9.95430916e-01 9.95270438e-01 9.95143549e-01 9.95050470e-01 9.94991252e-01 9.94965881e-01 9.94974337e-01 9.95016629e-01 9.95092777e-01 9.95202775e-01 9.95346502e-01 9.95523603e-01 9.95733333e-01 9.95974372e-01 9.96244617e-01 9.96540974e-01 9.96859181e-01 9.97193695e-01 9.97537690e-01 9.97883216e-01 9.98221543e-01 9.98543712e-01 9.98841239e-01 9.99106916e-01 9.99335545e-01 9.99524494e-01 9.99673910e-01 9.99786535e-01 9.99867141e-01 9.99921697e-01 9.99956477e-01 9.99977277e-01 9.99988900e-01 9.99994945e-01 9.99997859e-01 9.99999156e-01 9.99999688e-01 9.99999888e-01 9.99999956e-01 9.99999978e-01 9.99999984e-01 9.99999985e-01 9.99999985e-01 9.99999985e-01 9.99999985e-01 9.99999985e-01 9.99999985e-01 9.99999985e-01 9.99999985e-01 9.99999985e-01 9.99999985e-01 9.99999985e-01 9.99999985e-01 9.99999985e-01 9.99999985e-01 9.99999984e-01
9.99999984e-01 9.99999985e-01 9.99999985e-01 9.99999985e-01 9.99999985e-01 9.99999985e-01 9.99999985e-01 9.99999985e-01 9.99999985e-01 9.99999985e-01 9.99999985e-01 9.99999985e-01 9.99999985e-01 9.99999985e-01 9.99999985e-01 9.99999984e-01 9.99999977e-01 9.99999954e-01 9.99999878e-01 9.99999657e-01 9.99999070e-01 9.99997635e-01 9.99994416e-01 9.99987753e-01 9.99974976e-01 9.99952198e-01 9.99914281e-01 9.99855108e-01 9.99768179e-01 9.99647464e-01 9.99488357e-01 9.99288521e-01 9.99048407e-01 9.98771363e-01 9.98463315e-01 9.98132112e-01 9.97786713e-01 9.97436347e-01 9.97089798e-01 9.96754884e-01 9.96438148e-01 9.96144754e-01 9.95878534e-01 9.95642143e-01 9.95437266e-01 9.95264850e-01 9.95125321e-01 9.95018775e-01 9.94945139e-01 9.94904286e-01 9.94896121e-01 9.94920622e-01 9.94977851e-01 9.95067927e-01 9.95190963e-01 9.95346964e-01 9.95535691e-01 9.95756484e-01 9.96008056e-01 9.96288264e-01 9.96593888e-01 9.96920446e-01 9.97262079e-01 9.97611584e-01 9.97960607e-01 9.98300064e-01 9.98620760e-01 9.98914185e-01 9.99173355e-01 9.99393571e-01 9.99572917e-01 9.99712377e-01 9.99815513e-01 9.99887758e-01 9.99935496e-01 9.99965131e-01 9.99982342e-01 9.99991655e-01 9.99996332e-01 9.99998503e-01 9.99999431e-01 9.99999796e-01 9.99999926e-01 9.99999969e-01 9.99999981e-01 9.99999985e-01 9.99999985e-01 9.99999985e-01 9.99999985e-01 9.99999985e-01 9.99999985e-01 9.99999985e-01 9.99999985e-01 9.99999985e-01 9.99999985e-01 9.99999985e-01 9.99999985e-01 9.99999985e-01 9.99999985e-01 9.99999985e-01 9.99999985e-01 9.99999985e-01 9.99999985e-01 9.99999985e-01 9.99999985e-01 9.99999985e-01 9.99999985e-01 9.99999985e-01 9.99999985e-01 9.99999985e-01 9.99999985e-01 9.99999985e-01 9.99999985e-01 9.99999985e-01 9.99999985e-01 9.99999981e-01 9.99999969e-01 9.99999926e-01 9.99999796e-01 9.99999431e-01 9.99998503e-01 9.99996332e-01 9.99991655e-01 9.99982342e-01 9.99965131e-01 9.99935496e-01 9.99887758e-01 9.99815513e-01 9.99712377e-01 9.99572917e-01 9.99393571e-01 9.99173355e-01 9.98914185e-01 9.98620760e-01 9.98300064e-01 9.97960607e-01 9.97611584e-01 9.97262079e-01 9.96920446e-01 9.96593888e-01 9.96288264e-01 9.96008056e-01 9.95756484e-01 9.95535691e-01 9.95346964e-01 9.95190963e-01 9.95067927e-01 9.94977851e-01 9.94920622e-01 9.94896121e-01 9.94904286e-01 9.94945139e-01 9.95018775e-01 9.95125321e-01 9.95264850e-01 9.95437266e-01 9.95642143e-01 9.95878534e-01 9.96144754e-01 9.96438148e-01 9.96754884e-01 9.97089798e-01 9.97436347e-01 9.97786713e-01 9.98132112e-01 9.98463315e-01 9.98771363e-01 9.99048407e-01 9.99288521e-01 9.99488357e-01 9.99647464e-01 9.99768179e-01 9.99855108e-01 9.99914281e-01 9.99952198e-01 9.99974976e-01 9.99987753e-01 9.99994416e-01 9.99997635e-01 9.99999070e-01 9.99999657e-01 9.99999878e-01 9.99999954e-01 9.99999977e-01 9.99999984e-01 9.99999985e-01 9.99999985e-01 9.99999985e-01 9.99999985e-01 9.99999985e-01 9.99999985e-01 9.99999985e-01 9.99999985e-01 9.99999985e-01 9.99999985e-01 9.99999985e-01 9.99999985e-01 9.99999985e-01 9.99999985e-01 9.99999984e-01
9.99999984e-01 9.99999985e-01 9.99999985e-01 9.99999985e-01 9.99999985e-01 9.99999985e-01 9.99999985e-01 9.99999985e-01 9.99999985e-01 9.99999985e-01 9.99999985e-01 9.99999985e-01 9.99999985e-01 9.99999985e-01 9.99999985e-01 9.99999983e-01 9.99999976e-01 9.99999950e-01 9.99999867e-01 9.99999624e-01 9.99998975e-01 9.99997391e-01 9.99993841e-01 9.99986507e-01 9.99972489e-01 9.99947594e-01 9.99906346e-01 9.99842316e-01 9.99748802e-01 9.99619760e-01 9.99450816e-01 9.99240098e-01 9.98988718e-01 9.98700777e-01 9.98382939e-01 9.98043674e-01 9.97692373e-01 9.97338470e-01 9.96990738e-01 9.96656793e-01 9.96342842e-01 9.96053624e-01 9.95792511e-01 9.95561704e-01 9.95362466e-01 9.95195373e-01 9.95060540e-01 9.94957814e-01 9.94886938e-01 9.94847659e-01 9.94839811e-01 9.94863362e-01 9.94918412e-01 9.95005179e-01 9.95123929e-01 9.95274886e-01 9.95458090e-01 9.95673222e-01 9.95919392e-01 9.96194900e-01 9.96496988e-01 9.96821620e-01 9.97163325e-01 9.97515176e-01 9.97868930e-01 9.98215409e-01 9.98545098e-01 9.98848953e-01 9.99119301e-01 9.99350681e-01 9.99540459e-01 9.99689046e-01 9.99799650e-01 9.99877601e-01 9.99929400e-01 9.99961715e-01 9.99980564e-01 9.99990799e-01 9.99995953e-01 9.99998350e-01 9.99999375e-01 9.99999776e-01 9.99999920e-01 9.99999967e-01 9.99999981e-01 9.99999984e-01 9.99999985e-01 9.99999985e-01 9.99999985e-01 9.99999985e-01 9.99999985e-01 9.99999985e-01 9.99999985e-01 9.99999985e-01 9.99999985e-01 9.99999985e-01 9.99999985e-01 9.99999985e-01 9.99999985e-01 9.99999985e-01 9.99999985e-01 9.99999985e-01 9.99999985e-01 9.99999985e-01 9.99999985e-01 9.99999985e-01 9.99999985e-01 9.99999985e-01 9.99999985e-01 9.99999985e-01 9.99999985e-01 9.99999985e-01 9.99999985e-01 9.99999985e-01 9.99999984e-01 9.99999981e-01 9.99999967e-01 9.99999920e-01 9.99999776e-01 9.99999375e-01 9.99998350e-01 9.99995953e-01 9.99990799e-01 9.99980564e-01 9.99961715e-01 9.99929400e-01 9.99877601e-01 9.99799650e-01 9.99689046e-01 9.99540459e-01 9.99350681e-01 9.99119301e-01 9.98848953e-01 9.98545098e-01 9.98215409e-01 9.97868930e-01 9.97515176e-01 9.97163325e-01 9.96821620e-01 9.96496988e-01 9.96194900e-01 9.95919392e-01 9.95673222e-01 9.95458090e-01 9.95274886e-01 9.95123929e-01 9.95005179e-01 9.94918412e-01 9.94863362e-01 9.94839811e-01 9.94847659e-01 9.94886938e-01 9.94957814e-01 9.95060540e-01 9.95195373e-01 9.95362466e-01 9.95561704e-01 9.95792511e-01 9.96053624e-01 9.96342842e-01 9.96656793e-01 9.96990738e-01 9.97338470e-01 9.97692373e-01 9.98043674e-01 9.98382939e-01 9.98700777e-01 9.98988718e-01 9.99240098e-01 9.99450816e-01 9.99619760e-01 9.99748802e-01 9.99842316e-01 9.99906346e-01 9.99947594e-01 9.99972489e-01 9.99986507e-01 9.99993841e-01 9.99997391e-01 9.99998975e-01 9.99999624e-01 9.99999867e-01 9.99999950e-01 9.99999976e-01 9.99999983e-01 9.99999985e-01 9.99999985e-01 9.99999985e-01 9.99999985e-01 9.99999985e-01 9.99999985e-01 9.99999985e-01 9.99999985e-01 9.99999985e-01 9.99999985e-01 9.99999985e-01 9.99999985e-01 9.99999985e-01 9.99999985e-01 9.99999984e-01
9.99999984e-01 9.99999985e-01 9.99999985e-01 9.99999985e-01 9.99999985e-01 9.99999985e-01 9.99999985e-01 9.99999985e-01 9.99999985e-01 9.99999985e-01 9.99999985e-01 9.99999985e-01 9.99999985e-01 9.99999985e-01 9.99999985e-01 9.99999983e-01 9.99999975e-01 9.99999947e-01 9.99999856e-01 9.99999588e-01 9.99998872e-01 9.99997125e-01 9.99993215e-01 9.99985157e-01 9.99969804e-01 9.99942649e-01 9.99897874e-01 9.99828749e-01 9.99728399e-01 9.99590823e-01 9.99411936e-01 9.99190405e-01 9.98928055e-01 9.98629772e-01 9.98302959e-01 9.97956680e-01 9.97600700e-01 9.97244597e-01 9.96897057e-01 9.96565432e-01 9.96255536e-01 9.95971646e-01 9.95716652e-01 9.95492289e-01 9.95299399e-01 9.95138195e-01 9.95008492e-01 9.94909904e-01 9.94841998e-01 9.94804406e-01 9.94796899e-01 9.94819431e-01 9.94872141e-01 9.94955336e-01 9.95069427e-01 9.95214841e-01 9.95391885e-01 9.95600571e-01 9.95840405e-01 9.96110129e-01 9.96407466e-01 9.96728855e-01 9.97069262e-01 9.97422094e-01 9.97779290e-01 9.98131648e-01 9.98469393e-01 9.98782992e-01 9.99064094e-01 9.99306462e-01 9.99506698e-01 9.99664576e-01 9.99782886e-01 9.99866793e-01 9.99922871e-01 9.99958038e-01 9.99978641e-01 9.99989871e-01 9.99995541e-01 9.99998182e-01 9.99999313e-01 9.99999756e-01 9.99999914e-01 9.99999965e-01 9.99999980e-01 9.99999984e-01 9.99999985e-01 9.99999985e-01 9.99999985e-01 9.99999985e-01 9.99999985e-01 9.99999985e-01 9.99999985e-01 9.99999985e-01 9.99999985e-01 9.99999985e-01 9.99999985e-01 9.99999985e-01 9.99999985e-01 9.99999985e-01 9.99999985e-01 9.99999985e-01 9.99999985e-01 9.99999985e-01 9.99999985e-01 9.99999985e-01 9.99999985e-01 9.99999985e-01 9.99999985e-01 9.99999985e-01 9.99999985e-01 9.99999985e-01 9.99999985e-01 9.99999985e-01 9.99999984e-01 9.99999980e-01 9.99999965e-01 9.99999914e-01 9.99999756e-01 9.99999313e-01 9.99998182e-01 9.99995541e-01 9.99989871e-01 9.99978641e-01 9.99958038e-01 9.99922871e-01 9.99866793e-01 9.99782886e-01 9.99664576e-01 9.99506698e-01 9.99306462e-01 9.99064094e-01 9.98782992e-01 9.98469393e-01 9.98131648e-01 9.97779290e-01 9.97422094e-01 9.97069262e-01 9.96728855e-01 9.96407466e-01 9.96110129e-01 9.95840405e-01 9.95600571e-01 9.95391885e-01 9.95214841e-01 9.95069427e-01 9.94955336e-01 9.94872141e-01 9.94819431e-01 9.94796899e-01 9.94804406e-01 9.94841998e-01 9.94909904e-01 9.95008492e-01 9.95138195e-01 9.95299399e-01 9.95492289e-01 9.95716652e-01 9.95971646e-01 9.96255536e-01 9.96565432e-01 9.96897057e-01 9.97244597e-01 9.97600700e-01 9.97956680e-01 9.98302959e-01 9.98629772e-01 9.98928055e-01 9.99190405e-01 9.99411936e-01 9.99590823e-01 9.99728399e-01 9.99828749e-01 9.99897874e-01 9.99942649e-01 9.99969804e-01 9.99985157e-01 9.99993215e-01 9.99997125e-01 9.99998872e-01 9.99999588e-01 9.99999856e-01 9.99999947e-01 9.99999975e-01 9.99999983e-01 9.99999985e-01 9.99999985e-01 9.99999985e-01 9.99999985e-01 9.99999985e-01 9.99999985e-01 9.99999985e-01 9.99999985e-01 9.99999985e-01 9.99999985e-01 9.99999985e-01 9.99999985e-01 9.99999985e-01 9.99999985e-01 9.99999984e-01
9.99999984e-01 9.99999985e-01 9.99999985e-01 9.99999985e-01 9.99999985e-01 9.99999985e-01 9.99999985e-01 9.99999985e-01 9.99999985e-01 9.99999985e-01 9.99999985e-01 9.99999985e-01 9.99999985e-01 9.99999985e-01 9.99999985e-01 9.99999983e-01 9.99999974e-01 9.99999943e-01 9.99999843e-01 9.99999548e-01 9.99998760e-01 9.99996836e-01 9.99992536e-01 9.99983696e-01 9.99966911e-01 9.99937350e-01 9.99888849e-01 9.99814393e-01 9.99706973e-01 9.99560682e-01 9.99371796e-01 9.99139585e-01 9.98866637e-01 9.98558650e-01 9.98223756e-01 9.97871573e-01 9.97512184e-01 9.97155232e-01 9.96809250e-01 9.96481260e-01 9.96176632e-01 9.95899150e-01 9.95651203e-01 9.95434058e-01 9.95248143e-01 9.95093317e-01 9.94969114e-01 9.94874928e-01 9.94810166e-01 9.94774353e-01 9.94767206e-01 9.94788664e-01 9.94838902e-01 9.94918307e-01 9.95027424e-01 9.95166868e-01 9.95337195e-01 9.95538738e-01 9.95771382e-01 9.96034319e-01 9.96325754e-01 9.96642631e-01 9.96980393e-01 9.97332838e-01 9.97692157e-01 9.98049195e-01 9.98393988e-01 9.98716562e-01 9.99007914e-01 9.99261022e-01 9.99471685e-01 9.99638982e-01 9.99765212e-01 9.99855315e-01 9.99915894e-01 9.99954085e-01 9.99976565e-01 9.99988864e-01 9.99995093e-01 9.99998000e-01 9.99999245e-01 9.99999733e-01 9.99999907e-01 9.99999963e-01 9.99999980e-01 9.99999984e-01 9.99999985e-01 9.99999985e-01 9.99999985e-01 9.99999985e-01 9.99999985e-01 9.99999985e-01 9.99999985e-01 9.99999985e-01 9.99999985e-01 9.99999985e-01 9.99999985e-01 9.99999985e-01 9.99999985e-01 9.99999985e-01 9.99999985e-01 9.99999985e-01 9.99999985e-01 9.99999985e-01 9.99999985e-01 9.99999985e-01 9.99999985e-01 9.99999985e-01 9.99999985e-01 9.99999985e-01 9.99999985e-01 9.99999985e-01 9.99999985e-01 9.99999985e-01 9.99999984e-01 9.99999980e-01 9.99999963e-01 9.99999907e-01 9.99999733e-01 9.99999245e-01 9.99998000e-01 9.99995093e-01 9.99988864e-01 9.99976565e-01 9.99954085e-01 9.99915894e-01 9.99855315e-01 9.99765212e-01 9.99638982e-01 9.99471685e-01 9.99261022e-01 9.99007914e-01 9.98716562e-01 9.98393988e-01 9.98049195e-01 9.97692157e-01 9.97332838e-01 9.96980393e-01 9.96642631e-01 9.96325754e-01 9.96034319e-01 9.95771382e-01 9.95538738e-01 9.95337195e-01 9.95166868e-01 9.95027424e-01 9.94918307e-01 9.94838902e-01 9.94788664e-01 9.94767206e-01 9.94774353e-01 9.94810166e-01 9.94874928e-01 9.94969114e-01 9.95093317e-01 9.95248143e-01 9.95434058e-01 9.95651203e-01 9.95899150e-01 9.96176632e-01 9.96481260e-01 9.96809250e-01 9.97155232e-01 9.97512184e-01 9.97871573e-01 9.98223756e-01 9.98558650e-01 9.98866637e-01 9.99139585e-01 9.99371796e-01 9.99560682e-01 9.99706973e-01 9.99814393e-01 9.99888849e-01 9.99937350e-01 9.99966911e-01 9.99983696e-01 9.99992536e-01 9.99996836e-01 9.99998760e-01 9.99999548e-01 9.99999843e-01 9.99999943e-01 9.99999974e-01 9.99999983e-01 9.99999985e-01 9.99999985e-01 9.99999985e-01 9.99999985e-01 9.99999985e-01 9.99999985e-01 9.99999985e-01 9.99999985e-01 9.99999985e-01 9.99999985e-01 9.99999985e-01 9.99999985e-01 9.99999985e-01 9.99999985e-01 9.99999984e-01
9.99999984e-01 9.99999985e-01 9.99999985e-01 9.99999985e-01 9.99999985e-01 9.99999985e-01 9.99999985e-01 9.99999985e-01 9.99999985e-01 9.99999985e-01 9.99999985e-01 9.99999985e-01 9.99999985e-01 9.99999985e-01 9.99999985e-01 9.99999983e-01 9.99999973e-01 9.99999939e-01 9.99999829e-01 9.99999505e-01 9.99998637e-01 9.99996522e-01 9.99991800e-01 9.99982118e-01 9.99963800e-01 9.99931680e-01 9.99879253e-01 9.99799238e-01 9.99684530e-01 9.99529377e-01 9.99330485e-01 9.99087793e-01 9.98804698e-01 9.98487722e-01 9.98145711e-01 9.97788789e-01 9.97427288e-01 9.97070844e-01 9.96727760e-01 9.96404667e-01 9.96106450e-01 9.95836372e-01 9.95596311e-01 9.95387066e-01 9.95208662e-01 9.95060626e-01 9.94942225e-01 9.94852651e-01 9.94791169e-01 9.94757208e-01 9.94750433e-01 9.94770775e-01 9.94818439e-01 9.94893883e-01 9.94997772e-01 9.95130890e-01 9.95294030e-01 9.95487820e-01 9.95712517e-01 9.95967747e-01 9.96252209e-01 9.96563368e-01 9.96897176e-01 9.97247879e-01 9.97607984e-01 9.97968462e-01 9.98319230e-01 9.98649935e-01 9.98950954e-01 9.99214482e-01 9.99435484e-01 9.99612284e-01 9.99746626e-01 9.99843156e-01 9.99908452e-01 9.99949845e-01 9.99974327e-01 9.99987775e-01 9.99994606e-01 9.99997801e-01 9.99999172e-01 9.99999708e-01 9.99999900e-01 9.99999961e-01 9.99999979e-01 9.99999984e-01 9.99999985e-01 9.99999985e-01 9.99999985e-01 9.99999985e-01 9.99999985e-01 9.99999985e-01 9.99999985e-01 9.99999985e-01 9.99999985e-01 9.99999985e-01 9.99999985e-01 9.99999985e-01 9.99999985e-01 9.99999985e-01 9.99999985e-01 9.99999985e-01 9.99999985e-01 9.99999985e-01 9.99999985e-01 9.99999985e-01 9.99999985e-01 9.99999985e-01 9.99999985e-01 9.99999985e-01 9.99999985e-01 9.99999985e-01 9.99999985e-01 9.99999985e-01 9.99999984e-01 9.99999979e-01 9.99999961e-01 9.99999900e-01 9.99999708e-01 9.99999172e-01 9.99997801e-01 9.99994606e-01 9.99987775e-01 9.99974327e-01 9.99949845e-01 9.99908452e-01 9.99843156e-01 9.99746626e-01 9.99612284e-01 9.99435484e-01 9.99214482e-01 9.98950954e-01 9.98649935e-01 9.98319230e-01 9.97968462e-01 9.97607984e-01 9.97247879e-01 9.96897176e-01 9.96563368e-01 9.96252209e-01 9.95967747e-01 9.95712517e-01 9.95487820e-01 9.95294030e-01 9.95130890e-01 9.94997772e-01 9.94893883e-01 9.94818439e-01 9.94770775e-01 9.94750433e-01 9.94757208e-01 9.94791169e-01 9.94852651e-01 9.94942225e-01 9.95060626e-01 9.95208662e-01 9.95387066e-01 9.95596311e-01 9.95836372e-01 9.96106450e-01 9.96404667e-01 9.96727760e-01 9.97070844e-01 9.97427288e-01 9.97788789e-01 9.98145711e-01 9.98487722e-01 9.98804698e-01 9.99087793e-01 9.99330485e-01 9.99529377e-01 9.99684530e-01 9.99799238e-01 9.99879253e-01 9.99931680e-01 9.99963800e-01 9.99982118e-01 9.99991800e-01 9.99996522e-01 9.99998637e-01 9.99999505e-01 9.99999829e-01 9.99999939e-01 9.99999973e-01 9.99999983e-01 9.99999985e-01 9.99999985e-01 9.99999985e-01 9.99999985e-01 9.99999985e-01 9.99999985e-01 9.99999985e-01 9.99999985e-01 9.99999985e-01 9.99999985e-01 9.99999985e-01 9.99999985e-01 9.99999985e-01 9.99999985e-01 9.99999984e-01
9.99999984e-01 9.99999985e-01 9.99999985e-01 9.99999985e-01 9.99999985e-01 9.99999985e-01 9.99999985e-01 9.99999985e-01 9.99999985e-01 9.99999985e-01 9.99999985e-01 9.99999985e-01 9.99999985e-01 9.99999985e-01 9.99999985e-01 9.99999982e-01 9.99999972e-01 9.99999935e-01 9.99999814e-01 9.99999458e-01 9.99998505e-01 9.99996180e-01 9.99991003e-01 9.99980416e-01 9.99960460e-01 9.99925627e-01 9.99869074e-01 9.99783277e-01 9.99661083e-01 9.99496957e-01 9.99288106e-01 9.99035198e-01 9.98742480e-01 9.98417305e-01 9.98069205e-01 9.97708751e-01 9.97346453e-01 9.96991858e-01 9.96652970e-01 9.96335974e-01 9.96045229e-01 9.95783456e-01 9.95552020e-01 9.95351261e-01 9.95180817e-01 9.95039900e-01 9.94927535e-01 9.94842732e-01 9.94784627e-01 9.94752569e-01 9.94746176e-01 9.94765373e-01 9.94810389e-01 9.94881746e-01 9.94980212e-01 9.95106727e-01 9.95262292e-01 9.95447816e-01 9.95663904e-01 9.95910608e-01 9.96187115e-01 9.96491421e-01 9.96820020e-01 9.97167651e-01 9.97527205e-01 9.97889852e-01 9.98245471e-01 9.98583392e-01 9.98893419e-01 9.99166975e-01 9.99398166e-01 9.99584511e-01 9.99727128e-01 9.99830302e-01 9.99900531e-01 9.99945305e-01 9.99971917e-01 9.99986597e-01 9.99994079e-01 9.99997586e-01 9.99999092e-01 9.99999682e-01 9.99999892e-01 9.99999959e-01 9.99999979e-01 9.99999984e-01 9.99999985e-01 9.99999985e-01 9.99999985e-01 9.99999985e-01 9.99999985e-01 9.99999985e-01 9.99999985e-01 9.99999985e-01 9.99999985e-01 9.99999985e-01 9.99999985e-01 9.99999985e-01 9.99999985e-01 9.99999984e-01 9.99999984e-01 9.99999985e-01 9.99999985e-01 9.99999985e-01 9.99999985e-01 9.99999985e-01 9.99999985e-01 9.99999985e-01 9.99999985e-01 9.99999985e-01 9.99999985e-01 9.99999985e-01 9.99999985e-01 9.99999985e-01 9.99999984e-01 9.99999979e-01 9.99999959e-01 9.99999892e-01 9.99999682e-01 9.99999092e-01 9.99997586e-01 9.99994079e-01 9.99986597e-01 9.99971917e-01 9.99945305e-01 9.99900531e-01 9.99830302e-01 9.99727128e-01 9.99584511e-01 9.99398166e-01 9.99166975e-01 9.98893419e-01 9.98583392e-01 9.98245471e-01 9.97889852e-01 9.97527205e-01 9.97167651e-01 9.96820020e-01 9.96491421e-01 9.96187115e-01 9.95910608e-01 9.95663904e-01 9.95447816e-01 9.95262292e-01 9.95106727e-01 9.94980212e-01 9.94881746e-01 9.94810389e-01 9.94765373e-01 9.94746176e-01 9.94752569e-01 9.94784627e-01 9.94842732e-01 9.94927535e-01 9.95039900e-01 9.95180817e-01 9.95351261e-01 9.95552020e-01 9.95783456e-01 9.96045229e-01 9.96335974e-01 9.96652970e-01 9.96991858e-01 9.97346453e-01 9.97708751e-01 9.98069205e-01 9.98417305e-01 9.98742480e-01 9.99035198e-01 9.99288106e-01 9.99496957e-01 9.99661083e-01 9.99783277e-01 9.99869074e-01 9.99925627e-01 9.99960460e-01 9.99980416e-01 9.99991003e-01 9.99996180e-01 9.99998505e-01 9.99999458e-01 9.99999814e-01 9.99999935e-01 9.99999972e-01 9.99999982e-01 9.99999985e-01 9.99999985e-01 9.99999985e-01 9.99999985e-01 9.99999985e-01 9.99999985e-01 9.99999985e-01 9.99999985e-01 9.99999985e-01 9.99999985e-01 9.99999985e-01 9.99999985e-01 9.99999985e-01 9.99999985e-01 9.99999984e-01
9.99999984e-01 9.99999985e-01 9.99999985e-01 9.99999985e-01 9.99999985e-01 9.99999985e-01 9.99999985e-01 9.99999985e-01 9.99999985e-01 9.99999985e-01 9.99999985e-01 9.99999985e-01 9.99999985e-01 9.99999985e-01 9.99999985e-01 9.99999982e-01 9.99999971e-01 9.99999931e-01 9.99999798e-01 9.99999407e-01 9.99998360e-01 9.99995811e-01 9.99990141e-01 9.99978582e-01 9.99956879e-01 9.99919176e-01 9.99858299e-01 9.99766508e-01 9.99636651e-01 9.99463478e-01 9.99244769e-01 9.98981978e-01 9.98680235e-01 9.98347720e-01 9.97994610e-01 9.97631863e-01 9.97270083e-01 9.96918652e-01 9.96585205e-01 9.96275428e-01 9.95993124e-01 9.95740457e-01 9.95518281e-01 9.95326494e-01 9.95164365e-01 9.95030818e-01 9.94924655e-01 9.94844729e-01 9.94790064e-01 9.94759938e-01 9.94753933e-01 9.94771967e-01 9.94814291e-01 9.94881479e-01 9.94974388e-01 9.95094093e-01 9.95241785e-01 9.95418624e-01 9.95625546e-01 9.95863006e-01 9.96130671e-01 9.96427078e-01 9.96749280e-01 9.97092552e-01 9.97450229e-01 9.97813758e-01 9.98173058e-01 9.98517221e-01 9.98835525e-01 9.99118645e-01 9.99359814e-01 9.99555699e-01 9.99706725e-01 9.99816744e-01 9.99892117e-01 9.99940451e-01 9.99969328e-01 9.99985326e-01 9.99993507e-01 9.99997352e-01 9.99999005e-01 9.99999653e-01 9.99999883e-01 9.99999957e-01 9.99999978e-01 9.99999984e-01 9.99999985e-01 9.99999985e-01 9.99999985e-01 9.99999985e-01 9.99999985e-01 9.99999985e-01 9.99999985e-01 9.99999985e-01 9.99999985e-01 9.99999985e-01 9.99999985e-01 9.99999985e-01 9.99999985e-01 9.99999984e-01 9.99999984e-01 9.99999985e-01 9.99999985e-01 9.99999985e-01 9.99999985e-01 9.99999985e-01 9.99999985e-01 9.99999985e-01 9.99999985e-01 9.99999985e-01 9.99999985e-01 9.99999985e-01 9.99999985e-01 9.99999985e-01 9.99999984e-01 9.99999978e-01 9.99999957e-01 9.99999883e-01 9.99999653e-01 9.99999005e-01 9.99997352e-01 9.99993507e-01 9.99985326e-01 9.99969328e-01 9.99940451e-01 9.99892117e-01 9.99816744e-01 9.99706725e-01 9.99555699e-01 9.99359814e-01 9.99118645e-01 9.98835525e-01 9.98517221e-01 9.98173058e-01 9.97813758e-01 9.97450229e-01 9.97092552e-01 9.96749280e-01 9.96427078e-01 9.96130671e-01 9.95863006e-01 9.95625546e-01 9.95418624e-01 9.95241785e-01 9.95094093e-01 9.94974388e-01 9.94881479e-01 9.94814291e-01 9.94771967e-01 9.94753933e-01 9.94759938e-01 9.94790064e-01 9.94844729e-01 9.94924655e-01 9.95030818e-01 9.95164365e-01 9.95326494e-01 9.95518281e-01 9.95740457e-01 9.95993124e-01 9.96275428e-01 9.96585205e-01 9.96918652e-01 9.97270083e-01 9.97631863e-01 9.97994610e-01 9.98347720e-01 9.98680235e-01 9.98981978e-01 9.99244769e-01 9.99463478e-01 9.99636651e-01 9.99766508e-01 9.99858299e-01 9.99919176e-01 9.99956879e-01 9.99978582e-01 9.99990141e-01 9.99995811e-01 9.99998360e-01 9.99999407e-01 9.99999798e-01 9.99999931e-01 9.99999971e-01 9.99999982e-01 9.99999985e-01 9.99999985e-01 9.99999985e-01 9.99999985e-01 9.99999985e-01 9.99999985e-01 9.99999985e-01 9.99999985e-01 9.99999985e-01 9.99999985e-01 9.99999985e-01 9.99999985e-01 9.99999985e-01 9.99999985e-01 9.99999984e-01
9.99999984e-01 9.99999985e-01 9.99999985e-01 9.99999985e-01 9.99999985e-01 9.99999985e-01 9.99999985e-01 9.99999985e-01 9.99999985e-01 9.99999985e-01 9.99999985e-01 9.99999985e-01 9.99999985e-01 9.99999985e-01 9.99999984e-01 9.99999982e-01 9.99999970e-01 9.99999926e-01 9.99999781e-01 9.99999352e-01 9.99998204e-01 9.99995410e-01 9.99989211e-01 9.99976610e-01 9.99953047e-01 9.99912314e-01 9.99846916e-01 9.99748930e-01 9.99611259e-01 9.99429007e-01 9.99200596e-01 9.98928324e-01 9.98618222e-01 9.98279285e-01 9.97922290e-01 9.97558505e-01 9.97198547e-01 9.96851555e-01 9.96524726e-01 9.96223202e-01 9.95950205e-01 9.95707339e-01 9.95494954e-01 9.95312523e-01 9.95158974e-01 9.95032966e-01 9.94933108e-01 9.94858114e-01 9.94806916e-01 9.94778732e-01 9.94773118e-01 9.94789983e-01 9.94829597e-01 9.94892576e-01 9.94979853e-01 9.95092615e-01 9.95232218e-01 9.95400052e-01 9.95597353e-01 9.95824959e-01 9.96083004e-01 9.96370558e-01 9.96685252e-01 9.97022933e-01 9.97377435e-01 9.97740556e-01 9.98102338e-01 9.98451711e-01 9.98777496e-01 9.99069647e-01 9.99320521e-01 9.99525892e-01 9.99685428e-01 9.99802476e-01 9.99883197e-01 9.99935273e-01 9.99966550e-01 9.99983956e-01 9.99992890e-01 9.99997098e-01 9.99998911e-01 9.99999621e-01 9.99999873e-01 9.99999954e-01 9.99999978e-01 9.99999984e-01 9.99999985e-01 9.99999985e-01 9.99999985e-01 9.99999985e-01 9.99999985e-01 9.99999985e-01 9.99999985e-01 9.99999985e-01 9.99999985e-01 9.99999985e-01 9.99999985e-01 9.99999985e-01 9.99999985e-01 9.99999984e-01 9.99999984e-01 9.99999985e-01 9.99999985e-01 9.99999985e-01 9.99999985e-01 9.99999985e-01 9.99999985e-01 9.99999985e-01 9.99999985e-01 9.99999985e-01 9.99999985e-01 9.99999985e-01 9.99999985e-01 9.99999985e-01 9.99999984e-01 9.99999978e-01 9.99999954e-01 9.99999873e-01 9.99999621e-01 9.99998911e-01 9.99997098e-01 9.99992890e-01 9.99983956e-01 9.99966550e-01 9.99935273e-01 9.99883197e-01 9.99802476e-01 9.99685428e-01 9.99525892e-01 9.99320521e-01 9.99069647e-01 9.98777496e-01 9.98451711e-01 9.98102338e-01 9.97740556e-01 9.97377435e-01 9.97022933e-01 9.96685252e-01 9.96370558e-01 9.96083004e-01 9.95824959e-01 9.95597353e-01 9.95400052e-01 9.95232218e-01 9.95092615e-01 9.94979853e-01 9.94892576e-01 9.94829597e-01 9.94789983e-01 9.94773118e-01 9.94778732e-01 9.94806916e-01 9.94858114e-01 9.94933108e-01 9.95032966e-01 9.95158974e-01 9.95312523e-01 9.95494954e-01 9.95707339e-01 9.95950205e-01 9.96223202e-01 9.96524726e-01 9.96851555e-01 9.97198547e-01 9.97558505e-01 9.97922290e-01 9.98279285e-01 9.98618222e-01 9.98928324e-01 9.99200596e-01 9.99429007e-01 9.99611259e-01 9.99748930e-01 9.99846916e-01 9.99912314e-01 9.99953047e-01 9.99976610e-01 9.99989211e-01 9.99995410e-01 9.99998204e-01 9.99999352e-01 9.99999781e-01 9.99999926e-01 9.99999970e-01 9.99999982e-01 9.99999984e-01 9.99999985e-01 9.99999985e-01 9.99999985e-01 9.99999985e-01 9.99999985e-01 9.99999985e-01 9.99999985e-01 9.99999985e-01 9.99999985e-01 9.99999985e-01 9.99999985e-01 9.99999985e-01 9.99999985e-01 9.99999984e-01
9.99999984e-01 9.99999985e-01 9.99999985e-01 9.99999985e-01 9.99999985e-01 9.99999985e-01 9.99999985e-01 9.99999985e-01 9.99999985e-01 9.99999985e-01 9.99999985e-01 9.99999985e-01 9.99999985e-01 9.99999985e-01 9.99999984e-01 9.99999981e-01 9.99999968e-01 9.99999920e-01 9.99999762e-01 9.99999292e-01 9.99998034e-01 9.99994977e-01 9.99988207e-01 9.99974493e-01 9.99948954e-01 9.99905029e-01 9.99834917e-01 9.99730548e-01 9.99584938e-01 9.99393619e-01 9.99155721e-01 9.98874432e-01 9.98556703e-01 9.98212318e-01 9.97852594e-01 9.97489032e-01 9.97132177e-01 9.96790842e-01 9.96471729e-01 9.96179396e-01 9.95916466e-01 9.95683983e-01 9.95481811e-01 9.95309020e-01 9.95164226e-01 9.95045852e-01 9.94952339e-01 9.94882285e-01 9.94834547e-01 9.94808299e-01 9.94803073e-01 9.94818775e-01 9.94855686e-01 9.94914458e-01 9.94996080e-01 9.95101836e-01 9.95233220e-01 9.95391822e-01 9.95579152e-01 9.95796404e-01 9.96044158e-01 9.96322010e-01 9.96628174e-01 9.96959099e-01 9.97309168e-01 9.97670601e-01 9.98033644e-01 9.98387155e-01 9.98719563e-01 9.99020145e-01 9.99280388e-01 9.99495140e-01 9.99663252e-01 9.99787494e-01 9.99873759e-01 9.99929757e-01 9.99963575e-01 9.99982482e-01 9.99992222e-01 9.99996824e-01 9.99998809e-01 9.99999587e-01 9.99999863e-01 9.99999952e-01 9.99999977e-01 9.99999983e-01 9.99999985e-01 9.99999985e-01 9.99999985e-01 9.99999985e-01 9.99999985e-01 9.99999985e-01 9.99999985e-01 9.99999985e-01 9.99999985e-01 9.99999985e-01 9.99999985e-01 9.99999985e-01 9.99999985e-01 9.99999984e-01 9.99999984e-01 9.99999985e-01 9.99999985e-01 9.99999985e-01 9.99999985e-01 9.99999985e-01 9.99999985e-01 9.99999985e-01 9.99999985e-01 9.99999985e-01 9.99999985e-01 9.99999985e-01 9.99999985e-01 9.99999985e-01 9.99999983e-01 9.99999977e-01 9.99999952e-01 9.99999863e-01 9.99999587e-01 9.99998809e-01 9.99996824e-01 9.99992222e-01 9.99982482e-01 9.99963575e-01 9.99929757e-01 9.99873759e-01 9.99787494e-01 9.99663252e-01 9.99495140e-01 9.99280388e-01 9.99020145e-01 9.98719563e-01 9.98387155e-01 9.98033644e-01 9.97670601e-01 9.97309168e-01 9.96959099e-01 9.96628174e-01 9.96322010e-01 9.96044158e-01 9.95796404e-01 9.95579152e-01 9.95391822e-01 9.95233220e-01 9.95101836e-01 9.94996080e-01 9.94914458e-01 9.94855686e-01 9.94818775e-01 9.94803073e-01 9.94808299e-01 9.94834547e-01 9.94882285e-01 9.94952339e-01 9.95045852e-01 9.95164226e-01 9.95309020e-01 9.95481811e-01 9.95683983e-01 9.95916466e-01 9.96179396e-01 9.96471729e-01 9.96790842e-01 9.97132177e-01 9.97489032e-01 9.97852594e-01 9.98212318e-01 9.98556703e-01 9.98874432e-01 9.99155721e-01 9.99393619e-01 9.99584938e-01 9.99730548e-01 9.99834917e-01 9.99905029e-01 9.99948954e-01 9.99974493e-01 9.99988207e-01 9.99994977e-01 9.99998034e-01 9.99999292e-01 9.99999762e-01 9.99999920e-01 9.99999968e-01 9.99999981e-01 9.99999984e-01 9.99999985e-01 9.99999985e-01 9.99999985e-01 9.99999985e-01 9.99999985e-01 9.99999985e-01 9.99999985e-01 9.99999985e-01 9.99999985e-01 9.99999985e-01 9.99999985e-01 9.99999985e-01 9.99999985e-01 9.99999984e-01
9.99999984e-01 9.99999985e-01 9.99999985e-01 9.99999985e-01 9.99999985e-01 9.99999985e-01 9.99999985e-01 9.99999985e-01 9.99999985e-01 9.99999985e-01 9.99999985e-01 9.99999985e-01 9.99999985e-01 9.99999985e-01 9.99999984e-01 9.99999981e-01 9.99999967e-01 9.99999914e-01 9.99999742e-01 9.99999228e-01 9.99997851e-01 9.99994509e-01 9.99987126e-01 9.99972222e-01 9.99944588e-01 9.99897310e-01 9.99822296e-01 9.99711370e-01 9.99557728e-01 9.99357396e-01 9.99110282e-01 9.98820507e-01 9.98495943e-01 9.98147130e-01 9.97785856e-01 9.97423770e-01 9.97071258e-01 9.96736732e-01 9.96426345e-01 9.96144036e-01 9.95891821e-01 9.95670192e-01 9.95478547e-01 9.95315583e-01 9.95179632e-01 9.95068914e-01 9.94981727e-01 9.94916577e-01 9.94872263e-01 9.94847927e-01 9.94843084e-01 9.94857637e-01 9.94891877e-01 9.94946480e-01 9.95022478e-01 9.95121229e-01 9.95244342e-01 9.95393579e-01 9.95570690e-01 9.95777200e-01 9.96014105e-01 9.96281514e-01 9.96578226e-01 9.96901308e-01 9.97245740e-01 9.97604225e-01 9.97967304e-01 9.98323843e-01 9.98661962e-01 9.98970313e-01 9.99239526e-01 9.99463503e-01 9.99640219e-01 9.99771798e-01 9.99863795e-01 9.99923893e-01 9.99960392e-01 9.99980897e-01 9.99991502e-01 9.99996527e-01 9.99998698e-01 9.99999550e-01 9.99999852e-01 9.99999949e-01 9.99999976e-01 9.99999983e-01 9.99999985e-01 9.99999985e-01 9.99999985e-01 9.99999985e-01 9.99999985e-01 9.99999985e-01 9.99999985e-01 9.99999985e-01 9.99999985e-01 9.99999985e-01 9.99999985e-01 9.99999985e-01 9.99999985e-01 9.99999984e-01 9.99999984e-01 9.99999985e-01 9.99999985e-01 9.99999985e-01 9.99999985e-01 9.99999985e-01 9.99999985e-01 9.99999985e-01 9.99999985e-01 9.99999985e-01 9.99999985e-01 9.99999985e-01 9.99999985e-01 9.99999985e-01 9.99999983e-01 9.99999976e-01 9.99999949e-01 9.99999852e-01 9.99999550e-01 9.99998698e-01 9.99996527e-01 9.99991502e-01 9.99980897e-01 9.99960392e-01 9.99923893e-01 9.99863795e-01 9.99771798e-01 9.99640219e-01 9.99463503e-01 9.99239526e-01 9.98970313e-01 9.98661962e-01 9.98323843e-01 9.97967304e-01 9.97604225e-01 9.97245740e-01 9.96901308e-01 9.96578226e-01 9.96281514e-01 9.96014105e-01 9.95777200e-01 9.95570690e-01 9.95393579e-01 9.95244342e-01 9.95121229e-01 9.95022478e-01 9.94946480e-01 9.94891877e-01 9.94857637e-01 9.94843084e-01 9.94847927e-01 9.94872263e-01 9.94916577e-01 9.94981727e-01 9.95068914e-01 9.95179632e-01 9.95315583e-01 9.95478547e-01 9.95670192e-01 9.95891821e-01 9.96144036e-01 9.96426345e-01 9.96736732e-01 9.97071258e-01 9.97423770e-01 9.97785856e-01 9.98147130e-01 9.98495943e-01 9.98820507e-01 9.99110282e-01 9.99357396e-01 9.99557728e-01 9.99711370e-01 9.99822296e-01 9.99897310e-01 9.99944588e-01 9.99972222e-01 9.99987126e-01 9.99994509e-01 9.99997851e-01 9.99999228e-01 9.99999742e-01 9.99999914e-01 9.99999967e-01 9.99999981e-01 9.99999984e-01 9.99999985e-01 9.99999985e-01 9.99999985e-01 9.99999985e-01 9.99999985e-01 9.99999985e-01 9.99999985e-01 9.99999985e-01 9.99999985e-01 9.99999985e-01 9.99999985e-01 9.99999985e-01 9.99999985e-01 9.99999984e-01
9.99999984e-01 9.99999985e-01 9.99999985e-01 9.99999985e-01 9.99999985e-01 9.99999985e-01 9.99999985e-01 9.99999985e-01 9.99999985e-01 9.99999985e-01 9.99999985e-01 9.99999985e-01 9.99999985e-01 9.99999985e-01 9.99999984e-01 9.99999981e-01 9.99999965e-01 9.99999908e-01 9.99999719e-01 9.99999158e-01 9.99997652e-01 9.99994003e-01 9.99985964e-01 9.99969791e-01 9.99939941e-01 9.99889146e-01 9.99809048e-01 9.99691411e-01 9.99529672e-01 9.99320429e-01 9.99064430e-01 9.98766759e-01 9.98436207e-01 9.98084020e-01 9.97722386e-01 9.97363010e-01 9.97016031e-01 9.96689390e-01 9.96388639e-01 9.96117077e-01 9.95876111e-01 9.95665694e-01 9.95484786e-01 9.95331741e-01 9.95204641e-01 9.95101532e-01 9.95020598e-01 9.94960275e-01 9.94919322e-01 9.94896858e-01 9.94892390e-01 9.94905819e-01 9.94937441e-01 9.94987946e-01 9.95058398e-01 9.95150206e-01 9.95265072e-01 9.95404897e-01 9.95571644e-01 9.95767131e-01 9.95992744e-01 9.96249082e-01 9.96535523e-01 9.96849766e-01 9.97187419e-01 9.97541736e-01 9.97903627e-01 9.98262061e-01 9.98604931e-01 9.98920329e-01 9.99198054e-01 9.99431045e-01 9.99616356e-01 9.99755390e-01 9.99853295e-01 9.99917670e-01 9.99956994e-01 9.99979197e-01 9.99990726e-01 9.99996206e-01 9.99998579e-01 9.99999510e-01 9.99999840e-01 9.99999945e-01 9.99999975e-01 9.99999983e-01 9.99999985e-01 9.99999985e-01 9.99999985e-01 9.99999985e-01 9.99999985e-01 9.99999985e-01 9.99999985e-01 9.99999985e-01 9.99999985e-01 9.99999985e-01 9.99999985e-01 9.99999985e-01 9.99999985e-01 9.99999984e-01 9.99999984e-01 9.99999985e-01 9.99999985e-01 9.99999985e-01 9.99999985e-01 9.99999985e-01 9.99999985e-01 9.99999985e-01 9.99999985e-01 9.99999985e-01 9.99999985e-01 9.99999985e-01 9.99999985e-01 9.99999985e-01 9.99999983e-01 9.99999975e-01 9.99999945e-01 9.99999840e-01 9.99999510e-01 9.99998579e-01 9.99996206e-01 9.99990726e-01 9.99979197e-01 9.99956994e-01 9.99917670e-01 9.99853295e-01 9.99755390e-01 9.99616356e-01 9.99431045e-01 9.99198054e-01 9.98920329e-01 9.98604931e-01 9.98262061e-01 9.97903627e-01 9.97541736e-01 9.97187419e-01 9.96849766e-01 9.96535523e-01 9.96249082e-01 9.95992744e-01 9.95767131e-01 9.95571644e-01 9.95404897e-01 9.95265072e-01 9.95150206e-01 9.95058398e-01 9.94987946e-01 9.94937441e-01 9.94905819e-01 9.94892390e-01 9.94896858e-01 9.94919322e-01 9.94960275e-01 9.95020598e-01 9.95101532e-01 9.95204641e-01 9.95331741e-01 9.95484786e-01 9.95665694e-01 9.95876111e-01 9.96117077e-01 9.96388639e-01 9.96689390e-01 9.97016031e-01 9.97363010e-01 9.97722386e-01 9.98084020e-01 9.98436207e-01 9.98766759e-01 9.99064430e-01 9.99320429e-01 9.99529672e-01 9.99691411e-01 9.99809048e-01 9.99889146e-01 9.99939941e-01 9.99969791e-01 9.99985964e-01 9.99994003e-01 9.99997652e-01 9.99999158e-01 9.99999719e-01 9.99999908e-01 9.99999965e-01 9.99999981e-01 9.99999984e-01 9.99999985e-01 9.99999985e-01 9.99999985e-01 9.99999985e-01 9.99999985e-01 9.99999985e-01 9.99999985e-01 9.99999985e-01 9.99999985e-01 9.99999985e-01 9.99999985e-01 9.99999985e-01 9.99999985e-01 9.99999984e-01
9.99999984e-01 9.99999985e-01 9.99999985e-01 9.99999985e-01 9.99999985e-01 9.99999985e-01 9.99999985e-01 9.99999985e-01 9.99999985e-01 9.99999985e-01 9.99999985e-01 9.99999985e-01 9.99999985e-01 9.99999985e-01 9.99999984e-01 9.99999980e-01 9.99999964e-01 9.99999902e-01 9.99999695e-01 9.99999082e-01 9.99997438e-01 9.99993459e-01 9.99984715e-01 9.99967192e-01 9.99935001e-01 9.99880528e-01 9.99795172e-01 9.99670688e-01 9.99500822e-01 9.99282818e-01 9.99018320e-01 9.98713403e-01 9.98377757e-01 9.98023280e-01 9.97662474e-01 9.97307009e-01 9.96966690e-01 9.96648923e-01 9.96358615e-01 9.96098410e-01 9.95869110e-01 9.95670154e-01 9.95500090e-01 9.95356967e-01 9.95238649e-01 9.95143041e-01 9.95068239e-01 9.95012631e-01 9.94974949e-01 9.94954305e-01 9.94950201e-01 9.94962537e-01 9.94991613e-01 9.95038123e-01 9.95103148e-01 9.95188131e-01 9.95294842e-01 9.95425293e-01 9.95581625e-01 9.95765914e-01 9.95979906e-01 9.96224662e-01 9.96500122e-01 9.96804624e-01 9.97134434e-01 9.97483409e-01 9.97842905e-01 9.98202087e-01 9.98548711e-01 9.98870379e-01 9.99156099e-01 9.99397842e-01 9.99591696e-01 9.99738278e-01 9.99842253e-01 9.99911077e-01 9.99953371e-01 9.99977374e-01 9.99989891e-01 9.99995860e-01 9.99998449e-01 9.99999467e-01 9.99999827e-01 9.99999942e-01 9.99999975e-01 9.99999983e-01 9.99999985e-01 9.99999985e-01 9.99999985e-01 9.99999985e-01 9.99999985e-01 9.99999985e-01 9.99999985e-01 9.99999985e-01 9.99999985e-01 9.99999985e-01 9.99999985e-01 9.99999985e-01 9.99999985e-01 9.99999984e-01 9.99999984e-01 9.99999985e-01 9.99999985e-01 9.99999985e-01 9.99999985e-01 9.99999985e-01 9.99999985e-01 9.99999985e-01 9.99999985e-01 9.99999985e-01 9.99999985e-01 9.99999985e-01 9.99999985e-01 9.99999985e-01 9.99999983e-01 9.99999975e-01 9.99999942e-01 9.99999827e-01 9.99999467e-01 9.99998449e-01 9.99995860e-01 9.99989891e-01 9.99977374e-01 9.99953371e-01 9.99911077e-01 9.99842253e-01 9.99738278e-01 9.99591696e-01 9.99397842e-01 9.99156099e-01 9.98870379e-01 9.98548711e-01 9.98202087e-01 9.97842905e-01 9.97483409e-01 9.97134434e-01 9.96804624e-01 9.96500122e-01 9.96224662e-01 9.95979906e-01 9.95765914e-01 9.95581625e-01 9.95425293e-01 9.95294842e-01 9.95188131e-01 9.95103148e-01 9.95038123e-01 9.94991613e-01 9.94962537e-01 9.94950201e-01 9.94954305e-01 9.94974949e-01 9.95012631e-01 9.95068239e-01 9.95143041e-01 9.95238649e-01 9.95356967e-01 9.95500090e-01 9.95670154e-01 9.95869110e-01 9.96098410e-01 9.96358615e-01 9.96648923e-01 9.96966690e-01 9.97307009e-01 9.97662474e-01 9.98023280e-01 9.98377757e-01 9.98713403e-01 9.99018320e-01 9.99282818e-01 9.99500822e-01 9.99670688e-01 9.99795172e-01 9.99880528e-01 9.99935001e-01 9.99967192e-01 9.99984715e-01 9.99993459e-01 9.99997438e-01 9.99999082e-01 9.99999695e-01 9.99999902e-01 9.99999964e-01 9.99999980e-01 9.99999984e-01 9.99999985e-01 9.99999985e-01 9.99999985e-01 9.99999985e-01 9.99999985e-01 9.99999985e-01 9.99999985e-01 9.99999985e-01 9.99999985e-01 9.99999985e-01 9.99999985e-01 9.99999985e-01 9.99999985e-01 9.99999984e-01
9.99999984e-01 9.99999985e-01 9.99999985e-01 9.99999985e-01 9.99999985e-01 9.99999985e-01 9.99999985e-01 9.99999985e-01 9.99999985e-01 9.99999985e-01 9.99999985e-01 9.99999985e-01 9.99999985e-01 9.99999985e-01 9.99999984e-01 9.99999980e-01 9.99999962e-01 9.99999894e-01 9.99999670e-01 9.99999000e-01 9.99997206e-01 9.99992872e-01 9.99983376e-01 9.99964417e-01 9.99929760e-01 9.99871447e-01 9.99780670e-01 9.99649222e-01 9.99471235e-01 9.99244669e-01 9.98972116e-01 9.98660655e-01 9.98320849e-01 9.97965182e-01 9.97606381e-01 9.97255984e-01 9.96923382e-01 9.96615381e-01 9.96336214e-01 9.96087861e-01 9.95870531e-01 9.95683177e-01 9.95523969e-01 9.95390686e-01 9.95281013e-01 9.95192741e-01 9.95123906e-01 9.95072867e-01 9.95038348e-01 9.95019459e-01 9.95015707e-01 9.95026990e-01 9.95053607e-01 9.95096251e-01 9.95156005e-01 9.95234332e-01 9.95333041e-01 9.95454232e-01 9.95600188e-01 9.95773208e-01 9.95975360e-01 9.96208137e-01 9.96472022e-01 9.96765984e-01 9.97086971e-01 9.97429487e-01 9.97785411e-01 9.98144190e-01 9.98493540e-01 9.98820654e-01 9.99113795e-01 9.99363974e-01 9.99566277e-01 9.99720471e-01 9.99830664e-01 9.99904106e-01 9.99949515e-01 9.99975423e-01 9.99988994e-01 9.99995486e-01 9.99998310e-01 9.99999420e-01 9.99999813e-01 9.99999938e-01 9.99999974e-01 9.99999983e-01 9.99999985e-01 9.99999985e-01 9.99999985e-01 9.99999985e-01 9.99999985e-01 9.99999985e-01 9.99999985e-01 9.99999985e-01 9.99999985e-01 9.99999985e-01 9.99999985e-01 9.99999985e-01 9.99999985e-01 9.99999984e-01 9.99999984e-01 9.99999985e-01 9.99999985e-01 9.99999985e-01 9.99999985e-01 9.99999985e-01 9.99999985e-01 9.99999985e-01 9.99999985e-01 9.99999985e-01 9.99999985e-01 9.99999985e-01 9.99999985e-01 9.99999985e-01 9.99999983e-01 9.99999974e-01 9.99999938e-01 9.99999813e-01 9.99999420e-01 9.99998310e-01 9.99995486e-01 9.99988994e-01 9.99975423e-01 9.99949515e-01 9.99904106e-01 9.99830664e-01 9.99720471e-01 9.99566277e-01 9.99363974e-01 9.99113795e-01 9.98820654e-01 9.98493540e-01 9.98144190e-01 9.97785411e-01 9.97429487e-01 9.97086971e-01 9.96765984e-01 9.96472022e-01 9.96208137e-01 9.95975360e-01 9.95773208e-01 9.95600188e-01 9.95454232e-01 9.95333041e-01 9.95234332e-01 9.95156005e-01 9.95096251e-01 9.95053607e-01 9.95026990e-01 9.95015707e-01 9.95019459e-01 9.95038348e-01 9.95072867e-01 9.95123906e-01 9.95192741e-01 9.95281013e-01 9.95390686e-01 9.95523969e-01 9.95683177e-01 9.95870531e-01 9.96087861e-01 9.96336214e-01 9.96615381e-01 9.96923382e-01 9.97255984e-01 9.97606381e-01 9.97965182e-01 9.98320849e-01 9.98660655e-01 9.98972116e-01 9.99244669e-01 9.99471235e-01 9.99649222e-01 9.99780670e-01 9.99871447e-01 9.99929760e-01 9.99964417e-01 9.99983376e-01 9.99992872e-01 9.99997206e-01 9.99999000e-01 9.99999670e-01 9.99999894e-01 9.99999962e-01 9.99999980e-01 9.99999984e-01 9.99999985e-01 9.99999985e-01 9.99999985e-01 9.99999985e-01 9.99999985e-01 9.99999985e-01 9.99999985e-01 9.99999985e-01 9.99999985e-01 9.99999985e-01 9.99999985e-01 9.99999985e-01 9.99999985e-01 9.99999984e-01
9.99999984e-01 9.99999985e-01 9.99999985e-01 9.99999985e-01 9.99999985e-01 9.99999985e-01 9.99999985e-01 9.99999985e-01 9.99999985e-01 9.99999985e-01 9.99999985e-01 9.99999985e-01 9.99999985e-01 9.99999985e-01 9.99999984e-01 9.99999979e-01 9.99999960e-01 9.99999886e-01 9.99999642e-01 9.99998911e-01 9.99996956e-01 9.99992241e-01 9.99981941e-01 9.99961460e-01 9.99924208e-01 9.99861899e-01 9.99765545e-01 9.99627042e-01 9.99440977e-01 9.99206095e-01 9.98925983e-01 9.98608731e-01 9.98265733e-01 9.97909985e-01 9.97554341e-01 9.97210115e-01 9.96886204e-01 9.96588761e-01 9.96321319e-01 9.96085197e-01 9.95880031e-01 9.95704317e-01 9.95555887e-01 9.95432289e-01 9.95331059e-01 9.95249910e-01 9.95186839e-01 9.95140197e-01 9.95108713e-01 9.95091507e-01 9.95088090e-01 9.95098365e-01 9.95122625e-01 9.95161553e-01 9.95216227e-01 9.95288107e-01 9.95379026e-01 9.95491140e-01 9.95626841e-01 9.95788617e-01 9.95978818e-01 9.96199333e-01 9.96451162e-01 9.96733895e-01 9.97045171e-01 9.97380182e-01 9.97731393e-01 9.98088627e-01 9.98439654e-01 9.98771346e-01 9.99071282e-01 9.99329528e-01 9.99540143e-01 9.99701984e-01 9.99818526e-01 9.99896747e-01 9.99945417e-01 9.99973338e-01 9.99988030e-01 9.99995084e-01 9.99998159e-01 9.99999370e-01 9.99999798e-01 9.99999934e-01 9.99999973e-01 9.99999982e-01 9.99999985e-01 9.99999985e-01 9.99999985e-01 9.99999985e-01 9.99999985e-01 9.99999985e-01 9.99999985e-01 9.99999985e-01 9.99999985e-01 9.99999985e-01 9.99999985e-01 9.99999985e-01 9.99999985e-01 9.99999984e-01 9.99999984e-01 9.99999985e-01 9.99999985e-01 9.99999985e-01 9.99999985e-01 9.99999985e-01 9.99999985e-01 9.99999985e-01 9.99999985e-01 9.99999985e-01 9.99999985e-01 9.99999985e-01 9.99999985e-01 9.99999985e-01 9.99999982e-01 9.99999973e-01 9.99999934e-01 9.99999798e-01 9.99999370e-01 9.99998159e-01 9.99995084e-01 9.99988030e-01 9.99973338e-01 9.99945417e-01 9.99896747e-01 9.99818526e-01 9.99701984e-01 9.99540143e-01 9.99329528e-01 9.99071282e-01 9.98771346e-01 9.98439654e-01 9.98088627e-01 9.97731393e-01 9.97380182e-01 9.97045171e-01 9.96733895e-01 9.96451162e-01 9.96199333e-01 9.95978818e-01 9.95788617e-01 9.95626841e-01 9.95491140e-01 9.95379026e-01 9.95288107e-01 9.95216227e-01 9.95161553e-01 9.95122625e-01 9.95098365e-01 9.95088090e-01 9.95091507e-01 9.95108713e-01 9.95140197e-01 9.95186839e-01 9.95249910e-01 9.95331059e-01 9.95432289e-01 9.95555887e-01 9.95704317e-01 9.95880031e-01 9.96085197e-01 9.96321319e-01 9.96588761e-01 9.96886204e-01 9.97210115e-01 9.97554341e-01 9.97909985e-01 9.98265733e-01 9.98608731e-01 9.98925983e-01 9.99206095e-01 9.99440977e-01 9.99627042e-01 9.99765545e-01 9.99861899e-01 9.99924208e-01 9.99961460e-01 9.99981941e-01 9.99992241e-01 9.99996956e-01 9.99998911e-01 9.99999642e-01 9.99999886e-01 9.99999960e-01 9.99999979e-01 9.99999984e-01 9.99999985e-01 9.99999985e-01 9.99999985e-01 9.99999985e-01 9.99999985e-01 9.99999985e-01 9.99999985e-01 9.99999985e-01 9.99999985e-01 9.99999985e-01 9.99999985e-01 9.99999985e-01 9.99999985e-01 9.99999984e-01
9.99999984e-01 9.99999985e-01 9.99999985e-01 9.99999985e-01 9.99999985e-01 9.99999985e-01 9.99999985e-01 9.99999985e-01 9.99999985e-01 9.99999985e-01 9.99999985e-01 9.99999985e-01 9.99999985e-01 9.99999985e-01 9.99999984e-01 9.99999979e-01 9.99999958e-01 9.99999878e-01 9.99999611e-01 9.99998816e-01 9.99996687e-01 9.99991564e-01 9.99980405e-01 9.99958312e-01 9.99918337e-01 9.99851877e-01 9.99749805e-01 9.99604180e-01 9.99410116e-01 9.99167215e-01 9.98880092e-01 9.98557845e-01 9.98212648e-01 9.97857923e-01 9.97506556e-01 9.97169541e-01 9.96855205e-01 9.96569006e-01 9.96313761e-01 9.96090135e-01 9.95897218e-01 9.95733087e-01 9.95595274e-01 9.95481135e-01 9.95388094e-01 9.95313811e-01 9.95256271e-01 9.95213832e-01 9.95185240e-01 9.95169634e-01 9.95166537e-01 9.95175853e-01 9.95197868e-01 9.95233251e-01 9.95283060e-01 9.95348742e-01 9.95432131e-01 9.95535410e-01 9.95661055e-01 9.95811701e-01 9.95989941e-01 9.96198023e-01 9.96437429e-01 9.96708355e-01 9.97009130e-01 9.97335666e-01 9.97681076e-01 9.98035640e-01 9.98387283e-01 9.98722649e-01 9.99028705e-01 9.99294598e-01 9.99513345e-01 9.99682834e-01 9.99805839e-01 9.99888994e-01 9.99941069e-01 9.99971113e-01 9.99986997e-01 9.99994651e-01 9.99997996e-01 9.99999315e-01 9.99999782e-01 9.99999930e-01 9.99999972e-01 9.99999982e-01 9.99999984e-01 9.99999985e-01 9.99999985e-01 9.99999985e-01 9.99999985e-01 9.99999985e-01 9.99999985e-01 9.99999985e-01 9.99999985e-01 9.99999985e-01 9.99999985e-01 9.99999985e-01 9.99999985e-01 9.99999984e-01 9.99999984e-01 9.99999985e-01 9.99999985e-01 9.99999985e-01 9.99999985e-01 9.99999985e-01 9.99999985e-01 9.99999985e-01 9.99999985e-01 9.99999985e-01 9.99999985e-01 9.99999985e-01 9.99999985e-01 9.99999984e-01 9.99999982e-01 9.99999972e-01 9.99999930e-01 9.99999782e-01 9.99999315e-01 9.99997996e-01 9.99994651e-01 9.99986997e-01 9.99971113e-01 9.99941069e-01 9.99888994e-01 9.99805839e-01 9.99682834e-01 9.99513345e-01 9.99294598e-01 9.99028705e-01 9.98722649e-01 9.98387283e-01 9.98035640e-01 9.97681076e-01 9.97335666e-01 9.97009130e-01 9.96708355e-01 9.96437429e-01 9.96198023e-01 9.95989941e-01 9.95811701e-01 9.95661055e-01 9.95535410e-01 9.95432131e-01 9.95348742e-01 9.95283060e-01 9.95233251e-01 9.95197868e-01 9.95175853e-01 9.95166537e-01 9.95169634e-01 9.95185240e-01 9.95213832e-01 9.95256271e-01 9.95313811e-01 9.95388094e-01 9.95481135e-01 9.95595274e-01 9.95733087e-01 9.95897218e-01 9.96090135e-01 9.96313761e-01 9.96569006e-01 9.96855205e-01 9.97169541e-01 9.97506556e-01 9.97857923e-01 9.98212648e-01 9.98557845e-01 9.98880092e-01 9.99167215e-01 9.99410116e-01 9.99604180e-01 9.99749805e-01 9.99851877e-01 9.99918337e-01 9.99958312e-01 9.99980405e-01 9.99991564e-01 9.99996687e-01 9.99998816e-01 9.99999611e-01 9.99999878e-01 9.99999958e-01 9.99999979e-01 9.99999984e-01 9.99999985e-01 9.99999985e-01 9.99999985e-01 9.99999985e-01 9.99999985e-01 9.99999985e-01 9.99999985e-01 9.99999985e-01 9.99999985e-01 9.99999985e-01 9.99999985e-01 9.99999985e-01 9.99999985e-01 9.99999984e-01
9.99999984e-01 9.99999985e-01 9.99999985e-01 9.99999985e-01 9.99999985e-01 9.99999985e-01 9.99999985e-01 9.99999985e-01 9.99999985e-01 9.99999985e-01 9.99999985e-01 9.99999985e-01 9.99999985e-01 9.99999985e-01 9.99999984e-01 9.99999978e-01 9.99999955e-01 9.99999869e-01 9.99999579e-01 9.99998713e-01 9.99996398e-01 9.99990836e-01 9.99978765e-01 9.99954968e-01 9.99912139e-01 9.99841379e-01 9.99733460e-01 9.99580672e-01 9.99378731e-01 9.99128154e-01 9.98834617e-01 9.98508208e-01 9.98161821e-01 9.97809212e-01 9.97463197e-01 9.97134357e-01 9.96830386e-01 9.96556008e-01 9.96313318e-01 9.96102344e-01 9.95921661e-01 9.95768966e-01 9.95641536e-01 9.95536571e-01 9.95451417e-01 9.95383708e-01 9.95331438e-01 9.95292989e-01 9.95267137e-01 9.95253044e-01 9.95250248e-01 9.95258658e-01 9.95278550e-01 9.95310572e-01 9.95355753e-01 9.95415516e-01 9.95491673e-01 9.95586417e-01 9.95702269e-01 9.95841980e-01 9.96008345e-01 9.96203929e-01 9.96430659e-01 9.96689311e-01 9.96978901e-01 9.97296078e-01 9.97634656e-01 9.97985453e-01 9.98336649e-01 9.98674759e-01 9.98986213e-01 9.99259284e-01 9.99485936e-01 9.99663043e-01 9.99792605e-01 9.99880839e-01 9.99936463e-01 9.99968742e-01 9.99985890e-01 9.99994186e-01 9.99997821e-01 9.99999256e-01 9.99999765e-01 9.99999926e-01 9.99999971e-01 9.99999982e-01 9.99999984e-01 9.99999985e-01 9.99999985e-01 9.99999985e-01 9.99999985e-01 9.99999985e-01 9.99999985e-01 9.99999985e-01 9.99999985e-01 9.99999985e-01 9.99999985e-01 9.99999985e-01 9.99999985e-01 9.99999984e-01 9.99999984e-01 9.99999985e-01 9.99999985e-01 9.99999985e-01 9.99999985e-01 9.99999985e-01 9.99999985e-01 9.99999985e-01 9.99999985e-01 9.99999985e-01 9.99999985e-01 9.99999985e-01 9.99999985e-01 9.99999984e-01 9.99999982e-01 9.99999971e-01 9.99999926e-01 9.99999765e-01 9.99999256e-01 9.99997821e-01 9.99994186e-01 9.99985890e-01 9.99968742e-01 9.99936463e-01 9.99880839e-01 9.99792605e-01 9.99663043e-01 9.99485936e-01 9.99259284e-01 9.98986213e-01 9.98674759e-01 9.98336649e-01 9.97985453e-01 9.97634656e-01 9.97296078e-01 9.96978901e-01 9.96689311e-01 9.96430659e-01 9.96203929e-01 9.96008345e-01 9.95841980e-01 9.95702269e-01 9.95586417e-01 9.95491673e-01 9.95415516e-01 9.95355753e-01 9.95310572e-01 9.95278550e-01 9.95258658e-01 9.95250248e-01 9.95253044e-01 9.95267137e-01 9.95292989e-01 9.95331438e-01 9.95383708e-01 9.95451417e-01 9.95536571e-01 9.95641536e-01 9.95768966e-01 9.95921661e-01 9.96102344e-01 9.96313318e-01 9.96556008e-01 9.96830386e-01 9.97134357e-01 9.97463197e-01 9.97809212e-01 9.98161821e-01 9.98508208e-01 9.98834617e-01 9.99128154e-01 9.99378731e-01 9.99580672e-01 9.99733460e-01 9.99841379e-01 9.99912139e-01 9.99954968e-01 9.99978765e-01 9.99990836e-01 9.99996398e-01 9.99998713e-01 9.99999579e-01 9.99999869e-01 9.99999955e-01 9.99999978e-01 9.99999984e-01 9.99999985e-01 9.99999985e-01 9.99999985e-01 9.99999985e-01 9.99999985e-01 9.99999985e-01 9.99999985e-01 9.99999985e-01 9.99999985e-01 9.99999985e-01 9.99999985e-01 9.99999985e-01 9.99999985e-01 9.99999984e-01
9.99999984e-01 9.99999985e-01 9.99999985e-01 9.99999985e-01 9.99999985e-01 9.99999985e-01 9.99999985e-01 9.99999985e-01 9.99999985e-01 9.99999985e-01 9.99999985e-01 9.99999985e-01 9.99999985e-01 9.99999985e-01 9.99999984e-01 9.99999978e-01 9.99999953e-01 9.99999859e-01 9.99999544e-01 9.99998602e-01 9.99996086e-01 9.99990057e-01 9.99977014e-01 9.99951419e-01 9.99905607e-01 9.99830402e-01 9.99716525e-01 9.99556560e-01 9.99346902e-01 9.99089040e-01 9.98789732e-01 9.98460025e-01 9.98113465e-01 9.97764043e-01 9.97424401e-01 9.97104622e-01 9.96811705e-01 9.96549614e-01 9.96319725e-01 9.96121451e-01 9.95952893e-01 9.95811409e-01 9.95694061e-01 9.95597933e-01 9.95520323e-01 9.95458869e-01 9.95411589e-01 9.95376905e-01 9.95353630e-01 9.95340958e-01 9.95338446e-01 9.95346005e-01 9.95363900e-01 9.95392756e-01 9.95433565e-01 9.95487710e-01 9.95556970e-01 9.95643520e-01 9.95749904e-01 9.95878947e-01 9.96033611e-01 9.96216731e-01 9.96430643e-01 9.96676666e-01 9.96954491e-01 9.97261517e-01 9.97592300e-01 9.97938273e-01 9.98287964e-01 9.98627866e-01 9.98943958e-01 9.99223691e-01 9.99457977e-01 9.99642638e-01 9.99778829e-01 9.99872278e-01 9.99931591e-01 9.99966218e-01 9.99984706e-01 9.99993686e-01 9.99997632e-01 9.99999193e-01 9.99999746e-01 9.99999921e-01 9.99999970e-01 9.99999982e-01 9.99999984e-01 9.99999985e-01 9.99999985e-01 9.99999985e-01 9.99999985e-01 9.99999985e-01 9.99999985e-01 9.99999985e-01 9.99999985e-01 9.99999985e-01 9.99999985e-01 9.99999985e-01 9.99999985e-01 9.99999984e-01 9.99999984e-01 9.99999985e-01 9.99999985e-01 9.99999985e-01 9.99999985e-01 9.99999985e-01 9.99999985e-01 9.99999985e-01 9.99999985e-01 9.99999985e-01 9.99999985e-01 9.99999985e-01 9.99999985e-01 9.99999984e-01 9.99999982e-01 9.99999970e-01 9.99999921e-01 9.99999746e-01 9.99999193e-01 9.99997632e-01 9.99993686e-01 9.99984706e-01 9.99966218e-01 9.99931591e-01 9.99872278e-01 9.99778829e-01 9.99642638e-01 9.99457977e-01 9.99223691e-01 9.98943958e-01 9.98627866e-01 9.98287964e-01 9.97938273e-01 9.97592300e-01 9.97261517e-01 9.96954491e-01 9.96676666e-01 9.96430643e-01 9.96216731e-01 9.96033611e-01 9.95878947e-01 9.95749904e-01 9.95643520e-01 9.95556970e-01 9.95487710e-01 9.95433565e-01 9.95392756e-01 9.95363900e-01 9.95346005e-01 9.95338446e-01 9.95340958e-01 9.95353630e-01 9.95376905e-01 9.95411589e-01 9.95458869e-01 9.95520323e-01 9.95597933e-01 9.95694061e-01 9.95811409e-01 9.95952893e-01 9.96121451e-01 9.96319725e-01 9.96549614e-01 9.96811705e-01 9.97104622e-01 9.97424401e-01 9.97764043e-01 9.98113465e-01 9.98460025e-01 9.98789732e-01 9.99089040e-01 9.99346902e-01 9.99556560e-01 9.99716525e-01 9.99830402e-01 9.99905607e-01 9.99951419e-01 9.99977014e-01 9.99990057e-01 9.99996086e-01 9.99998602e-01 9.99999544e-01 9.99999859e-01 9.99999953e-01 9.99999978e-01 9.99999984e-01 9.99999985e-01 9.99999985e-01 9.99999985e-01 9.99999985e-01 9.99999985e-01 9.99999985e-01 9.99999985e-01 9.99999985e-01 9.99999985e-01 9.99999985e-01 9.99999985e-01 9.99999985e-01 9.99999985e-01 9.99999984e-01
9.99999984e-01 9.99999985e-01 9.99999985e-01 9.99999985e-01 9.99999985e-01 9.99999985e-01 9.99999985e-01 9.99999985e-01 9.99999985e-01 9.99999985e-01 9.99999985e-01 9.99999985e-01 9.99999985e-01 9.99999985e-01 9.99999983e-01 9.99999977e-01 9.99999951e-01 9.99999849e-01 9.99999506e-01 9.99998482e-01 9.99995751e-01 9.99989222e-01 9.99975148e-01 9.99947658e-01 9.99898735e-01 9.99818948e-01 9.99699016e-01 9.99531891e-01 9.99314716e-01 9.99050006e-01 9.98745610e-01 9.98413496e-01 9.98067778e-01 9.97722581e-01 9.97390271e-01 9.97080351e-01 9.96799073e-01 9.96549626e-01 9.96332675e-01 9.96147052e-01 9.95990422e-01 9.95859852e-01 9.95752230e-01 9.95664558e-01 9.95594121e-01 9.95538578e-01 9.95495994e-01 9.95464839e-01 9.95443975e-01 9.95432630e-01 9.95430382e-01 9.95437147e-01 9.95453177e-01 9.95479068e-01 9.95515771e-01 9.95564618e-01 9.95627340e-01 9.95706077e-01 9.95803364e-01 9.95922074e-01 9.96065288e-01 9.96236074e-01 9.96437127e-01 9.96670277e-01 9.96935865e-01 9.97232045e-01 9.97554147e-01 9.97894284e-01 9.98241431e-01 9.98582160e-01 9.98902096e-01 9.99187928e-01 9.99429534e-01 9.99621649e-01 9.99764518e-01 9.99863306e-01 9.99926447e-01 9.99963535e-01 9.99983441e-01 9.99993150e-01 9.99997429e-01 9.99999125e-01 9.99999726e-01 9.99999915e-01 9.99999968e-01 9.99999982e-01 9.99999984e-01 9.99999985e-01 9.99999985e-01 9.99999985e-01 9.99999985e-01 9.99999985e-01 9.99999985e-01 9.99999985e-01 9.99999985e-01 9.99999985e-01 9.99999985e-01 9.99999985e-01 9.99999985e-01 9.99999984e-01 9.99999984e-01 9.99999985e-01 9.99999985e-01 9.99999985e-01 9.99999985e-01 9.99999985e-01 9.99999985e-01 9.99999985e-01 9.99999985e-01 9.99999985e-01 9.99999985e-01 9.99999985e-01 9.99999985e-01 9.99999984e-01 9.99999982e-01 9.99999968e-01 9.99999915e-01 9.99999726e-01 9.99999125e-01 9.99997429e-01 9.99993150e-01 9.99983441e-01 9.99963535e-01 9.99926447e-01 9.99863306e-01 9.99764518e-01 9.99621649e-01 9.99429534e-01 9.99187928e-01 9.98902096e-01 9.98582160e-01 9.98241431e-01 9.97894284e-01 9.97554147e-01 9.97232045e-01 9.96935865e-01 9.96670277e-01 9.96437127e-01 9.96236074e-01 9.96065288e-01 9.95922074e-01 9.95803364e-01 9.95706077e-01 9.95627340e-01 9.95564618e-01 9.95515771e-01 9.95479068e-01 9.95453177e-01 9.95437147e-01 9.95430382e-01 9.95432630e-01 9.95443975e-01 9.95464839e-01 9.95495994e-01 9.95538578e-01 9.95594121e-01 9.95664558e-01 9.95752230e-01 9.95859852e-01 9.95990422e-01 9.96147052e-01 9.96332675e-01 9.96549626e-01 9.96799073e-01 9.97080351e-01 9.97390271e-01 9.97722581e-01 9.98067778e-01 9.98413496e-01 9.98745610e-01 9.99050006e-01 9.99314716e-01 9.99531891e-01 9.99699016e-01 9.99818948e-01 9.99898735e-01 9.99947658e-01 9.99975148e-01 9.99989222e-01 9.99995751e-01 9.99998482e-01 9.99999506e-01 9.99999849e-01 9.99999951e-01 9.99999977e-01 9.99999983e-01 9.99999985e-01 9.99999985e-01 9.99999985e-01 9.99999985e-01 9.99999985e-01 9.99999985e-01 9.99999985e-01 9.99999985e-01 9.99999985e-01 9.99999985e-01 9.99999985e-01 9.99999985e-01 9.99999985e-01 9.99999984e-01
9.99999984e-01 9.99999985e-01 9.99999985e-01 9.99999985e-01 9.99999985e-01 9.99999985e-01 9.99999985e-01 9.99999985e-01 9.99999985e-01 9.99999985e-01 9.99999985e-01 9.99999985e-01 9.99999985e-01 9.99999985e-01 9.99999983e-01 9.99999977e-01 9.99999948e-01 9.99999837e-01 9.99999465e-01 9.99998354e-01 9.99995392e-01 9.99988329e-01 9.99973161e-01 9.99943680e-01 9.99891518e-01 9.99807019e-01 9.99680955e-01 9.99506715e-01 9.99282264e-01 9.99011187e-01 9.98702422e-01 9.98368808e-01 9.98024939e-01 9.97684965e-01 9.97360876e-01 9.97061520e-01 9.96792362e-01 9.96555807e-01 9.96351830e-01 9.96178716e-01 9.96033740e-01 9.95913722e-01 9.95815421e-01 9.95735791e-01 9.95672130e-01 9.95622142e-01 9.95583949e-01 9.95556084e-01 9.95537461e-01 9.95527347e-01 9.95525344e-01 9.95531373e-01 9.95545671e-01 9.95568802e-01 9.95601672e-01 9.95645554e-01 9.95702118e-01 9.95773450e-01 9.95862054e-01 9.95970816e-01 9.96102904e-01 9.96261569e-01 9.96449822e-01 9.96669962e-01 9.96922951e-01 9.97207687e-01 9.97520303e-01 9.97853650e-01 9.98197237e-01 9.98537823e-01 9.98860781e-01 9.99152109e-01 9.99400677e-01 9.99600109e-01 9.99749683e-01 9.99853922e-01 9.99921024e-01 9.99960688e-01 9.99982092e-01 9.99992575e-01 9.99997211e-01 9.99999051e-01 9.99999704e-01 9.99999910e-01 9.99999967e-01 9.99999981e-01 9.99999984e-01 9.99999985e-01 9.99999985e-01 9.99999985e-01 9.99999985e-01 9.99999985e-01 9.99999985e-01 9.99999985e-01 9.99999985e-01 9.99999985e-01 9.99999985e-01 9.99999985e-01 9.99999985e-01 9.99999984e-01 9.99999984e-01 9.99999985e-01 9.99999985e-01 9.99999985e-01 9.99999985e-01 9.99999985e-01 9.99999985e-01 9.99999985e-01 9.99999985e-01 9.99999985e-01 9.99999985e-01 9.99999985e-01 9.99999985e-01 9.99999984e-01 9.99999981e-01 9.99999967e-01 9.99999910e-01 9.99999704e-01 9.99999051e-01 9.99997211e-01 9.99992575e-01 9.99982092e-01 9.99960688e-01 9.99921024e-01 9.99853922e-01 9.99749683e-01 9.99600109e-01 9.99400677e-01 9.99152109e-01 9.98860781e-01 9.98537823e-01 9.98197237e-01 9.97853650e-01 9.97520303e-01 9.97207687e-01 9.96922951e-01 9.96669962e-01 9.96449822e-01 9.96261569e-01 9.96102904e-01 9.95970816e-01 9.95862054e-01 9.95773450e-01 9.95702118e-01 9.95645554e-01 9.95601672e-01 9.95568802e-01 9.95545671e-01 9.95531373e-01 9.95525344e-01 9.95527347e-01 9.95537461e-01 9.95556084e-01 9.95583949e-01 9.95622142e-01 9.95672130e-01 9.95735791e-01 9.95815421e-01 9.95913722e-01 9.96033740e-01 9.96178716e-01 9.96351830e-01 9.96555807e-01 9.96792362e-01 9.97061520e-01 9.97360876e-01 9.97684965e-01 9.98024939e-01 9.98368808e-01 9.98702422e-01 9.99011187e-01 9.99282264e-01 9.99506715e-01 9.99680955e-01 9.99807019e-01 9.99891518e-01 9.99943680e-01 9.99973161e-01 9.99988329e-01 9.99995392e-01 9.99998354e-01 9.99999465e-01 9.99999837e-01 9.99999948e-01 9.99999977e-01 9.99999983e-01 9.99999985e-01 9.99999985e-01 9.99999985e-01 9.99999985e-01 9.99999985e-01 9.99999985e-01 9.99999985e-01 9.99999985e-01 9.99999985e-01 9.99999985e-01 9.99999985e-01 9.99999985e-01 9.99999985e-01 9.99999984e-01
9.99999984e-01 9.99999985e-01 9.99999985e-01 9.99999985e-01 9.99999985e-01 9.99999985e-01 9.99999985e-01 9.99999985e-01 9.99999985e-01 9.99999985e-01 9.99999985e-01 9.99999985e-01 9.99999985e-01 9.99999985e-01 9.99999983e-01 9.99999976e-01 9.99999945e-01 9.99999825e-01 9.99999422e-01 9.99998215e-01 9.99995007e-01 9.99987375e-01 9.99971050e-01 9.99939478e-01 9.99883951e-01 9.99794619e-01 9.99662365e-01 9.99481088e-01 9.99249644e-01 9.98972721e-01 9.98660337e-01 9.98326141e-01 9.97985108e-01 9.97651306e-01 9.97336252e-01 9.97048069e-01 9.96791407e-01 9.96567886e-01 9.96376819e-01 9.96215987e-01 9.96082324e-01 9.95972446e-01 9.95883022e-01 9.95810994e-01 9.95753697e-01 9.95708895e-01 9.95674786e-01 9.95649969e-01 9.95633416e-01 9.95624438e-01 9.95622661e-01 9.95628011e-01 9.95640710e-01 9.95661288e-01 9.95690601e-01 9.95729857e-01 9.95780654e-01 9.95845010e-01 9.95925376e-01 9.96024624e-01 9.96145969e-01 9.96292803e-01 9.96468407e-01 9.96675502e-01 9.96915633e-01 9.97188432e-01 9.97490844e-01 9.97816510e-01 9.98155556e-01 9.98495033e-01 9.98820168e-01 9.99116351e-01 9.99371482e-01 9.99578059e-01 9.99734335e-01 9.99844124e-01 9.99915316e-01 9.99957671e-01 9.99980653e-01 9.99991960e-01 9.99996977e-01 9.99998972e-01 9.99999681e-01 9.99999904e-01 9.99999966e-01 9.99999981e-01 9.99999984e-01 9.99999985e-01 9.99999985e-01 9.99999985e-01 9.99999985e-01 9.99999985e-01 9.99999985e-01 9.99999985e-01 9.99999985e-01 9.99999985e-01 9.99999985e-01 9.99999985e-01 9.99999985e-01 9.99999984e-01 9.99999984e-01 9.99999985e-01 9.99999985e-01 9.99999985e-01 9.99999985e-01 9.99999985e-01 9.99999985e-01 9.99999985e-01 9.99999985e-01 9.99999985e-01 9.99999985e-01 9.99999985e-01 9.99999985e-01 9.99999984e-01 9.99999981e-01 9.99999966e-01 9.99999904e-01 9.99999681e-01 9.99998972e-01 9.99996977e-01 9.99991960e-01 9.99980653e-01 9.99957671e-01 9.99915316e-01 9.99844124e-01 9.99734335e-01 9.99578059e-01 9.99371482e-01 9.99116351e-01 9.98820168e-01 9.98495033e-01 9.98155556e-01 9.97816510e-01 9.97490844e-01 9.97188432e-01 9.96915633e-01 9.96675502e-01 9.96468407e-01 9.96292803e-01 9.96145969e-01 9.96024624e-01 9.95925376e-01 9.95845010e-01 9.95780654e-01 9.95729857e-01 9.95690601e-01 9.95661288e-01 9.95640710e-01 9.95628011e-01 9.95622661e-01 9.95624438e-01 9.95633416e-01 9.95649969e-01 9.95674786e-01 9.95708895e-01 9.95753697e-01 9.95810994e-01 9.95883022e-01 9.95972446e-01 9.96082324e-01 9.96215987e-01 9.96376819e-01 9.96567886e-01 9.96791407e-01 9.97048069e-01 9.97336252e-01 9.97651306e-01 9.97985108e-01 9.98326141e-01 9.98660337e-01 9.98972721e-01 9.99249644e-01 9.99481088e-01 9.99662365e-01 9.99794619e-01 9.99883951e-01 9.99939478e-01 9.99971050e-01 9.99987375e-01 9.99995007e-01 9.99998215e-01 9.99999422e-01 9.99999825e-01 9.99999945e-01 9.99999976e-01 9.99999983e-01 9.99999985e-01 9.99999985e-01 9.99999985e-01 9.99999985e-01 9.99999985e-01 9.99999985e-01 9.99999985e-01 9.99999985e-01 9.99999985e-01 9.99999985e-01 9.99999985e-01 9.99999985e-01 9.99999985e-01 9.99999984e-01
9.99999984e-01 9.99999985e-01 9.99999985e-01 9.99999985e-01 9.99999985e-01 9.99999985e-01 9.99999985e-01 9.99999985e-01 9.99999985e-01 9.99999985e-01 9.99999985e-01 9.99999985e-01 9.99999985e-01 9.99999985e-01 9.99999983e-01 9.99999975e-01 9.99999942e-01 9.99999812e-01 9.99999375e-01 9.99998067e-01 9.99994594e-01 9.99986357e-01 9.99968809e-01 9.99935046e-01 9.99876030e-01 9.99781755e-01 9.99643273e-01 9.99455070e-01 9.99216953e-01 9.98934745e-01 9.98619519e-01 9.98285662e-01 9.97948426e-01 9.97621688e-01 9.97316398e-01 9.97039901e-01 9.96796006e-01 9.96585561e-01 9.96407252e-01 9.96258401e-01 9.96135647e-01 9.96035452e-01 9.95954433e-01 9.95889548e-01 9.95838192e-01 9.95798207e-01 9.95767872e-01 9.95745863e-01 9.95731213e-01 9.95723277e-01 9.95721707e-01 9.95726434e-01 9.95737665e-01 9.95755895e-01 9.95781925e-01 9.95816895e-01 9.95862324e-01 9.95920147e-01 9.95992745e-01 9.96082948e-01 9.96193983e-01 9.96329345e-01 9.96492534e-01 9.96686643e-01 9.96913765e-01 9.97174235e-01 9.97465816e-01 9.97782979e-01 9.98116544e-01 9.98453957e-01 9.98780410e-01 9.99080773e-01 9.99342026e-01 9.99555539e-01 9.99718491e-01 9.99833912e-01 9.99909318e-01 9.99954478e-01 9.99979121e-01 9.99991303e-01 9.99996725e-01 9.99998888e-01 9.99999655e-01 9.99999897e-01 9.99999964e-01 9.99999981e-01 9.99999984e-01 9.99999985e-01 9.99999985e-01 9.99999985e-01 9.99999985e-01 9.99999985e-01 9.99999985e-01 9.99999985e-01 9.99999985e-01 9.99999985e-01 9.99999985e-01 9.99999985e-01 9.99999985e-01 9.99999984e-01 9.99999984e-01 9.99999985e-01 9.99999985e-01 9.99999985e-01 9.99999985e-01 9.99999985e-01 9.99999985e-01 9.99999985e-01 9.99999985e-01 9.99999985e-01 9.99999985e-01 9.99999985e-01 9.99999985e-01 9.99999984e-01 9.99999981e-01 9.99999964e-01 9.99999897e-01 9.99999655e-01 9.99998888e-01 9.99996725e-01 9.99991303e-01 9.99979121e-01 9.99954478e-01 9.99909318e-01 9.99833912e-01 9.99718491e-01 9.99555539e-01 9.99342026e-01 9.99080773e-01 9.98780410e-01 9.98453957e-01 9.98116544e-01 9.97782979e-01 9.97465816e-01 9.97174235e-01 9.96913765e-01 9.96686643e-01 9.96492534e-01 9.96329345e-01 9.96193983e-01 9.96082948e-01 9.95992745e-01 9.95920147e-01 9.95862324e-01 9.95816895e-01 9.95781925e-01 9.95755895e-01 9.95737665e-01 9.95726434e-01 9.95721707e-01 9.95723277e-01 9.95731213e-01 9.95745863e-01 9.95767872e-01 9.95798207e-01 9.95838192e-01 9.95889548e-01 9.95954433e-01 9.96035452e-01 9.96135647e-01 9.96258401e-01 9.96407252e-01 9.96585561e-01 9.96796006e-01 9.97039901e-01 9.97316398e-01 9.97621688e-01 9.97948426e-01 9.98285662e-01 9.98619519e-01 9.98934745e-01 9.99216953e-01 9.99455070e-01 9.99643273e-01 9.99781755e-01 9.99876030e-01 9.99935046e-01 9.99968809e-01 9.99986357e-01 9.99994594e-01 9.99998067e-01 9.99999375e-01 9.99999812e-01 9.99999942e-01 9.99999975e-01 9.99999983e-01 9.99999985e-01 9.99999985e-01 9.99999985e-01 9.99999985e-01 9.99999985e-01 9.99999985e-01 9.99999985e-01 9.99999985e-01 9.99999985e-01 9.99999985e-01 9.99999985e-01 9.99999985e-01 9.99999985e-01 9.99999984e-01
9.99999984e-01 9.99999985e-01 9.99999985e-01 9.99999985e-01 9.99999985e-01 9.99999985e-01 9.99999985e-01 9.99999985e-01 9.99999985e-01 9.99999985e-01 9.99999985e-01 9.99999985e-01 9.99999985e-01 9.99999985e-01 9.99999983e-01 9.99999975e-01 9.99999938e-01 9.99999798e-01 9.99999324e-01 9.99997908e-01 9.99994153e-01 9.99985272e-01 9.99966432e-01 9.99930378e-01 9.99867754e-01 9.99768436e-01 9.99623711e-01 9.99428725e-01 9.99184295e-01 9.98897396e-01 9.98580125e-01 9.98247522e-01 9.97915010e-01 9.97596164e-01 9.97301285e-01 9.97036886e-01 9.96805928e-01 9.96608507e-01 9.96442720e-01 9.96305480e-01 9.96193185e-01 9.96102182e-01 9.96029073e-01 9.95970863e-01 9.95925021e-01 9.95889484e-01 9.95862619e-01 9.95843181e-01 9.95830269e-01 9.95823285e-01 9.95821903e-01 9.95826063e-01 9.95835954e-01 9.95852036e-01 9.95875054e-01 9.95906076e-01 9.95946536e-01 9.95998275e-01 9.96063589e-01 9.96145243e-01 9.96246446e-01 9.96370751e-01 9.96521833e-01 9.96703107e-01 9.96917164e-01 9.97165014e-01 9.97445233e-01 9.97753148e-01 9.98080342e-01 9.98414756e-01 9.98741656e-01 9.99045497e-01 9.99312394e-01 9.99532596e-01 9.99702170e-01 9.99823289e-01 9.99903024e-01 9.99951103e-01 9.99977493e-01 9.99990600e-01 9.99996456e-01 9.99998796e-01 9.99999628e-01 9.99999890e-01 9.99999963e-01 9.99999980e-01 9.99999984e-01 9.99999985e-01 9.99999985e-01 9.99999985e-01 9.99999985e-01 9.99999985e-01 9.99999985e-01 9.99999985e-01 9.99999985e-01 9.99999985e-01 9.99999985e-01 9.99999985e-01 9.99999985e-01 9.99999984e-01 9.99999984e-01 9.99999985e-01 9.99999985e-01 9.99999985e-01 9.99999985e-01 9.99999985e-01 9.99999985e-01 9.99999985e-01 9.99999985e-01 9.99999985e-01 9.99999985e-01 9.99999985e-01 9.99999985e-01 9.99999984e-01 9.99999980e-01 9.99999963e-01 9.99999890e-01 9.99999628e-01 9.99998796e-01 9.99996456e-01 9.99990600e-01 9.99977493e-01 9.99951103e-01 9.99903024e-01 9.99823289e-01 9.99702170e-01 9.99532596e-01 9.99312394e-01 9.99045497e-01 9.98741656e-01 9.98414756e-01 9.98080342e-01 9.97753148e-01 9.97445233e-01 9.97165014e-01 9.96917164e-01 9.96703107e-01 9.96521833e-01 9.96370751e-01 9.96246446e-01 9.96145243e-01 9.96063589e-01 9.95998275e-01 9.95946536e-01 9.95906076e-01 9.95875054e-01 9.95852036e-01 9.95835954e-01 9.95826063e-01 9.95821903e-01 9.95823285e-01 9.95830269e-01 9.95843181e-01 9.95862619e-01 9.95889484e-01 9.95925021e-01 9.95970863e-01 9.96029073e-01 9.96102182e-01 9.96193185e-01 9.96305480e-01 9.96442720e-01 9.96608507e-01 9.96805928e-01 9.97036886e-01 9.97301285e-01 9.97596164e-01 9.97915010e-01 9.98247522e-01 9.98580125e-01 9.98897396e-01 9.99184295e-01 9.99428725e-01 9.99623711e-01 9.99768436e-01 9.99867754e-01 9.99930378e-01 9.99966432e-01 9.99985272e-01 9.99994153e-01 9.99997908e-01 9.99999324e-01 9.99999798e-01 9.99999938e-01 9.99999975e-01 9.99999983e-01 9.99999985e-01 9.99999985e-01 9.99999985e-01 9.99999985e-01 9.99999985e-01 9.99999985e-01 9.99999985e-01 9.99999985e-01 9.99999985e-01 9.99999985e-01 9.99999985e-01 9.99999985e-01 9.99999985e-01 9.99999984e-01
9.99999984e-01 9.99999985e-01 9.99999985e-01 9.99999985e-01 9.99999985e-01 9.99999985e-01 9.99999985e-01 9.99999985e-01 9.99999985e-01 9.99999985e-01 9.99999985e-01 9.99999985e-01 9.99999985e-01 9.99999985e-01 9.99999983e-01 9.99999974e-01 9.99999935e-01 9.99999783e-01 9.99999270e-01 9.99997737e-01 9.99993680e-01 9.99984116e-01 9.99963916e-01 9.99925469e-01 9.99859122e-01 9.99754674e-01 9.99603714e-01 9.99402120e-01 9.99151773e-01 9.98860811e-01 9.98542305e-01 9.98211861e-01 9.97884958e-01 9.97574763e-01 9.97290851e-01 9.97038865e-01 9.96820915e-01 9.96636376e-01 9.96482801e-01 9.96356748e-01 9.96254418e-01 9.96172093e-01 9.96106387e-01 9.96054377e-01 9.96013626e-01 9.95982172e-01 9.95958479e-01 9.95941385e-01 9.95930053e-01 9.95923930e-01 9.95922721e-01 9.95926365e-01 9.95935039e-01 9.95949166e-01 9.95969436e-01 9.95996842e-01 9.96032727e-01 9.96078834e-01 9.96137357e-01 9.96210976e-01 9.96302856e-01 9.96416569e-01 9.96555918e-01 9.96724589e-01 9.96925621e-01 9.97160660e-01 9.97429079e-01 9.97727081e-01 9.98047069e-01 9.98377575e-01 9.98704053e-01 9.99010643e-01 9.99282670e-01 9.99509280e-01 9.99685392e-01 9.99812259e-01 9.99896432e-01 9.99947541e-01 9.99975764e-01 9.99989850e-01 9.99996168e-01 9.99998699e-01 9.99999599e-01 9.99999883e-01 9.99999961e-01 9.99999980e-01 9.99999984e-01 9.99999985e-01 9.99999985e-01 9.99999985e-01 9.99999985e-01 9.99999985e-01 9.99999985e-01 9.99999985e-01 9.99999985e-01 9.99999985e-01 9.99999985e-01 9.99999985e-01 9.99999985e-01 9.99999984e-01 9.99999984e-01 9.99999985e-01 9.99999985e-01 9.99999985e-01 9.99999985e-01 9.99999985e-01 9.99999985e-01 9.99999985e-01 9.99999985e-01 9.99999985e-01 9.99999985e-01 9.99999985e-01 9.99999985e-01 9.99999984e-01 9.99999980e-01 9.99999961e-01 9.99999883e-01 9.99999599e-01 9.99998699e-01 9.99996168e-01 9.99989850e-01 9.99975764e-01 9.99947541e-01 9.99896432e-01 9.99812259e-01 9.99685392e-01 9.99509280e-01 9.99282670e-01 9.99010643e-01 9.98704053e-01 9.98377575e-01 9.98047069e-01 9.97727081e-01 9.97429079e-01 9.97160660e-01 9.96925621e-01 9.96724589e-01 9.96555918e-01 9.96416569e-01 9.96302856e-01 9.96210976e-01 9.96137357e-01 9.96078834e-01 9.96032727e-01 9.95996842e-01 9.95969436e-01 9.95949166e-01 9.95935039e-01 9.95926365e-01 9.95922721e-01 9.95923930e-01 9.95930053e-01 9.95941385e-01 9.95958479e-01 9.95982172e-01 9.96013626e-01 9.96054377e-01 9.96106387e-01 9.96172093e-01 9.96254418e-01 9.96356748e-01 9.96482801e-01 9.96636376e-01 9.96820915e-01 9.97038865e-01 9.97290851e-01 9.97574763e-01 9.97884958e-01 9.98211861e-01 9.98542305e-01 9.98860811e-01 9.99151773e-01 9.99402120e-01 9.99603714e-01 9.99754674e-01 9.99859122e-01 9.99925469e-01 9.99963916e-01 9.99984116e-01 9.99993680e-01 9.99997737e-01 9.99999270e-01 9.99999783e-01 9.99999935e-01 9.99999974e-01 9.99999983e-01 9.99999985e-01 9.99999985e-01 9.99999985e-01 9.99999985e-01 9.99999985e-01 9.99999985e-01 9.99999985e-01 9.99999985e-01 9.99999985e-01 9.99999985e-01 9.99999985e-01 9.99999985e-01 9.99999985e-01 9.99999984e-01
9.99999984e-01 9.99999985e-01 9.99999985e-01 9.99999985e-01 9.99999985e-01 9.99999985e-01 9.99999985e-01 9.99999985e-01 9.99999985e-01 9.99999985e-01 9.99999985e-01 9.99999985e-01 9.99999985e-01 9.99999984e-01 9.99999983e-01 9.99999973e-01 9.99999931e-01 9.99999767e-01 9.99999212e-01 9.99997554e-01 9.99993176e-01 9.99982888e-01 9.99961256e-01 9.99920315e-01 9.99850134e-01 9.99740482e-01 9.99583319e-01 9.99375325e-01 9.99119494e-01 9.98825122e-01 9.98506200e-01 9.98178800e-01 9.97858342e-01 9.97557484e-01 9.97285003e-01 9.97045648e-01 9.96840686e-01 9.96668806e-01 9.96527069e-01 9.96411730e-01 9.96318843e-01 9.96244661e-01 9.96185846e-01 9.96139564e-01 9.96103487e-01 9.96075763e-01 9.96054953e-01 9.96039982e-01 9.96030078e-01 9.96024734e-01 9.96023679e-01 9.96026858e-01 9.96034434e-01 9.96046793e-01 9.96064569e-01 9.96088680e-01 9.96120376e-01 9.96161295e-01 9.96213522e-01 9.96279634e-01 9.96362722e-01 9.96466347e-01 9.96594393e-01 9.96750767e-01 9.96938901e-01 9.97161034e-01 9.97417309e-01 9.97704817e-01 9.98016829e-01 9.98342552e-01 9.98667741e-01 9.98976333e-01 9.99252944e-01 9.99485645e-01 9.99668183e-01 9.99800828e-01 9.99889538e-01 9.99943788e-01 9.99973930e-01 9.99989051e-01 9.99995859e-01 9.99998594e-01 9.99999568e-01 9.99999875e-01 9.99999959e-01 9.99999980e-01 9.99999984e-01 9.99999985e-01 9.99999985e-01 9.99999985e-01 9.99999985e-01 9.99999985e-01 9.99999985e-01 9.99999985e-01 9.99999985e-01 9.99999985e-01 9.99999985e-01 9.99999985e-01 9.99999985e-01 9.99999984e-01 9.99999984e-01 9.99999985e-01 9.99999985e-01 9.99999985e-01 9.99999985e-01 9.99999985e-01 9.99999985e-01 9.99999985e-01 9.99999985e-01 9.99999985e-01 9.99999985e-01 9.99999985e-01 9.99999985e-01 9.99999984e-01 9.99999980e-01 9.99999959e-01 9.99999875e-01 9.99999568e-01 9.99998594e-01 9.99995859e-01 9.99989051e-01 9.99973930e-01 9.99943788e-01 9.99889538e-01 9.99800828e-01 9.99668183e-01 9.99485645e-01 9.99252944e-01 9.98976333e-01 9.98667741e-01 9.98342552e-01 9.98016829e-01 9.97704817e-01 9.97417309e-01 9.97161034e-01 9.96938901e-01 9.96750767e-01 9.96594393e-01 9.96466347e-01 9.96362722e-01 9.96279634e-01 9.96213522e-01 9.96161295e-01 9.96120376e-01 9.96088680e-01 9.96064569e-01 9.96046793e-01 9.96034434e-01 9.96026858e-01 9.96023679e-01 9.96024734e-01 9.96030078e-01 9.96039982e-01 9.96054953e-01 9.96075763e-01 9.96103487e-01 9.96139564e-01 9.96185846e-01 9.96244661e-01 9.96318843e-01 9.96411730e-01 9.96527069e-01 9.96668806e-01 9.96840686e-01 9.97045648e-01 9.97285003e-01 9.97557484e-01 9.97858342e-01 9.98178800e-01 9.98506200e-01 9.98825122e-01 9.99119494e-01 9.99375325e-01 9.99583319e-01 9.99740482e-01 9.99850134e-01 9.99920315e-01 9.99961256e-01 9.99982888e-01 9.99993176e-01 9.99997554e-01 9.99999212e-01 9.99999767e-01 9.99999931e-01 9.99999973e-01 9.99999983e-01 9.99999984e-01 9.99999985e-01 9.99999985e-01 9.99999985e-01 9.99999985e-01 9.99999985e-01 9.99999985e-01 9.99999985e-01 9.99999985e-01 9.99999985e-01 9.99999985e-01 9.99999985e-01 9.99999985e-01 9.99999984e-01
9.99999984e-01 9.99999984e-01 9.99999985e-01 9.99999985e-01 9.99999985e-01 9.99999985e-01 9.99999985e-01 9.99999985e-01 9.99999985e-01 9.99999985e-01 9.99999985e-01 9.99999985e-01 9.99999985e-01 9.99999984e-01 9.99999982e-01 9.99999972e-01 9.99999927e-01 9.99999750e-01 9.99999150e-01 9.99997358e-01 9.99992638e-01 9.99981582e-01 9.99958446e-01 9.99914911e-01 9.99840792e-01 9.99725876e-01 9.99562566e-01 9.99348414e-01 9.99087564e-01 9.98790460e-01 9.98471944e-01 9.98148446e-01 9.97835214e-01 9.97544300e-01 9.97283625e-01 9.97057023e-01 9.96864941e-01 9.96705425e-01 9.96575095e-01 9.96469958e-01 9.96385969e-01 9.96319388e-01 9.96266952e-01 9.96225934e-01 9.96194126e-01 9.96169789e-01 9.96151588e-01 9.96138531e-01 9.96129910e-01 9.96125265e-01 9.96124349e-01 9.96127111e-01 9.96133700e-01 9.96144467e-01 9.96159991e-01 9.96181116e-01 9.96208998e-01 9.96245166e-01 9.96291585e-01 9.96350719e-01 9.96425564e-01 9.96519634e-01 9.96636855e-01 9.96781301e-01 9.96956745e-01 9.97165968e-01 9.97409853e-01 9.97686371e-01 9.97989702e-01 9.98309808e-01 9.98632854e-01 9.98942689e-01 9.99223306e-01 9.99461746e-01 9.99650569e-01 9.99789003e-01 9.99882341e-01 9.99939838e-01 9.99971987e-01 9.99988200e-01 9.99995529e-01 9.99998481e-01 9.99999535e-01 9.99999866e-01 9.99999957e-01 9.99999979e-01 9.99999984e-01 9.99999985e-01 9.99999985e-01 9.99999985e-01 9.99999985e-01 9.99999985e-01 9.99999985e-01 9.99999985e-01 9.99999985e-01 9.99999985e-01 9.99999985e-01 9.99999985e-01 9.99999985e-01 9.99999984e-01 9.99999984e-01 9.99999985e-01 9.99999985e-01 9.99999985e-01 9.99999985e-01 9.99999985e-01 9.99999985e-01 9.99999985e-01 9.99999985e-01 9.99999985e-01 9.99999985e-01 9.99999985e-01 9.99999985e-01 9.99999984e-01 9.99999979e-01 9.99999957e-01 9.99999866e-01 9.99999535e-01 9.99998481e-01 9.99995529e-01 9.99988200e-01 9.99971987e-01 9.99939838e-01 9.99882341e-01 9.99789003e-01 9.99650569e-01 9.99461746e-01 9.99223306e-01 9.98942689e-01 9.98632854e-01 9.98309808e-01 9.97989702e-01 9.97686371e-01 9.97409853e-01 9.97165968e-01 9.96956745e-01 9.96781301e-01 9.96636855e-01 9.96519634e-01 9.96425564e-01 9.96350719e-01 9.96291585e-01 9.96245166e-01 9.96208998e-01 9.96181116e-01 9.96159991e-01 9.96144467e-01 9.96133700e-01 9.96127111e-01 9.96124349e-01 9.96125265e-01 9.96129910e-01 9.96138531e-01 9.96151588e-01 9.96169789e-01 9.96194126e-01 9.96225934e-01 9.96266952e-01 9.96319388e-01 9.96385969e-01 9.96469958e-01 9.96575095e-01 9.96705425e-01 9.96864941e-01 9.97057023e-01 9.97283625e-01 9.97544300e-01 9.97835214e-01 9.98148446e-01 9.98471944e-01 9.98790460e-01 9.99087564e-01 9.99348414e-01 9.99562566e-01 9.99725876e-01 9.99840792e-01 9.99914911e-01 9.99958446e-01 9.99981582e-01 9.99992638e-01 9.99997358e-01 9.99999150e-01 9.99999750e-01 9.99999927e-01 9.99999972e-01 9.99999982e-01 9.99999984e-01 9.99999985e-01 9.99999985e-01 9.99999985e-01 9.99999985e-01 9.99999985e-01 9.99999985e-01 9.99999985e-01 9.99999985e-01 9.99999985e-01 9.99999985e-01 9.99999985e-01 9.99999984e-01 9.99999984e-01
9.99999984e-01 9.99999984e-01 9.99999985e-01 9.99999985e-01 9.99999985e-01 9.99999985e-01 9.99999985e-01 9.99999985e-01 9.99999985e-01 9.99999985e-01 9.99999985e-01 9.99999985e-01 9.99999985e-01 9.99999984e-01 9.99999982e-01 9.99999971e-01 9.99999922e-01 9.99999731e-01 9.99999083e-01 9.99997149e-01 9.99992064e-01 9.99980197e-01 9.99955483e-01 9.99909255e-01 9.99831098e-01 9.99710876e-01 9.99541500e-01 9.99321465e-01 9.99056092e-01 9.98756950e-01 9.98439655e-01 9.98120886e-01 9.97815602e-01 9.97535158e-01 9.97286572e-01 9.97072757e-01 9.96893367e-01 9.96745853e-01 9.96626455e-01 9.96530979e-01 9.96455329e-01 9.96395805e-01 9.96349243e-01 9.96313037e-01 9.96285106e-01 9.96263830e-01 9.96247976e-01 9.96236634e-01 9.96229162e-01 9.96225141e-01 9.96224348e-01 9.96226739e-01 9.96232446e-01 9.96241787e-01 9.96255289e-01 9.96273721e-01 9.96298148e-01 9.96329987e-01 9.96371079e-01 9.96423762e-01 9.96490918e-01 9.96575989e-01 9.96682899e-01 9.96815843e-01 9.96978879e-01 9.97175275e-01 9.97406612e-01 9.97671733e-01 9.97965750e-01 9.98279452e-01 9.98599518e-01 9.98909827e-01 9.99193849e-01 9.99437645e-01 9.99632580e-01 9.99776793e-01 9.99874839e-01 9.99935687e-01 9.99969931e-01 9.99987294e-01 9.99995177e-01 9.99998361e-01 9.99999499e-01 9.99999857e-01 9.99999955e-01 9.99999979e-01 9.99999984e-01 9.99999985e-01 9.99999985e-01 9.99999985e-01 9.99999985e-01 9.99999985e-01 9.99999985e-01 9.99999985e-01 9.99999985e-01 9.99999985e-01 9.99999985e-01 9.99999985e-01 9.99999985e-01 9.99999984e-01 9.99999984e-01 9.99999985e-01 9.99999985e-01 9.99999985e-01 9.99999985e-01 9.99999985e-01 9.99999985e-01 9.99999985e-01 9.99999985e-01 9.99999985e-01 9.99999985e-01 9.99999985e-01 9.99999985e-01 9.99999984e-01 9.99999979e-01 9.99999955e-01 9.99999857e-01 9.99999499e-01 9.99998361e-01 9.99995177e-01 9.99987294e-01 9.99969931e-01 9.99935687e-01 9.99874839e-01 9.99776793e-01 9.99632580e-01 9.99437645e-01 9.99193849e-01 9.98909827e-01 9.98599518e-01 9.98279452e-01 9.97965750e-01 9.97671733e-01 9.97406612e-01 9.97175275e-01 9.96978879e-01 9.96815843e-01 9.96682899e-01 9.96575989e-01 9.96490918e-01 9.96423762e-01 9.96371079e-01 9.96329987e-01 9.96298148e-01 9.96273721e-01 9.96255289e-01 9.96241787e-01 9.96232446e-01 9.96226739e-01 9.96224348e-01 9.96225141e-01 9.96229162e-01 9.96236634e-01 9.96247976e-01 9.96263830e-01 9.96285106e-01 9.96313037e-01 9.96349243e-01 9.96395805e-01 9.96455329e-01 9.96530979e-01 9.96626455e-01 9.96745853e-01 9.96893367e-01 9.97072757e-01 9.97286572e-01 9.97535158e-01 9.97815602e-01 9.98120886e-01 9.98439655e-01 9.98756950e-01 9.99056092e-01 9.99321465e-01 9.99541500e-01 9.99710876e-01 9.99831098e-01 9.99909255e-01 9.99955483e-01 9.99980197e-01 9.99992064e-01 9.99997149e-01 9.99999083e-01 9.99999731e-01 9.99999922e-01 9.99999971e-01 9.99999982e-01 9.99999984e-01 9.99999985e-01 9.99999985e-01 9.99999985e-01 9.99999985e-01 9.99999985e-01 9.99999985e-01 9.99999985e-01 9.99999985e-01 9.99999985e-01 9.99999985e-01 9.99999985e-01 9.99999984e-01 9.99999984e-01
9.99999984e-01 9.99999984e-01 9.99999985e-01 9.99999985e-01 9.99999985e-01 9.99999985e-01 9.99999985e-01 9.99999985e-01 9.99999985e-01 9.99999985e-01 9.99999985e-01 9.99999985e-01 9.99999985e-01 9.99999984e-01 9.99999982e-01 9.99999970e-01 9.99999918e-01 9.99999712e-01 9.99999011e-01 9.99996925e-01 9.99991452e-01 9.99978729e-01 9.99952363e-01 9.99903344e-01 9.99821058e-01 9.99695501e-01 9.99520168e-01 9.99294553e-01 9.99025182e-01 9.98724712e-01 9.98409444e-01 9.98096192e-01 9.97799511e-01 9.97529982e-01 9.97293678e-01 9.97092598e-01 9.96925640e-01 9.96789712e-01 9.96680729e-01 9.96594354e-01 9.96526477e-01 9.96473471e-01 9.96432289e-01 9.96400459e-01 9.96376033e-01 9.96357508e-01 9.96343755e-01 9.96333944e-01 9.96327494e-01 9.96324028e-01 9.96323344e-01 9.96325404e-01 9.96330327e-01 9.96338399e-01 9.96350094e-01 9.96366111e-01 9.96387424e-01 9.96415338e-01 9.96451570e-01 9.96498320e-01 9.96558343e-01 9.96634982e-01 9.96732125e-01 9.96854039e-01 9.97005013e-01 9.97188744e-01 9.97407466e-01 9.97660869e-01 9.97945014e-01 9.98251577e-01 9.98567853e-01 9.98877864e-01 9.99164666e-01 9.99413402e-01 9.99614250e-01 9.99764211e-01 9.99867032e-01 9.99931331e-01 9.99967759e-01 9.99986332e-01 9.99994801e-01 9.99998232e-01 9.99999461e-01 9.99999847e-01 9.99999953e-01 9.99999979e-01 9.99999984e-01 9.99999985e-01 9.99999985e-01 9.99999985e-01 9.99999985e-01 9.99999985e-01 9.99999985e-01 9.99999985e-01 9.99999985e-01 9.99999985e-01 9.99999985e-01 9.99999985e-01 9.99999985e-01 9.99999984e-01 9.99999984e-01 9.99999985e-01 9.99999985e-01 9.99999985e-01 9.99999985e-01 9.99999985e-01 9.99999985e-01 9.99999985e-01 9.99999985e-01 9.99999985e-01 9.99999985e-01 9.99999985e-01 9.99999985e-01 9.99999984e-01 9.99999979e-01 9.99999953e-01 9.99999847e-01 9.99999461e-01 9.99998232e-01 9.99994801e-01 9.99986332e-01 9.99967759e-01 9.99931331e-01 9.99867032e-01 9.99764211e-01 9.99614250e-01 9.99413402e-01 9.99164666e-01 9.98877864e-01 9.98567853e-01 9.98251577e-01 9.97945014e-01 9.97660869e-01 9.97407466e-01 9.97188744e-01 9.97005013e-01 9.96854039e-01 9.96732125e-01 9.96634982e-01 9.96558343e-01 9.96498320e-01 9.96451570e-01 9.96415338e-01 9.96387424e-01 9.96366111e-01 9.96350094e-01 9.96338399e-01 9.96330327e-01 9.96325404e-01 9.96323344e-01 9.96324028e-01 9.96327494e-01 9.96333944e-01 9.96343755e-01 9.96357508e-01 9.96376033e-01 9.96400459e-01 9.96432289e-01 9.96473471e-01 9.96526477e-01 9.96594354e-01 9.96680729e-01 9.96789712e-01 9.96925640e-01 9.97092598e-01 9.97293678e-01 9.97529982e-01 9.97799511e-01 9.98096192e-01 9.98409444e-01 9.98724712e-01 9.99025182e-01 9.99294553e-01 9.99520168e-01 9.99695501e-01 9.99821058e-01 9.99903344e-01 9.99952363e-01 9.99978729e-01 9.99991452e-01 9.99996925e-01 9.99999011e-01 9.99999712e-01 9.99999918e-01 9.99999970e-01 9.99999982e-01 9.99999984e-01 9.99999985e-01 9.99999985e-01 9.99999985e-01 9.99999985e-01 9.99999985e-01 9.99999985e-01 9.99999985e-01 9.99999985e-01 9.99999985e-01 9.99999985e-01 9.99999985e-01 9.99999984e-01 9.99999984e-01
9.99999984e-01 9.99999984e-01 9.99999985e-01 9.99999985e-01 9.99999985e-01 9.99999985e-01 9.99999985e-01 9.99999985e-01 9.99999985e-01 9.99999985e-01 9.99999985e-01 9.99999985e-01 9.99999985e-01 9.99999984e-01 9.99999982e-01 9.99999969e-01 9.99999913e-01 9.99999690e-01 9.99998935e-01 9.99996686e-01 9.99990802e-01 9.99977175e-01 9.99949080e-01 9.99897175e-01 9.99810678e-01 9.99679776e-01 9.99498620e-01 9.99267761e-01 9.98994940e-01 9.98693859e-01 9.98381409e-01 9.98074415e-01 9.97786927e-01 9.97528673e-01 9.97304758e-01 9.97116282e-01 9.96961428e-01 9.96836623e-01 9.96737512e-01 9.96659664e-01 9.96598996e-01 9.96551979e-01 9.96515700e-01 9.96487829e-01 9.96466554e-01 9.96450491e-01 9.96438608e-01 9.96430156e-01 9.96424610e-01 9.96421634e-01 9.96421047e-01 9.96422816e-01 9.96427045e-01 9.96433991e-01 9.96444080e-01 9.96457943e-01 9.96476463e-01 9.96500838e-01 9.96532656e-01 9.96573977e-01 9.96627417e-01 9.96696196e-01 9.96784137e-01 9.96895533e-01 9.97034847e-01 9.97206149e-01 9.97412272e-01 9.97653722e-01 9.97927514e-01 9.98226262e-01 9.98537965e-01 9.98846912e-01 9.99135852e-01 9.99389083e-01 9.99595614e-01 9.99751271e-01 9.99858921e-01 9.99926767e-01 9.99965466e-01 9.99985311e-01 9.99994400e-01 9.99998095e-01 9.99999420e-01 9.99999836e-01 9.99999951e-01 9.99999978e-01 9.99999984e-01 9.99999985e-01 9.99999985e-01 9.99999985e-01 9.99999985e-01 9.99999985e-01 9.99999985e-01 9.99999985e-01 9.99999985e-01 9.99999985e-01 9.99999985e-01 9.99999985e-01 9.99999985e-01 9.99999984e-01 9.99999984e-01 9.99999985e-01 9.99999985e-01 9.99999985e-01 9.99999985e-01 9.99999985e-01 9.99999985e-01 9.99999985e-01 9.99999985e-01 9.99999985e-01 9.99999985e-01 9.99999985e-01 9.99999985e-01 9.99999984e-01 9.99999978e-01 9.99999951e-01 9.99999836e-01 9.99999420e-01 9.99998095e-01 9.99994400e-01 9.99985311e-01 9.99965466e-01 9.99926767e-01 9.99858921e-01 9.99751271e-01 9.99595614e-01 9.99389083e-01 9.99135852e-01 9.98846912e-01 9.98537965e-01 9.98226262e-01 9.97927514e-01 9.97653722e-01 9.97412272e-01 9.97206149e-01 9.97034847e-01 9.96895533e-01 9.96784137e-01 9.96696196e-01 9.96627417e-01 9.96573977e-01 9.96532656e-01 9.96500838e-01 9.96476463e-01 9.96457943e-01 9.96444080e-01 9.96433991e-01 9.96427045e-01 9.96422816e-01 9.96421047e-01 9.96421634e-01 9.96424610e-01 9.96430156e-01 9.96438608e-01 9.96450491e-01 9.96466554e-01 9.96487829e-01 9.96515700e-01 9.96551979e-01 9.96598996e-01 9.96659664e-01 9.96737512e-01 9.96836623e-01 9.96961428e-01 9.97116282e-01 9.97304758e-01 9.97528673e-01 9.97786927e-01 9.98074415e-01 9.98381409e-01 9.98693859e-01 9.98994940e-01 9.99267761e-01 9.99498620e-01 9.99679776e-01 9.99810678e-01 9.99897175e-01 9.99949080e-01 9.99977175e-01 9.99990802e-01 9.99996686e-01 9.99998935e-01 9.99999690e-01 9.99999913e-01 9.99999969e-01 9.99999982e-01 9.99999984e-01 9.99999985e-01 9.99999985e-01 9.99999985e-01 9.99999985e-01 9.99999985e-01 9.99999985e-01 9.99999985e-01 9.99999985e-01 9.99999985e-01 9.99999985e-01 9.99999985e-01 9.99999984e-01 9.99999984e-01
9.99999984e-01 9.99999984e-01 9.99999985e-01 9.99999985e-01 9.99999985e-01 9.99999985e-01 9.99999985e-01 9.99999985e-01 9.99999985e-01 9.99999985e-01 9.99999985e-01 9.99999985e-01 9.99999985e-01 9.99999984e-01 9.99999982e-01 9.99999968e-01 9.99999907e-01 9.99999668e-01 9.99998853e-01 9.99996431e-01 9.99990110e-01 9.99975532e-01 9.99945632e-01 9.99890747e-01 9.99799966e-01 9.99663725e-01 9.99476907e-01 9.99241168e-01 9.98965469e-01 9.98664497e-01 9.98355631e-01 9.98055590e-01 9.97777811e-01 9.97531110e-01 9.97319608e-01 9.97143531e-01 9.97000399e-01 9.96886213e-01 9.96796410e-01 9.96726511e-01 9.96672494e-01 9.96630953e-01 9.96599120e-01 9.96574814e-01 9.96556357e-01 9.96542484e-01 9.96532259e-01 9.96525007e-01 9.96520259e-01 9.96517713e-01 9.96517212e-01 9.96518724e-01 9.96522342e-01 9.96528295e-01 9.96536963e-01 9.96548913e-01 9.96564942e-01 9.96586141e-01 9.96613972e-01 9.96650352e-01 9.96697746e-01 9.96759237e-01 9.96838551e-01 9.96939969e-01 9.97068074e-01 9.97227248e-01 9.97420867e-01 9.97650214e-01 9.97913252e-01 9.98203568e-01 9.98509954e-01 9.98817078e-01 9.99107499e-01 9.99364754e-01 9.99576710e-01 9.99737986e-01 9.99850510e-01 9.99921991e-01 9.99963049e-01 9.99984227e-01 9.99993973e-01 9.99997947e-01 9.99999376e-01 9.99999825e-01 9.99999948e-01 9.99999978e-01 9.99999984e-01 9.99999985e-01 9.99999985e-01 9.99999985e-01 9.99999985e-01 9.99999985e-01 9.99999985e-01 9.99999985e-01 9.99999985e-01 9.99999985e-01 9.99999985e-01 9.99999985e-01 9.99999985e-01 9.99999984e-01 9.99999984e-01 9.99999985e-01 9.99999985e-01 9.99999985e-01 9.99999985e-01 9.99999985e-01 9.99999985e-01 9.99999985e-01 9.99999985e-01 9.99999985e-01 9.99999985e-01 9.99999985e-01 9.99999985e-01 9.99999984e-01 9.99999978e-01 9.99999948e-01 9.99999825e-01 9.99999376e-01 9.99997947e-01 9.99993973e-01 9.99984227e-01 9.99963049e-01 9.99921991e-01 9.99850510e-01 9.99737986e-01 9.99576710e-01 9.99364754e-01 9.99107499e-01 9.98817078e-01 9.98509954e-01 9.98203568e-01 9.97913252e-01 9.97650214e-01 9.97420867e-01 9.97227248e-01 9.97068074e-01 9.96939969e-01 9.96838551e-01 9.96759237e-01 9.96697746e-01 9.96650352e-01 9.96613972e-01 9.96586141e-01 9.96564942e-01 9.96548913e-01 9.96536963e-01 9.96528295e-01 9.96522342e-01 9.96518724e-01 9.96517212e-01 9.96517713e-01 9.96520259e-01 9.96525007e-01 9.96532259e-01 9.96542484e-01 9.96556357e-01 9.96574814e-01 9.96599120e-01 9.96630953e-01 9.96672494e-01 9.96726511e-01 9.96796410e-01 9.96886213e-01 9.97000399e-01 9.97143531e-01 9.97319608e-01 9.97531110e-01 9.97777811e-01 9.98055590e-01 9.98355631e-01 9.98664497e-01 9.98965469e-01 9.99241168e-01 9.99476907e-01 9.99663725e-01 9.99799966e-01 9.99890747e-01 9.99945632e-01 9.99975532e-01 9.99990110e-01 9.99996431e-01 9.99998853e-01 9.99999668e-01 9.99999907e-01 9.99999968e-01 9.99999982e-01 9.99999984e-01 9.99999985e-01 9.99999985e-01 9.99999985e-01 9.99999985e-01 9.99999985e-01 9.99999985e-01 9.99999985e-01 9.99999985e-01 9.99999985e-01 9.99999985e-01 9.99999985e-01 9.99999984e-01 9.99999984e-01
9.99999984e-01 9.99999984e-01 9.99999985e-01 9.99999985e-01 9.99999985e-01 9.99999985e-01 9.99999985e-01 9.99999985e-01 9.99999985e-01 9.99999985e-01 9.99999985e-01 9.99999985e-01 9.99999985e-01 9.99999984e-01 9.99999982e-01 9.99999967e-01 9.99999901e-01 9.99999643e-01 9.99998765e-01 9.99996159e-01 9.99989376e-01 9.99973796e-01 9.99942015e-01 9.99884061e-01 9.99788930e-01 9.99647378e-01 9.99455083e-01 9.99214856e-01 9.98936868e-01 9.98636725e-01 9.98332182e-01 9.98039733e-01 9.97772107e-01 9.97537155e-01 9.97338012e-01 9.97174063e-01 9.97042219e-01 9.96938121e-01 9.96857049e-01 9.96794523e-01 9.96746613e-01 9.96710052e-01 9.96682230e-01 9.96661117e-01 9.96645170e-01 9.96633237e-01 9.96624474e-01 9.96618276e-01 9.96614226e-01 9.96612058e-01 9.96611631e-01 9.96612919e-01 9.96616002e-01 9.96621084e-01 9.96628502e-01 9.96638760e-01 9.96652577e-01 9.96670941e-01 9.96695188e-01 9.96727092e-01 9.96768961e-01 9.96823729e-01 9.96894997e-01 9.96986997e-01 9.97104383e-01 9.97251788e-01 9.97433073e-01 9.97650249e-01 9.97902208e-01 9.98183542e-01 9.98483907e-01 9.98788464e-01 9.99079700e-01 9.99340485e-01 9.99557579e-01 9.99724376e-01 9.99841800e-01 9.99917001e-01 9.99960504e-01 9.99983080e-01 9.99993518e-01 9.99997790e-01 9.99999329e-01 9.99999813e-01 9.99999946e-01 9.99999977e-01 9.99999983e-01 9.99999985e-01 9.99999985e-01 9.99999985e-01 9.99999985e-01 9.99999985e-01 9.99999985e-01 9.99999985e-01 9.99999985e-01 9.99999985e-01 9.99999985e-01 9.99999985e-01 9.99999985e-01 9.99999984e-01 9.99999984e-01 9.99999985e-01 9.99999985e-01 9.99999985e-01 9.99999985e-01 9.99999985e-01 9.99999985e-01 9.99999985e-01 9.99999985e-01 9.99999985e-01 9.99999985e-01 9.99999985e-01 9.99999985e-01 9.99999983e-01 9.99999977e-01 9.99999946e-01 9.99999813e-01 9.99999329e-01 9.99997790e-01 9.99993518e-01 9.99983080e-01 9.99960504e-01 9.99917001e-01 9.99841800e-01 9.99724376e-01 9.99557579e-01 9.99340485e-01 9.99079700e-01 9.98788464e-01 9.98483907e-01 9.98183542e-01 9.97902208e-01 9.97650249e-01 9.97433073e-01 9.97251788e-01 9.97104383e-01 9.96986997e-01 9.96894997e-01 9.96823729e-01 9.96768961e-01 9.96727092e-01 9.96695188e-01 9.96670941e-01 9.96652577e-01 9.96638760e-01 9.96628502e-01 9.96621084e-01 9.96616002e-01 9.96612919e-01 9.96611631e-01 9.96612058e-01 9.96614226e-01 9.96618276e-01 9.96624474e-01 9.96633237e-01 9.96645170e-01 9.96661117e-01 9.96682230e-01 9.96710052e-01 9.96746613e-01 9.96794523e-01 9.96857049e-01 9.96938121e-01 9.97042219e-01 9.97174063e-01 9.97338012e-01 9.97537155e-01 9.97772107e-01 9.98039733e-01 9.98332182e-01 9.98636725e-01 9.98936868e-01 9.99214856e-01 9.99455083e-01 9.99647378e-01 9.99788930e-01 9.99884061e-01 9.99942015e-01 9.99973796e-01 9.99989376e-01 9.99996159e-01 9.99998765e-01 9.99999643e-01 9.99999901e-01 9.99999967e-01 9.99999982e-01 9.99999984e-01 9.99999985e-01 9.99999985e-01 9.99999985e-01 9.99999985e-01 9.99999985e-01 9.99999985e-01 9.99999985e-01 9.99999985e-01 9.99999985e-01 9.99999985e-01 9.99999985e-01 9.99999984e-01 9.99999984e-01
9.99999984e-01 9.99999984e-01 9.99999985e-01 9.99999985e-01 9.99999985e-01 9.99999985e-01 9.99999985e-01 9.99999985e-01 9.99999985e-01 9.99999985e-01 9.99999985e-01 9.99999985e-01 9.99999985e-01 9.99999984e-01 9.99999981e-01 9.99999966e-01 9.99999895e-01 9.99999617e-01 9.99998672e-01 9.99995870e-01 9.99988597e-01 9.99971964e-01 9.99938226e-01 9.99877115e-01 9.99777582e-01 9.99630764e-01 9.99433205e-01 9.99188907e-01 9.98909233e-01 9.98610631e-01 9.98311118e-01 9.98026843e-01 9.97769739e-01 9.97546654e-01 9.97359742e-01 9.97207588e-01 9.97086560e-01 9.96991995e-01 9.96919073e-01 9.96863352e-01 9.96821020e-01 9.96788968e-01 9.96764747e-01 9.96746480e-01 9.96732756e-01 9.96722533e-01 9.96715053e-01 9.96709777e-01 9.96706338e-01 9.96704498e-01 9.96704137e-01 9.96705228e-01 9.96707846e-01 9.96712166e-01 9.96718488e-01 9.96727260e-01 9.96739123e-01 9.96754967e-01 9.96776008e-01 9.96803877e-01 9.96840723e-01 9.96889317e-01 9.96953119e-01 9.97036275e-01 9.97143463e-01 9.97279511e-01 9.97448697e-01 9.97653710e-01 9.97894347e-01 9.98166214e-01 9.98459901e-01 9.98761165e-01 9.99052545e-01 9.99316343e-01 9.99538263e-01 9.99710459e-01 9.99832796e-01 9.99911795e-01 9.99957829e-01 9.99981865e-01 9.99993035e-01 9.99997623e-01 9.99999279e-01 9.99999800e-01 9.99999943e-01 9.99999977e-01 9.99999983e-01 9.99999985e-01 9.99999985e-01 9.99999985e-01 9.99999985e-01 9.99999985e-01 9.99999985e-01 9.99999985e-01 9.99999985e-01 9.99999985e-01 9.99999985e-01 9.99999985e-01 9.99999985e-01 9.99999984e-01 9.99999984e-01 9.99999985e-01 9.99999985e-01 9.99999985e-01 9.99999985e-01 9.99999985e-01 9.99999985e-01 9.99999985e-01 9.99999985e-01 9.99999985e-01 9.99999985e-01 9.99999985e-01 9.99999985e-01 9.99999983e-01 9.99999977e-01 9.99999943e-01 9.99999800e-01 9.99999279e-01 9.99997623e-01 9.99993035e-01 9.99981865e-01 9.99957829e-01 9.99911795e-01 9.99832796e-01 9.99710459e-01 9.99538263e-01 9.99316343e-01 9.99052545e-01 9.98761165e-01 9.98459901e-01 9.98166214e-01 9.97894347e-01 9.97653710e-01 9.97448697e-01 9.97279511e-01 9.97143463e-01 9.97036275e-01 9.96953119e-01 9.96889317e-01 9.96840723e-01 9.96803877e-01 9.96776008e-01 9.96754967e-01 9.96739123e-01 9.96727260e-01 9.96718488e-01 9.96712166e-01 9.96707846e-01 9.96705228e-01 9.96704137e-01 9.96704498e-01 9.96706338e-01 9.96709777e-01 9.96715053e-01 9.96722533e-01 9.96732756e-01 9.96746480e-01 9.96764747e-01 9.96788968e-01 9.96821020e-01 9.96863352e-01 9.96919073e-01 9.96991995e-01 9.97086560e-01 9.97207588e-01 9.97359742e-01 9.97546654e-01 9.97769739e-01 9.98026843e-01 9.98311118e-01 9.98610631e-01 9.98909233e-01 9.99188907e-01 9.99433205e-01 9.99630764e-01 9.99777582e-01 9.99877115e-01 9.99938226e-01 9.99971964e-01 9.99988597e-01 9.99995870e-01 9.99998672e-01 9.99999617e-01 9.99999895e-01 9.99999966e-01 9.99999981e-01 9.99999984e-01 9.99999985e-01 9.99999985e-01 9.99999985e-01 9.99999985e-01 9.99999985e-01 9.99999985e-01 9.99999985e-01 9.99999985e-01 9.99999985e-01 9.99999985e-01 9.99999985e-01 9.99999984e-01 9.99999984e-01
9.99999984e-01 9.99999984e-01 9.99999985e-01 9.99999985e-01 9.99999985e-01 9.99999985e-01 9.99999985e-01 9.99999985e-01 9.99999985e-01 9.99999985e-01 9.99999985e-01 9.99999985e-01 9.99999985e-01 9.99999984e-01 9.99999981e-01 9.99999965e-01 9.99999889e-01 9.99999590e-01 9.99998572e-01 9.99995561e-01 9.99987771e-01 9.99970034e-01 9.99934262e-01 9.99869912e-01 9.99765934e-01 9.99613916e-01 9.99411331e-01 9.99163402e-01 9.98882657e-01 9.98586296e-01 9.98292481e-01 9.98016901e-01 9.97770614e-01 9.97559437e-01 9.97384559e-01 9.97243820e-01 9.97133100e-01 9.97047500e-01 9.96982148e-01 9.96932677e-01 9.96895417e-01 9.96867426e-01 9.96846423e-01 9.96830681e-01 9.96818918e-01 9.96810194e-01 9.96803834e-01 9.96799361e-01 9.96796451e-01 9.96794897e-01 9.96794591e-01 9.96795513e-01 9.96797726e-01 9.96801385e-01 9.96806752e-01 9.96814223e-01 9.96824368e-01 9.96837984e-01 9.96856171e-01 9.96880420e-01 9.96912721e-01 9.96955674e-01 9.97012581e-01 9.97087472e-01 9.97185007e-01 9.97310149e-01 9.97467534e-01 9.97660467e-01 9.97889612e-01 9.98151598e-01 9.98437999e-01 9.98735271e-01 9.99026124e-01 9.99292401e-01 9.99518806e-01 9.99696258e-01 9.99823505e-01 9.99906371e-01 9.99955019e-01 9.99980582e-01 9.99992521e-01 9.99997444e-01 9.99999225e-01 9.99999786e-01 9.99999940e-01 9.99999976e-01 9.99999983e-01 9.99999985e-01 9.99999985e-01 9.99999985e-01 9.99999985e-01 9.99999985e-01 9.99999985e-01 9.99999985e-01 9.99999985e-01 9.99999985e-01 9.99999985e-01 9.99999985e-01 9.99999985e-01 9.99999984e-01 9.99999984e-01 9.99999985e-01 9.99999985e-01 9.99999985e-01 9.99999985e-01 9.99999985e-01 9.99999985e-01 9.99999985e-01 9.99999985e-01 9.99999985e-01 9.99999985e-01 9.99999985e-01 9.99999985e-01 9.99999983e-01 9.99999976e-01 9.99999940e-01 9.99999786e-01 9.99999225e-01 9.99997444e-01 9.99992521e-01 9.99980582e-01 9.99955019e-01 9.99906371e-01 9.99823505e-01 9.99696258e-01 9.99518806e-01 9.99292401e-01 9.99026124e-01 9.98735271e-01 9.98437999e-01 9.98151598e-01 9.97889612e-01 9.97660467e-01 9.97467534e-01 9.97310149e-01 9.97185007e-01 9.97087472e-01 9.97012581e-01 9.96955674e-01 9.96912721e-01 9.96880420e-01 9.96856171e-01 9.96837984e-01 9.96824368e-01 9.96814223e-01 9.96806752e-01 9.96801385e-01 9.96797726e-01 9.96795513e-01 9.96794591e-01 9.96794897e-01 9.96796451e-01 9.96799361e-01 9.96803834e-01 9.96810194e-01 9.96818918e-01 9.96830681e-01 9.96846423e-01 9.96867426e-01 9.96895417e-01 9.96932677e-01 9.96982148e-01 9.97047500e-01 9.97133100e-01 9.97243820e-01 9.97384559e-01 9.97559437e-01 9.97770614e-01 9.98016901e-01 9.98292481e-01 9.98586296e-01 9.98882657e-01 9.99163402e-01 9.99411331e-01 9.99613916e-01 9.99765934e-01 9.99869912e-01 9.99934262e-01 9.99970034e-01 9.99987771e-01 9.99995561e-01 9.99998572e-01 9.99999590e-01 9.99999889e-01 9.99999965e-01 9.99999981e-01 9.99999984e-01 9.99999985e-01 9.99999985e-01 9.99999985e-01 9.99999985e-01 9.99999985e-01 9.99999985e-01 9.99999985e-01 9.99999985e-01 9.99999985e-01 9.99999985e-01 9.99999985e-01 9.99999984e-01 9.99999984e-01
9.99999984e-01 9.99999984e-01 9.99999985e-01 9.99999985e-01 9.99999985e-01 9.99999985e-01 9.99999985e-01 9.99999985e-01 9.99999985e-01 9.99999985e-01 9.99999985e-01 9.99999985e-01 9.99999985e-01 9.99999984e-01 9.99999981e-01 9.99999963e-01 9.99999882e-01 9.99999560e-01 9.99998466e-01 9.99995233e-01 9.99986896e-01 9.99968002e-01 9.99930120e-01 9.99862454e-01 9.99754000e-01 9.99596868e-01 9.99389519e-01 9.99138421e-01 9.98857224e-01 9.98563790e-01 9.98276299e-01 9.98009871e-01 9.97774623e-01 9.97575321e-01 9.97412221e-01 9.97282469e-01 9.97181527e-01 9.97104316e-01 9.97045962e-01 9.97002204e-01 9.96969532e-01 9.96945183e-01 9.96927042e-01 9.96913529e-01 9.96903486e-01 9.96896071e-01 9.96890685e-01 9.96886908e-01 9.96884456e-01 9.96883148e-01 9.96882891e-01 9.96883666e-01 9.96885530e-01 9.96888616e-01 9.96893154e-01 9.96899492e-01 9.96908133e-01 9.96919788e-01 9.96935446e-01 9.96956464e-01 9.96984671e-01 9.97022496e-01 9.97073065e-01 9.97140271e-01 9.97228712e-01 9.97343436e-01 9.97489369e-01 9.97670372e-01 9.97887932e-01 9.98139691e-01 9.98418254e-01 9.98710863e-01 9.99000523e-01 9.99268728e-01 9.99499257e-01 9.99681794e-01 9.99813934e-01 9.99900728e-01 9.99952071e-01 9.99979226e-01 9.99991976e-01 9.99997254e-01 9.99999168e-01 9.99999772e-01 9.99999937e-01 9.99999975e-01 9.99999983e-01 9.99999985e-01 9.99999985e-01 9.99999985e-01 9.99999985e-01 9.99999985e-01 9.99999985e-01 9.99999985e-01 9.99999985e-01 9.99999985e-01 9.99999985e-01 9.99999985e-01 9.99999985e-01 9.99999984e-01 9.99999984e-01 9.99999985e-01 9.99999985e-01 9.99999985e-01 9.99999985e-01 9.99999985e-01 9.99999985e-01 9.99999985e-01 9.99999985e-01 9.99999985e-01 9.99999985e-01 9.99999985e-01 9.99999985e-01 9.99999983e-01 9.99999975e-01 9.99999937e-01 9.99999772e-01 9.99999168e-01 9.99997254e-01 9.99991976e-01 9.99979226e-01 9.99952071e-01 9.99900728e-01 9.99813934e-01 9.99681794e-01 9.99499257e-01 9.99268728e-01 9.99000523e-01 9.98710863e-01 9.98418254e-01 9.98139691e-01 9.97887932e-01 9.97670372e-01 9.97489369e-01 9.97343436e-01 9.97228712e-01 9.97140271e-01 9.97073065e-01 9.97022496e-01 9.96984671e-01 9.96956464e-01 9.96935446e-01 9.96919788e-01 9.96908133e-01 9.96899492e-01 9.96893154e-01 9.96888616e-01 9.96885530e-01 9.96883666e-01 9.96882891e-01 9.96883148e-01 9.96884456e-01 9.96886908e-01 9.96890685e-01 9.96896071e-01 9.96903486e-01 9.96913529e-01 9.96927042e-01 9.96945183e-01 9.96969532e-01 9.97002204e-01 9.97045962e-01 9.97104316e-01 9.97181527e-01 9.97282469e-01 9.97412221e-01 9.97575321e-01 9.97774623e-01 9.98009871e-01 9.98276299e-01 9.98563790e-01 9.98857224e-01 9.99138421e-01 9.99389519e-01 9.99596868e-01 9.99754000e-01 9.99862454e-01 9.99930120e-01 9.99968002e-01 9.99986896e-01 9.99995233e-01 9.99998466e-01 9.99999560e-01 9.99999882e-01 9.99999963e-01 9.99999981e-01 9.99999984e-01 9.99999985e-01 9.99999985e-01 9.99999985e-01 9.99999985e-01 9.99999985e-01 9.99999985e-01 9.99999985e-01 9.99999985e-01 9.99999985e-01 9.99999985e-01 9.99999985e-01 9.99999984e-01 9.99999984e-01
9.99999984e-01 9.99999984e-01 9.99999985e-01 9.99999985e-01 9.99999985e-01 9.99999985e-01 9.99999985e-01 9.99999985e-01 9.99999985e-01 9.99999985e-01 9.99999985e-01 9.99999985e-01 9.99999985e-01 9.99999984e-01 9.99999981e-01 9.99999962e-01 9.99999874e-01 9.99999529e-01 9.99998352e-01 9.99994885e-01 9.99985971e-01 9.99965866e-01 9.99925798e-01 9.99854744e-01 9.99741798e-01 9.99579656e-01 9.99367831e-01 9.99114043e-01 9.98833018e-01 9.98543173e-01 9.98262585e-01 9.98005704e-01 9.97781643e-01 9.97594116e-01 9.97442481e-01 9.97323253e-01 9.97231541e-01 9.97162142e-01 9.97110227e-01 9.97071666e-01 9.97043127e-01 9.97022027e-01 9.97006419e-01 9.96994865e-01 9.96986324e-01 9.96980047e-01 9.96975504e-01 9.96972327e-01 9.96970269e-01 9.96969172e-01 9.96968957e-01 9.96969607e-01 9.96971170e-01 9.96973763e-01 9.96977585e-01 9.96982940e-01 9.96990271e-01 9.97000208e-01 9.97013637e-01 9.97031783e-01 9.97056321e-01 9.97089504e-01 9.97134276e-01 9.97194368e-01 9.97274285e-01 9.97379104e-01 9.97513981e-01 9.97683268e-01 9.97889221e-01 9.98130479e-01 9.98400705e-01 9.98688015e-01 9.98975823e-01 9.99245395e-01 9.99479662e-01 9.99667095e-01 9.99804091e-01 9.99894867e-01 9.99948984e-01 9.99977796e-01 9.99991398e-01 9.99997051e-01 9.99999107e-01 9.99999756e-01 9.99999933e-01 9.99999975e-01 9.99999983e-01 9.99999984e-01 9.99999985e-01 9.99999985e-01 9.99999985e-01 9.99999985e-01 9.99999985e-01 9.99999985e-01 9.99999985e-01 9.99999985e-01 9.99999985e-01 9.99999985e-01 9.99999985e-01 9.99999984e-01 9.99999984e-01 9.99999985e-01 9.99999985e-01 9.99999985e-01 9.99999985e-01 9.99999985e-01 9.99999985e-01 9.99999985e-01 9.99999985e-01 9.99999985e-01 9.99999985e-01 9.99999985e-01 9.99999984e-01 9.99999983e-01 9.99999975e-01 9.99999933e-01 9.99999756e-01 9.99999107e-01 9.99997051e-01 9.99991398e-01 9.99977796e-01 9.99948984e-01 9.99894867e-01 9.99804091e-01 9.99667095e-01 9.99479662e-01 9.99245395e-01 9.98975823e-01 9.98688015e-01 9.98400705e-01 9.98130479e-01 9.97889221e-01 9.97683268e-01 9.97513981e-01 9.97379104e-01 9.97274285e-01 9.97194368e-01 9.97134276e-01 9.97089504e-01 9.97056321e-01 9.97031783e-01 9.97013637e-01 9.97000208e-01 9.96990271e-01 9.96982940e-01 9.96977585e-01 9.96973763e-01 9.96971170e-01 9.96969607e-01 9.96968957e-01 9.96969172e-01 9.96970269e-01 9.96972327e-01 9.96975504e-01 9.96980047e-01 9.96986324e-01 9.96994865e-01 9.97006419e-01 9.97022027e-01 9.97043127e-01 9.97071666e-01 9.97110227e-01 9.97162142e-01 9.97231541e-01 9.97323253e-01 9.97442481e-01 9.97594116e-01 9.97781643e-01 9.98005704e-01 9.98262585e-01 9.98543173e-01 9.98833018e-01 9.99114043e-01 9.99367831e-01 9.99579656e-01 9.99741798e-01 9.99854744e-01 9.99925798e-01 9.99965866e-01 9.99985971e-01 9.99994885e-01 9.99998352e-01 9.99999529e-01 9.99999874e-01 9.99999962e-01 9.99999981e-01 9.99999984e-01 9.99999985e-01 9.99999985e-01 9.99999985e-01 9.99999985e-01 9.99999985e-01 9.99999985e-01 9.99999985e-01 9.99999985e-01 9.99999985e-01 9.99999985e-01 9.99999985e-01 9.99999984e-01 9.99999984e-01
9.99999984e-01 9.99999984e-01 9.99999985e-01 9.99999985e-01 9.99999985e-01 9.99999985e-01 9.99999985e-01 9.99999985e-01 9.99999985e-01 9.99999985e-01 9.99999985e-01 9.99999985e-01 9.99999985e-01 9.99999984e-01 9.99999980e-01 9.99999960e-01 9.99999866e-01 9.99999495e-01 9.99998232e-01 9.99994515e-01 9.99984994e-01 9.99963623e-01 9.99921295e-01 9.99846786e-01 9.99729343e-01 9.99562318e-01 9.99346325e-01 9.99090344e-01 9.98810111e-01 9.98524492e-01 9.98251340e-01 9.98004333e-01 9.97791539e-01 9.97615622e-01 9.97475092e-01 9.97365895e-01 9.97282853e-01 9.97220698e-01 9.97174678e-01 9.97140823e-01 9.97115989e-01 9.97097776e-01 9.97084399e-01 9.97074559e-01 9.97067324e-01 9.97062031e-01 9.97058214e-01 9.97055552e-01 9.97053831e-01 9.97052916e-01 9.97052736e-01 9.97053278e-01 9.97054584e-01 9.97056754e-01 9.97059961e-01 9.97064468e-01 9.97070663e-01 9.97079102e-01 9.97090574e-01 9.97106179e-01 9.97127445e-01 9.97156445e-01 9.97195939e-01 9.97249478e-01 9.97321441e-01 9.97416888e-01 9.97541145e-01 9.97698985e-01 9.97893377e-01 9.98123928e-01 9.98385379e-01 9.98666791e-01 9.98952103e-01 9.99222472e-01 9.99460072e-01 9.99652186e-01 9.99793986e-01 9.99888787e-01 9.99945753e-01 9.99976290e-01 9.99990785e-01 9.99996836e-01 9.99999042e-01 9.99999739e-01 9.99999930e-01 9.99999974e-01 9.99999983e-01 9.99999984e-01 9.99999985e-01 9.99999985e-01 9.99999985e-01 9.99999985e-01 9.99999985e-01 9.99999985e-01 9.99999985e-01 9.99999985e-01 9.99999985e-01 9.99999985e-01 9.99999985e-01 9.99999984e-01 9.99999984e-01 9.99999985e-01 9.99999985e-01 9.99999985e-01 9.99999985e-01 9.99999985e-01 9.99999985e-01 9.99999985e-01 9.99999985e-01 9.99999985e-01 9.99999985e-01 9.99999985e-01 9.99999984e-01 9.99999983e-01 9.99999974e-01 9.99999930e-01 9.99999739e-01 9.99999042e-01 9.99996836e-01 9.99990785e-01 9.99976290e-01 9.99945753e-01 9.99888787e-01 9.99793986e-01 9.99652186e-01 9.99460072e-01 9.99222472e-01 9.98952103e-01 9.98666791e-01 9.98385379e-01 9.98123928e-01 9.97893377e-01 9.97698985e-01 9.97541145e-01 9.97416888e-01 9.97321441e-01 9.97249478e-01 9.97195939e-01 9.97156445e-01 9.97127445e-01 9.97106179e-01 9.97090574e-01 9.97079102e-01 9.97070663e-01 9.97064468e-01 9.97059961e-01 9.97056754e-01 9.97054584e-01 9.97053278e-01 9.97052736e-01 9.97052916e-01 9.97053831e-01 9.97055552e-01 9.97058214e-01 9.97062031e-01 9.97067324e-01 9.97074559e-01 9.97084399e-01 9.97097776e-01 9.97115989e-01 9.97140823e-01 9.97174678e-01 9.97220698e-01 9.97282853e-01 9.97365895e-01 9.97475092e-01 9.97615622e-01 9.97791539e-01 9.98004333e-01 9.98251340e-01 9.98524492e-01 9.98810111e-01 9.99090344e-01 9.99346325e-01 9.99562318e-01 9.99729343e-01 9.99846786e-01 9.99921295e-01 9.99963623e-01 9.99984994e-01 9.99994515e-01 9.99998232e-01 9.99999495e-01 9.99999866e-01 9.99999960e-01 9.99999980e-01 9.99999984e-01 9.99999985e-01 9.99999985e-01 9.99999985e-01 9.99999985e-01 9.99999985e-01 9.99999985e-01 9.99999985e-01 9.99999985e-01 9.99999985e-01 9.99999985e-01 9.99999985e-01 9.99999984e-01 9.99999984e-01
9.99999984e-01 9.99999984e-01 9.99999985e-01 9.99999985e-01 9.99999985e-01 9.99999985e-01 9.99999985e-01 9.99999985e-01 9.99999985e-01 9.99999985e-01 9.99999985e-01 9.99999985e-01 9.99999985e-01 9.99999984e-01 9.99999980e-01 9.99999958e-01 9.99999858e-01 9.99999459e-01 9.99998103e-01 9.99994122e-01 9.99983961e-01 9.99961269e-01 9.99916610e-01 9.99838586e-01 9.99716655e-01 9.99544894e-01 9.99325065e-01 9.99067397e-01 9.98788572e-01 9.98507787e-01 9.98242549e-01 9.98005679e-01 9.97804163e-01 9.97639636e-01 9.97509808e-01 9.97410127e-01 9.97335193e-01 9.97279721e-01 9.97239075e-01 9.97209464e-01 9.97187935e-01 9.97172273e-01 9.97160853e-01 9.97152505e-01 9.97146401e-01 9.97141955e-01 9.97138761e-01 9.97136540e-01 9.97135107e-01 9.97134345e-01 9.97134196e-01 9.97134647e-01 9.97135733e-01 9.97137542e-01 9.97140221e-01 9.97143999e-01 9.97149214e-01 9.97156354e-01 9.97166115e-01 9.97179484e-01 9.97197843e-01 9.97223093e-01 9.97257803e-01 9.97305333e-01 9.97369908e-01 9.97456530e-01 9.97570634e-01 9.97717347e-01 9.97900288e-01 9.98119994e-01 9.98372291e-01 9.98647248e-01 9.98929436e-01 9.99200029e-01 9.99440536e-01 9.99637096e-01 9.99783631e-01 9.99882490e-01 9.99942377e-01 9.99974704e-01 9.99990137e-01 9.99996607e-01 9.99998972e-01 9.99999721e-01 9.99999926e-01 9.99999973e-01 9.99999983e-01 9.99999984e-01 9.99999985e-01 9.99999985e-01 9.99999985e-01 9.99999985e-01 9.99999985e-01 9.99999985e-01 9.99999985e-01 9.99999985e-01 9.99999985e-01 9.99999985e-01 9.99999985e-01 9.99999984e-01 9.99999984e-01 9.99999985e-01 9.99999985e-01 9.99999985e-01 9.99999985e-01 9.99999985e-01 9.99999985e-01 9.99999985e-01 9.99999985e-01 9.99999985e-01 9.99999985e-01 9.99999985e-01 9.99999984e-01 9.99999983e-01 9.99999973e-01 9.99999926e-01 9.99999721e-01 9.99998972e-01 9.99996607e-01 9.99990137e-01 9.99974704e-01 9.99942377e-01 9.99882490e-01 9.99783631e-01 9.99637096e-01 9.99440536e-01 9.99200029e-01 9.98929436e-01 9.98647248e-01 9.98372291e-01 9.98119994e-01 9.97900288e-01 9.97717347e-01 9.97570634e-01 9.97456530e-01 9.97369908e-01 9.97305333e-01 9.97257803e-01 9.97223093e-01 9.97197843e-01 9.97179484e-01 9.97166115e-01 9.97156354e-01 9.97149214e-01 9.97143999e-01 9.97140221e-01 9.97137542e-01 9.97135733e-01 9.97134647e-01 9.97134196e-01 9.97134345e-01 9.97135107e-01 9.97136540e-01 9.97138761e-01 9.97141955e-01 9.97146401e-01 9.97152505e-01 9.97160853e-01 9.97172273e-01 9.97187935e-01 9.97209464e-01 9.97239075e-01 9.97279721e-01 9.97335193e-01 9.97410127e-01 9.97509808e-01 9.97639636e-01 9.97804163e-01 9.98005679e-01 9.98242549e-01 9.98507787e-01 9.98788572e-01 9.99067397e-01 9.99325065e-01 9.99544894e-01 9.99716655e-01 9.99838586e-01 9.99916610e-01 9.99961269e-01 9.99983961e-01 9.99994122e-01 9.99998103e-01 9.99999459e-01 9.99999858e-01 9.99999958e-01 9.99999980e-01 9.99999984e-01 9.99999985e-01 9.99999985e-01 9.99999985e-01 9.99999985e-01 9.99999985e-01 9.99999985e-01 9.99999985e-01 9.99999985e-01 9.99999985e-01 9.99999985e-01 9.99999985e-01 9.99999984e-01 9.99999984e-01
9.99999984e-01 9.99999984e-01 9.99999985e-01 9.99999985e-01 9.99999985e-01 9.99999985e-01 9.99999985e-01 9.99999985e-01 9.99999985e-01 9.99999985e-01 9.99999985e-01 9.99999985e-01 9.99999985e-01 9.99999984e-01 9.99999980e-01 9.99999957e-01 9.99999849e-01 9.99999421e-01 9.99997967e-01 9.99993706e-01 9.99982873e-01 9.99958804e-01 9.99911742e-01 9.99830149e-01 9.99703754e-01 9.99527424e-01 9.99304109e-01 9.99045274e-01 9.98768463e-01 9.98493086e-01 9.98236186e-01 9.98009651e-01 9.97819361e-01 9.97665949e-01 9.97546386e-01 9.97455692e-01 9.97388304e-01 9.97338972e-01 9.97303203e-01 9.97277398e-01 9.97258806e-01 9.97245390e-01 9.97235678e-01 9.97228624e-01 9.97223493e-01 9.97219773e-01 9.97217111e-01 9.97215266e-01 9.97214077e-01 9.97213447e-01 9.97213323e-01 9.97213696e-01 9.97214597e-01 9.97216098e-01 9.97218327e-01 9.97221482e-01 9.97225854e-01 9.97231870e-01 9.97240144e-01 9.97251554e-01 9.97267343e-01 9.97289246e-01 9.97319638e-01 9.97361683e-01 9.97419427e-01 9.97497777e-01 9.97602220e-01 9.97738170e-01 9.97909829e-01 9.98118618e-01 9.98361443e-01 9.98629432e-01 9.98907892e-01 9.99178133e-01 9.99421107e-01 9.99621856e-01 9.99773037e-01 9.99875979e-01 9.99938855e-01 9.99973036e-01 9.99989451e-01 9.99996364e-01 9.99998899e-01 9.99999702e-01 9.99999922e-01 9.99999973e-01 9.99999983e-01 9.99999984e-01 9.99999985e-01 9.99999985e-01 9.99999985e-01 9.99999985e-01 9.99999985e-01 9.99999985e-01 9.99999985e-01 9.99999985e-01 9.99999985e-01 9.99999985e-01 9.99999985e-01 9.99999984e-01 9.99999984e-01 9.99999985e-01 9.99999985e-01 9.99999985e-01 9.99999985e-01 9.99999985e-01 9.99999985e-01 9.99999985e-01 9.99999985e-01 9.99999985e-01 9.99999985e-01 9.99999985e-01 9.99999984e-01 9.99999983e-01 9.99999973e-01 9.99999922e-01 9.99999702e-01 9.99998899e-01 9.99996364e-01 9.99989451e-01 9.99973036e-01 9.99938855e-01 9.99875979e-01 9.99773037e-01 9.99621856e-01 9.99421107e-01 9.99178133e-01 9.98907892e-01 9.98629432e-01 9.98361443e-01 9.98118618e-01 9.97909829e-01 9.97738170e-01 9.97602220e-01 9.97497777e-01 9.97419427e-01 9.97361683e-01 9.97319638e-01 9.97289246e-01 9.97267343e-01 9.97251554e-01 9.97240144e-01 9.97231870e-01 9.97225854e-01 9.97221482e-01 9.97218327e-01 9.97216098e-01 9.97214597e-01 9.97213696e-01 9.97213323e-01 9.97213447e-01 9.97214077e-01 9.97215266e-01 9.97217111e-01 9.97219773e-01 9.97223493e-01 9.97228624e-01 9.97235678e-01 9.97245390e-01 9.97258806e-01 9.97277398e-01 9.97303203e-01 9.97338972e-01 9.97388304e-01 9.97455692e-01 9.97546386e-01 9.97665949e-01 9.97819361e-01 9.98009651e-01 9.98236186e-01 9.98493086e-01 9.98768463e-01 9.99045274e-01 9.99304109e-01 9.99527424e-01 9.99703754e-01 9.99830149e-01 9.99911742e-01 9.99958804e-01 9.99982873e-01 9.99993706e-01 9.99997967e-01 9.99999421e-01 9.99999849e-01 9.99999957e-01 9.99999980e-01 9.99999984e-01 9.99999985e-01 9.99999985e-01 9.99999985e-01 9.99999985e-01 9.99999985e-01 9.99999985e-01 9.99999985e-01 9.99999985e-01 9.99999985e-01 9.99999985e-01 9.99999985e-01 9.99999984e-01 9.99999984e-01
9.99999984e-01 9.99999984e-01 9.99999985e-01 9.99999985e-01 9.99999985e-01 9.99999985e-01 9.99999985e-01 9.99999985e-01 9.99999985e-01 9.99999985e-01 9.99999985e-01 9.99999985e-01 9.99999985e-01 9.99999984e-01 9.99999979e-01 9.99999955e-01 9.99999839e-01 9.99999380e-01 9.99997821e-01 9.99993265e-01 9.99981725e-01 9.99956224e-01 9.99906690e-01 9.99821484e-01 9.99690663e-01 9.99509951e-01 9.99283519e-01 9.99024041e-01 9.98749836e-01 9.98480403e-01 9.98232212e-01 9.98016146e-01 9.97836971e-01 9.97694352e-01 9.97584590e-01 9.97502343e-01 9.97441949e-01 9.97398232e-01 9.97366869e-01 9.97344465e-01 9.97328468e-01 9.97317020e-01 9.97308792e-01 9.97302854e-01 9.97298559e-01 9.97295459e-01 9.97293249e-01 9.97291722e-01 9.97290741e-01 9.97290221e-01 9.97290120e-01 9.97290427e-01 9.97291170e-01 9.97292410e-01 9.97294258e-01 9.97296882e-01 9.97300533e-01 9.97305583e-01 9.97312569e-01 9.97322269e-01 9.97335796e-01 9.97354724e-01 9.97381240e-01 9.97418298e-01 9.97469756e-01 9.97540386e-01 9.97635678e-01 9.97761266e-01 9.97921867e-01 9.98119729e-01 9.98352826e-01 9.98613383e-01 9.98887533e-01 9.99156849e-01 9.99401836e-01 9.99606497e-01 9.99762218e-01 9.99869255e-01 9.99935183e-01 9.99971285e-01 9.99988727e-01 9.99996106e-01 9.99998820e-01 9.99999682e-01 9.99999917e-01 9.99999972e-01 9.99999983e-01 9.99999984e-01 9.99999985e-01 9.99999985e-01 9.99999985e-01 9.99999985e-01 9.99999985e-01 9.99999985e-01 9.99999985e-01 9.99999985e-01 9.99999985e-01 9.99999985e-01 9.99999985e-01 9.99999984e-01 9.99999984e-01 9.99999985e-01 9.99999985e-01 9.99999985e-01 9.99999985e-01 9.99999985e-01 9.99999985e-01 9.99999985e-01 9.99999985e-01 9.99999985e-01 9.99999985e-01 9.99999985e-01 9.99999984e-01 9.99999983e-01 9.99999972e-01 9.99999917e-01 9.99999682e-01 9.99998820e-01 9.99996106e-01 9.99988727e-01 9.99971285e-01 9.99935183e-01 9.99869255e-01 9.99762218e-01 9.99606497e-01 9.99401836e-01 9.99156849e-01 9.98887533e-01 9.98613383e-01 9.98352826e-01 9.98119729e-01 9.97921867e-01 9.97761266e-01 9.97635678e-01 9.97540386e-01 9.97469756e-01 9.97418298e-01 9.97381240e-01 9.97354724e-01 9.97335796e-01 9.97322269e-01 9.97312569e-01 9.97305583e-01 9.97300533e-01 9.97296882e-01 9.97294258e-01 9.97292410e-01 9.97291170e-01 9.97290427e-01 9.97290120e-01 9.97290221e-01 9.97290741e-01 9.97291722e-01 9.97293249e-01 9.97295459e-01 9.97298559e-01 9.97302854e-01 9.97308792e-01 9.97317020e-01 9.97328468e-01 9.97344465e-01 9.97366869e-01 9.97398232e-01 9.97441949e-01 9.97502343e-01 9.97584590e-01 9.97694352e-01 9.97836971e-01 9.98016146e-01 9.98232212e-01 9.98480403e-01 9.98749836e-01 9.99024041e-01 9.99283519e-01 9.99509951e-01 9.99690663e-01 9.99821484e-01 9.99906690e-01 9.99956224e-01 9.99981725e-01 9.99993265e-01 9.99997821e-01 9.99999380e-01 9.99999839e-01 9.99999955e-01 9.99999979e-01 9.99999984e-01 9.99999985e-01 9.99999985e-01 9.99999985e-01 9.99999985e-01 9.99999985e-01 9.99999985e-01 9.99999985e-01 9.99999985e-01 9.99999985e-01 9.99999985e-01 9.99999985e-01 9.99999984e-01 9.99999984e-01
9.99999984e-01 9.99999984e-01 9.99999985e-01 9.99999985e-01 9.99999985e-01 9.99999985e-01 9.99999985e-01 9.99999985e-01 9.99999985e-01 9.99999985e-01 9.99999985e-01 9.99999985e-01 9.99999985e-01 9.99999984e-01 9.99999979e-01 9.99999953e-01 9.99999829e-01 9.99999337e-01 9.99997667e-01 9.99992798e-01 9.99980518e-01 9.99953526e-01 9.99901455e-01 9.99812598e-01 9.99677405e-01 9.99492517e-01 9.99263355e-01 9.99003762e-01 9.98732737e-01 9.98469746e-01 9.98230577e-01 9.98025052e-01 9.97856823e-01 9.97724638e-01 9.97624191e-01 9.97549849e-01 9.97495908e-01 9.97457302e-01 9.97429901e-01 9.97410522e-01 9.97396811e-01 9.97387078e-01 9.97380135e-01 9.97375157e-01 9.97371575e-01 9.97369002e-01 9.97367175e-01 9.97365917e-01 9.97365110e-01 9.97364684e-01 9.97364601e-01 9.97364853e-01 9.97365462e-01 9.97366483e-01 9.97368008e-01 9.97370181e-01 9.97373219e-01 9.97377441e-01 9.97383317e-01 9.97391532e-01 9.97403077e-01 9.97419374e-01 9.97442422e-01 9.97474969e-01 9.97520665e-01 9.97584123e-01 9.97670786e-01 9.97786445e-01 9.97936260e-01 9.98123246e-01 9.98346418e-01 9.98599127e-01 9.98868417e-01 9.99136243e-01 9.99382776e-01 9.99591052e-01 9.99751191e-01 9.99862322e-01 9.99931360e-01 9.99969447e-01 9.99987962e-01 9.99995832e-01 9.99998736e-01 9.99999661e-01 9.99999913e-01 9.99999971e-01 9.99999983e-01 9.99999984e-01 9.99999985e-01 9.99999985e-01 9.99999985e-01 9.99999985e-01 9.99999985e-01 9.99999985e-01 9.99999985e-01 9.99999985e-01 9.99999985e-01 9.99999985e-01 9.99999984e-01 9.99999984e-01 9.99999984e-01 9.99999984e-01 9.99999985e-01 9.99999985e-01 9.99999985e-01 9.99999985e-01 9.99999985e-01 9.99999985e-01 9.99999985e-01 9.99999985e-01 9.99999985e-01 9.99999985e-01 9.99999984e-01 9.99999983e-01 9.99999971e-01 9.99999913e-01 9.99999661e-01 9.99998736e-01 9.99995832e-01 9.99987962e-01 9.99969447e-01 9.99931360e-01 9.99862322e-01 9.99751191e-01 9.99591052e-01 9.99382776e-01 9.99136243e-01 9.98868417e-01 9.98599127e-01 9.98346418e-01 9.98123246e-01 9.97936260e-01 9.97786445e-01 9.97670786e-01 9.97584123e-01 9.97520665e-01 9.97474969e-01 9.97442422e-01 9.97419374e-01 9.97403077e-01 9.97391532e-01 9.97383317e-01 9.97377441e-01 9.97373219e-01 9.97370181e-01 9.97368008e-01 9.97366483e-01 9.97365462e-01 9.97364853e-01 9.97364601e-01 9.97364684e-01 9.97365110e-01 9.97365917e-01 9.97367175e-01 9.97369002e-01 9.97371575e-01 9.97375157e-01 9.97380135e-01 9.97387078e-01 9.97396811e-01 9.97410522e-01 9.97429901e-01 9.97457302e-01 9.97495908e-01 9.97549849e-01 9.97624191e-01 9.97724638e-01 9.97856823e-01 9.98025052e-01 9.98230577e-01 9.98469746e-01 9.98732737e-01 9.99003762e-01 9.99263355e-01 9.99492517e-01 9.99677405e-01 9.99812598e-01 9.99901455e-01 9.99953526e-01 9.99980518e-01 9.99992798e-01 9.99997667e-01 9.99999337e-01 9.99999829e-01 9.99999953e-01 9.99999979e-01 9.99999984e-01 9.99999985e-01 9.99999985e-01 9.99999985e-01 9.99999985e-01 9.99999985e-01 9.99999985e-01 9.99999985e-01 9.99999985e-01 9.99999985e-01 9.99999985e-01 9.99999985e-01 9.99999984e-01 9.99999984e-01
9.99999984e-01 9.99999984e-01 9.99999985e-01 9.99999985e-01 9.99999985e-01 9.99999985e-01 9.99999985e-01 9.99999985e-01 9.99999985e-01 9.99999985e-01 9.99999985e-01 9.99999985e-01 9.99999985e-01 9.99999984e-01 9.99999979e-01 9.99999951e-01 9.99999818e-01 9.99999291e-01 9.99997503e-01 9.99992305e-01 9.99979247e-01 9.99950710e-01 9.99896039e-01 9.99803501e-01 9.99664004e-01 9.99475167e-01 9.99243674e-01 9.98984495e-01 9.98717204e-01 9.98461109e-01 9.98231218e-01 9.98036247e-01 9.97878747e-01 9.97756601e-01 9.97664967e-01 9.97597992e-01 9.97549977e-01 9.97516006e-01 9.97492153e-01 9.97475452e-01 9.97463744e-01 9.97455501e-01 9.97449665e-01 9.97445506e-01 9.97442531e-01 9.97440404e-01 9.97438900e-01 9.97437868e-01 9.97437209e-01 9.97436861e-01 9.97436793e-01 9.97436999e-01 9.97437497e-01 9.97438332e-01 9.97439585e-01 9.97441377e-01 9.97443894e-01 9.97447411e-01 9.97452334e-01 9.97459265e-01 9.97469082e-01 9.97483060e-01 9.97503021e-01 9.97531505e-01 9.97571944e-01 9.97628767e-01 9.97707329e-01 9.97813516e-01 9.97952859e-01 9.98129077e-01 9.98342188e-01 9.98586683e-01 9.98850595e-01 9.99116373e-01 9.99363979e-01 9.99575555e-01 9.99739970e-01 9.99855184e-01 9.99927386e-01 9.99967522e-01 9.99987155e-01 9.99995542e-01 9.99998648e-01 9.99999638e-01 9.99999908e-01 9.99999970e-01 9.99999982e-01 9.99999984e-01 9.99999985e-01 9.99999985e-01 9.99999985e-01 9.99999985e-01 9.99999985e-01 9.99999985e-01 9.99999985e-01 9.99999985e-01 9.99999985e-01 9.99999985e-01 9.99999984e-01 9.99999984e-01 9.99999984e-01 9.99999984e-01 9.99999985e-01 9.99999985e-01 9.99999985e-01 9.99999985e-01 9.99999985e-01 9.99999985e-01 9.99999985e-01 9.99999985e-01 9.99999985e-01 9.99999985e-01 9.99999984e-01 9.99999982e-01 9.99999970e-01 9.99999908e-01 9.99999638e-01 9.99998648e-01 9.99995542e-01 9.99987155e-01 9.99967522e-01 9.99927386e-01 9.99855184e-01 9.99739970e-01 9.99575555e-01 9.99363979e-01 9.99116373e-01 9.98850595e-01 9.98586683e-01 9.98342188e-01 9.98129077e-01 9.97952859e-01 9.97813516e-01 9.97707329e-01 9.97628767e-01 9.97571944e-01 9.97531505e-01 9.97503021e-01 9.97483060e-01 9.97469082e-01 9.97459265e-01 9.97452334e-01 9.97447411e-01 9.97443894e-01 9.97441377e-01 9.97439585e-01 9.97438332e-01 9.97437497e-01 9.97436999e-01 9.97436793e-01 9.97436861e-01 9.97437209e-01 9.97437868e-01 9.97438900e-01 9.97440404e-01 9.97442531e-01 9.97445506e-01 9.97449665e-01 9.97455501e-01 9.97463744e-01 9.97475452e-01 9.97492153e-01 9.97516006e-01 9.97549977e-01 9.97597992e-01 9.97664967e-01 9.97756601e-01 9.97878747e-01 9.98036247e-01 9.98231218e-01 9.98461109e-01 9.98717204e-01 9.98984495e-01 9.99243674e-01 9.99475167e-01 9.99664004e-01 9.99803501e-01 9.99896039e-01 9.99950710e-01 9.99979247e-01 9.99992305e-01 9.99997503e-01 9.99999291e-01 9.99999818e-01 9.99999951e-01 9.99999979e-01 9.99999984e-01 9.99999985e-01 9.99999985e-01 9.99999985e-01 9.99999985e-01 9.99999985e-01 9.99999985e-01 9.99999985e-01 9.99999985e-01 9.99999985e-01 9.99999985e-01 9.99999985e-01 9.99999984e-01 9.99999984e-01
9.99999984e-01 9.99999984e-01 9.99999985e-01 9.99999985e-01 9.99999985e-01 9.99999985e-01 9.99999985e-01 9.99999985e-01 9.99999985e-01 9.99999985e-01 9.99999985e-01 9.99999985e-01 9.99999985e-01 9.99999984e-01 9.99999978e-01 9.99999948e-01 9.99999806e-01 9.99999242e-01 9.99997329e-01 9.99991784e-01 9.99977913e-01 9.99947774e-01 9.99890441e-01 9.99794204e-01 9.99650488e-01 9.99457943e-01 9.99224533e-01 9.98966294e-01 9.98703265e-01 9.98454477e-01 9.98234065e-01 9.98049605e-01 9.97902570e-01 9.97790038e-01 9.97706708e-01 9.97646567e-01 9.97603973e-01 9.97574184e-01 9.97553495e-01 9.97539155e-01 9.97529195e-01 9.97522241e-01 9.97517353e-01 9.97513893e-01 9.97511431e-01 9.97509680e-01 9.97508448e-01 9.97507606e-01 9.97507070e-01 9.97506788e-01 9.97506733e-01 9.97506900e-01 9.97507304e-01 9.97507984e-01 9.97509009e-01 9.97510481e-01 9.97512558e-01 9.97515475e-01 9.97519585e-01 9.97525410e-01 9.97533725e-01 9.97545671e-01 9.97562895e-01 9.97587734e-01 9.97623397e-01 9.97674109e-01 9.97745098e-01 9.97842289e-01 9.97971513e-01 9.98137122e-01 9.98340093e-01 9.98576062e-01 9.98834110e-01 9.99097299e-01 9.99345496e-01 9.99560042e-01 9.99728574e-01 9.99847848e-01 9.99923260e-01 9.99965505e-01 9.99986304e-01 9.99995235e-01 9.99998553e-01 9.99999613e-01 9.99999902e-01 9.99999969e-01 9.99999982e-01 9.99999984e-01 9.99999985e-01 9.99999985e-01 9.99999985e-01 9.99999985e-01 9.99999985e-01 9.99999985e-01 9.99999985e-01 9.99999985e-01 9.99999985e-01 9.99999985e-01 9.99999984e-01 9.99999984e-01 9.99999984e-01 9.99999984e-01 9.99999985e-01 9.99999985e-01 9.99999985e-01 9.99999985e-01 9.99999985e-01 9.99999985e-01 9.99999985e-01 9.99999985e-01 9.99999985e-01 9.99999985e-01 9.99999984e-01 9.99999982e-01 9.99999969e-01 9.99999902e-01 9.99999613e-01 9.99998553e-01 9.99995235e-01 9.99986304e-01 9.99965505e-01 9.99923260e-01 9.99847848e-01 9.99728574e-01 9.99560042e-01 9.99345496e-01 9.99097299e-01 9.98834110e-01 9.98576062e-01 9.98340093e-01 9.98137122e-01 9.97971513e-01 9.97842289e-01 9.97745098e-01 9.97674109e-01 9.97623397e-01 9.97587734e-01 9.97562895e-01 9.97545671e-01 9.97533725e-01 9.97525410e-01 9.97519585e-01 9.97515475e-01 9.97512558e-01 9.97510481e-01 9.97509009e-01 9.97507984e-01 9.97507304e-01 9.97506900e-01 9.97506733e-01 9.97506788e-01 9.97507070e-01 9.97507606e-01 9.97508448e-01 9.97509680e-01 9.97511431e-01 9.97513893e-01 9.97517353e-01 9.97522241e-01 9.97529195e-01 9.97539155e-01 9.97553495e-01 9.97574184e-01 9.97603973e-01 9.97646567e-01 9.97706708e-01 9.97790038e-01 9.97902570e-01 9.98049605e-01 9.98234065e-01 9.98454477e-01 9.98703265e-01 9.98966294e-01 9.99224533e-01 9.99457943e-01 9.99650488e-01 9.99794204e-01 9.99890441e-01 9.99947774e-01 9.99977913e-01 9.99991784e-01 9.99997329e-01 9.99999242e-01 9.99999806e-01 9.99999948e-01 9.99999978e-01 9.99999984e-01 9.99999985e-01 9.99999985e-01 9.99999985e-01 9.99999985e-01 9.99999985e-01 9.99999985e-01 9.99999985e-01 9.99999985e-01 9.99999985e-01 9.99999985e-01 9.99999985e-01 9.99999984e-01 9.99999984e-01
9.99999984e-01 9.99999984e-01 9.99999985e-01 9.99999985e-01 9.99999985e-01 9.99999985e-01 9.99999985e-01 9.99999985e-01 9.99999985e-01 9.99999985e-01 9.99999985e-01 9.99999985e-01 9.99999985e-01 9.99999984e-01 9.99999978e-01 9.99999946e-01 9.99999794e-01 9.99999189e-01 9.99997145e-01 9.99991233e-01 9.99976513e-01 9.99944715e-01 9.99884666e-01 9.99784719e-01 9.99636882e-01 9.99440892e-01 9.99205987e-01 9.98949208e-01 9.98690944e-01 9.98449826e-01 9.98239036e-01 9.98064991e-01 9.97928117e-01 9.97824755e-01 9.97749213e-01 9.97695386e-01 9.97657730e-01 9.97631700e-01 9.97613820e-01 9.97601552e-01 9.97593111e-01 9.97587266e-01 9.97583188e-01 9.97580319e-01 9.97578291e-01 9.97576855e-01 9.97575850e-01 9.97575167e-01 9.97574734e-01 9.97574507e-01 9.97574463e-01 9.97574597e-01 9.97574922e-01 9.97575473e-01 9.97576307e-01 9.97577511e-01 9.97579218e-01 9.97581629e-01 9.97585046e-01 9.97589923e-01 9.97596941e-01 9.97607112e-01 9.97621920e-01 9.97643503e-01 9.97674846e-01 9.97719952e-01 9.97783893e-01 9.97872577e-01 9.97992066e-01 9.98147273e-01 9.98340081e-01 9.98567263e-01 9.98819002e-01 9.99079073e-01 9.99327379e-01 9.99544549e-01 9.99717021e-01 9.99840318e-01 9.99918982e-01 9.99963397e-01 9.99985409e-01 9.99994910e-01 9.99998453e-01 9.99999587e-01 9.99999897e-01 9.99999968e-01 9.99999982e-01 9.99999984e-01 9.99999985e-01 9.99999985e-01 9.99999985e-01 9.99999985e-01 9.99999985e-01 9.99999985e-01 9.99999985e-01 9.99999985e-01 9.99999985e-01 9.99999985e-01 9.99999984e-01 9.99999984e-01 9.99999984e-01 9.99999984e-01 9.99999985e-01 9.99999985e-01 9.99999985e-01 9.99999985e-01 9.99999985e-01 9.99999985e-01 9.99999985e-01 9.99999985e-01 9.99999985e-01 9.99999985e-01 9.99999984e-01 9.99999982e-01 9.99999968e-01 9.99999897e-01 9.99999587e-01 9.99998453e-01 9.99994910e-01 9.99985409e-01 9.99963397e-01 9.99918982e-01 9.99840318e-01 9.99717021e-01 9.99544549e-01 9.99327379e-01 9.99079073e-01 9.98819002e-01 9.98567263e-01 9.98340081e-01 9.98147273e-01 9.97992066e-01 9.97872577e-01 9.97783893e-01 9.97719952e-01 9.97674846e-01 9.97643503e-01 9.97621920e-01 9.97607112e-01 9.97596941e-01 9.97589923e-01 9.97585046e-01 9.97581629e-01 9.97579218e-01 9.97577511e-01 9.97576307e-01 9.97575473e-01 9.97574922e-01 9.97574597e-01 9.97574463e-01 9.97574507e-01 9.97574734e-01 9.97575167e-01 9.97575850e-01 9.97576855e-01 9.97578291e-01 9.97580319e-01 9.97583188e-01 9.97587266e-01 9.97593111e-01 9.97601552e-01 9.97613820e-01 9.97631700e-01 9.97657730e-01 9.97695386e-01 9.97749213e-01 9.97824755e-01 9.97928117e-01 9.98064991e-01 9.98239036e-01 9.98449826e-01 9.98690944e-01 9.98949208e-01 9.99205987e-01 9.99440892e-01 9.99636882e-01 9.99784719e-01 9.99884666e-01 9.99944715e-01 9.99976513e-01 9.99991233e-01 9.99997145e-01 9.99999189e-01 9.99999794e-01 9.99999946e-01 9.99999978e-01 9.99999984e-01 9.99999985e-01 9.99999985e-01 9.99999985e-01 9.99999985e-01 9.99999985e-01 9.99999985e-01 9.99999985e-01 9.99999985e-01 9.99999985e-01 9.99999985e-01 9.99999985e-01 9.99999984e-01 9.99999984e-01
9.99999984e-01 9.99999984e-01 9.99999985e-01 9.99999985e-01 9.99999985e-01 9.99999985e-01 9.99999985e-01 9.99999985e-01 9.99999985e-01 9.99999985e-01 9.99999985e-01 9.99999985e-01 9.99999985e-01 9.99999984e-01 9.99999978e-01 9.99999943e-01 9.99999781e-01 9.99999134e-01 9.99996950e-01 9.99990653e-01 9.99975044e-01 9.99941533e-01 9.99878715e-01 9.99775057e-01 9.99623216e-01 9.99424057e-01 9.99188088e-01 9.98933280e-01 9.98680252e-01 9.98447121e-01 9.98246044e-01 9.98082267e-01 9.97955216e-01 9.97860560e-01 9.97792295e-01 9.97744276e-01 9.97711098e-01 9.97688434e-01 9.97673036e-01 9.97662580e-01 9.97655452e-01 9.97650558e-01 9.97647168e-01 9.97644799e-01 9.97643133e-01 9.97641962e-01 9.97641146e-01 9.97640595e-01 9.97640248e-01 9.97640067e-01 9.97640032e-01 9.97640138e-01 9.97640398e-01 9.97640841e-01 9.97641516e-01 9.97642496e-01 9.97643893e-01 9.97645879e-01 9.97648709e-01 9.97652778e-01 9.97658678e-01 9.97667306e-01 9.97679991e-01 9.97698679e-01 9.97726129e-01 9.97766116e-01 9.97823523e-01 9.97904196e-01 9.98014360e-01 9.98159415e-01 9.98342091e-01 9.98560276e-01 9.98805300e-01 9.99061748e-01 9.99309677e-01 9.99529112e-01 9.99705332e-01 9.99832602e-01 9.99914551e-01 9.99961194e-01 9.99984467e-01 9.99994566e-01 9.99998347e-01 9.99999560e-01 9.99999891e-01 9.99999967e-01 9.99999982e-01 9.99999984e-01 9.99999985e-01 9.99999985e-01 9.99999985e-01 9.99999985e-01 9.99999985e-01 9.99999985e-01 9.99999985e-01 9.99999985e-01 9.99999985e-01 9.99999985e-01 9.99999984e-01 9.99999984e-01 9.99999984e-01 9.99999984e-01 9.99999985e-01 9.99999985e-01 9.99999985e-01 9.99999985e-01 9.99999985e-01 9.99999985e-01 9.99999985e-01 9.99999985e-01 9.99999985e-01 9.99999985e-01 9.99999984e-01 9.99999982e-01 9.99999967e-01 9.99999891e-01 9.99999560e-01 9.99998347e-01 9.99994566e-01 9.99984467e-01 9.99961194e-01 9.99914551e-01 9.99832602e-01 9.99705332e-01 9.99529112e-01 9.99309677e-01 9.99061748e-01 9.98805300e-01 9.98560276e-01 9.98342091e-01 9.98159415e-01 9.98014360e-01 9.97904196e-01 9.97823523e-01 9.97766116e-01 9.97726129e-01 9.97698679e-01 9.97679991e-01 9.97667306e-01 9.97658678e-01 9.97652778e-01 9.97648709e-01 9.97645879e-01 9.97643893e-01 9.97642496e-01 9.97641516e-01 9.97640841e-01 9.97640398e-01 9.97640138e-01 9.97640032e-01 9.97640067e-01 9.97640248e-01 9.97640595e-01 9.97641146e-01 9.97641962e-01 9.97643133e-01 9.97644799e-01 9.97647168e-01 9.97650558e-01 9.97655452e-01 9.97662580e-01 9.97673036e-01 9.97688434e-01 9.97711098e-01 9.97744276e-01 9.97792295e-01 9.97860560e-01 9.97955216e-01 9.98082267e-01 9.98246044e-01 9.98447121e-01 9.98680252e-01 9.98933280e-01 9.99188088e-01 9.99424057e-01 9.99623216e-01 9.99775057e-01 9.99878715e-01 9.99941533e-01 9.99975044e-01 9.99990653e-01 9.99996950e-01 9.99999134e-01 9.99999781e-01 9.99999943e-01 9.99999978e-01 9.99999984e-01 9.99999985e-01 9.99999985e-01 9.99999985e-01 9.99999985e-01 9.99999985e-01 9.99999985e-01 9.99999985e-01 9.99999985e-01 9.99999985e-01 9.99999985e-01 9.99999985e-01 9.99999984e-01 9.99999984e-01
9.99999984e-01 9.99999984e-01 9.99999985e-01 9.99999985e-01 9.99999985e-01 9.99999985e-01 9.99999985e-01 9.99999985e-01 9.99999985e-01 9.99999985e-01 9.99999985e-01 9.99999985e-01 9.99999985e-01 9.99999984e-01 9.99999977e-01 9.99999941e-01 9.99999767e-01 9.99999075e-01 9.99996743e-01 9.99990041e-01 9.99973507e-01 9.99938227e-01 9.99872591e-01 9.99765233e-01 9.99609517e-01 9.99407482e-01 9.99170887e-01 9.98918547e-01 9.98671194e-01 9.98446319e-01 9.98254993e-01 9.98101294e-01 9.97983695e-01 9.97897273e-01 9.97835777e-01 9.97793080e-01 9.97763947e-01 9.97744282e-01 9.97731070e-01 9.97722190e-01 9.97716193e-01 9.97712110e-01 9.97709302e-01 9.97707353e-01 9.97705991e-01 9.97705038e-01 9.97704379e-01 9.97703937e-01 9.97703662e-01 9.97703519e-01 9.97703492e-01 9.97703575e-01 9.97703781e-01 9.97704135e-01 9.97704677e-01 9.97705471e-01 9.97706611e-01 9.97708240e-01 9.97710577e-01 9.97713958e-01 9.97718901e-01 9.97726193e-01 9.97737020e-01 9.97753143e-01 9.97777101e-01 9.97812432e-01 9.97863807e-01 9.97936967e-01 9.98038237e-01 9.98173429e-01 9.98346053e-01 9.98555085e-01 9.98793028e-01 9.99045368e-01 9.99292440e-01 9.99513768e-01 9.99693526e-01 9.99824708e-01 9.99909969e-01 9.99958896e-01 9.99983478e-01 9.99994203e-01 9.99998234e-01 9.99999531e-01 9.99999885e-01 9.99999966e-01 9.99999982e-01 9.99999984e-01 9.99999985e-01 9.99999985e-01 9.99999985e-01 9.99999985e-01 9.99999985e-01 9.99999985e-01 9.99999985e-01 9.99999985e-01 9.99999985e-01 9.99999985e-01 9.99999984e-01 9.99999984e-01 9.99999984e-01 9.99999984e-01 9.99999985e-01 9.99999985e-01 9.99999985e-01 9.99999985e-01 9.99999985e-01 9.99999985e-01 9.99999985e-01 9.99999985e-01 9.99999985e-01 9.99999985e-01 9.99999984e-01 9.99999982e-01 9.99999966e-01 9.99999885e-01 9.99999531e-01 9.99998234e-01 9.99994203e-01 9.99983478e-01 9.99958896e-01 9.99909969e-01 9.99824708e-01 9.99693526e-01 9.99513768e-01 9.99292440e-01 9.99045368e-01 9.98793028e-01 9.98555085e-01 9.98346053e-01 9.98173429e-01 9.98038237e-01 9.97936967e-01 9.97863807e-01 9.97812432e-01 9.97777101e-01 9.97753143e-01 9.97737020e-01 9.97726193e-01 9.97718901e-01 9.97713958e-01 9.97710577e-01 9.97708240e-01 9.97706611e-01 9.97705471e-01 9.97704677e-01 9.97704135e-01 9.97703781e-01 9.97703575e-01 9.97703492e-01 9.97703519e-01 9.97703662e-01 9.97703937e-01 9.97704379e-01 9.97705038e-01 9.97705991e-01 9.97707353e-01 9.97709302e-01 9.97712110e-01 9.97716193e-01 9.97722190e-01 9.97731070e-01 9.97744282e-01 9.97763947e-01 9.97793080e-01 9.97835777e-01 9.97897273e-01 9.97983695e-01 9.98101294e-01 9.98254993e-01 9.98446319e-01 9.98671194e-01 9.98918547e-01 9.99170887e-01 9.99407482e-01 9.99609517e-01 9.99765233e-01 9.99872591e-01 9.99938227e-01 9.99973507e-01 9.99990041e-01 9.99996743e-01 9.99999075e-01 9.99999767e-01 9.99999941e-01 9.99999977e-01 9.99999984e-01 9.99999985e-01 9.99999985e-01 9.99999985e-01 9.99999985e-01 9.99999985e-01 9.99999985e-01 9.99999985e-01 9.99999985e-01 9.99999985e-01 9.99999985e-01 9.99999985e-01 9.99999984e-01 9.99999984e-01
9.99999984e-01 9.99999984e-01 9.99999985e-01 9.99999985e-01 9.99999985e-01 9.99999985e-01 9.99999985e-01 9.99999985e-01 9.99999985e-01 9.99999985e-01 9.99999985e-01 9.99999985e-01 9.99999985e-01 9.99999984e-01 9.99999977e-01 9.99999938e-01 9.99999752e-01 9.99999013e-01 9.99996525e-01 9.99989396e-01 9.99971897e-01 9.99934795e-01 9.99866300e-01 9.99755261e-01 9.99595817e-01 9.99391211e-01 9.99154430e-01 9.98905042e-01 9.98663768e-01 9.98447369e-01 9.98265781e-01 9.98121928e-01 9.98013389e-01 9.97934720e-01 9.97879496e-01 9.97841656e-01 9.97816161e-01 9.97799158e-01 9.97787862e-01 9.97780348e-01 9.97775321e-01 9.97771927e-01 9.97769610e-01 9.97768011e-01 9.97766900e-01 9.97766128e-01 9.97765599e-01 9.97765247e-01 9.97765031e-01 9.97764920e-01 9.97764899e-01 9.97764964e-01 9.97765124e-01 9.97765404e-01 9.97765838e-01 9.97766479e-01 9.97767405e-01 9.97768737e-01 9.97770660e-01 9.97773460e-01 9.97777586e-01 9.97783726e-01 9.97792934e-01 9.97806795e-01 9.97827634e-01 9.97858746e-01 9.97904576e-01 9.97970719e-01 9.98063541e-01 9.98189191e-01 9.98351890e-01 9.98551664e-01 9.98782203e-01 9.99029976e-01 9.99275715e-01 9.99498556e-01 9.99681627e-01 9.99816644e-01 9.99905236e-01 9.99956500e-01 9.99982439e-01 9.99993819e-01 9.99998115e-01 9.99999500e-01 9.99999878e-01 9.99999965e-01 9.99999982e-01 9.99999984e-01 9.99999985e-01 9.99999985e-01 9.99999985e-01 9.99999985e-01 9.99999985e-01 9.99999985e-01 9.99999985e-01 9.99999985e-01 9.99999985e-01 9.99999985e-01 9.99999984e-01 9.99999984e-01 9.99999984e-01 9.99999984e-01 9.99999985e-01 9.99999985e-01 9.99999985e-01 9.99999985e-01 9.99999985e-01 9.99999985e-01 9.99999985e-01 9.99999985e-01 9.99999985e-01 9.99999985e-01 9.99999984e-01 9.99999982e-01 9.99999965e-01 9.99999878e-01 9.99999500e-01 9.99998115e-01 9.99993819e-01 9.99982439e-01 9.99956500e-01 9.99905236e-01 9.99816644e-01 9.99681627e-01 9.99498556e-01 9.99275715e-01 9.99029976e-01 9.98782203e-01 9.98551664e-01 9.98351890e-01 9.98189191e-01 9.98063541e-01 9.97970719e-01 9.97904576e-01 9.97858746e-01 9.97827634e-01 9.97806795e-01 9.97792934e-01 9.97783726e-01 9.97777586e-01 9.97773460e-01 9.97770660e-01 9.97768737e-01 9.97767405e-01 9.97766479e-01 9.97765838e-01 9.97765404e-01 9.97765124e-01 9.97764964e-01 9.97764899e-01 9.97764920e-01 9.97765031e-01 9.97765247e-01 9.97765599e-01 9.97766128e-01 9.97766900e-01 9.97768011e-01 9.97769610e-01 9.97771927e-01 9.97775321e-01 9.97780348e-01 9.97787862e-01 9.97799158e-01 9.97816161e-01 9.97841656e-01 9.97879496e-01 9.97934720e-01 9.98013389e-01 9.98121928e-01 9.98265781e-01 9.98447369e-01 9.98663768e-01 9.98905042e-01 9.99154430e-01 9.99391211e-01 9.99595817e-01 9.99755261e-01 9.99866300e-01 9.99934795e-01 9.99971897e-01 9.99989396e-01 9.99996525e-01 9.99999013e-01 9.99999752e-01 9.99999938e-01 9.99999977e-01 9.99999984e-01 9.99999985e-01 9.99999985e-01 9.99999985e-01 9.99999985e-01 9.99999985e-01 9.99999985e-01 9.99999985e-01 9.99999985e-01 9.99999985e-01 9.99999985e-01 9.99999985e-01 9.99999984e-01 9.99999984e-01
9.99999984e-01 9.99999984e-01 9.99999985e-01 9.99999985e-01 9.99999985e-01 9.99999985e-01 9.99999985e-01 9.99999985e-01 9.99999985e-01 9.99999985e-01 9.99999985e-01 9.99999985e-01 9.99999985e-01 9.99999983e-01 9.99999976e-01 9.99999935e-01 9.99999737e-01 9.99998947e-01 9.99996293e-01 9.99988718e-01 9.99970215e-01 9.99931238e-01 9.99859845e-01 9.99745156e-01 9.99582145e-01 9.99375287e-01 9.99138761e-01 9.98892790e-01 9.98657963e-01 9.98450213e-01 9.98278304e-01 9.98144028e-01 9.98044135e-01 9.97972739e-01 9.97923303e-01 9.97889876e-01 9.97867641e-01 9.97852990e-01 9.97843367e-01 9.97837032e-01 9.97832833e-01 9.97830021e-01 9.97828115e-01 9.97826808e-01 9.97825904e-01 9.97825280e-01 9.97824856e-01 9.97824579e-01 9.97824411e-01 9.97824326e-01 9.97824310e-01 9.97824359e-01 9.97824483e-01 9.97824702e-01 9.97825047e-01 9.97825563e-01 9.97826314e-01 9.97827401e-01 9.97828977e-01 9.97831289e-01 9.97834720e-01 9.97839872e-01 9.97847675e-01 9.97859549e-01 9.97877612e-01 9.97904918e-01 9.97945671e-01 9.98005287e-01 9.98090116e-01 9.98206575e-01 9.98359520e-01 9.98549978e-01 9.98772835e-01 9.99015609e-01 9.99259547e-01 9.99483512e-01 9.99669657e-01 9.99808419e-01 9.99900353e-01 9.99954006e-01 9.99981348e-01 9.99993415e-01 9.99997989e-01 9.99999467e-01 9.99999871e-01 9.99999964e-01 9.99999981e-01 9.99999984e-01 9.99999985e-01 9.99999985e-01 9.99999985e-01 9.99999985e-01 9.99999985e-01 9.99999985e-01 9.99999985e-01 9.99999985e-01 9.99999985e-01 9.99999985e-01 9.99999984e-01 9.99999984e-01 9.99999984e-01 9.99999984e-01 9.99999985e-01 9.99999985e-01 9.99999985e-01 9.99999985e-01 9.99999985e-01 9.99999985e-01 9.99999985e-01 9.99999985e-01 9.99999985e-01 9.99999985e-01 9.99999984e-01 9.99999981e-01 9.99999964e-01 9.99999871e-01 9.99999467e-01 9.99997989e-01 9.99993415e-01 9.99981348e-01 9.99954006e-01 9.99900353e-01 9.99808419e-01 9.99669657e-01 9.99483512e-01 9.99259547e-01 9.99015609e-01 9.98772835e-01 9.98549978e-01 9.98359520e-01 9.98206575e-01 9.98090116e-01 9.98005287e-01 9.97945671e-01 9.97904918e-01 9.97877612e-01 9.97859549e-01 9.97847675e-01 9.97839872e-01 9.97834720e-01 9.97831289e-01 9.97828977e-01 9.97827401e-01 9.97826314e-01 9.97825563e-01 9.97825047e-01 9.97824702e-01 9.97824483e-01 9.97824359e-01 9.97824310e-01 9.97824326e-01 9.97824411e-01 9.97824579e-01 9.97824856e-01 9.97825280e-01 9.97825904e-01 9.97826808e-01 9.97828115e-01 9.97830021e-01 9.97832833e-01 9.97837032e-01 9.97843367e-01 9.97852990e-01 9.97867641e-01 9.97889876e-01 9.97923303e-01 9.97972739e-01 9.98044135e-01 9.98144028e-01 9.98278304e-01 9.98450213e-01 9.98657963e-01 9.98892790e-01 9.99138761e-01 9.99375287e-01 9.99582145e-01 9.99745156e-01 9.99859845e-01 9.99931238e-01 9.99970215e-01 9.99988718e-01 9.99996293e-01 9.99998947e-01 9.99999737e-01 9.99999935e-01 9.99999976e-01 9.99999983e-01 9.99999985e-01 9.99999985e-01 9.99999985e-01 9.99999985e-01 9.99999985e-01 9.99999985e-01 9.99999985e-01 9.99999985e-01 9.99999985e-01 9.99999985e-01 9.99999985e-01 9.99999984e-01 9.99999984e-01
9.99999984e-01 9.99999984e-01 9.99999985e-01 9.99999985e-01 9.99999985e-01 9.99999985e-01 9.99999985e-01 9.99999985e-01 9.99999985e-01 9.99999985e-01 9.99999985e-01 9.99999985e-01 9.99999984e-01 9.99999983e-01 9.99999976e-01 9.99999931e-01 9.99999720e-01 9.99998877e-01 9.99996049e-01 9.99988005e-01 9.99968458e-01 9.99927556e-01 9.99853232e-01 9.99734937e-01 9.99568533e-01 9.99359752e-01 9.99123920e-01 9.98881812e-01 9.98653761e-01 9.98454785e-01 9.98292450e-01 9.98167450e-01 9.98075777e-01 9.98011175e-01 9.97967059e-01 9.97937627e-01 9.97918301e-01 9.97905721e-01 9.97897552e-01 9.97892230e-01 9.97888735e-01 9.97886413e-01 9.97884849e-01 9.97883782e-01 9.97883048e-01 9.97882544e-01 9.97882206e-01 9.97881988e-01 9.97881859e-01 9.97881796e-01 9.97881784e-01 9.97881820e-01 9.97881914e-01 9.97882084e-01 9.97882357e-01 9.97882772e-01 9.97883381e-01 9.97884265e-01 9.97885555e-01 9.97887458e-01 9.97890302e-01 9.97894609e-01 9.97901198e-01 9.97911335e-01 9.97926938e-01 9.97950824e-01 9.97986945e-01 9.98040513e-01 9.98117812e-01 9.98225453e-01 9.98368854e-01 9.98549986e-01 9.98764926e-01 9.99002301e-01 9.99243979e-01 9.99468674e-01 9.99657640e-01 9.99800044e-01 9.99895324e-01 9.99951412e-01 9.99980206e-01 9.99992988e-01 9.99997855e-01 9.99999432e-01 9.99999863e-01 9.99999962e-01 9.99999981e-01 9.99999984e-01 9.99999985e-01 9.99999985e-01 9.99999985e-01 9.99999985e-01 9.99999985e-01 9.99999985e-01 9.99999985e-01 9.99999985e-01 9.99999985e-01 9.99999985e-01 9.99999984e-01 9.99999984e-01 9.99999984e-01 9.99999984e-01 9.99999985e-01 9.99999985e-01 9.99999985e-01 9.99999985e-01 9.99999985e-01 9.99999985e-01 9.99999985e-01 9.99999985e-01 9.99999985e-01 9.99999985e-01 9.99999984e-01 9.99999981e-01 9.99999962e-01 9.99999863e-01 9.99999432e-01 9.99997855e-01 9.99992988e-01 9.99980206e-01 9.99951412e-01 9.99895324e-01 9.99800044e-01 9.99657640e-01 9.99468674e-01 9.99243979e-01 9.99002301e-01 9.98764926e-01 9.98549986e-01 9.98368854e-01 9.98225453e-01 9.98117812e-01 9.98040513e-01 9.97986945e-01 9.97950824e-01 9.97926938e-01 9.97911335e-01 9.97901198e-01 9.97894609e-01 9.97890302e-01 9.97887458e-01 9.97885555e-01 9.97884265e-01 9.97883381e-01 9.97882772e-01 9.97882357e-01 9.97882084e-01 9.97881914e-01 9.97881820e-01 9.97881784e-01 9.97881796e-01 9.97881859e-01 9.97881988e-01 9.97882206e-01 9.97882544e-01 9.97883048e-01 9.97883782e-01 9.97884849e-01 9.97886413e-01 9.97888735e-01 9.97892230e-01 9.97897552e-01 9.97905721e-01 9.97918301e-01 9.97937627e-01 9.97967059e-01 9.98011175e-01 9.98075777e-01 9.98167450e-01 9.98292450e-01 9.98454785e-01 9.98653761e-01 9.98881812e-01 9.99123920e-01 9.99359752e-01 9.99568533e-01 9.99734937e-01 9.99853232e-01 9.99927556e-01 9.99968458e-01 9.99988005e-01 9.99996049e-01 9.99998877e-01 9.99999720e-01 9.99999931e-01 9.99999976e-01 9.99999983e-01 9.99999984e-01 9.99999985e-01 9.99999985e-01 9.99999985e-01 9.99999985e-01 9.99999985e-01 9.99999985e-01 9.99999985e-01 9.99999985e-01 9.99999985e-01 9.99999985e-01 9.99999984e-01 9.99999984e-01
9.99999984e-01 9.99999984e-01 9.99999985e-01 9.99999985e-01 9.99999985e-01 9.99999985e-01 9.99999985e-01 9.99999985e-01 9.99999985e-01 9.99999985e-01 9.99999985e-01 9.99999985e-01 9.99999984e-01 9.99999983e-01 9.99999975e-01 9.99999928e-01 9.99999702e-01 9.99998803e-01 9.99995792e-01 9.99987257e-01 9.99966626e-01 9.99923747e-01 9.99846467e-01 9.99724618e-01 9.99555012e-01 9.99344647e-01 9.99109943e-01 9.98872120e-01 9.98651136e-01 9.98461014e-01 9.98308107e-01 9.98192056e-01 9.98108165e-01 9.98049885e-01 9.98010640e-01 9.97984811e-01 9.97968069e-01 9.97957305e-01 9.97950395e-01 9.97945940e-01 9.97943040e-01 9.97941128e-01 9.97939848e-01 9.97938977e-01 9.97938380e-01 9.97937972e-01 9.97937701e-01 9.97937531e-01 9.97937433e-01 9.97937387e-01 9.97937378e-01 9.97937405e-01 9.97937474e-01 9.97937605e-01 9.97937822e-01 9.97938156e-01 9.97938650e-01 9.97939371e-01 9.97940425e-01 9.97941987e-01 9.97944337e-01 9.97947926e-01 9.97953470e-01 9.97962093e-01 9.97975525e-01 9.97996350e-01 9.98028263e-01 9.98076250e-01 9.98146481e-01 9.98245697e-01 9.98379798e-01 9.98551641e-01 9.98758472e-01 9.98990077e-01 9.99229053e-01 9.99454079e-01 9.99645599e-01 9.99791530e-01 9.99890149e-01 9.99948717e-01 9.99979010e-01 9.99992539e-01 9.99997714e-01 9.99999395e-01 9.99999855e-01 9.99999961e-01 9.99999981e-01 9.99999984e-01 9.99999985e-01 9.99999985e-01 9.99999985e-01 9.99999985e-01 9.99999985e-01 9.99999985e-01 9.99999985e-01 9.99999985e-01 9.99999985e-01 9.99999985e-01 9.99999984e-01 9.99999984e-01 9.99999984e-01 9.99999984e-01 9.99999985e-01 9.99999985e-01 9.99999985e-01 9.99999985e-01 9.99999985e-01 9.99999985e-01 9.99999985e-01 9.99999985e-01 9.99999985e-01 9.99999985e-01 9.99999984e-01 9.99999981e-01 9.99999961e-01 9.99999855e-01 9.99999395e-01 9.99997714e-01 9.99992539e-01 9.99979010e-01 9.99948717e-01 9.99890149e-01 9.99791530e-01 9.99645599e-01 9.99454079e-01 9.99229053e-01 9.98990077e-01 9.98758472e-01 9.98551641e-01 9.98379798e-01 9.98245697e-01 9.98146481e-01 9.98076250e-01 9.98028263e-01 9.97996350e-01 9.97975525e-01 9.97962093e-01 9.97953470e-01 9.97947926e-01 9.97944337e-01 9.97941987e-01 9.97940425e-01 9.97939371e-01 9.97938650e-01 9.97938156e-01 9.97937822e-01 9.97937605e-01 9.97937474e-01 9.97937405e-01 9.97937378e-01 9.97937387e-01 9.97937433e-01 9.97937531e-01 9.97937701e-01 9.97937972e-01 9.97938380e-01 9.97938977e-01 9.97939848e-01 9.97941128e-01 9.97943040e-01 9.97945940e-01 9.97950395e-01 9.97957305e-01 9.97968069e-01 9.97984811e-01 9.98010640e-01 9.98049885e-01 9.98108165e-01 9.98192056e-01 9.98308107e-01 9.98461014e-01 9.98651136e-01 9.98872120e-01 9.99109943e-01 9.99344647e-01 9.99555012e-01 9.99724618e-01 9.99846467e-01 9.99923747e-01 9.99966626e-01 9.99987257e-01 9.99995792e-01 9.99998803e-01 9.99999702e-01 9.99999928e-01 9.99999975e-01 9.99999983e-01 9.99999984e-01 9.99999985e-01 9.99999985e-01 9.99999985e-01 9.99999985e-01 9.99999985e-01 9.99999985e-01 9.99999985e-01 9.99999985e-01 9.99999985e-01 9.99999985e-01 9.99999984e-01 9.99999984e-01
9.99999984e-01 9.99999984e-01 9.99999985e-01 9.99999985e-01 9.99999985e-01 9.99999985e-01 9.99999985e-01 9.99999985e-01 9.99999985e-01 9.99999985e-01 9.99999985e-01 9.99999985e-01 9.99999984e-01 9.99999983e-01 9.99999975e-01 9.99999924e-01 9.99999684e-01 9.99998725e-01 9.99995520e-01 9.99986471e-01 9.99964716e-01 9.99919814e-01 9.99839557e-01 9.99714220e-01 9.99541613e-01 9.99330012e-01 9.99096865e-01 9.98863724e-01 9.98650057e-01 9.98468824e-01 9.98325161e-01 9.98217707e-01 9.98141156e-01 9.98088737e-01 9.98053934e-01 9.98031341e-01 9.98016887e-01 9.98007708e-01 9.98001884e-01 9.97998167e-01 9.97995769e-01 9.97994198e-01 9.97993150e-01 9.97992438e-01 9.97991950e-01 9.97991617e-01 9.97991398e-01 9.97991264e-01 9.97991190e-01 9.97991157e-01 9.97991151e-01 9.97991169e-01 9.97991220e-01 9.97991322e-01 9.97991495e-01 9.97991767e-01 9.97992171e-01 9.97992760e-01 9.97993622e-01 9.97994903e-01 9.97996839e-01 9.97999819e-01 9.98004468e-01 9.98011777e-01 9.98023301e-01 9.98041396e-01 9.98069503e-01 9.98112357e-01 9.98175982e-01 9.98267179e-01 9.98392257e-01 9.98554888e-01 9.98753463e-01 9.98978962e-01 9.99214806e-01 9.99439765e-01 9.99633561e-01 9.99782889e-01 9.99884833e-01 9.99945920e-01 9.99977759e-01 9.99992067e-01 9.99997564e-01 9.99999355e-01 9.99999847e-01 9.99999959e-01 9.99999981e-01 9.99999984e-01 9.99999985e-01 9.99999985e-01 9.99999985e-01 9.99999985e-01 9.99999985e-01 9.99999985e-01 9.99999985e-01 9.99999985e-01 9.99999985e-01 9.99999985e-01 9.99999984e-01 9.99999984e-01 9.99999984e-01 9.99999984e-01 9.99999985e-01 9.99999985e-01 9.99999985e-01 9.99999985e-01 9.99999985e-01 9.99999985e-01 9.99999985e-01 9.99999985e-01 9.99999985e-01 9.99999985e-01 9.99999984e-01 9.99999981e-01 9.99999959e-01 9.99999847e-01 9.99999355e-01 9.99997564e-01 9.99992067e-01 9.99977759e-01 9.99945920e-01 9.99884833e-01 9.99782889e-01 9.99633561e-01 9.99439765e-01 9.99214806e-01 9.98978962e-01 9.98753463e-01 9.98554888e-01 9.98392257e-01 9.98267179e-01 9.98175982e-01 9.98112357e-01 9.98069503e-01 9.98041396e-01 9.98023301e-01 9.98011777e-01 9.98004468e-01 9.97999819e-01 9.97996839e-01 9.97994903e-01 9.97993622e-01 9.97992760e-01 9.97992171e-01 9.97991767e-01 9.97991495e-01 9.97991322e-01 9.97991220e-01 9.97991169e-01 9.97991151e-01 9.97991157e-01 9.97991190e-01 9.97991264e-01 9.97991398e-01 9.97991617e-01 9.97991950e-01 9.97992438e-01 9.97993150e-01 9.97994198e-01 9.97995769e-01 9.97998167e-01 9.98001884e-01 9.98007708e-01 9.98016887e-01 9.98031341e-01 9.98053934e-01 9.98088737e-01 9.98141156e-01 9.98217707e-01 9.98325161e-01 9.98468824e-01 9.98650057e-01 9.98863724e-01 9.99096865e-01 9.99330012e-01 9.99541613e-01 9.99714220e-01 9.99839557e-01 9.99919814e-01 9.99964716e-01 9.99986471e-01 9.99995520e-01 9.99998725e-01 9.99999684e-01 9.99999924e-01 9.99999975e-01 9.99999983e-01 9.99999984e-01 9.99999985e-01 9.99999985e-01 9.99999985e-01 9.99999985e-01 9.99999985e-01 9.99999985e-01 9.99999985e-01 9.99999985e-01 9.99999985e-01 9.99999985e-01 9.99999984e-01 9.99999984e-01
9.99999984e-01 9.99999984e-01 9.99999985e-01 9.99999985e-01 9.99999985e-01 9.99999985e-01 9.99999985e-01 9.99999985e-01 9.99999985e-01 9.99999985e-01 9.99999985e-01 9.99999985e-01 9.99999984e-01 9.99999983e-01 9.99999974e-01 9.99999920e-01 9.99999664e-01 9.99998642e-01 9.99995233e-01 9.99985646e-01 9.99962728e-01 9.99915757e-01 9.99832510e-01 9.99703761e-01 9.99528368e-01 9.99315882e-01 9.99084713e-01 9.98856625e-01 9.98650487e-01 9.98478134e-01 9.98343497e-01 9.98244270e-01 9.98174615e-01 9.98127609e-01 9.98096842e-01 9.98077143e-01 9.98064707e-01 9.98056907e-01 9.98052014e-01 9.98048923e-01 9.98046946e-01 9.98045657e-01 9.98044798e-01 9.98044213e-01 9.98043809e-01 9.98043533e-01 9.98043352e-01 9.98043243e-01 9.98043186e-01 9.98043162e-01 9.98043158e-01 9.98043171e-01 9.98043209e-01 9.98043289e-01 9.98043432e-01 9.98043657e-01 9.98043993e-01 9.98044478e-01 9.98045185e-01 9.98046234e-01 9.98047827e-01 9.98050294e-01 9.98054178e-01 9.98060353e-01 9.98070206e-01 9.98085878e-01 9.98110552e-01 9.98148706e-01 9.98206176e-01 9.98289771e-01 9.98406129e-01 9.98559667e-01 9.98749882e-01 9.98968973e-01 9.99201274e-01 9.99425766e-01 9.99621550e-01 9.99774134e-01 9.99879379e-01 9.99943021e-01 9.99976451e-01 9.99991570e-01 9.99997406e-01 9.99999314e-01 9.99999838e-01 9.99999958e-01 9.99999981e-01 9.99999984e-01 9.99999985e-01 9.99999985e-01 9.99999985e-01 9.99999985e-01 9.99999985e-01 9.99999985e-01 9.99999985e-01 9.99999985e-01 9.99999985e-01 9.99999985e-01 9.99999984e-01 9.99999984e-01 9.99999984e-01 9.99999984e-01 9.99999985e-01 9.99999985e-01 9.99999985e-01 9.99999985e-01 9.99999985e-01 9.99999985e-01 9.99999985e-01 9.99999985e-01 9.99999985e-01 9.99999985e-01 9.99999984e-01 9.99999981e-01 9.99999958e-01 9.99999838e-01 9.99999314e-01 9.99997406e-01 9.99991570e-01 9.99976451e-01 9.99943021e-01 9.99879379e-01 9.99774134e-01 9.99621550e-01 9.99425766e-01 9.99201274e-01 9.98968973e-01 9.98749882e-01 9.98559667e-01 9.98406129e-01 9.98289771e-01 9.98206176e-01 9.98148706e-01 9.98110552e-01 9.98085878e-01 9.98070206e-01 9.98060353e-01 9.98054178e-01 9.98050294e-01 9.98047827e-01 9.98046234e-01 9.98045185e-01 9.98044478e-01 9.98043993e-01 9.98043657e-01 9.98043432e-01 9.98043289e-01 9.98043209e-01 9.98043171e-01 9.98043158e-01 9.98043162e-01 9.98043186e-01 9.98043243e-01 9.98043352e-01 9.98043533e-01 9.98043809e-01 9.98044213e-01 9.98044798e-01 9.98045657e-01 9.98046946e-01 9.98048923e-01 9.98052014e-01 9.98056907e-01 9.98064707e-01 9.98077143e-01 9.98096842e-01 9.98127609e-01 9.98174615e-01 9.98244270e-01 9.98343497e-01 9.98478134e-01 9.98650487e-01 9.98856625e-01 9.99084713e-01 9.99315882e-01 9.99528368e-01 9.99703761e-01 9.99832510e-01 9.99915757e-01 9.99962728e-01 9.99985646e-01 9.99995233e-01 9.99998642e-01 9.99999664e-01 9.99999920e-01 9.99999974e-01 9.99999983e-01 9.99999984e-01 9.99999985e-01 9.99999985e-01 9.99999985e-01 9.99999985e-01 9.99999985e-01 9.99999985e-01 9.99999985e-01 9.99999985e-01 9.99999985e-01 9.99999985e-01 9.99999984e-01 9.99999984e-01
9.99999984e-01 9.99999984e-01 9.99999985e-01 9.99999985e-01 9.99999985e-01 9.99999985e-01 9.99999985e-01 9.99999985e-01 9.99999985e-01 9.99999985e-01 9.99999985e-01 9.99999985e-01 9.99999984e-01 9.99999983e-01 9.99999973e-01 9.99999916e-01 9.99999643e-01 9.99998554e-01 9.99994931e-01 9.99984783e-01 9.99960660e-01 9.99911577e-01 9.99825333e-01 9.99693259e-01 9.99515308e-01 9.99302295e-01 9.99073512e-01 9.98850820e-01 9.98652380e-01 9.98488859e-01 9.98362999e-01 9.98271615e-01 9.98208415e-01 9.98166389e-01 9.98139275e-01 9.98122156e-01 9.98111492e-01 9.98104887e-01 9.98100790e-01 9.98098228e-01 9.98096600e-01 9.98095543e-01 9.98094836e-01 9.98094350e-01 9.98094009e-01 9.98093772e-01 9.98093616e-01 9.98093524e-01 9.98093477e-01 9.98093459e-01 9.98093456e-01 9.98093465e-01 9.98093496e-01 9.98093563e-01 9.98093685e-01 9.98093880e-01 9.98094165e-01 9.98094571e-01 9.98095155e-01 9.98096016e-01 9.98097324e-01 9.98099361e-01 9.98102596e-01 9.98107795e-01 9.98116190e-01 9.98129718e-01 9.98151309e-01 9.98185175e-01 9.98236935e-01 9.98313350e-01 9.98421314e-01 9.98565913e-01 9.98747705e-01 9.98960122e-01 9.99188489e-01 9.99412119e-01 9.99609592e-01 9.99765277e-01 9.99873790e-01 9.99940019e-01 9.99975085e-01 9.99991047e-01 9.99997239e-01 9.99999270e-01 9.99999828e-01 9.99999956e-01 9.99999980e-01 9.99999984e-01 9.99999985e-01 9.99999985e-01 9.99999985e-01 9.99999985e-01 9.99999985e-01 9.99999985e-01 9.99999985e-01 9.99999985e-01 9.99999985e-01 9.99999985e-01 9.99999984e-01 9.99999984e-01 9.99999984e-01 9.99999984e-01 9.99999985e-01 9.99999985e-01 9.99999985e-01 9.99999985e-01 9.99999985e-01 9.99999985e-01 9.99999985e-01 9.99999985e-01 9.99999985e-01 9.99999985e-01 9.99999984e-01 9.99999980e-01 9.99999956e-01 9.99999828e-01 9.99999270e-01 9.99997239e-01 9.99991047e-01 9.99975085e-01 9.99940019e-01 9.99873790e-01 9.99765277e-01 9.99609592e-01 9.99412119e-01 9.99188489e-01 9.98960122e-01 9.98747705e-01 9.98565913e-01 9.98421314e-01 9.98313350e-01 9.98236935e-01 9.98185175e-01 9.98151309e-01 9.98129718e-01 9.98116190e-01 9.98107795e-01 9.98102596e-01 9.98099361e-01 9.98097324e-01 9.98096016e-01 9.98095155e-01 9.98094571e-01 9.98094165e-01 9.98093880e-01 9.98093685e-01 9.98093563e-01 9.98093496e-01 9.98093465e-01 9.98093456e-01 9.98093459e-01 9.98093477e-01 9.98093524e-01 9.98093616e-01 9.98093772e-01 9.98094009e-01 9.98094350e-01 9.98094836e-01 9.98095543e-01 9.98096600e-01 9.98098228e-01 9.98100790e-01 9.98104887e-01 9.98111492e-01 9.98122156e-01 9.98139275e-01 9.98166389e-01 9.98208415e-01 9.98271615e-01 9.98362999e-01 9.98488859e-01 9.98652380e-01 9.98850820e-01 9.99073512e-01 9.99302295e-01 9.99515308e-01 9.99693259e-01 9.99825333e-01 9.99911577e-01 9.99960660e-01 9.99984783e-01 9.99994931e-01 9.99998554e-01 9.99999643e-01 9.99999916e-01 9.99999973e-01 9.99999983e-01 9.99999984e-01 9.99999985e-01 9.99999985e-01 9.99999985e-01 9.99999985e-01 9.99999985e-01 9.99999985e-01 9.99999985e-01 9.99999985e-01 9.99999985e-01 9.99999985e-01 9.99999984e-01 9.99999984e-01
9.99999984e-01 9.99999984e-01 9.99999985e-01 9.99999985e-01 9.99999985e-01 9.99999985e-01 9.99999985e-01 9.99999985e-01 9.99999985e-01 9.99999985e-01 9.99999985e-01 9.99999985e-01 9.99999984e-01 9.99999983e-01 9.99999973e-01 9.99999912e-01 9.99999621e-01 9.99998461e-01 9.99994613e-01 9.99983879e-01 9.99958512e-01 9.99907276e-01 9.99818034e-01 9.99682736e-01 9.99502465e-01 9.99289285e-01 9.99063283e-01 9.98846298e-01 9.98655688e-01 9.98500912e-01 9.98383554e-01 9.98299619e-01 9.98242439e-01 9.98204977e-01 9.98181157e-01 9.98166328e-01 9.98157214e-01 9.98151639e-01 9.98148221e-01 9.98146103e-01 9.98144765e-01 9.98143896e-01 9.98143310e-01 9.98142898e-01 9.98142602e-01 9.98142390e-01 9.98142247e-01 9.98142161e-01 9.98142117e-01 9.98142101e-01 9.98142098e-01 9.98142107e-01 9.98142135e-01 9.98142197e-01 9.98142310e-01 9.98142486e-01 9.98142738e-01 9.98143087e-01 9.98143576e-01 9.98144286e-01 9.98145359e-01 9.98147038e-01 9.98149724e-01 9.98154086e-01 9.98161215e-01 9.98172853e-01 9.98191687e-01 9.98221654e-01 9.98268136e-01 9.98337794e-01 9.98437710e-01 9.98573557e-01 9.98746904e-01 9.98952416e-01 9.99176481e-01 9.99398856e-01 9.99597714e-01 9.99756333e-01 9.99868072e-01 9.99936915e-01 9.99973661e-01 9.99990498e-01 9.99997063e-01 9.99999223e-01 9.99999818e-01 9.99999954e-01 9.99999980e-01 9.99999984e-01 9.99999985e-01 9.99999985e-01 9.99999985e-01 9.99999985e-01 9.99999985e-01 9.99999985e-01 9.99999985e-01 9.99999985e-01 9.99999985e-01 9.99999985e-01 9.99999984e-01 9.99999984e-01 9.99999984e-01 9.99999984e-01 9.99999985e-01 9.99999985e-01 9.99999985e-01 9.99999985e-01 9.99999985e-01 9.99999985e-01 9.99999985e-01 9.99999985e-01 9.99999985e-01 9.99999985e-01 9.99999984e-01 9.99999980e-01 9.99999954e-01 9.99999818e-01 9.99999223e-01 9.99997063e-01 9.99990498e-01 9.99973661e-01 9.99936915e-01 9.99868072e-01 9.99756333e-01 9.99597714e-01 9.99398856e-01 9.99176481e-01 9.98952416e-01 9.98746904e-01 9.98573557e-01 9.98437710e-01 9.98337794e-01 9.98268136e-01 9.98221654e-01 9.98191687e-01 9.98172853e-01 9.98161215e-01 9.98154086e-01 9.98149724e-01 9.98147038e-01 9.98145359e-01 9.98144286e-01 9.98143576e-01 9.98143087e-01 9.98142738e-01 9.98142486e-01 9.98142310e-01 9.98142197e-01 9.98142135e-01 9.98142107e-01 9.98142098e-01 9.98142101e-01 9.98142117e-01 9.98142161e-01 9.98142247e-01 9.98142390e-01 9.98142602e-01 9.98142898e-01 9.98143310e-01 9.98143896e-01 9.98144765e-01 9.98146103e-01 9.98148221e-01 9.98151639e-01 9.98157214e-01 9.98166328e-01 9.98181157e-01 9.98204977e-01 9.98242439e-01 9.98299619e-01 9.98383554e-01 9.98500912e-01 9.98655688e-01 9.98846298e-01 9.99063283e-01 9.99289285e-01 9.99502465e-01 9.99682736e-01 9.99818034e-01 9.99907276e-01 9.99958512e-01 9.99983879e-01 9.99994613e-01 9.99998461e-01 9.99999621e-01 9.99999912e-01 9.99999973e-01 9.99999983e-01 9.99999984e-01 9.99999985e-01 9.99999985e-01 9.99999985e-01 9.99999985e-01 9.99999985e-01 9.99999985e-01 9.99999985e-01 9.99999985e-01 9.99999985e-01 9.99999985e-01 9.99999984e-01 9.99999984e-01
9.99999984e-01 9.99999984e-01 9.99999985e-01 9.99999985e-01 9.99999985e-01 9.99999985e-01 9.99999985e-01 9.99999985e-01 9.99999985e-01 9.99999985e-01 9.99999985e-01 9.99999985e-01 9.99999984e-01 9.99999983e-01 9.99999972e-01 9.99999907e-01 9.99999597e-01 9.99998363e-01 9.99994278e-01 9.99982933e-01 9.99956282e-01 9.99902855e-01 9.99810625e-01 9.99672212e-01 9.99489870e-01 9.99276881e-01 9.99054042e-01 9.98843045e-01 9.98660357e-01 9.98514204e-01 9.98405049e-01 9.98328163e-01 9.98276575e-01 9.98243282e-01 9.98222422e-01 9.98209618e-01 9.98201854e-01 9.98197166e-01 9.98194322e-01 9.98192575e-01 9.98191475e-01 9.98190758e-01 9.98190265e-01 9.98189908e-01 9.98189639e-01 9.98189437e-01 9.98189296e-01 9.98189207e-01 9.98189161e-01 9.98189141e-01 9.98189138e-01 9.98189148e-01 9.98189180e-01 9.98189246e-01 9.98189359e-01 9.98189530e-01 9.98189764e-01 9.98190073e-01 9.98190490e-01 9.98191081e-01 9.98191964e-01 9.98193345e-01 9.98195569e-01 9.98199216e-01 9.98205250e-01 9.98215230e-01 9.98231606e-01 9.98258042e-01 9.98299662e-01 9.98362986e-01 9.98455212e-01 9.98582527e-01 9.98747446e-01 9.98945858e-01 9.99165276e-01 9.99386012e-01 9.99585942e-01 9.99747317e-01 9.99862229e-01 9.99933708e-01 9.99972176e-01 9.99989923e-01 9.99996878e-01 9.99999174e-01 9.99999808e-01 9.99999953e-01 9.99999980e-01 9.99999984e-01 9.99999985e-01 9.99999985e-01 9.99999985e-01 9.99999985e-01 9.99999985e-01 9.99999985e-01 9.99999985e-01 9.99999985e-01 9.99999985e-01 9.99999985e-01 9.99999984e-01 9.99999984e-01 9.99999984e-01 9.99999984e-01 9.99999985e-01 9.99999985e-01 9.99999985e-01 9.99999985e-01 9.99999985e-01 9.99999985e-01 9.99999985e-01 9.99999985e-01 9.99999985e-01 9.99999985e-01 9.99999984e-01 9.99999980e-01 9.99999953e-01 9.99999808e-01 9.99999174e-01 9.99996878e-01 9.99989923e-01 9.99972176e-01 9.99933708e-01 9.99862229e-01 9.99747317e-01 9.99585942e-01 9.99386012e-01 9.99165276e-01 9.98945858e-01 9.98747446e-01 9.98582527e-01 9.98455212e-01 9.98362986e-01 9.98299662e-01 9.98258042e-01 9.98231606e-01 9.98215230e-01 9.98205250e-01 9.98199216e-01 9.98195569e-01 9.98193345e-01 9.98191964e-01 9.98191081e-01 9.98190490e-01 9.98190073e-01 9.98189764e-01 9.98189530e-01 9.98189359e-01 9.98189246e-01 9.98189180e-01 9.98189148e-01 9.98189138e-01 9.98189141e-01 9.98189161e-01 9.98189207e-01 9.98189296e-01 9.98189437e-01 9.98189639e-01 9.98189908e-01 9.98190265e-01 9.98190758e-01 9.98191475e-01 9.98192575e-01 9.98194322e-01 9.98197166e-01 9.98201854e-01 9.98209618e-01 9.98222422e-01 9.98243282e-01 9.98276575e-01 9.98328163e-01 9.98405049e-01 9.98514204e-01 9.98660357e-01 9.98843045e-01 9.99054042e-01 9.99276881e-01 9.99489870e-01 9.99672212e-01 9.99810625e-01 9.99902855e-01 9.99956282e-01 9.99982933e-01 9.99994278e-01 9.99998363e-01 9.99999597e-01 9.99999907e-01 9.99999972e-01 9.99999983e-01 9.99999984e-01 9.99999985e-01 9.99999985e-01 9.99999985e-01 9.99999985e-01 9.99999985e-01 9.99999985e-01 9.99999985e-01 9.99999985e-01 9.99999985e-01 9.99999985e-01 9.99999984e-01 9.99999984e-01
9.99999984e-01 9.99999984e-01 9.99999985e-01 9.99999985e-01 9.99999985e-01 9.99999985e-01 9.99999985e-01 9.99999985e-01 9.99999985e-01 9.99999985e-01 9.99999985e-01 9.99999985e-01 9.99999984e-01 9.99999983e-01 9.99999971e-01 9.99999903e-01 9.99999572e-01 9.99998260e-01 9.99993926e-01 9.99981945e-01 9.99953970e-01 9.99898318e-01 9.99803113e-01 9.99661708e-01 9.99477551e-01 9.99265115e-01 9.99045800e-01 9.98841041e-01 9.98666329e-01 9.98528644e-01 9.98427374e-01 9.98357134e-01 9.98310724e-01 9.98281224e-01 9.98263012e-01 9.98251993e-01 9.98245402e-01 9.98241471e-01 9.98239112e-01 9.98237674e-01 9.98236769e-01 9.98236171e-01 9.98235749e-01 9.98235427e-01 9.98235171e-01 9.98234968e-01 9.98234817e-01 9.98234717e-01 9.98234659e-01 9.98234632e-01 9.98234627e-01 9.98234643e-01 9.98234683e-01 9.98234761e-01 9.98234886e-01 9.98235063e-01 9.98235292e-01 9.98235578e-01 9.98235944e-01 9.98236442e-01 9.98237172e-01 9.98238307e-01 9.98240144e-01 9.98243185e-01 9.98248274e-01 9.98256804e-01 9.98270998e-01 9.98294248e-01 9.98331406e-01 9.98388813e-01 9.98473719e-01 9.98592747e-01 9.98749290e-01 9.98940444e-01 9.99154895e-01 9.99373616e-01 9.99574302e-01 9.99738243e-01 9.99856267e-01 9.99930399e-01 9.99970631e-01 9.99989319e-01 9.99996683e-01 9.99999122e-01 9.99999796e-01 9.99999951e-01 9.99999980e-01 9.99999984e-01 9.99999985e-01 9.99999985e-01 9.99999985e-01 9.99999985e-01 9.99999985e-01 9.99999985e-01 9.99999985e-01 9.99999985e-01 9.99999985e-01 9.99999985e-01 9.99999984e-01 9.99999984e-01 9.99999984e-01 9.99999984e-01 9.99999985e-01 9.99999985e-01 9.99999985e-01 9.99999985e-01 9.99999985e-01 9.99999985e-01 9.99999985e-01 9.99999985e-01 9.99999985e-01 9.99999985e-01 9.99999984e-01 9.99999980e-01 9.99999951e-01 9.99999796e-01 9.99999122e-01 9.99996683e-01 9.99989319e-01 9.99970631e-01 9.99930399e-01 9.99856267e-01 9.99738243e-01 9.99574302e-01 9.99373616e-01 9.99154895e-01 9.98940444e-01 9.98749290e-01 9.98592747e-01 9.98473719e-01 9.98388813e-01 9.98331406e-01 9.98294248e-01 9.98270998e-01 9.98256804e-01 9.98248274e-01 9.98243185e-01 9.98240144e-01 9.98238307e-01 9.98237172e-01 9.98236442e-01 9.98235944e-01 9.98235578e-01 9.98235292e-01 9.98235063e-01 9.98234886e-01 9.98234761e-01 9.98234683e-01 9.98234643e-01 9.98234627e-01 9.98234632e-01 9.98234659e-01 9.98234717e-01 9.98234817e-01 9.98234968e-01 9.98235171e-01 9.98235427e-01 9.98235749e-01 9.98236171e-01 9.98236769e-01 9.98237674e-01 9.98239112e-01 9.98241471e-01 9.98245402e-01 9.98251993e-01 9.98263012e-01 9.98281224e-01 9.98310724e-01 9.98357134e-01 9.98427374e-01 9.98528644e-01 9.98666329e-01 9.98841041e-01 9.99045800e-01 9.99265115e-01 9.99477551e-01 9.99661708e-01 9.99803113e-01 9.99898318e-01 9.99953970e-01 9.99981945e-01 9.99993926e-01 9.99998260e-01 9.99999572e-01 9.99999903e-01 9.99999971e-01 9.99999983e-01 9.99999984e-01 9.99999985e-01 9.99999985e-01 9.99999985e-01 9.99999985e-01 9.99999985e-01 9.99999985e-01 9.99999985e-01 9.99999985e-01 9.99999985e-01 9.99999985e-01 9.99999984e-01 9.99999984e-01
9.99999984e-01 9.99999984e-01 9.99999984e-01 9.99999985e-01 9.99999985e-01 9.99999985e-01 9.99999985e-01 9.99999985e-01 9.99999985e-01 9.99999985e-01 9.99999985e-01 9.99999985e-01 9.99999984e-01 9.99999983e-01 9.99999970e-01 9.99999898e-01 9.99999546e-01 9.99998151e-01 9.99993557e-01 9.99980913e-01 9.99951576e-01 9.99893667e-01 9.99795511e-01 9.99651246e-01 9.99465540e-01 9.99254011e-01 9.99038566e-01 9.98840262e-01 9.98673543e-01 9.98544140e-01 9.98450423e-01 9.98386426e-01 9.98344793e-01 9.98318731e-01 9.98302881e-01 9.98293429e-01 9.98287852e-01 9.98284567e-01 9.98282616e-01 9.98281432e-01 9.98280685e-01 9.98280181e-01 9.98279808e-01 9.98279507e-01 9.98279251e-01 9.98279035e-01 9.98278864e-01 9.98278742e-01 9.98278666e-01 9.98278627e-01 9.98278619e-01 9.98278642e-01 9.98278699e-01 9.98278797e-01 9.98278943e-01 9.98279137e-01 9.98279374e-01 9.98279651e-01 9.98279983e-01 9.98280411e-01 9.98281019e-01 9.98281953e-01 9.98283467e-01 9.98285994e-01 9.98290273e-01 9.98297539e-01 9.98309803e-01 9.98330188e-01 9.98363267e-01 9.98415166e-01 9.98493130e-01 9.98604138e-01 9.98752394e-01 9.98936169e-01 9.99145359e-01 9.99361700e-01 9.99562820e-01 9.99729129e-01 9.99850192e-01 9.99926988e-01 9.99969023e-01 9.99988687e-01 9.99996477e-01 9.99999067e-01 9.99999785e-01 9.99999949e-01 9.99999979e-01 9.99999984e-01 9.99999985e-01 9.99999985e-01 9.99999985e-01 9.99999985e-01 9.99999985e-01 9.99999985e-01 9.99999985e-01 9.99999985e-01 9.99999985e-01 9.99999985e-01 9.99999984e-01 9.99999984e-01 9.99999984e-01 9.99999984e-01 9.99999985e-01 9.99999985e-01 9.99999985e-01 9.99999985e-01 9.99999985e-01 9.99999985e-01 9.99999985e-01 9.99999985e-01 9.99999985e-01 9.99999985e-01 9.99999984e-01 9.99999979e-01 9.99999949e-01 9.99999785e-01 9.99999067e-01 9.99996477e-01 9.99988687e-01 9.99969023e-01 9.99926988e-01 9.99850192e-01 9.99729129e-01 9.99562820e-01 9.99361700e-01 9.99145359e-01 9.98936169e-01 9.98752394e-01 9.98604138e-01 9.98493130e-01 9.98415166e-01 9.98363267e-01 9.98330188e-01 9.98309803e-01 9.98297539e-01 9.98290273e-01 9.98285994e-01 9.98283467e-01 9.98281953e-01 9.98281019e-01 9.98280411e-01 9.98279983e-01 9.98279651e-01 9.98279374e-01 9.98279137e-01 9.98278943e-01 9.98278797e-01 9.98278699e-01 9.98278642e-01 9.98278619e-01 9.98278627e-01 9.98278666e-01 9.98278742e-01 9.98278864e-01 9.98279035e-01 9.98279251e-01 9.98279507e-01 9.98279808e-01 9.98280181e-01 9.98280685e-01 9.98281432e-01 9.98282616e-01 9.98284567e-01 9.98287852e-01 9.98293429e-01 9.98302881e-01 9.98318731e-01 9.98344793e-01 9.98386426e-01 9.98450423e-01 9.98544140e-01 9.98673543e-01 9.98840262e-01 9.99038566e-01 9.99254011e-01 9.99465540e-01 9.99651246e-01 9.99795511e-01 9.99893667e-01 9.99951576e-01 9.99980913e-01 9.99993557e-01 9.99998151e-01 9.99999546e-01 9.99999898e-01 9.99999970e-01 9.99999983e-01 9.99999984e-01 9.99999985e-01 9.99999985e-01 9.99999985e-01 9.99999985e-01 9.99999985e-01 9.99999985e-01 9.99999985e-01 9.99999985e-01 9.99999985e-01 9.99999984e-01 9.99999984e-01 9.99999984e-01
9.99999984e-01 9.99999984e-01 9.99999984e-01 9.99999985e-01 9.99999985e-01 9.99999985e-01 9.99999985e-01 9.99999985e-01 9.99999985e-01 9.99999985e-01 9.99999985e-01 9.99999985e-01 9.99999984e-01 9.99999983e-01 9.99999970e-01 9.99999892e-01 9.99999518e-01 9.99998036e-01 9.99993169e-01 9.99979836e-01 9.99949099e-01 9.99888906e-01 9.99787829e-01 9.99640846e-01 9.99453863e-01 9.99243593e-01 9.99032341e-01 9.98840677e-01 9.98681934e-01 9.98560601e-01 9.98474092e-01 9.98415940e-01 9.98378697e-01 9.98355742e-01 9.98341991e-01 9.98333909e-01 9.98329205e-01 9.98326468e-01 9.98324858e-01 9.98323884e-01 9.98323263e-01 9.98322830e-01 9.98322491e-01 9.98322197e-01 9.98321929e-01 9.98321689e-01 9.98321489e-01 9.98321336e-01 9.98321233e-01 9.98321176e-01 9.98321165e-01 9.98321199e-01 9.98321279e-01 9.98321406e-01 9.98321583e-01 9.98321805e-01 9.98322060e-01 9.98322340e-01 9.98322652e-01 9.98323030e-01 9.98323542e-01 9.98324313e-01 9.98325559e-01 9.98327654e-01 9.98331240e-01 9.98337409e-01 9.98347971e-01 9.98365790e-01 9.98395151e-01 9.98441941e-01 9.98513346e-01 9.98616622e-01 9.98756711e-01 9.98933019e-01 9.99136682e-01 9.99350290e-01 9.99551523e-01 9.99719989e-01 9.99844011e-01 9.99923477e-01 9.99967352e-01 9.99988025e-01 9.99996260e-01 9.99999009e-01 9.99999772e-01 9.99999946e-01 9.99999979e-01 9.99999984e-01 9.99999985e-01 9.99999985e-01 9.99999985e-01 9.99999985e-01 9.99999985e-01 9.99999985e-01 9.99999985e-01 9.99999985e-01 9.99999985e-01 9.99999985e-01 9.99999984e-01 9.99999984e-01 9.99999984e-01 9.99999984e-01 9.99999985e-01 9.99999985e-01 9.99999985e-01 9.99999985e-01 9.99999985e-01 9.99999985e-01 9.99999985e-01 9.99999985e-01 9.99999985e-01 9.99999985e-01 9.99999984e-01 9.99999979e-01 9.99999946e-01 9.99999772e-01 9.99999009e-01 9.99996260e-01 9.99988025e-01 9.99967352e-01 9.99923477e-01 9.99844011e-01 9.99719989e-01 9.99551523e-01 9.99350290e-01 9.99136682e-01 9.98933019e-01 9.98756711e-01 9.98616622e-01 9.98513346e-01 9.98441941e-01 9.98395151e-01 9.98365790e-01 9.98347971e-01 9.98337409e-01 9.98331240e-01 9.98327654e-01 9.98325559e-01 9.98324313e-01 9.98323542e-01 9.98323030e-01 9.98322652e-01 9.98322340e-01 9.98322060e-01 9.98321805e-01 9.98321583e-01 9.98321406e-01 9.98321279e-01 9.98321199e-01 9.98321165e-01 9.98321176e-01 9.98321233e-01 9.98321336e-01 9.98321489e-01 9.98321689e-01 9.98321929e-01 9.98322197e-01 9.98322491e-01 9.98322830e-01 9.98323263e-01 9.98323884e-01 9.98324858e-01 9.98326468e-01 9.98329205e-01 9.98333909e-01 9.98341991e-01 9.98355742e-01 9.98378697e-01 9.98415940e-01 9.98474092e-01 9.98560601e-01 9.98681934e-01 9.98840677e-01 9.99032341e-01 9.99243593e-01 9.99453863e-01 9.99640846e-01 9.99787829e-01 9.99888906e-01 9.99949099e-01 9.99979836e-01 9.99993169e-01 9.99998036e-01 9.99999518e-01 9.99999892e-01 9.99999970e-01 9.99999983e-01 9.99999984e-01 9.99999985e-01 9.99999985e-01 9.99999985e-01 9.99999985e-01 9.99999985e-01 9.99999985e-01 9.99999985e-01 9.99999985e-01 9.99999985e-01 9.99999984e-01 9.99999984e-01 9.99999984e-01
9.99999984e-01 9.99999984e-01 9.99999984e-01 9.99999985e-01 9.99999985e-01 9.99999985e-01 9.99999985e-01 9.99999985e-01 9.99999985e-01 9.99999985e-01 9.99999985e-01 9.99999985e-01 9.99999984e-01 9.99999983e-01 9.99999969e-01 9.99999886e-01 9.99999489e-01 9.99997915e-01 9.99992761e-01 9.99978714e-01 9.99946539e-01 9.99884037e-01 9.99780078e-01 9.99630531e-01 9.99442550e-01 9.99233884e-01 9.99027127e-01 9.98842254e-01 9.98691435e-01 9.98577937e-01 9.98498283e-01 9.98445582e-01 9.98412362e-01 9.98392204e-01 9.98380310e-01 9.98373422e-01 9.98369467e-01 9.98367194e-01 9.98365867e-01 9.98365065e-01 9.98364543e-01 9.98364163e-01 9.98363844e-01 9.98363546e-01 9.98363257e-01 9.98362985e-01 9.98362746e-01 9.98362553e-01 9.98362415e-01 9.98362334e-01 9.98362318e-01 9.98362367e-01 9.98362477e-01 9.98362643e-01 9.98362860e-01 9.98363118e-01 9.98363400e-01 9.98363694e-01 9.98363999e-01 9.98364342e-01 9.98364780e-01 9.98365419e-01 9.98366444e-01 9.98368176e-01 9.98371171e-01 9.98376393e-01 9.98385460e-01 9.98400989e-01 9.98426974e-01 9.98469042e-01 9.98534269e-01 9.98630118e-01 9.98762189e-01 9.98930978e-01 9.99128877e-01 9.99339414e-01 9.99540435e-01 9.99710841e-01 9.99837731e-01 9.99919866e-01 9.99965617e-01 9.99987332e-01 9.99996032e-01 9.99998948e-01 9.99999759e-01 9.99999944e-01 9.99999979e-01 9.99999984e-01 9.99999985e-01 9.99999985e-01 9.99999985e-01 9.99999985e-01 9.99999985e-01 9.99999985e-01 9.99999985e-01 9.99999985e-01 9.99999985e-01 9.99999985e-01 9.99999984e-01 9.99999984e-01 9.99999984e-01 9.99999984e-01 9.99999985e-01 9.99999985e-01 9.99999985e-01 9.99999985e-01 9.99999985e-01 9.99999985e-01 9.99999985e-01 9.99999985e-01 9.99999985e-01 9.99999985e-01 9.99999984e-01 9.99999979e-01 9.99999944e-01 9.99999759e-01 9.99998948e-01 9.99996032e-01 9.99987332e-01 9.99965617e-01 9.99919866e-01 9.99837731e-01 9.99710841e-01 9.99540435e-01 9.99339414e-01 9.99128877e-01 9.98930978e-01 9.98762189e-01 9.98630118e-01 9.98534269e-01 9.98469042e-01 9.98426974e-01 9.98400989e-01 9.98385460e-01 9.98376393e-01 9.98371171e-01 9.98368176e-01 9.98366444e-01 9.98365419e-01 9.98364780e-01 9.98364342e-01 9.98363999e-01 9.98363694e-01 9.98363400e-01 9.98363118e-01 9.98362860e-01 9.98362643e-01 9.98362477e-01 9.98362367e-01 9.98362318e-01 9.98362334e-01 9.98362415e-01 9.98362553e-01 9.98362746e-01 9.98362985e-01 9.98363257e-01 9.98363546e-01 9.98363844e-01 9.98364163e-01 9.98364543e-01 9.98365065e-01 9.98365867e-01 9.98367194e-01 9.98369467e-01 9.98373422e-01 9.98380310e-01 9.98392204e-01 9.98412362e-01 9.98445582e-01 9.98498283e-01 9.98577937e-01 9.98691435e-01 9.98842254e-01 9.99027127e-01 9.99233884e-01 9.99442550e-01 9.99630531e-01 9.99780078e-01 9.99884037e-01 9.99946539e-01 9.99978714e-01 9.99992761e-01 9.99997915e-01 9.99999489e-01 9.99999886e-01 9.99999969e-01 9.99999983e-01 9.99999984e-01 9.99999985e-01 9.99999985e-01 9.99999985e-01 9.99999985e-01 9.99999985e-01 9.99999985e-01 9.99999985e-01 9.99999985e-01 9.99999985e-01 9.99999984e-01 9.99999984e-01 9.99999984e-01
9.99999984e-01 9.99999984e-01 9.99999984e-01 9.99999985e-01 9.99999985e-01 9.99999985e-01 9.99999985e-01 9.99999985e-01 9.99999985e-01 9.99999985e-01 9.99999985e-01 9.99999985e-01 9.99999984e-01 9.99999982e-01 9.99999968e-01 9.99999880e-01 9.99999458e-01 9.99997787e-01 9.99992334e-01 9.99977545e-01 9.99943895e-01 9.99879065e-01 9.99772272e-01 9.99620322e-01 9.99431625e-01 9.99224899e-01 9.99022916e-01 9.98844954e-01 9.98701977e-01 9.98596058e-01 9.98522900e-01 9.98475268e-01 9.98445720e-01 9.98428070e-01 9.98417815e-01 9.98411963e-01 9.98408649e-01 9.98406766e-01 9.98405675e-01 9.98405011e-01 9.98404568e-01 9.98404225e-01 9.98403915e-01 9.98403605e-01 9.98403288e-01 9.98402976e-01 9.98402691e-01 9.98402450e-01 9.98402267e-01 9.98402157e-01 9.98402134e-01 9.98402202e-01 9.98402351e-01 9.98402564e-01 9.98402829e-01 9.98403130e-01 9.98403447e-01 9.98403761e-01 9.98404069e-01 9.98404389e-01 9.98404771e-01 9.98405305e-01 9.98406149e-01 9.98407577e-01 9.98410072e-01 9.98414477e-01 9.98422237e-01 9.98435728e-01 9.98458659e-01 9.98496377e-01 9.98555805e-01 9.98644545e-01 9.98768774e-01 9.98930026e-01 9.99121951e-01 9.99329094e-01 9.99529583e-01 9.99701703e-01 9.99831359e-01 9.99916158e-01 9.99963818e-01 9.99986608e-01 9.99995793e-01 9.99998884e-01 9.99999745e-01 9.99999942e-01 9.99999978e-01 9.99999984e-01 9.99999985e-01 9.99999985e-01 9.99999985e-01 9.99999985e-01 9.99999985e-01 9.99999985e-01 9.99999985e-01 9.99999985e-01 9.99999985e-01 9.99999985e-01 9.99999984e-01 9.99999984e-01 9.99999984e-01 9.99999984e-01 9.99999985e-01 9.99999985e-01 9.99999985e-01 9.99999985e-01 9.99999985e-01 9.99999985e-01 9.99999985e-01 9.99999985e-01 9.99999985e-01 9.99999985e-01 9.99999984e-01 9.99999978e-01 9.99999942e-01 9.99999745e-01 9.99998884e-01 9.99995793e-01 9.99986608e-01 9.99963818e-01 9.99916158e-01 9.99831359e-01 9.99701703e-01 9.99529583e-01 9.99329094e-01 9.99121951e-01 9.98930026e-01 9.98768774e-01 9.98644545e-01 9.98555805e-01 9.98496377e-01 9.98458659e-01 9.98435728e-01 9.98422237e-01 9.98414477e-01 9.98410072e-01 9.98407577e-01 9.98406149e-01 9.98405305e-01 9.98404771e-01 9.98404389e-01 9.98404069e-01 9.98403761e-01 9.98403447e-01 9.98403130e-01 9.98402829e-01 9.98402564e-01 9.98402351e-01 9.98402202e-01 9.98402134e-01 9.98402157e-01 9.98402267e-01 9.98402450e-01 9.98402691e-01 9.98402976e-01 9.98403288e-01 9.98403605e-01 9.98403915e-01 9.98404225e-01 9.98404568e-01 9.98405011e-01 9.98405675e-01 9.98406766e-01 9.98408649e-01 9.98411963e-01 9.98417815e-01 9.98428070e-01 9.98445720e-01 9.98475268e-01 9.98522900e-01 9.98596058e-01 9.98701977e-01 9.98844954e-01 9.99022916e-01 9.99224899e-01 9.99431625e-01 9.99620322e-01 9.99772272e-01 9.99879065e-01 9.99943895e-01 9.99977545e-01 9.99992334e-01 9.99997787e-01 9.99999458e-01 9.99999880e-01 9.99999968e-01 9.99999982e-01 9.99999984e-01 9.99999985e-01 9.99999985e-01 9.99999985e-01 9.99999985e-01 9.99999985e-01 9.99999985e-01 9.99999985e-01 9.99999985e-01 9.99999985e-01 9.99999984e-01 9.99999984e-01 9.99999984e-01
9.99999984e-01 9.99999984e-01 9.99999984e-01 9.99999985e-01 9.99999985e-01 9.99999985e-01 9.99999985e-01 9.99999985e-01 9.99999985e-01 9.99999985e-01 9.99999985e-01 9.99999985e-01 9.99999984e-01 9.99999982e-01 9.99999967e-01 9.99999874e-01 9.99999425e-01 9.99997652e-01 9.99991887e-01 9.99976329e-01 9.99941169e-01 9.99873995e-01 9.99764422e-01 9.99610242e-01 9.99421113e-01 9.99216656e-01 9.99019702e-01 9.98848737e-01 9.98713490e-01 9.98614877e-01 9.98547854e-01 9.98504919e-01 9.98478710e-01 9.98463303e-01 9.98454489e-01 9.98449533e-01 9.98446765e-01 9.98445209e-01 9.98444311e-01 9.98443759e-01 9.98443377e-01 9.98443061e-01 9.98442753e-01 9.98442425e-01 9.98442076e-01 9.98441720e-01 9.98441382e-01 9.98441085e-01 9.98440850e-01 9.98440702e-01 9.98440671e-01 9.98440763e-01 9.98440958e-01 9.98441227e-01 9.98441547e-01 9.98441897e-01 9.98442253e-01 9.98442592e-01 9.98442908e-01 9.98443215e-01 9.98443555e-01 9.98444005e-01 9.98444701e-01 9.98445877e-01 9.98447949e-01 9.98451653e-01 9.98458273e-01 9.98469958e-01 9.98490135e-01 9.98523860e-01 9.98577865e-01 9.98659823e-01 9.98776410e-01 9.98930137e-01 9.99115910e-01 9.99319352e-01 9.99518990e-01 9.99692590e-01 9.99824904e-01 9.99912353e-01 9.99961953e-01 9.99985852e-01 9.99995541e-01 9.99998815e-01 9.99999730e-01 9.99999939e-01 9.99999978e-01 9.99999984e-01 9.99999985e-01 9.99999985e-01 9.99999985e-01 9.99999985e-01 9.99999985e-01 9.99999985e-01 9.99999985e-01 9.99999985e-01 9.99999985e-01 9.99999985e-01 9.99999984e-01 9.99999984e-01 9.99999984e-01 9.99999984e-01 9.99999985e-01 9.99999985e-01 9.99999985e-01 9.99999985e-01 9.99999985e-01 9.99999985e-01 9.99999985e-01 9.99999985e-01 9.99999985e-01 9.99999985e-01 9.99999984e-01 9.99999978e-01 9.99999939e-01 9.99999730e-01 9.99998815e-01 9.99995541e-01 9.99985852e-01 9.99961953e-01 9.99912353e-01 9.99824904e-01 9.99692590e-01 9.99518990e-01 9.99319352e-01 9.99115910e-01 9.98930137e-01 9.98776410e-01 9.98659823e-01 9.98577865e-01 9.98523860e-01 9.98490135e-01 9.98469958e-01 9.98458273e-01 9.98451653e-01 9.98447949e-01 9.98445877e-01 9.98444701e-01 9.98444005e-01 9.98443555e-01 9.98443215e-01 9.98442908e-01 9.98442592e-01 9.98442253e-01 9.98441897e-01 9.98441547e-01 9.98441227e-01 9.98440958e-01 9.98440763e-01 9.98440671e-01 9.98440702e-01 9.98440850e-01 9.98441085e-01 9.98441382e-01 9.98441720e-01 9.98442076e-01 9.98442425e-01 9.98442753e-01 9.98443061e-01 9.98443377e-01 9.98443759e-01 9.98444311e-01 9.98445209e-01 9.98446765e-01 9.98449533e-01 9.98454489e-01 9.98463303e-01 9.98478710e-01 9.98504919e-01 9.98547854e-01 9.98614877e-01 9.98713490e-01 9.98848737e-01 9.99019702e-01 9.99216656e-01 9.99421113e-01 9.99610242e-01 9.99764422e-01 9.99873995e-01 9.99941169e-01 9.99976329e-01 9.99991887e-01 9.99997652e-01 9.99999425e-01 9.99999874e-01 9.99999967e-01 9.99999982e-01 9.99999984e-01 9.99999985e-01 9.99999985e-01 9.99999985e-01 9.99999985e-01 9.99999985e-01 9.99999985e-01 9.99999985e-01 9.99999985e-01 9.99999985e-01 9.99999984e-01 9.99999984e-01 9.99999984e-01
9.99999984e-01 9.99999984e-01 9.99999984e-01 9.99999985e-01 9.99999985e-01 9.99999985e-01 9.99999985e-01 9.99999985e-01 9.99999985e-01 9.99999985e-01 9.99999985e-01 9.99999985e-01 9.99999984e-01 9.99999982e-01 9.99999966e-01 9.99999867e-01 9.99999391e-01 9.99997511e-01 9.99991419e-01 9.99975064e-01 9.99938360e-01 9.99868831e-01 9.99756541e-01 9.99600311e-01 9.99411039e-01 9.99209165e-01 9.99017470e-01 9.98853559e-01 9.98725904e-01 9.98634307e-01 9.98573060e-01 9.98534462e-01 9.98511282e-01 9.98497872e-01 9.98490320e-01 9.98486136e-01 9.98483830e-01 9.98482548e-01 9.98481809e-01 9.98481348e-01 9.98481013e-01 9.98480715e-01 9.98480404e-01 9.98480058e-01 9.98479674e-01 9.98479273e-01 9.98478880e-01 9.98478521e-01 9.98478225e-01 9.98478034e-01 9.98477993e-01 9.98478113e-01 9.98478363e-01 9.98478694e-01 9.98479074e-01 9.98479474e-01 9.98479870e-01 9.98480236e-01 9.98480563e-01 9.98480863e-01 9.98481171e-01 9.98481556e-01 9.98482131e-01 9.98483098e-01 9.98484813e-01 9.98487919e-01 9.98493548e-01 9.98503638e-01 9.98521340e-01 9.98551412e-01 9.98600360e-01 9.98675871e-01 9.98785039e-01 9.98931284e-01 9.99110753e-01 9.99310209e-01 9.99508681e-01 9.99683521e-01 9.99818374e-01 9.99908455e-01 9.99960022e-01 9.99985063e-01 9.99995277e-01 9.99998744e-01 9.99999714e-01 9.99999936e-01 9.99999978e-01 9.99999984e-01 9.99999985e-01 9.99999985e-01 9.99999985e-01 9.99999985e-01 9.99999985e-01 9.99999985e-01 9.99999985e-01 9.99999985e-01 9.99999985e-01 9.99999985e-01 9.99999984e-01 9.99999984e-01 9.99999984e-01 9.99999984e-01 9.99999985e-01 9.99999985e-01 9.99999985e-01 9.99999985e-01 9.99999985e-01 9.99999985e-01 9.99999985e-01 9.99999985e-01 9.99999985e-01 9.99999985e-01 9.99999984e-01 9.99999978e-01 9.99999936e-01 9.99999714e-01 9.99998744e-01 9.99995277e-01 9.99985063e-01 9.99960022e-01 9.99908455e-01 9.99818374e-01 9.99683521e-01 9.99508681e-01 9.99310209e-01 9.99110753e-01 9.98931284e-01 9.98785039e-01 9.98675871e-01 9.98600360e-01 9.98551412e-01 9.98521340e-01 9.98503638e-01 9.98493548e-01 9.98487919e-01 9.98484813e-01 9.98483098e-01 9.98482131e-01 9.98481556e-01 9.98481171e-01 9.98480863e-01 9.98480563e-01 9.98480236e-01 9.98479870e-01 9.98479474e-01 9.98479074e-01 9.98478694e-01 9.98478363e-01 9.98478113e-01 9.98477993e-01 9.98478034e-01 9.98478225e-01 9.98478521e-01 9.98478880e-01 9.98479273e-01 9.98479674e-01 9.98480058e-01 9.98480404e-01 9.98480715e-01 9.98481013e-01 9.98481348e-01 9.98481809e-01 9.98482548e-01 9.98483830e-01 9.98486136e-01 9.98490320e-01 9.98497872e-01 9.98511282e-01 9.98534462e-01 9.98573060e-01 9.98634307e-01 9.98725904e-01 9.98853559e-01 9.99017470e-01 9.99209165e-01 9.99411039e-01 9.99600311e-01 9.99756541e-01 9.99868831e-01 9.99938360e-01 9.99975064e-01 9.99991419e-01 9.99997511e-01 9.99999391e-01 9.99999867e-01 9.99999966e-01 9.99999982e-01 9.99999984e-01 9.99999985e-01 9.99999985e-01 9.99999985e-01 9.99999985e-01 9.99999985e-01 9.99999985e-01 9.99999985e-01 9.99999985e-01 9.99999985e-01 9.99999984e-01 9.99999984e-01 9.99999984e-01
9.99999984e-01 9.99999984e-01 9.99999984e-01 9.99999985e-01 9.99999985e-01 9.99999985e-01 9.99999985e-01 9.99999985e-01 9.99999985e-01 9.99999985e-01 9.99999985e-01 9.99999985e-01 9.99999984e-01 9.99999982e-01 9.99999965e-01 9.99999860e-01 9.99999355e-01 9.99997362e-01 9.99990929e-01 9.99973750e-01 9.99935469e-01 9.99863579e-01 9.99748643e-01 9.99590551e-01 9.99401423e-01 9.99202435e-01 9.99016204e-01 9.98859373e-01 9.98739147e-01 9.98654268e-01 9.98598438e-01 9.98563832e-01 9.98543389e-01 9.98531752e-01 9.98525301e-01 9.98521780e-01 9.98519866e-01 9.98518811e-01 9.98518203e-01 9.98517815e-01 9.98517517e-01 9.98517233e-01 9.98516919e-01 9.98516556e-01 9.98516143e-01 9.98515699e-01 9.98515250e-01 9.98514825e-01 9.98514461e-01 9.98514221e-01 9.98514168e-01 9.98514321e-01 9.98514632e-01 9.98515033e-01 9.98515473e-01 9.98515923e-01 9.98516354e-01 9.98516744e-01 9.98517082e-01 9.98517377e-01 9.98517660e-01 9.98517991e-01 9.98518469e-01 9.98519263e-01 9.98520679e-01 9.98523274e-01 9.98528046e-01 9.98536733e-01 9.98552218e-01 9.98578959e-01 9.98623209e-01 9.98692610e-01 9.98794599e-01 9.98933435e-01 9.99106480e-01 9.99301682e-01 9.99498678e-01 9.99674515e-01 9.99811778e-01 9.99904465e-01 9.99958026e-01 9.99984240e-01 9.99995000e-01 9.99998668e-01 9.99999698e-01 9.99999933e-01 9.99999977e-01 9.99999984e-01 9.99999985e-01 9.99999985e-01 9.99999985e-01 9.99999985e-01 9.99999985e-01 9.99999985e-01 9.99999985e-01 9.99999985e-01 9.99999985e-01 9.99999985e-01 9.99999984e-01 9.99999984e-01 9.99999984e-01 9.99999984e-01 9.99999985e-01 9.99999985e-01 9.99999985e-01 9.99999985e-01 9.99999985e-01 9.99999985e-01 9.99999985e-01 9.99999985e-01 9.99999985e-01 9.99999985e-01 9.99999984e-01 9.99999977e-01 9.99999933e-01 9.99999698e-01 9.99998668e-01 9.99995000e-01 9.99984240e-01 9.99958026e-01 9.99904465e-01 9.99811778e-01 9.99674515e-01 9.99498678e-01 9.99301682e-01 9.99106480e-01 9.98933435e-01 9.98794599e-01 9.98692610e-01 9.98623209e-01 9.98578959e-01 9.98552218e-01 9.98536733e-01 9.98528046e-01 9.98523274e-01 9.98520679e-01 9.98519263e-01 9.98518469e-01 9.98517991e-01 9.98517660e-01 9.98517377e-01 9.98517082e-01 9.98516744e-01 9.98516354e-01 9.98515923e-01 9.98515473e-01 9.98515033e-01 9.98514632e-01 9.98514321e-01 9.98514168e-01 9.98514221e-01 9.98514461e-01 9.98514825e-01 9.98515250e-01 9.98515699e-01 9.98516143e-01 9.98516556e-01 9.98516919e-01 9.98517233e-01 9.98517517e-01 9.98517815e-01 9.98518203e-01 9.98518811e-01 9.98519866e-01 9.98521780e-01 9.98525301e-01 9.98531752e-01 9.98543389e-01 9.98563832e-01 9.98598438e-01 9.98654268e-01 9.98739147e-01 9.98859373e-01 9.99016204e-01 9.99202435e-01 9.99401423e-01 9.99590551e-01 9.99748643e-01 9.99863579e-01 9.99935469e-01 9.99973750e-01 9.99990929e-01 9.99997362e-01 9.99999355e-01 9.99999860e-01 9.99999965e-01 9.99999982e-01 9.99999984e-01 9.99999985e-01 9.99999985e-01 9.99999985e-01 9.99999985e-01 9.99999985e-01 9.99999985e-01 9.99999985e-01 9.99999985e-01 9.99999985e-01 9.99999984e-01 9.99999984e-01 9.99999984e-01
9.99999984e-01 9.99999984e-01 9.99999984e-01 9.99999985e-01 9.99999985e-01 9.99999985e-01 9.99999985e-01 9.99999985e-01 9.99999985e-01 9.99999985e-01 9.99999985e-01 9.99999985e-01 9.99999984e-01 9.99999982e-01 9.99999964e-01 9.99999853e-01 9.99999316e-01 9.99997206e-01 9.99990417e-01 9.99972387e-01 9.99932497e-01 9.99858243e-01 9.99740742e-01 9.99580984e-01 9.99392287e-01 9.99196474e-01 9.99015884e-01 9.98866130e-01 9.98753148e-01 9.98674678e-01 9.98623916e-01 9.98592972e-01 9.98574992e-01 9.98564925e-01 9.98559431e-01 9.98556478e-01 9.98554893e-01 9.98554027e-01 9.98553527e-01 9.98553198e-01 9.98552932e-01 9.98552661e-01 9.98552349e-01 9.98551975e-01 9.98551540e-01 9.98551062e-01 9.98550562e-01 9.98550071e-01 9.98549634e-01 9.98549337e-01 9.98549271e-01 9.98549462e-01 9.98549841e-01 9.98550314e-01 9.98550813e-01 9.98551305e-01 9.98551764e-01 9.98552170e-01 9.98552512e-01 9.98552800e-01 9.98553062e-01 9.98553349e-01 9.98553746e-01 9.98554397e-01 9.98555564e-01 9.98557726e-01 9.98561758e-01 9.98569214e-01 9.98582721e-01 9.98606433e-01 9.98646334e-01 9.98709964e-01 9.98805030e-01 9.98936555e-01 9.99103083e-01 9.99293785e-01 9.99489004e-01 9.99665587e-01 9.99805126e-01 9.99900386e-01 9.99955963e-01 9.99983383e-01 9.99994709e-01 9.99998589e-01 9.99999680e-01 9.99999930e-01 9.99999977e-01 9.99999984e-01 9.99999985e-01 9.99999985e-01 9.99999985e-01 9.99999985e-01 9.99999985e-01 9.99999985e-01 9.99999985e-01 9.99999985e-01 9.99999985e-01 9.99999985e-01 9.99999984e-01 9.99999984e-01 9.99999984e-01 9.99999984e-01 9.99999985e-01 9.99999985e-01 9.99999985e-01 9.99999985e-01 9.99999985e-01 9.99999985e-01 9.99999985e-01 9.99999985e-01 9.99999985e-01 9.99999985e-01 9.99999984e-01 9.99999977e-01 9.99999930e-01 9.99999680e-01 9.99998589e-01 9.99994709e-01 9.99983383e-01 9.99955963e-01 9.99900386e-01 9.99805126e-01 9.99665587e-01 9.99489004e-01 9.99293785e-01 9.99103083e-01 9.98936555e-01 9.98805030e-01 9.98709964e-01 9.98646334e-01 9.98606433e-01 9.98582721e-01 9.98569214e-01 9.98561758e-01 9.98557726e-01 9.98555564e-01 9.98554397e-01 9.98553746e-01 9.98553349e-01 9.98553062e-01 9.98552800e-01 9.98552512e-01 9.98552170e-01 9.98551764e-01 9.98551305e-01 9.98550813e-01 9.98550314e-01 9.98549841e-01 9.98549462e-01 9.98549271e-01 9.98549337e-01 9.98549634e-01 9.98550071e-01 9.98550562e-01 9.98551062e-01 9.98551540e-01 9.98551975e-01 9.98552349e-01 9.98552661e-01 9.98552932e-01 9.98553198e-01 9.98553527e-01 9.98554027e-01 9.98554893e-01 9.98556478e-01 9.98559431e-01 9.98564925e-01 9.98574992e-01 9.98592972e-01 9.98623916e-01 9.98674678e-01 9.98753148e-01 9.98866130e-01 9.99015884e-01 9.99196474e-01 9.99392287e-01 9.99580984e-01 9.99740742e-01 9.99858243e-01 9.99932497e-01 9.99972387e-01 9.99990417e-01 9.99997206e-01 9.99999316e-01 9.99999853e-01 9.99999964e-01 9.99999982e-01 9.99999984e-01 9.99999985e-01 9.99999985e-01 9.99999985e-01 9.99999985e-01 9.99999985e-01 9.99999985e-01 9.99999985e-01 9.99999985e-01 9.99999985e-01 9.99999984e-01 9.99999984e-01 9.99999984e-01
9.99999984e-01 9.99999984e-01 9.99999984e-01 9.99999985e-01 9.99999985e-01 9.99999985e-01 9.99999985e-01 9.99999985e-01 9.99999985e-01 9.99999985e-01 9.99999985e-01 9.99999985e-01 9.99999984e-01 9.99999982e-01 9.99999962e-01 9.99999845e-01 9.99999276e-01 9.99997042e-01 9.99989882e-01 9.99970973e-01 9.99929445e-01 9.99852831e-01 9.99732852e-01 9.99571629e-01 9.99383648e-01 9.99191284e-01 9.99016489e-01 9.98873779e-01 9.98767836e-01 9.98695463e-01 9.98649423e-01 9.98621827e-01 9.98606060e-01 9.98597376e-01 9.98592712e-01 9.98590242e-01 9.98588934e-01 9.98588225e-01 9.98587814e-01 9.98587536e-01 9.98587299e-01 9.98587046e-01 9.98586743e-01 9.98586372e-01 9.98585931e-01 9.98585432e-01 9.98584893e-01 9.98584338e-01 9.98583825e-01 9.98583466e-01 9.98583386e-01 9.98583618e-01 9.98584070e-01 9.98584615e-01 9.98585166e-01 9.98585688e-01 9.98586160e-01 9.98586567e-01 9.98586902e-01 9.98587177e-01 9.98587416e-01 9.98587665e-01 9.98587995e-01 9.98588528e-01 9.98589486e-01 9.98591282e-01 9.98594679e-01 9.98601059e-01 9.98612806e-01 9.98633775e-01 9.98669659e-01 9.98727857e-01 9.98816270e-01 9.98940607e-01 9.99100555e-01 9.99286532e-01 9.99479679e-01 9.99656758e-01 9.99798427e-01 9.99896222e-01 9.99953833e-01 9.99982491e-01 9.99994405e-01 9.99998505e-01 9.99999662e-01 9.99999927e-01 9.99999976e-01 9.99999984e-01 9.99999984e-01 9.99999985e-01 9.99999985e-01 9.99999985e-01 9.99999985e-01 9.99999985e-01 9.99999985e-01 9.99999985e-01 9.99999985e-01 9.99999985e-01 9.99999984e-01 9.99999984e-01 9.99999984e-01 9.99999984e-01 9.99999985e-01 9.99999985e-01 9.99999985e-01 9.99999985e-01 9.99999985e-01 9.99999985e-01 9.99999985e-01 9.99999985e-01 9.99999985e-01 9.99999984e-01 9.99999984e-01 9.99999976e-01 9.99999927e-01 9.99999662e-01 9.99998505e-01 9.99994405e-01 9.99982491e-01 9.99953833e-01 9.99896222e-01 9.99798427e-01 9.99656758e-01 9.99479679e-01 9.99286532e-01 9.99100555e-01 9.98940607e-01 9.98816270e-01 9.98727857e-01 9.98669659e-01 9.98633775e-01 9.98612806e-01 9.98601059e-01 9.98594679e-01 9.98591282e-01 9.98589486e-01 9.98588528e-01 9.98587995e-01 9.98587665e-01 9.98587416e-01 9.98587177e-01 9.98586902e-01 9.98586567e-01 9.98586160e-01 9.98585688e-01 9.98585166e-01 9.98584615e-01 9.98584070e-01 9.98583618e-01 9.98583386e-01 9.98583466e-01 9.98583825e-01 9.98584338e-01 9.98584893e-01 9.98585432e-01 9.98585931e-01 9.98586372e-01 9.98586743e-01 9.98587046e-01 9.98587299e-01 9.98587536e-01 9.98587814e-01 9.98588225e-01 9.98588934e-01 9.98590242e-01 9.98592712e-01 9.98597376e-01 9.98606060e-01 9.98621827e-01 9.98649423e-01 9.98695463e-01 9.98767836e-01 9.98873779e-01 9.99016489e-01 9.99191284e-01 9.99383648e-01 9.99571629e-01 9.99732852e-01 9.99852831e-01 9.99929445e-01 9.99970973e-01 9.99989882e-01 9.99997042e-01 9.99999276e-01 9.99999845e-01 9.99999962e-01 9.99999982e-01 9.99999984e-01 9.99999985e-01 9.99999985e-01 9.99999985e-01 9.99999985e-01 9.99999985e-01 9.99999985e-01 9.99999985e-01 9.99999985e-01 9.99999985e-01 9.99999984e-01 9.99999984e-01 9.99999984e-01
9.99999984e-01 9.99999984e-01 9.99999984e-01 9.99999985e-01 9.99999985e-01 9.99999985e-01 9.99999985e-01 9.99999985e-01 9.99999985e-01 9.99999985e-01 9.99999985e-01 9.99999985e-01 9.99999984e-01 9.99999982e-01 9.99999961e-01 9.99999837e-01 9.99999234e-01 9.99996870e-01 9.99989323e-01 9.99969508e-01 9.99926314e-01 9.99847348e-01 9.99724986e-01 9.99562506e-01 9.99375524e-01 9.99186864e-01 9.99017991e-01 9.98882269e-01 9.98783142e-01 9.98716549e-01 9.98674897e-01 9.98650353e-01 9.98636565e-01 9.98629096e-01 9.98625149e-01 9.98623090e-01 9.98622014e-01 9.98621436e-01 9.98621099e-01 9.98620867e-01 9.98620661e-01 9.98620435e-01 9.98620157e-01 9.98619808e-01 9.98619384e-01 9.98618886e-01 9.98618324e-01 9.98617714e-01 9.98617124e-01 9.98616700e-01 9.98616604e-01 9.98616880e-01 9.98617410e-01 9.98618022e-01 9.98618613e-01 9.98619144e-01 9.98619606e-01 9.98619992e-01 9.98620304e-01 9.98620553e-01 9.98620764e-01 9.98620976e-01 9.98621248e-01 9.98621682e-01 9.98622467e-01 9.98623953e-01 9.98626806e-01 9.98632248e-01 9.98642436e-01 9.98660929e-01 9.98693117e-01 9.98746216e-01 9.98828255e-01 9.98945551e-01 9.99098882e-01 9.99279931e-01 9.99470723e-01 9.99648043e-01 9.99791692e-01 9.99891975e-01 9.99951637e-01 9.99981562e-01 9.99994086e-01 9.99998417e-01 9.99999643e-01 9.99999924e-01 9.99999976e-01 9.99999984e-01 9.99999984e-01 9.99999985e-01 9.99999985e-01 9.99999985e-01 9.99999985e-01 9.99999985e-01 9.99999985e-01 9.99999985e-01 9.99999985e-01 9.99999985e-01 9.99999984e-01 9.99999984e-01 9.99999984e-01 9.99999984e-01 9.99999985e-01 9.99999985e-01 9.99999985e-01 9.99999985e-01 9.99999985e-01 9.99999985e-01 9.99999985e-01 9.99999985e-01 9.99999985e-01 9.99999984e-01 9.99999984e-01 9.99999976e-01 9.99999924e-01 9.99999643e-01 9.99998417e-01 9.99994086e-01 9.99981562e-01 9.99951637e-01 9.99891975e-01 9.99791692e-01 9.99648043e-01 9.99470723e-01 9.99279931e-01 9.99098882e-01 9.98945551e-01 9.98828255e-01 9.98746216e-01 9.98693117e-01 9.98660929e-01 9.98642436e-01 9.98632248e-01 9.98626806e-01 9.98623953e-01 9.98622467e-01 9.98621682e-01 9.98621248e-01 9.98620976e-01 9.98620764e-01 9.98620553e-01 9.98620304e-01 9.98619992e-01 9.98619606e-01 9.98619144e-01 9.98618613e-01 9.98618022e-01 9.98617410e-01 9.98616880e-01 9.98616604e-01 9.98616700e-01 9.98617124e-01 9.98617714e-01 9.98618324e-01 9.98618886e-01 9.98619384e-01 9.98619808e-01 9.98620157e-01 9.98620435e-01 9.98620661e-01 9.98620867e-01 9.98621099e-01 9.98621436e-01 9.98622014e-01 9.98623090e-01 9.98625149e-01 9.98629096e-01 9.98636565e-01 9.98650353e-01 9.98674897e-01 9.98716549e-01 9.98783142e-01 9.98882269e-01 9.99017991e-01 9.99186864e-01 9.99375524e-01 9.99562506e-01 9.99724986e-01 9.99847348e-01 9.99926314e-01 9.99969508e-01 9.99989323e-01 9.99996870e-01 9.99999234e-01 9.99999837e-01 9.99999961e-01 9.99999982e-01 9.99999984e-01 9.99999985e-01 9.99999985e-01 9.99999985e-01 9.99999985e-01 9.99999985e-01 9.99999985e-01 9.99999985e-01 9.99999985e-01 9.99999985e-01 9.99999984e-01 9.99999984e-01 9.99999984e-01
9.99999984e-01 9.99999984e-01 9.99999984e-01 9.99999985e-01 9.99999985e-01 9.99999985e-01 9.99999985e-01 9.99999985e-01 9.99999985e-01 9.99999985e-01 9.99999985e-01 9.99999985e-01 9.99999984e-01 9.99999981e-01 9.99999960e-01 9.99999828e-01 9.99999189e-01 9.99996689e-01 9.99988740e-01 9.99967991e-01 9.99923106e-01 9.99841802e-01 9.99717159e-01 9.99553635e-01 9.99367928e-01 9.99183213e-01 9.99020362e-01 9.98891545e-01 9.98798999e-01 9.98737867e-01 9.98700281e-01 9.98678509e-01 9.98666486e-01 9.98660081e-01 9.98656751e-01 9.98655040e-01 9.98654158e-01 9.98653689e-01 9.98653417e-01 9.98653230e-01 9.98653063e-01 9.98652877e-01 9.98652645e-01 9.98652347e-01 9.98651970e-01 9.98651505e-01 9.98650944e-01 9.98650294e-01 9.98649631e-01 9.98649138e-01 9.98649025e-01 9.98649349e-01 9.98649955e-01 9.98650628e-01 9.98651237e-01 9.98651749e-01 9.98652169e-01 9.98652506e-01 9.98652768e-01 9.98652974e-01 9.98653146e-01 9.98653318e-01 9.98653537e-01 9.98653889e-01 9.98654528e-01 9.98655754e-01 9.98658142e-01 9.98662771e-01 9.98671580e-01 9.98687844e-01 9.98716642e-01 9.98764972e-01 9.98840924e-01 9.98951346e-01 9.99098050e-01 9.99273990e-01 9.99462155e-01 9.99639461e-01 9.99784931e-01 9.99887649e-01 9.99949374e-01 9.99980597e-01 9.99993753e-01 9.99998324e-01 9.99999622e-01 9.99999920e-01 9.99999975e-01 9.99999984e-01 9.99999984e-01 9.99999985e-01 9.99999985e-01 9.99999985e-01 9.99999985e-01 9.99999985e-01 9.99999985e-01 9.99999985e-01 9.99999985e-01 9.99999985e-01 9.99999984e-01 9.99999984e-01 9.99999984e-01 9.99999984e-01 9.99999985e-01 9.99999985e-01 9.99999985e-01 9.99999985e-01 9.99999985e-01 9.99999985e-01 9.99999985e-01 9.99999985e-01 9.99999985e-01 9.99999984e-01 9.99999984e-01 9.99999975e-01 9.99999920e-01 9.99999622e-01 9.99998324e-01 9.99993753e-01 9.99980597e-01 9.99949374e-01 9.99887649e-01 9.99784931e-01 9.99639461e-01 9.99462155e-01 9.99273990e-01 9.99098050e-01 9.98951346e-01 9.98840924e-01 9.98764972e-01 9.98716642e-01 9.98687844e-01 9.98671580e-01 9.98662771e-01 9.98658142e-01 9.98655754e-01 9.98654528e-01 9.98653889e-01 9.98653537e-01 9.98653318e-01 9.98653146e-01 9.98652974e-01 9.98652768e-01 9.98652506e-01 9.98652169e-01 9.98651749e-01 9.98651237e-01 9.98650628e-01 9.98649955e-01 9.98649349e-01 9.98649025e-01 9.98649138e-01 9.98649631e-01 9.98650294e-01 9.98650944e-01 9.98651505e-01 9.98651970e-01 9.98652347e-01 9.98652645e-01 9.98652877e-01 9.98653063e-01 9.98653230e-01 9.98653417e-01 9.98653689e-01 9.98654158e-01 9.98655040e-01 9.98656751e-01 9.98660081e-01 9.98666486e-01 9.98678509e-01 9.98700281e-01 9.98737867e-01 9.98798999e-01 9.98891545e-01 9.99020362e-01 9.99183213e-01 9.99367928e-01 9.99553635e-01 9.99717159e-01 9.99841802e-01 9.99923106e-01 9.99967991e-01 9.99988740e-01 9.99996689e-01 9.99999189e-01 9.99999828e-01 9.99999960e-01 9.99999981e-01 9.99999984e-01 9.99999985e-01 9.99999985e-01 9.99999985e-01 9.99999985e-01 9.99999985e-01 9.99999985e-01 9.99999985e-01 9.99999985e-01 9.99999985e-01 9.99999984e-01 9.99999984e-01 9.99999984e-01
9.99999984e-01 9.99999984e-01 9.99999984e-01 9.99999985e-01 9.99999985e-01 9.99999985e-01 9.99999985e-01 9.99999985e-01 9.99999985e-01 9.99999985e-01 9.99999985e-01 9.99999985e-01 9.99999984e-01 9.99999981e-01 9.99999958e-01 9.99999819e-01 9.99999142e-01 9.99996500e-01 9.99988132e-01 9.99966423e-01 9.99919822e-01 9.99836199e-01 9.99709386e-01 9.99545035e-01 9.99360874e-01 9.99180325e-01 9.99023571e-01 9.98901554e-01 9.98815340e-01 9.98759353e-01 9.98725520e-01 9.98706260e-01 9.98695805e-01 9.98690329e-01 9.98687528e-01 9.98686112e-01 9.98685392e-01 9.98685016e-01 9.98684803e-01 9.98684663e-01 9.98684547e-01 9.98684423e-01 9.98684267e-01 9.98684057e-01 9.98683768e-01 9.98683376e-01 9.98682850e-01 9.98682182e-01 9.98681453e-01 9.98680891e-01 9.98680760e-01 9.98681133e-01 9.98681814e-01 9.98682532e-01 9.98683131e-01 9.98683587e-01 9.98683924e-01 9.98684170e-01 9.98684351e-01 9.98684488e-01 9.98684604e-01 9.98684728e-01 9.98684896e-01 9.98685175e-01 9.98685693e-01 9.98686700e-01 9.98688693e-01 9.98692618e-01 9.98700212e-01 9.98714477e-01 9.98740176e-01 9.98784058e-01 9.98854216e-01 9.98957948e-01 9.99098040e-01 9.99268715e-01 9.99453993e-01 9.99631030e-01 9.99778154e-01 9.99883249e-01 9.99947045e-01 9.99979594e-01 9.99993404e-01 9.99998227e-01 9.99999601e-01 9.99999917e-01 9.99999975e-01 9.99999984e-01 9.99999984e-01 9.99999985e-01 9.99999985e-01 9.99999985e-01 9.99999985e-01 9.99999985e-01 9.99999985e-01 9.99999985e-01 9.99999985e-01 9.99999985e-01 9.99999984e-01 9.99999984e-01 9.99999984e-01 9.99999984e-01 9.99999985e-01 9.99999985e-01 9.99999985e-01 9.99999985e-01 9.99999985e-01 9.99999985e-01 9.99999985e-01 9.99999985e-01 9.99999985e-01 9.99999984e-01 9.99999984e-01 9.99999975e-01 9.99999917e-01 9.99999601e-01 9.99998227e-01 9.99993404e-01 9.99979594e-01 9.99947045e-01 9.99883249e-01 9.99778154e-01 9.99631030e-01 9.99453993e-01 9.99268715e-01 9.99098040e-01 9.98957948e-01 9.98854216e-01 9.98784058e-01 9.98740176e-01 9.98714477e-01 9.98700212e-01 9.98692618e-01 9.98688693e-01 9.98686700e-01 9.98685693e-01 9.98685175e-01 9.98684896e-01 9.98684728e-01 9.98684604e-01 9.98684488e-01 9.98684351e-01 9.98684170e-01 9.98683924e-01 9.98683587e-01 9.98683131e-01 9.98682532e-01 9.98681814e-01 9.98681133e-01 9.98680760e-01 9.98680891e-01 9.98681453e-01 9.98682182e-01 9.98682850e-01 9.98683376e-01 9.98683768e-01 9.98684057e-01 9.98684267e-01 9.98684423e-01 9.98684547e-01 9.98684663e-01 9.98684803e-01 9.98685016e-01 9.98685392e-01 9.98686112e-01 9.98687528e-01 9.98690329e-01 9.98695805e-01 9.98706260e-01 9.98725520e-01 9.98759353e-01 9.98815340e-01 9.98901554e-01 9.99023571e-01 9.99180325e-01 9.99360874e-01 9.99545035e-01 9.99709386e-01 9.99836199e-01 9.99919822e-01 9.99966423e-01 9.99988132e-01 9.99996500e-01 9.99999142e-01 9.99999819e-01 9.99999958e-01 9.99999981e-01 9.99999984e-01 9.99999985e-01 9.99999985e-01 9.99999985e-01 9.99999985e-01 9.99999985e-01 9.99999985e-01 9.99999985e-01 9.99999985e-01 9.99999985e-01 9.99999984e-01 9.99999984e-01 9.99999984e-01
9.99999984e-01 9.99999984e-01 9.99999984e-01 9.99999985e-01 9.99999985e-01 9.99999985e-01 9.99999985e-01 9.99999985e-01 9.99999985e-01 9.99999985e-01 9.99999985e-01 9.99999985e-01 9.99999984e-01 9.99999981e-01 9.99999957e-01 9.99999809e-01 9.99999092e-01 9.99996301e-01 9.99987499e-01 9.99964802e-01 9.99916464e-01 9.99830546e-01 9.99701682e-01 9.99536723e-01 9.99354372e-01 9.99178192e-01 9.99027584e-01 9.98912241e-01 9.98832102e-01 9.98780947e-01 9.98750569e-01 9.98733575e-01 9.98724509e-01 9.98719842e-01 9.98717494e-01 9.98716326e-01 9.98715743e-01 9.98715447e-01 9.98715292e-01 9.98715208e-01 9.98715160e-01 9.98715126e-01 9.98715084e-01 9.98715008e-01 9.98714860e-01 9.98714592e-01 9.98714145e-01 9.98713488e-01 9.98712707e-01 9.98712077e-01 9.98711928e-01 9.98712350e-01 9.98713100e-01 9.98713842e-01 9.98714394e-01 9.98714744e-01 9.98714945e-01 9.98715053e-01 9.98715108e-01 9.98715142e-01 9.98715181e-01 9.98715243e-01 9.98715357e-01 9.98715571e-01 9.98715985e-01 9.98716809e-01 9.98718466e-01 9.98721783e-01 9.98728312e-01 9.98740789e-01 9.98763662e-01 9.98803409e-01 9.98868068e-01 9.98965312e-01 9.99098833e-01 9.99264108e-01 9.99446251e-01 9.99622766e-01 9.99771373e-01 9.99878778e-01 9.99944651e-01 9.99978554e-01 9.99993039e-01 9.99998125e-01 9.99999578e-01 9.99999913e-01 9.99999974e-01 9.99999983e-01 9.99999984e-01 9.99999985e-01 9.99999985e-01 9.99999985e-01 9.99999985e-01 9.99999985e-01 9.99999985e-01 9.99999985e-01 9.99999985e-01 9.99999985e-01 9.99999984e-01 9.99999984e-01 9.99999984e-01 9.99999984e-01 9.99999985e-01 9.99999985e-01 9.99999985e-01 9.99999985e-01 9.99999985e-01 9.99999985e-01 9.99999985e-01 9.99999985e-01 9.99999985e-01 9.99999984e-01 9.99999983e-01 9.99999974e-01 9.99999913e-01 9.99999578e-01 9.99998125e-01 9.99993039e-01 9.99978554e-01 9.99944651e-01 9.99878778e-01 9.99771373e-01 9.99622766e-01 9.99446251e-01 9.99264108e-01 9.99098833e-01 9.98965312e-01 9.98868068e-01 9.98803409e-01 9.98763662e-01 9.98740789e-01 9.98728312e-01 9.98721783e-01 9.98718466e-01 9.98716809e-01 9.98715985e-01 9.98715571e-01 9.98715357e-01 9.98715243e-01 9.98715181e-01 9.98715142e-01 9.98715108e-01 9.98715053e-01 9.98714945e-01 9.98714744e-01 9.98714394e-01 9.98713842e-01 9.98713100e-01 9.98712350e-01 9.98711928e-01 9.98712077e-01 9.98712707e-01 9.98713488e-01 9.98714145e-01 9.98714592e-01 9.98714860e-01 9.98715008e-01 9.98715084e-01 9.98715126e-01 9.98715160e-01 9.98715208e-01 9.98715292e-01 9.98715447e-01 9.98715743e-01 9.98716326e-01 9.98717494e-01 9.98719842e-01 9.98724509e-01 9.98733575e-01 9.98750569e-01 9.98780947e-01 9.98832102e-01 9.98912241e-01 9.99027584e-01 9.99178192e-01 9.99354372e-01 9.99536723e-01 9.99701682e-01 9.99830546e-01 9.99916464e-01 9.99964802e-01 9.99987499e-01 9.99996301e-01 9.99999092e-01 9.99999809e-01 9.99999957e-01 9.99999981e-01 9.99999984e-01 9.99999985e-01 9.99999985e-01 9.99999985e-01 9.99999985e-01 9.99999985e-01 9.99999985e-01 9.99999985e-01 9.99999985e-01 9.99999985e-01 9.99999984e-01 9.99999984e-01 9.99999984e-01
9.99999984e-01 9.99999984e-01 9.99999984e-01 9.99999985e-01 9.99999985e-01 9.99999985e-01 9.99999985e-01 9.99999985e-01 9.99999985e-01 9.99999985e-01 9.99999985e-01 9.99999985e-01 9.99999984e-01 9.99999981e-01 9.99999955e-01 9.99999799e-01 9.99999040e-01 9.99996093e-01 9.99986840e-01 9.99963129e-01 9.99913035e-01 9.99824852e-01 9.99694060e-01 9.99528716e-01 9.99348431e-01 9.99176803e-01 9.99032368e-01 9.98923552e-01 9.98849221e-01 9.98802591e-01 9.98775384e-01 9.98760430e-01 9.98752592e-01 9.98748625e-01 9.98746663e-01 9.98745704e-01 9.98745237e-01 9.98745013e-01 9.98744918e-01 9.98744903e-01 9.98744948e-01 9.98745040e-01 9.98745161e-01 9.98745277e-01 9.98745333e-01 9.98745252e-01 9.98744940e-01 9.98744333e-01 9.98743517e-01 9.98742824e-01 9.98742657e-01 9.98743128e-01 9.98743936e-01 9.98744673e-01 9.98745131e-01 9.98745315e-01 9.98745316e-01 9.98745222e-01 9.98745099e-01 9.98744989e-01 9.98744919e-01 9.98744902e-01 9.98744954e-01 9.98745104e-01 9.98745429e-01 9.98746098e-01 9.98747471e-01 9.98750267e-01 9.98755863e-01 9.98766745e-01 9.98787052e-01 9.98822966e-01 9.98882422e-01 9.98973392e-01 9.99100405e-01 9.99260170e-01 9.99438945e-01 9.99614686e-01 9.99764600e-01 9.99874241e-01 9.99942191e-01 9.99977474e-01 9.99992659e-01 9.99998018e-01 9.99999554e-01 9.99999909e-01 9.99999974e-01 9.99999983e-01 9.99999984e-01 9.99999985e-01 9.99999985e-01 9.99999985e-01 9.99999985e-01 9.99999985e-01 9.99999985e-01 9.99999985e-01 9.99999985e-01 9.99999985e-01 9.99999984e-01 9.99999984e-01 9.99999984e-01 9.99999984e-01 9.99999985e-01 9.99999985e-01 9.99999985e-01 9.99999985e-01 9.99999985e-01 9.99999985e-01 9.99999985e-01 9.99999985e-01 9.99999985e-01 9.99999984e-01 9.99999983e-01 9.99999974e-01 9.99999909e-01 9.99999554e-01 9.99998018e-01 9.99992659e-01 9.99977474e-01 9.99942191e-01 9.99874241e-01 9.99764600e-01 9.99614686e-01 9.99438945e-01 9.99260170e-01 9.99100405e-01 9.98973392e-01 9.98882422e-01 9.98822966e-01 9.98787052e-01 9.98766745e-01 9.98755863e-01 9.98750267e-01 9.98747471e-01 9.98746098e-01 9.98745429e-01 9.98745104e-01 9.98744954e-01 9.98744902e-01 9.98744919e-01 9.98744989e-01 9.98745099e-01 9.98745222e-01 9.98745316e-01 9.98745315e-01 9.98745131e-01 9.98744673e-01 9.98743936e-01 9.98743128e-01 9.98742657e-01 9.98742824e-01 9.98743517e-01 9.98744333e-01 9.98744940e-01 9.98745252e-01 9.98745333e-01 9.98745277e-01 9.98745161e-01 9.98745040e-01 9.98744948e-01 9.98744903e-01 9.98744918e-01 9.98745013e-01 9.98745237e-01 9.98745704e-01 9.98746663e-01 9.98748625e-01 9.98752592e-01 9.98760430e-01 9.98775384e-01 9.98802591e-01 9.98849221e-01 9.98923552e-01 9.99032368e-01 9.99176803e-01 9.99348431e-01 9.99528716e-01 9.99694060e-01 9.99824852e-01 9.99913035e-01 9.99963129e-01 9.99986840e-01 9.99996093e-01 9.99999040e-01 9.99999799e-01 9.99999955e-01 9.99999981e-01 9.99999984e-01 9.99999985e-01 9.99999985e-01 9.99999985e-01 9.99999985e-01 9.99999985e-01 9.99999985e-01 9.99999985e-01 9.99999985e-01 9.99999985e-01 9.99999984e-01 9.99999984e-01 9.99999984e-01
9.99999984e-01 9.99999984e-01 9.99999984e-01 9.99999985e-01 9.99999985e-01 9.99999985e-01 9.99999985e-01 9.99999985e-01 9.99999985e-01 9.99999985e-01 9.99999985e-01 9.99999985e-01 9.99999984e-01 9.99999981e-01 9.99999954e-01 9.99999788e-01 9.99998986e-01 9.99995876e-01 9.99986155e-01 9.99961403e-01 9.99909536e-01 9.99819124e-01 9.99686535e-01 9.99521030e-01 9.99343058e-01 9.99176144e-01 9.99037885e-01 9.98935434e-01 9.98866640e-01 9.98824235e-01 9.98799927e-01 9.98786804e-01 9.98780046e-01 9.98776685e-01 9.98775051e-01 9.98774269e-01 9.98773902e-01 9.98773747e-01 9.98773719e-01 9.98773791e-01 9.98773960e-01 9.98774224e-01 9.98774566e-01 9.98774943e-01 9.98775280e-01 9.98775463e-01 9.98775351e-01 9.98774840e-01 9.98774016e-01 9.98773267e-01 9.98773083e-01 9.98773598e-01 9.98774450e-01 9.98775147e-01 9.98775452e-01 9.98775399e-01 9.98775123e-01 9.98774754e-01 9.98774387e-01 9.98774081e-01 9.98773863e-01 9.98773743e-01 9.98773719e-01 9.98773805e-01 9.98774050e-01 9.98774588e-01 9.98775721e-01 9.98778069e-01 9.98782852e-01 9.98792318e-01 9.98810298e-01 9.98842670e-01 9.98897219e-01 9.98982142e-01 9.99102731e-01 9.99256897e-01 9.99432086e-01 9.99606807e-01 9.99757845e-01 9.99869643e-01 9.99939667e-01 9.99976356e-01 9.99992261e-01 9.99997906e-01 9.99999529e-01 9.99999904e-01 9.99999973e-01 9.99999983e-01 9.99999984e-01 9.99999985e-01 9.99999985e-01 9.99999985e-01 9.99999985e-01 9.99999985e-01 9.99999985e-01 9.99999985e-01 9.99999985e-01 9.99999985e-01 9.99999984e-01 9.99999984e-01 9.99999984e-01 9.99999984e-01 9.99999985e-01 9.99999985e-01 9.99999985e-01 9.99999985e-01 9.99999985e-01 9.99999985e-01 9.99999985e-01 9.99999985e-01 9.99999985e-01 9.99999984e-01 9.99999983e-01 9.99999973e-01 9.99999904e-01 9.99999529e-01 9.99997906e-01 9.99992261e-01 9.99976356e-01 9.99939667e-01 9.99869643e-01 9.99757845e-01 9.99606807e-01 9.99432086e-01 9.99256897e-01 9.99102731e-01 9.98982142e-01 9.98897219e-01 9.98842670e-01 9.98810298e-01 9.98792318e-01 9.98782852e-01 9.98778069e-01 9.98775721e-01 9.98774588e-01 9.98774050e-01 9.98773805e-01 9.98773719e-01 9.98773743e-01 9.98773863e-01 9.98774081e-01 9.98774387e-01 9.98774754e-01 9.98775123e-01 9.98775399e-01 9.98775452e-01 9.98775147e-01 9.98774450e-01 9.98773598e-01 9.98773083e-01 9.98773267e-01 9.98774016e-01 9.98774840e-01 9.98775351e-01 9.98775463e-01 9.98775280e-01 9.98774943e-01 9.98774566e-01 9.98774224e-01 9.98773960e-01 9.98773791e-01 9.98773719e-01 9.98773747e-01 9.98773902e-01 9.98774269e-01 9.98775051e-01 9.98776685e-01 9.98780046e-01 9.98786804e-01 9.98799927e-01 9.98824235e-01 9.98866640e-01 9.98935434e-01 9.99037885e-01 9.99176144e-01 9.99343058e-01 9.99521030e-01 9.99686535e-01 9.99819124e-01 9.99909536e-01 9.99961403e-01 9.99986155e-01 9.99995876e-01 9.99998986e-01 9.99999788e-01 9.99999954e-01 9.99999981e-01 9.99999984e-01 9.99999985e-01 9.99999985e-01 9.99999985e-01 9.99999985e-01 9.99999985e-01 9.99999985e-01 9.99999985e-01 9.99999985e-01 9.99999985e-01 9.99999984e-01 9.99999984e-01 9.99999984e-01
9.99999984e-01 9.99999984e-01 9.99999984e-01 9.99999985e-01 9.99999985e-01 9.99999985e-01 9.99999985e-01 9.99999985e-01 9.99999985e-01 9.99999985e-01 9.99999985e-01 9.99999985e-01 9.99999984e-01 9.99999981e-01 9.99999952e-01 9.99999777e-01 9.99998928e-01 9.99995648e-01 9.99985442e-01 9.99959624e-01 9.99905971e-01 9.99813371e-01 9.99679121e-01 9.99513680e-01 9.99338257e-01 9.99176201e-01 9.99044096e-01 9.98947832e-01 9.98884301e-01 9.98845828e-01 9.98824167e-01 9.98812680e-01 9.98806870e-01 9.98804031e-01 9.98802676e-01 9.98802043e-01 9.98801764e-01 9.98801678e-01 9.98801730e-01 9.98801914e-01 9.98802247e-01 9.98802737e-01 9.98803370e-01 9.98804092e-01 9.98804798e-01 9.98805333e-01 9.98805499e-01 9.98805142e-01 9.98804339e-01 9.98803546e-01 9.98803346e-01 9.98803901e-01 9.98804776e-01 9.98805389e-01 9.98805474e-01 9.98805099e-01 9.98804456e-01 9.98803725e-01 9.98803038e-01 9.98802472e-01 9.98802061e-01 9.98801805e-01 9.98801688e-01 9.98801702e-01 9.98801873e-01 9.98802299e-01 9.98803228e-01 9.98805194e-01 9.98809270e-01 9.98817481e-01 9.98833361e-01 9.98862470e-01 9.98912402e-01 9.98991515e-01 9.99105784e-01 9.99254286e-01 9.99425687e-01 9.99599143e-01 9.99751119e-01 9.99864989e-01 9.99937079e-01 9.99975199e-01 9.99991847e-01 9.99997788e-01 9.99999503e-01 9.99999900e-01 9.99999973e-01 9.99999983e-01 9.99999984e-01 9.99999985e-01 9.99999985e-01 9.99999985e-01 9.99999985e-01 9.99999985e-01 9.99999985e-01 9.99999985e-01 9.99999985e-01 9.99999985e-01 9.99999984e-01 9.99999984e-01 9.99999984e-01 9.99999984e-01 9.99999985e-01 9.99999985e-01 9.99999985e-01 9.99999985e-01 9.99999985e-01 9.99999985e-01 9.99999985e-01 9.99999985e-01 9.99999985e-01 9.99999984e-01 9.99999983e-01 9.99999973e-01 9.99999900e-01 9.99999503e-01 9.99997788e-01 9.99991847e-01 9.99975199e-01 9.99937079e-01 9.99864989e-01 9.99751119e-01 9.99599143e-01 9.99425687e-01 9.99254286e-01 9.99105784e-01 9.98991515e-01 9.98912402e-01 9.98862470e-01 9.98833361e-01 9.98817481e-01 9.98809270e-01 9.98805194e-01 9.98803228e-01 9.98802299e-01 9.98801873e-01 9.98801702e-01 9.98801688e-01 9.98801805e-01 9.98802061e-01 9.98802472e-01 9.98803038e-01 9.98803725e-01 9.98804456e-01 9.98805099e-01 9.98805474e-01 9.98805389e-01 9.98804776e-01 9.98803901e-01 9.98803346e-01 9.98803546e-01 9.98804339e-01 9.98805142e-01 9.98805499e-01 9.98805333e-01 9.98804798e-01 9.98804092e-01 9.98803370e-01 9.98802737e-01 9.98802247e-01 9.98801914e-01 9.98801730e-01 9.98801678e-01 9.98801764e-01 9.98802043e-01 9.98802676e-01 9.98804031e-01 9.98806870e-01 9.98812680e-01 9.98824167e-01 9.98845828e-01 9.98884301e-01 9.98947832e-01 9.99044096e-01 9.99176201e-01 9.99338257e-01 9.99513680e-01 9.99679121e-01 9.99813371e-01 9.99905971e-01 9.99959624e-01 9.99985442e-01 9.99995648e-01 9.99998928e-01 9.99999777e-01 9.99999952e-01 9.99999981e-01 9.99999984e-01 9.99999985e-01 9.99999985e-01 9.99999985e-01 9.99999985e-01 9.99999985e-01 9.99999985e-01 9.99999985e-01 9.99999985e-01 9.99999985e-01 9.99999984e-01 9.99999984e-01 9.99999984e-01
9.99999984e-01 9.99999984e-01 9.99999984e-01 9.99999985e-01 9.99999985e-01 9.99999985e-01 9.99999985e-01 9.99999985e-01 9.99999985e-01 9.99999985e-01 9.99999985e-01 9.99999985e-01 9.99999984e-01 9.99999980e-01 9.99999950e-01 9.99999765e-01 9.99998868e-01 9.99995410e-01 9.99984702e-01 9.99957792e-01 9.99902342e-01 9.99807601e-01 9.99671833e-01 9.99506680e-01 9.99334032e-01 9.99176956e-01 9.99050964e-01 9.98960694e-01 9.98902152e-01 9.98867328e-01 9.98848073e-01 9.98838046e-01 9.98833065e-01 9.98830675e-01 9.98829556e-01 9.98829051e-01 9.98828852e-01 9.98828840e-01 9.98828988e-01 9.98829316e-01 9.98829860e-01 9.98830643e-01 9.98831650e-01 9.98832811e-01 9.98833989e-01 9.98834975e-01 9.98835508e-01 9.98835371e-01 9.98834629e-01 9.98833805e-01 9.98833591e-01 9.98834180e-01 9.98835053e-01 9.98835529e-01 9.98835315e-01 9.98834522e-01 9.98833409e-01 9.98832218e-01 9.98831121e-01 9.98830222e-01 9.98829559e-01 9.98829127e-01 9.98828893e-01 9.98828826e-01 9.98828924e-01 9.98829252e-01 9.98830009e-01 9.98831648e-01 9.98835112e-01 9.98842215e-01 9.98856203e-01 9.98882314e-01 9.98927918e-01 9.99001463e-01 9.99109535e-01 9.99252329e-01 9.99419757e-01 9.99591711e-01 9.99744436e-01 9.99860284e-01 9.99934430e-01 9.99974001e-01 9.99991414e-01 9.99997664e-01 9.99999475e-01 9.99999895e-01 9.99999972e-01 9.99999983e-01 9.99999984e-01 9.99999985e-01 9.99999985e-01 9.99999985e-01 9.99999985e-01 9.99999985e-01 9.99999985e-01 9.99999985e-01 9.99999985e-01 9.99999985e-01 9.99999984e-01 9.99999984e-01 9.99999984e-01 9.99999984e-01 9.99999985e-01 9.99999985e-01 9.99999985e-01 9.99999985e-01 9.99999985e-01 9.99999985e-01 9.99999985e-01 9.99999985e-01 9.99999985e-01 9.99999984e-01 9.99999983e-01 9.99999972e-01 9.99999895e-01 9.99999475e-01 9.99997664e-01 9.99991414e-01 9.99974001e-01 9.99934430e-01 9.99860284e-01 9.99744436e-01 9.99591711e-01 9.99419757e-01 9.99252329e-01 9.99109535e-01 9.99001463e-01 9.98927918e-01 9.98882314e-01 9.98856203e-01 9.98842215e-01 9.98835112e-01 9.98831648e-01 9.98830009e-01 9.98829252e-01 9.98828924e-01 9.98828826e-01 9.98828893e-01 9.98829127e-01 9.98829559e-01 9.98830222e-01 9.98831121e-01 9.98832218e-01 9.98833409e-01 9.98834522e-01 9.98835315e-01 9.98835529e-01 9.98835053e-01 9.98834180e-01 9.98833591e-01 9.98833805e-01 9.98834629e-01 9.98835371e-01 9.98835508e-01 9.98834975e-01 9.98833989e-01 9.98832811e-01 9.98831650e-01 9.98830643e-01 9.98829860e-01 9.98829316e-01 9.98828988e-01 9.98828840e-01 9.98828852e-01 9.98829051e-01 9.98829556e-01 9.98830675e-01 9.98833065e-01 9.98838046e-01 9.98848073e-01 9.98867328e-01 9.98902152e-01 9.98960694e-01 9.99050964e-01 9.99176956e-01 9.99334032e-01 9.99506680e-01 9.99671833e-01 9.99807601e-01 9.99902342e-01 9.99957792e-01 9.99984702e-01 9.99995410e-01 9.99998868e-01 9.99999765e-01 9.99999950e-01 9.99999980e-01 9.99999984e-01 9.99999985e-01 9.99999985e-01 9.99999985e-01 9.99999985e-01 9.99999985e-01 9.99999985e-01 9.99999985e-01 9.99999985e-01 9.99999985e-01 9.99999984e-01 9.99999984e-01 9.99999984e-01
9.99999984e-01 9.99999984e-01 9.99999984e-01 9.99999985e-01 9.99999985e-01 9.99999985e-01 9.99999985e-01 9.99999985e-01 9.99999985e-01 9.99999985e-01 9.99999985e-01 9.99999985e-01 9.99999984e-01 9.99999980e-01 9.99999948e-01 9.99999753e-01 9.99998805e-01 9.99995161e-01 9.99983933e-01 9.99955908e-01 9.99898652e-01 9.99801823e-01 9.99664685e-01 9.99500042e-01 9.99330382e-01 9.99178388e-01 9.99058449e-01 9.98973969e-01 9.98920142e-01 9.98888694e-01 9.98871621e-01 9.98862892e-01 9.98858634e-01 9.98856628e-01 9.98855710e-01 9.98855315e-01 9.98855194e-01 9.98855264e-01 9.98855531e-01 9.98856043e-01 9.98856857e-01 9.98858009e-01 9.98859483e-01 9.98861191e-01 9.98862955e-01 9.98864506e-01 9.98865505e-01 9.98865663e-01 9.98865025e-01 9.98864189e-01 9.98863964e-01 9.98864577e-01 9.98865419e-01 9.98865698e-01 9.98865096e-01 9.98863777e-01 9.98862081e-01 9.98860317e-01 9.98858709e-01 9.98857390e-01 9.98856409e-01 9.98855753e-01 9.98855371e-01 9.98855206e-01 9.98855228e-01 9.98855468e-01 9.98856078e-01 9.98857440e-01 9.98860374e-01 9.98866502e-01 9.98878792e-01 9.98902157e-01 9.98943713e-01 9.99011940e-01 9.99113954e-01 9.99251019e-01 9.99414305e-01 9.99584525e-01 9.99737805e-01 9.99855535e-01 9.99931719e-01 9.99972763e-01 9.99990964e-01 9.99997535e-01 9.99999446e-01 9.99999890e-01 9.99999971e-01 9.99999983e-01 9.99999984e-01 9.99999985e-01 9.99999985e-01 9.99999985e-01 9.99999985e-01 9.99999985e-01 9.99999985e-01 9.99999985e-01 9.99999985e-01 9.99999984e-01 9.99999984e-01 9.99999984e-01 9.99999984e-01 9.99999984e-01 9.99999984e-01 9.99999985e-01 9.99999985e-01 9.99999985e-01 9.99999985e-01 9.99999985e-01 9.99999985e-01 9.99999985e-01 9.99999985e-01 9.99999984e-01 9.99999983e-01 9.99999971e-01 9.99999890e-01 9.99999446e-01 9.99997535e-01 9.99990964e-01 9.99972763e-01 9.99931719e-01 9.99855535e-01 9.99737805e-01 9.99584525e-01 9.99414305e-01 9.99251019e-01 9.99113954e-01 9.99011940e-01 9.98943713e-01 9.98902157e-01 9.98878792e-01 9.98866502e-01 9.98860374e-01 9.98857440e-01 9.98856078e-01 9.98855468e-01 9.98855228e-01 9.98855206e-01 9.98855371e-01 9.98855753e-01 9.98856409e-01 9.98857390e-01 9.98858709e-01 9.98860317e-01 9.98862081e-01 9.98863777e-01 9.98865096e-01 9.98865698e-01 9.98865419e-01 9.98864577e-01 9.98863964e-01 9.98864189e-01 9.98865025e-01 9.98865663e-01 9.98865505e-01 9.98864506e-01 9.98862955e-01 9.98861191e-01 9.98859483e-01 9.98858009e-01 9.98856857e-01 9.98856043e-01 9.98855531e-01 9.98855264e-01 9.98855194e-01 9.98855315e-01 9.98855710e-01 9.98856628e-01 9.98858634e-01 9.98862892e-01 9.98871621e-01 9.98888694e-01 9.98920142e-01 9.98973969e-01 9.99058449e-01 9.99178388e-01 9.99330382e-01 9.99500042e-01 9.99664685e-01 9.99801823e-01 9.99898652e-01 9.99955908e-01 9.99983933e-01 9.99995161e-01 9.99998805e-01 9.99999753e-01 9.99999948e-01 9.99999980e-01 9.99999984e-01 9.99999985e-01 9.99999985e-01 9.99999985e-01 9.99999985e-01 9.99999985e-01 9.99999985e-01 9.99999985e-01 9.99999985e-01 9.99999985e-01 9.99999984e-01 9.99999984e-01 9.99999984e-01
9.99999984e-01 9.99999984e-01 9.99999984e-01 9.99999985e-01 9.99999985e-01 9.99999985e-01 9.99999985e-01 9.99999985e-01 9.99999985e-01 9.99999985e-01 9.99999985e-01 9.99999985e-01 9.99999984e-01 9.99999980e-01 9.99999946e-01 9.99999739e-01 9.99998738e-01 9.99994902e-01 9.99983136e-01 9.99953972e-01 9.99894905e-01 9.99796046e-01 9.99657690e-01 9.99493778e-01 9.99327307e-01 9.99180477e-01 9.99066509e-01 9.98987608e-01 9.98938222e-01 9.98909891e-01 9.98894790e-01 9.98887211e-01 9.98883581e-01 9.98881904e-01 9.98881157e-01 9.98880860e-01 9.98880816e-01 9.98880984e-01 9.98881400e-01 9.98882143e-01 9.98883295e-01 9.98884904e-01 9.98886952e-01 9.98889326e-01 9.98891802e-01 9.98894040e-01 9.98895613e-01 9.98896150e-01 9.98895667e-01 9.98894840e-01 9.98894607e-01 9.98895233e-01 9.98896009e-01 9.98896024e-01 9.98894937e-01 9.98892976e-01 9.98890570e-01 9.98888110e-01 9.98885878e-01 9.98884041e-01 9.98882663e-01 9.98881725e-01 9.98881156e-01 9.98880873e-01 9.98880812e-01 9.98880969e-01 9.98881453e-01 9.98882579e-01 9.98885056e-01 9.98890328e-01 9.98901098e-01 9.98921955e-01 9.98959738e-01 9.99022898e-01 9.99119010e-01 9.99250343e-01 9.99409335e-01 9.99577598e-01 9.99731240e-01 9.99850746e-01 9.99928948e-01 9.99971485e-01 9.99990495e-01 9.99997400e-01 9.99999416e-01 9.99999885e-01 9.99999971e-01 9.99999983e-01 9.99999984e-01 9.99999985e-01 9.99999985e-01 9.99999985e-01 9.99999985e-01 9.99999985e-01 9.99999985e-01 9.99999985e-01 9.99999985e-01 9.99999984e-01 9.99999984e-01 9.99999984e-01 9.99999984e-01 9.99999984e-01 9.99999984e-01 9.99999985e-01 9.99999985e-01 9.99999985e-01 9.99999985e-01 9.99999985e-01 9.99999985e-01 9.99999985e-01 9.99999985e-01 9.99999984e-01 9.99999983e-01 9.99999971e-01 9.99999885e-01 9.99999416e-01 9.99997400e-01 9.99990495e-01 9.99971485e-01 9.99928948e-01 9.99850746e-01 9.99731240e-01 9.99577598e-01 9.99409335e-01 9.99250343e-01 9.99119010e-01 9.99022898e-01 9.98959738e-01 9.98921955e-01 9.98901098e-01 9.98890328e-01 9.98885056e-01 9.98882579e-01 9.98881453e-01 9.98880969e-01 9.98880812e-01 9.98880873e-01 9.98881156e-01 9.98881725e-01 9.98882663e-01 9.98884041e-01 9.98885878e-01 9.98888110e-01 9.98890570e-01 9.98892976e-01 9.98894937e-01 9.98896024e-01 9.98896009e-01 9.98895233e-01 9.98894607e-01 9.98894840e-01 9.98895667e-01 9.98896150e-01 9.98895613e-01 9.98894040e-01 9.98891802e-01 9.98889326e-01 9.98886952e-01 9.98884904e-01 9.98883295e-01 9.98882143e-01 9.98881400e-01 9.98880984e-01 9.98880816e-01 9.98880860e-01 9.98881157e-01 9.98881904e-01 9.98883581e-01 9.98887211e-01 9.98894790e-01 9.98909891e-01 9.98938222e-01 9.98987608e-01 9.99066509e-01 9.99180477e-01 9.99327307e-01 9.99493778e-01 9.99657690e-01 9.99796046e-01 9.99894905e-01 9.99953972e-01 9.99983136e-01 9.99994902e-01 9.99998738e-01 9.99999739e-01 9.99999946e-01 9.99999980e-01 9.99999984e-01 9.99999985e-01 9.99999985e-01 9.99999985e-01 9.99999985e-01 9.99999985e-01 9.99999985e-01 9.99999985e-01 9.99999985e-01 9.99999985e-01 9.99999984e-01 9.99999984e-01 9.99999984e-01
9.99999984e-01 9.99999984e-01 9.99999984e-01 9.99999985e-01 9.99999985e-01 9.99999985e-01 9.99999985e-01 9.99999985e-01 9.99999985e-01 9.99999985e-01 9.99999985e-01 9.99999985e-01 9.99999984e-01 9.99999980e-01 9.99999944e-01 9.99999726e-01 9.99998669e-01 9.99994631e-01 9.99982310e-01 9.99951984e-01 9.99891104e-01 9.99790279e-01 9.99650861e-01 9.99487899e-01 9.99324803e-01 9.99183199e-01 9.99075104e-01 9.99001561e-01 9.98956350e-01 9.98930885e-01 9.98917563e-01 9.98910999e-01 9.98907915e-01 9.98906518e-01 9.98905917e-01 9.98905709e-01 9.98905749e-01 9.98906032e-01 9.98906634e-01 9.98907665e-01 9.98909234e-01 9.98911401e-01 9.98914141e-01 9.98917312e-01 9.98920635e-01 9.98923691e-01 9.98925955e-01 9.98926959e-01 9.98926686e-01 9.98925893e-01 9.98925656e-01 9.98926282e-01 9.98926953e-01 9.98926632e-01 9.98924956e-01 9.98922227e-01 9.98918978e-01 9.98915687e-01 9.98912705e-01 9.98910241e-01 9.98908377e-01 9.98907089e-01 9.98906287e-01 9.98905857e-01 9.98905701e-01 9.98905777e-01 9.98906152e-01 9.98907077e-01 9.98909161e-01 9.98913684e-01 9.98923097e-01 9.98941671e-01 9.98975945e-01 9.99034293e-01 9.99124669e-01 9.99250289e-01 9.99404855e-01 9.99570943e-01 9.99724752e-01 9.99845925e-01 9.99926119e-01 9.99970165e-01 9.99990008e-01 9.99997258e-01 9.99999384e-01 9.99999879e-01 9.99999970e-01 9.99999983e-01 9.99999984e-01 9.99999985e-01 9.99999985e-01 9.99999985e-01 9.99999985e-01 9.99999985e-01 9.99999985e-01 9.99999985e-01 9.99999985e-01 9.99999984e-01 9.99999984e-01 9.99999984e-01 9.99999984e-01 9.99999984e-01 9.99999984e-01 9.99999985e-01 9.99999985e-01 9.99999985e-01 9.99999985e-01 9.99999985e-01 9.99999985e-01 9.99999985e-01 9.99999985e-01 9.99999984e-01 9.99999983e-01 9.99999970e-01 9.99999879e-01 9.99999384e-01 9.99997258e-01 9.99990008e-01 9.99970165e-01 9.99926119e-01 9.99845925e-01 9.99724752e-01 9.99570943e-01 9.99404855e-01 9.99250289e-01 9.99124669e-01 9.99034293e-01 9.98975945e-01 9.98941671e-01 9.98923097e-01 9.98913684e-01 9.98909161e-01 9.98907077e-01 9.98906152e-01 9.98905777e-01 9.98905701e-01 9.98905857e-01 9.98906287e-01 9.98907089e-01 9.98908377e-01 9.98910241e-01 9.98912705e-01 9.98915687e-01 9.98918978e-01 9.98922227e-01 9.98924956e-01 9.98926632e-01 9.98926953e-01 9.98926282e-01 9.98925656e-01 9.98925893e-01 9.98926686e-01 9.98926959e-01 9.98925955e-01 9.98923691e-01 9.98920635e-01 9.98917312e-01 9.98914141e-01 9.98911401e-01 9.98909234e-01 9.98907665e-01 9.98906634e-01 9.98906032e-01 9.98905749e-01 9.98905709e-01 9.98905917e-01 9.98906518e-01 9.98907915e-01 9.98910999e-01 9.98917563e-01 9.98930885e-01 9.98956350e-01 9.99001561e-01 9.99075104e-01 9.99183199e-01 9.99324803e-01 9.99487899e-01 9.99650861e-01 9.99790279e-01 9.99891104e-01 9.99951984e-01 9.99982310e-01 9.99994631e-01 9.99998669e-01 9.99999726e-01 9.99999944e-01 9.99999980e-01 9.99999984e-01 9.99999985e-01 9.99999985e-01 9.99999985e-01 9.99999985e-01 9.99999985e-01 9.99999985e-01 9.99999985e-01 9.99999985e-01 9.99999985e-01 9.99999984e-01 9.99999984e-01 9.99999984e-01
9.99999984e-01 9.99999984e-01 9.99999984e-01 9.99999985e-01 9.99999985e-01 9.99999985e-01 9.99999985e-01 9.99999985e-01 9.99999985e-01 9.99999985e-01 9.99999985e-01 9.99999985e-01 9.99999984e-01 9.99999979e-01 9.99999942e-01 9.99999711e-01 9.99998596e-01 9.99994348e-01 9.99981454e-01 9.99949944e-01 9.99887253e-01 9.99784530e-01 9.99644212e-01 9.99482412e-01 9.99322865e-01 9.99186530e-01 9.99084195e-01 9.99015783e-01 9.98974483e-01 9.98951648e-01 9.98939924e-01 9.98934256e-01 9.98931643e-01 9.98930486e-01 9.98930011e-01 9.98929888e-01 9.98930020e-01 9.98930445e-01 9.98931277e-01 9.98932663e-01 9.98934738e-01 9.98937575e-01 9.98941137e-01 9.98945244e-01 9.98949556e-01 9.98953566e-01 9.98956643e-01 9.98958209e-01 9.98958207e-01 9.98957474e-01 9.98957239e-01 9.98957850e-01 9.98958373e-01 9.98957637e-01 9.98955263e-01 9.98951636e-01 9.98947402e-01 9.98943140e-01 9.98939272e-01 9.98936060e-01 9.98933608e-01 9.98931891e-01 9.98930801e-01 9.98930190e-01 9.98929922e-01 9.98929915e-01 9.98930191e-01 9.98930944e-01 9.98932693e-01 9.98936562e-01 9.98944768e-01 9.98961268e-01 9.98992289e-01 9.99046079e-01 9.99130897e-01 9.99250843e-01 9.99400865e-01 9.99564573e-01 9.99718352e-01 9.99841077e-01 9.99923234e-01 9.99968804e-01 9.99989501e-01 9.99997110e-01 9.99999350e-01 9.99999873e-01 9.99999969e-01 9.99999983e-01 9.99999984e-01 9.99999985e-01 9.99999985e-01 9.99999985e-01 9.99999985e-01 9.99999985e-01 9.99999985e-01 9.99999985e-01 9.99999985e-01 9.99999984e-01 9.99999984e-01 9.99999984e-01 9.99999984e-01 9.99999984e-01 9.99999984e-01 9.99999985e-01 9.99999985e-01 9.99999985e-01 9.99999985e-01 9.99999985e-01 9.99999985e-01 9.99999985e-01 9.99999985e-01 9.99999984e-01 9.99999983e-01 9.99999969e-01 9.99999873e-01 9.99999350e-01 9.99997110e-01 9.99989501e-01 9.99968804e-01 9.99923234e-01 9.99841077e-01 9.99718352e-01 9.99564573e-01 9.99400865e-01 9.99250843e-01 9.99130897e-01 9.99046079e-01 9.98992289e-01 9.98961268e-01 9.98944768e-01 9.98936562e-01 9.98932693e-01 9.98930944e-01 9.98930191e-01 9.98929915e-01 9.98929922e-01 9.98930190e-01 9.98930801e-01 9.98931891e-01 9.98933608e-01 9.98936060e-01 9.98939272e-01 9.98943140e-01 9.98947402e-01 9.98951636e-01 9.98955263e-01 9.98957637e-01 9.98958373e-01 9.98957850e-01 9.98957239e-01 9.98957474e-01 9.98958207e-01 9.98958209e-01 9.98956643e-01 9.98953566e-01 9.98949556e-01 9.98945244e-01 9.98941137e-01 9.98937575e-01 9.98934738e-01 9.98932663e-01 9.98931277e-01 9.98930445e-01 9.98930020e-01 9.98929888e-01 9.98930011e-01 9.98930486e-01 9.98931643e-01 9.98934256e-01 9.98939924e-01 9.98951648e-01 9.98974483e-01 9.99015783e-01 9.99084195e-01 9.99186530e-01 9.99322865e-01 9.99482412e-01 9.99644212e-01 9.99784530e-01 9.99887253e-01 9.99949944e-01 9.99981454e-01 9.99994348e-01 9.99998596e-01 9.99999711e-01 9.99999942e-01 9.99999979e-01 9.99999984e-01 9.99999985e-01 9.99999985e-01 9.99999985e-01 9.99999985e-01 9.99999985e-01 9.99999985e-01 9.99999985e-01 9.99999985e-01 9.99999985e-01 9.99999984e-01 9.99999984e-01 9.99999984e-01
9.99999984e-01 9.99999984e-01 9.99999984e-01 9.99999985e-01 9.99999985e-01 9.99999985e-01 9.99999985e-01 9.99999985e-01 9.99999985e-01 9.99999985e-01 9.99999985e-01 9.99999985e-01 9.99999984e-01 9.99999979e-01 9.99999940e-01 9.99999696e-01 9.99998520e-01 9.99994053e-01 9.99980568e-01 9.99947853e-01 9.99883357e-01 9.99778810e-01 9.99637755e-01 9.99477326e-01 9.99321487e-01 9.99190444e-01 9.99093739e-01 9.99030229e-01 9.98992583e-01 9.98972156e-01 9.98961864e-01 9.98956982e-01 9.98954775e-01 9.98953823e-01 9.98953459e-01 9.98953420e-01 9.98953659e-01 9.98954258e-01 9.98955373e-01 9.98957191e-01 9.98959874e-01 9.98963503e-01 9.98968025e-01 9.98973216e-01 9.98978664e-01 9.98983769e-01 9.98987781e-01 9.98990007e-01 9.98990337e-01 9.98989695e-01 9.98989466e-01 9.98990046e-01 9.98990376e-01 9.98989145e-01 9.98985960e-01 9.98981304e-01 9.98975941e-01 9.98970558e-01 9.98965662e-01 9.98961570e-01 9.98958417e-01 9.98956183e-01 9.98954740e-01 9.98953905e-01 9.98953502e-01 9.98953406e-01 9.98953590e-01 9.98954196e-01 9.98955656e-01 9.98958956e-01 9.98966092e-01 9.98980714e-01 9.99008728e-01 9.99058212e-01 9.99137662e-01 9.99251987e-01 9.99397368e-01 9.99558499e-01 9.99712051e-01 9.99836209e-01 9.99920295e-01 9.99967403e-01 9.99988974e-01 9.99996955e-01 9.99999315e-01 9.99999867e-01 9.99999968e-01 9.99999983e-01 9.99999984e-01 9.99999985e-01 9.99999985e-01 9.99999985e-01 9.99999985e-01 9.99999985e-01 9.99999985e-01 9.99999985e-01 9.99999985e-01 9.99999984e-01 9.99999984e-01 9.99999984e-01 9.99999984e-01 9.99999984e-01 9.99999984e-01 9.99999985e-01 9.99999985e-01 9.99999985e-01 9.99999985e-01 9.99999985e-01 9.99999985e-01 9.99999985e-01 9.99999985e-01 9.99999984e-01 9.99999983e-01 9.99999968e-01 9.99999867e-01 9.99999315e-01 9.99996955e-01 9.99988974e-01 9.99967403e-01 9.99920295e-01 9.99836209e-01 9.99712051e-01 9.99558499e-01 9.99397368e-01 9.99251987e-01 9.99137662e-01 9.99058212e-01 9.99008728e-01 9.98980714e-01 9.98966092e-01 9.98958956e-01 9.98955656e-01 9.98954196e-01 9.98953590e-01 9.98953406e-01 9.98953502e-01 9.98953905e-01 9.98954740e-01 9.98956183e-01 9.98958417e-01 9.98961570e-01 9.98965662e-01 9.98970558e-01 9.98975941e-01 9.98981304e-01 9.98985960e-01 9.98989145e-01 9.98990376e-01 9.98990046e-01 9.98989466e-01 9.98989695e-01 9.98990337e-01 9.98990007e-01 9.98987781e-01 9.98983769e-01 9.98978664e-01 9.98973216e-01 9.98968025e-01 9.98963503e-01 9.98959874e-01 9.98957191e-01 9.98955373e-01 9.98954258e-01 9.98953659e-01 9.98953420e-01 9.98953459e-01 9.98953823e-01 9.98954775e-01 9.98956982e-01 9.98961864e-01 9.98972156e-01 9.98992583e-01 9.99030229e-01 9.99093739e-01 9.99190444e-01 9.99321487e-01 9.99477326e-01 9.99637755e-01 9.99778810e-01 9.99883357e-01 9.99947853e-01 9.99980568e-01 9.99994053e-01 9.99998520e-01 9.99999696e-01 9.99999940e-01 9.99999979e-01 9.99999984e-01 9.99999985e-01 9.99999985e-01 9.99999985e-01 9.99999985e-01 9.99999985e-01 9.99999985e-01 9.99999985e-01 9.99999985e-01 9.99999985e-01 9.99999984e-01 9.99999984e-01 9.99999984e-01
9.99999984e-01 9.99999984e-01 9.99999984e-01 9.99999985e-01 9.99999985e-01 9.99999985e-01 9.99999985e-01 9.99999985e-01 9.99999985e-01 9.99999985e-01 9.99999985e-01 9.99999985e-01 9.99999984e-01 9.99999979e-01 9.99999937e-01 9.99999680e-01 9.99998440e-01 9.99993746e-01 9.99979652e-01 9.99945713e-01 9.99879418e-01 9.99773127e-01 9.99631500e-01 9.99472648e-01 9.99320660e-01 9.99194915e-01 9.99103698e-01 9.99044856e-01 9.99010616e-01 9.98992384e-01 9.98983372e-01 9.98979179e-01 9.98977322e-01 9.98976545e-01 9.98976282e-01 9.98976331e-01 9.98976698e-01 9.98977509e-01 9.98978970e-01 9.98981307e-01 9.98984711e-01 9.98989265e-01 9.98994892e-01 9.99001317e-01 9.99008050e-01 9.99014389e-01 9.99019458e-01 9.99022441e-01 9.99023169e-01 9.99022649e-01 9.99022431e-01 9.99022962e-01 9.99023052e-01 9.99021246e-01 9.99017140e-01 9.99011321e-01 9.99004684e-01 9.98998030e-01 9.98991956e-01 9.98986844e-01 9.98982868e-01 9.98980015e-01 9.98978144e-01 9.98977036e-01 9.98976469e-01 9.98976271e-01 9.98976368e-01 9.98976845e-01 9.98978059e-01 9.98980865e-01 9.98987054e-01 9.98999980e-01 9.99025222e-01 9.99070649e-01 9.99144928e-01 9.99253705e-01 9.99394364e-01 9.99552731e-01 9.99705862e-01 9.99831327e-01 9.99917303e-01 9.99965960e-01 9.99988427e-01 9.99996793e-01 9.99999278e-01 9.99999861e-01 9.99999968e-01 9.99999983e-01 9.99999984e-01 9.99999985e-01 9.99999985e-01 9.99999985e-01 9.99999985e-01 9.99999985e-01 9.99999985e-01 9.99999985e-01 9.99999985e-01 9.99999984e-01 9.99999984e-01 9.99999984e-01 9.99999984e-01 9.99999984e-01 9.99999984e-01 9.99999985e-01 9.99999985e-01 9.99999985e-01 9.99999985e-01 9.99999985e-01 9.99999985e-01 9.99999985e-01 9.99999985e-01 9.99999984e-01 9.99999983e-01 9.99999968e-01 9.99999861e-01 9.99999278e-01 9.99996793e-01 9.99988427e-01 9.99965960e-01 9.99917303e-01 9.99831327e-01 9.99705862e-01 9.99552731e-01 9.99394364e-01 9.99253705e-01 9.99144928e-01 9.99070649e-01 9.99025222e-01 9.98999980e-01 9.98987054e-01 9.98980865e-01 9.98978059e-01 9.98976845e-01 9.98976368e-01 9.98976271e-01 9.98976469e-01 9.98977036e-01 9.98978144e-01 9.98980015e-01 9.98982868e-01 9.98986844e-01 9.98991956e-01 9.98998030e-01 9.99004684e-01 9.99011321e-01 9.99017140e-01 9.99021246e-01 9.99023052e-01 9.99022962e-01 9.99022431e-01 9.99022649e-01 9.99023169e-01 9.99022441e-01 9.99019458e-01 9.99014389e-01 9.99008050e-01 9.99001317e-01 9.98994892e-01 9.98989265e-01 9.98984711e-01 9.98981307e-01 9.98978970e-01 9.98977509e-01 9.98976698e-01 9.98976331e-01 9.98976282e-01 9.98976545e-01 9.98977322e-01 9.98979179e-01 9.98983372e-01 9.98992384e-01 9.99010616e-01 9.99044856e-01 9.99103698e-01 9.99194915e-01 9.99320660e-01 9.99472648e-01 9.99631500e-01 9.99773127e-01 9.99879418e-01 9.99945713e-01 9.99979652e-01 9.99993746e-01 9.99998440e-01 9.99999680e-01 9.99999937e-01 9.99999979e-01 9.99999984e-01 9.99999985e-01 9.99999985e-01 9.99999985e-01 9.99999985e-01 9.99999985e-01 9.99999985e-01 9.99999985e-01 9.99999985e-01 9.99999985e-01 9.99999984e-01 9.99999984e-01 9.99999984e-01
9.99999984e-01 9.99999984e-01 9.99999984e-01 9.99999985e-01 9.99999985e-01 9.99999985e-01 9.99999985e-01 9.99999985e-01 9.99999985e-01 9.99999985e-01 9.99999985e-01 9.99999985e-01 9.99999984e-01 9.99999979e-01 9.99999935e-01 9.99999663e-01 9.99998356e-01 9.99993426e-01 9.99978706e-01 9.99943523e-01 9.99875442e-01 9.99767490e-01 9.99625461e-01 9.99468381e-01 9.99320373e-01 9.99199914e-01 9.99114032e-01 9.99059624e-01 9.99028550e-01 9.99012316e-01 9.99004445e-01 9.99000853e-01 9.98999296e-01 9.98998670e-01 9.98998500e-01 9.98998647e-01 9.98999166e-01 9.99000237e-01 9.99002116e-01 9.99005072e-01 9.99009319e-01 9.99014939e-01 9.99021822e-01 9.99029634e-01 9.99037798e-01 9.99045504e-01 9.99051749e-01 9.99055583e-01 9.99056771e-01 9.99056405e-01 9.99056205e-01 9.99056669e-01 9.99056471e-01 9.99054009e-01 9.99048876e-01 9.99041768e-01 9.99033717e-01 9.99025642e-01 9.99018238e-01 9.99011959e-01 9.99007025e-01 9.99003444e-01 9.99001058e-01 9.98999618e-01 9.98998851e-01 9.98998534e-01 9.98998543e-01 9.98998907e-01 9.98999909e-01 9.99002289e-01 9.99007642e-01 9.99019041e-01 9.99041733e-01 9.99083350e-01 9.99152660e-01 9.99255977e-01 9.99391851e-01 9.99547279e-01 9.99699795e-01 9.99826439e-01 9.99914261e-01 9.99964475e-01 9.99987859e-01 9.99996624e-01 9.99999240e-01 9.99999854e-01 9.99999967e-01 9.99999983e-01 9.99999984e-01 9.99999985e-01 9.99999985e-01 9.99999985e-01 9.99999985e-01 9.99999985e-01 9.99999985e-01 9.99999985e-01 9.99999985e-01 9.99999984e-01 9.99999984e-01 9.99999984e-01 9.99999984e-01 9.99999984e-01 9.99999984e-01 9.99999985e-01 9.99999985e-01 9.99999985e-01 9.99999985e-01 9.99999985e-01 9.99999985e-01 9.99999985e-01 9.99999985e-01 9.99999984e-01 9.99999983e-01 9.99999967e-01 9.99999854e-01 9.99999240e-01 9.99996624e-01 9.99987859e-01 9.99964475e-01 9.99914261e-01 9.99826439e-01 9.99699795e-01 9.99547279e-01 9.99391851e-01 9.99255977e-01 9.99152660e-01 9.99083350e-01 9.99041733e-01 9.99019041e-01 9.99007642e-01 9.99002289e-01 9.98999909e-01 9.98998907e-01 9.98998543e-01 9.98998534e-01 9.98998851e-01 9.98999618e-01 9.99001058e-01 9.99003444e-01 9.99007025e-01 9.99011959e-01 9.99018238e-01 9.99025642e-01 9.99033717e-01 9.99041768e-01 9.99048876e-01 9.99054009e-01 9.99056471e-01 9.99056669e-01 9.99056205e-01 9.99056405e-01 9.99056771e-01 9.99055583e-01 9.99051749e-01 9.99045504e-01 9.99037798e-01 9.99029634e-01 9.99021822e-01 9.99014939e-01 9.99009319e-01 9.99005072e-01 9.99002116e-01 9.99000237e-01 9.98999166e-01 9.98998647e-01 9.98998500e-01 9.98998670e-01 9.98999296e-01 9.99000853e-01 9.99004445e-01 9.99012316e-01 9.99028550e-01 9.99059624e-01 9.99114032e-01 9.99199914e-01 9.99320373e-01 9.99468381e-01 9.99625461e-01 9.99767490e-01 9.99875442e-01 9.99943523e-01 9.99978706e-01 9.99993426e-01 9.99998356e-01 9.99999663e-01 9.99999935e-01 9.99999979e-01 9.99999984e-01 9.99999985e-01 9.99999985e-01 9.99999985e-01 9.99999985e-01 9.99999985e-01 9.99999985e-01 9.99999985e-01 9.99999985e-01 9.99999985e-01 9.99999984e-01 9.99999984e-01 9.99999984e-01
9.99999984e-01 9.99999984e-01 9.99999984e-01 9.99999985e-01 9.99999985e-01 9.99999985e-01 9.99999985e-01 9.99999985e-01 9.99999985e-01 9.99999985e-01 9.99999985e-01 9.99999985e-01 9.99999984e-01 9.99999978e-01 9.99999932e-01 9.99999646e-01 9.99998269e-01 9.99993094e-01 9.99977728e-01 9.99941284e-01 9.99871432e-01 9.99761911e-01 9.99619648e-01 9.99464530e-01 9.99320616e-01 9.99205412e-01 9.99124703e-01 9.99074496e-01 9.99046355e-01 9.99031934e-01 9.99025076e-01 9.99022009e-01 9.99020710e-01 9.99020216e-01 9.99020137e-01 9.99020394e-01 9.99021097e-01 9.99022484e-01 9.99024864e-01 9.99028549e-01 9.99033771e-01 9.99040604e-01 9.99048897e-01 9.99058243e-01 9.99067977e-01 9.99077177e-01 9.99084706e-01 9.99089478e-01 9.99091189e-01 9.99091009e-01 9.99090833e-01 9.99091211e-01 9.99090679e-01 9.99087486e-01 9.99081226e-01 9.99072711e-01 9.99063114e-01 9.99053474e-01 9.99044587e-01 9.99036990e-01 9.99030959e-01 9.99026526e-01 9.99023529e-01 9.99021687e-01 9.99020677e-01 9.99020220e-01 9.99020135e-01 9.99020396e-01 9.99021216e-01 9.99023227e-01 9.99027845e-01 9.99037874e-01 9.99058228e-01 9.99096274e-01 9.99160824e-01 9.99258783e-01 9.99389825e-01 9.99542151e-01 9.99693862e-01 9.99821552e-01 9.99911172e-01 9.99962950e-01 9.99987270e-01 9.99996448e-01 9.99999199e-01 9.99999847e-01 9.99999966e-01 9.99999983e-01 9.99999984e-01 9.99999985e-01 9.99999985e-01 9.99999985e-01 9.99999985e-01 9.99999985e-01 9.99999985e-01 9.99999985e-01 9.99999985e-01 9.99999984e-01 9.99999984e-01 9.99999984e-01 9.99999984e-01 9.99999984e-01 9.99999984e-01 9.99999985e-01 9.99999985e-01 9.99999985e-01 9.99999985e-01 9.99999985e-01 9.99999985e-01 9.99999985e-01 9.99999985e-01 9.99999984e-01 9.99999983e-01 9.99999966e-01 9.99999847e-01 9.99999199e-01 9.99996448e-01 9.99987270e-01 9.99962950e-01 9.99911172e-01 9.99821552e-01 9.99693862e-01 9.99542151e-01 9.99389825e-01 9.99258783e-01 9.99160824e-01 9.99096274e-01 9.99058228e-01 9.99037874e-01 9.99027845e-01 9.99023227e-01 9.99021216e-01 9.99020396e-01 9.99020135e-01 9.99020220e-01 9.99020677e-01 9.99021687e-01 9.99023529e-01 9.99026526e-01 9.99030959e-01 9.99036990e-01 9.99044587e-01 9.99053474e-01 9.99063114e-01 9.99072711e-01 9.99081226e-01 9.99087486e-01 9.99090679e-01 9.99091211e-01 9.99090833e-01 9.99091009e-01 9.99091189e-01 9.99089478e-01 9.99084706e-01 9.99077177e-01 9.99067977e-01 9.99058243e-01 9.99048897e-01 9.99040604e-01 9.99033771e-01 9.99028549e-01 9.99024864e-01 9.99022484e-01 9.99021097e-01 9.99020394e-01 9.99020137e-01 9.99020216e-01 9.99020710e-01 9.99022009e-01 9.99025076e-01 9.99031934e-01 9.99046355e-01 9.99074496e-01 9.99124703e-01 9.99205412e-01 9.99320616e-01 9.99464530e-01 9.99619648e-01 9.99761911e-01 9.99871432e-01 9.99941284e-01 9.99977728e-01 9.99993094e-01 9.99998269e-01 9.99999646e-01 9.99999932e-01 9.99999978e-01 9.99999984e-01 9.99999985e-01 9.99999985e-01 9.99999985e-01 9.99999985e-01 9.99999985e-01 9.99999985e-01 9.99999985e-01 9.99999985e-01 9.99999985e-01 9.99999984e-01 9.99999984e-01 9.99999984e-01
9.99999984e-01 9.99999984e-01 9.99999984e-01 9.99999985e-01 9.99999985e-01 9.99999985e-01 9.99999985e-01 9.99999985e-01 9.99999985e-01 9.99999985e-01 9.99999985e-01 9.99999985e-01 9.99999984e-01 9.99999978e-01 9.99999929e-01 9.99999627e-01 9.99998177e-01 9.99992748e-01 9.99976719e-01 9.99938999e-01 9.99867395e-01 9.99756396e-01 9.99614070e-01 9.99461098e-01 9.99321375e-01 9.99211382e-01 9.99135672e-01 9.99089434e-01 9.99064006e-01 9.99051224e-01 9.99045265e-01 9.99042653e-01 9.99041576e-01 9.99041199e-01 9.99041212e-01 9.99041598e-01 9.99042526e-01 9.99044294e-01 9.99047268e-01 9.99051801e-01 9.99058140e-01 9.99066338e-01 9.99076191e-01 9.99087215e-01 9.99098646e-01 9.99109450e-01 9.99118360e-01 9.99124149e-01 9.99126437e-01 9.99126476e-01 9.99126330e-01 9.99126603e-01 9.99125692e-01 9.99121700e-01 9.99114226e-01 9.99104202e-01 9.99092938e-01 9.99081598e-01 9.99071081e-01 9.99062013e-01 9.99054736e-01 9.99049320e-01 9.99045606e-01 9.99043283e-01 9.99041978e-01 9.99041351e-01 9.99041163e-01 9.99041328e-01 9.99041991e-01 9.99043684e-01 9.99047657e-01 9.99056459e-01 9.99074674e-01 9.99109383e-01 9.99169385e-01 9.99262101e-01 9.99388283e-01 9.99537355e-01 9.99688071e-01 9.99816673e-01 9.99908038e-01 9.99961383e-01 9.99986660e-01 9.99996264e-01 9.99999157e-01 9.99999840e-01 9.99999965e-01 9.99999983e-01 9.99999984e-01 9.99999985e-01 9.99999985e-01 9.99999985e-01 9.99999985e-01 9.99999985e-01 9.99999985e-01 9.99999985e-01 9.99999985e-01 9.99999984e-01 9.99999984e-01 9.99999984e-01 9.99999984e-01 9.99999984e-01 9.99999984e-01 9.99999985e-01 9.99999985e-01 9.99999985e-01 9.99999985e-01 9.99999985e-01 9.99999985e-01 9.99999985e-01 9.99999985e-01 9.99999984e-01 9.99999983e-01 9.99999965e-01 9.99999840e-01 9.99999157e-01 9.99996264e-01 9.99986660e-01 9.99961383e-01 9.99908038e-01 9.99816673e-01 9.99688071e-01 9.99537355e-01 9.99388283e-01 9.99262101e-01 9.99169385e-01 9.99109383e-01 9.99074674e-01 9.99056459e-01 9.99047657e-01 9.99043684e-01 9.99041991e-01 9.99041328e-01 9.99041163e-01 9.99041351e-01 9.99041978e-01 9.99043283e-01 9.99045606e-01 9.99049320e-01 9.99054736e-01 9.99062013e-01 9.99071081e-01 9.99081598e-01 9.99092938e-01 9.99104202e-01 9.99114226e-01 9.99121700e-01 9.99125692e-01 9.99126603e-01 9.99126330e-01 9.99126476e-01 9.99126437e-01 9.99124149e-01 9.99118360e-01 9.99109450e-01 9.99098646e-01 9.99087215e-01 9.99076191e-01 9.99066338e-01 9.99058140e-01 9.99051801e-01 9.99047268e-01 9.99044294e-01 9.99042526e-01 9.99041598e-01 9.99041212e-01 9.99041199e-01 9.99041576e-01 9.99042653e-01 9.99045265e-01 9.99051224e-01 9.99064006e-01 9.99089434e-01 9.99135672e-01 9.99211382e-01 9.99321375e-01 9.99461098e-01 9.99614070e-01 9.99756396e-01 9.99867395e-01 9.99938999e-01 9.99976719e-01 9.99992748e-01 9.99998177e-01 9.99999627e-01 9.99999929e-01 9.99999978e-01 9.99999984e-01 9.99999985e-01 9.99999985e-01 9.99999985e-01 9.99999985e-01 9.99999985e-01 9.99999985e-01 9.99999985e-01 9.99999985e-01 9.99999985e-01 9.99999984e-01 9.99999984e-01 9.99999984e-01
9.99999984e-01 9.99999984e-01 9.99999984e-01 9.99999985e-01 9.99999985e-01 9.99999985e-01 9.99999985e-01 9.99999985e-01 9.99999985e-01 9.99999985e-01 9.99999985e-01 9.99999985e-01 9.99999984e-01 9.99999978e-01 9.99999927e-01 9.99999608e-01 9.99998082e-01 9.99992388e-01 9.99975679e-01 9.99936668e-01 9.99863334e-01 9.99750957e-01 9.99608738e-01 9.99458084e-01 9.99322635e-01 9.99217793e-01 9.99146903e-01 9.99104406e-01 9.99081478e-01 9.99070177e-01 9.99065011e-01 9.99062795e-01 9.99061909e-01 9.99061638e-01 9.99061749e-01 9.99062288e-01 9.99063488e-01 9.99065712e-01 9.99069384e-01 9.99074897e-01 9.99082499e-01 9.99092213e-01 9.99103772e-01 9.99116604e-01 9.99129845e-01 9.99142346e-01 9.99152714e-01 9.99159586e-01 9.99162504e-01 9.99162790e-01 9.99162679e-01 9.99162830e-01 9.99161501e-01 9.99156651e-01 9.99147890e-01 9.99136270e-01 9.99123239e-01 9.99110077e-01 9.99097791e-01 9.99087102e-01 9.99078429e-01 9.99071890e-01 9.99067340e-01 9.99064446e-01 9.99062785e-01 9.99061954e-01 9.99061648e-01 9.99061719e-01 9.99062245e-01 9.99063663e-01 9.99067072e-01 9.99074779e-01 9.99091043e-01 9.99122642e-01 9.99178309e-01 9.99265908e-01 9.99387217e-01 9.99532896e-01 9.99682435e-01 9.99811808e-01 9.99904862e-01 9.99959776e-01 9.99986029e-01 9.99996073e-01 9.99999112e-01 9.99999832e-01 9.99999964e-01 9.99999982e-01 9.99999984e-01 9.99999985e-01 9.99999985e-01 9.99999985e-01 9.99999985e-01 9.99999985e-01 9.99999985e-01 9.99999985e-01 9.99999985e-01 9.99999984e-01 9.99999984e-01 9.99999984e-01 9.99999984e-01 9.99999984e-01 9.99999984e-01 9.99999985e-01 9.99999985e-01 9.99999985e-01 9.99999985e-01 9.99999985e-01 9.99999985e-01 9.99999985e-01 9.99999985e-01 9.99999984e-01 9.99999982e-01 9.99999964e-01 9.99999832e-01 9.99999112e-01 9.99996073e-01 9.99986029e-01 9.99959776e-01 9.99904862e-01 9.99811808e-01 9.99682435e-01 9.99532896e-01 9.99387217e-01 9.99265908e-01 9.99178309e-01 9.99122642e-01 9.99091043e-01 9.99074779e-01 9.99067072e-01 9.99063663e-01 9.99062245e-01 9.99061719e-01 9.99061648e-01 9.99061954e-01 9.99062785e-01 9.99064446e-01 9.99067340e-01 9.99071890e-01 9.99078429e-01 9.99087102e-01 9.99097791e-01 9.99110077e-01 9.99123239e-01 9.99136270e-01 9.99147890e-01 9.99156651e-01 9.99161501e-01 9.99162830e-01 9.99162679e-01 9.99162790e-01 9.99162504e-01 9.99159586e-01 9.99152714e-01 9.99142346e-01 9.99129845e-01 9.99116604e-01 9.99103772e-01 9.99092213e-01 9.99082499e-01 9.99074897e-01 9.99069384e-01 9.99065712e-01 9.99063488e-01 9.99062288e-01 9.99061749e-01 9.99061638e-01 9.99061909e-01 9.99062795e-01 9.99065011e-01 9.99070177e-01 9.99081478e-01 9.99104406e-01 9.99146903e-01 9.99217793e-01 9.99322635e-01 9.99458084e-01 9.99608738e-01 9.99750957e-01 9.99863334e-01 9.99936668e-01 9.99975679e-01 9.99992388e-01 9.99998082e-01 9.99999608e-01 9.99999927e-01 9.99999978e-01 9.99999984e-01 9.99999985e-01 9.99999985e-01 9.99999985e-01 9.99999985e-01 9.99999985e-01 9.99999985e-01 9.99999985e-01 9.99999985e-01 9.99999985e-01 9.99999984e-01 9.99999984e-01 9.99999984e-01
9.99999984e-01 9.99999984e-01 9.99999984e-01 9.99999985e-01 9.99999985e-01 9.99999985e-01 9.99999985e-01 9.99999985e-01 9.99999985e-01 9.99999985e-01 9.99999985e-01 9.99999985e-01 9.99999984e-01 9.99999977e-01 9.99999924e-01 9.99999588e-01 9.99997982e-01 9.99992015e-01 9.99974608e-01 9.99934292e-01 9.99859255e-01 9.99745601e-01 9.99603659e-01 9.99455489e-01 9.99324382e-01 9.99224616e-01 9.99158361e-01 9.99119380e-01 9.99098752e-01 9.99088783e-01 9.99084317e-01 9.99082442e-01 9.99081722e-01 9.99081551e-01 9.99081771e-01 9.99082494e-01 9.99084021e-01 9.99086787e-01 9.99091273e-01 9.99097902e-01 9.99106920e-01 9.99118300e-01 9.99131701e-01 9.99146455e-01 9.99161595e-01 9.99175865e-01 9.99187749e-01 9.99195754e-01 9.99199342e-01 9.99199901e-01 9.99199831e-01 9.99199844e-01 9.99198062e-01 9.99192308e-01 9.99182207e-01 9.99168928e-01 9.99154049e-01 9.99138963e-01 9.99124782e-01 9.99112328e-01 9.99102107e-01 9.99094299e-01 9.99088786e-01 9.99085219e-01 9.99083132e-01 9.99082055e-01 9.99081610e-01 9.99081586e-01 9.99081989e-01 9.99083171e-01 9.99086088e-01 9.99092818e-01 9.99107308e-01 9.99136015e-01 9.99187562e-01 9.99270182e-01 9.99386621e-01 9.99528781e-01 9.99676962e-01 9.99806966e-01 9.99901647e-01 9.99958129e-01 9.99985375e-01 9.99995873e-01 9.99999066e-01 9.99999824e-01 9.99999963e-01 9.99999982e-01 9.99999984e-01 9.99999985e-01 9.99999985e-01 9.99999985e-01 9.99999985e-01 9.99999985e-01 9.99999985e-01 9.99999985e-01 9.99999985e-01 9.99999984e-01 9.99999984e-01 9.99999984e-01 9.99999984e-01 9.99999984e-01 9.99999984e-01 9.99999985e-01 9.99999985e-01 9.99999985e-01 9.99999985e-01 9.99999985e-01 9.99999985e-01 9.99999985e-01 9.99999985e-01 9.99999984e-01 9.99999982e-01 9.99999963e-01 9.99999824e-01 9.99999066e-01 9.99995873e-01 9.99985375e-01 9.99958129e-01 9.99901647e-01 9.99806966e-01 9.99676962e-01 9.99528781e-01 9.99386621e-01 9.99270182e-01 9.99187562e-01 9.99136015e-01 9.99107308e-01 9.99092818e-01 9.99086088e-01 9.99083171e-01 9.99081989e-01 9.99081586e-01 9.99081610e-01 9.99082055e-01 9.99083132e-01 9.99085219e-01 9.99088786e-01 9.99094299e-01 9.99102107e-01 9.99112328e-01 9.99124782e-01 9.99138963e-01 9.99154049e-01 9.99168928e-01 9.99182207e-01 9.99192308e-01 9.99198062e-01 9.99199844e-01 9.99199831e-01 9.99199901e-01 9.99199342e-01 9.99195754e-01 9.99187749e-01 9.99175865e-01 9.99161595e-01 9.99146455e-01 9.99131701e-01 9.99118300e-01 9.99106920e-01 9.99097902e-01 9.99091273e-01 9.99086787e-01 9.99084021e-01 9.99082494e-01 9.99081771e-01 9.99081551e-01 9.99081722e-01 9.99082442e-01 9.99084317e-01 9.99088783e-01 9.99098752e-01 9.99119380e-01 9.99158361e-01 9.99224616e-01 9.99324382e-01 9.99455489e-01 9.99603659e-01 9.99745601e-01 9.99859255e-01 9.99934292e-01 9.99974608e-01 9.99992015e-01 9.99997982e-01 9.99999588e-01 9.99999924e-01 9.99999977e-01 9.99999984e-01 9.99999985e-01 9.99999985e-01 9.99999985e-01 9.99999985e-01 9.99999985e-01 9.99999985e-01 9.99999985e-01 9.99999985e-01 9.99999985e-01 9.99999984e-01 9.99999984e-01 9.99999984e-01
9.99999984e-01 9.99999984e-01 9.99999984e-01 9.99999985e-01 9.99999985e-01 9.99999985e-01 9.99999985e-01 9.99999985e-01 9.99999985e-01 9.99999985e-01 9.99999985e-01 9.99999985e-01 9.99999984e-01 9.99999977e-01 9.99999920e-01 9.99999567e-01 9.99997879e-01 9.99991627e-01 9.99973505e-01 9.99931873e-01 9.99855163e-01 9.99740338e-01 9.99598842e-01 9.99453312e-01 9.99326598e-01 9.99231821e-01 9.99170011e-01 9.99134328e-01 9.99115809e-01 9.99107035e-01 9.99103184e-01 9.99101605e-01 9.99101030e-01 9.99100957e-01 9.99101301e-01 9.99102246e-01 9.99104166e-01 9.99107570e-01 9.99112995e-01 9.99120887e-01 9.99131470e-01 9.99144660e-01 9.99160024e-01 9.99176795e-01 9.99193899e-01 9.99209982e-01 9.99223416e-01 9.99232585e-01 9.99236873e-01 9.99237727e-01 9.99237704e-01 9.99237564e-01 9.99235301e-01 9.99228612e-01 9.99217139e-01 9.99202164e-01 9.99185383e-01 9.99168294e-01 9.99152111e-01 9.99137758e-01 9.99125839e-01 9.99116612e-01 9.99109998e-01 9.99105648e-01 9.99103054e-01 9.99101679e-01 9.99101071e-01 9.99100944e-01 9.99101237e-01 9.99102214e-01 9.99104702e-01 9.99110565e-01 9.99123445e-01 9.99149471e-01 9.99197111e-01 9.99274898e-01 9.99386485e-01 9.99525013e-01 9.99671662e-01 9.99802153e-01 9.99898396e-01 9.99956442e-01 9.99984699e-01 9.99995665e-01 9.99999017e-01 9.99999815e-01 9.99999962e-01 9.99999982e-01 9.99999984e-01 9.99999985e-01 9.99999985e-01 9.99999985e-01 9.99999985e-01 9.99999985e-01 9.99999985e-01 9.99999985e-01 9.99999985e-01 9.99999984e-01 9.99999984e-01 9.99999984e-01 9.99999984e-01 9.99999984e-01 9.99999984e-01 9.99999985e-01 9.99999985e-01 9.99999985e-01 9.99999985e-01 9.99999985e-01 9.99999985e-01 9.99999985e-01 9.99999985e-01 9.99999984e-01 9.99999982e-01 9.99999962e-01 9.99999815e-01 9.99999017e-01 9.99995665e-01 9.99984699e-01 9.99956442e-01 9.99898396e-01 9.99802153e-01 9.99671662e-01 9.99525013e-01 9.99386485e-01 9.99274898e-01 9.99197111e-01 9.99149471e-01 9.99123445e-01 9.99110565e-01 9.99104702e-01 9.99102214e-01 9.99101237e-01 9.99100944e-01 9.99101071e-01 9.99101679e-01 9.99103054e-01 9.99105648e-01 9.99109998e-01 9.99116612e-01 9.99125839e-01 9.99137758e-01 9.99152111e-01 9.99168294e-01 9.99185383e-01 9.99202164e-01 9.99217139e-01 9.99228612e-01 9.99235301e-01 9.99237564e-01 9.99237704e-01 9.99237727e-01 9.99236873e-01 9.99232585e-01 9.99223416e-01 9.99209982e-01 9.99193899e-01 9.99176795e-01 9.99160024e-01 9.99144660e-01 9.99131470e-01 9.99120887e-01 9.99112995e-01 9.99107570e-01 9.99104166e-01 9.99102246e-01 9.99101301e-01 9.99100957e-01 9.99101030e-01 9.99101605e-01 9.99103184e-01 9.99107035e-01 9.99115809e-01 9.99134328e-01 9.99170011e-01 9.99231821e-01 9.99326598e-01 9.99453312e-01 9.99598842e-01 9.99740338e-01 9.99855163e-01 9.99931873e-01 9.99973505e-01 9.99991627e-01 9.99997879e-01 9.99999567e-01 9.99999920e-01 9.99999977e-01 9.99999984e-01 9.99999985e-01 9.99999985e-01 9.99999985e-01 9.99999985e-01 9.99999985e-01 9.99999985e-01 9.99999985e-01 9.99999985e-01 9.99999985e-01 9.99999984e-01 9.99999984e-01 9.99999984e-01
9.99999984e-01 9.99999984e-01 9.99999984e-01 9.99999985e-01 9.99999985e-01 9.99999985e-01 9.99999985e-01 9.99999985e-01 9.99999985e-01 9.99999985e-01 9.99999985e-01 9.99999985e-01 9.99999984e-01 9.99999977e-01 9.99999917e-01 9.99999545e-01 9.99997770e-01 9.99991226e-01 9.99972370e-01 9.99929412e-01 9.99851063e-01 9.99735177e-01 9.99594294e-01 9.99451550e-01 9.99329266e-01 9.99239379e-01 9.99181822e-01 9.99149222e-01 9.99132633e-01 9.99124930e-01 9.99121618e-01 9.99120295e-01 9.99119849e-01 9.99119875e-01 9.99120365e-01 9.99121576e-01 9.99123965e-01 9.99128113e-01 9.99134612e-01 9.99143916e-01 9.99156215e-01 9.99171346e-01 9.99188778e-01 9.99207633e-01 9.99226738e-01 9.99244648e-01 9.99259638e-01 9.99269982e-01 9.99274988e-01 9.99276154e-01 9.99276182e-01 9.99275877e-01 9.99273115e-01 9.99265476e-01 9.99252623e-01 9.99235944e-01 9.99217238e-01 9.99198094e-01 9.99179822e-01 9.99163451e-01 9.99149692e-01 9.99138894e-01 9.99131036e-01 9.99125781e-01 9.99122588e-01 9.99120856e-01 9.99120051e-01 9.99119810e-01 9.99119999e-01 9.99120799e-01 9.99122914e-01 9.99128010e-01 9.99139433e-01 9.99162979e-01 9.99206923e-01 9.99280032e-01 9.99386800e-01 9.99521596e-01 9.99666544e-01 9.99797378e-01 9.99895112e-01 9.99954715e-01 9.99984001e-01 9.99995449e-01 9.99998967e-01 9.99999807e-01 9.99999961e-01 9.99999982e-01 9.99999984e-01 9.99999985e-01 9.99999985e-01 9.99999985e-01 9.99999985e-01 9.99999985e-01 9.99999985e-01 9.99999985e-01 9.99999985e-01 9.99999984e-01 9.99999984e-01 9.99999984e-01 9.99999984e-01 9.99999984e-01 9.99999984e-01 9.99999985e-01 9.99999985e-01 9.99999985e-01 9.99999985e-01 9.99999985e-01 9.99999985e-01 9.99999985e-01 9.99999985e-01 9.99999984e-01 9.99999982e-01 9.99999961e-01 9.99999807e-01 9.99998967e-01 9.99995449e-01 9.99984001e-01 9.99954715e-01 9.99895112e-01 9.99797378e-01 9.99666544e-01 9.99521596e-01 9.99386800e-01 9.99280032e-01 9.99206923e-01 9.99162979e-01 9.99139433e-01 9.99128010e-01 9.99122914e-01 9.99120799e-01 9.99119999e-01 9.99119810e-01 9.99120051e-01 9.99120856e-01 9.99122588e-01 9.99125781e-01 9.99131036e-01 9.99138894e-01 9.99149692e-01 9.99163451e-01 9.99179822e-01 9.99198094e-01 9.99217238e-01 9.99235944e-01 9.99252623e-01 9.99265476e-01 9.99273115e-01 9.99275877e-01 9.99276182e-01 9.99276154e-01 9.99274988e-01 9.99269982e-01 9.99259638e-01 9.99244648e-01 9.99226738e-01 9.99207633e-01 9.99188778e-01 9.99171346e-01 9.99156215e-01 9.99143916e-01 9.99134612e-01 9.99128113e-01 9.99123965e-01 9.99121576e-01 9.99120365e-01 9.99119875e-01 9.99119849e-01 9.99120295e-01 9.99121618e-01 9.99124930e-01 9.99132633e-01 9.99149222e-01 9.99181822e-01 9.99239379e-01 9.99329266e-01 9.99451550e-01 9.99594294e-01 9.99735177e-01 9.99851063e-01 9.99929412e-01 9.99972370e-01 9.99991226e-01 9.99997770e-01 9.99999545e-01 9.99999917e-01 9.99999977e-01 9.99999984e-01 9.99999985e-01 9.99999985e-01 9.99999985e-01 9.99999985e-01 9.99999985e-01 9.99999985e-01 9.99999985e-01 9.99999985e-01 9.99999985e-01 9.99999984e-01 9.99999984e-01 9.99999984e-01
9.99999984e-01 9.99999984e-01 9.99999984e-01 9.99999985e-01 9.99999985e-01 9.99999985e-01 9.99999985e-01 9.99999985e-01 9.99999985e-01 9.99999985e-01 9.99999985e-01 9.99999984e-01 9.99999984e-01 9.99999976e-01 9.99999914e-01 9.99999522e-01 9.99997657e-01 9.99990809e-01 9.99971203e-01 9.99926912e-01 9.99846961e-01 9.99730126e-01 9.99590021e-01 9.99450198e-01 9.99332368e-01 9.99247260e-01 9.99193762e-01 9.99164038e-01 9.99149210e-01 9.99142462e-01 9.99139623e-01 9.99138521e-01 9.99138192e-01 9.99138324e-01 9.99138987e-01 9.99140518e-01 9.99143461e-01 9.99148473e-01 9.99156187e-01 9.99167056e-01 9.99181213e-01 9.99198404e-01 9.99217983e-01 9.99238962e-01 9.99260072e-01 9.99279790e-01 9.99296314e-01 9.99307821e-01 9.99313548e-01 9.99315037e-01 9.99315118e-01 9.99314640e-01 9.99311370e-01 9.99302786e-01 9.99288572e-01 9.99270211e-01 9.99249589e-01 9.99228371e-01 9.99207950e-01 9.99189461e-01 9.99173730e-01 9.99161210e-01 9.99151958e-01 9.99145667e-01 9.99141774e-01 9.99139614e-01 9.99138573e-01 9.99138203e-01 9.99138291e-01 9.99138935e-01 9.99140727e-01 9.99145144e-01 9.99155252e-01 9.99176510e-01 9.99216968e-01 9.99285560e-01 9.99387554e-01 9.99518532e-01 9.99661617e-01 9.99792646e-01 9.99891799e-01 9.99952950e-01 9.99983280e-01 9.99995225e-01 9.99998914e-01 9.99999797e-01 9.99999959e-01 9.99999982e-01 9.99999984e-01 9.99999985e-01 9.99999985e-01 9.99999985e-01 9.99999985e-01 9.99999985e-01 9.99999985e-01 9.99999985e-01 9.99999985e-01 9.99999984e-01 9.99999984e-01 9.99999984e-01 9.99999984e-01 9.99999984e-01 9.99999984e-01 9.99999985e-01 9.99999985e-01 9.99999985e-01 9.99999985e-01 9.99999985e-01 9.99999985e-01 9.99999985e-01 9.99999985e-01 9.99999984e-01 9.99999982e-01 9.99999959e-01 9.99999797e-01 9.99998914e-01 9.99995225e-01 9.99983280e-01 9.99952950e-01 9.99891799e-01 9.99792646e-01 9.99661617e-01 9.99518532e-01 9.99387554e-01 9.99285560e-01 9.99216968e-01 9.99176510e-01 9.99155252e-01 9.99145144e-01 9.99140727e-01 9.99138935e-01 9.99138291e-01 9.99138203e-01 9.99138573e-01 9.99139614e-01 9.99141774e-01 9.99145667e-01 9.99151958e-01 9.99161210e-01 9.99173730e-01 9.99189461e-01 9.99207950e-01 9.99228371e-01 9.99249589e-01 9.99270211e-01 9.99288572e-01 9.99302786e-01 9.99311370e-01 9.99314640e-01 9.99315118e-01 9.99315037e-01 9.99313548e-01 9.99307821e-01 9.99296314e-01 9.99279790e-01 9.99260072e-01 9.99238962e-01 9.99217983e-01 9.99198404e-01 9.99181213e-01 9.99167056e-01 9.99156187e-01 9.99148473e-01 9.99143461e-01 9.99140518e-01 9.99138987e-01 9.99138324e-01 9.99138192e-01 9.99138521e-01 9.99139623e-01 9.99142462e-01 9.99149210e-01 9.99164038e-01 9.99193762e-01 9.99247260e-01 9.99332368e-01 9.99450198e-01 9.99590021e-01 9.99730126e-01 9.99846961e-01 9.99926912e-01 9.99971203e-01 9.99990809e-01 9.99997657e-01 9.99999522e-01 9.99999914e-01 9.99999976e-01 9.99999984e-01 9.99999984e-01 9.99999985e-01 9.99999985e-01 9.99999985e-01 9.99999985e-01 9.99999985e-01 9.99999985e-01 9.99999985e-01 9.99999985e-01 9.99999984e-01 9.99999984e-01 9.99999984e-01
9.99999984e-01 9.99999984e-01 9.99999984e-01 9.99999985e-01 9.99999985e-01 9.99999985e-01 9.99999985e-01 9.99999985e-01 9.99999985e-01 9.99999985e-01 9.99999985e-01 9.99999984e-01 9.99999984e-01 9.99999976e-01 9.99999910e-01 9.99999498e-01 9.99997540e-01 9.99990378e-01 9.99970006e-01 9.99924374e-01 9.99842862e-01 9.99725194e-01 9.99586030e-01 9.99449252e-01 9.99335884e-01 9.99255436e-01 9.99205801e-01 9.99178754e-01 9.99165528e-01 9.99159633e-01 9.99157205e-01 9.99156296e-01 9.99156076e-01 9.99156325e-01 9.99157194e-01 9.99159109e-01 9.99162703e-01 9.99168705e-01 9.99177784e-01 9.99190367e-01 9.99206517e-01 9.99225866e-01 9.99247645e-01 9.99270754e-01 9.99293839e-01 9.99315313e-01 9.99333316e-01 9.99345949e-01 9.99352387e-01 9.99354202e-01 9.99354339e-01 9.99353684e-01 9.99349907e-01 9.99340400e-01 9.99324874e-01 9.99304887e-01 9.99282393e-01 9.99259113e-01 9.99236514e-01 9.99215831e-01 9.99198009e-01 9.99183624e-01 9.99172826e-01 9.99165358e-01 9.99160651e-01 9.99157985e-01 9.99156661e-01 9.99156140e-01 9.99156124e-01 9.99156631e-01 9.99158142e-01 9.99161961e-01 9.99170886e-01 9.99190038e-01 9.99227214e-01 9.99291456e-01 9.99388735e-01 9.99515821e-01 9.99656888e-01 9.99787967e-01 9.99888461e-01 9.99951147e-01 9.99982537e-01 9.99994992e-01 9.99998859e-01 9.99999788e-01 9.99999958e-01 9.99999982e-01 9.99999984e-01 9.99999985e-01 9.99999985e-01 9.99999985e-01 9.99999985e-01 9.99999985e-01 9.99999985e-01 9.99999985e-01 9.99999985e-01 9.99999984e-01 9.99999984e-01 9.99999984e-01 9.99999984e-01 9.99999984e-01 9.99999984e-01 9.99999985e-01 9.99999985e-01 9.99999985e-01 9.99999985e-01 9.99999985e-01 9.99999985e-01 9.99999985e-01 9.99999985e-01 9.99999984e-01 9.99999982e-01 9.99999958e-01 9.99999788e-01 9.99998859e-01 9.99994992e-01 9.99982537e-01 9.99951147e-01 9.99888461e-01 9.99787967e-01 9.99656888e-01 9.99515821e-01 9.99388735e-01 9.99291456e-01 9.99227214e-01 9.99190038e-01 9.99170886e-01 9.99161961e-01 9.99158142e-01 9.99156631e-01 9.99156124e-01 9.99156140e-01 9.99156661e-01 9.99157985e-01 9.99160651e-01 9.99165358e-01 9.99172826e-01 9.99183624e-01 9.99198009e-01 9.99215831e-01 9.99236514e-01 9.99259113e-01 9.99282393e-01 9.99304887e-01 9.99324874e-01 9.99340400e-01 9.99349907e-01 9.99353684e-01 9.99354339e-01 9.99354202e-01 9.99352387e-01 9.99345949e-01 9.99333316e-01 9.99315313e-01 9.99293839e-01 9.99270754e-01 9.99247645e-01 9.99225866e-01 9.99206517e-01 9.99190367e-01 9.99177784e-01 9.99168705e-01 9.99162703e-01 9.99159109e-01 9.99157194e-01 9.99156325e-01 9.99156076e-01 9.99156296e-01 9.99157205e-01 9.99159633e-01 9.99165528e-01 9.99178754e-01 9.99205801e-01 9.99255436e-01 9.99335884e-01 9.99449252e-01 9.99586030e-01 9.99725194e-01 9.99842862e-01 9.99924374e-01 9.99970006e-01 9.99990378e-01 9.99997540e-01 9.99999498e-01 9.99999910e-01 9.99999976e-01 9.99999984e-01 9.99999984e-01 9.99999985e-01 9.99999985e-01 9.99999985e-01 9.99999985e-01 9.99999985e-01 9.99999985e-01 9.99999985e-01 9.99999985e-01 9.99999984e-01 9.99999984e-01 9.99999984e-01
