# mapa exacto (Lambda, theta) | filas = Lambda (200), columnas = theta (200) | sector=even, sign=+1, nph_wig=85
-0.00000000e+00 1.03293969e-07 3.83742183e-07 8.21553683e-07 1.40217533e-06 2.11164954e-06 2.93562307e-06 3.85904707e-06 4.86612626e-06 5.94038487e-06 7.06479635e-06 8.22195130e-06 9.39424901e-06 1.05641034e-05 1.17141564e-05 1.28274935e-05 1.38878575e-05 1.48798552e-05 1.57891554e-05 1.66026737e-05 1.73087420e-05 1.78972599e-05 1.83598263e-05 1.86898486e-05 1.88826286e-05 1.89354239e-05 1.88474839e-05 1.86200590e-05 1.82563850e-05 1.77616404e-05 1.71428788e-05 1.64089374e-05 1.55703217e-05 1.46390688e-05 1.36285912e-05 1.25535036e-05 1.14294341e-05 1.02728240e-05 9.10071893e-06 7.93055403e-06 6.77993892e-06 5.66644535e-06 4.60740423e-06 3.61971897e-06 2.71970546e-06 1.92297521e-06 1.24439196e-06 6.98166881e-07 2.98265642e-07 5.97690004e-08 7.33899392e-09 1.57766116e-07 4.79038404e-07 9.53864412e-07 1.56801427e-06 2.30748362e-06 3.15776005e-06 4.10360697e-06 5.12904971e-06 6.21746083e-06 7.35170119e-06 8.51429492e-06 9.68762527e-06 1.08541430e-05 1.19965807e-05 1.30981684e-05 1.41428457e-05 1.51154669e-05 1.60019957e-05 1.67896866e-05 1.74672499e-05 1.80249987e-05 1.84549744e-05 1.87510510e-05 1.89090145e-05 1.89266182e-05 1.88036117e-05 1.85417444e-05 1.81447426e-05 1.76182610e-05 1.69698087e-05 1.62086516e-05 1.53456915e-05 1.43933250e-05 1.33652819e-05 1.22764484e-05 1.11426751e-05 9.98057437e-06 8.80730926e-06 7.64037882e-06 6.49740277e-06 5.39591121e-06 4.35314484e-06 3.38587385e-06 2.51024679e-06 1.74168842e-06 1.09488262e-06 5.83921667e-07 2.22853005e-07 2.75984843e-08 2.75984843e-08 2.22853005e-07 5.83921667e-07 1.09488262e-06 1.74168842e-06 2.51024679e-06 3.38587385e-06 4.35314484e-06 5.39591121e-06 6.49740277e-06 7.64037882e-06 8.80730926e-06 9.98057437e-06 1.11426751e-05 1.22764484e-05 1.33652819e-05 1.43933250e-05 1.53456915e-05 1.62086516e-05 1.69698087e-05 1.76182610e-05 1.81447426e-05 1.85417444e-05 1.88036117e-05 1.89266182e-05 1.89090145e-05 1.87510510e-05 1.84549744e-05 1.80249987e-05 1.74672499e-05 1.67896866e-05 1.60019957e-05 1.51154669e-05 1.41428457e-05 1.30981684e-05 1.19965807e-05 1.08541430e-05 9.68762527e-06 8.51429492e-06 7.35170119e-06 6.21746083e-06 5.12904971e-06 4.10360697e-06 3.15776005e-06 2.30748362e-06 1.56801427e-06 9.53864412e-07 4.79038404e-07 1.57766116e-07 7.33899392e-09 5.97690004e-08 2.98265642e-07 6.98166881e-07 1.24439196e-06 1.92297521e-06 2.71970546e-06 3.61971897e-06 4.60740423e-06 5.66644535e-06 6.77993892e-06 7.93055403e-06 9.10071893e-06 1.02728240e-05 1.14294341e-05 1.25535036e-05 1.36285912e-05 1.46390688e-05 1.55703217e-05 1.64089374e-05 1.71428788e-05 1.77616404e-05 1.82563850e-05 1.86200590e-05 1.88474839e-05 1.89354239e-05 1.88826286e-05 1.86898486e-05 1.83598263e-05 1.78972599e-05 1.73087420e-05 1.66026737e-05 1.57891554e-05 1.48798552e-05 1.38878575e-05 1.28274935e-05 1.17141564e-05 1.05641034e-05 9.39424901e-06 8.22195130e-06 7.06479635e-06 5.94038487e-06 4.86612626e-06 3.85904707e-06 2.93562307e-06 2.11164954e-06 1.40217533e-06 8.21553683e-07 3.83742183e-07 1.03293969e-07 -0.00000000e+00
1.60171325e-16 6.11191828e-07 2.25404070e-06 4.80257125e-06 8.16682266e-06 1.22625357e-05 1.70045911e-05 2.23049224e-05 2.80720268e-05 3.42112131e-05 4.06252458e-05 4.72152211e-05 5.38815839e-05 6.05252285e-05 6.70486432e-05 7.33570663e-05 7.93596314e-05 8.49704772e-05 9.01098056e-05 9.47048704e-05 9.86908822e-05 1.02011817e-04 1.04621114e-04 1.06482263e-04 1.07569258e-04 1.07866923e-04 1.07371104e-04 1.06088720e-04 1.04037679e-04 1.01246648e-04 9.77546985e-05 9.36108160e-05 8.88732859e-05 8.36089666e-05 7.78924556e-05 7.18051624e-05 6.54343012e-05 5.88718180e-05 5.22132700e-05 4.55566760e-05 3.90013602e-05 3.26468155e-05 2.65916197e-05 2.09324471e-05 1.57632404e-05 1.11746458e-05 7.25390582e-06 4.08563238e-06 1.75458411e-06 3.54627169e-07 4.39466313e-08 9.31411623e-07 2.80999199e-06 5.57047264e-06 9.12546229e-06 1.33908373e-05 1.82808512e-05 2.37065868e-05 2.95757016e-05 3.57927968e-05 4.22601310e-05 4.88785381e-05 5.55484700e-05 6.21711113e-05 6.86495291e-05 7.48898296e-05 8.08022952e-05 8.63024835e-05 9.13122699e-05 9.57608160e-05 9.95854521e-05 1.02732459e-04 1.05157739e-04 1.06827369e-04 1.07718026e-04 1.07817276e-04 1.07123735e-04 1.05647083e-04 1.03407943e-04 1.00437623e-04 9.67777236e-05 9.24796167e-05 8.76038040e-05 8.22191607e-05 7.64020775e-05 7.02355124e-05 6.38079652e-05 5.72123914e-05 5.05450719e-05 4.39044601e-05 3.73900274e-05 3.11011367e-05 2.51359776e-05 1.95906111e-05 1.45581951e-05 1.01285107e-05 6.38802034e-06 3.42098727e-06 1.31315579e-06 1.64343476e-07 1.64343476e-07 1.31315579e-06 3.42098727e-06 6.38802034e-06 1.01285107e-05 1.45581951e-05 1.95906111e-05 2.51359776e-05 3.11011367e-05 3.73900274e-05 4.39044601e-05 5.05450719e-05 5.72123914e-05 6.38079652e-05 7.02355124e-05 7.64020775e-05 8.22191607e-05 8.76038040e-05 9.24796167e-05 9.67777236e-05 1.00437623e-04 1.03407943e-04 1.05647083e-04 1.07123735e-04 1.07817276e-04 1.07718026e-04 1.06827369e-04 1.05157739e-04 1.02732459e-04 9.95854521e-05 9.57608160e-05 9.13122699e-05 8.63024835e-05 8.08022952e-05 7.48898296e-05 6.86495291e-05 6.21711113e-05 5.55484700e-05 4.88785381e-05 4.22601310e-05 3.57927968e-05 2.95757016e-05 2.37065868e-05 1.82808512e-05 1.33908373e-05 9.12546229e-06 5.57047264e-06 2.80999199e-06 9.31411623e-07 4.39466313e-08 3.54627168e-07 1.75458411e-06 4.08563238e-06 7.25390582e-06 1.11746458e-05 1.57632404e-05 2.09324471e-05 2.65916197e-05 3.26468155e-05 3.90013602e-05 4.55566760e-05 5.22132700e-05 5.88718180e-05 6.54343012e-05 7.18051624e-05 7.78924556e-05 8.36089666e-05 8.88732859e-05 9.36108160e-05 9.77546985e-05 1.01246648e-04 1.04037679e-04 1.06088720e-04 1.07371104e-04 1.07866923e-04 1.07569258e-04 1.06482263e-04 1.04621114e-04 1.02011817e-04 9.86908822e-05 9.47048704e-05 9.01098056e-05 8.49704772e-05 7.93596314e-05 7.33570663e-05 6.70486432e-05 6.05252285e-05 5.38815839e-05 4.72152211e-05 4.06252458e-05 3.42112131e-05 2.80720268e-05 2.23049224e-05 1.70045911e-05 1.22625357e-05 8.16682266e-06 4.80257125e-06 2.25404070e-06 6.11191828e-07 1.60171325e-16
3.20342650e-16 2.02742140e-06 7.43301619e-06 1.57753405e-05 2.67457539e-05 4.00603122e-05 5.54361510e-05 7.25837343e-05 9.12047296e-05 1.10992456e-04 1.31633742e-04 1.52811331e-04 1.74207207e-04 1.95505771e-04 2.16397361e-04 2.36581775e-04 2.55771747e-04 2.73696329e-04 2.90104100e-04 3.04766167e-04 3.17478908e-04 3.28066416e-04 3.36382616e-04 3.42313029e-04 3.45776150e-04 3.46724433e-04 3.45144865e-04 3.41059125e-04 3.34523316e-04 3.25627296e-04 3.14493587e-04 3.01275901e-04 2.86157287e-04 2.69347926e-04 2.51082610e-04 2.31617932e-04 2.11229229e-04 1.90207322e-04 1.68855107e-04 1.47484061e-04 1.26410718e-04 1.05953183e-04 8.64279909e-05 6.81469002e-05 5.14146344e-05 3.65272962e-05 2.37724108e-05 1.34320435e-05 5.79299464e-06 1.17893978e-06 1.47163554e-07 3.08408426e-06 9.25616781e-06 1.82828002e-05 2.98656087e-05 4.37221939e-05 5.95684462e-05 7.71126981e-05 9.60544214e-05 1.16085133e-04 1.36890291e-04 1.58152232e-04 1.79553195e-04 2.00778737e-04 2.21521231e-04 2.41483385e-04 2.60381701e-04 2.77949820e-04 2.93941682e-04 3.08134464e-04 3.20331256e-04 3.30363425e-04 3.38092643e-04 3.43412561e-04 3.46250088e-04 3.46566273e-04 3.44356777e-04 3.39651926e-04 3.32516343e-04 3.23048167e-04 3.11377874e-04 2.97666695e-04 2.82104683e-04 2.64908419e-04 2.46318421e-04 2.26596263e-04 2.06021463e-04 1.84888187e-04 1.63501806e-04 1.42175390e-04 1.21226193e-04 1.00972202e-04 8.17290437e-05 6.38069108e-05 4.75084693e-05 3.31275890e-05 2.09499623e-05 1.12574403e-05 4.34142544e-06 5.47923304e-07 5.47923304e-07 4.34142544e-06 1.12574403e-05 2.09499623e-05 3.31275890e-05 4.75084693e-05 6.38069108e-05 8.17290437e-05 1.00972202e-04 1.21226193e-04 1.42175390e-04 1.63501806e-04 1.84888187e-04 2.06021463e-04 2.26596263e-04 2.46318421e-04 2.64908419e-04 2.82104683e-04 2.97666695e-04 3.11377874e-04 3.23048167e-04 3.32516343e-04 3.39651926e-04 3.44356777e-04 3.46566273e-04 3.46250088e-04 3.43412561e-04 3.38092643e-04 3.30363425e-04 3.20331256e-04 3.08134464e-04 2.93941682e-04 2.77949820e-04 2.60381701e-04 2.41483385e-04 2.21521231e-04 2.00778737e-04 1.79553195e-04 1.58152232e-04 1.36890291e-04 1.16085133e-04 9.60544214e-05 7.71126981e-05 5.95684462e-05 4.37221939e-05 2.98656087e-05 1.82828002e-05 9.25616781e-06 3.08408426e-06 1.47163554e-07 1.17893978e-06 5.79299464e-06 1.34320435e-05 2.37724108e-05 3.65272962e-05 5.14146344e-05 6.81469002e-05 8.64279909e-05 1.05953183e-04 1.26410718e-04 1.47484061e-04 1.68855107e-04 1.90207322e-04 2.11229229e-04 2.31617932e-04 2.51082610e-04 2.69347926e-04 2.86157287e-04 3.01275901e-04 3.14493587e-04 3.25627296e-04 3.34523316e-04 3.41059125e-04 3.45144865e-04 3.46724433e-04 3.45776150e-04 3.42313029e-04 3.36382616e-04 3.28066416e-04 3.17478908e-04 3.04766167e-04 2.90104100e-04 2.73696329e-04 2.55771747e-04 2.36581775e-04 2.16397361e-04 1.95505771e-04 1.74207207e-04 1.52811331e-04 1.31633742e-04 1.10992456e-04 9.12047296e-05 7.25837343e-05 5.54361510e-05 4.00603122e-05 2.67457539e-05 1.57753405e-05 7.43301619e-06 2.02742140e-06 3.20342650e-16
3.20342650e-16 5.00680670e-06 1.82627104e-05 3.86274930e-05 6.53172250e-05 9.76212462e-05 1.34839971e-04 1.76263806e-04 2.21167065e-04 2.68808147e-04 3.18433329e-04 3.69282514e-04 4.20596137e-04 4.71622753e-04 5.21626963e-04 5.69897435e-04 6.15754835e-04 6.58559516e-04 6.97718816e-04 7.32693871e-04 7.63005834e-04 7.88241414e-04 8.08057674e-04 8.22186007e-04 8.30435260e-04 8.32693954e-04 8.28931584e-04 8.19198968e-04 8.03627663e-04 7.82428427e-04 7.55888778e-04 7.24369648e-04 6.88301195e-04 6.48177819e-04 6.04552440e-04 5.58030126e-04 5.09261149e-04 4.58933573e-04 4.07765497e-04 3.56497085e-04 3.05882545e-04 2.56682266e-04 2.09655366e-04 1.65553013e-04 1.25113091e-04 8.90570830e-05 5.80911383e-05 3.29147552e-05 1.42481943e-05 2.91693323e-06 3.66369635e-07 7.60447832e-06 2.27204006e-05 4.47352548e-05 7.28941714e-05 1.06492631e-04 1.44829756e-04 1.87192142e-04 2.32849938e-04 2.81058065e-04 3.31060611e-04 3.82096930e-04 4.33408760e-04 4.84247916e-04 5.33884263e-04 5.81613732e-04 6.26766206e-04 6.68713115e-04 7.06874629e-04 7.40726331e-04 7.69805272e-04 7.93715330e-04 8.12131811e-04 8.24805214e-04 8.31564130e-04 8.32317240e-04 8.27054373e-04 8.15846624e-04 7.98845530e-04 7.76281305e-04 7.48460166e-04 7.15760778e-04 6.78629855e-04 6.37576991e-04 5.93168765e-04 5.46022216e-04 4.96797775e-04 4.46191753e-04 3.94928518e-04 3.43752493e-04 2.93420159e-04 2.44692262e-04 1.98326517e-04 1.55071205e-04 1.15660286e-04 8.08110878e-05 5.12268252e-05 2.76084759e-05 1.06904956e-05 1.35900325e-06 1.35900325e-06 1.06904956e-05 2.76084759e-05 5.12268252e-05 8.08110878e-05 1.15660286e-04 1.55071205e-04 1.98326517e-04 2.44692262e-04 2.93420159e-04 3.43752493e-04 3.94928518e-04 4.46191753e-04 4.96797775e-04 5.46022216e-04 5.93168765e-04 6.37576991e-04 6.78629855e-04 7.15760778e-04 7.48460166e-04 7.76281305e-04 7.98845530e-04 8.15846624e-04 8.27054373e-04 8.32317240e-04 8.31564130e-04 8.24805214e-04 8.12131811e-04 7.93715330e-04 7.69805272e-04 7.40726331e-04 7.06874629e-04 6.68713115e-04 6.26766206e-04 5.81613732e-04 5.33884263e-04 4.84247916e-04 4.33408760e-04 3.82096930e-04 3.31060611e-04 2.81058065e-04 2.32849938e-04 1.87192142e-04 1.44829756e-04 1.06492631e-04 7.28941714e-05 4.47352548e-05 2.27204006e-05 7.60447832e-06 3.66369636e-07 2.91693323e-06 1.42481943e-05 3.29147552e-05 5.80911383e-05 8.90570830e-05 1.25113091e-04 1.65553013e-04 2.09655366e-04 2.56682266e-04 3.05882545e-04 3.56497085e-04 4.07765497e-04 4.58933573e-04 5.09261149e-04 5.58030126e-04 6.04552440e-04 6.48177819e-04 6.88301195e-04 7.24369648e-04 7.55888778e-04 7.82428427e-04 8.03627663e-04 8.19198968e-04 8.28931584e-04 8.32693954e-04 8.30435260e-04 8.22186007e-04 8.08057674e-04 7.88241414e-04 7.63005834e-04 7.32693871e-04 6.97718816e-04 6.58559516e-04 6.15754835e-04 5.69897435e-04 5.21626963e-04 4.71622753e-04 4.20596137e-04 3.69282514e-04 3.18433329e-04 2.68808147e-04 2.21167065e-04 1.76263806e-04 1.34839971e-04 9.76212462e-05 6.53172250e-05 3.86274930e-05 1.82627104e-05 5.00680670e-06 3.20342650e-16
1.60171325e-16 1.03335264e-05 3.75199477e-05 7.91136285e-05 1.33456566e-04 1.99064532e-04 2.74491512e-04 3.58283240e-04 4.48962233e-04 5.45026950e-04 6.44958283e-04 7.47230199e-04 8.50322789e-04 9.52736701e-04 1.05300826e-03 1.14972480e-03 1.24153978e-03 1.32718745e-03 1.40549676e-03 1.47540431e-03 1.53596616e-03 1.58636834e-03 1.62593594e-03 1.65414066e-03 1.67060668e-03 1.67511490e-03 1.66760537e-03 1.64817796e-03 1.61709124e-03 1.57475963e-03 1.52174868e-03 1.45876886e-03 1.38666751e-03 1.30641950e-03 1.21911629e-03 1.12595386e-03 1.02821949e-03 9.27277648e-04 8.24555192e-04 7.21526147e-04 6.19696407e-04 5.20588724e-04 4.25728551e-04 3.36631475e-04 2.54793417e-04 1.81685583e-04 1.18757980e-04 6.74598954e-05 2.93000548e-05 6.03037112e-06 7.61576649e-07 1.56730763e-05 4.66377675e-05 9.15634945e-05 1.48859075e-04 2.17057226e-04 2.94712525e-04 3.80365581e-04 4.72532612e-04 5.69706874e-04 6.70366416e-04 7.72985443e-04 8.76047796e-04 9.78061608e-04 1.07757452e-03 1.17318900e-03 1.26357735e-03 1.34749622e-03 1.42380032e-03 1.49145503e-03 1.54954798e-03 1.59729918e-03 1.63406972e-03 1.65936893e-03 1.67285985e-03 1.67436301e-03 1.66385841e-03 1.64148578e-03 1.60754300e-03 1.56248275e-03 1.50690748e-03 1.44156268e-03 1.36732853e-03 1.28521009e-03 1.19632615e-03 1.10189679e-03 1.00322994e-03 9.01707075e-04 7.98768277e-04 6.95896970e-04 5.94604648e-04 4.96416018e-04 4.02855162e-04 3.15433525e-04 2.35641074e-04 1.64942924e-04 1.04785976e-04 5.66263466e-05 2.20071687e-05 2.81569125e-06 2.81569125e-06 2.20071687e-05 5.66263466e-05 1.04785976e-04 1.64942924e-04 2.35641074e-04 3.15433525e-04 4.02855162e-04 4.96416018e-04 5.94604648e-04 6.95896970e-04 7.98768277e-04 9.01707075e-04 1.00322994e-03 1.10189679e-03 1.19632615e-03 1.28521009e-03 1.36732853e-03 1.44156268e-03 1.50690748e-03 1.56248275e-03 1.60754300e-03 1.64148578e-03 1.66385841e-03 1.67436301e-03 1.67285985e-03 1.65936893e-03 1.63406972e-03 1.59729918e-03 1.54954798e-03 1.49145503e-03 1.42380032e-03 1.34749622e-03 1.26357735e-03 1.17318900e-03 1.07757452e-03 9.78061608e-04 8.76047796e-04 7.72985443e-04 6.70366416e-04 5.69706874e-04 4.72532612e-04 3.80365581e-04 2.94712525e-04 2.17057226e-04 1.48859075e-04 9.15634945e-05 4.66377675e-05 1.56730763e-05 7.61576649e-07 6.03037112e-06 2.93000548e-05 6.74598954e-05 1.18757980e-04 1.81685583e-04 2.54793417e-04 3.36631475e-04 4.25728551e-04 5.20588724e-04 6.19696407e-04 7.21526147e-04 8.24555192e-04 9.27277648e-04 1.02821949e-03 1.12595386e-03 1.21911629e-03 1.30641950e-03 1.38666751e-03 1.45876886e-03 1.52174868e-03 1.57475963e-03 1.61709124e-03 1.64817796e-03 1.66760537e-03 1.67511490e-03 1.67060668e-03 1.65414066e-03 1.62593594e-03 1.58636834e-03 1.53596616e-03 1.47540431e-03 1.40549676e-03 1.32718745e-03 1.24153978e-03 1.14972480e-03 1.05300826e-03 9.52736701e-04 8.50322789e-04 7.47230199e-04 6.44958283e-04 5.45026950e-04 4.48962233e-04 3.58283240e-04 2.74491512e-04 1.99064532e-04 1.33456566e-04 7.91136285e-05 3.75199477e-05 1.03335264e-05 1.60171325e-16
-0.00000000e+00 1.89004581e-05 6.83369892e-05 1.43681847e-04 2.41835150e-04 3.60052983e-04 4.95686968e-04 6.46094024e-04 8.08605701e-04 9.80524177e-04 1.15913200e-03 1.34170951e-03 1.52555669e-03 1.70801749e-03 1.88650548e-03 2.05852975e-03 2.22172051e-03 2.37385391e-03 2.51287551e-03 2.63692208e-03 2.74434152e-03 2.83371054e-03 2.90384988e-03 2.95383700e-03 2.98301592e-03 2.99100431e-03 2.97769759e-03 2.94326999e-03 2.88817277e-03 2.81312930e-03 2.71912735e-03 2.60740848e-03 2.47945470e-03 2.33697265e-03 2.18187529e-03 2.01626156e-03 1.84239404e-03 1.66267514e-03 1.47962211e-03 1.29584119e-03 1.11400181e-03 9.36811090e-04 7.66990066e-04 6.07252682e-04 4.60289928e-04 3.28762799e-04 2.15311315e-04 1.22595632e-04 5.34123635e-05 1.10467549e-05 1.40204251e-06 2.86302711e-05 8.48759370e-05 1.66192152e-04 2.69612636e-04 3.92431684e-04 5.32007463e-04 6.85692056e-04 8.50809361e-04 1.02465536e-03 1.20451021e-03 1.38765697e-03 1.57140428e-03 1.75311108e-03 1.93021236e-03 2.10024512e-03 2.26087381e-03 2.40991475e-03 2.54535935e-03 2.66539537e-03 2.76842635e-03 2.85308867e-03 2.91826618e-03 2.96310215e-03 2.98700848e-03 2.98967201e-03 2.97105785e-03 2.93140981e-03 2.87124773e-03 2.79136192e-03 2.69280470e-03 2.57687910e-03 2.44512486e-03 2.29930202e-03 2.14137201e-03 1.97347683e-03 1.79791632e-03 1.61712398e-03 1.43364172e-03 1.25009404e-03 1.06916209e-03 8.93558646e-04 7.26004776e-04 5.69209911e-04 4.25857736e-04 2.98602286e-04 1.90082912e-04 1.02978222e-04 4.01567917e-05 5.16818262e-06 5.16818262e-06 4.01567917e-05 1.02978222e-04 1.90082912e-04 2.98602286e-04 4.25857736e-04 5.69209911e-04 7.26004776e-04 8.93558646e-04 1.06916209e-03 1.25009404e-03 1.43364172e-03 1.61712398e-03 1.79791632e-03 1.97347683e-03 2.14137201e-03 2.29930202e-03 2.44512486e-03 2.57687910e-03 2.69280470e-03 2.79136192e-03 2.87124773e-03 2.93140981e-03 2.97105785e-03 2.98967201e-03 2.98700848e-03 2.96310215e-03 2.91826618e-03 2.85308867e-03 2.76842635e-03 2.66539537e-03 2.54535935e-03 2.40991475e-03 2.26087381e-03 2.10024512e-03 1.93021236e-03 1.75311108e-03 1.57140428e-03 1.38765697e-03 1.20451021e-03 1.02465536e-03 8.50809361e-04 6.85692056e-04 5.32007463e-04 3.92431684e-04 2.69612636e-04 1.66192152e-04 8.48759370e-05 2.86302711e-05 1.40204251e-06 1.10467549e-05 5.34123635e-05 1.22595632e-04 2.15311315e-04 3.28762799e-04 4.60289928e-04 6.07252682e-04 7.66990066e-04 9.36811090e-04 1.11400181e-03 1.29584119e-03 1.47962211e-03 1.66267514e-03 1.84239404e-03 2.01626156e-03 2.18187529e-03 2.33697265e-03 2.47945470e-03 2.60740848e-03 2.71912735e-03 2.81312930e-03 2.88817277e-03 2.94326999e-03 2.97769759e-03 2.99100431e-03 2.98301592e-03 2.95383700e-03 2.90384988e-03 2.83371054e-03 2.74434152e-03 2.63692208e-03 2.51287551e-03 2.37385391e-03 2.22172051e-03 2.05852975e-03 1.88650548e-03 1.70801749e-03 1.52555669e-03 1.34170951e-03 1.15913200e-03 9.80524177e-04 8.08605701e-04 6.46094024e-04 4.95686968e-04 3.60052983e-04 2.41835150e-04 1.43681847e-04 6.83369892e-05 1.89004581e-05 -0.00000000e+00
-0.00000000e+00 3.16906883e-05 1.14131592e-04 2.39322096e-04 4.01959568e-04 5.97397369e-04 8.21189223e-04 1.06892950e-03 1.33619669e-03 1.61854294e-03 1.91150697e-03 2.21064020e-03 2.51154018e-03 2.80988829e-03 3.10148936e-03 3.38231201e-03 3.64852828e-03 3.89655205e-03 4.12307533e-03 4.32510195e-03 4.49997823e-03 4.64542015e-03 4.75953681e-03 4.84084983e-03 4.88830852e-03 4.90130065e-03 4.87965874e-03 4.82366181e-03 4.73403244e-03 4.61192946e-03 4.45893596e-03 4.27704310e-03 4.06862966e-03 3.83643764e-03 3.58354416e-03 3.31333001e-03 3.02944527e-03 2.73577241e-03 2.43638753e-03 2.13552042e-03 1.83751434e-03 1.54678667e-03 1.26779210e-03 1.00499059e-03 7.62823948e-04 5.45707457e-04 3.58049002e-04 2.04323650e-04 8.92786606e-05 1.85486981e-05 2.36499655e-06 4.79479691e-05 1.41647631e-04 2.76658298e-04 4.47919322e-04 6.50859268e-04 8.81051379e-04 1.13408898e-03 1.40554380e-03 1.69096275e-03 1.98588495e-03 2.28586999e-03 2.58653274e-03 2.88358167e-03 3.17285881e-03 3.45037993e-03 3.71237401e-03 3.95532116e-03 4.17598828e-03 4.37146210e-03 4.53917892e-03 4.67695099e-03 4.78298886e-03 4.85591982e-03 4.89480197e-03 4.89913384e-03 4.86885961e-03 4.80436962e-03 4.70649640e-03 4.57650612e-03 4.41608559e-03 4.22732494e-03 4.01269620e-03 3.77502791e-03 3.51747618e-03 3.24349246e-03 2.95678847e-03 2.66129878e-03 2.36114168e-03 2.06057909e-03 1.76397643e-03 1.47576371e-03 1.20039968e-03 9.42341505e-04 7.06024376e-04 4.95858415e-04 3.16258120e-04 1.71739174e-04 6.71829541e-05 8.69389791e-06 8.69389791e-06 6.71829541e-05 1.71739174e-04 3.16258120e-04 4.95858415e-04 7.06024376e-04 9.42341505e-04 1.20039968e-03 1.47576371e-03 1.76397643e-03 2.06057909e-03 2.36114168e-03 2.66129878e-03 2.95678847e-03 3.24349246e-03 3.51747618e-03 3.77502791e-03 4.01269620e-03 4.22732494e-03 4.41608559e-03 4.57650612e-03 4.70649640e-03 4.80436962e-03 4.86885961e-03 4.89913384e-03 4.89480197e-03 4.85591982e-03 4.78298886e-03 4.67695099e-03 4.53917892e-03 4.37146210e-03 4.17598828e-03 3.95532116e-03 3.71237401e-03 3.45037993e-03 3.17285881e-03 2.88358167e-03 2.58653274e-03 2.28586999e-03 1.98588495e-03 1.69096275e-03 1.40554380e-03 1.13408898e-03 8.81051379e-04 6.50859268e-04 4.47919322e-04 2.76658298e-04 1.41647631e-04 4.79479691e-05 2.36499655e-06 1.85486981e-05 8.92786606e-05 2.04323650e-04 3.58049002e-04 5.45707457e-04 7.62823948e-04 1.00499059e-03 1.26779210e-03 1.54678667e-03 1.83751434e-03 2.13552042e-03 2.43638753e-03 2.73577241e-03 3.02944527e-03 3.31333001e-03 3.58354416e-03 3.83643764e-03 4.06862966e-03 4.27704310e-03 4.45893596e-03 4.61192946e-03 4.73403244e-03 4.82366181e-03 4.87965874e-03 4.90130065e-03 4.88830852e-03 4.84084983e-03 4.75953681e-03 4.64542015e-03 4.49997823e-03 4.32510195e-03 4.12307533e-03 3.89655205e-03 3.64852828e-03 3.38231201e-03 3.10148936e-03 2.80988829e-03 2.51154018e-03 2.21064020e-03 1.91150697e-03 1.61854294e-03 1.33619669e-03 1.06892950e-03 8.21189223e-04 5.97397369e-04 4.01959568e-04 2.39322096e-04 1.14131592e-04 3.16906883e-05 -0.00000000e+00
-0.00000000e+00 4.97602004e-05 1.78542667e-04 3.73428152e-04 6.25935355e-04 9.28699964e-04 1.27473169e-03 1.65715098e-03 2.06909286e-03 2.50368474e-03 2.95406203e-03 3.41340430e-03 3.87498328e-03 4.33221724e-03 4.77872856e-03 5.20840210e-03 5.61544281e-03 5.99443122e-03 6.34037588e-03 6.64876198e-03 6.91559546e-03 7.13744202e-03 7.31146083e-03 7.43543213e-03 7.50777917e-03 7.52758345e-03 7.49459377e-03 7.40922864e-03 7.27257223e-03 7.08636368e-03 6.85298036e-03 6.57541428e-03 6.25724304e-03 5.90259477e-03 5.51610776e-03 5.10288517e-03 4.66844543e-03 4.21866891e-03 3.75974182e-03 3.29809829e-03 2.84036199e-03 2.39328916e-03 1.96371541e-03 1.55851012e-03 1.18454433e-03 8.48682553e-04 5.57818789e-04 3.19001893e-04 1.39772234e-04 2.91639153e-05 3.73441268e-06 7.52031326e-05 2.21429988e-04 4.31451158e-04 6.97191419e-04 1.01142112e-03 1.36719324e-03 1.75763706e-03 2.17588590e-03 2.61506669e-03 3.06832193e-03 3.52884939e-03 3.98995218e-03 4.44509412e-03 4.88795776e-03 5.31250264e-03 5.71302250e-03 6.08420009e-03 6.42115875e-03 6.71950991e-03 6.97539597e-03 7.18552808e-03 7.34721833e-03 7.45840589e-03 7.51767738e-03 7.52428056e-03 7.47813166e-03 7.37981625e-03 7.23058349e-03 7.03233392e-03 6.78760098e-03 6.49952607e-03 6.17182790e-03 5.80876614e-03 5.41509971e-03 4.99604041e-03 4.55720226e-03 4.10454746e-03 3.64432966e-03 3.18303583e-03 2.72732804e-03 2.28398712e-03 1.85986101e-03 1.46182179e-03 1.09673838e-03 7.71476876e-04 4.92953067e-04 2.68293807e-04 1.05270097e-04 1.36928639e-05 1.36928639e-05 1.05270097e-04 2.68293807e-04 4.92953067e-04 7.71476876e-04 1.09673838e-03 1.46182179e-03 1.85986101e-03 2.28398712e-03 2.72732804e-03 3.18303583e-03 3.64432966e-03 4.10454746e-03 4.55720226e-03 4.99604041e-03 5.41509971e-03 5.80876614e-03 6.17182790e-03 6.49952607e-03 6.78760098e-03 7.03233392e-03 7.23058349e-03 7.37981625e-03 7.47813166e-03 7.52428056e-03 7.51767738e-03 7.45840589e-03 7.34721833e-03 7.18552808e-03 6.97539597e-03 6.71950991e-03 6.42115875e-03 6.08420009e-03 5.71302250e-03 5.31250264e-03 4.88795776e-03 4.44509412e-03 3.98995218e-03 3.52884939e-03 3.06832193e-03 2.61506669e-03 2.17588590e-03 1.75763706e-03 1.36719324e-03 1.01142112e-03 6.97191419e-04 4.31451158e-04 2.21429988e-04 7.52031326e-05 3.73441268e-06 2.91639153e-05 1.39772234e-04 3.19001893e-04 5.57818789e-04 8.48682553e-04 1.18454433e-03 1.55851012e-03 1.96371541e-03 2.39328916e-03 2.84036199e-03 3.29809829e-03 3.75974182e-03 4.21866891e-03 4.66844543e-03 5.10288517e-03 5.51610776e-03 5.90259477e-03 6.25724304e-03 6.57541428e-03 6.85298036e-03 7.08636368e-03 7.27257223e-03 7.40922864e-03 7.49459377e-03 7.52758345e-03 7.50777917e-03 7.43543213e-03 7.31146083e-03 7.13744202e-03 6.91559546e-03 6.64876198e-03 6.34037588e-03 5.99443122e-03 5.61544281e-03 5.20840210e-03 4.77872856e-03 4.33221724e-03 3.87498328e-03 3.41340430e-03 2.95406203e-03 2.50368474e-03 2.06909286e-03 1.65715098e-03 1.27473169e-03 9.28699964e-04 6.25935355e-04 3.73428152e-04 1.78542667e-04 4.97602004e-05 -0.00000000e+00
-0.00000000e+00 7.42211976e-05 2.65368934e-04 5.53667968e-04 9.26247270e-04 1.37202521e-03 1.88056200e-03 2.44164952e-03 3.04515726e-03 3.68099151e-03 4.33911157e-03 5.00957732e-03 5.68261413e-03 6.34868739e-03 6.99858162e-03 7.62348073e-03 8.21504700e-03 8.76549729e-03 9.26767471e-03 9.71511494e-03 1.01021062e-02 1.04237425e-02 1.06759688e-02 1.08556191e-02 1.09604455e-02 1.09891389e-02 1.09413414e-02 1.08176494e-02 1.06196080e-02 1.03496971e-02 1.00113080e-02 9.60871224e-03 9.14702188e-03 8.63214207e-03 8.07071619e-03 7.47006413e-03 6.83811455e-03 6.18333209e-03 5.51464015e-03 4.84134153e-03 4.17303815e-03 3.51955271e-03 2.89085607e-03 2.29700570e-03 1.74810440e-03 1.25429512e-03 8.25823038e-04 4.73234174e-04 2.07898351e-04 4.35555186e-05 5.59979561e-06 1.12052423e-04 3.28888721e-04 6.39361841e-04 1.03124365e-03 1.49367673e-03 2.01630371e-03 2.58894445e-03 3.20147862e-03 3.84382269e-03 4.50595580e-03 5.17797263e-03 5.85015133e-03 6.51302955e-03 7.15748414e-03 7.77481133e-03 8.35680499e-03 8.89583206e-03 9.38490279e-03 9.81773564e-03 1.01888156e-02 1.04934454e-02 1.07277891e-02 1.08889078e-02 1.09747866e-02 1.09843536e-02 1.09174893e-02 1.07750283e-02 1.05587510e-02 1.02713676e-02 9.91649279e-03 9.49861226e-03 9.02304110e-03 8.49587443e-03 7.92393078e-03 7.31468881e-03 6.67621819e-03 6.01710559e-03 5.34637680e-03 4.67341687e-03 4.00789013e-03 3.35966281e-03 2.73873258e-03 2.15517105e-03 1.61908962e-03 1.14064732e-03 7.30137968e-04 3.98244067e-04 1.56707908e-04 2.04832004e-05 2.04832004e-05 1.56707908e-04 3.98244067e-04 7.30137968e-04 1.14064732e-03 1.61908962e-03 2.15517105e-03 2.73873258e-03 3.35966281e-03 4.00789013e-03 4.67341687e-03 5.34637680e-03 6.01710559e-03 6.67621819e-03 7.31468881e-03 7.92393078e-03 8.49587443e-03 9.02304110e-03 9.49861226e-03 9.91649279e-03 1.02713676e-02 1.05587510e-02 1.07750283e-02 1.09174893e-02 1.09843536e-02 1.09747866e-02 1.08889078e-02 1.07277891e-02 1.04934454e-02 1.01888156e-02 9.81773564e-03 9.38490279e-03 8.89583206e-03 8.35680499e-03 7.77481133e-03 7.15748414e-03 6.51302955e-03 5.85015133e-03 5.17797263e-03 4.50595580e-03 3.84382269e-03 3.20147862e-03 2.58894445e-03 2.01630371e-03 1.49367673e-03 1.03124365e-03 6.39361841e-04 3.28888721e-04 1.12052423e-04 5.59979561e-06 4.35555186e-05 2.07898351e-04 4.73234174e-04 8.25823038e-04 1.25429512e-03 1.74810440e-03 2.29700570e-03 2.89085607e-03 3.51955271e-03 4.17303815e-03 4.84134153e-03 5.51464015e-03 6.18333209e-03 6.83811455e-03 7.47006413e-03 8.07071619e-03 8.63214207e-03 9.14702188e-03 9.60871224e-03 1.00113080e-02 1.03496971e-02 1.06196080e-02 1.08176494e-02 1.09413414e-02 1.09891389e-02 1.09604455e-02 1.08556191e-02 1.06759688e-02 1.04237425e-02 1.01021062e-02 9.71511494e-03 9.26767471e-03 8.76549729e-03 8.21504700e-03 7.62348073e-03 6.99858162e-03 6.34868739e-03 5.68261413e-03 5.00957732e-03 4.33911157e-03 3.68099151e-03 3.04515726e-03 2.44164952e-03 1.88056200e-03 1.37202521e-03 9.26247270e-04 5.53667968e-04 2.65368934e-04 7.42211976e-05 -0.00000000e+00
1.60171325e-16 1.06225747e-04 3.78510343e-04 7.87860048e-04 1.31555132e-03 1.94559002e-03 2.66301537e-03 3.45328904e-03 4.30206042e-03 5.19509749e-03 6.11830078e-03 7.05776241e-03 7.99985023e-03 8.93130520e-03 9.83934554e-03 1.07117722e-02 1.15370724e-02 1.23045196e-02 1.30042671e-02 1.36274342e-02 1.41661844e-02 1.46137937e-02 1.49647101e-02 1.52146018e-02 1.53603945e-02 1.54002988e-02 1.53338256e-02 1.51617898e-02 1.48863041e-02 1.45107599e-02 1.40397982e-02 1.34792690e-02 1.28361801e-02 1.21186359e-02 1.13357664e-02 1.04976466e-02 9.61520866e-03 8.70014644e-03 7.76481453e-03 6.82212389e-03 5.88543646e-03 4.96846209e-03 4.08516369e-03 3.24967807e-03 2.47626584e-03 1.77931350e-03 1.17343354e-03 6.73764658e-04 2.96748376e-04 6.24124441e-05 8.05495946e-06 1.60207536e-04 4.68804880e-04 9.09340372e-04 1.46406130e-03 2.11732636e-03 2.85431711e-03 3.66055558e-03 4.52172314e-03 5.42361736e-03 6.35217990e-03 7.29356328e-03 8.23421906e-03 9.16099770e-03 1.00612532e-02 1.09229485e-02 1.17347583e-02 1.24861674e-02 1.31675629e-02 1.37703180e-02 1.42868684e-02 1.47107782e-02 1.50367960e-02 1.52609012e-02 1.53803390e-02 1.53936438e-02 1.53006527e-02 1.51025060e-02 1.48016384e-02 1.44017567e-02 1.39078085e-02 1.33259384e-02 1.26634345e-02 1.19286647e-02 1.11310030e-02 1.02807474e-02 9.38902953e-03 8.46771810e-03 7.52931670e-03 6.58685887e-03 5.65380299e-03 4.74393060e-03 3.87125467e-03 3.04994613e-03 2.29429405e-03 1.61872669e-03 1.03794831e-03 5.67320411e-04 2.23856420e-04 2.93966318e-05 2.93966318e-05 2.23856420e-04 5.67320411e-04 1.03794831e-03 1.61872669e-03 2.29429405e-03 3.04994613e-03 3.87125467e-03 4.74393060e-03 5.65380299e-03 6.58685887e-03 7.52931670e-03 8.46771810e-03 9.38902953e-03 1.02807474e-02 1.11310030e-02 1.19286647e-02 1.26634345e-02 1.33259384e-02 1.39078085e-02 1.44017567e-02 1.48016384e-02 1.51025060e-02 1.53006527e-02 1.53936438e-02 1.53803390e-02 1.52609012e-02 1.50367960e-02 1.47107782e-02 1.42868684e-02 1.37703180e-02 1.31675629e-02 1.24861674e-02 1.17347583e-02 1.09229485e-02 1.00612532e-02 9.16099770e-03 8.23421906e-03 7.29356328e-03 6.35217990e-03 5.42361736e-03 4.52172314e-03 3.66055558e-03 2.85431711e-03 2.11732636e-03 1.46406130e-03 9.09340372e-04 4.68804880e-04 1.60207536e-04 8.05495946e-06 6.24124441e-05 2.96748376e-04 6.73764658e-04 1.17343354e-03 1.77931350e-03 2.47626584e-03 3.24967807e-03 4.08516369e-03 4.96846209e-03 5.88543646e-03 6.82212389e-03 7.76481453e-03 8.70014644e-03 9.61520866e-03 1.04976466e-02 1.13357664e-02 1.21186359e-02 1.28361801e-02 1.34792690e-02 1.40397982e-02 1.45107599e-02 1.48863041e-02 1.51617898e-02 1.53338256e-02 1.54002988e-02 1.53603945e-02 1.52146018e-02 1.49647101e-02 1.46137937e-02 1.41661844e-02 1.36274342e-02 1.30042671e-02 1.23045196e-02 1.15370724e-02 1.07117722e-02 9.83934554e-03 8.93130520e-03 7.99985023e-03 7.05776241e-03 6.11830078e-03 5.19509749e-03 4.30206042e-03 3.45328904e-03 2.66301537e-03 1.94559002e-03 1.31555132e-03 7.87860048e-04 3.78510343e-04 1.06225747e-04 -3.20342650e-16
3.20342650e-16 1.46949634e-04 5.21910422e-04 1.08385417e-03 1.80647585e-03 2.66746969e-03 3.64611174e-03 4.72238327e-03 5.87662733e-03 7.08943897e-03 8.34167242e-03 9.61451076e-03 1.08895707e-02 1.21490255e-02 1.33757361e-02 1.45533849e-02 1.56666068e-02 1.67011142e-02 1.76438151e-02 1.84829206e-02 1.92080423e-02 1.98102774e-02 2.02822820e-02 2.06183303e-02 2.08143616e-02 2.08680131e-02 2.07786389e-02 2.05473150e-02 2.01768313e-02 1.96716681e-02 1.90379608e-02 1.82834492e-02 1.74174146e-02 1.64506043e-02 1.53951422e-02 1.42644300e-02 1.30730359e-02 1.18365751e-02 1.05715831e-02 9.29538332e-03 8.02595384e-03 6.78179732e-03 5.58182169e-03 4.44524223e-03 3.39152420e-03 2.44039833e-03 1.61201408e-03 9.27375804e-04 4.09454569e-04 8.64399050e-05 1.11967870e-05 2.21410541e-04 6.46003771e-04 1.25035809e-03 2.00957892e-03 2.90189091e-03 3.90679948e-03 5.00439643e-03 6.17509222e-03 7.39954294e-03 8.65867670e-03 9.93377434e-03 1.12065797e-02 1.24594254e-02 1.36753653e-02 1.48383079e-02 1.59331458e-02 1.69458798e-02 1.78637339e-02 1.86752607e-02 1.93704357e-02 1.99407394e-02 2.03792274e-02 2.06805862e-02 2.08411773e-02 2.08590656e-02 2.07340359e-02 2.04675940e-02 2.00629550e-02 1.95250170e-02 1.88603215e-02 1.80770004e-02 1.71847090e-02 1.61945474e-02 1.51189689e-02 1.39716774e-02 1.27675145e-02 1.15223376e-02 1.02528918e-02 8.97667647e-03 7.71181286e-03 6.47691549e-03 5.29097714e-03 4.17327881e-03 3.14334679e-03 2.22099452e-03 1.42652784e-03 7.81295847e-04 3.09112228e-04 4.07739781e-05 4.07739781e-05 3.09112228e-04 7.81295847e-04 1.42652784e-03 2.22099452e-03 3.14334679e-03 4.17327881e-03 5.29097714e-03 6.47691549e-03 7.71181286e-03 8.97667647e-03 1.02528918e-02 1.15223376e-02 1.27675145e-02 1.39716774e-02 1.51189689e-02 1.61945474e-02 1.71847090e-02 1.80770004e-02 1.88603215e-02 1.95250170e-02 2.00629550e-02 2.04675940e-02 2.07340359e-02 2.08590656e-02 2.08411773e-02 2.06805862e-02 2.03792274e-02 1.99407394e-02 1.93704357e-02 1.86752607e-02 1.78637339e-02 1.69458798e-02 1.59331458e-02 1.48383079e-02 1.36753653e-02 1.24594254e-02 1.12065797e-02 9.93377434e-03 8.65867670e-03 7.39954294e-03 6.17509222e-03 5.00439643e-03 3.90679948e-03 2.90189091e-03 2.00957892e-03 1.25035809e-03 6.46003771e-04 2.21410541e-04 1.11967870e-05 8.64399050e-05 4.09454569e-04 9.27375804e-04 1.61201408e-03 2.44039833e-03 3.39152420e-03 4.44524223e-03 5.58182169e-03 6.78179732e-03 8.02595384e-03 9.29538332e-03 1.05715831e-02 1.18365751e-02 1.30730359e-02 1.42644300e-02 1.53951422e-02 1.64506043e-02 1.74174146e-02 1.82834492e-02 1.90379608e-02 1.96716681e-02 2.01768313e-02 2.05473150e-02 2.07786389e-02 2.08680131e-02 2.08143616e-02 2.06183303e-02 2.02822820e-02 1.98102774e-02 1.92080423e-02 1.84829206e-02 1.76438151e-02 1.67011142e-02 1.56666068e-02 1.45533849e-02 1.33757361e-02 1.21490255e-02 1.08895707e-02 9.61451076e-03 8.34167242e-03 7.08943897e-03 5.87662733e-03 4.72238327e-03 3.64611174e-03 2.66746969e-03 1.80647585e-03 1.08385417e-03 5.21910422e-04 1.46949634e-04 3.20342650e-16
-0.00000000e+00 1.97575992e-04 6.99499976e-04 1.44941571e-03 2.41143036e-03 3.55531725e-03 4.85317382e-03 6.27820250e-03 7.80422484e-03 9.40551580e-03 1.10567978e-02 1.27333194e-02 1.44109807e-02 1.60664828e-02 1.76774889e-02 1.92227871e-02 2.06824499e-02 2.20379875e-02 2.32724888e-02 2.43707523e-02 2.53194022e-02 2.61069903e-02 2.67240827e-02 2.71633307e-02 2.74195259e-02 2.74896389e-02 2.73728415e-02 2.70705135e-02 2.65862316e-02 2.59257439e-02 2.50969259e-02 2.41097224e-02 2.29760723e-02 2.17098179e-02 2.03265996e-02 1.88437358e-02 1.72800897e-02 1.56559242e-02 1.39927479e-02 1.23131532e-02 1.06406543e-02 8.99952717e-03 7.41466525e-03 5.91146287e-03 4.51575332e-03 3.25384555e-03 2.15274948e-03 1.24078915e-03 5.49145735e-04 1.16349868e-04 1.51239644e-05 2.97409986e-04 8.65285439e-04 1.67127454e-03 2.68146796e-03 3.86640707e-03 5.19853974e-03 6.65125210e-03 8.19848658e-03 9.81462633e-03 1.14745156e-02 1.31535529e-02 1.48278239e-02 1.64742549e-02 1.80707752e-02 1.95964790e-02 2.10317847e-02 2.23585839e-02 2.35603815e-02 2.46224219e-02 2.55318023e-02 2.62775705e-02 2.68508080e-02 2.72446965e-02 2.74545695e-02 2.74779462e-02 2.73145507e-02 2.69663135e-02 2.64373573e-02 2.57339667e-02 2.48645407e-02 2.38395303e-02 2.26713592e-02 2.13743299e-02 1.99645139e-02 1.84596289e-02 1.68789019e-02 1.52429222e-02 1.35734844e-02 1.18934268e-02 1.02264685e-02 8.59705270e-03 7.03020726e-03 5.55143933e-03 4.18669223e-03 2.96241867e-03 1.90587701e-03 1.04590213e-03 4.14874700e-04 5.49606043e-05 5.49606043e-05 4.14874700e-04 1.04590213e-03 1.90587701e-03 2.96241867e-03 4.18669223e-03 5.55143933e-03 7.03020726e-03 8.59705270e-03 1.02264685e-02 1.18934268e-02 1.35734844e-02 1.52429222e-02 1.68789019e-02 1.84596289e-02 1.99645139e-02 2.13743299e-02 2.26713592e-02 2.38395303e-02 2.48645407e-02 2.57339667e-02 2.64373573e-02 2.69663135e-02 2.73145507e-02 2.74779462e-02 2.74545695e-02 2.72446965e-02 2.68508080e-02 2.62775705e-02 2.55318023e-02 2.46224219e-02 2.35603815e-02 2.23585839e-02 2.10317847e-02 1.95964790e-02 1.80707752e-02 1.64742549e-02 1.48278239e-02 1.31535529e-02 1.14745156e-02 9.81462633e-03 8.19848658e-03 6.65125210e-03 5.19853974e-03 3.86640707e-03 2.68146796e-03 1.67127454e-03 8.65285439e-04 2.97409986e-04 1.51239644e-05 1.16349868e-04 5.49145735e-04 1.24078915e-03 2.15274948e-03 3.25384555e-03 4.51575332e-03 5.91146287e-03 7.41466525e-03 8.99952717e-03 1.06406543e-02 1.23131532e-02 1.39927479e-02 1.56559242e-02 1.72800897e-02 1.88437358e-02 2.03265996e-02 2.17098179e-02 2.29760723e-02 2.41097224e-02 2.50969259e-02 2.59257439e-02 2.65862316e-02 2.70705135e-02 2.73728415e-02 2.74896389e-02 2.74195259e-02 2.71633307e-02 2.67240827e-02 2.61069903e-02 2.53194022e-02 2.43707523e-02 2.32724888e-02 2.20379875e-02 2.06824499e-02 1.92227871e-02 1.76774889e-02 1.60664828e-02 1.44109807e-02 1.27333194e-02 1.10567978e-02 9.40551580e-03 7.80422484e-03 6.27820250e-03 4.85317382e-03 3.55531725e-03 2.41143036e-03 1.44941571e-03 6.99499976e-04 1.97575992e-04 -0.00000000e+00
1.60171325e-16 2.59279465e-04 9.15141779e-04 1.89211348e-03 3.14242174e-03 4.62609585e-03 6.30646532e-03 8.14850910e-03 1.01181875e-02 1.21822026e-02 1.43079704e-02 1.64637051e-02 1.86185643e-02 2.07428259e-02 2.28080781e-02 2.47874129e-02 2.66556146e-02 2.83893390e-02 2.99672794e-02 3.13703176e-02 3.25816587e-02 3.35869482e-02 3.43743708e-02 3.49347315e-02 3.52615176e-02 3.53509429e-02 3.52019727e-02 3.48163309e-02 3.41984884e-02 3.33556335e-02 3.22976227e-02 3.10369144e-02 2.95884833e-02 2.79697167e-02 2.62002931e-02 2.43020436e-02 2.22987962e-02 2.02162070e-02 1.80815779e-02 1.59236664e-02 1.37724923e-02 1.16591494e-02 9.61563505e-03 7.67471629e-03 5.86986786e-03 4.23534070e-03 2.80648099e-03 1.62056882e-03 7.18903527e-04 1.52851324e-04 1.99356912e-05 3.89936689e-04 1.13135667e-03 2.18070862e-03 3.49293315e-03 5.02913695e-03 6.75316287e-03 8.63027559e-03 1.06266326e-02 1.27091115e-02 1.48453169e-02 1.70036836e-02 1.91536320e-02 2.12657494e-02 2.33119819e-02 2.52658272e-02 2.71025213e-02 2.87992142e-02 3.03351327e-02 3.16917277e-02 3.28528040e-02 3.38046333e-02 3.45360487e-02 3.50385204e-02 3.53062141e-02 3.53360297e-02 3.51276223e-02 3.46834044e-02 3.40085298e-02 3.31108589e-02 3.20009059e-02 3.06917668e-02 2.91990301e-02 2.75406678e-02 2.57369103e-02 2.38101029e-02 2.17845474e-02 1.96863286e-02 1.75431302e-02 1.53840436e-02 1.32393743e-02 1.11404568e-02 9.11949143e-03 7.20942423e-03 5.44391043e-03 3.85743099e-03 2.48570670e-03 1.36674797e-03 5.43512756e-04 7.23018258e-05 7.23018258e-05 5.43512756e-04 1.36674797e-03 2.48570670e-03 3.85743099e-03 5.44391043e-03 7.20942423e-03 9.11949143e-03 1.11404568e-02 1.32393743e-02 1.53840436e-02 1.75431302e-02 1.96863286e-02 2.17845474e-02 2.38101029e-02 2.57369103e-02 2.75406678e-02 2.91990301e-02 3.06917668e-02 3.20009059e-02 3.31108589e-02 3.40085298e-02 3.46834044e-02 3.51276223e-02 3.53360297e-02 3.53062141e-02 3.50385204e-02 3.45360487e-02 3.38046333e-02 3.28528040e-02 3.16917277e-02 3.03351327e-02 2.87992142e-02 2.71025213e-02 2.52658272e-02 2.33119819e-02 2.12657494e-02 1.91536320e-02 1.70036836e-02 1.48453169e-02 1.27091115e-02 1.06266326e-02 8.63027559e-03 6.75316287e-03 5.02913695e-03 3.49293315e-03 2.18070862e-03 1.13135667e-03 3.89936689e-04 1.99356912e-05 1.52851324e-04 7.18903527e-04 1.62056882e-03 2.80648099e-03 4.23534070e-03 5.86986786e-03 7.67471629e-03 9.61563505e-03 1.16591494e-02 1.37724923e-02 1.59236664e-02 1.80815779e-02 2.02162070e-02 2.22987962e-02 2.43020436e-02 2.62002931e-02 2.79697167e-02 2.95884833e-02 3.10369144e-02 3.22976227e-02 3.33556335e-02 3.41984884e-02 3.48163309e-02 3.52019727e-02 3.53509429e-02 3.52615176e-02 3.49347315e-02 3.43743708e-02 3.35869482e-02 3.25816587e-02 3.13703176e-02 2.99672794e-02 2.83893390e-02 2.66556146e-02 2.47874129e-02 2.28080781e-02 2.07428259e-02 1.86185643e-02 1.64637051e-02 1.43079704e-02 1.21822026e-02 1.01181875e-02 8.14850910e-03 6.30646532e-03 4.62609585e-03 3.14242174e-03 1.89211348e-03 9.15141779e-04 2.59279465e-04 1.60171325e-16
-0.00000000e+00 3.33210034e-04 1.17257647e-03 2.41921117e-03 4.01087829e-03 5.89582464e-03 8.02685001e-03 1.03591227e-02 1.28492840e-02 1.54551124e-02 1.81354635e-02 2.08503553e-02 2.35611304e-02 2.62306585e-02 2.88235556e-02 3.13064059e-02 3.36479780e-02 3.58194282e-02 3.77944883e-02 3.95496351e-02 4.10642400e-02 4.23206985e-02 4.33045388e-02 4.40045097e-02 4.44126483e-02 4.45243275e-02 4.43382833e-02 4.38566219e-02 4.30848078e-02 4.20316310e-02 4.07091551e-02 3.91326441e-02 3.73204696e-02 3.52939968e-02 3.30774498e-02 3.06977574e-02 2.81843786e-02 2.55691104e-02 2.28858813e-02 2.01705327e-02 1.74605970e-02 1.47950804e-02 1.22142688e-02 9.75957951e-03 7.47350491e-03 5.39972526e-03 3.58354828e-03 2.07302792e-03 9.21719553e-04 1.96640878e-04 2.57303702e-05 5.00680010e-04 1.44876465e-03 2.78691438e-03 4.45651788e-03 6.40729309e-03 8.59276620e-03 1.09685285e-02 1.34915232e-02 1.61197964e-02 1.88124825e-02 2.15299132e-02 2.42337931e-02 2.68874076e-02 2.94558439e-02 3.19062128e-02 3.42078609e-02 3.63325718e-02 3.82547482e-02 3.99515774e-02 4.14031755e-02 4.25927117e-02 4.35065120e-02 4.41341416e-02 4.44684681e-02 4.45057033e-02 4.42454258e-02 4.36905833e-02 4.28474755e-02 4.17257166e-02 4.03381778e-02 3.87009096e-02 3.68330434e-02 3.47566725e-02 3.24967127e-02 3.00807422e-02 2.75388231e-02 2.49033054e-02 2.22086164e-02 1.94910412e-02 1.67885004e-02 1.41403370e-02 1.15871311e-02 9.17056914e-03 6.93342065e-03 4.91971353e-03 3.17529739e-03 1.74923961e-03 6.97332113e-04 9.31382859e-05 9.31382859e-05 6.97332113e-04 1.74923961e-03 3.17529739e-03 4.91971353e-03 6.93342065e-03 9.17056914e-03 1.15871311e-02 1.41403370e-02 1.67885004e-02 1.94910412e-02 2.22086164e-02 2.49033054e-02 2.75388231e-02 3.00807422e-02 3.24967127e-02 3.47566725e-02 3.68330434e-02 3.87009096e-02 4.03381778e-02 4.17257166e-02 4.28474755e-02 4.36905833e-02 4.42454258e-02 4.45057033e-02 4.44684681e-02 4.41341416e-02 4.35065120e-02 4.25927117e-02 4.14031755e-02 3.99515774e-02 3.82547482e-02 3.63325718e-02 3.42078609e-02 3.19062128e-02 2.94558439e-02 2.68874076e-02 2.42337931e-02 2.15299132e-02 1.88124825e-02 1.61197964e-02 1.34915232e-02 1.09685285e-02 8.59276620e-03 6.40729309e-03 4.45651788e-03 2.78691438e-03 1.44876465e-03 5.00680010e-04 2.57303702e-05 1.96640878e-04 9.21719553e-04 2.07302792e-03 3.58354828e-03 5.39972526e-03 7.47350491e-03 9.75957951e-03 1.22142688e-02 1.47950804e-02 1.74605970e-02 2.01705327e-02 2.28858813e-02 2.55691104e-02 2.81843786e-02 3.06977574e-02 3.30774498e-02 3.52939968e-02 3.73204696e-02 3.91326441e-02 4.07091551e-02 4.20316310e-02 4.30848078e-02 4.38566219e-02 4.43382833e-02 4.45243275e-02 4.44126483e-02 4.40045097e-02 4.33045388e-02 4.23206985e-02 4.10642400e-02 3.95496351e-02 3.77944883e-02 3.58194282e-02 3.36479780e-02 3.13064059e-02 2.88235556e-02 2.62306585e-02 2.35611304e-02 2.08503553e-02 1.81354635e-02 1.54551124e-02 1.28492840e-02 1.03591227e-02 8.02685001e-03 5.89582464e-03 4.01087829e-03 2.41921117e-03 1.17257647e-03 3.33210034e-04 -0.00000000e+00
3.20342650e-16 4.20477243e-04 1.47537002e-03 3.03756328e-03 5.02748270e-03 7.37933980e-03 1.00334736e-02 1.29335179e-02 1.60252262e-02 1.92560146e-02 2.25748569e-02 2.59323632e-02 2.92809560e-02 3.25750948e-02 3.57715213e-02 3.88295074e-02 4.17110942e-02 4.43813162e-02 4.68084060e-02 4.89639769e-02 5.08231829e-02 5.23648554e-02 5.35716170e-02 5.44299727e-02 5.49303797e-02 5.50672958e-02 5.48392074e-02 5.42486367e-02 5.33021296e-02 5.20102221e-02 5.03873873e-02 4.84519597e-02 4.62260390e-02 4.37353699e-02 4.10092002e-02 3.80801150e-02 3.49838480e-02 3.17590722e-02 2.84471711e-02 2.50919968e-02 2.17396217e-02 1.84380961e-02 1.52372329e-02 1.21884496e-02 9.34472609e-03 6.76077639e-03 4.49363903e-03 2.60413856e-03 1.16045355e-03 2.48393129e-04 3.26042866e-05 6.31264478e-04 1.82183278e-03 3.49766211e-03 5.58391994e-03 8.01678028e-03 1.07375806e-02 1.36905572e-02 1.68219045e-02 2.00794285e-02 2.34124998e-02 2.67721627e-02 3.01113265e-02 3.33849980e-02 3.65505285e-02 3.95678601e-02 4.23997622e-02 4.50120502e-02 4.73737858e-02 4.94574533e-02 5.12391142e-02 5.26985378e-02 5.38193097e-02 5.45889173e-02 5.49988141e-02 5.50444633e-02 5.47253603e-02 5.40450353e-02 5.30110354e-02 5.16348870e-02 4.99320362e-02 4.79217689e-02 4.56271080e-02 4.30746885e-02 4.02946087e-02 3.73202594e-02 3.41881297e-02 3.09375922e-02 2.76106707e-02 2.42517956e-02 2.09075559e-02 1.76264613e-02 1.44587371e-02 1.14561894e-02 8.67220360e-03 6.16199645e-03 3.98336491e-03 2.19850402e-03 8.78543213e-04 1.17801382e-04 1.17801382e-04 8.78543213e-04 2.19850402e-03 3.98336491e-03 6.16199645e-03 8.67220360e-03 1.14561894e-02 1.44587371e-02 1.76264613e-02 2.09075559e-02 2.42517956e-02 2.76106707e-02 3.09375922e-02 3.41881297e-02 3.73202594e-02 4.02946087e-02 4.30746885e-02 4.56271080e-02 4.79217689e-02 4.99320362e-02 5.16348870e-02 5.30110354e-02 5.40450353e-02 5.47253603e-02 5.50444633e-02 5.49988141e-02 5.45889173e-02 5.38193097e-02 5.26985378e-02 5.12391142e-02 4.94574533e-02 4.73737858e-02 4.50120502e-02 4.23997622e-02 3.95678601e-02 3.65505285e-02 3.33849980e-02 3.01113265e-02 2.67721627e-02 2.34124998e-02 2.00794285e-02 1.68219045e-02 1.36905572e-02 1.07375806e-02 8.01678028e-03 5.58391994e-03 3.49766211e-03 1.82183278e-03 6.31264478e-04 3.26042866e-05 2.48393129e-04 1.16045355e-03 2.60413856e-03 4.49363903e-03 6.76077639e-03 9.34472609e-03 1.21884496e-02 1.52372329e-02 1.84380961e-02 2.17396217e-02 2.50919968e-02 2.84471711e-02 3.17590722e-02 3.49838480e-02 3.80801150e-02 4.10092002e-02 4.37353699e-02 4.62260390e-02 4.84519597e-02 5.03873873e-02 5.20102221e-02 5.33021296e-02 5.42486367e-02 5.48392074e-02 5.50672958e-02 5.49303797e-02 5.44299727e-02 5.35716170e-02 5.23648554e-02 5.08231829e-02 4.89639769e-02 4.68084060e-02 4.43813162e-02 4.17110942e-02 3.88295074e-02 3.57715213e-02 3.25750948e-02 2.92809560e-02 2.59323632e-02 2.25748569e-02 1.92560146e-02 1.60252262e-02 1.29335179e-02 1.00334736e-02 7.37933980e-03 5.02748270e-03 3.03756328e-03 1.47537002e-03 4.20477243e-04 1.60171325e-16
-3.20342650e-16 5.22134740e-04 1.82686315e-03 3.75351640e-03 6.20201538e-03 9.09007271e-03 1.23434718e-02 1.58924581e-02 1.96702268e-02 2.36123156e-02 2.76564393e-02 3.17425535e-02 3.58130381e-02 3.98129390e-02 4.36902348e-02 4.73961042e-02 5.08851829e-02 5.41158014e-02 5.70501990e-02 5.96547130e-02 6.18999410e-02 6.37608781e-02 6.52170293e-02 6.62524982e-02 6.68560546e-02 6.70211800e-02 6.67460946e-02 6.60337644e-02 6.48918888e-02 6.33328699e-02 6.13737608e-02 5.90361932e-02 5.63462829e-02 5.33345111e-02 5.00355814e-02 4.64882504e-02 4.27351322e-02 3.88224786e-02 3.47999356e-02 3.07202830e-02 2.66391660e-02 2.26148319e-02 1.87078990e-02 1.49811963e-02 1.14997437e-02 8.33100209e-03 5.54564755e-03 3.21944616e-03 1.43779305e-03 3.08751341e-04 4.06502895e-05 7.83227066e-04 2.25459915e-03 4.32012594e-03 6.88581922e-03 9.87195656e-03 1.32056602e-02 1.68180077e-02 2.06428141e-02 2.46161656e-02 2.86763252e-02 3.27638342e-02 3.68217148e-02 4.07957210e-02 4.46346064e-02 4.82903906e-02 5.17186116e-02 5.48785578e-02 5.77334766e-02 6.02507559e-02 6.24020810e-02 6.41635647e-02 6.55158543e-02 6.64442145e-02 6.69385894e-02 6.69936436e-02 6.66087837e-02 6.57881609e-02 6.45406541e-02 6.28798337e-02 6.08239050e-02 5.83956307e-02 5.56222298e-02 5.25352537e-02 4.91704360e-02 4.55675170e-02 4.17700420e-02 3.78251347e-02 3.37832497e-02 2.96979083e-02 2.56254301e-02 2.16246750e-02 1.77568251e-02 1.40852510e-02 1.06755449e-02 7.59586975e-03 4.91793376e-03 2.71931571e-03 1.08923017e-03 1.46608543e-04 1.46608543e-04 1.08923017e-03 2.71931571e-03 4.91793376e-03 7.59586975e-03 1.06755449e-02 1.40852510e-02 1.77568251e-02 2.16246750e-02 2.56254301e-02 2.96979083e-02 3.37832497e-02 3.78251347e-02 4.17700420e-02 4.55675170e-02 4.91704360e-02 5.25352537e-02 5.56222298e-02 5.83956307e-02 6.08239050e-02 6.28798337e-02 6.45406541e-02 6.57881609e-02 6.66087837e-02 6.69936436e-02 6.69385894e-02 6.64442145e-02 6.55158543e-02 6.41635647e-02 6.24020810e-02 6.02507559e-02 5.77334766e-02 5.48785578e-02 5.17186116e-02 4.82903906e-02 4.46346064e-02 4.07957210e-02 3.68217148e-02 3.27638342e-02 2.86763252e-02 2.46161656e-02 2.06428141e-02 1.68180077e-02 1.32056602e-02 9.87195656e-03 6.88581922e-03 4.32012594e-03 2.25459915e-03 7.83227066e-04 4.06502895e-05 3.08751341e-04 1.43779305e-03 3.21944616e-03 5.54564755e-03 8.33100209e-03 1.14997437e-02 1.49811963e-02 1.87078990e-02 2.26148319e-02 2.66391660e-02 3.07202830e-02 3.47999356e-02 3.88224786e-02 4.27351322e-02 4.64882504e-02 5.00355814e-02 5.33345111e-02 5.63462829e-02 5.90361932e-02 6.13737608e-02 6.33328699e-02 6.48918888e-02 6.60337644e-02 6.67460946e-02 6.70211800e-02 6.68560546e-02 6.62524982e-02 6.52170293e-02 6.37608781e-02 6.18999410e-02 5.96547130e-02 5.70501990e-02 5.41158014e-02 5.08851829e-02 4.73961042e-02 4.36902348e-02 3.98129390e-02 3.58130381e-02 3.17425535e-02 2.76564393e-02 2.36123156e-02 1.96702268e-02 1.58924581e-02 1.23434718e-02 9.09007271e-03 6.20201538e-03 3.75351640e-03 1.82686315e-03 5.22134740e-04 -3.20342650e-16
3.20342650e-16 6.39165370e-04 2.23012356e-03 4.57281707e-03 7.54321038e-03 1.10398486e-02 1.49717079e-02 1.92536705e-02 2.38046110e-02 2.85466069e-02 3.34046951e-02 3.83069098e-02 4.31844641e-02 4.79720031e-02 5.26078832e-02 5.70344515e-02 6.11983113e-02 6.50505642e-02 6.85470231e-02 7.16483975e-02 7.43204488e-02 7.65341174e-02 7.82656257e-02 7.94965570e-02 8.02139135e-02 8.04101564e-02 8.00832278e-02 7.92365571e-02 7.78790506e-02 7.60250650e-02 7.36943637e-02 7.09120531e-02 6.77084979e-02 6.41192129e-02 6.01847284e-02 5.59504276e-02 5.14663549e-02 4.67869945e-02 4.19710228e-02 3.70810376e-02 3.21832776e-02 2.73473462e-02 2.26459717e-02 1.81548525e-02 1.39526735e-02 1.01214542e-02 6.74754421e-03 3.92398923e-03 1.75621499e-03 3.78318368e-04 4.99564921e-05 9.57995379e-04 2.75075857e-03 5.26077938e-03 8.37171965e-03 1.19854169e-02 1.60126048e-02 2.03692843e-02 2.49751769e-02 2.97531087e-02 3.46288551e-02 3.95312240e-02 4.43922613e-02 4.91475135e-02 5.37363087e-02 5.81020341e-02 6.21923958e-02 6.59596543e-02 6.93608307e-02 7.23578839e-02 7.49178590e-02 7.70130085e-02 7.86208883e-02 7.97244317e-02 8.03120028e-02 8.03774313e-02 7.99200315e-02 7.89446034e-02 7.74614191e-02 7.54861918e-02 7.30400275e-02 7.01493558e-02 6.68458402e-02 6.31662630e-02 5.91523842e-02 5.48507713e-02 5.03126006e-02 4.55934285e-02 4.07529378e-02 3.58546631e-02 3.09657092e-02 2.61564810e-02 2.15004591e-02 1.70740773e-02 1.29568038e-02 9.23161069e-03 5.98621980e-03 3.31602793e-03 1.33132110e-03 1.79858967e-04 1.79858967e-04 1.33132110e-03 3.31602793e-03 5.98621980e-03 9.23161069e-03 1.29568038e-02 1.70740773e-02 2.15004591e-02 2.61564810e-02 3.09657092e-02 3.58546631e-02 4.07529378e-02 4.55934285e-02 5.03126006e-02 5.48507713e-02 5.91523842e-02 6.31662630e-02 6.68458402e-02 7.01493558e-02 7.30400275e-02 7.54861918e-02 7.74614191e-02 7.89446034e-02 7.99200315e-02 8.03774313e-02 8.03120028e-02 7.97244317e-02 7.86208883e-02 7.70130085e-02 7.49178590e-02 7.23578839e-02 6.93608307e-02 6.59596543e-02 6.21923958e-02 5.81020341e-02 5.37363087e-02 4.91475135e-02 4.43922613e-02 3.95312240e-02 3.46288551e-02 2.97531087e-02 2.49751769e-02 2.03692843e-02 1.60126048e-02 1.19854169e-02 8.37171965e-03 5.26077938e-03 2.75075857e-03 9.57995379e-04 4.99564921e-05 3.78318368e-04 1.75621499e-03 3.92398923e-03 6.74754421e-03 1.01214542e-02 1.39526735e-02 1.81548525e-02 2.26459717e-02 2.73473462e-02 3.21832776e-02 3.70810376e-02 4.19710228e-02 4.67869945e-02 5.14663549e-02 5.59504276e-02 6.01847284e-02 6.41192129e-02 6.77084979e-02 7.09120531e-02 7.36943637e-02 7.60250650e-02 7.78790506e-02 7.92365571e-02 8.00832278e-02 8.04101564e-02 8.02139135e-02 7.94965570e-02 7.82656257e-02 7.65341174e-02 7.43204488e-02 7.16483975e-02 6.85470231e-02 6.50505642e-02 6.11983113e-02 5.70344515e-02 5.26078832e-02 4.79720031e-02 4.31844641e-02 3.83069098e-02 3.34046951e-02 2.85466069e-02 2.38046110e-02 1.92536705e-02 1.49717079e-02 1.10398486e-02 7.54321038e-03 4.57281707e-03 2.23012356e-03 6.39165370e-04 1.60171325e-16
4.80513976e-16 7.72467050e-04 2.68790146e-03 5.50052768e-03 9.05862565e-03 1.32387079e-02 1.79305440e-02 2.30315667e-02 2.84444876e-02 3.40762894e-02 3.98378847e-02 4.56441132e-02 5.14139132e-02 5.70705742e-02 6.25420193e-02 6.77610856e-02 7.26657862e-02 7.71995425e-02 8.13113852e-02 8.49561203e-02 8.80944648e-02 9.06931527e-02 9.27250156e-02 9.41690431e-02 9.50104243e-02 9.52405751e-02 9.48571531e-02 9.38640621e-02 9.22714444e-02 9.00956641e-02 8.73592757e-02 8.40909782e-02 8.03255505e-02 7.61037644e-02 7.14722714e-02 6.64834602e-02 6.11952815e-02 5.56710393e-02 4.99791504e-02 4.41928770e-02 3.83900433e-02 3.26527572e-02 2.70671720e-02 2.17233479e-02 1.67153192e-02 1.21415626e-02 8.10625770e-03 4.72222590e-03 2.11794992e-03 4.57648009e-04 6.06050120e-05 1.15686710e-03 3.31360885e-03 6.32530021e-03 1.00498075e-02 1.43678022e-02 1.91713180e-02 2.43592587e-02 2.98354642e-02 3.55079147e-02 4.12884957e-02 4.70930513e-02 5.28415821e-02 5.84585091e-02 6.38729581e-02 6.90190368e-02 7.38360895e-02 7.82689228e-02 8.22679967e-02 8.57895835e-02 8.87958956e-02 9.12551846e-02 9.31418168e-02 9.44363284e-02 9.51254631e-02 9.52021963e-02 9.46657472e-02 9.35215802e-02 9.17813953e-02 8.94631076e-02 8.65908126e-02 8.31947363e-02 7.93111648e-02 7.49823515e-02 7.02563971e-02 6.51870982e-02 5.98337648e-02 5.42610028e-02 4.85384664e-02 4.27405849e-02 3.69462789e-02 3.12386873e-02 2.57049473e-02 2.04360951e-02 1.55272095e-02 1.10780304e-02 7.19452399e-03 3.99250928e-03 1.60656033e-03 2.17829220e-04 2.17829220e-04 1.60656033e-03 3.99250928e-03 7.19452399e-03 1.10780304e-02 1.55272095e-02 2.04360951e-02 2.57049473e-02 3.12386873e-02 3.69462789e-02 4.27405849e-02 4.85384664e-02 5.42610028e-02 5.98337648e-02 6.51870982e-02 7.02563971e-02 7.49823515e-02 7.93111648e-02 8.31947363e-02 8.65908126e-02 8.94631076e-02 9.17813953e-02 9.35215802e-02 9.46657472e-02 9.52021963e-02 9.51254631e-02 9.44363284e-02 9.31418168e-02 9.12551846e-02 8.87958956e-02 8.57895835e-02 8.22679967e-02 7.82689228e-02 7.38360895e-02 6.90190368e-02 6.38729581e-02 5.84585091e-02 5.28415821e-02 4.70930513e-02 4.12884957e-02 3.55079147e-02 2.98354642e-02 2.43592587e-02 1.91713180e-02 1.43678022e-02 1.00498075e-02 6.32530021e-03 3.31360885e-03 1.15686710e-03 6.06050120e-05 4.57648009e-04 2.11794992e-03 4.72222590e-03 8.10625770e-03 1.21415626e-02 1.67153192e-02 2.17233479e-02 2.70671720e-02 3.26527572e-02 3.83900433e-02 4.41928770e-02 4.99791504e-02 5.56710393e-02 6.11952815e-02 6.64834602e-02 7.14722714e-02 7.61037644e-02 8.03255505e-02 8.40909782e-02 8.73592757e-02 9.00956641e-02 9.22714444e-02 9.38640621e-02 9.48571531e-02 9.52405751e-02 9.50104243e-02 9.41690431e-02 9.27250156e-02 9.06931527e-02 8.80944648e-02 8.49561203e-02 8.13113852e-02 7.71995425e-02 7.26657862e-02 6.77610856e-02 6.25420193e-02 5.70705742e-02 5.14139132e-02 4.56441132e-02 3.98378847e-02 3.40762894e-02 2.84444876e-02 2.30315667e-02 1.79305440e-02 1.32387079e-02 9.05862565e-03 5.50052768e-03 2.68790146e-03 7.72467050e-04 3.20342650e-16
3.20342650e-16 9.22839687e-04 3.20258937e-03 6.54095199e-03 1.07545307e-02 1.56947549e-02 2.12296507e-02 2.72370157e-02 3.36014880e-02 4.02132820e-02 4.69677255e-02 5.37652025e-02 6.05112994e-02 6.71170456e-02 7.34991855e-02 7.95804449e-02 8.52897742e-02 9.05625553e-02 9.53407721e-02 9.95731420e-02 1.03215215e-01 1.06229443e-01 1.08585225e-01 1.10258937e-01 1.11233947e-01 1.11500625e-01 1.11056344e-01 1.09905482e-01 1.08059420e-01 1.05536539e-01 1.02362209e-01 9.85687710e-02 9.41955039e-02 8.92885734e-02 8.39009558e-02 7.80923316e-02 7.19289441e-02 6.54834202e-02 5.88345531e-02 5.20670531e-02 4.52712763e-02 3.85429572e-02 3.19829841e-02 2.56972906e-02 1.97969908e-02 1.43989933e-02 9.62757202e-03 5.61796838e-03 2.52494945e-03 5.47236933e-04 7.26707737e-05 1.38099108e-03 3.94600263e-03 7.51848682e-03 1.19268294e-02 1.70276380e-02 2.26918076e-02 2.87990333e-02 3.52354248e-02 4.18924978e-02 4.86668389e-02 5.54601141e-02 6.21792458e-02 6.87366664e-02 7.50505914e-02 8.10452812e-02 8.66512761e-02 9.18055941e-02 9.64518914e-02 1.00540586e-01 1.04028947e-01 1.06881160e-01 1.09068366e-01 1.10568688e-01 1.11367245e-01 1.11456156e-01 1.10834546e-01 1.09508543e-01 1.07491280e-01 1.04802885e-01 1.01470475e-01 9.75281271e-02 9.30168485e-02 8.79845157e-02 8.24857924e-02 7.65820144e-02 7.03410392e-02 6.38370570e-02 5.71503648e-02 5.03671101e-02 4.35790181e-02 3.68831296e-02 3.03815977e-02 2.41816249e-02 1.83956899e-02 1.31423417e-02 8.54813902e-03 4.75208699e-03 1.91648291e-03 2.60769226e-04 2.60769226e-04 1.91648291e-03 4.75208699e-03 8.54813902e-03 1.31423417e-02 1.83956899e-02 2.41816249e-02 3.03815977e-02 3.68831296e-02 4.35790181e-02 5.03671101e-02 5.71503648e-02 6.38370570e-02 7.03410392e-02 7.65820144e-02 8.24857924e-02 8.79845157e-02 9.30168485e-02 9.75281271e-02 1.01470475e-01 1.04802885e-01 1.07491280e-01 1.09508543e-01 1.10834546e-01 1.11456156e-01 1.11367245e-01 1.10568688e-01 1.09068366e-01 1.06881160e-01 1.04028947e-01 1.00540586e-01 9.64518914e-02 9.18055941e-02 8.66512761e-02 8.10452812e-02 7.50505914e-02 6.87366664e-02 6.21792458e-02 5.54601141e-02 4.86668389e-02 4.18924978e-02 3.52354248e-02 2.87990333e-02 2.26918076e-02 1.70276380e-02 1.19268294e-02 7.51848682e-03 3.94600263e-03 1.38099108e-03 7.26707737e-05 5.47236933e-04 2.52494945e-03 5.61796838e-03 9.62757202e-03 1.43989933e-02 1.97969908e-02 2.56972906e-02 3.19829841e-02 3.85429572e-02 4.52712763e-02 5.20670531e-02 5.88345531e-02 6.54834202e-02 7.19289441e-02 7.80923316e-02 8.39009558e-02 8.92885734e-02 9.41955039e-02 9.85687710e-02 1.02362209e-01 1.05536539e-01 1.08059420e-01 1.09905482e-01 1.11056344e-01 1.11500625e-01 1.11233947e-01 1.10258937e-01 1.08585225e-01 1.06229443e-01 1.03215215e-01 9.95731420e-02 9.53407721e-02 9.05625553e-02 8.52897742e-02 7.95804449e-02 7.34991855e-02 6.71170456e-02 6.05112994e-02 5.37652025e-02 4.69677255e-02 4.02132820e-02 3.36014880e-02 2.72370157e-02 2.12296507e-02 1.56947549e-02 1.07545307e-02 6.54095199e-03 3.20258937e-03 9.22839687e-04 1.60171325e-16
1.60171325e-16 1.09097339e-03 3.77618697e-03 7.69757165e-03 1.26358136e-02 1.84140355e-02 2.48758588e-02 3.18771729e-02 3.92825774e-02 4.69638195e-02 5.47991844e-02 6.26733649e-02 7.04775669e-02 7.81097224e-02 8.54747335e-02 9.24847080e-02 9.90591632e-02 1.05125188e-01 1.10617561e-01 1.15478830e-01 1.19659351e-01 1.23117306e-01 1.25818692e-01 1.27737313e-01 1.28854753e-01 1.29160356e-01 1.28651219e-01 1.27332182e-01 1.25215840e-01 1.22322551e-01 1.18680462e-01 1.14325528e-01 1.09301523e-01 1.03660046e-01 9.74604973e-02 9.07700288e-02 8.36634573e-02 7.62231350e-02 6.85387760e-02 6.07072436e-02 5.28323100e-02 4.50244149e-02 3.74004709e-02 3.00838016e-02 2.32043631e-02 1.68995335e-02 1.13160410e-02 6.61432682e-03 2.97885756e-03 6.47517356e-04 8.62203976e-05 1.63135042e-03 4.65030533e-03 8.84418712e-03 1.40079916e-02 1.99712052e-02 2.65810313e-02 3.36957656e-02 4.11818922e-02 4.89128257e-02 5.67684531e-02 6.46350797e-02 7.24055709e-02 7.99795781e-02 8.72637837e-02 9.41721303e-02 1.00626015e-01 1.06554439e-01 1.11894118e-01 1.16589548e-01 1.20593042e-01 1.23864737e-01 1.26372584e-01 1.28092333e-01 1.29007509e-01 1.29109397e-01 1.28397029e-01 1.26877182e-01 1.24564390e-01 1.21480958e-01 1.17656982e-01 1.13130370e-01 1.07946855e-01 1.02159987e-01 9.58311115e-02 8.90293063e-02 8.18312857e-02 7.43212603e-02 6.65907529e-02 5.87383772e-02 5.08695940e-02 4.30964761e-02 3.55375369e-02 2.83177216e-02 2.15687362e-02 1.54300513e-02 1.00512713e-02 5.59749797e-03 2.26239208e-03 3.08898577e-04 3.08898577e-04 2.26239208e-03 5.59749797e-03 1.00512713e-02 1.54300513e-02 2.15687362e-02 2.83177216e-02 3.55375369e-02 4.30964761e-02 5.08695940e-02 5.87383772e-02 6.65907529e-02 7.43212603e-02 8.18312857e-02 8.90293063e-02 9.58311115e-02 1.02159987e-01 1.07946855e-01 1.13130370e-01 1.17656982e-01 1.21480958e-01 1.24564390e-01 1.26877182e-01 1.28397029e-01 1.29109397e-01 1.29007509e-01 1.28092333e-01 1.26372584e-01 1.23864737e-01 1.20593042e-01 1.16589548e-01 1.11894118e-01 1.06554439e-01 1.00626015e-01 9.41721303e-02 8.72637837e-02 7.99795781e-02 7.24055709e-02 6.46350797e-02 5.67684531e-02 4.89128257e-02 4.11818922e-02 3.36957656e-02 2.65810313e-02 1.99712052e-02 1.40079916e-02 8.84418712e-03 4.65030533e-03 1.63135042e-03 8.62203976e-05 6.47517356e-04 2.97885756e-03 6.61432682e-03 1.13160410e-02 1.68995335e-02 2.32043631e-02 3.00838016e-02 3.74004709e-02 4.50244149e-02 5.28323100e-02 6.07072436e-02 6.85387760e-02 7.62231350e-02 8.36634573e-02 9.07700288e-02 9.74604973e-02 1.03660046e-01 1.09301523e-01 1.14325528e-01 1.18680462e-01 1.22322551e-01 1.25215840e-01 1.27332182e-01 1.28651219e-01 1.29160356e-01 1.28854753e-01 1.27737313e-01 1.25818692e-01 1.23117306e-01 1.19659351e-01 1.15478830e-01 1.10617561e-01 1.05125188e-01 9.90591632e-02 9.24847080e-02 8.54747335e-02 7.81097224e-02 7.04775669e-02 6.26733649e-02 5.47991844e-02 4.69638195e-02 3.92825774e-02 3.18771729e-02 2.48758588e-02 1.84140355e-02 1.26358136e-02 7.69757165e-03 3.77618697e-03 1.09097339e-03 1.60171325e-16
-0.00000000e+00 1.27743826e-03 4.41027176e-03 8.97299524e-03 1.47059088e-02 2.14004479e-02 2.88730569e-02 3.69553704e-02 4.54899441e-02 5.43283486e-02 6.33303859e-02 7.23638641e-02 8.13046450e-02 9.00368086e-02 9.84528501e-02 1.06453862e-01 1.13949674e-01 1.20858950e-01 1.27109225e-01 1.32636908e-01 1.37387241e-01 1.41314242e-01 1.44380623e-01 1.46557718e-01 1.47825407e-01 1.48172065e-01 1.47594522e-01 1.46098061e-01 1.43696426e-01 1.40411866e-01 1.36275199e-01 1.31325875e-01 1.25612067e-01 1.19190734e-01 1.12127683e-01 1.04497599e-01 9.63840336e-02 8.78793504e-02 7.90846219e-02 7.01094747e-02 6.10719019e-02 5.20980677e-02 4.33221626e-02 3.48864060e-02 2.69413763e-02 1.96470063e-02 1.31749216e-02 7.71366399e-03 3.48098642e-03 7.58850621e-04 1.01311201e-04 1.90874797e-03 5.42836061e-03 1.03052426e-02 1.62968836e-02 2.32024477e-02 3.08427921e-02 3.90525578e-02 4.76766752e-02 5.65688176e-02 6.55907956e-02 7.46124198e-02 8.35115885e-02 9.21744672e-02 1.00495685e-01 1.08378506e-01 1.15734964e-01 1.22485936e-01 1.28561178e-01 1.33899313e-01 1.38447784e-01 1.42162787e-01 1.45009199e-01 1.46960496e-01 1.47998687e-01 1.48114261e-01 1.47306164e-01 1.45581789e-01 1.42957003e-01 1.39456192e-01 1.35112322e-01 1.29967019e-01 1.24070645e-01 1.17482367e-01 1.10270209e-01 1.02511076e-01 9.42907298e-02 8.57037225e-02 7.68532817e-02 6.78511439e-02 5.88173625e-02 4.98801183e-02 4.11756000e-02 3.28480671e-02 2.50503064e-02 1.79448788e-02 1.17069791e-02 6.53084881e-03 2.64534010e-03 3.62403260e-04 3.62403260e-04 2.64534010e-03 6.53084881e-03 1.17069791e-02 1.79448788e-02 2.50503064e-02 3.28480671e-02 4.11756000e-02 4.98801183e-02 5.88173625e-02 6.78511439e-02 7.68532817e-02 8.57037225e-02 9.42907298e-02 1.02511076e-01 1.10270209e-01 1.17482367e-01 1.24070645e-01 1.29967019e-01 1.35112322e-01 1.39456192e-01 1.42957003e-01 1.45581789e-01 1.47306164e-01 1.48114261e-01 1.47998687e-01 1.46960496e-01 1.45009199e-01 1.42162787e-01 1.38447784e-01 1.33899313e-01 1.28561178e-01 1.22485936e-01 1.15734964e-01 1.08378506e-01 1.00495685e-01 9.21744672e-02 8.35115885e-02 7.46124198e-02 6.55907956e-02 5.65688176e-02 4.76766752e-02 3.90525578e-02 3.08427921e-02 2.32024477e-02 1.62968836e-02 1.03052426e-02 5.42836061e-03 1.90874797e-03 1.01311201e-04 7.58850621e-04 3.48098642e-03 7.71366399e-03 1.31749216e-02 1.96470063e-02 2.69413763e-02 3.48864060e-02 4.33221626e-02 5.20980677e-02 6.10719019e-02 7.01094747e-02 7.90846219e-02 8.78793504e-02 9.63840336e-02 1.04497599e-01 1.12127683e-01 1.19190734e-01 1.25612067e-01 1.31325875e-01 1.36275199e-01 1.40411866e-01 1.43696426e-01 1.46098061e-01 1.47594522e-01 1.48172065e-01 1.47825407e-01 1.46557718e-01 1.44380623e-01 1.41314242e-01 1.37387241e-01 1.32636908e-01 1.27109225e-01 1.20858950e-01 1.13949674e-01 1.06453862e-01 9.84528501e-02 9.00368086e-02 8.13046450e-02 7.23638641e-02 6.33303859e-02 5.43283486e-02 4.54899441e-02 3.69553704e-02 2.88730569e-02 2.14004479e-02 1.47059088e-02 8.97299524e-03 4.41027176e-03 1.27743826e-03 1.60171325e-16
3.20342650e-16 1.48267601e-03 5.10597636e-03 1.03689215e-02 1.69667500e-02 2.46556888e-02 3.32221380e-02 4.24710717e-02 5.22209703e-02 6.23015230e-02 7.25526402e-02 8.28241105e-02 9.29755668e-02 1.02876582e-01 1.12406792e-01 1.21456001e-01 1.29924229e-01 1.37721711e-01 1.44768830e-01 1.50996013e-01 1.56343584e-01 1.60761601e-01 1.64209694e-01 1.66656897e-01 1.68081521e-01 1.68471050e-01 1.67822073e-01 1.66140273e-01 1.63440454e-01 1.59746612e-01 1.55092050e-01 1.49519517e-01 1.43081372e-01 1.35839749e-01 1.27866722e-01 1.19244435e-01 1.10065203e-01 1.00431562e-01 9.04562578e-02 8.02621800e-02 6.99822530e-02 5.97593109e-02 4.97460233e-02 4.01049853e-02 3.10091811e-02 2.26432178e-02 1.52061281e-02 8.91756134e-03 4.03229746e-03 8.81521855e-04 1.17990386e-04 2.21379460e-03 6.28146387e-03 1.19034481e-02 1.87954284e-02 2.67229171e-02 3.54776858e-02 4.48684145e-02 5.47165337e-02 6.48543474e-02 7.51242515e-02 8.53784915e-02 9.54791740e-02 1.05298376e-01 1.14718268e-01 1.23631205e-01 1.31939765e-01 1.39556725e-01 1.46404994e-01 1.52417485e-01 1.57536973e-01 1.61715924e-01 1.64916333e-01 1.67109565e-01 1.68276232e-01 1.68406099e-01 1.67498028e-01 1.65559978e-01 1.62609042e-01 1.58671532e-01 1.53783097e-01 1.47988873e-01 1.41343648e-01 1.33912026e-01 1.25768587e-01 1.16998010e-01 1.07695164e-01 9.79651394e-02 8.79232265e-02 7.76948357e-02 6.74153794e-02 5.72301540e-02 4.72942917e-02 3.77729202e-02 2.88417708e-02 2.06887051e-02 1.35171299e-02 7.55358573e-03 3.06611289e-03 4.21432879e-04 4.21432879e-04 3.06611289e-03 7.55358573e-03 1.35171299e-02 2.06887051e-02 2.88417708e-02 3.77729202e-02 4.72942917e-02 5.72301540e-02 6.74153794e-02 7.76948357e-02 8.79232265e-02 9.79651394e-02 1.07695164e-01 1.16998010e-01 1.25768587e-01 1.33912026e-01 1.41343648e-01 1.47988873e-01 1.53783097e-01 1.58671532e-01 1.62609042e-01 1.65559978e-01 1.67498028e-01 1.68406099e-01 1.68276232e-01 1.67109565e-01 1.64916333e-01 1.61715924e-01 1.57536973e-01 1.52417485e-01 1.46404994e-01 1.39556725e-01 1.31939765e-01 1.23631205e-01 1.14718268e-01 1.05298376e-01 9.54791740e-02 8.53784915e-02 7.51242515e-02 6.48543474e-02 5.47165337e-02 4.48684145e-02 3.54776858e-02 2.67229171e-02 1.87954284e-02 1.19034481e-02 6.28146387e-03 2.21379460e-03 1.17990386e-04 8.81521855e-04 4.03229746e-03 8.91756134e-03 1.52061281e-02 2.26432178e-02 3.10091811e-02 4.01049853e-02 4.97460233e-02 5.97593109e-02 6.99822530e-02 8.02621800e-02 9.04562578e-02 1.00431562e-01 1.10065203e-01 1.19244435e-01 1.27866722e-01 1.35839749e-01 1.43081372e-01 1.49519517e-01 1.55092050e-01 1.59746612e-01 1.63440454e-01 1.66140273e-01 1.67822073e-01 1.68471050e-01 1.68081521e-01 1.66656897e-01 1.64209694e-01 1.60761601e-01 1.56343584e-01 1.50996013e-01 1.44768830e-01 1.37721711e-01 1.29924229e-01 1.21456001e-01 1.12406792e-01 1.02876582e-01 9.29755668e-02 8.28241105e-02 7.25526402e-02 6.23015230e-02 5.22209703e-02 4.24710717e-02 3.32221380e-02 2.46556888e-02 1.69667500e-02 1.03689215e-02 5.10597636e-03 1.48267601e-03 3.20342650e-16
1.60171325e-16 1.70699365e-03 5.86397297e-03 1.18861169e-02 1.94187458e-02 2.81792361e-02 3.79209967e-02 4.84198925e-02 5.94682865e-02 7.08723012e-02 8.24505946e-02 9.40338731e-02 1.05464752e-01 1.16597752e-01 1.27299329e-01 1.37447857e-01 1.46933567e-01 1.55658403e-01 1.63535827e-01 1.70490569e-01 1.76458349e-01 1.81385583e-01 1.85229100e-01 1.87955885e-01 1.89542861e-01 1.89976728e-01 1.89253867e-01 1.87380313e-01 1.84371796e-01 1.80253862e-01 1.75062043e-01 1.68842086e-01 1.61650222e-01 1.53553453e-01 1.44629839e-01 1.34968778e-01 1.24671235e-01 1.13849936e-01 1.02629479e-01 9.11463964e-02 7.95491447e-02 6.79980832e-02 5.66654954e-02 4.57357914e-02 3.54061322e-02 2.58879371e-02 1.74102085e-02 1.02267985e-02 4.63338801e-03 1.01573583e-03 1.36294157e-04 2.54690055e-03 7.21034481e-03 1.36395287e-02 2.15038595e-02 3.05317591e-02 4.04831035e-02 5.11382710e-02 6.22932431e-02 7.37573530e-02 8.53522980e-02 9.69117667e-02 1.08281349e-01 1.19318547e-01 1.29892799e-01 1.39885453e-01 1.49189683e-01 1.57710334e-01 1.65363710e-01 1.72077316e-01 1.77789571e-01 1.82449522e-01 1.86016560e-01 1.88460172e-01 1.89759738e-01 1.89904385e-01 1.88892908e-01 1.86733757e-01 1.83445105e-01 1.79054974e-01 1.73601426e-01 1.67132805e-01 1.59708006e-01 1.51396770e-01 1.42279965e-01 1.32449861e-01 1.22010349e-01 1.11077113e-01 9.97777342e-02 8.82517260e-02 7.66505236e-02 6.51374609e-02 5.38878228e-02 4.30891245e-02 3.29419006e-02 2.36615511e-02 1.54823767e-02 8.66647502e-03 3.52521909e-03 4.86098467e-04 4.86098467e-04 3.52521909e-03 8.66647502e-03 1.54823767e-02 2.36615511e-02 3.29419006e-02 4.30891245e-02 5.38878228e-02 6.51374609e-02 7.66505236e-02 8.82517260e-02 9.97777342e-02 1.11077113e-01 1.22010349e-01 1.32449861e-01 1.42279965e-01 1.51396770e-01 1.59708006e-01 1.67132805e-01 1.73601426e-01 1.79054974e-01 1.83445105e-01 1.86733757e-01 1.88892908e-01 1.89904385e-01 1.89759738e-01 1.88460172e-01 1.86016560e-01 1.82449522e-01 1.77789571e-01 1.72077316e-01 1.65363710e-01 1.57710334e-01 1.49189683e-01 1.39885453e-01 1.29892799e-01 1.19318547e-01 1.08281349e-01 9.69117667e-02 8.53522980e-02 7.37573530e-02 6.22932431e-02 5.11382710e-02 4.04831035e-02 3.05317591e-02 2.15038595e-02 1.36395287e-02 7.21034481e-03 2.54690055e-03 1.36294157e-04 1.01573583e-03 4.63338801e-03 1.02267985e-02 1.74102085e-02 2.58879371e-02 3.54061322e-02 4.57357914e-02 5.66654954e-02 6.79980832e-02 7.95491447e-02 9.11463964e-02 1.02629479e-01 1.13849936e-01 1.24671235e-01 1.34968778e-01 1.44629839e-01 1.53553453e-01 1.61650222e-01 1.68842086e-01 1.75062043e-01 1.80253862e-01 1.84371796e-01 1.87380313e-01 1.89253867e-01 1.89976728e-01 1.89542861e-01 1.87955885e-01 1.85229100e-01 1.81385583e-01 1.76458349e-01 1.70490569e-01 1.63535827e-01 1.55658403e-01 1.46933567e-01 1.37447857e-01 1.27299329e-01 1.16597752e-01 1.05464752e-01 9.40338731e-02 8.24505946e-02 7.08723012e-02 5.94682865e-02 4.84198925e-02 3.79209967e-02 2.81792361e-02 1.94187458e-02 1.18861169e-02 5.86397297e-03 1.70699365e-03 -0.00000000e+00
4.80513976e-16 1.95055934e-03 6.68446557e-03 1.35244097e-02 2.20607830e-02 3.19683693e-02 4.29645778e-02 5.47936885e-02 6.72199090e-02 8.00241447e-02 9.30025028e-02 1.05965632e-01 1.18738448e-01 1.31160005e-01 1.43083386e-01 1.54375551e-01 1.64917103e-01 1.74601988e-01 1.83337118e-01 1.91041949e-01 1.97648030e-01 2.03098557e-01 2.07347941e-01 2.10361429e-01 2.12114792e-01 2.12594087e-01 2.11795524e-01 2.09725425e-01 2.06400285e-01 2.01846940e-01 1.96102819e-01 1.89216277e-01 1.81246990e-01 1.72266387e-01 1.62358109e-01 1.51618446e-01 1.40156756e-01 1.28095819e-01 1.15572128e-01 1.02736095e-01 8.97521895e-02 7.67990490e-02 6.40696239e-02 5.17715231e-02 4.01278281e-02 2.93789120e-02 1.97863443e-02 1.16413456e-02 5.28448403e-03 1.16161417e-03 1.56247442e-04 2.90827007e-03 8.21515909e-03 1.55131347e-02 2.44207272e-02 3.46257391e-02 4.58532886e-02 5.78530926e-02 7.03937463e-02 8.32600523e-02 9.62517946e-02 1.09183206e-01 1.21882745e-01 1.34192987e-01 1.45970499e-01 1.57085677e-01 1.67422491e-01 1.76878167e-01 1.85362793e-01 1.92798891e-01 1.99120965e-01 2.04275050e-01 2.08218302e-01 2.10918626e-01 2.12354380e-01 2.12514172e-01 2.11396737e-01 2.09010930e-01 2.05375814e-01 2.00520846e-01 1.94486151e-01 1.87322877e-01 1.79093595e-01 1.69872746e-01 1.59747090e-01 1.48816149e-01 1.37192605e-01 1.25002643e-01 1.12386218e-01 9.94972463e-02 8.65037293e-02 7.35878641e-02 6.09462216e-02 4.87901750e-02 3.73469013e-02 2.68615877e-02 1.76021547e-02 9.86959535e-03 4.02288358e-03 5.56470914e-04 5.56470914e-04 4.02288358e-03 9.86959535e-03 1.76021547e-02 2.68615877e-02 3.73469013e-02 4.87901750e-02 6.09462216e-02 7.35878641e-02 8.65037293e-02 9.94972463e-02 1.12386218e-01 1.25002643e-01 1.37192605e-01 1.48816149e-01 1.59747090e-01 1.69872746e-01 1.79093595e-01 1.87322877e-01 1.94486151e-01 2.00520846e-01 2.05375814e-01 2.09010930e-01 2.11396737e-01 2.12514172e-01 2.12354380e-01 2.10918626e-01 2.08218302e-01 2.04275050e-01 1.99120965e-01 1.92798891e-01 1.85362793e-01 1.76878167e-01 1.67422491e-01 1.57085677e-01 1.45970499e-01 1.34192987e-01 1.21882745e-01 1.09183206e-01 9.62517946e-02 8.32600523e-02 7.03937463e-02 5.78530926e-02 4.58532886e-02 3.46257391e-02 2.44207272e-02 1.55131347e-02 8.21515909e-03 2.90827007e-03 1.56247442e-04 1.16161417e-03 5.28448403e-03 1.16413456e-02 1.97863443e-02 2.93789120e-02 4.01278281e-02 5.17715231e-02 6.40696239e-02 7.67990490e-02 8.97521895e-02 1.02736095e-01 1.15572128e-01 1.28095819e-01 1.40156756e-01 1.51618446e-01 1.62358109e-01 1.72266387e-01 1.81246990e-01 1.89216277e-01 1.96102819e-01 2.01846940e-01 2.06400285e-01 2.09725425e-01 2.11795524e-01 2.12594087e-01 2.12114792e-01 2.10361429e-01 2.07347941e-01 2.03098557e-01 1.97648030e-01 1.91041949e-01 1.83337118e-01 1.74601988e-01 1.64917103e-01 1.54375551e-01 1.43083386e-01 1.31160005e-01 1.18738448e-01 1.05965632e-01 9.30025028e-02 8.00241447e-02 6.72199090e-02 5.47936885e-02 4.29645778e-02 3.19683693e-02 2.20607830e-02 1.35244097e-02 6.68446557e-03 1.95055934e-03 3.20342650e-16
-3.20342650e-16 2.21340070e-03 7.56718987e-03 1.52826987e-02 2.48902545e-02 3.60182272e-02 4.83449754e-02 6.15807071e-02 7.54594575e-02 8.97353135e-02 1.04180609e-01 1.18585061e-01 1.32755325e-01 1.46514706e-01 1.59702878e-01 1.72175545e-01 1.83804010e-01 1.94474659e-01 2.04088376e-01 2.12559897e-01 2.19817162e-01 2.25800672e-01 2.30462889e-01 2.33767708e-01 2.35690031e-01 2.36215443e-01 2.35340028e-01 2.33070317e-01 2.29423371e-01 2.24427008e-01 2.18120145e-01 2.10553257e-01 2.01788928e-01 1.91902455e-01 1.80982503e-01 1.69131757e-01 1.56467547e-01 1.43122425e-01 1.29244659e-01 1.14998637e-01 1.00565192e-01 8.61418729e-02 7.19432565e-02 5.82014643e-02 4.51671996e-02 3.31119179e-02 2.23323724e-02 1.31603696e-02 5.98543914e-03 1.31919392e-03 1.77863411e-04 3.29789960e-03 9.29549021e-03 1.75228552e-02 2.75429333e-02 3.89993100e-02 5.15794487e-02 6.50000417e-02 7.90003890e-02 9.33392594e-02 1.07793391e-01 1.22156767e-01 1.36240230e-01 1.49871207e-01 1.62893413e-01 1.75166496e-01 1.86565582e-01 1.96980738e-01 2.06316372e-01 2.14490583e-01 2.21434511e-01 2.27091700e-01 2.31417515e-01 2.34378642e-01 2.35952676e-01 2.36127840e-01 2.34902830e-01 2.32286796e-01 2.28299461e-01 2.22971381e-01 2.16344317e-01 2.08471716e-01 1.99419280e-01 1.89265589e-01 1.78102750e-01 1.66037053e-01 1.53189582e-01 1.39696776e-01 1.25710897e-01 1.11400418e-01 9.69503251e-02 8.25623909e-02 6.84555170e-02 5.48663420e-02 4.20504897e-02 3.02851779e-02 1.98746994e-02 1.11623413e-02 4.55904593e-03 6.32580096e-04 6.32580096e-04 4.55904593e-03 1.11623413e-02 1.98746994e-02 3.02851779e-02 4.20504897e-02 5.48663420e-02 6.84555170e-02 8.25623909e-02 9.69503251e-02 1.11400418e-01 1.25710897e-01 1.39696776e-01 1.53189582e-01 1.66037053e-01 1.78102750e-01 1.89265589e-01 1.99419280e-01 2.08471716e-01 2.16344317e-01 2.22971381e-01 2.28299461e-01 2.32286796e-01 2.34902830e-01 2.36127840e-01 2.35952676e-01 2.34378642e-01 2.31417515e-01 2.27091700e-01 2.21434511e-01 2.14490583e-01 2.06316372e-01 1.96980738e-01 1.86565582e-01 1.75166496e-01 1.62893413e-01 1.49871207e-01 1.36240230e-01 1.22156767e-01 1.07793391e-01 9.33392594e-02 7.90003890e-02 6.50000417e-02 5.15794487e-02 3.89993100e-02 2.75429333e-02 1.75228552e-02 9.29549021e-03 3.29789960e-03 1.77863411e-04 1.31919392e-03 5.98543914e-03 1.31603696e-02 2.23323724e-02 3.31119179e-02 4.51671996e-02 5.82014643e-02 7.19432565e-02 8.61418729e-02 1.00565192e-01 1.14998637e-01 1.29244659e-01 1.43122425e-01 1.56467547e-01 1.69131757e-01 1.80982503e-01 1.91902455e-01 2.01788928e-01 2.10553257e-01 2.18120145e-01 2.24427008e-01 2.29423371e-01 2.33070317e-01 2.35340028e-01 2.36215443e-01 2.35690031e-01 2.33767708e-01 2.30462889e-01 2.25800672e-01 2.19817162e-01 2.12559897e-01 2.04088376e-01 1.94474659e-01 1.83804010e-01 1.72175545e-01 1.59702878e-01 1.46514706e-01 1.32755325e-01 1.18585061e-01 1.04180609e-01 8.97353135e-02 7.54594575e-02 6.15807071e-02 4.83449754e-02 3.60182272e-02 2.48902545e-02 1.52826987e-02 7.56718987e-03 2.21340070e-03 -3.20342650e-16
1.60171325e-16 2.49540541e-03 8.51142145e-03 1.71589788e-02 2.79031126e-02 4.03219022e-02 5.40515799e-02 6.87658015e-02 8.41664480e-02 9.99792506e-02 1.15951639e-01 1.31851633e-01 1.47467201e-01 1.62605762e-01 1.77093699e-01 1.90775780e-01 2.03514491e-01 2.15189253e-01 2.25695584e-01 2.34944193e-01 2.42860089e-01 2.49381709e-01 2.54460118e-01 2.58058314e-01 2.60150657e-01 2.60722459e-01 2.59769732e-01 2.57299127e-01 2.53328038e-01 2.47884902e-01 2.41009645e-01 2.32754289e-01 2.23183676e-01 2.12376289e-01 2.00425130e-01 1.87438625e-01 1.73541508e-01 1.58875655e-01 1.43600833e-01 1.27895353e-01 1.11956612e-01 9.60015809e-02 8.02673155e-02 6.50116792e-02 5.05146415e-02 3.70808405e-02 2.50448308e-02 1.47822541e-02 6.73573998e-03 1.48842763e-03 2.01143382e-04 3.71557947e-03 1.04503606e-02 1.96662484e-02 3.08657932e-02 4.36447179e-02 5.76499172e-02 7.25627102e-02 8.80912350e-02 1.03966794e-01 1.19942044e-01 1.35790041e-01 1.51303662e-01 1.66295116e-01 1.80595437e-01 1.94053892e-01 2.06537276e-01 2.17929117e-01 2.28128814e-01 2.37050737e-01 2.44623329e-01 2.50788257e-01 2.55499629e-01 2.58723332e-01 2.60436496e-01 2.60627124e-01 2.59293888e-01 2.56446106e-01 2.52103900e-01 2.46298529e-01 2.39072883e-01 2.30482115e-01 2.20594399e-01 2.09491763e-01 1.97270980e-01 1.84044473e-01 1.69941184e-01 1.55107397e-01 1.39707457e-01 1.23924399e-01 1.07960469e-01 9.20376078e-02 7.63979901e-02 6.13048504e-02 4.70440128e-02 3.39269482e-02 2.22970838e-02 1.25434384e-02 5.13336358e-03 7.14414694e-04 7.14414694e-04 5.13336358e-03 1.25434384e-02 2.22970838e-02 3.39269482e-02 4.70440128e-02 6.13048504e-02 7.63979901e-02 9.20376078e-02 1.07960469e-01 1.23924399e-01 1.39707457e-01 1.55107397e-01 1.69941184e-01 1.84044473e-01 1.97270980e-01 2.09491763e-01 2.20594399e-01 2.30482115e-01 2.39072883e-01 2.46298529e-01 2.52103900e-01 2.56446106e-01 2.59293888e-01 2.60627124e-01 2.60436496e-01 2.58723332e-01 2.55499629e-01 2.50788257e-01 2.44623329e-01 2.37050737e-01 2.28128814e-01 2.17929117e-01 2.06537276e-01 1.94053892e-01 1.80595437e-01 1.66295116e-01 1.51303662e-01 1.35790041e-01 1.19942044e-01 1.03966794e-01 8.80912350e-02 7.25627102e-02 5.76499172e-02 4.36447179e-02 3.08657932e-02 1.96662484e-02 1.04503606e-02 3.71557947e-03 2.01143382e-04 1.48842763e-03 6.73573998e-03 1.47822541e-02 2.50448308e-02 3.70808405e-02 5.05146415e-02 6.50116792e-02 8.02673155e-02 9.60015809e-02 1.11956612e-01 1.27895353e-01 1.43600833e-01 1.58875655e-01 1.73541508e-01 1.87438625e-01 2.00425130e-01 2.12376289e-01 2.23183676e-01 2.32754289e-01 2.41009645e-01 2.47884902e-01 2.53328038e-01 2.57299127e-01 2.59769732e-01 2.60722459e-01 2.60150657e-01 2.58058314e-01 2.54460118e-01 2.49381709e-01 2.42860089e-01 2.34944193e-01 2.25695584e-01 2.15189253e-01 2.03514491e-01 1.90775780e-01 1.77093699e-01 1.62605762e-01 1.47467201e-01 1.31851633e-01 1.15951639e-01 9.99792506e-02 8.41664480e-02 6.87658015e-02 5.40515799e-02 4.03219022e-02 2.79031126e-02 1.71589788e-02 8.51142145e-03 2.49540541e-03 -0.00000000e+00
-3.20342650e-16 2.79632427e-03 9.51599142e-03 1.91503809e-02 3.10939462e-02 4.48705671e-02 6.00712697e-02 7.63306997e-02 9.33166535e-02 1.10725047e-01 1.28277376e-01 1.45719326e-01 1.62819887e-01 1.79370613e-01 1.95184866e-01 2.10096966e-01 2.23961217e-01 2.36650828e-01 2.48056752e-01 2.58086494e-01 2.66662920e-01 2.73723132e-01 2.79217432e-01 2.83108430e-01 2.85370324e-01 2.85988370e-01 2.84958571e-01 2.82287594e-01 2.77992909e-01 2.72103159e-01 2.64658735e-01 2.55712545e-01 2.45330947e-01 2.33594803e-01 2.20600636e-01 2.06461817e-01 1.91309757e-01 1.75295051e-01 1.58588530e-01 1.41382211e-01 1.23890111e-01 1.06348997e-01 8.90191342e-02 7.21852613e-02 5.61581875e-02 4.12777896e-02 2.79190251e-02 1.65046319e-02 7.53451757e-03 1.66918485e-03 2.26076902e-04 4.16089908e-03 1.16782525e-02 2.19398904e-02 3.43831245e-02 4.85521439e-02 6.40503636e-02 8.05214100e-02 9.76404511e-02 1.15109975e-01 1.32657627e-01 1.50034994e-01 1.67016773e-01 1.83400044e-01 1.99003493e-01 2.13666531e-01 2.27248296e-01 2.39626541e-01 2.50696471e-01 2.60369541e-01 2.68572278e-01 2.75245176e-01 2.80341692e-01 2.83827394e-01 2.85679285e-01 2.85885328e-01 2.84444191e-01 2.81365221e-01 2.76668637e-01 2.70385957e-01 2.62560624e-01 2.53248813e-01 2.42520405e-01 2.30460069e-01 2.17168426e-01 2.02763247e-01 1.87380634e-01 1.71176146e-01 1.54325829e-01 1.37027124e-01 1.19499669e-01 1.01986032e-01 8.47524878e-02 6.80901077e-02 5.23166051e-02 3.77798899e-02 2.48652757e-02 1.40109698e-02 5.74521993e-03 8.01922733e-04 8.01922733e-04 5.74521993e-03 1.40109698e-02 2.48652757e-02 3.77798899e-02 5.23166051e-02 6.80901077e-02 8.47524878e-02 1.01986032e-01 1.19499669e-01 1.37027124e-01 1.54325829e-01 1.71176146e-01 1.87380634e-01 2.02763247e-01 2.17168426e-01 2.30460069e-01 2.42520405e-01 2.53248813e-01 2.62560624e-01 2.70385957e-01 2.76668637e-01 2.81365221e-01 2.84444191e-01 2.85885328e-01 2.85679285e-01 2.83827394e-01 2.80341692e-01 2.75245176e-01 2.68572278e-01 2.60369541e-01 2.50696471e-01 2.39626541e-01 2.27248296e-01 2.13666531e-01 1.99003493e-01 1.83400044e-01 1.67016773e-01 1.50034994e-01 1.32657627e-01 1.15109975e-01 9.76404511e-02 8.05214100e-02 6.40503636e-02 4.85521439e-02 3.43831245e-02 2.19398904e-02 1.16782525e-02 4.16089908e-03 2.26076902e-04 1.66918485e-03 7.53451757e-03 1.65046319e-02 2.79190251e-02 4.12777896e-02 5.61581875e-02 7.21852613e-02 8.90191342e-02 1.06348997e-01 1.23890111e-01 1.41382211e-01 1.58588530e-01 1.75295051e-01 1.91309757e-01 2.06461817e-01 2.20600636e-01 2.33594803e-01 2.45330947e-01 2.55712545e-01 2.64658735e-01 2.72103159e-01 2.77992909e-01 2.82287594e-01 2.84958571e-01 2.85988370e-01 2.85370324e-01 2.83108430e-01 2.79217432e-01 2.73723132e-01 2.66662920e-01 2.58086494e-01 2.48056752e-01 2.36650828e-01 2.23961217e-01 2.10096966e-01 1.95184866e-01 1.79370613e-01 1.62819887e-01 1.45719326e-01 1.28277376e-01 1.10725047e-01 9.33166535e-02 7.63306997e-02 6.00712697e-02 4.48705671e-02 3.10939462e-02 1.91503809e-02 9.51599142e-03 2.79632427e-03 -6.40685301e-16
-0.00000000e+00 3.11577652e-03 1.05793093e-02 2.12532256e-02 3.44560793e-02 4.96536332e-02 6.63886411e-02 8.42543215e-02 1.02882521e-01 1.21937974e-01 1.41115323e-01 1.60137418e-01 1.78754129e-01 1.96741316e-01 2.13899761e-01 2.30053976e-01 2.45050883e-01 2.58758370e-01 2.71063768e-01 2.81872311e-01 2.91105623e-01 2.98700282e-01 3.04606531e-01 3.08787162e-01 3.11216619e-01 3.11880347e-01 3.10774407e-01 3.07905371e-01 3.03290497e-01 2.96958184e-01 2.88948684e-01 2.79315058e-01 2.68124338e-01 2.55458861e-01 2.41417723e-01 2.26118310e-01 2.09697835e-01 1.92314847e-01 1.74150648e-01 1.55410581e-01 1.36325185e-01 1.17151247e-01 9.81728480e-02 7.97026272e-02 6.20837204e-02 4.56932400e-02 3.09491143e-02 1.83244304e-02 8.38056483e-03 1.86125500e-03 2.52642023e-04 4.63325542e-03 1.29771371e-02 2.43394385e-02 3.80873587e-02 5.37098790e-02 7.07640437e-02 8.88535143e-02 1.07618753e-01 1.26732181e-01 1.45895627e-01 1.64838793e-01 1.83318143e-01 2.01115873e-01 2.18038813e-01 2.33917208e-01 2.48603360e-01 2.61970161e-01 2.73909564e-01 2.84331040e-01 2.93160079e-01 3.00336793e-01 3.05814657e-01 3.09559451e-01 3.11548421e-01 3.11769691e-01 3.10221949e-01 3.06914410e-01 3.01867066e-01 2.95111200e-01 2.86690170e-01 2.76660412e-01 2.65092654e-01 2.52073284e-01 2.37705824e-01 2.22112473e-01 2.05435641e-01 1.87839435e-01 1.69511053e-01 1.50662032e-01 1.31529379e-01 1.12376603e-01 9.34947879e-02 7.52039761e-02 5.78553813e-02 4.18354847e-02 2.75742119e-02 1.55624128e-02 6.39373681e-03 8.95012808e-04 8.95012808e-04 6.39373681e-03 1.55624128e-02 2.75742119e-02 4.18354847e-02 5.78553813e-02 7.52039761e-02 9.34947879e-02 1.12376603e-01 1.31529379e-01 1.50662032e-01 1.69511053e-01 1.87839435e-01 2.05435641e-01 2.22112473e-01 2.37705824e-01 2.52073284e-01 2.65092654e-01 2.76660412e-01 2.86690170e-01 2.95111200e-01 3.01867066e-01 3.06914410e-01 3.10221949e-01 3.11769691e-01 3.11548421e-01 3.09559451e-01 3.05814657e-01 3.00336793e-01 2.93160079e-01 2.84331040e-01 2.73909564e-01 2.61970161e-01 2.48603360e-01 2.33917208e-01 2.18038813e-01 2.01115873e-01 1.83318143e-01 1.64838793e-01 1.45895627e-01 1.26732181e-01 1.07618753e-01 8.88535143e-02 7.07640437e-02 5.37098790e-02 3.80873587e-02 2.43394385e-02 1.29771371e-02 4.63325542e-03 2.52642023e-04 1.86125500e-03 8.38056483e-03 1.83244304e-02 3.09491143e-02 4.56932400e-02 6.20837204e-02 7.97026272e-02 9.81728480e-02 1.17151247e-01 1.36325185e-01 1.55410581e-01 1.74150648e-01 1.92314847e-01 2.09697835e-01 2.26118310e-01 2.41417723e-01 2.55458861e-01 2.68124338e-01 2.79315058e-01 2.88948684e-01 2.96958184e-01 3.03290497e-01 3.07905371e-01 3.10774407e-01 3.11880347e-01 3.11216619e-01 3.08787162e-01 3.04606531e-01 2.98700282e-01 2.91105623e-01 2.81872311e-01 2.71063768e-01 2.58758370e-01 2.45050883e-01 2.30053976e-01 2.13899761e-01 1.96741316e-01 1.78754129e-01 1.60137418e-01 1.41115323e-01 1.21937974e-01 1.02882521e-01 8.42543215e-02 6.63886411e-02 4.96536332e-02 3.44560793e-02 2.12532256e-02 1.05793093e-02 3.11577652e-03 -0.00000000e+00
-0.00000000e+00 3.45325727e-03 1.16993928e-02 2.34630897e-02 3.79816885e-02 5.46589323e-02 7.29862711e-02 9.25131350e-02 1.12833637e-01 1.33580064e-01 1.54419418e-01 1.75051345e-01 1.95206610e-01 2.14645712e-01 2.33157451e-01 2.50557335e-01 2.66685847e-01 2.81406584e-01 2.94604320e-01 3.06183068e-01 3.16064191e-01 3.24184638e-01 3.30495356e-01 3.34959929e-01 3.37553491e-01 3.38261937e-01 3.37081457e-01 3.34018410e-01 3.29089535e-01 3.22322498e-01 3.13756762e-01 3.03444741e-01 2.91453227e-01 2.77865024e-01 2.62780747e-01 2.46320734e-01 2.28626987e-01 2.09865096e-01 1.90226073e-01 1.69928053e-01 1.49217836e-01 1.28372308e-01 1.07699831e-01 8.75418483e-02 6.82752136e-02 5.03161967e-02 3.41282145e-02 2.02379267e-02 9.27235909e-03 2.06435159e-03 2.80805778e-04 5.13186464e-03 1.43445120e-02 2.68597089e-02 4.19696736e-02 5.91045248e-02 7.77720847e-02 9.75338395e-02 1.17993895e-01 1.38793468e-01 1.59607884e-01 1.80144702e-01 2.00142247e-01 2.19368238e-01 2.37618302e-01 2.54714363e-01 2.70502858e-01 2.84852863e-01 2.97654141e-01 3.08815218e-01 3.18261511e-01 3.25933609e-01 3.31785737e-01 3.35784457e-01 3.37907655e-01 3.38143830e-01 3.36491713e-01 3.32960224e-01 3.27568771e-01 3.20347876e-01 3.11340119e-01 3.00601368e-01 2.88202255e-01 2.74229863e-01 2.58789557e-01 2.42006909e-01 2.24029639e-01 2.05029527e-01 1.85204210e-01 1.64778851e-01 1.44007643e-01 1.23175207e-01 1.02598008e-01 8.26260805e-02 6.36456567e-02 4.60838532e-02 3.04178884e-02 1.71946847e-02 7.07779103e-03 9.93555955e-04 9.93555955e-04 7.07779103e-03 1.71946847e-02 3.04178884e-02 4.60838532e-02 6.36456567e-02 8.26260805e-02 1.02598008e-01 1.23175207e-01 1.44007643e-01 1.64778851e-01 1.85204210e-01 2.05029527e-01 2.24029639e-01 2.42006909e-01 2.58789557e-01 2.74229863e-01 2.88202255e-01 3.00601368e-01 3.11340119e-01 3.20347876e-01 3.27568771e-01 3.32960224e-01 3.36491713e-01 3.38143830e-01 3.37907655e-01 3.35784457e-01 3.31785737e-01 3.25933609e-01 3.18261511e-01 3.08815218e-01 2.97654141e-01 2.84852863e-01 2.70502858e-01 2.54714363e-01 2.37618302e-01 2.19368238e-01 2.00142247e-01 1.80144702e-01 1.59607884e-01 1.38793468e-01 1.17993895e-01 9.75338395e-02 7.77720847e-02 5.91045248e-02 4.19696736e-02 2.68597089e-02 1.43445120e-02 5.13186464e-03 2.80805778e-04 2.06435159e-03 9.27235909e-03 2.02379267e-02 3.41282145e-02 5.03161967e-02 6.82752136e-02 8.75418483e-02 1.07699831e-01 1.28372308e-01 1.49217836e-01 1.69928053e-01 1.90226073e-01 2.09865096e-01 2.28626987e-01 2.46320734e-01 2.62780747e-01 2.77865024e-01 2.91453227e-01 3.03444741e-01 3.13756762e-01 3.22322498e-01 3.29089535e-01 3.34018410e-01 3.37081457e-01 3.38261937e-01 3.37553491e-01 3.34959929e-01 3.30495356e-01 3.24184638e-01 3.16064191e-01 3.06183068e-01 2.94604320e-01 2.81406584e-01 2.66685847e-01 2.50557335e-01 2.33157451e-01 2.14645712e-01 1.95206610e-01 1.75051345e-01 1.54419418e-01 1.33580064e-01 1.12833637e-01 9.25131350e-02 7.29862711e-02 5.46589323e-02 3.79816885e-02 2.34630897e-02 1.16993928e-02 3.45325727e-03 -0.00000000e+00
-0.00000000e+00 3.80814677e-03 1.28739023e-02 2.57748819e-02 4.16619346e-02 5.98729201e-02 7.98450051e-02 1.01081542e-01 1.23137222e-01 1.45610734e-01 1.68140783e-01 1.90403595e-01 2.12110997e-01 2.33008625e-01 2.52874051e-01 2.71514730e-01 2.88765793e-01 3.04487704e-01 3.18563854e-01 3.30898173e-01 3.41412831e-01 3.50046099e-01 3.56750436e-01 3.61490868e-01 3.64243686e-01 3.64995506e-01 3.63742722e-01 3.60491355e-01 3.55257303e-01 3.48066988e-01 3.38958392e-01 3.27982437e-01 3.15204689e-01 3.00707331e-01 2.84591345e-01 2.66978848e-01 2.48015484e-01 2.27872826e-01 2.06750687e-01 1.84879297e-01 1.62521299e-01 1.39973600e-01 1.17569161e-01 9.56790108e-02 7.47149962e-02 5.51343789e-02 3.74485150e-02 2.22408121e-02 1.02080892e-02 2.27811756e-03 3.10524828e-04 5.65577633e-03 1.57774449e-02 2.94947656e-02 4.60201420e-02 6.47212168e-02 8.50537958e-02 1.06535058e-01 1.28731203e-01 1.51251219e-01 1.73743391e-01 1.95893015e-01 2.17420539e-01 2.38079766e-01 2.57655936e-01 2.75963637e-01 2.92844557e-01 3.08165117e-01 3.21814065e-01 3.33700102e-01 3.43749615e-01 3.51904590e-01 3.58120770e-01 3.62366105e-01 3.64619540e-01 3.64870171e-01 3.63116799e-01 3.59367873e-01 3.53641847e-01 3.45967922e-01 3.36387172e-01 3.24954008e-01 3.11737957e-01 2.96825690e-01 2.80323250e-01 2.62358410e-01 2.43083073e-01 2.22675660e-01 2.01343391e-01 1.79324418e-01 1.56889783e-01 1.34345234e-01 1.12033046e-01 9.03341434e-02 6.96711908e-02 5.05139206e-02 3.33894623e-02 1.89041970e-02 7.79603475e-03 1.09738810e-03 1.09738810e-03 7.79603475e-03 1.89041970e-02 3.33894623e-02 5.05139206e-02 6.96711908e-02 9.03341434e-02 1.12033046e-01 1.34345234e-01 1.56889783e-01 1.79324418e-01 2.01343391e-01 2.22675660e-01 2.43083073e-01 2.62358410e-01 2.80323250e-01 2.96825690e-01 3.11737957e-01 3.24954008e-01 3.36387172e-01 3.45967922e-01 3.53641847e-01 3.59367873e-01 3.63116799e-01 3.64870171e-01 3.64619540e-01 3.62366105e-01 3.58120770e-01 3.51904590e-01 3.43749615e-01 3.33700102e-01 3.21814065e-01 3.08165117e-01 2.92844557e-01 2.75963637e-01 2.57655936e-01 2.38079766e-01 2.17420539e-01 1.95893015e-01 1.73743391e-01 1.51251219e-01 1.28731203e-01 1.06535058e-01 8.50537958e-02 6.47212168e-02 4.60201420e-02 2.94947656e-02 1.57774449e-02 5.65577633e-03 3.10524828e-04 2.27811756e-03 1.02080892e-02 2.22408121e-02 3.74485150e-02 5.51343789e-02 7.47149962e-02 9.56790108e-02 1.17569161e-01 1.39973600e-01 1.62521299e-01 1.84879297e-01 2.06750687e-01 2.27872826e-01 2.48015484e-01 2.66978848e-01 2.84591345e-01 3.00707331e-01 3.15204689e-01 3.27982437e-01 3.38958392e-01 3.48066988e-01 3.55257303e-01 3.60491355e-01 3.63742722e-01 3.64995506e-01 3.64243686e-01 3.61490868e-01 3.56750436e-01 3.50046099e-01 3.41412831e-01 3.30898173e-01 3.18563854e-01 3.04487704e-01 2.88765793e-01 2.71514730e-01 2.52874051e-01 2.33008625e-01 2.12110997e-01 1.90403595e-01 1.68140783e-01 1.45610734e-01 1.23137222e-01 1.01081542e-01 7.98450051e-02 5.98729201e-02 4.16619346e-02 2.57748819e-02 1.28739023e-02 3.80814677e-03 -0.00000000e+00
-3.20342650e-16 4.17972125e-03 1.41001811e-02 2.81829274e-02 4.54871068e-02 6.52808928e-02 8.69442603e-02 1.09932284e-01 1.33758648e-01 1.57987423e-01 1.82228500e-01 2.06134621e-01 2.29399003e-01 2.51753072e-01 2.72964077e-01 2.92832519e-01 3.11189389e-01 3.27893286e-01 3.42827486e-01 3.55897057e-01 3.67026098e-01 3.76155200e-01 3.83239180e-01 3.88245175e-01 3.91151110e-01 3.91944607e-01 3.90622342e-01 3.87189867e-01 3.81661907e-01 3.74063113e-01 3.64429271e-01 3.52808925e-01 3.39265383e-01 3.23879055e-01 3.06750058e-01 2.88001011e-01 2.67779941e-01 2.46263214e-01 2.23658389e-01 2.00206941e-01 1.76186777e-01 1.51914590e-01 1.27748113e-01 1.04088594e-01 8.13840340e-02 6.01344173e-02 4.09014060e-02 2.43282641e-02 1.11856865e-02 2.50213159e-03 3.41746254e-04 6.20388997e-03 1.72726234e-02 3.22380177e-02 5.02278919e-02 7.05438615e-02 9.25869962e-02 1.15828127e-01 1.39794112e-01 1.64060817e-01 1.88249091e-01 2.12022006e-01 2.35082547e-01 2.57171326e-01 2.78064154e-01 2.97569419e-01 3.15525288e-01 3.31796804e-01 3.46272958e-01 3.58863826e-01 3.69497860e-01 3.78119406e-01 3.84686527e-01 3.89169182e-01 3.91547806e-01 3.91812328e-01 3.89961641e-01 3.86003544e-01 3.79955153e-01 3.71843775e-01 3.61708216e-01 3.49600509e-01 3.35588009e-01 3.19755798e-01 3.02209351e-01 2.83077363e-01 2.62514674e-01 2.40705184e-01 2.17864684e-01 1.94243526e-01 1.70129103e-01 1.45848151e-01 1.21769036e-01 9.83043371e-02 7.59144462e-02 5.51135950e-02 3.64813645e-02 2.06869147e-02 8.54691851e-03 1.20631303e-03 1.20631303e-03 8.54691851e-03 2.06869147e-02 3.64813645e-02 5.51135950e-02 7.59144462e-02 9.83043371e-02 1.21769036e-01 1.45848151e-01 1.70129103e-01 1.94243526e-01 2.17864684e-01 2.40705184e-01 2.62514674e-01 2.83077363e-01 3.02209351e-01 3.19755798e-01 3.35588009e-01 3.49600509e-01 3.61708216e-01 3.71843775e-01 3.79955153e-01 3.86003544e-01 3.89961641e-01 3.91812328e-01 3.91547806e-01 3.89169182e-01 3.84686527e-01 3.78119406e-01 3.69497860e-01 3.58863826e-01 3.46272958e-01 3.31796804e-01 3.15525288e-01 2.97569419e-01 2.78064154e-01 2.57171326e-01 2.35082547e-01 2.12022006e-01 1.88249091e-01 1.64060817e-01 1.39794112e-01 1.15828127e-01 9.25869962e-02 7.05438615e-02 5.02278919e-02 3.22380177e-02 1.72726234e-02 6.20388997e-03 3.41746254e-04 2.50213159e-03 1.11856865e-02 2.43282641e-02 4.09014060e-02 6.01344173e-02 8.13840340e-02 1.04088594e-01 1.27748113e-01 1.51914590e-01 1.76186777e-01 2.00206941e-01 2.23658389e-01 2.46263214e-01 2.67779941e-01 2.88001011e-01 3.06750058e-01 3.23879055e-01 3.39265383e-01 3.52808925e-01 3.64429271e-01 3.74063113e-01 3.81661907e-01 3.87189867e-01 3.90622342e-01 3.91944607e-01 3.91151110e-01 3.88245175e-01 3.83239180e-01 3.76155200e-01 3.67026098e-01 3.55897057e-01 3.42827486e-01 3.27893286e-01 3.11189389e-01 2.92832519e-01 2.72964077e-01 2.51753072e-01 2.29399003e-01 2.06134621e-01 1.82228500e-01 1.57987423e-01 1.33758648e-01 1.09932284e-01 8.69442603e-02 6.52808928e-02 4.54871068e-02 2.81829274e-02 1.41001811e-02 4.17972125e-03 1.60171325e-16
-3.20342650e-16 4.56716498e-03 1.53752977e-02 3.06810571e-02 4.94467730e-02 7.08672124e-02 9.42623387e-02 1.19036850e-01 1.44661960e-01 1.70666233e-01 1.96630378e-01 2.22183744e-01 2.47001426e-01 2.70801442e-01 2.93341775e-01 3.14417194e-01 3.33855878e-01 3.51515927e-01 3.67281846e-01 3.81061114e-01 3.92780928e-01 4.02385224e-01 4.09832042e-01 4.15091306e-01 4.18143063e-01 4.18976225e-01 4.17587827e-01 4.13982824e-01 4.08174431e-01 4.00184993e-01 3.90047374e-01 3.77806835e-01 3.63523362e-01 3.47274396e-01 3.29157890e-01 3.09295610e-01 2.87836608e-01 2.64960733e-01 2.40882103e-01 2.15852437e-01 1.90164177e-01 1.64153403e-01 1.38202643e-01 1.12743854e-01 8.82622185e-02 6.53020589e-02 4.44776129e-02 2.64950225e-02 1.22028583e-02 2.73591519e-03 3.74408488e-04 6.77497294e-03 1.88264074e-02 3.50823234e-02 5.45812748e-02 7.65553822e-02 1.00348351e-01 1.25382730e-01 1.51144721e-01 1.77176318e-01 2.03070682e-01 2.28468862e-01 2.53056949e-01 2.76563240e-01 2.98755222e-01 3.19436337e-01 3.38442573e-01 3.55638962e-01 3.70916068e-01 3.84186596e-01 3.95382194e-01 4.04450555e-01 4.11352882e-01 4.16061776e-01 4.18559598e-01 4.18837339e-01 4.16894012e-01 4.12736585e-01 4.06380453e-01 3.97850441e-01 3.87182316e-01 3.74424787e-01 3.59641934e-01 3.42916028e-01 3.24350657e-01 3.04074081e-01 2.82242719e-01 2.59044668e-01 2.34703142e-01 2.09479754e-01 1.83677592e-01 1.57644083e-01 1.31773816e-01 1.06511644e-01 8.23568556e-02 5.98699541e-02 3.96854171e-02 2.25384211e-02 9.32871658e-03 1.32010570e-03 1.32010570e-03 9.32871658e-03 2.25384211e-02 3.96854171e-02 5.98699541e-02 8.23568556e-02 1.06511644e-01 1.31773816e-01 1.57644083e-01 1.83677592e-01 2.09479754e-01 2.34703142e-01 2.59044668e-01 2.82242719e-01 3.04074081e-01 3.24350657e-01 3.42916028e-01 3.59641934e-01 3.74424787e-01 3.87182316e-01 3.97850441e-01 4.06380453e-01 4.12736585e-01 4.16894012e-01 4.18837339e-01 4.18559598e-01 4.16061776e-01 4.11352882e-01 4.04450555e-01 3.95382194e-01 3.84186596e-01 3.70916068e-01 3.55638962e-01 3.38442573e-01 3.19436337e-01 2.98755222e-01 2.76563240e-01 2.53056949e-01 2.28468862e-01 2.03070682e-01 1.77176318e-01 1.51144721e-01 1.25382730e-01 1.00348351e-01 7.65553822e-02 5.45812748e-02 3.50823234e-02 1.88264074e-02 6.77497294e-03 3.74408488e-04 2.73591519e-03 1.22028583e-02 2.64950225e-02 4.44776129e-02 6.53020589e-02 8.82622185e-02 1.12743854e-01 1.38202643e-01 1.64153403e-01 1.90164177e-01 2.15852437e-01 2.40882103e-01 2.64960733e-01 2.87836608e-01 3.09295610e-01 3.29157890e-01 3.47274396e-01 3.63523362e-01 3.77806835e-01 3.90047374e-01 4.00184993e-01 4.08174431e-01 4.13982824e-01 4.17587827e-01 4.18976225e-01 4.18143063e-01 4.15091306e-01 4.09832042e-01 4.02385224e-01 3.92780928e-01 3.81061114e-01 3.67281846e-01 3.51515927e-01 3.33855878e-01 3.14417194e-01 2.93341775e-01 2.70801442e-01 2.47001426e-01 2.22183744e-01 1.96630378e-01 1.70666233e-01 1.44661960e-01 1.19036850e-01 9.42623387e-02 7.08672124e-02 4.94467730e-02 3.06810571e-02 1.53752977e-02 4.56716498e-03 -3.20342650e-16
-3.20342650e-16 4.96958311e-03 1.66960908e-02 3.32626996e-02 5.35299328e-02 7.66155336e-02 1.01776738e-01 1.28365886e-01 1.55810387e-01 1.83602553e-01 2.11293697e-01 2.38490025e-01 2.64849147e-01 2.90076629e-01 3.13922375e-01 3.36176762e-01 3.56666582e-01 3.75250877e-01 3.91816780e-01 4.06275497e-01 4.18558510e-01 4.28614138e-01 4.36404506e-01 4.41903004e-01 4.45092283e-01 4.45962824e-01 4.44512097e-01 4.40744334e-01 4.34670909e-01 4.26311330e-01 4.15694813e-01 4.02862426e-01 3.87869759e-01 3.70790060e-01 3.51717776e-01 3.30772411e-01 3.08102594e-01 2.83890249e-01 2.58354743e-01 2.31756903e-01 2.04402822e-01 1.76647422e-01 1.48897881e-01 1.21617209e-01 9.53286572e-02 7.06223751e-02 4.81673324e-02 2.87354682e-02 1.32571229e-02 2.97894033e-03 4.08442318e-04 7.36767999e-03 2.04348848e-02 3.80200953e-02 5.90680361e-02 8.27379664e-02 1.08313705e-01 1.35167708e-01 1.62744335e-01 1.90551103e-01 2.18153395e-01 2.45170588e-01 2.71272607e-01 2.96176453e-01 3.19642518e-01 3.41470671e-01 3.61496156e-01 3.79585426e-01 3.95632003e-01 4.09552504e-01 4.21282928e-01 4.30775313e-01 4.37994816e-01 4.42917310e-01 4.45527514e-01 4.45817712e-01 4.43787062e-01 4.39441520e-01 4.32794381e-01 4.23867406e-01 4.12692553e-01 3.99314252e-01 3.83792195e-01 3.66204585e-01 3.46651760e-01 3.25260119e-01 3.02186222e-01 2.77620969e-01 2.51793722e-01 2.24976277e-01 1.97486609e-01 1.69692385e-01 1.42014387e-01 1.14930217e-01 8.89790899e-02 6.47694330e-02 4.29929552e-02 2.44539842e-02 1.01395537e-02 1.43851592e-03 1.43851592e-03 1.01395537e-02 2.44539842e-02 4.29929552e-02 6.47694330e-02 8.89790899e-02 1.14930217e-01 1.42014387e-01 1.69692385e-01 1.97486609e-01 2.24976277e-01 2.51793722e-01 2.77620969e-01 3.02186222e-01 3.25260119e-01 3.46651760e-01 3.66204585e-01 3.83792195e-01 3.99314252e-01 4.12692553e-01 4.23867406e-01 4.32794381e-01 4.39441520e-01 4.43787062e-01 4.45817712e-01 4.45527514e-01 4.42917310e-01 4.37994816e-01 4.30775313e-01 4.21282928e-01 4.09552504e-01 3.95632003e-01 3.79585426e-01 3.61496156e-01 3.41470671e-01 3.19642518e-01 2.96176453e-01 2.71272607e-01 2.45170588e-01 2.18153395e-01 1.90551103e-01 1.62744335e-01 1.35167708e-01 1.08313705e-01 8.27379664e-02 5.90680361e-02 3.80200953e-02 2.04348848e-02 7.36767999e-03 4.08442318e-04 2.97894033e-03 1.32571229e-02 2.87354682e-02 4.81673324e-02 7.06223751e-02 9.53286572e-02 1.21617209e-01 1.48897881e-01 1.76647422e-01 2.04402822e-01 2.31756903e-01 2.58354743e-01 2.83890249e-01 3.08102594e-01 3.30772411e-01 3.51717776e-01 3.70790060e-01 3.87869759e-01 4.02862426e-01 4.15694813e-01 4.26311330e-01 4.34670909e-01 4.40744334e-01 4.44512097e-01 4.45962824e-01 4.45092283e-01 4.41903004e-01 4.36404506e-01 4.28614138e-01 4.18558510e-01 4.06275497e-01 3.91816780e-01 3.75250877e-01 3.56666582e-01 3.36176762e-01 3.13922375e-01 2.90076629e-01 2.64849147e-01 2.38490025e-01 2.11293697e-01 1.83602553e-01 1.55810387e-01 1.28365886e-01 1.01776738e-01 7.66155336e-02 5.35299328e-02 3.32626996e-02 1.66960908e-02 4.96958311e-03 -3.20342650e-16
-0.00000000e+00 5.38601498e-03 1.80592149e-02 3.59209743e-02 5.77251699e-02 8.25090267e-02 1.09464458e-01 1.37889590e-01 1.67166836e-01 1.96751660e-01 2.26165919e-01 2.54993083e-01 2.82874067e-01 3.09503078e-01 3.34623247e-01 3.58022006e-01 3.79526260e-01 3.98997489e-01 4.16326892e-01 4.31430728e-01 4.44245959e-01 4.54726313e-01 4.62838849e-01 4.68561086e-01 4.71878746e-01 4.72784152e-01 4.71275282e-01 4.67355520e-01 4.61034082e-01 4.52327119e-01 4.41259491e-01 4.27867179e-01 4.12200303e-01 3.94326691e-01 3.74335926e-01 3.52343793e-01 3.28496996e-01 3.02978038e-01 2.76010119e-01 2.47861913e-01 2.18852136e-01 1.89353853e-01 1.59798594e-01 1.30680609e-01 1.02561956e-01 7.60799652e-02 5.19603690e-02 3.10437030e-02 1.43458461e-02 3.23063739e-03 4.43771968e-04 7.98057288e-03 2.20939273e-02 4.10434078e-02 6.36754837e-02 8.90733074e-02 1.16458412e-01 1.45151474e-01 1.74553978e-01 2.04138506e-01 2.33442727e-01 2.62064856e-01 2.89659527e-01 3.15933598e-01 3.40641717e-01 3.63581643e-01 3.84589384e-01 4.03534300e-01 4.20314283e-01 4.34851158e-01 4.47086432e-01 4.56977467e-01 4.64494182e-01 4.69616333e-01 4.72331418e-01 4.72633233e-01 4.70521108e-01 4.65999817e-01 4.59080179e-01 4.49780330e-01 4.38127661e-01 4.24161383e-01 4.07935687e-01 3.89523443e-01 3.69020356e-01 3.46549489e-01 3.22266036e-01 2.96362217e-01 2.69072159e-01 2.40676629e-01 2.11507537e-01 1.81952179e-01 1.52457353e-01 1.23533723e-01 9.57613206e-02 6.97980112e-02 4.63949475e-02 2.64286240e-02 1.09774324e-02 1.56127211e-03 1.56127211e-03 1.09774324e-02 2.64286240e-02 4.63949475e-02 6.97980112e-02 9.57613206e-02 1.23533723e-01 1.52457353e-01 1.81952179e-01 2.11507537e-01 2.40676629e-01 2.69072159e-01 2.96362217e-01 3.22266036e-01 3.46549489e-01 3.69020356e-01 3.89523443e-01 4.07935687e-01 4.24161383e-01 4.38127661e-01 4.49780330e-01 4.59080179e-01 4.65999817e-01 4.70521108e-01 4.72633233e-01 4.72331418e-01 4.69616333e-01 4.64494182e-01 4.56977467e-01 4.47086432e-01 4.34851158e-01 4.20314283e-01 4.03534300e-01 3.84589384e-01 3.63581643e-01 3.40641717e-01 3.15933598e-01 2.89659527e-01 2.62064856e-01 2.33442727e-01 2.04138506e-01 1.74553978e-01 1.45151474e-01 1.16458412e-01 8.90733074e-02 6.36754837e-02 4.10434078e-02 2.20939273e-02 7.98057288e-03 4.43771968e-04 3.23063739e-03 1.43458461e-02 3.10437030e-02 5.19603690e-02 7.60799652e-02 1.02561956e-01 1.30680609e-01 1.59798594e-01 1.89353853e-01 2.18852136e-01 2.47861913e-01 2.76010119e-01 3.02978038e-01 3.28496996e-01 3.52343793e-01 3.74335926e-01 3.94326691e-01 4.12200303e-01 4.27867179e-01 4.41259491e-01 4.52327119e-01 4.61034082e-01 4.67355520e-01 4.71275282e-01 4.72784152e-01 4.71878746e-01 4.68561086e-01 4.62838849e-01 4.54726313e-01 4.44245959e-01 4.31430728e-01 4.16326892e-01 3.98997489e-01 3.79526260e-01 3.58022006e-01 3.34623247e-01 3.09503078e-01 2.82874067e-01 2.54993083e-01 2.26165919e-01 1.96751660e-01 1.67166836e-01 1.37889590e-01 1.09464458e-01 8.25090267e-02 5.77251699e-02 3.59209743e-02 1.80592149e-02 5.38601498e-03 -0.00000000e+00
-0.00000000e+00 5.81544748e-03 1.94611850e-02 3.86487806e-02 6.20207989e-02 8.85305907e-02 1.17302286e-01 1.47578082e-01 1.78694350e-01 2.10069267e-01 2.41195334e-01 2.71633844e-01 3.01009952e-01 3.29007725e-01 3.55364941e-01 3.79867609e-01 4.02344312e-01 4.22660497e-01 4.40712879e-01 4.56424093e-01 4.69737751e-01 4.80613994e-01 4.89025636e-01 4.94954957e-01 4.98391196e-01 4.99328771e-01 4.97766244e-01 4.93706033e-01 4.87154887e-01 4.78125112e-01 4.66636531e-01 4.52719172e-01 4.36416641e-01 4.17790131e-01 3.96923005e-01 3.73925854e-01 3.48941913e-01 3.22152708e-01 2.93783761e-01 2.64110220e-01 2.33462268e-01 2.02230258e-01 1.70869625e-01 1.39905885e-01 1.09940488e-01 8.16591529e-02 5.58462665e-02 3.34136274e-02 1.54662764e-02 3.49040310e-03 4.80316196e-04 8.61214021e-03 2.37992455e-02 4.41440992e-02 6.83906511e-02 9.55428366e-02 1.24757638e-01 1.55302412e-01 1.86534879e-01 2.17892388e-01 2.48885116e-01 2.79090780e-01 3.08149734e-01 3.35759972e-01 3.61671851e-01 3.85682561e-01 4.07630433e-01 4.27389250e-01 4.44862692e-01 4.59979086e-01 4.72686571e-01 4.82948793e-01 4.90741207e-01 4.96048039e-01 4.98859962e-01 4.99172497e-01 4.96985166e-01 4.92301398e-01 4.85129187e-01 4.75482505e-01 4.63383446e-01 4.48865093e-01 4.31975046e-01 4.12779593e-01 3.91368413e-01 3.67859737e-01 3.42405842e-01 3.15198715e-01 2.86475765e-01 2.56525401e-01 2.25692380e-01 1.94382868e-01 1.63069336e-01 1.32295676e-01 1.02683470e-01 7.49413908e-02 4.98821131e-02 2.84571786e-02 1.18402603e-02 1.68808522e-03 1.68808522e-03 1.18402603e-02 2.84571786e-02 4.98821131e-02 7.49413908e-02 1.02683470e-01 1.32295676e-01 1.63069336e-01 1.94382868e-01 2.25692380e-01 2.56525401e-01 2.86475765e-01 3.15198715e-01 3.42405842e-01 3.67859737e-01 3.91368413e-01 4.12779593e-01 4.31975046e-01 4.48865093e-01 4.63383446e-01 4.75482505e-01 4.85129187e-01 4.92301398e-01 4.96985166e-01 4.99172497e-01 4.98859962e-01 4.96048039e-01 4.90741207e-01 4.82948793e-01 4.72686571e-01 4.59979086e-01 4.44862692e-01 4.27389250e-01 4.07630433e-01 3.85682561e-01 3.61671851e-01 3.35759972e-01 3.08149734e-01 2.79090780e-01 2.48885116e-01 2.17892388e-01 1.86534879e-01 1.55302412e-01 1.24757638e-01 9.55428366e-02 6.83906511e-02 4.41440992e-02 2.37992455e-02 8.61214021e-03 4.80316196e-04 3.49040310e-03 1.54662764e-02 3.34136274e-02 5.58462665e-02 8.16591529e-02 1.09940488e-01 1.39905885e-01 1.70869625e-01 2.02230258e-01 2.33462268e-01 2.64110220e-01 2.93783761e-01 3.22152708e-01 3.48941913e-01 3.73925854e-01 3.96923005e-01 4.17790131e-01 4.36416641e-01 4.52719172e-01 4.66636531e-01 4.78125112e-01 4.87154887e-01 4.93706033e-01 4.97766244e-01 4.99328771e-01 4.98391196e-01 4.94954957e-01 4.89025636e-01 4.80613994e-01 4.69737751e-01 4.56424093e-01 4.40712879e-01 4.22660497e-01 4.02344312e-01 3.79867609e-01 3.55364941e-01 3.29007725e-01 3.01009952e-01 2.71633844e-01 2.41195334e-01 2.10069267e-01 1.78694350e-01 1.47578082e-01 1.17302286e-01 8.85305907e-02 6.20207989e-02 3.86487806e-02 1.94611850e-02 5.81544748e-03 4.80513976e-16
-0.00000000e+00 6.25682792e-03 2.08984198e-02 4.14388847e-02 6.64050033e-02 9.46630531e-02 1.25267066e-01 1.57401746e-01 1.90356530e-01 2.23512032e-01 2.56331650e-01 2.88355211e-01 3.19193183e-01 3.48520830e-01 3.76072082e-01 4.01633120e-01 4.25035802e-01 4.46151090e-01 4.64882646e-01 4.81160784e-01 4.94936899e-01 5.06178503e-01 5.14864936e-01 5.20983835e-01 5.24528369e-01 5.25495291e-01 5.23883807e-01 5.19695264e-01 5.12933664e-01 5.03607008e-01 4.91729444e-01 4.77324227e-01 4.60427444e-01 4.41092480e-01 4.19395141e-01 3.95439356e-01 3.69363331e-01 3.41346005e-01 3.11613649e-01 2.80446407e-01 2.48184652e-01 2.15235036e-01 1.82076291e-01 1.49265071e-01 1.17442644e-01 8.73441690e-02 5.98144325e-02 3.58390141e-02 1.66155794e-02 3.75760845e-03 5.17989389e-04 9.26081663e-03 2.55464416e-02 4.73138708e-02 7.32004495e-02 1.02127939e-01 1.33186651e-01 1.65589234e-01 1.98648911e-01 2.31767662e-01 2.64428550e-01 2.96189599e-01 3.26678035e-01 3.55584375e-01 3.82656222e-01 4.07691795e-01 4.30533341e-01 4.51060587e-01 4.69184407e-01 4.84840886e-01 4.97985890e-01 5.08590259e-01 5.16635711e-01 5.22111492e-01 5.25011818e-01 5.25334131e-01 5.23078167e-01 5.18245857e-01 5.10842047e-01 5.00876038e-01 4.88363949e-01 4.73331863e-01 4.55819746e-01 4.35886085e-01 4.13613160e-01 3.89112879e-01 3.62533017e-01 3.34063728e-01 3.03944140e-01 2.72468872e-01 2.39994310e-01 2.06944589e-01 1.73817360e-01 1.41189742e-01 1.09725442e-01 8.01851651e-02 5.34450329e-02 3.05343672e-02 1.27258765e-02 1.81865249e-03 1.81865249e-03 1.27258765e-02 3.05343672e-02 5.34450329e-02 8.01851651e-02 1.09725442e-01 1.41189742e-01 1.73817360e-01 2.06944589e-01 2.39994310e-01 2.72468872e-01 3.03944140e-01 3.34063728e-01 3.62533017e-01 3.89112879e-01 4.13613160e-01 4.35886085e-01 4.55819746e-01 4.73331863e-01 4.88363949e-01 5.00876038e-01 5.10842047e-01 5.18245857e-01 5.23078167e-01 5.25334131e-01 5.25011818e-01 5.22111492e-01 5.16635711e-01 5.08590259e-01 4.97985890e-01 4.84840886e-01 4.69184407e-01 4.51060587e-01 4.30533341e-01 4.07691795e-01 3.82656222e-01 3.55584375e-01 3.26678035e-01 2.96189599e-01 2.64428550e-01 2.31767662e-01 1.98648911e-01 1.65589234e-01 1.33186651e-01 1.02127939e-01 7.32004495e-02 4.73138708e-02 2.55464416e-02 9.26081663e-03 5.17989389e-04 3.75760845e-03 1.66155794e-02 3.58390141e-02 5.98144325e-02 8.73441690e-02 1.17442644e-01 1.49265071e-01 1.82076291e-01 2.15235036e-01 2.48184652e-01 2.80446407e-01 3.11613649e-01 3.41346005e-01 3.69363331e-01 3.95439356e-01 4.19395141e-01 4.41092480e-01 4.60427444e-01 4.77324227e-01 4.91729444e-01 5.03607008e-01 5.12933664e-01 5.19695264e-01 5.23883807e-01 5.25495291e-01 5.24528369e-01 5.20983835e-01 5.14864936e-01 5.06178503e-01 4.94936899e-01 4.81160784e-01 4.64882646e-01 4.46151090e-01 4.25035802e-01 4.01633120e-01 3.76072082e-01 3.48520830e-01 3.19193183e-01 2.88355211e-01 2.56331650e-01 2.23512032e-01 1.90356530e-01 1.57401746e-01 1.25267066e-01 9.46630531e-02 6.64050033e-02 4.14388847e-02 2.08984198e-02 6.25682792e-03 1.60171325e-16
-0.00000000e+00 6.70907664e-03 2.23672826e-02 4.42839982e-02 7.08659630e-02 1.00889351e-01 1.33335940e-01 1.67331533e-01 2.02117907e-01 2.37037990e-01 2.71526495e-01 3.05102636e-01 3.37363393e-01 3.67976666e-01 3.96674119e-01 4.23243742e-01 4.47522288e-01 4.69387762e-01 4.88752186e-01 5.05554799e-01 5.19755859e-01 5.31331140e-01 5.40267231e-01 5.46557662e-01 5.50199909e-01 5.51193275e-01 5.49537669e-01 5.45233267e-01 5.38281073e-01 5.28684365e-01 5.16451032e-01 5.01596794e-01 4.84149281e-01 4.64152946e-01 4.41674748e-01 4.16810510e-01 3.89691849e-01 3.60493494e-01 3.29440828e-01 2.96817440e-01 2.62972502e-01 2.28327845e-01 1.93384741e-01 1.58730696e-01 1.25047057e-01 9.31193193e-02 6.38542527e-02 3.83135774e-02 1.77908703e-02 4.03160616e-03 5.56702622e-04 9.92500105e-03 2.73310588e-02 5.05443768e-02 7.80918085e-02 1.08810147e-01 1.41721076e-01 1.75981302e-01 2.10858983e-01 2.45720749e-01 2.80023084e-01 3.13305273e-01 3.45182678e-01 3.75339823e-01 4.03523161e-01 4.29533581e-01 4.53218846e-01 4.74466130e-01 4.93194875e-01 5.09350132e-01 5.22896522e-01 5.33812932e-01 5.42088016e-01 5.47716537e-01 5.50696591e-01 5.51027714e-01 5.48709876e-01 5.43743375e-01 5.36129612e-01 5.25872764e-01 5.12982342e-01 4.97476627e-01 4.79386965e-01 4.58762873e-01 4.35677905e-01 4.10236166e-01 3.82579352e-01 3.52894144e-01 3.21419774e-01 2.88455543e-01 2.54368140e-01 2.19598626e-01 1.84669184e-01 1.50190005e-01 1.16867336e-01 8.55149712e-02 5.70742516e-02 3.26548492e-02 1.36320763e-02 1.95266118e-03 1.95266118e-03 1.36320763e-02 3.26548492e-02 5.70742516e-02 8.55149712e-02 1.16867336e-01 1.50190005e-01 1.84669184e-01 2.19598626e-01 2.54368140e-01 2.88455543e-01 3.21419774e-01 3.52894144e-01 3.82579352e-01 4.10236166e-01 4.35677905e-01 4.58762873e-01 4.79386965e-01 4.97476627e-01 5.12982342e-01 5.25872764e-01 5.36129612e-01 5.43743375e-01 5.48709876e-01 5.51027714e-01 5.50696591e-01 5.47716537e-01 5.42088016e-01 5.33812932e-01 5.22896522e-01 5.09350132e-01 4.93194875e-01 4.74466130e-01 4.53218846e-01 4.29533581e-01 4.03523161e-01 3.75339823e-01 3.45182678e-01 3.13305273e-01 2.80023084e-01 2.45720749e-01 2.10858983e-01 1.75981302e-01 1.41721076e-01 1.08810147e-01 7.80918085e-02 5.05443768e-02 2.73310588e-02 9.92500105e-03 5.56702622e-04 4.03160616e-03 1.77908703e-02 3.83135774e-02 6.38542527e-02 9.31193193e-02 1.25047057e-01 1.58730696e-01 1.93384741e-01 2.28327845e-01 2.62972502e-01 2.96817440e-01 3.29440828e-01 3.60493494e-01 3.89691849e-01 4.16810510e-01 4.41674748e-01 4.64152946e-01 4.84149281e-01 5.01596794e-01 5.16451032e-01 5.28684365e-01 5.38281073e-01 5.45233267e-01 5.49537669e-01 5.51193275e-01 5.50199909e-01 5.46557662e-01 5.40267231e-01 5.31331140e-01 5.19755859e-01 5.05554799e-01 4.88752186e-01 4.69387762e-01 4.47522288e-01 4.23243742e-01 3.96674119e-01 3.67976666e-01 3.37363393e-01 3.05102636e-01 2.71526495e-01 2.37037990e-01 2.02117907e-01 1.67331533e-01 1.33335940e-01 1.00889351e-01 7.08659630e-02 4.42839982e-02 2.23672826e-02 6.70907664e-03 -0.00000000e+00
1.60171325e-16 7.17109833e-03 2.38641178e-02 4.71768505e-02 7.53919673e-02 1.07192691e-01 1.41486557e-01 1.77339229e-01 2.13944258e-01 2.50606933e-01 2.86733847e-01 3.21824597e-01 3.55463986e-01 3.87314078e-01 4.17105912e-01 4.44630950e-01 4.69732446e-01 4.92296958e-01 5.12246218e-01 5.29529579e-01 5.44117157e-01 5.55993815e-01 5.65154030e-01 5.71597713e-01 5.75326973e-01 5.76343851e-01 5.74649007e-01 5.70241365e-01 5.63118707e-01 5.53279223e-01 5.40724020e-01 5.25460596e-01 5.07507257e-01 4.86898480e-01 4.63691145e-01 4.37971579e-01 4.09863271e-01 3.79535109e-01 3.47209928e-01 3.13173138e-01 2.77781228e-01 2.41469962e-01 2.04762260e-01 1.68276031e-01 1.32732804e-01 9.89691320e-02 6.79551934e-02 4.08310358e-02 1.89892435e-02 4.31173764e-03 5.96364656e-04 1.06030734e-02 2.91486263e-02 5.38273064e-02 8.30518004e-02 1.15571318e-01 1.50337120e-01 1.86448907e-01 2.23129366e-01 2.59709965e-01 2.95621290e-01 3.30384967e-01 3.63605876e-01 3.94964110e-01 4.24206625e-01 4.51138638e-01 4.75615014e-01 4.97531847e-01 5.16818459e-01 5.33430003e-01 5.47340815e-01 5.58538603e-01 5.67019560e-01 5.72784411e-01 5.75835423e-01 5.76174377e-01 5.73801497e-01 5.68715327e-01 5.60913568e-01 5.50394868e-01 5.37161568e-01 5.21223415e-01 5.02602223e-01 4.81337449e-01 4.57492648e-01 4.31162690e-01 4.02481626e-01 3.71631022e-01 3.38848548e-01 3.04436598e-01 2.68770723e-01 2.32307750e-01 1.95593599e-01 1.59271213e-01 1.24089629e-01 9.09166269e-02 6.07603697e-02 3.48132770e-02 1.45566343e-02 2.08979193e-03 2.08979193e-03 1.45566343e-02 3.48132770e-02 6.07603697e-02 9.09166269e-02 1.24089629e-01 1.59271213e-01 1.95593599e-01 2.32307750e-01 2.68770723e-01 3.04436598e-01 3.38848548e-01 3.71631022e-01 4.02481626e-01 4.31162690e-01 4.57492648e-01 4.81337449e-01 5.02602223e-01 5.21223415e-01 5.37161568e-01 5.50394868e-01 5.60913568e-01 5.68715327e-01 5.73801497e-01 5.76174377e-01 5.75835423e-01 5.72784411e-01 5.67019560e-01 5.58538603e-01 5.47340815e-01 5.33430003e-01 5.16818459e-01 4.97531847e-01 4.75615014e-01 4.51138638e-01 4.24206625e-01 3.94964110e-01 3.63605876e-01 3.30384967e-01 2.95621290e-01 2.59709965e-01 2.23129366e-01 1.86448907e-01 1.50337120e-01 1.15571318e-01 8.30518004e-02 5.38273064e-02 2.91486263e-02 1.06030734e-02 5.96364656e-04 4.31173764e-03 1.89892435e-02 4.08310358e-02 6.79551934e-02 9.89691320e-02 1.32732804e-01 1.68276031e-01 2.04762260e-01 2.41469962e-01 2.77781228e-01 3.13173138e-01 3.47209928e-01 3.79535109e-01 4.09863271e-01 4.37971579e-01 4.63691145e-01 4.86898480e-01 5.07507257e-01 5.25460596e-01 5.40724020e-01 5.53279223e-01 5.63118707e-01 5.70241365e-01 5.74649007e-01 5.76343851e-01 5.75326973e-01 5.71597713e-01 5.65154030e-01 5.55993815e-01 5.44117157e-01 5.29529579e-01 5.12246218e-01 4.92296958e-01 4.69732446e-01 4.44630950e-01 4.17105912e-01 3.87314078e-01 3.55463986e-01 3.21824597e-01 2.86733847e-01 2.50606933e-01 2.13944258e-01 1.77339229e-01 1.41486557e-01 1.07192691e-01 7.53919673e-02 4.71768505e-02 2.38641178e-02 7.17109833e-03 -3.20342650e-16
4.80513976e-16 7.64179243e-03 2.53852838e-02 5.01102516e-02 7.99715137e-02 1.13556687e-01 1.49697257e-01 1.87397674e-01 2.25802874e-01 2.64180711e-01 3.01910377e-01 3.38472972e-01 3.73442540e-01 4.06476909e-01 4.37308167e-01 4.65732919e-01 4.91602508e-01 5.14813490e-01 5.35298597e-01 5.53018389e-01 5.67953759e-01 5.80099385e-01 5.89458200e-01 5.96036908e-01 5.99842531e-01 6.00880003e-01 5.99150780e-01 5.94652462e-01 5.87379422e-01 5.77324451e-01 5.64481427e-01 5.48849017e-01 5.30435430e-01 5.09264204e-01 4.85381000e-01 4.58861316e-01 4.29819028e-01 3.98415571e-01 3.64869551e-01 3.29466534e-01 2.92568761e-01 2.54624579e-01 2.16177520e-01 1.77875301e-01 1.40479567e-01 1.04878486e-01 7.21068908e-02 4.33851659e-02 2.02077989e-02 4.59733934e-03 6.36882855e-04 1.12934099e-02 3.09946991e-02 5.71544549e-02 8.80677481e-02 1.22393777e-01 1.59011760e-01 1.96963499e-01 2.35425976e-01 2.73695836e-01 3.11178597e-01 3.47379436e-01 3.81894217e-01 4.14400237e-01 4.44646633e-01 4.72444605e-01 4.97657677e-01 5.20192273e-01 5.39988833e-01 5.57013669e-01 5.71251692e-01 5.82700124e-01 5.91363222e-01 5.97248048e-01 6.00361291e-01 6.00707104e-01 5.98285977e-01 5.93094603e-01 5.85126768e-01 5.74375242e-01 5.60834713e-01 5.44505747e-01 5.25399803e-01 5.03545275e-01 4.78994525e-01 4.51831817e-01 4.22182036e-01 3.90219996e-01 3.56180124e-01 3.20366253e-01 2.83161280e-01 2.45036508e-01 2.06560664e-01 1.68408970e-01 1.31373337e-01 9.63762481e-02 6.44941237e-02 3.70043438e-02 1.54973246e-02 2.22972192e-03 2.22972192e-03 1.54973246e-02 3.70043438e-02 6.44941237e-02 9.63762481e-02 1.31373337e-01 1.68408970e-01 2.06560664e-01 2.45036508e-01 2.83161280e-01 3.20366253e-01 3.56180124e-01 3.90219996e-01 4.22182036e-01 4.51831817e-01 4.78994525e-01 5.03545275e-01 5.25399803e-01 5.44505747e-01 5.60834713e-01 5.74375242e-01 5.85126768e-01 5.93094603e-01 5.98285977e-01 6.00707104e-01 6.00361291e-01 5.97248048e-01 5.91363222e-01 5.82700124e-01 5.71251692e-01 5.57013669e-01 5.39988833e-01 5.20192273e-01 4.97657677e-01 4.72444605e-01 4.44646633e-01 4.14400237e-01 3.81894217e-01 3.47379436e-01 3.11178597e-01 2.73695836e-01 2.35425976e-01 1.96963499e-01 1.59011760e-01 1.22393777e-01 8.80677481e-02 5.71544549e-02 3.09946991e-02 1.12934099e-02 6.36882855e-04 4.59733934e-03 2.02077989e-02 4.33851659e-02 7.21068908e-02 1.04878486e-01 1.40479567e-01 1.77875301e-01 2.16177520e-01 2.54624579e-01 2.92568761e-01 3.29466534e-01 3.64869551e-01 3.98415571e-01 4.29819028e-01 4.58861316e-01 4.85381000e-01 5.09264204e-01 5.30435430e-01 5.48849017e-01 5.64481427e-01 5.77324451e-01 5.87379422e-01 5.94652462e-01 5.99150780e-01 6.00880003e-01 5.99842531e-01 5.96036908e-01 5.89458200e-01 5.80099385e-01 5.67953759e-01 5.53018389e-01 5.35298597e-01 5.14813490e-01 4.91602508e-01 4.65732919e-01 4.37308167e-01 4.06476909e-01 3.73442540e-01 3.38472972e-01 3.01910377e-01 2.64180711e-01 2.25802874e-01 1.87397674e-01 1.49697257e-01 1.13556687e-01 7.99715137e-02 5.01102516e-02 2.53852838e-02 7.64179243e-03 3.20342650e-16
-0.00000000e+00 8.12006214e-03 2.69271819e-02 5.30771453e-02 8.45933897e-02 1.19965476e-01 1.57947210e-01 1.97480942e-01 2.37662767e-01 2.77723472e-01 3.17015706e-01 3.55003317e-01 3.91251096e-01 4.25414283e-01 4.57227722e-01 4.86494805e-01 5.13076505e-01 5.36880760e-01 5.57852495e-01 5.75964478e-01 5.91209184e-01 6.03591742e-01 6.13124019e-01 6.19819849e-01 6.23691392e-01 6.24746601e-01 6.22987759e-01 6.18411087e-01 6.11007402e-01 6.00763846e-01 5.87666691e-01 5.71705261e-01 5.52876995e-01 5.31193637e-01 5.06688575e-01 4.79425240e-01 4.49506471e-01 4.17084675e-01 3.82372559e-01 3.45654151e-01 3.07295817e-01 2.67757032e-01 2.27600788e-01 1.87503859e-01 1.48267779e-01 1.10832716e-01 7.62992255e-02 4.59698504e-02 2.14436646e-02 4.88774828e-03 6.78164004e-04 1.19943959e-02 3.28648920e-02 6.05177843e-02 9.31273154e-02 1.29260440e-01 1.67722899e-01 2.07497878e-01 2.47716583e-01 2.87641340e-01 3.26653563e-01 3.64243301e-01 3.99998956e-01 4.33596698e-01 4.64789545e-01 4.93396304e-01 5.19290664e-01 5.42390716e-01 5.62649165e-01 5.80044428e-01 5.94572761e-01 6.06241486e-01 6.15063366e-01 6.21052114e-01 6.24219033e-01 6.24570753e-01 6.22108038e-01 6.16825655e-01 6.08713299e-01 5.97757586e-01 5.83945141e-01 5.67266799e-01 5.47722947e-01 5.25330011e-01 5.00128062e-01 4.72189469e-01 4.41628486e-01 4.08611572e-01 3.73368227e-01 3.36202035e-01 2.97501644e-01 2.57751446e-01 2.17541909e-01 1.77579906e-01 1.38700139e-01 1.01880347e-01 6.82664533e-02 3.92228235e-02 1.64519387e-02 2.37212767e-03 2.37212767e-03 1.64519387e-02 3.92228235e-02 6.82664533e-02 1.01880347e-01 1.38700139e-01 1.77579906e-01 2.17541909e-01 2.57751446e-01 2.97501644e-01 3.36202035e-01 3.73368227e-01 4.08611572e-01 4.41628486e-01 4.72189469e-01 5.00128062e-01 5.25330011e-01 5.47722947e-01 5.67266799e-01 5.83945141e-01 5.97757586e-01 6.08713299e-01 6.16825655e-01 6.22108038e-01 6.24570753e-01 6.24219033e-01 6.21052114e-01 6.15063366e-01 6.06241486e-01 5.94572761e-01 5.80044428e-01 5.62649165e-01 5.42390716e-01 5.19290664e-01 4.93396304e-01 4.64789545e-01 4.33596698e-01 3.99998956e-01 3.64243301e-01 3.26653563e-01 2.87641340e-01 2.47716583e-01 2.07497878e-01 1.67722899e-01 1.29260440e-01 9.31273154e-02 6.05177843e-02 3.28648920e-02 1.19943959e-02 6.78164004e-04 4.88774828e-03 2.14436646e-02 4.59698504e-02 7.62992255e-02 1.10832716e-01 1.48267779e-01 1.87503859e-01 2.27600788e-01 2.67757032e-01 3.07295817e-01 3.45654151e-01 3.82372559e-01 4.17084675e-01 4.49506471e-01 4.79425240e-01 5.06688575e-01 5.31193637e-01 5.52876995e-01 5.71705261e-01 5.87666691e-01 6.00763846e-01 6.11007402e-01 6.18411087e-01 6.22987759e-01 6.24746601e-01 6.23691392e-01 6.19819849e-01 6.13124019e-01 6.03591742e-01 5.91209184e-01 5.75964478e-01 5.57852495e-01 5.36880760e-01 5.13076505e-01 4.86494805e-01 4.57227722e-01 4.25414283e-01 3.91251096e-01 3.55003317e-01 3.17015706e-01 2.77723472e-01 2.37662767e-01 1.97480942e-01 1.57947210e-01 1.19965476e-01 8.45933897e-02 5.30771453e-02 2.69271819e-02 8.12006214e-03 -6.40685301e-16
-0.00000000e+00 8.60482212e-03 2.84862789e-02 5.60706532e-02 8.92467398e-02 1.26403804e-01 1.66216536e-01 2.07564476e-01 2.49494825e-01 2.91201827e-01 3.32012587e-01 3.71375048e-01 4.08846328e-01 4.44080775e-01 4.76817678e-01 5.06868842e-01 5.34106341e-01 5.58450787e-01 5.79860386e-01 5.98321004e-01 6.13837394e-01 6.26425662e-01 6.36106989e-01 6.42902604e-01 6.46829976e-01 6.47900162e-01 6.46116298e-01 6.41473187e-01 6.33957983e-01 6.23551984e-01 6.10233568e-01 5.93982304e-01 5.74784287e-01 5.52638730e-01 5.27565812e-01 4.99615752e-01 4.68879012e-01 4.35497459e-01 3.99676256e-01 3.61696186e-01 3.21926066e-01 2.80834969e-01 2.39004069e-01 1.97138310e-01 1.56078727e-01 1.16817698e-01 8.05223836e-02 4.85791153e-02 2.26940164e-02 5.18230681e-03 7.20115012e-04 1.27044370e-02 3.47549079e-02 6.39094723e-02 9.82185791e-02 1.36154912e-01 1.76449486e-01 2.18026328e-01 2.59970974e-01 3.01512080e-01 3.42008056e-01 3.80935236e-01 4.17876183e-01 4.52507641e-01 4.84588192e-01 5.13945841e-01 5.40465871e-01 5.64079282e-01 5.84752082e-01 6.02475635e-01 6.17258189e-01 6.29117658e-01 6.38075657e-01 6.44152788e-01 6.47365118e-01 6.47721825e-01 6.45223956e-01 6.39864294e-01 6.31628317e-01 6.20496274e-01 6.06446407e-01 5.89459369e-01 5.69523865e-01 5.46643567e-01 5.20845266e-01 4.92188245e-01 4.60774737e-01 4.26761295e-01 3.90370825e-01 3.51904956e-01 3.11756437e-01 2.70421269e-01 2.28510472e-01 1.86761796e-01 1.46052487e-01 1.07415909e-01 7.20685567e-02 4.14636041e-02 1.74183006e-02 2.51668733e-03 2.51668733e-03 1.74183006e-02 4.14636041e-02 7.20685567e-02 1.07415909e-01 1.46052487e-01 1.86761796e-01 2.28510472e-01 2.70421269e-01 3.11756437e-01 3.51904956e-01 3.90370825e-01 4.26761295e-01 4.60774737e-01 4.92188245e-01 5.20845266e-01 5.46643567e-01 5.69523865e-01 5.89459369e-01 6.06446407e-01 6.20496274e-01 6.31628317e-01 6.39864294e-01 6.45223956e-01 6.47721825e-01 6.47365118e-01 6.44152788e-01 6.38075657e-01 6.29117658e-01 6.17258189e-01 6.02475635e-01 5.84752082e-01 5.64079282e-01 5.40465871e-01 5.13945841e-01 4.84588192e-01 4.52507641e-01 4.17876183e-01 3.80935236e-01 3.42008056e-01 3.01512080e-01 2.59970974e-01 2.18026328e-01 1.76449486e-01 1.36154912e-01 9.82185791e-02 6.39094723e-02 3.47549079e-02 1.27044370e-02 7.20115012e-04 5.18230681e-03 2.26940164e-02 4.85791153e-02 8.05223836e-02 1.16817698e-01 1.56078727e-01 1.97138310e-01 2.39004069e-01 2.80834969e-01 3.21926066e-01 3.61696186e-01 3.99676256e-01 4.35497459e-01 4.68879012e-01 4.99615752e-01 5.27565812e-01 5.52638730e-01 5.74784287e-01 5.93982304e-01 6.10233568e-01 6.23551984e-01 6.33957983e-01 6.41473187e-01 6.46116298e-01 6.47900162e-01 6.46829976e-01 6.42902604e-01 6.36106989e-01 6.26425662e-01 6.13837394e-01 5.98321004e-01 5.79860386e-01 5.58450787e-01 5.34106341e-01 5.06868842e-01 4.76817678e-01 4.44080775e-01 4.08846328e-01 3.71375048e-01 3.32012587e-01 2.91201827e-01 2.49494825e-01 2.07564476e-01 1.66216536e-01 1.26403804e-01 8.92467398e-02 5.60706532e-02 2.84862789e-02 8.60482212e-03 1.60171325e-16
3.20342650e-16 9.09500475e-03 3.00591265e-02 5.90841086e-02 9.39211154e-02 1.32857094e-01 1.74486383e-01 2.17625180e-01 2.61271914e-01 3.04584961e-01 3.46867006e-01 3.87551534e-01 4.26189627e-01 4.62436452e-01 4.96037423e-01 5.26814318e-01 5.54651708e-01 5.79484066e-01 6.01283850e-01 6.20050788e-01 6.35802487e-01 6.48566446e-01 6.58373442e-01 6.65252288e-01 6.69225867e-01 6.70308403e-01 6.68503896e-01 6.63805708e-01 6.56197257e-01 6.45653876e-01 6.32145839e-01 6.15642645e-01 5.96118596e-01 5.73559748e-01 5.47972260e-01 5.19392113e-01 4.87896152e-01 4.53614261e-01 4.16742464e-01 3.77556603e-01 3.36426245e-01 2.93828454e-01 2.50361212e-01 2.06756609e-01 1.63894634e-01 1.22819908e-01 8.47669021e-02 5.12071606e-02 2.39560924e-02 5.48036655e-03 7.62643512e-04 1.34219684e-02 3.66605601e-02 6.73219504e-02 1.03330083e-01 1.43061555e-01 1.85171596e-01 2.28524721e-01 2.72161057e-01 3.15276393e-01 3.57207349e-01 3.97418053e-01 4.35486894e-01 4.71092904e-01 5.04001884e-01 5.34052561e-01 5.61143158e-01 5.85218715e-01 6.06259465e-01 6.24270430e-01 6.39272386e-01 6.51294216e-01 6.60366647e-01 6.66517332e-01 6.69767198e-01 6.70128015e-01 6.67601120e-01 6.62177277e-01 6.53837664e-01 6.42556019e-01 6.28301971e-01 6.11045643e-01 5.90763569e-01 5.67445996e-01 5.41105571e-01 5.11787411e-01 4.79580437e-01 4.44629811e-01 4.07150215e-01 3.67439617e-01 3.25893178e-01 2.83016950e-01 2.39441204e-01 1.95933652e-01 1.53413673e-01 1.12970452e-01 7.58919323e-02 4.37217135e-02 1.83942782e-02 2.66308271e-03 2.66308271e-03 1.83942782e-02 4.37217135e-02 7.58919323e-02 1.12970452e-01 1.53413673e-01 1.95933652e-01 2.39441204e-01 2.83016950e-01 3.25893178e-01 3.67439617e-01 4.07150215e-01 4.44629811e-01 4.79580437e-01 5.11787411e-01 5.41105571e-01 5.67445996e-01 5.90763569e-01 6.11045643e-01 6.28301971e-01 6.42556019e-01 6.53837664e-01 6.62177277e-01 6.67601120e-01 6.70128015e-01 6.69767198e-01 6.66517332e-01 6.60366647e-01 6.51294216e-01 6.39272386e-01 6.24270430e-01 6.06259465e-01 5.85218715e-01 5.61143158e-01 5.34052561e-01 5.04001884e-01 4.71092904e-01 4.35486894e-01 3.97418053e-01 3.57207349e-01 3.15276393e-01 2.72161057e-01 2.28524721e-01 1.85171596e-01 1.43061555e-01 1.03330083e-01 6.73219504e-02 3.66605601e-02 1.34219684e-02 7.62643512e-04 5.48036655e-03 2.39560924e-02 5.12071606e-02 8.47669021e-02 1.22819908e-01 1.63894634e-01 2.06756609e-01 2.50361212e-01 2.93828454e-01 3.36426245e-01 3.77556603e-01 4.16742464e-01 4.53614261e-01 4.87896152e-01 5.19392113e-01 5.47972260e-01 5.73559748e-01 5.96118596e-01 6.15642645e-01 6.32145839e-01 6.45653876e-01 6.56197257e-01 6.63805708e-01 6.68503896e-01 6.70308403e-01 6.69225867e-01 6.65252288e-01 6.58373442e-01 6.48566446e-01 6.35802487e-01 6.20050788e-01 6.01283850e-01 5.79484066e-01 5.54651708e-01 5.26814318e-01 4.96037423e-01 4.62436452e-01 4.26189627e-01 3.87551534e-01 3.46867006e-01 3.04584961e-01 2.61271914e-01 2.17625180e-01 1.74486383e-01 1.32857094e-01 9.39211154e-02 5.90841086e-02 3.00591265e-02 9.09500475e-03 6.40685301e-16
-0.00000000e+00 9.58956497e-03 3.16423750e-02 6.21110811e-02 9.86065105e-02 1.39311496e-01 1.82738980e-01 2.27641480e-01 2.72968937e-01 3.17844684e-01 3.61548224e-01 4.03500113e-01 4.43247081e-01 4.80446823e-01 5.14852521e-01 5.46297416e-01 5.74679870e-01 5.99949285e-01 6.22093218e-01 6.41125891e-01 6.57078217e-01 6.69989386e-01 6.79899963e-01 6.86846447e-01 6.90857192e-01 6.91949610e-01 6.90128573e-01 6.85385989e-01 6.77701516e-01 6.67044452e-01 6.53376847e-01 6.36657914e-01 6.16849828e-01 5.93924998e-01 5.67874874e-01 5.38720303e-01 5.06523383e-01 4.71400674e-01 4.33537521e-01 3.93203161e-01 3.50766194e-01 3.06710021e-01 2.61647965e-01 2.16338111e-01 1.71698703e-01 1.28826469e-01 8.90237026e-02 5.38483822e-02 2.52272053e-02 5.78129125e-03 8.05658332e-04 1.41454614e-02 3.85777890e-02 7.07479314e-02 1.08450878e-01 1.49965535e-01 1.93870492e-01 2.38970567e-01 2.84260915e-01 3.28905395e-01 3.72220161e-01 4.13658716e-01 4.52796972e-01 4.89317954e-01 5.22996291e-01 5.53682879e-01 5.81290116e-01 6.05778100e-01 6.27142075e-01 6.45401307e-01 6.60589510e-01 6.72746805e-01 6.81913195e-01 6.88123475e-01 6.91403478e-01 6.91767583e-01 6.89217418e-01 6.83741715e-01 6.75317318e-01 6.63911373e-01 6.49484754e-01 6.31996815e-01 6.11411549e-01 5.87705237e-01 5.60875649e-01 5.30952777e-01 4.98011048e-01 4.62182837e-01 4.23673026e-01 3.82774236e-01 3.39882328e-01 2.95511784e-01 2.50310725e-01 2.05075777e-01 1.60767883e-01 1.18532070e-01 7.97284088e-02 4.59923392e-02 1.93777930e-02 2.81100083e-03 2.81100083e-03 1.93777930e-02 4.59923392e-02 7.97284088e-02 1.18532070e-01 1.60767883e-01 2.05075777e-01 2.50310725e-01 2.95511784e-01 3.39882328e-01 3.82774236e-01 4.23673026e-01 4.62182837e-01 4.98011048e-01 5.30952777e-01 5.60875649e-01 5.87705237e-01 6.11411549e-01 6.31996815e-01 6.49484754e-01 6.63911373e-01 6.75317318e-01 6.83741715e-01 6.89217418e-01 6.91767583e-01 6.91403478e-01 6.88123475e-01 6.81913195e-01 6.72746805e-01 6.60589510e-01 6.45401307e-01 6.27142075e-01 6.05778100e-01 5.81290116e-01 5.53682879e-01 5.22996291e-01 4.89317954e-01 4.52796972e-01 4.13658716e-01 3.72220161e-01 3.28905395e-01 2.84260915e-01 2.38970567e-01 1.93870492e-01 1.49965535e-01 1.08450878e-01 7.07479314e-02 3.85777890e-02 1.41454614e-02 8.05658332e-04 5.78129125e-03 2.52272053e-02 5.38483822e-02 8.90237026e-02 1.28826469e-01 1.71698703e-01 2.16338111e-01 2.61647965e-01 3.06710021e-01 3.50766194e-01 3.93203161e-01 4.33537521e-01 4.71400674e-01 5.06523383e-01 5.38720303e-01 5.67874874e-01 5.93924998e-01 6.16849828e-01 6.36657914e-01 6.53376847e-01 6.67044452e-01 6.77701516e-01 6.85385989e-01 6.90128573e-01 6.91949610e-01 6.90857192e-01 6.86846447e-01 6.79899963e-01 6.69989386e-01 6.57078217e-01 6.41125891e-01 6.22093218e-01 5.99949285e-01 5.74679870e-01 5.46297416e-01 5.14852521e-01 4.80446823e-01 4.43247081e-01 4.03500113e-01 3.61548224e-01 3.17844684e-01 2.72968937e-01 2.27641480e-01 1.82738980e-01 1.39311496e-01 9.86065105e-02 6.21110811e-02 3.16423750e-02 9.58956497e-03 3.20342650e-16
1.60171325e-16 1.00874838e-02 3.32327831e-02 6.51453924e-02 1.03293383e-01 1.45753902e-01 1.90957664e-01 2.37593344e-01 2.84562846e-01 3.30955425e-01 3.76028750e-01 4.19192042e-01 4.59989384e-01 4.98082697e-01 5.33234514e-01 5.65290946e-01 5.94165324e-01 6.19822919e-01 6.42267096e-01 6.61527069e-01 6.77647382e-01 6.90679103e-01 7.00672674e-01 7.07672313e-01 7.11711846e-01 7.12811861e-01 7.10978101e-01 7.06201026e-01 6.98456539e-01 6.87707901e-01 6.73908893e-01 6.57008332e-01 6.36956049e-01 6.13710440e-01 5.87247698e-01 5.57572771e-01 5.24732012e-01 4.88827415e-01 4.50032197e-01 4.08607364e-01 3.64918842e-01 3.19454680e-01 2.72841993e-01 2.25863598e-01 1.79475150e-01 1.34825176e-01 9.32841108e-02 5.64973858e-02 2.65047497e-02 6.08445927e-03 8.49069855e-04 1.48734285e-02 4.05026732e-02 7.41804266e-02 1.13570539e-01 1.56852850e-01 2.02528642e-01 2.49343043e-01 2.96246820e-01 3.42372976e-01 3.87018624e-01 4.29628273e-01 4.69777078e-01 5.07153727e-01 5.41543227e-01 5.72809991e-01 6.00881715e-01 6.25734435e-01 6.47379057e-01 6.65849546e-01 6.81192838e-01 6.93460451e-01 7.02701740e-01 7.08958659e-01 7.12261944e-01 7.12628575e-01 7.10060471e-01 7.04544338e-01 6.96052692e-01 6.84546076e-01 6.69976552e-01 6.52292572e-01 6.31445333e-01 6.07396750e-01 5.80129110e-01 5.49656460e-01 5.16037673e-01 4.79391042e-01 4.39910147e-01 3.97880609e-01 3.53697276e-01 3.07881393e-01 2.61097440e-01 2.14169787e-01 1.68100220e-01 1.24089448e-01 8.35701643e-02 4.82708407e-02 2.03668264e-02 2.96013505e-03 2.96013505e-03 2.03668264e-02 4.82708407e-02 8.35701643e-02 1.24089448e-01 1.68100220e-01 2.14169787e-01 2.61097440e-01 3.07881393e-01 3.53697276e-01 3.97880609e-01 4.39910147e-01 4.79391042e-01 5.16037673e-01 5.49656460e-01 5.80129110e-01 6.07396750e-01 6.31445333e-01 6.52292572e-01 6.69976552e-01 6.84546076e-01 6.96052692e-01 7.04544338e-01 7.10060471e-01 7.12628575e-01 7.12261944e-01 7.08958659e-01 7.02701740e-01 6.93460451e-01 6.81192838e-01 6.65849546e-01 6.47379057e-01 6.25734435e-01 6.00881715e-01 5.72809991e-01 5.41543227e-01 5.07153727e-01 4.69777078e-01 4.29628273e-01 3.87018624e-01 3.42372976e-01 2.96246820e-01 2.49343043e-01 2.02528642e-01 1.56852850e-01 1.13570539e-01 7.41804266e-02 4.05026732e-02 1.48734285e-02 8.49069855e-04 6.08445927e-03 2.65047497e-02 5.64973858e-02 9.32841108e-02 1.34825176e-01 1.79475150e-01 2.25863598e-01 2.72841993e-01 3.19454680e-01 3.64918842e-01 4.08607364e-01 4.50032197e-01 4.88827415e-01 5.24732012e-01 5.57572771e-01 5.87247698e-01 6.13710440e-01 6.36956049e-01 6.57008332e-01 6.73908893e-01 6.87707901e-01 6.98456539e-01 7.06201026e-01 7.10978101e-01 7.12811861e-01 7.11711846e-01 7.07672313e-01 7.00672674e-01 6.90679103e-01 6.77647382e-01 6.61527069e-01 6.42267096e-01 6.19822919e-01 5.94165324e-01 5.65290946e-01 5.33234514e-01 4.98082697e-01 4.59989384e-01 4.19192042e-01 3.76028750e-01 3.30955425e-01 2.84562846e-01 2.37593344e-01 1.90957664e-01 1.45753902e-01 1.03293383e-01 6.51453924e-02 3.32327831e-02 1.00874838e-02 -0.00000000e+00
3.20342650e-16 1.05877706e-02 3.48272234e-02 6.81811252e-02 1.07972663e-01 1.52171965e-01 1.99126881e-01 2.47462274e-01 2.96032623e-01 3.43894195e-01 3.90284270e-01 4.34602380e-01 4.76391675e-01 5.15319965e-01 5.51160646e-01 5.83773999e-01 6.13089376e-01 6.39088725e-01 6.61791782e-01 6.81243117e-01 6.97501101e-01 7.10628759e-01 7.20686410e-01 7.27725946e-01 7.31786614e-01 7.32892143e-01 7.31049133e-01 7.26246616e-01 7.18456784e-01 7.07636908e-01 6.93732539e-01 6.76682084e-01 6.56422922e-01 6.32899204e-01 6.06071458e-01 5.75928107e-01 5.42498893e-01 5.05870130e-01 4.66201545e-01 4.23744360e-01 3.78860141e-01 3.32039877e-01 2.83922860e-01 2.35315277e-01 1.87209205e-01 1.40804497e-01 9.75398658e-02 5.91489956e-02 2.77862072e-02 6.38926496e-03 8.92790278e-04 1.56044263e-02 4.24314361e-02 7.76127546e-02 1.18679183e-01 1.63710335e-01 2.11129727e-01 2.59622974e-01 3.08097204e-01 3.55655753e-01 4.01578200e-01 4.45301740e-01 4.86402477e-01 5.24576400e-01 5.59620354e-01 5.91413513e-01 6.19899860e-01 6.45072109e-01 6.66957344e-01 6.85604545e-01 7.01074032e-01 7.13428776e-01 7.22727466e-01 7.29019173e-01 7.32339482e-01 7.32707946e-01 7.30126767e-01 7.24580653e-01 7.16037838e-01 7.04452313e-01 6.89767353e-01 6.71920474e-01 6.50849948e-01 6.26503045e-01 5.98846113e-01 5.67876572e-01 5.33636811e-01 4.96229861e-01 4.55836589e-01 4.12734019e-01 3.67314285e-01 3.20103696e-01 2.71781531e-01 2.23198615e-01 1.75396712e-01 1.29631881e-01 8.74097353e-02 5.05527570e-02 2.13594235e-02 3.11018589e-03 3.11018589e-03 2.13594235e-02 5.05527570e-02 8.74097353e-02 1.29631881e-01 1.75396712e-01 2.23198615e-01 2.71781531e-01 3.20103696e-01 3.67314285e-01 4.12734019e-01 4.55836589e-01 4.96229861e-01 5.33636811e-01 5.67876572e-01 5.98846113e-01 6.26503045e-01 6.50849948e-01 6.71920474e-01 6.89767353e-01 7.04452313e-01 7.16037838e-01 7.24580653e-01 7.30126767e-01 7.32707946e-01 7.32339482e-01 7.29019173e-01 7.22727466e-01 7.13428776e-01 7.01074032e-01 6.85604545e-01 6.66957344e-01 6.45072109e-01 6.19899860e-01 5.91413513e-01 5.59620354e-01 5.24576400e-01 4.86402477e-01 4.45301740e-01 4.01578200e-01 3.55655753e-01 3.08097204e-01 2.59622974e-01 2.11129727e-01 1.63710335e-01 1.18679183e-01 7.76127546e-02 4.24314361e-02 1.56044263e-02 8.92790278e-04 6.38926496e-03 2.77862072e-02 5.91489956e-02 9.75398658e-02 1.40804497e-01 1.87209205e-01 2.35315277e-01 2.83922860e-01 3.32039877e-01 3.78860141e-01 4.23744360e-01 4.66201545e-01 5.05870130e-01 5.42498893e-01 5.75928107e-01 6.06071458e-01 6.32899204e-01 6.56422922e-01 6.76682084e-01 6.93732539e-01 7.07636908e-01 7.18456784e-01 7.26246616e-01 7.31049133e-01 7.32892143e-01 7.31786614e-01 7.27725946e-01 7.20686410e-01 7.10628759e-01 6.97501101e-01 6.81243117e-01 6.61791782e-01 6.39088725e-01 6.13089376e-01 5.83773999e-01 5.51160646e-01 5.15319965e-01 4.76391675e-01 4.34602380e-01 3.90284270e-01 3.43894195e-01 2.96032623e-01 2.47462274e-01 1.99126881e-01 1.52171965e-01 1.07972663e-01 6.81811252e-02 3.48272234e-02 1.05877706e-02 -0.00000000e+00
3.20342650e-16 1.10894643e-02 3.64226845e-02 7.12126238e-02 1.12635753e-01 1.58554082e-01 2.07232171e-01 2.57231277e-01 3.07359224e-01 3.56640504e-01 4.04293530e-01 4.49709830e-01 4.92433328e-01 5.32139328e-01 5.68613516e-01 6.01731525e-01 6.31439648e-01 6.57737168e-01 6.80660615e-01 7.00270144e-01 7.16638026e-01 7.29839216e-01 7.39943820e-01 7.47011299e-01 7.51086221e-01 7.52195393e-01 7.50346254e-01 7.45526436e-01 7.37704495e-01 7.26831818e-01 7.12845829e-01 6.95674600e-01 6.75243071e-01 6.51481035e-01 6.24333084e-01 5.93770636e-01 5.59806104e-01 5.22509130e-01 4.82024707e-01 4.38592797e-01 3.92568964e-01 3.44445419e-01 2.94871983e-01 2.44676747e-01 1.94887098e-01 1.46753578e-01 1.01783120e-01 6.17982549e-02 2.90691484e-02 6.69511946e-03 9.36733770e-04 1.63370575e-02 4.43604479e-02 8.10385424e-02 1.23767456e-01 1.70525652e-01 2.19658615e-01 2.69792806e-01 3.19792601e-01 3.68732979e-01 4.15877557e-01 4.60657921e-01 5.02652816e-01 5.41567099e-01 5.77210823e-01 6.09479038e-01 6.38332869e-01 6.63782307e-01 6.85870982e-01 7.04663072e-01 7.20232329e-01 7.32653129e-01 7.41993398e-01 7.48309214e-01 7.51640924e-01 7.52010596e-01 7.49420713e-01 7.43854025e-01 7.35274568e-01 7.23629886e-01 7.08854571e-01 6.90875266e-01 6.69617300e-01 6.45013153e-01 6.17012914e-01 5.85596839e-01 5.50790047e-01 5.12679253e-01 4.71431304e-01 4.27313102e-01 3.80712395e-01 3.32158845e-01 2.82344909e-01 2.32146482e-01 1.82644296e-01 1.35149263e-01 9.12400166e-02 5.28338083e-02 2.23536949e-02 3.26086149e-03 3.26086149e-03 2.23536949e-02 5.28338083e-02 9.12400166e-02 1.35149263e-01 1.82644296e-01 2.32146482e-01 2.82344909e-01 3.32158845e-01 3.80712395e-01 4.27313102e-01 4.71431304e-01 5.12679253e-01 5.50790047e-01 5.85596839e-01 6.17012914e-01 6.45013153e-01 6.69617300e-01 6.90875266e-01 7.08854571e-01 7.23629886e-01 7.35274568e-01 7.43854025e-01 7.49420713e-01 7.52010596e-01 7.51640924e-01 7.48309214e-01 7.41993398e-01 7.32653129e-01 7.20232329e-01 7.04663072e-01 6.85870982e-01 6.63782307e-01 6.38332869e-01 6.09479038e-01 5.77210823e-01 5.41567099e-01 5.02652816e-01 4.60657921e-01 4.15877557e-01 3.68732979e-01 3.19792601e-01 2.69792806e-01 2.19658615e-01 1.70525652e-01 1.23767456e-01 8.10385424e-02 4.43604479e-02 1.63370575e-02 9.36733770e-04 6.69511946e-03 2.90691484e-02 6.17982549e-02 1.01783120e-01 1.46753578e-01 1.94887098e-01 2.44676747e-01 2.94871983e-01 3.44445419e-01 3.92568964e-01 4.38592797e-01 4.82024707e-01 5.22509130e-01 5.59806104e-01 5.93770636e-01 6.24333084e-01 6.51481035e-01 6.75243071e-01 6.95674600e-01 7.12845829e-01 7.26831818e-01 7.37704495e-01 7.45526436e-01 7.50346254e-01 7.52195393e-01 7.51086221e-01 7.47011299e-01 7.39943820e-01 7.29839216e-01 7.16638026e-01 7.00270144e-01 6.80660615e-01 6.57737168e-01 6.31439648e-01 6.01731525e-01 5.68613516e-01 5.32139328e-01 4.92433328e-01 4.49709830e-01 4.04293530e-01 3.56640504e-01 3.07359224e-01 2.57231277e-01 2.07232171e-01 1.58554082e-01 1.12635753e-01 7.12126238e-02 3.64226845e-02 1.10894643e-02 -0.00000000e+00
-0.00000000e+00 1.15916336e-02 3.80162700e-02 7.42344902e-02 1.17274515e-01 1.64889378e-01 2.15260131e-01 2.66884812e-01 3.18525503e-01 3.69176251e-01 4.18038188e-01 4.64496543e-01 5.08097692e-01 5.48525975e-01 5.85580686e-01 6.19153864e-01 6.49209523e-01 6.75764788e-01 6.98873268e-01 7.18610791e-01 7.35063493e-01 7.48318129e-01 7.58454427e-01 7.65539247e-01 7.69622341e-01 7.70733505e-01 7.68880990e-01 7.64051073e-01 7.56208775e-01 7.45299748e-01 7.31253457e-01 7.13987805e-01 6.93415397e-01 6.69451683e-01 6.42025182e-01 6.11089976e-01 5.76640568e-01 5.38729088e-01 4.97484670e-01 4.53134634e-01 4.06026957e-01 3.56653381e-01 3.05672561e-01 2.53932957e-01 2.02496029e-01 1.52662215e-01 1.06006429e-01 6.44404237e-02 3.03512326e-02 7.00145098e-03 9.80816539e-04 1.70699705e-02 4.62862238e-02 8.44517194e-02 1.28826530e-01 1.77287267e-01 2.28101326e-01 2.79836539e-01 3.31315563e-01 3.81586422e-01 4.29898409e-01 4.75679203e-01 5.18511849e-01 5.58111562e-01 5.94302857e-01 6.26997649e-01 6.56174913e-01 6.81862362e-01 7.04120405e-01 7.23028475e-01 7.38673685e-01 7.51141678e-01 7.60509445e-01 7.66839911e-01 7.70178053e-01 7.70548383e-01 7.67953656e-01 7.62374721e-01 7.53771533e-01 7.42085345e-01 7.27242238e-01 7.09158133e-01 6.87745507e-01 6.62922031e-01 6.34621352e-01 6.02806171e-01 5.67483696e-01 5.28723414e-01 4.86676958e-01 4.41599671e-01 3.93873292e-01 3.44029131e-01 2.92771156e-01 2.40998857e-01 1.89830796e-01 1.40632075e-01 9.50542544e-02 5.51098939e-02 2.33478168e-02 3.41187777e-03 3.41187777e-03 2.33478168e-02 5.51098939e-02 9.50542544e-02 1.40632075e-01 1.89830796e-01 2.40998857e-01 2.92771156e-01 3.44029131e-01 3.93873292e-01 4.41599671e-01 4.86676958e-01 5.28723414e-01 5.67483696e-01 6.02806171e-01 6.34621352e-01 6.62922031e-01 6.87745507e-01 7.09158133e-01 7.27242238e-01 7.42085345e-01 7.53771533e-01 7.62374721e-01 7.67953656e-01 7.70548383e-01 7.70178053e-01 7.66839911e-01 7.60509445e-01 7.51141678e-01 7.38673685e-01 7.23028475e-01 7.04120405e-01 6.81862362e-01 6.56174913e-01 6.26997649e-01 5.94302857e-01 5.58111562e-01 5.18511849e-01 4.75679203e-01 4.29898409e-01 3.81586422e-01 3.31315563e-01 2.79836539e-01 2.28101326e-01 1.77287267e-01 1.28826530e-01 8.44517194e-02 4.62862238e-02 1.70699705e-02 9.80816539e-04 7.00145098e-03 3.03512326e-02 6.44404237e-02 1.06006429e-01 1.52662215e-01 2.02496029e-01 2.53932957e-01 3.05672561e-01 3.56653381e-01 4.06026957e-01 4.53134634e-01 4.97484670e-01 5.38729088e-01 5.76640568e-01 6.11089976e-01 6.42025182e-01 6.69451683e-01 6.93415397e-01 7.13987805e-01 7.31253457e-01 7.45299748e-01 7.56208775e-01 7.64051073e-01 7.68880990e-01 7.70733505e-01 7.69622341e-01 7.65539247e-01 7.58454427e-01 7.48318129e-01 7.35063493e-01 7.18610791e-01 6.98873268e-01 6.75764788e-01 6.49209523e-01 6.19153864e-01 5.85580686e-01 5.48525975e-01 5.08097692e-01 4.64496543e-01 4.18038188e-01 3.69176251e-01 3.18525503e-01 2.66884812e-01 2.15260131e-01 1.64889378e-01 1.17274515e-01 7.42344902e-02 3.80162700e-02 1.15916336e-02 -3.20342650e-16
-6.40685301e-16 1.20933762e-02 3.96051955e-02 7.72415752e-02 1.21881257e-01 1.71167678e-01 2.23198371e-01 2.76408718e-01 3.29516119e-01 3.81485594e-01 4.31502639e-01 4.78947890e-01 5.23371810e-01 5.64469230e-01 6.02054255e-01 6.36036248e-01 6.66397567e-01 6.93173547e-01 7.16435011e-01 7.36273435e-01 7.52788662e-01 7.66079037e-01 7.76233668e-01 7.83326599e-01 7.87412588e-01 7.88524314e-01 7.86670808e-01 7.81837045e-01 7.73984635e-01 7.63053681e-01 7.48965922e-01 7.31629321e-01 7.10944357e-01 6.86812262e-01 6.59145475e-01 6.27880549e-01 5.92993654e-01 5.54518708e-01 5.12567997e-01 4.67354930e-01 4.19218387e-01 3.68647977e-01 3.16309485e-01 2.63070138e-01 2.10024126e-01 1.58520837e-01 1.10202738e-01 6.70709713e-02 3.16302050e-02 7.30770448e-03 1.02495684e-03 1.78018584e-02 4.82054200e-02 8.78465070e-02 1.33848075e-01 1.83984419e-01 2.36444980e-01 2.89739659e-01 3.42650556e-01 3.94200230e-01 4.43625324e-01 4.90351312e-01 5.33967135e-01 5.74199764e-01 6.10889311e-01 6.43965397e-01 6.73425404e-01 6.99315075e-01 7.21711686e-01 7.40709857e-01 7.56409896e-01 7.68908483e-01 7.78291440e-01 7.84628327e-01 7.87968593e-01 7.88339105e-01 7.85742877e-01 7.80158932e-01 7.71543283e-01 7.59831093e-01 7.44940166e-01 7.26775932e-01 7.05238204e-01 6.80229943e-01 6.51668307e-01 6.19498197e-01 5.83708419e-01 5.44350458e-01 5.01559675e-01 4.55578516e-01 4.06781159e-01 3.55698872e-01 3.03045442e-01 2.49742401e-01 1.96944885e-01 1.46071360e-01 9.88460337e-02 5.73770861e-02 2.43400293e-02 3.56295837e-03 3.56295837e-03 2.43400293e-02 5.73770861e-02 9.88460337e-02 1.46071360e-01 1.96944885e-01 2.49742401e-01 3.03045442e-01 3.55698872e-01 4.06781159e-01 4.55578516e-01 5.01559675e-01 5.44350458e-01 5.83708419e-01 6.19498197e-01 6.51668307e-01 6.80229943e-01 7.05238204e-01 7.26775932e-01 7.44940166e-01 7.59831093e-01 7.71543283e-01 7.80158932e-01 7.85742877e-01 7.88339105e-01 7.87968593e-01 7.84628327e-01 7.78291440e-01 7.68908483e-01 7.56409896e-01 7.40709857e-01 7.21711686e-01 6.99315075e-01 6.73425404e-01 6.43965397e-01 6.10889311e-01 5.74199764e-01 5.33967135e-01 4.90351312e-01 4.43625324e-01 3.94200230e-01 3.42650556e-01 2.89739659e-01 2.36444980e-01 1.83984419e-01 1.33848075e-01 8.78465070e-02 4.82054200e-02 1.78018584e-02 1.02495684e-03 7.30770448e-03 3.16302050e-02 6.70709713e-02 1.10202738e-01 1.58520837e-01 2.10024126e-01 2.63070138e-01 3.16309485e-01 3.68647977e-01 4.19218387e-01 4.67354930e-01 5.12567997e-01 5.54518708e-01 5.92993654e-01 6.27880549e-01 6.59145475e-01 6.86812262e-01 7.10944357e-01 7.31629321e-01 7.48965922e-01 7.63053681e-01 7.73984635e-01 7.81837045e-01 7.86670808e-01 7.88524314e-01 7.87412588e-01 7.83326599e-01 7.76233668e-01 7.66079037e-01 7.52788662e-01 7.36273435e-01 7.16435011e-01 6.93173547e-01 6.66397567e-01 6.36036248e-01 6.02054255e-01 5.64469230e-01 5.23371810e-01 4.78947890e-01 4.31502639e-01 3.81485594e-01 3.29516119e-01 2.76408718e-01 2.23198371e-01 1.71167678e-01 1.21881257e-01 7.72415752e-02 3.96051955e-02 1.20933762e-02 -3.20342650e-16
1.60171325e-16 1.25938181e-02 4.11867828e-02 8.02289659e-02 1.26448706e-01 1.77379467e-01 2.31035459e-01 2.85790142e-01 3.40317420e-01 3.93554802e-01 4.44673822e-01 4.93052217e-01 5.38246111e-01 5.79962180e-01 6.18030414e-01 6.52378270e-01 6.83006929e-01 7.09970148e-01 7.33355972e-01 7.53271369e-01 7.69829647e-01 7.83140438e-01 7.93301941e-01 8.00395112e-01 8.04479519e-01 8.05590594e-01 8.03738120e-01 7.98905822e-01 7.91052045e-01 7.80111566e-01 7.65998669e-01 7.48611681e-01 7.27839243e-01 7.03568595e-01 6.75696216e-01 6.44141078e-01 6.08860741e-01 5.69870365e-01 5.27264539e-01 4.81241612e-01 4.32129956e-01 3.80415428e-01 3.26769241e-01 2.72075738e-01 2.17460394e-01 1.64320464e-01 1.14365363e-01 6.96855658e-02 3.29038931e-02 7.61334112e-03 1.06907492e-03 1.85314576e-02 5.01148268e-02 9.12174037e-02 1.38824238e-01 1.90607076e-01 2.44677736e-01 2.99489049e-01 3.53783839e-01 4.06560771e-01 4.57045527e-01 5.04663055e-01 5.49009718e-01 5.89825532e-01 6.26967205e-01 6.60382757e-01 6.90088387e-01 7.16148023e-01 7.38655771e-01 7.57721256e-01 7.73457714e-01 7.85972565e-01 7.95360172e-01 8.01696473e-01 8.05035210e-01 8.05405500e-01 8.02810607e-01 7.97227805e-01 7.88609331e-01 7.76884496e-01 7.61963108e-01 7.43740412e-01 7.22103832e-01 6.96941825e-01 6.68155143e-01 6.35670782e-01 5.99458805e-01 5.59552078e-01 5.16068764e-01 4.69237194e-01 4.19422506e-01 3.67154284e-01 3.13154428e-01 2.58364898e-01 2.03976035e-01 1.51458695e-01 1.02609261e-01 5.96316223e-02 2.53286333e-02 3.71383439e-03 3.71383439e-03 2.53286333e-02 5.96316223e-02 1.02609261e-01 1.51458695e-01 2.03976035e-01 2.58364898e-01 3.13154428e-01 3.67154284e-01 4.19422506e-01 4.69237194e-01 5.16068764e-01 5.59552078e-01 5.99458805e-01 6.35670782e-01 6.68155143e-01 6.96941825e-01 7.22103832e-01 7.43740412e-01 7.61963108e-01 7.76884496e-01 7.88609331e-01 7.97227805e-01 8.02810607e-01 8.05405500e-01 8.05035210e-01 8.01696473e-01 7.95360172e-01 7.85972565e-01 7.73457714e-01 7.57721256e-01 7.38655771e-01 7.16148023e-01 6.90088387e-01 6.60382757e-01 6.26967205e-01 5.89825532e-01 5.49009718e-01 5.04663055e-01 4.57045527e-01 4.06560771e-01 3.53783839e-01 2.99489049e-01 2.44677736e-01 1.90607076e-01 1.38824238e-01 9.12174037e-02 5.01148268e-02 1.85314576e-02 1.06907492e-03 7.61334112e-03 3.29038931e-02 6.96855658e-02 1.14365363e-01 1.64320464e-01 2.17460394e-01 2.72075738e-01 3.26769241e-01 3.80415428e-01 4.32129956e-01 4.81241612e-01 5.27264539e-01 5.69870365e-01 6.08860741e-01 6.44141078e-01 6.75696216e-01 7.03568595e-01 7.27839243e-01 7.48611681e-01 7.65998669e-01 7.80111566e-01 7.91052045e-01 7.98905822e-01 8.03738120e-01 8.05590594e-01 8.04479519e-01 8.00395112e-01 7.93301941e-01 7.83140438e-01 7.69829647e-01 7.53271369e-01 7.33355972e-01 7.09970148e-01 6.83006929e-01 6.52378270e-01 6.18030414e-01 5.79962180e-01 5.38246111e-01 4.93052217e-01 4.44673822e-01 3.93554802e-01 3.40317420e-01 2.85790142e-01 2.31035459e-01 1.77379467e-01 1.26448706e-01 8.02289659e-02 4.11867828e-02 1.25938181e-02 -3.20342650e-16
3.20342650e-16 1.30921115e-02 4.27584540e-02 8.31919713e-02 1.30969981e-01 1.83515849e-01 2.38760856e-01 2.95017445e-01 3.50917334e-01 4.05372100e-01 4.57541019e-01 5.06800589e-01 5.52714091e-01 5.95001287e-01 6.33508988e-01 6.68183363e-01 6.99044739e-01 7.26165366e-01 7.49650389e-01 7.69622009e-01 7.86206660e-01 7.99524901e-01 8.09683669e-01 8.16770541e-01 8.20849663e-01 8.21959090e-01 8.20109314e-01 8.15282875e-01 8.07435014e-01 7.96495425e-01 7.82371252e-01 7.64951539e-01 7.44113449e-01 7.19730557e-01 6.91683609e-01 6.59874079e-01 6.24240785e-01 5.84779735e-01 5.41567128e-01 4.94785237e-01 4.44750612e-01 3.91943811e-01 3.37039795e-01 2.80938336e-01 2.24794664e-01 1.70052678e-01 1.18487965e-01 7.22800621e-02 3.41702016e-02 7.91783729e-03 1.11309290e-03 1.92575447e-02 5.20113601e-02 9.45591684e-02 1.43747611e-01 1.97145889e-01 2.52788726e-01 3.09072898e-01 3.64703344e-01 4.18656462e-01 4.70148680e-01 5.18606048e-01 5.63633791e-01 6.04986137e-01 6.42537247e-01 6.76254083e-01 7.06171913e-01 7.32372869e-01 7.54967722e-01 7.74080823e-01 7.89837986e-01 8.02357005e-01 8.11740446e-01 8.18070350e-01 8.21404541e-01 8.21774277e-01 8.19183058e-01 8.13606496e-01 8.04993237e-01 7.93267003e-01 7.78329931e-01 7.60067440e-01 7.38354926e-01 7.13066645e-01 6.84087138e-01 6.51325533e-01 6.14732959e-01 5.74323195e-01 5.30196429e-01 4.82565788e-01 4.31785994e-01 3.78383349e-01 3.23086170e-01 2.66855184e-01 2.10914473e-01 1.56786160e-01 1.06338145e-01 6.18698945e-02 2.63119871e-02 3.86424398e-03 3.86424398e-03 2.63119871e-02 6.18698945e-02 1.06338145e-01 1.56786160e-01 2.10914473e-01 2.66855184e-01 3.23086170e-01 3.78383349e-01 4.31785994e-01 4.82565788e-01 5.30196429e-01 5.74323195e-01 6.14732959e-01 6.51325533e-01 6.84087138e-01 7.13066645e-01 7.38354926e-01 7.60067440e-01 7.78329931e-01 7.93267003e-01 8.04993237e-01 8.13606496e-01 8.19183058e-01 8.21774277e-01 8.21404541e-01 8.18070350e-01 8.11740446e-01 8.02357005e-01 7.89837986e-01 7.74080823e-01 7.54967722e-01 7.32372869e-01 7.06171913e-01 6.76254083e-01 6.42537247e-01 6.04986137e-01 5.63633791e-01 5.18606048e-01 4.70148680e-01 4.18656462e-01 3.64703344e-01 3.09072898e-01 2.52788726e-01 1.97145889e-01 1.43747611e-01 9.45591684e-02 5.20113601e-02 1.92575447e-02 1.11309290e-03 7.91783729e-03 3.41702016e-02 7.22800621e-02 1.18487965e-01 1.70052678e-01 2.24794664e-01 2.80938336e-01 3.37039795e-01 3.91943811e-01 4.44750612e-01 4.94785237e-01 5.41567128e-01 5.84779735e-01 6.24240785e-01 6.59874079e-01 6.91683609e-01 7.19730557e-01 7.44113449e-01 7.64951539e-01 7.82371252e-01 7.96495425e-01 8.07435014e-01 8.15282875e-01 8.20109314e-01 8.21959090e-01 8.20849663e-01 8.16770541e-01 8.09683669e-01 7.99524901e-01 7.86206660e-01 7.69622009e-01 7.49650389e-01 7.26165366e-01 6.99044739e-01 6.68183363e-01 6.33508988e-01 5.95001287e-01 5.52714091e-01 5.06800589e-01 4.57541019e-01 4.05372100e-01 3.50917334e-01 2.95017445e-01 2.38760856e-01 1.83515849e-01 1.30969981e-01 8.31919713e-02 4.27584540e-02 1.30921115e-02 6.40685301e-16
-6.40685301e-16 1.35874331e-02 4.43177239e-02 8.61261061e-02 1.35438572e-01 1.89568504e-01 2.46364858e-01 3.04080116e-01 3.61305236e-01 4.16927506e-01 4.70095645e-01 5.20186526e-01 5.66771991e-01 6.09586003e-01 6.48492979e-01 6.83458266e-01 7.14521507e-01 7.41773383e-01 7.65335891e-01 7.85346111e-01 8.01943189e-01 8.15258193e-01 8.25406413e-01 8.32481717e-01 8.36552596e-01 8.37659579e-01 8.35813830e-01 8.30996769e-01 8.23160702e-01 8.12230503e-01 7.98106516e-01 7.80668904e-01 7.59783770e-01 7.35311429e-01 7.07117229e-01 6.75085348e-01 6.39135878e-01 5.99245432e-01 5.55471274e-01 5.07978734e-01 4.57071350e-01 4.03222914e-01 3.47110484e-01 2.89647560e-01 2.32017524e-01 1.75709580e-01 1.22564525e-01 7.48504881e-02 3.54271067e-02 8.22068358e-03 1.15693468e-03 1.99789339e-02 5.38920527e-02 9.78668010e-02 1.48611202e-01 2.03592144e-01 2.60767983e-01 3.18480596e-01 3.75398535e-01 4.30477600e-01 4.82926660e-01 5.32174438e-01 5.77836358e-01 6.19681894e-01 6.57603364e-01 6.91587059e-01 7.21687425e-01 7.48004680e-01 7.70665985e-01 7.89810037e-01 8.05574812e-01 8.18088065e-01 8.27460191e-01 8.33779026e-01 8.37106262e-01 8.37475179e-01 8.34889500e-01 8.29323268e-01 8.20721728e-01 8.09003300e-01 7.94062811e-01 7.75776257e-01 7.54007426e-01 7.28616768e-01 6.99472922e-01 6.66467307e-01 6.29532074e-01 5.88661602e-01 5.43937483e-01 4.95556684e-01 4.43862246e-01 3.89375668e-01 3.32830009e-01 2.75203070e-01 2.17751121e-01 1.62046296e-01 1.10027172e-01 6.40884385e-02 2.72885024e-02 4.01393187e-03 4.01393187e-03 2.72885024e-02 6.40884385e-02 1.10027172e-01 1.62046296e-01 2.17751121e-01 2.75203070e-01 3.32830009e-01 3.89375668e-01 4.43862246e-01 4.95556684e-01 5.43937483e-01 5.88661602e-01 6.29532074e-01 6.66467307e-01 6.99472922e-01 7.28616768e-01 7.54007426e-01 7.75776257e-01 7.94062811e-01 8.09003300e-01 8.20721728e-01 8.29323268e-01 8.34889500e-01 8.37475179e-01 8.37106262e-01 8.33779026e-01 8.27460191e-01 8.18088065e-01 8.05574812e-01 7.89810037e-01 7.70665985e-01 7.48004680e-01 7.21687425e-01 6.91587059e-01 6.57603364e-01 6.19681894e-01 5.77836358e-01 5.32174438e-01 4.82926660e-01 4.30477600e-01 3.75398535e-01 3.18480596e-01 2.60767983e-01 2.03592144e-01 1.48611202e-01 9.78668010e-02 5.38920527e-02 1.99789339e-02 1.15693468e-03 8.22068358e-03 3.54271067e-02 7.48504881e-02 1.22564525e-01 1.75709580e-01 2.32017524e-01 2.89647560e-01 3.47110484e-01 4.03222914e-01 4.57071350e-01 5.07978734e-01 5.55471274e-01 5.99245432e-01 6.39135878e-01 6.75085348e-01 7.07117229e-01 7.35311429e-01 7.59783770e-01 7.80668904e-01 7.98106516e-01 8.12230503e-01 8.23160702e-01 8.30996769e-01 8.35813830e-01 8.37659579e-01 8.36552596e-01 8.32481717e-01 8.25406413e-01 8.15258193e-01 8.01943189e-01 7.85346111e-01 7.65335891e-01 7.41773383e-01 7.14521507e-01 6.83458266e-01 6.48492979e-01 6.09586003e-01 5.66771991e-01 5.20186526e-01 4.70095645e-01 4.16927506e-01 3.61305236e-01 3.04080116e-01 2.46364858e-01 1.89568504e-01 1.35438572e-01 8.61261061e-02 4.43177239e-02 1.35874331e-02 -6.40685301e-16
6.40685301e-16 1.40789821e-02 4.58621925e-02 8.90270746e-02 1.39848304e-01 1.95529642e-01 2.53838523e-01 3.12968681e-01 3.71471834e-01 4.28212669e-01 4.82331040e-01 5.33205743e-01 5.80418478e-01 6.23718383e-01 6.62988118e-01 6.98212511e-01 7.29450550e-01 7.56811147e-01 7.80432801e-01 8.00467028e-01 8.17065213e-01 8.30368466e-01 8.40500018e-01 8.47559691e-01 8.51620064e-01 8.52723999e-01 8.50883287e-01 8.46078299e-01 8.38258577e-01 8.27344449e-01 8.13229823e-01 7.95786406e-01 7.74869714e-01 7.50327271e-01 7.22009454e-01 6.89783463e-01 6.53550812e-01 6.13268628e-01 5.68974858e-01 5.20817167e-01 4.69085019e-01 4.14244078e-01 3.56971898e-01 2.98194004e-01 2.39120271e-01 1.81283745e-01 1.26589324e-01 7.73930312e-02 3.66726505e-02 8.52138359e-03 1.20052579e-03 2.06944737e-02 5.57540448e-02 1.01135524e-01 1.53408399e-01 2.09937715e-01 2.68606369e-01 3.27702645e-01 3.85860282e-01 4.42016189e-01 4.95373341e-01 5.45364629e-01 5.91616896e-01 6.33915756e-01 6.72172230e-01 7.06392170e-01 7.36649165e-01 7.63061277e-01 7.85771675e-01 8.04932948e-01 8.20694757e-01 8.33194367e-01 8.42549601e-01 8.48853772e-01 8.52172216e-01 8.52540112e-01 8.49961394e-01 8.44408629e-01 8.35823865e-01 8.24120511e-01 8.09186465e-01 7.90888745e-01 7.69080007e-01 7.43607354e-01 7.14323931e-01 6.81103730e-01 6.43860019e-01 6.02567616e-01 5.57289052e-01 5.08204329e-01 4.55643665e-01 4.00122323e-01 3.42376467e-01 2.83399264e-01 2.24477545e-01 1.67232075e-01 1.13671091e-01 6.62839215e-02 2.82566396e-02 4.16264883e-03 4.16264883e-03 2.82566396e-02 6.62839215e-02 1.13671091e-01 1.67232075e-01 2.24477545e-01 2.83399264e-01 3.42376467e-01 4.00122323e-01 4.55643665e-01 5.08204329e-01 5.57289052e-01 6.02567616e-01 6.43860019e-01 6.81103730e-01 7.14323931e-01 7.43607354e-01 7.69080007e-01 7.90888745e-01 8.09186465e-01 8.24120511e-01 8.35823865e-01 8.44408629e-01 8.49961394e-01 8.52540112e-01 8.52172216e-01 8.48853772e-01 8.42549601e-01 8.33194367e-01 8.20694757e-01 8.04932948e-01 7.85771675e-01 7.63061277e-01 7.36649165e-01 7.06392170e-01 6.72172230e-01 6.33915756e-01 5.91616896e-01 5.45364629e-01 4.95373341e-01 4.42016189e-01 3.85860282e-01 3.27702645e-01 2.68606369e-01 2.09937715e-01 1.53408399e-01 1.01135524e-01 5.57540448e-02 2.06944737e-02 1.20052579e-03 8.52138359e-03 3.66726505e-02 7.73930312e-02 1.26589324e-01 1.81283745e-01 2.39120271e-01 2.98194004e-01 3.56971898e-01 4.14244078e-01 4.69085019e-01 5.20817167e-01 5.68974858e-01 6.13268628e-01 6.53550812e-01 6.89783463e-01 7.22009454e-01 7.50327271e-01 7.74869714e-01 7.95786406e-01 8.13229823e-01 8.27344449e-01 8.38258577e-01 8.46078299e-01 8.50883287e-01 8.52723999e-01 8.51620064e-01 8.47559691e-01 8.40500018e-01 8.30368466e-01 8.17065213e-01 8.00467028e-01 7.80432801e-01 7.56811147e-01 7.29450550e-01 6.98212511e-01 6.62988118e-01 6.23718383e-01 5.80418478e-01 5.33205743e-01 4.82331040e-01 4.28212669e-01 3.71471834e-01 3.12968681e-01 2.53838523e-01 1.95529642e-01 1.39848304e-01 8.90270746e-02 4.58621925e-02 1.40789821e-02 4.80513976e-16
-0.00000000e+00 1.45659785e-02 4.73895380e-02 9.18907551e-02 1.44193313e-01 2.01391962e-01 2.61173613e-01 3.21674609e-01 3.81409040e-01 4.39220709e-01 4.94242263e-01 5.45855892e-01 5.93654328e-01 6.37402714e-01 6.77002425e-01 7.12457926e-01 7.43847429e-01 7.71297759e-01 7.94963471e-01 8.15010004e-01 8.31600454e-01 8.44885484e-01 8.54995829e-01 8.62036919e-01 8.66085172e-01 8.67185629e-01 8.65350672e-01 8.60559688e-01 8.52759631e-01 8.41866562e-01 8.27768319e-01 8.10328605e-01 7.89392854e-01 7.64796324e-01 7.36374925e-01 7.03979302e-01 6.67492663e-01 6.26852708e-01 5.82077835e-01 5.33297485e-01 4.80786131e-01 4.25000050e-01 3.66615768e-01 3.06569145e-01 2.46094844e-01 1.86768193e-01 1.30556913e-01 7.99040253e-02 3.79049356e-02 8.81945288e-03 1.24379324e-03 2.14030444e-02 5.75945748e-02 1.04360764e-01 1.58132941e-01 2.16175012e-01 2.76295509e-01 3.36730555e-01 3.96080730e-01 4.53265767e-01 5.07484373e-01 5.58175009e-01 6.04977031e-01 6.47692927e-01 6.86252817e-01 7.20682190e-01 7.51073602e-01 7.77562605e-01 8.00307904e-01 8.19475461e-01 8.35226099e-01 8.47706112e-01 8.57040341e-01 8.63327251e-01 8.66635594e-01 8.67002327e-01 8.64431580e-01 8.58894541e-01 8.50330259e-01 8.38647436e-01 8.23727432e-01 8.05428755e-01 7.83593436e-01 7.58055765e-01 7.28653875e-01 6.95244726e-01 6.57722927e-01 6.16043729e-01 5.70250292e-01 5.20505004e-01 4.67124253e-01 4.10615737e-01 3.51717142e-01 2.91435294e-01 2.31085904e-01 1.72336863e-01 1.17264882e-01 6.84531325e-02 2.92149040e-02 4.31015122e-03 4.31015122e-03 2.92149040e-02 6.84531325e-02 1.17264882e-01 1.72336863e-01 2.31085904e-01 2.91435294e-01 3.51717142e-01 4.10615737e-01 4.67124253e-01 5.20505004e-01 5.70250292e-01 6.16043729e-01 6.57722927e-01 6.95244726e-01 7.28653875e-01 7.58055765e-01 7.83593436e-01 8.05428755e-01 8.23727432e-01 8.38647436e-01 8.50330259e-01 8.58894541e-01 8.64431580e-01 8.67002327e-01 8.66635594e-01 8.63327251e-01 8.57040341e-01 8.47706112e-01 8.35226099e-01 8.19475461e-01 8.00307904e-01 7.77562605e-01 7.51073602e-01 7.20682190e-01 6.86252817e-01 6.47692927e-01 6.04977031e-01 5.58175009e-01 5.07484373e-01 4.53265767e-01 3.96080730e-01 3.36730555e-01 2.76295509e-01 2.16175012e-01 1.58132941e-01 1.04360764e-01 5.75945748e-02 2.14030444e-02 1.24379324e-03 8.81945288e-03 3.79049356e-02 7.99040253e-02 1.30556913e-01 1.86768193e-01 2.46094844e-01 3.06569145e-01 3.66615768e-01 4.25000050e-01 4.80786131e-01 5.33297485e-01 5.82077835e-01 6.26852708e-01 6.67492663e-01 7.03979302e-01 7.36374925e-01 7.64796324e-01 7.89392854e-01 8.10328605e-01 8.27768319e-01 8.41866562e-01 8.52759631e-01 8.60559688e-01 8.65350672e-01 8.67185629e-01 8.66085172e-01 8.62036919e-01 8.54995829e-01 8.44885484e-01 8.31600454e-01 8.15010004e-01 7.94963471e-01 7.71297759e-01 7.43847429e-01 7.12457926e-01 6.77002425e-01 6.37402714e-01 5.93654328e-01 5.45855892e-01 4.94242263e-01 4.39220709e-01 3.81409040e-01 3.21674609e-01 2.61173613e-01 2.01391962e-01 1.44193313e-01 9.18907551e-02 4.73895380e-02 1.45659785e-02 4.80513976e-16
-3.20342650e-16 1.50476609e-02 4.88975101e-02 9.47131851e-02 1.48468019e-01 2.07148611e-01 2.68362533e-01 3.30190234e-01 3.91109863e-01 4.49946064e-01 5.05825897e-01 5.58136316e-01 6.06482127e-01 6.50645150e-01 6.90545794e-01 7.26208155e-01 7.57729419e-01 7.85253896e-01 8.08951666e-01 8.29001517e-01 8.45577697e-01 8.58839908e-01 8.68925956e-01 8.75946526e-01 8.79981628e-01 8.81078338e-01 8.79249588e-01 8.74473847e-01 8.66695654e-01 8.55827074e-01 8.41750249e-01 8.24321335e-01 8.03376212e-01 7.78738440e-01 7.50230027e-01 7.17685577e-01 6.80970382e-01 6.40002910e-01 5.94781941e-01 5.45418289e-01 4.92170668e-01 4.35484841e-01 3.76034862e-01 3.14765268e-01 2.52933776e-01 1.92156345e-01 1.34462094e-01 8.23799378e-02 3.91221193e-02 9.11441792e-03 1.28666542e-03 2.21035550e-02 5.94109713e-02 1.07538135e-01 1.62778889e-01 2.22296940e-01 2.83827723e-01 3.45556757e-01 4.06053173e-01 4.64221245e-01 5.19256975e-01 5.70605692e-01 6.17920214e-01 6.61020489e-01 6.99855960e-01 7.34471687e-01 7.64978888e-01 7.91530143e-01 8.14299150e-01 8.33464667e-01 8.49198130e-01 8.61654366e-01 8.70964816e-01 8.77232775e-01 8.80530186e-01 8.80895666e-01 8.78333528e-01 8.72813674e-01 8.64272350e-01 8.52613852e-01 8.37713396e-01 8.19421453e-01 7.97569977e-01 7.71981010e-01 7.42478237e-01 7.08902072e-01 6.71128813e-01 6.29094281e-01 5.82822117e-01 5.32456601e-01 4.78299437e-01 4.20849538e-01 3.60844607e-01 2.99303440e-01 2.37568897e-01 1.77354387e-01 1.20803748e-01 7.05929708e-02 3.01618416e-02 4.45620034e-03 4.45620034e-03 3.01618416e-02 7.05929708e-02 1.20803748e-01 1.77354387e-01 2.37568897e-01 2.99303440e-01 3.60844607e-01 4.20849538e-01 4.78299437e-01 5.32456601e-01 5.82822117e-01 6.29094281e-01 6.71128813e-01 7.08902072e-01 7.42478237e-01 7.71981010e-01 7.97569977e-01 8.19421453e-01 8.37713396e-01 8.52613852e-01 8.64272350e-01 8.72813674e-01 8.78333528e-01 8.80895666e-01 8.80530186e-01 8.77232775e-01 8.70964816e-01 8.61654366e-01 8.49198130e-01 8.33464667e-01 8.14299150e-01 7.91530143e-01 7.64978888e-01 7.34471687e-01 6.99855960e-01 6.61020489e-01 6.17920214e-01 5.70605692e-01 5.19256975e-01 4.64221245e-01 4.06053173e-01 3.45556757e-01 2.83827723e-01 2.22296940e-01 1.62778889e-01 1.07538135e-01 5.94109713e-02 2.21035550e-02 1.28666542e-03 9.11441792e-03 3.91221193e-02 8.23799378e-02 1.34462094e-01 1.92156345e-01 2.52933776e-01 3.14765268e-01 3.76034862e-01 4.35484841e-01 4.92170668e-01 5.45418289e-01 5.94781941e-01 6.40002910e-01 6.80970382e-01 7.17685577e-01 7.50230027e-01 7.78738440e-01 8.03376212e-01 8.24321335e-01 8.41750249e-01 8.55827074e-01 8.66695654e-01 8.74473847e-01 8.79249588e-01 8.81078338e-01 8.79981628e-01 8.75946526e-01 8.68925956e-01 8.58839908e-01 8.45577697e-01 8.29001517e-01 8.08951666e-01 7.85253896e-01 7.57729419e-01 7.26208155e-01 6.90545794e-01 6.50645150e-01 6.06482127e-01 5.58136316e-01 5.05825897e-01 4.49946064e-01 3.91109863e-01 3.30190234e-01 2.68362533e-01 2.07148611e-01 1.48468019e-01 9.47131851e-02 4.88975101e-02 1.50476609e-02 -0.00000000e+00
-6.40685301e-16 1.55232858e-02 5.03839253e-02 9.74905508e-02 1.52667108e-01 2.12793148e-01 2.75398280e-01 3.38508676e-01 4.00568294e-01 4.60384346e-01 5.17079859e-01 5.70047810e-01 6.18905978e-01 6.63453375e-01 7.03629593e-01 7.39478211e-01 7.71115012e-01 7.98701267e-01 8.22421976e-01 8.42468664e-01 8.59026147e-01 8.72262647e-01 8.82322605e-01 8.89321625e-01 8.93343066e-01 8.94435901e-01 8.92613574e-01 8.87853699e-01 8.80098565e-01 8.69256505e-01 8.55204330e-01 8.37791106e-01 8.16843694e-01 7.92174554e-01 7.63592406e-01 7.30916402e-01 6.93994414e-01 6.52726007e-01 6.07090422e-01 5.57179608e-01 5.03235913e-01 4.45693591e-01 3.85222883e-01 3.22775392e-01 2.59630142e-01 1.97441995e-01 1.38299900e-01 8.48173615e-02 4.03224107e-02 9.40581543e-03 1.32907201e-03 2.27949415e-02 6.12006470e-02 1.10663425e-01 1.67340605e-01 2.28296860e-01 2.91195970e-01 3.54174517e-01 4.15771940e-01 4.74878750e-01 5.30689735e-01 5.82658267e-01 6.30451427e-01 6.73907040e-01 7.12993948e-01 7.47776563e-01 7.78384346e-01 8.04986355e-01 8.27770667e-01 8.46928229e-01 8.62640520e-01 8.75070398e-01 8.84355496e-01 8.90603621e-01 8.93889694e-01 8.94253879e-01 8.91700659e-01 8.86198736e-01 8.77681746e-01 8.66049866e-01 8.51172557e-01 8.32892734e-01 8.11032825e-01 7.85403229e-01 7.55813797e-01 7.22088970e-01 6.84087198e-01 6.41725142e-01 5.95006932e-01 5.44058416e-01 4.89165902e-01 4.30818438e-01 3.69752325e-01 3.06996668e-01 2.43919721e-01 1.82278710e-01 1.24283091e-01 7.27004396e-02 3.10960368e-02 4.60056240e-03 4.60056240e-03 3.10960368e-02 7.27004396e-02 1.24283091e-01 1.82278710e-01 2.43919721e-01 3.06996668e-01 3.69752325e-01 4.30818438e-01 4.89165902e-01 5.44058416e-01 5.95006932e-01 6.41725142e-01 6.84087198e-01 7.22088970e-01 7.55813797e-01 7.85403229e-01 8.11032825e-01 8.32892734e-01 8.51172557e-01 8.66049866e-01 8.77681746e-01 8.86198736e-01 8.91700659e-01 8.94253879e-01 8.93889694e-01 8.90603621e-01 8.84355496e-01 8.75070398e-01 8.62640520e-01 8.46928229e-01 8.27770667e-01 8.04986355e-01 7.78384346e-01 7.47776563e-01 7.12993948e-01 6.73907040e-01 6.30451427e-01 5.82658267e-01 5.30689735e-01 4.74878750e-01 4.15771940e-01 3.54174517e-01 2.91195970e-01 2.28296860e-01 1.67340605e-01 1.10663425e-01 6.12006470e-02 2.27949415e-02 1.32907201e-03 9.40581543e-03 4.03224107e-02 8.48173615e-02 1.38299900e-01 1.97441995e-01 2.59630142e-01 3.22775392e-01 3.85222883e-01 4.45693591e-01 5.03235913e-01 5.57179608e-01 6.07090422e-01 6.52726007e-01 6.93994414e-01 7.30916402e-01 7.63592406e-01 7.92174554e-01 8.16843694e-01 8.37791106e-01 8.55204330e-01 8.69256505e-01 8.80098565e-01 8.87853699e-01 8.92613574e-01 8.94435901e-01 8.93343066e-01 8.89321625e-01 8.82322605e-01 8.72262647e-01 8.59026147e-01 8.42468664e-01 8.22421976e-01 7.98701267e-01 7.71115012e-01 7.39478211e-01 7.03629593e-01 6.63453375e-01 6.18905978e-01 5.70047810e-01 5.17079859e-01 4.60384346e-01 4.00568294e-01 3.38508676e-01 2.75398280e-01 2.12793148e-01 1.52667108e-01 9.74905508e-02 5.03839253e-02 1.55232858e-02 -6.40685301e-16
3.20342650e-16 1.59921260e-02 5.18466622e-02 1.00219177e-01 1.56785510e-01 2.18319515e-01 2.82274391e-01 3.46623770e-01 4.09779212e-01 4.70532208e-01 5.28003224e-01 5.81592401e-01 6.30931234e-01 6.75836273e-01 7.16266289e-01 7.52284053e-01 7.84023453e-01 8.11662109e-01 8.35399287e-01 8.55438602e-01 8.71974848e-01 8.85184254e-01 8.95217473e-01 9.02194701e-01 9.06202423e-01 9.07291377e-01 9.05475485e-01 9.00731565e-01 8.92999806e-01 8.82185066e-01 8.68159170e-01 8.50764542e-01 8.29819558e-01 8.05126184e-01 7.76480508e-01 7.43686877e-01 7.06576334e-01 6.65029990e-01 6.19007773e-01 5.68582691e-01 5.13980281e-01 4.55622444e-01 3.94174377e-01 3.30593207e-01 2.66177520e-01 2.02619283e-01 1.42065582e-01 8.72130050e-02 4.15040669e-02 9.69319174e-03 1.37094391e-03 2.34761651e-02 6.29610925e-02 1.13732584e-01 1.71812726e-01 2.34168550e-01 2.98393794e-01 3.62577859e-01 4.25232287e-01 4.85235483e-01 5.41782424e-01 5.94335564e-01 6.42576891e-01 6.86362364e-01 7.25680134e-01 7.60613621e-01 7.91309999e-01 8.17954173e-01 8.40747944e-01 8.59893812e-01 8.75582725e-01 8.87985081e-01 8.97244305e-01 9.03472419e-01 9.06747118e-01 9.07110006e-01 9.04565725e-01 8.99081861e-01 8.90589616e-01 8.78985325e-01 8.64133065e-01 8.45868666e-01 8.24005586e-01 7.98343202e-01 7.68678189e-01 7.34819654e-01 6.96608761e-01 6.53943415e-01 6.06808391e-01 5.55310941e-01 4.99721437e-01 4.40518116e-01 3.78434558e-01 3.14508571e-01 2.50132034e-01 1.87104205e-01 1.27698501e-01 7.47726379e-02 3.20161099e-02 4.74300803e-03 4.74300803e-03 3.20161099e-02 7.47726379e-02 1.27698501e-01 1.87104205e-01 2.50132034e-01 3.14508571e-01 3.78434558e-01 4.40518116e-01 4.99721437e-01 5.55310941e-01 6.06808391e-01 6.53943415e-01 6.96608761e-01 7.34819654e-01 7.68678189e-01 7.98343202e-01 8.24005586e-01 8.45868666e-01 8.64133065e-01 8.78985325e-01 8.90589616e-01 8.99081861e-01 9.04565725e-01 9.07110006e-01 9.06747118e-01 9.03472419e-01 8.97244305e-01 8.87985081e-01 8.75582725e-01 8.59893812e-01 8.40747944e-01 8.17954173e-01 7.91309999e-01 7.60613621e-01 7.25680134e-01 6.86362364e-01 6.42576891e-01 5.94335564e-01 5.41782424e-01 4.85235483e-01 4.25232287e-01 3.62577859e-01 2.98393794e-01 2.34168550e-01 1.71812726e-01 1.13732584e-01 6.29610925e-02 2.34761651e-02 1.37094391e-03 9.69319174e-03 4.15040669e-02 8.72130050e-02 1.42065582e-01 2.02619283e-01 2.66177520e-01 3.30593207e-01 3.94174377e-01 4.55622444e-01 5.13980281e-01 5.68582691e-01 6.19007773e-01 6.65029990e-01 7.06576334e-01 7.43686877e-01 7.76480508e-01 8.05126184e-01 8.29819558e-01 8.50764542e-01 8.68159170e-01 8.82185066e-01 8.92999806e-01 9.00731565e-01 9.05475485e-01 9.07291377e-01 9.06202423e-01 9.02194701e-01 8.95217473e-01 8.85184254e-01 8.71974848e-01 8.55438602e-01 8.35399287e-01 8.11662109e-01 7.84023453e-01 7.52284053e-01 7.16266289e-01 6.75836273e-01 6.30931234e-01 5.81592401e-01 5.28003224e-01 4.70532208e-01 4.09779212e-01 3.46623770e-01 2.82274391e-01 2.18319515e-01 1.56785510e-01 1.00219177e-01 5.18466622e-02 1.59921260e-02 -0.00000000e+00
-3.20342650e-16 1.64534708e-02 5.32836603e-02 1.02895520e-01 1.60818391e-01 2.23722013e-01 2.88984909e-01 3.54530004e-01 4.18738293e-01 4.80387219e-01 5.38596066e-01 5.92773142e-01 6.42564239e-01 6.87803631e-01 7.28469101e-01 7.64642194e-01 7.96474304e-01 8.24158722e-01 8.47908284e-01 8.67938036e-01 8.84452159e-01 8.97634391e-01 9.07641196e-01 9.14597062e-01 9.18591387e-01 9.19676558e-01 9.17866940e-01 9.13138611e-01 9.05429803e-01 8.94642125e-01 8.80642749e-01 8.63267877e-01 8.42327927e-01 8.17614979e-01 7.88913160e-01 7.56012712e-01 7.18728513e-01 6.76923779e-01 6.30539495e-01 5.79629809e-01 5.24403168e-01 4.65268434e-01 4.02884658e-01 3.38213022e-01 2.72569952e-01 2.07682677e-01 1.45754594e-01 8.95636895e-02 4.26653921e-02 9.97610277e-03 1.41221326e-03 2.41462121e-02 6.46898752e-02 1.16741719e-01 1.76190152e-01 2.39906187e-01 3.05415279e-01 3.70761502e-01 4.34430300e-01 4.95289588e-01 5.52535820e-01 6.05641434e-01 6.54303804e-01 6.98397110e-01 7.37928579e-01 7.73000163e-01 8.03776125e-01 8.30456528e-01 8.53256208e-01 8.72388569e-01 8.88053462e-01 9.00428351e-01 9.09662078e-01 9.15870598e-01 9.19134197e-01 9.19495821e-01 9.16960259e-01 9.11494059e-01 9.03026149e-01 8.91449280e-01 8.76622497e-01 8.58374993e-01 8.36511799e-01 8.10821904e-01 7.81089485e-01 7.47109013e-01 7.08705015e-01 6.65757157e-01 6.18231163e-01 5.66215689e-01 5.09964794e-01 4.49945109e-01 3.86886297e-01 3.21833325e-01 2.56199925e-01 1.91825539e-01 1.31045750e-01 7.68067584e-02 3.29207161e-02 4.88331240e-03 4.88331240e-03 3.29207161e-02 7.68067584e-02 1.31045750e-01 1.91825539e-01 2.56199925e-01 3.21833325e-01 3.86886297e-01 4.49945109e-01 5.09964794e-01 5.66215689e-01 6.18231163e-01 6.65757157e-01 7.08705015e-01 7.47109013e-01 7.81089485e-01 8.10821904e-01 8.36511799e-01 8.58374993e-01 8.76622497e-01 8.91449280e-01 9.03026149e-01 9.11494059e-01 9.16960259e-01 9.19495821e-01 9.19134197e-01 9.15870598e-01 9.09662078e-01 9.00428351e-01 8.88053462e-01 8.72388569e-01 8.53256208e-01 8.30456528e-01 8.03776125e-01 7.73000163e-01 7.37928579e-01 6.98397110e-01 6.54303804e-01 6.05641434e-01 5.52535820e-01 4.95289588e-01 4.34430300e-01 3.70761502e-01 3.05415279e-01 2.39906187e-01 1.76190152e-01 1.16741719e-01 6.46898752e-02 2.41462121e-02 1.41221326e-03 9.97610277e-03 4.26653921e-02 8.95636895e-02 1.45754594e-01 2.07682677e-01 2.72569952e-01 3.38213022e-01 4.02884658e-01 4.65268434e-01 5.24403168e-01 5.79629809e-01 6.30539495e-01 6.76923779e-01 7.18728513e-01 7.56012712e-01 7.88913160e-01 8.17614979e-01 8.42327927e-01 8.63267877e-01 8.80642749e-01 8.94642125e-01 9.05429803e-01 9.13138611e-01 9.17866940e-01 9.19676558e-01 9.18591387e-01 9.14597062e-01 9.07641196e-01 8.97634391e-01 8.84452159e-01 8.67938036e-01 8.47908284e-01 8.24158722e-01 7.96474304e-01 7.64642194e-01 7.28469101e-01 6.87803631e-01 6.42564239e-01 5.92773142e-01 5.38596066e-01 4.80387219e-01 4.18738293e-01 3.54530004e-01 2.88984909e-01 2.23722013e-01 1.60818391e-01 1.02895520e-01 5.32836603e-02 1.64534708e-02 -3.20342650e-16
-0.00000000e+00 1.69066263e-02 5.46929197e-02 1.05516169e-01 1.64761142e-01 2.28995289e-01 2.95524350e-01 3.62222474e-01 4.27441938e-01 4.89947754e-01 5.48859306e-01 6.03593917e-01 6.53812096e-01 6.99365854e-01 7.40251678e-01 7.76569337e-01 8.08487054e-01 8.36213051e-01 8.59973014e-01 8.79992757e-01 8.96485279e-01 9.09641349e-01 9.19622872e-01 9.26558350e-01 9.30539908e-01 9.31621476e-01 9.29817834e-01 9.25104367e-01 9.17417475e-01 9.06655728e-01 8.92681942e-01 8.75326500e-01 8.54392356e-01 8.29662302e-01 8.00909184e-01 7.67909869e-01 7.30463800e-01 6.88416956e-01 6.41691872e-01 5.90324074e-01 5.34504814e-01 4.74629385e-01 4.11349730e-01 3.45629719e-01 2.78801924e-01 2.12626956e-01 1.49362594e-01 9.18663473e-02 4.38047377e-02 1.02541143e-02 1.45281350e-03 2.48040939e-02 6.63846380e-02 1.19687087e-01 1.80468039e-01 2.45504321e-01 3.12255020e-01 3.78720800e-01 4.43362814e-01 5.05040028e-01 5.62951553e-01 6.16580550e-01 6.65640093e-01 7.10022506e-01 7.49753716e-01 7.84953617e-01 8.15802859e-01 8.42515925e-01 8.65319973e-01 8.84438673e-01 9.00080230e-01 9.12428726e-01 9.21638071e-01 9.27827900e-01 9.31080923e-01 9.31441343e-01 9.28914088e-01 9.23464730e-01 9.15020074e-01 9.03469513e-01 8.88667387e-01 8.70436675e-01 8.48574505e-01 8.22860095e-01 7.93065820e-01 7.58972255e-01 7.20388003e-01 6.77175120e-01 6.29280721e-01 5.76775022e-01 5.19895560e-01 4.59096729e-01 3.95103200e-01 3.28965643e-01 2.62117891e-01 1.96437661e-01 1.34320783e-01 7.88000864e-02 3.38085462e-02 5.02125532e-03 5.02125532e-03 3.38085462e-02 7.88000864e-02 1.34320783e-01 1.96437661e-01 2.62117891e-01 3.28965643e-01 3.95103200e-01 4.59096729e-01 5.19895560e-01 5.76775022e-01 6.29280721e-01 6.77175120e-01 7.20388003e-01 7.58972255e-01 7.93065820e-01 8.22860095e-01 8.48574505e-01 8.70436675e-01 8.88667387e-01 9.03469513e-01 9.15020074e-01 9.23464730e-01 9.28914088e-01 9.31441343e-01 9.31080923e-01 9.27827900e-01 9.21638071e-01 9.12428726e-01 9.00080230e-01 8.84438673e-01 8.65319973e-01 8.42515925e-01 8.15802859e-01 7.84953617e-01 7.49753716e-01 7.10022506e-01 6.65640093e-01 6.16580550e-01 5.62951553e-01 5.05040028e-01 4.43362814e-01 3.78720800e-01 3.12255020e-01 2.45504321e-01 1.80468039e-01 1.19687087e-01 6.63846380e-02 2.48040939e-02 1.45281350e-03 1.02541143e-02 4.38047377e-02 9.18663473e-02 1.49362594e-01 2.12626956e-01 2.78801924e-01 3.45629719e-01 4.11349730e-01 4.74629385e-01 5.34504814e-01 5.90324074e-01 6.41691872e-01 6.88416956e-01 7.30463800e-01 7.67909869e-01 8.00909184e-01 8.29662302e-01 8.54392356e-01 8.75326500e-01 8.92681942e-01 9.06655728e-01 9.17417475e-01 9.25104367e-01 9.29817834e-01 9.31621476e-01 9.30539908e-01 9.26558350e-01 9.19622872e-01 9.09641349e-01 8.96485279e-01 8.79992757e-01 8.59973014e-01 8.36213051e-01 8.08487054e-01 7.76569337e-01 7.40251678e-01 6.99365854e-01 6.53812096e-01 6.03593917e-01 5.48859306e-01 4.89947754e-01 4.27441938e-01 3.62222474e-01 2.95524350e-01 2.28995289e-01 1.64761142e-01 1.05516169e-01 5.46929197e-02 1.69066263e-02 -6.40685301e-16
-6.40685301e-16 1.73509166e-02 5.60725047e-02 1.08077847e-01 1.68609382e-01 2.34134328e-01 3.01887687e-01 3.69696844e-01 4.35887204e-01 4.99212905e-01 5.58794581e-01 6.14059272e-01 6.64682450e-01 7.10533713e-01 7.51627801e-01 7.88082051e-01 8.20080757e-01 8.47846300e-01 8.71616479e-01 8.91627232e-01 9.08099824e-01 9.21231620e-01 9.31189626e-01 9.38106111e-01 9.42075768e-01 9.43153976e-01 9.41355908e-01 9.36656292e-01 9.28989809e-01 9.18252171e-01 9.04302108e-01 8.86964541e-01 8.66035431e-01 8.41288853e-01 8.12487044e-01 7.79394245e-01 7.41795241e-01 6.99519514e-01 6.52471764e-01 6.00669284e-01 5.44286180e-01 4.83703825e-01 4.19566242e-01 3.52838723e-01 2.84868349e-01 2.17447209e-01 1.52885441e-01 9.41180254e-02 4.49205052e-02 1.05268028e-02 1.49267949e-03 2.54488489e-02 6.80431030e-02 1.22565104e-01 1.84641797e-01 2.50957872e-01 3.18908094e-01 3.86451700e-01 4.52027337e-01 5.14486489e-01 5.73031960e-01 6.27158222e-01 6.76594186e-01 7.21250091e-01 7.61170049e-01 7.96491204e-01 8.27409826e-01 8.54154049e-01 8.76962638e-01 8.96068907e-01 9.11688890e-01 9.24012877e-01 9.33199532e-01 9.39371946e-01 9.42615110e-01 9.42974407e-01 9.40454897e-01 9.35021235e-01 9.26598226e-01 9.15072112e-01 9.00292816e-01 8.82077488e-01 8.60215851e-01 8.34477946e-01 8.04625047e-01 7.70424587e-01 7.31670023e-01 6.88206519e-01 6.39963147e-01 5.86991997e-01 5.29514045e-01 4.67970976e-01 4.03081545e-01 3.35900756e-01 2.67880826e-01 2.00935806e-01 1.37519727e-01 8.07500035e-02 3.46783288e-02 5.15662173e-03 5.15662173e-03 3.46783288e-02 8.07500035e-02 1.37519727e-01 2.00935806e-01 2.67880826e-01 3.35900756e-01 4.03081545e-01 4.67970976e-01 5.29514045e-01 5.86991997e-01 6.39963147e-01 6.88206519e-01 7.31670023e-01 7.70424587e-01 8.04625047e-01 8.34477946e-01 8.60215851e-01 8.82077488e-01 9.00292816e-01 9.15072112e-01 9.26598226e-01 9.35021235e-01 9.40454897e-01 9.42974407e-01 9.42615110e-01 9.39371946e-01 9.33199532e-01 9.24012877e-01 9.11688890e-01 8.96068907e-01 8.76962638e-01 8.54154049e-01 8.27409826e-01 7.96491204e-01 7.61170049e-01 7.21250091e-01 6.76594186e-01 6.27158222e-01 5.73031960e-01 5.14486489e-01 4.52027337e-01 3.86451700e-01 3.18908094e-01 2.50957872e-01 1.84641797e-01 1.22565104e-01 6.80431030e-02 2.54488489e-02 1.49267949e-03 1.05268028e-02 4.49205052e-02 9.41180254e-02 1.52885441e-01 2.17447209e-01 2.84868349e-01 3.52838723e-01 4.19566242e-01 4.83703825e-01 5.44286180e-01 6.00669284e-01 6.52471764e-01 6.99519514e-01 7.41795241e-01 7.79394245e-01 8.12487044e-01 8.41288853e-01 8.66035431e-01 8.86964541e-01 9.04302108e-01 9.18252171e-01 9.28989809e-01 9.36656292e-01 9.41355908e-01 9.43153976e-01 9.42075768e-01 9.38106111e-01 9.31189626e-01 9.21231620e-01 9.08099824e-01 8.91627232e-01 8.71616479e-01 8.47846300e-01 8.20080757e-01 7.88082051e-01 7.51627801e-01 7.10533713e-01 6.64682450e-01 6.14059272e-01 5.58794581e-01 4.99212905e-01 4.35887204e-01 3.69696844e-01 3.01887687e-01 2.34134328e-01 1.68609382e-01 1.08077847e-01 5.60725047e-02 1.73509166e-02 -6.40685301e-16
3.20342650e-16 1.77856857e-02 5.74205478e-02 1.10577419e-01 1.72358965e-01 2.39134453e-01 3.08070342e-01 3.76949321e-01 4.44071760e-01 5.08182394e-01 5.68404132e-01 6.24174262e-01 6.75183294e-01 7.21318111e-01 7.62611118e-01 7.99196470e-01 8.31273714e-01 8.59078590e-01 8.82860287e-01 9.02864237e-01 9.19319463e-01 9.32429527e-01 9.42366239e-01 9.49265428e-01 9.53224211e-01 9.54299346e-01 9.52506375e-01 9.47819407e-01 9.40171490e-01 9.29455636e-01 9.15526714e-01 8.98204512e-01 8.77278417e-01 8.52514329e-01 8.23664530e-01 7.90481380e-01 7.52735820e-01 7.10241642e-01 6.62886429e-01 6.10669767e-01 5.53748840e-01 4.92490915e-01 4.27531434e-01 3.59835978e-01 2.90764559e-01 2.22138839e-01 1.56319203e-01 9.63158916e-02 4.60111503e-02 1.07937567e-02 1.53174776e-03 2.60795456e-02 6.96630773e-02 1.25372347e-01 1.88707093e-01 2.56262125e-01 3.25370053e-01 3.93950713e-01 4.60422002e-01 5.23629284e-01 5.82779964e-01 6.37380233e-01 6.87174814e-01 7.32091475e-01 7.72191872e-01 8.07629629e-01 8.38615813e-01 8.65391425e-01 8.88206131e-01 9.07302293e-01 9.22903295e-01 9.35205260e-01 9.44371333e-01 9.50527871e-01 9.53762022e-01 9.54120292e-01 9.51607864e-01 9.46188523e-01 9.37785181e-01 9.26281100e-01 9.11522036e-01 8.93319660e-01 8.71456740e-01 8.45694713e-01 8.15784424e-01 7.81480936e-01 7.42563378e-01 6.98860816e-01 6.50284959e-01 5.96870234e-01 5.38821180e-01 4.76566477e-01 4.10818185e-01 3.42634388e-01 2.73484019e-01 2.05315489e-01 1.40638892e-01 8.26539933e-02 3.55288333e-02 5.28920233e-03 5.28920233e-03 3.55288333e-02 8.26539933e-02 1.40638892e-01 2.05315489e-01 2.73484019e-01 3.42634388e-01 4.10818185e-01 4.76566477e-01 5.38821180e-01 5.96870234e-01 6.50284959e-01 6.98860816e-01 7.42563378e-01 7.81480936e-01 8.15784424e-01 8.45694713e-01 8.71456740e-01 8.93319660e-01 9.11522036e-01 9.26281100e-01 9.37785181e-01 9.46188523e-01 9.51607864e-01 9.54120292e-01 9.53762022e-01 9.50527871e-01 9.44371333e-01 9.35205260e-01 9.22903295e-01 9.07302293e-01 8.88206131e-01 8.65391425e-01 8.38615813e-01 8.07629629e-01 7.72191872e-01 7.32091475e-01 6.87174814e-01 6.37380233e-01 5.82779964e-01 5.23629284e-01 4.60422002e-01 3.93950713e-01 3.25370053e-01 2.56262125e-01 1.88707093e-01 1.25372347e-01 6.96630773e-02 2.60795456e-02 1.53174776e-03 1.07937567e-02 4.60111503e-02 9.63158916e-02 1.56319203e-01 2.22138839e-01 2.90764559e-01 3.59835978e-01 4.27531434e-01 4.92490915e-01 5.53748840e-01 6.10669767e-01 6.62886429e-01 7.10241642e-01 7.52735820e-01 7.90481380e-01 8.23664530e-01 8.52514329e-01 8.77278417e-01 8.98204512e-01 9.15526714e-01 9.29455636e-01 9.40171490e-01 9.47819407e-01 9.52506375e-01 9.54299346e-01 9.53224211e-01 9.49265428e-01 9.42366239e-01 9.32429527e-01 9.19319463e-01 9.02864237e-01 8.82860287e-01 8.59078590e-01 8.31273714e-01 7.99196470e-01 7.62611118e-01 7.21318111e-01 6.75183294e-01 6.24174262e-01 5.68404132e-01 5.08182394e-01 4.44071760e-01 3.76949321e-01 3.08070342e-01 2.39134453e-01 1.72358965e-01 1.10577419e-01 5.74205478e-02 1.77856857e-02 9.61027951e-16
9.61027951e-16 1.82103008e-02 5.87352588e-02 1.13011903e-01 1.76005992e-01 2.43991338e-01 3.14068182e-01 3.83976637e-01 4.51993843e-01 5.16856512e-01 5.77690698e-01 6.33944310e-01 6.85322800e-01 7.31729876e-01 7.73214904e-01 8.09928025e-01 8.42083181e-01 8.69928663e-01 8.93724336e-01 9.13724542e-01 9.30165597e-01 9.43256908e-01 9.53174838e-01 9.60058600e-01 9.64007629e-01 9.65079999e-01 9.63291610e-01 9.58615977e-01 9.50984583e-01 9.40287865e-01 9.26377026e-01 9.09066990e-01 8.88140952e-01 8.63357132e-01 8.34458474e-01 8.01186200e-01 7.63298226e-01 7.20593517e-01 6.72943354e-01 6.20330267e-01 5.62894896e-01 5.00990387e-01 4.35243114e-01 3.66617938e-01 2.96486310e-01 2.26697571e-01 1.59660172e-01 9.84572471e-02 4.70751897e-02 1.10545781e-02 1.56995676e-03 2.66952862e-02 7.12424622e-02 1.28105570e-01 1.92659871e-01 2.61412742e-01 3.31636919e-01 4.01214892e-01 4.68545512e-01 5.32469286e-01 5.92198960e-01 6.47252694e-01 6.97390827e-01 7.42558120e-01 7.82833032e-01 8.18384814e-01 8.49438481e-01 8.76247110e-01 8.99070594e-01 9.18159781e-01 9.33744972e-01 9.46027797e-01 9.55175652e-01 9.61318004e-01 9.64544063e-01 9.64901409e-01 9.62395344e-01 9.56988820e-01 9.48602937e-01 9.37118117e-01 9.22376161e-01 9.04183561e-01 8.82316533e-01 8.56528436e-01 8.26560338e-01 7.92155697e-01 7.53080153e-01 7.09147528e-01 6.60252958e-01 6.06413797e-01 5.47818441e-01 4.84882438e-01 4.18310533e-01 3.49162758e-01 2.78923157e-01 2.09572527e-01 1.43674789e-01 8.45096527e-02 3.63588764e-02 5.41879456e-03 5.41879456e-03 3.63588764e-02 8.45096527e-02 1.43674789e-01 2.09572527e-01 2.78923157e-01 3.49162758e-01 4.18310533e-01 4.84882438e-01 5.47818441e-01 6.06413797e-01 6.60252958e-01 7.09147528e-01 7.53080153e-01 7.92155697e-01 8.26560338e-01 8.56528436e-01 8.82316533e-01 9.04183561e-01 9.22376161e-01 9.37118117e-01 9.48602937e-01 9.56988820e-01 9.62395344e-01 9.64901409e-01 9.64544063e-01 9.61318004e-01 9.55175652e-01 9.46027797e-01 9.33744972e-01 9.18159781e-01 8.99070594e-01 8.76247110e-01 8.49438481e-01 8.18384814e-01 7.82833032e-01 7.42558120e-01 6.97390827e-01 6.47252694e-01 5.92198960e-01 5.32469286e-01 4.68545512e-01 4.01214892e-01 3.31636919e-01 2.61412742e-01 1.92659871e-01 1.28105570e-01 7.12424622e-02 2.66952862e-02 1.56995676e-03 1.10545781e-02 4.70751897e-02 9.84572471e-02 1.59660172e-01 2.26697571e-01 2.96486310e-01 3.66617938e-01 4.35243114e-01 5.00990387e-01 5.62894896e-01 6.20330267e-01 6.72943354e-01 7.20593517e-01 7.63298226e-01 8.01186200e-01 8.34458474e-01 8.63357132e-01 8.88140952e-01 9.09066990e-01 9.26377026e-01 9.40287865e-01 9.50984583e-01 9.58615977e-01 9.63291610e-01 9.65079999e-01 9.64007629e-01 9.60058600e-01 9.53174838e-01 9.43256908e-01 9.30165597e-01 9.13724542e-01 8.93724336e-01 8.69928663e-01 8.42083181e-01 8.09928025e-01 7.73214904e-01 7.31729876e-01 6.85322800e-01 6.33944310e-01 5.77690698e-01 5.16856512e-01 4.51993843e-01 3.83976637e-01 3.14068182e-01 2.43991338e-01 1.76005992e-01 1.13011903e-01 5.87352588e-02 1.82103008e-02 3.20342650e-16
-6.40685301e-16 1.86241556e-02 6.00149350e-02 1.15378490e-01 1.79546834e-01 2.48701028e-01 3.19877537e-01 3.90776051e-01 4.59652241e-01 5.25236062e-01 5.86657441e-01 6.43375096e-01 6.95109166e-01 7.41779580e-01 7.83451856e-01 8.20291221e-01 8.52525128e-01 8.80413617e-01 9.04226555e-01 9.24226648e-01 9.40657095e-01 9.53732852e-01 9.63634627e-01 9.70504888e-01 9.74445304e-01 9.75515224e-01 9.73730894e-01 9.69065252e-01 9.61448271e-01 9.50767903e-01 9.36871835e-01 9.19570353e-01 8.98640784e-01 8.73834110e-01 8.44884513e-01 8.11522785e-01 7.73494650e-01 7.30585138e-01 6.82650115e-01 6.29655826e-01 5.71726895e-01 5.09202505e-01 4.42699637e-01 3.73181571e-01 3.02029802e-01 2.31119479e-01 1.62904884e-01 1.00539542e-01 4.81112099e-02 1.13088858e-02 1.60724726e-03 2.72952122e-02 7.27792656e-02 1.30761721e-01 1.96496367e-01 2.66405777e-01 3.37705195e-01 4.08241824e-01 4.76397121e-01 5.41007864e-01 6.01292731e-01 6.56781921e-01 7.07251033e-01 7.52661157e-01 7.93106707e-01 8.28771661e-01 8.59894111e-01 8.86738441e-01 9.09574121e-01 9.28659980e-01 9.44232855e-01 9.56499614e-01 9.65631713e-01 9.71761615e-01 9.74980518e-01 9.75337045e-01 9.72836613e-01 9.67441364e-01 9.59070651e-01 9.47602157e-01 9.32873899e-01 9.14687432e-01 8.92812778e-01 8.66995689e-01 8.36968071e-01 8.02462512e-01 7.63232016e-01 7.19076068e-01 6.69874091e-01 6.15627097e-01 5.56507780e-01 4.92918603e-01 4.25556542e-01 3.55482579e-01 2.84194349e-01 2.13703057e-01 1.46624148e-01 8.63147053e-02 3.71673280e-02 5.54520385e-03 5.54520385e-03 3.71673280e-02 8.63147053e-02 1.46624148e-01 2.13703057e-01 2.84194349e-01 3.55482579e-01 4.25556542e-01 4.92918603e-01 5.56507780e-01 6.15627097e-01 6.69874091e-01 7.19076068e-01 7.63232016e-01 8.02462512e-01 8.36968071e-01 8.66995689e-01 8.92812778e-01 9.14687432e-01 9.32873899e-01 9.47602157e-01 9.59070651e-01 9.67441364e-01 9.72836613e-01 9.75337045e-01 9.74980518e-01 9.71761615e-01 9.65631713e-01 9.56499614e-01 9.44232855e-01 9.28659980e-01 9.09574121e-01 8.86738441e-01 8.59894111e-01 8.28771661e-01 7.93106707e-01 7.52661157e-01 7.07251033e-01 6.56781921e-01 6.01292731e-01 5.41007864e-01 4.76397121e-01 4.08241824e-01 3.37705195e-01 2.66405777e-01 1.96496367e-01 1.30761721e-01 7.27792656e-02 2.72952122e-02 1.60724726e-03 1.13088858e-02 4.81112099e-02 1.00539542e-01 1.62904884e-01 2.31119479e-01 3.02029802e-01 3.73181571e-01 4.42699637e-01 5.09202505e-01 5.71726895e-01 6.29655826e-01 6.82650115e-01 7.30585138e-01 7.73494650e-01 8.11522785e-01 8.44884513e-01 8.73834110e-01 8.98640784e-01 9.19570353e-01 9.36871835e-01 9.50767903e-01 9.61448271e-01 9.69065252e-01 9.73730894e-01 9.75515224e-01 9.74445304e-01 9.70504888e-01 9.63634627e-01 9.53732852e-01 9.40657095e-01 9.24226648e-01 9.04226555e-01 8.80413617e-01 8.52525128e-01 8.20291221e-01 7.83451856e-01 7.41779580e-01 6.95109166e-01 6.43375096e-01 5.86657441e-01 5.25236062e-01 4.59652241e-01 3.90776051e-01 3.19877537e-01 2.48701028e-01 1.79546834e-01 1.15378490e-01 6.00149350e-02 1.86241556e-02 -3.20342650e-16
-0.00000000e+00 1.90266764e-02 6.12579770e-02 1.17674565e-01 1.82978165e-01 2.53259973e-01 3.25495227e-01 3.97345366e-01 4.67046289e-01 5.33322338e-01 5.95307878e-01 6.52472462e-01 7.04550491e-01 7.51477386e-01 7.93333912e-01 8.30299436e-01 8.62614028e-01 8.90548699e-01 9.14382682e-01 9.34386565e-01 9.50810078e-01 9.63873485e-01 9.73761688e-01 9.80620311e-01 9.84553209e-01 9.85620980e-01 9.83840209e-01 9.79183269e-01 9.71578650e-01 9.60911885e-01 9.47027247e-01 9.29730561e-01 9.08793551e-01 8.83960342e-01 8.54956877e-01 8.21504188e-01 7.83336618e-01 7.40226177e-01 6.92014261e-01 6.38651705e-01 5.80247785e-01 5.17128038e-01 4.49899906e-01 3.79524379e-01 3.07391704e-01 2.35401014e-01 1.66050151e-01 1.02560397e-01 4.91178806e-02 1.15563178e-02 1.64356289e-03 2.78785128e-02 7.42716205e-02 1.33337972e-01 2.00213147e-01 2.71237716e-01 3.43571888e-01 4.15029646e-01 4.83976616e-01 5.49246847e-01 6.10065373e-01 6.65974333e-01 7.16764071e-01 7.62411222e-01 8.03025228e-01 8.38803854e-01 8.69997398e-01 8.96880808e-01 9.19732536e-01 9.38818942e-01 9.54383077e-01 9.66636828e-01 9.75755582e-01 9.81874708e-01 9.85087354e-01 9.85443162e-01 9.82947663e-01 9.77562206e-01 9.69204430e-01 9.57749356e-01 9.43031331e-01 9.24847173e-01 9.02960999e-01 8.77111371e-01 8.47021588e-01 8.12414082e-01 7.73030060e-01 7.28655597e-01 6.79155348e-01 6.24514812e-01 5.64891580e-01 5.00675240e-01 4.32554718e-01 3.61591090e-01 2.89294150e-01 2.17703571e-01 1.49483946e-01 8.80670230e-02 3.79531227e-02 5.66824533e-03 5.66824533e-03 3.79531227e-02 8.80670230e-02 1.49483946e-01 2.17703571e-01 2.89294150e-01 3.61591090e-01 4.32554718e-01 5.00675240e-01 5.64891580e-01 6.24514812e-01 6.79155348e-01 7.28655597e-01 7.73030060e-01 8.12414082e-01 8.47021588e-01 8.77111371e-01 9.02960999e-01 9.24847173e-01 9.43031331e-01 9.57749356e-01 9.69204430e-01 9.77562206e-01 9.82947663e-01 9.85443162e-01 9.85087354e-01 9.81874708e-01 9.75755582e-01 9.66636828e-01 9.54383077e-01 9.38818942e-01 9.19732536e-01 8.96880808e-01 8.69997398e-01 8.38803854e-01 8.03025228e-01 7.62411222e-01 7.16764071e-01 6.65974333e-01 6.10065373e-01 5.49246847e-01 4.83976616e-01 4.15029646e-01 3.43571888e-01 2.71237716e-01 2.00213147e-01 1.33337972e-01 7.42716205e-02 2.78785128e-02 1.64356289e-03 1.15563178e-02 4.91178806e-02 1.02560397e-01 1.66050151e-01 2.35401014e-01 3.07391704e-01 3.79524379e-01 4.49899906e-01 5.17128038e-01 5.80247785e-01 6.38651705e-01 6.92014261e-01 7.40226177e-01 7.83336618e-01 8.21504188e-01 8.54956877e-01 8.83960342e-01 9.08793551e-01 9.29730561e-01 9.47027247e-01 9.60911885e-01 9.71578650e-01 9.79183269e-01 9.83840209e-01 9.85620980e-01 9.84553209e-01 9.80620311e-01 9.73761688e-01 9.63873485e-01 9.50810078e-01 9.34386565e-01 9.14382682e-01 8.90548699e-01 8.62614028e-01 8.30299436e-01 7.93333912e-01 7.51477386e-01 7.04550491e-01 6.52472462e-01 5.95307878e-01 5.33322338e-01 4.67046289e-01 3.97345366e-01 3.25495227e-01 2.53259973e-01 1.82978165e-01 1.17674565e-01 6.12579770e-02 1.90266764e-02 -6.40685301e-16
6.40685301e-16 1.94173269e-02 6.24629032e-02 1.19897738e-01 1.86296989e-01 2.57665060e-01 3.30918592e-01 4.03682943e-01 4.74175861e-01 5.41117093e-01 6.03645837e-01 6.61242334e-01 7.13654675e-01 7.60832921e-01 8.02872107e-01 8.39964762e-01 8.72362688e-01 9.00347125e-01 9.24206096e-01 9.44217650e-01 9.60637760e-01 9.73691822e-01 9.83568828e-01 9.90417505e-01 9.94343868e-01 9.95409759e-01 9.93632098e-01 9.88982697e-01 9.81388577e-01 9.70732874e-01 9.56856519e-01 9.39560990e-01 9.18612612e-01 8.93748969e-01 8.64688224e-01 8.31142270e-01 7.92834844e-01 7.49525856e-01 7.01043218e-01 6.47323313e-01 5.88460864e-01 5.24768247e-01 4.56843381e-01 3.85644416e-01 3.12569187e-01 2.39539042e-01 1.69093087e-01 1.04517628e-01 5.00939662e-02 1.17965355e-02 1.67885059e-03 2.84444312e-02 7.57178019e-02 1.35831743e-01 2.03807136e-01 2.75905504e-01 3.49234544e-01 4.21577058e-01 4.91284316e-01 5.57188497e-01 6.18521242e-01 6.74836365e-01 7.25938299e-01 7.71818324e-01 8.12599928e-01 8.48493694e-01 8.79761279e-01 9.06687491e-01 9.29559227e-01 9.48649995e-01 9.64208803e-01 9.76452402e-01 9.85560017e-01 9.91669884e-01 9.94877078e-01 9.95232258e-01 9.92741064e-01 9.87364059e-01 9.79017184e-01 9.67572829e-01 9.52861752e-01 9.34676170e-01 9.12774520e-01 8.86888528e-01 8.56733381e-01 8.22022014e-01 7.82484657e-01 7.37894915e-01 6.88103665e-01 6.33081826e-01 5.72972616e-01 5.08153130e-01 4.39304124e-01 3.67486071e-01 2.94219602e-01 2.21570947e-01 1.52251438e-01 8.97646451e-02 3.87152686e-02 5.78774552e-03 5.78774552e-03 3.87152686e-02 8.97646451e-02 1.52251438e-01 2.21570947e-01 2.94219602e-01 3.67486071e-01 4.39304124e-01 5.08153130e-01 5.72972616e-01 6.33081826e-01 6.88103665e-01 7.37894915e-01 7.82484657e-01 8.22022014e-01 8.56733381e-01 8.86888528e-01 9.12774520e-01 9.34676170e-01 9.52861752e-01 9.67572829e-01 9.79017184e-01 9.87364059e-01 9.92741064e-01 9.95232258e-01 9.94877078e-01 9.91669884e-01 9.85560017e-01 9.76452402e-01 9.64208803e-01 9.48649995e-01 9.29559227e-01 9.06687491e-01 8.79761279e-01 8.48493694e-01 8.12599928e-01 7.71818324e-01 7.25938299e-01 6.74836365e-01 6.18521242e-01 5.57188497e-01 4.91284316e-01 4.21577058e-01 3.49234544e-01 2.75905504e-01 2.03807136e-01 1.35831743e-01 7.57178019e-02 2.84444312e-02 1.67885059e-03 1.17965355e-02 5.00939662e-02 1.04517628e-01 1.69093087e-01 2.39539042e-01 3.12569187e-01 3.85644416e-01 4.56843381e-01 5.24768247e-01 5.88460864e-01 6.47323313e-01 7.01043218e-01 7.49525856e-01 7.92834844e-01 8.31142270e-01 8.64688224e-01 8.93748969e-01 9.18612612e-01 9.39560990e-01 9.56856519e-01 9.70732874e-01 9.81388577e-01 9.88982697e-01 9.93632098e-01 9.95409759e-01 9.94343868e-01 9.90417505e-01 9.83568828e-01 9.73691822e-01 9.60637760e-01 9.44217650e-01 9.24206096e-01 9.00347125e-01 8.72362688e-01 8.39964762e-01 8.02872107e-01 7.60832921e-01 7.13654675e-01 6.61242334e-01 6.03645837e-01 5.41117093e-01 4.74175861e-01 4.03682943e-01 3.30918592e-01 2.57665060e-01 1.86296989e-01 1.19897738e-01 6.24629032e-02 1.94173269e-02 1.12119928e-15
-6.40685301e-16 1.97956156e-02 6.36283706e-02 1.22045873e-01 1.89500691e-01 2.61913666e-01 3.36145540e-01 4.09787742e-01 4.81041404e-01 5.48622545e-01 6.11675430e-01 6.69690673e-01 7.22429339e-01 7.69855178e-01 8.12076460e-01 8.49297885e-01 8.81782127e-01 9.09819963e-01 9.33707696e-01 9.53730486e-01 9.70150340e-01 9.83197663e-01 9.93065486e-01 9.99905630e-01 1.00382627e+00 1.00489050e+00 1.00311558e+00 9.98472760e-01 9.90887575e-01 9.80240770e-01 9.66369949e-01 9.49072313e-01 9.28108923e-01 9.03211070e-01 8.74089520e-01 8.40447582e-01 8.01999126e-01 7.58492858e-01 7.09744216e-01 6.55676161e-01 5.96369770e-01 5.32124888e-01 4.63530100e-01 3.91540335e-01 3.17559976e-01 2.43530891e-01 1.72031160e-01 1.06409277e-01 5.10383436e-02 1.20292274e-02 1.71306138e-03 2.89922759e-02 7.71162514e-02 1.38240742e-01 2.07275669e-01 2.80406600e-01 3.54691286e-01 4.27883354e-01 4.98321087e-01 5.64835499e-01 6.26664922e-01 6.83374416e-01 7.34781712e-01 7.80891749e-01 8.21841025e-01 8.57851981e-01 8.89196809e-01 9.16169532e-01 9.39065026e-01 9.58163632e-01 9.73720131e-01 9.85956039e-01 9.95054381e-01 1.00115625e+00 1.00435866e+00 1.00471328e+00 1.00222588e+00 9.96856213e-01 9.88518523e-01 9.77082574e-01 9.62375560e-01 9.44185177e-01 9.22264348e-01 8.96338235e-01 8.66114342e-01 8.31296707e-01 7.91605359e-01 7.46802370e-01 6.96725864e-01 6.41333190e-01 5.80754049e-01 5.15353576e-01 4.45804418e-01 3.73165898e-01 2.98968278e-01 2.25302500e-01 1.54924199e-01 9.14058067e-02 3.94528614e-02 5.90354460e-03 5.90354460e-03 3.94528614e-02 9.14058067e-02 1.54924199e-01 2.25302500e-01 2.98968278e-01 3.73165898e-01 4.45804418e-01 5.15353576e-01 5.80754049e-01 6.41333190e-01 6.96725864e-01 7.46802370e-01 7.91605359e-01 8.31296707e-01 8.66114342e-01 8.96338235e-01 9.22264348e-01 9.44185177e-01 9.62375560e-01 9.77082574e-01 9.88518523e-01 9.96856213e-01 1.00222588e+00 1.00471328e+00 1.00435866e+00 1.00115625e+00 9.95054381e-01 9.85956039e-01 9.73720131e-01 9.58163632e-01 9.39065026e-01 9.16169532e-01 8.89196809e-01 8.57851981e-01 8.21841025e-01 7.80891749e-01 7.34781712e-01 6.83374416e-01 6.26664922e-01 5.64835499e-01 4.98321087e-01 4.27883354e-01 3.54691286e-01 2.80406600e-01 2.07275669e-01 1.38240742e-01 7.71162514e-02 2.89922759e-02 1.71306138e-03 1.20292274e-02 5.10383436e-02 1.06409277e-01 1.72031160e-01 2.43530891e-01 3.17559976e-01 3.91540335e-01 4.63530100e-01 5.32124888e-01 5.96369770e-01 6.55676161e-01 7.09744216e-01 7.58492858e-01 8.01999126e-01 8.40447582e-01 8.74089520e-01 9.03211070e-01 9.28108923e-01 9.49072313e-01 9.66369949e-01 9.80240770e-01 9.90887575e-01 9.98472760e-01 1.00311558e+00 1.00489050e+00 1.00382627e+00 9.99905630e-01 9.93065486e-01 9.83197663e-01 9.70150340e-01 9.53730486e-01 9.33707696e-01 9.09819963e-01 8.81782127e-01 8.49297885e-01 8.12076460e-01 7.69855178e-01 7.22429339e-01 6.69690673e-01 6.11675430e-01 5.48622545e-01 4.81041404e-01 4.09787742e-01 3.36145540e-01 2.61913666e-01 1.89500691e-01 1.22045873e-01 6.36283706e-02 1.97956156e-02 -6.40685301e-16
-0.00000000e+00 2.01611033e-02 6.47531970e-02 1.24117127e-01 1.92587086e-01 2.66003714e-01 3.41174603e-01 4.15659370e-01 4.87643961e-01 5.55841386e-01 6.19401041e-01 6.77823441e-01 7.30881779e-01 7.78552454e-01 8.20955900e-01 8.58308005e-01 8.90881492e-01 9.18976052e-01 9.42895832e-01 9.62932834e-01 9.79354954e-01 9.92397557e-01 1.00225771e+00 1.00909035e+00 1.01300586e+00 1.01406859e+00 1.01229615e+00 1.00765921e+00 1.00008181e+00 9.89442262e-01 9.75574830e-01 9.58272442e-01 9.37290970e-01 9.12355580e-01 8.83169953e-01 8.49429290e-01 8.10838270e-01 7.67135261e-01 7.18124245e-01 6.63715834e-01 6.03978469e-01 5.39200230e-01 4.69960724e-01 3.97211436e-01 3.22362404e-01 2.47374412e-01 1.74862229e-01 1.08233644e-01 5.19500198e-02 1.22541146e-02 1.74615100e-03 2.95214311e-02 7.84656034e-02 1.40563003e-01 2.10616542e-01 2.84739031e-01 3.59940874e-01 4.33948474e-01 5.05088373e-01 5.72190971e-01 6.34501209e-01 6.91594808e-01 7.43301888e-01 7.89639986e-01 8.30757549e-01 8.66887930e-01 8.98313081e-01 9.25335663e-01 9.48258141e-01 9.67367457e-01 9.82924046e-01 9.95154154e-01 1.00424461e+00 1.01033940e+00 1.01353750e+00 1.01389162e+00 1.01140764e+00 1.00604451e+00 9.97714734e-01 9.86285427e-01 9.71580203e-01 9.53382259e-01 9.31439095e-01 9.05469513e-01 8.75173681e-01 8.40247268e-01 8.00400826e-01 7.55385803e-01 7.05028610e-01 6.49274102e-01 5.88239424e-01 5.22278433e-01 4.52055889e-01 3.78629585e-01 3.03538345e-01 2.28896037e-01 1.57500165e-01 9.29889685e-02 4.01650989e-02 6.01549883e-03 6.01549883e-03 4.01650989e-02 9.29889685e-02 1.57500165e-01 2.28896037e-01 3.03538345e-01 3.78629585e-01 4.52055889e-01 5.22278433e-01 5.88239424e-01 6.49274102e-01 7.05028610e-01 7.55385803e-01 8.00400826e-01 8.40247268e-01 8.75173681e-01 9.05469513e-01 9.31439095e-01 9.53382259e-01 9.71580203e-01 9.86285427e-01 9.97714734e-01 1.00604451e+00 1.01140764e+00 1.01389162e+00 1.01353750e+00 1.01033940e+00 1.00424461e+00 9.95154154e-01 9.82924046e-01 9.67367457e-01 9.48258141e-01 9.25335663e-01 8.98313081e-01 8.66887930e-01 8.30757549e-01 7.89639986e-01 7.43301888e-01 6.91594808e-01 6.34501209e-01 5.72190971e-01 5.05088373e-01 4.33948474e-01 3.59940874e-01 2.84739031e-01 2.10616542e-01 1.40563003e-01 7.84656034e-02 2.95214311e-02 1.74615100e-03 1.22541146e-02 5.19500198e-02 1.08233644e-01 1.74862229e-01 2.47374412e-01 3.22362404e-01 3.97211436e-01 4.69960724e-01 5.39200230e-01 6.03978469e-01 6.63715834e-01 7.18124245e-01 7.67135261e-01 8.10838270e-01 8.49429290e-01 8.83169953e-01 9.12355580e-01 9.37290970e-01 9.58272442e-01 9.75574830e-01 9.89442262e-01 1.00008181e+00 1.00765921e+00 1.01229615e+00 1.01406859e+00 1.01300586e+00 1.00909035e+00 1.00225771e+00 9.92397557e-01 9.79354954e-01 9.62932834e-01 9.42895832e-01 9.18976052e-01 8.90881492e-01 8.58308005e-01 8.20955900e-01 7.78552454e-01 7.30881779e-01 6.77823441e-01 6.19401041e-01 5.55841386e-01 4.87643961e-01 4.15659370e-01 3.41174603e-01 2.66003714e-01 1.92587086e-01 1.24117127e-01 6.47531970e-02 2.01611033e-02 -6.40685301e-16
-9.61027951e-16 2.05134117e-02 6.58363853e-02 1.26109994e-01 1.95554471e-01 2.69933733e-01 3.46004999e-01 4.21298138e-01 4.93985220e-01 5.62776812e-01 6.26827340e-01 6.85646593e-01 7.39018938e-01 7.86932314e-01 8.29518227e-01 8.67002796e-01 8.99668029e-01 9.27821982e-01 9.51776294e-01 9.71829626e-01 9.88255692e-01 1.00129483e+00 1.01114819e+00 1.01797389e+00 1.02188457e+00 1.02294587e+00 1.02117578e+00 1.01654436e+00 1.00897411e+00 9.98340856e-01 9.84475455e-01 9.67166525e-01 9.46164751e-01 9.21189270e-01 8.91936898e-01 8.58095129e-01 8.19360051e-01 7.75460512e-01 7.26190034e-01 6.71447992e-01 6.11291273e-01 5.45997089e-01 4.76136576e-01 4.02657724e-01 3.26975476e-01 2.51068032e-01 1.77584604e-01 1.09989327e-01 5.28281526e-02 1.24709555e-02 1.77808078e-03 3.00313687e-02 7.97647132e-02 1.42796935e-01 2.13828067e-01 2.88901457e-01 3.64982767e-01 4.39773049e-01 5.11588233e-01 5.79258488e-01 6.42035117e-01 6.99503776e-01 7.51505962e-01 7.98070694e-01 8.39357301e-01 8.75609133e-01 9.07117191e-01 9.34192282e-01 9.57144150e-01 9.76266187e-01 9.91824438e-01 1.00404990e+00 1.01313327e+00 1.01922147e+00 1.02241550e+00 1.02276914e+00 1.02028839e+00 1.01493137e+00 1.00660880e+00 9.95185082e-01 9.80480185e-01 9.62272777e-01 9.40304963e-01 9.14289302e-01 8.83918891e-01 8.48881475e-01 8.08878787e-01 7.63652516e-01 7.13018396e-01 6.56909904e-01 5.95432686e-01 5.28930135e-01 4.58059509e-01 3.83876853e-01 3.07928620e-01 2.32349915e-01 1.59977680e-01 9.45128494e-02 4.08512964e-02 6.12348323e-03 6.12348323e-03 4.08512964e-02 9.45128494e-02 1.59977680e-01 2.32349915e-01 3.07928620e-01 3.83876853e-01 4.58059509e-01 5.28930135e-01 5.95432686e-01 6.56909904e-01 7.13018396e-01 7.63652516e-01 8.08878787e-01 8.48881475e-01 8.83918891e-01 9.14289302e-01 9.40304963e-01 9.62272777e-01 9.80480185e-01 9.95185082e-01 1.00660880e+00 1.01493137e+00 1.02028839e+00 1.02276914e+00 1.02241550e+00 1.01922147e+00 1.01313327e+00 1.00404990e+00 9.91824438e-01 9.76266187e-01 9.57144150e-01 9.34192282e-01 9.07117191e-01 8.75609133e-01 8.39357301e-01 7.98070694e-01 7.51505962e-01 6.99503776e-01 6.42035117e-01 5.79258488e-01 5.11588233e-01 4.39773049e-01 3.64982767e-01 2.88901457e-01 2.13828067e-01 1.42796935e-01 7.97647132e-02 3.00313687e-02 1.77808078e-03 1.24709555e-02 5.28281526e-02 1.09989327e-01 1.77584604e-01 2.51068032e-01 3.26975476e-01 4.02657724e-01 4.76136576e-01 5.45997089e-01 6.11291273e-01 6.71447992e-01 7.26190034e-01 7.75460512e-01 8.19360051e-01 8.58095129e-01 8.91936898e-01 9.21189270e-01 9.46164751e-01 9.67166525e-01 9.84475455e-01 9.98340856e-01 1.00897411e+00 1.01654436e+00 1.02117578e+00 1.02294587e+00 1.02188457e+00 1.01797389e+00 1.01114819e+00 1.00129483e+00 9.88255692e-01 9.71829626e-01 9.51776294e-01 9.27821982e-01 8.99668029e-01 8.67002796e-01 8.29518227e-01 7.86932314e-01 7.39018938e-01 6.85646593e-01 6.26827340e-01 5.62776812e-01 4.93985220e-01 4.21298138e-01 3.46004999e-01 2.69933733e-01 1.95554471e-01 1.26109994e-01 6.58363853e-02 2.05134117e-02 -3.20342650e-16
1.60171325e-16 2.08522321e-02 6.68771487e-02 1.28023344e-01 1.98401684e-01 2.73702930e-01 3.50636706e-01 4.26705127e-01 5.00067571e-01 5.69432567e-01 6.33959308e-01 6.93166097e-01 7.46847414e-01 7.95001588e-01 8.37770110e-01 8.75388412e-01 9.08147095e-01 9.36362118e-01 9.60352358e-01 9.80423028e-01 9.96853673e-01 1.00988967e+00 1.01973636e+00 1.02655513e+00 1.03046094e+00 1.03152082e+00 1.02975309e+00 1.02512721e+00 1.01756408e+00 1.00693696e+00 9.93073198e-01 9.75757003e-01 9.54733820e-01 9.29716768e-01 9.00395934e-01 8.66451412e-01 8.27571216e-01 7.83475421e-01 7.33948061e-01 6.78878384e-01 6.18312875e-01 5.52518875e-01 4.82059708e-01 4.07879979e-01 3.31398942e-01 2.54610827e-01 1.80197097e-01 1.11675258e-01 5.36720708e-02 1.26795517e-02 1.80881845e-03 3.05216612e-02 8.10126873e-02 1.44941368e-01 2.16909135e-01 2.92893243e-01 3.69817190e-01 4.45358475e-01 5.17823396e-01 5.86042120e-01 6.49271902e-01 7.07107480e-01 7.59400629e-01 8.06190700e-01 8.47646852e-01 8.84021567e-01 9.15614266e-01 9.42743489e-01 9.65726051e-01 9.84861720e-01 1.00042218e+00 1.01264326e+00 1.02171962e+00 1.02780123e+00 1.03099117e+00 1.03134433e+00 1.02886683e+00 1.02351594e+00 1.01520052e+00 1.00378218e+00 9.89077137e-01 9.70859452e-01 9.48865780e-01 9.22802483e-01 8.92355758e-01 8.57205780e-01 8.17046041e-01 7.71609275e-01 7.20701553e-01 6.64246111e-01 6.02338223e-01 5.35311754e-01 4.63816997e-01 3.88908198e-01 3.12138648e-01 2.35663103e-01 1.62355555e-01 9.59764615e-02 4.15109042e-02 6.22739436e-03 6.22739436e-03 4.15109042e-02 9.59764615e-02 1.62355555e-01 2.35663103e-01 3.12138648e-01 3.88908198e-01 4.63816997e-01 5.35311754e-01 6.02338223e-01 6.64246111e-01 7.20701553e-01 7.71609275e-01 8.17046041e-01 8.57205780e-01 8.92355758e-01 9.22802483e-01 9.48865780e-01 9.70859452e-01 9.89077137e-01 1.00378218e+00 1.01520052e+00 1.02351594e+00 1.02886683e+00 1.03134433e+00 1.03099117e+00 1.02780123e+00 1.02171962e+00 1.01264326e+00 1.00042218e+00 9.84861720e-01 9.65726051e-01 9.42743489e-01 9.15614266e-01 8.84021567e-01 8.47646852e-01 8.06190700e-01 7.59400629e-01 7.07107480e-01 6.49271902e-01 5.86042120e-01 5.17823396e-01 4.45358475e-01 3.69817190e-01 2.92893243e-01 2.16909135e-01 1.44941368e-01 8.10126873e-02 3.05216612e-02 1.80881845e-03 1.26795517e-02 5.36720708e-02 1.11675258e-01 1.80197097e-01 2.54610827e-01 3.31398942e-01 4.07879979e-01 4.82059708e-01 5.52518875e-01 6.18312875e-01 6.78878384e-01 7.33948061e-01 7.83475421e-01 8.27571216e-01 8.66451412e-01 9.00395934e-01 9.29716768e-01 9.54733820e-01 9.75757003e-01 9.93073198e-01 1.00693696e+00 1.01756408e+00 1.02512721e+00 1.02975309e+00 1.03152082e+00 1.03046094e+00 1.02655513e+00 1.01973636e+00 1.00988967e+00 9.96853673e-01 9.80423028e-01 9.60352358e-01 9.36362118e-01 9.08147095e-01 8.75388412e-01 8.37770110e-01 7.95001588e-01 7.46847414e-01 6.93166097e-01 6.33959308e-01 5.69432567e-01 5.00067571e-01 4.26705127e-01 3.50636706e-01 2.73702930e-01 1.98401684e-01 1.28023344e-01 6.68771487e-02 2.08522321e-02 -3.20342650e-16
-0.00000000e+00 2.11773351e-02 6.78749384e-02 1.29856472e-01 2.01128168e-01 2.77311260e-01 3.55070535e-01 4.31882259e-01 5.05894165e-01 5.75812993e-01 6.40802280e-01 7.00387960e-01 7.54373490e-01 8.02766410e-01 8.45717130e-01 8.83469538e-01 9.16322226e-01 9.44598694e-01 9.68624890e-01 9.88712571e-01 1.00514719e+00 1.01817930e+00 1.02801857e+00 1.03482979e+00 1.03873034e+00 1.03978867e+00 1.03802349e+00 1.03340362e+00 1.02584827e+00 1.01522805e+00 1.00136665e+00 9.84043734e-01 9.62999384e-01 9.37940640e-01 9.08550903e-01 8.74503075e-01 8.35477517e-01 7.91186199e-01 7.41404578e-01 6.86012887e-01 6.25048386e-01 5.58769645e-01 4.87732963e-01 4.12879827e-01 3.35633370e-01 2.58002590e-01 1.82699079e-01 1.13290747e-01 5.44812976e-02 1.28797537e-02 1.83833906e-03 3.09919948e-02 8.22089155e-02 1.46995600e-01 2.19859284e-01 2.96714526e-01 3.74445213e-01 4.50706977e-01 5.23797323e-01 5.92546481e-01 6.56217101e-01 7.14412036e-01 7.66992173e-01 8.14006034e-01 8.55631586e-01 8.92129652e-01 9.23807527e-01 9.50991178e-01 9.74004369e-01 9.93153263e-01 1.00871528e+00 1.02093122e+00 1.02999984e+00 1.03607428e+00 1.03925980e+00 1.03961244e+00 1.03713846e+00 1.03179421e+00 1.02348665e+00 1.01207445e+00 9.97369956e-01 9.79142472e-01 9.57123097e-01 9.31011953e-01 9.00488417e-01 8.65225354e-01 8.24908490e-01 7.79262340e-01 7.28084278e-01 6.71288440e-01 6.08960905e-01 5.41427051e-01 4.69330885e-01 3.93724959e-01 3.16168773e-01 2.38835255e-01 1.64633114e-01 9.73791464e-02 4.21435248e-02 6.32715329e-03 6.32715329e-03 4.21435248e-02 9.73791464e-02 1.64633114e-01 2.38835255e-01 3.16168773e-01 3.93724959e-01 4.69330885e-01 5.41427051e-01 6.08960905e-01 6.71288440e-01 7.28084278e-01 7.79262340e-01 8.24908490e-01 8.65225354e-01 9.00488417e-01 9.31011953e-01 9.57123097e-01 9.79142472e-01 9.97369956e-01 1.01207445e+00 1.02348665e+00 1.03179421e+00 1.03713846e+00 1.03961244e+00 1.03925980e+00 1.03607428e+00 1.02999984e+00 1.02093122e+00 1.00871528e+00 9.93153263e-01 9.74004369e-01 9.50991178e-01 9.23807527e-01 8.92129652e-01 8.55631586e-01 8.14006034e-01 7.66992173e-01 7.14412036e-01 6.56217101e-01 5.92546481e-01 5.23797323e-01 4.50706977e-01 3.74445213e-01 2.96714526e-01 2.19859284e-01 1.46995600e-01 8.22089155e-02 3.09919948e-02 1.83833906e-03 1.28797537e-02 5.44812976e-02 1.13290747e-01 1.82699079e-01 2.58002590e-01 3.35633370e-01 4.12879827e-01 4.87732963e-01 5.58769645e-01 6.25048386e-01 6.86012887e-01 7.41404578e-01 7.91186199e-01 8.35477517e-01 8.74503075e-01 9.08550903e-01 9.37940640e-01 9.62999384e-01 9.84043734e-01 1.00136665e+00 1.01522805e+00 1.02584827e+00 1.03340362e+00 1.03802349e+00 1.03978867e+00 1.03873034e+00 1.03482979e+00 1.02801857e+00 1.01817930e+00 1.00514719e+00 9.88712571e-01 9.68624890e-01 9.44598694e-01 9.16322226e-01 8.83469538e-01 8.45717130e-01 8.02766410e-01 7.54373490e-01 7.00387960e-01 6.40802280e-01 5.75812993e-01 5.05894165e-01 4.31882259e-01 3.55070535e-01 2.77311260e-01 2.01128168e-01 1.29856472e-01 6.78749384e-02 2.11773351e-02 -0.00000000e+00
3.20342650e-16 2.14885792e-02 6.88294694e-02 1.31609141e-01 2.03734031e-01 2.80759495e-01 3.59308202e-01 4.36832371e-01 5.11468990e-01 5.81923095e-01 6.47362007e-01 7.07318291e-01 7.61603191e-01 8.10232277e-01 8.53363851e-01 8.91249488e-01 9.24195259e-01 9.52531948e-01 9.76592517e-01 9.96695338e-01 1.01313194e+00 1.02615822e+00 1.03598835e+00 1.04279071e+00 1.04668520e+00 1.04774175e+00 1.04597950e+00 1.04136657e+00 1.03382044e+00 1.02320889e+00 1.00935183e+00 9.92024177e-01 9.70960471e-01 9.45861531e-01 9.16404027e-01 8.82253770e-01 8.43083786e-01 7.98598514e-01 7.48565675e-01 6.92857557e-01 6.31503403e-01 5.64754171e-01 4.93160046e-01 4.17659819e-01 3.39680220e-01 2.61243897e-01 1.85090542e-01 1.14835520e-01 5.52555714e-02 1.30714666e-02 1.86662580e-03 3.14421828e-02 8.33531018e-02 1.48959451e-01 2.22678756e-01 3.00366292e-01 3.78868822e-01 4.55821683e-01 5.29514275e-01 5.98776792e-01 6.62876593e-01 7.21423573e-01 7.74286529e-01 8.21521996e-01 8.63315785e-01 8.99936348e-01 9.31698417e-01 9.58935183e-01 9.81977336e-01 1.00113754e+00 1.01669911e+00 1.02890800e+00 1.03796727e+00 1.04403335e+00 1.04721377e+00 1.04756583e+00 1.04509588e+00 1.03975935e+00 1.03146117e+00 1.02005695e+00 1.00535500e+00 9.87119679e-01 9.65076344e-01 9.38918759e-01 9.08319466e-01 8.72944171e-01 8.32471213e-01 7.86617526e-01 7.35172696e-01 6.78042872e-01 6.15306154e-01 5.47280551e-01 4.74604593e-01 3.98329403e-01 3.20020211e-01 2.41866772e-01 1.66810252e-01 9.87206117e-02 4.27489303e-02 6.42270853e-03 6.42270853e-03 4.27489303e-02 9.87206117e-02 1.66810252e-01 2.41866772e-01 3.20020211e-01 3.98329403e-01 4.74604593e-01 5.47280551e-01 6.15306154e-01 6.78042872e-01 7.35172696e-01 7.86617526e-01 8.32471213e-01 8.72944171e-01 9.08319466e-01 9.38918759e-01 9.65076344e-01 9.87119679e-01 1.00535500e+00 1.02005695e+00 1.03146117e+00 1.03975935e+00 1.04509588e+00 1.04756583e+00 1.04721377e+00 1.04403335e+00 1.03796727e+00 1.02890800e+00 1.01669911e+00 1.00113754e+00 9.81977336e-01 9.58935183e-01 9.31698417e-01 8.99936348e-01 8.63315785e-01 8.21521996e-01 7.74286529e-01 7.21423573e-01 6.62876593e-01 5.98776792e-01 5.29514275e-01 4.55821683e-01 3.78868822e-01 3.00366292e-01 2.22678756e-01 1.48959451e-01 8.33531018e-02 3.14421828e-02 1.86662580e-03 1.30714666e-02 5.52555714e-02 1.14835520e-01 1.85090542e-01 2.61243897e-01 3.39680220e-01 4.17659819e-01 4.93160046e-01 5.64754171e-01 6.31503403e-01 6.92857557e-01 7.48565675e-01 7.98598514e-01 8.43083786e-01 8.82253770e-01 9.16404027e-01 9.45861531e-01 9.70960471e-01 9.92024177e-01 1.00935183e+00 1.02320889e+00 1.03382044e+00 1.04136657e+00 1.04597950e+00 1.04774175e+00 1.04668520e+00 1.04279071e+00 1.03598835e+00 1.02615822e+00 1.01313194e+00 9.96695338e-01 9.76592517e-01 9.52531948e-01 9.24195259e-01 8.91249488e-01 8.53363851e-01 8.10232277e-01 7.61603191e-01 7.07318291e-01 6.47362007e-01 5.81923095e-01 5.11468990e-01 4.36832371e-01 3.59308202e-01 2.80759495e-01 2.03734031e-01 1.31609141e-01 6.88294694e-02 2.14885792e-02 6.40685301e-16
-3.20342650e-16 2.17859195e-02 6.97407444e-02 1.33281625e-01 2.06220098e-01 2.84049292e-01 3.63352407e-01 4.41559290e-01 5.16796938e-01 5.87768612e-01 6.53644717e-01 7.13963369e-01 7.68542369e-01 8.17404148e-01 8.60713949e-01 8.98730345e-01 9.31766499e-01 9.60160330e-01 9.84251855e-01 1.00436623e+00 1.02080127e+00 1.03381846e+00 1.04363673e+00 1.05042816e+00 1.05431535e+00 1.05536979e+00 1.05361103e+00 1.04900650e+00 1.04147182e+00 1.03087184e+00 1.01702246e+00 9.99693644e-01 9.78614148e-01 9.53478355e-01 9.23956066e-01 8.89706001e-01 8.50394052e-01 8.05717591e-01 7.55437355e-01 6.99418709e-01 6.37684073e-01 5.70478009e-01 4.98345597e-01 4.22223498e-01 3.43541916e-01 2.64336174e-01 1.87372145e-01 1.16309757e-01 5.59948661e-02 1.32546555e-02 1.89367086e-03 3.18721769e-02 8.44452921e-02 1.50833305e-01 2.25368561e-01 3.03850443e-01 3.83090994e-01 4.60706699e-01 5.34979380e-01 6.04738954e-01 6.69256664e-01 7.28148311e-01 7.81289367e-01 8.28743258e-01 8.70702747e-01 9.07443307e-01 9.39286781e-01 9.66573487e-01 9.89641126e-01 1.00880903e+00 1.02436667e+00 1.03656538e+00 1.04561270e+00 1.05166856e+00 1.05484288e+00 1.05519422e+00 1.05272911e+00 1.04740195e+00 1.03911557e+00 1.02772236e+00 1.01302638e+00 9.94786811e-01 9.72723045e-01 9.46522280e-01 9.15850116e-01 8.80365140e-01 8.39738570e-01 7.93680294e-01 7.41972932e-01 6.84515723e-01 6.21380004e-01 5.52877604e-01 4.79642497e-01 4.02724790e-01 3.23695118e-01 2.44758862e-01 1.68887482e-01 1.00000962e-01 4.33270780e-02 6.51403856e-03 6.51403856e-03 4.33270780e-02 1.00000962e-01 1.68887482e-01 2.44758862e-01 3.23695118e-01 4.02724790e-01 4.79642497e-01 5.52877604e-01 6.21380004e-01 6.84515723e-01 7.41972932e-01 7.93680294e-01 8.39738570e-01 8.80365140e-01 9.15850116e-01 9.46522280e-01 9.72723045e-01 9.94786811e-01 1.01302638e+00 1.02772236e+00 1.03911557e+00 1.04740195e+00 1.05272911e+00 1.05519422e+00 1.05484288e+00 1.05166856e+00 1.04561270e+00 1.03656538e+00 1.02436667e+00 1.00880903e+00 9.89641126e-01 9.66573487e-01 9.39286781e-01 9.07443307e-01 8.70702747e-01 8.28743258e-01 7.81289367e-01 7.28148311e-01 6.69256664e-01 6.04738954e-01 5.34979380e-01 4.60706699e-01 3.83090994e-01 3.03850443e-01 2.25368561e-01 1.50833305e-01 8.44452921e-02 3.18721769e-02 1.89367086e-03 1.32546555e-02 5.59948661e-02 1.16309757e-01 1.87372145e-01 2.64336174e-01 3.43541916e-01 4.22223498e-01 4.98345597e-01 5.70478009e-01 6.37684073e-01 6.99418709e-01 7.55437355e-01 8.05717591e-01 8.50394052e-01 8.89706001e-01 9.23956066e-01 9.53478355e-01 9.78614148e-01 9.99693644e-01 1.01702246e+00 1.03087184e+00 1.04147182e+00 1.04900650e+00 1.05361103e+00 1.05536979e+00 1.05431535e+00 1.05042816e+00 1.04363673e+00 1.03381846e+00 1.02080127e+00 1.00436623e+00 9.84251855e-01 9.60160330e-01 9.31766499e-01 8.98730345e-01 8.60713949e-01 8.17404148e-01 7.68542369e-01 7.13963369e-01 6.53644717e-01 5.87768612e-01 5.16796938e-01 4.41559290e-01 3.63352407e-01 2.84049292e-01 2.06220098e-01 1.33281625e-01 6.97407444e-02 2.17859195e-02 -0.00000000e+00
1.60171325e-16 2.20694192e-02 7.06090870e-02 1.34874762e-01 2.08587988e-01 2.87183279e-01 3.67206916e-01 4.46067924e-01 5.21883895e-01 5.93356101e-01 6.59657216e-01 7.20329746e-01 7.75196810e-01 8.24286579e-01 8.67770357e-01 9.05913152e-01 9.39034942e-01 9.67480753e-01 9.91597802e-01 1.01171828e+00 1.02814657e+00 1.04115005e+00 1.05095261e+00 1.05773029e+00 1.06160849e+00 1.06266035e+00 1.06090586e+00 1.05631171e+00 1.04879158e+00 1.03820722e+00 1.02437031e+00 1.00704562e+00 9.85955804e-01 9.60788543e-01 9.31206537e-01 8.96861302e-01 8.57411685e-01 8.12548330e-01 7.62025642e-01 7.05703003e-01 6.43597181e-01 5.75947583e-01 5.03295283e-01 4.26575494e-01 3.47221935e-01 2.67281781e-01 1.89545290e-01 1.17714143e-01 5.66994175e-02 1.34293521e-02 1.91947642e-03 3.22820838e-02 8.54859135e-02 1.52618171e-01 2.27930551e-01 3.07169883e-01 3.87115788e-01 4.65367196e-01 5.40198728e-01 6.10439628e-01 6.75364103e-01 7.34592655e-01 7.88006207e-01 8.35674002e-01 8.77794955e-01 9.14651071e-01 9.46571092e-01 9.73902492e-01 9.96990152e-01 1.01616036e+00 1.03170898e+00 1.04389306e+00 1.05292483e+00 1.05896790e+00 1.06213473e+00 1.06248521e+00 1.06002601e+00 1.05471051e+00 1.04643928e+00 1.03506134e+00 1.02037628e+00 1.00213781e+00 9.80059090e-01 9.53820469e-01 9.23080397e-01 8.87490278e-01 8.46714348e-01 8.00455868e-01 7.48491216e-01 6.90713732e-01 6.27189196e-01 5.58224480e-01 4.84450024e-01 4.06915466e-01 3.27196684e-01 2.47513626e-01 1.70866000e-01 1.01220744e-01 4.38781320e-02 6.60115549e-03 6.60115549e-03 4.38781320e-02 1.01220744e-01 1.70866000e-01 2.47513626e-01 3.27196684e-01 4.06915466e-01 4.84450024e-01 5.58224480e-01 6.27189196e-01 6.90713732e-01 7.48491216e-01 8.00455868e-01 8.46714348e-01 8.87490278e-01 9.23080397e-01 9.53820469e-01 9.80059090e-01 1.00213781e+00 1.02037628e+00 1.03506134e+00 1.04643928e+00 1.05471051e+00 1.06002601e+00 1.06248521e+00 1.06213473e+00 1.05896790e+00 1.05292483e+00 1.04389306e+00 1.03170898e+00 1.01616036e+00 9.96990152e-01 9.73902492e-01 9.46571092e-01 9.14651071e-01 8.77794955e-01 8.35674002e-01 7.88006207e-01 7.34592655e-01 6.75364103e-01 6.10439628e-01 5.40198728e-01 4.65367196e-01 3.87115788e-01 3.07169883e-01 2.27930551e-01 1.52618171e-01 8.54859135e-02 3.22820838e-02 1.91947642e-03 1.34293521e-02 5.66994175e-02 1.17714143e-01 1.89545290e-01 2.67281781e-01 3.47221935e-01 4.26575494e-01 5.03295283e-01 5.75947583e-01 6.43597181e-01 7.05703003e-01 7.62025642e-01 8.12548330e-01 8.57411685e-01 8.96861302e-01 9.31206537e-01 9.60788543e-01 9.85955804e-01 1.00704562e+00 1.02437031e+00 1.03820722e+00 1.04879158e+00 1.05631171e+00 1.06090586e+00 1.06266035e+00 1.06160849e+00 1.05773029e+00 1.05095261e+00 1.04115005e+00 1.02814657e+00 1.01171828e+00 9.91597802e-01 9.67480753e-01 9.39034942e-01 9.05913152e-01 8.67770357e-01 8.24286579e-01 7.75196810e-01 7.20329746e-01 6.59657216e-01 5.93356101e-01 5.21883895e-01 4.46067924e-01 3.67206916e-01 2.87183279e-01 2.08587988e-01 1.34874762e-01 7.06090870e-02 2.20694192e-02 1.60171325e-16
-0.00000000e+00 2.23392519e-02 7.14351490e-02 1.36389968e-01 2.10840133e-01 2.90165076e-01 3.70876600e-01 4.50364295e-01 5.26736790e-01 5.98693000e-01 6.65406948e-01 7.26424332e-01 7.81572354e-01 8.30883863e-01 8.74535459e-01 9.12798134e-01 9.45998540e-01 9.74488902e-01 9.98623885e-01 1.01874303e+00 1.03515767e+00 1.04814136e+00 1.05792326e+00 1.06468355e+00 1.06855061e+00 1.06959929e+00 1.06785007e+00 1.06326883e+00 1.05576723e+00 1.04520375e+00 1.03138563e+00 1.01407212e+00 9.92979492e-01 9.67788341e-01 9.38153962e-01 9.03720454e-01 8.64139572e-01 8.19095453e-01 7.68336690e-01 7.11717536e-01 6.49250223e-01 5.81170248e-01 5.08015835e-01 4.30721560e-01 3.50724837e-01 2.70084029e-01 1.91612134e-01 1.19049877e-01 5.73697307e-02 1.35956572e-02 1.94405505e-03 3.26721692e-02 8.64757831e-02 1.54315698e-01 2.30367444e-01 3.10328547e-01 3.90948377e-01 4.69809455e-01 5.45179414e-01 6.15886304e-01 6.81206274e-01 7.40763298e-01 7.94442542e-01 8.42318075e-01 8.84594271e-01 9.21559302e-01 9.53548732e-01 9.80917327e-01 1.00401743e+00 1.02318260e+00 1.03871549e+00 1.05087910e+00 1.05989069e+00 1.06591771e+00 1.06907527e+00 1.06942469e+00 1.06697279e+00 1.06167184e+00 1.05342009e+00 1.04206296e+00 1.02739534e+00 1.00916519e+00 9.87079067e-01 9.60810137e-01 9.30009405e-01 8.94320910e-01 8.53401925e-01 8.06949369e-01 7.54733989e-01 6.96644149e-01 6.32741237e-01 5.63328417e-01 4.89033690e-01 4.10906899e-01 3.30529155e-01 2.50134075e-01 1.72747704e-01 1.02380958e-01 4.44024684e-02 6.68410600e-03 6.68410600e-03 4.44024684e-02 1.02380958e-01 1.72747704e-01 2.50134075e-01 3.30529155e-01 4.10906899e-01 4.89033690e-01 5.63328417e-01 6.32741237e-01 6.96644149e-01 7.54733989e-01 8.06949369e-01 8.53401925e-01 8.94320910e-01 9.30009405e-01 9.60810137e-01 9.87079067e-01 1.00916519e+00 1.02739534e+00 1.04206296e+00 1.05342009e+00 1.06167184e+00 1.06697279e+00 1.06942469e+00 1.06907527e+00 1.06591771e+00 1.05989069e+00 1.05087910e+00 1.03871549e+00 1.02318260e+00 1.00401743e+00 9.80917327e-01 9.53548732e-01 9.21559302e-01 8.84594271e-01 8.42318075e-01 7.94442542e-01 7.40763298e-01 6.81206274e-01 6.15886304e-01 5.45179414e-01 4.69809455e-01 3.90948377e-01 3.10328547e-01 2.30367444e-01 1.54315698e-01 8.64757831e-02 3.26721692e-02 1.94405505e-03 1.35956572e-02 5.73697307e-02 1.19049877e-01 1.91612134e-01 2.70084029e-01 3.50724837e-01 4.30721560e-01 5.08015835e-01 5.81170248e-01 6.49250223e-01 7.11717536e-01 7.68336690e-01 8.19095453e-01 8.64139572e-01 9.03720454e-01 9.38153962e-01 9.67788341e-01 9.92979492e-01 1.01407212e+00 1.03138563e+00 1.04520375e+00 1.05576723e+00 1.06326883e+00 1.06785007e+00 1.06959929e+00 1.06855061e+00 1.06468355e+00 1.05792326e+00 1.04814136e+00 1.03515767e+00 1.01874303e+00 9.98623885e-01 9.74488902e-01 9.45998540e-01 9.12798134e-01 8.74535459e-01 8.30883863e-01 7.81572354e-01 7.26424332e-01 6.65406948e-01 5.98693000e-01 5.26736790e-01 4.50364295e-01 3.70876600e-01 2.90165076e-01 2.10840133e-01 1.36389968e-01 7.14351490e-02 2.23392519e-02 -3.20342650e-16
3.20342650e-16 2.25957104e-02 7.22199350e-02 1.37829278e-01 2.12979831e-01 2.92999365e-01 3.74367494e-01 4.54455614e-01 5.31363660e-01 6.03787699e-01 6.70902097e-01 7.32254511e-01 7.87675032e-01 8.37200214e-01 8.81011298e-01 9.19384958e-01 9.52654508e-01 9.81179585e-01 1.00532265e+00 1.02543101e+00 1.04182331e+00 1.05477969e+00 1.06453483e+00 1.07127330e+00 1.07512659e+00 1.07617137e+00 1.07442861e+00 1.06986338e+00 1.06238518e+00 1.05184905e+00 1.03805757e+00 1.02076416e+00 9.99678306e-01 9.74473150e-01 9.44796171e-01 9.10283730e-01 8.70580327e-01 8.25363665e-01 7.74376918e-01 7.17469946e-01 6.54651487e-01 5.86154356e-01 5.12515126e-01 4.34668640e-01 3.54056331e-01 2.72747250e-01 1.93575642e-01 1.20318712e-01 5.80065991e-02 1.37537453e-02 1.96743038e-03 3.30428695e-02 8.74161360e-02 1.55928217e-01 2.32682876e-01 3.13331460e-01 3.94595115e-01 4.74040930e-01 5.49929616e-01 6.21087376e-01 6.86791214e-01 7.46667334e-01 8.00603989e-01 8.48679174e-01 8.91102159e-01 9.28167055e-01 9.60216305e-01 9.87612222e-01 1.01071497e+00 1.02986581e+00 1.04537454e+00 1.05751050e+00 1.06649620e+00 1.07250317e+00 1.07564931e+00 1.07599742e+00 1.07355450e+00 1.06827166e+00 1.06004466e+00 1.04871520e+00 1.03407317e+00 1.01586045e+00 9.93776630e-01 9.67487283e-01 9.36635581e-01 9.00857909e-01 8.59804462e-01 8.13165971e-01 7.60708022e-01 7.02314828e-01 6.38044487e-01 5.68197696e-01 4.93401173e-01 4.14705747e-01 3.33697904e-01 2.52624189e-01 1.74535236e-01 1.03483089e-01 4.49006908e-02 6.76297392e-03 6.76297392e-03 4.49006908e-02 1.03483089e-01 1.74535236e-01 2.52624189e-01 3.33697904e-01 4.14705747e-01 4.93401173e-01 5.68197696e-01 6.38044487e-01 7.02314828e-01 7.60708022e-01 8.13165971e-01 8.59804462e-01 9.00857909e-01 9.36635581e-01 9.67487283e-01 9.93776630e-01 1.01586045e+00 1.03407317e+00 1.04871520e+00 1.06004466e+00 1.06827166e+00 1.07355450e+00 1.07599742e+00 1.07564931e+00 1.07250317e+00 1.06649620e+00 1.05751050e+00 1.04537454e+00 1.02986581e+00 1.01071497e+00 9.87612222e-01 9.60216305e-01 9.28167055e-01 8.91102159e-01 8.48679174e-01 8.00603989e-01 7.46667334e-01 6.86791214e-01 6.21087376e-01 5.49929616e-01 4.74040930e-01 3.94595115e-01 3.13331460e-01 2.32682876e-01 1.55928217e-01 8.74161360e-02 3.30428695e-02 1.96743038e-03 1.37537453e-02 5.80065991e-02 1.20318712e-01 1.93575642e-01 2.72747250e-01 3.54056331e-01 4.34668640e-01 5.12515126e-01 5.86154356e-01 6.54651487e-01 7.17469946e-01 7.74376918e-01 8.25363665e-01 8.70580327e-01 9.10283730e-01 9.44796171e-01 9.74473150e-01 9.99678306e-01 1.02076416e+00 1.03805757e+00 1.05184905e+00 1.06238518e+00 1.06986338e+00 1.07442861e+00 1.07617137e+00 1.07512659e+00 1.07127330e+00 1.06453483e+00 1.05477969e+00 1.04182331e+00 1.02543101e+00 1.00532265e+00 9.81179585e-01 9.52654508e-01 9.19384958e-01 8.81011298e-01 8.37200214e-01 7.87675032e-01 7.32254511e-01 6.70902097e-01 6.03787699e-01 5.31363660e-01 4.54455614e-01 3.74367494e-01 2.92999365e-01 2.12979831e-01 1.37829278e-01 7.22199350e-02 2.25957104e-02 3.20342650e-16
-0.00000000e+00 2.28392104e-02 7.29648119e-02 1.39195360e-01 2.15011264e-01 2.95691902e-01 3.77686830e-01 4.58350307e-01 5.35773697e-01 6.08649600e-01 6.76151655e-01 7.37828245e-01 7.93511211e-01 8.43239945e-01 8.87199816e-01 9.25673019e-01 9.58999661e-01 9.87547125e-01 1.01168611e+00 1.03177216e+00 1.04813168e+00 1.06105175e+00 1.07077291e+00 1.07748433e+00 1.08132077e+00 1.08236081e+00 1.08062592e+00 1.07608032e+00 1.06863126e+00 1.05813018e+00 1.04437471e+00 1.02711215e+00 1.00604481e+00 9.80837900e-01 9.51130619e-01 9.16551169e-01 8.76736504e-01 8.31357827e-01 7.80153138e-01 7.22968508e-01 6.59810129e-01 5.90909313e-01 5.16802204e-01 4.38424896e-01 3.57223297e-01 2.75276811e-01 1.95439606e-01 1.21522964e-01 5.86111135e-02 1.39038674e-02 1.98963759e-03 3.33947971e-02 8.83086374e-02 1.57458764e-01 2.34881424e-01 3.16184767e-01 3.98063564e-01 4.78070286e-01 5.54458632e-01 6.26052201e-01 6.92127716e-01 7.52312375e-01 8.06496439e-01 8.54761044e-01 8.97319934e-01 9.34473079e-01 9.66569991e-01 9.93980898e-01 1.01707425e+00 1.03619945e+00 1.05167391e+00 1.06377364e+00 1.07272671e+00 1.07870893e+00 1.08184112e+00 1.08218765e+00 1.07975568e+00 1.07449511e+00 1.06629912e+00 1.05500545e+00 1.04039877e+00 1.02221453e+00 1.00014492e+00 9.73847459e-01 9.42957027e-01 9.07101956e-01 8.65925120e-01 8.19111062e-01 7.66420546e-01 7.07734323e-01 6.43108222e-01 5.72841690e-01 4.97561343e-01 4.18319883e-01 3.36709447e-01 2.54988943e-01 1.76232004e-01 1.04529120e-01 4.53736378e-02 6.83788150e-03 6.83788150e-03 4.53736378e-02 1.04529120e-01 1.76232004e-01 2.54988943e-01 3.36709447e-01 4.18319883e-01 4.97561343e-01 5.72841690e-01 6.43108222e-01 7.07734323e-01 7.66420546e-01 8.19111062e-01 8.65925120e-01 9.07101956e-01 9.42957027e-01 9.73847459e-01 1.00014492e+00 1.02221453e+00 1.04039877e+00 1.05500545e+00 1.06629912e+00 1.07449511e+00 1.07975568e+00 1.08218765e+00 1.08184112e+00 1.07870893e+00 1.07272671e+00 1.06377364e+00 1.05167391e+00 1.03619945e+00 1.01707425e+00 9.93980898e-01 9.66569991e-01 9.34473079e-01 8.97319934e-01 8.54761044e-01 8.06496439e-01 7.52312375e-01 6.92127716e-01 6.26052201e-01 5.54458632e-01 4.78070286e-01 3.98063564e-01 3.16184767e-01 2.34881424e-01 1.57458764e-01 8.83086374e-02 3.33947971e-02 1.98963759e-03 1.39038674e-02 5.86111135e-02 1.21522964e-01 1.95439606e-01 2.75276811e-01 3.57223297e-01 4.38424896e-01 5.16802204e-01 5.90909313e-01 6.59810129e-01 7.22968508e-01 7.80153138e-01 8.31357827e-01 8.76736504e-01 9.16551169e-01 9.51130619e-01 9.80837900e-01 1.00604481e+00 1.02711215e+00 1.04437471e+00 1.05813018e+00 1.06863126e+00 1.07608032e+00 1.08062592e+00 1.08236081e+00 1.08132077e+00 1.07748433e+00 1.07077291e+00 1.06105175e+00 1.04813168e+00 1.03177216e+00 1.01168611e+00 9.87547125e-01 9.58999661e-01 9.25673019e-01 8.87199816e-01 8.43239945e-01 7.93511211e-01 7.37828245e-01 6.76151655e-01 6.08649600e-01 5.35773697e-01 4.58350307e-01 3.77686830e-01 2.95691902e-01 2.15011264e-01 1.39195360e-01 7.29648119e-02 2.28392104e-02 -6.40685301e-16
3.20342650e-16 2.30702897e-02 7.36715075e-02 1.40491518e-01 2.16939499e-01 2.98249526e-01 3.80843036e-01 4.62058033e-01 5.39977271e-01 6.13289161e-01 6.81165498e-01 7.43154179e-01 7.99087740e-01 8.49007667e-01 8.93103097e-01 9.31661740e-01 9.65030772e-01 9.93585768e-01 1.01770620e+00 1.03775635e+00 1.05407091e+00 1.06694427e+00 1.07662314e+00 1.08330152e+00 1.08711760e+00 1.08815193e+00 1.08642652e+00 1.08190469e+00 1.07449136e+00 1.06403418e+00 1.05032561e+00 1.03310648e+00 1.01207150e+00 9.86877453e-01 9.57154735e-01 9.22522866e-01 8.82610838e-01 8.37083143e-01 7.85672696e-01 7.28222234e-01 6.64736233e-01 5.95445618e-01 5.20887316e-01 4.41999721e-01 3.60233795e-01 2.77679117e-01 1.97208645e-01 1.22665518e-01 5.91846601e-02 1.40463502e-02 2.01072326e-03 3.37287397e-02 8.91553803e-02 1.58911069e-01 2.36968604e-01 3.18895728e-01 4.01362501e-01 4.81907413e-01 5.58776915e-01 6.30791156e-01 6.97225406e-01 7.57706668e-01 8.12126218e-01 8.60567684e-01 9.03249022e-01 9.40476129e-01 9.72605916e-01 1.00001700e+00 1.02308665e+00 1.04217295e+00 1.05760136e+00 1.06965496e+00 1.07856766e+00 1.08451975e+00 1.08763511e+00 1.08797973e+00 1.08556095e+00 1.08032742e+00 1.07216961e+00 1.06092113e+00 1.04636113e+00 1.02821831e+00 1.00617699e+00 9.79886151e-01 9.48971833e-01 9.13053813e-01 8.71767271e-01 8.24790418e-01 7.71879370e-01 7.12911972e-01 6.47942695e-01 5.77270894e-01 5.01524287e-01 4.21758406e-01 3.39571454e-01 2.57234300e-01 1.77842181e-01 1.05521528e-01 4.58223810e-02 6.90898921e-03 6.90898921e-03 4.58223810e-02 1.05521528e-01 1.77842181e-01 2.57234300e-01 3.39571454e-01 4.21758406e-01 5.01524287e-01 5.77270894e-01 6.47942695e-01 7.12911972e-01 7.71879370e-01 8.24790418e-01 8.71767271e-01 9.13053813e-01 9.48971833e-01 9.79886151e-01 1.00617699e+00 1.02821831e+00 1.04636113e+00 1.06092113e+00 1.07216961e+00 1.08032742e+00 1.08556095e+00 1.08797973e+00 1.08763511e+00 1.08451975e+00 1.07856766e+00 1.06965496e+00 1.05760136e+00 1.04217295e+00 1.02308665e+00 1.00001700e+00 9.72605916e-01 9.40476129e-01 9.03249022e-01 8.60567684e-01 8.12126218e-01 7.57706668e-01 6.97225406e-01 6.30791156e-01 5.58776915e-01 4.81907413e-01 4.01362501e-01 3.18895728e-01 2.36968604e-01 1.58911069e-01 8.91553803e-02 3.37287397e-02 2.01072326e-03 1.40463502e-02 5.91846601e-02 1.22665518e-01 1.97208645e-01 2.77679117e-01 3.60233795e-01 4.41999721e-01 5.20887316e-01 5.95445618e-01 6.64736233e-01 7.28222234e-01 7.85672696e-01 8.37083143e-01 8.82610838e-01 9.22522866e-01 9.57154735e-01 9.86877453e-01 1.01207150e+00 1.03310648e+00 1.05032561e+00 1.06403418e+00 1.07449136e+00 1.08190469e+00 1.08642652e+00 1.08815193e+00 1.08711760e+00 1.08330152e+00 1.07662314e+00 1.06694427e+00 1.05407091e+00 1.03775635e+00 1.01770620e+00 9.93585768e-01 9.65030772e-01 9.31661740e-01 8.93103097e-01 8.49007667e-01 7.99087740e-01 7.43154179e-01 6.81165498e-01 6.13289161e-01 5.39977271e-01 4.62058033e-01 3.80843036e-01 2.98249526e-01 2.16939499e-01 1.40491518e-01 7.36715075e-02 2.30702897e-02 -0.00000000e+00
-3.20342650e-16 2.32896096e-02 7.43421128e-02 1.41721683e-01 2.18770482e-01 3.00680147e-01 3.83845726e-01 4.65589664e-01 5.43985921e-01 6.17717905e-01 6.85954425e-01 7.48241721e-01 8.04412072e-01 8.54508466e-01 8.98723609e-01 9.37350880e-01 9.70744934e-01 9.99290104e-01 1.02337523e+00 1.04337395e+00 1.05962968e+00 1.07244459e+00 1.08207184e+00 1.08871049e+00 1.09250228e+00 1.09352982e+00 1.09181569e+00 1.08732226e+00 1.07995203e+00 1.06954870e+00 1.05589934e+00 1.03873796e+00 1.01775123e+00 9.92587004e-01 9.62866266e-01 9.28199256e-01 8.88206467e-01 8.42545323e-01 7.90943579e-01 7.33240935e-01 6.69440842e-01 5.99774863e-01 5.24781896e-01 4.45403724e-01 3.63097047e-01 2.79961602e-01 1.98888198e-01 1.23749821e-01 5.97289233e-02 1.41815976e-02 2.03074560e-03 3.40456619e-02 8.99588880e-02 1.60289562e-01 2.38950867e-01 3.21472708e-01 4.04501901e-01 4.85563408e-01 5.62896068e-01 6.35315648e-01 7.02094795e-01 7.62859179e-01 8.17500220e-01 8.66103546e-01 9.08891216e-01 9.46175287e-01 9.78320528e-01 1.00571453e+00 1.02874398e+00 1.04777621e+00 1.06314521e+00 1.07514152e+00 1.08400515e+00 1.08992109e+00 1.09301640e+00 1.09335876e+00 1.09095568e+00 1.08575452e+00 1.07764292e+00 1.06645020e+00 1.05194974e+00 1.03386307e+00 1.01186627e+00 9.85599177e-01 9.54678410e-01 9.18714594e-01 8.77334714e-01 8.30210352e-01 7.77092988e-01 7.17857955e-01 6.52559152e-01 5.81496928e-01 5.05301292e-01 4.25031625e-01 3.42292729e-01 2.59367207e-01 1.79370699e-01 1.06463293e-01 4.62482278e-02 6.97649626e-03 6.97649626e-03 4.62482278e-02 1.06463293e-01 1.79370699e-01 2.59367207e-01 3.42292729e-01 4.25031625e-01 5.05301292e-01 5.81496928e-01 6.52559152e-01 7.17857955e-01 7.77092988e-01 8.30210352e-01 8.77334714e-01 9.18714594e-01 9.54678410e-01 9.85599177e-01 1.01186627e+00 1.03386307e+00 1.05194974e+00 1.06645020e+00 1.07764292e+00 1.08575452e+00 1.09095568e+00 1.09335876e+00 1.09301640e+00 1.08992109e+00 1.08400515e+00 1.07514152e+00 1.06314521e+00 1.04777621e+00 1.02874398e+00 1.00571453e+00 9.78320528e-01 9.46175287e-01 9.08891216e-01 8.66103546e-01 8.17500220e-01 7.62859179e-01 7.02094795e-01 6.35315648e-01 5.62896068e-01 4.85563408e-01 4.04501901e-01 3.21472708e-01 2.38950867e-01 1.60289562e-01 8.99588880e-02 3.40456619e-02 2.03074560e-03 1.41815976e-02 5.97289233e-02 1.23749821e-01 1.98888198e-01 2.79961602e-01 3.63097047e-01 4.45403724e-01 5.24781896e-01 5.99774863e-01 6.69440842e-01 7.33240935e-01 7.90943579e-01 8.42545323e-01 8.88206467e-01 9.28199256e-01 9.62866266e-01 9.92587004e-01 1.01775123e+00 1.03873796e+00 1.05589934e+00 1.06954870e+00 1.07995203e+00 1.08732226e+00 1.09181569e+00 1.09352982e+00 1.09250228e+00 1.08871049e+00 1.08207184e+00 1.07244459e+00 1.05962968e+00 1.04337395e+00 1.02337523e+00 9.99290104e-01 9.70744934e-01 9.37350880e-01 8.98723609e-01 8.54508466e-01 8.04412072e-01 7.48241721e-01 6.85954425e-01 6.17717905e-01 5.43985921e-01 4.65589664e-01 3.83845726e-01 3.00680147e-01 2.18770482e-01 1.41721683e-01 7.43421128e-02 2.32896096e-02 -3.20342650e-16
-1.28137060e-15 2.34979497e-02 7.49790654e-02 1.42890394e-01 2.20511000e-01 3.02992695e-01 3.86705646e-01 4.68957243e-01 5.47812329e-01 6.21948416e-01 6.90530179e-01 7.53101107e-01 8.09492390e-01 8.59748084e-01 9.04064441e-01 9.42740824e-01 9.76139922e-01 1.00465549e+00 1.02868641e+00 1.04861628e+00 1.06479779e+00 1.07754126e+00 1.08710662e+00 1.09369819e+00 1.09746139e+00 1.09848095e+00 1.09678006e+00 1.09232011e+00 1.08500106e+00 1.07466257e+00 1.06108604e+00 1.04399835e+00 1.02307771e+00 9.97962490e-01 9.68263627e-01 9.33581396e-01 8.93527152e-01 8.47750743e-01 7.95974524e-01 7.38035282e-01 6.73935979e-01 6.03909728e-01 5.28498534e-01 4.48648682e-01 3.65823386e-01 2.82132685e-01 2.00484489e-01 1.24779862e-01 6.02458716e-02 1.43100867e-02 2.04977392e-03 3.43466972e-02 9.07220940e-02 1.61599339e-01 2.40835554e-01 3.23925133e-01 4.07492892e-01 4.89050542e-01 5.66828818e-01 6.39638120e-01 7.06747308e-01 7.67779674e-01 8.22626046e-01 8.71373719e-01 9.14248927e-01 9.51570274e-01 9.83710975e-01 1.01106827e+00 1.03403894e+00 1.05300015e+00 1.06829491e+00 1.08022158e+00 1.08902660e+00 1.09489979e+00 1.09797153e+00 1.09831123e+00 1.09592660e+00 1.09076363e+00 1.08270708e+00 1.07158178e+00 1.05715508e+00 1.03914105e+00 1.01720699e+00 9.90983071e-01 9.60075820e-01 9.24086034e-01 8.82631880e-01 8.35377862e-01 7.82070666e-01 7.22583339e-01 6.56969847e-01 5.85532518e-01 5.08904811e-01 4.28151010e-01 3.44883166e-01 2.61395550e-01 1.80823218e-01 1.07357865e-01 4.66527103e-02 7.04063884e-03 7.04063884e-03 4.66527103e-02 1.07357865e-01 1.80823218e-01 2.61395550e-01 3.44883166e-01 4.28151010e-01 5.08904811e-01 5.85532518e-01 6.56969847e-01 7.22583339e-01 7.82070666e-01 8.35377862e-01 8.82631880e-01 9.24086034e-01 9.60075820e-01 9.90983071e-01 1.01720699e+00 1.03914105e+00 1.05715508e+00 1.07158178e+00 1.08270708e+00 1.09076363e+00 1.09592660e+00 1.09831123e+00 1.09797153e+00 1.09489979e+00 1.08902660e+00 1.08022158e+00 1.06829491e+00 1.05300015e+00 1.03403894e+00 1.01106827e+00 9.83710975e-01 9.51570274e-01 9.14248927e-01 8.71373719e-01 8.22626046e-01 7.67779674e-01 7.06747308e-01 6.39638120e-01 5.66828818e-01 4.89050542e-01 4.07492892e-01 3.23925133e-01 2.40835554e-01 1.61599339e-01 9.07220940e-02 3.43466972e-02 2.04977392e-03 1.43100867e-02 6.02458716e-02 1.24779862e-01 2.00484489e-01 2.82132685e-01 3.65823386e-01 4.48648682e-01 5.28498534e-01 6.03909728e-01 6.73935979e-01 7.38035282e-01 7.95974524e-01 8.47750743e-01 8.93527152e-01 9.33581396e-01 9.68263627e-01 9.97962490e-01 1.02307771e+00 1.04399835e+00 1.06108604e+00 1.07466257e+00 1.08500106e+00 1.09232011e+00 1.09678006e+00 1.09848095e+00 1.09746139e+00 1.09369819e+00 1.08710662e+00 1.07754126e+00 1.06479779e+00 1.04861628e+00 1.02868641e+00 1.00465549e+00 9.76139922e-01 9.42740824e-01 9.04064441e-01 8.59748084e-01 8.09492390e-01 7.53101107e-01 6.90530179e-01 6.21948416e-01 5.47812329e-01 4.68957243e-01 3.86705646e-01 3.02992695e-01 2.20511000e-01 1.42890394e-01 7.49790654e-02 2.34979497e-02 -6.40685301e-16
-3.20342650e-16 2.36961974e-02 7.55851199e-02 1.44002739e-01 2.22168605e-01 3.05197036e-01 3.89434584e-01 4.72173897e-01 5.51470241e-01 6.25994284e-01 6.94905440e-01 7.57743434e-01 8.14337685e-01 8.64733060e-01 9.09129508e-01 9.47832863e-01 9.81214523e-01 1.00967842e+00 1.03363422e+00 1.05347612e+00 1.06956661e+00 1.08222455e+00 1.09171692e+00 1.09825349e+00 1.10198348e+00 1.10299382e+00 1.10130827e+00 1.09688724e+00 1.08962812e+00 1.07936632e+00 1.06587741e+00 1.04888083e+00 1.02804591e+00 1.00300096e+00 9.73346211e-01 9.38671228e-01 8.98577473e-01 8.52706580e-01 8.00775091e-01 7.42616823e-01 6.78234617e-01 6.07863915e-01 5.32050893e-01 4.51747449e-01 3.68424169e-01 2.84201680e-01 2.02004459e-01 1.25760121e-01 6.07377340e-02 1.44323621e-02 2.06788770e-03 3.46331339e-02 9.14483072e-02 1.62846105e-01 2.42630821e-01 3.26263394e-01 4.10347655e-01 4.92382166e-01 5.70588945e-01 6.43772001e-01 7.11195287e-01 7.72478769e-01 8.27512100e-01 8.76384096e-01 9.19325410e-01 9.56661738e-01 9.88775451e-01 1.01607420e+00 1.03896557e+00 1.05783717e+00 1.07304153e+00 1.08488521e+00 1.09362129e+00 1.09944464e+00 1.10248902e+00 1.10282564e+00 1.10046240e+00 1.09534391e+00 1.08735193e+00 1.07630667e+00 1.06196923e+00 1.04404585e+00 1.02219462e+00 9.96035447e-01 9.65164079e-01 9.29170727e-01 8.87664006e-01 8.40300745e-01 7.86822505e-01 7.27100089e-01 6.61188007e-01 5.89391432e-01 5.12348373e-01 4.31129100e-01 3.47353652e-01 2.63328074e-01 1.82206061e-01 1.08209130e-01 4.70375663e-02 7.10168709e-03 7.10168709e-03 4.70375663e-02 1.08209130e-01 1.82206061e-01 2.63328074e-01 3.47353652e-01 4.31129100e-01 5.12348373e-01 5.89391432e-01 6.61188007e-01 7.27100089e-01 7.86822505e-01 8.40300745e-01 8.87664006e-01 9.29170727e-01 9.65164079e-01 9.96035447e-01 1.02219462e+00 1.04404585e+00 1.06196923e+00 1.07630667e+00 1.08735193e+00 1.09534391e+00 1.10046240e+00 1.10282564e+00 1.10248902e+00 1.09944464e+00 1.09362129e+00 1.08488521e+00 1.07304153e+00 1.05783717e+00 1.03896557e+00 1.01607420e+00 9.88775451e-01 9.56661738e-01 9.19325410e-01 8.76384096e-01 8.27512100e-01 7.72478769e-01 7.11195287e-01 6.43772001e-01 5.70588945e-01 4.92382166e-01 4.10347655e-01 3.26263394e-01 2.42630821e-01 1.62846105e-01 9.14483072e-02 3.46331339e-02 2.06788770e-03 1.44323621e-02 6.07377340e-02 1.25760121e-01 2.02004459e-01 2.84201680e-01 3.68424169e-01 4.51747449e-01 5.32050893e-01 6.07863915e-01 6.78234617e-01 7.42616823e-01 8.00775091e-01 8.52706580e-01 8.98577473e-01 9.38671228e-01 9.73346211e-01 1.00300096e+00 1.02804591e+00 1.04888083e+00 1.06587741e+00 1.07936632e+00 1.08962812e+00 1.09688724e+00 1.10130827e+00 1.10299382e+00 1.10198348e+00 1.09825349e+00 1.09171692e+00 1.08222455e+00 1.06956661e+00 1.05347612e+00 1.03363422e+00 1.00967842e+00 9.81214523e-01 9.47832863e-01 9.09129508e-01 8.64733060e-01 8.14337685e-01 7.57743434e-01 6.94905440e-01 6.25994284e-01 5.51470241e-01 4.72173897e-01 3.89434584e-01 3.05197036e-01 2.22168605e-01 1.44002739e-01 7.55851199e-02 2.36961974e-02 -3.20342650e-16
-0.00000000e+00 2.38853492e-02 7.61633478e-02 1.45064355e-01 2.23751601e-01 3.07303938e-01 3.92045319e-01 4.75253771e-01 5.54974408e-01 6.29870061e-01 6.99093797e-01 7.62180676e-01 8.18957827e-01 8.69470851e-01 9.13923739e-01 9.52629429e-01 9.85968837e-01 1.01435691e+00 1.03821487e+00 1.05794819e+00 1.07392963e+00 1.08648700e+00 1.09589461e+00 1.10236779e+00 1.10605969e+00 1.10705946e+00 1.10539148e+00 1.10101514e+00 1.09382518e+00 1.08365269e+00 1.07026722e+00 1.05338047e+00 1.03265246e+00 1.00770092e+00 9.78114682e-01 9.43471795e-01 9.03362991e-01 8.57420911e-01 8.05355709e-01 7.46997988e-01 6.82350653e-01 6.11652101e-01 5.35453648e-01 4.54713897e-01 3.70911726e-01 2.86178773e-01 2.03455752e-01 1.26695570e-01 6.12070002e-02 1.45490361e-02 2.08517673e-03 3.49064159e-02 9.21412112e-02 1.64036166e-01 2.44345616e-01 3.28498812e-01 4.13079379e-01 4.95572653e-01 5.74191226e-01 6.47731674e-01 7.15451972e-01 7.76967949e-01 8.32167670e-01 8.81141507e-01 9.24124959e-01 9.61451509e-01 9.93513507e-01 1.02072984e+00 1.04351966e+00 1.06228163e+00 1.07737830e+00 1.08912474e+00 1.09778094e+00 1.10354692e+00 1.10655995e+00 1.10689304e+00 1.10455431e+00 1.09948694e+00 1.09156964e+00 1.08061785e+00 1.06638624e+00 1.04857288e+00 1.02682622e+00 1.00075532e+00 9.69944428e-01 9.33972340e-01 8.92437290e-01 8.44987693e-01 7.91359475e-01 7.31421058e-01 6.65227791e-01 5.93088420e-01 5.15646528e-01 4.33979449e-01 3.49716034e-01 2.65174357e-01 1.83526205e-01 1.09021408e-01 4.74047403e-02 7.15994543e-03 7.15994543e-03 4.74047403e-02 1.09021408e-01 1.83526205e-01 2.65174357e-01 3.49716034e-01 4.33979449e-01 5.15646528e-01 5.93088420e-01 6.65227791e-01 7.31421058e-01 7.91359475e-01 8.44987693e-01 8.92437290e-01 9.33972340e-01 9.69944428e-01 1.00075532e+00 1.02682622e+00 1.04857288e+00 1.06638624e+00 1.08061785e+00 1.09156964e+00 1.09948694e+00 1.10455431e+00 1.10689304e+00 1.10655995e+00 1.10354692e+00 1.09778094e+00 1.08912474e+00 1.07737830e+00 1.06228163e+00 1.04351966e+00 1.02072984e+00 9.93513507e-01 9.61451509e-01 9.24124959e-01 8.81141507e-01 8.32167670e-01 7.76967949e-01 7.15451972e-01 6.47731674e-01 5.74191226e-01 4.95572653e-01 4.13079379e-01 3.28498812e-01 2.44345616e-01 1.64036166e-01 9.21412112e-02 3.49064159e-02 2.08517673e-03 1.45490361e-02 6.12070002e-02 1.26695570e-01 2.03455752e-01 2.86178773e-01 3.70911726e-01 4.54713897e-01 5.35453648e-01 6.11652101e-01 6.82350653e-01 7.46997988e-01 8.05355709e-01 8.57420911e-01 9.03362991e-01 9.43471795e-01 9.78114682e-01 1.00770092e+00 1.03265246e+00 1.05338047e+00 1.07026722e+00 1.08365269e+00 1.09382518e+00 1.10101514e+00 1.10539148e+00 1.10705946e+00 1.10605969e+00 1.10236779e+00 1.09589461e+00 1.08648700e+00 1.07392963e+00 1.05794819e+00 1.03821487e+00 1.01435691e+00 9.85968837e-01 9.52629429e-01 9.13923739e-01 8.69470851e-01 8.18957827e-01 7.62180676e-01 6.99093797e-01 6.29870061e-01 5.54974408e-01 4.75253771e-01 3.92045319e-01 3.07303938e-01 2.23751601e-01 1.45064355e-01 7.61633478e-02 2.38853492e-02 -3.20342650e-16
4.80513976e-16 2.40664828e-02 7.67170578e-02 1.46081284e-01 2.25268859e-01 3.09324861e-01 3.94551403e-01 4.78211822e-01 5.58340398e-01 6.33591107e-01 7.03109641e-01 7.66425629e-01 8.23363562e-01 8.73969901e-01 9.18453195e-01 9.57134287e-01 9.90404521e-01 1.01869076e+00 1.04242662e+00 1.06202944e+00 1.07788284e+00 1.09032386e+00 1.09963434e+00 1.10603539e+00 1.10968411e+00 1.11067192e+00 1.10902383e+00 1.10469818e+00 1.09758704e+00 1.08751709e+00 1.07425168e+00 1.05749452e+00 1.03689597e+00 1.01206262e+00 9.82571202e-01 9.47987422e-01 9.07890362e-01 8.61902769e-01 8.09727671e-01 7.51192021e-01 6.86298784e-01 6.15289771e-01 5.38722289e-01 4.57562704e-01 3.73299144e-01 2.88074815e-01 2.04846543e-01 1.27591547e-01 6.16563544e-02 1.46607720e-02 2.10173849e-03 3.51681031e-02 9.28047691e-02 1.65176277e-01 2.45989492e-01 3.30643425e-01 4.15702036e-01 4.98637188e-01 5.77651251e-01 6.51532319e-01 7.19531409e-01 7.81259532e-01 8.36602942e-01 8.85653799e-01 9.28653051e-01 9.65942803e-01 9.97926313e-01 1.02503459e+00 1.04769912e+00 1.06633026e+00 1.08130100e+00 1.09293526e+00 1.10150012e+00 1.10720090e+00 1.11017841e+00 1.11050751e+00 1.10819652e+00 1.10318720e+00 1.09535513e+00 1.08451091e+00 1.07040254e+00 1.05271972e+00 1.03110079e+00 1.00514340e+00 9.74419548e-01 9.38495769e-01 8.96958983e-01 8.49448318e-01 7.95693393e-01 7.35559908e-01 6.69104162e-01 5.96639045e-01 5.18814640e-01 4.36716404e-01 3.51982890e-01 2.66944611e-01 1.84791118e-01 1.09799340e-01 4.77563310e-02 7.21574391e-03 7.21574391e-03 4.77563310e-02 1.09799340e-01 1.84791118e-01 2.66944611e-01 3.51982890e-01 4.36716404e-01 5.18814640e-01 5.96639045e-01 6.69104162e-01 7.35559908e-01 7.95693393e-01 8.49448318e-01 8.96958983e-01 9.38495769e-01 9.74419548e-01 1.00514340e+00 1.03110079e+00 1.05271972e+00 1.07040254e+00 1.08451091e+00 1.09535513e+00 1.10318720e+00 1.10819652e+00 1.11050751e+00 1.11017841e+00 1.10720090e+00 1.10150012e+00 1.09293526e+00 1.08130100e+00 1.06633026e+00 1.04769912e+00 1.02503459e+00 9.97926313e-01 9.65942803e-01 9.28653051e-01 8.85653799e-01 8.36602942e-01 7.81259532e-01 7.19531409e-01 6.51532319e-01 5.77651251e-01 4.98637188e-01 4.15702036e-01 3.30643425e-01 2.45989492e-01 1.65176277e-01 9.28047691e-02 3.51681031e-02 2.10173849e-03 1.46607720e-02 6.16563544e-02 1.27591547e-01 2.04846543e-01 2.88074815e-01 3.73299144e-01 4.57562704e-01 5.38722289e-01 6.15289771e-01 6.86298784e-01 7.51192021e-01 8.09727671e-01 8.61902769e-01 9.07890362e-01 9.47987422e-01 9.82571202e-01 1.01206262e+00 1.03689597e+00 1.05749452e+00 1.07425168e+00 1.08751709e+00 1.09758704e+00 1.10469818e+00 1.10902383e+00 1.11067192e+00 1.10968411e+00 1.10603539e+00 1.09963434e+00 1.09032386e+00 1.07788284e+00 1.06202944e+00 1.04242662e+00 1.01869076e+00 9.90404521e-01 9.57134287e-01 9.18453195e-01 8.73969901e-01 8.23363562e-01 7.66425629e-01 7.03109641e-01 6.33591107e-01 5.58340398e-01 4.78211822e-01 3.94551403e-01 3.09324861e-01 2.25268859e-01 1.46081284e-01 7.67170578e-02 2.40664828e-02 1.60171325e-16
-0.00000000e+00 2.42407510e-02 7.72497742e-02 1.47059942e-01 2.26729751e-01 3.11271862e-01 3.96967041e-01 4.81063686e-01 5.61584457e-01 6.37173460e-01 7.06968064e-01 7.70491845e-01 8.27566499e-01 8.78239667e-01 9.22725165e-01 9.61352671e-01 9.94524975e-01 1.02268183e+00 1.04627001e+00 1.06571946e+00 1.08142502e+00 1.09373335e+00 1.10293401e+00 1.10925393e+00 1.11285425e+00 1.11382868e+00 1.11220284e+00 1.10793406e+00 1.10091167e+00 1.09095789e+00 1.07782974e+00 1.06122277e+00 1.04077729e+00 1.01608825e+00 9.86719604e-01 9.52223840e-01 9.12167409e-01 8.66162160e-01 8.13903098e-01 7.55212907e-01 6.90094403e-01 6.18793090e-01 5.41872991e-01 4.60309222e-01 3.75600154e-01 2.89901232e-01 2.06185479e-01 1.28453720e-01 6.20886593e-02 1.47682797e-02 2.11767764e-03 3.54198624e-02 9.34431991e-02 1.66273601e-01 2.47572529e-01 3.32709888e-01 4.18230262e-01 5.01591638e-01 5.80985293e-01 6.55189807e-01 7.23448354e-01 7.85366616e-01 8.40829002e-01 8.89929885e-01 9.32916443e-01 9.70140374e-01 1.00201685e+00 1.02898994e+00 1.05150424e+00 1.06998239e+00 1.08480826e+00 1.09631489e+00 1.10477662e+00 1.11040415e+00 1.11334186e+00 1.11366650e+00 1.11138659e+00 1.10644242e+00 1.09870644e+00 1.08798433e+00 1.07401731e+00 1.05648640e+00 1.03501950e+00 1.00920226e+00 9.78593724e-01 9.42747251e-01 9.01237451e-01 8.53693170e-01 7.99836878e-01 7.39531024e-01 6.72832772e-01 6.00059552e-01 5.21868755e-01 4.39354984e-01 3.54167435e-01 2.68649604e-01 1.86008709e-01 1.10547862e-01 4.80945787e-02 7.26943629e-03 7.26943629e-03 4.80945787e-02 1.10547862e-01 1.86008709e-01 2.68649604e-01 3.54167435e-01 4.39354984e-01 5.21868755e-01 6.00059552e-01 6.72832772e-01 7.39531024e-01 7.99836878e-01 8.53693170e-01 9.01237451e-01 9.42747251e-01 9.78593724e-01 1.00920226e+00 1.03501950e+00 1.05648640e+00 1.07401731e+00 1.08798433e+00 1.09870644e+00 1.10644242e+00 1.11138659e+00 1.11366650e+00 1.11334186e+00 1.11040415e+00 1.10477662e+00 1.09631489e+00 1.08480826e+00 1.06998239e+00 1.05150424e+00 1.02898994e+00 1.00201685e+00 9.70140374e-01 9.32916443e-01 8.89929885e-01 8.40829002e-01 7.85366616e-01 7.23448354e-01 6.55189807e-01 5.80985293e-01 5.01591638e-01 4.18230262e-01 3.32709888e-01 2.47572529e-01 1.66273601e-01 9.34431991e-02 3.54198624e-02 2.11767764e-03 1.47682797e-02 6.20886593e-02 1.28453720e-01 2.06185479e-01 2.89901232e-01 3.75600154e-01 4.60309222e-01 5.41872991e-01 6.18793090e-01 6.90094403e-01 7.55212907e-01 8.13903098e-01 8.66162160e-01 9.12167409e-01 9.52223840e-01 9.86719604e-01 1.01608825e+00 1.04077729e+00 1.06122277e+00 1.07782974e+00 1.09095789e+00 1.10091167e+00 1.10793406e+00 1.11220284e+00 1.11382868e+00 1.11285425e+00 1.10925393e+00 1.10293401e+00 1.09373335e+00 1.08142502e+00 1.06571946e+00 1.04627001e+00 1.02268183e+00 9.94524975e-01 9.61352671e-01 9.22725165e-01 8.78239667e-01 8.27566499e-01 7.70491845e-01 7.06968064e-01 6.37173460e-01 5.61584457e-01 4.81063686e-01 3.96967041e-01 3.11271862e-01 2.26729751e-01 1.47059942e-01 7.72497742e-02 2.42407510e-02 -3.20342650e-16
-0.00000000e+00 2.44093644e-02 7.77651861e-02 1.48007016e-01 2.28144017e-01 3.13157430e-01 3.99306900e-01 4.83825467e-01 5.64723310e-01 6.40633656e-01 7.10684704e-01 7.74393514e-01 8.31579034e-01 8.82290603e-01 9.26748179e-01 9.65291352e-01 9.98335452e-01 1.02633411e+00 1.04974811e+00 1.06902057e+00 1.08455803e+00 1.09671700e+00 1.10579490e+00 1.11202458e+00 1.11557122e+00 1.11653084e+00 1.11492965e+00 1.11072397e+00 1.10380040e+00 1.09397665e+00 1.08100337e+00 1.06456772e+00 1.04429969e+00 1.01978212e+00 9.90565497e-01 9.56188241e-01 9.16203135e-01 8.70210024e-01 8.17894855e-01 7.59075238e-01 6.93753429e-01 6.22178713e-01 5.44922400e-01 4.62969271e-01 3.77828940e-01 2.91669871e-01 2.07481553e-01 1.29288009e-01 6.25069134e-02 1.48723057e-02 2.13310443e-03 3.56634430e-02 9.40609120e-02 1.67335600e-01 2.49105194e-01 3.34711294e-01 4.20679158e-01 5.04452340e-01 5.84210099e-01 6.58720507e-01 7.27218125e-01 7.89302967e-01 8.44857763e-01 8.93979727e-01 9.36923208e-01 9.74050588e-01 1.00579004e+00 1.03259964e+00 1.05493787e+00 1.07324022e+00 1.08790183e+00 1.09926509e+00 1.10761171e+00 1.11315783e+00 1.11605144e+00 1.11637113e+00 1.11412565e+00 1.10925383e+00 1.10162497e+00 1.09103977e+00 1.07723259e+00 1.05987558e+00 1.03858583e+00 1.01293651e+00 9.82472936e-01 9.46734413e-01 9.05282173e-01 8.57733679e-01 8.03803252e-01 7.43349376e-01 6.76429786e-01 6.03366664e-01 5.24825390e-01 4.41910675e-01 3.56283328e-01 2.70300506e-01 1.87187209e-01 1.11272130e-01 4.84218323e-02 7.32139484e-03 7.32139484e-03 4.84218323e-02 1.11272130e-01 1.87187209e-01 2.70300506e-01 3.56283328e-01 4.41910675e-01 5.24825390e-01 6.03366664e-01 6.76429786e-01 7.43349376e-01 8.03803252e-01 8.57733679e-01 9.05282173e-01 9.46734413e-01 9.82472936e-01 1.01293651e+00 1.03858583e+00 1.05987558e+00 1.07723259e+00 1.09103977e+00 1.10162497e+00 1.10925383e+00 1.11412565e+00 1.11637113e+00 1.11605144e+00 1.11315783e+00 1.10761171e+00 1.09926509e+00 1.08790183e+00 1.07324022e+00 1.05493787e+00 1.03259964e+00 1.00579004e+00 9.74050588e-01 9.36923208e-01 8.93979727e-01 8.44857763e-01 7.89302967e-01 7.27218125e-01 6.58720507e-01 5.84210099e-01 5.04452340e-01 4.20679158e-01 3.34711294e-01 2.49105194e-01 1.67335600e-01 9.40609120e-02 3.56634430e-02 2.13310443e-03 1.48723057e-02 6.25069134e-02 1.29288009e-01 2.07481553e-01 2.91669871e-01 3.77828940e-01 4.62969271e-01 5.44922400e-01 6.22178713e-01 6.93753429e-01 7.59075238e-01 8.17894855e-01 8.70210024e-01 9.16203135e-01 9.56188241e-01 9.90565497e-01 1.01978212e+00 1.04429969e+00 1.06456772e+00 1.08100337e+00 1.09397665e+00 1.10380040e+00 1.11072397e+00 1.11492965e+00 1.11653084e+00 1.11557122e+00 1.11202458e+00 1.10579490e+00 1.09671700e+00 1.08455803e+00 1.06902057e+00 1.04974811e+00 1.02633411e+00 9.98335452e-01 9.65291352e-01 9.26748179e-01 8.82290603e-01 8.31579034e-01 7.74393514e-01 7.10684704e-01 6.40633656e-01 5.64723310e-01 4.83825467e-01 3.99306900e-01 3.13157430e-01 2.28144017e-01 1.48007016e-01 7.77651861e-02 2.44093644e-02 3.20342650e-16
-3.20342650e-16 2.45735640e-02 7.82670672e-02 1.48929337e-01 2.29521584e-01 3.14994269e-01 4.01585885e-01 4.86513519e-01 5.67773944e-01 6.43988530e-01 7.14275571e-01 7.78145330e-01 8.35414250e-01 8.86134089e-01 9.30531995e-01 9.68958653e-01 1.00184310e+00 1.02965386e+00 1.05286653e+00 1.07193799e+00 1.08728686e+00 1.09927968e+00 1.10822188e+00 1.11435221e+00 1.11783992e+00 1.11878329e+00 1.11720915e+00 1.11307278e+00 1.10625809e+00 1.09657830e+00 1.08377760e+00 1.06753467e+00 1.04746892e+00 1.02315067e+00 9.94116296e-01 9.59889281e-01 9.20007686e-01 8.74058169e-01 8.21716445e-01 7.62794071e-01 6.97292133e-01 6.25463581e-01 5.47887421e-01 4.65558919e-01 3.79999924e-01 2.93392788e-01 2.08743936e-01 1.30100457e-01 6.29141859e-02 1.49736153e-02 2.14813208e-03 3.59006367e-02 9.46624180e-02 1.68369890e-01 2.50598152e-01 3.36660961e-01 4.23064064e-01 5.07235885e-01 5.87342690e-01 6.62141106e-01 7.30856443e-01 7.93082895e-01 8.48701887e-01 8.97814289e-01 9.40682722e-01 9.77681448e-01 1.00925277e+00 1.03586976e+00 1.05800550e+00 1.07610891e+00 1.09058666e+00 1.10179073e+00 1.11001026e+00 1.11546683e+00 1.11831202e+00 1.11862629e+00 1.11641858e+00 1.11162630e+00 1.10411558e+00 1.09368218e+00 1.08005349e+00 1.06289267e+00 1.04180570e+00 1.01635280e+00 9.86064884e-01 9.50466265e-01 9.09103701e-01 8.61582076e-01 8.07606428e-01 7.47030366e-01 6.79911700e-01 6.06577387e-01 5.27701321e-01 4.44399206e-01 3.58344460e-01 2.71908693e-01 1.88335018e-01 1.11977413e-01 4.87404967e-02 7.37200158e-03 7.37200158e-03 4.87404967e-02 1.11977413e-01 1.88335018e-01 2.71908693e-01 3.58344460e-01 4.44399206e-01 5.27701321e-01 6.06577387e-01 6.79911700e-01 7.47030366e-01 8.07606428e-01 8.61582076e-01 9.09103701e-01 9.50466265e-01 9.86064884e-01 1.01635280e+00 1.04180570e+00 1.06289267e+00 1.08005349e+00 1.09368218e+00 1.10411558e+00 1.11162630e+00 1.11641858e+00 1.11862629e+00 1.11831202e+00 1.11546683e+00 1.11001026e+00 1.10179073e+00 1.09058666e+00 1.07610891e+00 1.05800550e+00 1.03586976e+00 1.00925277e+00 9.77681448e-01 9.40682722e-01 8.97814289e-01 8.48701887e-01 7.93082895e-01 7.30856443e-01 6.62141106e-01 5.87342690e-01 5.07235885e-01 4.23064064e-01 3.36660961e-01 2.50598152e-01 1.68369890e-01 9.46624180e-02 3.59006367e-02 2.14813208e-03 1.49736153e-02 6.29141859e-02 1.30100457e-01 2.08743936e-01 2.93392788e-01 3.79999924e-01 4.65558919e-01 5.47887421e-01 6.25463581e-01 6.97292133e-01 7.62794071e-01 8.21716445e-01 8.74058169e-01 9.20007686e-01 9.59889281e-01 9.94116296e-01 1.02315067e+00 1.04746892e+00 1.06753467e+00 1.08377760e+00 1.09657830e+00 1.10625809e+00 1.11307278e+00 1.11720915e+00 1.11878329e+00 1.11783992e+00 1.11435221e+00 1.10822188e+00 1.09927968e+00 1.08728686e+00 1.07193799e+00 1.05286653e+00 1.02965386e+00 1.00184310e+00 9.68958653e-01 9.30531995e-01 8.86134089e-01 8.35414250e-01 7.78145330e-01 7.14275571e-01 6.43988530e-01 5.67773944e-01 4.86513519e-01 4.01585885e-01 3.14994269e-01 2.29521584e-01 1.48929337e-01 7.82670672e-02 2.45735640e-02 -0.00000000e+00
-0.00000000e+00 2.47346134e-02 7.87592488e-02 1.49833817e-01 2.30872467e-01 3.16795158e-01 4.03818943e-01 4.89144216e-01 5.70753364e-01 6.47254973e-01 7.17756824e-01 7.81762289e-01 8.39085754e-01 8.89782311e-01 9.34087495e-01 9.72364381e-01 1.00505692e+00 1.03264955e+00 1.05563347e+00 1.07447983e+00 1.08961964e+00 1.10142968e+00 1.11022336e+00 1.11624539e+00 1.11966899e+00 1.12059469e+00 1.11904995e+00 1.11498902e+00 1.10829314e+00 1.09877105e+00 1.08616054e+00 1.07013172e+00 1.05029323e+00 1.02620249e+00 9.97381176e-01 9.63337014e-01 9.23592254e-01 8.77719127e-01 8.25381831e-01 7.66384722e-01 7.00726905e-01 6.28664678e-01 5.50784976e-01 4.68094258e-01 3.82127577e-01 2.95082118e-01 2.09981885e-01 1.30897190e-01 6.33135949e-02 1.50729887e-02 2.16287617e-03 3.61332669e-02 9.52522925e-02 1.69384173e-01 2.52062152e-01 3.38572273e-01 4.25400360e-01 5.09958877e-01 5.90400109e-01 6.65468363e-01 7.34379209e-01 7.96721061e-01 8.52374619e-01 9.01445414e-01 9.44205576e-01 9.81042534e-01 1.01241389e+00 1.03880867e+00 1.06071530e+00 1.07859654e+00 1.09287094e+00 1.10390012e+00 1.11198071e+00 1.11733972e+00 1.12013227e+00 1.12044065e+00 1.11827400e+00 1.11356831e+00 1.10618662e+00 1.09591973e+00 1.08248810e+00 1.06554577e+00 1.04468741e+00 1.01945983e+00 9.89378937e-01 9.53953119e-01 9.12713545e-01 8.65251252e-01 8.11260723e-01 7.50589613e-01 6.83295106e-01 6.09708756e-01 5.30513334e-01 4.46836338e-01 3.60364780e-01 2.73485621e-01 1.89460620e-01 1.12669054e-01 4.90530175e-02 7.42164610e-03 7.42164610e-03 4.90530175e-02 1.12669054e-01 1.89460620e-01 2.73485621e-01 3.60364780e-01 4.46836338e-01 5.30513334e-01 6.09708756e-01 6.83295106e-01 7.50589613e-01 8.11260723e-01 8.65251252e-01 9.12713545e-01 9.53953119e-01 9.89378937e-01 1.01945983e+00 1.04468741e+00 1.06554577e+00 1.08248810e+00 1.09591973e+00 1.10618662e+00 1.11356831e+00 1.11827400e+00 1.12044065e+00 1.12013227e+00 1.11733972e+00 1.11198071e+00 1.10390012e+00 1.09287094e+00 1.07859654e+00 1.06071530e+00 1.03880867e+00 1.01241389e+00 9.81042534e-01 9.44205576e-01 9.01445414e-01 8.52374619e-01 7.96721061e-01 7.34379209e-01 6.65468363e-01 5.90400109e-01 5.09958877e-01 4.25400360e-01 3.38572273e-01 2.52062152e-01 1.69384173e-01 9.52522925e-02 3.61332669e-02 2.16287617e-03 1.50729887e-02 6.33135949e-02 1.30897190e-01 2.09981885e-01 2.95082118e-01 3.82127577e-01 4.68094258e-01 5.50784976e-01 6.28664678e-01 7.00726905e-01 7.66384722e-01 8.25381831e-01 8.77719127e-01 9.23592254e-01 9.63337014e-01 9.97381176e-01 1.02620249e+00 1.05029323e+00 1.07013172e+00 1.08616054e+00 1.09877105e+00 1.10829314e+00 1.11498902e+00 1.11904995e+00 1.12059469e+00 1.11966899e+00 1.11624539e+00 1.11022336e+00 1.10142968e+00 1.08961964e+00 1.07447983e+00 1.05563347e+00 1.03264955e+00 1.00505692e+00 9.72364381e-01 9.34087495e-01 8.89782311e-01 8.39085754e-01 7.81762289e-01 7.17756824e-01 6.47254973e-01 5.70753364e-01 4.89144216e-01 4.03818943e-01 3.16795158e-01 2.30872467e-01 1.49833817e-01 7.87592488e-02 2.47346134e-02 -6.40685301e-16
-6.40685301e-16 2.48937660e-02 7.92455255e-02 1.50727292e-01 2.32206557e-01 3.18572703e-01 4.06020809e-01 4.91733694e-01 5.73678344e-01 6.50449694e-01 7.21144553e-01 7.85259493e-01 8.42607504e-01 8.93248104e-01 9.37426561e-01 9.75519710e-01 1.00798766e+00 1.03533177e+00 1.05805956e+00 1.07665694e+00 1.09156757e+00 1.10317852e+00 1.11181122e+00 1.11771623e+00 1.12107071e+00 1.12197739e+00 1.12046431e+00 1.11648474e+00 1.10991731e+00 1.10056637e+00 1.08816331e+00 1.07236968e+00 1.05278323e+00 1.02894817e+00 1.00037097e+00 9.66542763e-01 9.26968938e-01 8.81206005e-01 8.28905262e-01 7.69862565e-01 7.04074033e-01 6.31798788e-01 5.53631747e-01 4.70591144e-01 3.84226165e-01 2.96749835e-01 2.11204549e-01 1.31684265e-01 6.37082300e-02 1.51711999e-02 2.17745155e-03 3.63631416e-02 9.58350654e-02 1.70386062e-01 2.53507805e-01 3.40458429e-01 4.27703199e-01 5.12637682e-01 5.93399175e-01 6.68718878e-01 7.37802292e-01 8.00232290e-01 8.55889630e-01 9.04885681e-01 9.47503450e-01 9.84144885e-01 1.01528409e+00 1.04142696e+00 1.06307794e+00 1.08071406e+00 1.09476592e+00 1.10560488e+00 1.11353501e+00 1.11878867e+00 1.12152449e+00 1.12182652e+00 1.11970411e+00 1.11509187e+00 1.10784979e+00 1.09776380e+00 1.08454745e+00 1.06784563e+00 1.04724155e+00 1.02226826e+00 9.92426021e-01 9.57206469e-01 9.16124037e-01 8.68754591e-01 8.14780674e-01 7.54042745e-01 6.86596463e-01 6.12777592e-01 5.33277976e-01 4.49237598e-01 3.62358044e-01 2.75042599e-01 1.90572402e-01 1.13352341e-01 4.93618184e-02 7.47071525e-03 7.47071525e-03 4.93618184e-02 1.13352341e-01 1.90572402e-01 2.75042599e-01 3.62358044e-01 4.49237598e-01 5.33277976e-01 6.12777592e-01 6.86596463e-01 7.54042745e-01 8.14780674e-01 8.68754591e-01 9.16124037e-01 9.57206469e-01 9.92426021e-01 1.02226826e+00 1.04724155e+00 1.06784563e+00 1.08454745e+00 1.09776380e+00 1.10784979e+00 1.11509187e+00 1.11970411e+00 1.12182652e+00 1.12152449e+00 1.11878867e+00 1.11353501e+00 1.10560488e+00 1.09476592e+00 1.08071406e+00 1.06307794e+00 1.04142696e+00 1.01528409e+00 9.84144885e-01 9.47503450e-01 9.04885681e-01 8.55889630e-01 8.00232290e-01 7.37802292e-01 6.68718878e-01 5.93399175e-01 5.12637682e-01 4.27703199e-01 3.40458429e-01 2.53507805e-01 1.70386062e-01 9.58350654e-02 3.63631416e-02 2.17745155e-03 1.51711999e-02 6.37082300e-02 1.31684265e-01 2.11204549e-01 2.96749835e-01 3.84226165e-01 4.70591144e-01 5.53631747e-01 6.31798788e-01 7.04074033e-01 7.69862565e-01 8.28905262e-01 8.81206005e-01 9.26968938e-01 9.66542763e-01 1.00037097e+00 1.02894817e+00 1.05278323e+00 1.07236968e+00 1.08816331e+00 1.10056637e+00 1.10991731e+00 1.11648474e+00 1.12046431e+00 1.12197739e+00 1.12107071e+00 1.11771623e+00 1.11181122e+00 1.10317852e+00 1.09156757e+00 1.07665694e+00 1.05805956e+00 1.03533177e+00 1.00798766e+00 9.75519710e-01 9.37426561e-01 8.93248104e-01 8.42607504e-01 7.85259493e-01 7.21144553e-01 6.50449694e-01 5.73678344e-01 4.91733694e-01 4.06020809e-01 3.18572703e-01 2.32206557e-01 1.50727292e-01 7.92455255e-02 2.48937660e-02 -3.20342650e-16
8.00856626e-16 2.50522686e-02 7.97296602e-02 1.51616517e-01 2.33533593e-01 3.20339271e-01 4.08205892e-01 4.94297698e-01 5.76565244e-01 6.53589027e-01 7.24454578e-01 7.88651958e-01 8.45993620e-01 8.96544781e-01 9.40561900e-01 9.78437014e-01 1.01064764e+00 1.03771304e+00 1.06015773e+00 1.07848277e+00 1.09314465e+00 1.10454078e+00 1.11300052e+00 1.11878018e+00 1.12206076e+00 1.12294712e+00 1.12146787e+00 1.11757532e+00 1.11114558e+00 1.10197868e+00 1.08979976e+00 1.07426185e+00 1.05495172e+00 1.03140017e+00 1.00309798e+00 9.69518959e-01 9.30150572e-01 8.84532301e-01 8.32301080e-01 7.73242832e-01 7.07349500e-01 6.34882306e-01 5.56444007e-01 4.73065057e-01 3.86309651e-01 2.98407697e-01 2.12420943e-01 1.32467674e-01 6.41011571e-02 1.52690194e-02 2.19197272e-03 3.65920576e-02 9.64152251e-02 1.71383078e-01 2.54945552e-01 3.42332370e-01 4.29987396e-01 5.15288267e-01 5.96356296e-01 6.71908895e-01 7.41141329e-01 8.03631373e-01 8.59260823e-01 9.08148224e-01 9.50588938e-01 9.87000839e-01 1.01787571e+00 1.04373724e+00 1.06510648e+00 1.08247505e+00 1.09628577e+00 1.10691972e+00 1.11468832e+00 1.11982921e+00 1.12250439e+00 1.12279964e+00 1.12072451e+00 1.11621227e+00 1.10911993e+00 1.09922868e+00 1.08624526e+00 1.06980543e+00 1.04948082e+00 1.02479046e+00 9.95218449e-01 9.60238820e-01 9.19348155e-01 8.72105788e-01 8.18180849e-01 7.57405203e-01 6.89831897e-01 6.15800315e-01 5.36011390e-01 4.51618158e-01 3.64337721e-01 2.76590742e-01 1.91678638e-01 1.14032507e-01 4.96693068e-02 7.51959428e-03 7.51959428e-03 4.96693068e-02 1.14032507e-01 1.91678638e-01 2.76590742e-01 3.64337721e-01 4.51618158e-01 5.36011390e-01 6.15800315e-01 6.89831897e-01 7.57405203e-01 8.18180849e-01 8.72105788e-01 9.19348155e-01 9.60238820e-01 9.95218449e-01 1.02479046e+00 1.04948082e+00 1.06980543e+00 1.08624526e+00 1.09922868e+00 1.10911993e+00 1.11621227e+00 1.12072451e+00 1.12279964e+00 1.12250439e+00 1.11982921e+00 1.11468832e+00 1.10691972e+00 1.09628577e+00 1.08247505e+00 1.06510648e+00 1.04373724e+00 1.01787571e+00 9.87000839e-01 9.50588938e-01 9.08148224e-01 8.59260823e-01 8.03631373e-01 7.41141329e-01 6.71908895e-01 5.96356296e-01 5.15288267e-01 4.29987396e-01 3.42332370e-01 2.54945552e-01 1.71383078e-01 9.64152251e-02 3.65920576e-02 2.19197272e-03 1.52690194e-02 6.41011571e-02 1.32467674e-01 2.12420943e-01 2.98407697e-01 3.86309651e-01 4.73065057e-01 5.56444007e-01 6.34882306e-01 7.07349500e-01 7.73242832e-01 8.32301080e-01 8.84532301e-01 9.30150572e-01 9.69518959e-01 1.00309798e+00 1.03140017e+00 1.05495172e+00 1.07426185e+00 1.08979976e+00 1.10197868e+00 1.11114558e+00 1.11757532e+00 1.12146787e+00 1.12294712e+00 1.12206076e+00 1.11878018e+00 1.11300052e+00 1.10454078e+00 1.09314465e+00 1.07848277e+00 1.06015773e+00 1.03771304e+00 1.01064764e+00 9.78437014e-01 9.40561900e-01 8.96544781e-01 8.45993620e-01 7.88651958e-01 7.24454578e-01 6.53589027e-01 5.76565244e-01 4.94297698e-01 4.08205892e-01 3.20339271e-01 2.33533593e-01 1.51616517e-01 7.97296602e-02 2.50522686e-02 8.00856626e-16
-0.00000000e+00 2.52113144e-02 8.02152509e-02 1.52507949e-01 2.34862875e-01 3.22106663e-01 4.10387939e-01 4.96851255e-01 5.79429700e-01 6.56688640e-01 7.27702180e-01 7.91954364e-01 8.49258156e-01 8.99685905e-01 9.43506827e-01 9.81129647e-01 1.01305054e+00 1.03980759e+00 1.06194292e+00 1.07997308e+00 1.09436747e+00 1.10553380e+00 1.11380923e+00 1.11945569e+00 1.12265789e+00 1.12352271e+00 1.12207931e+00 1.11827911e+00 1.11199576e+00 1.10302515e+00 1.09108627e+00 1.07582376e+00 1.05681346e+00 1.03357255e+00 1.00557578e+00 9.72278921e-01 9.33150509e-01 8.87711682e-01 8.35583489e-01 7.76540361e-01 7.10568712e-01 6.37930935e-01 5.59237298e-01 4.75530770e-01 3.88391354e-01 3.00066925e-01 2.13639676e-01 1.33253145e-01 6.44953086e-02 1.53671849e-02 2.20654931e-03 3.68217343e-02 9.69970625e-02 1.72382401e-01 2.56385362e-01 3.44206442e-01 4.32267080e-01 5.17925868e-01 5.99287165e-01 6.75054017e-01 7.44411465e-01 8.06932830e-01 8.62502112e-01 9.11246523e-01 9.53475342e-01 9.89623804e-01 1.02020255e+00 1.04575390e+00 1.06681604e+00 1.08389546e+00 1.09744726e+00 1.10786214e+00 1.11545877e+00 1.12047989e+00 1.12309076e+00 1.12337883e+00 1.12135382e+00 1.11694772e+00 1.11001471e+00 1.10033134e+00 1.08759769e+00 1.07144050e+00 1.05141980e+00 1.02704037e+00 9.97769704e-01 9.63063470e-01 9.22399306e-01 8.75318628e-01 8.21475607e-01 7.60691983e-01 6.93016921e-01 6.18792638e-01 5.38728985e-01 4.53992490e-01 3.66316666e-01 2.78140658e-01 1.92787230e-01 1.14714554e-01 4.99777855e-02 7.56865228e-03 7.56865228e-03 4.99777855e-02 1.14714554e-01 1.92787230e-01 2.78140658e-01 3.66316666e-01 4.53992490e-01 5.38728985e-01 6.18792638e-01 6.93016921e-01 7.60691983e-01 8.21475607e-01 8.75318628e-01 9.22399306e-01 9.63063470e-01 9.97769704e-01 1.02704037e+00 1.05141980e+00 1.07144050e+00 1.08759769e+00 1.10033134e+00 1.11001471e+00 1.11694772e+00 1.12135382e+00 1.12337883e+00 1.12309076e+00 1.12047989e+00 1.11545877e+00 1.10786214e+00 1.09744726e+00 1.08389546e+00 1.06681604e+00 1.04575390e+00 1.02020255e+00 9.89623804e-01 9.53475342e-01 9.11246523e-01 8.62502112e-01 8.06932830e-01 7.44411465e-01 6.75054017e-01 5.99287165e-01 5.17925868e-01 4.32267080e-01 3.44206442e-01 2.56385362e-01 1.72382401e-01 9.69970625e-02 3.68217343e-02 2.20654931e-03 1.53671849e-02 6.44953086e-02 1.33253145e-01 2.13639676e-01 3.00066925e-01 3.88391354e-01 4.75530770e-01 5.59237298e-01 6.37930935e-01 7.10568712e-01 7.76540361e-01 8.35583489e-01 8.87711682e-01 9.33150509e-01 9.72278921e-01 1.00557578e+00 1.03357255e+00 1.05681346e+00 1.07582376e+00 1.09108627e+00 1.10302515e+00 1.11199576e+00 1.11827911e+00 1.12207931e+00 1.12352271e+00 1.12265789e+00 1.11945569e+00 1.11380923e+00 1.10553380e+00 1.09436747e+00 1.07997308e+00 1.06194292e+00 1.03980759e+00 1.01305054e+00 9.81129647e-01 9.43506827e-01 8.99685905e-01 8.49258156e-01 7.91954364e-01 7.27702180e-01 6.56688640e-01 5.79429700e-01 4.96851255e-01 4.10387939e-01 3.22106663e-01 2.34862875e-01 1.52507949e-01 8.02152509e-02 2.52113144e-02 -0.00000000e+00
-0.00000000e+00 2.53720452e-02 8.07057316e-02 1.53407732e-01 2.36203231e-01 3.23886056e-01 4.12579940e-01 4.99408541e-01 5.82286467e-01 6.59763357e-01 7.30901920e-01 7.95180860e-01 8.52414899e-01 9.02685086e-01 9.46275049e-01 9.83611707e-01 1.01521112e+00 1.04163106e+00 1.06343178e+00 1.08114557e+00 1.09525476e+00 1.10617725e+00 1.11425782e+00 1.11976382e+00 1.12288348e+00 1.12372565e+00 1.12231998e+00 1.11861703e+00 1.11248814e+00 1.10372522e+00 1.09204134e+00 1.07707288e+00 1.05838483e+00 1.03548073e+00 1.00781894e+00 9.74836618e-01 9.35982400e-01 8.90757778e-01 8.38766353e-01 7.79769408e-01 7.13746317e-01 6.40959523e-01 5.62026283e-01 4.78002221e-01 3.90483869e-01 3.01738155e-01 2.14868928e-01 1.34046131e-01 6.48934851e-02 1.54664027e-02 2.22128652e-03 3.70538159e-02 9.75846705e-02 1.73390865e-01 2.57836690e-01 3.46092329e-01 4.34555599e-01 5.20564865e-01 6.02206596e-01 6.78169026e-01 7.47627161e-01 8.10150708e-01 8.65627218e-01 9.14194183e-01 9.56176434e-01 9.92028019e-01 1.02227957e+00 1.04749282e+00 1.06822355e+00 1.08499329e+00 1.09826937e+00 1.10845203e+00 1.11586697e+00 1.12076185e+00 1.12330503e+00 1.12358555e+00 1.12161328e+00 1.11731901e+00 1.11055422e+00 1.10109101e+00 1.08862299e+00 1.07276802e+00 1.05307460e+00 1.02903316e+00 1.00009418e+00 9.65694284e-01 9.25291108e-01 8.78406779e-01 8.24678899e-01 7.63917445e-01 6.96166258e-01 6.21769407e-01 5.41445299e-01 4.56374256e-01 3.68307037e-01 2.79702408e-01 1.93905690e-01 1.15403253e-01 5.02894551e-02 7.61824276e-03 7.61824276e-03 5.02894551e-02 1.15403253e-01 1.93905690e-01 2.79702408e-01 3.68307037e-01 4.56374256e-01 5.41445299e-01 6.21769407e-01 6.96166258e-01 7.63917445e-01 8.24678899e-01 8.78406779e-01 9.25291108e-01 9.65694284e-01 1.00009418e+00 1.02903316e+00 1.05307460e+00 1.07276802e+00 1.08862299e+00 1.10109101e+00 1.11055422e+00 1.11731901e+00 1.12161328e+00 1.12358555e+00 1.12330503e+00 1.12076185e+00 1.11586697e+00 1.10845203e+00 1.09826937e+00 1.08499329e+00 1.06822355e+00 1.04749282e+00 1.02227957e+00 9.92028019e-01 9.56176434e-01 9.14194183e-01 8.65627218e-01 8.10150708e-01 7.47627161e-01 6.78169026e-01 6.02206596e-01 5.20564865e-01 4.34555599e-01 3.46092329e-01 2.57836690e-01 1.73390865e-01 9.75846705e-02 3.70538159e-02 2.22128652e-03 1.54664027e-02 6.48934851e-02 1.34046131e-01 2.14868928e-01 3.01738155e-01 3.90483869e-01 4.78002221e-01 5.62026283e-01 6.40959523e-01 7.13746317e-01 7.79769408e-01 8.38766353e-01 8.90757778e-01 9.35982400e-01 9.74836618e-01 1.00781894e+00 1.03548073e+00 1.05838483e+00 1.07707288e+00 1.09204134e+00 1.10372522e+00 1.11248814e+00 1.11861703e+00 1.12231998e+00 1.12372565e+00 1.12288348e+00 1.11976382e+00 1.11425782e+00 1.10617725e+00 1.09525476e+00 1.08114557e+00 1.06343178e+00 1.04163106e+00 1.01521112e+00 9.83611707e-01 9.46275049e-01 9.02685086e-01 8.52414899e-01 7.95180860e-01 7.30901920e-01 6.59763357e-01 5.82286467e-01 4.99408541e-01 4.12579940e-01 3.23886056e-01 2.36203231e-01 1.53407732e-01 8.07057316e-02 2.53720452e-02 9.61027951e-16
-1.28137060e-15 2.55355377e-02 8.12043333e-02 1.54321630e-01 2.37562917e-01 3.25687865e-01 4.14793961e-01 5.01982701e-01 5.85149221e-01 6.62826962e-01 7.34067426e-01 7.98344862e-01 8.55477155e-01 9.05555755e-01 9.48880416e-01 9.85897769e-01 1.01714493e+00 1.04320017e+00 1.06464233e+00 1.08201954e+00 1.09582706e+00 1.10649275e+00 1.11436879e+00 1.11972773e+00 1.12276111e+00 1.12357961e+00 1.12221335e+00 1.11861211e+00 1.11264503e+00 1.10410027e+00 1.09268519e+00 1.07802818e+00 1.05968353e+00 1.03714113e+00 1.00984276e+00 9.77206421e-01 9.38659966e-01 8.93683964e-01 8.41862987e-01 7.82943439e-01 7.16895996e-01 6.43981857e-01 5.64824552e-01 4.80492338e-01 3.92598902e-01 3.03431301e-01 2.16116352e-01 1.34851755e-01 6.52983231e-02 1.55673393e-02 2.23628376e-03 3.72898521e-02 9.81818967e-02 1.74414873e-01 2.59308372e-01 3.48000912e-01 4.36865341e-01 5.23218580e-01 6.05128327e-01 6.81267682e-01 7.50801994e-01 8.13298380e-01 8.68649453e-01 9.17004711e-01 9.58706222e-01 9.94228284e-01 1.02412261e+00 1.04897105e+00 1.06934733e+00 1.08578814e+00 1.09877293e+00 1.10871126e+00 1.11593564e+00 1.12069839e+00 1.12317083e+00 1.12344345e+00 1.12152630e+00 1.11734903e+00 1.11076055e+00 1.10152878e+00 1.08934107e+00 1.07380666e+00 1.05446261e+00 1.03078496e+00 1.00220692e+00 9.68145440e-01 9.28037165e-01 8.81383574e-01 8.27804065e-01 7.67095107e-01 6.99293635e-01 6.24744395e-01 5.44173806e-01 4.58776135e-01 3.70320144e-01 2.81285382e-01 1.95041055e-01 1.16103082e-01 5.06063888e-02 7.66869959e-03 7.66869959e-03 5.06063888e-02 1.16103082e-01 1.95041055e-01 2.81285382e-01 3.70320144e-01 4.58776135e-01 5.44173806e-01 6.24744395e-01 6.99293635e-01 7.67095107e-01 8.27804065e-01 8.81383574e-01 9.28037165e-01 9.68145440e-01 1.00220692e+00 1.03078496e+00 1.05446261e+00 1.07380666e+00 1.08934107e+00 1.10152878e+00 1.11076055e+00 1.11734903e+00 1.12152630e+00 1.12344345e+00 1.12317083e+00 1.12069839e+00 1.11593564e+00 1.10871126e+00 1.09877293e+00 1.08578814e+00 1.06934733e+00 1.04897105e+00 1.02412261e+00 9.94228284e-01 9.58706222e-01 9.17004711e-01 8.68649453e-01 8.13298380e-01 7.50801994e-01 6.81267682e-01 6.05128327e-01 5.23218580e-01 4.36865341e-01 3.48000912e-01 2.59308372e-01 1.74414873e-01 9.81818967e-02 3.72898521e-02 2.23628376e-03 1.55673393e-02 6.52983231e-02 1.34851755e-01 2.16116352e-01 3.03431301e-01 3.92598902e-01 4.80492338e-01 5.64824552e-01 6.43981857e-01 7.16895996e-01 7.82943439e-01 8.41862987e-01 8.93683964e-01 9.38659966e-01 9.77206421e-01 1.00984276e+00 1.03714113e+00 1.05968353e+00 1.07802818e+00 1.09268519e+00 1.10410027e+00 1.11264503e+00 1.11861211e+00 1.12221335e+00 1.12357961e+00 1.12276111e+00 1.11972773e+00 1.11436879e+00 1.10649275e+00 1.09582706e+00 1.08201954e+00 1.06464233e+00 1.04320017e+00 1.01714493e+00 9.85897769e-01 9.48880416e-01 9.05555755e-01 8.55477155e-01 7.98344862e-01 7.34067426e-01 6.62826962e-01 5.85149221e-01 5.01982701e-01 4.14793961e-01 3.25687865e-01 2.37562917e-01 1.54321630e-01 8.12043333e-02 2.55355377e-02 -0.00000000e+00
1.60171325e-16 2.57027747e-02 8.17140012e-02 1.55254897e-01 2.38949453e-01 3.27521574e-01 4.17040989e-01 5.04585703e-01 5.88030430e-01 6.65892063e-01 7.37211269e-01 8.01458903e-01 8.58457587e-01 9.08310975e-01 9.51336710e-01 9.88002634e-01 1.01886805e+00 1.04453244e+00 1.06559356e+00 1.08261550e+00 1.09610624e+00 1.10650339e+00 1.11416625e+00 1.11937222e+00 1.12231600e+00 1.12310993e+00 1.12178459e+00 1.11828900e+00 1.11249029e+00 1.10417310e+00 1.09303937e+00 1.07870979e+00 1.06072817e+00 1.03857088e+00 1.01166296e+00 9.79402849e-01 9.41196776e-01 8.96503172e-01 8.44885999e-01 7.86074985e-01 7.20030336e-01 6.47010536e-01 5.67644487e-01 4.83012894e-01 3.94747113e-01 3.05155398e-01 2.17388922e-01 1.35674683e-01 6.57122266e-02 1.56706031e-02 2.25163186e-03 3.75312567e-02 9.87922485e-02 1.75460261e-01 2.60808455e-01 3.49942098e-01 4.39207589e-01 5.25899150e-01 6.08064888e-01 6.84362597e-01 7.53948517e-01 8.16388391e-01 8.71581551e-01 9.19691319e-01 9.61078714e-01 9.96239697e-01 1.02574808e+00 1.05020646e+00 1.07020678e+00 1.08630085e+00 1.09898014e+00 1.10866320e+00 1.11568905e+00 1.12031445e+00 1.12271345e+00 1.12297788e+00 1.12111794e+00 1.11706224e+00 1.11065733e+00 1.10166716e+00 1.08977315e+00 1.07457616e+00 1.05560206e+00 1.03231255e+00 1.00412334e+00 9.70431193e-01 9.30650860e-01 8.84261839e-01 8.30863673e-01 7.70237511e-01 7.02411652e-01 6.27730174e-01 5.46926776e-01 4.61209668e-01 3.72366288e-01 2.82898131e-01 1.96199733e-01 1.16818126e-01 5.09304773e-02 7.72032771e-03 7.72032771e-03 5.09304773e-02 1.16818126e-01 1.96199733e-01 2.82898131e-01 3.72366288e-01 4.61209668e-01 5.46926776e-01 6.27730174e-01 7.02411652e-01 7.70237511e-01 8.30863673e-01 8.84261839e-01 9.30650860e-01 9.70431193e-01 1.00412334e+00 1.03231255e+00 1.05560206e+00 1.07457616e+00 1.08977315e+00 1.10166716e+00 1.11065733e+00 1.11706224e+00 1.12111794e+00 1.12297788e+00 1.12271345e+00 1.12031445e+00 1.11568905e+00 1.10866320e+00 1.09898014e+00 1.08630085e+00 1.07020678e+00 1.05020646e+00 1.02574808e+00 9.96239697e-01 9.61078714e-01 9.19691319e-01 8.71581551e-01 8.16388391e-01 7.53948517e-01 6.84362597e-01 6.08064888e-01 5.25899150e-01 4.39207589e-01 3.49942098e-01 2.60808455e-01 1.75460261e-01 9.87922485e-02 3.75312567e-02 2.25163186e-03 1.56706031e-02 6.57122266e-02 1.35674683e-01 2.17388922e-01 3.05155398e-01 3.94747113e-01 4.83012894e-01 5.67644487e-01 6.47010536e-01 7.20030336e-01 7.86074985e-01 8.44885999e-01 8.96503172e-01 9.41196776e-01 9.79402849e-01 1.01166296e+00 1.03857088e+00 1.06072817e+00 1.07870979e+00 1.09303937e+00 1.10417310e+00 1.11249029e+00 1.11828900e+00 1.12178459e+00 1.12310993e+00 1.12231600e+00 1.11937222e+00 1.11416625e+00 1.10650339e+00 1.09610624e+00 1.08261550e+00 1.06559356e+00 1.04453244e+00 1.01886805e+00 9.88002634e-01 9.51336710e-01 9.08310975e-01 8.58457587e-01 8.01458903e-01 7.37211269e-01 6.65892063e-01 5.88030430e-01 5.04585703e-01 4.17040989e-01 3.27521574e-01 2.38949453e-01 1.55254897e-01 8.17140012e-02 2.57027747e-02 3.20342650e-16
3.20342650e-16 2.58746611e-02 8.22374367e-02 1.56212324e-01 2.40369661e-01 3.29395738e-01 4.19330880e-01 5.07228238e-01 5.90941217e-01 6.68969940e-01 7.40344787e-01 8.04534456e-01 8.61368022e-01 9.10963234e-01 9.53657408e-01 9.89941068e-01 1.02039675e+00 1.04564578e+00 1.06630510e+00 1.08295469e+00 1.09611508e+00 1.10623328e+00 1.11367533e+00 1.11872323e+00 1.12157455e+00 1.12234315e+00 1.12106000e+00 1.11767346e+00 1.11204883e+00 1.10396749e+00 1.09312630e+00 1.07913857e+00 1.06153796e+00 1.03978749e+00 1.01329544e+00 9.81440321e-01 9.43606030e-01 8.99227695e-01 8.47847102e-01 7.89175470e-01 7.23160658e-01 6.50056817e-01 5.70497135e-01 4.85574412e-01 3.96938075e-01 3.06918605e-01 2.18692974e-01 1.36519179e-01 6.61374029e-02 1.57767551e-02 2.26741473e-03 3.77793305e-02 9.94189392e-02 1.76532347e-01 2.62344230e-01 3.51924810e-01 4.41592450e-01 5.28617405e-01 6.11027460e-01 6.87465064e-01 7.57078086e-01 8.19432277e-01 8.74435473e-01 9.22266713e-01 9.63307684e-01 9.98077384e-01 1.02717267e+00 1.05121740e+00 1.07082193e+00 1.08655311e+00 1.09891411e+00 1.10833222e+00 1.11515260e+00 1.11963612e+00 1.12195933e+00 1.12221531e+00 1.12041439e+00 1.11648422e+00 1.11026921e+00 1.10152962e+00 1.08994126e+00 1.07509699e+00 1.05651173e+00 1.03363300e+00 1.00585892e+00 9.72565631e-01 9.33145134e-01 8.87053690e-01 8.33869339e-01 7.73356041e-01 7.05531619e-01 6.30737970e-01 5.49715162e-01 4.63685185e-01 3.74454730e-01 2.84548393e-01 1.97387560e-01 1.17552120e-01 5.12634586e-02 7.77340846e-03 7.77340846e-03 5.12634586e-02 1.17552120e-01 1.97387560e-01 2.84548393e-01 3.74454730e-01 4.63685185e-01 5.49715162e-01 6.30737970e-01 7.05531619e-01 7.73356041e-01 8.33869339e-01 8.87053690e-01 9.33145134e-01 9.72565631e-01 1.00585892e+00 1.03363300e+00 1.05651173e+00 1.07509699e+00 1.08994126e+00 1.10152962e+00 1.11026921e+00 1.11648422e+00 1.12041439e+00 1.12221531e+00 1.12195933e+00 1.11963612e+00 1.11515260e+00 1.10833222e+00 1.09891411e+00 1.08655311e+00 1.07082193e+00 1.05121740e+00 1.02717267e+00 9.98077384e-01 9.63307684e-01 9.22266713e-01 8.74435473e-01 8.19432277e-01 7.57078086e-01 6.87465064e-01 6.11027460e-01 5.28617405e-01 4.41592450e-01 3.51924810e-01 2.62344230e-01 1.76532347e-01 9.94189392e-02 3.77793305e-02 2.26741473e-03 1.57767551e-02 6.61374029e-02 1.36519179e-01 2.18692974e-01 3.06918605e-01 3.96938075e-01 4.85574412e-01 5.70497135e-01 6.50056817e-01 7.23160658e-01 7.89175470e-01 8.47847102e-01 8.99227695e-01 9.43606030e-01 9.81440321e-01 1.01329544e+00 1.03978749e+00 1.06153796e+00 1.07913857e+00 1.09312630e+00 1.10396749e+00 1.11204883e+00 1.11767346e+00 1.12106000e+00 1.12234315e+00 1.12157455e+00 1.11872323e+00 1.11367533e+00 1.10623328e+00 1.09611508e+00 1.08295469e+00 1.06630510e+00 1.04564578e+00 1.02039675e+00 9.89941068e-01 9.53657408e-01 9.10963234e-01 8.61368022e-01 8.04534456e-01 7.40344787e-01 6.68969940e-01 5.90941217e-01 5.07228238e-01 4.19330880e-01 3.29395738e-01 2.40369661e-01 1.56212324e-01 8.22374367e-02 2.58746611e-02 3.20342650e-16
-9.61027951e-16 2.60519931e-02 8.27770119e-02 1.57198115e-01 2.41829515e-01 3.31317832e-01 4.21672228e-01 5.09919618e-01 5.93891275e-01 6.72070469e-01 7.43478007e-01 8.07581839e-01 8.64219333e-01 9.13524293e-01 9.55855494e-01 9.91727567e-01 1.02174725e+00 1.04655826e+00 1.06679685e+00 1.08305879e+00 1.09587683e+00 1.10570704e+00 1.11292179e+00 1.11780732e+00 1.12056378e+00 1.12130641e+00 1.12006652e+00 1.11679189e+00 1.11134617e+00 1.10350777e+00 1.09296885e+00 1.07933575e+00 1.06213235e+00 1.04080855e+00 1.01475596e+00 9.83332931e-01 9.45900379e-01 9.01869040e-01 8.50757001e-01 7.92255118e-01 7.26296946e-01 6.53130539e-01 5.73392118e-01 4.88186060e-01 3.99180142e-01 3.08728052e-01 2.20034057e-01 1.37388984e-01 6.65757911e-02 1.58862890e-02 2.28370634e-03 3.80352172e-02 1.00064789e-01 1.77635791e-01 2.63922076e-01 3.53956842e-01 4.44028734e-01 5.31382783e-01 6.14025793e-01 6.90584995e-01 7.60200784e-01 8.22440467e-01 8.77222284e-01 9.24742929e-01 9.65406470e-01 9.99756255e-01 1.02841304e+00 1.05202240e+00 1.07121313e+00 1.08656697e+00 1.09859849e+00 1.10774327e+00 1.11435226e+00 1.11869009e+00 1.12093558e+00 1.12118291e+00 1.11944250e+00 1.11564119e+00 1.10962143e+00 1.10114013e+00 1.08986789e+00 1.07538993e+00 1.05721061e+00 1.03476346e+00 1.00742902e+00 9.74562464e-01 9.35532320e-01 8.89770402e-01 8.36831620e-01 7.76460844e-01 7.08663479e-01 6.33777582e-01 5.52548500e-01 4.66211687e-01 3.76593558e-01 2.86242935e-01 1.98609644e-01 1.18308343e-01 5.16068597e-02 7.82818969e-03 7.82818969e-03 5.16068597e-02 1.18308343e-01 1.98609644e-01 2.86242935e-01 3.76593558e-01 4.66211687e-01 5.52548500e-01 6.33777582e-01 7.08663479e-01 7.76460844e-01 8.36831620e-01 8.89770402e-01 9.35532320e-01 9.74562464e-01 1.00742902e+00 1.03476346e+00 1.05721061e+00 1.07538993e+00 1.08986789e+00 1.10114013e+00 1.10962143e+00 1.11564119e+00 1.11944250e+00 1.12118291e+00 1.12093558e+00 1.11869009e+00 1.11435226e+00 1.10774327e+00 1.09859849e+00 1.08656697e+00 1.07121313e+00 1.05202240e+00 1.02841304e+00 9.99756255e-01 9.65406470e-01 9.24742929e-01 8.77222284e-01 8.22440467e-01 7.60200784e-01 6.90584995e-01 6.14025793e-01 5.31382783e-01 4.44028734e-01 3.53956842e-01 2.63922076e-01 1.77635791e-01 1.00064789e-01 3.80352172e-02 2.28370634e-03 1.58862890e-02 6.65757911e-02 1.37388984e-01 2.20034057e-01 3.08728052e-01 3.99180142e-01 4.88186060e-01 5.73392118e-01 6.53130539e-01 7.26296946e-01 7.92255118e-01 8.50757001e-01 9.01869040e-01 9.45900379e-01 9.83332931e-01 1.01475596e+00 1.04080855e+00 1.06213235e+00 1.07933575e+00 1.09296885e+00 1.10350777e+00 1.11134617e+00 1.11679189e+00 1.12006652e+00 1.12130641e+00 1.12056378e+00 1.11780732e+00 1.11292179e+00 1.10570704e+00 1.09587683e+00 1.08305879e+00 1.06679685e+00 1.04655826e+00 1.02174725e+00 9.91727567e-01 9.55855494e-01 9.13524293e-01 8.64219333e-01 8.07581839e-01 7.43478007e-01 6.72070469e-01 5.93891275e-01 5.09919618e-01 4.21672228e-01 3.31317832e-01 2.41829515e-01 1.57198115e-01 8.27770119e-02 2.60519931e-02 -3.20342650e-16
3.20342650e-16 2.62354958e-02 8.33348721e-02 1.58216037e-01 2.43334311e-01 3.33294412e-01 4.24072492e-01 5.12667854e-01 5.96888903e-01 6.75202117e-01 7.46619614e-01 8.10610156e-01 8.67021352e-01 9.16005063e-01 9.57943298e-01 9.93376155e-01 1.02293547e+00 1.04728774e+00 1.06708862e+00 1.08294945e+00 1.09541484e+00 1.10494944e+00 1.11193154e+00 1.11665121e+00 1.11931092e+00 1.12002707e+00 1.11883129e+00 1.11567084e+00 1.11040795e+00 1.10281836e+00 1.09258996e+00 1.07932255e+00 1.06253066e+00 1.04165143e+00 1.01605996e+00 9.85094260e-01 9.48091766e-01 9.04437813e-01 8.53625313e-01 7.95322903e-01 7.29447818e-01 6.56240129e-01 5.76337681e-01 4.90855740e-01 4.01480582e-01 3.10590014e-01 2.21417105e-01 1.38287458e-01 6.70291482e-02 1.59996550e-02 2.30057435e-03 3.82999568e-02 1.00732342e-01 1.78774760e-01 2.65547636e-01 3.56045009e-01 4.46524069e-01 5.34203384e-01 6.17068236e-01 6.93730900e-01 7.63325378e-01 8.25422215e-01 8.79952050e-01 9.27131202e-01 9.67387801e-01 1.00129079e+00 1.02948560e+00 1.05263980e+00 1.07140067e+00 1.08636454e+00 1.09805698e+00 1.10692143e+00 1.11331417e+00 1.11750326e+00 1.11966949e+00 1.11990799e+00 1.11822929e+00 1.11455949e+00 1.10873936e+00 1.10052279e+00 1.08957556e+00 1.07547575e+00 1.05771754e+00 1.03572080e+00 1.00884857e+00 9.76434838e-01 9.37823999e-01 8.92422299e-01 8.39759941e-01 7.79560781e-01 7.11815794e-01 6.36857397e-01 5.55434970e-01 4.68796951e-01 3.78789825e-01 2.87987724e-01 1.99870543e-01 1.19089745e-01 5.19620674e-02 7.88489773e-03 7.88489773e-03 5.19620674e-02 1.19089745e-01 1.99870543e-01 2.87987724e-01 3.78789825e-01 4.68796951e-01 5.55434970e-01 6.36857397e-01 7.11815794e-01 7.79560781e-01 8.39759941e-01 8.92422299e-01 9.37823999e-01 9.76434838e-01 1.00884857e+00 1.03572080e+00 1.05771754e+00 1.07547575e+00 1.08957556e+00 1.10052279e+00 1.10873936e+00 1.11455949e+00 1.11822929e+00 1.11990799e+00 1.11966949e+00 1.11750326e+00 1.11331417e+00 1.10692143e+00 1.09805698e+00 1.08636454e+00 1.07140067e+00 1.05263980e+00 1.02948560e+00 1.00129079e+00 9.67387801e-01 9.27131202e-01 8.79952050e-01 8.25422215e-01 7.63325378e-01 6.93730900e-01 6.17068236e-01 5.34203384e-01 4.46524069e-01 3.56045009e-01 2.65547636e-01 1.78774760e-01 1.00732342e-01 3.82999568e-02 2.30057435e-03 1.59996550e-02 6.70291482e-02 1.38287458e-01 2.21417105e-01 3.10590014e-01 4.01480582e-01 4.90855740e-01 5.76337681e-01 6.56240129e-01 7.29447818e-01 7.95322903e-01 8.53625313e-01 9.04437813e-01 9.48091766e-01 9.85094260e-01 1.01605996e+00 1.04165143e+00 1.06253066e+00 1.07932255e+00 1.09258996e+00 1.10281836e+00 1.11040795e+00 1.11567084e+00 1.11883129e+00 1.12002707e+00 1.11931092e+00 1.11665121e+00 1.11193154e+00 1.10494944e+00 1.09541484e+00 1.08294945e+00 1.06708862e+00 1.04728774e+00 1.02293547e+00 9.93376155e-01 9.57943298e-01 9.16005063e-01 8.67021352e-01 8.10610156e-01 7.46619614e-01 6.75202117e-01 5.96888903e-01 5.12667854e-01 4.24072492e-01 3.33294412e-01 2.43334311e-01 1.58216037e-01 8.33348721e-02 2.62354958e-02 -0.00000000e+00
-0.00000000e+00 2.64257684e-02 8.39127873e-02 1.59269195e-01 2.44888417e-01 3.35330878e-01 4.26537806e-01 5.15479525e-01 5.99940926e-01 6.78371897e-01 7.49776912e-01 8.13627249e-01 8.69782794e-01 9.18415502e-01 9.59932356e-01 9.94900209e-01 1.02397677e+00 1.04785165e+00 1.06719988e+00 1.08264804e+00 1.09475216e+00 1.10398498e+00 1.11073023e+00 1.11528139e+00 1.11784292e+00 1.11853222e+00 1.11738117e+00 1.11433661e+00 1.10925954e+00 1.10192343e+00 1.09201228e+00 1.07911986e+00 1.06275185e+00 1.04233306e+00 1.01722228e+00 9.86737204e-01 9.50191308e-01 9.06943630e-01 8.56460500e-01 7.98386503e-01 7.32620485e-01 6.59392550e-01 5.79340600e-01 4.93589944e-01 4.03845374e-01 3.12509659e-01 2.22846188e-01 1.39217373e-01 6.74989244e-02 1.61172257e-02 2.31807487e-03 3.85744085e-02 1.01423700e-01 1.79952689e-01 2.67225561e-01 3.58194925e-01 4.49084724e-01 5.37085864e-01 6.20161657e-01 6.96909847e-01 7.66459276e-01 8.28385546e-01 8.82633765e-01 9.29441857e-01 9.69263655e-01 1.00269486e+00 1.03040622e+00 1.05308757e+00 1.07140449e+00 1.08596762e+00 1.09731302e+00 1.10589150e+00 1.11206422e+00 1.11610224e+00 1.11818807e+00 1.11841761e+00 1.11680150e+00 1.11326523e+00 1.10764810e+00 1.09970138e+00 1.08908651e+00 1.07537487e+00 1.05805099e+00 1.03652143e+00 1.01013194e+00 9.78195183e-01 9.40030880e-01 8.95018675e-01 8.42662535e-01 7.82663387e-01 7.14995697e-01 6.39984331e-01 5.58381292e-01 4.71447363e-01 3.81049337e-01 2.89787680e-01 2.01174014e-01 1.19898762e-01 5.23302263e-02 7.94371999e-03 7.94371999e-03 5.23302263e-02 1.19898762e-01 2.01174014e-01 2.89787680e-01 3.81049337e-01 4.71447363e-01 5.58381292e-01 6.39984331e-01 7.14995697e-01 7.82663387e-01 8.42662535e-01 8.95018675e-01 9.40030880e-01 9.78195183e-01 1.01013194e+00 1.03652143e+00 1.05805099e+00 1.07537487e+00 1.08908651e+00 1.09970138e+00 1.10764810e+00 1.11326523e+00 1.11680150e+00 1.11841761e+00 1.11818807e+00 1.11610224e+00 1.11206422e+00 1.10589150e+00 1.09731302e+00 1.08596762e+00 1.07140449e+00 1.05308757e+00 1.03040622e+00 1.00269486e+00 9.69263655e-01 9.29441857e-01 8.82633765e-01 8.28385546e-01 7.66459276e-01 6.96909847e-01 6.20161657e-01 5.37085864e-01 4.49084724e-01 3.58194925e-01 2.67225561e-01 1.79952689e-01 1.01423700e-01 3.85744085e-02 2.31807487e-03 1.61172257e-02 6.74989244e-02 1.39217373e-01 2.22846188e-01 3.12509659e-01 4.03845374e-01 4.93589944e-01 5.79340600e-01 6.59392550e-01 7.32620485e-01 7.98386503e-01 8.56460500e-01 9.06943630e-01 9.50191308e-01 9.86737204e-01 1.01722228e+00 1.04233306e+00 1.06275185e+00 1.07911986e+00 1.09201228e+00 1.10192343e+00 1.10925954e+00 1.11433661e+00 1.11738117e+00 1.11853222e+00 1.11784292e+00 1.11528139e+00 1.11073023e+00 1.10398498e+00 1.09475216e+00 1.08264804e+00 1.06719988e+00 1.04785165e+00 1.02397677e+00 9.94900209e-01 9.59932356e-01 9.18415502e-01 8.69782794e-01 8.13627249e-01 7.49776912e-01 6.78371897e-01 5.99940926e-01 5.15479525e-01 4.26537806e-01 3.35330878e-01 2.44888417e-01 1.59269195e-01 8.39127873e-02 2.64257684e-02 -3.20342650e-16
3.20342650e-16 2.66233224e-02 8.45122553e-02 1.60360190e-01 2.46495445e-01 3.37431635e-01 4.29073104e-01 5.18359863e-01 6.03052741e-01 6.81585383e-01 7.52955823e-01 8.16639676e-01 8.72511223e-01 9.20764549e-01 9.61833309e-01 9.96312312e-01 1.02488582e+00 1.04826679e+00 1.06714945e+00 1.08217528e+00 1.09391121e+00 1.10283754e+00 1.10934287e+00 1.11372368e+00 1.11618609e+00 1.11684831e+00 1.11574239e+00 1.11281485e+00 1.10792573e+00 1.10084652e+00 1.09125785e+00 1.07874798e+00 1.06281428e+00 1.04286970e+00 1.01825709e+00 9.88273843e-01 9.52209191e-01 9.09395052e-01 8.59269839e-01 8.01452284e-01 7.35820759e-01 6.62593323e-01 5.82406235e-01 4.96393846e-01 4.06279343e-01 3.14491217e-01 2.24324680e-01 1.40181055e-01 6.79863496e-02 1.62393194e-02 2.33625606e-03 3.88593039e-02 1.02140634e-01 1.81172446e-01 2.68959684e-01 3.60411150e-01 4.51715726e-01 5.40035502e-01 6.23311491e-01 7.00127478e-01 7.69608528e-01 8.31337236e-01 8.85275301e-01 9.31684229e-01 9.71045138e-01 1.00398156e+00 1.03119012e+00 1.05338301e+00 1.07124394e+00 1.08539739e+00 1.09638943e+00 1.10467769e+00 1.11062767e+00 1.11451303e+00 1.11651770e+00 1.11673822e+00 1.11518526e+00 1.11178386e+00 1.10637215e+00 1.09869912e+00 1.08842235e+00 1.07510710e+00 1.05822877e+00 1.03718108e+00 1.01129274e+00 9.79855087e-01 9.42162716e-01 8.97567736e-01 8.45546415e-01 7.85774859e-01 7.18208909e-01 6.43163858e-01 5.61392788e-01 4.74168031e-01 3.83376795e-01 2.91646842e-01 2.02523185e-01 1.20737445e-01 5.27123093e-02 8.00481702e-03 8.00481702e-03 5.27123093e-02 1.20737445e-01 2.02523185e-01 2.91646842e-01 3.83376795e-01 4.74168031e-01 5.61392788e-01 6.43163858e-01 7.18208909e-01 7.85774859e-01 8.45546415e-01 8.97567736e-01 9.42162716e-01 9.79855087e-01 1.01129274e+00 1.03718108e+00 1.05822877e+00 1.07510710e+00 1.08842235e+00 1.09869912e+00 1.10637215e+00 1.11178386e+00 1.11518526e+00 1.11673822e+00 1.11651770e+00 1.11451303e+00 1.11062767e+00 1.10467769e+00 1.09638943e+00 1.08539739e+00 1.07124394e+00 1.05338301e+00 1.03119012e+00 1.00398156e+00 9.71045138e-01 9.31684229e-01 8.85275301e-01 8.31337236e-01 7.69608528e-01 7.00127478e-01 6.23311491e-01 5.40035502e-01 4.51715726e-01 3.60411150e-01 2.68959684e-01 1.81172446e-01 1.02140634e-01 3.88593039e-02 2.33625606e-03 1.62393194e-02 6.79863496e-02 1.40181055e-01 2.24324680e-01 3.14491217e-01 4.06279343e-01 4.96393846e-01 5.82406235e-01 6.62593323e-01 7.35820759e-01 8.01452284e-01 8.59269839e-01 9.09395052e-01 9.52209191e-01 9.88273843e-01 1.01825709e+00 1.04286970e+00 1.06281428e+00 1.07874798e+00 1.09125785e+00 1.10084652e+00 1.10792573e+00 1.11281485e+00 1.11574239e+00 1.11684831e+00 1.11618609e+00 1.11372368e+00 1.10934287e+00 1.10283754e+00 1.09391121e+00 1.08217528e+00 1.06714945e+00 1.04826679e+00 1.02488582e+00 9.96312312e-01 9.61833309e-01 9.20764549e-01 8.72511223e-01 8.16639676e-01 7.52955823e-01 6.81585383e-01 6.03052741e-01 5.18359863e-01 4.29073104e-01 3.37431635e-01 2.46495445e-01 1.60360190e-01 8.45122553e-02 2.66233224e-02 6.40685301e-16
1.60171325e-16 2.68285743e-02 8.51344851e-02 1.61491101e-01 2.48158242e-01 3.39600104e-01 4.31682158e-01 5.21312813e-01 6.06228393e-01 6.84846792e-01 7.56160949e-01 8.19652757e-01 8.75213058e-01 9.23060097e-01 9.63655839e-01 9.97624157e-01 1.02567644e+00 1.04854911e+00 1.06695535e+00 1.08155109e+00 1.09291359e+00 1.10153009e+00 1.10779356e+00 1.11200298e+00 1.11436581e+00 1.11500082e+00 1.11394023e+00 1.11113031e+00 1.10643035e+00 1.09961029e+00 1.09034784e+00 1.07822634e+00 1.06273543e+00 1.04327676e+00 1.01917765e+00 9.89715354e-01 9.54154626e-01 9.11799571e-01 8.62059437e-01 8.04525354e-01 7.39053119e-01 6.65846605e-01 5.85538604e-01 4.99271360e-01 4.08786195e-01 3.16537989e-01 2.25855254e-01 1.41180370e-01 6.84924189e-02 1.63661962e-02 2.35515744e-03 3.91552376e-02 1.02884571e-01 1.82436317e-01 2.70753017e-01 3.62697216e-01 4.54420906e-01 5.43056270e-01 6.26521813e-01 7.03388080e-01 7.72777883e-01 8.34282841e-01 8.87883411e-01 9.33866632e-01 9.72742418e-01 1.00516309e+00 1.03185163e+00 1.05354259e+00 1.07093751e+00 1.08467421e+00 1.09530818e+00 1.10330328e+00 1.10902883e+00 1.11276067e+00 1.11468382e+00 1.11489527e+00 1.11340575e+00 1.11013995e+00 1.10493508e+00 1.09753831e+00 1.08760386e+00 1.07469143e+00 1.05826789e+00 1.03771464e+00 1.01234373e+00 9.81425216e-01 9.44228262e-01 9.00076593e-01 8.48417402e-01 7.88900114e-01 7.21459802e-01 6.46400092e-01 5.64473452e-01 4.76962831e-01 3.85775823e-01 2.93568372e-01 2.03920539e-01 1.21607438e-01 5.31091055e-02 8.06832019e-03 8.06832019e-03 5.31091055e-02 1.21607438e-01 2.03920539e-01 2.93568372e-01 3.85775823e-01 4.76962831e-01 5.64473452e-01 6.46400092e-01 7.21459802e-01 7.88900114e-01 8.48417402e-01 9.00076593e-01 9.44228262e-01 9.81425216e-01 1.01234373e+00 1.03771464e+00 1.05826789e+00 1.07469143e+00 1.08760386e+00 1.09753831e+00 1.10493508e+00 1.11013995e+00 1.11340575e+00 1.11489527e+00 1.11468382e+00 1.11276067e+00 1.10902883e+00 1.10330328e+00 1.09530818e+00 1.08467421e+00 1.07093751e+00 1.05354259e+00 1.03185163e+00 1.00516309e+00 9.72742418e-01 9.33866632e-01 8.87883411e-01 8.34282841e-01 7.72777883e-01 7.03388080e-01 6.26521813e-01 5.43056270e-01 4.54420906e-01 3.62697216e-01 2.70753017e-01 1.82436317e-01 1.02884571e-01 3.91552376e-02 2.35515744e-03 1.63661962e-02 6.84924189e-02 1.41180370e-01 2.25855254e-01 3.16537989e-01 4.08786195e-01 4.99271360e-01 5.85538604e-01 6.65846605e-01 7.39053119e-01 8.04525354e-01 8.62059437e-01 9.11799571e-01 9.54154626e-01 9.89715354e-01 1.01917765e+00 1.04327676e+00 1.06273543e+00 1.07822634e+00 1.09034784e+00 1.09961029e+00 1.10643035e+00 1.11113031e+00 1.11394023e+00 1.11500082e+00 1.11436581e+00 1.11200298e+00 1.10779356e+00 1.10153009e+00 1.09291359e+00 1.08155109e+00 1.06695535e+00 1.04854911e+00 1.02567644e+00 9.97624157e-01 9.63655839e-01 9.23060097e-01 8.75213058e-01 8.19652757e-01 7.56160949e-01 6.84846792e-01 6.06228393e-01 5.21312813e-01 4.31682158e-01 3.39600104e-01 2.48158242e-01 1.61491101e-01 8.51344851e-02 2.68285743e-02 6.40685301e-16
-3.20342650e-16 2.70418514e-02 8.57804141e-02 1.62663511e-01 2.49878938e-01 3.41838783e-01 4.34367646e-01 5.24341105e-01 6.09470647e-01 6.88159050e-01 7.59395637e-01 8.22670619e-01 8.77893597e-01 9.25308989e-01 9.65408632e-01 9.98846475e-01 1.02636150e+00 1.04871359e+00 1.06663459e+00 1.08079433e+00 1.09177979e+00 1.10008450e+00 1.10610523e+00 1.11014300e+00 1.11240621e+00 1.11301404e+00 1.11199876e+00 1.10930651e+00 1.10479610e+00 1.09823629e+00 1.08930237e+00 1.07757337e+00 1.06253183e+00 1.04356872e+00 1.01999629e+00 9.91071944e-01 9.56035817e-01 9.14163612e-01 8.64834264e-01 8.07609606e-01 7.42320777e-01 6.69155262e-01 5.88740458e-01 5.02225209e-01 4.11368577e-01 3.18652397e-01 2.27439917e-01 1.42216744e-01 6.90179065e-02 1.64980610e-02 2.37481039e-03 3.94626754e-02 1.03656614e-01 1.83746036e-01 2.72607800e-01 3.65055680e-01 4.57202963e-01 5.46150905e-01 6.29795411e-01 7.06694655e-01 7.75970847e-01 8.37226745e-01 8.90463748e-01 9.35996346e-01 9.74364679e-01 1.00625074e+00 1.03240417e+00 1.05358183e+00 1.07050269e+00 1.08381736e+00 1.09409013e+00 1.10179044e+00 1.10729088e+00 1.11086901e+00 1.11271063e+00 1.11291301e+00 1.11148692e+00 1.10835683e+00 1.10335934e+00 1.09624017e+00 1.08665074e+00 1.07414582e+00 1.05818436e+00 1.03813605e+00 1.01329669e+00 9.82915262e-01 9.46235250e-01 9.02551275e-01 8.51280160e-01 7.92042839e-01 7.24751473e-01 6.49695852e-01 5.67626028e-01 4.79834477e-01 3.88249031e-01 2.95554609e-01 2.05367951e-01 1.22510010e-01 5.35212308e-02 8.13433339e-03 8.13433339e-03 5.35212308e-02 1.22510010e-01 2.05367951e-01 2.95554609e-01 3.88249031e-01 4.79834477e-01 5.67626028e-01 6.49695852e-01 7.24751473e-01 7.92042839e-01 8.51280160e-01 9.02551275e-01 9.46235250e-01 9.82915262e-01 1.01329669e+00 1.03813605e+00 1.05818436e+00 1.07414582e+00 1.08665074e+00 1.09624017e+00 1.10335934e+00 1.10835683e+00 1.11148692e+00 1.11291301e+00 1.11271063e+00 1.11086901e+00 1.10729088e+00 1.10179044e+00 1.09409013e+00 1.08381736e+00 1.07050269e+00 1.05358183e+00 1.03240417e+00 1.00625074e+00 9.74364679e-01 9.35996346e-01 8.90463748e-01 8.37226745e-01 7.75970847e-01 7.06694655e-01 6.29795411e-01 5.46150905e-01 4.57202963e-01 3.65055680e-01 2.72607800e-01 1.83746036e-01 1.03656614e-01 3.94626754e-02 2.37481039e-03 1.64980610e-02 6.90179065e-02 1.42216744e-01 2.27439917e-01 3.18652397e-01 4.11368577e-01 5.02225209e-01 5.88740458e-01 6.69155262e-01 7.42320777e-01 8.07609606e-01 8.64834264e-01 9.14163612e-01 9.56035817e-01 9.91071944e-01 1.01999629e+00 1.04356872e+00 1.06253183e+00 1.07757337e+00 1.08930237e+00 1.09823629e+00 1.10479610e+00 1.10930651e+00 1.11199876e+00 1.11301404e+00 1.11240621e+00 1.11014300e+00 1.10610523e+00 1.10008450e+00 1.09177979e+00 1.08079433e+00 1.06663459e+00 1.04871359e+00 1.02636150e+00 9.98846475e-01 9.65408632e-01 9.25308989e-01 8.77893597e-01 8.22670619e-01 7.59395637e-01 6.88159050e-01 6.09470647e-01 5.24341105e-01 4.34367646e-01 3.41838783e-01 2.49878938e-01 1.62663511e-01 8.57804141e-02 2.70418514e-02 1.60171325e-16
1.60171325e-16 2.72633979e-02 8.64507269e-02 1.63878547e-01 2.51658993e-01 3.44149308e-01 4.37131233e-01 5.27446345e-01 6.12781086e-01 6.91523888e-01 7.62662067e-01 8.25696265e-01 8.80557070e-01 9.27517044e-01 9.67099378e-01 9.99989001e-01 1.02695285e+00 1.04877418e+00 1.06620308e+00 1.07992270e+00 1.09052906e+00 1.09852135e+00 1.10429948e+00 1.10816604e+00 1.11033004e+00 1.11091080e+00 1.10994063e+00 1.10736562e+00 1.10304435e+00 1.09674478e+00 1.08814034e+00 1.07680633e+00 1.06221891e+00 1.04375900e+00 1.02072435e+00 9.92352824e-01 9.57859963e-01 9.16492567e-01 8.67598207e-01 8.10707800e-01 7.45625765e-01 6.72520967e-01 5.92013378e-01 5.05257018e-01 4.14028159e-01 3.20836050e-01 2.29080060e-01 1.43291202e-01 6.95633813e-02 1.66350674e-02 2.39523873e-03 3.97819632e-02 1.04457564e-01 1.85102825e-01 2.74525553e-01 3.67488199e-01 4.60063549e-01 5.49320997e-01 6.33133885e-01 7.10049014e-01 7.79189767e-01 8.40172221e-01 8.93020909e-01 9.38079635e-01 9.75920108e-01 1.00725475e+00 1.03286011e+00 1.05351517e+00 1.06995585e+00 1.08284496e+00 1.09275489e+00 1.10016000e+00 1.10543560e+00 1.10886049e+00 1.11062092e+00 1.11081428e+00 1.10945134e+00 1.10645650e+00 1.10166603e+00 1.09482465e+00 1.08558151e+00 1.07348710e+00 1.05799312e+00 1.03845820e+00 1.01416241e+00 9.84333921e-01 9.48190405e-01 9.04996765e-01 8.54138256e-01 7.95205574e-01 7.28085835e-01 6.53052766e-01 5.70852096e-01 4.82784609e-01 3.90798085e-01 2.97607122e-01 2.06866733e-01 1.23446073e-01 5.39491402e-02 8.20293496e-03 8.20293496e-03 5.39491402e-02 1.23446073e-01 2.06866733e-01 2.97607122e-01 3.90798085e-01 4.82784609e-01 5.70852096e-01 6.53052766e-01 7.28085835e-01 7.95205574e-01 8.54138256e-01 9.04996765e-01 9.48190405e-01 9.84333921e-01 1.01416241e+00 1.03845820e+00 1.05799312e+00 1.07348710e+00 1.08558151e+00 1.09482465e+00 1.10166603e+00 1.10645650e+00 1.10945134e+00 1.11081428e+00 1.11062092e+00 1.10886049e+00 1.10543560e+00 1.10016000e+00 1.09275489e+00 1.08284496e+00 1.06995585e+00 1.05351517e+00 1.03286011e+00 1.00725475e+00 9.75920108e-01 9.38079635e-01 8.93020909e-01 8.40172221e-01 7.79189767e-01 7.10049014e-01 6.33133885e-01 5.49320997e-01 4.60063549e-01 3.67488199e-01 2.74525553e-01 1.85102825e-01 1.04457564e-01 3.97819632e-02 2.39523873e-03 1.66350674e-02 6.95633813e-02 1.43291202e-01 2.29080060e-01 3.20836050e-01 4.14028159e-01 5.05257018e-01 5.92013378e-01 6.72520967e-01 7.45625765e-01 8.10707800e-01 8.67598207e-01 9.16492567e-01 9.57859963e-01 9.92352824e-01 1.02072435e+00 1.04375900e+00 1.06221891e+00 1.07680633e+00 1.08814034e+00 1.09674478e+00 1.10304435e+00 1.10736562e+00 1.10994063e+00 1.11091080e+00 1.11033004e+00 1.10816604e+00 1.10429948e+00 1.09852135e+00 1.09052906e+00 1.07992270e+00 1.06620308e+00 1.04877418e+00 1.02695285e+00 9.99989001e-01 9.67099378e-01 9.27517044e-01 8.80557070e-01 8.25696265e-01 7.62662067e-01 6.91523888e-01 6.12781086e-01 5.27446345e-01 4.37131233e-01 3.44149308e-01 2.51658993e-01 1.63878547e-01 8.64507269e-02 2.72633979e-02 -6.40685301e-16
4.80513976e-16 2.74933819e-02 8.71458767e-02 1.65136917e-01 2.53499261e-01 3.46532537e-01 4.39973659e-01 5.30629122e-01 6.16160223e-01 6.94941955e-01 7.65961349e-01 8.28731665e-01 8.83206707e-01 9.29689100e-01 9.68734784e-01 1.00106047e+00 1.02746128e+00 1.04874369e+00 1.06567553e+00 1.07895263e+00 1.08917933e+00 1.09685976e+00 1.10239642e+00 1.10609290e+00 1.10815847e+00 1.10871239e+00 1.10778695e+00 1.10532829e+00 1.10119498e+00 1.09515463e+00 1.08687931e+00 1.07594126e+00 1.06181093e+00 1.04385992e+00 1.02137209e+00 9.93566211e-01 9.59633285e-01 9.18790844e-01 8.70354144e-01 8.13821653e-01 7.48969045e-01 6.75944306e-01 5.95357876e-01 5.08367409e-01 4.16765717e-01 3.23089815e-01 2.30776513e-01 1.44404395e-01 7.01292237e-02 1.67773221e-02 2.41645927e-03 4.01133367e-02 1.05287943e-01 1.86507443e-01 2.76507143e-01 3.69995609e-01 4.63003369e-01 5.52567103e-01 6.36537755e-01 7.13451887e-01 7.82435930e-01 8.43121517e-01 8.95558494e-01 9.40121784e-01 9.77415909e-01 1.00818437e+00 1.03323077e+00 1.05335591e+00 1.06931217e+00 1.08177384e+00 1.09132070e+00 1.09843139e+00 1.10348330e+00 1.10675603e+00 1.10843593e+00 1.10862035e+00 1.10732003e+00 1.10445945e+00 1.09987482e+00 1.09331031e+00 1.08441338e+00 1.07273086e+00 1.05770796e+00 1.03869292e+00 1.01495067e+00 9.85688898e-01 9.50099474e-01 9.07417057e-01 8.56994242e-01 7.98389811e-01 7.31463720e-01 6.56471380e-01 5.74152189e-01 4.85813889e-01 3.93423794e-01 2.99726783e-01 2.08417683e-01 1.24416219e-01 5.43931412e-02 8.27417974e-03 8.27417974e-03 5.43931412e-02 1.24416219e-01 2.08417683e-01 2.99726783e-01 3.93423794e-01 4.85813889e-01 5.74152189e-01 6.56471380e-01 7.31463720e-01 7.98389811e-01 8.56994242e-01 9.07417057e-01 9.50099474e-01 9.85688898e-01 1.01495067e+00 1.03869292e+00 1.05770796e+00 1.07273086e+00 1.08441338e+00 1.09331031e+00 1.09987482e+00 1.10445945e+00 1.10732003e+00 1.10862035e+00 1.10843593e+00 1.10675603e+00 1.10348330e+00 1.09843139e+00 1.09132070e+00 1.08177384e+00 1.06931217e+00 1.05335591e+00 1.03323077e+00 1.00818437e+00 9.77415909e-01 9.40121784e-01 8.95558494e-01 8.43121517e-01 7.82435930e-01 7.13451887e-01 6.36537755e-01 5.52567103e-01 4.63003369e-01 3.69995609e-01 2.76507143e-01 1.86507443e-01 1.05287943e-01 4.01133367e-02 2.41645927e-03 1.67773221e-02 7.01292237e-02 1.44404395e-01 2.30776513e-01 3.23089815e-01 4.16765717e-01 5.08367409e-01 5.95357876e-01 6.75944306e-01 7.48969045e-01 8.13821653e-01 8.70354144e-01 9.18790844e-01 9.59633285e-01 9.93566211e-01 1.02137209e+00 1.04385992e+00 1.06181093e+00 1.07594126e+00 1.08687931e+00 1.09515463e+00 1.10119498e+00 1.10532829e+00 1.10778695e+00 1.10871239e+00 1.10815847e+00 1.10609290e+00 1.10239642e+00 1.09685976e+00 1.08917933e+00 1.07895263e+00 1.06567553e+00 1.04874369e+00 1.02746128e+00 1.00106047e+00 9.68734784e-01 9.29689100e-01 8.83206707e-01 8.28731665e-01 7.65961349e-01 6.94941955e-01 6.16160223e-01 5.30629122e-01 4.39973659e-01 3.46532537e-01 2.53499261e-01 1.65136917e-01 8.71458767e-02 2.74933819e-02 3.20342650e-16
-3.20342650e-16 2.77319027e-02 8.78661084e-02 1.66438953e-01 2.55400047e-01 3.48988623e-01 4.42894844e-01 5.33889114e-01 6.19607612e-01 6.98412930e-01 7.69293640e-01 8.31777855e-01 8.85844817e-01 9.31829075e-01 9.70320615e-01 1.00206861e+00 1.02789655e+00 1.04863381e+00 1.06506544e+00 1.07789923e+00 1.08774709e+00 1.09511741e+00 1.10041458e+00 1.10394275e+00 1.10591105e+00 1.10643847e+00 1.10555720e+00 1.10321354e+00 1.09926635e+00 1.09348323e+00 1.08553546e+00 1.07499287e+00 1.06132094e+00 1.04388269e+00 1.02194878e+00 9.94719349e-01 9.61361072e-01 9.21061931e-01 8.73104033e-01 8.16951942e-01 7.52350616e-01 6.79424898e-01 5.98773523e-01 5.11556114e-01 4.19581234e-01 3.25413897e-01 2.32529599e-01 1.45556643e-01 7.07156447e-02 1.69248894e-02 2.43848258e-03 4.04569327e-02 1.06148027e-01 1.87960224e-01 2.78552849e-01 3.72578012e-01 4.66022275e-01 5.55888855e-01 6.40006579e-01 7.16903037e-01 7.85709675e-01 8.46075952e-01 8.98079187e-01 9.42127155e-01 9.78858334e-01 1.00904786e+00 1.03352639e+00 1.05311621e+00 1.06858555e+00 1.08061947e+00 1.08980439e+00 1.09662250e+00 1.10145272e+00 1.10457491e+00 1.10617526e+00 1.10635084e+00 1.10511238e+00 1.10238456e+00 1.09800384e+00 1.09171426e+00 1.08316217e+00 1.07189144e+00 1.05734150e+00 1.03885095e+00 1.01567022e+00 9.86986941e-01 9.51967276e-01 9.09815230e-01 8.59849744e-01 8.01596093e-01 7.34884997e-01 6.59951273e-01 5.77525900e-01 4.88922108e-01 3.96126202e-01 3.01913837e-01 2.10021135e-01 1.25420748e-01 5.48534080e-02 8.34810137e-03 8.34810137e-03 5.48534080e-02 1.25420748e-01 2.10021135e-01 3.01913837e-01 3.96126202e-01 4.88922108e-01 5.77525900e-01 6.59951273e-01 7.34884997e-01 8.01596093e-01 8.59849744e-01 9.09815230e-01 9.51967276e-01 9.86986941e-01 1.01567022e+00 1.03885095e+00 1.05734150e+00 1.07189144e+00 1.08316217e+00 1.09171426e+00 1.09800384e+00 1.10238456e+00 1.10511238e+00 1.10635084e+00 1.10617526e+00 1.10457491e+00 1.10145272e+00 1.09662250e+00 1.08980439e+00 1.08061947e+00 1.06858555e+00 1.05311621e+00 1.03352639e+00 1.00904786e+00 9.78858334e-01 9.42127155e-01 8.98079187e-01 8.46075952e-01 7.85709675e-01 7.16903037e-01 6.40006579e-01 5.55888855e-01 4.66022275e-01 3.72578012e-01 2.78552849e-01 1.87960224e-01 1.06148027e-01 4.04569327e-02 2.43848258e-03 1.69248894e-02 7.07156447e-02 1.45556643e-01 2.32529599e-01 3.25413897e-01 4.19581234e-01 5.11556114e-01 5.98773523e-01 6.79424898e-01 7.52350616e-01 8.16951942e-01 8.73104033e-01 9.21061931e-01 9.61361072e-01 9.94719349e-01 1.02194878e+00 1.04388269e+00 1.06132094e+00 1.07499287e+00 1.08553546e+00 1.09348323e+00 1.09926635e+00 1.10321354e+00 1.10555720e+00 1.10643847e+00 1.10591105e+00 1.10394275e+00 1.10041458e+00 1.09511741e+00 1.08774709e+00 1.07789923e+00 1.06506544e+00 1.04863381e+00 1.02789655e+00 1.00206861e+00 9.70320615e-01 9.31829075e-01 8.85844817e-01 8.31777855e-01 7.69293640e-01 6.98412930e-01 6.19607612e-01 5.33889114e-01 4.42894844e-01 3.48988623e-01 2.55400047e-01 1.66438953e-01 8.78661084e-02 2.77319027e-02 -6.40685301e-16
-6.40685301e-16 2.79789986e-02 8.86114817e-02 1.67784653e-01 2.57361172e-01 3.51517106e-01 4.45893981e-01 5.37225201e-01 6.23121975e-01 7.01935650e-01 7.72658257e-01 8.34835042e-01 8.88472882e-01 9.33940042e-01 9.71861753e-01 1.00302024e+00 1.02826738e+00 1.04845511e+00 1.06438508e+00 1.07677628e+00 1.08624743e+00 1.09331042e+00 1.09837093e+00 1.10173312e+00 1.10360563e+00 1.10410698e+00 1.10326918e+00 1.10103881e+00 1.09727522e+00 1.09174647e+00 1.08412357e+00 1.07397459e+00 1.06076081e+00 1.04383743e+00 1.02246266e+00 9.95818552e-01 9.63047738e-01 9.23308480e-01 8.75849002e-01 8.20098614e-01 7.55769637e-01 6.82961519e-01 6.02259057e-01 5.14822085e-01 4.22473991e-01 3.27807914e-01 2.34339197e-01 1.46747969e-01 7.13227046e-02 1.70777956e-02 2.46131359e-03 4.08127996e-02 1.07037870e-01 1.89461136e-01 2.80662431e-01 3.75234863e-01 4.69119377e-01 5.59285073e-01 6.43539078e-01 7.20401384e-01 7.89010502e-01 8.49036017e-01 9.00584842e-01 9.44099256e-01 9.80252738e-01 1.00985248e+00 1.03375615e+00 1.05280709e+00 1.06778867e+00 1.07939598e+00 1.08822131e+00 1.09474970e+00 1.09936096e+00 1.10233478e+00 1.10385680e+00 1.10402370e+00 1.10284612e+00 1.10024911e+00 1.09606966e+00 1.09005214e+00 1.08184235e+00 1.07098188e+00 1.05690517e+00 1.03894193e+00 1.01632880e+00 9.88233880e-01 9.53797768e-01 9.12193527e-01 8.62705560e-01 8.04824131e-01 7.38348695e-01 6.63491182e-01 5.80972003e-01 4.92108295e-01 3.98904678e-01 3.04167976e-01 2.11677015e-01 1.26459700e-01 5.53299971e-02 8.42471463e-03 8.42471463e-03 5.53299971e-02 1.26459700e-01 2.11677015e-01 3.04167976e-01 3.98904678e-01 4.92108295e-01 5.80972003e-01 6.63491182e-01 7.38348695e-01 8.04824131e-01 8.62705560e-01 9.12193527e-01 9.53797768e-01 9.88233880e-01 1.01632880e+00 1.03894193e+00 1.05690517e+00 1.07098188e+00 1.08184235e+00 1.09005214e+00 1.09606966e+00 1.10024911e+00 1.10284612e+00 1.10402370e+00 1.10385680e+00 1.10233478e+00 1.09936096e+00 1.09474970e+00 1.08822131e+00 1.07939598e+00 1.06778867e+00 1.05280709e+00 1.03375615e+00 1.00985248e+00 9.80252738e-01 9.44099256e-01 9.00584842e-01 8.49036017e-01 7.89010502e-01 7.20401384e-01 6.43539078e-01 5.59285073e-01 4.69119377e-01 3.75234863e-01 2.80662431e-01 1.89461136e-01 1.07037870e-01 4.08127996e-02 2.46131359e-03 1.70777956e-02 7.13227046e-02 1.46747969e-01 2.34339197e-01 3.27807914e-01 4.22473991e-01 5.14822085e-01 6.02259057e-01 6.82961519e-01 7.55769637e-01 8.20098614e-01 8.75849002e-01 9.23308480e-01 9.63047738e-01 9.95818552e-01 1.02246266e+00 1.04383743e+00 1.06076081e+00 1.07397459e+00 1.08412357e+00 1.09174647e+00 1.09727522e+00 1.10103881e+00 1.10326918e+00 1.10410698e+00 1.10360563e+00 1.10173312e+00 1.09837093e+00 1.09331042e+00 1.08624743e+00 1.07677628e+00 1.06438508e+00 1.04845511e+00 1.02826738e+00 1.00302024e+00 9.71861753e-01 9.33940042e-01 8.88472882e-01 8.34835042e-01 7.72658257e-01 7.01935650e-01 6.23121975e-01 5.37225201e-01 4.45893981e-01 3.51517106e-01 2.57361172e-01 1.67784653e-01 8.86114817e-02 2.79789986e-02 -6.40685301e-16
-6.40685301e-16 2.82346541e-02 8.93818951e-02 1.69173726e-01 2.59382042e-01 3.54116990e-01 4.48969640e-01 5.40635581e-01 6.26701318e-01 7.05508224e-01 7.76053796e-01 8.37902710e-01 8.91091652e-01 9.36024312e-01 9.73362261e-01 1.00392125e+00 1.02858150e+00 1.04821705e+00 1.06364550e+00 1.07559624e+00 1.08469400e+00 1.09145341e+00 1.09628082e+00 1.09947990e+00 1.10125841e+00 1.10173418e+00 1.10093902e+00 1.09881985e+00 1.09523679e+00 1.08995875e+00 1.08265700e+00 1.07289855e+00 1.06014121e+00 1.04373319e+00 1.02292099e+00 9.96869258e-01 9.64696896e-01 9.25532389e-01 8.78589456e-01 8.23260896e-01 7.59224546e-01 6.86552220e-01 6.05812509e-01 5.18163600e-01 4.25442666e-01 3.30270974e-01 2.36204795e-01 1.47978139e-01 7.19503322e-02 1.72360343e-02 2.48495233e-03 4.11809089e-02 1.07957333e-01 1.91009819e-01 2.82835200e-01 3.77965058e-01 4.72293142e-01 5.62753887e-01 6.47133250e-01 7.23945120e-01 7.92337193e-01 8.52001482e-01 9.03076576e-01 9.46040823e-01 9.81603639e-01 1.01060461e+00 1.03392824e+00 1.05243841e+00 1.06693295e+00 1.07811615e+00 1.08658538e+00 1.09282782e+00 1.09722354e+00 1.10005160e+00 1.10149679e+00 1.10165516e+00 1.10053731e+00 1.09806874e+00 1.09408731e+00 1.08833812e+00 1.08046699e+00 1.07001397e+00 1.05640925e+00 1.03897448e+00 1.01693326e+00 9.89434695e-01 9.55594118e-01 9.14553448e-01 8.65561768e-01 8.08072916e-01 7.41853115e-01 6.67089122e-01 5.84488570e-01 4.95370817e-01 4.01758009e-01 3.06488412e-01 2.13384890e-01 1.27532895e-01 5.58228613e-02 8.50401778e-03 8.50401778e-03 5.58228613e-02 1.27532895e-01 2.13384890e-01 3.06488412e-01 4.01758009e-01 4.95370817e-01 5.84488570e-01 6.67089122e-01 7.41853115e-01 8.08072916e-01 8.65561768e-01 9.14553448e-01 9.55594118e-01 9.89434695e-01 1.01693326e+00 1.03897448e+00 1.05640925e+00 1.07001397e+00 1.08046699e+00 1.08833812e+00 1.09408731e+00 1.09806874e+00 1.10053731e+00 1.10165516e+00 1.10149679e+00 1.10005160e+00 1.09722354e+00 1.09282782e+00 1.08658538e+00 1.07811615e+00 1.06693295e+00 1.05243841e+00 1.03392824e+00 1.01060461e+00 9.81603639e-01 9.46040823e-01 9.03076576e-01 8.52001482e-01 7.92337193e-01 7.23945120e-01 6.47133250e-01 5.62753887e-01 4.72293142e-01 3.77965058e-01 2.82835200e-01 1.91009819e-01 1.07957333e-01 4.11809089e-02 2.48495233e-03 1.72360343e-02 7.19503322e-02 1.47978139e-01 2.36204795e-01 3.30270974e-01 4.25442666e-01 5.18163600e-01 6.05812509e-01 6.86552220e-01 7.59224546e-01 8.23260896e-01 8.78589456e-01 9.25532389e-01 9.64696896e-01 9.96869258e-01 1.02292099e+00 1.04373319e+00 1.06014121e+00 1.07289855e+00 1.08265700e+00 1.08995875e+00 1.09523679e+00 1.09881985e+00 1.10093902e+00 1.10173418e+00 1.10125841e+00 1.09947990e+00 1.09628082e+00 1.09145341e+00 1.08469400e+00 1.07559624e+00 1.06364550e+00 1.04821705e+00 1.02858150e+00 1.00392125e+00 9.73362261e-01 9.36024312e-01 8.91091652e-01 8.37902710e-01 7.76053796e-01 7.05508224e-01 6.26701318e-01 5.40635581e-01 4.48969640e-01 3.54116990e-01 2.59382042e-01 1.69173726e-01 8.93818951e-02 2.82346541e-02 3.20342650e-16
-0.00000000e+00 2.84988080e-02 9.01771083e-02 1.70605629e-01 2.61461699e-01 3.56786825e-01 4.52119865e-01 5.44117876e-01 6.30343044e-01 7.09128158e-01 7.79478246e-01 8.40979734e-01 8.93701244e-01 9.38083517e-01 9.74825458e-01 1.00477671e+00 1.02884569e+00 1.04792806e+00 1.06285659e+00 1.07437028e+00 1.08309905e+00 1.08955952e+00 1.09415806e+00 1.09719734e+00 1.09888390e+00 1.09933467e+00 1.09858120e+00 1.09657083e+00 1.09316473e+00 1.08813300e+00 1.08114776e+00 1.07177562e+00 1.05947167e+00 1.04357800e+00 1.02333017e+00 9.97876102e-01 9.66311434e-01 9.27734891e-01 8.81325169e-01 8.26437402e-01 7.62713172e-01 6.90194446e-01 6.09431312e-01 5.21578370e-01 4.28485425e-01 3.32801758e-01 2.38125552e-01 1.49246700e-01 7.25983433e-02 1.73995703e-02 2.50939460e-03 4.15611657e-02 1.08906111e-01 1.92605640e-01 2.85070083e-01 3.80767018e-01 4.75541494e-01 5.66292839e-01 6.50786494e-01 7.27531835e-01 7.95687920e-01 8.54971499e-01 9.05554861e-01 9.47953897e-01 9.82914791e-01 1.01130976e+00 1.03404987e+00 1.05201898e+00 1.06602862e+00 1.07679145e+00 1.08490910e+00 1.09087017e+00 1.09505440e+00 1.09773974e+00 1.09910977e+00 1.09925981e+00 1.09820036e+00 1.09585753e+00 1.09207027e+00 1.08658490e+00 1.07904785e+00 1.06899827e+00 1.05586293e+00 1.03895623e+00 1.01748952e+00 9.90593578e-01 9.57358789e-01 9.16895839e-01 8.68417821e-01 8.11340831e-01 7.45395952e-01 6.70742502e-01 5.88073080e-01 4.98707488e-01 4.04684487e-01 3.08873950e-01 2.15144027e-01 1.28639956e-01 5.63318649e-02 8.58599483e-03 8.58599483e-03 5.63318649e-02 1.28639956e-01 2.15144027e-01 3.08873950e-01 4.04684487e-01 4.98707488e-01 5.88073080e-01 6.70742502e-01 7.45395952e-01 8.11340831e-01 8.68417821e-01 9.16895839e-01 9.57358789e-01 9.90593578e-01 1.01748952e+00 1.03895623e+00 1.05586293e+00 1.06899827e+00 1.07904785e+00 1.08658490e+00 1.09207027e+00 1.09585753e+00 1.09820036e+00 1.09925981e+00 1.09910977e+00 1.09773974e+00 1.09505440e+00 1.09087017e+00 1.08490910e+00 1.07679145e+00 1.06602862e+00 1.05201898e+00 1.03404987e+00 1.01130976e+00 9.82914791e-01 9.47953897e-01 9.05554861e-01 8.54971499e-01 7.95687920e-01 7.27531835e-01 6.50786494e-01 5.66292839e-01 4.75541494e-01 3.80767018e-01 2.85070083e-01 1.92605640e-01 1.08906111e-01 4.15611657e-02 2.50939460e-03 1.73995703e-02 7.25983433e-02 1.49246700e-01 2.38125552e-01 3.32801758e-01 4.28485425e-01 5.21578370e-01 6.09431312e-01 6.90194446e-01 7.62713172e-01 8.26437402e-01 8.81325169e-01 9.27734891e-01 9.66311434e-01 9.97876102e-01 1.02333017e+00 1.04357800e+00 1.05947167e+00 1.07177562e+00 1.08114776e+00 1.08813300e+00 1.09316473e+00 1.09657083e+00 1.09858120e+00 1.09933467e+00 1.09888390e+00 1.09719734e+00 1.09415806e+00 1.08955952e+00 1.08309905e+00 1.07437028e+00 1.06285659e+00 1.04792806e+00 1.02884569e+00 1.00477671e+00 9.74825458e-01 9.38083517e-01 8.93701244e-01 8.40979734e-01 7.79478246e-01 7.09128158e-01 6.30343044e-01 5.44117876e-01 4.52119865e-01 3.56786825e-01 2.61461699e-01 1.70605629e-01 9.01771083e-02 2.84988080e-02 -0.00000000e+00
1.44154193e-15 2.87713601e-02 9.09967637e-02 1.72079614e-01 2.63598890e-01 3.59524784e-01 4.55342261e-01 5.47669233e-01 6.34044071e-01 7.12792460e-01 7.82929096e-01 8.44064478e-01 8.96301235e-01 9.40118700e-01 9.76254000e-01 1.00559094e+00 1.02906590e+00 1.04759557e+00 1.06202714e+00 1.07310838e+00 1.08147352e+00 1.08764046e+00 1.09201494e+00 1.09489815e+00 1.09649504e+00 1.09692145e+00 1.09620860e+00 1.09430437e+00 1.09107119e+00 1.08628077e+00 1.07960658e+00 1.07061548e+00 1.05876068e+00 1.04337891e+00 1.02369571e+00 9.98842981e-01 9.67893594e-01 9.29916644e-01 8.84055389e-01 8.29626244e-01 7.66232847e-01 6.93885148e-01 6.13112413e-01 5.25063642e-01 4.31600009e-01 3.35398583e-01 2.40100347e-01 1.50553010e-01 7.32664579e-02 1.75683446e-02 2.53463260e-03 4.19534190e-02 1.09883763e-01 1.94247732e-01 2.87365687e-01 3.83638771e-01 4.78861910e-01 5.69898993e-01 6.54495713e-01 7.31158619e-01 7.99060356e-01 8.57944706e-01 9.08019621e-01 9.49839916e-01 9.84189266e-01 1.01197264e+00 1.03412736e+00 1.05155660e+00 1.06508478e+00 1.07543209e+00 1.08320362e+00 1.08888864e+00 1.09286596e+00 1.09541196e+00 1.09670873e+00 1.09685065e+00 1.09584812e+00 1.09362798e+00 1.09003059e+00 1.08480386e+00 1.07759539e+00 1.06794418e+00 1.05527432e+00 1.03889388e+00 1.01800272e+00 9.91714014e-01 9.59093618e-01 9.19220984e-01 8.71272651e-01 8.14625755e-01 7.48974408e-01 6.74448238e-01 5.91722531e-01 5.02115665e-01 4.07681994e-01 3.11323053e-01 2.16953435e-01 1.29780345e-01 5.68567968e-02 8.67061767e-03 8.67061767e-03 5.68567968e-02 1.29780345e-01 2.16953435e-01 3.11323053e-01 4.07681994e-01 5.02115665e-01 5.91722531e-01 6.74448238e-01 7.48974408e-01 8.14625755e-01 8.71272651e-01 9.19220984e-01 9.59093618e-01 9.91714014e-01 1.01800272e+00 1.03889388e+00 1.05527432e+00 1.06794418e+00 1.07759539e+00 1.08480386e+00 1.09003059e+00 1.09362798e+00 1.09584812e+00 1.09685065e+00 1.09670873e+00 1.09541196e+00 1.09286596e+00 1.08888864e+00 1.08320362e+00 1.07543209e+00 1.06508478e+00 1.05155660e+00 1.03412736e+00 1.01197264e+00 9.84189266e-01 9.49839916e-01 9.08019621e-01 8.57944706e-01 7.99060356e-01 7.31158619e-01 6.54495713e-01 5.69898993e-01 4.78861910e-01 3.83638771e-01 2.87365687e-01 1.94247732e-01 1.09883763e-01 4.19534190e-02 2.53463260e-03 1.75683446e-02 7.32664579e-02 1.50553010e-01 2.40100347e-01 3.35398583e-01 4.31600009e-01 5.25063642e-01 6.13112413e-01 6.93885148e-01 7.66232847e-01 8.29626244e-01 8.84055389e-01 9.29916644e-01 9.67893594e-01 9.98842981e-01 1.02369571e+00 1.04337891e+00 1.05876068e+00 1.07061548e+00 1.07960658e+00 1.08628077e+00 1.09107119e+00 1.09430437e+00 1.09620860e+00 1.09692145e+00 1.09649504e+00 1.09489815e+00 1.09201494e+00 1.08764046e+00 1.08147352e+00 1.07310838e+00 1.06202714e+00 1.04759557e+00 1.02906590e+00 1.00559094e+00 9.76254000e-01 9.40118700e-01 8.96301235e-01 8.44064478e-01 7.82929096e-01 7.12792460e-01 6.34044071e-01 5.47669233e-01 4.55342261e-01 3.59524784e-01 2.63598890e-01 1.72079614e-01 9.09967637e-02 2.87713601e-02 1.28137060e-15
-1.28137060e-15 2.90521775e-02 9.18404073e-02 1.73594757e-01 2.65792115e-01 3.62328733e-01 4.58634081e-01 5.51286423e-01 6.37800923e-01 7.16497748e-01 7.86403444e-01 8.47154893e-01 8.98890754e-01 9.42130399e-01 9.77649956e-01 1.00636756e+00 1.02924725e+00 1.04722610e+00 1.06116491e+00 1.07181932e+00 1.07982708e+00 1.08570659e+00 1.08986235e+00 1.09259355e+00 1.09410326e+00 1.09450600e+00 1.09383263e+00 1.09203163e+00 1.08896694e+00 1.08441225e+00 1.07804290e+00 1.06942669e+00 1.05801568e+00 1.04314213e+00 1.02402238e+00 9.99773138e-01 9.69445060e-01 9.32077819e-01 8.86778925e-01 8.32825126e-01 7.69780510e-01 6.97620885e-01 6.16852369e-01 5.28616288e-01 4.34783817e-01 3.38059476e-01 2.42127833e-01 1.51896277e-01 7.39543173e-02 1.77422778e-02 2.56065552e-03 4.23574713e-02 1.10889728e-01 1.95935036e-01 2.89720354e-01 3.86578022e-01 4.82251506e-01 5.73569032e-01 6.58257423e-01 7.34822174e-01 8.02451778e-01 8.60919325e-01 9.10470322e-01 9.51699792e-01 9.85429522e-01 1.01259726e+00 1.03416620e+00 1.05105810e+00 1.06410946e+00 1.07404711e+00 1.08147879e+00 1.08689372e+00 1.09066919e+00 1.09307955e+00 1.09430511e+00 1.09443915e+00 1.09349193e+00 1.09139117e+00 1.08797888e+00 1.08300501e+00 1.07611887e+00 1.06685998e+00 1.05465060e+00 1.03879326e+00 1.01847726e+00 9.92798855e-01 9.60799899e-01 9.21528696e-01 8.74124765e-01 8.17925169e-01 7.52585290e-01 6.78202858e-01 5.95433532e-01 5.05592337e-01 4.10748083e-01 3.13833908e-01 2.18811915e-01 1.30953391e-01 5.73973841e-02 8.75784817e-03 8.75784817e-03 5.73973841e-02 1.30953391e-01 2.18811915e-01 3.13833908e-01 4.10748083e-01 5.05592337e-01 5.95433532e-01 6.78202858e-01 7.52585290e-01 8.17925169e-01 8.74124765e-01 9.21528696e-01 9.60799899e-01 9.92798855e-01 1.01847726e+00 1.03879326e+00 1.05465060e+00 1.06685998e+00 1.07611887e+00 1.08300501e+00 1.08797888e+00 1.09139117e+00 1.09349193e+00 1.09443915e+00 1.09430511e+00 1.09307955e+00 1.09066919e+00 1.08689372e+00 1.08147879e+00 1.07404711e+00 1.06410946e+00 1.05105810e+00 1.03416620e+00 1.01259726e+00 9.85429522e-01 9.51699792e-01 9.10470322e-01 8.60919325e-01 8.02451778e-01 7.34822174e-01 6.58257423e-01 5.73569032e-01 4.82251506e-01 3.86578022e-01 2.89720354e-01 1.95935036e-01 1.10889728e-01 4.23574713e-02 2.56065552e-03 1.77422778e-02 7.39543173e-02 1.51896277e-01 2.42127833e-01 3.38059476e-01 4.34783817e-01 5.28616288e-01 6.16852369e-01 6.97620885e-01 7.69780510e-01 8.32825126e-01 8.86778925e-01 9.32077819e-01 9.69445060e-01 9.99773138e-01 1.02402238e+00 1.04314213e+00 1.05801568e+00 1.06942669e+00 1.07804290e+00 1.08441225e+00 1.08896694e+00 1.09203163e+00 1.09383263e+00 1.09450600e+00 1.09410326e+00 1.09259355e+00 1.08986235e+00 1.08570659e+00 1.07982708e+00 1.07181932e+00 1.06116491e+00 1.04722610e+00 1.02924725e+00 1.00636756e+00 9.77649956e-01 9.42130399e-01 8.98890754e-01 8.47154893e-01 7.86403444e-01 7.16497748e-01 6.37800923e-01 5.51286423e-01 4.58634081e-01 3.62328733e-01 2.65792115e-01 1.73594757e-01 9.18404073e-02 2.90521775e-02 -1.28137060e-15
-0.00000000e+00 2.93411014e-02 9.27075066e-02 1.75150000e-01 2.68039678e-01 3.65196295e-01 4.61992307e-01 5.54965925e-01 6.41609832e-01 7.20240344e-01 7.89898083e-01 8.50248612e-01 9.01468572e-01 9.44118728e-01 9.79014892e-01 1.00710960e+00 1.02939415e+00 1.04682533e+00 1.06027668e+00 1.07051084e+00 1.07816822e+00 1.08376701e+00 1.08770980e+00 1.09029337e+00 1.09171854e+00 1.09209836e+00 1.09146323e+00 1.08976237e+00 1.08686141e+00 1.08253640e+00 1.07646507e+00 1.06821677e+00 1.05724320e+00 1.04287302e+00 1.02431426e+00 1.00066923e+00 9.70967027e-01 9.34218181e-01 8.89494240e-01 8.36031441e-01 7.73352803e-01 7.01397923e-01 6.20647445e-01 5.32232894e-01 4.38033982e-01 3.40782230e-01 2.44206481e-01 1.53275585e-01 7.46614988e-02 1.79212744e-02 2.58745011e-03 4.27730873e-02 1.11923356e-01 1.97666343e-01 2.92132221e-01 3.89582227e-01 4.85707121e-01 5.77299345e-01 6.62067843e-01 7.38518904e-01 8.05859156e-01 8.63893245e-01 9.12906054e-01 9.53533998e-01 9.86637492e-01 1.01318702e+00 1.03417112e+00 1.05052946e+00 1.06310970e+00 1.07264446e+00 1.07974328e+00 1.08489463e+00 1.08847371e+00 1.09075240e+00 1.09190892e+00 1.09203532e+00 1.09114171e+00 1.08915680e+00 1.08592449e+00 1.08119717e+00 1.07462643e+00 1.06575298e+00 1.05399802e+00 1.03865945e+00 1.01891685e+00 9.93850398e-01 9.62478466e-01 9.23818398e-01 8.76972333e-01 8.21236242e-01 7.56225107e-01 6.82002589e-01 5.99202402e-01 5.09134207e-01 4.13880043e-01 3.16404479e-01 2.20718097e-01 1.32158314e-01 5.79533031e-02 8.84764000e-03 8.84764000e-03 5.79533031e-02 1.32158314e-01 2.20718097e-01 3.16404479e-01 4.13880043e-01 5.09134207e-01 5.99202402e-01 6.82002589e-01 7.56225107e-01 8.21236242e-01 8.76972333e-01 9.23818398e-01 9.62478466e-01 9.93850398e-01 1.01891685e+00 1.03865945e+00 1.05399802e+00 1.06575298e+00 1.07462643e+00 1.08119717e+00 1.08592449e+00 1.08915680e+00 1.09114171e+00 1.09203532e+00 1.09190892e+00 1.09075240e+00 1.08847371e+00 1.08489463e+00 1.07974328e+00 1.07264446e+00 1.06310970e+00 1.05052946e+00 1.03417112e+00 1.01318702e+00 9.86637492e-01 9.53533998e-01 9.12906054e-01 8.63893245e-01 8.05859156e-01 7.38518904e-01 6.62067843e-01 5.77299345e-01 4.85707121e-01 3.89582227e-01 2.92132221e-01 1.97666343e-01 1.11923356e-01 4.27730873e-02 2.58745011e-03 1.79212744e-02 7.46614988e-02 1.53275585e-01 2.44206481e-01 3.40782230e-01 4.38033982e-01 5.32232894e-01 6.20647445e-01 7.01397923e-01 7.73352803e-01 8.36031441e-01 8.89494240e-01 9.34218181e-01 9.70967027e-01 1.00066923e+00 1.02431426e+00 1.04287302e+00 1.05724320e+00 1.06821677e+00 1.07646507e+00 1.08253640e+00 1.08686141e+00 1.08976237e+00 1.09146323e+00 1.09209836e+00 1.09171854e+00 1.09029337e+00 1.08770980e+00 1.08376701e+00 1.07816822e+00 1.07051084e+00 1.06027668e+00 1.04682533e+00 1.02939415e+00 1.00710960e+00 9.79014892e-01 9.44118728e-01 9.01468572e-01 8.50248612e-01 7.89898083e-01 7.20240344e-01 6.41609832e-01 5.54965925e-01 4.61992307e-01 3.65196295e-01 2.68039678e-01 1.75150000e-01 9.27075066e-02 2.93411014e-02 -3.20342650e-16
-0.00000000e+00 2.96379519e-02 9.35974678e-02 1.76744174e-01 2.70339735e-01 3.68124909e-01 4.65413713e-01 5.58704004e-01 6.45466815e-01 7.24016360e-01 7.93409589e-01 8.53343027e-01 9.04033179e-01 9.46083458e-01 9.80349939e-01 1.00781955e+00 1.02951038e+00 1.04639819e+00 1.05936838e+00 1.06918969e+00 1.07650437e+00 1.08182962e+00 1.08556559e+00 1.08800615e+00 1.08934957e+00 1.08970723e+00 1.08910906e+00 1.08750507e+00 1.08476281e+00 1.08066103e+00 1.07488034e+00 1.06699227e+00 1.05644894e+00 1.04257624e+00 1.02457481e+00 1.00153343e+00 9.72460287e-01 9.36337167e-01 8.92199527e-01 8.39242347e-01 7.76946152e-01 7.05212314e-01 6.24493691e-01 5.35909832e-01 4.41347435e-01 3.43564463e-01 2.46334621e-01 1.54689922e-01 7.53875290e-02 1.81052260e-02 2.61500118e-03 4.32000018e-02 1.12983921e-01 1.99440322e-01 2.94599266e-01 3.92648652e-01 4.89225381e-01 5.81086109e-01 6.65922980e-01 7.42245000e-01 8.09279242e-01 8.66864113e-01 9.15325614e-01 9.55342638e-01 9.87814653e-01 1.01374473e+00 1.03414621e+00 1.04997587e+00 1.06209165e+00 1.07123106e+00 1.07800464e+00 1.08289940e+00 1.08628787e+00 1.08843908e+00 1.08952886e+00 1.08964788e+00 1.08880609e+00 1.08693328e+00 1.08387554e+00 1.07938804e+00 1.07312518e+00 1.06462952e+00 1.05332202e+00 1.03849680e+00 1.01932466e+00 9.94870462e-01 9.64129765e-01 9.26089202e-01 8.79813266e-01 8.24555920e-01 7.59890157e-01 6.85843452e-01 6.03025245e-01 5.12737771e-01 4.17074969e-01 3.19032564e-01 2.22670486e-01 1.33394250e-01 5.85241907e-02 8.93994032e-03 8.93994032e-03 5.85241907e-02 1.33394250e-01 2.22670486e-01 3.19032564e-01 4.17074969e-01 5.12737771e-01 6.03025245e-01 6.85843452e-01 7.59890157e-01 8.24555920e-01 8.79813266e-01 9.26089202e-01 9.64129765e-01 9.94870462e-01 1.01932466e+00 1.03849680e+00 1.05332202e+00 1.06462952e+00 1.07312518e+00 1.07938804e+00 1.08387554e+00 1.08693328e+00 1.08880609e+00 1.08964788e+00 1.08952886e+00 1.08843908e+00 1.08628787e+00 1.08289940e+00 1.07800464e+00 1.07123106e+00 1.06209165e+00 1.04997587e+00 1.03414621e+00 1.01374473e+00 9.87814653e-01 9.55342638e-01 9.15325614e-01 8.66864113e-01 8.09279242e-01 7.42245000e-01 6.65922980e-01 5.81086109e-01 4.89225381e-01 3.92648652e-01 2.94599266e-01 1.99440322e-01 1.12983921e-01 4.32000018e-02 2.61500118e-03 1.81052260e-02 7.53875290e-02 1.54689922e-01 2.46334621e-01 3.43564463e-01 4.41347435e-01 5.35909832e-01 6.24493691e-01 7.05212314e-01 7.76946152e-01 8.39242347e-01 8.92199527e-01 9.36337167e-01 9.72460287e-01 1.00153343e+00 1.02457481e+00 1.04257624e+00 1.05644894e+00 1.06699227e+00 1.07488034e+00 1.08066103e+00 1.08476281e+00 1.08750507e+00 1.08910906e+00 1.08970723e+00 1.08934957e+00 1.08800615e+00 1.08556559e+00 1.08182962e+00 1.07650437e+00 1.06918969e+00 1.05936838e+00 1.04639819e+00 1.02951038e+00 1.00781955e+00 9.80349939e-01 9.46083458e-01 9.04033179e-01 8.53343027e-01 7.93409589e-01 7.24016360e-01 6.45466815e-01 5.58704004e-01 4.65413713e-01 3.68124909e-01 2.70339735e-01 1.76744174e-01 9.35974678e-02 2.96379519e-02 -9.61027951e-16
6.40685301e-16 2.99425334e-02 9.45096509e-02 1.78376032e-01 2.72690330e-01 3.71111885e-01 4.68894932e-01 5.62496783e-01 6.49367753e-01 7.27821770e-01 7.96934400e-01 8.56435368e-01 9.06582854e-01 9.48024083e-01 9.81655873e-01 1.00849944e+00 1.02959914e+00 1.04594891e+00 1.05844513e+00 1.06786172e+00 1.07484193e+00 1.07990127e+00 1.08343686e+00 1.08573922e+00 1.08700378e+00 1.08734009e+00 1.08677755e+00 1.08526703e+00 1.08267822e+00 1.07879288e+00 1.07329499e+00 1.06575888e+00 1.05563780e+00 1.04225578e+00 1.02480695e+00 1.00236743e+00 9.73925291e-01 9.38433958e-01 8.94892785e-01 8.42454846e-01 7.80556843e-01 7.09059975e-01 6.28387018e-01 5.39643330e-01 4.44720965e-01 3.46403664e-01 2.48510481e-01 1.56138203e-01 7.61318969e-02 1.82940141e-02 2.64329202e-03 4.36379270e-02 1.14070645e-01 2.01255555e-01 2.97119346e-01 3.95774425e-01 4.92802774e-01 5.84925355e-01 6.69818703e-01 7.45996521e-01 8.12708639e-01 8.69829397e-01 9.17727573e-01 9.57125526e-01 9.88962095e-01 1.01427271e+00 1.03409494e+00 1.04940180e+00 1.06106063e+00 1.06981292e+00 1.07626940e+00 1.08091494e+00 1.08411889e+00 1.08614697e+00 1.08717239e+00 1.08728429e+00 1.08649245e+00 1.08472787e+00 1.08183902e+00 1.07758425e+00 1.07162125e+00 1.06349511e+00 1.05262731e+00 1.03830907e+00 1.01970329e+00 9.95860454e-01 9.65753928e-01 9.28339982e-01 8.82645291e-01 8.27880995e-01 7.63576603e-01 6.89721329e-01 6.06898021e-01 5.16399379e-01 4.20329819e-01 3.21715836e-01 2.24667488e-01 1.34660271e-01 5.91096533e-02 9.03469130e-03 9.03469130e-03 5.91096533e-02 1.34660271e-01 2.24667488e-01 3.21715836e-01 4.20329819e-01 5.16399379e-01 6.06898021e-01 6.89721329e-01 7.63576603e-01 8.27880995e-01 8.82645291e-01 9.28339982e-01 9.65753928e-01 9.95860454e-01 1.01970329e+00 1.03830907e+00 1.05262731e+00 1.06349511e+00 1.07162125e+00 1.07758425e+00 1.08183902e+00 1.08472787e+00 1.08649245e+00 1.08728429e+00 1.08717239e+00 1.08614697e+00 1.08411889e+00 1.08091494e+00 1.07626940e+00 1.06981292e+00 1.06106063e+00 1.04940180e+00 1.03409494e+00 1.01427271e+00 9.88962095e-01 9.57125526e-01 9.17727573e-01 8.69829397e-01 8.12708639e-01 7.45996521e-01 6.69818703e-01 5.84925355e-01 4.92802774e-01 3.95774425e-01 2.97119346e-01 2.01255555e-01 1.14070645e-01 4.36379270e-02 2.64329202e-03 1.82940141e-02 7.61318969e-02 1.56138203e-01 2.48510481e-01 3.46403664e-01 4.44720965e-01 5.39643330e-01 6.28387018e-01 7.09059975e-01 7.80556843e-01 8.42454846e-01 8.94892785e-01 9.38433958e-01 9.73925291e-01 1.00236743e+00 1.02480695e+00 1.04225578e+00 1.05563780e+00 1.06575888e+00 1.07329499e+00 1.07879288e+00 1.08267822e+00 1.08526703e+00 1.08677755e+00 1.08734009e+00 1.08700378e+00 1.08573922e+00 1.08343686e+00 1.07990127e+00 1.07484193e+00 1.06786172e+00 1.05844513e+00 1.04594891e+00 1.02959914e+00 1.00849944e+00 9.81655873e-01 9.48024083e-01 9.06582854e-01 8.56435368e-01 7.96934400e-01 7.27821770e-01 6.49367753e-01 5.62496783e-01 4.68894932e-01 3.71111885e-01 2.72690330e-01 1.78376032e-01 9.45096509e-02 2.99425334e-02 3.20342650e-16
-6.40685301e-16 3.02546388e-02 9.54433824e-02 1.80044270e-01 2.75089430e-01 3.74154442e-01 4.72432507e-01 5.66340301e-01 6.53308448e-01 7.31652482e-01 8.00468874e-01 8.59522759e-01 9.09115730e-01 9.49939884e-01 9.82933169e-01 1.00915090e+00 1.02966313e+00 1.04548113e+00 1.05751134e+00 1.06653197e+00 1.07318642e+00 1.07798782e+00 1.08132971e+00 1.08349884e+00 1.08468752e+00 1.08500330e+00 1.08447501e+00 1.08305448e+00 1.08061368e+00 1.07693775e+00 1.07171443e+00 1.06452148e+00 1.05481403e+00 1.04191506e+00 1.02501313e+00 1.00317262e+00 9.75362218e-01 9.40507542e-01 8.97571878e-01 8.45665848e-01 7.84181090e-01 7.12936754e-01 6.32323259e-01 5.43429533e-01 4.48151274e-01 3.49297240e-01 2.50732215e-01 1.57619294e-01 7.68940639e-02 1.84875133e-02 2.67230485e-03 4.40865588e-02 1.15182709e-01 2.03110563e-01 2.99690243e-01 3.98956588e-01 4.96435696e-01 5.88813036e-01 6.73750809e-01 7.49769452e-01 8.16143871e-01 8.72786457e-01 9.20110342e-01 9.58882241e-01 9.90080595e-01 1.01477290e+00 1.03402026e+00 1.04881110e+00 1.06002121e+00 1.06839521e+00 1.07454317e+00 1.07894720e+00 1.08197290e+00 1.08388234e+00 1.08484586e+00 1.08495092e+00 1.08420712e+00 1.08254677e+00 1.07982093e+00 1.07579150e+00 1.07011994e+00 1.06235449e+00 1.05191792e+00 1.03809943e+00 1.02005496e+00 9.96821443e-01 9.67350835e-01 9.30569434e-01 8.85466014e-01 8.31208177e-01 7.67280532e-01 6.93632029e-01 6.10816613e-01 5.20115294e-01 4.23641457e-01 3.24451889e-01 2.26707443e-01 1.35955405e-01 5.97092760e-02 9.13183145e-03 9.13183145e-03 5.97092760e-02 1.35955405e-01 2.26707443e-01 3.24451889e-01 4.23641457e-01 5.20115294e-01 6.10816613e-01 6.93632029e-01 7.67280532e-01 8.31208177e-01 8.85466014e-01 9.30569434e-01 9.67350835e-01 9.96821443e-01 1.02005496e+00 1.03809943e+00 1.05191792e+00 1.06235449e+00 1.07011994e+00 1.07579150e+00 1.07982093e+00 1.08254677e+00 1.08420712e+00 1.08495092e+00 1.08484586e+00 1.08388234e+00 1.08197290e+00 1.07894720e+00 1.07454317e+00 1.06839521e+00 1.06002121e+00 1.04881110e+00 1.03402026e+00 1.01477290e+00 9.90080595e-01 9.58882241e-01 9.20110342e-01 8.72786457e-01 8.16143871e-01 7.49769452e-01 6.73750809e-01 5.88813036e-01 4.96435696e-01 3.98956588e-01 2.99690243e-01 2.03110563e-01 1.15182709e-01 4.40865588e-02 2.67230485e-03 1.84875133e-02 7.68940639e-02 1.57619294e-01 2.50732215e-01 3.49297240e-01 4.48151274e-01 5.43429533e-01 6.32323259e-01 7.12936754e-01 7.84181090e-01 8.45665848e-01 8.97571878e-01 9.40507542e-01 9.75362218e-01 1.00317262e+00 1.02501313e+00 1.04191506e+00 1.05481403e+00 1.06452148e+00 1.07171443e+00 1.07693775e+00 1.08061368e+00 1.08305448e+00 1.08447501e+00 1.08500330e+00 1.08468752e+00 1.08349884e+00 1.08132971e+00 1.07798782e+00 1.07318642e+00 1.06653197e+00 1.05751134e+00 1.04548113e+00 1.02966313e+00 1.00915090e+00 9.82933169e-01 9.49939884e-01 9.09115730e-01 8.59522759e-01 8.00468874e-01 7.31652482e-01 6.53308448e-01 5.66340301e-01 4.72432507e-01 3.74154442e-01 2.75089430e-01 1.80044270e-01 9.54433824e-02 3.02546388e-02 -3.20342650e-16
-6.40685301e-16 3.05740531e-02 9.63979673e-02 1.81747547e-01 2.77534962e-01 3.77249754e-01 4.76022938e-01 5.70230565e-01 6.57284686e-01 7.35504386e-01 8.04009348e-01 8.62602285e-01 9.11629851e-01 9.51829989e-01 9.84182069e-01 1.00977525e+00 1.02970462e+00 1.04499795e+00 1.05657080e+00 1.06520474e+00 1.07154253e+00 1.07609426e+00 1.07924930e+00 1.08129029e+00 1.08240611e+00 1.08270219e+00 1.08220677e+00 1.08087266e+00 1.07857433e+00 1.07510054e+00 1.07014328e+00 1.06328428e+00 1.05398126e+00 1.04155699e+00 1.02519539e+00 1.00395002e+00 9.76771033e-01 9.42556768e-01 9.00234593e-01 8.48872226e-01 7.87815090e-01 7.16838483e-01 6.36298225e-01 5.47264546e-01 4.51635016e-01 3.52242548e-01 2.52997938e-01 1.59132028e-01 7.76734733e-02 1.86855929e-02 2.70202110e-03 4.45455819e-02 1.16319270e-01 2.05003828e-01 3.02309692e-01 4.02192135e-01 5.00120503e-01 5.92745074e-01 6.77715077e-01 7.53559767e-01 8.19581439e-01 8.75732601e-01 9.22472229e-01 9.60612190e-01 9.91170665e-01 1.01524684e+00 1.03392466e+00 1.04820705e+00 1.05897734e+00 1.06698234e+00 1.07283074e+00 1.07700120e+00 1.07985510e+00 1.08165049e+00 1.08255459e+00 1.08265309e+00 1.08195539e+00 1.08039519e+00 1.07782636e+00 1.07401465e+00 1.06862579e+00 1.06121174e+00 1.05119732e+00 1.03787059e+00 1.02038144e+00 9.97754212e-01 9.68920171e-01 9.32776134e-01 8.88272977e-01 8.34534143e-01 7.70998019e-01 6.97571348e-01 6.14776879e-01 5.23881740e-01 4.27006707e-01 3.27238266e-01 2.28788650e-01 1.37278651e-01 6.03226289e-02 9.23129681e-03 9.23129681e-03 6.03226289e-02 1.37278651e-01 2.28788650e-01 3.27238266e-01 4.27006707e-01 5.23881740e-01 6.14776879e-01 6.97571348e-01 7.70998019e-01 8.34534143e-01 8.88272977e-01 9.32776134e-01 9.68920171e-01 9.97754212e-01 1.02038144e+00 1.03787059e+00 1.05119732e+00 1.06121174e+00 1.06862579e+00 1.07401465e+00 1.07782636e+00 1.08039519e+00 1.08195539e+00 1.08265309e+00 1.08255459e+00 1.08165049e+00 1.07985510e+00 1.07700120e+00 1.07283074e+00 1.06698234e+00 1.05897734e+00 1.04820705e+00 1.03392466e+00 1.01524684e+00 9.91170665e-01 9.60612190e-01 9.22472229e-01 8.75732601e-01 8.19581439e-01 7.53559767e-01 6.77715077e-01 5.92745074e-01 5.00120503e-01 4.02192135e-01 3.02309692e-01 2.05003828e-01 1.16319270e-01 4.45455819e-02 2.70202110e-03 1.86855929e-02 7.76734733e-02 1.59132028e-01 2.52997938e-01 3.52242548e-01 4.51635016e-01 5.47264546e-01 6.36298225e-01 7.16838483e-01 7.87815090e-01 8.48872226e-01 9.00234593e-01 9.42556768e-01 9.76771033e-01 1.00395002e+00 1.02519539e+00 1.04155699e+00 1.05398126e+00 1.06328428e+00 1.07014328e+00 1.07510054e+00 1.07857433e+00 1.08087266e+00 1.08220677e+00 1.08270219e+00 1.08240611e+00 1.08129029e+00 1.07924930e+00 1.07609426e+00 1.07154253e+00 1.06520474e+00 1.05657080e+00 1.04499795e+00 1.02970462e+00 1.00977525e+00 9.84182069e-01 9.51829989e-01 9.11629851e-01 8.62602285e-01 8.04009348e-01 7.35504386e-01 6.57284686e-01 5.70230565e-01 4.76022938e-01 3.77249754e-01 2.77534962e-01 1.81747547e-01 9.63979673e-02 3.05740531e-02 -0.00000000e+00
3.20342650e-16 3.09005569e-02 9.73726987e-02 1.83484508e-01 2.80024829e-01 3.80394981e-01 4.79662724e-01 5.74163593e-01 6.61292275e-01 7.39373407e-01 8.07552189e-01 8.65671029e-01 9.14123218e-01 9.53693420e-01 9.85402631e-01 1.01037352e+00 1.02972553e+00 1.04450202e+00 1.05562673e+00 1.06388370e+00 1.06991425e+00 1.07422476e+00 1.07719995e+00 1.07911793e+00 1.08016397e+00 1.08044120e+00 1.07997724e+00 1.07872594e+00 1.07656444e+00 1.07328541e+00 1.06858546e+00 1.06205084e+00 1.05314256e+00 1.04118403e+00 1.02535543e+00 1.00470045e+00 9.78151537e-01 9.44580398e-01 9.02878689e-01 8.52070860e-01 7.91455069e-01 7.20761027e-01 6.40307747e-01 5.51144488e-01 4.55168843e-01 3.55236930e-01 2.55305742e-01 1.60675222e-01 7.84695585e-02 1.88881198e-02 2.73242176e-03 4.50146747e-02 1.17479470e-01 2.06933815e-01 3.04975409e-01 4.05478047e-01 5.03853551e-01 5.96717406e-01 6.81707313e-01 7.57363469e-01 8.23017863e-01 8.78665124e-01 9.24811483e-01 9.62314653e-01 9.92232616e-01 1.01569581e+00 1.03381025e+00 1.04759246e+00 1.05793236e+00 1.06557807e+00 1.07113614e+00 1.07508117e+00 1.07776983e+00 1.07945582e+00 1.08030301e+00 1.08039523e+00 1.07974167e+00 1.07827748e+00 1.07585956e+00 1.07225779e+00 1.06714261e+00 1.06007030e+00 1.05046847e+00 1.03762484e+00 1.02068425e+00 9.98659318e-01 9.70461478e-01 9.34958586e-01 8.91063703e-01 8.37855587e-01 7.74725170e-01 7.01535112e-01 6.18774694e-01 5.27694946e-01 4.30422379e-01 3.30072497e-01 2.30909390e-01 1.38628992e-01 6.09492745e-02 9.33302191e-03 9.33302191e-03 6.09492745e-02 1.38628992e-01 2.30909390e-01 3.30072497e-01 4.30422379e-01 5.27694946e-01 6.18774694e-01 7.01535112e-01 7.74725170e-01 8.37855587e-01 8.91063703e-01 9.34958586e-01 9.70461478e-01 9.98659318e-01 1.02068425e+00 1.03762484e+00 1.05046847e+00 1.06007030e+00 1.06714261e+00 1.07225779e+00 1.07585956e+00 1.07827748e+00 1.07974167e+00 1.08039523e+00 1.08030301e+00 1.07945582e+00 1.07776983e+00 1.07508117e+00 1.07113614e+00 1.06557807e+00 1.05793236e+00 1.04759246e+00 1.03381025e+00 1.01569581e+00 9.92232616e-01 9.62314653e-01 9.24811483e-01 8.78665124e-01 8.23017863e-01 7.57363469e-01 6.81707313e-01 5.96717406e-01 5.03853551e-01 4.05478047e-01 3.04975409e-01 2.06933815e-01 1.17479470e-01 4.50146747e-02 2.73242176e-03 1.88881198e-02 7.84695585e-02 1.60675222e-01 2.55305742e-01 3.55236930e-01 4.55168843e-01 5.51144488e-01 6.40307747e-01 7.20761027e-01 7.91455069e-01 8.52070860e-01 9.02878689e-01 9.44580398e-01 9.78151537e-01 1.00470045e+00 1.02535543e+00 1.04118403e+00 1.05314256e+00 1.06205084e+00 1.06858546e+00 1.07328541e+00 1.07656444e+00 1.07872594e+00 1.07997724e+00 1.08044120e+00 1.08016397e+00 1.07911793e+00 1.07719995e+00 1.07422476e+00 1.06991425e+00 1.06388370e+00 1.05562673e+00 1.04450202e+00 1.02972553e+00 1.01037352e+00 9.85402631e-01 9.53693420e-01 9.14123218e-01 8.65671029e-01 8.07552189e-01 7.39373407e-01 6.61292275e-01 5.74163593e-01 4.79662724e-01 3.80394981e-01 2.80024829e-01 1.83484508e-01 9.73726987e-02 3.09005569e-02 -0.00000000e+00
1.60171325e-16 3.12339288e-02 9.83668663e-02 1.85253793e-01 2.82556941e-01 3.83587295e-01 4.83348390e-01 5.78135450e-01 6.65327090e-01 7.43255541e-01 8.11093826e-01 8.68726116e-01 9.16593830e-01 9.55529134e-01 9.86594773e-01 1.01094653e+00 1.02972744e+00 1.04399556e+00 1.05468185e+00 1.06257193e+00 1.06830492e+00 1.07238280e+00 1.07518520e+00 1.07698537e+00 1.07796470e+00 1.07822394e+00 1.07779001e+00 1.07661792e+00 1.07458757e+00 1.07149580e+00 1.06704423e+00 1.06082417e+00 1.05230057e+00 1.04079828e+00 1.02549467e+00 1.00542449e+00 9.79503413e-01 9.46577147e-01 9.05501935e-01 8.55258683e-01 7.95097323e-01 7.24700320e-01 6.44347719e-01 5.55065515e-01 4.58749428e-01 3.58277737e-01 2.57653722e-01 1.62247688e-01 7.92817495e-02 1.90949593e-02 2.76348760e-03 4.54935134e-02 1.18662449e-01 2.08898984e-01 3.07685114e-01 4.08811325e-01 5.07631232e-01 6.00726024e-01 6.85723393e-01 7.61176637e-01 8.26449725e-01 8.81581360e-01 9.27126337e-01 9.63988834e-01 9.93266600e-01 1.01612082e+00 1.03367879e+00 1.04696970e+00 1.05688909e+00 1.06418556e+00 1.06946276e+00 1.07319061e+00 1.07572065e+00 1.07730191e+00 1.07809473e+00 1.07818096e+00 1.07756955e+00 1.07619723e+00 1.07392405e+00 1.07052434e+00 1.06567363e+00 1.05893311e+00 1.04973385e+00 1.03736412e+00 1.02096459e+00 9.99537141e-01 9.71974200e-01 9.37115262e-01 8.93835738e-01 8.41169258e-01 7.78458162e-01 7.05519213e-01 6.22805990e-01 5.31551180e-01 4.33885306e-01 3.32952117e-01 2.33067942e-01 1.40005408e-01 6.15887721e-02 9.43694063e-03 9.43694063e-03 6.15887721e-02 1.40005408e-01 2.33067942e-01 3.32952117e-01 4.33885306e-01 5.31551180e-01 6.22805990e-01 7.05519213e-01 7.78458162e-01 8.41169258e-01 8.93835738e-01 9.37115262e-01 9.71974200e-01 9.99537141e-01 1.02096459e+00 1.03736412e+00 1.04973385e+00 1.05893311e+00 1.06567363e+00 1.07052434e+00 1.07392405e+00 1.07619723e+00 1.07756955e+00 1.07818096e+00 1.07809473e+00 1.07730191e+00 1.07572065e+00 1.07319061e+00 1.06946276e+00 1.06418556e+00 1.05688909e+00 1.04696970e+00 1.03367879e+00 1.01612082e+00 9.93266600e-01 9.63988834e-01 9.27126337e-01 8.81581360e-01 8.26449725e-01 7.61176637e-01 6.85723393e-01 6.00726024e-01 5.07631232e-01 4.08811325e-01 3.07685114e-01 2.08898984e-01 1.18662449e-01 4.54935134e-02 2.76348760e-03 1.90949593e-02 7.92817495e-02 1.62247688e-01 2.57653722e-01 3.58277737e-01 4.58749428e-01 5.55065515e-01 6.44347719e-01 7.24700320e-01 7.95097323e-01 8.55258683e-01 9.05501935e-01 9.46577147e-01 9.79503413e-01 1.00542449e+00 1.02549467e+00 1.04079828e+00 1.05230057e+00 1.06082417e+00 1.06704423e+00 1.07149580e+00 1.07458757e+00 1.07661792e+00 1.07779001e+00 1.07822394e+00 1.07796470e+00 1.07698537e+00 1.07518520e+00 1.07238280e+00 1.06830492e+00 1.06257193e+00 1.05468185e+00 1.04399556e+00 1.02972744e+00 1.01094653e+00 9.86594773e-01 9.55529134e-01 9.16593830e-01 8.68726116e-01 8.11093826e-01 7.43255541e-01 6.65327090e-01 5.78135450e-01 4.83348390e-01 3.83587295e-01 2.82556941e-01 1.85253793e-01 9.83668663e-02 3.12339288e-02 6.40685301e-16
-0.00000000e+00 3.15739483e-02 9.93797630e-02 1.87054051e-01 2.85129225e-01 3.86823906e-01 4.87076519e-01 5.82142280e-01 6.69385098e-01 7.47146887e-01 8.14630788e-01 8.71764745e-01 9.19039715e-01 9.57336064e-01 9.87758317e-01 1.01149490e+00 1.02971169e+00 1.04348048e+00 1.05373849e+00 1.06127205e+00 1.06671728e+00 1.07057124e+00 1.07320796e+00 1.07489550e+00 1.07581119e+00 1.07605328e+00 1.07564799e+00 1.07455148e+00 1.07264658e+00 1.06973454e+00 1.06552234e+00 1.05960680e+00 1.05145750e+00 1.04040150e+00 1.02561427e+00 1.00612260e+00 9.80826265e-01 9.48545720e-01 9.08102143e-01 8.58432707e-01 7.98738245e-01 7.28652400e-01 6.48414124e-01 5.59023858e-01 4.62373496e-01 3.61362355e-01 2.60039991e-01 1.63848249e-01 8.01094789e-02 1.93059772e-02 2.79519939e-03 4.59817752e-02 1.19867351e-01 2.10897811e-01 3.10436553e-01 4.12189008e-01 5.11449996e-01 6.04766999e-01 6.89759286e-01 7.64995449e-01 8.29873702e-01 8.84478701e-01 9.29415046e-01 9.65633889e-01 9.94272649e-01 1.01652270e+00 1.03353177e+00 1.04634078e+00 1.05584994e+00 1.06280746e+00 1.06781337e+00 1.07133238e+00 1.07371046e+00 1.07519167e+00 1.07593264e+00 1.07601316e+00 1.07544194e+00 1.07415733e+00 1.07202271e+00 1.06881711e+00 1.06422155e+00 1.05780264e+00 1.04899559e+00 1.03709006e+00 1.02122347e+00 1.00038792e+00 9.73457719e-01 9.39244642e-01 8.96586682e-01 8.44471994e-01 7.82193273e-01 7.09519648e-01 6.26866786e-01 5.35446775e-01 4.37392367e-01 3.35874689e-01 2.35262601e-01 1.41406886e-01 6.22406827e-02 9.54298695e-03 9.54298695e-03 6.22406827e-02 1.41406886e-01 2.35262601e-01 3.35874689e-01 4.37392367e-01 5.35446775e-01 6.26866786e-01 7.09519648e-01 7.82193273e-01 8.44471994e-01 8.96586682e-01 9.39244642e-01 9.73457719e-01 1.00038792e+00 1.02122347e+00 1.03709006e+00 1.04899559e+00 1.05780264e+00 1.06422155e+00 1.06881711e+00 1.07202271e+00 1.07415733e+00 1.07544194e+00 1.07601316e+00 1.07593264e+00 1.07519167e+00 1.07371046e+00 1.07133238e+00 1.06781337e+00 1.06280746e+00 1.05584994e+00 1.04634078e+00 1.03353177e+00 1.01652270e+00 9.94272649e-01 9.65633889e-01 9.29415046e-01 8.84478701e-01 8.29873702e-01 7.64995449e-01 6.89759286e-01 6.04766999e-01 5.11449996e-01 4.12189008e-01 3.10436553e-01 2.10897811e-01 1.19867351e-01 4.59817752e-02 2.79519939e-03 1.93059772e-02 8.01094789e-02 1.63848249e-01 2.60039991e-01 3.61362355e-01 4.62373496e-01 5.59023858e-01 6.48414124e-01 7.28652400e-01 7.98738245e-01 8.58432707e-01 9.08102143e-01 9.48545720e-01 9.80826265e-01 1.00612260e+00 1.02561427e+00 1.04040150e+00 1.05145750e+00 1.05960680e+00 1.06552234e+00 1.06973454e+00 1.07264658e+00 1.07455148e+00 1.07564799e+00 1.07605328e+00 1.07581119e+00 1.07489550e+00 1.07320796e+00 1.07057124e+00 1.06671728e+00 1.06127205e+00 1.05373849e+00 1.04348048e+00 1.02971169e+00 1.01149490e+00 9.87758317e-01 9.57336064e-01 9.19039715e-01 8.71764745e-01 8.14630788e-01 7.47146887e-01 6.69385098e-01 5.82142280e-01 4.87076519e-01 3.86823906e-01 2.85129225e-01 1.87054051e-01 9.93797630e-02 3.15739483e-02 -3.20342650e-16
-0.00000000e+00 3.19203971e-02 1.00410691e-01 1.88883953e-01 2.87739647e-01 3.90102079e-01 4.90843772e-01 5.86180325e-01 6.73462386e-01 7.51043673e-01 8.18159723e-01 8.74784214e-01 9.21458964e-01 9.59113143e-01 9.88893021e-01 1.01201915e+00 1.02967939e+00 1.04295836e+00 1.05279857e+00 1.05998618e+00 1.06515362e+00 1.06879239e+00 1.07127052e+00 1.07285060e+00 1.07370570e+00 1.07393148e+00 1.07355343e+00 1.07252890e+00 1.07074379e+00 1.06800394e+00 1.06402202e+00 1.05840084e+00 1.05061522e+00 1.03999518e+00 1.02571521e+00 1.00679510e+00 9.82119649e-01 9.50484838e-01 9.10677195e-01 8.61590051e-01 8.02374355e-01 7.32613431e-01 6.52503062e-01 5.63015843e-01 4.66037846e-01 3.64488217e-01 2.62462693e-01 1.65475743e-01 8.09521863e-02 1.95210405e-02 2.82753810e-03 4.64791408e-02 1.21093330e-01 2.12928794e-01 3.13227512e-01 4.15608197e-01 5.15306379e-01 6.08836507e-01 6.93811088e-01 7.68816214e-01 8.33286586e-01 8.87354633e-01 9.31675905e-01 9.67248964e-01 9.95250716e-01 1.01690210e+00 1.03337045e+00 1.04570739e+00 1.05481690e+00 1.06144595e+00 1.06619028e+00 1.06950880e+00 1.07174155e+00 1.07312735e+00 1.07381899e+00 1.07389407e+00 1.07336109e+00 1.07216006e+00 1.07015785e+00 1.06713840e+00 1.06278859e+00 1.05668094e+00 1.04825548e+00 1.03680403e+00 1.02146170e+00 1.00121180e+00 9.74911389e-01 9.41345233e-01 8.99314216e-01 8.47760746e-01 7.85926910e-01 7.13532536e-01 6.30953210e-01 5.39378155e-01 4.40940506e-01 3.38837821e-01 2.37491690e-01 1.42832426e-01 6.29045726e-02 9.65109547e-03 9.65109547e-03 6.29045726e-02 1.42832426e-01 2.37491690e-01 3.38837821e-01 4.40940506e-01 5.39378155e-01 6.30953210e-01 7.13532536e-01 7.85926910e-01 8.47760746e-01 8.99314216e-01 9.41345233e-01 9.74911389e-01 1.00121180e+00 1.02146170e+00 1.03680403e+00 1.04825548e+00 1.05668094e+00 1.06278859e+00 1.06713840e+00 1.07015785e+00 1.07216006e+00 1.07336109e+00 1.07389407e+00 1.07381899e+00 1.07312735e+00 1.07174155e+00 1.06950880e+00 1.06619028e+00 1.06144595e+00 1.05481690e+00 1.04570739e+00 1.03337045e+00 1.01690210e+00 9.95250716e-01 9.67248964e-01 9.31675905e-01 8.87354633e-01 8.33286586e-01 7.68816214e-01 6.93811088e-01 6.08836507e-01 5.15306379e-01 4.15608197e-01 3.13227512e-01 2.12928794e-01 1.21093330e-01 4.64791408e-02 2.82753810e-03 1.95210405e-02 8.09521863e-02 1.65475743e-01 2.62462693e-01 3.64488217e-01 4.66037846e-01 5.63015843e-01 6.52503062e-01 7.32613431e-01 8.02374355e-01 8.61590051e-01 9.10677195e-01 9.50484838e-01 9.82119649e-01 1.00679510e+00 1.02571521e+00 1.03999518e+00 1.05061522e+00 1.05840084e+00 1.06402202e+00 1.06800394e+00 1.07074379e+00 1.07252890e+00 1.07355343e+00 1.07393148e+00 1.07370570e+00 1.07285060e+00 1.07127052e+00 1.06879239e+00 1.06515362e+00 1.05998618e+00 1.05279857e+00 1.04295836e+00 1.02967939e+00 1.01201915e+00 9.88893021e-01 9.59113143e-01 9.21458964e-01 8.74784214e-01 8.18159723e-01 7.51043673e-01 6.73462386e-01 5.86180325e-01 4.90843772e-01 3.90102079e-01 2.87739647e-01 1.88883953e-01 1.00410691e-01 3.19203971e-02 1.60171325e-16
-3.20342650e-16 3.22730610e-02 1.01458967e-01 1.90742198e-01 2.90386217e-01 3.93419147e-01 4.94646903e-01 5.90245947e-01 6.77555179e-01 7.54942272e-01 8.21677422e-01 8.77781937e-01 9.23849744e-01 9.60859333e-01 9.89998605e-01 1.01251965e+00 1.02963149e+00 1.04243055e+00 1.05186372e+00 1.05871612e+00 1.06361575e+00 1.06704806e+00 1.06937465e+00 1.07085239e+00 1.07164993e+00 1.07186022e+00 1.07150802e+00 1.07055194e+00 1.06888099e+00 1.06630583e+00 1.06254510e+00 1.05720805e+00 1.04977528e+00 1.03958059e+00 1.02579831e+00 1.00744222e+00 9.83383105e-01 9.52393266e-01 9.13225064e-01 8.64727958e-01 8.06002319e-01 7.36579724e-01 6.56610765e-01 5.67037907e-01 4.69739361e-01 3.67652821e-01 2.64920013e-01 1.67129031e-01 8.18093221e-02 1.97400189e-02 2.86048498e-03 4.69852972e-02 1.22339560e-01 2.14990462e-01 3.16055829e-01 4.19066069e-01 5.19197017e-01 6.12930851e-01 6.97875033e-01 7.72635387e-01 8.36685308e-01 8.90206753e-01 9.33907283e-01 9.68833216e-01 9.96200701e-01 1.01725959e+00 1.03319587e+00 1.04507095e+00 1.05379164e+00 1.06010283e+00 1.06459530e+00 1.06772168e+00 1.06981568e+00 1.07111069e+00 1.07175546e+00 1.07182538e+00 1.07132871e+00 1.07020719e+00 1.06833127e+00 1.06549005e+00 1.06137656e+00 1.05556972e+00 1.04751501e+00 1.03650719e+00 1.02167998e+00 1.00200884e+00 9.76334558e-01 9.43415602e-01 9.02016120e-01 8.51032596e-01 7.89655623e-01 7.17554140e-01 6.35061522e-01 5.43341849e-01 4.44526749e-01 3.41839179e-01 2.39753566e-01 1.44281048e-01 6.35800163e-02 9.76120196e-03 9.76120196e-03 6.35800163e-02 1.44281048e-01 2.39753566e-01 3.41839179e-01 4.44526749e-01 5.43341849e-01 6.35061522e-01 7.17554140e-01 7.89655623e-01 8.51032596e-01 9.02016120e-01 9.43415602e-01 9.76334558e-01 1.00200884e+00 1.02167998e+00 1.03650719e+00 1.04751501e+00 1.05556972e+00 1.06137656e+00 1.06549005e+00 1.06833127e+00 1.07020719e+00 1.07132871e+00 1.07182538e+00 1.07175546e+00 1.07111069e+00 1.06981568e+00 1.06772168e+00 1.06459530e+00 1.06010283e+00 1.05379164e+00 1.04507095e+00 1.03319587e+00 1.01725959e+00 9.96200701e-01 9.68833216e-01 9.33907283e-01 8.90206753e-01 8.36685308e-01 7.72635387e-01 6.97875033e-01 6.12930851e-01 5.19197017e-01 4.19066069e-01 3.16055829e-01 2.14990462e-01 1.22339560e-01 4.69852972e-02 2.86048498e-03 1.97400189e-02 8.18093221e-02 1.67129031e-01 2.64920013e-01 3.67652821e-01 4.69739361e-01 5.67037907e-01 6.56610765e-01 7.36579724e-01 8.06002319e-01 8.64727958e-01 9.13225064e-01 9.52393266e-01 9.83383105e-01 1.00744222e+00 1.02579831e+00 1.03958059e+00 1.04977528e+00 1.05720805e+00 1.06254510e+00 1.06630583e+00 1.06888099e+00 1.07055194e+00 1.07150802e+00 1.07186022e+00 1.07164993e+00 1.07085239e+00 1.06937465e+00 1.06704806e+00 1.06361575e+00 1.05871612e+00 1.05186372e+00 1.04243055e+00 1.02963149e+00 1.01251965e+00 9.89998605e-01 9.60859333e-01 9.23849744e-01 8.77781937e-01 8.21677422e-01 7.54942272e-01 6.77555179e-01 5.90245947e-01 4.94646903e-01 3.93419147e-01 2.90386217e-01 1.90742198e-01 1.01458967e-01 3.22730610e-02 6.40685301e-16
1.44154193e-15 3.26317308e-02 1.02523923e-01 1.92627520e-01 2.93067004e-01 3.96772525e-01 4.98482773e-01 5.94335639e-01 6.81659852e-01 7.58839217e-01 8.25180830e-01 8.80755466e-01 9.26210320e-01 9.62573644e-01 9.91074780e-01 1.01299674e+00 1.02956878e+00 1.04189820e+00 1.05093529e+00 1.05746329e+00 1.06210514e+00 1.06533966e+00 1.06752170e+00 1.06890214e+00 1.06964507e+00 1.06984070e+00 1.06951300e+00 1.06862186e+00 1.06705954e+00 1.06464164e+00 1.06109304e+00 1.05602984e+00 1.04893900e+00 1.03915877e+00 1.02586425e+00 1.00806413e+00 9.84616175e-01 9.54269829e-01 9.15743830e-01 8.67843814e-01 8.09618955e-01 7.40547745e-01 6.60733612e-01 5.71086615e-01 4.73475029e-01 3.70853739e-01 2.67410186e-01 1.68807008e-01 8.26803506e-02 1.99627848e-02 2.89402176e-03 4.74999388e-02 1.23605234e-01 2.17081387e-01 3.18919404e-01 4.22559888e-01 5.23118659e-01 6.17046470e-01 7.01947510e-01 7.76449580e-01 8.40066949e-01 8.93032782e-01 9.36107629e-01 9.70385837e-01 9.97122475e-01 1.01759559e+00 1.03300893e+00 1.04443269e+00 1.05277555e+00 1.05877956e+00 1.06302989e+00 1.06597241e+00 1.06793418e+00 1.06914293e+00 1.06974326e+00 1.06980830e+00 1.06934604e+00 1.06830001e+00 1.06654434e+00 1.06387347e+00 1.05998691e+00 1.05447040e+00 1.04677544e+00 1.03620053e+00 1.02187888e+00 1.00277909e+00 9.77726596e-01 9.45454387e-01 9.04690295e-01 8.54284770e-01 7.93376123e-01 7.21580881e-01 6.39188120e-01 5.47334506e-01 4.48148217e-01 3.44876499e-01 2.42046635e-01 1.45751800e-01 6.42665988e-02 9.87324369e-03 9.87324369e-03 6.42665988e-02 1.45751800e-01 2.42046635e-01 3.44876499e-01 4.48148217e-01 5.47334506e-01 6.39188120e-01 7.21580881e-01 7.93376123e-01 8.54284770e-01 9.04690295e-01 9.45454387e-01 9.77726596e-01 1.00277909e+00 1.02187888e+00 1.03620053e+00 1.04677544e+00 1.05447040e+00 1.05998691e+00 1.06387347e+00 1.06654434e+00 1.06830001e+00 1.06934604e+00 1.06980830e+00 1.06974326e+00 1.06914293e+00 1.06793418e+00 1.06597241e+00 1.06302989e+00 1.05877956e+00 1.05277555e+00 1.04443269e+00 1.03300893e+00 1.01759559e+00 9.97122475e-01 9.70385837e-01 9.36107629e-01 8.93032782e-01 8.40066949e-01 7.76449580e-01 7.01947510e-01 6.17046470e-01 5.23118659e-01 4.22559888e-01 3.18919404e-01 2.17081387e-01 1.23605234e-01 4.74999388e-02 2.89402176e-03 1.99627848e-02 8.26803506e-02 1.68807008e-01 2.67410186e-01 3.70853739e-01 4.73475029e-01 5.71086615e-01 6.60733612e-01 7.40547745e-01 8.09618955e-01 8.67843814e-01 9.15743830e-01 9.54269829e-01 9.84616175e-01 1.00806413e+00 1.02586425e+00 1.03915877e+00 1.04893900e+00 1.05602984e+00 1.06109304e+00 1.06464164e+00 1.06705954e+00 1.06862186e+00 1.06951300e+00 1.06984070e+00 1.06964507e+00 1.06890214e+00 1.06752170e+00 1.06533966e+00 1.06210514e+00 1.05746329e+00 1.05093529e+00 1.04189820e+00 1.02956878e+00 1.01299674e+00 9.91074780e-01 9.62573644e-01 9.26210320e-01 8.80755466e-01 8.25180830e-01 7.58839217e-01 6.81659852e-01 5.94335639e-01 4.98482773e-01 3.96772525e-01 2.93067004e-01 1.92627520e-01 1.02523923e-01 3.26317308e-02 6.40685301e-16
4.80513976e-16 3.29962038e-02 1.03604914e-01 1.94538692e-01 2.95780138e-01 4.00159719e-01 5.02348363e-01 5.98446038e-01 6.85772942e-01 7.62731211e-01 8.28667057e-01 8.83702494e-01 9.28539068e-01 9.64255148e-01 9.92121265e-01 1.01345066e+00 1.02949194e+00 1.04136227e+00 1.05001439e+00 1.05622888e+00 1.06062291e+00 1.06366824e+00 1.06571261e+00 1.06700070e+00 1.06769193e+00 1.06787369e+00 1.06756916e+00 1.06673954e+00 1.06528039e+00 1.06301241e+00 1.05966698e+00 1.05486739e+00 1.04810748e+00 1.03873066e+00 1.02591363e+00 1.00866098e+00 9.85818422e-01 9.56113426e-01 9.18231694e-01 8.70935154e-01 8.13221254e-01 7.44514133e-01 6.64868139e-01 5.75158668e-01 4.77241946e-01 3.74088628e-01 2.69931508e-01 1.70508599e-01 8.35647521e-02 2.01892147e-02 2.92813067e-03 4.80227692e-02 1.24889570e-01 2.19200183e-01 3.21816206e-01 4.26087014e-01 5.27068177e-01 6.21179948e-01 7.06025072e-01 7.80255579e-01 8.43428750e-01 8.95830577e-01 9.38275495e-01 9.71906066e-01 9.98015905e-01 1.01791050e+00 1.03281039e+00 1.04379360e+00 1.05176975e+00 1.05747730e+00 1.06149515e+00 1.06426200e+00 1.06609797e+00 1.06722490e+00 1.06778317e+00 1.06784359e+00 1.06741389e+00 1.06643941e+00 1.06479806e+00 1.06228978e+00 1.05862080e+00 1.05338412e+00 1.04603783e+00 1.03588488e+00 1.02205888e+00 1.00352253e+00 9.79086908e-01 9.47460314e-01 9.07334767e-01 8.57514655e-01 7.97085289e-01 7.25609345e-01 6.43329559e-01 5.51352908e-01 4.51802134e-01 3.47947591e-01 2.44369351e-01 1.47243756e-01 6.49639178e-02 9.98715975e-03 9.98715975e-03 6.49639178e-02 1.47243756e-01 2.44369351e-01 3.47947591e-01 4.51802134e-01 5.51352908e-01 6.43329559e-01 7.25609345e-01 7.97085289e-01 8.57514655e-01 9.07334767e-01 9.47460314e-01 9.79086908e-01 1.00352253e+00 1.02205888e+00 1.03588488e+00 1.04603783e+00 1.05338412e+00 1.05862080e+00 1.06228978e+00 1.06479806e+00 1.06643941e+00 1.06741389e+00 1.06784359e+00 1.06778317e+00 1.06722490e+00 1.06609797e+00 1.06426200e+00 1.06149515e+00 1.05747730e+00 1.05176975e+00 1.04379360e+00 1.03281039e+00 1.01791050e+00 9.98015905e-01 9.71906066e-01 9.38275495e-01 8.95830577e-01 8.43428750e-01 7.80255579e-01 7.06025072e-01 6.21179948e-01 5.27068177e-01 4.26087014e-01 3.21816206e-01 2.19200183e-01 1.24889570e-01 4.80227692e-02 2.92813067e-03 2.01892147e-02 8.35647521e-02 1.70508599e-01 2.69931508e-01 3.74088628e-01 4.77241946e-01 5.75158668e-01 6.64868139e-01 7.44514133e-01 8.13221254e-01 8.70935154e-01 9.18231694e-01 9.56113426e-01 9.85818422e-01 1.00866098e+00 1.02591363e+00 1.03873066e+00 1.04810748e+00 1.05486739e+00 1.05966698e+00 1.06301241e+00 1.06528039e+00 1.06673954e+00 1.06756916e+00 1.06787369e+00 1.06769193e+00 1.06700070e+00 1.06571261e+00 1.06366824e+00 1.06062291e+00 1.05622888e+00 1.05001439e+00 1.04136227e+00 1.02949194e+00 1.01345066e+00 9.92121265e-01 9.64255148e-01 9.28539068e-01 8.83702494e-01 8.28667057e-01 7.62731211e-01 6.85772942e-01 5.98446038e-01 5.02348363e-01 4.00159719e-01 2.95780138e-01 1.94538692e-01 1.03604914e-01 3.29962038e-02 3.20342650e-16
-3.20342650e-16 3.33662838e-02 1.04701314e-01 1.96474529e-01 2.98523819e-01 4.03578328e-01 5.06240771e-01 6.02573925e-01 6.89891152e-01 7.66615132e-01 8.32133382e-01 8.86620863e-01 9.30834478e-01 9.65902989e-01 9.93137799e-01 1.01388166e+00 1.02940158e+00 1.04082358e+00 1.04910195e+00 1.05501379e+00 1.05916991e+00 1.06203452e+00 1.06394797e+00 1.06514857e+00 1.06579093e+00 1.06595959e+00 1.06567695e+00 1.06490551e+00 1.06354419e+00 1.06141893e+00 1.05826780e+00 1.05372161e+00 1.04728160e+00 1.03829701e+00 1.02594696e+00 1.00923289e+00 9.86989447e-01 9.57923043e-01 9.20686982e-01 8.73999668e-01 8.16806375e-01 7.48475699e-01 6.69011046e-01 5.79250905e-01 4.81037322e-01 3.77355229e-01 2.72482331e-01 1.72232769e-01 8.44620248e-02 2.04191891e-02 2.96279451e-03 4.85535019e-02 1.26191814e-01 2.21345515e-01 3.24744279e-01 4.29644909e-01 5.31042573e-01 6.25328027e-01 7.10104444e-01 7.84050343e-01 8.46768120e-01 8.98598139e-01 9.40409538e-01 9.73393205e-01 9.98880864e-01 1.01820464e+00 1.03260093e+00 1.04315454e+00 1.05077520e+00 1.05619695e+00 1.05999191e+00 1.06259116e+00 1.06430760e+00 1.06535707e+00 1.06587561e+00 1.06593168e+00 1.06553272e+00 1.06462594e+00 1.06309309e+00 1.06073975e+00 1.05727913e+00 1.05231181e+00 1.04530306e+00 1.03556098e+00 1.02222042e+00 1.00423918e+00 9.80414947e-01 9.49432205e-01 9.09947699e-01 8.60719794e-01 8.00780175e-01 7.29636292e-01 6.47482550e-01 5.55393967e-01 4.55485832e-01 3.51050346e-01 2.46720224e-01 1.48756025e-01 6.56715844e-02 1.01028913e-02 1.01028913e-02 6.56715844e-02 1.48756025e-01 2.46720224e-01 3.51050346e-01 4.55485832e-01 5.55393967e-01 6.47482550e-01 7.29636292e-01 8.00780175e-01 8.60719794e-01 9.09947699e-01 9.49432205e-01 9.80414947e-01 1.00423918e+00 1.02222042e+00 1.03556098e+00 1.04530306e+00 1.05231181e+00 1.05727913e+00 1.06073975e+00 1.06309309e+00 1.06462594e+00 1.06553272e+00 1.06593168e+00 1.06587561e+00 1.06535707e+00 1.06430760e+00 1.06259116e+00 1.05999191e+00 1.05619695e+00 1.05077520e+00 1.04315454e+00 1.03260093e+00 1.01820464e+00 9.98880864e-01 9.73393205e-01 9.40409538e-01 8.98598139e-01 8.46768120e-01 7.84050343e-01 7.10104444e-01 6.25328027e-01 5.31042573e-01 4.29644909e-01 3.24744279e-01 2.21345515e-01 1.26191814e-01 4.85535019e-02 2.96279451e-03 2.04191891e-02 8.44620248e-02 1.72232769e-01 2.72482331e-01 3.77355229e-01 4.81037322e-01 5.79250905e-01 6.69011046e-01 7.48475699e-01 8.16806375e-01 8.73999668e-01 9.20686982e-01 9.57923043e-01 9.86989447e-01 1.00923289e+00 1.02594696e+00 1.03829701e+00 1.04728160e+00 1.05372161e+00 1.05826780e+00 1.06141893e+00 1.06354419e+00 1.06490551e+00 1.06567695e+00 1.06595959e+00 1.06579093e+00 1.06514857e+00 1.06394797e+00 1.06203452e+00 1.05916991e+00 1.05501379e+00 1.04910195e+00 1.04082358e+00 1.02940158e+00 1.01388166e+00 9.93137799e-01 9.65902989e-01 9.30834478e-01 8.86620863e-01 8.32133382e-01 7.66615132e-01 6.89891152e-01 6.02573925e-01 5.06240771e-01 4.03578328e-01 2.98523819e-01 1.96474529e-01 1.04701314e-01 3.33662838e-02 -9.61027951e-16
-6.40685301e-16 3.37417821e-02 1.05812524e-01 1.98433895e-01 3.01296317e-01 4.07026050e-01 5.10157227e-01 6.06716236e-01 6.94011355e-01 7.70488036e-01 8.35577255e-01 8.89508572e-01 9.33095165e-01 9.67516397e-01 9.94124159e-01 1.01428994e+00 1.02929820e+00 1.04028283e+00 1.04819872e+00 1.05381874e+00 1.05774675e+00 1.06043898e+00 1.06222812e+00 1.06334593e+00 1.06394219e+00 1.06409851e+00 1.06383649e+00 1.06311997e+00 1.06185129e+00 1.05986169e+00 1.05689613e+00 1.05259325e+00 1.04646214e+00 1.03785851e+00 1.02596470e+00 1.00977997e+00 9.88128898e-01 9.59697759e-01 9.23108151e-01 8.77035209e-01 8.20371655e-01 7.52429430e-01 6.73159198e-01 5.83360316e-01 4.84858488e-01 3.80651378e-01 2.75061076e-01 1.73978523e-01 8.53716859e-02 2.06525929e-02 2.99799676e-03 4.90918615e-02 1.27511239e-01 2.23516100e-01 3.27701747e-01 4.33231141e-01 5.35038983e-01 6.29487601e-01 7.14182521e-01 7.87831007e-01 8.50082636e-01 9.01333617e-01 9.42508529e-01 9.74846627e-01 9.99717250e-01 1.01847834e+00 1.03238112e+00 1.04251625e+00 1.04979263e+00 1.05493921e+00 1.05852074e+00 1.06096031e+00 1.06256338e+00 1.06353962e+00 1.06402069e+00 1.06407264e+00 1.06370268e+00 1.06285985e+00 1.06142983e+00 1.05922393e+00 1.05596255e+00 1.05125424e+00 1.04457189e+00 1.03522946e+00 1.02236389e+00 1.00492904e+00 9.81710227e-01 9.51368986e-01 9.12527392e-01 8.63897899e-01 8.04458012e-01 7.33658657e-01 6.51643964e-01 5.59454740e-01 4.59196755e-01 3.54182741e-01 2.49097823e-01 1.50287748e-01 6.63892244e-02 1.02203816e-02 1.02203816e-02 6.63892244e-02 1.50287748e-01 2.49097823e-01 3.54182741e-01 4.59196755e-01 5.59454740e-01 6.51643964e-01 7.33658657e-01 8.04458012e-01 8.63897899e-01 9.12527392e-01 9.51368986e-01 9.81710227e-01 1.00492904e+00 1.02236389e+00 1.03522946e+00 1.04457189e+00 1.05125424e+00 1.05596255e+00 1.05922393e+00 1.06142983e+00 1.06285985e+00 1.06370268e+00 1.06407264e+00 1.06402069e+00 1.06353962e+00 1.06256338e+00 1.06096031e+00 1.05852074e+00 1.05493921e+00 1.04979263e+00 1.04251625e+00 1.03238112e+00 1.01847834e+00 9.99717250e-01 9.74846627e-01 9.42508529e-01 9.01333617e-01 8.50082636e-01 7.87831007e-01 7.14182521e-01 6.29487601e-01 5.35038983e-01 4.33231141e-01 3.27701747e-01 2.23516100e-01 1.27511239e-01 4.90918615e-02 2.99799676e-03 2.06525929e-02 8.53716859e-02 1.73978523e-01 2.75061076e-01 3.80651378e-01 4.84858488e-01 5.83360316e-01 6.73159198e-01 7.52429430e-01 8.20371655e-01 8.77035209e-01 9.23108151e-01 9.59697759e-01 9.88128898e-01 1.00977997e+00 1.02596470e+00 1.03785851e+00 1.04646214e+00 1.05259325e+00 1.05689613e+00 1.05986169e+00 1.06185129e+00 1.06311997e+00 1.06383649e+00 1.06409851e+00 1.06394219e+00 1.06334593e+00 1.06222812e+00 1.06043898e+00 1.05774675e+00 1.05381874e+00 1.04819872e+00 1.04028283e+00 1.02929820e+00 1.01428994e+00 9.94124159e-01 9.67516397e-01 9.33095165e-01 8.89508572e-01 8.35577255e-01 7.70488036e-01 6.94011355e-01 6.06716236e-01 5.10157227e-01 4.07026050e-01 3.01296317e-01 1.98433895e-01 1.05812524e-01 3.37417821e-02 -0.00000000e+00
-1.28137060e-15 3.41225179e-02 1.06937968e-01 2.00415697e-01 3.04095973e-01 4.10500683e-01 5.14095084e-01 6.10870057e-01 6.98130592e-01 7.74347156e-01 8.38996303e-01 8.92363772e-01 9.35319871e-01 9.69094686e-01 9.95080163e-01 1.01467573e+00 1.02918230e+00 1.03974062e+00 1.04730533e+00 1.05264429e+00 1.05635382e+00 1.05888184e+00 1.06055312e+00 1.06159274e+00 1.06214556e+00 1.06229027e+00 1.06204766e+00 1.06138291e+00 1.06020180e+00 1.05834097e+00 1.05555240e+00 1.05148287e+00 1.04564972e+00 1.03741573e+00 1.02596728e+00 1.01030235e+00 9.89236476e-01 9.61436749e-01 9.25493794e-01 8.80039788e-01 8.23914603e-01 7.56372491e-01 6.77309625e-01 5.87484035e-01 4.88702898e-01 3.83975003e-01 2.77666228e-01 1.75744905e-01 8.62932722e-02 2.08893159e-02 3.03372155e-03 4.96375835e-02 1.28847149e-01 2.25710707e-01 3.30686810e-01 4.36843385e-01 5.39054674e-01 6.33655725e-01 7.18256371e-01 7.91594886e-01 8.53370043e-01 9.04035308e-01 9.44571356e-01 9.76265783e-01 1.00052499e+00 1.01873186e+00 1.03215148e+00 1.04187934e+00 1.04882267e+00 1.05370459e+00 1.05708199e+00 1.05936965e+00 1.06086534e+00 1.06177246e+00 1.06221824e+00 1.06226633e+00 1.06192366e+00 1.06114114e+00 1.05980842e+00 1.05774263e+00 1.05467156e+00 1.05021198e+00 1.04384493e+00 1.03489086e+00 1.02248964e+00 1.00559215e+00 9.82972327e-01 9.53269691e-01 9.15072290e-01 8.67046846e-01 8.08116206e-01 7.37673548e-01 6.55810838e-01 5.63532420e-01 4.62932465e-01 3.57342841e-01 2.51500777e-01 1.51838103e-01 6.71164791e-02 1.03395763e-02 1.03395763e-02 6.71164791e-02 1.51838103e-01 2.51500777e-01 3.57342841e-01 4.62932465e-01 5.63532420e-01 6.55810838e-01 7.37673548e-01 8.08116206e-01 8.67046846e-01 9.15072290e-01 9.53269691e-01 9.82972327e-01 1.00559215e+00 1.02248964e+00 1.03489086e+00 1.04384493e+00 1.05021198e+00 1.05467156e+00 1.05774263e+00 1.05980842e+00 1.06114114e+00 1.06192366e+00 1.06226633e+00 1.06221824e+00 1.06177246e+00 1.06086534e+00 1.05936965e+00 1.05708199e+00 1.05370459e+00 1.04882267e+00 1.04187934e+00 1.03215148e+00 1.01873186e+00 1.00052499e+00 9.76265783e-01 9.44571356e-01 9.04035308e-01 8.53370043e-01 7.91594886e-01 7.18256371e-01 6.33655725e-01 5.39054674e-01 4.36843385e-01 3.30686810e-01 2.25710707e-01 1.28847149e-01 4.96375835e-02 3.03372155e-03 2.08893159e-02 8.62932722e-02 1.75744905e-01 2.77666228e-01 3.83975003e-01 4.88702898e-01 5.87484035e-01 6.77309625e-01 7.56372491e-01 8.23914603e-01 8.80039788e-01 9.25493794e-01 9.61436749e-01 9.89236476e-01 1.01030235e+00 1.02596728e+00 1.03741573e+00 1.04564972e+00 1.05148287e+00 1.05555240e+00 1.05834097e+00 1.06020180e+00 1.06138291e+00 1.06204766e+00 1.06229027e+00 1.06214556e+00 1.06159274e+00 1.06055312e+00 1.05888184e+00 1.05635382e+00 1.05264429e+00 1.04730533e+00 1.03974062e+00 1.02918230e+00 1.01467573e+00 9.95080163e-01 9.69094686e-01 9.35319871e-01 8.92363772e-01 8.38996303e-01 7.74347156e-01 6.98130592e-01 6.10870057e-01 5.14095084e-01 4.10500683e-01 3.04095973e-01 2.00415697e-01 1.06937968e-01 3.41225179e-02 -6.40685301e-16
4.80513976e-16 3.45083180e-02 1.08077094e-01 2.02418892e-01 3.06921206e-01 4.14000128e-01 5.18051827e-01 6.15032626e-01 7.02246076e-01 7.78189899e-01 8.42388318e-01 8.95184771e-01 9.37507461e-01 9.70637262e-01 9.96005681e-01 1.01503924e+00 1.02905430e+00 1.03919750e+00 1.04642228e+00 1.05149081e+00 1.05499136e+00 1.05736316e+00 1.05892283e+00 1.05988871e+00 1.06040067e+00 1.06053447e+00 1.06031010e+00 1.05969407e+00 1.05859563e+00 1.05685686e+00 1.05423691e+00 1.05039090e+00 1.04484486e+00 1.03696919e+00 1.02595508e+00 1.01080017e+00 9.90311945e-01 9.63139292e-01 9.27842637e-01 8.83011576e-01 8.27432904e-01 7.60302221e-01 6.81459524e-01 5.91619340e-01 4.92568125e-01 3.87324128e-01 2.80296338e-01 1.77531002e-01 8.72263410e-02 2.11292524e-02 3.06995370e-03 5.01904151e-02 1.30198879e-01 2.27928159e-01 3.33697751e-01 4.40479424e-01 5.43087052e-01 6.37829607e-01 7.22323234e-01 7.95339469e-01 8.56628256e-01 9.06701655e-01 9.46597025e-01 9.77650204e-01 1.00130405e+00 1.01896551e+00 1.03191248e+00 1.04124435e+00 1.04786578e+00 1.05249345e+00 1.05567587e+00 1.05781917e+00 1.05921329e+00 1.06005528e+00 1.06046788e+00 1.06051234e+00 1.06019532e+00 1.05946961e+00 1.05822881e+00 1.05629599e+00 1.05340645e+00 1.04918550e+00 1.04312272e+00 1.03454569e+00 1.02259801e+00 1.00622856e+00 9.84200896e-01 9.55133462e-01 9.17580979e-01 8.70164675e-01 8.11752339e-01 7.41678249e-01 6.59980367e-01 5.67624345e-01 4.66690634e-01 3.60528794e-01 2.53927772e-01 1.53406302e-01 6.78530053e-02 1.04604235e-02 1.04604235e-02 6.78530053e-02 1.53406302e-01 2.53927772e-01 3.60528794e-01 4.66690634e-01 5.67624345e-01 6.59980367e-01 7.41678249e-01 8.11752339e-01 8.70164675e-01 9.17580979e-01 9.55133462e-01 9.84200896e-01 1.00622856e+00 1.02259801e+00 1.03454569e+00 1.04312272e+00 1.04918550e+00 1.05340645e+00 1.05629599e+00 1.05822881e+00 1.05946961e+00 1.06019532e+00 1.06051234e+00 1.06046788e+00 1.06005528e+00 1.05921329e+00 1.05781917e+00 1.05567587e+00 1.05249345e+00 1.04786578e+00 1.04124435e+00 1.03191248e+00 1.01896551e+00 1.00130405e+00 9.77650204e-01 9.46597025e-01 9.06701655e-01 8.56628256e-01 7.95339469e-01 7.22323234e-01 6.37829607e-01 5.43087052e-01 4.40479424e-01 3.33697751e-01 2.27928159e-01 1.30198879e-01 5.01904151e-02 3.06995370e-03 2.11292524e-02 8.72263410e-02 1.77531002e-01 2.80296338e-01 3.87324128e-01 4.92568125e-01 5.91619340e-01 6.81459524e-01 7.60302221e-01 8.27432904e-01 8.83011576e-01 9.27842637e-01 9.63139292e-01 9.90311945e-01 1.01080017e+00 1.02595508e+00 1.03696919e+00 1.04484486e+00 1.05039090e+00 1.05423691e+00 1.05685686e+00 1.05859563e+00 1.05969407e+00 1.06031010e+00 1.06053447e+00 1.06040067e+00 1.05988871e+00 1.05892283e+00 1.05736316e+00 1.05499136e+00 1.05149081e+00 1.04642228e+00 1.03919750e+00 1.02905430e+00 1.01503924e+00 9.96005681e-01 9.70637262e-01 9.37507461e-01 8.95184771e-01 8.42388318e-01 7.78189899e-01 7.02246076e-01 6.15032626e-01 5.18051827e-01 4.14000128e-01 3.06921206e-01 2.02418892e-01 1.08077094e-01 3.45083180e-02 8.00856626e-16
8.00856626e-16 3.48990173e-02 1.09229378e-01 2.04442486e-01 3.09770506e-01 4.17522384e-01 5.22025065e-01 6.19201329e-01 7.06355181e-01 7.82013846e-01 8.45751265e-01 8.97970026e-01 9.39656928e-01 9.72143624e-01 9.96900635e-01 1.01538070e+00 1.02891462e+00 1.03865391e+00 1.04554998e+00 1.05035859e+00 1.05365946e+00 1.05588279e+00 1.05733694e+00 1.05823337e+00 1.05870696e+00 1.05883053e+00 1.05862326e+00 1.05805302e+00 1.05703250e+00 1.05540928e+00 1.05294977e+00 1.04931766e+00 1.04404799e+00 1.03651936e+00 1.02592850e+00 1.01127360e+00 9.91355132e-01 9.64804763e-01 9.30153538e-01 8.85948899e-01 8.30924411e-01 7.64216131e-01 6.85606253e-01 5.95763657e-01 4.96451864e-01 3.90696868e-01 2.82950027e-01 1.79335944e-01 8.81704696e-02 2.13723019e-02 3.10667873e-03 5.07501153e-02 1.31565793e-01 2.30167335e-01 3.36732933e-01 4.44137150e-01 5.47133651e-01 6.42006611e-01 7.26380519e-01 7.99062418e-01 8.59855354e-01 9.09331250e-01 9.48584660e-01 9.78999502e-01 1.00205445e+00 1.01917956e+00 1.03166457e+00 1.04061173e+00 1.04692237e+00 1.05130601e+00 1.05430239e+00 1.05630870e+00 1.05760689e+00 1.05838759e+00 1.05876904e+00 1.05881010e+00 1.05851714e+00 1.05784484e+00 1.05669079e+00 1.05488400e+00 1.05216743e+00 1.04817515e+00 1.04240571e+00 1.03419440e+00 1.02268936e+00 1.00683837e+00 9.85395658e-01 9.56959553e-01 9.20052183e-01 8.73249585e-01 8.15364163e-01 7.45670213e-01 6.64149904e-01 5.71727986e-01 4.70469050e-01 3.63738839e-01 2.56377558e-01 1.54991595e-01 6.85984757e-02 1.05828734e-02 1.05828734e-02 6.85984757e-02 1.54991595e-01 2.56377558e-01 3.63738839e-01 4.70469050e-01 5.71727986e-01 6.64149904e-01 7.45670213e-01 8.15364163e-01 8.73249585e-01 9.20052183e-01 9.56959553e-01 9.85395658e-01 1.00683837e+00 1.02268936e+00 1.03419440e+00 1.04240571e+00 1.04817515e+00 1.05216743e+00 1.05488400e+00 1.05669079e+00 1.05784484e+00 1.05851714e+00 1.05881010e+00 1.05876904e+00 1.05838759e+00 1.05760689e+00 1.05630870e+00 1.05430239e+00 1.05130601e+00 1.04692237e+00 1.04061173e+00 1.03166457e+00 1.01917956e+00 1.00205445e+00 9.78999502e-01 9.48584660e-01 9.09331250e-01 8.59855354e-01 7.99062418e-01 7.26380519e-01 6.42006611e-01 5.47133651e-01 4.44137150e-01 3.36732933e-01 2.30167335e-01 1.31565793e-01 5.07501153e-02 3.10667873e-03 2.13723019e-02 8.81704696e-02 1.79335944e-01 2.82950027e-01 3.90696868e-01 4.96451864e-01 5.95763657e-01 6.85606253e-01 7.64216131e-01 8.30924411e-01 8.85948899e-01 9.30153538e-01 9.64804763e-01 9.91355132e-01 1.01127360e+00 1.02592850e+00 1.03651936e+00 1.04404799e+00 1.04931766e+00 1.05294977e+00 1.05540928e+00 1.05703250e+00 1.05805302e+00 1.05862326e+00 1.05883053e+00 1.05870696e+00 1.05823337e+00 1.05733694e+00 1.05588279e+00 1.05365946e+00 1.05035859e+00 1.04554998e+00 1.03865391e+00 1.02891462e+00 1.01538070e+00 9.96900635e-01 9.72143624e-01 9.39656928e-01 8.97970026e-01 8.45751265e-01 7.82013846e-01 7.06355181e-01 6.19201329e-01 5.22025065e-01 4.17522384e-01 3.09770506e-01 2.04442486e-01 1.09229378e-01 3.48990173e-02 6.40685301e-16
9.61027951e-16 3.52944586e-02 1.10394319e-01 2.06485530e-01 3.12642434e-01 4.21065552e-01 5.26012531e-01 6.23373700e-01 7.10455446e-01 7.85816744e-01 8.49083266e-01 9.00718139e-01 9.41767386e-01 9.73613362e-01 9.97765005e-01 1.01570036e+00 1.02876365e+00 1.03811029e+00 1.04468876e+00 1.04924778e+00 1.05235806e+00 1.05444050e+00 1.05579499e+00 1.05662611e+00 1.05706372e+00 1.05717771e+00 1.05698646e+00 1.05645917e+00 1.05551201e+00 1.05399804e+00 1.05169101e+00 1.04826335e+00 1.04325947e+00 1.03606666e+00 1.02588790e+00 1.01172283e+00 9.92365927e-01 9.66432640e-01 9.32425485e-01 8.88850236e-01 8.34387141e-01 7.68111897e-01 6.89747327e-01 5.99914549e-01 5.00351925e-01 3.94091432e-01 2.85625980e-01 1.81158900e-01 8.91252557e-02 2.16183686e-02 3.14388288e-03 5.13164544e-02 1.32947287e-01 2.32427165e-01 3.39790797e-01 4.47814558e-01 5.51192137e-01 6.46184252e-01 7.30425797e-01 8.02761561e-01 8.63049573e-01 9.11922824e-01 9.50533499e-01 9.80313374e-01 1.00277625e+00 1.01937433e+00 1.03140815e+00 1.03998189e+00 1.04599271e+00 1.05014240e+00 1.05296146e+00 1.05483792e+00 1.05604562e+00 1.05676873e+00 1.05712100e+00 1.05715887e+00 1.05688846e+00 1.05626630e+00 1.05519399e+00 1.05350650e+00 1.05095454e+00 1.04718118e+00 1.04169427e+00 1.03383741e+00 1.02276401e+00 1.00742171e+00 9.86556410e-01 9.58747322e-01 9.22484760e-01 8.76299933e-01 8.18949597e-01 7.49647058e-01 6.68316958e-01 5.75840954e-01 4.74265614e-01 3.66971300e-01 2.58848945e-01 1.56593267e-01 6.93525784e-02 1.07068791e-02 1.07068791e-02 6.93525784e-02 1.56593267e-01 2.58848945e-01 3.66971300e-01 4.74265614e-01 5.75840954e-01 6.68316958e-01 7.49647058e-01 8.18949597e-01 8.76299933e-01 9.22484760e-01 9.58747322e-01 9.86556410e-01 1.00742171e+00 1.02276401e+00 1.03383741e+00 1.04169427e+00 1.04718118e+00 1.05095454e+00 1.05350650e+00 1.05519399e+00 1.05626630e+00 1.05688846e+00 1.05715887e+00 1.05712100e+00 1.05676873e+00 1.05604562e+00 1.05483792e+00 1.05296146e+00 1.05014240e+00 1.04599271e+00 1.03998189e+00 1.03140815e+00 1.01937433e+00 1.00277625e+00 9.80313374e-01 9.50533499e-01 9.11922824e-01 8.63049573e-01 8.02761561e-01 7.30425797e-01 6.46184252e-01 5.51192137e-01 4.47814558e-01 3.39790797e-01 2.32427165e-01 1.32947287e-01 5.13164544e-02 3.14388288e-03 2.16183686e-02 8.91252557e-02 1.81158900e-01 2.85625980e-01 3.94091432e-01 5.00351925e-01 5.99914549e-01 6.89747327e-01 7.68111897e-01 8.34387141e-01 8.88850236e-01 9.32425485e-01 9.66432640e-01 9.92365927e-01 1.01172283e+00 1.02588790e+00 1.03606666e+00 1.04325947e+00 1.04826335e+00 1.05169101e+00 1.05399804e+00 1.05551201e+00 1.05645917e+00 1.05698646e+00 1.05717771e+00 1.05706372e+00 1.05662611e+00 1.05579499e+00 1.05444050e+00 1.05235806e+00 1.04924778e+00 1.04468876e+00 1.03811029e+00 1.02876365e+00 1.01570036e+00 9.97765005e-01 9.73613362e-01 9.41767386e-01 9.00718139e-01 8.49083266e-01 7.85816744e-01 7.10455446e-01 6.23373700e-01 5.26012531e-01 4.21065552e-01 3.12642434e-01 2.06485530e-01 1.10394319e-01 3.52944586e-02 -0.00000000e+00
-3.20342650e-16 3.56944926e-02 1.11571441e-01 2.08547123e-01 3.15535625e-01 4.24627826e-01 5.30012080e-01 6.27547413e-01 7.14544563e-01 7.89596501e-01 8.52382602e-01 9.03427858e-01 9.43838068e-01 9.75046154e-01 9.98598828e-01 1.01599850e+00 1.02860179e+00 1.03756700e+00 1.04383889e+00 1.04815848e+00 1.05108703e+00 1.05303590e+00 1.05429641e+00 1.05506618e+00 1.05547011e+00 1.05557514e+00 1.05539887e+00 1.05491183e+00 1.05403362e+00 1.05262281e+00 1.05046053e+00 1.04722811e+00 1.04247960e+00 1.03561148e+00 1.02583365e+00 1.01214810e+00 9.93344290e-01 9.68022499e-01 9.34657591e-01 8.91714212e-01 8.37819270e-01 7.71987356e-01 6.93880417e-01 6.04069719e-01 5.04266236e-01 3.97506120e-01 2.88322947e-01 1.82999081e-01 9.00903169e-02 2.18673614e-02 3.18155305e-03 5.18892142e-02 1.34342784e-01 2.34706632e-01 3.42869863e-01 4.51509745e-01 5.55260303e-01 6.50360188e-01 7.34456796e-01 8.06434885e-01 8.66209303e-01 9.14475244e-01 9.52442893e-01 9.81591600e-01 1.00346955e+00 1.01955012e+00 1.03114362e+00 1.03935519e+00 1.04507704e+00 1.04900263e+00 1.05165288e+00 1.05340642e+00 1.05452887e+00 1.05519794e+00 1.05552289e+00 1.05555779e+00 1.05530846e+00 1.05473333e+00 1.05373792e+00 1.05216323e+00 1.04976777e+00 1.04620377e+00 1.04098875e+00 1.03347512e+00 1.02282232e+00 1.00797876e+00 9.87683025e-01 9.60496236e-01 9.24877703e-01 8.79314224e-01 8.22506718e-01 7.53606560e-01 6.72479187e-01 5.79960990e-01 4.78078334e-01 3.70224583e-01 2.61340798e-01 1.58210638e-01 7.01150172e-02 1.08323955e-02 1.08323955e-02 7.01150172e-02 1.58210638e-01 2.61340798e-01 3.70224583e-01 4.78078334e-01 5.79960990e-01 6.72479187e-01 7.53606560e-01 8.22506718e-01 8.79314224e-01 9.24877703e-01 9.60496236e-01 9.87683025e-01 1.00797876e+00 1.02282232e+00 1.03347512e+00 1.04098875e+00 1.04620377e+00 1.04976777e+00 1.05216323e+00 1.05373792e+00 1.05473333e+00 1.05530846e+00 1.05555779e+00 1.05552289e+00 1.05519794e+00 1.05452887e+00 1.05340642e+00 1.05165288e+00 1.04900263e+00 1.04507704e+00 1.03935519e+00 1.03114362e+00 1.01955012e+00 1.00346955e+00 9.81591600e-01 9.52442893e-01 9.14475244e-01 8.66209303e-01 8.06434885e-01 7.34456796e-01 6.50360188e-01 5.55260303e-01 4.51509745e-01 3.42869863e-01 2.34706632e-01 1.34342784e-01 5.18892142e-02 3.18155305e-03 2.18673614e-02 9.00903169e-02 1.82999081e-01 2.88322947e-01 3.97506120e-01 5.04266236e-01 6.04069719e-01 6.93880417e-01 7.71987356e-01 8.37819270e-01 8.91714212e-01 9.34657591e-01 9.68022499e-01 9.93344290e-01 1.01214810e+00 1.02583365e+00 1.03561148e+00 1.04247960e+00 1.04722811e+00 1.05046053e+00 1.05262281e+00 1.05403362e+00 1.05491183e+00 1.05539887e+00 1.05557514e+00 1.05547011e+00 1.05506618e+00 1.05429641e+00 1.05303590e+00 1.05108703e+00 1.04815848e+00 1.04383889e+00 1.03756700e+00 1.02860179e+00 1.01599850e+00 9.98598828e-01 9.75046154e-01 9.43838068e-01 9.03427858e-01 8.52382602e-01 7.89596501e-01 7.14544563e-01 6.27547413e-01 5.30012080e-01 4.24627826e-01 3.15535625e-01 2.08547123e-01 1.11571441e-01 3.56944926e-02 4.80513976e-16
-6.40685301e-16 3.60989777e-02 1.12760292e-01 2.10626409e-01 3.18448783e-01 4.28207496e-01 5.34021682e-01 6.31720278e-01 7.18620373e-01 7.93351179e-01 8.55647703e-01 9.06098063e-01 9.45868321e-01 9.76441768e-01 9.99402198e-01 1.01627543e+00 1.02842942e+00 1.03702439e+00 1.04300057e+00 1.04709068e+00 1.04984614e+00 1.05166852e+00 1.05284051e+00 1.05355275e+00 1.05392517e+00 1.05402185e+00 1.05385957e+00 1.05341019e+00 1.05259671e+00 1.05128318e+00 1.04925817e+00 1.04621201e+00 1.04170864e+00 1.03515418e+00 1.02576612e+00 1.01254967e+00 9.94290243e-01 9.69574007e-01 9.36849088e-01 8.94539591e-01 8.41219125e-01 7.75840501e-01 6.98003336e-01 6.08226998e-01 5.08192833e-01 4.00939316e-01 2.91039741e-01 1.84855739e-01 9.10652902e-02 2.21191940e-02 3.21967684e-03 5.24681877e-02 1.35751739e-01 2.37004773e-01 3.45968724e-01 4.55220910e-01 5.59336062e-01 6.54532219e-01 7.38471396e-01 8.10080533e-01 8.69333084e-01 9.16987510e-01 9.54312301e-01 9.82834038e-01 1.00413451e+00 1.01970728e+00 1.03087136e+00 1.03873195e+00 1.04417551e+00 1.04788667e+00 1.05037636e+00 1.05201366e+00 1.05305591e+00 1.05367435e+00 1.05397377e+00 1.05400588e+00 1.05377626e+00 1.05324515e+00 1.05232202e+00 1.05085385e+00 1.04860700e+00 1.04524303e+00 1.04028943e+00 1.03310791e+00 1.02286465e+00 1.00850972e+00 9.88775446e-01 9.62205859e-01 9.27230127e-01 8.82291107e-01 8.26033759e-01 7.57546651e-01 6.76634391e-01 5.84085960e-01 4.81905322e-01 3.73497175e-01 2.63852042e-01 1.59843062e-01 7.08855111e-02 1.09593802e-02 1.09593802e-02 7.08855111e-02 1.59843062e-01 2.63852042e-01 3.73497175e-01 4.81905322e-01 5.84085960e-01 6.76634391e-01 7.57546651e-01 8.26033759e-01 8.82291107e-01 9.27230127e-01 9.62205859e-01 9.88775446e-01 1.00850972e+00 1.02286465e+00 1.03310791e+00 1.04028943e+00 1.04524303e+00 1.04860700e+00 1.05085385e+00 1.05232202e+00 1.05324515e+00 1.05377626e+00 1.05400588e+00 1.05397377e+00 1.05367435e+00 1.05305591e+00 1.05201366e+00 1.05037636e+00 1.04788667e+00 1.04417551e+00 1.03873195e+00 1.03087136e+00 1.01970728e+00 1.00413451e+00 9.82834038e-01 9.54312301e-01 9.16987510e-01 8.69333084e-01 8.10080533e-01 7.38471396e-01 6.54532219e-01 5.59336062e-01 4.55220910e-01 3.45968724e-01 2.37004773e-01 1.35751739e-01 5.24681877e-02 3.21967684e-03 2.21191940e-02 9.10652902e-02 1.84855739e-01 2.91039741e-01 4.00939316e-01 5.08192833e-01 6.08226998e-01 6.98003336e-01 7.75840501e-01 8.41219125e-01 8.94539591e-01 9.36849088e-01 9.69574007e-01 9.94290243e-01 1.01254967e+00 1.02576612e+00 1.03515418e+00 1.04170864e+00 1.04621201e+00 1.04925817e+00 1.05128318e+00 1.05259671e+00 1.05341019e+00 1.05385957e+00 1.05402185e+00 1.05392517e+00 1.05355275e+00 1.05284051e+00 1.05166852e+00 1.04984614e+00 1.04709068e+00 1.04300057e+00 1.03702439e+00 1.02842942e+00 1.01627543e+00 9.99402198e-01 9.76441768e-01 9.45868321e-01 9.06098063e-01 8.55647703e-01 7.93351179e-01 7.18620373e-01 6.31720278e-01 5.34021682e-01 4.28207496e-01 3.18448783e-01 2.10626409e-01 1.12760292e-01 3.60989777e-02 -3.20342650e-16
-1.28137060e-15 3.65077797e-02 1.13960445e-01 2.12722575e-01 3.21380675e-01 4.31802938e-01 5.38039420e-01 6.35890235e-01 7.22680862e-01 7.97078988e-01 8.58877142e-01 9.08727765e-01 9.47857602e-01 9.77800055e-01 1.00017527e+00 1.01653147e+00 1.02824691e+00 1.03648278e+00 1.04217397e+00 1.04604433e+00 1.04863508e+00 1.05033783e+00 1.05142653e+00 1.05208489e+00 1.05242790e+00 1.05251678e+00 1.05236755e+00 1.05195334e+00 1.05120056e+00 1.04997868e+00 1.04808370e+00 1.04521504e+00 1.04094678e+00 1.03469511e+00 1.02568571e+00 1.01292782e+00 9.95203872e-01 9.71086925e-01 9.38999326e-01 8.97325270e-01 8.44585180e-01 7.79669469e-01 7.02114041e-01 6.12384347e-01 5.12129862e-01 4.04389490e-01 2.93775237e-01 1.86728163e-01 9.20498316e-02 2.23737848e-02 3.25824253e-03 5.30531789e-02 1.37173635e-01 2.39320671e-01 3.49086047e-01 4.58946344e-01 5.63417444e-01 6.58698279e-01 7.42467625e-01 8.13696796e-01 8.72419592e-01 9.19458746e-01 9.56141284e-01 9.84040623e-01 1.00477133e+00 1.01984615e+00 1.03059175e+00 1.03811245e+00 1.04328825e+00 1.04679439e+00 1.04913154e+00 1.05065904e+00 1.05162593e+00 1.05219698e+00 1.05247258e+00 1.05250210e+00 1.05229086e+00 1.05180091e+00 1.05094562e+00 1.04957793e+00 1.04747207e+00 1.04429903e+00 1.03959657e+00 1.03273614e+00 1.02289136e+00 1.00901485e+00 9.89833687e-01 9.63875857e-01 9.29541271e-01 8.85229370e-01 8.29529096e-01 7.61465407e-01 6.80780510e-01 5.88213854e-01 4.85744793e-01 3.76787644e-01 2.66381657e-01 1.61489926e-01 7.16637936e-02 1.10877930e-02 1.10877930e-02 7.16637936e-02 1.61489926e-01 2.66381657e-01 3.76787644e-01 4.85744793e-01 5.88213854e-01 6.80780510e-01 7.61465407e-01 8.29529096e-01 8.85229370e-01 9.29541271e-01 9.63875857e-01 9.89833687e-01 1.00901485e+00 1.02289136e+00 1.03273614e+00 1.03959657e+00 1.04429903e+00 1.04747207e+00 1.04957793e+00 1.05094562e+00 1.05180091e+00 1.05229086e+00 1.05250210e+00 1.05247258e+00 1.05219698e+00 1.05162593e+00 1.05065904e+00 1.04913154e+00 1.04679439e+00 1.04328825e+00 1.03811245e+00 1.03059175e+00 1.01984615e+00 1.00477133e+00 9.84040623e-01 9.56141284e-01 9.19458746e-01 8.72419592e-01 8.13696796e-01 7.42467625e-01 6.58698279e-01 5.63417444e-01 4.58946344e-01 3.49086047e-01 2.39320671e-01 1.37173635e-01 5.30531789e-02 3.25824253e-03 2.23737848e-02 9.20498316e-02 1.86728163e-01 2.93775237e-01 4.04389490e-01 5.12129862e-01 6.12384347e-01 7.02114041e-01 7.79669469e-01 8.44585180e-01 8.97325270e-01 9.38999326e-01 9.71086925e-01 9.95203872e-01 1.01292782e+00 1.02568571e+00 1.03469511e+00 1.04094678e+00 1.04521504e+00 1.04808370e+00 1.04997868e+00 1.05120056e+00 1.05195334e+00 1.05236755e+00 1.05251678e+00 1.05242790e+00 1.05208489e+00 1.05142653e+00 1.05033783e+00 1.04863508e+00 1.04604433e+00 1.04217397e+00 1.03648278e+00 1.02824691e+00 1.01653147e+00 1.00017527e+00 9.77800055e-01 9.47857602e-01 9.08727765e-01 8.58877142e-01 7.97078988e-01 7.22680862e-01 6.35890235e-01 5.38039420e-01 4.31802938e-01 3.21380675e-01 2.12722575e-01 1.13960445e-01 3.65077797e-02 -3.20342650e-16
-9.61027951e-16 3.69207716e-02 1.15171493e-01 2.14834852e-01 3.24330136e-01 4.35412619e-01 5.42063482e-01 6.40055349e-01 7.26724151e-01 8.00778278e-01 8.62069627e-01 9.11316099e-01 9.49805472e-01 9.79120945e-01 1.00091823e+00 1.01676698e+00 1.02805465e+00 1.03594247e+00 1.04135922e+00 1.04501934e+00 1.04745351e+00 1.04904322e+00 1.05005365e+00 1.05066160e+00 1.05097719e+00 1.05105881e+00 1.05092172e+00 1.05054035e+00 1.04984440e+00 1.04870875e+00 1.04693681e+00 1.04423716e+00 1.04019423e+00 1.03423460e+00 1.02559280e+00 1.01328290e+00 9.96085322e-01 9.72561099e-01 9.41107760e-01 9.00070277e-01 8.47916044e-01 7.83472539e-01 7.06210622e-01 6.16539844e-01 5.16075567e-01 4.07855194e-01 2.96528367e-01 1.88615678e-01 9.30436151e-02 2.26310564e-02 3.29723901e-03 5.36440020e-02 1.38607979e-01 2.41653457e-01 3.52220567e-01 4.62684434e-01 5.67502592e-01 6.62856429e-01 7.46443644e-01 8.17282103e-01 8.75467639e-01 9.21888195e-01 9.57929504e-01 9.85211365e-01 1.00538028e+00 1.01996711e+00 1.03030517e+00 1.03749696e+00 1.04241533e+00 1.04572563e+00 1.04791799e+00 1.04934191e+00 1.05023807e+00 1.05076483e+00 1.05101823e+00 1.05104533e+00 1.05085121e+00 1.05039970e+00 1.04960801e+00 1.04833498e+00 1.04636273e+00 1.04337179e+00 1.03891038e+00 1.03236017e+00 1.02290285e+00 1.00949445e+00 9.90857830e-01 9.65505983e-01 9.31810484e-01 8.88127930e-01 8.32991247e-01 7.65361045e-01 6.84915614e-01 5.92342778e-01 4.89595059e-01 3.80094631e-01 2.68928674e-01 1.63150652e-01 7.24496124e-02 1.12175958e-02 1.12175958e-02 7.24496124e-02 1.63150652e-01 2.68928674e-01 3.80094631e-01 4.89595059e-01 5.92342778e-01 6.84915614e-01 7.65361045e-01 8.32991247e-01 8.88127930e-01 9.31810484e-01 9.65505983e-01 9.90857830e-01 1.00949445e+00 1.02290285e+00 1.03236017e+00 1.03891038e+00 1.04337179e+00 1.04636273e+00 1.04833498e+00 1.04960801e+00 1.05039970e+00 1.05085121e+00 1.05104533e+00 1.05101823e+00 1.05076483e+00 1.05023807e+00 1.04934191e+00 1.04791799e+00 1.04572563e+00 1.04241533e+00 1.03749696e+00 1.03030517e+00 1.01996711e+00 1.00538028e+00 9.85211365e-01 9.57929504e-01 9.21888195e-01 8.75467639e-01 8.17282103e-01 7.46443644e-01 6.62856429e-01 5.67502592e-01 4.62684434e-01 3.52220567e-01 2.41653457e-01 1.38607979e-01 5.36440020e-02 3.29723901e-03 2.26310564e-02 9.30436151e-02 1.88615678e-01 2.96528367e-01 4.07855194e-01 5.16075567e-01 6.16539844e-01 7.06210622e-01 7.83472539e-01 8.47916044e-01 9.00070277e-01 9.41107760e-01 9.72561099e-01 9.96085322e-01 1.01328290e+00 1.02559280e+00 1.03423460e+00 1.04019423e+00 1.04423716e+00 1.04693681e+00 1.04870875e+00 1.04984440e+00 1.05054035e+00 1.05092172e+00 1.05105881e+00 1.05097719e+00 1.05066160e+00 1.05005365e+00 1.04904322e+00 1.04745351e+00 1.04501934e+00 1.04135922e+00 1.03594247e+00 1.02805465e+00 1.01676698e+00 1.00091823e+00 9.79120945e-01 9.49805472e-01 9.11316099e-01 8.62069627e-01 8.00778278e-01 7.26724151e-01 6.40055349e-01 5.42063482e-01 4.35412619e-01 3.24330136e-01 2.14834852e-01 1.15171493e-01 3.69207716e-02 -9.61027951e-16
3.20342650e-16 3.73378335e-02 1.16393053e-01 2.16962510e-01 3.27296060e-01 4.39035085e-01 5.46092161e-01 6.44213804e-01 7.30748491e-01 8.04447533e-01 8.65223996e-01 9.13862314e-01 9.51711589e-01 9.80404444e-01 1.00163136e+00 1.01698234e+00 1.02785304e+00 1.03540375e+00 1.04055642e+00 1.04401556e+00 1.04630102e+00 1.04778403e+00 1.04872099e+00 1.04928185e+00 1.04957190e+00 1.04964677e+00 1.04952099e+00 1.04917020e+00 1.04852740e+00 1.04747281e+00 1.04581718e+00 1.04327830e+00 1.03945111e+00 1.03377297e+00 1.02548778e+00 1.01361527e+00 9.96934798e-01 9.73996457e-01 9.43173952e-01 9.02773754e-01 8.51210456e-01 7.87248122e-01 7.10291297e-01 6.20691685e-01 5.20028293e-01 4.11335055e-01 2.99298119e-01 1.90517647e-01 9.40463325e-02 2.28909357e-02 3.33665581e-03 5.42404816e-02 1.40054309e-01 2.44002309e-01 3.55371089e-01 4.66433650e-01 5.71589756e-01 6.67004854e-01 7.50397749e-01 8.20835017e-01 8.78476163e-01 9.24275213e-01 9.59676712e-01 9.86346343e-01 1.00596165e+00 1.02007056e+00 1.03001198e+00 1.03688573e+00 1.04155679e+00 1.04468019e+00 1.04673526e+00 1.04806154e+00 1.04889139e+00 1.04937682e+00 1.04960956e+00 1.04963442e+00 1.04945622e+00 1.04904055e+00 1.04830841e+00 1.04712447e+00 1.04527873e+00 1.04246129e+00 1.03823107e+00 1.03198035e+00 1.02289951e+00 1.00994885e+00 9.91848020e-01 9.67096081e-01 9.34037225e-01 8.90985827e-01 8.36418860e-01 7.69231912e-01 6.89037897e-01 5.96470949e-01 4.93454523e-01 3.83416850e-01 2.71492177e-01 1.64824688e-01 7.32427291e-02 1.13487526e-02 1.13487526e-02 7.32427291e-02 1.64824688e-01 2.71492177e-01 3.83416850e-01 4.93454523e-01 5.96470949e-01 6.89037897e-01 7.69231912e-01 8.36418860e-01 8.90985827e-01 9.34037225e-01 9.67096081e-01 9.91848020e-01 1.00994885e+00 1.02289951e+00 1.03198035e+00 1.03823107e+00 1.04246129e+00 1.04527873e+00 1.04712447e+00 1.04830841e+00 1.04904055e+00 1.04945622e+00 1.04963442e+00 1.04960956e+00 1.04937682e+00 1.04889139e+00 1.04806154e+00 1.04673526e+00 1.04468019e+00 1.04155679e+00 1.03688573e+00 1.03001198e+00 1.02007056e+00 1.00596165e+00 9.86346343e-01 9.59676712e-01 9.24275213e-01 8.78476163e-01 8.20835017e-01 7.50397749e-01 6.67004854e-01 5.71589756e-01 4.66433650e-01 3.55371089e-01 2.44002309e-01 1.40054309e-01 5.42404816e-02 3.33665581e-03 2.28909357e-02 9.40463325e-02 1.90517647e-01 2.99298119e-01 4.11335055e-01 5.20028293e-01 6.20691685e-01 7.10291297e-01 7.87248122e-01 8.51210456e-01 9.02773754e-01 9.43173952e-01 9.73996457e-01 9.96934798e-01 1.01361527e+00 1.02548778e+00 1.03377297e+00 1.03945111e+00 1.04327830e+00 1.04581718e+00 1.04747281e+00 1.04852740e+00 1.04917020e+00 1.04952099e+00 1.04964677e+00 1.04957190e+00 1.04928185e+00 1.04872099e+00 1.04778403e+00 1.04630102e+00 1.04401556e+00 1.04055642e+00 1.03540375e+00 1.02785304e+00 1.01698234e+00 1.00163136e+00 9.80404444e-01 9.51711589e-01 9.13862314e-01 8.65223996e-01 8.04447533e-01 7.30748491e-01 6.44213804e-01 5.46092161e-01 4.39035085e-01 3.27296060e-01 2.16962510e-01 1.16393053e-01 3.73378335e-02 1.60171325e-16
8.00856626e-16 3.77588520e-02 1.17624762e-01 2.19104859e-01 3.30277401e-01 4.42668961e-01 5.50123846e-01 6.48363896e-01 7.34752255e-01 8.08085360e-01 8.68339206e-01 9.16365770e-01 9.53575703e-01 9.81650631e-01 1.00231494e+00 1.01717796e+00 1.02764247e+00 1.03486689e+00 1.03976564e+00 1.04303282e+00 1.04517716e+00 1.04655956e+00 1.04742765e+00 1.04794457e+00 1.04821086e+00 1.04827947e+00 1.04816418e+00 1.04784186e+00 1.04724871e+00 1.04627020e+00 1.04472442e+00 1.04233835e+00 1.03871757e+00 1.03331054e+00 1.02537107e+00 1.01392531e+00 9.97752558e-01 9.75393002e-01 9.45197557e-01 9.05434960e-01 8.54467281e-01 7.90994756e-01 7.14354404e-01 6.24838174e-01 5.23986475e-01 4.14827775e-01 3.02083535e-01 1.92433466e-01 9.50576923e-02 2.31533538e-02 3.37648304e-03 5.48424519e-02 1.41512183e-01 2.46366448e-01 3.58536477e-01 4.70192549e-01 5.75677285e-01 6.71141852e-01 7.54328358e-01 8.24354225e-01 8.81444218e-01 9.26619259e-01 9.61382750e-01 9.87445702e-01 1.00651578e+00 1.02015691e+00 1.02971257e+00 1.03627898e+00 1.04071265e+00 1.04365783e+00 1.04558282e+00 1.04681717e+00 1.04758494e+00 1.04803184e+00 1.04824538e+00 1.04826816e+00 1.04810475e+00 1.04772246e+00 1.04704601e+00 1.04594584e+00 1.04421975e+00 1.04156748e+00 1.03755881e+00 1.03159702e+00 1.02288176e+00 1.01037843e+00 9.92804462e-01 9.68646075e-01 9.36221054e-01 8.93802217e-01 8.39810708e-01 7.73076482e-01 6.93145674e-01 6.00596688e-01 4.97321678e-01 3.86753081e-01 2.74071297e-01 1.66511516e-01 7.40429181e-02 1.14812295e-02 1.14812295e-02 7.40429181e-02 1.66511516e-01 2.74071297e-01 3.86753081e-01 4.97321678e-01 6.00596688e-01 6.93145674e-01 7.73076482e-01 8.39810708e-01 8.93802217e-01 9.36221054e-01 9.68646075e-01 9.92804462e-01 1.01037843e+00 1.02288176e+00 1.03159702e+00 1.03755881e+00 1.04156748e+00 1.04421975e+00 1.04594584e+00 1.04704601e+00 1.04772246e+00 1.04810475e+00 1.04826816e+00 1.04824538e+00 1.04803184e+00 1.04758494e+00 1.04681717e+00 1.04558282e+00 1.04365783e+00 1.04071265e+00 1.03627898e+00 1.02971257e+00 1.02015691e+00 1.00651578e+00 9.87445702e-01 9.61382750e-01 9.26619259e-01 8.81444218e-01 8.24354225e-01 7.54328358e-01 6.71141852e-01 5.75677285e-01 4.70192549e-01 3.58536477e-01 2.46366448e-01 1.41512183e-01 5.48424519e-02 3.37648304e-03 2.31533538e-02 9.50576923e-02 1.92433466e-01 3.02083535e-01 4.14827775e-01 5.23986475e-01 6.24838174e-01 7.14354404e-01 7.90994756e-01 8.54467281e-01 9.05434960e-01 9.45197557e-01 9.75393002e-01 9.97752558e-01 1.01392531e+00 1.02537107e+00 1.03331054e+00 1.03871757e+00 1.04233835e+00 1.04472442e+00 1.04627020e+00 1.04724871e+00 1.04784186e+00 1.04816418e+00 1.04827947e+00 1.04821086e+00 1.04794457e+00 1.04742765e+00 1.04655956e+00 1.04517716e+00 1.04303282e+00 1.03976564e+00 1.03486689e+00 1.02764247e+00 1.01717796e+00 1.00231494e+00 9.81650631e-01 9.53575703e-01 9.16365770e-01 8.68339206e-01 8.08085360e-01 7.34752255e-01 6.48363896e-01 5.50123846e-01 4.42668961e-01 3.30277401e-01 2.19104859e-01 1.17624762e-01 3.77588520e-02 4.80513976e-16
6.40685301e-16 3.81837200e-02 1.18866277e-01 2.21261244e-01 3.33273167e-01 4.46312948e-01 5.54157017e-01 6.52504027e-01 7.38733933e-01 8.11690487e-01 8.71414327e-01 9.18825929e-01 9.55397652e-01 9.82859650e-01 1.00296933e+00 1.01735428e+00 1.02742334e+00 1.03433216e+00 1.03898694e+00 1.04207090e+00 1.04408146e+00 1.04536909e+00 1.04617267e+00 1.04664864e+00 1.04689288e+00 1.04695568e+00 1.04685011e+00 1.04655425e+00 1.04600742e+00 1.04510028e+00 1.04365813e+00 1.04141717e+00 1.03799372e+00 1.03284760e+00 1.02524309e+00 1.01421347e+00 9.98538910e-01 9.76750811e-01 9.47178324e-01 9.08053257e-01 8.57685496e-01 7.94711095e-01 7.18398394e-01 6.28977716e-01 5.27948637e-01 4.18332124e-01 3.04883708e-01 1.94362563e-01 9.60774188e-02 2.34182456e-02 3.41671139e-03 5.54497562e-02 1.42981187e-01 2.48745136e-01 3.61715658e-01 4.73959764e-01 5.79763627e-01 6.75265833e-01 7.58234006e-01 8.27838531e-01 8.84370972e-01 9.28919892e-01 9.63047538e-01 9.88509649e-01 1.00704306e+00 1.02022661e+00 1.02940730e+00 1.03567694e+00 1.03988289e+00 1.04265826e+00 1.04446015e+00 1.04560804e+00 1.04631774e+00 1.04672877e+00 1.04692448e+00 1.04694532e+00 1.04679564e+00 1.04644441e+00 1.04581997e+00 1.04479847e+00 1.04318545e+00 1.04069029e+00 1.03689379e+00 1.03121053e+00 1.02285003e+00 1.01078359e+00 9.93727417e-01 9.70155968e-01 9.38361627e-01 8.96576364e-01 8.43165679e-01 7.76893347e-01 6.97237369e-01 6.04718418e-01 5.01195098e-01 3.90102172e-01 2.76665211e-01 1.68210642e-01 7.48499663e-02 1.16149945e-02 1.16149945e-02 7.48499663e-02 1.68210642e-01 2.76665211e-01 3.90102172e-01 5.01195098e-01 6.04718418e-01 6.97237369e-01 7.76893347e-01 8.43165679e-01 8.96576364e-01 9.38361627e-01 9.70155968e-01 9.93727417e-01 1.01078359e+00 1.02285003e+00 1.03121053e+00 1.03689379e+00 1.04069029e+00 1.04318545e+00 1.04479847e+00 1.04581997e+00 1.04644441e+00 1.04679564e+00 1.04694532e+00 1.04692448e+00 1.04672877e+00 1.04631774e+00 1.04560804e+00 1.04446015e+00 1.04265826e+00 1.03988289e+00 1.03567694e+00 1.02940730e+00 1.02022661e+00 1.00704306e+00 9.88509649e-01 9.63047538e-01 9.28919892e-01 8.84370972e-01 8.27838531e-01 7.58234006e-01 6.75265833e-01 5.79763627e-01 4.73959764e-01 3.61715658e-01 2.48745136e-01 1.42981187e-01 5.54497562e-02 3.41671139e-03 2.34182456e-02 9.60774188e-02 1.94362563e-01 3.04883708e-01 4.18332124e-01 5.27948637e-01 6.28977716e-01 7.18398394e-01 7.94711095e-01 8.57685496e-01 9.08053257e-01 9.47178324e-01 9.76750811e-01 9.98538910e-01 1.01421347e+00 1.02524309e+00 1.03284760e+00 1.03799372e+00 1.04141717e+00 1.04365813e+00 1.04510028e+00 1.04600742e+00 1.04655425e+00 1.04685011e+00 1.04695568e+00 1.04689288e+00 1.04664864e+00 1.04617267e+00 1.04536909e+00 1.04408146e+00 1.04207090e+00 1.03898694e+00 1.03433216e+00 1.02742334e+00 1.01735428e+00 1.00296933e+00 9.82859650e-01 9.55397652e-01 9.18825929e-01 8.71414327e-01 8.11690487e-01 7.38733933e-01 6.52504027e-01 5.54157017e-01 4.46312948e-01 3.33273167e-01 2.21261244e-01 1.18866277e-01 3.81837200e-02 -0.00000000e+00
-3.20342650e-16 3.86123367e-02 1.20117272e-01 2.23431047e-01 3.36282419e-01 4.49965815e-01 5.58190240e-01 6.56632701e-01 7.42692121e-01 8.15261751e-01 8.74448539e-01 9.21242348e-01 9.57177352e-01 9.84031707e-01 1.00359492e+00 1.01751175e+00 1.02719605e+00 1.03379982e+00 1.03822034e+00 1.04112959e+00 1.04301343e+00 1.04421186e+00 1.04495511e+00 1.04539295e+00 1.04561673e+00 1.04567416e+00 1.04557760e+00 1.04530629e+00 1.04480264e+00 1.04396235e+00 1.04261787e+00 1.04051459e+00 1.03727964e+00 1.03238447e+00 1.02510426e+00 1.01448017e+00 9.99294211e-01 9.78070026e-01 9.49116084e-01 9.10628110e-01 8.60864188e-01 7.98395906e-01 7.22421828e-01 6.33108817e-01 5.31913386e-01 4.21846939e-01 3.07697779e-01 1.96304397e-01 9.71052518e-02 2.36855496e-02 3.45733207e-03 5.60622466e-02 1.44460928e-01 2.51137675e-01 3.64907616e-01 4.77734005e-01 5.83847316e-01 6.79375307e-01 7.62113340e-01 8.31286852e-01 8.87255697e-01 9.31176766e-01 9.64671074e-01 9.89538445e-01 1.00754390e+00 1.02028010e+00 1.02909656e+00 1.03507981e+00 1.03906749e+00 1.04168120e+00 1.04336668e+00 1.04443332e+00 1.04508877e+00 1.04546644e+00 1.04564563e+00 1.04566469e+00 1.04552772e+00 1.04520533e+00 1.04462943e+00 1.04368174e+00 1.04217547e+00 1.03982963e+00 1.03623614e+00 1.03082122e+00 1.02280477e+00 1.01116477e+00 9.94617198e-01 9.71625833e-01 9.40458686e-01 8.99307636e-01 8.46482773e-01 7.80681207e-01 7.01311513e-01 6.08834653e-01 5.05073438e-01 3.93463031e-01 2.79273141e-01 1.69921601e-01 7.56636725e-02 1.17500175e-02 1.17500175e-02 7.56636725e-02 1.69921601e-01 2.79273141e-01 3.93463031e-01 5.05073438e-01 6.08834653e-01 7.01311513e-01 7.80681207e-01 8.46482773e-01 8.99307636e-01 9.40458686e-01 9.71625833e-01 9.94617198e-01 1.01116477e+00 1.02280477e+00 1.03082122e+00 1.03623614e+00 1.03982963e+00 1.04217547e+00 1.04368174e+00 1.04462943e+00 1.04520533e+00 1.04552772e+00 1.04566469e+00 1.04564563e+00 1.04546644e+00 1.04508877e+00 1.04443332e+00 1.04336668e+00 1.04168120e+00 1.03906749e+00 1.03507981e+00 1.02909656e+00 1.02028010e+00 1.00754390e+00 9.89538445e-01 9.64671074e-01 9.31176766e-01 8.87255697e-01 8.31286852e-01 7.62113340e-01 6.79375307e-01 5.83847316e-01 4.77734005e-01 3.64907616e-01 2.51137675e-01 1.44460928e-01 5.60622466e-02 3.45733207e-03 2.36855496e-02 9.71052518e-02 1.96304397e-01 3.07697779e-01 4.21846939e-01 5.31913386e-01 6.33108817e-01 7.22421828e-01 7.98395906e-01 8.60864188e-01 9.10628110e-01 9.49116084e-01 9.78070026e-01 9.99294211e-01 1.01448017e+00 1.02510426e+00 1.03238447e+00 1.03727964e+00 1.04051459e+00 1.04261787e+00 1.04396235e+00 1.04480264e+00 1.04530629e+00 1.04557760e+00 1.04567416e+00 1.04561673e+00 1.04539295e+00 1.04495511e+00 1.04421186e+00 1.04301343e+00 1.04112959e+00 1.03822034e+00 1.03379982e+00 1.02719605e+00 1.01751175e+00 1.00359492e+00 9.84031707e-01 9.57177352e-01 9.21242348e-01 8.74448539e-01 8.15261751e-01 7.42692121e-01 6.56632701e-01 5.58190240e-01 4.49965815e-01 3.36282419e-01 2.23431047e-01 1.20117272e-01 3.86123367e-02 1.60171325e-16
-6.40685301e-16 3.90446068e-02 1.21377441e-01 2.25613681e-01 3.39304268e-01 4.53626399e-01 5.62222167e-01 6.60748514e-01 7.46625521e-01 8.18798094e-01 8.77441118e-01 9.23614675e-01 9.58914795e-01 9.85167066e-01 1.00419214e+00 1.01765086e+00 1.02696101e+00 1.03327010e+00 1.03746586e+00 1.04020863e+00 1.04197255e+00 1.04308713e+00 1.04377398e+00 1.04417638e+00 1.04438121e+00 1.04443366e+00 1.04434544e+00 1.04409690e+00 1.04363343e+00 1.04285570e+00 1.04160321e+00 1.03963045e+00 1.03657542e+00 1.03192144e+00 1.02495503e+00 1.01472592e+00 1.00001886e+00 9.79350852e-01 9.51010749e-01 9.13159071e-01 8.64002545e-01 8.02048060e-01 7.26423365e-01 6.37230072e-01 5.35879407e-01 4.25371119e-01 3.10524934e-01 1.98258455e-01 9.81409453e-02 2.39552082e-02 3.49833684e-03 5.66797836e-02 1.45951032e-01 2.53543403e-01 3.68111387e-01 4.81514050e-01 5.87926977e-01 6.83468883e-01 7.65965108e-01 8.34698207e-01 8.90097762e-01 9.33389616e-01 9.66253427e-01 9.90532407e-01 1.00801876e+00 1.02031786e+00 1.02878071e+00 1.03448779e+00 1.03826640e+00 1.04072634e+00 1.04230182e+00 1.04329220e+00 1.04389703e+00 1.04424372e+00 1.04440761e+00 1.04442502e+00 1.04429981e+00 1.04400419e+00 1.04347353e+00 1.04259501e+00 1.04118942e+00 1.03898538e+00 1.03558601e+00 1.03042943e+00 1.02274643e+00 1.01152244e+00 9.95474166e-01 9.73055808e-01 9.42512057e-01 9.01995494e-01 8.49761091e-01 7.84438870e-01 7.05366735e-01 6.12943998e-01 5.08955427e-01 3.96834625e-01 2.81894349e-01 1.71643953e-01 7.64838466e-02 1.18862701e-02 1.18862701e-02 7.64838466e-02 1.71643953e-01 2.81894349e-01 3.96834625e-01 5.08955427e-01 6.12943998e-01 7.05366735e-01 7.84438870e-01 8.49761091e-01 9.01995494e-01 9.42512057e-01 9.73055808e-01 9.95474166e-01 1.01152244e+00 1.02274643e+00 1.03042943e+00 1.03558601e+00 1.03898538e+00 1.04118942e+00 1.04259501e+00 1.04347353e+00 1.04400419e+00 1.04429981e+00 1.04442502e+00 1.04440761e+00 1.04424372e+00 1.04389703e+00 1.04329220e+00 1.04230182e+00 1.04072634e+00 1.03826640e+00 1.03448779e+00 1.02878071e+00 1.02031786e+00 1.00801876e+00 9.90532407e-01 9.66253427e-01 9.33389616e-01 8.90097762e-01 8.34698207e-01 7.65965108e-01 6.83468883e-01 5.87926977e-01 4.81514050e-01 3.68111387e-01 2.53543403e-01 1.45951032e-01 5.66797836e-02 3.49833684e-03 2.39552082e-02 9.81409453e-02 1.98258455e-01 3.10524934e-01 4.25371119e-01 5.35879407e-01 6.37230072e-01 7.26423365e-01 8.02048060e-01 8.64002545e-01 9.13159071e-01 9.51010749e-01 9.79350852e-01 1.00001886e+00 1.01472592e+00 1.02495503e+00 1.03192144e+00 1.03657542e+00 1.03963045e+00 1.04160321e+00 1.04285570e+00 1.04363343e+00 1.04409690e+00 1.04434544e+00 1.04443366e+00 1.04438121e+00 1.04417638e+00 1.04377398e+00 1.04308713e+00 1.04197255e+00 1.04020863e+00 1.03746586e+00 1.03327010e+00 1.02696101e+00 1.01765086e+00 1.00419214e+00 9.85167066e-01 9.58914795e-01 9.23614675e-01 8.77441118e-01 8.18798094e-01 7.46625521e-01 6.60748514e-01 5.62222167e-01 4.53626399e-01 3.39304268e-01 2.25613681e-01 1.21377441e-01 3.90446068e-02 -3.20342650e-16
9.61027951e-16 3.94804405e-02 1.22646494e-01 2.27808593e-01 3.42337872e-01 4.57293599e-01 5.66251522e-01 6.64850153e-01 7.50532928e-01 8.22298557e-01 8.80391436e-01 9.25942640e-01 9.60610042e-01 9.86266042e-01 1.00476146e+00 1.01777209e+00 1.02671865e+00 1.03274325e+00 1.03672352e+00 1.03930777e+00 1.04095829e+00 1.04199411e+00 1.04262832e+00 1.04299780e+00 1.04318509e+00 1.04323295e+00 1.04315242e+00 1.04292497e+00 1.04249886e+00 1.04177963e+00 1.04061368e+00 1.03876454e+00 1.03588114e+00 1.03145881e+00 1.02479583e+00 1.01495119e+00 1.00071329e+00 9.80593550e-01 9.52862303e-01 9.15645783e-01 8.67099851e-01 8.05666524e-01 7.30401760e-01 6.41340163e-01 5.39845458e-01 4.28903623e-01 3.13364401e-01 2.00224254e-01 9.91842670e-02 2.42271666e-02 3.53971791e-03 5.73022357e-02 1.47451150e-01 2.55961694e-01 3.71326060e-01 4.85298745e-01 5.92001312e-01 6.87545261e-01 7.69788156e-01 8.38071712e-01 8.92896626e-01 9.35558262e-01 9.67794729e-01 9.91491899e-01 1.00846811e+00 1.02034036e+00 1.02846015e+00 1.03390106e+00 1.03747957e+00 1.03979334e+00 1.04126499e+00 1.04218386e+00 1.04274149e+00 1.04305943e+00 1.04320919e+00 1.04322507e+00 1.04311074e+00 1.04283992e+00 1.04235137e+00 1.04153762e+00 1.04022692e+00 1.03815742e+00 1.03494353e+00 1.03003549e+00 1.02267549e+00 1.01185709e+00 9.96298725e-01 9.74446094e-01 9.44521644e-01 9.04639489e-01 8.52999832e-01 7.88165239e-01 7.09401759e-01 6.17045140e-01 5.12839862e-01 4.00215975e-01 2.84528137e-01 1.73377280e-01 7.73103093e-02 1.20237254e-02 1.20237254e-02 7.73103093e-02 1.73377280e-01 2.84528137e-01 4.00215975e-01 5.12839862e-01 6.17045140e-01 7.09401759e-01 7.88165239e-01 8.52999832e-01 9.04639489e-01 9.44521644e-01 9.74446094e-01 9.96298725e-01 1.01185709e+00 1.02267549e+00 1.03003549e+00 1.03494353e+00 1.03815742e+00 1.04022692e+00 1.04153762e+00 1.04235137e+00 1.04283992e+00 1.04311074e+00 1.04322507e+00 1.04320919e+00 1.04305943e+00 1.04274149e+00 1.04218386e+00 1.04126499e+00 1.03979334e+00 1.03747957e+00 1.03390106e+00 1.02846015e+00 1.02034036e+00 1.00846811e+00 9.91491899e-01 9.67794729e-01 9.35558262e-01 8.92896626e-01 8.38071712e-01 7.69788156e-01 6.87545261e-01 5.92001312e-01 4.85298745e-01 3.71326060e-01 2.55961694e-01 1.47451150e-01 5.73022357e-02 3.53971791e-03 2.42271666e-02 9.91842670e-02 2.00224254e-01 3.13364401e-01 4.28903623e-01 5.39845458e-01 6.41340163e-01 7.30401760e-01 8.05666524e-01 8.67099851e-01 9.15645783e-01 9.52862303e-01 9.80593550e-01 1.00071329e+00 1.01495119e+00 1.02479583e+00 1.03145881e+00 1.03588114e+00 1.03876454e+00 1.04061368e+00 1.04177963e+00 1.04249886e+00 1.04292497e+00 1.04315242e+00 1.04323295e+00 1.04318509e+00 1.04299780e+00 1.04262832e+00 1.04199411e+00 1.04095829e+00 1.03930777e+00 1.03672352e+00 1.03274325e+00 1.02671865e+00 1.01777209e+00 1.00476146e+00 9.86266042e-01 9.60610042e-01 9.25942640e-01 8.80391436e-01 8.22298557e-01 7.50532928e-01 6.64850153e-01 5.66251522e-01 4.57293599e-01 3.42337872e-01 2.27808593e-01 1.22646494e-01 3.94804405e-02 1.60171325e-16
9.61027951e-16 3.99197532e-02 1.23924158e-01 2.30015256e-01 3.45382432e-01 4.60966373e-01 5.70277105e-01 6.68936387e-01 7.54413230e-01 8.25762270e-01 8.83298949e-01 9.28226051e-01 9.62263220e-01 9.87328999e-01 1.00530337e+00 1.01787595e+00 1.02646937e+00 1.03221952e+00 1.03599331e+00 1.03842674e+00 1.03997011e+00 1.04093202e+00 1.04151714e+00 1.04185608e+00 1.04202716e+00 1.04207079e+00 1.04199737e+00 1.04178941e+00 1.04139801e+00 1.04073340e+00 1.03964879e+00 1.03791667e+00 1.03519684e+00 1.03099685e+00 1.02462712e+00 1.01515651e+00 1.00137799e+00 9.81798434e-01 9.54670797e-01 9.18087967e-01 8.70155476e-01 8.09250361e-01 7.34355858e-01 6.45437854e-01 5.43810367e-01 4.32443463e-01 3.16215450e-01 2.02201334e-01 1.00234997e-01 2.45013736e-02 3.58146795e-03 5.79294784e-02 1.48960948e-01 2.58391954e-01 3.74550771e-01 4.89086999e-01 5.96069098e-01 6.91603227e-01 7.73581423e-01 8.41406576e-01 8.95651837e-01 9.37682596e-01 9.69295176e-01 9.92417329e-01 1.00889248e+00 1.02034812e+00 1.02813525e+00 1.03331980e+00 1.03670692e+00 1.03888186e+00 1.04025559e+00 1.04110745e+00 1.04162114e+00 1.04191244e+00 1.04204914e+00 1.04206361e+00 1.04195931e+00 1.04171146e+00 1.04126207e+00 1.04050891e+00 1.03928755e+00 1.03734561e+00 1.03430882e+00 1.02963975e+00 1.02259242e+00 1.01216925e+00 9.97091321e-01 9.75796947e-01 9.46487419e-01 9.07239256e-01 8.56198283e-01 7.91859310e-01 7.13415393e-01 6.21136847e-01 5.16725609e-01 4.03606152e-01 2.87173841e-01 1.75121190e-01 7.81428913e-02 1.21623582e-02 1.21623582e-02 7.81428913e-02 1.75121190e-01 2.87173841e-01 4.03606152e-01 5.16725609e-01 6.21136847e-01 7.13415393e-01 7.91859310e-01 8.56198283e-01 9.07239256e-01 9.46487419e-01 9.75796947e-01 9.97091321e-01 1.01216925e+00 1.02259242e+00 1.02963975e+00 1.03430882e+00 1.03734561e+00 1.03928755e+00 1.04050891e+00 1.04126207e+00 1.04171146e+00 1.04195931e+00 1.04206361e+00 1.04204914e+00 1.04191244e+00 1.04162114e+00 1.04110745e+00 1.04025559e+00 1.03888186e+00 1.03670692e+00 1.03331980e+00 1.02813525e+00 1.02034812e+00 1.00889248e+00 9.92417329e-01 9.69295176e-01 9.37682596e-01 8.95651837e-01 8.41406576e-01 7.73581423e-01 6.91603227e-01 5.96069098e-01 4.89086999e-01 3.74550771e-01 2.58391954e-01 1.48960948e-01 5.79294784e-02 3.58146795e-03 2.45013736e-02 1.00234997e-01 2.02201334e-01 3.16215450e-01 4.32443463e-01 5.43810367e-01 6.45437854e-01 7.34355858e-01 8.09250361e-01 8.70155476e-01 9.18087967e-01 9.54670797e-01 9.81798434e-01 1.00137799e+00 1.01515651e+00 1.02462712e+00 1.03099685e+00 1.03519684e+00 1.03791667e+00 1.03964879e+00 1.04073340e+00 1.04139801e+00 1.04178941e+00 1.04199737e+00 1.04207079e+00 1.04202716e+00 1.04185608e+00 1.04151714e+00 1.04093202e+00 1.03997011e+00 1.03842674e+00 1.03599331e+00 1.03221952e+00 1.02646937e+00 1.01787595e+00 1.00530337e+00 9.87328999e-01 9.62263220e-01 9.28226051e-01 8.83298949e-01 8.25762270e-01 7.54413230e-01 6.68936387e-01 5.70277105e-01 4.60966373e-01 3.45382432e-01 2.30015256e-01 1.23924158e-01 3.99197532e-02 8.00856626e-16
-0.00000000e+00 4.03624649e-02 1.25210172e-01 2.32233173e-01 3.48437192e-01 4.64643734e-01 5.74297783e-01 6.73006065e-01 7.58265397e-01 8.29188450e-01 8.86163199e-01 9.30464788e-01 9.63874511e-01 9.88356346e-01 1.00581839e+00 1.01796298e+00 1.02621360e+00 1.03169912e+00 1.03527521e+00 1.03756524e+00 1.03900748e+00 1.03990009e+00 1.04043947e+00 1.04075012e+00 1.04090624e+00 1.04094596e+00 1.04087909e+00 1.04068914e+00 1.04032994e+00 1.03971630e+00 1.03870809e+00 1.03708662e+00 1.03452258e+00 1.03053585e+00 1.02444935e+00 1.01534242e+00 1.00201345e+00 9.82965866e-01 9.56436345e-01 9.20485420e-01 8.73168875e-01 8.12798715e-01 7.38284587e-01 6.49521985e-01 5.47773028e-01 4.35989703e-01 3.19077389e-01 2.04189261e-01 1.01292929e-01 2.47777806e-02 3.62358010e-03 5.85613946e-02 1.50480111e-01 2.60833622e-01 3.77784700e-01 4.92877778e-01 6.00129186e-01 6.95641645e-01 7.77343929e-01 8.44702090e-01 8.98363017e-01 9.39762579e-01 9.70755015e-01 9.93309144e-01 1.00929239e+00 1.02034163e+00 1.02780639e+00 1.03274419e+00 1.03594837e+00 1.03799156e+00 1.03927301e+00 1.04006215e+00 1.04053495e+00 1.04080161e+00 1.04092625e+00 1.04093943e+00 1.04084438e+00 1.04061777e+00 1.04020476e+00 1.03950822e+00 1.03837090e+00 1.03654981e+00 1.03368199e+00 1.02924254e+00 1.02249770e+00 1.01245945e+00 9.97852434e-01 9.77108677e-01 9.48409424e-01 9.09794504e-01 8.59355816e-01 7.95520163e-01 7.17406532e-01 6.25217958e-01 5.20611593e-01 4.07004279e-01 2.89830835e-01 1.76875307e-01 7.89814325e-02 1.23021450e-02 1.23021450e-02 7.89814325e-02 1.76875307e-01 2.89830835e-01 4.07004279e-01 5.20611593e-01 6.25217958e-01 7.17406532e-01 7.95520163e-01 8.59355816e-01 9.09794504e-01 9.48409424e-01 9.77108677e-01 9.97852434e-01 1.01245945e+00 1.02249770e+00 1.02924254e+00 1.03368199e+00 1.03654981e+00 1.03837090e+00 1.03950822e+00 1.04020476e+00 1.04061777e+00 1.04084438e+00 1.04093943e+00 1.04092625e+00 1.04080161e+00 1.04053495e+00 1.04006215e+00 1.03927301e+00 1.03799156e+00 1.03594837e+00 1.03274419e+00 1.02780639e+00 1.02034163e+00 1.00929239e+00 9.93309144e-01 9.70755015e-01 9.39762579e-01 8.98363017e-01 8.44702090e-01 7.77343929e-01 6.95641645e-01 6.00129186e-01 4.92877778e-01 3.77784700e-01 2.60833622e-01 1.50480111e-01 5.85613946e-02 3.62358010e-03 2.47777806e-02 1.01292929e-01 2.04189261e-01 3.19077389e-01 4.35989703e-01 5.47773028e-01 6.49521985e-01 7.38284587e-01 8.12798715e-01 8.73168875e-01 9.20485420e-01 9.56436345e-01 9.82965866e-01 1.00201345e+00 1.01534242e+00 1.02444935e+00 1.03053585e+00 1.03452258e+00 1.03708662e+00 1.03870809e+00 1.03971630e+00 1.04032994e+00 1.04068914e+00 1.04087909e+00 1.04094596e+00 1.04090624e+00 1.04075012e+00 1.04043947e+00 1.03990009e+00 1.03900748e+00 1.03756524e+00 1.03527521e+00 1.03169912e+00 1.02621360e+00 1.01796298e+00 1.00581839e+00 9.88356346e-01 9.63874511e-01 9.30464788e-01 8.86163199e-01 8.29188450e-01 7.58265397e-01 6.73006065e-01 5.74297783e-01 4.64643734e-01 3.48437192e-01 2.32233173e-01 1.25210172e-01 4.03624649e-02 -0.00000000e+00
-0.00000000e+00 4.08085003e-02 1.26504292e-01 2.34461872e-01 3.51501433e-01 4.68324746e-01 5.78312487e-01 6.77058107e-01 7.62088480e-01 8.32576394e-01 8.88983797e-01 9.32658797e-01 9.65444154e-01 9.89348530e-01 1.00630707e+00 1.01803372e+00 1.02595176e+00 1.03118229e+00 1.03456921e+00 1.03672301e+00 1.03806983e+00 1.03889753e+00 1.03939435e+00 1.03967880e+00 1.03982113e+00 1.03985727e+00 1.03979641e+00 1.03962308e+00 1.03929372e+00 1.03872759e+00 1.03779107e+00 1.03627416e+00 1.03385840e+00 1.03007610e+00 1.02426298e+00 1.01550947e+00 1.00262021e+00 9.84096249e-01 9.58159120e-01 9.22838005e-01 8.76139580e-01 8.16310812e-01 7.42186951e-01 6.53591465e-01 5.51732393e-01 4.39541458e-01 3.21949559e-01 2.06187622e-01 1.02357865e-01 2.50563421e-02 3.66604786e-03 5.91978736e-02 1.52008343e-01 2.63286163e-01 3.81027070e-01 4.96670103e-01 6.04180490e-01 6.99659457e-01 7.81074778e-01 8.47957626e-01 9.01029866e-01 9.41798236e-01 9.72174546e-01 9.94167828e-01 1.00966840e+00 1.02032142e+00 1.02747394e+00 1.03217439e+00 1.03520384e+00 1.03712209e+00 1.03831663e+00 1.03904713e+00 1.03948193e+00 1.03972580e+00 1.03983934e+00 1.03985132e+00 1.03976480e+00 1.03955779e+00 1.03917855e+00 1.03853487e+00 1.03747655e+00 1.03576986e+00 1.03306315e+00 1.02884418e+00 1.02239183e+00 1.01272825e+00 9.98582576e-01 9.78381637e-01 9.50287758e-01 9.12305015e-01 8.62471880e-01 7.99146960e-01 7.21374142e-01 6.29287381e-01 5.24496799e-01 4.10409522e-01 2.92498524e-01 1.78639280e-01 7.98257818e-02 1.24430631e-02 1.24430631e-02 7.98257818e-02 1.78639280e-01 2.92498524e-01 4.10409522e-01 5.24496799e-01 6.29287381e-01 7.21374142e-01 7.99146960e-01 8.62471880e-01 9.12305015e-01 9.50287758e-01 9.78381637e-01 9.98582576e-01 1.01272825e+00 1.02239183e+00 1.02884418e+00 1.03306315e+00 1.03576986e+00 1.03747655e+00 1.03853487e+00 1.03917855e+00 1.03955779e+00 1.03976480e+00 1.03985132e+00 1.03983934e+00 1.03972580e+00 1.03948193e+00 1.03904713e+00 1.03831663e+00 1.03712209e+00 1.03520384e+00 1.03217439e+00 1.02747394e+00 1.02032142e+00 1.00966840e+00 9.94167828e-01 9.72174546e-01 9.41798236e-01 9.01029866e-01 8.47957626e-01 7.81074778e-01 6.99659457e-01 6.04180490e-01 4.96670103e-01 3.81027070e-01 2.63286163e-01 1.52008343e-01 5.91978736e-02 3.66604786e-03 2.50563421e-02 1.02357865e-01 2.06187622e-01 3.21949559e-01 4.39541458e-01 5.51732393e-01 6.53591465e-01 7.42186951e-01 8.16310812e-01 8.76139580e-01 9.22838005e-01 9.58159120e-01 9.84096249e-01 1.00262021e+00 1.01550947e+00 1.02426298e+00 1.03007610e+00 1.03385840e+00 1.03627416e+00 1.03779107e+00 1.03872759e+00 1.03929372e+00 1.03962308e+00 1.03979641e+00 1.03985727e+00 1.03982113e+00 1.03967880e+00 1.03939435e+00 1.03889753e+00 1.03806983e+00 1.03672301e+00 1.03456921e+00 1.03118229e+00 1.02595176e+00 1.01803372e+00 1.00630707e+00 9.89348530e-01 9.65444154e-01 9.32658797e-01 8.88983797e-01 8.32576394e-01 7.62088480e-01 6.77058107e-01 5.78312487e-01 4.68324746e-01 3.51501433e-01 2.34461872e-01 1.26504292e-01 4.08085003e-02 3.20342650e-16
-6.40685301e-16 4.12577884e-02 1.27806285e-01 2.36700905e-01 3.54574474e-01 4.72008524e-01 5.82320206e-01 6.81091505e-01 7.65881603e-01 8.35925473e-01 8.91760429e-01 9.34808086e-01 9.66972437e-01 9.90306035e-01 1.00676999e+00 1.01808869e+00 1.02568427e+00 1.03066923e+00 1.03387526e+00 1.03589972e+00 1.03715663e+00 1.03792358e+00 1.03838081e+00 1.03864105e+00 1.03877068e+00 1.03880352e+00 1.03874820e+00 1.03859019e+00 1.03828845e+00 1.03776657e+00 1.03689725e+00 1.03547907e+00 1.03320433e+00 1.02961786e+00 1.02406847e+00 1.01565822e+00 1.00319883e+00 9.85190028e-01 9.59839345e-01 9.25145652e-01 8.79067193e-01 8.19785955e-01 7.46062029e-01 6.57645272e-01 5.55687475e-01 4.43097887e-01 3.24831339e-01 2.08196029e-01 1.03429621e-01 2.53370150e-02 3.70886515e-03 5.98388109e-02 1.53545360e-01 2.65749072e-01 3.84277143e-01 5.00463048e-01 6.08221988e-01 7.03655674e-01 7.84773147e-01 8.51172628e-01 9.03652151e-01 9.43789651e-01 9.73554116e-01 9.94993898e-01 1.01002110e+00 1.02028801e+00 1.02713829e+00 1.03161057e+00 1.03447322e+00 1.03627307e+00 1.03738586e+00 1.03806156e+00 1.03846109e+00 1.03868390e+00 1.03878723e+00 1.03879812e+00 1.03871943e+00 1.03853051e+00 1.03818257e+00 1.03758820e+00 1.03660408e+00 1.03500560e+00 1.03245238e+00 1.02844501e+00 1.02227529e+00 1.01297622e+00 9.99282290e-01 9.79616227e-01 9.52122577e-01 9.14770639e-01 8.65546000e-01 8.02738936e-01 7.25317267e-01 6.33344090e-01 5.28380266e-01 4.13821089e-01 2.95176342e-01 1.80412773e-01 8.06757965e-02 1.25850918e-02 1.25850918e-02 8.06757965e-02 1.80412773e-01 2.95176342e-01 4.13821089e-01 5.28380266e-01 6.33344090e-01 7.25317267e-01 8.02738936e-01 8.65546000e-01 9.14770639e-01 9.52122577e-01 9.79616227e-01 9.99282290e-01 1.01297622e+00 1.02227529e+00 1.02844501e+00 1.03245238e+00 1.03500560e+00 1.03660408e+00 1.03758820e+00 1.03818257e+00 1.03853051e+00 1.03871943e+00 1.03879812e+00 1.03878723e+00 1.03868390e+00 1.03846109e+00 1.03806156e+00 1.03738586e+00 1.03627307e+00 1.03447322e+00 1.03161057e+00 1.02713829e+00 1.02028801e+00 1.01002110e+00 9.94993898e-01 9.73554116e-01 9.43789651e-01 9.03652151e-01 8.51172628e-01 7.84773147e-01 7.03655674e-01 6.08221988e-01 5.00463048e-01 3.84277143e-01 2.65749072e-01 1.53545360e-01 5.98388109e-02 3.70886515e-03 2.53370150e-02 1.03429621e-01 2.08196029e-01 3.24831339e-01 4.43097887e-01 5.55687475e-01 6.57645272e-01 7.46062029e-01 8.19785955e-01 8.79067193e-01 9.25145652e-01 9.59839345e-01 9.85190028e-01 1.00319883e+00 1.01565822e+00 1.02406847e+00 1.02961786e+00 1.03320433e+00 1.03547907e+00 1.03689725e+00 1.03776657e+00 1.03828845e+00 1.03859019e+00 1.03874820e+00 1.03880352e+00 1.03877068e+00 1.03864105e+00 1.03838081e+00 1.03792358e+00 1.03715663e+00 1.03589972e+00 1.03387526e+00 1.03066923e+00 1.02568427e+00 1.01808869e+00 1.00676999e+00 9.90306035e-01 9.66972437e-01 9.34808086e-01 8.91760429e-01 8.35925473e-01 7.65881603e-01 6.81091505e-01 5.82320206e-01 4.72008524e-01 3.54574474e-01 2.36700905e-01 1.27806285e-01 4.12577884e-02 -6.40685301e-16
9.61027951e-16 4.17102621e-02 1.29115932e-01 2.38949847e-01 3.57655667e-01 4.75694226e-01 5.86319988e-01 6.85105311e-01 7.69643959e-01 8.39235128e-01 8.94492845e-01 9.36912720e-01 9.68459694e-01 9.91229378e-01 1.00720774e+00 1.01812847e+00 1.02541154e+00 1.03016016e+00 1.03319333e+00 1.03509510e+00 1.03626732e+00 1.03697746e+00 1.03739793e+00 1.03763580e+00 1.03775375e+00 1.03778356e+00 1.03773333e+00 1.03758941e+00 1.03731322e+00 1.03683250e+00 1.03602614e+00 1.03470111e+00 1.03256041e+00 1.02916140e+00 1.02386628e+00 1.01578923e+00 1.00374989e+00 9.86247684e-01 9.61477294e-01 9.27408351e-01 8.81951384e-01 8.23223513e-01 7.49908969e-01 6.61682447e-01 5.59637336e-01 4.46658191e-01 3.27722134e-01 2.10214110e-01 1.04508021e-01 2.56197587e-02 3.75202623e-03 6.04841078e-02 1.55090896e-01 2.68221868e-01 3.87534220e-01 5.04255734e-01 6.12252716e-01 7.07629373e-01 7.88438281e-01 8.54346612e-01 9.06229700e-01 9.45736962e-01 9.74894112e-01 9.95787898e-01 1.01035106e+00 1.02024192e+00 1.02679980e+00 1.03105286e+00 1.03375642e+00 1.03544414e+00 1.03648007e+00 1.03710463e+00 1.03747144e+00 1.03767483e+00 1.03776878e+00 1.03777866e+00 1.03770717e+00 1.03753492e+00 1.03721597e+00 1.03666754e+00 1.03575304e+00 1.03425685e+00 1.03184979e+00 1.02804534e+00 1.02214859e+00 1.01320395e+00 9.99952143e-01 9.80812884e-01 9.53914089e-01 9.17191284e-01 8.68577765e-01 8.06295398e-01 7.29235013e-01 6.37387119e-01 5.32261084e-01 4.17238230e-01 2.97863752e-01 1.82195467e-01 8.15313416e-02 1.27282110e-02 1.27282110e-02 8.15313416e-02 1.82195467e-01 2.97863752e-01 4.17238230e-01 5.32261084e-01 6.37387119e-01 7.29235013e-01 8.06295398e-01 8.68577765e-01 9.17191284e-01 9.53914089e-01 9.80812884e-01 9.99952143e-01 1.01320395e+00 1.02214859e+00 1.02804534e+00 1.03184979e+00 1.03425685e+00 1.03575304e+00 1.03666754e+00 1.03721597e+00 1.03753492e+00 1.03770717e+00 1.03777866e+00 1.03776878e+00 1.03767483e+00 1.03747144e+00 1.03710463e+00 1.03648007e+00 1.03544414e+00 1.03375642e+00 1.03105286e+00 1.02679980e+00 1.02024192e+00 1.01035106e+00 9.95787898e-01 9.74894112e-01 9.45736962e-01 9.06229700e-01 8.54346612e-01 7.88438281e-01 7.07629373e-01 6.12252716e-01 5.04255734e-01 3.87534220e-01 2.68221868e-01 1.55090896e-01 6.04841078e-02 3.75202623e-03 2.56197587e-02 1.04508021e-01 2.10214110e-01 3.27722134e-01 4.46658191e-01 5.59637336e-01 6.61682447e-01 7.49908969e-01 8.23223513e-01 8.81951384e-01 9.27408351e-01 9.61477294e-01 9.86247684e-01 1.00374989e+00 1.01578923e+00 1.02386628e+00 1.02916140e+00 1.03256041e+00 1.03470111e+00 1.03602614e+00 1.03683250e+00 1.03731322e+00 1.03758941e+00 1.03773333e+00 1.03778356e+00 1.03775375e+00 1.03763580e+00 1.03739793e+00 1.03697746e+00 1.03626732e+00 1.03509510e+00 1.03319333e+00 1.03016016e+00 1.02541154e+00 1.01812847e+00 1.00720774e+00 9.91229378e-01 9.68459694e-01 9.36912720e-01 8.94492845e-01 8.39235128e-01 7.69643959e-01 6.85105311e-01 5.86319988e-01 4.75694226e-01 3.57655667e-01 2.38949847e-01 1.29115932e-01 4.17102621e-02 1.12119928e-15
-9.61027951e-16 4.21658581e-02 1.30433026e-01 2.41208296e-01 3.60744397e-01 4.79381054e-01 5.90310932e-01 6.89098641e-01 7.73374806e-01 8.42504863e-01 8.97180854e-01 9.38972816e-01 9.69906298e-01 9.92119101e-01 1.00762092e+00 1.01815360e+00 1.02513399e+00 1.02965529e+00 1.03252337e+00 1.03430882e+00 1.03540135e+00 1.03605842e+00 1.03644477e+00 1.03666200e+00 1.03676922e+00 1.03679625e+00 1.03675068e+00 1.03661974e+00 1.03636715e+00 1.03592469e+00 1.03517724e+00 1.03394004e+00 1.03192663e+00 1.02870699e+00 1.02365686e+00 1.01590310e+00 1.00427400e+00 9.87269728e-01 9.63073284e-01 9.29626142e-01 8.84791884e-01 8.26622922e-01 7.53726981e-01 6.65702088e-01 5.63581093e-01 4.50221612e-01 3.30621382e-01 2.12241514e-01 1.05592900e-01 2.59045350e-02 3.79552569e-03 6.11336710e-02 1.56644697e-01 2.70704095e-01 3.90797633e-01 5.08047328e-01 6.16271767e-01 7.11579694e-01 7.92069492e-01 8.57479156e-01 9.08762403e-01 9.47640356e-01 9.76194961e-01 9.96550400e-01 1.01065889e+00 1.02018368e+00 1.02645884e+00 1.03050142e+00 1.03305332e+00 1.03463494e+00 1.03559868e+00 1.03617553e+00 1.03651202e+00 1.03669753e+00 1.03678285e+00 1.03679181e+00 1.03672692e+00 1.03657002e+00 1.03627789e+00 1.03577224e+00 1.03492302e+00 1.03352344e+00 1.03125546e+00 1.02764550e+00 1.02201223e+00 1.01341202e+00 1.00059272e+00 9.81972080e-01 9.55662549e-01 9.19566918e-01 8.71566830e-01 8.09815717e-01 7.33126552e-01 6.41415559e-01 5.36138389e-01 4.20660230e-01 3.00560246e-01 1.83987063e-01 8.23922894e-02 1.28724021e-02 1.28724021e-02 8.23922894e-02 1.83987063e-01 3.00560246e-01 4.20660230e-01 5.36138389e-01 6.41415559e-01 7.33126552e-01 8.09815717e-01 8.71566830e-01 9.19566918e-01 9.55662549e-01 9.81972080e-01 1.00059272e+00 1.01341202e+00 1.02201223e+00 1.02764550e+00 1.03125546e+00 1.03352344e+00 1.03492302e+00 1.03577224e+00 1.03627789e+00 1.03657002e+00 1.03672692e+00 1.03679181e+00 1.03678285e+00 1.03669753e+00 1.03651202e+00 1.03617553e+00 1.03559868e+00 1.03463494e+00 1.03305332e+00 1.03050142e+00 1.02645884e+00 1.02018368e+00 1.01065889e+00 9.96550400e-01 9.76194961e-01 9.47640356e-01 9.08762403e-01 8.57479156e-01 7.92069492e-01 7.11579694e-01 6.16271767e-01 5.08047328e-01 3.90797633e-01 2.70704095e-01 1.56644697e-01 6.11336710e-02 3.79552569e-03 2.59045350e-02 1.05592900e-01 2.12241514e-01 3.30621382e-01 4.50221612e-01 5.63581093e-01 6.65702088e-01 7.53726981e-01 8.26622922e-01 8.84791884e-01 9.29626142e-01 9.63073284e-01 9.87269728e-01 1.00427400e+00 1.01590310e+00 1.02365686e+00 1.02870699e+00 1.03192663e+00 1.03394004e+00 1.03517724e+00 1.03592469e+00 1.03636715e+00 1.03661974e+00 1.03675068e+00 1.03679625e+00 1.03676922e+00 1.03666200e+00 1.03644477e+00 1.03605842e+00 1.03540135e+00 1.03430882e+00 1.03252337e+00 1.02965529e+00 1.02513399e+00 1.01815360e+00 1.00762092e+00 9.92119101e-01 9.69906298e-01 9.38972816e-01 8.97180854e-01 8.42504863e-01 7.73374806e-01 6.89098641e-01 5.90310932e-01 4.79381054e-01 3.60744397e-01 2.41208296e-01 1.30433026e-01 4.21658581e-02 -1.28137060e-15
1.12119928e-15 4.26245165e-02 1.31757368e-01 2.43475867e-01 3.63840078e-01 4.83068249e-01 5.94292185e-01 6.93070666e-01 7.77073462e-01 8.45734244e-01 8.99824324e-01 9.40988539e-01 9.71312663e-01 9.92975776e-01 1.00801015e+00 1.01816465e+00 1.02485203e+00 1.02915480e+00 1.03186533e+00 1.03354059e+00 1.03455817e+00 1.03516570e+00 1.03552043e+00 1.03571864e+00 1.03581601e+00 1.03584050e+00 1.03579920e+00 1.03568016e+00 1.03544936e+00 1.03504243e+00 1.03435008e+00 1.03319561e+00 1.03130303e+00 1.02825487e+00 1.02344068e+00 1.01600041e+00 1.00477177e+00 9.88256699e-01 9.64627672e-01 9.31799121e-01 8.87588482e-01 8.29983680e-01 7.57515337e-01 6.69703347e-01 5.67517906e-01 4.53787429e-01 3.33528546e-01 2.14277906e-01 1.06684099e-01 2.61913078e-02 3.83935846e-03 6.17874123e-02 1.58206523e-01 2.73195319e-01 3.94066749e-01 5.11837038e-01 6.20278280e-01 7.15505832e-01 7.95666154e-01 8.60569897e-01 9.11250203e-01 9.49500067e-01 9.77457125e-01 9.97281995e-01 1.01094522e+00 1.02011383e+00 1.02611577e+00 1.02995637e+00 1.03236379e+00 1.03384509e+00 1.03474107e+00 1.03527347e+00 1.03558190e+00 1.03575094e+00 1.03582836e+00 1.03583648e+00 1.03577764e+00 1.03563485e+00 1.03536750e+00 1.03490164e+00 1.03411358e+00 1.03280518e+00 1.03066944e+00 1.02724578e+00 1.02186669e+00 1.01360106e+00 1.00120464e+00 9.83094319e-01 9.57368255e-01 9.21897561e-01 8.74512907e-01 8.13299325e-01 7.36991114e-01 6.45428554e-01 5.40011363e-01 4.24086411e-01 3.03265336e-01 1.85787274e-01 8.32585191e-02 1.30176475e-02 1.30176475e-02 8.32585191e-02 1.85787274e-01 3.03265336e-01 4.24086411e-01 5.40011363e-01 6.45428554e-01 7.36991114e-01 8.13299325e-01 8.74512907e-01 9.21897561e-01 9.57368255e-01 9.83094319e-01 1.00120464e+00 1.01360106e+00 1.02186669e+00 1.02724578e+00 1.03066944e+00 1.03280518e+00 1.03411358e+00 1.03490164e+00 1.03536750e+00 1.03563485e+00 1.03577764e+00 1.03583648e+00 1.03582836e+00 1.03575094e+00 1.03558190e+00 1.03527347e+00 1.03474107e+00 1.03384509e+00 1.03236379e+00 1.02995637e+00 1.02611577e+00 1.02011383e+00 1.01094522e+00 9.97281995e-01 9.77457125e-01 9.49500067e-01 9.11250203e-01 8.60569897e-01 7.95666154e-01 7.15505832e-01 6.20278280e-01 5.11837038e-01 3.94066749e-01 2.73195319e-01 1.58206523e-01 6.17874123e-02 3.83935846e-03 2.61913078e-02 1.06684099e-01 2.14277906e-01 3.33528546e-01 4.53787429e-01 5.67517906e-01 6.69703347e-01 7.57515337e-01 8.29983680e-01 8.87588482e-01 9.31799121e-01 9.64627672e-01 9.88256699e-01 1.00477177e+00 1.01600041e+00 1.02344068e+00 1.02825487e+00 1.03130303e+00 1.03319561e+00 1.03435008e+00 1.03504243e+00 1.03544936e+00 1.03568016e+00 1.03579920e+00 1.03584050e+00 1.03581601e+00 1.03571864e+00 1.03552043e+00 1.03516570e+00 1.03455817e+00 1.03354059e+00 1.03186533e+00 1.02915480e+00 1.02485203e+00 1.01816465e+00 1.00801015e+00 9.92975776e-01 9.71312663e-01 9.40988539e-01 8.99824324e-01 8.45734244e-01 7.77073462e-01 6.93070666e-01 5.94292185e-01 4.83068249e-01 3.63840078e-01 2.43475867e-01 1.31757368e-01 4.26245165e-02 8.00856626e-16
4.80513976e-16 4.30861808e-02 1.33088771e-01 2.45752195e-01 3.66942152e-01 4.86755090e-01 5.98262941e-01 6.97020611e-01 7.80739303e-01 8.48922895e-01 9.02423172e-01 9.42960099e-01 9.72679234e-01 9.93799995e-01 1.00837607e+00 1.01816218e+00 1.02456607e+00 1.02865889e+00 1.03121914e+00 1.03279009e+00 1.03373726e+00 1.03429858e+00 1.03462401e+00 1.03480470e+00 1.03489305e+00 1.03491522e+00 1.03487782e+00 1.03476971e+00 1.03455899e+00 1.03418503e+00 1.03354416e+00 1.03246758e+00 1.03068959e+00 1.02780530e+00 1.02321819e+00 1.01608174e+00 1.00524384e+00 9.89209165e-01 9.66140853e-01 9.33927428e-01 8.90341023e-01 8.33305341e-01 7.61273363e-01 6.73685431e-01 5.71446981e-01 4.57354955e-01 3.36443116e-01 2.16322970e-01 1.07781470e-01 2.64800428e-02 3.88351975e-03 6.24452483e-02 1.59776145e-01 2.75695125e-01 3.97340965e-01 5.15624113e-01 6.24271447e-01 7.19407039e-01 7.99227694e-01 8.63618529e-01 9.13693095e-01 9.51316372e-01 9.78681095e-01 9.97983297e-01 1.01121065e+00 1.02003290e+00 1.02577095e+00 1.02941785e+00 1.03168773e+00 1.03307423e+00 1.03390666e+00 1.03439767e+00 1.03468016e+00 1.03483405e+00 1.03490423e+00 1.03491158e+00 1.03485827e+00 1.03472844e+00 1.03448398e+00 1.03405511e+00 1.03332430e+00 1.03210190e+00 1.03009182e+00 1.02684650e+00 1.02171248e+00 1.01377166e+00 1.00178852e+00 9.84180133e-01 9.59031544e-01 9.24183280e-01 8.77415765e-01 8.16745711e-01 7.40827984e-01 6.49425295e-01 5.43879231e-01 4.27516126e-01 3.05978562e-01 1.87595827e-01 8.41299162e-02 1.31639306e-02 1.31639306e-02 8.41299162e-02 1.87595827e-01 3.05978562e-01 4.27516126e-01 5.43879231e-01 6.49425295e-01 7.40827984e-01 8.16745711e-01 8.77415765e-01 9.24183280e-01 9.59031544e-01 9.84180133e-01 1.00178852e+00 1.01377166e+00 1.02171248e+00 1.02684650e+00 1.03009182e+00 1.03210190e+00 1.03332430e+00 1.03405511e+00 1.03448398e+00 1.03472844e+00 1.03485827e+00 1.03491158e+00 1.03490423e+00 1.03483405e+00 1.03468016e+00 1.03439767e+00 1.03390666e+00 1.03307423e+00 1.03168773e+00 1.02941785e+00 1.02577095e+00 1.02003290e+00 1.01121065e+00 9.97983297e-01 9.78681095e-01 9.51316372e-01 9.13693095e-01 8.63618529e-01 7.99227694e-01 7.19407039e-01 6.24271447e-01 5.15624113e-01 3.97340965e-01 2.75695125e-01 1.59776145e-01 6.24452483e-02 3.88351975e-03 2.64800428e-02 1.07781470e-01 2.16322970e-01 3.36443116e-01 4.57354955e-01 5.71446981e-01 6.73685431e-01 7.61273363e-01 8.33305341e-01 8.90341023e-01 9.33927428e-01 9.66140853e-01 9.89209165e-01 1.00524384e+00 1.01608174e+00 1.02321819e+00 1.02780530e+00 1.03068959e+00 1.03246758e+00 1.03354416e+00 1.03418503e+00 1.03455899e+00 1.03476971e+00 1.03487782e+00 1.03491522e+00 1.03489305e+00 1.03480470e+00 1.03462401e+00 1.03429858e+00 1.03373726e+00 1.03279009e+00 1.03121914e+00 1.02865889e+00 1.02456607e+00 1.01816218e+00 1.00837607e+00 9.93799995e-01 9.72679234e-01 9.42960099e-01 9.02423172e-01 8.48922895e-01 7.80739303e-01 6.97020611e-01 5.98262941e-01 4.86755090e-01 3.66942152e-01 2.45752195e-01 1.33088771e-01 4.30861808e-02 1.28137060e-15
4.80513976e-16 4.35507975e-02 1.34427058e-01 2.48036933e-01 3.70050087e-01 4.90440890e-01 6.02222438e-01 7.00947747e-01 7.84371757e-01 8.52070489e-01 9.04977365e-01 9.44887747e-01 9.74006489e-01 9.94592370e-01 1.00871930e+00 1.01814676e+00 1.02427650e+00 1.02816774e+00 1.03058475e+00 1.03205700e+00 1.03293807e+00 1.03345633e+00 1.03375464e+00 1.03391923e+00 1.03399931e+00 1.03401935e+00 1.03398553e+00 1.03388743e+00 1.03369521e+00 1.03335181e+00 1.03275901e+00 1.03175568e+00 1.03008631e+00 1.02735850e+00 1.02298983e+00 1.01614769e+00 1.00569084e+00 9.90127713e-01 9.67613256e-01 9.36011246e-01 8.93049397e-01 8.36587510e-01 7.65000437e-01 6.77647592e-01 5.75367565e-01 4.60923539e-01 3.39364605e-01 2.18376402e-01 1.08884871e-01 2.67707080e-02 3.92800503e-03 6.31070998e-02 1.61353347e-01 2.78203121e-01 4.00619705e-01 5.19407837e-01 6.28250502e-01 7.23282616e-01 8.02753596e-01 8.66624799e-01 9.16091119e-01 9.53089584e-01 9.79867392e-01 9.98654934e-01 1.01145583e+00 1.01994142e+00 1.02542472e+00 1.02888598e+00 1.03102499e+00 1.03232198e+00 1.03309486e+00 1.03354737e+00 1.03380589e+00 1.03394586e+00 1.03400943e+00 1.03401606e+00 1.03396783e+00 1.03384988e+00 1.03362653e+00 1.03323200e+00 1.03255475e+00 1.03141340e+00 1.02952265e+00 1.02644794e+00 1.02155007e+00 1.01392443e+00 1.00234501e+00 9.85230079e-01 9.60652790e-01 9.26424188e-01 8.80275221e-01 8.20154417e-01 7.44636499e-01 6.53405025e-01 5.47741255e-01 4.30948758e-01 3.08699483e-01 1.89412465e-01 8.50063722e-02 1.33112356e-02 1.33112356e-02 8.50063722e-02 1.89412465e-01 3.08699483e-01 4.30948758e-01 5.47741255e-01 6.53405025e-01 7.44636499e-01 8.20154417e-01 8.80275221e-01 9.26424188e-01 9.60652790e-01 9.85230079e-01 1.00234501e+00 1.01392443e+00 1.02155007e+00 1.02644794e+00 1.02952265e+00 1.03141340e+00 1.03255475e+00 1.03323200e+00 1.03362653e+00 1.03384988e+00 1.03396783e+00 1.03401606e+00 1.03400943e+00 1.03394586e+00 1.03380589e+00 1.03354737e+00 1.03309486e+00 1.03232198e+00 1.03102499e+00 1.02888598e+00 1.02542472e+00 1.01994142e+00 1.01145583e+00 9.98654934e-01 9.79867392e-01 9.53089584e-01 9.16091119e-01 8.66624799e-01 8.02753596e-01 7.23282616e-01 6.28250502e-01 5.19407837e-01 4.00619705e-01 2.78203121e-01 1.61353347e-01 6.31070998e-02 3.92800503e-03 2.67707080e-02 1.08884871e-01 2.18376402e-01 3.39364605e-01 4.60923539e-01 5.75367565e-01 6.77647592e-01 7.65000437e-01 8.36587510e-01 8.93049397e-01 9.36011246e-01 9.67613256e-01 9.90127713e-01 1.00569084e+00 1.01614769e+00 1.02298983e+00 1.02735850e+00 1.03008631e+00 1.03175568e+00 1.03275901e+00 1.03335181e+00 1.03369521e+00 1.03388743e+00 1.03398553e+00 1.03401935e+00 1.03399931e+00 1.03391923e+00 1.03375464e+00 1.03345633e+00 1.03293807e+00 1.03205700e+00 1.03058475e+00 1.02816774e+00 1.02427650e+00 1.01814676e+00 1.00871930e+00 9.94592370e-01 9.74006489e-01 9.44887747e-01 9.04977365e-01 8.52070489e-01 7.84371757e-01 7.00947747e-01 6.02222438e-01 4.90440890e-01 3.70050087e-01 2.48036933e-01 1.34427058e-01 4.35507975e-02 4.80513976e-16
-0.00000000e+00 4.40183158e-02 1.35772059e-01 2.50329750e-01 3.73163375e-01 4.94124996e-01 6.06169953e-01 7.04851395e-01 7.87970300e-01 8.55176751e-01 9.07486917e-01 9.46771770e-01 9.75294932e-01 9.95353530e-01 1.00904050e+00 1.01811893e+00 1.02398373e+00 1.02768150e+00 1.02996208e+00 1.03134103e+00 1.03216007e+00 1.03263823e+00 1.03291148e+00 1.03306127e+00 1.03313379e+00 1.03315189e+00 1.03312133e+00 1.03303240e+00 1.03285720e+00 1.03254210e+00 1.03199414e+00 1.03105968e+00 1.02949319e+00 1.02691472e+00 1.02275603e+00 1.01619884e+00 1.00611343e+00 9.91012950e-01 9.69045338e-01 9.38050799e-01 8.95713546e-01 8.39829845e-01 7.68695989e-01 6.81589126e-01 5.79278941e-01 4.64492556e-01 3.42292549e-01 2.20437915e-01 1.09994167e-01 2.70632727e-02 3.97281006e-03 6.37728919e-02 1.62937922e-01 2.80718931e-01 4.03902420e-01 5.23187532e-01 6.32214721e-01 7.27131912e-01 8.06243392e-01 8.69588500e-01 9.18444360e-01 9.54820053e-01 9.81016561e-01 9.99297550e-01 1.01168138e+00 1.01983990e+00 1.02507743e+00 1.02836085e+00 1.03037545e+00 1.03158797e+00 1.03230509e+00 1.03272182e+00 1.03295821e+00 1.03308542e+00 1.03314293e+00 1.03314892e+00 1.03310531e+00 1.03299826e+00 1.03279437e+00 1.03243170e+00 1.03180449e+00 1.03073948e+00 1.02896197e+00 1.02605039e+00 1.02137996e+00 1.01405999e+00 1.00287474e+00 9.86244738e-01 9.62232399e-01 9.28620441e-01 8.83091143e-01 8.23525037e-01 7.48416044e-01 6.57367025e-01 5.51596734e-01 4.34383721e-01 3.11427677e-01 1.91236940e-01 8.58877841e-02 1.34595478e-02 1.34595478e-02 8.58877841e-02 1.91236940e-01 3.11427677e-01 4.34383721e-01 5.51596734e-01 6.57367025e-01 7.48416044e-01 8.23525037e-01 8.83091143e-01 9.28620441e-01 9.62232399e-01 9.86244738e-01 1.00287474e+00 1.01405999e+00 1.02137996e+00 1.02605039e+00 1.02896197e+00 1.03073948e+00 1.03180449e+00 1.03243170e+00 1.03279437e+00 1.03299826e+00 1.03310531e+00 1.03314892e+00 1.03314293e+00 1.03308542e+00 1.03295821e+00 1.03272182e+00 1.03230509e+00 1.03158797e+00 1.03037545e+00 1.02836085e+00 1.02507743e+00 1.01983990e+00 1.01168138e+00 9.99297550e-01 9.81016561e-01 9.54820053e-01 9.18444360e-01 8.69588500e-01 8.06243392e-01 7.27131912e-01 6.32214721e-01 5.23187532e-01 4.03902420e-01 2.80718931e-01 1.62937922e-01 6.37728919e-02 3.97281006e-03 2.70632727e-02 1.09994167e-01 2.20437915e-01 3.42292549e-01 4.64492556e-01 5.79278941e-01 6.81589126e-01 7.68695989e-01 8.39829845e-01 8.95713546e-01 9.38050799e-01 9.69045338e-01 9.91012950e-01 1.00611343e+00 1.01619884e+00 1.02275603e+00 1.02691472e+00 1.02949319e+00 1.03105968e+00 1.03199414e+00 1.03254210e+00 1.03285720e+00 1.03303240e+00 1.03312133e+00 1.03315189e+00 1.03313379e+00 1.03306127e+00 1.03291148e+00 1.03263823e+00 1.03216007e+00 1.03134103e+00 1.02996208e+00 1.02768150e+00 1.02398373e+00 1.01811893e+00 1.00904050e+00 9.95353530e-01 9.75294932e-01 9.46771770e-01 9.07486917e-01 8.55176751e-01 7.87970300e-01 7.04851395e-01 6.06169953e-01 4.94124996e-01 3.73163375e-01 2.50329750e-01 1.35772059e-01 4.40183158e-02 -0.00000000e+00
-9.61027951e-16 4.44886879e-02 1.37123613e-01 2.52630328e-01 3.76281532e-01 4.97806783e-01 6.10104799e-01 7.08730917e-01 7.91534456e-01 8.58241450e-01 9.09951881e-01 9.48612493e-01 9.76545094e-01 9.96084117e-01 1.00934032e+00 1.01807927e+00 1.02368812e+00 1.02720036e+00 1.02935104e+00 1.03064184e+00 1.03140274e+00 1.03184360e+00 1.03209369e+00 1.03222990e+00 1.03229551e+00 1.03231185e+00 1.03228426e+00 1.03220371e+00 1.03204416e+00 1.03175524e+00 1.03124908e+00 1.03037930e+00 1.02891020e+00 1.02647416e+00 1.02251724e+00 1.01623578e+00 1.00651227e+00 9.91865501e-01 9.70437586e-01 9.40046346e-01 8.98333450e-01 8.43032048e-01 7.72359492e-01 6.85509375e-01 5.83180431e-01 4.68061411e-01 3.45226504e-01 2.22507234e-01 1.11109231e-01 2.73577083e-02 4.01793082e-03 6.44425537e-02 1.64529674e-01 2.83242195e-01 4.07188586e-01 5.26962548e-01 6.36163421e-01 7.30954319e-01 8.09696661e-01 8.72509472e-01 9.20752942e-01 9.56508161e-01 9.82129171e-01 9.99911799e-01 1.01188793e+00 1.01972887e+00 1.02472941e+00 1.02784259e+00 1.02973897e+00 1.03087184e+00 1.03153679e+00 1.03192028e+00 1.03213627e+00 1.03225177e+00 1.03230376e+00 1.03230917e+00 1.03226977e+00 1.03217270e+00 1.03198672e+00 1.03165359e+00 1.03107312e+00 1.03007994e+00 1.02840983e+00 1.02565413e+00 1.02120263e+00 1.01417897e+00 1.00337839e+00 9.87224709e-01 9.63770809e-01 9.30772233e-01 8.85863440e-01 8.26857208e-01 7.52166049e-01 6.61310621e-01 5.55445002e-01 4.37820453e-01 3.14162745e-01 1.93069019e-01 8.67740542e-02 1.36088531e-02 1.36088531e-02 8.67740542e-02 1.93069019e-01 3.14162745e-01 4.37820453e-01 5.55445002e-01 6.61310621e-01 7.52166049e-01 8.26857208e-01 8.85863440e-01 9.30772233e-01 9.63770809e-01 9.87224709e-01 1.00337839e+00 1.01417897e+00 1.02120263e+00 1.02565413e+00 1.02840983e+00 1.03007994e+00 1.03107312e+00 1.03165359e+00 1.03198672e+00 1.03217270e+00 1.03226977e+00 1.03230917e+00 1.03230376e+00 1.03225177e+00 1.03213627e+00 1.03192028e+00 1.03153679e+00 1.03087184e+00 1.02973897e+00 1.02784259e+00 1.02472941e+00 1.01972887e+00 1.01188793e+00 9.99911799e-01 9.82129171e-01 9.56508161e-01 9.20752942e-01 8.72509472e-01 8.09696661e-01 7.30954319e-01 6.36163421e-01 5.26962548e-01 4.07188586e-01 2.83242195e-01 1.64529674e-01 6.44425537e-02 4.01793082e-03 2.73577083e-02 1.11109231e-01 2.22507234e-01 3.45226504e-01 4.68061411e-01 5.83180431e-01 6.85509375e-01 7.72359492e-01 8.43032048e-01 8.98333450e-01 9.40046346e-01 9.70437586e-01 9.91865501e-01 1.00651227e+00 1.01623578e+00 1.02251724e+00 1.02647416e+00 1.02891020e+00 1.03037930e+00 1.03124908e+00 1.03175524e+00 1.03204416e+00 1.03220371e+00 1.03228426e+00 1.03231185e+00 1.03229551e+00 1.03222990e+00 1.03209369e+00 1.03184360e+00 1.03140274e+00 1.03064184e+00 1.02935104e+00 1.02720036e+00 1.02368812e+00 1.01807927e+00 1.00934032e+00 9.96084117e-01 9.76545094e-01 9.48612493e-01 9.09951881e-01 8.58241450e-01 7.91534456e-01 7.08730917e-01 6.10104799e-01 4.97806783e-01 3.76281532e-01 2.52630328e-01 1.37123613e-01 4.44886879e-02 -0.00000000e+00
1.60171325e-16 4.49618682e-02 1.38481568e-01 2.54938365e-01 3.79404093e-01 5.01485657e-01 6.14026329e-01 7.12585717e-01 7.95063793e-01 8.61264400e-01 9.12372350e-01 9.50410269e-01 9.77757527e-01 9.96784787e-01 1.00961941e+00 1.01802831e+00 1.02339005e+00 1.02672445e+00 1.02875156e+00 1.02995914e+00 1.03066557e+00 1.03107175e+00 1.03130047e+00 1.03142422e+00 1.03148353e+00 1.03149826e+00 1.03147337e+00 1.03140049e+00 1.03125531e+00 1.03099060e+00 1.03052336e+00 1.02971430e+00 1.02833732e+00 1.02603705e+00 1.02227388e+00 1.01625910e+00 1.00688801e+00 9.92686006e-01 9.71790511e-01 9.41998181e-01 9.00909132e-01 8.46193865e-01 7.75990463e-01 6.89407718e-01 5.87071390e-01 4.71629539e-01 3.48166045e-01 2.24584095e-01 1.12229941e-01 2.76539872e-02 4.06336350e-03 6.51160175e-02 1.66128414e-01 2.85772570e-01 4.10477701e-01 5.30732268e-01 6.40095953e-01 7.34749274e-01 8.13113025e-01 8.75387597e-01 9.23017027e-01 9.58154320e-01 9.83205809e-01 1.00049835e+00 1.01207613e+00 1.01960884e+00 1.02438098e+00 1.02733128e+00 1.02911540e+00 1.03017322e+00 1.03078938e+00 1.03114204e+00 1.03133923e+00 1.03144402e+00 1.03149097e+00 1.03149584e+00 1.03146029e+00 1.03137235e+00 1.03120284e+00 1.03089706e+00 1.03036021e+00 1.02943459e+00 1.02786627e+00 1.02525943e+00 1.02101854e+00 1.01428195e+00 1.00385661e+00 9.88170608e-01 9.65268482e-01 9.32879791e-01 8.88592065e-01 8.30150612e-01 7.55885987e-01 6.65235174e-01 5.59285423e-01 4.41258417e-01 3.16904302e-01 1.94908476e-01 8.76650895e-02 1.37591383e-02 1.37591383e-02 8.76650895e-02 1.94908476e-01 3.16904302e-01 4.41258417e-01 5.59285423e-01 6.65235174e-01 7.55885987e-01 8.30150612e-01 8.88592065e-01 9.32879791e-01 9.65268482e-01 9.88170608e-01 1.00385661e+00 1.01428195e+00 1.02101854e+00 1.02525943e+00 1.02786627e+00 1.02943459e+00 1.03036021e+00 1.03089706e+00 1.03120284e+00 1.03137235e+00 1.03146029e+00 1.03149584e+00 1.03149097e+00 1.03144402e+00 1.03133923e+00 1.03114204e+00 1.03078938e+00 1.03017322e+00 1.02911540e+00 1.02733128e+00 1.02438098e+00 1.01960884e+00 1.01207613e+00 1.00049835e+00 9.83205809e-01 9.58154320e-01 9.23017027e-01 8.75387597e-01 8.13113025e-01 7.34749274e-01 6.40095953e-01 5.30732268e-01 4.10477701e-01 2.85772570e-01 1.66128414e-01 6.51160175e-02 4.06336350e-03 2.76539872e-02 1.12229941e-01 2.24584095e-01 3.48166045e-01 4.71629539e-01 5.87071390e-01 6.89407718e-01 7.75990463e-01 8.46193865e-01 9.00909132e-01 9.41998181e-01 9.71790511e-01 9.92686006e-01 1.00688801e+00 1.01625910e+00 1.02227388e+00 1.02603705e+00 1.02833732e+00 1.02971430e+00 1.03052336e+00 1.03099060e+00 1.03125531e+00 1.03140049e+00 1.03147337e+00 1.03149826e+00 1.03148353e+00 1.03142422e+00 1.03130047e+00 1.03107175e+00 1.03066557e+00 1.02995914e+00 1.02875156e+00 1.02672445e+00 1.02339005e+00 1.01802831e+00 1.00961941e+00 9.96784787e-01 9.77757527e-01 9.50410269e-01 9.12372350e-01 8.61264400e-01 7.95063793e-01 7.12585717e-01 6.14026329e-01 5.01485657e-01 3.79404093e-01 2.54938365e-01 1.38481568e-01 4.49618682e-02 6.40685301e-16
8.00856626e-16 4.54378135e-02 1.39845777e-01 2.57253573e-01 3.82530614e-01 5.05161049e-01 6.17933924e-01 7.16415238e-01 7.98557919e-01 8.64245453e-01 9.14748452e-01 9.52165482e-01 9.78932803e-01 9.97456205e-01 1.00987842e+00 1.01796661e+00 1.02308990e+00 1.02625393e+00 1.02816354e+00 1.02929261e+00 1.02994804e+00 1.03032201e+00 1.03053103e+00 1.03064336e+00 1.03069693e+00 1.03071019e+00 1.03068777e+00 1.03062187e+00 1.03048988e+00 1.03024753e+00 1.02981653e+00 1.02906441e+00 1.02777451e+00 1.02560358e+00 1.02202636e+00 1.01626938e+00 1.00724133e+00 9.93475116e-01 9.73104645e-01 9.43906629e-01 9.03440653e-01 8.49315083e-01 7.79588459e-01 6.93283571e-01 5.90951202e-01 4.75196394e-01 3.51110767e-01 2.26668249e-01 1.13356182e-01 2.79520837e-02 4.10910453e-03 6.57932193e-02 1.67733964e-01 2.88309730e-01 4.13769286e-01 5.34496104e-01 6.44011707e-01 7.38516248e-01 8.16492148e-01 8.78222795e-01 9.25236812e-01 9.59758968e-01 9.84247080e-01 1.00105786e+00 1.01224661e+00 1.01948032e+00 1.02403245e+00 1.02682700e+00 1.02850459e+00 1.02949175e+00 1.03006232e+00 1.03038640e+00 1.03056628e+00 1.03066127e+00 1.03070363e+00 1.03070802e+00 1.03067597e+00 1.03059636e+00 1.03044199e+00 1.03016153e+00 1.02966535e+00 1.02880322e+00 1.02733130e+00 1.02486654e+00 1.02082815e+00 1.01436957e+00 1.00431009e+00 9.89083068e-01 9.66725908e-01 9.34943379e-01 8.91277008e-01 8.33404974e-01 7.59575371e-01 6.69140084e-01 5.63117394e-01 4.44697102e-01 3.19651981e-01 1.96755099e-01 8.85608015e-02 1.39103909e-02 1.39103909e-02 8.85608015e-02 1.96755099e-01 3.19651981e-01 4.44697102e-01 5.63117394e-01 6.69140084e-01 7.59575371e-01 8.33404974e-01 8.91277008e-01 9.34943379e-01 9.66725908e-01 9.89083068e-01 1.00431009e+00 1.01436957e+00 1.02082815e+00 1.02486654e+00 1.02733130e+00 1.02880322e+00 1.02966535e+00 1.03016153e+00 1.03044199e+00 1.03059636e+00 1.03067597e+00 1.03070802e+00 1.03070363e+00 1.03066127e+00 1.03056628e+00 1.03038640e+00 1.03006232e+00 1.02949175e+00 1.02850459e+00 1.02682700e+00 1.02403245e+00 1.01948032e+00 1.01224661e+00 1.00105786e+00 9.84247080e-01 9.59758968e-01 9.25236812e-01 8.78222795e-01 8.16492148e-01 7.38516248e-01 6.44011707e-01 5.34496104e-01 4.13769286e-01 2.88309730e-01 1.67733964e-01 6.57932193e-02 4.10910453e-03 2.79520837e-02 1.13356182e-01 2.26668249e-01 3.51110767e-01 4.75196394e-01 5.90951202e-01 6.93283571e-01 7.79588459e-01 8.49315083e-01 9.03440653e-01 9.43906629e-01 9.73104645e-01 9.93475116e-01 1.00724133e+00 1.01626938e+00 1.02202636e+00 1.02560358e+00 1.02777451e+00 1.02906441e+00 1.02981653e+00 1.03024753e+00 1.03048988e+00 1.03062187e+00 1.03068777e+00 1.03071019e+00 1.03069693e+00 1.03064336e+00 1.03053103e+00 1.03032201e+00 1.02994804e+00 1.02929261e+00 1.02816354e+00 1.02625393e+00 1.02308990e+00 1.01796661e+00 1.00987842e+00 9.97456205e-01 9.78932803e-01 9.52165482e-01 9.14748452e-01 8.64245453e-01 7.98557919e-01 7.16415238e-01 6.17933924e-01 5.05161049e-01 3.82530614e-01 2.57253573e-01 1.39845777e-01 4.54378135e-02 1.28137060e-15
3.20342650e-16 4.59164827e-02 1.41216100e-01 2.59575674e-01 3.85660671e-01 5.08832415e-01 6.21826999e-01 7.20218955e-01 8.02016479e-01 8.67184499e-01 9.17080350e-01 9.53878543e-01 9.80071512e-01 9.98099044e-01 1.01011800e+00 1.01789470e+00 1.02278801e+00 1.02578892e+00 1.02758688e+00 1.02864192e+00 1.02924966e+00 1.02959373e+00 1.02978460e+00 1.02988648e+00 1.02993482e+00 1.02994675e+00 1.02992657e+00 1.02986704e+00 1.02974713e+00 1.02952543e+00 1.02912811e+00 1.02842938e+00 1.02722174e+00 1.02517394e+00 1.02177509e+00 1.01626719e+00 1.00757288e+00 9.94233493e-01 9.74380542e-01 9.45772042e-01 9.05928106e-01 8.52395527e-01 7.83153077e-01 6.97136385e-01 5.94819285e-01 4.78761459e-01 3.54060279e-01 2.28759455e-01 1.14487842e-01 2.82519731e-02 4.15515051e-03 6.64740979e-02 1.69346153e-01 2.90853358e-01 4.17062880e-01 5.38253491e-01 6.47910100e-01 7.42254754e-01 8.19833732e-01 8.81015024e-01 9.27412525e-01 9.61322568e-01 9.85253604e-01 1.00159102e+00 1.01240000e+00 1.01934380e+00 1.02368413e+00 1.02632984e+00 1.02790639e+00 1.02882705e+00 1.02935507e+00 1.02965267e+00 1.02981664e+00 1.02990266e+00 1.02994085e+00 1.02994480e+00 1.02991593e+00 1.02984393e+00 1.02970346e+00 1.02944640e+00 1.02898812e+00 1.02818562e+00 1.02680496e+00 1.02447572e+00 1.02063193e+00 1.01444242e+00 1.00473949e+00 9.89962733e-01 9.68143597e-01 9.36963289e-01 8.93918294e-01 8.36620055e-01 7.63233749e-01 6.73024781e-01 5.66940337e-01 4.48136014e-01 3.22405428e-01 1.98608681e-01 8.94611060e-02 1.40625990e-02 1.40625990e-02 8.94611060e-02 1.98608681e-01 3.22405428e-01 4.48136014e-01 5.66940337e-01 6.73024781e-01 7.63233749e-01 8.36620055e-01 8.93918294e-01 9.36963289e-01 9.68143597e-01 9.89962733e-01 1.00473949e+00 1.01444242e+00 1.02063193e+00 1.02447572e+00 1.02680496e+00 1.02818562e+00 1.02898812e+00 1.02944640e+00 1.02970346e+00 1.02984393e+00 1.02991593e+00 1.02994480e+00 1.02994085e+00 1.02990266e+00 1.02981664e+00 1.02965267e+00 1.02935507e+00 1.02882705e+00 1.02790639e+00 1.02632984e+00 1.02368413e+00 1.01934380e+00 1.01240000e+00 1.00159102e+00 9.85253604e-01 9.61322568e-01 9.27412525e-01 8.81015024e-01 8.19833732e-01 7.42254754e-01 6.47910100e-01 5.38253491e-01 4.17062880e-01 2.90853358e-01 1.69346153e-01 6.64740979e-02 4.15515051e-03 2.82519731e-02 1.14487842e-01 2.28759455e-01 3.54060279e-01 4.78761459e-01 5.94819285e-01 6.97136385e-01 7.83153077e-01 8.52395527e-01 9.05928106e-01 9.45772042e-01 9.74380542e-01 9.94233493e-01 1.00757288e+00 1.01626719e+00 1.02177509e+00 1.02517394e+00 1.02722174e+00 1.02842938e+00 1.02912811e+00 1.02952543e+00 1.02974713e+00 1.02986704e+00 1.02992657e+00 1.02994675e+00 1.02993482e+00 1.02988648e+00 1.02978460e+00 1.02959373e+00 1.02924966e+00 1.02864192e+00 1.02758688e+00 1.02578892e+00 1.02278801e+00 1.01789470e+00 1.01011800e+00 9.98099044e-01 9.80071512e-01 9.53878543e-01 9.17080350e-01 8.67184499e-01 8.02016479e-01 7.20218955e-01 6.21826999e-01 5.08832415e-01 3.85660671e-01 2.59575674e-01 1.41216100e-01 4.59164827e-02 -3.20342650e-16
-3.20342650e-16 4.63978368e-02 1.42592404e-01 2.61904403e-01 3.88793853e-01 5.12499235e-01 6.25704997e-01 7.23996382e-01 8.05439156e-01 8.70081464e-01 9.19368238e-01 9.55549885e-01 9.81174259e-01 9.98713983e-01 1.01033881e+00 1.01781311e+00 1.02248473e+00 1.02532955e+00 1.02702149e+00 1.02800678e+00 1.02856993e+00 1.02888627e+00 1.02906044e+00 1.02915277e+00 1.02919634e+00 1.02920707e+00 1.02918892e+00 1.02913520e+00 1.02902635e+00 1.02882368e+00 1.02845767e+00 1.02780893e+00 1.02667896e+00 1.02474831e+00 1.02152047e+00 1.01625310e+00 1.00788335e+00 9.94961808e-01 9.75618773e-01 9.47594799e-01 9.08371619e-01 8.55435056e-01 7.86683946e-01 7.00965645e-01 5.98675082e-01 4.82324234e-01 3.57014207e-01 2.30857482e-01 1.15624817e-01 2.85536322e-02 4.20149823e-03 6.71585954e-02 1.70964816e-01 2.93403153e-01 4.20358043e-01 5.42003892e-01 6.51790583e-01 7.45964336e-01 8.23137514e-01 8.83764277e-01 9.29544425e-01 9.62845605e-01 9.86226015e-01 1.00209852e+00 1.01253693e+00 1.01919978e+00 1.02333630e+00 1.02583985e+00 1.02732064e+00 1.02817877e+00 1.02866710e+00 1.02894019e+00 1.02908953e+00 1.02916737e+00 1.02920177e+00 1.02920532e+00 1.02917934e+00 1.02911427e+00 1.02898655e+00 1.02875112e+00 1.02832812e+00 1.02758158e+00 1.02628724e+00 1.02408719e+00 1.02043030e+00 1.01450110e+00 1.00514550e+00 9.90810257e-01 9.69522079e-01 9.38939841e-01 8.96515984e-01 8.39795652e-01 7.66860709e-01 6.76888730e-01 5.70753702e-01 4.51574684e-01 3.25164307e-01 2.00469027e-01 9.03659227e-02 1.42157512e-02 1.42157512e-02 9.03659227e-02 2.00469027e-01 3.25164307e-01 4.51574684e-01 5.70753702e-01 6.76888730e-01 7.66860709e-01 8.39795652e-01 8.96515984e-01 9.38939841e-01 9.69522079e-01 9.90810257e-01 1.00514550e+00 1.01450110e+00 1.02043030e+00 1.02408719e+00 1.02628724e+00 1.02758158e+00 1.02832812e+00 1.02875112e+00 1.02898655e+00 1.02911427e+00 1.02917934e+00 1.02920532e+00 1.02920177e+00 1.02916737e+00 1.02908953e+00 1.02894019e+00 1.02866710e+00 1.02817877e+00 1.02732064e+00 1.02583985e+00 1.02333630e+00 1.01919978e+00 1.01253693e+00 1.00209852e+00 9.86226015e-01 9.62845605e-01 9.29544425e-01 8.83764277e-01 8.23137514e-01 7.45964336e-01 6.51790583e-01 5.42003892e-01 4.20358043e-01 2.93403153e-01 1.70964816e-01 6.71585954e-02 4.20149823e-03 2.85536322e-02 1.15624817e-01 2.30857482e-01 3.57014207e-01 4.82324234e-01 5.98675082e-01 7.00965645e-01 7.86683946e-01 8.55435056e-01 9.08371619e-01 9.47594799e-01 9.75618773e-01 9.94961808e-01 1.00788335e+00 1.01625310e+00 1.02152047e+00 1.02474831e+00 1.02667896e+00 1.02780893e+00 1.02845767e+00 1.02882368e+00 1.02902635e+00 1.02913520e+00 1.02918892e+00 1.02920707e+00 1.02919634e+00 1.02915277e+00 1.02906044e+00 1.02888627e+00 1.02856993e+00 1.02800678e+00 1.02702149e+00 1.02532955e+00 1.02248473e+00 1.01781311e+00 1.01033881e+00 9.98713983e-01 9.81174259e-01 9.55549885e-01 9.19368238e-01 8.70081464e-01 8.05439156e-01 7.23996382e-01 6.25704997e-01 5.12499235e-01 3.88793853e-01 2.61904403e-01 1.42592404e-01 4.63978368e-02 -6.40685301e-16
8.00856626e-16 4.68818386e-02 1.43974562e-01 2.64239504e-01 3.91929770e-01 5.16161010e-01 6.29567390e-01 7.27747060e-01 8.08825665e-01 8.72936306e-01 9.21612336e-01 9.57179966e-01 9.82241663e-01 9.99301707e-01 1.01054148e+00 1.01772236e+00 1.02218040e+00 1.02487594e+00 1.02646726e+00 1.02738687e+00 1.02790837e+00 1.02819902e+00 1.02835782e+00 1.02844143e+00 1.02848067e+00 1.02849031e+00 1.02847400e+00 1.02842556e+00 1.02832684e+00 1.02814170e+00 1.02780476e+00 1.02720281e+00 1.02614611e+00 1.02432686e+00 1.02126287e+00 1.01622766e+00 1.00817339e+00 9.95660738e-01 9.76819925e-01 9.49375305e-01 9.10771349e-01 8.58433564e-01 7.90180731e-01 7.04770865e-01 6.02518061e-01 4.85884244e-01 3.59972193e-01 2.32962110e-01 1.16767004e-01 2.88570386e-02 4.24814465e-03 6.78466561e-02 1.72589798e-01 2.95958825e-01 4.23654351e-01 5.45746793e-01 6.55652635e-01 7.49644572e-01 8.26403265e-01 8.86470577e-01 9.31632796e-01 9.64328583e-01 9.87164957e-01 1.00258102e+00 1.01265801e+00 1.01904872e+00 1.02298924e+00 1.02535710e+00 1.02674719e+00 1.02754656e+00 1.02799788e+00 1.02824830e+00 1.02838422e+00 1.02845460e+00 1.02848555e+00 1.02848874e+00 1.02846538e+00 1.02840663e+00 1.02829060e+00 1.02807512e+00 1.02768495e+00 1.02699089e+00 1.02577815e+00 1.02370118e+00 1.02022371e+00 1.01454621e+00 1.00552878e+00 9.91626306e-01 9.70861904e-01 9.40873380e-01 8.99070168e-01 8.42931595e-01 7.70455867e-01 6.80731423e-01 5.74556965e-01 4.55012658e-01 3.27928292e-01 2.02335949e-01 9.12751747e-02 1.43698370e-02 1.43698370e-02 9.12751747e-02 2.02335949e-01 3.27928292e-01 4.55012658e-01 5.74556965e-01 6.80731423e-01 7.70455867e-01 8.42931595e-01 8.99070168e-01 9.40873380e-01 9.70861904e-01 9.91626306e-01 1.00552878e+00 1.01454621e+00 1.02022371e+00 1.02370118e+00 1.02577815e+00 1.02699089e+00 1.02768495e+00 1.02807512e+00 1.02829060e+00 1.02840663e+00 1.02846538e+00 1.02848874e+00 1.02848555e+00 1.02845460e+00 1.02838422e+00 1.02824830e+00 1.02799788e+00 1.02754656e+00 1.02674719e+00 1.02535710e+00 1.02298924e+00 1.01904872e+00 1.01265801e+00 1.00258102e+00 9.87164957e-01 9.64328583e-01 9.31632796e-01 8.86470577e-01 8.26403265e-01 7.49644572e-01 6.55652635e-01 5.45746793e-01 4.23654351e-01 2.95958825e-01 1.72589798e-01 6.78466561e-02 4.24814465e-03 2.88570386e-02 1.16767004e-01 2.32962110e-01 3.59972193e-01 4.85884244e-01 6.02518061e-01 7.04770865e-01 7.90180731e-01 8.58433564e-01 9.10771349e-01 9.49375305e-01 9.76819925e-01 9.95660738e-01 1.00817339e+00 1.01622766e+00 1.02126287e+00 1.02432686e+00 1.02614611e+00 1.02720281e+00 1.02780476e+00 1.02814170e+00 1.02832684e+00 1.02842556e+00 1.02847400e+00 1.02849031e+00 1.02848067e+00 1.02844143e+00 1.02835782e+00 1.02819902e+00 1.02790837e+00 1.02738687e+00 1.02646726e+00 1.02487594e+00 1.02218040e+00 1.01772236e+00 1.01054148e+00 9.99301707e-01 9.82241663e-01 9.57179966e-01 9.21612336e-01 8.72936306e-01 8.08825665e-01 7.27747060e-01 6.29567390e-01 5.16161010e-01 3.91929770e-01 2.64239504e-01 1.43974562e-01 4.68818386e-02 9.61027951e-16
-3.20342650e-16 4.73684525e-02 1.45362451e-01 2.66580733e-01 3.95068044e-01 5.19817264e-01 6.33413674e-01 7.31470562e-01 8.12175755e-01 8.75749015e-01 9.23812896e-01 9.58769261e-01 9.83274353e-01 9.99862900e-01 1.01072667e+00 1.01762296e+00 1.02187532e+00 1.02442818e+00 1.02592406e+00 1.02678187e+00 1.02726451e+00 1.02753136e+00 1.02767605e+00 1.02775170e+00 1.02778701e+00 1.02779566e+00 1.02778102e+00 1.02773738e+00 1.02764791e+00 1.02747891e+00 1.02716894e+00 1.02661075e+00 1.02562314e+00 1.02390976e+00 1.02100267e+00 1.01619144e+00 1.00844366e+00 9.96330965e-01 9.77984597e-01 9.51113985e-01 9.13127481e-01 8.61390977e-01 7.93643129e-01 7.08551589e-01 6.06347717e-01 4.89441028e-01 3.62933891e-01 2.35073127e-01 1.17914309e-01 2.91621713e-02 4.29508688e-03 6.85382273e-02 1.74220948e-01 2.98520096e-01 4.26951397e-01 5.49481700e-01 6.59495762e-01 7.53295069e-01 8.29630790e-01 8.89133979e-01 9.33677949e-01 9.65772028e-01 9.88071085e-01 1.00303922e+00 1.01276387e+00 1.01889111e+00 1.02264323e+00 1.02488163e+00 1.02618586e+00 1.02693005e+00 1.02734690e+00 1.02757637e+00 1.02769998e+00 1.02776356e+00 1.02779139e+00 1.02779425e+00 1.02777326e+00 1.02772027e+00 1.02761493e+00 1.02741786e+00 1.02705821e+00 1.02641333e+00 1.02527768e+00 1.02331791e+00 1.02001258e+00 1.01457833e+00 1.00589002e+00 9.92411551e-01 9.72163636e-01 9.42764277e-01 9.01580967e-01 8.46027749e-01 7.74018873e-01 6.84552383e-01 5.78349622e-01 4.58449504e-01 3.30697072e-01 2.04209267e-01 9.21887889e-02 1.45248461e-02 1.45248461e-02 9.21887889e-02 2.04209267e-01 3.30697072e-01 4.58449504e-01 5.78349622e-01 6.84552383e-01 7.74018873e-01 8.46027749e-01 9.01580967e-01 9.42764277e-01 9.72163636e-01 9.92411551e-01 1.00589002e+00 1.01457833e+00 1.02001258e+00 1.02331791e+00 1.02527768e+00 1.02641333e+00 1.02705821e+00 1.02741786e+00 1.02761493e+00 1.02772027e+00 1.02777326e+00 1.02779425e+00 1.02779139e+00 1.02776356e+00 1.02769998e+00 1.02757637e+00 1.02734690e+00 1.02693005e+00 1.02618586e+00 1.02488163e+00 1.02264323e+00 1.01889111e+00 1.01276387e+00 1.00303922e+00 9.88071085e-01 9.65772028e-01 9.33677949e-01 8.89133979e-01 8.29630790e-01 7.53295069e-01 6.59495762e-01 5.49481700e-01 4.26951397e-01 2.98520096e-01 1.74220948e-01 6.85382273e-02 4.29508688e-03 2.91621713e-02 1.17914309e-01 2.35073127e-01 3.62933891e-01 4.89441028e-01 6.06347717e-01 7.08551589e-01 7.93643129e-01 8.61390977e-01 9.13127481e-01 9.51113985e-01 9.77984597e-01 9.96330965e-01 1.00844366e+00 1.01619144e+00 1.02100267e+00 1.02390976e+00 1.02562314e+00 1.02661075e+00 1.02716894e+00 1.02747891e+00 1.02764791e+00 1.02773738e+00 1.02778102e+00 1.02779566e+00 1.02778701e+00 1.02775170e+00 1.02767605e+00 1.02753136e+00 1.02726451e+00 1.02678187e+00 1.02592406e+00 1.02442818e+00 1.02187532e+00 1.01762296e+00 1.01072667e+00 9.99862900e-01 9.83274353e-01 9.58769261e-01 9.23812896e-01 8.75749015e-01 8.12175755e-01 7.31470562e-01 6.33413674e-01 5.19817264e-01 3.95068044e-01 2.66580733e-01 1.45362451e-01 4.73684525e-02 3.20342650e-16
3.20342650e-16 4.78576448e-02 1.46755954e-01 2.68927854e-01 3.98208311e-01 5.23467537e-01 6.37243369e-01 7.35166490e-01 8.15489201e-01 8.78519607e-01 9.25970190e-01 9.60318266e-01 9.84272972e-01 1.00039825e+00 1.01089500e+00 1.01751542e+00 1.02156982e+00 1.02398638e+00 1.02539180e+00 1.02619149e+00 1.02663787e+00 1.02688271e+00 1.02701444e+00 1.02708283e+00 1.02711458e+00 1.02712233e+00 1.02710920e+00 1.02706992e+00 1.02698890e+00 1.02683475e+00 1.02654978e+00 1.02603249e+00 1.02510998e+00 1.02349715e+00 1.02074023e+00 1.01614496e+00 1.00869482e+00 9.96973175e-01 9.79113404e-01 9.52811284e-01 9.15440226e-01 8.64307248e-01 7.97070864e-01 7.12307389e-01 6.10163567e-01 4.92994148e-01 3.65898969e-01 2.37190328e-01 1.19066638e-01 2.94690100e-02 4.34232217e-03 6.92332584e-02 1.75858121e-01 3.01086698e-01 4.30248789e-01 5.53208142e-01 6.63319495e-01 7.56915465e-01 8.32819921e-01 8.91754566e-01 9.35680220e-01 9.67176477e-01 9.88945060e-01 1.00347380e+00 1.01285511e+00 1.01872739e+00 1.02229852e+00 1.02441349e+00 1.02563649e+00 1.02632890e+00 1.02671366e+00 1.02692379e+00 1.02703612e+00 1.02709351e+00 1.02711850e+00 1.02712107e+00 1.02710224e+00 1.02705447e+00 1.02695892e+00 1.02677881e+00 1.02644751e+00 1.02584869e+00 1.02478583e+00 1.02293757e+00 1.01979731e+00 1.01459803e+00 1.00622990e+00 9.93166668e-01 9.73427855e-01 9.44612924e-01 9.04048527e-01 8.49084005e-01 7.77549405e-01 6.88351158e-01 5.82131193e-01 4.61884802e-01 3.33470344e-01 2.06088806e-01 9.31066949e-02 1.46807688e-02 1.46807688e-02 9.31066949e-02 2.06088806e-01 3.33470344e-01 4.61884802e-01 5.82131193e-01 6.88351158e-01 7.77549405e-01 8.49084005e-01 9.04048527e-01 9.44612924e-01 9.73427855e-01 9.93166668e-01 1.00622990e+00 1.01459803e+00 1.01979731e+00 1.02293757e+00 1.02478583e+00 1.02584869e+00 1.02644751e+00 1.02677881e+00 1.02695892e+00 1.02705447e+00 1.02710224e+00 1.02712107e+00 1.02711850e+00 1.02709351e+00 1.02703612e+00 1.02692379e+00 1.02671366e+00 1.02632890e+00 1.02563649e+00 1.02441349e+00 1.02229852e+00 1.01872739e+00 1.01285511e+00 1.00347380e+00 9.88945060e-01 9.67176477e-01 9.35680220e-01 8.91754566e-01 8.32819921e-01 7.56915465e-01 6.63319495e-01 5.53208142e-01 4.30248789e-01 3.01086698e-01 1.75858121e-01 6.92332584e-02 4.34232217e-03 2.94690100e-02 1.19066638e-01 2.37190328e-01 3.65898969e-01 4.92994148e-01 6.10163567e-01 7.12307389e-01 7.97070864e-01 8.64307248e-01 9.15440226e-01 9.52811284e-01 9.79113404e-01 9.96973175e-01 1.00869482e+00 1.01614496e+00 1.02074023e+00 1.02349715e+00 1.02510998e+00 1.02603249e+00 1.02654978e+00 1.02683475e+00 1.02698890e+00 1.02706992e+00 1.02710920e+00 1.02712233e+00 1.02711458e+00 1.02708283e+00 1.02701444e+00 1.02688271e+00 1.02663787e+00 1.02619149e+00 1.02539180e+00 1.02398638e+00 1.02156982e+00 1.01751542e+00 1.01089500e+00 1.00039825e+00 9.84272972e-01 9.60318266e-01 9.25970190e-01 8.78519607e-01 8.15489201e-01 7.35166490e-01 6.37243369e-01 5.23467537e-01 3.98208311e-01 2.68927854e-01 1.46755954e-01 4.78576448e-02 -6.40685301e-16
3.20342650e-16 4.83493831e-02 1.48154957e-01 2.71280639e-01 4.01350221e-01 5.27111388e-01 6.41056021e-01 7.38834472e-01 8.18765812e-01 8.81248129e-01 9.28084516e-01 9.61827493e-01 9.85238167e-01 1.00090845e+00 1.01104711e+00 1.01740022e+00 1.02126419e+00 1.02355061e+00 1.02487034e+00 1.02561542e+00 1.02602800e+00 1.02625249e+00 1.02637233e+00 1.02643411e+00 1.02646263e+00 1.02646958e+00 1.02645781e+00 1.02642248e+00 1.02634917e+00 1.02620866e+00 1.02594685e+00 1.02546777e+00 1.02460656e+00 1.02308916e+00 1.02047589e+00 1.01608875e+00 1.00892752e+00 9.97588056e-01 9.80206968e-01 9.54467665e-01 9.17709821e-01 8.67182360e-01 8.00463691e-01 7.16037861e-01 6.13965151e-01 4.96543180e-01 3.68867106e-01 2.39313517e-01 1.20223902e-01 2.97775356e-02 4.38984792e-03 6.99317008e-02 1.77501178e-01 3.03658372e-01 4.33546149e-01 5.56925665e-01 6.67123388e-01 7.60505424e-01 8.35970521e-01 8.94332447e-01 9.37639964e-01 9.68542486e-01 9.89787551e-01 1.00388544e+00 1.01293234e+00 1.01855800e+00 1.02195535e+00 1.02395270e+00 1.02509892e+00 1.02574276e+00 1.02609768e+00 1.02628996e+00 1.02639196e+00 1.02644372e+00 1.02646615e+00 1.02646845e+00 1.02645156e+00 1.02640854e+00 1.02632193e+00 1.02615745e+00 1.02585246e+00 1.02529675e+00 1.02430257e+00 1.02256037e+00 1.01957831e+00 1.01460589e+00 1.00654907e+00 9.93892338e-01 9.74655151e-01 9.46419732e-01 9.06473022e-01 8.52100284e-01 7.81047171e-01 6.92127320e-01 5.85901219e-01 4.65318150e-01 3.36247821e-01 2.07974401e-01 9.40288254e-02 1.48375960e-02 1.48375960e-02 9.40288254e-02 2.07974401e-01 3.36247821e-01 4.65318150e-01 5.85901219e-01 6.92127320e-01 7.81047171e-01 8.52100284e-01 9.06473022e-01 9.46419732e-01 9.74655151e-01 9.93892338e-01 1.00654907e+00 1.01460589e+00 1.01957831e+00 1.02256037e+00 1.02430257e+00 1.02529675e+00 1.02585246e+00 1.02615745e+00 1.02632193e+00 1.02640854e+00 1.02645156e+00 1.02646845e+00 1.02646615e+00 1.02644372e+00 1.02639196e+00 1.02628996e+00 1.02609768e+00 1.02574276e+00 1.02509892e+00 1.02395270e+00 1.02195535e+00 1.01855800e+00 1.01293234e+00 1.00388544e+00 9.89787551e-01 9.68542486e-01 9.37639964e-01 8.94332447e-01 8.35970521e-01 7.60505424e-01 6.67123388e-01 5.56925665e-01 4.33546149e-01 3.03658372e-01 1.77501178e-01 6.99317008e-02 4.38984792e-03 2.97775356e-02 1.20223902e-01 2.39313517e-01 3.68867106e-01 4.96543180e-01 6.13965151e-01 7.16037861e-01 8.00463691e-01 8.67182360e-01 9.17709821e-01 9.54467665e-01 9.80206968e-01 9.97588056e-01 1.00892752e+00 1.01608875e+00 1.02047589e+00 1.02308916e+00 1.02460656e+00 1.02546777e+00 1.02594685e+00 1.02620866e+00 1.02634917e+00 1.02642248e+00 1.02645781e+00 1.02646958e+00 1.02646263e+00 1.02643411e+00 1.02637233e+00 1.02625249e+00 1.02602800e+00 1.02561542e+00 1.02487034e+00 1.02355061e+00 1.02126419e+00 1.01740022e+00 1.01104711e+00 1.00090845e+00 9.85238167e-01 9.61827493e-01 9.28084516e-01 8.81248129e-01 8.18765812e-01 7.38834472e-01 6.41056021e-01 5.27111388e-01 4.01350221e-01 2.71280639e-01 1.48154957e-01 4.83493831e-02 3.20342650e-16
-3.20342650e-16 4.88436365e-02 1.49559354e-01 2.73638870e-01 4.04493438e-01 5.30748395e-01 6.44851193e-01 7.42474159e-01 8.22005417e-01 8.83934651e-01 9.30156193e-01 9.63297469e-01 9.86170596e-01 1.00139418e+00 1.01118362e+00 1.01727783e+00 1.02095871e+00 1.02312096e+00 1.02435955e+00 1.02505335e+00 1.02543445e+00 1.02564015e+00 1.02574909e+00 1.02580485e+00 1.02583045e+00 1.02583667e+00 1.02582613e+00 1.02579438e+00 1.02572810e+00 1.02560012e+00 1.02535975e+00 1.02491632e+00 1.02411279e+00 1.02268594e+00 1.02021000e+00 1.01602334e+00 1.00914241e+00 9.98176295e-01 9.81265921e-01 9.56083611e-01 9.19936524e-01 8.70016321e-01 8.03821391e-01 7.19742628e-01 6.17752026e-01 5.00087717e-01 3.71837993e-01 2.41442505e-01 1.21386017e-01 3.00877298e-02 4.43766165e-03 7.06335082e-02 1.79149986e-01 3.06234868e-01 4.36843114e-01 5.60633836e-01 6.70907020e-01 7.64064636e-01 8.39082477e-01 8.96867755e-01 9.39557557e-01 9.69870623e-01 9.90599231e-01 1.00427482e+00 1.01299614e+00 1.01838339e+00 1.02161396e+00 1.02349930e+00 1.02457296e+00 1.02517129e+00 1.02549846e+00 1.02567429e+00 1.02576685e+00 1.02581349e+00 1.02583360e+00 1.02583566e+00 1.02582053e+00 1.02578182e+00 1.02570337e+00 1.02555326e+00 1.02527268e+00 1.02475730e+00 1.02382786e+00 1.02218649e+00 1.01935595e+00 1.01460246e+00 1.00684820e+00 9.94589247e-01 9.75846129e-01 9.48185133e-01 9.08854648e-01 8.55076534e-01 7.84511903e-01 6.95880465e-01 5.89659258e-01 4.68749162e-01 3.39029221e-01 2.09865889e-01 9.49551160e-02 1.49953188e-02 1.49953188e-02 9.49551160e-02 2.09865889e-01 3.39029221e-01 4.68749162e-01 5.89659258e-01 6.95880465e-01 7.84511903e-01 8.55076534e-01 9.08854648e-01 9.48185133e-01 9.75846129e-01 9.94589247e-01 1.00684820e+00 1.01460246e+00 1.01935595e+00 1.02218649e+00 1.02382786e+00 1.02475730e+00 1.02527268e+00 1.02555326e+00 1.02570337e+00 1.02578182e+00 1.02582053e+00 1.02583566e+00 1.02583360e+00 1.02581349e+00 1.02576685e+00 1.02567429e+00 1.02549846e+00 1.02517129e+00 1.02457296e+00 1.02349930e+00 1.02161396e+00 1.01838339e+00 1.01299614e+00 1.00427482e+00 9.90599231e-01 9.69870623e-01 9.39557557e-01 8.96867755e-01 8.39082477e-01 7.64064636e-01 6.70907020e-01 5.60633836e-01 4.36843114e-01 3.06234868e-01 1.79149986e-01 7.06335082e-02 4.43766165e-03 3.00877298e-02 1.21386017e-01 2.41442505e-01 3.71837993e-01 5.00087717e-01 6.17752026e-01 7.19742628e-01 8.03821391e-01 8.70016321e-01 9.19936524e-01 9.56083611e-01 9.81265921e-01 9.98176295e-01 1.00914241e+00 1.01602334e+00 1.02021000e+00 1.02268594e+00 1.02411279e+00 1.02491632e+00 1.02535975e+00 1.02560012e+00 1.02572810e+00 1.02579438e+00 1.02582613e+00 1.02583667e+00 1.02583045e+00 1.02580485e+00 1.02574909e+00 1.02564015e+00 1.02543445e+00 1.02505335e+00 1.02435955e+00 1.02312096e+00 1.02095871e+00 1.01727783e+00 1.01118362e+00 1.00139418e+00 9.86170596e-01 9.63297469e-01 9.30156193e-01 8.83934651e-01 8.22005417e-01 7.42474159e-01 6.44851193e-01 5.30748395e-01 4.04493438e-01 2.73638870e-01 1.49559354e-01 4.88436365e-02 -3.20342650e-16
1.28137060e-15 4.93403753e-02 1.50969038e-01 2.76002334e-01 4.07637634e-01 5.34378150e-01 6.48628472e-01 7.46085228e-01 8.25207877e-01 8.86579268e-01 9.32185559e-01 9.64728733e-01 9.87070918e-01 1.00185613e+00 1.01130513e+00 1.01714873e+00 1.02065366e+00 1.02269749e+00 1.02385931e+00 1.02450498e+00 1.02485678e+00 1.02504513e+00 1.02514409e+00 1.02519438e+00 1.02521735e+00 1.02522290e+00 1.02521348e+00 1.02518497e+00 1.02512509e+00 1.02500860e+00 1.02478806e+00 1.02437789e+00 1.02362861e+00 1.02228758e+00 1.01994288e+00 1.01594924e+00 1.00934013e+00 9.98738581e-01 9.82290905e-01 9.57659617e-01 9.22120615e-01 8.72809164e-01 8.07143768e-01 7.23421333e-01 6.21523773e-01 5.03627365e-01 3.74811330e-01 2.43577108e-01 1.22552899e-01 3.03995748e-02 4.48576098e-03 7.13386361e-02 1.80804416e-01 3.08815945e-01 4.40139332e-01 5.64332235e-01 6.74669990e-01 7.67592815e-01 8.42155703e-01 8.99360648e-01 9.41433395e-01 9.71161466e-01 9.91380777e-01 1.00464262e+00 1.01304709e+00 1.01820397e+00 1.02127457e+00 1.02305329e+00 1.02405844e+00 1.02461414e+00 1.02491555e+00 1.02507622e+00 1.02516014e+00 1.02520215e+00 1.02522016e+00 1.02522200e+00 1.02520845e+00 1.02517365e+00 1.02510265e+00 1.02496576e+00 1.02470780e+00 1.02423010e+00 1.02336169e+00 1.02181608e+00 1.01913061e+00 1.01458829e+00 1.00712796e+00 9.95258079e-01 9.77001400e-01 9.49909573e-01 9.11193625e-01 8.58012726e-01 7.87943358e-01 6.99610213e-01 5.93404889e-01 4.72177464e-01 3.41814275e-01 2.11763117e-01 9.58855046e-02 1.51539288e-02 1.51539288e-02 9.58855046e-02 2.11763117e-01 3.41814275e-01 4.72177464e-01 5.93404889e-01 6.99610213e-01 7.87943358e-01 8.58012726e-01 9.11193625e-01 9.49909573e-01 9.77001400e-01 9.95258079e-01 1.00712796e+00 1.01458829e+00 1.01913061e+00 1.02181608e+00 1.02336169e+00 1.02423010e+00 1.02470780e+00 1.02496576e+00 1.02510265e+00 1.02517365e+00 1.02520845e+00 1.02522200e+00 1.02522016e+00 1.02520215e+00 1.02516014e+00 1.02507622e+00 1.02491555e+00 1.02461414e+00 1.02405844e+00 1.02305329e+00 1.02127457e+00 1.01820397e+00 1.01304709e+00 1.00464262e+00 9.91380777e-01 9.71161466e-01 9.41433395e-01 8.99360648e-01 8.42155703e-01 7.67592815e-01 6.74669990e-01 5.64332235e-01 4.40139332e-01 3.08815945e-01 1.80804416e-01 7.13386361e-02 4.48576098e-03 3.03995748e-02 1.22552899e-01 2.43577108e-01 3.74811330e-01 5.03627365e-01 6.21523773e-01 7.23421333e-01 8.07143768e-01 8.72809164e-01 9.22120615e-01 9.57659617e-01 9.82290905e-01 9.98738581e-01 1.00934013e+00 1.01594924e+00 1.01994288e+00 1.02228758e+00 1.02362861e+00 1.02437789e+00 1.02478806e+00 1.02500860e+00 1.02512509e+00 1.02518497e+00 1.02521348e+00 1.02522290e+00 1.02521735e+00 1.02519438e+00 1.02514409e+00 1.02504513e+00 1.02485678e+00 1.02450498e+00 1.02385931e+00 1.02269749e+00 1.02065366e+00 1.01714873e+00 1.01130513e+00 1.00185613e+00 9.87070918e-01 9.64728733e-01 9.32185559e-01 8.86579268e-01 8.25207877e-01 7.46085228e-01 6.48628472e-01 5.34378150e-01 4.07637634e-01 2.76002334e-01 1.50969038e-01 4.93403753e-02 8.00856626e-16
1.60171325e-16 4.98395709e-02 1.52383910e-01 2.78370827e-01 4.10782495e-01 5.38000260e-01 6.52387463e-01 7.49667380e-01 8.28373071e-01 8.89182097e-01 9.34172972e-01 9.66121838e-01 9.87939801e-01 1.00229498e+00 1.01141225e+00 1.01701337e+00 1.02034929e+00 1.02228025e+00 1.02336948e+00 1.02397001e+00 1.02429456e+00 1.02446690e+00 1.02455674e+00 1.02460206e+00 1.02462264e+00 1.02462760e+00 1.02461918e+00 1.02459360e+00 1.02453955e+00 1.02443360e+00 1.02423139e+00 1.02385221e+00 1.02315391e+00 1.02189421e+00 1.01967484e+00 1.01586693e+00 1.00952130e+00 9.99275602e-01 9.83282565e-01 9.59196193e-01 9.24262393e-01 8.75560944e-01 8.10430652e-01 7.27073643e-01 6.25279988e-01 5.07161746e-01 3.77786829e-01 2.45717150e-01 1.23724471e-01 3.07130540e-02 4.53414367e-03 7.20470417e-02 1.82464344e-01 3.11401371e-01 4.43434464e-01 5.68020463e-01 6.78411916e-01 7.71089698e-01 8.45190137e-01 9.01811305e-01 9.43267889e-01 9.72415604e-01 9.92132868e-01 1.00498950e+00 1.01308577e+00 1.01802015e+00 1.02093739e+00 1.02261469e+00 1.02355518e+00 1.02407099e+00 1.02434848e+00 1.02449520e+00 1.02457123e+00 1.02460903e+00 1.02462515e+00 1.02462680e+00 1.02461468e+00 1.02458341e+00 1.02451921e+00 1.02439445e+00 1.02415744e+00 1.02371494e+00 1.02290400e+00 1.02144931e+00 1.01890265e+00 1.01456391e+00 1.00738900e+00 9.95899521e-01 9.78121586e-01 9.51593517e-01 9.13490193e-01 8.60908857e-01 7.91341317e-01 7.03316203e-01 5.97137706e-01 4.75602694e-01 3.44602721e-01 2.13665934e-01 9.68199315e-02 1.53134181e-02 1.53134181e-02 9.68199315e-02 2.13665934e-01 3.44602721e-01 4.75602694e-01 5.97137706e-01 7.03316203e-01 7.91341317e-01 8.60908857e-01 9.13490193e-01 9.51593517e-01 9.78121586e-01 9.95899521e-01 1.00738900e+00 1.01456391e+00 1.01890265e+00 1.02144931e+00 1.02290400e+00 1.02371494e+00 1.02415744e+00 1.02439445e+00 1.02451921e+00 1.02458341e+00 1.02461468e+00 1.02462680e+00 1.02462515e+00 1.02460903e+00 1.02457123e+00 1.02449520e+00 1.02434848e+00 1.02407099e+00 1.02355518e+00 1.02261469e+00 1.02093739e+00 1.01802015e+00 1.01308577e+00 1.00498950e+00 9.92132868e-01 9.72415604e-01 9.43267889e-01 9.01811305e-01 8.45190137e-01 7.71089698e-01 6.78411916e-01 5.68020463e-01 4.43434464e-01 3.11401371e-01 1.82464344e-01 7.20470417e-02 4.53414367e-03 3.07130540e-02 1.23724471e-01 2.45717150e-01 3.77786829e-01 5.07161746e-01 6.25279988e-01 7.27073643e-01 8.10430652e-01 8.75560944e-01 9.24262393e-01 9.59196193e-01 9.83282565e-01 9.99275602e-01 1.00952130e+00 1.01586693e+00 1.01967484e+00 1.02189421e+00 1.02315391e+00 1.02385221e+00 1.02423139e+00 1.02443360e+00 1.02453955e+00 1.02459360e+00 1.02461918e+00 1.02462760e+00 1.02462264e+00 1.02460206e+00 1.02455674e+00 1.02446690e+00 1.02429456e+00 1.02397001e+00 1.02336948e+00 1.02228025e+00 1.02034929e+00 1.01701337e+00 1.01141225e+00 1.00229498e+00 9.87939801e-01 9.66121838e-01 9.34172972e-01 8.89182097e-01 8.28373071e-01 7.49667380e-01 6.52387463e-01 5.38000260e-01 4.10782495e-01 2.78370827e-01 1.52383910e-01 4.98395709e-02 1.60171325e-16
9.61027951e-16 5.03411962e-02 1.53803873e-01 2.80744150e-01 4.13927715e-01 5.41614347e-01 6.56127789e-01 7.53220333e-01 8.31500905e-01 8.91743277e-01 9.36118806e-01 9.67477348e-01 9.88777913e-01 1.00271140e+00 1.01150558e+00 1.01687217e+00 1.02004586e+00 1.02186929e+00 1.02288993e+00 1.02344815e+00 1.02374737e+00 1.02390496e+00 1.02398645e+00 1.02402727e+00 1.02404569e+00 1.02405012e+00 1.02404260e+00 1.02401967e+00 1.02397091e+00 1.02387461e+00 1.02368933e+00 1.02333902e+00 1.02268861e+00 1.02150592e+00 1.01940616e+00 1.01577690e+00 1.00968655e+00 9.99788040e-01 9.84241553e-01 9.60693863e-01 9.26362178e-01 8.78271741e-01 8.13681895e-01 7.30699246e-01 6.29020285e-01 5.10690495e-01 3.80764210e-01 2.47862459e-01 1.24900656e-01 3.10281510e-02 4.58280755e-03 7.27586839e-02 1.84129649e-01 3.13990919e-01 4.46728182e-01 5.71698133e-01 6.82132438e-01 7.74555046e-01 8.48185738e-01 9.04219925e-01 9.45061468e-01 9.73633638e-01 9.92856184e-01 1.00531613e+00 1.01311274e+00 1.01783231e+00 1.02060261e+00 1.02218349e+00 1.02306301e+00 1.02354149e+00 1.02379681e+00 1.02393069e+00 1.02399953e+00 1.02403351e+00 1.02404794e+00 1.02404940e+00 1.02403858e+00 1.02401051e+00 1.02395248e+00 1.02383887e+00 1.02362125e+00 1.02321160e+00 1.02245475e+00 1.02108633e+00 1.01867242e+00 1.01452985e+00 1.00763195e+00 9.96514257e-01 9.79207315e-01 9.53237440e-01 9.15744611e-01 8.63764944e-01 7.94705584e-01 7.06998095e-01 6.00857321e-01 4.79024504e-01 3.47394307e-01 2.15574195e-01 9.77583392e-02 1.54737788e-02 1.54737788e-02 9.77583392e-02 2.15574195e-01 3.47394307e-01 4.79024504e-01 6.00857321e-01 7.06998095e-01 7.94705584e-01 8.63764944e-01 9.15744611e-01 9.53237440e-01 9.79207315e-01 9.96514257e-01 1.00763195e+00 1.01452985e+00 1.01867242e+00 1.02108633e+00 1.02245475e+00 1.02321160e+00 1.02362125e+00 1.02383887e+00 1.02395248e+00 1.02401051e+00 1.02403858e+00 1.02404940e+00 1.02404794e+00 1.02403351e+00 1.02399953e+00 1.02393069e+00 1.02379681e+00 1.02354149e+00 1.02306301e+00 1.02218349e+00 1.02060261e+00 1.01783231e+00 1.01311274e+00 1.00531613e+00 9.92856184e-01 9.73633638e-01 9.45061468e-01 9.04219925e-01 8.48185738e-01 7.74555046e-01 6.82132438e-01 5.71698133e-01 4.46728182e-01 3.13990919e-01 1.84129649e-01 7.27586839e-02 4.58280755e-03 3.10281510e-02 1.24900656e-01 2.47862459e-01 3.80764210e-01 5.10690495e-01 6.29020285e-01 7.30699246e-01 8.13681895e-01 8.78271741e-01 9.26362178e-01 9.60693863e-01 9.84241553e-01 9.99788040e-01 1.00968655e+00 1.01577690e+00 1.01940616e+00 1.02150592e+00 1.02268861e+00 1.02333902e+00 1.02368933e+00 1.02387461e+00 1.02397091e+00 1.02401967e+00 1.02404260e+00 1.02405012e+00 1.02404569e+00 1.02402727e+00 1.02398645e+00 1.02390496e+00 1.02374737e+00 1.02344815e+00 1.02288993e+00 1.02186929e+00 1.02004586e+00 1.01687217e+00 1.01150558e+00 1.00271140e+00 9.88777913e-01 9.67477348e-01 9.36118806e-01 8.91743277e-01 8.31500905e-01 7.53220333e-01 6.56127789e-01 5.41614347e-01 4.13927715e-01 2.80744150e-01 1.53803873e-01 5.03411962e-02 3.20342650e-16
1.28137060e-15 5.08452248e-02 1.55228832e-01 2.83122112e-01 4.17072999e-01 5.45220047e-01 6.59849091e-01 7.56743830e-01 8.34591304e-01 8.94262967e-01 9.38023452e-01 9.68795835e-01 9.89585926e-01 1.00310607e+00 1.01158569e+00 1.01672558e+00 1.01974361e+00 1.02146466e+00 1.02242051e+00 1.02293909e+00 1.02321480e+00 1.02335880e+00 1.02343267e+00 1.02346939e+00 1.02348588e+00 1.02348983e+00 1.02348312e+00 1.02346258e+00 1.02341862e+00 1.02333116e+00 1.02316151e+00 1.02283807e+00 1.02223260e+00 1.02112280e+00 1.01913715e+00 1.01567962e+00 1.00983649e+00 1.00027658e+00 9.85168525e-01 9.62153160e-01 9.28420304e-01 8.80941651e-01 8.16897370e-01 7.34297848e-01 6.32744296e-01 5.14213258e-01 3.83743201e-01 2.50012870e-01 1.26081380e-01 3.13448505e-02 4.63175056e-03 7.34735230e-02 1.85800215e-01 3.16584371e-01 4.50020167e-01 5.75364873e-01 6.85831212e-01 7.77988639e-01 8.51142487e-01 9.06586728e-01 9.46814573e-01 9.74816172e-01 9.93551406e-01 1.00562316e+00 1.01312854e+00 1.01764085e+00 1.02027042e+00 1.02175968e+00 1.02258173e+00 1.02302534e+00 1.02326009e+00 1.02338219e+00 1.02344447e+00 1.02347499e+00 1.02348788e+00 1.02348919e+00 1.02347952e+00 1.02345434e+00 1.02340195e+00 1.02329855e+00 1.02309887e+00 1.02271986e+00 1.02201389e+00 1.02072728e+00 1.01844025e+00 1.01448660e+00 1.00785747e+00 9.97102972e-01 9.80259221e-01 9.54841835e-01 9.17957157e-01 8.66581026e-01 7.98035983e-01 7.10655568e-01 6.04563361e-01 4.82442557e-01 3.50188785e-01 2.17487760e-01 9.87006724e-02 1.56350037e-02 1.56350037e-02 9.87006724e-02 2.17487760e-01 3.50188785e-01 4.82442557e-01 6.04563361e-01 7.10655568e-01 7.98035983e-01 8.66581026e-01 9.17957157e-01 9.54841835e-01 9.80259221e-01 9.97102972e-01 1.00785747e+00 1.01448660e+00 1.01844025e+00 1.02072728e+00 1.02201389e+00 1.02271986e+00 1.02309887e+00 1.02329855e+00 1.02340195e+00 1.02345434e+00 1.02347952e+00 1.02348919e+00 1.02348788e+00 1.02347499e+00 1.02344447e+00 1.02338219e+00 1.02326009e+00 1.02302534e+00 1.02258173e+00 1.02175968e+00 1.02027042e+00 1.01764085e+00 1.01312854e+00 1.00562316e+00 9.93551406e-01 9.74816172e-01 9.46814573e-01 9.06586728e-01 8.51142487e-01 7.77988639e-01 6.85831212e-01 5.75364873e-01 4.50020167e-01 3.16584371e-01 1.85800215e-01 7.34735230e-02 4.63175056e-03 3.13448505e-02 1.26081380e-01 2.50012870e-01 3.83743201e-01 5.14213258e-01 6.32744296e-01 7.34297848e-01 8.16897370e-01 8.80941651e-01 9.28420304e-01 9.62153160e-01 9.85168525e-01 1.00027658e+00 1.00983649e+00 1.01567962e+00 1.01913715e+00 1.02112280e+00 1.02223260e+00 1.02283807e+00 1.02316151e+00 1.02333116e+00 1.02341862e+00 1.02346258e+00 1.02348312e+00 1.02348983e+00 1.02348588e+00 1.02346939e+00 1.02343267e+00 1.02335880e+00 1.02321480e+00 1.02293909e+00 1.02242051e+00 1.02146466e+00 1.01974361e+00 1.01672558e+00 1.01158569e+00 1.00310607e+00 9.89585926e-01 9.68795835e-01 9.38023452e-01 8.94262967e-01 8.34591304e-01 7.56743830e-01 6.59849091e-01 5.45220047e-01 4.17072999e-01 2.83122112e-01 1.55228832e-01 5.08452248e-02 1.60171325e-15
1.60171325e-15 5.13516313e-02 1.56658696e-01 2.85504527e-01 4.20218060e-01 5.48817007e-01 6.63551026e-01 7.60237630e-01 8.37644214e-01 8.96741345e-01 9.39887315e-01 9.70077880e-01 9.90364511e-01 1.00347965e+00 1.01165315e+00 1.01657400e+00 1.01944274e+00 1.02106638e+00 1.02196107e+00 1.02244256e+00 1.02269643e+00 1.02282793e+00 1.02289484e+00 1.02292787e+00 1.02294260e+00 1.02294613e+00 1.02294014e+00 1.02292175e+00 1.02288217e+00 1.02280279e+00 1.02264754e+00 1.02234909e+00 1.02178578e+00 1.02074491e+00 1.01886807e+00 1.01557554e+00 1.00997172e+00 1.00074189e+00 9.86064139e-01 9.63574629e-01 9.30437123e-01 8.83570795e-01 8.20076970e-01 7.37869176e-01 6.36451667e-01 5.17729694e-01 3.86723540e-01 2.52168223e-01 1.27266572e-01 3.16631376e-02 4.68097073e-03 7.41915208e-02 1.87475929e-01 3.19181515e-01 4.53310112e-01 5.79020326e-01 6.89507913e-01 7.81390275e-01 8.54060387e-01 9.08911950e-01 9.48527661e-01 9.75963819e-01 9.94219213e-01 1.00591125e+00 1.01313370e+00 1.01744613e+00 1.01994100e+00 1.02134325e+00 1.02211116e+00 1.02252219e+00 1.02273790e+00 1.02284917e+00 1.02290548e+00 1.02293288e+00 1.02294439e+00 1.02294555e+00 1.02293693e+00 1.02291436e+00 1.02286708e+00 1.02277304e+00 1.02258995e+00 1.02223950e+00 1.02158134e+00 1.02037227e+00 1.01820645e+00 1.01443468e+00 1.00806617e+00 9.97666346e-01 9.81277942e-01 9.56407203e-01 9.20128127e-01 8.69357163e-01 8.01332359e-01 7.14288318e-01 6.08255467e-01 4.85856526e-01 3.52985919e-01 2.19406492e-01 9.96468772e-02 1.57970856e-02 1.57970856e-02 9.96468772e-02 2.19406492e-01 3.52985919e-01 4.85856526e-01 6.08255467e-01 7.14288318e-01 8.01332359e-01 8.69357163e-01 9.20128127e-01 9.56407203e-01 9.81277942e-01 9.97666346e-01 1.00806617e+00 1.01443468e+00 1.01820645e+00 1.02037227e+00 1.02158134e+00 1.02223950e+00 1.02258995e+00 1.02277304e+00 1.02286708e+00 1.02291436e+00 1.02293693e+00 1.02294555e+00 1.02294439e+00 1.02293288e+00 1.02290548e+00 1.02284917e+00 1.02273790e+00 1.02252219e+00 1.02211116e+00 1.02134325e+00 1.01994100e+00 1.01744613e+00 1.01313370e+00 1.00591125e+00 9.94219213e-01 9.75963819e-01 9.48527661e-01 9.08911950e-01 8.54060387e-01 7.81390275e-01 6.89507913e-01 5.79020326e-01 4.53310112e-01 3.19181515e-01 1.87475929e-01 7.41915208e-02 4.68097073e-03 3.16631376e-02 1.27266572e-01 2.52168223e-01 3.86723540e-01 5.17729694e-01 6.36451667e-01 7.37869176e-01 8.20076970e-01 8.83570795e-01 9.30437123e-01 9.63574629e-01 9.86064139e-01 1.00074189e+00 1.00997172e+00 1.01557554e+00 1.01886807e+00 1.02074491e+00 1.02178578e+00 1.02234909e+00 1.02264754e+00 1.02280279e+00 1.02288217e+00 1.02292175e+00 1.02294014e+00 1.02294613e+00 1.02294260e+00 1.02292787e+00 1.02289484e+00 1.02282793e+00 1.02269643e+00 1.02244256e+00 1.02196107e+00 1.02106638e+00 1.01944274e+00 1.01657400e+00 1.01165315e+00 1.00347965e+00 9.90364511e-01 9.70077880e-01 9.39887315e-01 8.96741345e-01 8.37644214e-01 7.60237630e-01 6.63551026e-01 5.48817007e-01 4.20218060e-01 2.85504527e-01 1.56658696e-01 5.13516313e-02 8.00856626e-16
-0.00000000e+00 5.18603912e-02 1.58093377e-01 2.87891212e-01 4.23362620e-01 5.52404888e-01 6.67233268e-01 7.63701512e-01 8.40659600e-01 8.99178605e-01 9.41710815e-01 9.71324074e-01 9.91114342e-01 1.00383280e+00 1.01170853e+00 1.01641783e+00 1.01914347e+00 1.02067447e+00 1.02151148e+00 1.02195827e+00 1.02219189e+00 1.02231189e+00 1.02237246e+00 1.02240213e+00 1.02241529e+00 1.02241843e+00 1.02241310e+00 1.02239665e+00 1.02236102e+00 1.02228902e+00 1.02214705e+00 1.02187184e+00 1.02134805e+00 1.02037234e+00 1.01859917e+00 1.01546512e+00 1.01009283e+00 1.00118464e+00 9.86929057e-01 9.64958823e-01 9.32413002e-01 8.86159307e-01 8.23220609e-01 7.41412972e-01 6.40142058e-01 5.21239474e-01 3.89704971e-01 2.54328360e-01 1.28456163e-01 3.19829977e-02 4.73046614e-03 7.49126402e-02 1.89156682e-01 3.21782143e-01 4.56597718e-01 5.82664147e-01 6.93162230e-01 7.84759775e-01 8.56939458e-01 9.11195845e-01 9.50201200e-01 9.77077199e-01 9.94860283e-01 1.00618104e+00 1.01312877e+00 1.01724849e+00 1.01961451e+00 1.02093417e+00 1.02165113e+00 1.02203174e+00 1.02222983e+00 1.02233116e+00 1.02238203e+00 1.02240661e+00 1.02241688e+00 1.02241792e+00 1.02241023e+00 1.02239002e+00 1.02234738e+00 1.02226192e+00 1.02209413e+00 1.02177029e+00 1.02115705e+00 1.02002142e+00 1.01797134e+00 1.01437457e+00 1.00825867e+00 9.98205057e-01 9.82264120e-01 9.57934058e-01 9.22257832e-01 8.72093433e-01 8.04594575e-01 7.17896061e-01 6.11933294e-01 4.89266096e-01 3.55785477e-01 2.21330260e-01 1.00596902e-01 1.59600177e-02 1.59600177e-02 1.00596902e-01 2.21330260e-01 3.55785477e-01 4.89266096e-01 6.11933294e-01 7.17896061e-01 8.04594575e-01 8.72093433e-01 9.22257832e-01 9.57934058e-01 9.82264120e-01 9.98205057e-01 1.00825867e+00 1.01437457e+00 1.01797134e+00 1.02002142e+00 1.02115705e+00 1.02177029e+00 1.02209413e+00 1.02226192e+00 1.02234738e+00 1.02239002e+00 1.02241023e+00 1.02241792e+00 1.02241688e+00 1.02240661e+00 1.02238203e+00 1.02233116e+00 1.02222983e+00 1.02203174e+00 1.02165113e+00 1.02093417e+00 1.01961451e+00 1.01724849e+00 1.01312877e+00 1.00618104e+00 9.94860283e-01 9.77077199e-01 9.50201200e-01 9.11195845e-01 8.56939458e-01 7.84759775e-01 6.93162230e-01 5.82664147e-01 4.56597718e-01 3.21782143e-01 1.89156682e-01 7.49126402e-02 4.73046614e-03 3.19829977e-02 1.28456163e-01 2.54328360e-01 3.89704971e-01 5.21239474e-01 6.40142058e-01 7.41412972e-01 8.23220609e-01 8.86159307e-01 9.32413002e-01 9.64958823e-01 9.86929057e-01 1.00118464e+00 1.01009283e+00 1.01546512e+00 1.01859917e+00 1.02037234e+00 1.02134805e+00 1.02187184e+00 1.02214705e+00 1.02228902e+00 1.02236102e+00 1.02239665e+00 1.02241310e+00 1.02241843e+00 1.02241529e+00 1.02240213e+00 1.02237246e+00 1.02231189e+00 1.02219189e+00 1.02195827e+00 1.02151148e+00 1.02067447e+00 1.01914347e+00 1.01641783e+00 1.01170853e+00 1.00383280e+00 9.91114342e-01 9.71324074e-01 9.41710815e-01 8.99178605e-01 8.40659600e-01 7.63701512e-01 6.67233268e-01 5.52404888e-01 4.23362620e-01 2.87891212e-01 1.58093377e-01 5.18603912e-02 -6.40685301e-16
8.00856626e-16 5.23714809e-02 1.59532790e-01 2.90281992e-01 4.26506408e-01 5.55983361e-01 6.70895502e-01 7.67135272e-01 8.43637447e-01 9.01574961e-01 9.43494383e-01 9.72535010e-01 9.91836090e-01 1.00416617e+00 1.01175237e+00 1.01625746e+00 1.01884601e+00 1.02028895e+00 1.02107157e+00 1.02148592e+00 1.02170077e+00 1.02181021e+00 1.02186500e+00 1.02189164e+00 1.02190339e+00 1.02190618e+00 1.02190143e+00 1.02188673e+00 1.02185469e+00 1.02178943e+00 1.02165969e+00 1.02140605e+00 1.02091929e+00 1.02000514e+00 1.01833071e+00 1.01534877e+00 1.01020040e+00 1.00160551e+00 9.87763939e-01 9.66306304e-01 9.34348322e-01 8.88707343e-01 8.26328217e-01 7.44928997e-01 6.43815145e-01 5.24742276e-01 3.92687245e-01 2.56493130e-01 1.29650086e-01 3.23044170e-02 4.78023497e-03 7.56368454e-02 1.90842367e-01 3.24386055e-01 4.59882695e-01 5.86296002e-01 6.96793870e-01 7.88096975e-01 8.59779738e-01 9.13438683e-01 9.51835668e-01 9.78156935e-01 9.95475293e-01 1.00643315e+00 1.01311423e+00 1.01704829e+00 1.01929109e+00 1.02053242e+00 1.02120143e+00 1.02155368e+00 1.02173547e+00 1.02182769e+00 1.02187361e+00 1.02189564e+00 1.02190480e+00 1.02190573e+00 1.02189888e+00 1.02188078e+00 1.02184237e+00 1.02176475e+00 1.02161109e+00 1.02131201e+00 1.02074095e+00 1.01967484e+00 1.01773521e+00 1.01430673e+00 1.00843558e+00 9.98719778e-01 9.83218403e-01 9.59422922e-01 9.24346598e-01 8.74789932e-01 8.07822514e-01 7.21478526e-01 6.15596511e-01 4.92670958e-01 3.58587233e-01 2.23258935e-01 1.01550696e-01 1.61237934e-02 1.61237934e-02 1.01550696e-01 2.23258935e-01 3.58587233e-01 4.92670958e-01 6.15596511e-01 7.21478526e-01 8.07822514e-01 8.74789932e-01 9.24346598e-01 9.59422922e-01 9.83218403e-01 9.98719778e-01 1.00843558e+00 1.01430673e+00 1.01773521e+00 1.01967484e+00 1.02074095e+00 1.02131201e+00 1.02161109e+00 1.02176475e+00 1.02184237e+00 1.02188078e+00 1.02189888e+00 1.02190573e+00 1.02190480e+00 1.02189564e+00 1.02187361e+00 1.02182769e+00 1.02173547e+00 1.02155368e+00 1.02120143e+00 1.02053242e+00 1.01929109e+00 1.01704829e+00 1.01311423e+00 1.00643315e+00 9.95475293e-01 9.78156935e-01 9.51835668e-01 9.13438683e-01 8.59779738e-01 7.88096975e-01 6.96793870e-01 5.86296002e-01 4.59882695e-01 3.24386055e-01 1.90842367e-01 7.56368454e-02 4.78023497e-03 3.23044170e-02 1.29650086e-01 2.56493130e-01 3.92687245e-01 5.24742276e-01 6.43815145e-01 7.44928997e-01 8.26328217e-01 8.88707343e-01 9.34348322e-01 9.66306304e-01 9.87763939e-01 1.00160551e+00 1.01020040e+00 1.01534877e+00 1.01833071e+00 1.02000514e+00 1.02091929e+00 1.02140605e+00 1.02165969e+00 1.02178943e+00 1.02185469e+00 1.02188673e+00 1.02190143e+00 1.02190618e+00 1.02190339e+00 1.02189164e+00 1.02186500e+00 1.02181021e+00 1.02170077e+00 1.02148592e+00 1.02107157e+00 1.02028895e+00 1.01884601e+00 1.01625746e+00 1.01175237e+00 1.00416617e+00 9.91836090e-01 9.72535010e-01 9.43494383e-01 9.01574961e-01 8.43637447e-01 7.67135272e-01 6.70895502e-01 5.55983361e-01 4.26506408e-01 2.90281992e-01 1.59532790e-01 5.23714809e-02 6.40685301e-16
-6.40685301e-16 5.28848775e-02 1.60976850e-01 2.92676694e-01 4.29649161e-01 5.59552107e-01 6.74537432e-01 7.70538723e-01 8.46577755e-01 9.03930641e-01 9.45238462e-01 9.73711290e-01 9.92530424e-01 1.00448041e+00 1.01178520e+00 1.01609326e+00 1.01855054e+00 1.01990982e+00 1.02064121e+00 1.02102525e+00 1.02122271e+00 1.02132245e+00 1.02137197e+00 1.02139588e+00 1.02140636e+00 1.02140884e+00 1.02140462e+00 1.02139149e+00 1.02136269e+00 1.02130358e+00 1.02118509e+00 1.02095148e+00 1.02049938e+00 1.01964336e+00 1.01806292e+00 1.01522691e+00 1.01029499e+00 1.00200515e+00 9.88569446e-01 9.67617641e-01 9.36243474e-01 8.91215073e-01 8.29399743e-01 7.48417029e-01 6.47470616e-01 5.28237791e-01 3.95670119e-01 2.58662384e-01 1.30848276e-01 3.26273821e-02 4.83027544e-03 7.63641016e-02 1.92532882e-01 3.26993055e-01 4.63164760e-01 5.89915571e-01 7.00402553e-01 7.91401728e-01 8.62581285e-01 9.15640750e-01 9.53431557e-01 9.79203653e-01 9.96064913e-01 1.00666822e+00 1.01309059e+00 1.01684585e+00 1.01897090e+00 1.02013796e+00 1.02076189e+00 1.02108769e+00 1.02125442e+00 1.02133829e+00 1.02137972e+00 1.02139946e+00 1.02140762e+00 1.02140844e+00 1.02140234e+00 1.02138616e+00 1.02135157e+00 1.02128112e+00 1.02114049e+00 1.02086445e+00 1.02033296e+00 1.01933263e+00 1.01749833e+00 1.01423163e+00 1.00859751e+00 9.99211177e-01 9.84141436e-01 9.60874327e-01 9.26394766e-01 8.77446772e-01 8.11016075e-01 7.25035459e-01 6.19244798e-01 4.96070816e-01 3.61390969e-01 2.25192391e-01 1.02508212e-01 1.62884065e-02 1.62884065e-02 1.02508212e-01 2.25192391e-01 3.61390969e-01 4.96070816e-01 6.19244798e-01 7.25035459e-01 8.11016075e-01 8.77446772e-01 9.26394766e-01 9.60874327e-01 9.84141436e-01 9.99211177e-01 1.00859751e+00 1.01423163e+00 1.01749833e+00 1.01933263e+00 1.02033296e+00 1.02086445e+00 1.02114049e+00 1.02128112e+00 1.02135157e+00 1.02138616e+00 1.02140234e+00 1.02140844e+00 1.02140762e+00 1.02139946e+00 1.02137972e+00 1.02133829e+00 1.02125442e+00 1.02108769e+00 1.02076189e+00 1.02013796e+00 1.01897090e+00 1.01684585e+00 1.01309059e+00 1.00666822e+00 9.96064913e-01 9.79203653e-01 9.53431557e-01 9.15640750e-01 8.62581285e-01 7.91401728e-01 7.00402553e-01 5.89915571e-01 4.63164760e-01 3.26993055e-01 1.92532882e-01 7.63641016e-02 4.83027544e-03 3.26273821e-02 1.30848276e-01 2.58662384e-01 3.95670119e-01 5.28237791e-01 6.47470616e-01 7.48417029e-01 8.29399743e-01 8.91215073e-01 9.36243474e-01 9.67617641e-01 9.88569446e-01 1.00200515e+00 1.01029499e+00 1.01522691e+00 1.01806292e+00 1.01964336e+00 1.02049938e+00 1.02095148e+00 1.02118509e+00 1.02130358e+00 1.02136269e+00 1.02139149e+00 1.02140462e+00 1.02140884e+00 1.02140636e+00 1.02139588e+00 1.02137197e+00 1.02132245e+00 1.02122271e+00 1.02102525e+00 1.02064121e+00 1.01990982e+00 1.01855054e+00 1.01609326e+00 1.01178520e+00 1.00448041e+00 9.92530424e-01 9.73711290e-01 9.45238462e-01 9.03930641e-01 8.46577755e-01 7.70538723e-01 6.74537432e-01 5.59552107e-01 4.29649161e-01 2.92676694e-01 1.60976850e-01 5.28848775e-02 3.20342650e-16
-3.20342650e-16 5.34005586e-02 1.62425477e-01 2.95075152e-01 4.32790622e-01 5.63110819e-01 6.78158772e-01 7.73911693e-01 8.49480543e-01 9.06245887e-01 9.46943507e-01 9.74853518e-01 9.93198012e-01 1.00477615e+00 1.01180756e+00 1.01592558e+00 1.01825723e+00 1.01953709e+00 1.02022022e+00 1.02057597e+00 1.02075734e+00 1.02084818e+00 1.02089292e+00 1.02091435e+00 1.02092369e+00 1.02092589e+00 1.02092214e+00 1.02091042e+00 1.02088455e+00 1.02083106e+00 1.02072291e+00 1.02050788e+00 1.02008822e+00 1.01928703e+00 1.01779602e+00 1.01509995e+00 1.01037718e+00 1.00238420e+00 9.89346241e-01 9.68893409e-01 9.38098866e-01 8.93682682e-01 8.32435153e-01 7.51876858e-01 6.51108172e-01 5.31725718e-01 3.98653359e-01 2.60835979e-01 1.32050670e-01 3.29518798e-02 4.88058586e-03 7.70943751e-02 1.94228124e-01 3.29602953e-01 4.66443640e-01 5.93522542e-01 7.03988014e-01 7.94673905e-01 8.65344170e-01 9.17802344e-01 9.54989364e-01 9.80217983e-01 9.96629811e-01 1.00688684e+00 1.01305834e+00 1.01664148e+00 1.01865405e+00 1.01975074e+00 1.02033232e+00 1.02063348e+00 1.02078630e+00 1.02086253e+00 1.02089988e+00 1.02091754e+00 1.02092481e+00 1.02092554e+00 1.02092011e+00 1.02090565e+00 1.02087453e+00 1.02081063e+00 1.02068201e+00 1.02042738e+00 1.01993299e+00 1.01899486e+00 1.01726098e+00 1.01414971e+00 1.00874503e+00 9.99679916e-01 9.85033868e-01 9.62288812e-01 9.28402688e-01 8.80064082e-01 8.14175174e-01 7.28566620e-01 6.22877847e-01 4.99465380e-01 3.64196469e-01 2.27130507e-01 1.03469400e-01 1.64538506e-02 1.64538506e-02 1.03469400e-01 2.27130507e-01 3.64196469e-01 4.99465380e-01 6.22877847e-01 7.28566620e-01 8.14175174e-01 8.80064082e-01 9.28402688e-01 9.62288812e-01 9.85033868e-01 9.99679916e-01 1.00874503e+00 1.01414971e+00 1.01726098e+00 1.01899486e+00 1.01993299e+00 1.02042738e+00 1.02068201e+00 1.02081063e+00 1.02087453e+00 1.02090565e+00 1.02092011e+00 1.02092554e+00 1.02092481e+00 1.02091754e+00 1.02089988e+00 1.02086253e+00 1.02078630e+00 1.02063348e+00 1.02033232e+00 1.01975074e+00 1.01865405e+00 1.01664148e+00 1.01305834e+00 1.00688684e+00 9.96629811e-01 9.80217983e-01 9.54989364e-01 9.17802344e-01 8.65344170e-01 7.94673905e-01 7.03988014e-01 5.93522542e-01 4.66443640e-01 3.29602953e-01 1.94228124e-01 7.70943751e-02 4.88058586e-03 3.29518798e-02 1.32050670e-01 2.60835979e-01 3.98653359e-01 5.31725718e-01 6.51108172e-01 7.51876858e-01 8.32435153e-01 8.93682682e-01 9.38098866e-01 9.68893409e-01 9.89346241e-01 1.00238420e+00 1.01037718e+00 1.01509995e+00 1.01779602e+00 1.01928703e+00 1.02008822e+00 1.02050788e+00 1.02072291e+00 1.02083106e+00 1.02088455e+00 1.02091042e+00 1.02092214e+00 1.02092589e+00 1.02092369e+00 1.02091435e+00 1.02089292e+00 1.02084818e+00 1.02075734e+00 1.02057597e+00 1.02022022e+00 1.01953709e+00 1.01825723e+00 1.01592558e+00 1.01180756e+00 1.00477615e+00 9.93198012e-01 9.74853518e-01 9.46943507e-01 9.06245887e-01 8.49480543e-01 7.73911693e-01 6.78158772e-01 5.63110819e-01 4.32790622e-01 2.95075152e-01 1.62425477e-01 5.34005586e-02 -6.40685301e-16
4.80513976e-16 5.39185024e-02 1.63878591e-01 2.97477201e-01 4.35930542e-01 5.66659197e-01 6.81759248e-01 7.77254026e-01 8.52345843e-01 9.08520957e-01 9.48609982e-01 9.75962304e-01 9.93839517e-01 1.00505402e+00 1.01181994e+00 1.01575478e+00 1.01796625e+00 1.01917074e+00 1.01980847e+00 1.02013781e+00 1.02030430e+00 1.02038698e+00 1.02042736e+00 1.02044656e+00 1.02045488e+00 1.02045684e+00 1.02045351e+00 1.02044306e+00 1.02041984e+00 1.02037145e+00 1.02027281e+00 1.02007500e+00 1.01968567e+00 1.01893620e+00 1.01753022e+00 1.01496828e+00 1.01044749e+00 1.00274332e+00 9.90094982e-01 9.70134188e-01 9.39914914e-01 8.96110372e-01 8.35434427e-01 7.55308290e-01 6.54727524e-01 5.35205764e-01 4.01636732e-01 2.63013771e-01 1.33257204e-01 3.32778974e-02 4.93116454e-03 7.78276327e-02 1.95927995e-01 3.32215560e-01 4.69719066e-01 5.97116615e-01 7.07550002e-01 7.97913391e-01 8.68068482e-01 9.19923778e-01 9.56509598e-01 9.81200557e-01 9.97170651e-01 1.00708964e+00 1.01301795e+00 1.01643548e+00 1.01834067e+00 1.01937073e+00 1.01991253e+00 1.02019075e+00 1.02033073e+00 1.02039996e+00 1.02043361e+00 1.02044941e+00 1.02045588e+00 1.02045652e+00 1.02045170e+00 1.02043879e+00 1.02041080e+00 1.02035289e+00 1.02023532e+00 1.02000059e+00 1.01954097e+00 1.01866161e+00 1.01702342e+00 1.01406140e+00 1.00887872e+00 1.00012665e+00 9.85896348e-01 9.63666924e-01 9.30370732e-01 8.82642008e-01 8.17299741e-01 7.32071785e-01 6.26495362e-01 5.02854367e-01 3.67003526e-01 2.29073163e-01 1.04434215e-01 1.66201198e-02 1.66201198e-02 1.04434215e-01 2.29073163e-01 3.67003526e-01 5.02854367e-01 6.26495362e-01 7.32071785e-01 8.17299741e-01 8.82642008e-01 9.30370732e-01 9.63666924e-01 9.85896348e-01 1.00012665e+00 1.00887872e+00 1.01406140e+00 1.01702342e+00 1.01866161e+00 1.01954097e+00 1.02000059e+00 1.02023532e+00 1.02035289e+00 1.02041080e+00 1.02043879e+00 1.02045170e+00 1.02045652e+00 1.02045588e+00 1.02044941e+00 1.02043361e+00 1.02039996e+00 1.02033073e+00 1.02019075e+00 1.01991253e+00 1.01937073e+00 1.01834067e+00 1.01643548e+00 1.01301795e+00 1.00708964e+00 9.97170651e-01 9.81200557e-01 9.56509598e-01 9.19923778e-01 8.68068482e-01 7.97913391e-01 7.07550002e-01 5.97116615e-01 4.69719066e-01 3.32215560e-01 1.95927995e-01 7.78276327e-02 4.93116454e-03 3.32778974e-02 1.33257204e-01 2.63013771e-01 4.01636732e-01 5.35205764e-01 6.54727524e-01 7.55308290e-01 8.35434427e-01 8.96110372e-01 9.39914914e-01 9.70134188e-01 9.90094982e-01 1.00274332e+00 1.01044749e+00 1.01496828e+00 1.01753022e+00 1.01893620e+00 1.01968567e+00 1.02007500e+00 1.02027281e+00 1.02037145e+00 1.02041984e+00 1.02044306e+00 1.02045351e+00 1.02045684e+00 1.02045488e+00 1.02044656e+00 1.02042736e+00 1.02038698e+00 1.02030430e+00 1.02013781e+00 1.01980847e+00 1.01917074e+00 1.01796625e+00 1.01575478e+00 1.01181994e+00 1.00505402e+00 9.93839517e-01 9.75962304e-01 9.48609982e-01 9.08520957e-01 8.52345843e-01 7.77254026e-01 6.81759248e-01 5.66659197e-01 4.35930542e-01 2.97477201e-01 1.63878591e-01 5.39185024e-02 1.12119928e-15
1.60171325e-16 5.44386876e-02 1.65336114e-01 2.99882680e-01 4.39068674e-01 5.70196950e-01 6.85338601e-01 7.80565578e-01 8.55173704e-01 9.10756121e-01 9.50238358e-01 9.77038259e-01 9.94455601e-01 1.00531462e+00 1.01182284e+00 1.01558118e+00 1.01767775e+00 1.01881076e+00 1.01940578e+00 1.01971050e+00 1.01986324e+00 1.01993845e+00 1.01997487e+00 1.01999206e+00 1.01999947e+00 1.02000121e+00 1.01999825e+00 1.01998894e+00 1.01996811e+00 1.01992437e+00 1.01983446e+00 1.01965260e+00 1.01929161e+00 1.01859089e+00 1.01726572e+00 1.01483226e+00 1.01050646e+00 1.00308314e+00 9.90816326e-01 9.71340563e-01 9.41692043e-01 8.98498357e-01 8.38397561e-01 7.58711147e-01 6.58328396e-01 5.38677644e-01 4.04620014e-01 2.65195624e-01 1.34467820e-01 3.36054225e-02 4.98200987e-03 7.85638421e-02 1.97632398e-01 3.34830695e-01 4.72990776e-01 6.00697499e-01 7.11088276e-01 8.01120085e-01 8.70754323e-01 9.22005376e-01 9.57992772e-01 9.82152008e-01 9.97688089e-01 1.00727719e+00 1.01296987e+00 1.01622814e+00 1.01803087e+00 1.01899785e+00 1.01950233e+00 1.01975920e+00 1.01988735e+00 1.01995019e+00 1.01998048e+00 1.01999461e+00 1.02000035e+00 1.02000093e+00 1.01999664e+00 1.01998512e+00 1.01995997e+00 1.01990751e+00 1.01980012e+00 1.01958385e+00 1.01915680e+00 1.01833295e+00 1.01678587e+00 1.01396713e+00 1.00899915e+00 1.00055203e+00 9.86729523e-01 9.65009216e-01 9.32299274e-01 8.85180707e-01 8.20389723e-01 7.35550739e-01 6.30097055e-01 5.06237503e-01 3.69811933e-01 2.31020241e-01 1.05402611e-01 1.67872083e-02 1.67872083e-02 1.05402611e-01 2.31020241e-01 3.69811933e-01 5.06237503e-01 6.30097055e-01 7.35550739e-01 8.20389723e-01 8.85180707e-01 9.32299274e-01 9.65009216e-01 9.86729523e-01 1.00055203e+00 1.00899915e+00 1.01396713e+00 1.01678587e+00 1.01833295e+00 1.01915680e+00 1.01958385e+00 1.01980012e+00 1.01990751e+00 1.01995997e+00 1.01998512e+00 1.01999664e+00 1.02000093e+00 1.02000035e+00 1.01999461e+00 1.01998048e+00 1.01995019e+00 1.01988735e+00 1.01975920e+00 1.01950233e+00 1.01899785e+00 1.01803087e+00 1.01622814e+00 1.01296987e+00 1.00727719e+00 9.97688089e-01 9.82152008e-01 9.57992772e-01 9.22005376e-01 8.70754323e-01 8.01120085e-01 7.11088276e-01 6.00697499e-01 4.72990776e-01 3.34830695e-01 1.97632398e-01 7.85638421e-02 4.98200987e-03 3.36054225e-02 1.34467820e-01 2.65195624e-01 4.04620014e-01 5.38677644e-01 6.58328396e-01 7.58711147e-01 8.38397561e-01 8.98498357e-01 9.41692043e-01 9.71340563e-01 9.90816326e-01 1.00308314e+00 1.01050646e+00 1.01483226e+00 1.01726572e+00 1.01859089e+00 1.01929161e+00 1.01965260e+00 1.01983446e+00 1.01992437e+00 1.01996811e+00 1.01998894e+00 1.01999825e+00 1.02000121e+00 1.01999947e+00 1.01999206e+00 1.01997487e+00 1.01993845e+00 1.01986324e+00 1.01971050e+00 1.01940578e+00 1.01881076e+00 1.01767775e+00 1.01558118e+00 1.01182284e+00 1.00531462e+00 9.94455601e-01 9.77038259e-01 9.50238358e-01 9.10756121e-01 8.55173704e-01 7.80565578e-01 6.85338601e-01 5.70196950e-01 4.39068674e-01 2.99882680e-01 1.65336114e-01 5.44386876e-02 -6.40685301e-16
1.60171325e-16 5.49610933e-02 1.66797969e-01 3.02291430e-01 4.42204779e-01 5.73723797e-01 6.88896579e-01 7.83846221e-01 8.57964188e-01 9.12951661e-01 9.51829118e-01 9.78081996e-01 9.95046919e-01 1.00555858e+00 1.01181675e+00 1.01540510e+00 1.01739187e+00 1.01845713e+00 1.01901201e+00 1.01929379e+00 1.01943382e+00 1.01950218e+00 1.01953502e+00 1.01955040e+00 1.01955699e+00 1.01955853e+00 1.01955591e+00 1.01954761e+00 1.01952894e+00 1.01948943e+00 1.01940753e+00 1.01924044e+00 1.01890592e+00 1.01825111e+00 1.01700269e+00 1.01469227e+00 1.01055461e+00 1.00340429e+00 9.91510928e-01 9.72513122e-01 9.43430690e-01 9.00846864e-01 8.41324564e-01 7.62085260e-01 6.61910522e-01 5.42141080e-01 4.07602983e-01 2.67381399e-01 1.35682456e-01 3.39344428e-02 5.03312024e-03 7.93029715e-02 1.99341238e-01 3.37448176e-01 4.76258516e-01 6.04264911e-01 7.14602608e-01 8.04293901e-01 8.73401810e-01 9.24047474e-01 9.59439409e-01 9.83072968e-01 9.98182778e-01 1.00745008e+00 1.01291456e+00 1.01601973e+00 1.01772475e+00 1.01863207e+00 1.01910153e+00 1.01933856e+00 1.01945579e+00 1.01951279e+00 1.01954005e+00 1.01955267e+00 1.01955778e+00 1.01955828e+00 1.01955448e+00 1.01954420e+00 1.01952162e+00 1.01947413e+00 1.01937610e+00 1.01917697e+00 1.01878038e+00 1.01800894e+00 1.01654858e+00 1.01386728e+00 1.00910687e+00 1.00095670e+00 9.87534040e-01 9.66316244e-01 9.34188700e-01 8.87680350e-01 8.23445079e-01 7.39003284e-01 6.33682649e-01 5.09614518e-01 3.72621489e-01 2.32971626e-01 1.06374543e-01 1.69551102e-02 1.69551102e-02 1.06374543e-01 2.32971626e-01 3.72621489e-01 5.09614518e-01 6.33682649e-01 7.39003284e-01 8.23445079e-01 8.87680350e-01 9.34188700e-01 9.66316244e-01 9.87534040e-01 1.00095670e+00 1.00910687e+00 1.01386728e+00 1.01654858e+00 1.01800894e+00 1.01878038e+00 1.01917697e+00 1.01937610e+00 1.01947413e+00 1.01952162e+00 1.01954420e+00 1.01955448e+00 1.01955828e+00 1.01955778e+00 1.01955267e+00 1.01954005e+00 1.01951279e+00 1.01945579e+00 1.01933856e+00 1.01910153e+00 1.01863207e+00 1.01772475e+00 1.01601973e+00 1.01291456e+00 1.00745008e+00 9.98182778e-01 9.83072968e-01 9.59439409e-01 9.24047474e-01 8.73401810e-01 8.04293901e-01 7.14602608e-01 6.04264911e-01 4.76258516e-01 3.37448176e-01 1.99341238e-01 7.93029715e-02 5.03312024e-03 3.39344428e-02 1.35682456e-01 2.67381399e-01 4.07602983e-01 5.42141080e-01 6.61910522e-01 7.62085260e-01 8.41324564e-01 9.00846864e-01 9.43430690e-01 9.72513122e-01 9.91510928e-01 1.00340429e+00 1.01055461e+00 1.01469227e+00 1.01700269e+00 1.01825111e+00 1.01890592e+00 1.01924044e+00 1.01940753e+00 1.01948943e+00 1.01952894e+00 1.01954761e+00 1.01955591e+00 1.01955853e+00 1.01955699e+00 1.01955040e+00 1.01953502e+00 1.01950218e+00 1.01943382e+00 1.01929379e+00 1.01901201e+00 1.01845713e+00 1.01739187e+00 1.01540510e+00 1.01181675e+00 1.00555858e+00 9.95046919e-01 9.78081996e-01 9.51829118e-01 9.12951661e-01 8.57964188e-01 7.83846221e-01 6.88896579e-01 5.73723797e-01 4.42204779e-01 3.02291430e-01 1.66797969e-01 5.49610933e-02 3.20342650e-16
-6.40685301e-16 5.54856986e-02 1.68264081e-01 3.04703296e-01 4.45338622e-01 5.77239460e-01 6.92432942e-01 7.87095837e-01 8.60717370e-01 9.15107870e-01 9.53382749e-01 9.79094131e-01 9.95614121e-01 1.00578647e+00 1.01180213e+00 1.01522685e+00 1.01710874e+00 1.01810981e+00 1.01862699e+00 1.01888740e+00 1.01901571e+00 1.01907781e+00 1.01910739e+00 1.01912115e+00 1.01912701e+00 1.01912837e+00 1.01912604e+00 1.01911866e+00 1.01910194e+00 1.01906627e+00 1.01899171e+00 1.01883828e+00 1.01852846e+00 1.01791688e+00 1.01674132e+00 1.01454864e+00 1.01059245e+00 1.00370737e+00 9.92179438e-01 9.73652456e-01 9.45131300e-01 9.03156133e-01 8.44215459e-01 7.65430473e-01 6.65473643e-01 5.45595800e-01 4.10585420e-01 2.69570963e-01 1.36901054e-01 3.42649461e-02 5.08449407e-03 8.00449893e-02 2.01054420e-01 3.40067827e-01 4.79522032e-01 6.07818576e-01 7.18092781e-01 8.07434763e-01 8.76011072e-01 9.26050419e-01 9.60850037e-01 9.83964070e-01 9.98655362e-01 1.00760888e+00 1.01285243e+00 1.01581051e+00 1.01742239e+00 1.01827331e+00 1.01870995e+00 1.01892854e+00 1.01903572e+00 1.01908739e+00 1.01911190e+00 1.01912316e+00 1.01912770e+00 1.01912815e+00 1.01912478e+00 1.01911561e+00 1.01909534e+00 1.01905239e+00 1.01896295e+00 1.01877971e+00 1.01841163e+00 1.01768962e+00 1.01631175e+00 1.01376225e+00 1.00920241e+00 1.00134129e+00 9.88310544e-01 9.67588571e-01 9.36039409e-01 8.90141123e-01 8.26465782e-01 7.42429229e-01 6.37251875e-01 5.12985149e-01 3.75431997e-01 2.34927204e-01 1.07349967e-01 1.71238197e-02 1.71238197e-02 1.07349967e-01 2.34927204e-01 3.75431997e-01 5.12985149e-01 6.37251875e-01 7.42429229e-01 8.26465782e-01 8.90141123e-01 9.36039409e-01 9.67588571e-01 9.88310544e-01 1.00134129e+00 1.00920241e+00 1.01376225e+00 1.01631175e+00 1.01768962e+00 1.01841163e+00 1.01877971e+00 1.01896295e+00 1.01905239e+00 1.01909534e+00 1.01911561e+00 1.01912478e+00 1.01912815e+00 1.01912770e+00 1.01912316e+00 1.01911190e+00 1.01908739e+00 1.01903572e+00 1.01892854e+00 1.01870995e+00 1.01827331e+00 1.01742239e+00 1.01581051e+00 1.01285243e+00 1.00760888e+00 9.98655362e-01 9.83964070e-01 9.60850037e-01 9.26050419e-01 8.76011072e-01 8.07434763e-01 7.18092781e-01 6.07818576e-01 4.79522032e-01 3.40067827e-01 2.01054420e-01 8.00449893e-02 5.08449407e-03 3.42649461e-02 1.36901054e-01 2.69570963e-01 4.10585420e-01 5.45595800e-01 6.65473643e-01 7.65430473e-01 8.44215459e-01 9.03156133e-01 9.45131300e-01 9.73652456e-01 9.92179438e-01 1.00370737e+00 1.01059245e+00 1.01454864e+00 1.01674132e+00 1.01791688e+00 1.01852846e+00 1.01883828e+00 1.01899171e+00 1.01906627e+00 1.01910194e+00 1.01911866e+00 1.01912604e+00 1.01912837e+00 1.01912701e+00 1.01912115e+00 1.01910739e+00 1.01907781e+00 1.01901571e+00 1.01888740e+00 1.01862699e+00 1.01810981e+00 1.01710874e+00 1.01522685e+00 1.01180213e+00 1.00578647e+00 9.95614121e-01 9.79094131e-01 9.53382749e-01 9.15107870e-01 8.60717370e-01 7.87095837e-01 6.92432942e-01 5.77239460e-01 4.45338622e-01 3.04703296e-01 1.68264081e-01 5.54856986e-02 -3.20342650e-16
-0.00000000e+00 5.60124831e-02 1.69734373e-01 3.07118124e-01 4.48469969e-01 5.80743670e-01 6.95947458e-01 7.90314320e-01 8.63433337e-01 9.17225053e-01 9.54899745e-01 9.80075279e-01 9.96157853e-01 1.00599889e+00 1.01177945e+00 1.01504672e+00 1.01682849e+00 1.01776878e+00 1.01825056e+00 1.01849109e+00 1.01860858e+00 1.01866495e+00 1.01869159e+00 1.01870388e+00 1.01870909e+00 1.01871030e+00 1.01870823e+00 1.01870167e+00 1.01868669e+00 1.01865452e+00 1.01858668e+00 1.01844589e+00 1.01815911e+00 1.01758820e+00 1.01648177e+00 1.01440172e+00 1.01062046e+00 1.00399300e+00 9.92822503e-01 9.74759159e-01 9.46794323e-01 9.05426414e-01 8.47070281e-01 7.68746642e-01 6.69017510e-01 5.49041537e-01 4.13567111e-01 2.71764182e-01 1.38123554e-01 3.45969204e-02 5.13612977e-03 8.07898643e-02 2.02771851e-01 3.42689472e-01 4.82781079e-01 6.11358224e-01 7.21558586e-01 8.10542611e-01 8.78582250e-01 9.28014567e-01 9.62225186e-01 9.84825947e-01 9.99106478e-01 1.00775415e+00 1.01278391e+00 1.01560074e+00 1.01712387e+00 1.01792150e+00 1.01832740e+00 1.01852886e+00 1.01862680e+00 1.01867360e+00 1.01869563e+00 1.01870568e+00 1.01870970e+00 1.01871010e+00 1.01870711e+00 1.01869895e+00 1.01868077e+00 1.01864194e+00 1.01856039e+00 1.01839187e+00 1.01805043e+00 1.01737503e+00 1.01607560e+00 1.01365243e+00 1.00928630e+00 1.00170642e+00 9.89059677e-01 9.68826762e-01 9.37851805e-01 8.92563220e-01 8.29451816e-01 7.45828395e-01 6.40804471e-01 5.16349136e-01 3.78243260e-01 2.36886862e-01 1.08328839e-01 1.72933313e-02 1.72933313e-02 1.08328839e-01 2.36886862e-01 3.78243260e-01 5.16349136e-01 6.40804471e-01 7.45828395e-01 8.29451816e-01 8.92563220e-01 9.37851805e-01 9.68826762e-01 9.89059677e-01 1.00170642e+00 1.00928630e+00 1.01365243e+00 1.01607560e+00 1.01737503e+00 1.01805043e+00 1.01839187e+00 1.01856039e+00 1.01864194e+00 1.01868077e+00 1.01869895e+00 1.01870711e+00 1.01871010e+00 1.01870970e+00 1.01870568e+00 1.01869563e+00 1.01867360e+00 1.01862680e+00 1.01852886e+00 1.01832740e+00 1.01792150e+00 1.01712387e+00 1.01560074e+00 1.01278391e+00 1.00775415e+00 9.99106478e-01 9.84825947e-01 9.62225186e-01 9.28014567e-01 8.78582250e-01 8.10542611e-01 7.21558586e-01 6.11358224e-01 4.82781079e-01 3.42689472e-01 2.02771851e-01 8.07898643e-02 5.13612977e-03 3.45969204e-02 1.38123554e-01 2.71764182e-01 4.13567111e-01 5.49041537e-01 6.69017510e-01 7.68746642e-01 8.47070281e-01 9.05426414e-01 9.46794323e-01 9.74759159e-01 9.92822503e-01 1.00399300e+00 1.01062046e+00 1.01440172e+00 1.01648177e+00 1.01758820e+00 1.01815911e+00 1.01844589e+00 1.01858668e+00 1.01865452e+00 1.01868669e+00 1.01870167e+00 1.01870823e+00 1.01871030e+00 1.01870909e+00 1.01870388e+00 1.01869159e+00 1.01866495e+00 1.01860858e+00 1.01849109e+00 1.01825056e+00 1.01776878e+00 1.01682849e+00 1.01504672e+00 1.01177945e+00 1.00599889e+00 9.96157853e-01 9.80075279e-01 9.54899745e-01 9.17225053e-01 8.63433337e-01 7.90314320e-01 6.95947458e-01 5.80743670e-01 4.48469969e-01 3.07118124e-01 1.69734373e-01 5.60124831e-02 6.40685301e-16
-9.61027951e-16 5.65414258e-02 1.71208771e-01 3.09535759e-01 4.51598590e-01 5.84236161e-01 6.99439903e-01 7.93501574e-01 8.66112186e-01 9.19303523e-01 9.56380606e-01 9.81026055e-01 9.96678751e-01 1.00619641e+00 1.01174914e+00 1.01486498e+00 1.01655122e+00 1.01743400e+00 1.01788256e+00 1.01810460e+00 1.01821212e+00 1.01826326e+00 1.01828723e+00 1.01829821e+00 1.01830283e+00 1.01830390e+00 1.01830207e+00 1.01829624e+00 1.01828284e+00 1.01825383e+00 1.01819215e+00 1.01806303e+00 1.01779772e+00 1.01726505e+00 1.01622419e+00 1.01425182e+00 1.01063913e+00 1.00426178e+00 9.93440762e-01 9.75833825e-01 9.48420219e-01 9.07657967e-01 8.49889075e-01 7.72033630e-01 6.72541880e-01 5.52478028e-01 4.16547842e-01 2.73960922e-01 1.39349898e-01 3.49303534e-02 5.18802575e-03 8.15375650e-02 2.04493437e-01 3.45312937e-01 4.86035410e-01 6.14883593e-01 7.24999823e-01 8.13617390e-01 8.81115495e-01 9.29940282e-01 9.63565394e-01 9.85659227e-01 9.99536755e-01 1.00788642e+00 1.01270939e+00 1.01539064e+00 1.01682927e+00 1.01757658e+00 1.01795369e+00 1.01813926e+00 1.01822869e+00 1.01827107e+00 1.01829084e+00 1.01829980e+00 1.01830338e+00 1.01830373e+00 1.01830108e+00 1.01829381e+00 1.01827752e+00 1.01824244e+00 1.01816813e+00 1.01801324e+00 1.01769669e+00 1.01706522e+00 1.01584032e+00 1.01353816e+00 1.00935906e+00 1.00205271e+00 9.89782077e-01 9.70031385e-01 9.39626301e-01 8.94946848e-01 8.32403176e-01 7.49200612e-01 6.44340181e-01 5.19706225e-01 3.81055083e-01 2.38850487e-01 1.09311115e-01 1.74636391e-02 1.74636391e-02 1.09311115e-01 2.38850487e-01 3.81055083e-01 5.19706225e-01 6.44340181e-01 7.49200612e-01 8.32403176e-01 8.94946848e-01 9.39626301e-01 9.70031385e-01 9.89782077e-01 1.00205271e+00 1.00935906e+00 1.01353816e+00 1.01584032e+00 1.01706522e+00 1.01769669e+00 1.01801324e+00 1.01816813e+00 1.01824244e+00 1.01827752e+00 1.01829381e+00 1.01830108e+00 1.01830373e+00 1.01830338e+00 1.01829980e+00 1.01829084e+00 1.01827107e+00 1.01822869e+00 1.01813926e+00 1.01795369e+00 1.01757658e+00 1.01682927e+00 1.01539064e+00 1.01270939e+00 1.00788642e+00 9.99536755e-01 9.85659227e-01 9.63565394e-01 9.29940282e-01 8.81115495e-01 8.13617390e-01 7.24999823e-01 6.14883593e-01 4.86035410e-01 3.45312937e-01 2.04493437e-01 8.15375650e-02 5.18802575e-03 3.49303534e-02 1.39349898e-01 2.73960922e-01 4.16547842e-01 5.52478028e-01 6.72541880e-01 7.72033630e-01 8.49889075e-01 9.07657967e-01 9.48420219e-01 9.75833825e-01 9.93440762e-01 1.00426178e+00 1.01063913e+00 1.01425182e+00 1.01622419e+00 1.01726505e+00 1.01779772e+00 1.01806303e+00 1.01819215e+00 1.01825383e+00 1.01828284e+00 1.01829624e+00 1.01830207e+00 1.01830390e+00 1.01830283e+00 1.01829821e+00 1.01828723e+00 1.01826326e+00 1.01821212e+00 1.01810460e+00 1.01788256e+00 1.01743400e+00 1.01655122e+00 1.01486498e+00 1.01174914e+00 1.00619641e+00 9.96678751e-01 9.81026055e-01 9.56380606e-01 9.19303523e-01 8.66112186e-01 7.93501574e-01 6.99439903e-01 5.84236161e-01 4.51598590e-01 3.09535759e-01 1.71208771e-01 5.65414258e-02 -0.00000000e+00
-3.20342650e-16 5.70725059e-02 1.72687200e-01 3.11956048e-01 4.54724256e-01 5.87716670e-01 7.02910059e-01 7.96657512e-01 8.68754025e-01 9.21343602e-01 9.57825836e-01 9.81947073e-01 9.97177449e-01 1.00637960e+00 1.01171163e+00 1.01468190e+00 1.01627704e+00 1.01710542e+00 1.01752283e+00 1.01772768e+00 1.01782602e+00 1.01787239e+00 1.01789394e+00 1.01790374e+00 1.01790785e+00 1.01790880e+00 1.01790718e+00 1.01790199e+00 1.01789001e+00 1.01786387e+00 1.01780783e+00 1.01768948e+00 1.01744418e+00 1.01694744e+00 1.01596872e+00 1.01409926e+00 1.01064893e+00 1.00451428e+00 9.94034854e-01 9.76877048e-01 9.50009452e-01 9.09851060e-01 8.52671895e-01 7.75291311e-01 6.76046516e-01 5.55905013e-01 4.19527399e-01 2.76161052e-01 1.40580027e-01 3.52652329e-02 5.24018037e-03 8.22880596e-02 2.06219086e-01 3.47938047e-01 4.89284784e-01 6.18394424e-01 7.28416300e-01 8.16659059e-01 8.83610969e-01 9.31827936e-01 9.64871201e-01 9.86464538e-01 9.99946817e-01 1.00800625e+00 1.01262928e+00 1.01518044e+00 1.01653865e+00 1.01723846e+00 1.01758864e+00 1.01775948e+00 1.01784108e+00 1.01787943e+00 1.01789717e+00 1.01790516e+00 1.01790833e+00 1.01790864e+00 1.01790629e+00 1.01789982e+00 1.01788523e+00 1.01785356e+00 1.01778590e+00 1.01764361e+00 1.01735031e+00 1.01676019e+00 1.01560608e+00 1.01341981e+00 1.00942119e+00 1.00238077e+00 9.90478378e-01 9.71203010e-01 9.41363318e-01 8.97292222e-01 8.35319867e-01 7.52545717e-01 6.47858754e-01 5.23056161e-01 3.83867273e-01 2.40817967e-01 1.10296750e-01 1.76347374e-02 1.76347374e-02 1.10296750e-01 2.40817967e-01 3.83867273e-01 5.23056161e-01 6.47858754e-01 7.52545717e-01 8.35319867e-01 8.97292222e-01 9.41363318e-01 9.71203010e-01 9.90478378e-01 1.00238077e+00 1.00942119e+00 1.01341981e+00 1.01560608e+00 1.01676019e+00 1.01735031e+00 1.01764361e+00 1.01778590e+00 1.01785356e+00 1.01788523e+00 1.01789982e+00 1.01790629e+00 1.01790864e+00 1.01790833e+00 1.01790516e+00 1.01789717e+00 1.01787943e+00 1.01784108e+00 1.01775948e+00 1.01758864e+00 1.01723846e+00 1.01653865e+00 1.01518044e+00 1.01262928e+00 1.00800625e+00 9.99946817e-01 9.86464538e-01 9.64871201e-01 9.31827936e-01 8.83610969e-01 8.16659059e-01 7.28416300e-01 6.18394424e-01 4.89284784e-01 3.47938047e-01 2.06219086e-01 8.22880596e-02 5.24018037e-03 3.52652329e-02 1.40580027e-01 2.76161052e-01 4.19527399e-01 5.55905013e-01 6.76046516e-01 7.75291311e-01 8.52671895e-01 9.09851060e-01 9.50009452e-01 9.76877048e-01 9.94034854e-01 1.00451428e+00 1.01064893e+00 1.01409926e+00 1.01596872e+00 1.01694744e+00 1.01744418e+00 1.01768948e+00 1.01780783e+00 1.01786387e+00 1.01789001e+00 1.01790199e+00 1.01790718e+00 1.01790880e+00 1.01790785e+00 1.01790374e+00 1.01789394e+00 1.01787239e+00 1.01782602e+00 1.01772768e+00 1.01752283e+00 1.01710542e+00 1.01627704e+00 1.01468190e+00 1.01171163e+00 1.00637960e+00 9.97177449e-01 9.81947073e-01 9.57825836e-01 9.21343602e-01 8.68754025e-01 7.96657512e-01 7.02910059e-01 5.87716670e-01 4.54724256e-01 3.11956048e-01 1.72687200e-01 5.70725059e-02 -9.61027951e-16
4.80513976e-16 5.76057018e-02 1.74169581e-01 3.14378835e-01 4.57846737e-01 5.91184938e-01 7.06357713e-01 7.99782053e-01 8.71358969e-01 9.23345618e-01 9.59235944e-01 9.82838945e-01 9.97654570e-01 1.00654899e+00 1.01166735e+00 1.01449774e+00 1.01600604e+00 1.01678300e+00 1.01717122e+00 1.01736010e+00 1.01744998e+00 1.01749200e+00 1.01751137e+00 1.01752011e+00 1.01752375e+00 1.01752459e+00 1.01752316e+00 1.01751855e+00 1.01750785e+00 1.01748431e+00 1.01743342e+00 1.01732500e+00 1.01709833e+00 1.01663535e+00 1.01571549e+00 1.01394431e+00 1.01065030e+00 1.00475110e+00 9.94605407e-01 9.77889424e-01 9.51562489e-01 9.12005972e-01 8.55418805e-01 7.78519564e-01 6.79531183e-01 5.59322233e-01 4.22505571e-01 2.78364436e-01 1.41813881e-01 3.56015461e-02 5.29259194e-03 8.30413158e-02 2.07948702e-01 3.50564627e-01 4.92528957e-01 6.21890458e-01 7.31807827e-01 8.19667580e-01 8.86068841e-01 9.33677908e-01 9.66143148e-01 9.87242505e-01 1.00033727e+00 1.00811413e+00 1.01254395e+00 1.01497036e+00 1.01625206e+00 1.01690707e+00 1.01723206e+00 1.01738924e+00 1.01746367e+00 1.01749834e+00 1.01751426e+00 1.01752137e+00 1.01752418e+00 1.01752446e+00 1.01752238e+00 1.01751662e+00 1.01750356e+00 1.01747498e+00 1.01741340e+00 1.01728278e+00 1.01701116e+00 1.01645998e+00 1.01537307e+00 1.01329770e+00 1.00947318e+00 1.00269119e+00 9.91149211e-01 9.72342208e-01 9.43063281e-01 8.99599565e-01 8.38201901e-01 7.55863553e-01 6.51359942e-01 5.26398692e-01 3.86679634e-01 2.42789187e-01 1.11285699e-01 1.78066200e-02 1.78066200e-02 1.11285699e-01 2.42789187e-01 3.86679634e-01 5.26398692e-01 6.51359942e-01 7.55863553e-01 8.38201901e-01 8.99599565e-01 9.43063281e-01 9.72342208e-01 9.91149211e-01 1.00269119e+00 1.00947318e+00 1.01329770e+00 1.01537307e+00 1.01645998e+00 1.01701116e+00 1.01728278e+00 1.01741340e+00 1.01747498e+00 1.01750356e+00 1.01751662e+00 1.01752238e+00 1.01752446e+00 1.01752418e+00 1.01752137e+00 1.01751426e+00 1.01749834e+00 1.01746367e+00 1.01738924e+00 1.01723206e+00 1.01690707e+00 1.01625206e+00 1.01497036e+00 1.01254395e+00 1.00811413e+00 1.00033727e+00 9.87242505e-01 9.66143148e-01 9.33677908e-01 8.86068841e-01 8.19667580e-01 7.31807827e-01 6.21890458e-01 4.92528957e-01 3.50564627e-01 2.07948702e-01 8.30413158e-02 5.29259194e-03 3.56015461e-02 1.41813881e-01 2.78364436e-01 4.22505571e-01 5.59322233e-01 6.79531183e-01 7.78519564e-01 8.55418805e-01 9.12005972e-01 9.51562489e-01 9.77889424e-01 9.94605407e-01 1.00475110e+00 1.01065030e+00 1.01394431e+00 1.01571549e+00 1.01663535e+00 1.01709833e+00 1.01732500e+00 1.01743342e+00 1.01748431e+00 1.01750785e+00 1.01751855e+00 1.01752316e+00 1.01752459e+00 1.01752375e+00 1.01752011e+00 1.01751137e+00 1.01749200e+00 1.01744998e+00 1.01736010e+00 1.01717122e+00 1.01678300e+00 1.01600604e+00 1.01449774e+00 1.01166735e+00 1.00654899e+00 9.97654570e-01 9.82838945e-01 9.59235944e-01 9.23345618e-01 8.71358969e-01 7.99782053e-01 7.06357713e-01 5.91184938e-01 4.57846737e-01 3.14378835e-01 1.74169581e-01 5.76057018e-02 -6.40685301e-16
-3.20342650e-16 5.81409913e-02 1.75655837e-01 3.16803965e-01 4.60965803e-01 5.94640704e-01 7.09782653e-01 8.02875123e-01 8.73927142e-01 9.25309906e-01 9.60611437e-01 9.83702281e-01 9.98110729e-01 1.00670513e+00 1.01161668e+00 1.01431274e+00 1.01573829e+00 1.01646667e+00 1.01682755e+00 1.01700162e+00 1.01708372e+00 1.01712177e+00 1.01713916e+00 1.01714696e+00 1.01715019e+00 1.01715093e+00 1.01714966e+00 1.01714557e+00 1.01713601e+00 1.01711483e+00 1.01706865e+00 1.01696940e+00 1.01676005e+00 1.01632875e+00 1.01546463e+00 1.01378728e+00 1.01064369e+00 1.00497278e+00 9.95153043e-01 9.78871545e-01 9.53079804e-01 9.14122984e-01 8.58129874e-01 7.81718271e-01 6.82995651e-01 5.62729429e-01 4.25482143e-01 2.80570938e-01 1.43051398e-01 3.59392800e-02 5.34525872e-03 8.37973003e-02 2.09682188e-01 3.53192499e-01 4.95767685e-01 6.25371441e-01 7.35174221e-01 8.22642925e-01 8.88489286e-01 9.35490581e-01 9.67381777e-01 9.87993745e-01 1.00070873e+00 1.00821059e+00 1.01245375e+00 1.01476058e+00 1.01596956e+00 1.01658233e+00 1.01688378e+00 1.01702831e+00 1.01709615e+00 1.01712748e+00 1.01714175e+00 1.01714808e+00 1.01715057e+00 1.01715081e+00 1.01714897e+00 1.01714385e+00 1.01713216e+00 1.01710639e+00 1.01705039e+00 1.01693055e+00 1.01667914e+00 1.01616459e+00 1.01514144e+00 1.01317217e+00 1.00951549e+00 1.00298456e+00 9.91795200e-01 9.73449550e-01 9.44726619e-01 9.01869107e-01 8.41049296e-01 7.59153966e-01 6.54843498e-01 5.29733563e-01 3.89491969e-01 2.44764031e-01 1.12277915e-01 1.79792807e-02 1.79792807e-02 1.12277915e-01 2.44764031e-01 3.89491969e-01 5.29733563e-01 6.54843498e-01 7.59153966e-01 8.41049296e-01 9.01869107e-01 9.44726619e-01 9.73449550e-01 9.91795200e-01 1.00298456e+00 1.00951549e+00 1.01317217e+00 1.01514144e+00 1.01616459e+00 1.01667914e+00 1.01693055e+00 1.01705039e+00 1.01710639e+00 1.01713216e+00 1.01714385e+00 1.01714897e+00 1.01715081e+00 1.01715057e+00 1.01714808e+00 1.01714175e+00 1.01712748e+00 1.01709615e+00 1.01702831e+00 1.01688378e+00 1.01658233e+00 1.01596956e+00 1.01476058e+00 1.01245375e+00 1.00821059e+00 1.00070873e+00 9.87993745e-01 9.67381777e-01 9.35490581e-01 8.88489286e-01 8.22642925e-01 7.35174221e-01 6.25371441e-01 4.95767685e-01 3.53192499e-01 2.09682188e-01 8.37973003e-02 5.34525872e-03 3.59392800e-02 1.43051398e-01 2.80570938e-01 4.25482143e-01 5.62729429e-01 6.82995651e-01 7.81718271e-01 8.58129874e-01 9.14122984e-01 9.53079804e-01 9.78871545e-01 9.95153043e-01 1.00497278e+00 1.01064369e+00 1.01378728e+00 1.01546463e+00 1.01632875e+00 1.01676005e+00 1.01696940e+00 1.01706865e+00 1.01711483e+00 1.01713601e+00 1.01714557e+00 1.01714966e+00 1.01715093e+00 1.01715019e+00 1.01714696e+00 1.01713916e+00 1.01712177e+00 1.01708372e+00 1.01700162e+00 1.01682755e+00 1.01646667e+00 1.01573829e+00 1.01431274e+00 1.01161668e+00 1.00670513e+00 9.98110729e-01 9.83702281e-01 9.60611437e-01 9.25309906e-01 8.73927142e-01 8.02875123e-01 7.09782653e-01 5.94640704e-01 4.60965803e-01 3.16803965e-01 1.75655837e-01 5.81409913e-02 3.20342650e-16
-6.40685301e-16 5.86783514e-02 1.77145888e-01 3.19231277e-01 4.64081219e-01 5.98083705e-01 7.13184668e-01 8.05936648e-01 8.76458669e-01 9.27236804e-01 9.61952829e-01 9.84537685e-01 9.98546534e-01 1.00684855e+00 1.01156002e+00 1.01412712e+00 1.01547389e+00 1.01615639e+00 1.01649168e+00 1.01665199e+00 1.01672694e+00 1.01676138e+00 1.01677700e+00 1.01678394e+00 1.01678681e+00 1.01678746e+00 1.01678634e+00 1.01678271e+00 1.01677417e+00 1.01675512e+00 1.01671324e+00 1.01662243e+00 1.01642920e+00 1.01602762e+00 1.01521623e+00 1.01362843e+00 1.01062952e+00 1.00517989e+00 9.95678380e-01 9.79824002e-01 9.54561869e-01 9.16202384e-01 8.60805176e-01 7.84887320e-01 6.86439687e-01 5.66126338e-01 4.28456894e-01 2.82780419e-01 1.44292514e-01 3.62784208e-02 5.39817882e-03 8.45559784e-02 2.11419445e-01 3.55821483e-01 4.99000721e-01 6.28837114e-01 7.38515297e-01 8.25585067e-01 8.90872486e-01 9.37266342e-01 9.68587633e-01 9.88718875e-01 1.00106178e+00 1.00829612e+00 1.01235905e+00 1.01455131e+00 1.01569117e+00 1.01626414e+00 1.01654361e+00 1.01667643e+00 1.01673822e+00 1.01676652e+00 1.01677930e+00 1.01678494e+00 1.01678714e+00 1.01678736e+00 1.01678573e+00 1.01678118e+00 1.01677073e+00 1.01674750e+00 1.01669660e+00 1.01658671e+00 1.01635414e+00 1.01587403e+00 1.01491134e+00 1.01304351e+00 1.00954861e+00 1.00326145e+00 9.92416962e-01 9.74525606e-01 9.46353766e-01 9.04101083e-01 8.43862076e-01 7.62416807e-01 6.58309174e-01 5.33060518e-01 3.92304079e-01 2.46742381e-01 1.13273351e-01 1.81527129e-02 1.81527129e-02 1.13273351e-01 2.46742381e-01 3.92304079e-01 5.33060518e-01 6.58309174e-01 7.62416807e-01 8.43862076e-01 9.04101083e-01 9.46353766e-01 9.74525606e-01 9.92416962e-01 1.00326145e+00 1.00954861e+00 1.01304351e+00 1.01491134e+00 1.01587403e+00 1.01635414e+00 1.01658671e+00 1.01669660e+00 1.01674750e+00 1.01677073e+00 1.01678118e+00 1.01678573e+00 1.01678736e+00 1.01678714e+00 1.01678494e+00 1.01677930e+00 1.01676652e+00 1.01673822e+00 1.01667643e+00 1.01654361e+00 1.01626414e+00 1.01569117e+00 1.01455131e+00 1.01235905e+00 1.00829612e+00 1.00106178e+00 9.88718875e-01 9.68587633e-01 9.37266342e-01 8.90872486e-01 8.25585067e-01 7.38515297e-01 6.28837114e-01 4.99000721e-01 3.55821483e-01 2.11419445e-01 8.45559784e-02 5.39817882e-03 3.62784208e-02 1.44292514e-01 2.82780419e-01 4.28456894e-01 5.66126338e-01 6.86439687e-01 7.84887320e-01 8.60805176e-01 9.16202384e-01 9.54561869e-01 9.79824002e-01 9.95678380e-01 1.00517989e+00 1.01062952e+00 1.01362843e+00 1.01521623e+00 1.01602762e+00 1.01642920e+00 1.01662243e+00 1.01671324e+00 1.01675512e+00 1.01677417e+00 1.01678271e+00 1.01678634e+00 1.01678746e+00 1.01678681e+00 1.01678394e+00 1.01677700e+00 1.01676138e+00 1.01672694e+00 1.01665199e+00 1.01649168e+00 1.01615639e+00 1.01547389e+00 1.01412712e+00 1.01156002e+00 1.00684855e+00 9.98546534e-01 9.84537685e-01 9.61952829e-01 9.27236804e-01 8.76458669e-01 8.05936648e-01 7.13184668e-01 5.98083705e-01 4.64081219e-01 3.19231277e-01 1.77145888e-01 5.86783514e-02 -0.00000000e+00
-6.40685301e-16 5.92177577e-02 1.78639649e-01 3.21660605e-01 4.67192745e-01 6.01513674e-01 7.16563547e-01 8.08966559e-01 8.78953680e-01 9.29126653e-01 9.63260629e-01 9.85345760e-01 9.98962583e-01 1.00697976e+00 1.01149775e+00 1.01394110e+00 1.01521288e+00 1.01585209e+00 1.01616343e+00 1.01631100e+00 1.01637939e+00 1.01641053e+00 1.01642454e+00 1.01643073e+00 1.01643327e+00 1.01643385e+00 1.01643286e+00 1.01642963e+00 1.01642202e+00 1.01640489e+00 1.01636693e+00 1.01628389e+00 1.01610563e+00 1.01573193e+00 1.01497042e+00 1.01346800e+00 1.01060821e+00 1.00537296e+00 9.96182023e-01 9.80747382e-01 9.56009161e-01 9.18244463e-01 8.63444788e-01 7.88026596e-01 6.89863056e-01 5.69512694e-01 4.31429602e-01 2.84992735e-01 1.45537163e-01 3.66189540e-02 5.45135025e-03 8.53173137e-02 2.13160371e-01 3.58451394e-01 5.02227812e-01 6.32287215e-01 7.41830872e-01 8.28493980e-01 8.93218624e-01 9.39005582e-01 9.69761258e-01 9.89418504e-01 1.00139701e+00 1.00837120e+00 1.01226017e+00 1.01434272e+00 1.01541693e+00 1.01595242e+00 1.01621137e+00 1.01633336e+00 1.01638962e+00 1.01641515e+00 1.01642660e+00 1.01643161e+00 1.01643356e+00 1.01643376e+00 1.01643231e+00 1.01642827e+00 1.01641893e+00 1.01639801e+00 1.01635177e+00 1.01625107e+00 1.01603605e+00 1.01558829e+00 1.01468291e+00 1.01291202e+00 1.00957296e+00 1.00352243e+00 9.93015109e-01 9.75570943e-01 9.47945154e-01 9.06295730e-01 8.46640263e-01 7.65651922e-01 6.61756719e-01 5.36379295e-01 3.95115757e-01 2.48724112e-01 1.14271955e-01 1.83269097e-02 1.83269097e-02 1.14271955e-01 2.48724112e-01 3.95115757e-01 5.36379295e-01 6.61756719e-01 7.65651922e-01 8.46640263e-01 9.06295730e-01 9.47945154e-01 9.75570943e-01 9.93015109e-01 1.00352243e+00 1.00957296e+00 1.01291202e+00 1.01468291e+00 1.01558829e+00 1.01603605e+00 1.01625107e+00 1.01635177e+00 1.01639801e+00 1.01641893e+00 1.01642827e+00 1.01643231e+00 1.01643376e+00 1.01643356e+00 1.01643161e+00 1.01642660e+00 1.01641515e+00 1.01638962e+00 1.01633336e+00 1.01621137e+00 1.01595242e+00 1.01541693e+00 1.01434272e+00 1.01226017e+00 1.00837120e+00 1.00139701e+00 9.89418504e-01 9.69761258e-01 9.39005582e-01 8.93218624e-01 8.28493980e-01 7.41830872e-01 6.32287215e-01 5.02227812e-01 3.58451394e-01 2.13160371e-01 8.53173137e-02 5.45135025e-03 3.66189540e-02 1.45537163e-01 2.84992735e-01 4.31429602e-01 5.69512694e-01 6.89863056e-01 7.88026596e-01 8.63444788e-01 9.18244463e-01 9.56009161e-01 9.80747382e-01 9.96182023e-01 1.00537296e+00 1.01060821e+00 1.01346800e+00 1.01497042e+00 1.01573193e+00 1.01610563e+00 1.01628389e+00 1.01636693e+00 1.01640489e+00 1.01642202e+00 1.01642963e+00 1.01643286e+00 1.01643385e+00 1.01643327e+00 1.01643073e+00 1.01642454e+00 1.01641053e+00 1.01637939e+00 1.01631100e+00 1.01616343e+00 1.01585209e+00 1.01521288e+00 1.01394110e+00 1.01149775e+00 1.00697976e+00 9.98962583e-01 9.85345760e-01 9.63260629e-01 9.29126653e-01 8.78953680e-01 8.08966559e-01 7.16563547e-01 6.01513674e-01 4.67192745e-01 3.21660605e-01 1.78639649e-01 5.92177577e-02 -6.40685301e-16
1.60171325e-16 5.97591842e-02 1.80137033e-01 3.24091779e-01 4.70300134e-01 6.04930337e-01 7.19919071e-01 8.11964781e-01 8.81412305e-01 9.30979794e-01 9.64535347e-01 9.86127100e-01 9.99359465e-01 1.00709925e+00 1.01143022e+00 1.01375488e+00 1.01495533e+00 1.01555370e+00 1.01584266e+00 1.01597842e+00 1.01604078e+00 1.01606893e+00 1.01608149e+00 1.01608700e+00 1.01608925e+00 1.01608976e+00 1.01608889e+00 1.01608603e+00 1.01607924e+00 1.01606385e+00 1.01602946e+00 1.01595358e+00 1.01578922e+00 1.01544163e+00 1.01472727e+00 1.01330626e+00 1.01058015e+00 1.00555252e+00 9.96664571e-01 9.81642267e-01 9.57422152e-01 9.20249510e-01 8.66048784e-01 7.91135983e-01 6.93265519e-01 5.72888222e-01 4.34400036e-01 2.87207736e-01 1.46785276e-01 3.69608640e-02 5.50477086e-03 8.60812677e-02 2.14904857e-01 3.61082038e-01 5.05448697e-01 6.35721475e-01 7.45120756e-01 8.31369639e-01 8.95527884e-01 9.40708687e-01 9.70903189e-01 9.90093233e-01 1.00171499e+00 1.00843629e+00 1.01215743e+00 1.01413498e+00 1.01514686e+00 1.01564708e+00 1.01588689e+00 1.01599886e+00 1.01605005e+00 1.01607308e+00 1.01608333e+00 1.01608779e+00 1.01608951e+00 1.01608968e+00 1.01608840e+00 1.01608482e+00 1.01607647e+00 1.01605764e+00 1.01601567e+00 1.01592343e+00 1.01572474e+00 1.01530738e+00 1.01445628e+00 1.01277800e+00 1.00958899e+00 1.00376806e+00 9.93590244e-01 9.76586124e-01 9.49501217e-01 9.08453285e-01 8.49383883e-01 7.68859157e-01 6.65185875e-01 5.39689624e-01 3.97926791e-01 2.50709098e-01 1.15273675e-01 1.85018635e-02 1.85018635e-02 1.15273675e-01 2.50709098e-01 3.97926791e-01 5.39689624e-01 6.65185875e-01 7.68859157e-01 8.49383883e-01 9.08453285e-01 9.49501217e-01 9.76586124e-01 9.93590244e-01 1.00376806e+00 1.00958899e+00 1.01277800e+00 1.01445628e+00 1.01530738e+00 1.01572474e+00 1.01592343e+00 1.01601567e+00 1.01605764e+00 1.01607647e+00 1.01608482e+00 1.01608840e+00 1.01608968e+00 1.01608951e+00 1.01608779e+00 1.01608333e+00 1.01607308e+00 1.01605005e+00 1.01599886e+00 1.01588689e+00 1.01564708e+00 1.01514686e+00 1.01413498e+00 1.01215743e+00 1.00843629e+00 1.00171499e+00 9.90093233e-01 9.70903189e-01 9.40708687e-01 8.95527884e-01 8.31369639e-01 7.45120756e-01 6.35721475e-01 5.05448697e-01 3.61082038e-01 2.14904857e-01 8.60812677e-02 5.50477086e-03 3.69608640e-02 1.46785276e-01 2.87207736e-01 4.34400036e-01 5.72888222e-01 6.93265519e-01 7.91135983e-01 8.66048784e-01 9.20249510e-01 9.57422152e-01 9.81642267e-01 9.96664571e-01 1.00555252e+00 1.01058015e+00 1.01330626e+00 1.01472727e+00 1.01544163e+00 1.01578922e+00 1.01595358e+00 1.01602946e+00 1.01606385e+00 1.01607924e+00 1.01608603e+00 1.01608889e+00 1.01608976e+00 1.01608925e+00 1.01608700e+00 1.01608149e+00 1.01606893e+00 1.01604078e+00 1.01597842e+00 1.01584266e+00 1.01555370e+00 1.01495533e+00 1.01375488e+00 1.01143022e+00 1.00709925e+00 9.99359465e-01 9.86127100e-01 9.64535347e-01 9.30979794e-01 8.81412305e-01 8.11964781e-01 7.19919071e-01 6.04930337e-01 4.70300134e-01 3.24091779e-01 1.80137033e-01 5.97591842e-02 4.80513976e-16
3.20342650e-16 6.03026030e-02 1.81637947e-01 3.26524620e-01 4.73403129e-01 6.08333410e-01 7.23251015e-01 8.14931236e-01 8.83834671e-01 9.32796568e-01 9.65777488e-01 9.86882294e-01 9.99737756e-01 1.00720752e+00 1.01135779e+00 1.01356867e+00 1.01470129e+00 1.01526117e+00 1.01552921e+00 1.01565403e+00 1.01571085e+00 1.01573629e+00 1.01574755e+00 1.01575245e+00 1.01575444e+00 1.01575490e+00 1.01575412e+00 1.01575159e+00 1.01574553e+00 1.01573172e+00 1.01570058e+00 1.01563128e+00 1.01547983e+00 1.01515669e+00 1.01448687e+00 1.01314343e+00 1.01054574e+00 1.00571909e+00 9.97126613e-01 9.82509234e-01 9.58801313e-01 9.22217814e-01 8.68617239e-01 7.94215358e-01 6.96646824e-01 5.76252637e-01 4.37367954e-01 2.89425266e-01 1.48036779e-01 3.73041341e-02 5.55843829e-03 8.68477993e-02 2.16652792e-01 3.63713215e-01 5.08663105e-01 6.39139616e-01 7.48384751e-01 8.34212013e-01 8.97800448e-01 9.42376047e-01 9.72013963e-01 9.90743657e-01 1.00201628e+00 1.00849187e+00 1.01205116e+00 1.01392823e+00 1.01488099e+00 1.01534803e+00 1.01556999e+00 1.01567271e+00 1.01571925e+00 1.01574002e+00 1.01574918e+00 1.01575315e+00 1.01575468e+00 1.01575482e+00 1.01575370e+00 1.01575051e+00 1.01574306e+00 1.01572612e+00 1.01568803e+00 1.01560361e+00 1.01542011e+00 1.01503127e+00 1.01423156e+00 1.01264170e+00 1.00959712e+00 1.00399887e+00 9.94142961e-01 9.77571708e-01 9.51022388e-01 9.10573985e-01 8.52092955e-01 7.72038349e-01 6.68596376e-01 5.42991225e-01 4.00736959e-01 2.52697203e-01 1.16278454e-01 1.86775660e-02 1.86775660e-02 1.16278454e-01 2.52697203e-01 4.00736959e-01 5.42991225e-01 6.68596376e-01 7.72038349e-01 8.52092955e-01 9.10573985e-01 9.51022388e-01 9.77571708e-01 9.94142961e-01 1.00399887e+00 1.00959712e+00 1.01264170e+00 1.01423156e+00 1.01503127e+00 1.01542011e+00 1.01560361e+00 1.01568803e+00 1.01572612e+00 1.01574306e+00 1.01575051e+00 1.01575370e+00 1.01575482e+00 1.01575468e+00 1.01575315e+00 1.01574918e+00 1.01574002e+00 1.01571925e+00 1.01567271e+00 1.01556999e+00 1.01534803e+00 1.01488099e+00 1.01392823e+00 1.01205116e+00 1.00849187e+00 1.00201628e+00 9.90743657e-01 9.72013963e-01 9.42376047e-01 8.97800448e-01 8.34212013e-01 7.48384751e-01 6.39139616e-01 5.08663105e-01 3.63713215e-01 2.16652792e-01 8.68477993e-02 5.55843829e-03 3.73041341e-02 1.48036779e-01 2.89425266e-01 4.37367954e-01 5.76252637e-01 6.96646824e-01 7.94215358e-01 8.68617239e-01 9.22217814e-01 9.58801313e-01 9.82509234e-01 9.97126613e-01 1.00571909e+00 1.01054574e+00 1.01314343e+00 1.01448687e+00 1.01515669e+00 1.01547983e+00 1.01563128e+00 1.01570058e+00 1.01573172e+00 1.01574553e+00 1.01575159e+00 1.01575412e+00 1.01575490e+00 1.01575444e+00 1.01575245e+00 1.01574755e+00 1.01573629e+00 1.01571085e+00 1.01565403e+00 1.01552921e+00 1.01526117e+00 1.01470129e+00 1.01356867e+00 1.01135779e+00 1.00720752e+00 9.99737756e-01 9.86882294e-01 9.65777488e-01 9.32796568e-01 8.83834671e-01 8.14931236e-01 7.23251015e-01 6.08333410e-01 4.73403129e-01 3.26524620e-01 1.81637947e-01 6.03026030e-02 -3.20342650e-16
6.40685301e-16 6.08479843e-02 1.83142292e-01 3.28958938e-01 4.76501459e-01 6.11722594e-01 7.26559140e-01 8.17865836e-01 8.86220899e-01 9.34577307e-01 9.66987552e-01 9.87611921e-01 1.00009802e+00 1.00730504e+00 1.01128079e+00 1.01338264e+00 1.01445081e+00 1.01497441e+00 1.01522292e+00 1.01533762e+00 1.01538937e+00 1.01541234e+00 1.01542242e+00 1.01542678e+00 1.01542855e+00 1.01542895e+00 1.01542826e+00 1.01542602e+00 1.01542062e+00 1.01540822e+00 1.01538005e+00 1.01531679e+00 1.01517731e+00 1.01487706e+00 1.01424931e+00 1.01297973e+00 1.01050534e+00 1.00587317e+00 9.97568726e-01 9.83348853e-01 9.60147110e-01 9.24149660e-01 8.71150218e-01 7.97264589e-01 7.00006711e-01 5.79605642e-01 4.40333104e-01 2.91645158e-01 1.49291592e-01 3.76487461e-02 5.61234995e-03 8.76168643e-02 2.18404054e-01 3.66344714e-01 5.11870754e-01 6.42541346e-01 7.51622650e-01 8.37021063e-01 9.00036492e-01 9.44008043e-01 9.73094108e-01 9.91370361e-01 1.00230143e+00 1.00853836e+00 1.01194164e+00 1.01372264e+00 1.01461932e+00 1.01505517e+00 1.01526050e+00 1.01535468e+00 1.01539697e+00 1.01541568e+00 1.01542388e+00 1.01542740e+00 1.01542875e+00 1.01542888e+00 1.01542789e+00 1.01542506e+00 1.01541841e+00 1.01540317e+00 1.01536864e+00 1.01529141e+00 1.01512204e+00 1.01475995e+00 1.01400888e+00 1.01250340e+00 1.00959777e+00 1.00421538e+00 9.94673844e-01 9.78528248e-01 9.52509090e-01 9.12658061e-01 8.54767491e-01 7.75189326e-01 6.71987941e-01 5.46283805e-01 4.03546028e-01 2.54688285e-01 1.17286232e-01 1.88540085e-02 1.88540085e-02 1.17286232e-01 2.54688285e-01 4.03546028e-01 5.46283805e-01 6.71987941e-01 7.75189326e-01 8.54767491e-01 9.12658061e-01 9.52509090e-01 9.78528248e-01 9.94673844e-01 1.00421538e+00 1.00959777e+00 1.01250340e+00 1.01400888e+00 1.01475995e+00 1.01512204e+00 1.01529141e+00 1.01536864e+00 1.01540317e+00 1.01541841e+00 1.01542506e+00 1.01542789e+00 1.01542888e+00 1.01542875e+00 1.01542740e+00 1.01542388e+00 1.01541568e+00 1.01539697e+00 1.01535468e+00 1.01526050e+00 1.01505517e+00 1.01461932e+00 1.01372264e+00 1.01194164e+00 1.00853836e+00 1.00230143e+00 9.91370361e-01 9.73094108e-01 9.44008043e-01 9.00036492e-01 8.37021063e-01 7.51622650e-01 6.42541346e-01 5.11870754e-01 3.66344714e-01 2.18404054e-01 8.76168643e-02 5.61234995e-03 3.76487461e-02 1.49291592e-01 2.91645158e-01 4.40333104e-01 5.79605642e-01 7.00006711e-01 7.97264589e-01 8.71150218e-01 9.24149660e-01 9.60147110e-01 9.83348853e-01 9.97568726e-01 1.00587317e+00 1.01050534e+00 1.01297973e+00 1.01424931e+00 1.01487706e+00 1.01517731e+00 1.01531679e+00 1.01538005e+00 1.01540822e+00 1.01542062e+00 1.01542602e+00 1.01542826e+00 1.01542895e+00 1.01542855e+00 1.01542678e+00 1.01542242e+00 1.01541234e+00 1.01538937e+00 1.01533762e+00 1.01522292e+00 1.01497441e+00 1.01445081e+00 1.01338264e+00 1.01128079e+00 1.00730504e+00 1.00009802e+00 9.87611921e-01 9.66987552e-01 9.34577307e-01 8.86220899e-01 8.17865836e-01 7.26559140e-01 6.11722594e-01 4.76501459e-01 3.28958938e-01 1.83142292e-01 6.08479843e-02 -6.40685301e-16
3.20342650e-16 6.13952956e-02 1.84649962e-01 3.31394535e-01 4.79594839e-01 6.15097574e-01 7.29843191e-01 8.20768482e-01 8.88571101e-01 9.36322341e-01 9.68166030e-01 9.88316553e-01 1.00044082e+00 1.00739228e+00 1.01119954e+00 1.01319697e+00 1.01420391e+00 1.01469335e+00 1.01492363e+00 1.01502897e+00 1.01507608e+00 1.01509680e+00 1.01510583e+00 1.01510971e+00 1.01511128e+00 1.01511163e+00 1.01511102e+00 1.01510903e+00 1.01510422e+00 1.01509310e+00 1.01506763e+00 1.01500992e+00 1.01488153e+00 1.01460270e+00 1.01401464e+00 1.01281537e+00 1.01045931e+00 1.00601525e+00 9.97991477e-01 9.84161681e-01 9.61460000e-01 9.26045323e-01 8.73647777e-01 8.00283530e-01 7.03344900e-01 5.82946920e-01 4.43295219e-01 2.93867238e-01 1.50549633e-01 3.79946804e-02 5.66650302e-03 8.83884152e-02 2.20158516e-01 3.68976310e-01 5.15071344e-01 6.45926355e-01 7.54834229e-01 8.39796737e-01 9.02236183e-01 9.45605050e-01 9.74144143e-01 9.91973919e-01 1.00257097e+00 1.00857620e+00 1.01182916e+00 1.01351833e+00 1.01436186e+00 1.01476840e+00 1.01495824e+00 1.01504455e+00 1.01508296e+00 1.01509980e+00 1.01510713e+00 1.01511026e+00 1.01511146e+00 1.01511157e+00 1.01511069e+00 1.01510818e+00 1.01510224e+00 1.01508855e+00 1.01505726e+00 1.01498665e+00 1.01483040e+00 1.01449339e+00 1.01378832e+00 1.01236333e+00 1.00959131e+00 1.00441813e+00 9.95183467e-01 9.79456286e-01 9.53961745e-01 9.14705734e-01 8.57407494e-01 7.78311900e-01 6.75360273e-01 5.49567054e-01 4.06353752e-01 2.56682193e-01 1.18296944e-01 1.90311813e-02 1.90311813e-02 1.18296944e-01 2.56682193e-01 4.06353752e-01 5.49567054e-01 6.75360273e-01 7.78311900e-01 8.57407494e-01 9.14705734e-01 9.53961745e-01 9.79456286e-01 9.95183467e-01 1.00441813e+00 1.00959131e+00 1.01236333e+00 1.01378832e+00 1.01449339e+00 1.01483040e+00 1.01498665e+00 1.01505726e+00 1.01508855e+00 1.01510224e+00 1.01510818e+00 1.01511069e+00 1.01511157e+00 1.01511146e+00 1.01511026e+00 1.01510713e+00 1.01509980e+00 1.01508296e+00 1.01504455e+00 1.01495824e+00 1.01476840e+00 1.01436186e+00 1.01351833e+00 1.01182916e+00 1.00857620e+00 1.00257097e+00 9.91973919e-01 9.74144143e-01 9.45605050e-01 9.02236183e-01 8.39796737e-01 7.54834229e-01 6.45926355e-01 5.15071344e-01 3.68976310e-01 2.20158516e-01 8.83884152e-02 5.66650302e-03 3.79946804e-02 1.50549633e-01 2.93867238e-01 4.43295219e-01 5.82946920e-01 7.03344900e-01 8.00283530e-01 8.73647777e-01 9.26045323e-01 9.61460000e-01 9.84161681e-01 9.97991477e-01 1.00601525e+00 1.01045931e+00 1.01281537e+00 1.01401464e+00 1.01460270e+00 1.01488153e+00 1.01500992e+00 1.01506763e+00 1.01509310e+00 1.01510422e+00 1.01510903e+00 1.01511102e+00 1.01511163e+00 1.01511128e+00 1.01510971e+00 1.01510583e+00 1.01509680e+00 1.01507608e+00 1.01502897e+00 1.01492363e+00 1.01469335e+00 1.01420391e+00 1.01319697e+00 1.01119954e+00 1.00739228e+00 1.00044082e+00 9.88316553e-01 9.68166030e-01 9.36322341e-01 8.88571101e-01 8.20768482e-01 7.29843191e-01 6.15097574e-01 4.79594839e-01 3.31394535e-01 1.84649962e-01 6.13952956e-02 3.20342650e-16
8.00856626e-16 6.19445017e-02 1.86160846e-01 3.33831196e-01 4.82682968e-01 6.18458016e-01 7.33102897e-01 8.23639054e-01 8.90885374e-01 9.38031984e-01 9.69313404e-01 9.88996746e-01 1.00076668e+00 1.00746966e+00 1.01111435e+00 1.01301182e+00 1.01396063e+00 1.01441793e+00 1.01463120e+00 1.01472789e+00 1.01477074e+00 1.01478943e+00 1.01479751e+00 1.01480096e+00 1.01480235e+00 1.01480266e+00 1.01480212e+00 1.01480036e+00 1.01479608e+00 1.01478611e+00 1.01476309e+00 1.01471047e+00 1.01459236e+00 1.01433354e+00 1.01378292e+00 1.01265055e+00 1.01040799e+00 1.00614581e+00 9.98395418e-01 9.84948268e-01 9.62740430e-01 9.27905069e-01 8.76109958e-01 8.03272017e-01 7.06661093e-01 5.86276137e-01 4.46254015e-01 2.96091319e-01 1.51810809e-01 3.83419154e-02 5.72089439e-03 8.91624004e-02 2.21916041e-01 3.71607765e-01 5.18264557e-01 6.49294315e-01 7.58019245e-01 8.42538969e-01 9.04399677e-01 9.47167433e-01 9.75164579e-01 9.92554894e-01 1.00282544e+00 1.00860580e+00 1.01171399e+00 1.01331544e+00 1.01410861e+00 1.01448762e+00 1.01466306e+00 1.01474210e+00 1.01477696e+00 1.01479212e+00 1.01479867e+00 1.01480145e+00 1.01480251e+00 1.01480261e+00 1.01480183e+00 1.01479960e+00 1.01479431e+00 1.01478201e+00 1.01475367e+00 1.01468914e+00 1.01454508e+00 1.01423158e+00 1.01356999e+00 1.01222173e+00 1.00957813e+00 1.00460759e+00 9.95672388e-01 9.80356353e-01 9.55380758e-01 9.16717216e-01 8.60012948e-01 7.81405865e-01 6.78713055e-01 5.52840644e-01 4.09159868e-01 2.58678765e-01 1.19310519e-01 1.92090737e-02 1.92090737e-02 1.19310519e-01 2.58678765e-01 4.09159868e-01 5.52840644e-01 6.78713055e-01 7.81405865e-01 8.60012948e-01 9.16717216e-01 9.55380758e-01 9.80356353e-01 9.95672388e-01 1.00460759e+00 1.00957813e+00 1.01222173e+00 1.01356999e+00 1.01423158e+00 1.01454508e+00 1.01468914e+00 1.01475367e+00 1.01478201e+00 1.01479431e+00 1.01479960e+00 1.01480183e+00 1.01480261e+00 1.01480251e+00 1.01480145e+00 1.01479867e+00 1.01479212e+00 1.01477696e+00 1.01474210e+00 1.01466306e+00 1.01448762e+00 1.01410861e+00 1.01331544e+00 1.01171399e+00 1.00860580e+00 1.00282544e+00 9.92554894e-01 9.75164579e-01 9.47167433e-01 9.04399677e-01 8.42538969e-01 7.58019245e-01 6.49294315e-01 5.18264557e-01 3.71607765e-01 2.21916041e-01 8.91624004e-02 5.72089439e-03 3.83419154e-02 1.51810809e-01 2.96091319e-01 4.46254015e-01 5.86276137e-01 7.06661093e-01 8.03272017e-01 8.76109958e-01 9.27905069e-01 9.62740430e-01 9.84948268e-01 9.98395418e-01 1.00614581e+00 1.01040799e+00 1.01265055e+00 1.01378292e+00 1.01433354e+00 1.01459236e+00 1.01471047e+00 1.01476309e+00 1.01478611e+00 1.01479608e+00 1.01480036e+00 1.01480212e+00 1.01480266e+00 1.01480235e+00 1.01480096e+00 1.01479751e+00 1.01478943e+00 1.01477074e+00 1.01472789e+00 1.01463120e+00 1.01441793e+00 1.01396063e+00 1.01301182e+00 1.01111435e+00 1.00746966e+00 1.00076668e+00 9.88996746e-01 9.69313404e-01 9.38031984e-01 8.90885374e-01 8.23639054e-01 7.33102897e-01 6.18458016e-01 4.82682968e-01 3.33831196e-01 1.86160846e-01 6.19445017e-02 4.80513976e-16
-0.00000000e+00 6.24955643e-02 1.87674821e-01 3.36268695e-01 4.85765521e-01 6.21803559e-01 7.36337956e-01 8.26477415e-01 8.93163800e-01 9.39706538e-01 9.70430142e-01 9.89653044e-01 1.00107614e+00 1.00753763e+00 1.01102551e+00 1.01282733e+00 1.01372099e+00 1.01414805e+00 1.01434547e+00 1.01443417e+00 1.01447313e+00 1.01448997e+00 1.01449720e+00 1.01450027e+00 1.01450150e+00 1.01450177e+00 1.01450130e+00 1.01449973e+00 1.01449592e+00 1.01448699e+00 1.01446619e+00 1.01441825e+00 1.01430965e+00 1.01406954e+00 1.01355422e+00 1.01248545e+00 1.01035173e+00 1.00626529e+00 9.98781085e-01 9.85709147e-01 9.63988835e-01 9.29729145e-01 8.78536784e-01 8.06229862e-01 7.09954966e-01 5.89592935e-01 4.49209189e-01 2.98317199e-01 1.53075024e-01 3.86904278e-02 5.77552063e-03 8.99387643e-02 2.23676483e-01 3.74238826e-01 5.21450052e-01 6.52644871e-01 7.61177432e-01 8.45247671e-01 9.06527110e-01 9.48695540e-01 9.76155912e-01 9.93113832e-01 1.00306533e+00 1.00862756e+00 1.01159640e+00 1.01311407e+00 1.01385957e+00 1.01421274e+00 1.01437478e+00 1.01444712e+00 1.01447875e+00 1.01449239e+00 1.01449823e+00 1.01450070e+00 1.01450164e+00 1.01450173e+00 1.01450104e+00 1.01449906e+00 1.01449434e+00 1.01448330e+00 1.01445765e+00 1.01439872e+00 1.01426596e+00 1.01397447e+00 1.01335397e+00 1.01207882e+00 1.00955861e+00 1.00478427e+00 9.96141154e-01 9.81228968e-01 9.56766525e-01 9.18692701e-01 8.62583822e-01 7.84470991e-01 6.82045945e-01 5.56104221e-01 4.11964097e-01 2.60677827e-01 1.20326883e-01 1.93876741e-02 1.93876741e-02 1.20326883e-01 2.60677827e-01 4.11964097e-01 5.56104221e-01 6.82045945e-01 7.84470991e-01 8.62583822e-01 9.18692701e-01 9.56766525e-01 9.81228968e-01 9.96141154e-01 1.00478427e+00 1.00955861e+00 1.01207882e+00 1.01335397e+00 1.01397447e+00 1.01426596e+00 1.01439872e+00 1.01445765e+00 1.01448330e+00 1.01449434e+00 1.01449906e+00 1.01450104e+00 1.01450173e+00 1.01450164e+00 1.01450070e+00 1.01449823e+00 1.01449239e+00 1.01447875e+00 1.01444712e+00 1.01437478e+00 1.01421274e+00 1.01385957e+00 1.01311407e+00 1.01159640e+00 1.00862756e+00 1.00306533e+00 9.93113832e-01 9.76155912e-01 9.48695540e-01 9.06527110e-01 8.45247671e-01 7.61177432e-01 6.52644871e-01 5.21450052e-01 3.74238826e-01 2.23676483e-01 8.99387643e-02 5.77552063e-03 3.86904278e-02 1.53075024e-01 2.98317199e-01 4.49209189e-01 5.89592935e-01 7.09954966e-01 8.06229862e-01 8.78536784e-01 9.29729145e-01 9.63988835e-01 9.85709147e-01 9.98781085e-01 1.00626529e+00 1.01035173e+00 1.01248545e+00 1.01355422e+00 1.01406954e+00 1.01430965e+00 1.01441825e+00 1.01446619e+00 1.01448699e+00 1.01449592e+00 1.01449973e+00 1.01450130e+00 1.01450177e+00 1.01450150e+00 1.01450027e+00 1.01449720e+00 1.01448997e+00 1.01447313e+00 1.01443417e+00 1.01434547e+00 1.01414805e+00 1.01372099e+00 1.01282733e+00 1.01102551e+00 1.00753763e+00 1.00107614e+00 9.89653044e-01 9.70430142e-01 9.39706538e-01 8.93163800e-01 8.26477415e-01 7.36337956e-01 6.21803559e-01 4.85765521e-01 3.36268695e-01 1.87674821e-01 6.24955643e-02 -0.00000000e+00
-3.20342650e-16 6.30484424e-02 1.89191758e-01 3.38706788e-01 4.88842152e-01 6.25133817e-01 7.39548044e-01 8.29283400e-01 8.95406435e-01 9.41346284e-01 9.71516693e-01 9.90285976e-01 1.00136970e+00 1.00759661e+00 1.01093332e+00 1.01264366e+00 1.01348501e+00 1.01388364e+00 1.01406629e+00 1.01414761e+00 1.01418301e+00 1.01419819e+00 1.01420465e+00 1.01420738e+00 1.01420847e+00 1.01420871e+00 1.01420829e+00 1.01420690e+00 1.01420351e+00 1.01419551e+00 1.01417674e+00 1.01413308e+00 1.01403328e+00 1.01381064e+00 1.01332857e+00 1.01232026e+00 1.01029082e+00 1.00637416e+00 9.99149002e-01 9.86444836e-01 9.65205629e-01 9.31517782e-01 8.80928254e-01 8.09156853e-01 7.13226167e-01 5.92896928e-01 4.52160418e-01 3.00544665e-01 1.54342174e-01 3.90401922e-02 5.83037803e-03 9.07174470e-02 2.25439685e-01 3.76869220e-01 5.24627466e-01 6.55977640e-01 7.64308494e-01 8.47922730e-01 9.08618600e-01 9.50189703e-01 9.77118619e-01 9.93651265e-01 1.00329114e+00 1.00864187e+00 1.01147662e+00 1.01291433e+00 1.01361472e+00 1.01394366e+00 1.01409323e+00 1.01415941e+00 1.01418809e+00 1.01420035e+00 1.01420557e+00 1.01420776e+00 1.01420859e+00 1.01420867e+00 1.01420806e+00 1.01420631e+00 1.01420210e+00 1.01419219e+00 1.01416898e+00 1.01411520e+00 1.01399292e+00 1.01372204e+00 1.01314033e+00 1.01193482e+00 1.00953308e+00 1.00494862e+00 9.96590295e-01 9.82074631e-01 9.58119421e-01 9.20632363e-01 8.65120057e-01 7.87507022e-01 6.85358572e-01 5.59357409e-01 4.14766141e-01 2.62679196e-01 1.21345954e-01 1.95669701e-02 1.95669701e-02 1.21345954e-01 2.62679196e-01 4.14766141e-01 5.59357409e-01 6.85358572e-01 7.87507022e-01 8.65120057e-01 9.20632363e-01 9.58119421e-01 9.82074631e-01 9.96590295e-01 1.00494862e+00 1.00953308e+00 1.01193482e+00 1.01314033e+00 1.01372204e+00 1.01399292e+00 1.01411520e+00 1.01416898e+00 1.01419219e+00 1.01420210e+00 1.01420631e+00 1.01420806e+00 1.01420867e+00 1.01420859e+00 1.01420776e+00 1.01420557e+00 1.01420035e+00 1.01418809e+00 1.01415941e+00 1.01409323e+00 1.01394366e+00 1.01361472e+00 1.01291433e+00 1.01147662e+00 1.00864187e+00 1.00329114e+00 9.93651265e-01 9.77118619e-01 9.50189703e-01 9.08618600e-01 8.47922730e-01 7.64308494e-01 6.55977640e-01 5.24627466e-01 3.76869220e-01 2.25439685e-01 9.07174470e-02 5.83037803e-03 3.90401922e-02 1.54342174e-01 3.00544665e-01 4.52160418e-01 5.92896928e-01 7.13226167e-01 8.09156853e-01 8.80928254e-01 9.31517782e-01 9.65205629e-01 9.86444836e-01 9.99149002e-01 1.00637416e+00 1.01029082e+00 1.01232026e+00 1.01332857e+00 1.01381064e+00 1.01403328e+00 1.01413308e+00 1.01417674e+00 1.01419551e+00 1.01420351e+00 1.01420690e+00 1.01420829e+00 1.01420871e+00 1.01420847e+00 1.01420738e+00 1.01420465e+00 1.01419819e+00 1.01418301e+00 1.01414761e+00 1.01406629e+00 1.01388364e+00 1.01348501e+00 1.01264366e+00 1.01093332e+00 1.00759661e+00 1.00136970e+00 9.90285976e-01 9.71516693e-01 9.41346284e-01 8.95406435e-01 8.29283400e-01 7.39548044e-01 6.25133817e-01 4.88842152e-01 3.38706788e-01 1.89191758e-01 6.30484424e-02 -0.00000000e+00
1.60171325e-16 6.36030914e-02 1.90711518e-01 3.41145216e-01 4.91912491e-01 6.28448372e-01 7.42732801e-01 8.32056811e-01 8.97613311e-01 9.42951483e-01 9.72573487e-01 9.90896049e-01 1.00164785e+00 1.00764698e+00 1.01083802e+00 1.01246093e+00 1.01325270e+00 1.01362461e+00 1.01379351e+00 1.01386803e+00 1.01390018e+00 1.01391384e+00 1.01391962e+00 1.01392205e+00 1.01392301e+00 1.01392323e+00 1.01392286e+00 1.01392162e+00 1.01391860e+00 1.01391144e+00 1.01389450e+00 1.01385477e+00 1.01376311e+00 1.01355676e+00 1.01310602e+00 1.01215513e+00 1.01022559e+00 1.00647283e+00 9.99499671e-01 9.87155833e-01 9.66391209e-01 9.33271184e-01 8.83284340e-01 8.12052745e-01 7.16474312e-01 5.96187701e-01 4.55107353e-01 3.02773488e-01 1.55612145e-01 3.93911815e-02 5.88546253e-03 9.14983840e-02 2.27205478e-01 3.79498658e-01 5.27796407e-01 6.59292210e-01 7.67412104e-01 8.50564003e-01 9.10674236e-01 9.51650231e-01 9.78053160e-01 9.94167706e-01 1.00350333e+00 1.00864908e+00 1.01135488e+00 1.01271634e+00 1.01337405e+00 1.01368027e+00 1.01381827e+00 1.01387878e+00 1.01390476e+00 1.01391578e+00 1.01392044e+00 1.01392238e+00 1.01392312e+00 1.01392319e+00 1.01392265e+00 1.01392109e+00 1.01391734e+00 1.01390846e+00 1.01388747e+00 1.01383841e+00 1.01372585e+00 1.01347423e+00 1.01292914e+00 1.01178992e+00 1.00950189e+00 1.00510111e+00 9.97020319e-01 9.82893825e-01 9.59439801e-01 9.22536350e-01 8.67621565e-01 7.90513669e-01 6.88650533e-01 5.62599803e-01 4.17565679e-01 2.64682672e-01 1.22367644e-01 1.97469478e-02 1.97469478e-02 1.22367644e-01 2.64682672e-01 4.17565679e-01 5.62599803e-01 6.88650533e-01 7.90513669e-01 8.67621565e-01 9.22536350e-01 9.59439801e-01 9.82893825e-01 9.97020319e-01 1.00510111e+00 1.00950189e+00 1.01178992e+00 1.01292914e+00 1.01347423e+00 1.01372585e+00 1.01383841e+00 1.01388747e+00 1.01390846e+00 1.01391734e+00 1.01392109e+00 1.01392265e+00 1.01392319e+00 1.01392312e+00 1.01392238e+00 1.01392044e+00 1.01391578e+00 1.01390476e+00 1.01387878e+00 1.01381827e+00 1.01368027e+00 1.01337405e+00 1.01271634e+00 1.01135488e+00 1.00864908e+00 1.00350333e+00 9.94167706e-01 9.78053160e-01 9.51650231e-01 9.10674236e-01 8.50564003e-01 7.67412104e-01 6.59292210e-01 5.27796407e-01 3.79498658e-01 2.27205478e-01 9.14983840e-02 5.88546253e-03 3.93911815e-02 1.55612145e-01 3.02773488e-01 4.55107353e-01 5.96187701e-01 7.16474312e-01 8.12052745e-01 8.83284340e-01 9.33271184e-01 9.66391209e-01 9.87155833e-01 9.99499671e-01 1.00647283e+00 1.01022559e+00 1.01215513e+00 1.01310602e+00 1.01355676e+00 1.01376311e+00 1.01385477e+00 1.01389450e+00 1.01391144e+00 1.01391860e+00 1.01392162e+00 1.01392286e+00 1.01392323e+00 1.01392301e+00 1.01392205e+00 1.01391962e+00 1.01391384e+00 1.01390018e+00 1.01386803e+00 1.01379351e+00 1.01362461e+00 1.01325270e+00 1.01246093e+00 1.01083802e+00 1.00764698e+00 1.00164785e+00 9.90896049e-01 9.72573487e-01 9.42951483e-01 8.97613311e-01 8.32056811e-01 7.42732801e-01 6.28448372e-01 4.91912491e-01 3.41145216e-01 1.90711518e-01 6.36030914e-02 -3.20342650e-16
-3.20342650e-16 6.41594639e-02 1.92233952e-01 3.43583701e-01 4.94976142e-01 6.31746773e-01 7.45891830e-01 8.34797417e-01 8.99784427e-01 9.44522365e-01 9.73600930e-01 9.91483749e-01 1.00191106e+00 1.00768913e+00 1.01073988e+00 1.01227925e+00 1.01302406e+00 1.01337089e+00 1.01352699e+00 1.01359524e+00 1.01362442e+00 1.01363672e+00 1.01364187e+00 1.01364403e+00 1.01364489e+00 1.01364508e+00 1.01364475e+00 1.01364366e+00 1.01364097e+00 1.01363456e+00 1.01361929e+00 1.01358314e+00 1.01349901e+00 1.01330786e+00 1.01288659e+00 1.01199021e+00 1.01015630e+00 1.00656170e+00 9.99833573e-01 9.87842612e-01 9.67545943e-01 9.34989529e-01 8.85604980e-01 8.14917256e-01 7.19698979e-01 5.99464808e-01 4.58049625e-01 3.05003425e-01 1.56884819e-01 3.97433663e-02 5.94076978e-03 9.22815065e-02 2.28973685e-01 3.82126828e-01 5.30956459e-01 6.62588131e-01 7.70487898e-01 8.53171311e-01 9.12694077e-01 9.53077406e-01 9.78959970e-01 9.94663644e-01 1.00370237e+00 1.00864956e+00 1.01123142e+00 1.01252016e+00 1.01313754e+00 1.01342248e+00 1.01354973e+00 1.01360502e+00 1.01362855e+00 1.01363845e+00 1.01364260e+00 1.01364433e+00 1.01364499e+00 1.01364505e+00 1.01364457e+00 1.01364319e+00 1.01363985e+00 1.01363188e+00 1.01361292e+00 1.01356819e+00 1.01346463e+00 1.01323102e+00 1.01272046e+00 1.01164431e+00 1.00946535e+00 1.00524216e+00 9.97431716e-01 9.83687008e-01 9.60727993e-01 9.24404781e-01 8.70088228e-01 7.93490606e-01 6.91921391e-01 5.65830966e-01 4.20362370e-01 2.66688045e-01 1.23391862e-01 1.99275929e-02 1.99275929e-02 1.23391862e-01 2.66688045e-01 4.20362370e-01 5.65830966e-01 6.91921391e-01 7.93490606e-01 8.70088228e-01 9.24404781e-01 9.60727993e-01 9.83687008e-01 9.97431716e-01 1.00524216e+00 1.00946535e+00 1.01164431e+00 1.01272046e+00 1.01323102e+00 1.01346463e+00 1.01356819e+00 1.01361292e+00 1.01363188e+00 1.01363985e+00 1.01364319e+00 1.01364457e+00 1.01364505e+00 1.01364499e+00 1.01364433e+00 1.01364260e+00 1.01363845e+00 1.01362855e+00 1.01360502e+00 1.01354973e+00 1.01342248e+00 1.01313754e+00 1.01252016e+00 1.01123142e+00 1.00864956e+00 1.00370237e+00 9.94663644e-01 9.78959970e-01 9.53077406e-01 9.12694077e-01 8.53171311e-01 7.70487898e-01 6.62588131e-01 5.30956459e-01 3.82126828e-01 2.28973685e-01 9.22815065e-02 5.94076978e-03 3.97433663e-02 1.56884819e-01 3.05003425e-01 4.58049625e-01 5.99464808e-01 7.19698979e-01 8.14917256e-01 8.85604980e-01 9.34989529e-01 9.67545943e-01 9.87842612e-01 9.99833573e-01 1.00656170e+00 1.01015630e+00 1.01199021e+00 1.01288659e+00 1.01330786e+00 1.01349901e+00 1.01358314e+00 1.01361929e+00 1.01363456e+00 1.01364097e+00 1.01364366e+00 1.01364475e+00 1.01364508e+00 1.01364489e+00 1.01364403e+00 1.01364187e+00 1.01363672e+00 1.01362442e+00 1.01359524e+00 1.01352699e+00 1.01337089e+00 1.01302406e+00 1.01227925e+00 1.01073988e+00 1.00768913e+00 1.00191106e+00 9.91483749e-01 9.73600930e-01 9.44522365e-01 8.99784427e-01 8.34797417e-01 7.45891830e-01 6.31746773e-01 4.94976142e-01 3.43583701e-01 1.92233952e-01 6.41594639e-02 -9.61027951e-16
4.80513976e-16 6.47175098e-02 1.93758905e-01 3.46021949e-01 4.98032679e-01 6.35028535e-01 7.49024699e-01 8.37504950e-01 9.01919745e-01 9.46059128e-01 9.74599398e-01 9.92049536e-01 1.00215979e+00 1.00772342e+00 1.01063914e+00 1.01209875e+00 1.01279909e+00 1.01312238e+00 1.01326658e+00 1.01332906e+00 1.01335552e+00 1.01336658e+00 1.01337119e+00 1.01337311e+00 1.01337387e+00 1.01337404e+00 1.01337375e+00 1.01337278e+00 1.01337039e+00 1.01336465e+00 1.01335089e+00 1.01331803e+00 1.01324083e+00 1.01306386e+00 1.01267031e+00 1.01182566e+00 1.01008324e+00 1.00664118e+00 1.00015117e+00 9.88505623e-01 9.68670171e-01 9.36672959e-01 8.87890076e-01 8.17750067e-01 7.22899711e-01 6.02727769e-01 4.60986838e-01 3.07234216e-01 1.58160070e-01 4.00967157e-02 5.99629515e-03 9.30667419e-02 2.30744115e-01 3.84753403e-01 5.34107171e-01 6.65864920e-01 7.73535474e-01 8.55744441e-01 9.14678149e-01 9.54471479e-01 9.79839455e-01 9.95139545e-01 1.00388868e+00 1.00864362e+00 1.01110643e+00 1.01232590e+00 1.01290517e+00 1.01317017e+00 1.01328746e+00 1.01333795e+00 1.01335925e+00 1.01336814e+00 1.01337184e+00 1.01337338e+00 1.01337396e+00 1.01337401e+00 1.01337359e+00 1.01337236e+00 1.01336938e+00 1.01336225e+00 1.01334512e+00 1.01330436e+00 1.01320913e+00 1.01299235e+00 1.01251435e+00 1.01149815e+00 1.00942376e+00 1.00537218e+00 9.97824951e-01 9.84454610e-01 9.61984295e-01 9.26237741e-01 8.72519885e-01 7.96437468e-01 6.95170669e-01 5.69050432e-01 4.23155850e-01 2.68695092e-01 1.24418509e-01 2.01088896e-02 2.01088896e-02 1.24418509e-01 2.68695092e-01 4.23155850e-01 5.69050432e-01 6.95170669e-01 7.96437468e-01 8.72519885e-01 9.26237741e-01 9.61984295e-01 9.84454610e-01 9.97824951e-01 1.00537218e+00 1.00942376e+00 1.01149815e+00 1.01251435e+00 1.01299235e+00 1.01320913e+00 1.01330436e+00 1.01334512e+00 1.01336225e+00 1.01336938e+00 1.01337236e+00 1.01337359e+00 1.01337401e+00 1.01337396e+00 1.01337338e+00 1.01337184e+00 1.01336814e+00 1.01335925e+00 1.01333795e+00 1.01328746e+00 1.01317017e+00 1.01290517e+00 1.01232590e+00 1.01110643e+00 1.00864362e+00 1.00388868e+00 9.95139545e-01 9.79839455e-01 9.54471479e-01 9.14678149e-01 8.55744441e-01 7.73535474e-01 6.65864920e-01 5.34107171e-01 3.84753403e-01 2.30744115e-01 9.30667419e-02 5.99629515e-03 4.00967157e-02 1.58160070e-01 3.07234216e-01 4.60986838e-01 6.02727769e-01 7.22899711e-01 8.17750067e-01 8.87890076e-01 9.36672959e-01 9.68670171e-01 9.88505623e-01 1.00015117e+00 1.00664118e+00 1.01008324e+00 1.01182566e+00 1.01267031e+00 1.01306386e+00 1.01324083e+00 1.01331803e+00 1.01335089e+00 1.01336465e+00 1.01337039e+00 1.01337278e+00 1.01337375e+00 1.01337404e+00 1.01337387e+00 1.01337311e+00 1.01337119e+00 1.01336658e+00 1.01335552e+00 1.01332906e+00 1.01326658e+00 1.01312238e+00 1.01279909e+00 1.01209875e+00 1.01063914e+00 1.00772342e+00 1.00215979e+00 9.92049536e-01 9.74599398e-01 9.46059128e-01 9.01919745e-01 8.37504950e-01 7.49024699e-01 6.35028535e-01 4.98032679e-01 3.46021949e-01 1.93758905e-01 6.47175098e-02 -9.61027951e-16
-9.61027951e-16 6.52771764e-02 1.95286210e-01 3.48459650e-01 5.01081655e-01 6.38293138e-01 7.52130931e-01 8.40179096e-01 9.04019189e-01 9.47561935e-01 9.75569234e-01 9.92593841e-01 1.00239444e+00 1.00775019e+00 1.01053601e+00 1.01191952e+00 1.01257779e+00 1.01287900e+00 1.01301215e+00 1.01306930e+00 1.01309330e+00 1.01310324e+00 1.01310736e+00 1.01310906e+00 1.01310974e+00 1.01310989e+00 1.01310963e+00 1.01310877e+00 1.01310664e+00 1.01310151e+00 1.01308911e+00 1.01305925e+00 1.01298847e+00 1.01282469e+00 1.01245720e+00 1.01166159e+00 1.01000665e+00 1.00671162e+00 1.00045289e+00 9.89145284e-01 9.69764200e-01 9.38321580e-01 8.90139489e-01 8.20550816e-01 7.26076009e-01 6.05976073e-01 4.63918574e-01 3.09465590e-01 1.59437765e-01 4.04511972e-02 6.05203376e-03 9.38540139e-02 2.32516571e-01 3.87378033e-01 5.37248069e-01 6.69122056e-01 7.76554387e-01 8.58283133e-01 9.16626437e-01 9.55832664e-01 9.80691990e-01 9.95595846e-01 1.00406268e+00 1.00863160e+00 1.01098010e+00 1.01213360e+00 1.01267690e+00 1.01292326e+00 1.01303130e+00 1.01307739e+00 1.01309666e+00 1.01310463e+00 1.01310793e+00 1.01310930e+00 1.01310982e+00 1.01310987e+00 1.01310949e+00 1.01310840e+00 1.01310574e+00 1.01309935e+00 1.01308389e+00 1.01304677e+00 1.01295925e+00 1.01275818e+00 1.01231084e+00 1.01135162e+00 1.00937742e+00 1.00549156e+00 9.98200461e-01 9.85197031e-01 9.63208970e-01 9.28035277e-01 8.74916339e-01 7.99353851e-01 6.98397855e-01 5.72257704e-01 4.25945736e-01 2.70703578e-01 1.25447482e-01 2.02908218e-02 2.02908218e-02 1.25447482e-01 2.70703578e-01 4.25945736e-01 5.72257704e-01 6.98397855e-01 7.99353851e-01 8.74916339e-01 9.28035277e-01 9.63208970e-01 9.85197031e-01 9.98200461e-01 1.00549156e+00 1.00937742e+00 1.01135162e+00 1.01231084e+00 1.01275818e+00 1.01295925e+00 1.01304677e+00 1.01308389e+00 1.01309935e+00 1.01310574e+00 1.01310840e+00 1.01310949e+00 1.01310987e+00 1.01310982e+00 1.01310930e+00 1.01310793e+00 1.01310463e+00 1.01309666e+00 1.01307739e+00 1.01303130e+00 1.01292326e+00 1.01267690e+00 1.01213360e+00 1.01098010e+00 1.00863160e+00 1.00406268e+00 9.95595846e-01 9.80691990e-01 9.55832664e-01 9.16626437e-01 8.58283133e-01 7.76554387e-01 6.69122056e-01 5.37248069e-01 3.87378033e-01 2.32516571e-01 9.38540139e-02 6.05203376e-03 4.04511972e-02 1.59437765e-01 3.09465590e-01 4.63918574e-01 6.05976073e-01 7.26076009e-01 8.20550816e-01 8.90139489e-01 9.38321580e-01 9.69764200e-01 9.89145284e-01 1.00045289e+00 1.00671162e+00 1.01000665e+00 1.01166159e+00 1.01245720e+00 1.01282469e+00 1.01298847e+00 1.01305925e+00 1.01308911e+00 1.01310151e+00 1.01310664e+00 1.01310877e+00 1.01310963e+00 1.01310989e+00 1.01310974e+00 1.01310906e+00 1.01310736e+00 1.01310324e+00 1.01309330e+00 1.01306930e+00 1.01301215e+00 1.01287900e+00 1.01257779e+00 1.01191952e+00 1.01053601e+00 1.00775019e+00 1.00239444e+00 9.92593841e-01 9.75569234e-01 9.47561935e-01 9.04019189e-01 8.40179096e-01 7.52130931e-01 6.38293138e-01 5.01081655e-01 3.48459650e-01 1.95286210e-01 6.52771764e-02 -3.20342650e-16
-0.00000000e+00 6.58384091e-02 1.96815698e-01 3.50896481e-01 5.04122594e-01 6.41540025e-01 7.55210011e-01 8.42819500e-01 9.06082638e-01 9.49030906e-01 9.76510744e-01 9.93117062e-01 1.00261542e+00 1.00776976e+00 1.01043071e+00 1.01174165e+00 1.01236014e+00 1.01264067e+00 1.01276354e+00 1.01281580e+00 1.01283755e+00 1.01284648e+00 1.01285016e+00 1.01285167e+00 1.01285227e+00 1.01285241e+00 1.01285218e+00 1.01285141e+00 1.01284952e+00 1.01284493e+00 1.01283377e+00 1.01280665e+00 1.01274178e+00 1.01259029e+00 1.01224727e+00 1.01149812e+00 1.00992678e+00 1.00677337e+00 1.00073913e+00 9.89761980e-01 9.70828296e-01 9.39935455e-01 8.92353036e-01 8.23319098e-01 7.29227335e-01 6.09209174e-01 4.66844393e-01 3.11697263e-01 1.60717766e-01 4.08067772e-02 6.10798054e-03 9.46432435e-02 2.34290845e-01 3.90000355e-01 5.40378649e-01 6.72358982e-01 7.79544153e-01 8.60787087e-01 9.18538881e-01 9.57161135e-01 9.81517913e-01 9.96032953e-01 1.00422473e+00 1.00861378e+00 1.01085261e+00 1.01194335e+00 1.01245271e+00 1.01268163e+00 1.01278111e+00 1.01282315e+00 1.01284057e+00 1.01284772e+00 1.01285067e+00 1.01285188e+00 1.01285234e+00 1.01285239e+00 1.01285205e+00 1.01285108e+00 1.01284872e+00 1.01284299e+00 1.01282904e+00 1.01279526e+00 1.01271486e+00 1.01252845e+00 1.01210997e+00 1.01120485e+00 1.00932657e+00 1.00560067e+00 9.98558654e-01 9.85914637e-01 9.64402241e-01 9.29797391e-01 8.77277345e-01 8.02239305e-01 7.01602397e-01 5.75452254e-01 4.28731623e-01 2.72713259e-01 1.26478674e-01 2.04733725e-02 2.04733725e-02 1.26478674e-01 2.72713259e-01 4.28731623e-01 5.75452254e-01 7.01602397e-01 8.02239305e-01 8.77277345e-01 9.29797391e-01 9.64402241e-01 9.85914637e-01 9.98558654e-01 1.00560067e+00 1.00932657e+00 1.01120485e+00 1.01210997e+00 1.01252845e+00 1.01271486e+00 1.01279526e+00 1.01282904e+00 1.01284299e+00 1.01284872e+00 1.01285108e+00 1.01285205e+00 1.01285239e+00 1.01285234e+00 1.01285188e+00 1.01285067e+00 1.01284772e+00 1.01284057e+00 1.01282315e+00 1.01278111e+00 1.01268163e+00 1.01245271e+00 1.01194335e+00 1.01085261e+00 1.00861378e+00 1.00422473e+00 9.96032953e-01 9.81517913e-01 9.57161135e-01 9.18538881e-01 8.60787087e-01 7.79544153e-01 6.72358982e-01 5.40378649e-01 3.90000355e-01 2.34290845e-01 9.46432435e-02 6.10798054e-03 4.08067772e-02 1.60717766e-01 3.11697263e-01 4.66844393e-01 6.09209174e-01 7.29227335e-01 8.23319098e-01 8.92353036e-01 9.39935455e-01 9.70828296e-01 9.89761980e-01 1.00073913e+00 1.00677337e+00 1.00992678e+00 1.01149812e+00 1.01224727e+00 1.01259029e+00 1.01274178e+00 1.01280665e+00 1.01283377e+00 1.01284493e+00 1.01284952e+00 1.01285141e+00 1.01285218e+00 1.01285241e+00 1.01285227e+00 1.01285167e+00 1.01285016e+00 1.01284648e+00 1.01283755e+00 1.01281580e+00 1.01276354e+00 1.01264067e+00 1.01236014e+00 1.01174165e+00 1.01043071e+00 1.00776976e+00 1.00261542e+00 9.93117062e-01 9.76510744e-01 9.49030906e-01 9.06082638e-01 8.42819500e-01 7.55210011e-01 6.41540025e-01 5.04122594e-01 3.50896481e-01 1.96815698e-01 6.58384091e-02 -0.00000000e+00
-0.00000000e+00 6.64011524e-02 1.98347194e-01 3.53332104e-01 5.07155000e-01 6.44768612e-01 7.58261385e-01 8.45425763e-01 9.08109926e-01 9.50466118e-01 9.77424193e-01 9.93619561e-01 1.00282309e+00 1.00778243e+00 1.01032342e+00 1.01156522e+00 1.01214613e+00 1.01240728e+00 1.01252063e+00 1.01256839e+00 1.01258808e+00 1.01259611e+00 1.01259939e+00 1.01260074e+00 1.01260128e+00 1.01260140e+00 1.01260119e+00 1.01260051e+00 1.01259882e+00 1.01259472e+00 1.01258467e+00 1.01256006e+00 1.01250064e+00 1.01236057e+00 1.01204052e+00 1.01133537e+00 1.00984383e+00 1.00682674e+00 1.00101028e+00 9.90356057e-01 9.71862685e-01 9.41514604e-01 8.94530490e-01 8.26054465e-01 7.32353115e-01 6.12426497e-01 4.69763833e-01 3.13928941e-01 1.61999933e-01 4.11634213e-02 6.16413035e-03 9.54343502e-02 2.36066726e-01 3.92619990e-01 5.43498383e-01 6.75575106e-01 7.82504243e-01 8.63255957e-01 9.20415379e-01 9.58457024e-01 9.82317523e-01 9.96451236e-01 1.00437520e+00 1.00859043e+00 1.01072412e+00 1.01175518e+00 1.01223255e+00 1.01244518e+00 1.01253673e+00 1.01257506e+00 1.01259081e+00 1.01259722e+00 1.01259985e+00 1.01260093e+00 1.01260134e+00 1.01260138e+00 1.01260108e+00 1.01260021e+00 1.01259811e+00 1.01259298e+00 1.01258040e+00 1.01254967e+00 1.01247585e+00 1.01230310e+00 1.01191177e+00 1.01105798e+00 1.00927148e+00 1.00569984e+00 9.98899903e-01 9.86607751e-01 9.65564289e-01 9.31524043e-01 8.79602616e-01 8.05093340e-01 7.04783707e-01 5.78633527e-01 4.31513092e-01 2.74723881e-01 1.27511977e-01 2.06565246e-02 2.06565246e-02 1.27511977e-01 2.74723881e-01 4.31513092e-01 5.78633527e-01 7.04783707e-01 8.05093340e-01 8.79602616e-01 9.31524043e-01 9.65564289e-01 9.86607751e-01 9.98899903e-01 1.00569984e+00 1.00927148e+00 1.01105798e+00 1.01191177e+00 1.01230310e+00 1.01247585e+00 1.01254967e+00 1.01258040e+00 1.01259298e+00 1.01259811e+00 1.01260021e+00 1.01260108e+00 1.01260138e+00 1.01260134e+00 1.01260093e+00 1.01259985e+00 1.01259722e+00 1.01259081e+00 1.01257506e+00 1.01253673e+00 1.01244518e+00 1.01223255e+00 1.01175518e+00 1.01072412e+00 1.00859043e+00 1.00437520e+00 9.96451236e-01 9.82317523e-01 9.58457024e-01 9.20415379e-01 8.63255957e-01 7.82504243e-01 6.75575106e-01 5.43498383e-01 3.92619990e-01 2.36066726e-01 9.54343502e-02 6.16413035e-03 4.11634213e-02 1.61999933e-01 3.13928941e-01 4.69763833e-01 6.12426497e-01 7.32353115e-01 8.26054465e-01 8.94530490e-01 9.41514604e-01 9.71862685e-01 9.90356057e-01 1.00101028e+00 1.00682674e+00 1.00984383e+00 1.01133537e+00 1.01204052e+00 1.01236057e+00 1.01250064e+00 1.01256006e+00 1.01258467e+00 1.01259472e+00 1.01259882e+00 1.01260051e+00 1.01260119e+00 1.01260140e+00 1.01260128e+00 1.01260074e+00 1.01259939e+00 1.01259611e+00 1.01258808e+00 1.01256839e+00 1.01252063e+00 1.01240728e+00 1.01214613e+00 1.01156522e+00 1.01032342e+00 1.00778243e+00 1.00282309e+00 9.93619561e-01 9.77424193e-01 9.50466118e-01 9.08109926e-01 8.45425763e-01 7.58261385e-01 6.44768612e-01 5.07155000e-01 3.53332104e-01 1.98347194e-01 6.64011524e-02 -0.00000000e+00
6.40685301e-16 6.69653507e-02 1.99880520e-01 3.55766176e-01 5.10178360e-01 6.47978283e-01 7.61284460e-01 8.47997444e-01 9.10100842e-01 9.51867602e-01 9.78309801e-01 9.94101658e-01 1.00301777e+00 1.00778846e+00 1.01021431e+00 1.01139030e+00 1.01193574e+00 1.01217877e+00 1.01228327e+00 1.01232690e+00 1.01234473e+00 1.01235194e+00 1.01235486e+00 1.01235607e+00 1.01235654e+00 1.01235665e+00 1.01235647e+00 1.01235586e+00 1.01235436e+00 1.01235069e+00 1.01234165e+00 1.01231933e+00 1.01226492e+00 1.01213547e+00 1.01183696e+00 1.01117342e+00 1.00975801e+00 1.00687202e+00 1.00126666e+00 9.90927820e-01 9.72867548e-01 9.43058999e-01 8.96671578e-01 8.28756429e-01 7.35452738e-01 6.15627445e-01 4.72676422e-01 3.16160324e-01 1.63284125e-01 4.15210953e-02 6.22047802e-03 9.62272532e-02 2.37843996e-01 3.95236549e-01 5.46606723e-01 6.78769807e-01 7.85434095e-01 8.65689353e-01 9.22255781e-01 9.59720415e-01 9.83091074e-01 9.96851026e-01 1.00451440e+00 1.00856179e+00 1.01059478e+00 1.01156915e+00 1.01201639e+00 1.01221380e+00 1.01229802e+00 1.01233296e+00 1.01234718e+00 1.01235293e+00 1.01235527e+00 1.01235623e+00 1.01235660e+00 1.01235663e+00 1.01235636e+00 1.01235560e+00 1.01235372e+00 1.01234914e+00 1.01233780e+00 1.01230985e+00 1.01224210e+00 1.01208208e+00 1.01171626e+00 1.01091112e+00 1.00921236e+00 1.00578937e+00 9.99224542e-01 9.87276657e-01 9.66695248e-01 9.33215145e-01 8.81891818e-01 8.07915425e-01 7.07941167e-01 5.81800948e-01 4.34289709e-01 2.76735189e-01 1.28547281e-01 2.08402609e-02 2.08402609e-02 1.28547281e-01 2.76735189e-01 4.34289709e-01 5.81800948e-01 7.07941167e-01 8.07915425e-01 8.81891818e-01 9.33215145e-01 9.66695248e-01 9.87276657e-01 9.99224542e-01 1.00578937e+00 1.00921236e+00 1.01091112e+00 1.01171626e+00 1.01208208e+00 1.01224210e+00 1.01230985e+00 1.01233780e+00 1.01234914e+00 1.01235372e+00 1.01235560e+00 1.01235636e+00 1.01235663e+00 1.01235660e+00 1.01235623e+00 1.01235527e+00 1.01235293e+00 1.01234718e+00 1.01233296e+00 1.01229802e+00 1.01221380e+00 1.01201639e+00 1.01156915e+00 1.01059478e+00 1.00856179e+00 1.00451440e+00 9.96851026e-01 9.83091074e-01 9.59720415e-01 9.22255781e-01 8.65689353e-01 7.85434095e-01 6.78769807e-01 5.46606723e-01 3.95236549e-01 2.37843996e-01 9.62272532e-02 6.22047802e-03 4.15210953e-02 1.63284125e-01 3.16160324e-01 4.72676422e-01 6.15627445e-01 7.35452738e-01 8.28756429e-01 8.96671578e-01 9.43058999e-01 9.72867548e-01 9.90927820e-01 1.00126666e+00 1.00687202e+00 1.00975801e+00 1.01117342e+00 1.01183696e+00 1.01213547e+00 1.01226492e+00 1.01231933e+00 1.01234165e+00 1.01235069e+00 1.01235436e+00 1.01235586e+00 1.01235647e+00 1.01235665e+00 1.01235654e+00 1.01235607e+00 1.01235486e+00 1.01235194e+00 1.01234473e+00 1.01232690e+00 1.01228327e+00 1.01217877e+00 1.01193574e+00 1.01139030e+00 1.01021431e+00 1.00778846e+00 1.00301777e+00 9.94101658e-01 9.78309801e-01 9.51867602e-01 9.10100842e-01 8.47997444e-01 7.61284460e-01 6.47978283e-01 5.10178360e-01 3.55766176e-01 1.99880520e-01 6.69653507e-02 -3.20342650e-16
3.20342650e-16 6.75309495e-02 2.01415499e-01 3.58198350e-01 5.13192150e-01 6.51168403e-01 7.64278616e-01 8.50534061e-01 9.12055129e-01 9.53235339e-01 9.79167740e-01 9.94563630e-01 1.00319977e+00 1.00778809e+00 1.01010353e+00 1.01121693e+00 1.01172893e+00 1.01195502e+00 1.01205134e+00 1.01209118e+00 1.01210731e+00 1.01211378e+00 1.01211639e+00 1.01211746e+00 1.01211789e+00 1.01211798e+00 1.01211782e+00 1.01211728e+00 1.01211594e+00 1.01211267e+00 1.01210454e+00 1.01208429e+00 1.01203449e+00 1.01191490e+00 1.01163657e+00 1.01101234e+00 1.00966949e+00 1.00690947e+00 1.00150857e+00 9.91477527e-01 9.73843015e-01 9.44568565e-01 8.98775983e-01 8.31424462e-01 7.38525567e-01 6.18811400e-01 4.75581675e-01 3.18391111e-01 1.64570201e-01 4.18797656e-02 6.27701852e-03 9.70218730e-02 2.39622442e-01 3.97849639e-01 5.49703107e-01 6.81942441e-01 7.88333109e-01 8.68086847e-01 9.24059893e-01 9.60951343e-01 9.83838772e-01 9.97232611e-01 1.00464262e+00 1.00852809e+00 1.01046471e+00 1.01138529e+00 1.01180418e+00 1.01198741e+00 1.01206485e+00 1.01209667e+00 1.01210951e+00 1.01211467e+00 1.01211675e+00 1.01211761e+00 1.01211794e+00 1.01211797e+00 1.01211773e+00 1.01211704e+00 1.01211537e+00 1.01211127e+00 1.01210105e+00 1.01207565e+00 1.01201350e+00 1.01186532e+00 1.01152346e+00 1.01076439e+00 1.00914940e+00 1.00586955e+00 9.99532868e-01 9.87921591e-01 9.67795205e-01 9.34870562e-01 8.84144578e-01 8.10704995e-01 7.11074129e-01 5.84953924e-01 4.37061036e-01 2.78746926e-01 1.29584478e-01 2.10245645e-02 2.10245645e-02 1.29584478e-01 2.78746926e-01 4.37061036e-01 5.84953924e-01 7.11074129e-01 8.10704995e-01 8.84144578e-01 9.34870562e-01 9.67795205e-01 9.87921591e-01 9.99532868e-01 1.00586955e+00 1.00914940e+00 1.01076439e+00 1.01152346e+00 1.01186532e+00 1.01201350e+00 1.01207565e+00 1.01210105e+00 1.01211127e+00 1.01211537e+00 1.01211704e+00 1.01211773e+00 1.01211797e+00 1.01211794e+00 1.01211761e+00 1.01211675e+00 1.01211467e+00 1.01210951e+00 1.01209667e+00 1.01206485e+00 1.01198741e+00 1.01180418e+00 1.01138529e+00 1.01046471e+00 1.00852809e+00 1.00464262e+00 9.97232611e-01 9.83838772e-01 9.60951343e-01 9.24059893e-01 8.68086847e-01 7.88333109e-01 6.81942441e-01 5.49703107e-01 3.97849639e-01 2.39622442e-01 9.70218730e-02 6.27701852e-03 4.18797656e-02 1.64570201e-01 3.18391111e-01 4.75581675e-01 6.18811400e-01 7.38525567e-01 8.31424462e-01 8.98775983e-01 9.44568565e-01 9.73843015e-01 9.91477527e-01 1.00150857e+00 1.00690947e+00 1.00966949e+00 1.01101234e+00 1.01163657e+00 1.01191490e+00 1.01203449e+00 1.01208429e+00 1.01210454e+00 1.01211267e+00 1.01211594e+00 1.01211728e+00 1.01211782e+00 1.01211798e+00 1.01211789e+00 1.01211746e+00 1.01211639e+00 1.01211378e+00 1.01210731e+00 1.01209118e+00 1.01205134e+00 1.01195502e+00 1.01172893e+00 1.01121693e+00 1.01010353e+00 1.00778809e+00 1.00319977e+00 9.94563630e-01 9.79167740e-01 9.53235339e-01 9.12055129e-01 8.50534061e-01 7.64278616e-01 6.51168403e-01 5.13192150e-01 3.58198350e-01 2.01415499e-01 6.75309495e-02 4.80513976e-16
6.40685301e-16 6.80978964e-02 2.02951962e-01 3.60628281e-01 5.16195841e-01 6.54338325e-01 7.67243208e-01 8.53035102e-01 9.13972489e-01 9.54569263e-01 9.79998131e-01 9.95005706e-01 1.00336933e+00 1.00778153e+00 1.00999121e+00 1.01104517e+00 1.01152568e+00 1.01173595e+00 1.01182470e+00 1.01186106e+00 1.01187565e+00 1.01188146e+00 1.01188379e+00 1.01188474e+00 1.01188512e+00 1.01188521e+00 1.01188506e+00 1.01188458e+00 1.01188338e+00 1.01188046e+00 1.01187315e+00 1.01185480e+00 1.01180924e+00 1.01169880e+00 1.01143934e+00 1.01085221e+00 1.00957841e+00 1.00693931e+00 1.00173625e+00 9.92005391e-01 9.74789169e-01 9.46043179e-01 9.00843349e-01 8.34058009e-01 7.41570942e-01 6.21977732e-01 4.78479107e-01 3.20621004e-01 1.65858024e-01 4.22394002e-02 6.33374703e-03 9.78181333e-02 2.41401853e-01 4.00458868e-01 5.52786969e-01 6.85092348e-01 7.91200665e-01 8.70447973e-01 9.25827474e-01 9.62149796e-01 9.84560775e-01 9.97596233e-01 1.00476010e+00 1.00848951e+00 1.01033402e+00 1.01120361e+00 1.01159586e+00 1.01176588e+00 1.01183706e+00 1.01186605e+00 1.01187763e+00 1.01188225e+00 1.01188411e+00 1.01188487e+00 1.01188516e+00 1.01188519e+00 1.01188498e+00 1.01188437e+00 1.01188288e+00 1.01187921e+00 1.01187001e+00 1.01184693e+00 1.01178994e+00 1.01165276e+00 1.01133336e+00 1.01061786e+00 1.00908278e+00 1.00594059e+00 9.99825129e-01 9.88542739e-01 9.68864197e-01 9.36490114e-01 8.86360483e-01 8.13461457e-01 7.14181931e-01 5.88091853e-01 4.39826633e-01 2.80758838e-01 1.30623463e-01 2.12094195e-02 2.12094195e-02 1.30623463e-01 2.80758838e-01 4.39826633e-01 5.88091853e-01 7.14181931e-01 8.13461457e-01 8.86360483e-01 9.36490114e-01 9.68864197e-01 9.88542739e-01 9.99825129e-01 1.00594059e+00 1.00908278e+00 1.01061786e+00 1.01133336e+00 1.01165276e+00 1.01178994e+00 1.01184693e+00 1.01187001e+00 1.01187921e+00 1.01188288e+00 1.01188437e+00 1.01188498e+00 1.01188519e+00 1.01188516e+00 1.01188487e+00 1.01188411e+00 1.01188225e+00 1.01187763e+00 1.01186605e+00 1.01183706e+00 1.01176588e+00 1.01159586e+00 1.01120361e+00 1.01033402e+00 1.00848951e+00 1.00476010e+00 9.97596233e-01 9.84560775e-01 9.62149796e-01 9.25827474e-01 8.70447973e-01 7.91200665e-01 6.85092348e-01 5.52786969e-01 4.00458868e-01 2.41401853e-01 9.78181333e-02 6.33374703e-03 4.22394002e-02 1.65858024e-01 3.20621004e-01 4.78479107e-01 6.21977732e-01 7.41570942e-01 8.34058009e-01 9.00843349e-01 9.46043179e-01 9.74789169e-01 9.92005391e-01 1.00173625e+00 1.00693931e+00 1.00957841e+00 1.01085221e+00 1.01143934e+00 1.01169880e+00 1.01180924e+00 1.01185480e+00 1.01187315e+00 1.01188046e+00 1.01188338e+00 1.01188458e+00 1.01188506e+00 1.01188521e+00 1.01188512e+00 1.01188474e+00 1.01188379e+00 1.01188146e+00 1.01187565e+00 1.01186106e+00 1.01182470e+00 1.01173595e+00 1.01152568e+00 1.01104517e+00 1.00999121e+00 1.00778153e+00 1.00336933e+00 9.95005706e-01 9.79998131e-01 9.54569263e-01 9.13972489e-01 8.53035102e-01 7.67243208e-01 6.54338325e-01 5.16195841e-01 3.60628281e-01 2.02951962e-01 6.80978964e-02 1.12119928e-15
-3.20342650e-16 6.86661431e-02 2.04489743e-01 3.63055633e-01 5.19188909e-01 6.57487400e-01 7.70177579e-01 8.55500028e-01 9.15852587e-01 9.55869263e-01 9.80801047e-01 9.95428066e-01 1.00352665e+00 1.00776895e+00 1.00987746e+00 1.01087503e+00 1.01132594e+00 1.01152147e+00 1.01160323e+00 1.01163640e+00 1.01164959e+00 1.01165480e+00 1.01165688e+00 1.01165773e+00 1.01165807e+00 1.01165815e+00 1.01165801e+00 1.01165758e+00 1.01165652e+00 1.01165391e+00 1.01164734e+00 1.01163071e+00 1.01158905e+00 1.01148706e+00 1.01124523e+00 1.01069307e+00 1.00948491e+00 1.00696173e+00 1.00194993e+00 9.92511570e-01 9.75706041e-01 9.47482677e-01 9.02873285e-01 8.36656493e-01 7.44588198e-01 6.25125816e-01 4.81368239e-01 3.22849715e-01 1.67147467e-01 4.25999695e-02 6.39065916e-03 9.86159628e-02 2.43182026e-01 4.03063851e-01 5.55857744e-01 6.88218864e-01 7.94036123e-01 8.72772239e-01 9.27558247e-01 9.63315714e-01 9.85257189e-01 9.97942087e-01 1.00486704e+00 1.00844621e+00 1.01020278e+00 1.01102412e+00 1.01139139e+00 1.01154912e+00 1.01161454e+00 1.01164092e+00 1.01165137e+00 1.01165550e+00 1.01165717e+00 1.01165785e+00 1.01165811e+00 1.01165813e+00 1.01165794e+00 1.01165740e+00 1.01165607e+00 1.01165279e+00 1.01164450e+00 1.01162354e+00 1.01157130e+00 1.01144433e+00 1.01114595e+00 1.01047159e+00 1.00901264e+00 1.00600271e+00 1.00010153e+00 9.89140238e-01 9.69902210e-01 9.38073580e-01 8.88539089e-01 8.16184200e-01 7.17263904e-01 5.91214137e-01 4.42586068e-01 2.82770682e-01 1.31664138e-01 2.13948111e-02 2.13948111e-02 1.31664138e-01 2.82770682e-01 4.42586068e-01 5.91214137e-01 7.17263904e-01 8.16184200e-01 8.88539089e-01 9.38073580e-01 9.69902210e-01 9.89140238e-01 1.00010153e+00 1.00600271e+00 1.00901264e+00 1.01047159e+00 1.01114595e+00 1.01144433e+00 1.01157130e+00 1.01162354e+00 1.01164450e+00 1.01165279e+00 1.01165607e+00 1.01165740e+00 1.01165794e+00 1.01165813e+00 1.01165811e+00 1.01165785e+00 1.01165717e+00 1.01165550e+00 1.01165137e+00 1.01164092e+00 1.01161454e+00 1.01154912e+00 1.01139139e+00 1.01102412e+00 1.01020278e+00 1.00844621e+00 1.00486704e+00 9.97942087e-01 9.85257189e-01 9.63315714e-01 9.27558247e-01 8.72772239e-01 7.94036123e-01 6.88218864e-01 5.55857744e-01 4.03063851e-01 2.43182026e-01 9.86159628e-02 6.39065916e-03 4.25999695e-02 1.67147467e-01 3.22849715e-01 4.81368239e-01 6.25125816e-01 7.44588198e-01 8.36656493e-01 9.02873285e-01 9.47482677e-01 9.75706041e-01 9.92511570e-01 1.00194993e+00 1.00696173e+00 1.00948491e+00 1.01069307e+00 1.01124523e+00 1.01148706e+00 1.01158905e+00 1.01163071e+00 1.01164734e+00 1.01165391e+00 1.01165652e+00 1.01165758e+00 1.01165801e+00 1.01165815e+00 1.01165807e+00 1.01165773e+00 1.01165688e+00 1.01165480e+00 1.01164959e+00 1.01163640e+00 1.01160323e+00 1.01152147e+00 1.01132594e+00 1.01087503e+00 1.00987746e+00 1.00776895e+00 1.00352665e+00 9.95428066e-01 9.80801047e-01 9.55869263e-01 9.15852587e-01 8.55500028e-01 7.70177579e-01 6.57487400e-01 5.19188909e-01 3.63055633e-01 2.04489743e-01 6.86661431e-02 -0.00000000e+00
-3.20342650e-16 6.92356462e-02 2.06028693e-01 3.65480088e-01 5.22170848e-01 6.60614986e-01 7.73081073e-01 8.57928289e-01 9.17695060e-01 9.57135186e-01 9.81576509e-01 9.95830838e-01 1.00367190e+00 1.00775048e+00 1.00976235e+00 1.01070654e+00 1.01112966e+00 1.01131148e+00 1.01138678e+00 1.01141705e+00 1.01142897e+00 1.01143364e+00 1.01143550e+00 1.01143626e+00 1.01143656e+00 1.01143663e+00 1.01143651e+00 1.01143612e+00 1.01143517e+00 1.01143284e+00 1.01142694e+00 1.01141188e+00 1.01137378e+00 1.01127962e+00 1.01105422e+00 1.01053494e+00 1.00938907e+00 1.00697687e+00 1.00214976e+00 9.92996174e-01 9.76593615e-01 9.48886853e-01 9.04865378e-01 8.39219325e-01 7.47576670e-01 6.28255034e-01 4.84248608e-01 3.25076971e-01 1.68438411e-01 4.29614473e-02 6.44775103e-03 9.94152973e-02 2.44962775e-01 4.05664222e-01 5.58914884e-01 6.91321333e-01 7.96838844e-01 8.75059135e-01 9.29251902e-01 9.64448993e-01 9.85928070e-01 9.98270314e-01 1.00496361e+00 1.00839831e+00 1.01007107e+00 1.01084683e+00 1.01119069e+00 1.01133702e+00 1.01139713e+00 1.01142114e+00 1.01143057e+00 1.01143427e+00 1.01143575e+00 1.01143636e+00 1.01143659e+00 1.01143662e+00 1.01143644e+00 1.01143596e+00 1.01143477e+00 1.01143184e+00 1.01142438e+00 1.01140535e+00 1.01135746e+00 1.01123995e+00 1.01096121e+00 1.01032564e+00 1.00893908e+00 1.00605604e+00 1.00036222e+00 9.89714171e-01 9.70909187e-01 9.39620703e-01 8.90679934e-01 8.18872607e-01 7.20319382e-01 5.94320190e-01 4.45338925e-01 2.84782229e-01 1.32706415e-01 2.15807263e-02 2.15807263e-02 1.32706415e-01 2.84782229e-01 4.45338925e-01 5.94320190e-01 7.20319382e-01 8.18872607e-01 8.90679934e-01 9.39620703e-01 9.70909187e-01 9.89714171e-01 1.00036222e+00 1.00605604e+00 1.00893908e+00 1.01032564e+00 1.01096121e+00 1.01123995e+00 1.01135746e+00 1.01140535e+00 1.01142438e+00 1.01143184e+00 1.01143477e+00 1.01143596e+00 1.01143644e+00 1.01143662e+00 1.01143659e+00 1.01143636e+00 1.01143575e+00 1.01143427e+00 1.01143057e+00 1.01142114e+00 1.01139713e+00 1.01133702e+00 1.01119069e+00 1.01084683e+00 1.01007107e+00 1.00839831e+00 1.00496361e+00 9.98270314e-01 9.85928070e-01 9.64448993e-01 9.29251902e-01 8.75059135e-01 7.96838844e-01 6.91321333e-01 5.58914884e-01 4.05664222e-01 2.44962775e-01 9.94152973e-02 6.44775103e-03 4.29614473e-02 1.68438411e-01 3.25076971e-01 4.84248608e-01 6.28255034e-01 7.47576670e-01 8.39219325e-01 9.04865378e-01 9.48886853e-01 9.76593615e-01 9.92996174e-01 1.00214976e+00 1.00697687e+00 1.00938907e+00 1.01053494e+00 1.01105422e+00 1.01127962e+00 1.01137378e+00 1.01141188e+00 1.01142694e+00 1.01143284e+00 1.01143517e+00 1.01143612e+00 1.01143651e+00 1.01143663e+00 1.01143656e+00 1.01143626e+00 1.01143550e+00 1.01143364e+00 1.01142897e+00 1.01141705e+00 1.01138678e+00 1.01131148e+00 1.01112966e+00 1.01070654e+00 1.00976235e+00 1.00775048e+00 1.00367190e+00 9.95830838e-01 9.81576509e-01 9.57135186e-01 9.17695060e-01 8.57928289e-01 7.73081073e-01 6.60614986e-01 5.22170848e-01 3.65480088e-01 2.06028693e-01 6.92356462e-02 -0.00000000e+00
3.20342650e-16 6.98063692e-02 2.07568677e-01 3.67901349e-01 5.25141176e-01 6.63720470e-01 7.75953049e-01 8.60319335e-01 9.19499529e-01 9.58366844e-01 9.82324493e-01 9.96214098e-01 1.00380520e+00 1.00772623e+00 1.00964593e+00 1.01053968e+00 1.01093679e+00 1.01110588e+00 1.01117525e+00 1.01120285e+00 1.01121363e+00 1.01121782e+00 1.01121947e+00 1.01122015e+00 1.01122043e+00 1.01122049e+00 1.01122038e+00 1.01122004e+00 1.01121919e+00 1.01121710e+00 1.01121180e+00 1.01119816e+00 1.01116332e+00 1.01107637e+00 1.01086626e+00 1.01037784e+00 1.00929095e+00 1.00698483e+00 1.00233584e+00 9.93459261e-01 9.77451831e-01 9.50255474e-01 9.06819200e-01 8.41745925e-01 7.50535712e-01 6.31364796e-01 4.87119779e-01 3.27302521e-01 1.69730754e-01 4.33238117e-02 6.50501946e-03 1.00216082e-01 2.46743929e-01 4.08259638e-01 5.61957867e-01 6.94399123e-01 7.99608200e-01 8.77308148e-01 9.30908106e-01 9.65549490e-01 9.86573424e-01 9.98581007e-01 1.00504991e+00 1.00834591e+00 1.00993893e+00 1.01067171e+00 1.01099371e+00 1.01112948e+00 1.01118472e+00 1.01120656e+00 1.01121507e+00 1.01121838e+00 1.01121970e+00 1.01122025e+00 1.01122046e+00 1.01122048e+00 1.01122032e+00 1.01121989e+00 1.01121883e+00 1.01121620e+00 1.01120949e+00 1.01119222e+00 1.01114832e+00 1.01103955e+00 1.01077912e+00 1.01018003e+00 1.00886219e+00 1.00610071e+00 1.00060730e+00 9.90264574e-01 9.71885028e-01 9.41131200e-01 8.92782546e-01 8.21526069e-01 7.23347724e-01 5.97409453e-01 4.48084815e-01 2.86793271e-01 1.33750217e-01 2.17671544e-02 2.17671544e-02 1.33750217e-01 2.86793271e-01 4.48084815e-01 5.97409453e-01 7.23347724e-01 8.21526069e-01 8.92782546e-01 9.41131200e-01 9.71885028e-01 9.90264574e-01 1.00060730e+00 1.00610071e+00 1.00886219e+00 1.01018003e+00 1.01077912e+00 1.01103955e+00 1.01114832e+00 1.01119222e+00 1.01120949e+00 1.01121620e+00 1.01121883e+00 1.01121989e+00 1.01122032e+00 1.01122048e+00 1.01122046e+00 1.01122025e+00 1.01121970e+00 1.01121838e+00 1.01121507e+00 1.01120656e+00 1.01118472e+00 1.01112948e+00 1.01099371e+00 1.01067171e+00 1.00993893e+00 1.00834591e+00 1.00504991e+00 9.98581007e-01 9.86573424e-01 9.65549490e-01 9.30908106e-01 8.77308148e-01 7.99608200e-01 6.94399123e-01 5.61957867e-01 4.08259638e-01 2.46743929e-01 1.00216082e-01 6.50501946e-03 4.33238117e-02 1.69730754e-01 3.27302521e-01 4.87119779e-01 6.31364796e-01 7.50535712e-01 8.41745925e-01 9.06819200e-01 9.50255474e-01 9.77451831e-01 9.93459261e-01 1.00233584e+00 1.00698483e+00 1.00929095e+00 1.01037784e+00 1.01086626e+00 1.01107637e+00 1.01116332e+00 1.01119816e+00 1.01121180e+00 1.01121710e+00 1.01121919e+00 1.01122004e+00 1.01122038e+00 1.01122049e+00 1.01122043e+00 1.01122015e+00 1.01121947e+00 1.01121782e+00 1.01121363e+00 1.01120285e+00 1.01117525e+00 1.01110588e+00 1.01093679e+00 1.01053968e+00 1.00964593e+00 1.00772623e+00 1.00380520e+00 9.96214098e-01 9.82324493e-01 9.58366844e-01 9.19499529e-01 8.60319335e-01 7.75953049e-01 6.63720470e-01 5.25141176e-01 3.67901349e-01 2.07568677e-01 6.98063692e-02 -9.61027951e-16
-6.40685301e-16 7.03782839e-02 2.09109583e-01 3.70319154e-01 5.28099452e-01 6.66803277e-01 7.78792900e-01 8.62672632e-01 9.21265608e-01 9.59564022e-01 9.83044929e-01 9.96577871e-01 1.00392659e+00 1.00769624e+00 1.00952823e+00 1.01037443e+00 1.01074725e+00 1.01090458e+00 1.01096850e+00 1.01099368e+00 1.01100342e+00 1.01100718e+00 1.01100866e+00 1.01100927e+00 1.01100951e+00 1.01100957e+00 1.01100947e+00 1.01100916e+00 1.01100840e+00 1.01100654e+00 1.01100178e+00 1.01098942e+00 1.01095755e+00 1.01087724e+00 1.01068130e+00 1.01022176e+00 1.00919060e+00 1.00698568e+00 1.00250824e+00 9.93900837e-01 9.78280588e-01 9.51588282e-01 9.08734325e-01 8.44235731e-01 7.53464714e-01 6.34454554e-01 4.89981352e-01 3.29526146e-01 1.71024409e-01 4.36870461e-02 6.56246212e-03 1.01018274e-01 2.48525344e-01 4.10849792e-01 5.64986211e-01 6.97451640e-01 8.02343591e-01 8.79518776e-01 9.32526518e-01 9.66617031e-01 9.87193212e-01 9.98874203e-01 1.00512601e+00 1.00828904e+00 1.00980635e+00 1.01049872e+00 1.01080037e+00 1.01092639e+00 1.01097716e+00 1.01099705e+00 1.01100471e+00 1.01100768e+00 1.01100886e+00 1.01100935e+00 1.01100954e+00 1.01100956e+00 1.01100942e+00 1.01100903e+00 1.01100808e+00 1.01100573e+00 1.01099969e+00 1.01098401e+00 1.01094376e+00 1.01084304e+00 1.01059962e+00 1.01003475e+00 1.00878199e+00 1.00613678e+00 1.00083683e+00 9.90791432e-01 9.72829596e-01 9.42604771e-01 8.94846459e-01 8.24144004e-01 7.26348323e-01 6.00481409e-01 4.50823385e-01 2.88803628e-01 1.34795481e-01 2.19540874e-02 2.19540874e-02 1.34795481e-01 2.88803628e-01 4.50823385e-01 6.00481409e-01 7.26348323e-01 8.24144004e-01 8.94846459e-01 9.42604771e-01 9.72829596e-01 9.90791432e-01 1.00083683e+00 1.00613678e+00 1.00878199e+00 1.01003475e+00 1.01059962e+00 1.01084304e+00 1.01094376e+00 1.01098401e+00 1.01099969e+00 1.01100573e+00 1.01100808e+00 1.01100903e+00 1.01100942e+00 1.01100956e+00 1.01100954e+00 1.01100935e+00 1.01100886e+00 1.01100768e+00 1.01100471e+00 1.01099705e+00 1.01097716e+00 1.01092639e+00 1.01080037e+00 1.01049872e+00 1.00980635e+00 1.00828904e+00 1.00512601e+00 9.98874203e-01 9.87193212e-01 9.66617031e-01 9.32526518e-01 8.79518776e-01 8.02343591e-01 6.97451640e-01 5.64986211e-01 4.10849792e-01 2.48525344e-01 1.01018274e-01 6.56246212e-03 4.36870461e-02 1.71024409e-01 3.29526146e-01 4.89981352e-01 6.34454554e-01 7.53464714e-01 8.44235731e-01 9.08734325e-01 9.51588282e-01 9.78280588e-01 9.93900837e-01 1.00250824e+00 1.00698568e+00 1.00919060e+00 1.01022176e+00 1.01068130e+00 1.01087724e+00 1.01095755e+00 1.01098942e+00 1.01100178e+00 1.01100654e+00 1.01100840e+00 1.01100916e+00 1.01100947e+00 1.01100957e+00 1.01100951e+00 1.01100927e+00 1.01100866e+00 1.01100718e+00 1.01100342e+00 1.01099368e+00 1.01096850e+00 1.01090458e+00 1.01074725e+00 1.01037443e+00 1.00952823e+00 1.00769624e+00 1.00392659e+00 9.96577871e-01 9.83044929e-01 9.59564022e-01 9.21265608e-01 8.62672632e-01 7.78792900e-01 6.66803277e-01 5.28099452e-01 3.70319154e-01 2.09109583e-01 7.03782839e-02 -3.20342650e-16
3.20342650e-16 7.09513716e-02 2.10651322e-01 3.72733280e-01 5.31045286e-01 6.69862889e-01 7.81600069e-01 8.64987682e-01 9.22992923e-01 9.60726493e-01 9.83737715e-01 9.96922135e-01 1.00403610e+00 1.00766052e+00 1.00940922e+00 1.01021075e+00 1.01056098e+00 1.01070746e+00 1.01076640e+00 1.01078940e+00 1.01079820e+00 1.01080157e+00 1.01080290e+00 1.01080344e+00 1.01080366e+00 1.01080371e+00 1.01080363e+00 1.01080335e+00 1.01080267e+00 1.01080100e+00 1.01079672e+00 1.01078552e+00 1.01075636e+00 1.01068211e+00 1.01049926e+00 1.01006665e+00 1.00908800e+00 1.00697942e+00 1.00266695e+00 9.94320865e-01 9.79079755e-01 9.52885014e-01 9.10610344e-01 8.46688222e-01 7.56363120e-01 6.37523814e-01 4.92832979e-01 3.31747660e-01 1.72319312e-01 4.40511399e-02 6.62007762e-03 1.01821843e-01 2.50306905e-01 4.13434418e-01 5.67999487e-01 7.00478347e-01 8.05044469e-01 8.81690549e-01 9.34106799e-01 9.67651421e-01 9.87787355e-01 9.99149894e-01 1.00519192e+00 1.00822772e+00 1.00967331e+00 1.01032782e+00 1.01061058e+00 1.01072764e+00 1.01077434e+00 1.01079245e+00 1.01079936e+00 1.01080202e+00 1.01080308e+00 1.01080352e+00 1.01080369e+00 1.01080370e+00 1.01080358e+00 1.01080323e+00 1.01080238e+00 1.01080028e+00 1.01079484e+00 1.01078059e+00 1.01074366e+00 1.01065033e+00 1.01042265e+00 1.00988977e+00 1.00869850e+00 1.00616425e+00 1.00105080e+00 9.91294688e-01 9.73742731e-01 9.44041115e-01 8.96871232e-01 8.26725874e-01 7.29320630e-01 6.03535595e-01 4.53554327e-01 2.90813151e-01 1.35842162e-01 2.21415203e-02 2.21415203e-02 1.35842162e-01 2.90813151e-01 4.53554327e-01 6.03535595e-01 7.29320630e-01 8.26725874e-01 8.96871232e-01 9.44041115e-01 9.73742731e-01 9.91294688e-01 1.00105080e+00 1.00616425e+00 1.00869850e+00 1.00988977e+00 1.01042265e+00 1.01065033e+00 1.01074366e+00 1.01078059e+00 1.01079484e+00 1.01080028e+00 1.01080238e+00 1.01080323e+00 1.01080358e+00 1.01080370e+00 1.01080369e+00 1.01080352e+00 1.01080308e+00 1.01080202e+00 1.01079936e+00 1.01079245e+00 1.01077434e+00 1.01072764e+00 1.01061058e+00 1.01032782e+00 1.00967331e+00 1.00822772e+00 1.00519192e+00 9.99149894e-01 9.87787355e-01 9.67651421e-01 9.34106799e-01 8.81690549e-01 8.05044469e-01 7.00478347e-01 5.67999487e-01 4.13434418e-01 2.50306905e-01 1.01821843e-01 6.62007762e-03 4.40511399e-02 1.72319312e-01 3.31747660e-01 4.92832979e-01 6.37523814e-01 7.56363120e-01 8.46688222e-01 9.10610344e-01 9.52885014e-01 9.79079755e-01 9.94320865e-01 1.00266695e+00 1.00697942e+00 1.00908800e+00 1.01006665e+00 1.01049926e+00 1.01068211e+00 1.01075636e+00 1.01078552e+00 1.01079672e+00 1.01080100e+00 1.01080267e+00 1.01080335e+00 1.01080363e+00 1.01080371e+00 1.01080366e+00 1.01080344e+00 1.01080290e+00 1.01080157e+00 1.01079820e+00 1.01078940e+00 1.01076640e+00 1.01070746e+00 1.01056098e+00 1.01021075e+00 1.00940922e+00 1.00766052e+00 1.00403610e+00 9.96922135e-01 9.83737715e-01 9.60726493e-01 9.22992923e-01 8.64987682e-01 7.81600069e-01 6.69862889e-01 5.31045286e-01 3.72733280e-01 2.10651322e-01 7.09513716e-02 3.20342650e-16
-6.40685301e-16 7.15256241e-02 2.12193837e-01 3.75143551e-01 5.33978352e-01 6.72898861e-01 7.84374072e-01 8.67264041e-01 9.24681129e-01 9.61854027e-01 9.84402720e-01 9.97246822e-01 1.00413368e+00 1.00761905e+00 1.00928887e+00 1.01004857e+00 1.01037789e+00 1.01051443e+00 1.01056885e+00 1.01058986e+00 1.01059783e+00 1.01060085e+00 1.01060204e+00 1.01060253e+00 1.01060273e+00 1.01060277e+00 1.01060269e+00 1.01060244e+00 1.01060183e+00 1.01060034e+00 1.01059649e+00 1.01058634e+00 1.01055961e+00 1.01049090e+00 1.01032007e+00 1.00991245e+00 1.00898310e+00 1.00696602e+00 1.00281194e+00 9.94719264e-01 9.79849179e-01 9.54145413e-01 9.12446884e-01 8.49102939e-01 7.59230446e-01 6.40572155e-01 4.95674372e-01 3.33966924e-01 1.73615424e-01 4.44160895e-02 6.67786569e-03 1.02626773e-01 2.52088530e-01 4.16013306e-01 5.70997335e-01 7.03478781e-01 8.07710351e-01 8.83823043e-01 9.35648634e-01 9.68652461e-01 9.88355741e-01 9.99408021e-01 1.00524760e+00 1.00816189e+00 1.00953978e+00 1.01015893e+00 1.01042425e+00 1.01053311e+00 1.01057612e+00 1.01059263e+00 1.01059887e+00 1.01060126e+00 1.01060220e+00 1.01060260e+00 1.01060275e+00 1.01060277e+00 1.01060265e+00 1.01060233e+00 1.01060158e+00 1.01059969e+00 1.01059479e+00 1.01058184e+00 1.01054791e+00 1.01046132e+00 1.01024815e+00 1.00974504e+00 1.00861166e+00 1.00618309e+00 1.00124916e+00 9.91774247e-01 9.74624256e-01 9.45439947e-01 8.98856465e-01 8.29271204e-01 7.32264169e-01 6.06571617e-01 4.56277392e-01 2.92821731e-01 1.36890235e-01 2.23294519e-02 2.23294519e-02 1.36890235e-01 2.92821731e-01 4.56277392e-01 6.06571617e-01 7.32264169e-01 8.29271204e-01 8.98856465e-01 9.45439947e-01 9.74624256e-01 9.91774247e-01 1.00124916e+00 1.00618309e+00 1.00861166e+00 1.00974504e+00 1.01024815e+00 1.01046132e+00 1.01054791e+00 1.01058184e+00 1.01059479e+00 1.01059969e+00 1.01060158e+00 1.01060233e+00 1.01060265e+00 1.01060277e+00 1.01060275e+00 1.01060260e+00 1.01060220e+00 1.01060126e+00 1.01059887e+00 1.01059263e+00 1.01057612e+00 1.01053311e+00 1.01042425e+00 1.01015893e+00 1.00953978e+00 1.00816189e+00 1.00524760e+00 9.99408021e-01 9.88355741e-01 9.68652461e-01 9.35648634e-01 8.83823043e-01 8.07710351e-01 7.03478781e-01 5.70997335e-01 4.16013306e-01 2.52088530e-01 1.02626773e-01 6.67786569e-03 4.44160895e-02 1.73615424e-01 3.33966924e-01 4.95674372e-01 6.40572155e-01 7.59230446e-01 8.49102939e-01 9.12446884e-01 9.54145413e-01 9.79849179e-01 9.94719264e-01 1.00281194e+00 1.00696602e+00 1.00898310e+00 1.00991245e+00 1.01032007e+00 1.01049090e+00 1.01055961e+00 1.01058634e+00 1.01059649e+00 1.01060034e+00 1.01060183e+00 1.01060244e+00 1.01060269e+00 1.01060277e+00 1.01060273e+00 1.01060253e+00 1.01060204e+00 1.01060085e+00 1.01059783e+00 1.01058986e+00 1.01056885e+00 1.01051443e+00 1.01037789e+00 1.01004857e+00 1.00928887e+00 1.00761905e+00 1.00413368e+00 9.97246822e-01 9.84402720e-01 9.61854027e-01 9.24681129e-01 8.67264041e-01 7.84374072e-01 6.72898861e-01 5.33978352e-01 3.75143551e-01 2.12193837e-01 7.15256241e-02 -3.20342650e-16
4.80513976e-16 7.21010451e-02 2.13737099e-01 3.77549845e-01 5.36898400e-01 6.75910839e-01 7.87114512e-01 8.69501342e-01 9.26329930e-01 9.62946410e-01 9.85039797e-01 9.97551828e-01 1.00421925e+00 1.00757173e+00 1.00916708e+00 1.00988780e+00 1.01019787e+00 1.01032536e+00 1.01037570e+00 1.01039495e+00 1.01040216e+00 1.01040488e+00 1.01040594e+00 1.01040638e+00 1.01040656e+00 1.01040661e+00 1.01040653e+00 1.01040630e+00 1.01040576e+00 1.01040442e+00 1.01040096e+00 1.01039173e+00 1.01036720e+00 1.01030348e+00 1.01014363e+00 1.00975908e+00 1.00887583e+00 1.00694540e+00 1.00294312e+00 9.95095923e-01 9.80588700e-01 9.55369244e-01 9.14243628e-01 8.51479500e-01 7.62066301e-01 6.43599244e-01 4.98505312e-01 3.36183844e-01 1.74912732e-01 4.47818985e-02 6.73582721e-03 1.03433066e-01 2.53870173e-01 4.18586302e-01 5.73979475e-01 7.06452571e-01 8.10340842e-01 8.85915905e-01 9.37151748e-01 9.69619954e-01 9.88898239e-01 9.99648487e-01 1.00529298e+00 1.00809150e+00 1.00940566e+00 1.00999196e+00 1.01024128e+00 1.01034270e+00 1.01038239e+00 1.01039746e+00 1.01040310e+00 1.01040524e+00 1.01040609e+00 1.01040644e+00 1.01040659e+00 1.01040660e+00 1.01040649e+00 1.01040621e+00 1.01040553e+00 1.01040384e+00 1.01039942e+00 1.01038763e+00 1.01035640e+00 1.01027591e+00 1.01007601e+00 1.00960048e+00 1.00852140e+00 1.00619322e+00 1.00143182e+00 9.92229989e-01 9.75473995e-01 9.46801012e-01 9.00801823e-01 8.31779607e-01 7.35178557e-01 6.09589167e-01 4.58992394e-01 2.94829302e-01 1.37939696e-01 2.25178845e-02 2.25178845e-02 1.37939696e-01 2.94829302e-01 4.58992394e-01 6.09589167e-01 7.35178557e-01 8.31779607e-01 9.00801823e-01 9.46801012e-01 9.75473995e-01 9.92229989e-01 1.00143182e+00 1.00619322e+00 1.00852140e+00 1.00960048e+00 1.01007601e+00 1.01027591e+00 1.01035640e+00 1.01038763e+00 1.01039942e+00 1.01040384e+00 1.01040553e+00 1.01040621e+00 1.01040649e+00 1.01040660e+00 1.01040659e+00 1.01040644e+00 1.01040609e+00 1.01040524e+00 1.01040310e+00 1.01039746e+00 1.01038239e+00 1.01034270e+00 1.01024128e+00 1.00999196e+00 1.00940566e+00 1.00809150e+00 1.00529298e+00 9.99648487e-01 9.88898239e-01 9.69619954e-01 9.37151748e-01 8.85915905e-01 8.10340842e-01 7.06452571e-01 5.73979475e-01 4.18586302e-01 2.53870173e-01 1.03433066e-01 6.73582721e-03 4.47818985e-02 1.74912732e-01 3.36183844e-01 4.98505312e-01 6.43599244e-01 7.62066301e-01 8.51479500e-01 9.14243628e-01 9.55369244e-01 9.80588700e-01 9.95095923e-01 1.00294312e+00 1.00694540e+00 1.00887583e+00 1.00975908e+00 1.01014363e+00 1.01030348e+00 1.01036720e+00 1.01039173e+00 1.01040096e+00 1.01040442e+00 1.01040576e+00 1.01040630e+00 1.01040653e+00 1.01040661e+00 1.01040656e+00 1.01040638e+00 1.01040594e+00 1.01040488e+00 1.01040216e+00 1.01039495e+00 1.01037570e+00 1.01032536e+00 1.01019787e+00 1.00988780e+00 1.00916708e+00 1.00757173e+00 1.00421925e+00 9.97551828e-01 9.85039797e-01 9.62946410e-01 9.26329930e-01 8.69501342e-01 7.87114512e-01 6.75910839e-01 5.36898400e-01 3.77549845e-01 2.13737099e-01 7.21010451e-02 1.60171325e-16
-0.00000000e+00 7.26776503e-02 2.15281117e-01 3.79952103e-01 5.39805267e-01 6.78898574e-01 7.89821106e-01 8.71699315e-01 9.27939100e-01 9.64003465e-01 9.85648801e-01 9.97837019e-01 1.00429268e+00 1.00751843e+00 1.00904373e+00 1.00972832e+00 1.01002082e+00 1.01014016e+00 1.01018685e+00 1.01020452e+00 1.01021107e+00 1.01021352e+00 1.01021447e+00 1.01021487e+00 1.01021503e+00 1.01021507e+00 1.01021501e+00 1.01021480e+00 1.01021431e+00 1.01021311e+00 1.01020999e+00 1.01020158e+00 1.01017900e+00 1.01011975e+00 1.00996981e+00 1.00960641e+00 1.00876605e+00 1.00691743e+00 1.00306035e+00 9.95450705e-01 9.81298166e-01 9.56556317e-01 9.16000339e-01 8.53817628e-01 7.64870405e-01 6.46604849e-01 5.01325661e-01 3.38398382e-01 1.76211249e-01 4.51485784e-02 6.79396430e-03 1.04240741e-01 2.55651832e-01 4.21153320e-01 5.76945717e-01 7.09399455e-01 8.12935659e-01 8.87968875e-01 9.38615925e-01 9.70553732e-01 9.89414705e-01 9.99871158e-01 1.00532791e+00 1.00801639e+00 1.00927082e+00 1.00982680e+00 1.01006155e+00 1.01015628e+00 1.01019301e+00 1.01020681e+00 1.01021192e+00 1.01021385e+00 1.01021461e+00 1.01021493e+00 1.01021505e+00 1.01021507e+00 1.01021497e+00 1.01021471e+00 1.01021410e+00 1.01021259e+00 1.01020859e+00 1.01019782e+00 1.01016900e+00 1.01009398e+00 1.00990612e+00 1.00945595e+00 1.00842760e+00 1.00619451e+00 1.00159865e+00 9.92661774e-01 9.76291787e-01 9.48124107e-01 9.02707056e-01 8.34250800e-01 7.38063519e-01 6.12588034e-01 4.61699222e-01 2.96835843e-01 1.38990562e-01 2.27068248e-02 2.27068248e-02 1.38990562e-01 2.96835843e-01 4.61699222e-01 6.12588034e-01 7.38063519e-01 8.34250800e-01 9.02707056e-01 9.48124107e-01 9.76291787e-01 9.92661774e-01 1.00159865e+00 1.00619451e+00 1.00842760e+00 1.00945595e+00 1.00990612e+00 1.01009398e+00 1.01016900e+00 1.01019782e+00 1.01020859e+00 1.01021259e+00 1.01021410e+00 1.01021471e+00 1.01021497e+00 1.01021507e+00 1.01021505e+00 1.01021493e+00 1.01021461e+00 1.01021385e+00 1.01021192e+00 1.01020681e+00 1.01019301e+00 1.01015628e+00 1.01006155e+00 1.00982680e+00 1.00927082e+00 1.00801639e+00 1.00532791e+00 9.99871158e-01 9.89414705e-01 9.70553732e-01 9.38615925e-01 8.87968875e-01 8.12935659e-01 7.09399455e-01 5.76945717e-01 4.21153320e-01 2.55651832e-01 1.04240741e-01 6.79396430e-03 4.51485784e-02 1.76211249e-01 3.38398382e-01 5.01325661e-01 6.46604849e-01 7.64870405e-01 8.53817628e-01 9.16000339e-01 9.56556317e-01 9.81298166e-01 9.95450705e-01 1.00306035e+00 1.00691743e+00 1.00876605e+00 1.00960641e+00 1.00996981e+00 1.01011975e+00 1.01017900e+00 1.01020158e+00 1.01020999e+00 1.01021311e+00 1.01021431e+00 1.01021480e+00 1.01021501e+00 1.01021507e+00 1.01021503e+00 1.01021487e+00 1.01021447e+00 1.01021352e+00 1.01021107e+00 1.01020452e+00 1.01018685e+00 1.01014015e+00 1.01002082e+00 1.00972832e+00 1.00904373e+00 1.00751843e+00 1.00429268e+00 9.97837019e-01 9.85648801e-01 9.64003465e-01 9.27939100e-01 8.71699315e-01 7.89821106e-01 6.78898574e-01 5.39805267e-01 3.79952103e-01 2.15281117e-01 7.26776503e-02 -3.20342650e-16
3.20342650e-16 7.32554680e-02 2.16825934e-01 3.82350326e-01 5.42698884e-01 6.81861937e-01 7.92493697e-01 8.73857806e-01 9.29508502e-01 9.65025063e-01 9.86229597e-01 9.98102241e-01 1.00435379e+00 1.00745900e+00 1.00891866e+00 1.00956999e+00 1.00984659e+00 1.00995867e+00 1.01000217e+00 1.01001846e+00 1.01002443e+00 1.01002664e+00 1.01002750e+00 1.01002785e+00 1.01002800e+00 1.01002804e+00 1.01002798e+00 1.01002779e+00 1.01002735e+00 1.01002627e+00 1.01002345e+00 1.01001576e+00 1.00999489e+00 1.00993957e+00 1.00979849e+00 1.00945430e+00 1.00865361e+00 1.00688194e+00 1.00316348e+00 9.95783463e-01 9.81977445e-01 9.57706505e-01 9.17716875e-01 8.56117169e-01 7.67642604e-01 6.49588854e-01 5.04135371e-01 3.40610556e-01 1.77511020e-01 4.55161485e-02 6.85228031e-03 1.05049833e-01 2.57433543e-01 4.23714348e-01 5.79895976e-01 7.12319292e-01 8.15494643e-01 8.89981803e-01 9.40041034e-01 9.71453667e-01 9.89905003e-01 1.00007588e+00 1.00535223e+00 1.00793641e+00 1.00913511e+00 1.00966329e+00 1.00988493e+00 1.00997374e+00 1.01000786e+00 1.01002055e+00 1.01002520e+00 1.01002693e+00 1.01002762e+00 1.01002791e+00 1.01002802e+00 1.01002803e+00 1.01002795e+00 1.01002771e+00 1.01002716e+00 1.01002580e+00 1.01002218e+00 1.01001230e+00 1.00998559e+00 1.00991541e+00 1.00973833e+00 1.00931131e+00 1.00833007e+00 1.00618679e+00 1.00174949e+00 9.93069459e-01 9.77077504e-01 9.49409103e-01 9.04572018e-01 8.36684624e-01 7.40918909e-01 6.15568115e-01 4.64397845e-01 2.98841384e-01 1.40042876e-01 2.28962831e-02 2.28962831e-02 1.40042876e-01 2.98841384e-01 4.64397845e-01 6.15568115e-01 7.40918909e-01 8.36684624e-01 9.04572018e-01 9.49409103e-01 9.77077504e-01 9.93069459e-01 1.00174949e+00 1.00618679e+00 1.00833007e+00 1.00931131e+00 1.00973833e+00 1.00991541e+00 1.00998559e+00 1.01001230e+00 1.01002218e+00 1.01002580e+00 1.01002716e+00 1.01002771e+00 1.01002795e+00 1.01002803e+00 1.01002802e+00 1.01002791e+00 1.01002762e+00 1.01002693e+00 1.01002520e+00 1.01002055e+00 1.01000786e+00 1.00997374e+00 1.00988493e+00 1.00966329e+00 1.00913511e+00 1.00793641e+00 1.00535223e+00 1.00007588e+00 9.89905003e-01 9.71453667e-01 9.40041034e-01 8.89981803e-01 8.15494643e-01 7.12319292e-01 5.79895976e-01 4.23714348e-01 2.57433543e-01 1.05049833e-01 6.85228031e-03 4.55161485e-02 1.77511020e-01 3.40610556e-01 5.04135371e-01 6.49588854e-01 7.67642604e-01 8.56117169e-01 9.17716875e-01 9.57706505e-01 9.81977445e-01 9.95783463e-01 1.00316348e+00 1.00688194e+00 1.00865361e+00 1.00945430e+00 1.00979849e+00 1.00993957e+00 1.00999489e+00 1.01001576e+00 1.01002345e+00 1.01002627e+00 1.01002735e+00 1.01002779e+00 1.01002798e+00 1.01002804e+00 1.01002800e+00 1.01002785e+00 1.01002750e+00 1.01002664e+00 1.01002443e+00 1.01001846e+00 1.01000217e+00 1.00995867e+00 1.00984659e+00 1.00956999e+00 1.00891866e+00 1.00745900e+00 1.00435379e+00 9.98102241e-01 9.86229597e-01 9.65025063e-01 9.29508502e-01 8.73857806e-01 7.92493697e-01 6.81861937e-01 5.42698884e-01 3.82350326e-01 2.16825934e-01 7.32554680e-02 -6.40685301e-16
3.20342650e-16 7.38345387e-02 2.18371628e-01 3.84744585e-01 5.45579284e-01 6.84800929e-01 7.95132275e-01 8.75976801e-01 9.31038111e-01 9.66011152e-01 9.86782084e-01 9.98347339e-01 1.00440239e+00 1.00739319e+00 1.00879167e+00 1.00941262e+00 1.00967504e+00 1.00978079e+00 1.00982153e+00 1.00983663e+00 1.00984211e+00 1.00984411e+00 1.00984488e+00 1.00984521e+00 1.00984535e+00 1.00984538e+00 1.00984532e+00 1.00984515e+00 1.00984475e+00 1.00984378e+00 1.00984121e+00 1.00983415e+00 1.00981473e+00 1.00976282e+00 1.00962952e+00 1.00930257e+00 1.00853829e+00 1.00683870e+00 1.00325230e+00 9.96094053e-01 9.82626449e-01 9.58819765e-01 9.19393217e-01 8.58378107e-01 7.70382888e-01 6.52551266e-01 5.06934483e-01 3.42820442e-01 1.78812118e-01 4.58846358e-02 6.91077985e-03 1.05860396e-01 2.59215388e-01 4.26269448e-01 5.82830275e-01 7.15212080e-01 8.18017782e-01 8.91954674e-01 9.41427046e-01 9.72319698e-01 9.90369015e-01 1.00026247e+00 1.00536573e+00 1.00785133e+00 1.00899834e+00 1.00950128e+00 1.00971128e+00 1.00979493e+00 1.00982682e+00 1.00983856e+00 1.00984281e+00 1.00984438e+00 1.00984499e+00 1.00984526e+00 1.00984536e+00 1.00984537e+00 1.00984529e+00 1.00984508e+00 1.00984458e+00 1.00984335e+00 1.00984005e+00 1.00983095e+00 1.00980604e+00 1.00974005e+00 1.00957249e+00 1.00916637e+00 1.00822861e+00 1.00616984e+00 1.00188415e+00 9.93452916e-01 9.77831071e-01 9.50655965e-01 9.06396693e-01 8.39081068e-01 7.43744720e-01 6.18529426e-01 4.67088316e-01 3.00846006e-01 1.41096701e-01 2.30862739e-02 2.30862739e-02 1.41096701e-01 3.00846006e-01 4.67088316e-01 6.18529426e-01 7.43744720e-01 8.39081068e-01 9.06396693e-01 9.50655965e-01 9.77831071e-01 9.93452916e-01 1.00188415e+00 1.00616984e+00 1.00822861e+00 1.00916637e+00 1.00957249e+00 1.00974005e+00 1.00980604e+00 1.00983095e+00 1.00984005e+00 1.00984335e+00 1.00984458e+00 1.00984508e+00 1.00984529e+00 1.00984537e+00 1.00984536e+00 1.00984526e+00 1.00984499e+00 1.00984438e+00 1.00984281e+00 1.00983856e+00 1.00982682e+00 1.00979493e+00 1.00971128e+00 1.00950128e+00 1.00899834e+00 1.00785133e+00 1.00536573e+00 1.00026247e+00 9.90369015e-01 9.72319698e-01 9.41427046e-01 8.91954674e-01 8.18017782e-01 7.15212080e-01 5.82830275e-01 4.26269448e-01 2.59215388e-01 1.05860396e-01 6.91077985e-03 4.58846358e-02 1.78812118e-01 3.42820442e-01 5.06934483e-01 6.52551266e-01 7.70382888e-01 8.58378107e-01 9.19393217e-01 9.58819765e-01 9.82626449e-01 9.96094053e-01 1.00325230e+00 1.00683870e+00 1.00853829e+00 1.00930257e+00 1.00962952e+00 1.00976282e+00 1.00981473e+00 1.00983415e+00 1.00984121e+00 1.00984378e+00 1.00984475e+00 1.00984515e+00 1.00984532e+00 1.00984538e+00 1.00984535e+00 1.00984521e+00 1.00984488e+00 1.00984411e+00 1.00984211e+00 1.00983663e+00 1.00982153e+00 1.00978079e+00 1.00967504e+00 1.00941262e+00 1.00879167e+00 1.00739319e+00 1.00440239e+00 9.98347339e-01 9.86782084e-01 9.66011152e-01 9.31038111e-01 8.75976801e-01 7.95132275e-01 6.84800929e-01 5.45579284e-01 3.84744585e-01 2.18371628e-01 7.38345387e-02 -0.00000000e+00
